[v5] device=cuda | visible GPUs=1 | current=cuda:0 (NVIDIA GeForce RTX 5090)
[v5] building frames for 7597 tickers ...
[v5] integrity [pre2008]: rows 8470610 | sigma-floor 0.0037 | close<$1 0.0172 | spike-censorship 1d:0.0007  1w:0.0031  1m:0.0118  6m:0.0602
[v5] integrity [2008-2015]: rows 6590457 | sigma-floor 0.0095 | close<$1 0.0380 | spike-censorship 1d:0.0008  1w:0.0032  1m:0.0110  6m:0.0470
[v5] integrity [2016+]: rows 11283703 | sigma-floor 0.0182 | close<$1 0.0445 | spike-censorship 1d:0.0011  1w:0.0048  1m:0.0171  6m:0.0735
[v5] fear_greed coverage ends 2026-03-13 vs OHLCV data end 2026-06-08 (FROZEN-FG SPAN: refresh fear_greed.csv)
[v5] usable frames: 7094
[v5] run manifest check passed (nonce 1785599839-74309)
[v5] eval_mode=both eval_tickers=702 val_tickers=0
[v5] scaler fit on 21484284 train rows
[v5] era-proxy audit (|rho|>0.2): none
[v5] label centering: K=50 | sessions with undefined c per horizon [2960, 2978, 3039, 3333] of 16214
[v5] class rates [train] (down/neutral/up): 1d:[0.18, 0.63, 0.19]  1w:[0.19, 0.62, 0.2]  1m:[0.2, 0.6, 0.2]  6m:[0.21, 0.58, 0.21]
[v5] class rates [val] (down/neutral/up): 1d:[0.18, 0.64, 0.18]  1w:[0.19, 0.61, 0.2]  1m:[0.21, 0.58, 0.21]  6m:[0.23, 0.53, 0.23]
[v5] thinning retained train labels: 1d:21285344/21285344  1w:21188211/21188211  1m:5218354/20873105  6m:774739/19365056
[v5] thinning: 2917 train anchors lost all labels (gap-straddling or thinned out) and were skipped
[v5] train price floor [pre2008]: dropped 125482/7290179 anchors (0.0172) below $1.0
[v5] train price floor [2008-2015]: dropped 212922/5769298 anchors (0.0369) below $1.0
[v5] train price floor [2016+]: dropped 327889/7687074 anchors (0.0427) below $1.0
[v5] train windows: 20018240 | val windows (subsampled): 265701 | panel windows: 0 | eval tickers: 4992
[v5] schedule | 78197 steps/epoch | budget 234591 steps (~3.0 ep) | warmup 1000 | gated plateau LR x0.5 after 4 no-improve evals (train slope > 0.002, cal-CE > 0.003 over best), floor 0.04 | eval scheduled (250<=2k, 1000<=30k, 5000 after) | patience 20 | workers 8 | members [2, 3)
[v5] val constant-marginal baseline CE (tag-0) = 3.4514 (150000 rows; the model must beat this to be learning anything conditional)
[v5] val constant-marginal baseline CE (tag-1 holdout) = 3.4550 (115701 rows; report-only)
[v5] baseline[oracle] total 3.4514 | 1d:3.3771 1w:3.4358 1m:3.4963 6m:3.5634
[v5] baseline[train_marginal] total 3.4539 | 1d:3.3779 1w:3.4365 1m:3.4991 6m:3.5732
[v5] stopping-side baseline CE = 3.4251 (36408 score-half rows, {1d,1w} interval labels)
[v5] comparator momentum_20d: 1d: IC -0.0079 t -1.34 (252d) | 1w: IC -0.0121 t -1.20 (248d) | 1m: IC -0.0039 t -0.27 (231d) | 6m: IC +0.0281 t +9.06 (127d)
[v5] comparator reversal_5d: 1d: IC +0.0105 t +1.98 (252d) | 1w: IC +0.0166 t +1.81 (248d) | 1m: IC +0.0120 t +1.19 (231d) | 6m: IC -0.0181 t -5.87 (127d)
[v5] comparator vol_z: 1d: IC +0.0038 t +0.84 (252d) | 1w: IC +0.0034 t +0.47 (248d) | 1m: IC -0.0063 t -0.62 (231d) | 6m: IC +0.0047 t +0.63 (127d)
[member 2] start | 20018240 train / 265701 val windows | 78197 steps/epoch | eval scheduled (250<=2k, 1000<=30k, 5000 after) | max 234591 steps | patience 20 | warmup 1000 | gated plateau LRx0.5@4 floor 0.04 (drop needs train slope > 0.002 and cal-CE > 0.003 over best) | stopping on smoothed rank-IC score (min improvement 0.05, median of last 3)
[member 2] step 100/234591 (ep 0.00) | loss 4.1512 [1d:4.141 1w:4.148 1m:4.194 6m:4.215] | lr 3.00e-05 | 6.4 it/s | eta 608m
[member 2] step 200/234591 (ep 0.00) | loss 3.5717 [1d:3.557 1w:3.566 1m:3.624 6m:3.761] | lr 6.00e-05 | 8.7 it/s | eta 449m
[member 2] EVAL step 250 (ep 0.00) | stop-score +3.570 (smoothed +3.570, best +3.570) | t1d +2.78/125d t1w +2.27/121d | cal_ce 3.4266 (36408 rows) | base 3.4251 MISS | raw_tag0 3.4581 | lr_scale 1.000 | IMPROVED
[member 2] step 300/234591 (ep 0.00) | loss 3.4287 [1d:3.412 1w:3.429 1m:3.473 6m:3.553] | lr 9.00e-05 | 1.3 it/s | eta 2958m
[member 2] step 400/234591 (ep 0.01) | loss 3.4087 [1d:3.387 1w:3.413 1m:3.468 6m:3.471] | lr 1.20e-04 | 1.7 it/s | eta 2302m
[member 2] step 500/234591 (ep 0.01) | loss 3.3975 [1d:3.383 1w:3.398 1m:3.443 6m:3.444] | lr 1.50e-04 | 2.1 it/s | eta 1901m
[member 2] EVAL step 500 (ep 0.01) | stop-score +3.524 (smoothed +3.547, best +3.570) | t1d +2.76/125d t1w +2.23/121d | cal_ce 3.4147 (36408 rows) | base 3.4251 BEAT | raw_tag0 3.4429 | lr_scale 1.000 | no-improve 1/20
[member 2] step 600/234591 (ep 0.01) | loss 3.3989 [1d:3.381 1w:3.403 1m:3.445 6m:3.463] | lr 1.80e-04 | 1.4 it/s | eta 2798m
[member 2] step 700/234591 (ep 0.01) | loss 3.3885 [1d:3.372 1w:3.393 1m:3.428 6m:3.452] | lr 2.10e-04 | 1.6 it/s | eta 2449m
[member 2] EVAL step 750 (ep 0.01) | stop-score +3.785 (smoothed +3.570, best +3.570) | t1d +3.22/125d t1w +2.13/121d | cal_ce 3.4100 (36408 rows) | base 3.4251 BEAT | raw_tag0 3.4316 | lr_scale 1.000 | no-improve 2/20
[member 2] step 800/234591 (ep 0.01) | loss 3.3787 [1d:3.362 1w:3.383 1m:3.410 6m:3.495] | lr 2.40e-04 | 1.3 it/s | eta 2904m
[member 2] step 900/234591 (ep 0.01) | loss 3.3899 [1d:3.376 1w:3.392 1m:3.424 6m:3.474] | lr 2.70e-04 | 1.5 it/s | eta 2621m
[member 2] step 1000/234591 (ep 0.01) | loss 3.3918 [1d:3.369 1w:3.401 1m:3.435 6m:3.473] | lr 3.00e-04 | 1.6 it/s | eta 2395m
[member 2] EVAL step 1000 (ep 0.01) | stop-score +2.953 (smoothed +3.524, best +3.570) | t1d +2.28/125d t1w +1.90/121d | cal_ce 3.4128 (36408 rows) | base 3.4251 BEAT | raw_tag0 3.4435 | lr_scale 1.000 | no-improve 3/20
[member 2] step 1100/234591 (ep 0.01) | loss 3.3788 [1d:3.364 1w:3.383 1m:3.415 6m:3.414] | lr 3.00e-04 | 1.5 it/s | eta 2548m
[member 2] step 1200/234591 (ep 0.02) | loss 3.3865 [1d:3.366 1w:3.394 1m:3.432 6m:3.450] | lr 3.00e-04 | 1.6 it/s | eta 2365m
[member 2] EVAL step 1250 (ep 0.02) | stop-score +3.817 (smoothed +3.785, best +3.785) | t1d +3.07/125d t1w +2.33/121d | cal_ce 3.4095 (36408 rows) | base 3.4251 BEAT | raw_tag0 3.4267 | lr_scale 1.000 | IMPROVED
[member 2] step 1300/234591 (ep 0.02) | loss 3.3856 [1d:3.375 1w:3.388 1m:3.411 6m:3.447] | lr 3.00e-04 | 1.5 it/s | eta 2680m
[member 2] step 1400/234591 (ep 0.02) | loss 3.3880 [1d:3.369 1w:3.395 1m:3.432 6m:3.422] | lr 3.00e-04 | 1.5 it/s | eta 2508m
[member 2] step 1500/234591 (ep 0.02) | loss 3.3818 [1d:3.365 1w:3.382 1m:3.431 6m:3.506] | lr 3.00e-04 | 1.6 it/s | eta 2360m
[member 2] EVAL step 1500 (ep 0.02) | stop-score +3.530 (smoothed +3.530, best +3.785) | t1d +2.78/125d t1w +2.21/121d | cal_ce 3.4080 (36408 rows) | base 3.4251 BEAT | raw_tag0 3.4315 | lr_scale 1.000 | no-improve 1/20
[member 2] step 1600/234591 (ep 0.02) | loss 3.3821 [1d:3.355 1w:3.391 1m:3.438 6m:3.534] | lr 3.00e-04 | 1.5 it/s | eta 2661m
[member 2] step 1700/234591 (ep 0.02) | loss 3.3856 [1d:3.362 1w:3.394 1m:3.439 6m:3.473] | lr 3.00e-04 | 1.5 it/s | eta 2521m
[member 2] EVAL step 1750 (ep 0.02) | stop-score +3.665 (smoothed +3.665, best +3.785) | t1d +3.00/125d t1w +2.19/121d | cal_ce 3.4048 (36408 rows) | base 3.4251 BEAT | raw_tag0 3.4292 | lr_scale 1.000 | no-improve 2/20
[member 2] step 1800/234591 (ep 0.02) | loss 3.3814 [1d:3.367 1w:3.390 1m:3.406 6m:3.386] | lr 3.00e-04 | 1.4 it/s | eta 2784m
[member 2] step 1900/234591 (ep 0.02) | loss 3.3813 [1d:3.369 1w:3.382 1m:3.416 6m:3.460] | lr 3.00e-04 | 1.5 it/s | eta 2652m
[member 2] step 2000/234591 (ep 0.03) | loss 3.3801 [1d:3.367 1w:3.384 1m:3.411 6m:3.437] | lr 3.00e-04 | 1.5 it/s | eta 2533m
[member 2] EVAL step 2000 (ep 0.03) | stop-score +4.144 (smoothed +3.665, best +3.785) | t1d +3.42/125d t1w +2.44/121d | cal_ce 3.4051 (36408 rows) | base 3.4251 BEAT | raw_tag0 3.4248 | lr_scale 1.000 | no-improve 3/20
[member 2] step 2100/234591 (ep 0.03) | loss 3.3890 [1d:3.366 1w:3.398 1m:3.430 6m:3.476] | lr 3.00e-04 | 1.4 it/s | eta 2763m
[member 2] step 2200/234591 (ep 0.03) | loss 3.3791 [1d:3.359 1w:3.388 1m:3.419 6m:3.402] | lr 3.00e-04 | 1.5 it/s | eta 2650m
[member 2] step 2300/234591 (ep 0.03) | loss 3.3728 [1d:3.357 1w:3.376 1m:3.416 6m:3.429] | lr 3.00e-04 | 1.5 it/s | eta 2546m
[member 2] step 2400/234591 (ep 0.03) | loss 3.3790 [1d:3.362 1w:3.382 1m:3.426 6m:3.428] | lr 3.00e-04 | 1.6 it/s | eta 2451m
[member 2] step 2500/234591 (ep 0.03) | loss 3.3784 [1d:3.368 1w:3.375 1m:3.412 6m:3.525] | lr 3.00e-04 | 1.6 it/s | eta 2364m
[member 2] step 2600/234591 (ep 0.03) | loss 3.3765 [1d:3.361 1w:3.381 1m:3.415 6m:3.440] | lr 3.00e-04 | 1.7 it/s | eta 2283m
[member 2] step 2700/234591 (ep 0.03) | loss 3.3770 [1d:3.361 1w:3.381 1m:3.419 6m:3.430] | lr 3.00e-04 | 1.7 it/s | eta 2209m
[member 2] step 2800/234591 (ep 0.04) | loss 3.3747 [1d:3.362 1w:3.377 1m:3.405 6m:3.454] | lr 3.00e-04 | 1.8 it/s | eta 2141m
[member 2] step 2900/234591 (ep 0.04) | loss 3.3734 [1d:3.351 1w:3.387 1m:3.387 6m:3.456] | lr 3.00e-04 | 1.9 it/s | eta 2077m
[member 2] step 3000/234591 (ep 0.04) | loss 3.3743 [1d:3.358 1w:3.379 1m:3.404 6m:3.492] | lr 3.00e-04 | 1.9 it/s | eta 2017m
[member 2] EVAL step 3000 (ep 0.04) | stop-score +4.348 (smoothed +4.144, best +4.144) | t1d +3.50/125d t1w +2.64/121d | cal_ce 3.3998 (36408 rows) | base 3.4251 BEAT | raw_tag0 3.4165 | lr_scale 1.000 | IMPROVED
[member 2] step 3100/234591 (ep 0.04) | loss 3.3800 [1d:3.368 1w:3.381 1m:3.405 6m:3.484] | lr 3.00e-04 | 1.8 it/s | eta 2114m
[member 2] step 3200/234591 (ep 0.04) | loss 3.3643 [1d:3.355 1w:3.364 1m:3.394 6m:3.431] | lr 3.00e-04 | 1.9 it/s | eta 2057m
[member 2] step 3300/234591 (ep 0.04) | loss 3.3721 [1d:3.356 1w:3.381 1m:3.390 6m:3.448] | lr 3.00e-04 | 1.9 it/s | eta 2002m
[member 2] step 3400/234591 (ep 0.04) | loss 3.3729 [1d:3.357 1w:3.381 1m:3.395 6m:3.437] | lr 3.00e-04 | 2.0 it/s | eta 1951m
[member 2] step 3500/234591 (ep 0.04) | loss 3.3789 [1d:3.362 1w:3.385 1m:3.411 6m:3.447] | lr 3.00e-04 | 2.0 it/s | eta 1903m
[member 2] step 3600/234591 (ep 0.05) | loss 3.3660 [1d:3.356 1w:3.366 1m:3.403 6m:3.398] | lr 3.00e-04 | 2.1 it/s | eta 1857m
[member 2] step 3700/234591 (ep 0.05) | loss 3.3669 [1d:3.358 1w:3.369 1m:3.382 6m:3.446] | lr 3.00e-04 | 2.1 it/s | eta 1815m
[member 2] step 3800/234591 (ep 0.05) | loss 3.3747 [1d:3.365 1w:3.378 1m:3.396 6m:3.426] | lr 3.00e-04 | 2.2 it/s | eta 1774m
[member 2] step 3900/234591 (ep 0.05) | loss 3.3725 [1d:3.361 1w:3.375 1m:3.401 6m:3.434] | lr 3.00e-04 | 2.2 it/s | eta 1736m
[member 2] step 4000/234591 (ep 0.05) | loss 3.3764 [1d:3.371 1w:3.373 1m:3.405 6m:3.426] | lr 3.00e-04 | 2.3 it/s | eta 1700m
[member 2] EVAL step 4000 (ep 0.05) | stop-score +3.444 (smoothed +4.144, best +4.144) | t1d +2.73/125d t1w +2.14/121d | cal_ce 3.4027 (36408 rows) | base 3.4251 BEAT | raw_tag0 3.4279 | lr_scale 1.000 | no-improve 1/20
[member 2] step 4100/234591 (ep 0.05) | loss 3.3734 [1d:3.362 1w:3.379 1m:3.387 6m:3.417] | lr 3.00e-04 | 2.2 it/s | eta 1786m
[member 2] step 4200/234591 (ep 0.05) | loss 3.3706 [1d:3.354 1w:3.377 1m:3.407 6m:3.393] | lr 3.00e-04 | 2.2 it/s | eta 1750m
[member 2] step 4300/234591 (ep 0.05) | loss 3.3715 [1d:3.356 1w:3.377 1m:3.409 6m:3.386] | lr 3.00e-04 | 2.2 it/s | eta 1715m
[member 2] step 4400/234591 (ep 0.06) | loss 3.3714 [1d:3.356 1w:3.376 1m:3.407 6m:3.451] | lr 3.00e-04 | 2.3 it/s | eta 1682m
[member 2] step 4500/234591 (ep 0.06) | loss 3.3673 [1d:3.346 1w:3.374 1m:3.404 6m:3.476] | lr 3.00e-04 | 2.3 it/s | eta 1650m
[member 2] step 4600/234591 (ep 0.06) | loss 3.3692 [1d:3.355 1w:3.373 1m:3.403 6m:3.453] | lr 3.00e-04 | 2.4 it/s | eta 1620m
[member 2] step 4700/234591 (ep 0.06) | loss 3.3734 [1d:3.363 1w:3.375 1m:3.400 6m:3.429] | lr 3.00e-04 | 2.4 it/s | eta 1592m
[member 2] step 4800/234591 (ep 0.06) | loss 3.3737 [1d:3.367 1w:3.373 1m:3.402 6m:3.394] | lr 3.00e-04 | 2.4 it/s | eta 1564m
[member 2] step 4900/234591 (ep 0.06) | loss 3.3753 [1d:3.366 1w:3.373 1m:3.411 6m:3.441] | lr 3.00e-04 | 2.5 it/s | eta 1538m
[member 2] step 5000/234591 (ep 0.06) | loss 3.3750 [1d:3.358 1w:3.384 1m:3.408 6m:3.378] | lr 3.00e-04 | 2.5 it/s | eta 1513m
[member 2] EVAL step 5000 (ep 0.06) | stop-score +3.913 (smoothed +3.913, best +4.144) | t1d +2.98/125d t1w +2.55/121d | cal_ce 3.3953 (36408 rows) | base 3.4251 BEAT | raw_tag0 3.4152 | lr_scale 1.000 | no-improve 2/20
[member 2] step 5100/234591 (ep 0.07) | loss 3.3702 [1d:3.361 1w:3.369 1m:3.403 6m:3.393] | lr 3.00e-04 | 2.4 it/s | eta 1587m
[member 2] step 5200/234591 (ep 0.07) | loss 3.3695 [1d:3.353 1w:3.377 1m:3.388 6m:3.470] | lr 3.00e-04 | 2.4 it/s | eta 1561m
[member 2] step 5300/234591 (ep 0.07) | loss 3.3718 [1d:3.361 1w:3.372 1m:3.405 6m:3.433] | lr 3.00e-04 | 2.5 it/s | eta 1536m
[member 2] step 5400/234591 (ep 0.07) | loss 3.3651 [1d:3.346 1w:3.370 1m:3.405 6m:3.468] | lr 3.00e-04 | 2.5 it/s | eta 1512m
[member 2] step 5500/234591 (ep 0.07) | loss 3.3647 [1d:3.352 1w:3.369 1m:3.390 6m:3.430] | lr 3.00e-04 | 2.6 it/s | eta 1489m
[member 2] step 5600/234591 (ep 0.07) | loss 3.3795 [1d:3.371 1w:3.376 1m:3.419 6m:3.436] | lr 3.00e-04 | 2.6 it/s | eta 1468m
[member 2] step 5700/234591 (ep 0.07) | loss 3.3735 [1d:3.360 1w:3.376 1m:3.403 6m:3.437] | lr 3.00e-04 | 2.6 it/s | eta 1447m
[member 2] step 5800/234591 (ep 0.07) | loss 3.3718 [1d:3.364 1w:3.370 1m:3.405 6m:3.402] | lr 3.00e-04 | 2.7 it/s | eta 1426m
[member 2] step 5900/234591 (ep 0.08) | loss 3.3626 [1d:3.351 1w:3.363 1m:3.397 6m:3.457] | lr 3.00e-04 | 2.7 it/s | eta 1407m
[member 2] step 6000/234591 (ep 0.08) | loss 3.3659 [1d:3.361 1w:3.366 1m:3.382 6m:3.411] | lr 3.00e-04 | 2.7 it/s | eta 1388m
[member 2] EVAL step 6000 (ep 0.08) | stop-score +4.271 (smoothed +3.913, best +4.144) | t1d +3.19/125d t1w +2.85/121d | cal_ce 3.3947 (36408 rows) | base 3.4251 BEAT | raw_tag0 3.4214 | lr_scale 1.000 | no-improve 3/20
[member 2] step 6100/234591 (ep 0.08) | loss 3.3591 [1d:3.341 1w:3.368 1m:3.389 6m:3.426] | lr 3.00e-04 | 2.6 it/s | eta 1450m
[member 2] step 6200/234591 (ep 0.08) | loss 3.3674 [1d:3.351 1w:3.375 1m:3.392 6m:3.439] | lr 3.00e-04 | 2.7 it/s | eta 1430m
[member 2] step 6300/234591 (ep 0.08) | loss 3.3610 [1d:3.349 1w:3.363 1m:3.389 6m:3.431] | lr 3.00e-04 | 2.7 it/s | eta 1412m
[member 2] step 6400/234591 (ep 0.08) | loss 3.3616 [1d:3.352 1w:3.361 1m:3.393 6m:3.458] | lr 3.00e-04 | 2.7 it/s | eta 1393m
[member 2] step 6500/234591 (ep 0.08) | loss 3.3718 [1d:3.362 1w:3.370 1m:3.405 6m:3.475] | lr 3.00e-04 | 2.8 it/s | eta 1376m
[member 2] step 6600/234591 (ep 0.08) | loss 3.3678 [1d:3.356 1w:3.371 1m:3.402 6m:3.428] | lr 3.00e-04 | 2.8 it/s | eta 1359m
[member 2] step 6700/234591 (ep 0.09) | loss 3.3619 [1d:3.351 1w:3.366 1m:3.382 6m:3.446] | lr 3.00e-04 | 2.8 it/s | eta 1343m
[member 2] step 6800/234591 (ep 0.09) | loss 3.3639 [1d:3.354 1w:3.367 1m:3.392 6m:3.370] | lr 3.00e-04 | 2.9 it/s | eta 1327m
[member 2] step 6900/234591 (ep 0.09) | loss 3.3619 [1d:3.355 1w:3.362 1m:3.386 6m:3.368] | lr 3.00e-04 | 2.9 it/s | eta 1312m
[member 2] step 7000/234591 (ep 0.09) | loss 3.3675 [1d:3.362 1w:3.369 1m:3.379 6m:3.413] | lr 3.00e-04 | 2.9 it/s | eta 1297m
[member 2] EVAL step 7000 (ep 0.09) | stop-score +3.958 (smoothed +3.958, best +4.144) | t1d +3.08/125d t1w +2.52/121d | cal_ce 3.3939 (36408 rows) | base 3.4251 BEAT | raw_tag0 3.4177 | lr_scale 1.000 | no-improve 4/20
[member 2] step 7100/234591 (ep 0.09) | loss 3.3626 [1d:3.347 1w:3.366 1m:3.401 6m:3.447] | lr 3.00e-04 | 2.8 it/s | eta 1347m
[member 2] step 7200/234591 (ep 0.09) | loss 3.3679 [1d:3.354 1w:3.375 1m:3.390 6m:3.405] | lr 3.00e-04 | 2.8 it/s | eta 1332m
[member 2] step 7300/234591 (ep 0.09) | loss 3.3714 [1d:3.360 1w:3.377 1m:3.386 6m:3.441] | lr 3.00e-04 | 2.9 it/s | eta 1317m
[member 2] step 7400/234591 (ep 0.09) | loss 3.3665 [1d:3.362 1w:3.369 1m:3.362 6m:3.435] | lr 3.00e-04 | 2.9 it/s | eta 1303m
[member 2] step 7500/234591 (ep 0.10) | loss 3.3597 [1d:3.349 1w:3.364 1m:3.366 6m:3.472] | lr 3.00e-04 | 2.9 it/s | eta 1289m
[member 2] step 7600/234591 (ep 0.10) | loss 3.3669 [1d:3.351 1w:3.372 1m:3.403 6m:3.430] | lr 3.00e-04 | 3.0 it/s | eta 1275m
[member 2] step 7700/234591 (ep 0.10) | loss 3.3566 [1d:3.346 1w:3.360 1m:3.384 6m:3.407] | lr 3.00e-04 | 3.0 it/s | eta 1262m
[member 2] step 7800/234591 (ep 0.10) | loss 3.3604 [1d:3.350 1w:3.367 1m:3.368 6m:3.403] | lr 3.00e-04 | 3.0 it/s | eta 1249m
[member 2] step 7900/234591 (ep 0.10) | loss 3.3708 [1d:3.361 1w:3.374 1m:3.390 6m:3.443] | lr 3.00e-04 | 3.1 it/s | eta 1237m
[member 2] step 8000/234591 (ep 0.10) | loss 3.3667 [1d:3.355 1w:3.374 1m:3.379 6m:3.389] | lr 3.00e-04 | 3.1 it/s | eta 1225m
[member 2] EVAL step 8000 (ep 0.10) | stop-score +3.825 (smoothed +3.958, best +4.144) | t1d +3.04/125d t1w +2.37/121d | cal_ce 3.3941 (36408 rows) | base 3.4251 BEAT | raw_tag0 3.4165 | lr_scale 1.000 | no-improve 5/20
[member 2] step 8100/234591 (ep 0.10) | loss 3.3600 [1d:3.357 1w:3.355 1m:3.387 6m:3.406] | lr 3.00e-04 | 3.0 it/s | eta 1268m
[member 2] step 8200/234591 (ep 0.10) | loss 3.3639 [1d:3.345 1w:3.373 1m:3.403 6m:3.372] | lr 3.00e-04 | 3.0 it/s | eta 1255m
[member 2] step 8300/234591 (ep 0.11) | loss 3.3686 [1d:3.359 1w:3.366 1m:3.404 6m:3.437] | lr 3.00e-04 | 3.0 it/s | eta 1243m
[member 2] step 8400/234591 (ep 0.11) | loss 3.3666 [1d:3.356 1w:3.370 1m:3.384 6m:3.419] | lr 3.00e-04 | 3.1 it/s | eta 1232m
[member 2] step 8500/234591 (ep 0.11) | loss 3.3632 [1d:3.345 1w:3.375 1m:3.375 6m:3.451] | lr 3.00e-04 | 3.1 it/s | eta 1220m
[member 2] step 8600/234591 (ep 0.11) | loss 3.3592 [1d:3.348 1w:3.364 1m:3.383 6m:3.387] | lr 3.00e-04 | 3.1 it/s | eta 1209m
[member 2] step 8700/234591 (ep 0.11) | loss 3.3653 [1d:3.354 1w:3.366 1m:3.404 6m:3.407] | lr 3.00e-04 | 3.1 it/s | eta 1198m
[member 2] step 8800/234591 (ep 0.11) | loss 3.3704 [1d:3.358 1w:3.369 1m:3.416 6m:3.438] | lr 3.00e-04 | 3.2 it/s | eta 1187m
[member 2] step 8900/234591 (ep 0.11) | loss 3.3632 [1d:3.355 1w:3.362 1m:3.394 6m:3.424] | lr 3.00e-04 | 3.2 it/s | eta 1177m
[member 2] step 9000/234591 (ep 0.12) | loss 3.3640 [1d:3.361 1w:3.358 1m:3.387 6m:3.455] | lr 3.00e-04 | 3.2 it/s | eta 1167m
[member 2] EVAL step 9000 (ep 0.12) | stop-score +4.235 (smoothed +3.958, best +4.144) | t1d +3.34/125d t1w +2.65/121d | cal_ce 3.3925 (36408 rows) | base 3.4251 BEAT | raw_tag0 3.4155 | lr_scale 1.000 | no-improve 6/20
[member 2] step 9100/234591 (ep 0.12) | loss 3.3639 [1d:3.358 1w:3.365 1m:3.379 6m:3.380] | lr 3.00e-04 | 3.1 it/s | eta 1206m
[member 2] step 9200/234591 (ep 0.12) | loss 3.3640 [1d:3.351 1w:3.364 1m:3.397 6m:3.488] | lr 3.00e-04 | 3.1 it/s | eta 1195m
[member 2] step 9300/234591 (ep 0.12) | loss 3.3562 [1d:3.338 1w:3.361 1m:3.394 6m:3.448] | lr 3.00e-04 | 3.2 it/s | eta 1185m
[member 2] step 9400/234591 (ep 0.12) | loss 3.3643 [1d:3.350 1w:3.365 1m:3.411 6m:3.413] | lr 3.00e-04 | 3.2 it/s | eta 1175m
[member 2] step 9500/234591 (ep 0.12) | loss 3.3593 [1d:3.352 1w:3.356 1m:3.383 6m:3.463] | lr 3.00e-04 | 3.2 it/s | eta 1165m
[member 2] step 9600/234591 (ep 0.12) | loss 3.3656 [1d:3.360 1w:3.367 1m:3.379 6m:3.398] | lr 3.00e-04 | 3.2 it/s | eta 1156m
[member 2] step 9700/234591 (ep 0.12) | loss 3.3640 [1d:3.354 1w:3.365 1m:3.391 6m:3.436] | lr 3.00e-04 | 3.3 it/s | eta 1147m
[member 2] step 9800/234591 (ep 0.13) | loss 3.3628 [1d:3.357 1w:3.365 1m:3.376 6m:3.390] | lr 3.00e-04 | 3.3 it/s | eta 1137m
[member 2] step 9900/234591 (ep 0.13) | loss 3.3658 [1d:3.355 1w:3.369 1m:3.379 6m:3.489] | lr 3.00e-04 | 3.3 it/s | eta 1129m
[member 2] step 10000/234591 (ep 0.13) | loss 3.3677 [1d:3.353 1w:3.372 1m:3.402 6m:3.438] | lr 3.00e-04 | 3.3 it/s | eta 1120m
[member 2] EVAL step 10000 (ep 0.13) | stop-score +3.754 (smoothed +3.825, best +4.144) | t1d +2.71/125d t1w +2.60/121d | cal_ce 3.3918 (36408 rows) | base 3.4251 BEAT | raw_tag0 3.4147 | lr_scale 1.000 | no-improve 7/20
[member 2] step 10100/234591 (ep 0.13) | loss 3.3655 [1d:3.348 1w:3.369 1m:3.409 6m:3.431] | lr 3.00e-04 | 3.2 it/s | eta 1155m
[member 2] step 10200/234591 (ep 0.13) | loss 3.3553 [1d:3.336 1w:3.362 1m:3.393 6m:3.422] | lr 3.00e-04 | 3.3 it/s | eta 1146m
[member 2] step 10300/234591 (ep 0.13) | loss 3.3619 [1d:3.350 1w:3.366 1m:3.391 6m:3.398] | lr 3.00e-04 | 3.3 it/s | eta 1137m
[member 2] step 10400/234591 (ep 0.13) | loss 3.3587 [1d:3.349 1w:3.361 1m:3.385 6m:3.386] | lr 3.00e-04 | 3.3 it/s | eta 1129m
[member 2] step 10500/234591 (ep 0.13) | loss 3.3610 [1d:3.350 1w:3.362 1m:3.393 6m:3.421] | lr 3.00e-04 | 3.3 it/s | eta 1120m
[member 2] step 10600/234591 (ep 0.14) | loss 3.3574 [1d:3.346 1w:3.362 1m:3.385 6m:3.377] | lr 3.00e-04 | 3.4 it/s | eta 1112m
[member 2] step 10700/234591 (ep 0.14) | loss 3.3594 [1d:3.350 1w:3.362 1m:3.380 6m:3.400] | lr 3.00e-04 | 3.4 it/s | eta 1104m
[member 2] step 10800/234591 (ep 0.14) | loss 3.3618 [1d:3.342 1w:3.370 1m:3.397 6m:3.448] | lr 3.00e-04 | 3.4 it/s | eta 1096m
[member 2] step 10900/234591 (ep 0.14) | loss 3.3539 [1d:3.343 1w:3.354 1m:3.388 6m:3.408] | lr 3.00e-04 | 3.4 it/s | eta 1089m
[member 2] step 11000/234591 (ep 0.14) | loss 3.3583 [1d:3.346 1w:3.366 1m:3.365 6m:3.407] | lr 3.00e-04 | 3.4 it/s | eta 1081m
[member 2] EVAL step 11000 (ep 0.14) | stop-score +3.751 (smoothed +3.754, best +4.144) | t1d +2.91/125d t1w +2.40/121d | cal_ce 3.3933 (36408 rows) | base 3.4251 BEAT | raw_tag0 3.4142 | lr_scale 1.000 | no-improve 8/20
[member 2] step 11100/234591 (ep 0.14) | loss 3.3649 [1d:3.358 1w:3.363 1m:3.393 6m:3.390] | lr 3.00e-04 | 3.3 it/s | eta 1113m
[member 2] step 11200/234591 (ep 0.14) | loss 3.3623 [1d:3.347 1w:3.363 1m:3.413 6m:3.413] | lr 3.00e-04 | 3.4 it/s | eta 1105m
[member 2] step 11300/234591 (ep 0.14) | loss 3.3618 [1d:3.353 1w:3.362 1m:3.391 6m:3.417] | lr 3.00e-04 | 3.4 it/s | eta 1098m
[member 2] step 11400/234591 (ep 0.15) | loss 3.3562 [1d:3.345 1w:3.357 1m:3.382 6m:3.459] | lr 3.00e-04 | 3.4 it/s | eta 1090m
[member 2] step 11500/234591 (ep 0.15) | loss 3.3652 [1d:3.347 1w:3.372 1m:3.396 6m:3.471] | lr 3.00e-04 | 3.4 it/s | eta 1083m
[member 2] step 11600/234591 (ep 0.15) | loss 3.3600 [1d:3.344 1w:3.362 1m:3.401 6m:3.467] | lr 3.00e-04 | 3.5 it/s | eta 1076m
[member 2] step 11700/234591 (ep 0.15) | loss 3.3545 [1d:3.352 1w:3.355 1m:3.366 6m:3.354] | lr 3.00e-04 | 3.5 it/s | eta 1069m
[member 2] step 11800/234591 (ep 0.15) | loss 3.3666 [1d:3.360 1w:3.368 1m:3.382 6m:3.418] | lr 3.00e-04 | 3.5 it/s | eta 1062m
[member 2] step 11900/234591 (ep 0.15) | loss 3.3595 [1d:3.356 1w:3.359 1m:3.372 6m:3.366] | lr 3.00e-04 | 3.5 it/s | eta 1055m
[member 2] step 12000/234591 (ep 0.15) | loss 3.3579 [1d:3.355 1w:3.354 1m:3.379 6m:3.397] | lr 3.00e-04 | 3.5 it/s | eta 1048m
[member 2] EVAL step 12000 (ep 0.15) | stop-score +3.997 (smoothed +3.754, best +4.144) | t1d +3.01/125d t1w +2.64/121d | cal_ce 3.3933 (36408 rows) | base 3.4251 BEAT | raw_tag0 3.4113 | lr_scale 1.000 | no-improve 9/20
[member 2] step 12100/234591 (ep 0.15) | loss 3.3544 [1d:3.349 1w:3.348 1m:3.389 6m:3.432] | lr 3.00e-04 | 3.4 it/s | eta 1078m
[member 2] step 12200/234591 (ep 0.16) | loss 3.3486 [1d:3.337 1w:3.348 1m:3.391 6m:3.394] | lr 3.00e-04 | 3.5 it/s | eta 1071m
[member 2] step 12300/234591 (ep 0.16) | loss 3.3437 [1d:3.330 1w:3.344 1m:3.392 6m:3.357] | lr 3.00e-04 | 3.5 it/s | eta 1064m
[member 2] step 12400/234591 (ep 0.16) | loss 3.3681 [1d:3.354 1w:3.376 1m:3.390 6m:3.362] | lr 3.00e-04 | 3.5 it/s | eta 1058m
[member 2] step 12500/234591 (ep 0.16) | loss 3.3617 [1d:3.347 1w:3.366 1m:3.393 6m:3.401] | lr 3.00e-04 | 3.5 it/s | eta 1051m
[member 2] step 12600/234591 (ep 0.16) | loss 3.3588 [1d:3.348 1w:3.359 1m:3.391 6m:3.437] | lr 3.00e-04 | 3.5 it/s | eta 1045m
[member 2] step 12700/234591 (ep 0.16) | loss 3.3641 [1d:3.359 1w:3.360 1m:3.395 6m:3.411] | lr 3.00e-04 | 3.6 it/s | eta 1038m
[member 2] step 12800/234591 (ep 0.16) | loss 3.3657 [1d:3.364 1w:3.359 1m:3.385 6m:3.508] | lr 3.00e-04 | 3.6 it/s | eta 1032m
[member 2] step 12900/234591 (ep 0.16) | loss 3.3562 [1d:3.352 1w:3.354 1m:3.376 6m:3.426] | lr 3.00e-04 | 3.6 it/s | eta 1026m
[member 2] step 13000/234591 (ep 0.17) | loss 3.3517 [1d:3.342 1w:3.357 1m:3.374 6m:3.335] | lr 3.00e-04 | 3.6 it/s | eta 1020m
[member 2] EVAL step 13000 (ep 0.17) | stop-score +5.257 (smoothed +3.997, best +4.144) | t1d +3.79/125d t1w +3.64/121d | cal_ce 3.3907 (36408 rows) | base 3.4251 BEAT | raw_tag0 3.4176 | lr_scale 1.000 | no-improve 10/20
[member 2] step 13100/234591 (ep 0.17) | loss 3.3609 [1d:3.352 1w:3.362 1m:3.380 6m:3.462] | lr 3.00e-04 | 3.5 it/s | eta 1047m
[member 2] step 13200/234591 (ep 0.17) | loss 3.3549 [1d:3.342 1w:3.356 1m:3.389 6m:3.421] | lr 3.00e-04 | 3.5 it/s | eta 1041m
[member 2] step 13300/234591 (ep 0.17) | loss 3.3573 [1d:3.346 1w:3.361 1m:3.383 6m:3.391] | lr 3.00e-04 | 3.6 it/s | eta 1035m
[member 2] step 13400/234591 (ep 0.17) | loss 3.3583 [1d:3.350 1w:3.361 1m:3.378 6m:3.360] | lr 3.00e-04 | 3.6 it/s | eta 1029m
[member 2] step 13500/234591 (ep 0.17) | loss 3.3612 [1d:3.350 1w:3.367 1m:3.379 6m:3.371] | lr 3.00e-04 | 3.6 it/s | eta 1023m
[member 2] step 13600/234591 (ep 0.17) | loss 3.3679 [1d:3.360 1w:3.369 1m:3.389 6m:3.439] | lr 3.00e-04 | 3.6 it/s | eta 1018m
[member 2] step 13700/234591 (ep 0.18) | loss 3.3468 [1d:3.333 1w:3.354 1m:3.366 6m:3.400] | lr 3.00e-04 | 3.6 it/s | eta 1012m
[member 2] step 13800/234591 (ep 0.18) | loss 3.3515 [1d:3.338 1w:3.356 1m:3.376 6m:3.435] | lr 3.00e-04 | 3.7 it/s | eta 1006m
[member 2] step 13900/234591 (ep 0.18) | loss 3.3617 [1d:3.351 1w:3.364 1m:3.388 6m:3.419] | lr 3.00e-04 | 3.7 it/s | eta 1001m
[member 2] step 14000/234591 (ep 0.18) | loss 3.3634 [1d:3.352 1w:3.368 1m:3.386 6m:3.385] | lr 3.00e-04 | 3.7 it/s | eta 995m
[member 2] EVAL step 14000 (ep 0.18) | stop-score +4.449 (smoothed +4.449, best +4.449) | t1d +3.28/125d t1w +3.01/121d | cal_ce 3.3936 (36408 rows) | base 3.4251 BEAT | raw_tag0 3.4149 | lr_scale 1.000 | IMPROVED
[member 2] step 14100/234591 (ep 0.18) | loss 3.3619 [1d:3.355 1w:3.358 1m:3.395 6m:3.421] | lr 3.00e-04 | 3.6 it/s | eta 1021m
[member 2] step 14200/234591 (ep 0.18) | loss 3.3586 [1d:3.348 1w:3.358 1m:3.398 6m:3.428] | lr 3.00e-04 | 3.6 it/s | eta 1015m
[member 2] step 14300/234591 (ep 0.18) | loss 3.3626 [1d:3.353 1w:3.365 1m:3.381 6m:3.459] | lr 3.00e-04 | 3.6 it/s | eta 1010m
[member 2] step 14400/234591 (ep 0.18) | loss 3.3563 [1d:3.349 1w:3.358 1m:3.380 6m:3.368] | lr 3.00e-04 | 3.7 it/s | eta 1004m
[member 2] step 14500/234591 (ep 0.19) | loss 3.3517 [1d:3.342 1w:3.354 1m:3.373 6m:3.433] | lr 3.00e-04 | 3.7 it/s | eta 999m
[member 2] step 14600/234591 (ep 0.19) | loss 3.3504 [1d:3.343 1w:3.354 1m:3.359 6m:3.363] | lr 3.00e-04 | 3.7 it/s | eta 994m
[member 2] step 14700/234591 (ep 0.19) | loss 3.3616 [1d:3.348 1w:3.371 1m:3.379 6m:3.342] | lr 3.00e-04 | 3.7 it/s | eta 989m
[member 2] step 14800/234591 (ep 0.19) | loss 3.3542 [1d:3.345 1w:3.358 1m:3.370 6m:3.372] | lr 3.00e-04 | 3.7 it/s | eta 984m
[member 2] step 14900/234591 (ep 0.19) | loss 3.3451 [1d:3.338 1w:3.346 1m:3.365 6m:3.361] | lr 3.00e-04 | 3.7 it/s | eta 979m
[member 2] step 15000/234591 (ep 0.19) | loss 3.3641 [1d:3.356 1w:3.363 1m:3.393 6m:3.436] | lr 3.00e-04 | 3.8 it/s | eta 974m
[member 2] EVAL step 15000 (ep 0.19) | stop-score +4.367 (smoothed +4.449, best +4.449) | t1d +2.99/125d t1w +3.18/121d | cal_ce 3.3909 (36408 rows) | base 3.4251 BEAT | raw_tag0 3.4096 | lr_scale 1.000 | no-improve 1/20
[member 2] step 15100/234591 (ep 0.19) | loss 3.3619 [1d:3.351 1w:3.366 1m:3.380 6m:3.408] | lr 3.00e-04 | 3.7 it/s | eta 998m
[member 2] step 15200/234591 (ep 0.19) | loss 3.3588 [1d:3.350 1w:3.363 1m:3.368 6m:3.409] | lr 3.00e-04 | 3.7 it/s | eta 992m
[member 2] step 15300/234591 (ep 0.20) | loss 3.3544 [1d:3.345 1w:3.355 1m:3.393 6m:3.341] | lr 3.00e-04 | 3.7 it/s | eta 987m
[member 2] step 15400/234591 (ep 0.20) | loss 3.3487 [1d:3.344 1w:3.347 1m:3.367 6m:3.353] | lr 3.00e-04 | 3.7 it/s | eta 983m
[member 2] step 15500/234591 (ep 0.20) | loss 3.3596 [1d:3.344 1w:3.364 1m:3.395 6m:3.425] | lr 3.00e-04 | 3.7 it/s | eta 978m
[member 2] step 15600/234591 (ep 0.20) | loss 3.3580 [1d:3.344 1w:3.367 1m:3.370 6m:3.425] | lr 3.00e-04 | 3.8 it/s | eta 973m
[member 2] step 15700/234591 (ep 0.20) | loss 3.3521 [1d:3.345 1w:3.352 1m:3.380 6m:3.352] | lr 3.00e-04 | 3.8 it/s | eta 968m
[member 2] step 15800/234591 (ep 0.20) | loss 3.3533 [1d:3.346 1w:3.355 1m:3.370 6m:3.403] | lr 3.00e-04 | 3.8 it/s | eta 964m
[member 2] step 15900/234591 (ep 0.20) | loss 3.3563 [1d:3.344 1w:3.363 1m:3.372 6m:3.382] | lr 3.00e-04 | 3.8 it/s | eta 959m
[member 2] step 16000/234591 (ep 0.20) | loss 3.3493 [1d:3.341 1w:3.347 1m:3.378 6m:3.441] | lr 3.00e-04 | 3.8 it/s | eta 954m
[member 2] EVAL step 16000 (ep 0.20) | stop-score +3.680 (smoothed +4.367, best +4.449) | t1d +2.68/125d t1w +2.52/121d | cal_ce 3.3928 (36408 rows) | base 3.4251 BEAT | raw_tag0 3.4133 | lr_scale 1.000 | no-improve 2/20
[member 2] step 16100/234591 (ep 0.21) | loss 3.3557 [1d:3.347 1w:3.356 1m:3.382 6m:3.417] | lr 3.00e-04 | 3.7 it/s | eta 977m
[member 2] step 16200/234591 (ep 0.21) | loss 3.3606 [1d:3.354 1w:3.360 1m:3.383 6m:3.388] | lr 3.00e-04 | 3.7 it/s | eta 972m
[member 2] step 16300/234591 (ep 0.21) | loss 3.3548 [1d:3.343 1w:3.363 1m:3.369 6m:3.376] | lr 3.00e-04 | 3.8 it/s | eta 968m
[member 2] step 16400/234591 (ep 0.21) | loss 3.3530 [1d:3.344 1w:3.352 1m:3.384 6m:3.382] | lr 3.00e-04 | 3.8 it/s | eta 963m
[member 2] step 16500/234591 (ep 0.21) | loss 3.3569 [1d:3.345 1w:3.361 1m:3.383 6m:3.386] | lr 3.00e-04 | 3.8 it/s | eta 959m
[member 2] step 16600/234591 (ep 0.21) | loss 3.3611 [1d:3.349 1w:3.368 1m:3.377 6m:3.453] | lr 3.00e-04 | 3.8 it/s | eta 954m
[member 2] step 16700/234591 (ep 0.21) | loss 3.3545 [1d:3.348 1w:3.354 1m:3.378 6m:3.396] | lr 3.00e-04 | 3.8 it/s | eta 950m
[member 2] step 16800/234591 (ep 0.21) | loss 3.3512 [1d:3.342 1w:3.353 1m:3.365 6m:3.427] | lr 3.00e-04 | 3.8 it/s | eta 945m
[member 2] step 16900/234591 (ep 0.22) | loss 3.3538 [1d:3.350 1w:3.348 1m:3.388 6m:3.382] | lr 3.00e-04 | 3.9 it/s | eta 941m
[member 2] step 17000/234591 (ep 0.22) | loss 3.3619 [1d:3.355 1w:3.363 1m:3.385 6m:3.361] | lr 3.00e-04 | 3.9 it/s | eta 937m
[member 2] EVAL step 17000 (ep 0.22) | stop-score +4.314 (smoothed +4.314, best +4.449) | t1d +3.25/125d t1w +2.85/121d | cal_ce 3.3890 (36408 rows) | base 3.4251 BEAT | raw_tag0 3.4094 | lr_scale 1.000 | no-improve 3/20
[member 2] step 17100/234591 (ep 0.22) | loss 3.3555 [1d:3.348 1w:3.358 1m:3.378 6m:3.340] | lr 3.00e-04 | 3.8 it/s | eta 958m
[member 2] step 17200/234591 (ep 0.22) | loss 3.3436 [1d:3.331 1w:3.348 1m:3.358 6m:3.458] | lr 3.00e-04 | 3.8 it/s | eta 954m
[member 2] step 17300/234591 (ep 0.22) | loss 3.3528 [1d:3.346 1w:3.349 1m:3.385 6m:3.402] | lr 3.00e-04 | 3.8 it/s | eta 949m
[member 2] step 17400/234591 (ep 0.22) | loss 3.3554 [1d:3.351 1w:3.351 1m:3.381 6m:3.414] | lr 3.00e-04 | 3.8 it/s | eta 945m
[member 2] step 17500/234591 (ep 0.22) | loss 3.3518 [1d:3.345 1w:3.350 1m:3.374 6m:3.470] | lr 3.00e-04 | 3.8 it/s | eta 941m
[member 2] step 17600/234591 (ep 0.23) | loss 3.3607 [1d:3.354 1w:3.363 1m:3.374 6m:3.407] | lr 3.00e-04 | 3.9 it/s | eta 937m
[member 2] step 17700/234591 (ep 0.23) | loss 3.3532 [1d:3.344 1w:3.350 1m:3.400 6m:3.397] | lr 3.00e-04 | 3.9 it/s | eta 933m
[member 2] step 17800/234591 (ep 0.23) | loss 3.3575 [1d:3.349 1w:3.358 1m:3.381 6m:3.411] | lr 3.00e-04 | 3.9 it/s | eta 929m
[member 2] step 17900/234591 (ep 0.23) | loss 3.3550 [1d:3.345 1w:3.355 1m:3.391 6m:3.401] | lr 3.00e-04 | 3.9 it/s | eta 925m
[member 2] step 18000/234591 (ep 0.23) | loss 3.3486 [1d:3.339 1w:3.349 1m:3.373 6m:3.438] | lr 3.00e-04 | 3.9 it/s | eta 921m
[member 2] EVAL step 18000 (ep 0.23) | stop-score +4.368 (smoothed +4.314, best +4.449) | t1d +3.16/125d t1w +3.02/121d | cal_ce 3.3897 (36408 rows) | base 3.4251 BEAT | raw_tag0 3.4114 | lr_scale 1.000 | no-improve 4/20
[member 2] step 18100/234591 (ep 0.23) | loss 3.3519 [1d:3.347 1w:3.348 1m:3.379 6m:3.442] | lr 3.00e-04 | 3.8 it/s | eta 941m
[member 2] step 18200/234591 (ep 0.23) | loss 3.3502 [1d:3.342 1w:3.350 1m:3.374 6m:3.398] | lr 3.00e-04 | 3.8 it/s | eta 937m
[member 2] step 18300/234591 (ep 0.23) | loss 3.3535 [1d:3.353 1w:3.347 1m:3.377 6m:3.399] | lr 3.00e-04 | 3.9 it/s | eta 933m
[member 2] step 18400/234591 (ep 0.24) | loss 3.3482 [1d:3.344 1w:3.348 1m:3.357 6m:3.418] | lr 3.00e-04 | 3.9 it/s | eta 929m
[member 2] step 18500/234591 (ep 0.24) | loss 3.3528 [1d:3.341 1w:3.358 1m:3.365 6m:3.440] | lr 3.00e-04 | 3.9 it/s | eta 925m
[member 2] step 18600/234591 (ep 0.24) | loss 3.3546 [1d:3.340 1w:3.363 1m:3.368 6m:3.420] | lr 3.00e-04 | 3.9 it/s | eta 921m
[member 2] step 18700/234591 (ep 0.24) | loss 3.3624 [1d:3.354 1w:3.365 1m:3.374 6m:3.445] | lr 3.00e-04 | 3.9 it/s | eta 918m
[member 2] step 18800/234591 (ep 0.24) | loss 3.3601 [1d:3.354 1w:3.360 1m:3.367 6m:3.459] | lr 3.00e-04 | 3.9 it/s | eta 914m
[member 2] step 18900/234591 (ep 0.24) | loss 3.3550 [1d:3.350 1w:3.350 1m:3.378 6m:3.459] | lr 3.00e-04 | 4.0 it/s | eta 910m
[member 2] step 19000/234591 (ep 0.24) | loss 3.3542 [1d:3.346 1w:3.355 1m:3.372 6m:3.434] | lr 3.00e-04 | 4.0 it/s | eta 906m
[member 2] EVAL step 19000 (ep 0.24) | stop-score +4.100 (smoothed +4.314, best +4.449) | t1d +3.32/125d t1w +2.48/121d | cal_ce 3.3915 (36408 rows) | base 3.4251 BEAT | raw_tag0 3.4131 | lr_scale 1.000 | no-improve 5/20
[member 2] step 19100/234591 (ep 0.24) | loss 3.3540 [1d:3.346 1w:3.351 1m:3.381 6m:3.461] | lr 3.00e-04 | 3.9 it/s | eta 925m
[member 2] step 19200/234591 (ep 0.25) | loss 3.3576 [1d:3.346 1w:3.360 1m:3.387 6m:3.401] | lr 3.00e-04 | 3.9 it/s | eta 922m
[member 2] step 19300/234591 (ep 0.25) | loss 3.3565 [1d:3.342 1w:3.361 1m:3.386 6m:3.421] | lr 3.00e-04 | 3.9 it/s | eta 918m
[member 2] step 19400/234591 (ep 0.25) | loss 3.3563 [1d:3.348 1w:3.355 1m:3.382 6m:3.423] | lr 3.00e-04 | 3.9 it/s | eta 914m
[member 2] step 19500/234591 (ep 0.25) | loss 3.3563 [1d:3.352 1w:3.358 1m:3.353 6m:3.453] | lr 3.00e-04 | 3.9 it/s | eta 911m
[member 2] step 19600/234591 (ep 0.25) | loss 3.3502 [1d:3.336 1w:3.355 1m:3.386 6m:3.370] | lr 3.00e-04 | 4.0 it/s | eta 907m
[member 2] step 19700/234591 (ep 0.25) | loss 3.3551 [1d:3.348 1w:3.360 1m:3.358 6m:3.377] | lr 3.00e-04 | 4.0 it/s | eta 903m
[member 2] step 19800/234591 (ep 0.25) | loss 3.3500 [1d:3.336 1w:3.359 1m:3.357 6m:3.411] | lr 3.00e-04 | 4.0 it/s | eta 900m
[member 2] step 19900/234591 (ep 0.25) | loss 3.3519 [1d:3.339 1w:3.348 1m:3.413 6m:3.409] | lr 3.00e-04 | 4.0 it/s | eta 897m
[member 2] step 20000/234591 (ep 0.26) | loss 3.3505 [1d:3.346 1w:3.344 1m:3.389 6m:3.364] | lr 3.00e-04 | 4.0 it/s | eta 893m
[member 2] EVAL step 20000 (ep 0.26) | stop-score +3.812 (smoothed +4.100, best +4.449) | t1d +2.88/125d t1w +2.51/121d | cal_ce 3.3921 (36408 rows) | base 3.4251 BEAT | raw_tag0 3.4167 | lr_scale 1.000 | no-improve 6/20
[member 2] step 20100/234591 (ep 0.26) | loss 3.3527 [1d:3.341 1w:3.360 1m:3.361 6m:3.452] | lr 3.00e-04 | 3.9 it/s | eta 911m
[member 2] step 20200/234591 (ep 0.26) | loss 3.3482 [1d:3.345 1w:3.348 1m:3.362 6m:3.365] | lr 3.00e-04 | 3.9 it/s | eta 908m
[member 2] step 20300/234591 (ep 0.26) | loss 3.3557 [1d:3.347 1w:3.356 1m:3.382 6m:3.407] | lr 3.00e-04 | 3.9 it/s | eta 904m
[member 2] step 20400/234591 (ep 0.26) | loss 3.3438 [1d:3.344 1w:3.340 1m:3.353 6m:3.421] | lr 3.00e-04 | 4.0 it/s | eta 901m
[member 2] step 20500/234591 (ep 0.26) | loss 3.3482 [1d:3.341 1w:3.347 1m:3.362 6m:3.443] | lr 3.00e-04 | 4.0 it/s | eta 897m
[member 2] step 20600/234591 (ep 0.26) | loss 3.3606 [1d:3.355 1w:3.361 1m:3.371 6m:3.425] | lr 3.00e-04 | 4.0 it/s | eta 894m
[member 2] step 20700/234591 (ep 0.26) | loss 3.3588 [1d:3.349 1w:3.362 1m:3.369 6m:3.447] | lr 3.00e-04 | 4.0 it/s | eta 891m
[member 2] step 20800/234591 (ep 0.27) | loss 3.3567 [1d:3.351 1w:3.358 1m:3.368 6m:3.393] | lr 3.00e-04 | 4.0 it/s | eta 887m
[member 2] step 20900/234591 (ep 0.27) | loss 3.3522 [1d:3.348 1w:3.356 1m:3.359 6m:3.332] | lr 3.00e-04 | 4.0 it/s | eta 884m
[member 2] step 21000/234591 (ep 0.27) | loss 3.3595 [1d:3.353 1w:3.361 1m:3.376 6m:3.401] | lr 3.00e-04 | 4.0 it/s | eta 881m
[member 2] EVAL step 21000 (ep 0.27) | stop-score +3.826 (smoothed +3.826, best +4.449) | t1d +2.91/125d t1w +2.50/121d | cal_ce 3.3924 (36408 rows) | base 3.4251 BEAT | raw_tag0 3.4155 | lr_scale 1.000 | no-improve 7/20
[member 2] step 21100/234591 (ep 0.27) | loss 3.3534 [1d:3.344 1w:3.358 1m:3.369 6m:3.413] | lr 3.00e-04 | 4.0 it/s | eta 898m
[member 2] step 21200/234591 (ep 0.27) | loss 3.3476 [1d:3.347 1w:3.347 1m:3.356 6m:3.323] | lr 3.00e-04 | 4.0 it/s | eta 895m
[member 2] step 21300/234591 (ep 0.27) | loss 3.3521 [1d:3.347 1w:3.350 1m:3.375 6m:3.393] | lr 3.00e-04 | 4.0 it/s | eta 892m
[member 2] step 21400/234591 (ep 0.27) | loss 3.3448 [1d:3.338 1w:3.343 1m:3.371 6m:3.392] | lr 3.00e-04 | 4.0 it/s | eta 888m
[member 2] step 21500/234591 (ep 0.27) | loss 3.3452 [1d:3.336 1w:3.347 1m:3.367 6m:3.435] | lr 3.00e-04 | 4.0 it/s | eta 885m
[member 2] step 21600/234591 (ep 0.28) | loss 3.3545 [1d:3.354 1w:3.353 1m:3.355 6m:3.406] | lr 3.00e-04 | 4.0 it/s | eta 882m
[member 2] step 21700/234591 (ep 0.28) | loss 3.3490 [1d:3.343 1w:3.348 1m:3.376 6m:3.340] | lr 3.00e-04 | 4.0 it/s | eta 879m
[member 2] step 21800/234591 (ep 0.28) | loss 3.3443 [1d:3.341 1w:3.338 1m:3.370 6m:3.433] | lr 3.00e-04 | 4.0 it/s | eta 876m
[member 2] step 21900/234591 (ep 0.28) | loss 3.3528 [1d:3.344 1w:3.354 1m:3.366 6m:3.472] | lr 3.00e-04 | 4.1 it/s | eta 873m
[member 2] step 22000/234591 (ep 0.28) | loss 3.3558 [1d:3.344 1w:3.361 1m:3.372 6m:3.434] | lr 3.00e-04 | 4.1 it/s | eta 870m
[member 2] EVAL step 22000 (ep 0.28) | stop-score +4.630 (smoothed +3.826, best +4.449) | t1d +3.35/125d t1w +3.20/121d | cal_ce 3.3899 (36408 rows) | base 3.4251 BEAT | raw_tag0 3.4092 | lr_scale 1.000 | no-improve 8/20
[member 2] step 22100/234591 (ep 0.28) | loss 3.3557 [1d:3.352 1w:3.355 1m:3.370 6m:3.411] | lr 3.00e-04 | 4.0 it/s | eta 886m
[member 2] step 22200/234591 (ep 0.28) | loss 3.3635 [1d:3.359 1w:3.368 1m:3.360 6m:3.416] | lr 3.00e-04 | 4.0 it/s | eta 882m
[member 2] step 22300/234591 (ep 0.29) | loss 3.3428 [1d:3.339 1w:3.336 1m:3.371 6m:3.415] | lr 3.00e-04 | 4.0 it/s | eta 879m
[member 2] step 22400/234591 (ep 0.29) | loss 3.3605 [1d:3.360 1w:3.355 1m:3.373 6m:3.465] | lr 3.00e-04 | 4.0 it/s | eta 876m
[member 2] step 22500/234591 (ep 0.29) | loss 3.3563 [1d:3.356 1w:3.352 1m:3.372 6m:3.397] | lr 3.00e-04 | 4.0 it/s | eta 873m
[member 2] step 22600/234591 (ep 0.29) | loss 3.3525 [1d:3.345 1w:3.353 1m:3.378 6m:3.356] | lr 3.00e-04 | 4.1 it/s | eta 870m
[member 2] step 22700/234591 (ep 0.29) | loss 3.3517 [1d:3.344 1w:3.354 1m:3.370 6m:3.385] | lr 3.00e-04 | 4.1 it/s | eta 867m
[member 2] step 22800/234591 (ep 0.29) | loss 3.3605 [1d:3.354 1w:3.358 1m:3.387 6m:3.442] | lr 3.00e-04 | 4.1 it/s | eta 864m
[member 2] step 22900/234591 (ep 0.29) | loss 3.3489 [1d:3.344 1w:3.346 1m:3.366 6m:3.448] | lr 3.00e-04 | 4.1 it/s | eta 861m
[member 2] step 23000/234591 (ep 0.29) | loss 3.3507 [1d:3.342 1w:3.354 1m:3.360 6m:3.419] | lr 3.00e-04 | 4.1 it/s | eta 859m
[member 2] EVAL step 23000 (ep 0.29) | stop-score +4.571 (smoothed +4.571, best +4.571) | t1d +3.55/125d t1w +2.92/121d | cal_ce 3.3907 (36408 rows) | base 3.4251 BEAT | raw_tag0 3.4109 | lr_scale 1.000 | IMPROVED
[member 2] step 23100/234591 (ep 0.30) | loss 3.3480 [1d:3.336 1w:3.355 1m:3.361 6m:3.396] | lr 3.00e-04 | 4.0 it/s | eta 874m
[member 2] step 23200/234591 (ep 0.30) | loss 3.3502 [1d:3.345 1w:3.354 1m:3.353 6m:3.368] | lr 3.00e-04 | 4.0 it/s | eta 871m
[member 2] step 23300/234591 (ep 0.30) | loss 3.3538 [1d:3.352 1w:3.349 1m:3.368 6m:3.431] | lr 3.00e-04 | 4.1 it/s | eta 868m
[member 2] step 23400/234591 (ep 0.30) | loss 3.3383 [1d:3.333 1w:3.337 1m:3.355 6m:3.389] | lr 3.00e-04 | 4.1 it/s | eta 865m
[member 2] step 23500/234591 (ep 0.30) | loss 3.3542 [1d:3.347 1w:3.362 1m:3.359 6m:3.315] | lr 3.00e-04 | 4.1 it/s | eta 862m
[member 2] step 23600/234591 (ep 0.30) | loss 3.3447 [1d:3.342 1w:3.343 1m:3.353 6m:3.412] | lr 3.00e-04 | 4.1 it/s | eta 860m
[member 2] step 23700/234591 (ep 0.30) | loss 3.3486 [1d:3.344 1w:3.349 1m:3.356 6m:3.407] | lr 3.00e-04 | 4.1 it/s | eta 857m
[member 2] step 23800/234591 (ep 0.30) | loss 3.3469 [1d:3.347 1w:3.344 1m:3.354 6m:3.386] | lr 3.00e-04 | 4.1 it/s | eta 854m
[member 2] step 23900/234591 (ep 0.31) | loss 3.3465 [1d:3.338 1w:3.347 1m:3.370 6m:3.409] | lr 3.00e-04 | 4.1 it/s | eta 851m
[member 2] step 24000/234591 (ep 0.31) | loss 3.3469 [1d:3.345 1w:3.344 1m:3.363 6m:3.398] | lr 3.00e-04 | 4.1 it/s | eta 848m
[member 2] EVAL step 24000 (ep 0.31) | stop-score +3.692 (smoothed +4.571, best +4.571) | t1d +2.87/125d t1w +2.35/121d | cal_ce 3.3942 (36408 rows) | base 3.4251 BEAT | raw_tag0 3.4114 | lr_scale 1.000 | no-improve 1/20
[member 2] step 24100/234591 (ep 0.31) | loss 3.3513 [1d:3.350 1w:3.346 1m:3.372 6m:3.410] | lr 3.00e-04 | 4.1 it/s | eta 863m
[member 2] step 24200/234591 (ep 0.31) | loss 3.3502 [1d:3.345 1w:3.344 1m:3.387 6m:3.427] | lr 3.00e-04 | 4.1 it/s | eta 860m
[member 2] step 24300/234591 (ep 0.31) | loss 3.3501 [1d:3.344 1w:3.355 1m:3.350 6m:3.376] | lr 3.00e-04 | 4.1 it/s | eta 857m
[member 2] step 24400/234591 (ep 0.31) | loss 3.3543 [1d:3.346 1w:3.354 1m:3.379 6m:3.418] | lr 3.00e-04 | 4.1 it/s | eta 854m
[member 2] step 24500/234591 (ep 0.31) | loss 3.3541 [1d:3.347 1w:3.353 1m:3.376 6m:3.432] | lr 3.00e-04 | 4.1 it/s | eta 852m
[member 2] step 24600/234591 (ep 0.31) | loss 3.3532 [1d:3.349 1w:3.355 1m:3.361 6m:3.390] | lr 3.00e-04 | 4.1 it/s | eta 849m
[member 2] step 24700/234591 (ep 0.32) | loss 3.3472 [1d:3.347 1w:3.341 1m:3.369 6m:3.390] | lr 3.00e-04 | 4.1 it/s | eta 846m
[member 2] step 24800/234591 (ep 0.32) | loss 3.3475 [1d:3.349 1w:3.341 1m:3.356 6m:3.394] | lr 3.00e-04 | 4.1 it/s | eta 844m
[member 2] step 24900/234591 (ep 0.32) | loss 3.3548 [1d:3.350 1w:3.359 1m:3.350 6m:3.393] | lr 3.00e-04 | 4.2 it/s | eta 841m
[member 2] step 25000/234591 (ep 0.32) | loss 3.3445 [1d:3.343 1w:3.340 1m:3.366 6m:3.355] | lr 3.00e-04 | 4.2 it/s | eta 838m
[member 2] EVAL step 25000 (ep 0.32) | stop-score +3.343 (smoothed +3.692, best +4.571) | t1d +2.64/125d t1w +2.09/121d | cal_ce 3.3951 (36408 rows) | base 3.4251 BEAT | raw_tag0 3.4164 | lr_scale 1.000 | no-improve 2/20
[member 2] step 25100/234591 (ep 0.32) | loss 3.3532 [1d:3.345 1w:3.355 1m:3.373 6m:3.390] | lr 3.00e-04 | 4.1 it/s | eta 852m
[member 2] step 25200/234591 (ep 0.32) | loss 3.3524 [1d:3.345 1w:3.353 1m:3.374 6m:3.391] | lr 3.00e-04 | 4.1 it/s | eta 850m
[member 2] step 25300/234591 (ep 0.32) | loss 3.3525 [1d:3.349 1w:3.356 1m:3.351 6m:3.330] | lr 3.00e-04 | 4.1 it/s | eta 847m
[member 2] step 25400/234591 (ep 0.32) | loss 3.3515 [1d:3.355 1w:3.349 1m:3.342 6m:3.364] | lr 3.00e-04 | 4.1 it/s | eta 844m
[member 2] step 25500/234591 (ep 0.33) | loss 3.3449 [1d:3.346 1w:3.337 1m:3.369 6m:3.373] | lr 3.00e-04 | 4.1 it/s | eta 842m
[member 2] step 25600/234591 (ep 0.33) | loss 3.3486 [1d:3.345 1w:3.347 1m:3.364 6m:3.381] | lr 3.00e-04 | 4.2 it/s | eta 839m
[member 2] step 25700/234591 (ep 0.33) | loss 3.3461 [1d:3.348 1w:3.339 1m:3.362 6m:3.400] | lr 3.00e-04 | 4.2 it/s | eta 837m
[member 2] step 25800/234591 (ep 0.33) | loss 3.3360 [1d:3.336 1w:3.328 1m:3.361 6m:3.397] | lr 3.00e-04 | 4.2 it/s | eta 834m
[member 2] step 25900/234591 (ep 0.33) | loss 3.3467 [1d:3.343 1w:3.349 1m:3.350 6m:3.344] | lr 3.00e-04 | 4.2 it/s | eta 832m
[member 2] step 26000/234591 (ep 0.33) | loss 3.3460 [1d:3.338 1w:3.350 1m:3.359 6m:3.374] | lr 3.00e-04 | 4.2 it/s | eta 829m
[member 2] EVAL step 26000 (ep 0.33) | stop-score +3.790 (smoothed +3.692, best +4.571) | t1d +3.05/125d t1w +2.31/121d | cal_ce 3.3940 (36408 rows) | base 3.4251 BEAT | raw_tag0 3.4150 | lr_scale 1.000 | no-improve 3/20
[member 2] step 26100/234591 (ep 0.33) | loss 3.3473 [1d:3.344 1w:3.345 1m:3.363 6m:3.370] | lr 3.00e-04 | 4.1 it/s | eta 843m
[member 2] step 26200/234591 (ep 0.34) | loss 3.3500 [1d:3.347 1w:3.348 1m:3.366 6m:3.374] | lr 3.00e-04 | 4.1 it/s | eta 840m
[member 2] step 26300/234591 (ep 0.34) | loss 3.3489 [1d:3.339 1w:3.350 1m:3.380 6m:3.360] | lr 3.00e-04 | 4.1 it/s | eta 838m
[member 2] step 26400/234591 (ep 0.34) | loss 3.3494 [1d:3.346 1w:3.348 1m:3.364 6m:3.372] | lr 3.00e-04 | 4.2 it/s | eta 835m
[member 2] step 26500/234591 (ep 0.34) | loss 3.3484 [1d:3.342 1w:3.350 1m:3.368 6m:3.344] | lr 3.00e-04 | 4.2 it/s | eta 833m
[member 2] step 26600/234591 (ep 0.34) | loss 3.3418 [1d:3.337 1w:3.340 1m:3.365 6m:3.341] | lr 3.00e-04 | 4.2 it/s | eta 830m
[member 2] step 26700/234591 (ep 0.34) | loss 3.3426 [1d:3.341 1w:3.338 1m:3.364 6m:3.342] | lr 3.00e-04 | 4.2 it/s | eta 828m
[member 2] step 26800/234591 (ep 0.34) | loss 3.3477 [1d:3.342 1w:3.344 1m:3.370 6m:3.438] | lr 3.00e-04 | 4.2 it/s | eta 825m
[member 2] step 26900/234591 (ep 0.34) | loss 3.3440 [1d:3.336 1w:3.344 1m:3.368 6m:3.398] | lr 3.00e-04 | 4.2 it/s | eta 823m
[member 2] step 27000/234591 (ep 0.35) | loss 3.3452 [1d:3.348 1w:3.340 1m:3.353 6m:3.375] | lr 3.00e-04 | 4.2 it/s | eta 820m
[member 2] LR DROP -> 1.50e-04 (scale 0.500) after 4 no-improve evals (train declining, cal-CE regressing)
[member 2] EVAL step 27000 (ep 0.35) | stop-score +4.074 (smoothed +3.790, best +4.571) | t1d +3.10/125d t1w +2.66/121d | cal_ce 3.3955 (36408 rows) | base 3.4251 BEAT | raw_tag0 3.4155 | lr_scale 0.500 | no-improve 4/20
[member 2] step 27100/234591 (ep 0.35) | loss 3.3446 [1d:3.341 1w:3.344 1m:3.358 6m:3.358] | lr 1.50e-04 | 4.2 it/s | eta 833m
[member 2] step 27200/234591 (ep 0.35) | loss 3.3434 [1d:3.334 1w:3.342 1m:3.380 6m:3.384] | lr 1.50e-04 | 4.2 it/s | eta 831m
[member 2] step 27300/234591 (ep 0.35) | loss 3.3415 [1d:3.341 1w:3.334 1m:3.363 6m:3.408] | lr 1.50e-04 | 4.2 it/s | eta 828m
[member 2] step 27400/234591 (ep 0.35) | loss 3.3377 [1d:3.332 1w:3.337 1m:3.357 6m:3.400] | lr 1.50e-04 | 4.2 it/s | eta 826m
[member 2] step 27500/234591 (ep 0.35) | loss 3.3343 [1d:3.331 1w:3.331 1m:3.354 6m:3.407] | lr 1.50e-04 | 4.2 it/s | eta 823m
[member 2] step 27600/234591 (ep 0.35) | loss 3.3364 [1d:3.337 1w:3.329 1m:3.354 6m:3.417] | lr 1.50e-04 | 4.2 it/s | eta 821m
[member 2] step 27700/234591 (ep 0.35) | loss 3.3392 [1d:3.339 1w:3.335 1m:3.346 6m:3.397] | lr 1.50e-04 | 4.2 it/s | eta 819m
[member 2] step 27800/234591 (ep 0.36) | loss 3.3391 [1d:3.337 1w:3.334 1m:3.355 6m:3.424] | lr 1.50e-04 | 4.2 it/s | eta 816m
[member 2] step 27900/234591 (ep 0.36) | loss 3.3446 [1d:3.345 1w:3.339 1m:3.355 6m:3.419] | lr 1.50e-04 | 4.2 it/s | eta 814m
[member 2] step 28000/234591 (ep 0.36) | loss 3.3418 [1d:3.337 1w:3.340 1m:3.355 6m:3.402] | lr 1.50e-04 | 4.2 it/s | eta 812m
[member 2] EVAL step 28000 (ep 0.36) | stop-score +5.300 (smoothed +4.074, best +4.571) | t1d +3.99/125d t1w +3.51/121d | cal_ce 3.3892 (36408 rows) | base 3.4251 BEAT | raw_tag0 3.4096 | lr_scale 0.500 | no-improve 5/20
[member 2] step 28100/234591 (ep 0.36) | loss 3.3406 [1d:3.338 1w:3.335 1m:3.367 6m:3.389] | lr 1.50e-04 | 4.2 it/s | eta 824m
[member 2] step 28200/234591 (ep 0.36) | loss 3.3373 [1d:3.334 1w:3.340 1m:3.342 6m:3.329] | lr 1.50e-04 | 4.2 it/s | eta 822m
[member 2] step 28300/234591 (ep 0.36) | loss 3.3404 [1d:3.338 1w:3.339 1m:3.353 6m:3.388] | lr 1.50e-04 | 4.2 it/s | eta 819m
[member 2] step 28400/234591 (ep 0.36) | loss 3.3392 [1d:3.341 1w:3.333 1m:3.347 6m:3.391] | lr 1.50e-04 | 4.2 it/s | eta 817m
[member 2] step 28500/234591 (ep 0.36) | loss 3.3461 [1d:3.346 1w:3.341 1m:3.358 6m:3.400] | lr 1.50e-04 | 4.2 it/s | eta 815m
[member 2] step 28600/234591 (ep 0.37) | loss 3.3427 [1d:3.346 1w:3.335 1m:3.351 6m:3.421] | lr 1.50e-04 | 4.2 it/s | eta 813m
[member 2] step 28700/234591 (ep 0.37) | loss 3.3433 [1d:3.344 1w:3.338 1m:3.349 6m:3.427] | lr 1.50e-04 | 4.2 it/s | eta 810m
[member 2] step 28800/234591 (ep 0.37) | loss 3.3388 [1d:3.331 1w:3.344 1m:3.348 6m:3.336] | lr 1.50e-04 | 4.2 it/s | eta 808m
[member 2] step 28900/234591 (ep 0.37) | loss 3.3369 [1d:3.331 1w:3.334 1m:3.370 6m:3.368] | lr 1.50e-04 | 4.3 it/s | eta 806m
[member 2] step 29000/234591 (ep 0.37) | loss 3.3384 [1d:3.337 1w:3.335 1m:3.354 6m:3.380] | lr 1.50e-04 | 4.3 it/s | eta 804m
[member 2] EVAL step 29000 (ep 0.37) | stop-score +3.938 (smoothed +4.074, best +4.571) | t1d +3.09/125d t1w +2.48/121d | cal_ce 3.3910 (36408 rows) | base 3.4251 BEAT | raw_tag0 3.4088 | lr_scale 0.500 | no-improve 6/20
[member 2] step 29100/234591 (ep 0.37) | loss 3.3399 [1d:3.342 1w:3.335 1m:3.341 6m:3.419] | lr 1.50e-04 | 4.2 it/s | eta 815m
[member 2] step 29200/234591 (ep 0.37) | loss 3.3334 [1d:3.338 1w:3.323 1m:3.350 6m:3.395] | lr 1.50e-04 | 4.2 it/s | eta 813m
[member 2] step 29300/234591 (ep 0.37) | loss 3.3343 [1d:3.333 1w:3.334 1m:3.337 6m:3.380] | lr 1.50e-04 | 4.2 it/s | eta 811m
[member 2] step 29400/234591 (ep 0.38) | loss 3.3333 [1d:3.332 1w:3.329 1m:3.353 6m:3.374] | lr 1.50e-04 | 4.2 it/s | eta 809m
[member 2] step 29500/234591 (ep 0.38) | loss 3.3382 [1d:3.336 1w:3.337 1m:3.347 6m:3.371] | lr 1.50e-04 | 4.2 it/s | eta 807m
[member 2] step 29600/234591 (ep 0.38) | loss 3.3437 [1d:3.344 1w:3.340 1m:3.348 6m:3.398] | lr 1.50e-04 | 4.2 it/s | eta 804m
[member 2] step 29700/234591 (ep 0.38) | loss 3.3452 [1d:3.339 1w:3.341 1m:3.377 6m:3.406] | lr 1.50e-04 | 4.3 it/s | eta 802m
[member 2] step 29800/234591 (ep 0.38) | loss 3.3472 [1d:3.354 1w:3.342 1m:3.333 6m:3.406] | lr 1.50e-04 | 4.3 it/s | eta 800m
[member 2] step 29900/234591 (ep 0.38) | loss 3.3441 [1d:3.345 1w:3.344 1m:3.340 6m:3.350] | lr 1.50e-04 | 4.3 it/s | eta 798m
[member 2] step 30000/234591 (ep 0.38) | loss 3.3356 [1d:3.330 1w:3.336 1m:3.354 6m:3.342] | lr 1.50e-04 | 4.3 it/s | eta 796m
[member 2] EVAL step 30000 (ep 0.38) | stop-score +4.350 (smoothed +4.350, best +4.571) | t1d +3.49/125d t1w +2.66/121d | cal_ce 3.3900 (36408 rows) | base 3.4251 BEAT | raw_tag0 3.4100 | lr_scale 0.500 | no-improve 7/20
[member 2] step 30100/234591 (ep 0.38) | loss 3.3394 [1d:3.340 1w:3.336 1m:3.344 6m:3.372] | lr 1.50e-04 | 4.2 it/s | eta 807m
[member 2] step 30200/234591 (ep 0.39) | loss 3.3404 [1d:3.336 1w:3.339 1m:3.352 6m:3.389] | lr 1.50e-04 | 4.2 it/s | eta 805m
[member 2] step 30300/234591 (ep 0.39) | loss 3.3359 [1d:3.334 1w:3.329 1m:3.362 6m:3.417] | lr 1.50e-04 | 4.2 it/s | eta 803m
[member 2] step 30400/234591 (ep 0.39) | loss 3.3336 [1d:3.330 1w:3.334 1m:3.340 6m:3.379] | lr 1.50e-04 | 4.2 it/s | eta 801m
[member 2] step 30500/234591 (ep 0.39) | loss 3.3409 [1d:3.341 1w:3.332 1m:3.366 6m:3.406] | lr 1.50e-04 | 4.3 it/s | eta 799m
[member 2] step 30600/234591 (ep 0.39) | loss 3.3365 [1d:3.338 1w:3.330 1m:3.349 6m:3.375] | lr 1.50e-04 | 4.3 it/s | eta 797m
[member 2] step 30700/234591 (ep 0.39) | loss 3.3302 [1d:3.333 1w:3.323 1m:3.349 6m:3.347] | lr 1.50e-04 | 4.3 it/s | eta 795m
[member 2] step 30800/234591 (ep 0.39) | loss 3.3468 [1d:3.347 1w:3.344 1m:3.353 6m:3.375] | lr 1.50e-04 | 4.3 it/s | eta 792m
[member 2] step 30900/234591 (ep 0.40) | loss 3.3406 [1d:3.339 1w:3.338 1m:3.349 6m:3.396] | lr 1.50e-04 | 4.3 it/s | eta 790m
[member 2] step 31000/234591 (ep 0.40) | loss 3.3366 [1d:3.335 1w:3.332 1m:3.343 6m:3.442] | lr 1.50e-04 | 4.3 it/s | eta 788m
[member 2] step 31100/234591 (ep 0.40) | loss 3.3359 [1d:3.328 1w:3.334 1m:3.363 6m:3.429] | lr 1.50e-04 | 4.3 it/s | eta 786m
[member 2] step 31200/234591 (ep 0.40) | loss 3.3374 [1d:3.334 1w:3.336 1m:3.346 6m:3.411] | lr 1.50e-04 | 4.3 it/s | eta 784m
[member 2] step 31300/234591 (ep 0.40) | loss 3.3388 [1d:3.338 1w:3.338 1m:3.335 6m:3.394] | lr 1.50e-04 | 4.3 it/s | eta 782m
[member 2] step 31400/234591 (ep 0.40) | loss 3.3358 [1d:3.344 1w:3.324 1m:3.337 6m:3.403] | lr 1.50e-04 | 4.3 it/s | eta 780m
[member 2] step 31500/234591 (ep 0.40) | loss 3.3330 [1d:3.329 1w:3.332 1m:3.338 6m:3.429] | lr 1.50e-04 | 4.4 it/s | eta 778m
[member 2] step 31600/234591 (ep 0.40) | loss 3.3356 [1d:3.334 1w:3.328 1m:3.359 6m:3.425] | lr 1.50e-04 | 4.4 it/s | eta 776m
[member 2] step 31700/234591 (ep 0.41) | loss 3.3345 [1d:3.332 1w:3.333 1m:3.337 6m:3.444] | lr 1.50e-04 | 4.4 it/s | eta 774m
[member 2] step 31800/234591 (ep 0.41) | loss 3.3311 [1d:3.333 1w:3.327 1m:3.338 6m:3.324] | lr 1.50e-04 | 4.4 it/s | eta 772m
[member 2] step 31900/234591 (ep 0.41) | loss 3.3362 [1d:3.339 1w:3.330 1m:3.347 6m:3.365] | lr 1.50e-04 | 4.4 it/s | eta 770m
[member 2] step 32000/234591 (ep 0.41) | loss 3.3287 [1d:3.318 1w:3.333 1m:3.339 6m:3.444] | lr 1.50e-04 | 4.4 it/s | eta 768m
[member 2] step 32100/234591 (ep 0.41) | loss 3.3279 [1d:3.320 1w:3.327 1m:3.353 6m:3.399] | lr 1.50e-04 | 4.4 it/s | eta 766m
[member 2] step 32200/234591 (ep 0.41) | loss 3.3283 [1d:3.324 1w:3.326 1m:3.348 6m:3.375] | lr 1.50e-04 | 4.4 it/s | eta 764m
[member 2] step 32300/234591 (ep 0.41) | loss 3.3313 [1d:3.328 1w:3.330 1m:3.341 6m:3.375] | lr 1.50e-04 | 4.4 it/s | eta 762m
[member 2] step 32400/234591 (ep 0.41) | loss 3.3453 [1d:3.348 1w:3.337 1m:3.349 6m:3.446] | lr 1.50e-04 | 4.4 it/s | eta 760m
[member 2] step 32500/234591 (ep 0.42) | loss 3.3351 [1d:3.337 1w:3.334 1m:3.324 6m:3.379] | lr 1.50e-04 | 4.4 it/s | eta 758m
[member 2] step 32600/234591 (ep 0.42) | loss 3.3390 [1d:3.335 1w:3.334 1m:3.366 6m:3.408] | lr 1.50e-04 | 4.5 it/s | eta 756m
[member 2] step 32700/234591 (ep 0.42) | loss 3.3350 [1d:3.333 1w:3.333 1m:3.343 6m:3.403] | lr 1.50e-04 | 4.5 it/s | eta 754m
[member 2] step 32800/234591 (ep 0.42) | loss 3.3330 [1d:3.336 1w:3.330 1m:3.328 6m:3.360] | lr 1.50e-04 | 4.5 it/s | eta 753m
[member 2] step 32900/234591 (ep 0.42) | loss 3.3410 [1d:3.336 1w:3.339 1m:3.359 6m:3.404] | lr 1.50e-04 | 4.5 it/s | eta 751m
[member 2] step 33000/234591 (ep 0.42) | loss 3.3394 [1d:3.343 1w:3.333 1m:3.344 6m:3.402] | lr 1.50e-04 | 4.5 it/s | eta 749m
[member 2] step 33100/234591 (ep 0.42) | loss 3.3384 [1d:3.342 1w:3.331 1m:3.351 6m:3.369] | lr 1.50e-04 | 4.5 it/s | eta 747m
[member 2] step 33200/234591 (ep 0.42) | loss 3.3352 [1d:3.337 1w:3.334 1m:3.329 6m:3.373] | lr 1.50e-04 | 4.5 it/s | eta 745m
[member 2] step 33300/234591 (ep 0.43) | loss 3.3375 [1d:3.338 1w:3.336 1m:3.327 6m:3.408] | lr 1.50e-04 | 4.5 it/s | eta 743m
[member 2] step 33400/234591 (ep 0.43) | loss 3.3387 [1d:3.339 1w:3.335 1m:3.343 6m:3.383] | lr 1.50e-04 | 4.5 it/s | eta 741m
[member 2] step 33500/234591 (ep 0.43) | loss 3.3355 [1d:3.328 1w:3.336 1m:3.350 6m:3.424] | lr 1.50e-04 | 4.5 it/s | eta 740m
[member 2] step 33600/234591 (ep 0.43) | loss 3.3373 [1d:3.341 1w:3.330 1m:3.342 6m:3.403] | lr 1.50e-04 | 4.5 it/s | eta 738m
[member 2] step 33700/234591 (ep 0.43) | loss 3.3345 [1d:3.334 1w:3.332 1m:3.339 6m:3.406] | lr 1.50e-04 | 4.5 it/s | eta 736m
[member 2] step 33800/234591 (ep 0.43) | loss 3.3324 [1d:3.336 1w:3.327 1m:3.342 6m:3.323] | lr 1.50e-04 | 4.6 it/s | eta 734m
[member 2] step 33900/234591 (ep 0.43) | loss 3.3320 [1d:3.331 1w:3.328 1m:3.347 6m:3.366] | lr 1.50e-04 | 4.6 it/s | eta 732m
[member 2] step 34000/234591 (ep 0.43) | loss 3.3359 [1d:3.332 1w:3.336 1m:3.348 6m:3.349] | lr 1.50e-04 | 4.6 it/s | eta 731m
[member 2] step 34100/234591 (ep 0.44) | loss 3.3322 [1d:3.332 1w:3.327 1m:3.343 6m:3.414] | lr 1.50e-04 | 4.6 it/s | eta 729m
[member 2] step 34200/234591 (ep 0.44) | loss 3.3413 [1d:3.338 1w:3.339 1m:3.364 6m:3.356] | lr 1.50e-04 | 4.6 it/s | eta 727m
[member 2] step 34300/234591 (ep 0.44) | loss 3.3448 [1d:3.342 1w:3.343 1m:3.357 6m:3.402] | lr 1.50e-04 | 4.6 it/s | eta 725m
[member 2] step 34400/234591 (ep 0.44) | loss 3.3254 [1d:3.326 1w:3.322 1m:3.327 6m:3.385] | lr 1.50e-04 | 4.6 it/s | eta 724m
[member 2] step 34500/234591 (ep 0.44) | loss 3.3297 [1d:3.332 1w:3.321 1m:3.342 6m:3.447] | lr 1.50e-04 | 4.6 it/s | eta 722m
[member 2] step 34600/234591 (ep 0.44) | loss 3.3384 [1d:3.343 1w:3.330 1m:3.350 6m:3.360] | lr 1.50e-04 | 4.6 it/s | eta 720m
[member 2] step 34700/234591 (ep 0.44) | loss 3.3376 [1d:3.331 1w:3.335 1m:3.361 6m:3.434] | lr 1.50e-04 | 4.6 it/s | eta 718m
[member 2] step 34800/234591 (ep 0.45) | loss 3.3372 [1d:3.338 1w:3.330 1m:3.357 6m:3.377] | lr 1.50e-04 | 4.6 it/s | eta 717m
[member 2] step 34900/234591 (ep 0.45) | loss 3.3251 [1d:3.322 1w:3.322 1m:3.340 6m:3.386] | lr 1.50e-04 | 4.7 it/s | eta 715m
[member 2] step 35000/234591 (ep 0.45) | loss 3.3338 [1d:3.329 1w:3.332 1m:3.346 6m:3.386] | lr 1.50e-04 | 4.7 it/s | eta 713m
[member 2] EVAL step 35000 (ep 0.45) | stop-score +3.888 (smoothed +3.938, best +4.571) | t1d +2.96/125d t1w +2.54/121d | cal_ce 3.3915 (36408 rows) | base 3.4251 BEAT | raw_tag0 3.4116 | lr_scale 0.500 | no-improve 8/20
[member 2] step 35100/234591 (ep 0.45) | loss 3.3365 [1d:3.339 1w:3.328 1m:3.350 6m:3.416] | lr 1.50e-04 | 4.6 it/s | eta 723m
[member 2] step 35200/234591 (ep 0.45) | loss 3.3419 [1d:3.344 1w:3.330 1m:3.379 6m:3.369] | lr 1.50e-04 | 4.6 it/s | eta 721m
[member 2] step 35300/234591 (ep 0.45) | loss 3.3341 [1d:3.336 1w:3.325 1m:3.350 6m:3.410] | lr 1.50e-04 | 4.6 it/s | eta 719m
[member 2] step 35400/234591 (ep 0.45) | loss 3.3410 [1d:3.339 1w:3.338 1m:3.353 6m:3.404] | lr 1.50e-04 | 4.6 it/s | eta 718m
[member 2] step 35500/234591 (ep 0.45) | loss 3.3324 [1d:3.332 1w:3.334 1m:3.323 6m:3.362] | lr 1.50e-04 | 4.6 it/s | eta 716m
[member 2] step 35600/234591 (ep 0.46) | loss 3.3335 [1d:3.333 1w:3.334 1m:3.322 6m:3.434] | lr 1.50e-04 | 4.6 it/s | eta 714m
[member 2] step 35700/234591 (ep 0.46) | loss 3.3312 [1d:3.335 1w:3.324 1m:3.338 6m:3.362] | lr 1.50e-04 | 4.6 it/s | eta 713m
[member 2] step 35800/234591 (ep 0.46) | loss 3.3377 [1d:3.344 1w:3.328 1m:3.342 6m:3.393] | lr 1.50e-04 | 4.7 it/s | eta 711m
[member 2] step 35900/234591 (ep 0.46) | loss 3.3300 [1d:3.335 1w:3.319 1m:3.342 6m:3.431] | lr 1.50e-04 | 4.7 it/s | eta 710m
[member 2] step 36000/234591 (ep 0.46) | loss 3.3300 [1d:3.327 1w:3.328 1m:3.344 6m:3.378] | lr 1.50e-04 | 4.7 it/s | eta 708m
[member 2] step 36100/234591 (ep 0.46) | loss 3.3263 [1d:3.322 1w:3.325 1m:3.342 6m:3.356] | lr 1.50e-04 | 4.7 it/s | eta 707m
[member 2] step 36200/234591 (ep 0.46) | loss 3.3350 [1d:3.346 1w:3.325 1m:3.325 6m:3.397] | lr 1.50e-04 | 4.7 it/s | eta 705m
[member 2] step 36300/234591 (ep 0.46) | loss 3.3365 [1d:3.341 1w:3.327 1m:3.345 6m:3.392] | lr 1.50e-04 | 4.7 it/s | eta 703m
[member 2] step 36400/234591 (ep 0.47) | loss 3.3375 [1d:3.334 1w:3.339 1m:3.335 6m:3.397] | lr 1.50e-04 | 4.7 it/s | eta 702m
[member 2] step 36500/234591 (ep 0.47) | loss 3.3377 [1d:3.334 1w:3.339 1m:3.344 6m:3.354] | lr 1.50e-04 | 4.7 it/s | eta 700m
[member 2] step 36600/234591 (ep 0.47) | loss 3.3345 [1d:3.341 1w:3.327 1m:3.328 6m:3.400] | lr 1.50e-04 | 4.7 it/s | eta 699m
[member 2] step 36700/234591 (ep 0.47) | loss 3.3362 [1d:3.335 1w:3.335 1m:3.353 6m:3.311] | lr 1.50e-04 | 4.7 it/s | eta 697m
[member 2] step 36800/234591 (ep 0.47) | loss 3.3325 [1d:3.332 1w:3.325 1m:3.340 6m:3.445] | lr 1.50e-04 | 4.7 it/s | eta 695m
[member 2] step 36900/234591 (ep 0.47) | loss 3.3323 [1d:3.336 1w:3.324 1m:3.338 6m:3.400] | lr 1.50e-04 | 4.7 it/s | eta 694m
[member 2] step 37000/234591 (ep 0.47) | loss 3.3254 [1d:3.330 1w:3.318 1m:3.329 6m:3.377] | lr 1.50e-04 | 4.8 it/s | eta 692m
[member 2] step 37100/234591 (ep 0.47) | loss 3.3338 [1d:3.341 1w:3.319 1m:3.354 6m:3.386] | lr 1.50e-04 | 4.8 it/s | eta 691m
[member 2] step 37200/234591 (ep 0.48) | loss 3.3297 [1d:3.330 1w:3.323 1m:3.345 6m:3.391] | lr 1.50e-04 | 4.8 it/s | eta 689m
[member 2] step 37300/234591 (ep 0.48) | loss 3.3335 [1d:3.332 1w:3.329 1m:3.343 6m:3.423] | lr 1.50e-04 | 4.8 it/s | eta 688m
[member 2] step 37400/234591 (ep 0.48) | loss 3.3282 [1d:3.327 1w:3.326 1m:3.333 6m:3.381] | lr 1.50e-04 | 4.8 it/s | eta 686m
[member 2] step 37500/234591 (ep 0.48) | loss 3.3284 [1d:3.325 1w:3.327 1m:3.333 6m:3.424] | lr 1.50e-04 | 4.8 it/s | eta 685m
[member 2] step 37600/234591 (ep 0.48) | loss 3.3302 [1d:3.330 1w:3.328 1m:3.336 6m:3.342] | lr 1.50e-04 | 4.8 it/s | eta 683m
[member 2] step 37700/234591 (ep 0.48) | loss 3.3353 [1d:3.344 1w:3.330 1m:3.315 6m:3.363] | lr 1.50e-04 | 4.8 it/s | eta 682m
[member 2] step 37800/234591 (ep 0.48) | loss 3.3376 [1d:3.338 1w:3.328 1m:3.357 6m:3.507] | lr 1.50e-04 | 4.8 it/s | eta 680m
[member 2] step 37900/234591 (ep 0.48) | loss 3.3306 [1d:3.330 1w:3.322 1m:3.354 6m:3.463] | lr 1.50e-04 | 4.8 it/s | eta 679m
[member 2] step 38000/234591 (ep 0.49) | loss 3.3305 [1d:3.336 1w:3.322 1m:3.336 6m:3.393] | lr 1.50e-04 | 4.8 it/s | eta 677m
[member 2] step 38100/234591 (ep 0.49) | loss 3.3313 [1d:3.330 1w:3.328 1m:3.332 6m:3.463] | lr 1.50e-04 | 4.8 it/s | eta 676m
[member 2] step 38200/234591 (ep 0.49) | loss 3.3327 [1d:3.338 1w:3.323 1m:3.334 6m:3.430] | lr 1.50e-04 | 4.9 it/s | eta 674m
[member 2] step 38300/234591 (ep 0.49) | loss 3.3356 [1d:3.343 1w:3.326 1m:3.341 6m:3.385] | lr 1.50e-04 | 4.9 it/s | eta 673m
[member 2] step 38400/234591 (ep 0.49) | loss 3.3320 [1d:3.332 1w:3.326 1m:3.351 6m:3.394] | lr 1.50e-04 | 4.9 it/s | eta 671m
[member 2] step 38500/234591 (ep 0.49) | loss 3.3308 [1d:3.330 1w:3.329 1m:3.333 6m:3.377] | lr 1.50e-04 | 4.9 it/s | eta 670m
[member 2] step 38600/234591 (ep 0.49) | loss 3.3319 [1d:3.333 1w:3.329 1m:3.335 6m:3.391] | lr 1.50e-04 | 4.9 it/s | eta 668m
[member 2] step 38700/234591 (ep 0.49) | loss 3.3375 [1d:3.344 1w:3.330 1m:3.334 6m:3.370] | lr 1.50e-04 | 4.9 it/s | eta 667m
[member 2] step 38800/234591 (ep 0.50) | loss 3.3321 [1d:3.330 1w:3.332 1m:3.329 6m:3.414] | lr 1.50e-04 | 4.9 it/s | eta 666m
[member 2] step 38900/234591 (ep 0.50) | loss 3.3314 [1d:3.331 1w:3.328 1m:3.327 6m:3.466] | lr 1.50e-04 | 4.9 it/s | eta 664m
[member 2] step 39000/234591 (ep 0.50) | loss 3.3402 [1d:3.335 1w:3.338 1m:3.354 6m:3.446] | lr 1.50e-04 | 4.9 it/s | eta 663m
[member 2] step 39100/234591 (ep 0.50) | loss 3.3272 [1d:3.329 1w:3.322 1m:3.329 6m:3.379] | lr 1.50e-04 | 4.9 it/s | eta 661m
[member 2] step 39200/234591 (ep 0.50) | loss 3.3251 [1d:3.322 1w:3.325 1m:3.336 6m:3.308] | lr 1.50e-04 | 4.9 it/s | eta 660m
[member 2] step 39300/234591 (ep 0.50) | loss 3.3321 [1d:3.334 1w:3.323 1m:3.343 6m:3.412] | lr 1.50e-04 | 4.9 it/s | eta 659m
[member 2] step 39400/234591 (ep 0.50) | loss 3.3308 [1d:3.335 1w:3.327 1m:3.317 6m:3.433] | lr 1.50e-04 | 5.0 it/s | eta 657m
[member 2] step 39500/234591 (ep 0.51) | loss 3.3341 [1d:3.335 1w:3.332 1m:3.341 6m:3.313] | lr 1.50e-04 | 5.0 it/s | eta 656m
[member 2] step 39600/234591 (ep 0.51) | loss 3.3351 [1d:3.332 1w:3.337 1m:3.332 6m:3.376] | lr 1.50e-04 | 5.0 it/s | eta 654m
[member 2] step 39700/234591 (ep 0.51) | loss 3.3333 [1d:3.331 1w:3.330 1m:3.350 6m:3.347] | lr 1.50e-04 | 5.0 it/s | eta 653m
[member 2] step 39800/234591 (ep 0.51) | loss 3.3355 [1d:3.337 1w:3.337 1m:3.320 6m:3.389] | lr 1.50e-04 | 5.0 it/s | eta 652m
[member 2] step 39900/234591 (ep 0.51) | loss 3.3330 [1d:3.337 1w:3.327 1m:3.330 6m:3.443] | lr 1.50e-04 | 5.0 it/s | eta 650m
[member 2] step 40000/234591 (ep 0.51) | loss 3.3385 [1d:3.341 1w:3.332 1m:3.346 6m:3.411] | lr 1.50e-04 | 5.0 it/s | eta 649m
[member 2] EVAL step 40000 (ep 0.51) | stop-score +2.427 (smoothed +3.888, best +4.571) | t1d +1.41/125d t1w +2.03/121d | cal_ce 3.3961 (36408 rows) | base 3.4251 BEAT | raw_tag0 3.4143 | lr_scale 0.500 | no-improve 9/20
[member 2] step 40100/234591 (ep 0.51) | loss 3.3367 [1d:3.339 1w:3.331 1m:3.339 6m:3.397] | lr 1.50e-04 | 4.9 it/s | eta 657m
[member 2] step 40200/234591 (ep 0.51) | loss 3.3358 [1d:3.340 1w:3.332 1m:3.324 6m:3.399] | lr 1.50e-04 | 4.9 it/s | eta 655m
[member 2] step 40300/234591 (ep 0.52) | loss 3.3295 [1d:3.327 1w:3.328 1m:3.339 6m:3.358] | lr 1.50e-04 | 5.0 it/s | eta 654m
[member 2] step 40400/234591 (ep 0.52) | loss 3.3325 [1d:3.331 1w:3.327 1m:3.348 6m:3.387] | lr 1.50e-04 | 5.0 it/s | eta 653m
[member 2] step 40500/234591 (ep 0.52) | loss 3.3345 [1d:3.332 1w:3.331 1m:3.348 6m:3.396] | lr 1.50e-04 | 5.0 it/s | eta 651m
[member 2] step 40600/234591 (ep 0.52) | loss 3.3296 [1d:3.329 1w:3.323 1m:3.349 6m:3.398] | lr 1.50e-04 | 5.0 it/s | eta 650m
[member 2] step 40700/234591 (ep 0.52) | loss 3.3288 [1d:3.338 1w:3.314 1m:3.342 6m:3.394] | lr 1.50e-04 | 5.0 it/s | eta 649m
[member 2] step 40800/234591 (ep 0.52) | loss 3.3330 [1d:3.338 1w:3.325 1m:3.340 6m:3.370] | lr 1.50e-04 | 5.0 it/s | eta 648m
[member 2] step 40900/234591 (ep 0.52) | loss 3.3290 [1d:3.326 1w:3.332 1m:3.327 6m:3.345] | lr 1.50e-04 | 5.0 it/s | eta 646m
[member 2] step 41000/234591 (ep 0.52) | loss 3.3319 [1d:3.331 1w:3.329 1m:3.337 6m:3.412] | lr 1.50e-04 | 5.0 it/s | eta 645m
[member 2] step 41100/234591 (ep 0.53) | loss 3.3304 [1d:3.329 1w:3.329 1m:3.334 6m:3.388] | lr 1.50e-04 | 5.0 it/s | eta 644m
[member 2] step 41200/234591 (ep 0.53) | loss 3.3337 [1d:3.332 1w:3.330 1m:3.347 6m:3.409] | lr 1.50e-04 | 5.0 it/s | eta 643m
[member 2] step 41300/234591 (ep 0.53) | loss 3.3355 [1d:3.340 1w:3.328 1m:3.338 6m:3.412] | lr 1.50e-04 | 5.0 it/s | eta 641m
[member 2] step 41400/234591 (ep 0.53) | loss 3.3372 [1d:3.331 1w:3.337 1m:3.349 6m:3.425] | lr 1.50e-04 | 5.0 it/s | eta 640m
[member 2] step 41500/234591 (ep 0.53) | loss 3.3317 [1d:3.335 1w:3.323 1m:3.351 6m:3.358] | lr 1.50e-04 | 5.0 it/s | eta 639m
[member 2] step 41600/234591 (ep 0.53) | loss 3.3345 [1d:3.335 1w:3.330 1m:3.348 6m:3.346] | lr 1.50e-04 | 5.0 it/s | eta 637m
[member 2] step 41700/234591 (ep 0.53) | loss 3.3251 [1d:3.326 1w:3.321 1m:3.334 6m:3.327] | lr 1.50e-04 | 5.1 it/s | eta 636m
[member 2] step 41800/234591 (ep 0.53) | loss 3.3309 [1d:3.332 1w:3.327 1m:3.330 6m:3.420] | lr 1.50e-04 | 5.1 it/s | eta 635m
[member 2] step 41900/234591 (ep 0.54) | loss 3.3269 [1d:3.333 1w:3.316 1m:3.339 6m:3.400] | lr 1.50e-04 | 5.1 it/s | eta 634m
[member 2] step 42000/234591 (ep 0.54) | loss 3.3327 [1d:3.341 1w:3.321 1m:3.342 6m:3.378] | lr 1.50e-04 | 5.1 it/s | eta 632m
[member 2] step 42100/234591 (ep 0.54) | loss 3.3234 [1d:3.327 1w:3.315 1m:3.336 6m:3.385] | lr 1.50e-04 | 5.1 it/s | eta 631m
[member 2] step 42200/234591 (ep 0.54) | loss 3.3183 [1d:3.315 1w:3.314 1m:3.336 6m:3.393] | lr 1.50e-04 | 5.1 it/s | eta 630m
[member 2] step 42300/234591 (ep 0.54) | loss 3.3347 [1d:3.332 1w:3.332 1m:3.346 6m:3.393] | lr 1.50e-04 | 5.1 it/s | eta 629m
[member 2] step 42400/234591 (ep 0.54) | loss 3.3271 [1d:3.338 1w:3.319 1m:3.310 6m:3.388] | lr 1.50e-04 | 5.1 it/s | eta 627m
[member 2] step 42500/234591 (ep 0.54) | loss 3.3292 [1d:3.340 1w:3.314 1m:3.339 6m:3.385] | lr 1.50e-04 | 5.1 it/s | eta 626m
[member 2] step 42600/234591 (ep 0.54) | loss 3.3264 [1d:3.336 1w:3.320 1m:3.306 6m:3.385] | lr 1.50e-04 | 5.1 it/s | eta 625m
[member 2] step 42700/234591 (ep 0.55) | loss 3.3317 [1d:3.334 1w:3.328 1m:3.330 6m:3.402] | lr 1.50e-04 | 5.1 it/s | eta 624m
[member 2] step 42800/234591 (ep 0.55) | loss 3.3292 [1d:3.329 1w:3.324 1m:3.339 6m:3.406] | lr 1.50e-04 | 5.1 it/s | eta 622m
[member 2] step 42900/234591 (ep 0.55) | loss 3.3306 [1d:3.327 1w:3.326 1m:3.345 6m:3.445] | lr 1.50e-04 | 5.1 it/s | eta 621m
[member 2] step 43000/234591 (ep 0.55) | loss 3.3275 [1d:3.324 1w:3.330 1m:3.323 6m:3.380] | lr 1.50e-04 | 5.2 it/s | eta 620m
[member 2] step 43100/234591 (ep 0.55) | loss 3.3289 [1d:3.328 1w:3.327 1m:3.330 6m:3.410] | lr 1.50e-04 | 5.2 it/s | eta 619m
[member 2] step 43200/234591 (ep 0.55) | loss 3.3329 [1d:3.331 1w:3.332 1m:3.332 6m:3.437] | lr 1.50e-04 | 5.2 it/s | eta 618m
[member 2] step 43300/234591 (ep 0.55) | loss 3.3321 [1d:3.327 1w:3.333 1m:3.338 6m:3.417] | lr 1.50e-04 | 5.2 it/s | eta 616m
[member 2] step 43400/234591 (ep 0.56) | loss 3.3254 [1d:3.324 1w:3.322 1m:3.337 6m:3.394] | lr 1.50e-04 | 5.2 it/s | eta 615m
[member 2] step 43500/234591 (ep 0.56) | loss 3.3315 [1d:3.334 1w:3.327 1m:3.336 6m:3.364] | lr 1.50e-04 | 5.2 it/s | eta 614m
[member 2] step 43600/234591 (ep 0.56) | loss 3.3303 [1d:3.332 1w:3.323 1m:3.343 6m:3.387] | lr 1.50e-04 | 5.2 it/s | eta 613m
[member 2] step 43700/234591 (ep 0.56) | loss 3.3278 [1d:3.328 1w:3.322 1m:3.340 6m:3.381] | lr 1.50e-04 | 5.2 it/s | eta 612m
[member 2] step 43800/234591 (ep 0.56) | loss 3.3263 [1d:3.330 1w:3.318 1m:3.334 6m:3.395] | lr 1.50e-04 | 5.2 it/s | eta 611m
[member 2] step 43900/234591 (ep 0.56) | loss 3.3313 [1d:3.342 1w:3.320 1m:3.335 6m:3.320] | lr 1.50e-04 | 5.2 it/s | eta 609m
[member 2] step 44000/234591 (ep 0.56) | loss 3.3149 [1d:3.321 1w:3.309 1m:3.311 6m:3.330] | lr 1.50e-04 | 5.2 it/s | eta 608m
[member 2] step 44100/234591 (ep 0.56) | loss 3.3344 [1d:3.336 1w:3.323 1m:3.361 6m:3.408] | lr 1.50e-04 | 5.2 it/s | eta 607m
[member 2] step 44200/234591 (ep 0.57) | loss 3.3354 [1d:3.335 1w:3.334 1m:3.337 6m:3.382] | lr 1.50e-04 | 5.2 it/s | eta 606m
[member 2] step 44300/234591 (ep 0.57) | loss 3.3289 [1d:3.332 1w:3.325 1m:3.334 6m:3.323] | lr 1.50e-04 | 5.2 it/s | eta 605m
[member 2] step 44400/234591 (ep 0.57) | loss 3.3269 [1d:3.321 1w:3.324 1m:3.354 6m:3.378] | lr 1.50e-04 | 5.3 it/s | eta 604m
[member 2] step 44500/234591 (ep 0.57) | loss 3.3323 [1d:3.337 1w:3.325 1m:3.338 6m:3.383] | lr 1.50e-04 | 5.3 it/s | eta 603m
[member 2] step 44600/234591 (ep 0.57) | loss 3.3256 [1d:3.333 1w:3.314 1m:3.339 6m:3.358] | lr 1.50e-04 | 5.3 it/s | eta 601m
[member 2] step 44700/234591 (ep 0.57) | loss 3.3276 [1d:3.330 1w:3.322 1m:3.334 6m:3.382] | lr 1.50e-04 | 5.3 it/s | eta 600m
[member 2] step 44800/234591 (ep 0.57) | loss 3.3292 [1d:3.331 1w:3.325 1m:3.338 6m:3.339] | lr 1.50e-04 | 5.3 it/s | eta 599m
[member 2] step 44900/234591 (ep 0.57) | loss 3.3267 [1d:3.321 1w:3.328 1m:3.337 6m:3.389] | lr 1.50e-04 | 5.3 it/s | eta 598m
[member 2] step 45000/234591 (ep 0.58) | loss 3.3284 [1d:3.325 1w:3.331 1m:3.324 6m:3.382] | lr 1.50e-04 | 5.3 it/s | eta 597m
[member 2] EVAL step 45000 (ep 0.58) | stop-score +3.250 (smoothed +3.250, best +4.571) | t1d +2.34/125d t1w +2.25/121d | cal_ce 3.3974 (36408 rows) | base 3.4251 BEAT | raw_tag0 3.4202 | lr_scale 0.500 | no-improve 10/20
[member 2] step 45100/234591 (ep 0.58) | loss 3.3306 [1d:3.329 1w:3.332 1m:3.330 6m:3.351] | lr 1.50e-04 | 5.2 it/s | eta 604m
[member 2] step 45200/234591 (ep 0.58) | loss 3.3265 [1d:3.326 1w:3.326 1m:3.321 6m:3.376] | lr 1.50e-04 | 5.2 it/s | eta 602m
[member 2] step 45300/234591 (ep 0.58) | loss 3.3224 [1d:3.318 1w:3.324 1m:3.328 6m:3.349] | lr 1.50e-04 | 5.2 it/s | eta 601m
[member 2] step 45400/234591 (ep 0.58) | loss 3.3338 [1d:3.337 1w:3.323 1m:3.353 6m:3.389] | lr 1.50e-04 | 5.3 it/s | eta 600m
[member 2] step 45500/234591 (ep 0.58) | loss 3.3257 [1d:3.327 1w:3.321 1m:3.331 6m:3.368] | lr 1.50e-04 | 5.3 it/s | eta 599m
[member 2] step 45600/234591 (ep 0.58) | loss 3.3257 [1d:3.329 1w:3.322 1m:3.313 6m:3.416] | lr 1.50e-04 | 5.3 it/s | eta 598m
[member 2] step 45700/234591 (ep 0.58) | loss 3.3339 [1d:3.337 1w:3.325 1m:3.349 6m:3.394] | lr 1.50e-04 | 5.3 it/s | eta 597m
[member 2] step 45800/234591 (ep 0.59) | loss 3.3287 [1d:3.329 1w:3.322 1m:3.347 6m:3.365] | lr 1.50e-04 | 5.3 it/s | eta 596m
[member 2] step 45900/234591 (ep 0.59) | loss 3.3175 [1d:3.314 1w:3.312 1m:3.341 6m:3.377] | lr 1.50e-04 | 5.3 it/s | eta 595m
[member 2] step 46000/234591 (ep 0.59) | loss 3.3231 [1d:3.329 1w:3.317 1m:3.311 6m:3.410] | lr 1.50e-04 | 5.3 it/s | eta 594m
[member 2] step 46100/234591 (ep 0.59) | loss 3.3260 [1d:3.329 1w:3.320 1m:3.330 6m:3.388] | lr 1.50e-04 | 5.3 it/s | eta 593m
[member 2] step 46200/234591 (ep 0.59) | loss 3.3296 [1d:3.333 1w:3.321 1m:3.340 6m:3.396] | lr 1.50e-04 | 5.3 it/s | eta 592m
[member 2] step 46300/234591 (ep 0.59) | loss 3.3209 [1d:3.314 1w:3.320 1m:3.338 6m:3.405] | lr 1.50e-04 | 5.3 it/s | eta 591m
[member 2] step 46400/234591 (ep 0.59) | loss 3.3253 [1d:3.329 1w:3.320 1m:3.323 6m:3.361] | lr 1.50e-04 | 5.3 it/s | eta 590m
[member 2] step 46500/234591 (ep 0.59) | loss 3.3241 [1d:3.326 1w:3.318 1m:3.332 6m:3.374] | lr 1.50e-04 | 5.3 it/s | eta 589m
[member 2] step 46600/234591 (ep 0.60) | loss 3.3242 [1d:3.330 1w:3.315 1m:3.335 6m:3.333] | lr 1.50e-04 | 5.3 it/s | eta 587m
[member 2] step 46700/234591 (ep 0.60) | loss 3.3204 [1d:3.324 1w:3.314 1m:3.324 6m:3.374] | lr 1.50e-04 | 5.3 it/s | eta 586m
[member 2] step 46800/234591 (ep 0.60) | loss 3.3192 [1d:3.325 1w:3.310 1m:3.316 6m:3.427] | lr 1.50e-04 | 5.3 it/s | eta 585m
[member 2] step 46900/234591 (ep 0.60) | loss 3.3222 [1d:3.322 1w:3.317 1m:3.335 6m:3.389] | lr 1.50e-04 | 5.4 it/s | eta 584m
[member 2] step 47000/234591 (ep 0.60) | loss 3.3314 [1d:3.332 1w:3.326 1m:3.339 6m:3.417] | lr 1.50e-04 | 5.4 it/s | eta 583m
[member 2] step 47100/234591 (ep 0.60) | loss 3.3304 [1d:3.327 1w:3.330 1m:3.345 6m:3.336] | lr 1.50e-04 | 5.4 it/s | eta 582m
[member 2] step 47200/234591 (ep 0.60) | loss 3.3308 [1d:3.336 1w:3.316 1m:3.361 6m:3.380] | lr 1.50e-04 | 5.4 it/s | eta 581m
[member 2] step 47300/234591 (ep 0.60) | loss 3.3270 [1d:3.341 1w:3.310 1m:3.336 6m:3.365] | lr 1.50e-04 | 5.4 it/s | eta 580m
[member 2] step 47400/234591 (ep 0.61) | loss 3.3244 [1d:3.327 1w:3.320 1m:3.316 6m:3.450] | lr 1.50e-04 | 5.4 it/s | eta 579m
[member 2] step 47500/234591 (ep 0.61) | loss 3.3294 [1d:3.326 1w:3.331 1m:3.335 6m:3.352] | lr 1.50e-04 | 5.4 it/s | eta 578m
[member 2] step 47600/234591 (ep 0.61) | loss 3.3318 [1d:3.332 1w:3.327 1m:3.331 6m:3.466] | lr 1.50e-04 | 5.4 it/s | eta 577m
[member 2] step 47700/234591 (ep 0.61) | loss 3.3282 [1d:3.329 1w:3.323 1m:3.338 6m:3.402] | lr 1.50e-04 | 5.4 it/s | eta 576m
[member 2] step 47800/234591 (ep 0.61) | loss 3.3250 [1d:3.328 1w:3.319 1m:3.330 6m:3.366] | lr 1.50e-04 | 5.4 it/s | eta 575m
[member 2] step 47900/234591 (ep 0.61) | loss 3.3291 [1d:3.326 1w:3.325 1m:3.354 6m:3.354] | lr 1.50e-04 | 5.4 it/s | eta 574m
[member 2] step 48000/234591 (ep 0.61) | loss 3.3224 [1d:3.321 1w:3.319 1m:3.329 6m:3.398] | lr 1.50e-04 | 5.4 it/s | eta 573m
[member 2] step 48100/234591 (ep 0.62) | loss 3.3299 [1d:3.327 1w:3.324 1m:3.356 6m:3.415] | lr 1.50e-04 | 5.4 it/s | eta 572m
[member 2] step 48200/234591 (ep 0.62) | loss 3.3288 [1d:3.328 1w:3.321 1m:3.352 6m:3.420] | lr 1.50e-04 | 5.4 it/s | eta 571m
[member 2] step 48300/234591 (ep 0.62) | loss 3.3281 [1d:3.326 1w:3.325 1m:3.343 6m:3.361] | lr 1.50e-04 | 5.4 it/s | eta 570m
[member 2] step 48400/234591 (ep 0.62) | loss 3.3291 [1d:3.332 1w:3.323 1m:3.332 6m:3.417] | lr 1.50e-04 | 5.5 it/s | eta 569m
[member 2] step 48500/234591 (ep 0.62) | loss 3.3364 [1d:3.333 1w:3.333 1m:3.350 6m:3.418] | lr 1.50e-04 | 5.5 it/s | eta 568m
[member 2] step 48600/234591 (ep 0.62) | loss 3.3283 [1d:3.331 1w:3.323 1m:3.324 6m:3.436] | lr 1.50e-04 | 5.5 it/s | eta 567m
[member 2] step 48700/234591 (ep 0.62) | loss 3.3279 [1d:3.323 1w:3.330 1m:3.334 6m:3.340] | lr 1.50e-04 | 5.5 it/s | eta 566m
[member 2] step 48800/234591 (ep 0.62) | loss 3.3255 [1d:3.329 1w:3.322 1m:3.313 6m:3.364] | lr 1.50e-04 | 5.5 it/s | eta 565m
[member 2] step 48900/234591 (ep 0.63) | loss 3.3238 [1d:3.331 1w:3.317 1m:3.314 6m:3.361] | lr 1.50e-04 | 5.5 it/s | eta 564m
[member 2] step 49000/234591 (ep 0.63) | loss 3.3230 [1d:3.329 1w:3.315 1m:3.318 6m:3.384] | lr 1.50e-04 | 5.5 it/s | eta 563m
[member 2] step 49100/234591 (ep 0.63) | loss 3.3278 [1d:3.330 1w:3.322 1m:3.336 6m:3.380] | lr 1.50e-04 | 5.5 it/s | eta 562m
[member 2] step 49200/234591 (ep 0.63) | loss 3.3239 [1d:3.321 1w:3.320 1m:3.331 6m:3.437] | lr 1.50e-04 | 5.5 it/s | eta 561m
[member 2] step 49300/234591 (ep 0.63) | loss 3.3224 [1d:3.326 1w:3.314 1m:3.333 6m:3.401] | lr 1.50e-04 | 5.5 it/s | eta 560m
[member 2] step 49400/234591 (ep 0.63) | loss 3.3339 [1d:3.335 1w:3.326 1m:3.350 6m:3.420] | lr 1.50e-04 | 5.5 it/s | eta 559m
[member 2] step 49500/234591 (ep 0.63) | loss 3.3208 [1d:3.322 1w:3.316 1m:3.325 6m:3.393] | lr 1.50e-04 | 5.5 it/s | eta 558m
[member 2] step 49600/234591 (ep 0.63) | loss 3.3335 [1d:3.341 1w:3.327 1m:3.319 6m:3.446] | lr 1.50e-04 | 5.5 it/s | eta 557m
[member 2] step 49700/234591 (ep 0.64) | loss 3.3287 [1d:3.320 1w:3.328 1m:3.351 6m:3.445] | lr 1.50e-04 | 5.5 it/s | eta 556m
[member 2] step 49800/234591 (ep 0.64) | loss 3.3295 [1d:3.331 1w:3.328 1m:3.318 6m:3.425] | lr 1.50e-04 | 5.5 it/s | eta 555m
[member 2] step 49900/234591 (ep 0.64) | loss 3.3263 [1d:3.323 1w:3.324 1m:3.344 6m:3.371] | lr 1.50e-04 | 5.6 it/s | eta 554m
[member 2] step 50000/234591 (ep 0.64) | loss 3.3217 [1d:3.327 1w:3.315 1m:3.321 6m:3.373] | lr 1.50e-04 | 5.6 it/s | eta 553m
[member 2] EVAL step 50000 (ep 0.64) | stop-score +2.988 (smoothed +2.988, best +4.571) | t1d +2.13/125d t1w +2.09/121d | cal_ce 3.3985 (36408 rows) | base 3.4251 BEAT | raw_tag0 3.4169 | lr_scale 0.500 | no-improve 11/20
[member 2] step 50100/234591 (ep 0.64) | loss 3.3265 [1d:3.327 1w:3.323 1m:3.316 6m:3.459] | lr 1.50e-04 | 5.5 it/s | eta 559m
[member 2] step 50200/234591 (ep 0.64) | loss 3.3263 [1d:3.321 1w:3.325 1m:3.344 6m:3.410] | lr 1.50e-04 | 5.5 it/s | eta 558m
[member 2] step 50300/234591 (ep 0.64) | loss 3.3225 [1d:3.328 1w:3.313 1m:3.335 6m:3.351] | lr 1.50e-04 | 5.5 it/s | eta 557m
[member 2] step 50400/234591 (ep 0.64) | loss 3.3231 [1d:3.324 1w:3.320 1m:3.314 6m:3.448] | lr 1.50e-04 | 5.5 it/s | eta 556m
[member 2] step 50500/234591 (ep 0.65) | loss 3.3179 [1d:3.318 1w:3.313 1m:3.328 6m:3.396] | lr 1.50e-04 | 5.5 it/s | eta 555m
[member 2] step 50600/234591 (ep 0.65) | loss 3.3259 [1d:3.329 1w:3.320 1m:3.330 6m:3.373] | lr 1.50e-04 | 5.5 it/s | eta 554m
[member 2] step 50700/234591 (ep 0.65) | loss 3.3267 [1d:3.332 1w:3.318 1m:3.326 6m:3.435] | lr 1.50e-04 | 5.5 it/s | eta 554m
[member 2] step 50800/234591 (ep 0.65) | loss 3.3230 [1d:3.330 1w:3.309 1m:3.338 6m:3.439] | lr 1.50e-04 | 5.5 it/s | eta 553m
[member 2] step 50900/234591 (ep 0.65) | loss 3.3219 [1d:3.320 1w:3.319 1m:3.333 6m:3.363] | lr 1.50e-04 | 5.5 it/s | eta 552m
[member 2] step 51000/234591 (ep 0.65) | loss 3.3180 [1d:3.321 1w:3.307 1m:3.331 6m:3.438] | lr 1.50e-04 | 5.6 it/s | eta 551m
[member 2] step 51100/234591 (ep 0.65) | loss 3.3265 [1d:3.328 1w:3.322 1m:3.335 6m:3.378] | lr 1.50e-04 | 5.6 it/s | eta 550m
[member 2] step 51200/234591 (ep 0.65) | loss 3.3285 [1d:3.333 1w:3.322 1m:3.333 6m:3.358] | lr 1.50e-04 | 5.6 it/s | eta 549m
[member 2] step 51300/234591 (ep 0.66) | loss 3.3299 [1d:3.326 1w:3.327 1m:3.345 6m:3.408] | lr 1.50e-04 | 5.6 it/s | eta 548m
[member 2] step 51400/234591 (ep 0.66) | loss 3.3285 [1d:3.329 1w:3.323 1m:3.341 6m:3.377] | lr 1.50e-04 | 5.6 it/s | eta 547m
[member 2] step 51500/234591 (ep 0.66) | loss 3.3310 [1d:3.335 1w:3.323 1m:3.342 6m:3.409] | lr 1.50e-04 | 5.6 it/s | eta 546m
[member 2] step 51600/234591 (ep 0.66) | loss 3.3284 [1d:3.329 1w:3.322 1m:3.342 6m:3.375] | lr 1.50e-04 | 5.6 it/s | eta 545m
[member 2] step 51700/234591 (ep 0.66) | loss 3.3214 [1d:3.328 1w:3.315 1m:3.317 6m:3.370] | lr 1.50e-04 | 5.6 it/s | eta 545m
[member 2] step 51800/234591 (ep 0.66) | loss 3.3244 [1d:3.329 1w:3.317 1m:3.326 6m:3.346] | lr 1.50e-04 | 5.6 it/s | eta 544m
[member 2] step 51900/234591 (ep 0.66) | loss 3.3259 [1d:3.323 1w:3.322 1m:3.337 6m:3.439] | lr 1.50e-04 | 5.6 it/s | eta 543m
[member 2] step 52000/234591 (ep 0.66) | loss 3.3206 [1d:3.325 1w:3.313 1m:3.330 6m:3.356] | lr 1.50e-04 | 5.6 it/s | eta 542m
[member 2] step 52100/234591 (ep 0.67) | loss 3.3281 [1d:3.336 1w:3.313 1m:3.352 6m:3.349] | lr 1.50e-04 | 5.6 it/s | eta 541m
[member 2] step 52200/234591 (ep 0.67) | loss 3.3145 [1d:3.319 1w:3.311 1m:3.303 6m:3.346] | lr 1.50e-04 | 5.6 it/s | eta 540m
[member 2] step 52300/234591 (ep 0.67) | loss 3.3241 [1d:3.326 1w:3.319 1m:3.332 6m:3.318] | lr 1.50e-04 | 5.6 it/s | eta 539m
[member 2] step 52400/234591 (ep 0.67) | loss 3.3268 [1d:3.327 1w:3.324 1m:3.331 6m:3.339] | lr 1.50e-04 | 5.6 it/s | eta 538m
[member 2] step 52500/234591 (ep 0.67) | loss 3.3232 [1d:3.327 1w:3.316 1m:3.323 6m:3.403] | lr 1.50e-04 | 5.6 it/s | eta 537m
[member 2] step 52600/234591 (ep 0.67) | loss 3.3346 [1d:3.336 1w:3.330 1m:3.327 6m:3.490] | lr 1.50e-04 | 5.7 it/s | eta 537m
[member 2] step 52700/234591 (ep 0.67) | loss 3.3207 [1d:3.325 1w:3.314 1m:3.321 6m:3.386] | lr 1.50e-04 | 5.7 it/s | eta 536m
[member 2] step 52800/234591 (ep 0.68) | loss 3.3308 [1d:3.329 1w:3.335 1m:3.322 6m:3.334] | lr 1.50e-04 | 5.7 it/s | eta 535m
[member 2] step 52900/234591 (ep 0.68) | loss 3.3196 [1d:3.316 1w:3.315 1m:3.341 6m:3.433] | lr 1.50e-04 | 5.7 it/s | eta 534m
[member 2] step 53000/234591 (ep 0.68) | loss 3.3341 [1d:3.336 1w:3.329 1m:3.339 6m:3.368] | lr 1.50e-04 | 5.7 it/s | eta 533m
[member 2] step 53100/234591 (ep 0.68) | loss 3.3274 [1d:3.328 1w:3.322 1m:3.334 6m:3.410] | lr 1.50e-04 | 5.7 it/s | eta 532m
[member 2] step 53200/234591 (ep 0.68) | loss 3.3226 [1d:3.329 1w:3.311 1m:3.329 6m:3.412] | lr 1.50e-04 | 5.7 it/s | eta 531m
[member 2] step 53300/234591 (ep 0.68) | loss 3.3251 [1d:3.334 1w:3.314 1m:3.335 6m:3.329] | lr 1.50e-04 | 5.7 it/s | eta 530m
[member 2] step 53400/234591 (ep 0.68) | loss 3.3247 [1d:3.326 1w:3.317 1m:3.341 6m:3.352] | lr 1.50e-04 | 5.7 it/s | eta 530m
[member 2] step 53500/234591 (ep 0.68) | loss 3.3260 [1d:3.328 1w:3.320 1m:3.334 6m:3.372] | lr 1.50e-04 | 5.7 it/s | eta 529m
[member 2] step 53600/234591 (ep 0.69) | loss 3.3222 [1d:3.325 1w:3.312 1m:3.347 6m:3.338] | lr 1.50e-04 | 5.7 it/s | eta 528m
[member 2] step 53700/234591 (ep 0.69) | loss 3.3205 [1d:3.319 1w:3.315 1m:3.326 6m:3.436] | lr 1.50e-04 | 5.7 it/s | eta 527m
[member 2] step 53800/234591 (ep 0.69) | loss 3.3217 [1d:3.326 1w:3.311 1m:3.332 6m:3.429] | lr 1.50e-04 | 5.7 it/s | eta 526m
[member 2] step 53900/234591 (ep 0.69) | loss 3.3280 [1d:3.328 1w:3.324 1m:3.329 6m:3.425] | lr 1.50e-04 | 5.7 it/s | eta 525m
[member 2] step 54000/234591 (ep 0.69) | loss 3.3191 [1d:3.324 1w:3.311 1m:3.334 6m:3.330] | lr 1.50e-04 | 5.7 it/s | eta 524m
[member 2] step 54100/234591 (ep 0.69) | loss 3.3209 [1d:3.323 1w:3.316 1m:3.322 6m:3.398] | lr 1.50e-04 | 5.7 it/s | eta 524m
[member 2] step 54200/234591 (ep 0.69) | loss 3.3168 [1d:3.318 1w:3.313 1m:3.320 6m:3.362] | lr 1.50e-04 | 5.8 it/s | eta 523m
[member 2] step 54300/234591 (ep 0.69) | loss 3.3238 [1d:3.328 1w:3.315 1m:3.325 6m:3.430] | lr 1.50e-04 | 5.8 it/s | eta 522m
[member 2] step 54400/234591 (ep 0.70) | loss 3.3233 [1d:3.326 1w:3.316 1m:3.327 6m:3.426] | lr 1.50e-04 | 5.8 it/s | eta 521m
[member 2] step 54500/234591 (ep 0.70) | loss 3.3251 [1d:3.323 1w:3.323 1m:3.335 6m:3.378] | lr 1.50e-04 | 5.8 it/s | eta 520m
[member 2] step 54600/234591 (ep 0.70) | loss 3.3238 [1d:3.327 1w:3.319 1m:3.319 6m:3.371] | lr 1.50e-04 | 5.8 it/s | eta 519m
[member 2] step 54700/234591 (ep 0.70) | loss 3.3220 [1d:3.325 1w:3.316 1m:3.325 6m:3.376] | lr 1.50e-04 | 5.8 it/s | eta 519m
[member 2] step 54800/234591 (ep 0.70) | loss 3.3274 [1d:3.330 1w:3.321 1m:3.333 6m:3.407] | lr 1.50e-04 | 5.8 it/s | eta 518m
[member 2] step 54900/234591 (ep 0.70) | loss 3.3164 [1d:3.318 1w:3.307 1m:3.337 6m:3.397] | lr 1.50e-04 | 5.8 it/s | eta 517m
[member 2] step 55000/234591 (ep 0.70) | loss 3.3228 [1d:3.316 1w:3.315 1m:3.376 6m:3.389] | lr 1.50e-04 | 5.8 it/s | eta 516m
[member 2] LR DROP -> 7.50e-05 (scale 0.250) after 4 no-improve evals (train declining, cal-CE regressing)
[member 2] EVAL step 55000 (ep 0.70) | stop-score +2.894 (smoothed +2.988, best +4.571) | t1d +1.92/125d t1w +2.18/121d | cal_ce 3.3944 (36408 rows) | base 3.4251 BEAT | raw_tag0 3.4143 | lr_scale 0.250 | no-improve 12/20
[member 2] step 55100/234591 (ep 0.70) | loss 3.3223 [1d:3.329 1w:3.311 1m:3.320 6m:3.465] | lr 7.50e-05 | 5.7 it/s | eta 521m
[member 2] step 55200/234591 (ep 0.71) | loss 3.3235 [1d:3.326 1w:3.317 1m:3.323 6m:3.443] | lr 7.50e-05 | 5.7 it/s | eta 520m
[member 2] step 55300/234591 (ep 0.71) | loss 3.3226 [1d:3.319 1w:3.321 1m:3.331 6m:3.368] | lr 7.50e-05 | 5.8 it/s | eta 520m
[member 2] step 55400/234591 (ep 0.71) | loss 3.3145 [1d:3.323 1w:3.304 1m:3.311 6m:3.396] | lr 7.50e-05 | 5.8 it/s | eta 519m
[member 2] step 55500/234591 (ep 0.71) | loss 3.3117 [1d:3.323 1w:3.295 1m:3.327 6m:3.336] | lr 7.50e-05 | 5.8 it/s | eta 518m
[member 2] step 55600/234591 (ep 0.71) | loss 3.3128 [1d:3.324 1w:3.302 1m:3.303 6m:3.350] | lr 7.50e-05 | 5.8 it/s | eta 517m
[member 2] step 55700/234591 (ep 0.71) | loss 3.3126 [1d:3.318 1w:3.305 1m:3.311 6m:3.390] | lr 7.50e-05 | 5.8 it/s | eta 516m
[member 2] step 55800/234591 (ep 0.71) | loss 3.3169 [1d:3.329 1w:3.306 1m:3.304 6m:3.383] | lr 7.50e-05 | 5.8 it/s | eta 516m
[member 2] step 55900/234591 (ep 0.71) | loss 3.3268 [1d:3.331 1w:3.318 1m:3.333 6m:3.379] | lr 7.50e-05 | 5.8 it/s | eta 515m
[member 2] step 56000/234591 (ep 0.72) | loss 3.3240 [1d:3.328 1w:3.320 1m:3.318 6m:3.367] | lr 7.50e-05 | 5.8 it/s | eta 514m
[member 2] step 56100/234591 (ep 0.72) | loss 3.3116 [1d:3.317 1w:3.310 1m:3.296 6m:3.321] | lr 7.50e-05 | 5.8 it/s | eta 513m
[member 2] step 56200/234591 (ep 0.72) | loss 3.3143 [1d:3.322 1w:3.305 1m:3.311 6m:3.400] | lr 7.50e-05 | 5.8 it/s | eta 512m
[member 2] step 56300/234591 (ep 0.72) | loss 3.3137 [1d:3.323 1w:3.303 1m:3.305 6m:3.400] | lr 7.50e-05 | 5.8 it/s | eta 512m
[member 2] step 56400/234591 (ep 0.72) | loss 3.3120 [1d:3.316 1w:3.306 1m:3.311 6m:3.360] | lr 7.50e-05 | 5.8 it/s | eta 511m
[member 2] step 56500/234591 (ep 0.72) | loss 3.3175 [1d:3.324 1w:3.305 1m:3.332 6m:3.399] | lr 7.50e-05 | 5.8 it/s | eta 510m
[member 2] step 56600/234591 (ep 0.72) | loss 3.3164 [1d:3.330 1w:3.301 1m:3.313 6m:3.407] | lr 7.50e-05 | 5.8 it/s | eta 509m
[member 2] step 56700/234591 (ep 0.73) | loss 3.3141 [1d:3.323 1w:3.304 1m:3.307 6m:3.410] | lr 7.50e-05 | 5.8 it/s | eta 509m
[member 2] step 56800/234591 (ep 0.73) | loss 3.3225 [1d:3.328 1w:3.313 1m:3.326 6m:3.395] | lr 7.50e-05 | 5.8 it/s | eta 508m
[member 2] step 56900/234591 (ep 0.73) | loss 3.3147 [1d:3.321 1w:3.306 1m:3.314 6m:3.369] | lr 7.50e-05 | 5.8 it/s | eta 507m
[member 2] step 57000/234591 (ep 0.73) | loss 3.3144 [1d:3.321 1w:3.305 1m:3.311 6m:3.425] | lr 7.50e-05 | 5.8 it/s | eta 506m
[member 2] step 57100/234591 (ep 0.73) | loss 3.3139 [1d:3.316 1w:3.307 1m:3.324 6m:3.370] | lr 7.50e-05 | 5.9 it/s | eta 505m
[member 2] step 57200/234591 (ep 0.73) | loss 3.3124 [1d:3.315 1w:3.309 1m:3.304 6m:3.397] | lr 7.50e-05 | 5.9 it/s | eta 505m
[member 2] step 57300/234591 (ep 0.73) | loss 3.3183 [1d:3.317 1w:3.314 1m:3.339 6m:3.335] | lr 7.50e-05 | 5.9 it/s | eta 504m
[member 2] step 57400/234591 (ep 0.73) | loss 3.3173 [1d:3.319 1w:3.309 1m:3.337 6m:3.369] | lr 7.50e-05 | 5.9 it/s | eta 503m
[member 2] step 57500/234591 (ep 0.74) | loss 3.3260 [1d:3.326 1w:3.317 1m:3.350 6m:3.387] | lr 7.50e-05 | 5.9 it/s | eta 502m
[member 2] step 57600/234591 (ep 0.74) | loss 3.3106 [1d:3.313 1w:3.303 1m:3.320 6m:3.381] | lr 7.50e-05 | 5.9 it/s | eta 502m
[member 2] step 57700/234591 (ep 0.74) | loss 3.3077 [1d:3.317 1w:3.295 1m:3.307 6m:3.408] | lr 7.50e-05 | 5.9 it/s | eta 501m
[member 2] step 57800/234591 (ep 0.74) | loss 3.3188 [1d:3.327 1w:3.304 1m:3.334 6m:3.416] | lr 7.50e-05 | 5.9 it/s | eta 500m
[member 2] step 57900/234591 (ep 0.74) | loss 3.3172 [1d:3.328 1w:3.305 1m:3.316 6m:3.384] | lr 7.50e-05 | 5.9 it/s | eta 499m
[member 2] step 58000/234591 (ep 0.74) | loss 3.3134 [1d:3.317 1w:3.307 1m:3.315 6m:3.385] | lr 7.50e-05 | 5.9 it/s | eta 498m
[member 2] step 58100/234591 (ep 0.74) | loss 3.3154 [1d:3.325 1w:3.301 1m:3.325 6m:3.389] | lr 7.50e-05 | 5.9 it/s | eta 498m
[member 2] step 58200/234591 (ep 0.74) | loss 3.3137 [1d:3.318 1w:3.309 1m:3.310 6m:3.350] | lr 7.50e-05 | 5.9 it/s | eta 497m
[member 2] step 58300/234591 (ep 0.75) | loss 3.3137 [1d:3.324 1w:3.305 1m:3.298 6m:3.366] | lr 7.50e-05 | 5.9 it/s | eta 496m
[member 2] step 58400/234591 (ep 0.75) | loss 3.3201 [1d:3.328 1w:3.314 1m:3.310 6m:3.349] | lr 7.50e-05 | 5.9 it/s | eta 495m
[member 2] step 58500/234591 (ep 0.75) | loss 3.3136 [1d:3.321 1w:3.303 1m:3.316 6m:3.362] | lr 7.50e-05 | 5.9 it/s | eta 495m
[member 2] step 58600/234591 (ep 0.75) | loss 3.3161 [1d:3.318 1w:3.307 1m:3.331 6m:3.412] | lr 7.50e-05 | 5.9 it/s | eta 494m
[member 2] step 58700/234591 (ep 0.75) | loss 3.3204 [1d:3.320 1w:3.320 1m:3.321 6m:3.331] | lr 7.50e-05 | 5.9 it/s | eta 493m
[member 2] step 58800/234591 (ep 0.75) | loss 3.3175 [1d:3.319 1w:3.315 1m:3.310 6m:3.390] | lr 7.50e-05 | 5.9 it/s | eta 492m
[member 2] step 58900/234591 (ep 0.75) | loss 3.3156 [1d:3.322 1w:3.307 1m:3.311 6m:3.387] | lr 7.50e-05 | 6.0 it/s | eta 492m
[member 2] step 59000/234591 (ep 0.75) | loss 3.3134 [1d:3.317 1w:3.309 1m:3.309 6m:3.380] | lr 7.50e-05 | 6.0 it/s | eta 491m
[member 2] step 59100/234591 (ep 0.76) | loss 3.3193 [1d:3.324 1w:3.312 1m:3.325 6m:3.390] | lr 7.50e-05 | 6.0 it/s | eta 490m
[member 2] step 59200/234591 (ep 0.76) | loss 3.3229 [1d:3.322 1w:3.319 1m:3.333 6m:3.426] | lr 7.50e-05 | 6.0 it/s | eta 490m
[member 2] step 59300/234591 (ep 0.76) | loss 3.3130 [1d:3.321 1w:3.303 1m:3.312 6m:3.363] | lr 7.50e-05 | 6.0 it/s | eta 489m
[member 2] step 59400/234591 (ep 0.76) | loss 3.3167 [1d:3.318 1w:3.316 1m:3.310 6m:3.356] | lr 7.50e-05 | 6.0 it/s | eta 488m
[member 2] step 59500/234591 (ep 0.76) | loss 3.3169 [1d:3.323 1w:3.312 1m:3.302 6m:3.432] | lr 7.50e-05 | 6.0 it/s | eta 487m
[member 2] step 59600/234591 (ep 0.76) | loss 3.3162 [1d:3.328 1w:3.306 1m:3.303 6m:3.358] | lr 7.50e-05 | 6.0 it/s | eta 487m
[member 2] step 59700/234591 (ep 0.76) | loss 3.3145 [1d:3.318 1w:3.305 1m:3.329 6m:3.371] | lr 7.50e-05 | 6.0 it/s | eta 486m
[member 2] step 59800/234591 (ep 0.76) | loss 3.3129 [1d:3.319 1w:3.307 1m:3.309 6m:3.341] | lr 7.50e-05 | 6.0 it/s | eta 485m
[member 2] step 59900/234591 (ep 0.77) | loss 3.3106 [1d:3.315 1w:3.305 1m:3.307 6m:3.347] | lr 7.50e-05 | 6.0 it/s | eta 484m
[member 2] step 60000/234591 (ep 0.77) | loss 3.3140 [1d:3.318 1w:3.309 1m:3.321 6m:3.293] | lr 7.50e-05 | 6.0 it/s | eta 484m
[member 2] EVAL step 60000 (ep 0.77) | stop-score +2.545 (smoothed +2.894, best +4.571) | t1d +1.72/125d t1w +1.87/121d | cal_ce 3.3998 (36408 rows) | base 3.4251 BEAT | raw_tag0 3.4240 | lr_scale 0.250 | no-improve 13/20
[member 2] step 60100/234591 (ep 0.77) | loss 3.3116 [1d:3.314 1w:3.305 1m:3.321 6m:3.345] | lr 7.50e-05 | 6.0 it/s | eta 488m
[member 2] step 60200/234591 (ep 0.77) | loss 3.3132 [1d:3.324 1w:3.299 1m:3.311 6m:3.394] | lr 7.50e-05 | 6.0 it/s | eta 487m
[member 2] step 60300/234591 (ep 0.77) | loss 3.3128 [1d:3.322 1w:3.299 1m:3.322 6m:3.367] | lr 7.50e-05 | 6.0 it/s | eta 487m
[member 2] step 60400/234591 (ep 0.77) | loss 3.3136 [1d:3.324 1w:3.303 1m:3.299 6m:3.417] | lr 7.50e-05 | 6.0 it/s | eta 486m
[member 2] step 60500/234591 (ep 0.77) | loss 3.3122 [1d:3.325 1w:3.294 1m:3.321 6m:3.376] | lr 7.50e-05 | 6.0 it/s | eta 485m
[member 2] step 60600/234591 (ep 0.77) | loss 3.3192 [1d:3.325 1w:3.311 1m:3.318 6m:3.403] | lr 7.50e-05 | 6.0 it/s | eta 484m
[member 2] step 60700/234591 (ep 0.78) | loss 3.3111 [1d:3.326 1w:3.298 1m:3.302 6m:3.319] | lr 7.50e-05 | 6.0 it/s | eta 484m
[member 2] step 60800/234591 (ep 0.78) | loss 3.3029 [1d:3.305 1w:3.297 1m:3.308 6m:3.355] | lr 7.50e-05 | 6.0 it/s | eta 483m
[member 2] step 60900/234591 (ep 0.78) | loss 3.3138 [1d:3.314 1w:3.305 1m:3.340 6m:3.382] | lr 7.50e-05 | 6.0 it/s | eta 482m
[member 2] step 61000/234591 (ep 0.78) | loss 3.3191 [1d:3.324 1w:3.308 1m:3.332 6m:3.440] | lr 7.50e-05 | 6.0 it/s | eta 482m
[member 2] step 61100/234591 (ep 0.78) | loss 3.3170 [1d:3.324 1w:3.304 1m:3.329 6m:3.402] | lr 7.50e-05 | 6.0 it/s | eta 481m
[member 2] step 61200/234591 (ep 0.78) | loss 3.3115 [1d:3.321 1w:3.301 1m:3.315 6m:3.299] | lr 7.50e-05 | 6.0 it/s | eta 480m
[member 2] step 61300/234591 (ep 0.78) | loss 3.3147 [1d:3.320 1w:3.307 1m:3.320 6m:3.343] | lr 7.50e-05 | 6.0 it/s | eta 480m
[member 2] step 61400/234591 (ep 0.79) | loss 3.3153 [1d:3.316 1w:3.315 1m:3.316 6m:3.318] | lr 7.50e-05 | 6.0 it/s | eta 479m
[member 2] step 61500/234591 (ep 0.79) | loss 3.3186 [1d:3.328 1w:3.308 1m:3.313 6m:3.348] | lr 7.50e-05 | 6.0 it/s | eta 478m
[member 2] step 61600/234591 (ep 0.79) | loss 3.3134 [1d:3.319 1w:3.309 1m:3.304 6m:3.329] | lr 7.50e-05 | 6.0 it/s | eta 478m
[member 2] step 61700/234591 (ep 0.79) | loss 3.3151 [1d:3.321 1w:3.305 1m:3.314 6m:3.413] | lr 7.50e-05 | 6.0 it/s | eta 477m
[member 2] step 61800/234591 (ep 0.79) | loss 3.3206 [1d:3.321 1w:3.315 1m:3.332 6m:3.389] | lr 7.50e-05 | 6.0 it/s | eta 476m
[member 2] step 61900/234591 (ep 0.79) | loss 3.3169 [1d:3.325 1w:3.305 1m:3.333 6m:3.319] | lr 7.50e-05 | 6.1 it/s | eta 476m
[member 2] step 62000/234591 (ep 0.79) | loss 3.3110 [1d:3.317 1w:3.300 1m:3.320 6m:3.427] | lr 7.50e-05 | 6.1 it/s | eta 475m
[member 2] step 62100/234591 (ep 0.79) | loss 3.3131 [1d:3.319 1w:3.304 1m:3.306 6m:3.402] | lr 7.50e-05 | 6.1 it/s | eta 474m
[member 2] step 62200/234591 (ep 0.80) | loss 3.3130 [1d:3.316 1w:3.302 1m:3.339 6m:3.377] | lr 7.50e-05 | 6.1 it/s | eta 473m
[member 2] step 62300/234591 (ep 0.80) | loss 3.3150 [1d:3.321 1w:3.306 1m:3.314 6m:3.405] | lr 7.50e-05 | 6.1 it/s | eta 473m
[member 2] step 62400/234591 (ep 0.80) | loss 3.3123 [1d:3.326 1w:3.294 1m:3.326 6m:3.388] | lr 7.50e-05 | 6.1 it/s | eta 472m
[member 2] step 62500/234591 (ep 0.80) | loss 3.3117 [1d:3.316 1w:3.307 1m:3.310 6m:3.344] | lr 7.50e-05 | 6.1 it/s | eta 471m
[member 2] step 62600/234591 (ep 0.80) | loss 3.3178 [1d:3.326 1w:3.307 1m:3.323 6m:3.335] | lr 7.50e-05 | 6.1 it/s | eta 471m
[member 2] step 62700/234591 (ep 0.80) | loss 3.3113 [1d:3.321 1w:3.297 1m:3.322 6m:3.375] | lr 7.50e-05 | 6.1 it/s | eta 470m
[member 2] step 62800/234591 (ep 0.80) | loss 3.3151 [1d:3.317 1w:3.309 1m:3.318 6m:3.429] | lr 7.50e-05 | 6.1 it/s | eta 469m
[member 2] step 62900/234591 (ep 0.80) | loss 3.3151 [1d:3.324 1w:3.302 1m:3.327 6m:3.356] | lr 7.50e-05 | 6.1 it/s | eta 469m
[member 2] step 63000/234591 (ep 0.81) | loss 3.3083 [1d:3.313 1w:3.302 1m:3.306 6m:3.358] | lr 7.50e-05 | 6.1 it/s | eta 468m
[member 2] step 63100/234591 (ep 0.81) | loss 3.3183 [1d:3.326 1w:3.306 1m:3.323 6m:3.404] | lr 7.50e-05 | 6.1 it/s | eta 467m
[member 2] step 63200/234591 (ep 0.81) | loss 3.3149 [1d:3.321 1w:3.308 1m:3.311 6m:3.382] | lr 7.50e-05 | 6.1 it/s | eta 467m
[member 2] step 63300/234591 (ep 0.81) | loss 3.3171 [1d:3.321 1w:3.311 1m:3.312 6m:3.377] | lr 7.50e-05 | 6.1 it/s | eta 466m
[member 2] step 63400/234591 (ep 0.81) | loss 3.3181 [1d:3.329 1w:3.306 1m:3.311 6m:3.404] | lr 7.50e-05 | 6.1 it/s | eta 465m
[member 2] step 63500/234591 (ep 0.81) | loss 3.3165 [1d:3.318 1w:3.314 1m:3.308 6m:3.394] | lr 7.50e-05 | 6.1 it/s | eta 465m
[member 2] step 63600/234591 (ep 0.81) | loss 3.3107 [1d:3.310 1w:3.305 1m:3.327 6m:3.389] | lr 7.50e-05 | 6.1 it/s | eta 464m
[member 2] step 63700/234591 (ep 0.81) | loss 3.3109 [1d:3.313 1w:3.304 1m:3.326 6m:3.348] | lr 7.50e-05 | 6.1 it/s | eta 463m
[member 2] step 63800/234591 (ep 0.82) | loss 3.3098 [1d:3.318 1w:3.296 1m:3.328 6m:3.364] | lr 7.50e-05 | 6.2 it/s | eta 463m
[member 2] step 63900/234591 (ep 0.82) | loss 3.3274 [1d:3.330 1w:3.323 1m:3.321 6m:3.403] | lr 7.50e-05 | 6.2 it/s | eta 462m
[member 2] step 64000/234591 (ep 0.82) | loss 3.3118 [1d:3.312 1w:3.313 1m:3.300 6m:3.367] | lr 7.50e-05 | 6.2 it/s | eta 461m
[member 2] step 64100/234591 (ep 0.82) | loss 3.3067 [1d:3.315 1w:3.297 1m:3.303 6m:3.375] | lr 7.50e-05 | 6.2 it/s | eta 461m
[member 2] step 64200/234591 (ep 0.82) | loss 3.3166 [1d:3.317 1w:3.314 1m:3.314 6m:3.389] | lr 7.50e-05 | 6.2 it/s | eta 460m
[member 2] step 64300/234591 (ep 0.82) | loss 3.3108 [1d:3.318 1w:3.306 1m:3.303 6m:3.308] | lr 7.50e-05 | 6.2 it/s | eta 459m
[member 2] step 64400/234591 (ep 0.82) | loss 3.3101 [1d:3.321 1w:3.300 1m:3.294 6m:3.394] | lr 7.50e-05 | 6.2 it/s | eta 459m
[member 2] step 64500/234591 (ep 0.82) | loss 3.3046 [1d:3.303 1w:3.306 1m:3.292 6m:3.392] | lr 7.50e-05 | 6.2 it/s | eta 458m
[member 2] step 64600/234591 (ep 0.83) | loss 3.3144 [1d:3.314 1w:3.312 1m:3.324 6m:3.339] | lr 7.50e-05 | 6.2 it/s | eta 457m
[member 2] step 64700/234591 (ep 0.83) | loss 3.3143 [1d:3.321 1w:3.307 1m:3.306 6m:3.415] | lr 7.50e-05 | 6.2 it/s | eta 457m
[member 2] step 64800/234591 (ep 0.83) | loss 3.3042 [1d:3.310 1w:3.294 1m:3.311 6m:3.383] | lr 7.50e-05 | 6.2 it/s | eta 456m
[member 2] step 64900/234591 (ep 0.83) | loss 3.3065 [1d:3.313 1w:3.300 1m:3.298 6m:3.375] | lr 7.50e-05 | 6.2 it/s | eta 455m
[member 2] step 65000/234591 (ep 0.83) | loss 3.3085 [1d:3.313 1w:3.305 1m:3.294 6m:3.364] | lr 7.50e-05 | 6.2 it/s | eta 455m
[member 2] EVAL step 65000 (ep 0.83) | stop-score +2.644 (smoothed +2.644, best +4.571) | t1d +1.55/125d t1w +2.19/121d | cal_ce 3.4004 (36408 rows) | base 3.4251 BEAT | raw_tag0 3.4250 | lr_scale 0.250 | no-improve 14/20
[member 2] step 65100/234591 (ep 0.83) | loss 3.3150 [1d:3.316 1w:3.308 1m:3.329 6m:3.405] | lr 7.50e-05 | 6.2 it/s | eta 459m
[member 2] step 65200/234591 (ep 0.83) | loss 3.3116 [1d:3.321 1w:3.298 1m:3.320 6m:3.362] | lr 7.50e-05 | 6.2 it/s | eta 458m
[member 2] step 65300/234591 (ep 0.84) | loss 3.3149 [1d:3.319 1w:3.309 1m:3.312 6m:3.382] | lr 7.50e-05 | 6.2 it/s | eta 457m
[member 2] step 65400/234591 (ep 0.84) | loss 3.3122 [1d:3.318 1w:3.304 1m:3.316 6m:3.381] | lr 7.50e-05 | 6.2 it/s | eta 457m
[member 2] step 65500/234591 (ep 0.84) | loss 3.3192 [1d:3.327 1w:3.315 1m:3.297 6m:3.370] | lr 7.50e-05 | 6.2 it/s | eta 456m
[member 2] step 65600/234591 (ep 0.84) | loss 3.3146 [1d:3.322 1w:3.308 1m:3.300 6m:3.376] | lr 7.50e-05 | 6.2 it/s | eta 455m
[member 2] step 65700/234591 (ep 0.84) | loss 3.3109 [1d:3.317 1w:3.302 1m:3.311 6m:3.387] | lr 7.50e-05 | 6.2 it/s | eta 455m
[member 2] step 65800/234591 (ep 0.84) | loss 3.3137 [1d:3.318 1w:3.309 1m:3.307 6m:3.354] | lr 7.50e-05 | 6.2 it/s | eta 454m
[member 2] step 65900/234591 (ep 0.84) | loss 3.3141 [1d:3.316 1w:3.306 1m:3.328 6m:3.392] | lr 7.50e-05 | 6.2 it/s | eta 454m
[member 2] step 66000/234591 (ep 0.84) | loss 3.3241 [1d:3.331 1w:3.311 1m:3.337 6m:3.376] | lr 7.50e-05 | 6.2 it/s | eta 453m
[member 2] step 66100/234591 (ep 0.85) | loss 3.3117 [1d:3.320 1w:3.297 1m:3.324 6m:3.372] | lr 7.50e-05 | 6.2 it/s | eta 452m
[member 2] step 66200/234591 (ep 0.85) | loss 3.3152 [1d:3.317 1w:3.308 1m:3.319 6m:3.446] | lr 7.50e-05 | 6.2 it/s | eta 452m
[member 2] step 66300/234591 (ep 0.85) | loss 3.3067 [1d:3.303 1w:3.300 1m:3.333 6m:3.396] | lr 7.50e-05 | 6.2 it/s | eta 451m
[member 2] step 66400/234591 (ep 0.85) | loss 3.3088 [1d:3.311 1w:3.304 1m:3.311 6m:3.364] | lr 7.50e-05 | 6.2 it/s | eta 451m
[member 2] step 66500/234591 (ep 0.85) | loss 3.3063 [1d:3.309 1w:3.305 1m:3.292 6m:3.337] | lr 7.50e-05 | 6.2 it/s | eta 450m
[member 2] step 66600/234591 (ep 0.85) | loss 3.3111 [1d:3.315 1w:3.304 1m:3.311 6m:3.387] | lr 7.50e-05 | 6.2 it/s | eta 449m
[member 2] step 66700/234591 (ep 0.85) | loss 3.3086 [1d:3.310 1w:3.306 1m:3.304 6m:3.367] | lr 7.50e-05 | 6.2 it/s | eta 449m
[member 2] step 66800/234591 (ep 0.85) | loss 3.3184 [1d:3.326 1w:3.310 1m:3.320 6m:3.339] | lr 7.50e-05 | 6.2 it/s | eta 448m
[member 2] step 66900/234591 (ep 0.86) | loss 3.3106 [1d:3.309 1w:3.309 1m:3.320 6m:3.354] | lr 7.50e-05 | 6.2 it/s | eta 448m
[member 2] step 67000/234591 (ep 0.86) | loss 3.3120 [1d:3.313 1w:3.309 1m:3.314 6m:3.374] | lr 7.50e-05 | 6.3 it/s | eta 447m
[member 2] step 67100/234591 (ep 0.86) | loss 3.3063 [1d:3.314 1w:3.295 1m:3.305 6m:3.379] | lr 7.50e-05 | 6.3 it/s | eta 446m
[member 2] step 67200/234591 (ep 0.86) | loss 3.3040 [1d:3.309 1w:3.296 1m:3.309 6m:3.353] | lr 7.50e-05 | 6.3 it/s | eta 446m
[member 2] step 67300/234591 (ep 0.86) | loss 3.3000 [1d:3.304 1w:3.294 1m:3.301 6m:3.372] | lr 7.50e-05 | 6.3 it/s | eta 445m
[member 2] step 67400/234591 (ep 0.86) | loss 3.3047 [1d:3.312 1w:3.297 1m:3.300 6m:3.335] | lr 7.50e-05 | 6.3 it/s | eta 444m
[member 2] step 67500/234591 (ep 0.86) | loss 3.3109 [1d:3.315 1w:3.303 1m:3.311 6m:3.393] | lr 7.50e-05 | 6.3 it/s | eta 444m
[member 2] step 67600/234591 (ep 0.86) | loss 3.3115 [1d:3.328 1w:3.296 1m:3.303 6m:3.305] | lr 7.50e-05 | 6.3 it/s | eta 443m
[member 2] step 67700/234591 (ep 0.87) | loss 3.3190 [1d:3.321 1w:3.315 1m:3.314 6m:3.410] | lr 7.50e-05 | 6.3 it/s | eta 443m
[member 2] step 67800/234591 (ep 0.87) | loss 3.3018 [1d:3.308 1w:3.292 1m:3.306 6m:3.382] | lr 7.50e-05 | 6.3 it/s | eta 442m
[member 2] step 67900/234591 (ep 0.87) | loss 3.3077 [1d:3.309 1w:3.301 1m:3.318 6m:3.395] | lr 7.50e-05 | 6.3 it/s | eta 441m
[member 2] step 68000/234591 (ep 0.87) | loss 3.3137 [1d:3.312 1w:3.307 1m:3.336 6m:3.406] | lr 7.50e-05 | 6.3 it/s | eta 441m
[member 2] step 68100/234591 (ep 0.87) | loss 3.3082 [1d:3.313 1w:3.300 1m:3.303 6m:3.413] | lr 7.50e-05 | 6.3 it/s | eta 440m
[member 2] step 68200/234591 (ep 0.87) | loss 3.3048 [1d:3.307 1w:3.303 1m:3.293 6m:3.397] | lr 7.50e-05 | 6.3 it/s | eta 440m
[member 2] step 68300/234591 (ep 0.87) | loss 3.3074 [1d:3.311 1w:3.303 1m:3.301 6m:3.357] | lr 7.50e-05 | 6.3 it/s | eta 439m
[member 2] step 68400/234591 (ep 0.87) | loss 3.3109 [1d:3.321 1w:3.299 1m:3.299 6m:3.415] | lr 7.50e-05 | 6.3 it/s | eta 438m
[member 2] step 68500/234591 (ep 0.88) | loss 3.3080 [1d:3.317 1w:3.300 1m:3.303 6m:3.317] | lr 7.50e-05 | 6.3 it/s | eta 438m
[member 2] step 68600/234591 (ep 0.88) | loss 3.3055 [1d:3.313 1w:3.295 1m:3.299 6m:3.397] | lr 7.50e-05 | 6.3 it/s | eta 437m
[member 2] step 68700/234591 (ep 0.88) | loss 3.2972 [1d:3.309 1w:3.284 1m:3.300 6m:3.328] | lr 7.50e-05 | 6.3 it/s | eta 437m
[member 2] step 68800/234591 (ep 0.88) | loss 3.3165 [1d:3.322 1w:3.312 1m:3.306 6m:3.373] | lr 7.50e-05 | 6.3 it/s | eta 436m
[member 2] step 68900/234591 (ep 0.88) | loss 3.3184 [1d:3.321 1w:3.312 1m:3.328 6m:3.392] | lr 7.50e-05 | 6.3 it/s | eta 435m
[member 2] step 69000/234591 (ep 0.88) | loss 3.3117 [1d:3.322 1w:3.301 1m:3.295 6m:3.422] | lr 7.50e-05 | 6.3 it/s | eta 435m
[member 2] step 69100/234591 (ep 0.88) | loss 3.3082 [1d:3.309 1w:3.302 1m:3.315 6m:3.412] | lr 7.50e-05 | 6.4 it/s | eta 434m
[member 2] step 69200/234591 (ep 0.88) | loss 3.3081 [1d:3.307 1w:3.308 1m:3.308 6m:3.364] | lr 7.50e-05 | 6.4 it/s | eta 434m
[member 2] step 69300/234591 (ep 0.89) | loss 3.3160 [1d:3.324 1w:3.311 1m:3.295 6m:3.391] | lr 7.50e-05 | 6.4 it/s | eta 433m
[member 2] step 69400/234591 (ep 0.89) | loss 3.3163 [1d:3.324 1w:3.306 1m:3.314 6m:3.410] | lr 7.50e-05 | 6.4 it/s | eta 432m
[member 2] step 69500/234591 (ep 0.89) | loss 3.3093 [1d:3.316 1w:3.298 1m:3.315 6m:3.391] | lr 7.50e-05 | 6.4 it/s | eta 432m
[member 2] step 69600/234591 (ep 0.89) | loss 3.3152 [1d:3.316 1w:3.309 1m:3.323 6m:3.406] | lr 7.50e-05 | 6.4 it/s | eta 431m
[member 2] step 69700/234591 (ep 0.89) | loss 3.3168 [1d:3.323 1w:3.307 1m:3.316 6m:3.434] | lr 7.50e-05 | 6.4 it/s | eta 431m
[member 2] step 69800/234591 (ep 0.89) | loss 3.3081 [1d:3.312 1w:3.301 1m:3.308 6m:3.388] | lr 7.50e-05 | 6.4 it/s | eta 430m
[member 2] step 69900/234591 (ep 0.89) | loss 3.3155 [1d:3.324 1w:3.303 1m:3.322 6m:3.336] | lr 7.50e-05 | 6.4 it/s | eta 430m
[member 2] step 70000/234591 (ep 0.90) | loss 3.3155 [1d:3.321 1w:3.305 1m:3.326 6m:3.374] | lr 7.50e-05 | 6.4 it/s | eta 429m
[member 2] EVAL step 70000 (ep 0.90) | stop-score +2.599 (smoothed +2.599, best +4.571) | t1d +2.02/125d t1w +1.65/121d | cal_ce 3.4030 (36408 rows) | base 3.4251 BEAT | raw_tag0 3.4216 | lr_scale 0.250 | no-improve 15/20
[member 2] step 70100/234591 (ep 0.90) | loss 3.3159 [1d:3.324 1w:3.302 1m:3.332 6m:3.386] | lr 7.50e-05 | 6.3 it/s | eta 432m
[member 2] step 70200/234591 (ep 0.90) | loss 3.3140 [1d:3.321 1w:3.311 1m:3.292 6m:3.347] | lr 7.50e-05 | 6.3 it/s | eta 432m
[member 2] step 70300/234591 (ep 0.90) | loss 3.3102 [1d:3.311 1w:3.305 1m:3.319 6m:3.376] | lr 7.50e-05 | 6.3 it/s | eta 431m
[member 2] step 70400/234591 (ep 0.90) | loss 3.3155 [1d:3.310 1w:3.315 1m:3.319 6m:3.434] | lr 7.50e-05 | 6.4 it/s | eta 431m
[member 2] step 70500/234591 (ep 0.90) | loss 3.3043 [1d:3.306 1w:3.298 1m:3.310 6m:3.393] | lr 7.50e-05 | 6.4 it/s | eta 430m
[member 2] step 70600/234591 (ep 0.90) | loss 3.3143 [1d:3.322 1w:3.302 1m:3.324 6m:3.372] | lr 7.50e-05 | 6.4 it/s | eta 430m
[member 2] step 70700/234591 (ep 0.90) | loss 3.3118 [1d:3.321 1w:3.297 1m:3.332 6m:3.348] | lr 7.50e-05 | 6.4 it/s | eta 429m
[member 2] step 70800/234591 (ep 0.91) | loss 3.3054 [1d:3.312 1w:3.294 1m:3.317 6m:3.370] | lr 7.50e-05 | 6.4 it/s | eta 428m
[member 2] step 70900/234591 (ep 0.91) | loss 3.3030 [1d:3.315 1w:3.293 1m:3.291 6m:3.345] | lr 7.50e-05 | 6.4 it/s | eta 428m
[member 2] step 71000/234591 (ep 0.91) | loss 3.3147 [1d:3.319 1w:3.305 1m:3.326 6m:3.390] | lr 7.50e-05 | 6.4 it/s | eta 427m
[member 2] step 71100/234591 (ep 0.91) | loss 3.3129 [1d:3.318 1w:3.303 1m:3.319 6m:3.396] | lr 7.50e-05 | 6.4 it/s | eta 427m
[member 2] step 71200/234591 (ep 0.91) | loss 3.3109 [1d:3.317 1w:3.302 1m:3.305 6m:3.423] | lr 7.50e-05 | 6.4 it/s | eta 426m
[member 2] step 71300/234591 (ep 0.91) | loss 3.3013 [1d:3.303 1w:3.296 1m:3.305 6m:3.367] | lr 7.50e-05 | 6.4 it/s | eta 426m
[member 2] step 71400/234591 (ep 0.91) | loss 3.3043 [1d:3.317 1w:3.293 1m:3.293 6m:3.349] | lr 7.50e-05 | 6.4 it/s | eta 425m
[member 2] step 71500/234591 (ep 0.91) | loss 3.3055 [1d:3.315 1w:3.291 1m:3.311 6m:3.384] | lr 7.50e-05 | 6.4 it/s | eta 425m
[member 2] step 71600/234591 (ep 0.92) | loss 3.3133 [1d:3.316 1w:3.307 1m:3.317 6m:3.384] | lr 7.50e-05 | 6.4 it/s | eta 424m
[member 2] step 71700/234591 (ep 0.92) | loss 3.3136 [1d:3.324 1w:3.302 1m:3.308 6m:3.373] | lr 7.50e-05 | 6.4 it/s | eta 423m
[member 2] step 71800/234591 (ep 0.92) | loss 3.3146 [1d:3.321 1w:3.306 1m:3.316 6m:3.359] | lr 7.50e-05 | 6.4 it/s | eta 423m
[member 2] step 71900/234591 (ep 0.92) | loss 3.3047 [1d:3.314 1w:3.297 1m:3.286 6m:3.389] | lr 7.50e-05 | 6.4 it/s | eta 422m
[member 2] step 72000/234591 (ep 0.92) | loss 3.3192 [1d:3.329 1w:3.309 1m:3.319 6m:3.358] | lr 7.50e-05 | 6.4 it/s | eta 422m
[member 2] step 72100/234591 (ep 0.92) | loss 3.3064 [1d:3.306 1w:3.302 1m:3.315 6m:3.388] | lr 7.50e-05 | 6.4 it/s | eta 421m
[member 2] step 72200/234591 (ep 0.92) | loss 3.3097 [1d:3.308 1w:3.305 1m:3.318 6m:3.404] | lr 7.50e-05 | 6.4 it/s | eta 421m
[member 2] step 72300/234591 (ep 0.92) | loss 3.3072 [1d:3.314 1w:3.298 1m:3.308 6m:3.362] | lr 7.50e-05 | 6.4 it/s | eta 420m
[member 2] step 72400/234591 (ep 0.93) | loss 3.3116 [1d:3.316 1w:3.307 1m:3.309 6m:3.352] | lr 7.50e-05 | 6.4 it/s | eta 420m
[member 2] step 72500/234591 (ep 0.93) | loss 3.3086 [1d:3.312 1w:3.300 1m:3.318 6m:3.380] | lr 7.50e-05 | 6.4 it/s | eta 419m
[member 2] step 72600/234591 (ep 0.93) | loss 3.3000 [1d:3.306 1w:3.291 1m:3.300 6m:3.351] | lr 7.50e-05 | 6.5 it/s | eta 418m
[member 2] step 72700/234591 (ep 0.93) | loss 3.3115 [1d:3.309 1w:3.308 1m:3.330 6m:3.378] | lr 7.50e-05 | 6.5 it/s | eta 418m
[member 2] step 72800/234591 (ep 0.93) | loss 3.3036 [1d:3.308 1w:3.297 1m:3.306 6m:3.354] | lr 7.50e-05 | 6.5 it/s | eta 417m
[member 2] step 72900/234591 (ep 0.93) | loss 3.3102 [1d:3.314 1w:3.302 1m:3.313 6m:3.396] | lr 7.50e-05 | 6.5 it/s | eta 417m
[member 2] step 73000/234591 (ep 0.93) | loss 3.3069 [1d:3.321 1w:3.296 1m:3.280 6m:3.348] | lr 7.50e-05 | 6.5 it/s | eta 416m
[member 2] step 73100/234591 (ep 0.93) | loss 3.3083 [1d:3.324 1w:3.293 1m:3.299 6m:3.359] | lr 7.50e-05 | 6.5 it/s | eta 416m
[member 2] step 73200/234591 (ep 0.94) | loss 3.3119 [1d:3.319 1w:3.306 1m:3.300 6m:3.378] | lr 7.50e-05 | 6.5 it/s | eta 415m
[member 2] step 73300/234591 (ep 0.94) | loss 3.3150 [1d:3.318 1w:3.312 1m:3.302 6m:3.407] | lr 7.50e-05 | 6.5 it/s | eta 415m
[member 2] step 73400/234591 (ep 0.94) | loss 3.3095 [1d:3.321 1w:3.297 1m:3.301 6m:3.399] | lr 7.50e-05 | 6.5 it/s | eta 414m
[member 2] step 73500/234591 (ep 0.94) | loss 3.3139 [1d:3.318 1w:3.312 1m:3.300 6m:3.368] | lr 7.50e-05 | 6.5 it/s | eta 413m
[member 2] step 73600/234591 (ep 0.94) | loss 3.3097 [1d:3.318 1w:3.301 1m:3.304 6m:3.387] | lr 7.50e-05 | 6.5 it/s | eta 413m
[member 2] step 73700/234591 (ep 0.94) | loss 3.3082 [1d:3.317 1w:3.301 1m:3.300 6m:3.329] | lr 7.50e-05 | 6.5 it/s | eta 412m
[member 2] step 73800/234591 (ep 0.94) | loss 3.3010 [1d:3.307 1w:3.292 1m:3.307 6m:3.337] | lr 7.50e-05 | 6.5 it/s | eta 412m
[member 2] step 73900/234591 (ep 0.95) | loss 3.3054 [1d:3.315 1w:3.294 1m:3.299 6m:3.352] | lr 7.50e-05 | 6.5 it/s | eta 411m
[member 2] step 74000/234591 (ep 0.95) | loss 3.3079 [1d:3.313 1w:3.298 1m:3.317 6m:3.351] | lr 7.50e-05 | 6.5 it/s | eta 411m
[member 2] step 74100/234591 (ep 0.95) | loss 3.3138 [1d:3.321 1w:3.303 1m:3.325 6m:3.335] | lr 7.50e-05 | 6.5 it/s | eta 410m
[member 2] step 74200/234591 (ep 0.95) | loss 3.3134 [1d:3.321 1w:3.305 1m:3.312 6m:3.334] | lr 7.50e-05 | 6.5 it/s | eta 410m
[member 2] step 74300/234591 (ep 0.95) | loss 3.3189 [1d:3.322 1w:3.316 1m:3.313 6m:3.393] | lr 7.50e-05 | 6.5 it/s | eta 409m
[member 2] step 74400/234591 (ep 0.95) | loss 3.3159 [1d:3.323 1w:3.311 1m:3.304 6m:3.335] | lr 7.50e-05 | 6.5 it/s | eta 409m
[member 2] step 74500/234591 (ep 0.95) | loss 3.3148 [1d:3.332 1w:3.298 1m:3.302 6m:3.382] | lr 7.50e-05 | 6.5 it/s | eta 408m
[member 2] step 74600/234591 (ep 0.95) | loss 3.3095 [1d:3.311 1w:3.300 1m:3.326 6m:3.397] | lr 7.50e-05 | 6.5 it/s | eta 408m
[member 2] step 74700/234591 (ep 0.96) | loss 3.3146 [1d:3.319 1w:3.304 1m:3.336 6m:3.330] | lr 7.50e-05 | 6.5 it/s | eta 407m
[member 2] step 74800/234591 (ep 0.96) | loss 3.3078 [1d:3.311 1w:3.303 1m:3.311 6m:3.348] | lr 7.50e-05 | 6.6 it/s | eta 407m
[member 2] step 74900/234591 (ep 0.96) | loss 3.3044 [1d:3.316 1w:3.295 1m:3.288 6m:3.345] | lr 7.50e-05 | 6.6 it/s | eta 406m
[member 2] step 75000/234591 (ep 0.96) | loss 3.3006 [1d:3.303 1w:3.294 1m:3.308 6m:3.357] | lr 7.50e-05 | 6.6 it/s | eta 405m
[member 2] LR DROP -> 3.75e-05 (scale 0.125) after 4 no-improve evals (train declining, cal-CE regressing)
[member 2] EVAL step 75000 (ep 0.96) | stop-score +2.328 (smoothed +2.599, best +4.571) | t1d +1.56/125d t1w +1.73/121d | cal_ce 3.4063 (36408 rows) | base 3.4251 BEAT | raw_tag0 3.4388 | lr_scale 0.125 | no-improve 16/20
[member 2] step 75100/234591 (ep 0.96) | loss 3.2979 [1d:3.304 1w:3.286 1m:3.309 6m:3.355] | lr 3.75e-05 | 6.5 it/s | eta 409m
[member 2] step 75200/234591 (ep 0.96) | loss 3.3057 [1d:3.319 1w:3.294 1m:3.293 6m:3.350] | lr 3.75e-05 | 6.5 it/s | eta 408m
[member 2] step 75300/234591 (ep 0.96) | loss 3.3102 [1d:3.318 1w:3.300 1m:3.305 6m:3.405] | lr 3.75e-05 | 6.5 it/s | eta 407m
[member 2] step 75400/234591 (ep 0.96) | loss 3.3094 [1d:3.312 1w:3.301 1m:3.328 6m:3.370] | lr 3.75e-05 | 6.5 it/s | eta 407m
[member 2] step 75500/234591 (ep 0.97) | loss 3.3028 [1d:3.303 1w:3.304 1m:3.288 6m:3.380] | lr 3.75e-05 | 6.5 it/s | eta 406m
[member 2] step 75600/234591 (ep 0.97) | loss 3.3026 [1d:3.311 1w:3.292 1m:3.302 6m:3.358] | lr 3.75e-05 | 6.5 it/s | eta 406m
[member 2] step 75700/234591 (ep 0.97) | loss 3.3075 [1d:3.316 1w:3.293 1m:3.323 6m:3.384] | lr 3.75e-05 | 6.5 it/s | eta 405m
[member 2] step 75800/234591 (ep 0.97) | loss 3.3042 [1d:3.310 1w:3.295 1m:3.309 6m:3.403] | lr 3.75e-05 | 6.5 it/s | eta 405m
[member 2] step 75900/234591 (ep 0.97) | loss 3.3062 [1d:3.309 1w:3.299 1m:3.317 6m:3.356] | lr 3.75e-05 | 6.5 it/s | eta 404m
[member 2] step 76000/234591 (ep 0.97) | loss 3.3049 [1d:3.314 1w:3.293 1m:3.301 6m:3.391] | lr 3.75e-05 | 6.5 it/s | eta 404m
[member 2] step 76100/234591 (ep 0.97) | loss 3.3118 [1d:3.320 1w:3.305 1m:3.301 6m:3.339] | lr 3.75e-05 | 6.5 it/s | eta 403m
[member 2] step 76200/234591 (ep 0.97) | loss 3.3032 [1d:3.316 1w:3.289 1m:3.301 6m:3.363] | lr 3.75e-05 | 6.6 it/s | eta 403m
[member 2] step 76300/234591 (ep 0.98) | loss 3.3150 [1d:3.325 1w:3.303 1m:3.313 6m:3.373] | lr 3.75e-05 | 6.6 it/s | eta 402m
[member 2] step 76400/234591 (ep 0.98) | loss 3.3006 [1d:3.308 1w:3.286 1m:3.317 6m:3.360] | lr 3.75e-05 | 6.6 it/s | eta 402m
[member 2] step 76500/234591 (ep 0.98) | loss 3.3040 [1d:3.308 1w:3.295 1m:3.311 6m:3.395] | lr 3.75e-05 | 6.6 it/s | eta 401m
[member 2] step 76600/234591 (ep 0.98) | loss 3.3010 [1d:3.303 1w:3.295 1m:3.309 6m:3.360] | lr 3.75e-05 | 6.6 it/s | eta 401m
[member 2] step 76700/234591 (ep 0.98) | loss 3.2951 [1d:3.303 1w:3.285 1m:3.289 6m:3.373] | lr 3.75e-05 | 6.6 it/s | eta 400m
[member 2] step 76800/234591 (ep 0.98) | loss 3.3040 [1d:3.312 1w:3.295 1m:3.300 6m:3.341] | lr 3.75e-05 | 6.6 it/s | eta 400m
[member 2] step 76900/234591 (ep 0.98) | loss 3.3064 [1d:3.303 1w:3.299 1m:3.337 6m:3.339] | lr 3.75e-05 | 6.6 it/s | eta 399m
[member 2] step 77000/234591 (ep 0.98) | loss 3.2983 [1d:3.307 1w:3.293 1m:3.279 6m:3.328] | lr 3.75e-05 | 6.6 it/s | eta 399m
[member 2] step 77100/234591 (ep 0.99) | loss 3.3028 [1d:3.311 1w:3.295 1m:3.289 6m:3.403] | lr 3.75e-05 | 6.6 it/s | eta 398m
[member 2] step 77200/234591 (ep 0.99) | loss 3.2961 [1d:3.305 1w:3.283 1m:3.298 6m:3.348] | lr 3.75e-05 | 6.6 it/s | eta 398m
[member 2] step 77300/234591 (ep 0.99) | loss 3.2982 [1d:3.305 1w:3.292 1m:3.287 6m:3.383] | lr 3.75e-05 | 6.6 it/s | eta 397m
[member 2] step 77400/234591 (ep 0.99) | loss 3.2999 [1d:3.302 1w:3.295 1m:3.303 6m:3.364] | lr 3.75e-05 | 6.6 it/s | eta 397m
[member 2] step 77500/234591 (ep 0.99) | loss 3.3038 [1d:3.309 1w:3.294 1m:3.312 6m:3.376] | lr 3.75e-05 | 6.6 it/s | eta 396m
[member 2] step 77600/234591 (ep 0.99) | loss 3.3092 [1d:3.326 1w:3.292 1m:3.294 6m:3.409] | lr 3.75e-05 | 6.6 it/s | eta 396m
[member 2] step 77700/234591 (ep 0.99) | loss 3.2977 [1d:3.300 1w:3.300 1m:3.275 6m:3.350] | lr 3.75e-05 | 6.6 it/s | eta 395m
[member 2] step 77800/234591 (ep 0.99) | loss 3.3012 [1d:3.311 1w:3.296 1m:3.278 6m:3.369] | lr 3.75e-05 | 6.6 it/s | eta 395m
[member 2] step 77900/234591 (ep 1.00) | loss 3.2980 [1d:3.309 1w:3.289 1m:3.286 6m:3.303] | lr 3.75e-05 | 6.6 it/s | eta 394m
[member 2] step 78000/234591 (ep 1.00) | loss 3.3007 [1d:3.308 1w:3.293 1m:3.296 6m:3.310] | lr 3.75e-05 | 6.6 it/s | eta 394m
[member 2] step 78100/234591 (ep 1.00) | loss 3.3010 [1d:3.307 1w:3.296 1m:3.288 6m:3.375] | lr 3.75e-05 | 6.6 it/s | eta 393m
[member 2] step 78200/234591 (ep 1.00) | loss 3.3031 [1d:3.317 1w:3.296 1m:3.278 6m:3.327] | lr 3.75e-05 | 6.6 it/s | eta 393m
[member 2] step 78300/234591 (ep 1.00) | loss 3.2981 [1d:3.309 1w:3.281 1m:3.317 6m:3.314] | lr 3.75e-05 | 6.6 it/s | eta 392m
[member 2] step 78400/234591 (ep 1.00) | loss 3.2971 [1d:3.309 1w:3.285 1m:3.291 6m:3.356] | lr 3.75e-05 | 6.6 it/s | eta 392m
[member 2] step 78500/234591 (ep 1.00) | loss 3.2953 [1d:3.307 1w:3.284 1m:3.282 6m:3.359] | lr 3.75e-05 | 6.6 it/s | eta 391m
[member 2] step 78600/234591 (ep 1.01) | loss 3.2999 [1d:3.310 1w:3.288 1m:3.302 6m:3.339] | lr 3.75e-05 | 6.7 it/s | eta 391m
[member 2] step 78700/234591 (ep 1.01) | loss 3.3044 [1d:3.311 1w:3.297 1m:3.307 6m:3.312] | lr 3.75e-05 | 6.7 it/s | eta 390m
[member 2] step 78800/234591 (ep 1.01) | loss 3.2991 [1d:3.311 1w:3.285 1m:3.301 6m:3.336] | lr 3.75e-05 | 6.7 it/s | eta 390m
[member 2] step 78900/234591 (ep 1.01) | loss 3.3063 [1d:3.309 1w:3.304 1m:3.300 6m:3.354] | lr 3.75e-05 | 6.7 it/s | eta 389m
[member 2] step 79000/234591 (ep 1.01) | loss 3.3005 [1d:3.307 1w:3.288 1m:3.306 6m:3.412] | lr 3.75e-05 | 6.7 it/s | eta 389m
[member 2] step 79100/234591 (ep 1.01) | loss 3.3003 [1d:3.306 1w:3.291 1m:3.309 6m:3.312] | lr 3.75e-05 | 6.7 it/s | eta 388m
[member 2] step 79200/234591 (ep 1.01) | loss 3.3038 [1d:3.316 1w:3.297 1m:3.276 6m:3.346] | lr 3.75e-05 | 6.7 it/s | eta 388m
[member 2] step 79300/234591 (ep 1.01) | loss 3.3018 [1d:3.308 1w:3.295 1m:3.297 6m:3.358] | lr 3.75e-05 | 6.7 it/s | eta 387m
[member 2] step 79400/234591 (ep 1.02) | loss 3.2926 [1d:3.302 1w:3.284 1m:3.283 6m:3.341] | lr 3.75e-05 | 6.7 it/s | eta 387m
[member 2] step 79500/234591 (ep 1.02) | loss 3.3020 [1d:3.310 1w:3.290 1m:3.306 6m:3.382] | lr 3.75e-05 | 6.7 it/s | eta 386m
[member 2] step 79600/234591 (ep 1.02) | loss 3.2963 [1d:3.304 1w:3.284 1m:3.301 6m:3.384] | lr 3.75e-05 | 6.7 it/s | eta 386m
[member 2] step 79700/234591 (ep 1.02) | loss 3.2954 [1d:3.300 1w:3.289 1m:3.295 6m:3.327] | lr 3.75e-05 | 6.7 it/s | eta 385m
[member 2] step 79800/234591 (ep 1.02) | loss 3.2987 [1d:3.305 1w:3.291 1m:3.298 6m:3.322] | lr 3.75e-05 | 6.7 it/s | eta 385m
[member 2] step 79900/234591 (ep 1.02) | loss 3.2943 [1d:3.306 1w:3.281 1m:3.288 6m:3.402] | lr 3.75e-05 | 6.7 it/s | eta 384m
[member 2] step 80000/234591 (ep 1.02) | loss 3.3051 [1d:3.315 1w:3.290 1m:3.318 6m:3.342] | lr 3.75e-05 | 6.7 it/s | eta 384m
[member 2] EVAL step 80000 (ep 1.02) | stop-score +1.995 (smoothed +2.328, best +4.571) | t1d +1.48/125d t1w +1.34/121d | cal_ce 3.4097 (36408 rows) | base 3.4251 BEAT | raw_tag0 3.4354 | lr_scale 0.125 | no-improve 17/20
[member 2] step 80100/234591 (ep 1.02) | loss 3.2996 [1d:3.310 1w:3.287 1m:3.298 6m:3.381] | lr 3.75e-05 | 6.7 it/s | eta 387m
[member 2] step 80200/234591 (ep 1.03) | loss 3.2956 [1d:3.299 1w:3.288 1m:3.293 6m:3.425] | lr 3.75e-05 | 6.7 it/s | eta 386m
[member 2] step 80300/234591 (ep 1.03) | loss 3.2941 [1d:3.301 1w:3.287 1m:3.280 6m:3.403] | lr 3.75e-05 | 6.7 it/s | eta 386m
[member 2] step 80400/234591 (ep 1.03) | loss 3.3000 [1d:3.308 1w:3.290 1m:3.295 6m:3.383] | lr 3.75e-05 | 6.7 it/s | eta 385m
[member 2] step 80500/234591 (ep 1.03) | loss 3.2974 [1d:3.308 1w:3.289 1m:3.281 6m:3.326] | lr 3.75e-05 | 6.7 it/s | eta 385m
[member 2] step 80600/234591 (ep 1.03) | loss 3.2939 [1d:3.308 1w:3.279 1m:3.289 6m:3.356] | lr 3.75e-05 | 6.7 it/s | eta 384m
[member 2] step 80700/234591 (ep 1.03) | loss 3.3037 [1d:3.306 1w:3.297 1m:3.308 6m:3.399] | lr 3.75e-05 | 6.7 it/s | eta 384m
[member 2] step 80800/234591 (ep 1.03) | loss 3.3001 [1d:3.310 1w:3.287 1m:3.301 6m:3.377] | lr 3.75e-05 | 6.7 it/s | eta 383m
[member 2] step 80900/234591 (ep 1.03) | loss 3.2987 [1d:3.309 1w:3.286 1m:3.295 6m:3.375] | lr 3.75e-05 | 6.7 it/s | eta 383m
[member 2] step 81000/234591 (ep 1.04) | loss 3.3006 [1d:3.312 1w:3.285 1m:3.305 6m:3.377] | lr 3.75e-05 | 6.7 it/s | eta 382m
[member 2] step 81100/234591 (ep 1.04) | loss 3.2891 [1d:3.297 1w:3.282 1m:3.276 6m:3.364] | lr 3.75e-05 | 6.7 it/s | eta 382m
[member 2] step 81200/234591 (ep 1.04) | loss 3.3016 [1d:3.311 1w:3.289 1m:3.294 6m:3.404] | lr 3.75e-05 | 6.7 it/s | eta 381m
[member 2] step 81300/234591 (ep 1.04) | loss 3.3016 [1d:3.316 1w:3.286 1m:3.294 6m:3.365] | lr 3.75e-05 | 6.7 it/s | eta 381m
[member 2] step 81400/234591 (ep 1.04) | loss 3.3005 [1d:3.308 1w:3.290 1m:3.293 6m:3.429] | lr 3.75e-05 | 6.7 it/s | eta 380m
[member 2] step 81500/234591 (ep 1.04) | loss 3.2955 [1d:3.311 1w:3.282 1m:3.272 6m:3.382] | lr 3.75e-05 | 6.7 it/s | eta 380m
[member 2] step 81600/234591 (ep 1.04) | loss 3.2993 [1d:3.308 1w:3.287 1m:3.298 6m:3.383] | lr 3.75e-05 | 6.7 it/s | eta 379m
[member 2] step 81700/234591 (ep 1.04) | loss 3.2980 [1d:3.308 1w:3.288 1m:3.281 6m:3.394] | lr 3.75e-05 | 6.7 it/s | eta 379m
[member 2] step 81800/234591 (ep 1.05) | loss 3.3013 [1d:3.309 1w:3.289 1m:3.315 6m:3.353] | lr 3.75e-05 | 6.7 it/s | eta 379m
[member 2] step 81900/234591 (ep 1.05) | loss 3.3029 [1d:3.315 1w:3.288 1m:3.305 6m:3.354] | lr 3.75e-05 | 6.7 it/s | eta 378m
[member 2] step 82000/234591 (ep 1.05) | loss 3.3081 [1d:3.319 1w:3.295 1m:3.303 6m:3.393] | lr 3.75e-05 | 6.7 it/s | eta 378m
[member 2] step 82100/234591 (ep 1.05) | loss 3.2960 [1d:3.303 1w:3.287 1m:3.295 6m:3.319] | lr 3.75e-05 | 6.7 it/s | eta 377m
[member 2] step 82200/234591 (ep 1.05) | loss 3.2998 [1d:3.314 1w:3.287 1m:3.291 6m:3.302] | lr 3.75e-05 | 6.7 it/s | eta 377m
[member 2] step 82300/234591 (ep 1.05) | loss 3.2988 [1d:3.309 1w:3.286 1m:3.297 6m:3.380] | lr 3.75e-05 | 6.7 it/s | eta 376m
[member 2] step 82400/234591 (ep 1.05) | loss 3.3035 [1d:3.311 1w:3.293 1m:3.306 6m:3.357] | lr 3.75e-05 | 6.8 it/s | eta 376m
[member 2] step 82500/234591 (ep 1.06) | loss 3.3009 [1d:3.311 1w:3.291 1m:3.288 6m:3.337] | lr 3.75e-05 | 6.8 it/s | eta 375m
[member 2] step 82600/234591 (ep 1.06) | loss 3.3056 [1d:3.316 1w:3.297 1m:3.293 6m:3.319] | lr 3.75e-05 | 6.8 it/s | eta 375m
[member 2] step 82700/234591 (ep 1.06) | loss 3.3064 [1d:3.316 1w:3.297 1m:3.297 6m:3.378] | lr 3.75e-05 | 6.8 it/s | eta 374m
[member 2] step 82800/234591 (ep 1.06) | loss 3.2989 [1d:3.309 1w:3.290 1m:3.284 6m:3.367] | lr 3.75e-05 | 6.8 it/s | eta 374m
[member 2] step 82900/234591 (ep 1.06) | loss 3.2958 [1d:3.298 1w:3.291 1m:3.298 6m:3.359] | lr 3.75e-05 | 6.8 it/s | eta 373m
[member 2] step 83000/234591 (ep 1.06) | loss 3.2931 [1d:3.300 1w:3.281 1m:3.304 6m:3.348] | lr 3.75e-05 | 6.8 it/s | eta 373m
[member 2] step 83100/234591 (ep 1.06) | loss 3.3031 [1d:3.310 1w:3.294 1m:3.294 6m:3.422] | lr 3.75e-05 | 6.8 it/s | eta 372m
[member 2] step 83200/234591 (ep 1.06) | loss 3.2903 [1d:3.302 1w:3.284 1m:3.259 6m:3.364] | lr 3.75e-05 | 6.8 it/s | eta 372m
[member 2] step 83300/234591 (ep 1.07) | loss 3.2988 [1d:3.319 1w:3.282 1m:3.278 6m:3.341] | lr 3.75e-05 | 6.8 it/s | eta 371m
[member 2] step 83400/234591 (ep 1.07) | loss 3.3036 [1d:3.322 1w:3.289 1m:3.287 6m:3.320] | lr 3.75e-05 | 6.8 it/s | eta 371m
[member 2] step 83500/234591 (ep 1.07) | loss 3.2964 [1d:3.307 1w:3.286 1m:3.296 6m:3.307] | lr 3.75e-05 | 6.8 it/s | eta 371m
[member 2] step 83600/234591 (ep 1.07) | loss 3.3006 [1d:3.311 1w:3.290 1m:3.301 6m:3.305] | lr 3.75e-05 | 6.8 it/s | eta 370m
[member 2] step 83700/234591 (ep 1.07) | loss 3.2931 [1d:3.297 1w:3.291 1m:3.279 6m:3.349] | lr 3.75e-05 | 6.8 it/s | eta 370m
[member 2] step 83800/234591 (ep 1.07) | loss 3.2997 [1d:3.308 1w:3.293 1m:3.283 6m:3.345] | lr 3.75e-05 | 6.8 it/s | eta 369m
[member 2] step 83900/234591 (ep 1.07) | loss 3.2933 [1d:3.308 1w:3.281 1m:3.279 6m:3.328] | lr 3.75e-05 | 6.8 it/s | eta 369m
[member 2] step 84000/234591 (ep 1.07) | loss 3.2953 [1d:3.308 1w:3.280 1m:3.296 6m:3.345] | lr 3.75e-05 | 6.8 it/s | eta 368m
[member 2] step 84100/234591 (ep 1.08) | loss 3.3012 [1d:3.311 1w:3.289 1m:3.302 6m:3.366] | lr 3.75e-05 | 6.8 it/s | eta 368m
[member 2] step 84200/234591 (ep 1.08) | loss 3.2872 [1d:3.292 1w:3.281 1m:3.286 6m:3.323] | lr 3.75e-05 | 6.8 it/s | eta 367m
[member 2] step 84300/234591 (ep 1.08) | loss 3.2972 [1d:3.302 1w:3.293 1m:3.287 6m:3.336] | lr 3.75e-05 | 6.8 it/s | eta 367m
[member 2] step 84400/234591 (ep 1.08) | loss 3.2916 [1d:3.299 1w:3.285 1m:3.277 6m:3.365] | lr 3.75e-05 | 6.8 it/s | eta 366m
[member 2] step 84500/234591 (ep 1.08) | loss 3.2989 [1d:3.310 1w:3.291 1m:3.274 6m:3.387] | lr 3.75e-05 | 6.8 it/s | eta 366m
[member 2] step 84600/234591 (ep 1.08) | loss 3.3034 [1d:3.313 1w:3.296 1m:3.295 6m:3.300] | lr 3.75e-05 | 6.8 it/s | eta 366m
[member 2] step 84700/234591 (ep 1.08) | loss 3.2985 [1d:3.312 1w:3.283 1m:3.305 6m:3.340] | lr 3.75e-05 | 6.8 it/s | eta 365m
[member 2] step 84800/234591 (ep 1.08) | loss 3.2996 [1d:3.305 1w:3.288 1m:3.313 6m:3.365] | lr 3.75e-05 | 6.8 it/s | eta 365m
[member 2] step 84900/234591 (ep 1.09) | loss 3.3079 [1d:3.315 1w:3.296 1m:3.321 6m:3.424] | lr 3.75e-05 | 6.9 it/s | eta 364m
[member 2] step 85000/234591 (ep 1.09) | loss 3.2960 [1d:3.304 1w:3.283 1m:3.311 6m:3.344] | lr 3.75e-05 | 6.9 it/s | eta 364m
[member 2] EVAL step 85000 (ep 1.09) | stop-score +2.323 (smoothed +2.323, best +4.571) | t1d +1.71/125d t1w +1.58/121d | cal_ce 3.4070 (36408 rows) | base 3.4251 BEAT | raw_tag0 3.4349 | lr_scale 0.125 | no-improve 18/20
[member 2] step 85100/234591 (ep 1.09) | loss 3.2939 [1d:3.300 1w:3.286 1m:3.288 6m:3.389] | lr 3.75e-05 | 6.8 it/s | eta 366m
[member 2] step 85200/234591 (ep 1.09) | loss 3.3007 [1d:3.302 1w:3.294 1m:3.304 6m:3.394] | lr 3.75e-05 | 6.8 it/s | eta 365m
[member 2] step 85300/234591 (ep 1.09) | loss 3.3005 [1d:3.315 1w:3.289 1m:3.285 6m:3.309] | lr 3.75e-05 | 6.8 it/s | eta 365m
[member 2] step 85400/234591 (ep 1.09) | loss 3.3003 [1d:3.312 1w:3.285 1m:3.307 6m:3.343] | lr 3.75e-05 | 6.8 it/s | eta 364m
[member 2] step 85500/234591 (ep 1.09) | loss 3.2984 [1d:3.307 1w:3.287 1m:3.309 6m:3.304] | lr 3.75e-05 | 6.8 it/s | eta 364m
[member 2] step 85600/234591 (ep 1.09) | loss 3.2995 [1d:3.307 1w:3.291 1m:3.295 6m:3.363] | lr 3.75e-05 | 6.8 it/s | eta 363m
[member 2] step 85700/234591 (ep 1.10) | loss 3.3020 [1d:3.306 1w:3.293 1m:3.308 6m:3.417] | lr 3.75e-05 | 6.8 it/s | eta 363m
[member 2] step 85800/234591 (ep 1.10) | loss 3.2977 [1d:3.308 1w:3.285 1m:3.294 6m:3.372] | lr 3.75e-05 | 6.8 it/s | eta 363m
[member 2] step 85900/234591 (ep 1.10) | loss 3.2970 [1d:3.303 1w:3.289 1m:3.295 6m:3.358] | lr 3.75e-05 | 6.8 it/s | eta 362m
[member 2] step 86000/234591 (ep 1.10) | loss 3.2977 [1d:3.311 1w:3.285 1m:3.285 6m:3.376] | lr 3.75e-05 | 6.8 it/s | eta 362m
[member 2] step 86100/234591 (ep 1.10) | loss 3.2977 [1d:3.305 1w:3.289 1m:3.297 6m:3.362] | lr 3.75e-05 | 6.9 it/s | eta 361m
[member 2] step 86200/234591 (ep 1.10) | loss 3.2987 [1d:3.311 1w:3.287 1m:3.287 6m:3.369] | lr 3.75e-05 | 6.9 it/s | eta 361m
[member 2] step 86300/234591 (ep 1.10) | loss 3.3044 [1d:3.324 1w:3.287 1m:3.288 6m:3.354] | lr 3.75e-05 | 6.9 it/s | eta 360m
[member 2] step 86400/234591 (ep 1.10) | loss 3.3011 [1d:3.312 1w:3.289 1m:3.294 6m:3.355] | lr 3.75e-05 | 6.9 it/s | eta 360m
[member 2] step 86500/234591 (ep 1.11) | loss 3.2967 [1d:3.302 1w:3.288 1m:3.299 6m:3.378] | lr 3.75e-05 | 6.9 it/s | eta 360m
[member 2] step 86600/234591 (ep 1.11) | loss 3.3019 [1d:3.311 1w:3.291 1m:3.299 6m:3.332] | lr 3.75e-05 | 6.9 it/s | eta 359m
[member 2] step 86700/234591 (ep 1.11) | loss 3.2948 [1d:3.299 1w:3.290 1m:3.287 6m:3.323] | lr 3.75e-05 | 6.9 it/s | eta 359m
[member 2] step 86800/234591 (ep 1.11) | loss 3.2974 [1d:3.306 1w:3.286 1m:3.302 6m:3.351] | lr 3.75e-05 | 6.9 it/s | eta 358m
[member 2] step 86900/234591 (ep 1.11) | loss 3.3039 [1d:3.314 1w:3.295 1m:3.290 6m:3.374] | lr 3.75e-05 | 6.9 it/s | eta 358m
[member 2] step 87000/234591 (ep 1.11) | loss 3.2917 [1d:3.304 1w:3.277 1m:3.296 6m:3.377] | lr 3.75e-05 | 6.9 it/s | eta 357m
[member 2] step 87100/234591 (ep 1.11) | loss 3.3003 [1d:3.310 1w:3.291 1m:3.286 6m:3.385] | lr 3.75e-05 | 6.9 it/s | eta 357m
[member 2] step 87200/234591 (ep 1.12) | loss 3.2979 [1d:3.306 1w:3.291 1m:3.281 6m:3.357] | lr 3.75e-05 | 6.9 it/s | eta 357m
[member 2] step 87300/234591 (ep 1.12) | loss 3.3025 [1d:3.302 1w:3.298 1m:3.307 6m:3.388] | lr 3.75e-05 | 6.9 it/s | eta 356m
[member 2] step 87400/234591 (ep 1.12) | loss 3.2984 [1d:3.306 1w:3.289 1m:3.298 6m:3.338] | lr 3.75e-05 | 6.9 it/s | eta 356m
[member 2] step 87500/234591 (ep 1.12) | loss 3.2982 [1d:3.313 1w:3.284 1m:3.284 6m:3.390] | lr 3.75e-05 | 6.9 it/s | eta 355m
[member 2] step 87600/234591 (ep 1.12) | loss 3.2891 [1d:3.299 1w:3.277 1m:3.285 6m:3.371] | lr 3.75e-05 | 6.9 it/s | eta 355m
[member 2] step 87700/234591 (ep 1.12) | loss 3.2953 [1d:3.304 1w:3.285 1m:3.296 6m:3.319] | lr 3.75e-05 | 6.9 it/s | eta 354m
[member 2] step 87800/234591 (ep 1.12) | loss 3.2961 [1d:3.309 1w:3.287 1m:3.279 6m:3.304] | lr 3.75e-05 | 6.9 it/s | eta 354m
[member 2] step 87900/234591 (ep 1.12) | loss 3.2968 [1d:3.305 1w:3.290 1m:3.283 6m:3.351] | lr 3.75e-05 | 6.9 it/s | eta 353m
[member 2] step 88000/234591 (ep 1.13) | loss 3.2972 [1d:3.309 1w:3.287 1m:3.283 6m:3.345] | lr 3.75e-05 | 6.9 it/s | eta 353m
[member 2] step 88100/234591 (ep 1.13) | loss 3.2961 [1d:3.307 1w:3.284 1m:3.299 6m:3.335] | lr 3.75e-05 | 6.9 it/s | eta 353m
[member 2] step 88200/234591 (ep 1.13) | loss 3.2964 [1d:3.300 1w:3.286 1m:3.310 6m:3.385] | lr 3.75e-05 | 6.9 it/s | eta 352m
[member 2] step 88300/234591 (ep 1.13) | loss 3.2959 [1d:3.304 1w:3.287 1m:3.294 6m:3.328] | lr 3.75e-05 | 6.9 it/s | eta 352m
[member 2] step 88400/234591 (ep 1.13) | loss 3.2982 [1d:3.308 1w:3.288 1m:3.296 6m:3.315] | lr 3.75e-05 | 6.9 it/s | eta 351m
[member 2] step 88500/234591 (ep 1.13) | loss 3.2987 [1d:3.309 1w:3.290 1m:3.282 6m:3.369] | lr 3.75e-05 | 6.9 it/s | eta 351m
[member 2] step 88600/234591 (ep 1.13) | loss 3.2880 [1d:3.298 1w:3.279 1m:3.280 6m:3.313] | lr 3.75e-05 | 6.9 it/s | eta 350m
[member 2] step 88700/234591 (ep 1.13) | loss 3.2998 [1d:3.306 1w:3.297 1m:3.280 6m:3.350] | lr 3.75e-05 | 6.9 it/s | eta 350m
[member 2] step 88800/234591 (ep 1.14) | loss 3.2934 [1d:3.297 1w:3.287 1m:3.298 6m:3.351] | lr 3.75e-05 | 7.0 it/s | eta 350m
[member 2] step 88900/234591 (ep 1.14) | loss 3.2966 [1d:3.303 1w:3.292 1m:3.277 6m:3.373] | lr 3.75e-05 | 7.0 it/s | eta 349m
[member 2] step 89000/234591 (ep 1.14) | loss 3.3006 [1d:3.306 1w:3.293 1m:3.303 6m:3.335] | lr 3.75e-05 | 7.0 it/s | eta 349m
[member 2] step 89100/234591 (ep 1.14) | loss 3.2933 [1d:3.305 1w:3.284 1m:3.280 6m:3.305] | lr 3.75e-05 | 7.0 it/s | eta 348m
[member 2] step 89200/234591 (ep 1.14) | loss 3.2964 [1d:3.301 1w:3.291 1m:3.294 6m:3.340] | lr 3.75e-05 | 7.0 it/s | eta 348m
[member 2] step 89300/234591 (ep 1.14) | loss 3.2938 [1d:3.305 1w:3.288 1m:3.265 6m:3.340] | lr 3.75e-05 | 7.0 it/s | eta 347m
[member 2] step 89400/234591 (ep 1.14) | loss 3.2931 [1d:3.297 1w:3.286 1m:3.289 6m:3.395] | lr 3.75e-05 | 7.0 it/s | eta 347m
[member 2] step 89500/234591 (ep 1.14) | loss 3.3025 [1d:3.315 1w:3.291 1m:3.291 6m:3.342] | lr 3.75e-05 | 7.0 it/s | eta 347m
[member 2] step 89600/234591 (ep 1.15) | loss 3.2998 [1d:3.310 1w:3.288 1m:3.301 6m:3.341] | lr 3.75e-05 | 7.0 it/s | eta 346m
[member 2] step 89700/234591 (ep 1.15) | loss 3.3002 [1d:3.314 1w:3.288 1m:3.286 6m:3.340] | lr 3.75e-05 | 7.0 it/s | eta 346m
[member 2] step 89800/234591 (ep 1.15) | loss 3.2967 [1d:3.310 1w:3.285 1m:3.285 6m:3.371] | lr 3.75e-05 | 7.0 it/s | eta 345m
[member 2] step 89900/234591 (ep 1.15) | loss 3.3105 [1d:3.317 1w:3.304 1m:3.304 6m:3.365] | lr 3.75e-05 | 7.0 it/s | eta 345m
[member 2] step 90000/234591 (ep 1.15) | loss 3.2872 [1d:3.292 1w:3.284 1m:3.276 6m:3.327] | lr 3.75e-05 | 7.0 it/s | eta 345m
[member 2] EVAL step 90000 (ep 1.15) | stop-score +2.812 (smoothed +2.323, best +4.571) | t1d +2.17/125d t1w +1.80/121d | cal_ce 3.4070 (36408 rows) | base 3.4251 BEAT | raw_tag0 3.4370 | lr_scale 0.125 | no-improve 19/20
[member 2] step 90100/234591 (ep 1.15) | loss 3.2966 [1d:3.305 1w:3.286 1m:3.302 6m:3.313] | lr 3.75e-05 | 7.0 it/s | eta 346m
[member 2] step 90200/234591 (ep 1.15) | loss 3.2944 [1d:3.300 1w:3.285 1m:3.306 6m:3.311] | lr 3.75e-05 | 7.0 it/s | eta 346m
[member 2] step 90300/234591 (ep 1.15) | loss 3.3004 [1d:3.306 1w:3.290 1m:3.309 6m:3.353] | lr 3.75e-05 | 7.0 it/s | eta 346m
[member 2] step 90400/234591 (ep 1.16) | loss 3.2902 [1d:3.310 1w:3.273 1m:3.271 6m:3.371] | lr 3.75e-05 | 7.0 it/s | eta 345m
[member 2] step 90500/234591 (ep 1.16) | loss 3.2884 [1d:3.295 1w:3.282 1m:3.287 6m:3.310] | lr 3.75e-05 | 7.0 it/s | eta 345m
[member 2] step 90600/234591 (ep 1.16) | loss 3.2983 [1d:3.309 1w:3.287 1m:3.293 6m:3.339] | lr 3.75e-05 | 7.0 it/s | eta 344m
[member 2] step 90700/234591 (ep 1.16) | loss 3.2932 [1d:3.299 1w:3.281 1m:3.303 6m:3.379] | lr 3.75e-05 | 7.0 it/s | eta 344m
[member 2] step 90800/234591 (ep 1.16) | loss 3.2968 [1d:3.304 1w:3.290 1m:3.286 6m:3.361] | lr 3.75e-05 | 7.0 it/s | eta 343m
[member 2] step 90900/234591 (ep 1.16) | loss 3.2960 [1d:3.311 1w:3.280 1m:3.295 6m:3.295] | lr 3.75e-05 | 7.0 it/s | eta 343m
[member 2] step 91000/234591 (ep 1.16) | loss 3.2954 [1d:3.312 1w:3.280 1m:3.282 6m:3.313] | lr 3.75e-05 | 7.0 it/s | eta 343m
[member 2] step 91100/234591 (ep 1.17) | loss 3.2932 [1d:3.302 1w:3.284 1m:3.286 6m:3.356] | lr 3.75e-05 | 7.0 it/s | eta 342m
[member 2] step 91200/234591 (ep 1.17) | loss 3.2938 [1d:3.305 1w:3.284 1m:3.278 6m:3.348] | lr 3.75e-05 | 7.0 it/s | eta 342m
[member 2] step 91300/234591 (ep 1.17) | loss 3.2957 [1d:3.301 1w:3.284 1m:3.311 6m:3.354] | lr 3.75e-05 | 7.0 it/s | eta 341m
[member 2] step 91400/234591 (ep 1.17) | loss 3.2933 [1d:3.310 1w:3.278 1m:3.279 6m:3.371] | lr 3.75e-05 | 7.0 it/s | eta 341m
[member 2] step 91500/234591 (ep 1.17) | loss 3.2991 [1d:3.306 1w:3.294 1m:3.288 6m:3.354] | lr 3.75e-05 | 7.0 it/s | eta 341m
[member 2] step 91600/234591 (ep 1.17) | loss 3.2955 [1d:3.300 1w:3.288 1m:3.295 6m:3.386] | lr 3.75e-05 | 7.0 it/s | eta 340m
[member 2] step 91700/234591 (ep 1.17) | loss 3.2909 [1d:3.307 1w:3.274 1m:3.286 6m:3.359] | lr 3.75e-05 | 7.0 it/s | eta 340m
[member 2] step 91800/234591 (ep 1.17) | loss 3.2930 [1d:3.299 1w:3.286 1m:3.286 6m:3.364] | lr 3.75e-05 | 7.0 it/s | eta 339m
[member 2] step 91900/234591 (ep 1.18) | loss 3.2949 [1d:3.304 1w:3.291 1m:3.268 6m:3.310] | lr 3.75e-05 | 7.0 it/s | eta 339m
[member 2] step 92000/234591 (ep 1.18) | loss 3.2958 [1d:3.308 1w:3.284 1m:3.284 6m:3.339] | lr 3.75e-05 | 7.0 it/s | eta 339m
[member 2] step 92100/234591 (ep 1.18) | loss 3.3018 [1d:3.314 1w:3.285 1m:3.306 6m:3.392] | lr 3.75e-05 | 7.0 it/s | eta 338m
[member 2] step 92200/234591 (ep 1.18) | loss 3.2962 [1d:3.306 1w:3.285 1m:3.294 6m:3.356] | lr 3.75e-05 | 7.0 it/s | eta 338m
[member 2] step 92300/234591 (ep 1.18) | loss 3.2926 [1d:3.295 1w:3.291 1m:3.283 6m:3.340] | lr 3.75e-05 | 7.0 it/s | eta 337m
[member 2] step 92400/234591 (ep 1.18) | loss 3.2913 [1d:3.301 1w:3.281 1m:3.274 6m:3.377] | lr 3.75e-05 | 7.0 it/s | eta 337m
[member 2] step 92500/234591 (ep 1.18) | loss 3.2981 [1d:3.310 1w:3.287 1m:3.281 6m:3.380] | lr 3.75e-05 | 7.0 it/s | eta 337m
[member 2] step 92600/234591 (ep 1.18) | loss 3.3035 [1d:3.319 1w:3.292 1m:3.286 6m:3.292] | lr 3.75e-05 | 7.0 it/s | eta 336m
[member 2] step 92700/234591 (ep 1.19) | loss 3.2994 [1d:3.312 1w:3.279 1m:3.319 6m:3.386] | lr 3.75e-05 | 7.0 it/s | eta 336m
[member 2] step 92800/234591 (ep 1.19) | loss 3.2967 [1d:3.309 1w:3.285 1m:3.280 6m:3.404] | lr 3.75e-05 | 7.0 it/s | eta 335m
[member 2] step 92900/234591 (ep 1.19) | loss 3.2948 [1d:3.303 1w:3.284 1m:3.295 6m:3.376] | lr 3.75e-05 | 7.1 it/s | eta 335m
[member 2] step 93000/234591 (ep 1.19) | loss 3.2962 [1d:3.298 1w:3.289 1m:3.312 6m:3.348] | lr 3.75e-05 | 7.1 it/s | eta 334m
[member 2] step 93100/234591 (ep 1.19) | loss 3.2932 [1d:3.296 1w:3.289 1m:3.292 6m:3.372] | lr 3.75e-05 | 7.1 it/s | eta 334m
[member 2] step 93200/234591 (ep 1.19) | loss 3.2902 [1d:3.299 1w:3.280 1m:3.295 6m:3.295] | lr 3.75e-05 | 7.1 it/s | eta 334m
[member 2] step 93300/234591 (ep 1.19) | loss 3.2891 [1d:3.296 1w:3.282 1m:3.287 6m:3.313] | lr 3.75e-05 | 7.1 it/s | eta 333m
[member 2] step 93400/234591 (ep 1.19) | loss 3.2909 [1d:3.298 1w:3.281 1m:3.294 6m:3.372] | lr 3.75e-05 | 7.1 it/s | eta 333m
[member 2] step 93500/234591 (ep 1.20) | loss 3.2930 [1d:3.300 1w:3.283 1m:3.297 6m:3.325] | lr 3.75e-05 | 7.1 it/s | eta 332m
[member 2] step 93600/234591 (ep 1.20) | loss 3.2948 [1d:3.302 1w:3.283 1m:3.304 6m:3.348] | lr 3.75e-05 | 7.1 it/s | eta 332m
[member 2] step 93700/234591 (ep 1.20) | loss 3.2952 [1d:3.305 1w:3.281 1m:3.296 6m:3.374] | lr 3.75e-05 | 7.1 it/s | eta 332m
[member 2] step 93800/234591 (ep 1.20) | loss 3.2901 [1d:3.302 1w:3.278 1m:3.282 6m:3.357] | lr 3.75e-05 | 7.1 it/s | eta 331m
[member 2] step 93900/234591 (ep 1.20) | loss 3.2992 [1d:3.307 1w:3.289 1m:3.300 6m:3.386] | lr 3.75e-05 | 7.1 it/s | eta 331m
[member 2] step 94000/234591 (ep 1.20) | loss 3.2923 [1d:3.303 1w:3.280 1m:3.290 6m:3.341] | lr 3.75e-05 | 7.1 it/s | eta 330m
[member 2] step 94100/234591 (ep 1.20) | loss 3.3041 [1d:3.317 1w:3.290 1m:3.301 6m:3.382] | lr 3.75e-05 | 7.1 it/s | eta 330m
[member 2] step 94200/234591 (ep 1.20) | loss 3.2998 [1d:3.313 1w:3.287 1m:3.289 6m:3.376] | lr 3.75e-05 | 7.1 it/s | eta 330m
[member 2] step 94300/234591 (ep 1.21) | loss 3.3040 [1d:3.314 1w:3.293 1m:3.297 6m:3.365] | lr 3.75e-05 | 7.1 it/s | eta 329m
[member 2] step 94400/234591 (ep 1.21) | loss 3.2939 [1d:3.308 1w:3.282 1m:3.276 6m:3.370] | lr 3.75e-05 | 7.1 it/s | eta 329m
[member 2] step 94500/234591 (ep 1.21) | loss 3.2953 [1d:3.306 1w:3.282 1m:3.297 6m:3.324] | lr 3.75e-05 | 7.1 it/s | eta 328m
[member 2] step 94600/234591 (ep 1.21) | loss 3.3049 [1d:3.321 1w:3.290 1m:3.295 6m:3.337] | lr 3.75e-05 | 7.1 it/s | eta 328m
[member 2] step 94700/234591 (ep 1.21) | loss 3.2996 [1d:3.313 1w:3.286 1m:3.286 6m:3.378] | lr 3.75e-05 | 7.1 it/s | eta 328m
[member 2] step 94800/234591 (ep 1.21) | loss 3.2946 [1d:3.301 1w:3.290 1m:3.282 6m:3.340] | lr 3.75e-05 | 7.1 it/s | eta 327m
[member 2] step 94900/234591 (ep 1.21) | loss 3.2955 [1d:3.294 1w:3.296 1m:3.296 6m:3.314] | lr 3.75e-05 | 7.1 it/s | eta 327m
[member 2] step 95000/234591 (ep 1.21) | loss 3.2985 [1d:3.305 1w:3.285 1m:3.318 6m:3.366] | lr 3.75e-05 | 7.1 it/s | eta 327m
[member 2] LR DROP -> 1.87e-05 (scale 0.062) after 4 no-improve evals (train declining, cal-CE regressing)
[member 2] EVAL step 95000 (ep 1.21) | stop-score +1.881 (smoothed +2.323, best +4.571) | t1d +1.22/125d t1w +1.44/121d | cal_ce 3.4089 (36408 rows) | base 3.4251 BEAT | raw_tag0 3.4360 | lr_scale 0.062 | no-improve 20/20
[member 2] done | 95000 steps | best score +4.571 | 223.2 min
[v5] member 2 (seed 242) selection criterion = +4.5714
[v5] trained members [2, 3); checkpoints in models/v5/runs/r2. Once all 4 exist, run --forecast-only (same --seed/--members/universe) to write temperatures, artifacts, and forecasts.
[v5] done (partial run).
