[v5] device=cuda | visible GPUs=1 | current=cuda:0 (NVIDIA GeForce RTX 5090)
[v5] building frames for 7597 tickers ...
[v5] integrity [pre2008]: rows 8470610 | sigma-floor 0.0037 | close<$1 0.0172 | spike-censorship 1d:0.0007  1w:0.0031  1m:0.0118  6m:0.0602
[v5] integrity [2008-2015]: rows 6590457 | sigma-floor 0.0095 | close<$1 0.0380 | spike-censorship 1d:0.0008  1w:0.0032  1m:0.0110  6m:0.0470
[v5] integrity [2016+]: rows 11283703 | sigma-floor 0.0182 | close<$1 0.0445 | spike-censorship 1d:0.0011  1w:0.0048  1m:0.0171  6m:0.0735
[v5] fear_greed coverage ends 2026-03-13 vs OHLCV data end 2026-06-08 (FROZEN-FG SPAN: refresh fear_greed.csv)
[v5] usable frames: 7094
[v5] run manifest check passed (nonce 1785599839-74309)
[v5] eval_mode=both eval_tickers=702 val_tickers=0
[v5] scaler fit on 21484284 train rows
[v5] era-proxy audit (|rho|>0.2): none
[v5] label centering: K=50 | sessions with undefined c per horizon [2960, 2978, 3039, 3333] of 16214
[v5] class rates [train] (down/neutral/up): 1d:[0.18, 0.63, 0.19]  1w:[0.19, 0.62, 0.2]  1m:[0.2, 0.6, 0.2]  6m:[0.21, 0.58, 0.21]
[v5] class rates [val] (down/neutral/up): 1d:[0.18, 0.64, 0.18]  1w:[0.19, 0.61, 0.2]  1m:[0.21, 0.58, 0.21]  6m:[0.23, 0.53, 0.23]
[v5] thinning retained train labels: 1d:21285344/21285344  1w:21188211/21188211  1m:5218354/20873105  6m:774739/19365056
[v5] thinning: 2917 train anchors lost all labels (gap-straddling or thinned out) and were skipped
[v5] train price floor [pre2008]: dropped 125482/7290179 anchors (0.0172) below $1.0
[v5] train price floor [2008-2015]: dropped 212922/5769298 anchors (0.0369) below $1.0
[v5] train price floor [2016+]: dropped 327889/7687074 anchors (0.0427) below $1.0
[v5] train windows: 20018240 | val windows (subsampled): 265701 | panel windows: 0 | eval tickers: 4992
[v5] schedule | 78197 steps/epoch | budget 234591 steps (~3.0 ep) | warmup 1000 | gated plateau LR x0.5 after 4 no-improve evals (train slope > 0.002, cal-CE > 0.003 over best), floor 0.04 | eval scheduled (250<=2k, 1000<=30k, 5000 after) | patience 20 | workers 8 | members [3, 4)
[v5] val constant-marginal baseline CE (tag-0) = 3.4514 (150000 rows; the model must beat this to be learning anything conditional)
[v5] val constant-marginal baseline CE (tag-1 holdout) = 3.4550 (115701 rows; report-only)
[v5] baseline[oracle] total 3.4514 | 1d:3.3771 1w:3.4358 1m:3.4963 6m:3.5634
[v5] baseline[train_marginal] total 3.4539 | 1d:3.3779 1w:3.4365 1m:3.4991 6m:3.5732
[v5] stopping-side baseline CE = 3.4251 (36408 score-half rows, {1d,1w} interval labels)
[v5] comparator momentum_20d: 1d: IC -0.0079 t -1.34 (252d) | 1w: IC -0.0121 t -1.20 (248d) | 1m: IC -0.0039 t -0.27 (231d) | 6m: IC +0.0281 t +9.06 (127d)
[v5] comparator reversal_5d: 1d: IC +0.0105 t +1.98 (252d) | 1w: IC +0.0166 t +1.81 (248d) | 1m: IC +0.0120 t +1.19 (231d) | 6m: IC -0.0181 t -5.87 (127d)
[v5] comparator vol_z: 1d: IC +0.0038 t +0.84 (252d) | 1w: IC +0.0034 t +0.47 (248d) | 1m: IC -0.0063 t -0.62 (231d) | 6m: IC +0.0047 t +0.63 (127d)
[member 3] start | 20018240 train / 265701 val windows | 78197 steps/epoch | eval scheduled (250<=2k, 1000<=30k, 5000 after) | max 234591 steps | patience 20 | warmup 1000 | gated plateau LRx0.5@4 floor 0.04 (drop needs train slope > 0.002 and cal-CE > 0.003 over best) | stopping on smoothed rank-IC score (min improvement 0.05, median of last 3)
[member 3] step 100/234591 (ep 0.00) | loss 4.1530 [1d:4.141 1w:4.151 1m:4.197 6m:4.215] | lr 3.00e-05 | 8.1 it/s | eta 483m
[member 3] step 200/234591 (ep 0.00) | loss 3.5731 [1d:3.546 1w:3.573 1m:3.655 6m:3.775] | lr 6.00e-05 | 10.1 it/s | eta 388m
[member 3] EVAL step 250 (ep 0.00) | stop-score +3.425 (smoothed +3.425, best +3.425) | t1d +2.74/125d t1w +2.11/121d | cal_ce 3.4299 (36408 rows) | base 3.4251 MISS | raw_tag0 3.4614 | lr_scale 1.000 | IMPROVED
[member 3] step 300/234591 (ep 0.00) | loss 3.4278 [1d:3.411 1w:3.429 1m:3.481 6m:3.499] | lr 9.00e-05 | 1.3 it/s | eta 3016m
[member 3] step 400/234591 (ep 0.01) | loss 3.4011 [1d:3.382 1w:3.408 1m:3.433 6m:3.521] | lr 1.20e-04 | 1.7 it/s | eta 2334m
[member 3] step 500/234591 (ep 0.01) | loss 3.3863 [1d:3.370 1w:3.390 1m:3.420 6m:3.493] | lr 1.50e-04 | 2.0 it/s | eta 1925m
[member 3] EVAL step 500 (ep 0.01) | stop-score +3.205 (smoothed +3.315, best +3.425) | t1d +2.89/125d t1w +1.64/121d | cal_ce 3.4170 (36408 rows) | base 3.4251 BEAT | raw_tag0 3.4392 | lr_scale 1.000 | no-improve 1/20
[member 3] step 600/234591 (ep 0.01) | loss 3.3924 [1d:3.377 1w:3.399 1m:3.420 6m:3.424] | lr 1.80e-04 | 1.3 it/s | eta 2928m
[member 3] step 700/234591 (ep 0.01) | loss 3.3909 [1d:3.375 1w:3.397 1m:3.416 6m:3.516] | lr 2.10e-04 | 1.5 it/s | eta 2550m
[member 3] EVAL step 750 (ep 0.01) | stop-score +3.750 (smoothed +3.425, best +3.425) | t1d +3.02/125d t1w +2.29/121d | cal_ce 3.4098 (36408 rows) | base 3.4251 BEAT | raw_tag0 3.4360 | lr_scale 1.000 | no-improve 2/20
[member 3] step 800/234591 (ep 0.01) | loss 3.3900 [1d:3.376 1w:3.393 1m:3.429 6m:3.462] | lr 2.40e-04 | 1.2 it/s | eta 3170m
[member 3] step 900/234591 (ep 0.01) | loss 3.3954 [1d:3.376 1w:3.399 1m:3.448 6m:3.444] | lr 2.70e-04 | 1.4 it/s | eta 2850m
[member 3] step 1000/234591 (ep 0.01) | loss 3.3971 [1d:3.384 1w:3.399 1m:3.441 6m:3.401] | lr 3.00e-04 | 1.5 it/s | eta 2594m
[member 3] EVAL step 1000 (ep 0.01) | stop-score +3.782 (smoothed +3.750, best +3.750) | t1d +2.97/125d t1w +2.38/121d | cal_ce 3.4084 (36408 rows) | base 3.4251 BEAT | raw_tag0 3.4392 | lr_scale 1.000 | IMPROVED
[member 3] step 1100/234591 (ep 0.01) | loss 3.3913 [1d:3.370 1w:3.401 1m:3.430 6m:3.463] | lr 3.00e-04 | 1.3 it/s | eta 3047m
[member 3] step 1200/234591 (ep 0.02) | loss 3.3875 [1d:3.371 1w:3.396 1m:3.407 6m:3.472] | lr 3.00e-04 | 1.4 it/s | eta 2817m
[member 3] EVAL step 1250 (ep 0.02) | stop-score +3.725 (smoothed +3.750, best +3.750) | t1d +3.00/125d t1w +2.27/121d | cal_ce 3.4091 (36408 rows) | base 3.4251 BEAT | raw_tag0 3.4408 | lr_scale 1.000 | no-improve 1/20
[member 3] step 1300/234591 (ep 0.02) | loss 3.3869 [1d:3.363 1w:3.400 1m:3.421 6m:3.435] | lr 3.00e-04 | 1.2 it/s | eta 3188m
[member 3] step 1400/234591 (ep 0.02) | loss 3.3817 [1d:3.367 1w:3.389 1m:3.404 6m:3.449] | lr 3.00e-04 | 1.3 it/s | eta 2980m
[member 3] step 1500/234591 (ep 0.02) | loss 3.3835 [1d:3.372 1w:3.384 1m:3.416 6m:3.463] | lr 3.00e-04 | 1.4 it/s | eta 2800m
[member 3] EVAL step 1500 (ep 0.02) | stop-score +3.662 (smoothed +3.725, best +3.750) | t1d +2.88/125d t1w +2.30/121d | cal_ce 3.4120 (36408 rows) | base 3.4251 BEAT | raw_tag0 3.4371 | lr_scale 1.000 | no-improve 2/20
[member 3] step 1600/234591 (ep 0.02) | loss 3.3885 [1d:3.378 1w:3.392 1m:3.416 6m:3.410] | lr 3.00e-04 | 1.3 it/s | eta 3086m
[member 3] step 1700/234591 (ep 0.02) | loss 3.3803 [1d:3.364 1w:3.387 1m:3.414 6m:3.448] | lr 3.00e-04 | 1.3 it/s | eta 2921m
[member 3] EVAL step 1750 (ep 0.02) | stop-score +3.424 (smoothed +3.662, best +3.750) | t1d +2.85/125d t1w +1.99/121d | cal_ce 3.4046 (36408 rows) | base 3.4251 BEAT | raw_tag0 3.4256 | lr_scale 1.000 | no-improve 3/20
[member 3] step 1800/234591 (ep 0.02) | loss 3.3834 [1d:3.368 1w:3.388 1m:3.413 6m:3.458] | lr 3.00e-04 | 1.2 it/s | eta 3164m
[member 3] step 1900/234591 (ep 0.02) | loss 3.3842 [1d:3.359 1w:3.398 1m:3.421 6m:3.419] | lr 3.00e-04 | 1.3 it/s | eta 3013m
[member 3] step 2000/234591 (ep 0.03) | loss 3.3826 [1d:3.361 1w:3.395 1m:3.419 6m:3.421] | lr 3.00e-04 | 1.3 it/s | eta 2876m
[member 3] EVAL step 2000 (ep 0.03) | stop-score +3.340 (smoothed +3.424, best +3.750) | t1d +2.65/125d t1w +2.07/121d | cal_ce 3.4048 (36408 rows) | base 3.4251 BEAT | raw_tag0 3.4271 | lr_scale 1.000 | no-improve 4/20
[member 3] step 2100/234591 (ep 0.03) | loss 3.3781 [1d:3.363 1w:3.383 1m:3.413 6m:3.419] | lr 3.00e-04 | 1.3 it/s | eta 2978m
[member 3] step 2200/234591 (ep 0.03) | loss 3.3832 [1d:3.366 1w:3.385 1m:3.439 6m:3.461] | lr 3.00e-04 | 1.4 it/s | eta 2855m
[member 3] step 2300/234591 (ep 0.03) | loss 3.3876 [1d:3.370 1w:3.395 1m:3.420 6m:3.465] | lr 3.00e-04 | 1.4 it/s | eta 2744m
[member 3] step 2400/234591 (ep 0.03) | loss 3.3735 [1d:3.368 1w:3.375 1m:3.384 6m:3.407] | lr 3.00e-04 | 1.5 it/s | eta 2641m
[member 3] step 2500/234591 (ep 0.03) | loss 3.3667 [1d:3.359 1w:3.368 1m:3.384 6m:3.437] | lr 3.00e-04 | 1.5 it/s | eta 2547m
[member 3] step 2600/234591 (ep 0.03) | loss 3.3823 [1d:3.371 1w:3.387 1m:3.396 6m:3.493] | lr 3.00e-04 | 1.6 it/s | eta 2461m
[member 3] step 2700/234591 (ep 0.03) | loss 3.3753 [1d:3.361 1w:3.381 1m:3.398 6m:3.493] | lr 3.00e-04 | 1.6 it/s | eta 2381m
[member 3] step 2800/234591 (ep 0.04) | loss 3.3710 [1d:3.356 1w:3.378 1m:3.392 6m:3.442] | lr 3.00e-04 | 1.7 it/s | eta 2306m
[member 3] step 2900/234591 (ep 0.04) | loss 3.3728 [1d:3.353 1w:3.381 1m:3.413 6m:3.413] | lr 3.00e-04 | 1.7 it/s | eta 2236m
[member 3] step 3000/234591 (ep 0.04) | loss 3.3660 [1d:3.352 1w:3.367 1m:3.407 6m:3.462] | lr 3.00e-04 | 1.8 it/s | eta 2171m
[member 3] EVAL step 3000 (ep 0.04) | stop-score +3.784 (smoothed +3.424, best +3.750) | t1d +3.06/125d t1w +2.30/121d | cal_ce 3.4057 (36408 rows) | base 3.4251 BEAT | raw_tag0 3.4240 | lr_scale 1.000 | no-improve 5/20
[member 3] step 3100/234591 (ep 0.04) | loss 3.3734 [1d:3.361 1w:3.376 1m:3.403 6m:3.440] | lr 3.00e-04 | 1.7 it/s | eta 2264m
[member 3] step 3200/234591 (ep 0.04) | loss 3.3676 [1d:3.352 1w:3.374 1m:3.399 6m:3.407] | lr 3.00e-04 | 1.8 it/s | eta 2202m
[member 3] step 3300/234591 (ep 0.04) | loss 3.3763 [1d:3.363 1w:3.378 1m:3.408 6m:3.474] | lr 3.00e-04 | 1.8 it/s | eta 2144m
[member 3] step 3400/234591 (ep 0.04) | loss 3.3776 [1d:3.362 1w:3.382 1m:3.417 6m:3.444] | lr 3.00e-04 | 1.8 it/s | eta 2090m
[member 3] step 3500/234591 (ep 0.04) | loss 3.3764 [1d:3.365 1w:3.373 1m:3.427 6m:3.448] | lr 3.00e-04 | 1.9 it/s | eta 2038m
[member 3] step 3600/234591 (ep 0.05) | loss 3.3748 [1d:3.360 1w:3.382 1m:3.395 6m:3.451] | lr 3.00e-04 | 1.9 it/s | eta 1989m
[member 3] step 3700/234591 (ep 0.05) | loss 3.3758 [1d:3.363 1w:3.377 1m:3.412 6m:3.444] | lr 3.00e-04 | 2.0 it/s | eta 1943m
[member 3] step 3800/234591 (ep 0.05) | loss 3.3742 [1d:3.365 1w:3.373 1m:3.411 6m:3.430] | lr 3.00e-04 | 2.0 it/s | eta 1899m
[member 3] step 3900/234591 (ep 0.05) | loss 3.3705 [1d:3.360 1w:3.372 1m:3.403 6m:3.411] | lr 3.00e-04 | 2.1 it/s | eta 1858m
[member 3] step 4000/234591 (ep 0.05) | loss 3.3663 [1d:3.352 1w:3.370 1m:3.399 6m:3.472] | lr 3.00e-04 | 2.1 it/s | eta 1818m
[member 3] EVAL step 4000 (ep 0.05) | stop-score +3.587 (smoothed +3.587, best +3.750) | t1d +2.82/125d t1w +2.25/121d | cal_ce 3.3970 (36408 rows) | base 3.4251 BEAT | raw_tag0 3.4225 | lr_scale 1.000 | no-improve 6/20
[member 3] step 4100/234591 (ep 0.05) | loss 3.3697 [1d:3.357 1w:3.371 1m:3.408 6m:3.422] | lr 3.00e-04 | 2.0 it/s | eta 1896m
[member 3] step 4200/234591 (ep 0.05) | loss 3.3729 [1d:3.359 1w:3.380 1m:3.390 6m:3.461] | lr 3.00e-04 | 2.1 it/s | eta 1857m
[member 3] step 4300/234591 (ep 0.05) | loss 3.3675 [1d:3.356 1w:3.371 1m:3.394 6m:3.436] | lr 3.00e-04 | 2.1 it/s | eta 1821m
[member 3] step 4400/234591 (ep 0.06) | loss 3.3701 [1d:3.364 1w:3.375 1m:3.370 6m:3.423] | lr 3.00e-04 | 2.1 it/s | eta 1786m
[member 3] step 4500/234591 (ep 0.06) | loss 3.3643 [1d:3.357 1w:3.364 1m:3.386 6m:3.439] | lr 3.00e-04 | 2.2 it/s | eta 1752m
[member 3] step 4600/234591 (ep 0.06) | loss 3.3668 [1d:3.348 1w:3.377 1m:3.396 6m:3.374] | lr 3.00e-04 | 2.2 it/s | eta 1720m
[member 3] step 4700/234591 (ep 0.06) | loss 3.3707 [1d:3.353 1w:3.376 1m:3.409 6m:3.444] | lr 3.00e-04 | 2.3 it/s | eta 1689m
[member 3] step 4800/234591 (ep 0.06) | loss 3.3699 [1d:3.361 1w:3.367 1m:3.410 6m:3.453] | lr 3.00e-04 | 2.3 it/s | eta 1660m
[member 3] step 4900/234591 (ep 0.06) | loss 3.3689 [1d:3.360 1w:3.374 1m:3.387 6m:3.378] | lr 3.00e-04 | 2.3 it/s | eta 1632m
[member 3] step 5000/234591 (ep 0.06) | loss 3.3697 [1d:3.357 1w:3.370 1m:3.414 6m:3.414] | lr 3.00e-04 | 2.4 it/s | eta 1604m
[member 3] EVAL step 5000 (ep 0.06) | stop-score +3.792 (smoothed +3.784, best +3.750) | t1d +3.10/125d t1w +2.26/121d | cal_ce 3.3948 (36408 rows) | base 3.4251 BEAT | raw_tag0 3.4138 | lr_scale 1.000 | no-improve 7/20
[member 3] step 5100/234591 (ep 0.07) | loss 3.3690 [1d:3.354 1w:3.374 1m:3.397 6m:3.457] | lr 3.00e-04 | 2.3 it/s | eta 1667m
[member 3] step 5200/234591 (ep 0.07) | loss 3.3643 [1d:3.352 1w:3.369 1m:3.389 6m:3.396] | lr 3.00e-04 | 2.3 it/s | eta 1640m
[member 3] step 5300/234591 (ep 0.07) | loss 3.3728 [1d:3.362 1w:3.372 1m:3.415 6m:3.402] | lr 3.00e-04 | 2.4 it/s | eta 1615m
[member 3] step 5400/234591 (ep 0.07) | loss 3.3713 [1d:3.362 1w:3.374 1m:3.394 6m:3.424] | lr 3.00e-04 | 2.4 it/s | eta 1590m
[member 3] step 5500/234591 (ep 0.07) | loss 3.3742 [1d:3.364 1w:3.381 1m:3.385 6m:3.415] | lr 3.00e-04 | 2.4 it/s | eta 1566m
[member 3] step 5600/234591 (ep 0.07) | loss 3.3602 [1d:3.351 1w:3.363 1m:3.383 6m:3.410] | lr 3.00e-04 | 2.5 it/s | eta 1543m
[member 3] step 5700/234591 (ep 0.07) | loss 3.3575 [1d:3.352 1w:3.351 1m:3.395 6m:3.417] | lr 3.00e-04 | 2.5 it/s | eta 1520m
[member 3] step 5800/234591 (ep 0.07) | loss 3.3648 [1d:3.359 1w:3.367 1m:3.370 6m:3.412] | lr 3.00e-04 | 2.5 it/s | eta 1499m
[member 3] step 5900/234591 (ep 0.08) | loss 3.3664 [1d:3.358 1w:3.365 1m:3.395 6m:3.432] | lr 3.00e-04 | 2.6 it/s | eta 1478m
[member 3] step 6000/234591 (ep 0.08) | loss 3.3697 [1d:3.357 1w:3.374 1m:3.393 6m:3.419] | lr 3.00e-04 | 2.6 it/s | eta 1458m
[member 3] EVAL step 6000 (ep 0.08) | stop-score +4.187 (smoothed +3.792, best +3.750) | t1d +3.28/125d t1w +2.64/121d | cal_ce 3.3944 (36408 rows) | base 3.4251 BEAT | raw_tag0 3.4142 | lr_scale 1.000 | no-improve 8/20
[member 3] step 6100/234591 (ep 0.08) | loss 3.3612 [1d:3.353 1w:3.362 1m:3.384 6m:3.427] | lr 3.00e-04 | 2.5 it/s | eta 1508m
[member 3] step 6200/234591 (ep 0.08) | loss 3.3701 [1d:3.358 1w:3.375 1m:3.406 6m:3.328] | lr 3.00e-04 | 2.6 it/s | eta 1488m
[member 3] step 6300/234591 (ep 0.08) | loss 3.3663 [1d:3.361 1w:3.365 1m:3.383 6m:3.453] | lr 3.00e-04 | 2.6 it/s | eta 1469m
[member 3] step 6400/234591 (ep 0.08) | loss 3.3675 [1d:3.357 1w:3.370 1m:3.391 6m:3.417] | lr 3.00e-04 | 2.6 it/s | eta 1450m
[member 3] step 6500/234591 (ep 0.08) | loss 3.3746 [1d:3.363 1w:3.377 1m:3.394 6m:3.451] | lr 3.00e-04 | 2.7 it/s | eta 1432m
[member 3] step 6600/234591 (ep 0.08) | loss 3.3649 [1d:3.353 1w:3.370 1m:3.391 6m:3.403] | lr 3.00e-04 | 2.7 it/s | eta 1414m
[member 3] step 6700/234591 (ep 0.09) | loss 3.3746 [1d:3.361 1w:3.380 1m:3.393 6m:3.460] | lr 3.00e-04 | 2.7 it/s | eta 1397m
[member 3] step 6800/234591 (ep 0.09) | loss 3.3631 [1d:3.351 1w:3.368 1m:3.381 6m:3.457] | lr 3.00e-04 | 2.8 it/s | eta 1380m
[member 3] step 6900/234591 (ep 0.09) | loss 3.3694 [1d:3.357 1w:3.371 1m:3.401 6m:3.462] | lr 3.00e-04 | 2.8 it/s | eta 1364m
[member 3] step 7000/234591 (ep 0.09) | loss 3.3699 [1d:3.366 1w:3.365 1m:3.388 6m:3.492] | lr 3.00e-04 | 2.8 it/s | eta 1349m
[member 3] EVAL step 7000 (ep 0.09) | stop-score +3.588 (smoothed +3.792, best +3.750) | t1d +2.72/125d t1w +2.36/121d | cal_ce 3.3967 (36408 rows) | base 3.4251 BEAT | raw_tag0 3.4167 | lr_scale 1.000 | no-improve 9/20
[member 3] step 7100/234591 (ep 0.09) | loss 3.3681 [1d:3.363 1w:3.362 1m:3.409 6m:3.402] | lr 3.00e-04 | 2.7 it/s | eta 1393m
[member 3] step 7200/234591 (ep 0.09) | loss 3.3608 [1d:3.349 1w:3.361 1m:3.397 6m:3.428] | lr 3.00e-04 | 2.8 it/s | eta 1377m
[member 3] step 7300/234591 (ep 0.09) | loss 3.3602 [1d:3.354 1w:3.361 1m:3.376 6m:3.441] | lr 3.00e-04 | 2.8 it/s | eta 1362m
[member 3] step 7400/234591 (ep 0.09) | loss 3.3702 [1d:3.357 1w:3.376 1m:3.396 6m:3.405] | lr 3.00e-04 | 2.8 it/s | eta 1347m
[member 3] step 7500/234591 (ep 0.10) | loss 3.3585 [1d:3.350 1w:3.358 1m:3.381 6m:3.444] | lr 3.00e-04 | 2.8 it/s | eta 1333m
[member 3] step 7600/234591 (ep 0.10) | loss 3.3672 [1d:3.365 1w:3.366 1m:3.371 6m:3.444] | lr 3.00e-04 | 2.9 it/s | eta 1319m
[member 3] step 7700/234591 (ep 0.10) | loss 3.3674 [1d:3.359 1w:3.372 1m:3.374 6m:3.439] | lr 3.00e-04 | 2.9 it/s | eta 1305m
[member 3] step 7800/234591 (ep 0.10) | loss 3.3668 [1d:3.358 1w:3.366 1m:3.393 6m:3.450] | lr 3.00e-04 | 2.9 it/s | eta 1292m
[member 3] step 7900/234591 (ep 0.10) | loss 3.3737 [1d:3.360 1w:3.377 1m:3.405 6m:3.440] | lr 3.00e-04 | 3.0 it/s | eta 1279m
[member 3] step 8000/234591 (ep 0.10) | loss 3.3723 [1d:3.361 1w:3.374 1m:3.403 6m:3.416] | lr 3.00e-04 | 3.0 it/s | eta 1266m
[member 3] EVAL step 8000 (ep 0.10) | stop-score +3.644 (smoothed +3.644, best +3.750) | t1d +2.65/125d t1w +2.50/121d | cal_ce 3.3941 (36408 rows) | base 3.4251 BEAT | raw_tag0 3.4179 | lr_scale 1.000 | no-improve 10/20
[member 3] step 8100/234591 (ep 0.10) | loss 3.3735 [1d:3.364 1w:3.374 1m:3.399 6m:3.450] | lr 3.00e-04 | 2.9 it/s | eta 1307m
[member 3] step 8200/234591 (ep 0.10) | loss 3.3634 [1d:3.350 1w:3.374 1m:3.371 6m:3.404] | lr 3.00e-04 | 2.9 it/s | eta 1294m
[member 3] step 8300/234591 (ep 0.11) | loss 3.3684 [1d:3.357 1w:3.370 1m:3.401 6m:3.439] | lr 3.00e-04 | 2.9 it/s | eta 1281m
[member 3] step 8400/234591 (ep 0.11) | loss 3.3675 [1d:3.362 1w:3.366 1m:3.382 6m:3.429] | lr 3.00e-04 | 3.0 it/s | eta 1269m
[member 3] step 8500/234591 (ep 0.11) | loss 3.3554 [1d:3.350 1w:3.349 1m:3.396 6m:3.405] | lr 3.00e-04 | 3.0 it/s | eta 1257m
[member 3] step 8600/234591 (ep 0.11) | loss 3.3588 [1d:3.350 1w:3.359 1m:3.383 6m:3.427] | lr 3.00e-04 | 3.0 it/s | eta 1246m
[member 3] step 8700/234591 (ep 0.11) | loss 3.3718 [1d:3.354 1w:3.383 1m:3.393 6m:3.401] | lr 3.00e-04 | 3.0 it/s | eta 1235m
[member 3] step 8800/234591 (ep 0.11) | loss 3.3713 [1d:3.367 1w:3.368 1m:3.396 6m:3.409] | lr 3.00e-04 | 3.1 it/s | eta 1223m
[member 3] step 8900/234591 (ep 0.11) | loss 3.3606 [1d:3.355 1w:3.358 1m:3.379 6m:3.465] | lr 3.00e-04 | 3.1 it/s | eta 1213m
[member 3] step 9000/234591 (ep 0.12) | loss 3.3623 [1d:3.348 1w:3.367 1m:3.391 6m:3.404] | lr 3.00e-04 | 3.1 it/s | eta 1202m
[member 3] EVAL step 9000 (ep 0.12) | stop-score +3.639 (smoothed +3.639, best +3.750) | t1d +2.70/125d t1w +2.45/121d | cal_ce 3.3938 (36408 rows) | base 3.4251 BEAT | raw_tag0 3.4156 | lr_scale 1.000 | no-improve 11/20
[member 3] step 9100/234591 (ep 0.12) | loss 3.3523 [1d:3.341 1w:3.355 1m:3.381 6m:3.372] | lr 3.00e-04 | 3.0 it/s | eta 1239m
[member 3] step 9200/234591 (ep 0.12) | loss 3.3630 [1d:3.346 1w:3.371 1m:3.388 6m:3.433] | lr 3.00e-04 | 3.1 it/s | eta 1228m
[member 3] step 9300/234591 (ep 0.12) | loss 3.3654 [1d:3.348 1w:3.375 1m:3.381 6m:3.452] | lr 3.00e-04 | 3.1 it/s | eta 1218m
[member 3] step 9400/234591 (ep 0.12) | loss 3.3702 [1d:3.352 1w:3.380 1m:3.393 6m:3.443] | lr 3.00e-04 | 3.1 it/s | eta 1207m
[member 3] step 9500/234591 (ep 0.12) | loss 3.3645 [1d:3.350 1w:3.372 1m:3.382 6m:3.449] | lr 3.00e-04 | 3.1 it/s | eta 1197m
[member 3] step 9600/234591 (ep 0.12) | loss 3.3683 [1d:3.360 1w:3.371 1m:3.386 6m:3.428] | lr 3.00e-04 | 3.2 it/s | eta 1188m
[member 3] step 9700/234591 (ep 0.12) | loss 3.3590 [1d:3.351 1w:3.358 1m:3.392 6m:3.371] | lr 3.00e-04 | 3.2 it/s | eta 1178m
[member 3] step 9800/234591 (ep 0.13) | loss 3.3604 [1d:3.347 1w:3.368 1m:3.372 6m:3.423] | lr 3.00e-04 | 3.2 it/s | eta 1168m
[member 3] step 9900/234591 (ep 0.13) | loss 3.3618 [1d:3.355 1w:3.363 1m:3.381 6m:3.400] | lr 3.00e-04 | 3.2 it/s | eta 1159m
[member 3] step 10000/234591 (ep 0.13) | loss 3.3628 [1d:3.352 1w:3.368 1m:3.384 6m:3.393] | lr 3.00e-04 | 3.3 it/s | eta 1150m
[member 3] EVAL step 10000 (ep 0.13) | stop-score +3.814 (smoothed +3.644, best +3.750) | t1d +2.90/125d t1w +2.49/121d | cal_ce 3.3914 (36408 rows) | base 3.4251 BEAT | raw_tag0 3.4125 | lr_scale 1.000 | no-improve 12/20
[member 3] step 10100/234591 (ep 0.13) | loss 3.3769 [1d:3.368 1w:3.380 1m:3.408 6m:3.334] | lr 3.00e-04 | 3.2 it/s | eta 1185m
[member 3] step 10200/234591 (ep 0.13) | loss 3.3646 [1d:3.352 1w:3.370 1m:3.388 6m:3.432] | lr 3.00e-04 | 3.2 it/s | eta 1175m
[member 3] step 10300/234591 (ep 0.13) | loss 3.3596 [1d:3.343 1w:3.364 1m:3.401 6m:3.412] | lr 3.00e-04 | 3.2 it/s | eta 1166m
[member 3] step 10400/234591 (ep 0.13) | loss 3.3635 [1d:3.359 1w:3.364 1m:3.373 6m:3.396] | lr 3.00e-04 | 3.2 it/s | eta 1157m
[member 3] step 10500/234591 (ep 0.13) | loss 3.3566 [1d:3.344 1w:3.363 1m:3.379 6m:3.397] | lr 3.00e-04 | 3.3 it/s | eta 1149m
[member 3] step 10600/234591 (ep 0.14) | loss 3.3589 [1d:3.347 1w:3.363 1m:3.380 6m:3.410] | lr 3.00e-04 | 3.3 it/s | eta 1140m
[member 3] step 10700/234591 (ep 0.14) | loss 3.3559 [1d:3.339 1w:3.366 1m:3.375 6m:3.444] | lr 3.00e-04 | 3.3 it/s | eta 1132m
[member 3] step 10800/234591 (ep 0.14) | loss 3.3612 [1d:3.354 1w:3.364 1m:3.368 6m:3.440] | lr 3.00e-04 | 3.3 it/s | eta 1124m
[member 3] step 10900/234591 (ep 0.14) | loss 3.3579 [1d:3.354 1w:3.355 1m:3.374 6m:3.432] | lr 3.00e-04 | 3.3 it/s | eta 1116m
[member 3] step 11000/234591 (ep 0.14) | loss 3.3576 [1d:3.349 1w:3.357 1m:3.386 6m:3.405] | lr 3.00e-04 | 3.4 it/s | eta 1108m
[member 3] EVAL step 11000 (ep 0.14) | stop-score +4.092 (smoothed +3.814, best +3.814) | t1d +3.11/125d t1w +2.68/121d | cal_ce 3.3935 (36408 rows) | base 3.4251 BEAT | raw_tag0 3.4177 | lr_scale 1.000 | IMPROVED
[member 3] step 11100/234591 (ep 0.14) | loss 3.3563 [1d:3.351 1w:3.356 1m:3.372 6m:3.384] | lr 3.00e-04 | 3.3 it/s | eta 1140m
[member 3] step 11200/234591 (ep 0.14) | loss 3.3606 [1d:3.346 1w:3.366 1m:3.388 6m:3.422] | lr 3.00e-04 | 3.3 it/s | eta 1132m
[member 3] step 11300/234591 (ep 0.14) | loss 3.3613 [1d:3.347 1w:3.365 1m:3.399 6m:3.378] | lr 3.00e-04 | 3.3 it/s | eta 1124m
[member 3] step 11400/234591 (ep 0.15) | loss 3.3641 [1d:3.359 1w:3.363 1m:3.384 6m:3.390] | lr 3.00e-04 | 3.3 it/s | eta 1116m
[member 3] step 11500/234591 (ep 0.15) | loss 3.3667 [1d:3.353 1w:3.374 1m:3.384 6m:3.414] | lr 3.00e-04 | 3.4 it/s | eta 1109m
[member 3] step 11600/234591 (ep 0.15) | loss 3.3758 [1d:3.365 1w:3.380 1m:3.392 6m:3.416] | lr 3.00e-04 | 3.4 it/s | eta 1101m
[member 3] step 11700/234591 (ep 0.15) | loss 3.3639 [1d:3.341 1w:3.375 1m:3.399 6m:3.452] | lr 3.00e-04 | 3.4 it/s | eta 1094m
[member 3] step 11800/234591 (ep 0.15) | loss 3.3658 [1d:3.358 1w:3.368 1m:3.385 6m:3.384] | lr 3.00e-04 | 3.4 it/s | eta 1087m
[member 3] step 11900/234591 (ep 0.15) | loss 3.3620 [1d:3.351 1w:3.366 1m:3.386 6m:3.405] | lr 3.00e-04 | 3.4 it/s | eta 1080m
[member 3] step 12000/234591 (ep 0.15) | loss 3.3658 [1d:3.351 1w:3.372 1m:3.393 6m:3.412] | lr 3.00e-04 | 3.5 it/s | eta 1073m
[member 3] EVAL step 12000 (ep 0.15) | stop-score +4.060 (smoothed +4.060, best +4.060) | t1d +2.97/125d t1w +2.77/121d | cal_ce 3.3909 (36408 rows) | base 3.4251 BEAT | raw_tag0 3.4125 | lr_scale 1.000 | IMPROVED
[member 3] step 12100/234591 (ep 0.15) | loss 3.3644 [1d:3.350 1w:3.370 1m:3.391 6m:3.407] | lr 3.00e-04 | 3.4 it/s | eta 1103m
[member 3] step 12200/234591 (ep 0.16) | loss 3.3591 [1d:3.342 1w:3.366 1m:3.397 6m:3.403] | lr 3.00e-04 | 3.4 it/s | eta 1095m
[member 3] step 12300/234591 (ep 0.16) | loss 3.3647 [1d:3.360 1w:3.360 1m:3.395 6m:3.447] | lr 3.00e-04 | 3.4 it/s | eta 1088m
[member 3] step 12400/234591 (ep 0.16) | loss 3.3581 [1d:3.347 1w:3.361 1m:3.377 6m:3.468] | lr 3.00e-04 | 3.4 it/s | eta 1082m
[member 3] step 12500/234591 (ep 0.16) | loss 3.3513 [1d:3.347 1w:3.350 1m:3.372 6m:3.390] | lr 3.00e-04 | 3.4 it/s | eta 1075m
[member 3] step 12600/234591 (ep 0.16) | loss 3.3602 [1d:3.355 1w:3.352 1m:3.408 6m:3.430] | lr 3.00e-04 | 3.5 it/s | eta 1068m
[member 3] step 12700/234591 (ep 0.16) | loss 3.3559 [1d:3.346 1w:3.354 1m:3.391 6m:3.436] | lr 3.00e-04 | 3.5 it/s | eta 1062m
[member 3] step 12800/234591 (ep 0.16) | loss 3.3621 [1d:3.356 1w:3.359 1m:3.392 6m:3.411] | lr 3.00e-04 | 3.5 it/s | eta 1055m
[member 3] step 12900/234591 (ep 0.16) | loss 3.3668 [1d:3.363 1w:3.369 1m:3.368 6m:3.425] | lr 3.00e-04 | 3.5 it/s | eta 1049m
[member 3] step 13000/234591 (ep 0.17) | loss 3.3563 [1d:3.348 1w:3.355 1m:3.379 6m:3.431] | lr 3.00e-04 | 3.5 it/s | eta 1043m
[member 3] EVAL step 13000 (ep 0.17) | stop-score +4.240 (smoothed +4.092, best +4.060) | t1d +3.07/125d t1w +2.93/121d | cal_ce 3.3907 (36408 rows) | base 3.4251 BEAT | raw_tag0 3.4115 | lr_scale 1.000 | no-improve 1/20
[member 3] step 13100/234591 (ep 0.17) | loss 3.3558 [1d:3.346 1w:3.363 1m:3.361 6m:3.378] | lr 3.00e-04 | 3.4 it/s | eta 1071m
[member 3] step 13200/234591 (ep 0.17) | loss 3.3571 [1d:3.343 1w:3.363 1m:3.379 6m:3.424] | lr 3.00e-04 | 3.5 it/s | eta 1064m
[member 3] step 13300/234591 (ep 0.17) | loss 3.3575 [1d:3.346 1w:3.361 1m:3.385 6m:3.390] | lr 3.00e-04 | 3.5 it/s | eta 1058m
[member 3] step 13400/234591 (ep 0.17) | loss 3.3623 [1d:3.355 1w:3.363 1m:3.381 6m:3.381] | lr 3.00e-04 | 3.5 it/s | eta 1052m
[member 3] step 13500/234591 (ep 0.17) | loss 3.3689 [1d:3.356 1w:3.373 1m:3.400 6m:3.392] | lr 3.00e-04 | 3.5 it/s | eta 1045m
[member 3] step 13600/234591 (ep 0.17) | loss 3.3594 [1d:3.353 1w:3.356 1m:3.395 6m:3.405] | lr 3.00e-04 | 3.5 it/s | eta 1040m
[member 3] step 13700/234591 (ep 0.18) | loss 3.3634 [1d:3.350 1w:3.370 1m:3.388 6m:3.395] | lr 3.00e-04 | 3.6 it/s | eta 1034m
[member 3] step 13800/234591 (ep 0.18) | loss 3.3550 [1d:3.347 1w:3.357 1m:3.377 6m:3.382] | lr 3.00e-04 | 3.6 it/s | eta 1028m
[member 3] step 13900/234591 (ep 0.18) | loss 3.3586 [1d:3.354 1w:3.357 1m:3.376 6m:3.400] | lr 3.00e-04 | 3.6 it/s | eta 1022m
[member 3] step 14000/234591 (ep 0.18) | loss 3.3503 [1d:3.340 1w:3.354 1m:3.378 6m:3.344] | lr 3.00e-04 | 3.6 it/s | eta 1017m
[member 3] EVAL step 14000 (ep 0.18) | stop-score +5.385 (smoothed +4.240, best +4.240) | t1d +3.97/125d t1w +3.64/121d | cal_ce 3.3928 (36408 rows) | base 3.4251 BEAT | raw_tag0 3.4193 | lr_scale 1.000 | IMPROVED
[member 3] step 14100/234591 (ep 0.18) | loss 3.3595 [1d:3.354 1w:3.362 1m:3.361 6m:3.429] | lr 3.00e-04 | 3.5 it/s | eta 1043m
[member 3] step 14200/234591 (ep 0.18) | loss 3.3641 [1d:3.352 1w:3.371 1m:3.375 6m:3.424] | lr 3.00e-04 | 3.5 it/s | eta 1037m
[member 3] step 14300/234591 (ep 0.18) | loss 3.3556 [1d:3.344 1w:3.363 1m:3.368 6m:3.398] | lr 3.00e-04 | 3.6 it/s | eta 1031m
[member 3] step 14400/234591 (ep 0.18) | loss 3.3609 [1d:3.364 1w:3.351 1m:3.375 6m:3.444] | lr 3.00e-04 | 3.6 it/s | eta 1025m
[member 3] step 14500/234591 (ep 0.19) | loss 3.3639 [1d:3.361 1w:3.359 1m:3.386 6m:3.418] | lr 3.00e-04 | 3.6 it/s | eta 1020m
[member 3] step 14600/234591 (ep 0.19) | loss 3.3552 [1d:3.349 1w:3.355 1m:3.368 6m:3.418] | lr 3.00e-04 | 3.6 it/s | eta 1015m
[member 3] step 14700/234591 (ep 0.19) | loss 3.3540 [1d:3.345 1w:3.357 1m:3.364 6m:3.446] | lr 3.00e-04 | 3.6 it/s | eta 1009m
[member 3] step 14800/234591 (ep 0.19) | loss 3.3513 [1d:3.344 1w:3.356 1m:3.355 6m:3.385] | lr 3.00e-04 | 3.6 it/s | eta 1004m
[member 3] step 14900/234591 (ep 0.19) | loss 3.3718 [1d:3.368 1w:3.371 1m:3.387 6m:3.403] | lr 3.00e-04 | 3.7 it/s | eta 999m
[member 3] step 15000/234591 (ep 0.19) | loss 3.3634 [1d:3.354 1w:3.363 1m:3.394 6m:3.436] | lr 3.00e-04 | 3.7 it/s | eta 994m
[member 3] EVAL step 15000 (ep 0.19) | stop-score +4.484 (smoothed +4.484, best +4.484) | t1d +3.30/125d t1w +3.04/121d | cal_ce 3.3924 (36408 rows) | base 3.4251 BEAT | raw_tag0 3.4139 | lr_scale 1.000 | IMPROVED
[member 3] step 15100/234591 (ep 0.19) | loss 3.3594 [1d:3.356 1w:3.352 1m:3.392 6m:3.427] | lr 3.00e-04 | 3.6 it/s | eta 1018m
[member 3] step 15200/234591 (ep 0.19) | loss 3.3618 [1d:3.359 1w:3.357 1m:3.387 6m:3.411] | lr 3.00e-04 | 3.6 it/s | eta 1013m
[member 3] step 15300/234591 (ep 0.20) | loss 3.3545 [1d:3.342 1w:3.359 1m:3.370 6m:3.432] | lr 3.00e-04 | 3.6 it/s | eta 1008m
[member 3] step 15400/234591 (ep 0.20) | loss 3.3584 [1d:3.343 1w:3.368 1m:3.371 6m:3.387] | lr 3.00e-04 | 3.6 it/s | eta 1003m
[member 3] step 15500/234591 (ep 0.20) | loss 3.3644 [1d:3.361 1w:3.365 1m:3.369 6m:3.399] | lr 3.00e-04 | 3.7 it/s | eta 998m
[member 3] step 15600/234591 (ep 0.20) | loss 3.3549 [1d:3.352 1w:3.353 1m:3.370 6m:3.398] | lr 3.00e-04 | 3.7 it/s | eta 993m
[member 3] step 15700/234591 (ep 0.20) | loss 3.3552 [1d:3.349 1w:3.355 1m:3.380 6m:3.389] | lr 3.00e-04 | 3.7 it/s | eta 988m
[member 3] step 15800/234591 (ep 0.20) | loss 3.3586 [1d:3.353 1w:3.363 1m:3.355 6m:3.426] | lr 3.00e-04 | 3.7 it/s | eta 983m
[member 3] step 15900/234591 (ep 0.20) | loss 3.3576 [1d:3.347 1w:3.363 1m:3.370 6m:3.436] | lr 3.00e-04 | 3.7 it/s | eta 978m
[member 3] step 16000/234591 (ep 0.20) | loss 3.3595 [1d:3.350 1w:3.361 1m:3.388 6m:3.371] | lr 3.00e-04 | 3.7 it/s | eta 974m
[member 3] EVAL step 16000 (ep 0.20) | stop-score +4.747 (smoothed +4.747, best +4.747) | t1d +3.52/125d t1w +3.20/121d | cal_ce 3.3909 (36408 rows) | base 3.4251 BEAT | raw_tag0 3.4164 | lr_scale 1.000 | IMPROVED
[member 3] step 16100/234591 (ep 0.21) | loss 3.3609 [1d:3.351 1w:3.358 1m:3.398 6m:3.451] | lr 3.00e-04 | 3.7 it/s | eta 996m
[member 3] step 16200/234591 (ep 0.21) | loss 3.3551 [1d:3.347 1w:3.351 1m:3.393 6m:3.440] | lr 3.00e-04 | 3.7 it/s | eta 991m
[member 3] step 16300/234591 (ep 0.21) | loss 3.3531 [1d:3.348 1w:3.352 1m:3.371 6m:3.392] | lr 3.00e-04 | 3.7 it/s | eta 987m
[member 3] step 16400/234591 (ep 0.21) | loss 3.3564 [1d:3.344 1w:3.360 1m:3.383 6m:3.417] | lr 3.00e-04 | 3.7 it/s | eta 982m
[member 3] step 16500/234591 (ep 0.21) | loss 3.3577 [1d:3.351 1w:3.357 1m:3.373 6m:3.482] | lr 3.00e-04 | 3.7 it/s | eta 978m
[member 3] step 16600/234591 (ep 0.21) | loss 3.3554 [1d:3.348 1w:3.355 1m:3.372 6m:3.462] | lr 3.00e-04 | 3.7 it/s | eta 973m
[member 3] step 16700/234591 (ep 0.21) | loss 3.3565 [1d:3.352 1w:3.357 1m:3.375 6m:3.329] | lr 3.00e-04 | 3.7 it/s | eta 968m
[member 3] step 16800/234591 (ep 0.21) | loss 3.3547 [1d:3.350 1w:3.354 1m:3.368 6m:3.399] | lr 3.00e-04 | 3.8 it/s | eta 964m
[member 3] step 16900/234591 (ep 0.22) | loss 3.3487 [1d:3.335 1w:3.354 1m:3.381 6m:3.374] | lr 3.00e-04 | 3.8 it/s | eta 960m
[member 3] step 17000/234591 (ep 0.22) | loss 3.3500 [1d:3.337 1w:3.350 1m:3.392 6m:3.452] | lr 3.00e-04 | 3.8 it/s | eta 955m
[member 3] EVAL step 17000 (ep 0.22) | stop-score +3.735 (smoothed +4.484, best +4.747) | t1d +2.71/125d t1w +2.57/121d | cal_ce 3.3953 (36408 rows) | base 3.4251 BEAT | raw_tag0 3.4193 | lr_scale 1.000 | no-improve 1/20
[member 3] step 17100/234591 (ep 0.22) | loss 3.3565 [1d:3.352 1w:3.359 1m:3.357 6m:3.418] | lr 3.00e-04 | 3.7 it/s | eta 977m
[member 3] step 17200/234591 (ep 0.22) | loss 3.3503 [1d:3.342 1w:3.355 1m:3.361 6m:3.348] | lr 3.00e-04 | 3.7 it/s | eta 972m
[member 3] step 17300/234591 (ep 0.22) | loss 3.3601 [1d:3.350 1w:3.365 1m:3.374 6m:3.392] | lr 3.00e-04 | 3.7 it/s | eta 968m
[member 3] step 17400/234591 (ep 0.22) | loss 3.3584 [1d:3.349 1w:3.361 1m:3.382 6m:3.397] | lr 3.00e-04 | 3.8 it/s | eta 964m
[member 3] step 17500/234591 (ep 0.22) | loss 3.3526 [1d:3.344 1w:3.351 1m:3.381 6m:3.421] | lr 3.00e-04 | 3.8 it/s | eta 959m
[member 3] step 17600/234591 (ep 0.23) | loss 3.3595 [1d:3.354 1w:3.353 1m:3.397 6m:3.411] | lr 3.00e-04 | 3.8 it/s | eta 955m
[member 3] step 17700/234591 (ep 0.23) | loss 3.3485 [1d:3.345 1w:3.347 1m:3.367 6m:3.351] | lr 3.00e-04 | 3.8 it/s | eta 951m
[member 3] step 17800/234591 (ep 0.23) | loss 3.3507 [1d:3.348 1w:3.345 1m:3.376 6m:3.442] | lr 3.00e-04 | 3.8 it/s | eta 947m
[member 3] step 17900/234591 (ep 0.23) | loss 3.3474 [1d:3.341 1w:3.353 1m:3.351 6m:3.366] | lr 3.00e-04 | 3.8 it/s | eta 943m
[member 3] step 18000/234591 (ep 0.23) | loss 3.3548 [1d:3.348 1w:3.359 1m:3.364 6m:3.374] | lr 3.00e-04 | 3.8 it/s | eta 939m
[member 3] EVAL step 18000 (ep 0.23) | stop-score +4.903 (smoothed +4.747, best +4.747) | t1d +3.52/125d t1w +3.41/121d | cal_ce 3.3901 (36408 rows) | base 3.4251 BEAT | raw_tag0 3.4152 | lr_scale 1.000 | no-improve 2/20
[member 3] step 18100/234591 (ep 0.23) | loss 3.3480 [1d:3.330 1w:3.353 1m:3.390 6m:3.403] | lr 3.00e-04 | 3.8 it/s | eta 959m
[member 3] step 18200/234591 (ep 0.23) | loss 3.3539 [1d:3.346 1w:3.356 1m:3.364 6m:3.434] | lr 3.00e-04 | 3.8 it/s | eta 955m
[member 3] step 18300/234591 (ep 0.23) | loss 3.3526 [1d:3.346 1w:3.355 1m:3.364 6m:3.380] | lr 3.00e-04 | 3.8 it/s | eta 951m
[member 3] step 18400/234591 (ep 0.24) | loss 3.3493 [1d:3.349 1w:3.347 1m:3.357 6m:3.377] | lr 3.00e-04 | 3.8 it/s | eta 947m
[member 3] step 18500/234591 (ep 0.24) | loss 3.3577 [1d:3.348 1w:3.358 1m:3.378 6m:3.467] | lr 3.00e-04 | 3.8 it/s | eta 943m
[member 3] step 18600/234591 (ep 0.24) | loss 3.3587 [1d:3.345 1w:3.364 1m:3.391 6m:3.378] | lr 3.00e-04 | 3.8 it/s | eta 939m
[member 3] step 18700/234591 (ep 0.24) | loss 3.3544 [1d:3.348 1w:3.356 1m:3.366 6m:3.409] | lr 3.00e-04 | 3.8 it/s | eta 935m
[member 3] step 18800/234591 (ep 0.24) | loss 3.3561 [1d:3.354 1w:3.350 1m:3.377 6m:3.420] | lr 3.00e-04 | 3.9 it/s | eta 931m
[member 3] step 18900/234591 (ep 0.24) | loss 3.3575 [1d:3.355 1w:3.350 1m:3.384 6m:3.447] | lr 3.00e-04 | 3.9 it/s | eta 927m
[member 3] step 19000/234591 (ep 0.24) | loss 3.3627 [1d:3.357 1w:3.358 1m:3.391 6m:3.454] | lr 3.00e-04 | 3.9 it/s | eta 924m
[member 3] EVAL step 19000 (ep 0.24) | stop-score +6.149 (smoothed +4.903, best +4.903) | t1d +4.46/125d t1w +4.23/121d | cal_ce 3.3909 (36408 rows) | base 3.4251 BEAT | raw_tag0 3.4163 | lr_scale 1.000 | IMPROVED
[member 3] step 19100/234591 (ep 0.24) | loss 3.3506 [1d:3.340 1w:3.353 1m:3.371 6m:3.432] | lr 3.00e-04 | 3.8 it/s | eta 943m
[member 3] step 19200/234591 (ep 0.25) | loss 3.3560 [1d:3.351 1w:3.351 1m:3.380 6m:3.447] | lr 3.00e-04 | 3.8 it/s | eta 939m
[member 3] step 19300/234591 (ep 0.25) | loss 3.3541 [1d:3.353 1w:3.352 1m:3.363 6m:3.374] | lr 3.00e-04 | 3.8 it/s | eta 935m
[member 3] step 19400/234591 (ep 0.25) | loss 3.3522 [1d:3.353 1w:3.349 1m:3.355 6m:3.392] | lr 3.00e-04 | 3.9 it/s | eta 931m
[member 3] step 19500/234591 (ep 0.25) | loss 3.3488 [1d:3.345 1w:3.349 1m:3.356 6m:3.419] | lr 3.00e-04 | 3.9 it/s | eta 928m
[member 3] step 19600/234591 (ep 0.25) | loss 3.3478 [1d:3.338 1w:3.354 1m:3.345 6m:3.479] | lr 3.00e-04 | 3.9 it/s | eta 924m
[member 3] step 19700/234591 (ep 0.25) | loss 3.3510 [1d:3.341 1w:3.354 1m:3.366 6m:3.422] | lr 3.00e-04 | 3.9 it/s | eta 920m
[member 3] step 19800/234591 (ep 0.25) | loss 3.3523 [1d:3.341 1w:3.355 1m:3.373 6m:3.441] | lr 3.00e-04 | 3.9 it/s | eta 917m
[member 3] step 19900/234591 (ep 0.25) | loss 3.3520 [1d:3.349 1w:3.342 1m:3.386 6m:3.467] | lr 3.00e-04 | 3.9 it/s | eta 913m
[member 3] step 20000/234591 (ep 0.26) | loss 3.3529 [1d:3.342 1w:3.356 1m:3.380 6m:3.367] | lr 3.00e-04 | 3.9 it/s | eta 910m
[member 3] EVAL step 20000 (ep 0.26) | stop-score +3.477 (smoothed +4.903, best +4.903) | t1d +2.53/125d t1w +2.39/121d | cal_ce 3.3943 (36408 rows) | base 3.4251 BEAT | raw_tag0 3.4195 | lr_scale 1.000 | no-improve 1/20
[member 3] step 20100/234591 (ep 0.26) | loss 3.3588 [1d:3.351 1w:3.362 1m:3.377 6m:3.355] | lr 3.00e-04 | 3.9 it/s | eta 928m
[member 3] step 20200/234591 (ep 0.26) | loss 3.3547 [1d:3.351 1w:3.354 1m:3.369 6m:3.378] | lr 3.00e-04 | 3.9 it/s | eta 924m
[member 3] step 20300/234591 (ep 0.26) | loss 3.3577 [1d:3.353 1w:3.360 1m:3.368 6m:3.374] | lr 3.00e-04 | 3.9 it/s | eta 920m
[member 3] step 20400/234591 (ep 0.26) | loss 3.3594 [1d:3.352 1w:3.361 1m:3.380 6m:3.368] | lr 3.00e-04 | 3.9 it/s | eta 917m
[member 3] step 20500/234591 (ep 0.26) | loss 3.3512 [1d:3.344 1w:3.352 1m:3.376 6m:3.354] | lr 3.00e-04 | 3.9 it/s | eta 913m
[member 3] step 20600/234591 (ep 0.26) | loss 3.3519 [1d:3.344 1w:3.354 1m:3.369 6m:3.426] | lr 3.00e-04 | 3.9 it/s | eta 910m
[member 3] step 20700/234591 (ep 0.26) | loss 3.3546 [1d:3.345 1w:3.360 1m:3.373 6m:3.385] | lr 3.00e-04 | 3.9 it/s | eta 907m
[member 3] step 20800/234591 (ep 0.27) | loss 3.3488 [1d:3.349 1w:3.342 1m:3.365 6m:3.418] | lr 3.00e-04 | 3.9 it/s | eta 903m
[member 3] step 20900/234591 (ep 0.27) | loss 3.3503 [1d:3.340 1w:3.356 1m:3.362 6m:3.415] | lr 3.00e-04 | 4.0 it/s | eta 900m
[member 3] step 21000/234591 (ep 0.27) | loss 3.3566 [1d:3.352 1w:3.357 1m:3.368 6m:3.422] | lr 3.00e-04 | 4.0 it/s | eta 897m
[member 3] EVAL step 21000 (ep 0.27) | stop-score +4.492 (smoothed +4.492, best +4.903) | t1d +3.31/125d t1w +3.05/121d | cal_ce 3.3943 (36408 rows) | base 3.4251 BEAT | raw_tag0 3.4157 | lr_scale 1.000 | no-improve 2/20
[member 3] step 21100/234591 (ep 0.27) | loss 3.3536 [1d:3.352 1w:3.353 1m:3.349 6m:3.461] | lr 3.00e-04 | 3.9 it/s | eta 913m
[member 3] step 21200/234591 (ep 0.27) | loss 3.3515 [1d:3.349 1w:3.350 1m:3.351 6m:3.452] | lr 3.00e-04 | 3.9 it/s | eta 910m
[member 3] step 21300/234591 (ep 0.27) | loss 3.3558 [1d:3.355 1w:3.354 1m:3.359 6m:3.426] | lr 3.00e-04 | 3.9 it/s | eta 907m
[member 3] step 21400/234591 (ep 0.27) | loss 3.3507 [1d:3.345 1w:3.350 1m:3.365 6m:3.439] | lr 3.00e-04 | 3.9 it/s | eta 903m
[member 3] step 21500/234591 (ep 0.27) | loss 3.3442 [1d:3.339 1w:3.339 1m:3.380 6m:3.382] | lr 3.00e-04 | 3.9 it/s | eta 900m
[member 3] step 21600/234591 (ep 0.28) | loss 3.3444 [1d:3.335 1w:3.348 1m:3.360 6m:3.386] | lr 3.00e-04 | 4.0 it/s | eta 897m
[member 3] step 21700/234591 (ep 0.28) | loss 3.3615 [1d:3.358 1w:3.363 1m:3.366 6m:3.373] | lr 3.00e-04 | 4.0 it/s | eta 894m
[member 3] step 21800/234591 (ep 0.28) | loss 3.3502 [1d:3.350 1w:3.348 1m:3.351 6m:3.396] | lr 3.00e-04 | 4.0 it/s | eta 890m
[member 3] step 21900/234591 (ep 0.28) | loss 3.3438 [1d:3.340 1w:3.340 1m:3.357 6m:3.464] | lr 3.00e-04 | 4.0 it/s | eta 887m
[member 3] step 22000/234591 (ep 0.28) | loss 3.3510 [1d:3.350 1w:3.343 1m:3.373 6m:3.445] | lr 3.00e-04 | 4.0 it/s | eta 884m
[member 3] EVAL step 22000 (ep 0.28) | stop-score +3.676 (smoothed +3.676, best +4.903) | t1d +3.10/125d t1w +2.10/121d | cal_ce 3.3943 (36408 rows) | base 3.4251 BEAT | raw_tag0 3.4200 | lr_scale 1.000 | no-improve 3/20
[member 3] step 22100/234591 (ep 0.28) | loss 3.3517 [1d:3.345 1w:3.351 1m:3.370 6m:3.421] | lr 3.00e-04 | 3.9 it/s | eta 900m
[member 3] step 22200/234591 (ep 0.28) | loss 3.3508 [1d:3.344 1w:3.352 1m:3.366 6m:3.408] | lr 3.00e-04 | 3.9 it/s | eta 897m
[member 3] step 22300/234591 (ep 0.29) | loss 3.3512 [1d:3.345 1w:3.349 1m:3.377 6m:3.425] | lr 3.00e-04 | 4.0 it/s | eta 894m
[member 3] step 22400/234591 (ep 0.29) | loss 3.3505 [1d:3.347 1w:3.345 1m:3.382 6m:3.404] | lr 3.00e-04 | 4.0 it/s | eta 891m
[member 3] step 22500/234591 (ep 0.29) | loss 3.3515 [1d:3.349 1w:3.346 1m:3.376 6m:3.412] | lr 3.00e-04 | 4.0 it/s | eta 888m
[member 3] step 22600/234591 (ep 0.29) | loss 3.3515 [1d:3.355 1w:3.344 1m:3.360 6m:3.421] | lr 3.00e-04 | 4.0 it/s | eta 884m
[member 3] step 22700/234591 (ep 0.29) | loss 3.3534 [1d:3.354 1w:3.348 1m:3.360 6m:3.410] | lr 3.00e-04 | 4.0 it/s | eta 881m
[member 3] step 22800/234591 (ep 0.29) | loss 3.3526 [1d:3.350 1w:3.351 1m:3.357 6m:3.461] | lr 3.00e-04 | 4.0 it/s | eta 878m
[member 3] step 22900/234591 (ep 0.29) | loss 3.3474 [1d:3.339 1w:3.348 1m:3.361 6m:3.456] | lr 3.00e-04 | 4.0 it/s | eta 875m
[member 3] step 23000/234591 (ep 0.29) | loss 3.3506 [1d:3.349 1w:3.348 1m:3.358 6m:3.415] | lr 3.00e-04 | 4.0 it/s | eta 872m
[member 3] EVAL step 23000 (ep 0.29) | stop-score +4.614 (smoothed +4.492, best +4.903) | t1d +3.57/125d t1w +2.95/121d | cal_ce 3.3900 (36408 rows) | base 3.4251 BEAT | raw_tag0 3.4162 | lr_scale 1.000 | no-improve 4/20
[member 3] step 23100/234591 (ep 0.30) | loss 3.3422 [1d:3.340 1w:3.338 1m:3.356 6m:3.424] | lr 3.00e-04 | 4.0 it/s | eta 888m
[member 3] step 23200/234591 (ep 0.30) | loss 3.3563 [1d:3.355 1w:3.357 1m:3.353 6m:3.393] | lr 3.00e-04 | 4.0 it/s | eta 885m
[member 3] step 23300/234591 (ep 0.30) | loss 3.3533 [1d:3.346 1w:3.354 1m:3.367 6m:3.455] | lr 3.00e-04 | 4.0 it/s | eta 882m
[member 3] step 23400/234591 (ep 0.30) | loss 3.3436 [1d:3.334 1w:3.342 1m:3.374 6m:3.430] | lr 3.00e-04 | 4.0 it/s | eta 879m
[member 3] step 23500/234591 (ep 0.30) | loss 3.3462 [1d:3.348 1w:3.343 1m:3.350 6m:3.352] | lr 3.00e-04 | 4.0 it/s | eta 876m
[member 3] step 23600/234591 (ep 0.30) | loss 3.3457 [1d:3.339 1w:3.344 1m:3.374 6m:3.398] | lr 3.00e-04 | 4.0 it/s | eta 873m
[member 3] step 23700/234591 (ep 0.30) | loss 3.3544 [1d:3.347 1w:3.359 1m:3.362 6m:3.395] | lr 3.00e-04 | 4.0 it/s | eta 870m
[member 3] step 23800/234591 (ep 0.30) | loss 3.3490 [1d:3.345 1w:3.347 1m:3.367 6m:3.381] | lr 3.00e-04 | 4.1 it/s | eta 867m
[member 3] step 23900/234591 (ep 0.31) | loss 3.3489 [1d:3.345 1w:3.343 1m:3.376 6m:3.420] | lr 3.00e-04 | 4.1 it/s | eta 864m
[member 3] step 24000/234591 (ep 0.31) | loss 3.3470 [1d:3.340 1w:3.346 1m:3.371 6m:3.415] | lr 3.00e-04 | 4.1 it/s | eta 861m
[member 3] EVAL step 24000 (ep 0.31) | stop-score +4.870 (smoothed +4.614, best +4.903) | t1d +3.47/125d t1w +3.42/121d | cal_ce 3.3948 (36408 rows) | base 3.4251 BEAT | raw_tag0 3.4142 | lr_scale 1.000 | no-improve 5/20
[member 3] step 24100/234591 (ep 0.31) | loss 3.3496 [1d:3.348 1w:3.349 1m:3.351 6m:3.424] | lr 3.00e-04 | 4.0 it/s | eta 876m
[member 3] step 24200/234591 (ep 0.31) | loss 3.3415 [1d:3.336 1w:3.341 1m:3.353 6m:3.419] | lr 3.00e-04 | 4.0 it/s | eta 873m
[member 3] step 24300/234591 (ep 0.31) | loss 3.3578 [1d:3.351 1w:3.355 1m:3.387 6m:3.405] | lr 3.00e-04 | 4.0 it/s | eta 870m
[member 3] step 24400/234591 (ep 0.31) | loss 3.3481 [1d:3.342 1w:3.348 1m:3.362 6m:3.371] | lr 3.00e-04 | 4.0 it/s | eta 867m
[member 3] step 24500/234591 (ep 0.31) | loss 3.3466 [1d:3.344 1w:3.348 1m:3.345 6m:3.379] | lr 3.00e-04 | 4.1 it/s | eta 864m
[member 3] step 24600/234591 (ep 0.31) | loss 3.3439 [1d:3.342 1w:3.342 1m:3.354 6m:3.397] | lr 3.00e-04 | 4.1 it/s | eta 862m
[member 3] step 24700/234591 (ep 0.32) | loss 3.3418 [1d:3.340 1w:3.339 1m:3.350 6m:3.423] | lr 3.00e-04 | 4.1 it/s | eta 859m
[member 3] step 24800/234591 (ep 0.32) | loss 3.3459 [1d:3.344 1w:3.343 1m:3.352 6m:3.425] | lr 3.00e-04 | 4.1 it/s | eta 856m
[member 3] step 24900/234591 (ep 0.32) | loss 3.3500 [1d:3.341 1w:3.349 1m:3.375 6m:3.418] | lr 3.00e-04 | 4.1 it/s | eta 853m
[member 3] step 25000/234591 (ep 0.32) | loss 3.3546 [1d:3.350 1w:3.352 1m:3.374 6m:3.433] | lr 3.00e-04 | 4.1 it/s | eta 851m
[member 3] EVAL step 25000 (ep 0.32) | stop-score +4.706 (smoothed +4.706, best +4.903) | t1d +3.21/125d t1w +3.44/121d | cal_ce 3.3956 (36408 rows) | base 3.4251 BEAT | raw_tag0 3.4178 | lr_scale 1.000 | no-improve 6/20
[member 3] step 25100/234591 (ep 0.32) | loss 3.3468 [1d:3.337 1w:3.347 1m:3.370 6m:3.454] | lr 3.00e-04 | 4.0 it/s | eta 865m
[member 3] step 25200/234591 (ep 0.32) | loss 3.3425 [1d:3.344 1w:3.334 1m:3.353 6m:3.466] | lr 3.00e-04 | 4.0 it/s | eta 862m
[member 3] step 25300/234591 (ep 0.32) | loss 3.3425 [1d:3.335 1w:3.346 1m:3.356 6m:3.388] | lr 3.00e-04 | 4.1 it/s | eta 859m
[member 3] step 25400/234591 (ep 0.32) | loss 3.3462 [1d:3.346 1w:3.344 1m:3.360 6m:3.342] | lr 3.00e-04 | 4.1 it/s | eta 856m
[member 3] step 25500/234591 (ep 0.33) | loss 3.3426 [1d:3.337 1w:3.338 1m:3.375 6m:3.386] | lr 3.00e-04 | 4.1 it/s | eta 854m
[member 3] step 25600/234591 (ep 0.33) | loss 3.3428 [1d:3.338 1w:3.348 1m:3.338 6m:3.375] | lr 3.00e-04 | 4.1 it/s | eta 851m
[member 3] step 25700/234591 (ep 0.33) | loss 3.3441 [1d:3.341 1w:3.338 1m:3.366 6m:3.446] | lr 3.00e-04 | 4.1 it/s | eta 849m
[member 3] step 25800/234591 (ep 0.33) | loss 3.3475 [1d:3.341 1w:3.348 1m:3.364 6m:3.422] | lr 3.00e-04 | 4.1 it/s | eta 846m
[member 3] step 25900/234591 (ep 0.33) | loss 3.3430 [1d:3.338 1w:3.344 1m:3.347 6m:3.438] | lr 3.00e-04 | 4.1 it/s | eta 843m
[member 3] step 26000/234591 (ep 0.33) | loss 3.3517 [1d:3.349 1w:3.353 1m:3.355 6m:3.374] | lr 3.00e-04 | 4.1 it/s | eta 841m
[member 3] EVAL step 26000 (ep 0.33) | stop-score +5.213 (smoothed +4.870, best +4.903) | t1d +3.63/125d t1w +3.74/121d | cal_ce 3.3924 (36408 rows) | base 3.4251 BEAT | raw_tag0 3.4116 | lr_scale 1.000 | no-improve 7/20
[member 3] step 26100/234591 (ep 0.33) | loss 3.3448 [1d:3.339 1w:3.345 1m:3.364 6m:3.366] | lr 3.00e-04 | 4.1 it/s | eta 854m
[member 3] step 26200/234591 (ep 0.34) | loss 3.3431 [1d:3.346 1w:3.335 1m:3.364 6m:3.350] | lr 3.00e-04 | 4.1 it/s | eta 851m
[member 3] step 26300/234591 (ep 0.34) | loss 3.3476 [1d:3.340 1w:3.349 1m:3.375 6m:3.328] | lr 3.00e-04 | 4.1 it/s | eta 849m
[member 3] step 26400/234591 (ep 0.34) | loss 3.3441 [1d:3.340 1w:3.341 1m:3.372 6m:3.395] | lr 3.00e-04 | 4.1 it/s | eta 846m
[member 3] step 26500/234591 (ep 0.34) | loss 3.3482 [1d:3.338 1w:3.345 1m:3.381 6m:3.455] | lr 3.00e-04 | 4.1 it/s | eta 844m
[member 3] step 26600/234591 (ep 0.34) | loss 3.3465 [1d:3.343 1w:3.341 1m:3.372 6m:3.429] | lr 3.00e-04 | 4.1 it/s | eta 841m
[member 3] step 26700/234591 (ep 0.34) | loss 3.3477 [1d:3.349 1w:3.341 1m:3.361 6m:3.375] | lr 3.00e-04 | 4.1 it/s | eta 839m
[member 3] step 26800/234591 (ep 0.34) | loss 3.3434 [1d:3.335 1w:3.343 1m:3.374 6m:3.425] | lr 3.00e-04 | 4.1 it/s | eta 836m
[member 3] step 26900/234591 (ep 0.34) | loss 3.3516 [1d:3.343 1w:3.351 1m:3.385 6m:3.397] | lr 3.00e-04 | 4.2 it/s | eta 834m
[member 3] step 27000/234591 (ep 0.35) | loss 3.3455 [1d:3.343 1w:3.343 1m:3.355 6m:3.400] | lr 3.00e-04 | 4.2 it/s | eta 831m
[member 3] EVAL step 27000 (ep 0.35) | stop-score +5.080 (smoothed +5.080, best +5.080) | t1d +3.76/125d t1w +3.42/121d | cal_ce 3.3936 (36408 rows) | base 3.4251 BEAT | raw_tag0 3.4158 | lr_scale 1.000 | IMPROVED
[member 3] step 27100/234591 (ep 0.35) | loss 3.3516 [1d:3.352 1w:3.344 1m:3.377 6m:3.385] | lr 3.00e-04 | 4.1 it/s | eta 844m
[member 3] step 27200/234591 (ep 0.35) | loss 3.3381 [1d:3.336 1w:3.335 1m:3.346 6m:3.462] | lr 3.00e-04 | 4.1 it/s | eta 842m
[member 3] step 27300/234591 (ep 0.35) | loss 3.3395 [1d:3.340 1w:3.332 1m:3.367 6m:3.343] | lr 3.00e-04 | 4.1 it/s | eta 839m
[member 3] step 27400/234591 (ep 0.35) | loss 3.3403 [1d:3.334 1w:3.339 1m:3.362 6m:3.409] | lr 3.00e-04 | 4.1 it/s | eta 837m
[member 3] step 27500/234591 (ep 0.35) | loss 3.3481 [1d:3.337 1w:3.353 1m:3.364 6m:3.427] | lr 3.00e-04 | 4.1 it/s | eta 834m
[member 3] step 27600/234591 (ep 0.35) | loss 3.3340 [1d:3.321 1w:3.341 1m:3.352 6m:3.384] | lr 3.00e-04 | 4.1 it/s | eta 832m
[member 3] step 27700/234591 (ep 0.35) | loss 3.3480 [1d:3.347 1w:3.342 1m:3.369 6m:3.394] | lr 3.00e-04 | 4.2 it/s | eta 829m
[member 3] step 27800/234591 (ep 0.36) | loss 3.3471 [1d:3.338 1w:3.352 1m:3.356 6m:3.376] | lr 3.00e-04 | 4.2 it/s | eta 827m
[member 3] step 27900/234591 (ep 0.36) | loss 3.3466 [1d:3.340 1w:3.346 1m:3.369 6m:3.388] | lr 3.00e-04 | 4.2 it/s | eta 825m
[member 3] step 28000/234591 (ep 0.36) | loss 3.3457 [1d:3.338 1w:3.346 1m:3.373 6m:3.381] | lr 3.00e-04 | 4.2 it/s | eta 822m
[member 3] EVAL step 28000 (ep 0.36) | stop-score +3.698 (smoothed +5.080, best +5.080) | t1d +2.81/125d t1w +2.42/121d | cal_ce 3.3941 (36408 rows) | base 3.4251 BEAT | raw_tag0 3.4123 | lr_scale 1.000 | no-improve 1/20
[member 3] step 28100/234591 (ep 0.36) | loss 3.3374 [1d:3.335 1w:3.335 1m:3.349 6m:3.407] | lr 3.00e-04 | 4.1 it/s | eta 834m
[member 3] step 28200/234591 (ep 0.36) | loss 3.3404 [1d:3.337 1w:3.340 1m:3.346 6m:3.398] | lr 3.00e-04 | 4.1 it/s | eta 832m
[member 3] step 28300/234591 (ep 0.36) | loss 3.3430 [1d:3.334 1w:3.343 1m:3.369 6m:3.380] | lr 3.00e-04 | 4.1 it/s | eta 830m
[member 3] step 28400/234591 (ep 0.36) | loss 3.3443 [1d:3.346 1w:3.336 1m:3.355 6m:3.413] | lr 3.00e-04 | 4.2 it/s | eta 827m
[member 3] step 28500/234591 (ep 0.36) | loss 3.3471 [1d:3.345 1w:3.349 1m:3.347 6m:3.365] | lr 3.00e-04 | 4.2 it/s | eta 825m
[member 3] step 28600/234591 (ep 0.37) | loss 3.3479 [1d:3.340 1w:3.348 1m:3.368 6m:3.447] | lr 3.00e-04 | 4.2 it/s | eta 823m
[member 3] step 28700/234591 (ep 0.37) | loss 3.3457 [1d:3.345 1w:3.341 1m:3.358 6m:3.406] | lr 3.00e-04 | 4.2 it/s | eta 820m
[member 3] step 28800/234591 (ep 0.37) | loss 3.3397 [1d:3.336 1w:3.337 1m:3.357 6m:3.413] | lr 3.00e-04 | 4.2 it/s | eta 818m
[member 3] step 28900/234591 (ep 0.37) | loss 3.3395 [1d:3.328 1w:3.340 1m:3.363 6m:3.448] | lr 3.00e-04 | 4.2 it/s | eta 816m
[member 3] step 29000/234591 (ep 0.37) | loss 3.3371 [1d:3.339 1w:3.333 1m:3.334 6m:3.438] | lr 3.00e-04 | 4.2 it/s | eta 814m
[member 3] EVAL step 29000 (ep 0.37) | stop-score +4.650 (smoothed +4.650, best +5.080) | t1d +3.48/125d t1w +3.10/121d | cal_ce 3.3911 (36408 rows) | base 3.4251 BEAT | raw_tag0 3.4129 | lr_scale 1.000 | no-improve 2/20
[member 3] step 29100/234591 (ep 0.37) | loss 3.3447 [1d:3.341 1w:3.343 1m:3.359 6m:3.399] | lr 3.00e-04 | 4.1 it/s | eta 825m
[member 3] step 29200/234591 (ep 0.37) | loss 3.3492 [1d:3.340 1w:3.352 1m:3.366 6m:3.410] | lr 3.00e-04 | 4.2 it/s | eta 823m
[member 3] step 29300/234591 (ep 0.37) | loss 3.3431 [1d:3.336 1w:3.344 1m:3.361 6m:3.373] | lr 3.00e-04 | 4.2 it/s | eta 821m
[member 3] step 29400/234591 (ep 0.38) | loss 3.3428 [1d:3.336 1w:3.343 1m:3.360 6m:3.394] | lr 3.00e-04 | 4.2 it/s | eta 818m
[member 3] step 29500/234591 (ep 0.38) | loss 3.3444 [1d:3.339 1w:3.344 1m:3.369 6m:3.368] | lr 3.00e-04 | 4.2 it/s | eta 816m
[member 3] step 29600/234591 (ep 0.38) | loss 3.3383 [1d:3.328 1w:3.343 1m:3.354 6m:3.410] | lr 3.00e-04 | 4.2 it/s | eta 814m
[member 3] step 29700/234591 (ep 0.38) | loss 3.3404 [1d:3.334 1w:3.339 1m:3.362 6m:3.436] | lr 3.00e-04 | 4.2 it/s | eta 812m
[member 3] step 29800/234591 (ep 0.38) | loss 3.3467 [1d:3.342 1w:3.338 1m:3.382 6m:3.449] | lr 3.00e-04 | 4.2 it/s | eta 810m
[member 3] step 29900/234591 (ep 0.38) | loss 3.3405 [1d:3.338 1w:3.339 1m:3.353 6m:3.358] | lr 3.00e-04 | 4.2 it/s | eta 807m
[member 3] step 30000/234591 (ep 0.38) | loss 3.3448 [1d:3.341 1w:3.345 1m:3.355 6m:3.390] | lr 3.00e-04 | 4.2 it/s | eta 805m
[member 3] EVAL step 30000 (ep 0.38) | stop-score +4.265 (smoothed +4.265, best +5.080) | t1d +3.34/125d t1w +2.69/121d | cal_ce 3.3925 (36408 rows) | base 3.4251 BEAT | raw_tag0 3.4137 | lr_scale 1.000 | no-improve 3/20
[member 3] step 30100/234591 (ep 0.38) | loss 3.3410 [1d:3.331 1w:3.344 1m:3.353 6m:3.462] | lr 3.00e-04 | 4.2 it/s | eta 817m
[member 3] step 30200/234591 (ep 0.39) | loss 3.3419 [1d:3.333 1w:3.341 1m:3.373 6m:3.387] | lr 3.00e-04 | 4.2 it/s | eta 814m
[member 3] step 30300/234591 (ep 0.39) | loss 3.3468 [1d:3.348 1w:3.343 1m:3.350 6m:3.366] | lr 3.00e-04 | 4.2 it/s | eta 812m
[member 3] step 30400/234591 (ep 0.39) | loss 3.3403 [1d:3.335 1w:3.336 1m:3.368 6m:3.383] | lr 3.00e-04 | 4.2 it/s | eta 810m
[member 3] step 30500/234591 (ep 0.39) | loss 3.3381 [1d:3.335 1w:3.338 1m:3.333 6m:3.439] | lr 3.00e-04 | 4.2 it/s | eta 808m
[member 3] step 30600/234591 (ep 0.39) | loss 3.3489 [1d:3.333 1w:3.352 1m:3.384 6m:3.475] | lr 3.00e-04 | 4.2 it/s | eta 805m
[member 3] step 30700/234591 (ep 0.39) | loss 3.3438 [1d:3.341 1w:3.338 1m:3.375 6m:3.368] | lr 3.00e-04 | 4.2 it/s | eta 803m
[member 3] step 30800/234591 (ep 0.39) | loss 3.3369 [1d:3.332 1w:3.336 1m:3.346 6m:3.431] | lr 3.00e-04 | 4.2 it/s | eta 801m
[member 3] step 30900/234591 (ep 0.40) | loss 3.3405 [1d:3.345 1w:3.333 1m:3.336 6m:3.440] | lr 3.00e-04 | 4.2 it/s | eta 799m
[member 3] step 31000/234591 (ep 0.40) | loss 3.3392 [1d:3.338 1w:3.335 1m:3.350 6m:3.419] | lr 3.00e-04 | 4.3 it/s | eta 797m
[member 3] step 31100/234591 (ep 0.40) | loss 3.3454 [1d:3.342 1w:3.347 1m:3.351 6m:3.369] | lr 3.00e-04 | 4.3 it/s | eta 795m
[member 3] step 31200/234591 (ep 0.40) | loss 3.3407 [1d:3.344 1w:3.335 1m:3.348 6m:3.361] | lr 3.00e-04 | 4.3 it/s | eta 793m
[member 3] step 31300/234591 (ep 0.40) | loss 3.3432 [1d:3.349 1w:3.336 1m:3.343 6m:3.404] | lr 3.00e-04 | 4.3 it/s | eta 791m
[member 3] step 31400/234591 (ep 0.40) | loss 3.3416 [1d:3.337 1w:3.334 1m:3.377 6m:3.424] | lr 3.00e-04 | 4.3 it/s | eta 788m
[member 3] step 31500/234591 (ep 0.40) | loss 3.3479 [1d:3.339 1w:3.347 1m:3.377 6m:3.411] | lr 3.00e-04 | 4.3 it/s | eta 786m
[member 3] step 31600/234591 (ep 0.40) | loss 3.3397 [1d:3.333 1w:3.336 1m:3.367 6m:3.446] | lr 3.00e-04 | 4.3 it/s | eta 784m
[member 3] step 31700/234591 (ep 0.41) | loss 3.3434 [1d:3.342 1w:3.340 1m:3.359 6m:3.378] | lr 3.00e-04 | 4.3 it/s | eta 782m
[member 3] step 31800/234591 (ep 0.41) | loss 3.3424 [1d:3.336 1w:3.338 1m:3.368 6m:3.451] | lr 3.00e-04 | 4.3 it/s | eta 780m
[member 3] step 31900/234591 (ep 0.41) | loss 3.3440 [1d:3.346 1w:3.338 1m:3.344 6m:3.468] | lr 3.00e-04 | 4.3 it/s | eta 778m
[member 3] step 32000/234591 (ep 0.41) | loss 3.3478 [1d:3.345 1w:3.345 1m:3.350 6m:3.454] | lr 3.00e-04 | 4.4 it/s | eta 776m
[member 3] step 32100/234591 (ep 0.41) | loss 3.3384 [1d:3.332 1w:3.340 1m:3.347 6m:3.394] | lr 3.00e-04 | 4.4 it/s | eta 774m
[member 3] step 32200/234591 (ep 0.41) | loss 3.3425 [1d:3.336 1w:3.343 1m:3.358 6m:3.391] | lr 3.00e-04 | 4.4 it/s | eta 772m
[member 3] step 32300/234591 (ep 0.41) | loss 3.3326 [1d:3.336 1w:3.324 1m:3.341 6m:3.414] | lr 3.00e-04 | 4.4 it/s | eta 770m
[member 3] step 32400/234591 (ep 0.41) | loss 3.3410 [1d:3.338 1w:3.335 1m:3.366 6m:3.406] | lr 3.00e-04 | 4.4 it/s | eta 768m
[member 3] step 32500/234591 (ep 0.42) | loss 3.3379 [1d:3.340 1w:3.331 1m:3.341 6m:3.408] | lr 3.00e-04 | 4.4 it/s | eta 766m
[member 3] step 32600/234591 (ep 0.42) | loss 3.3372 [1d:3.333 1w:3.338 1m:3.345 6m:3.393] | lr 3.00e-04 | 4.4 it/s | eta 764m
[member 3] step 32700/234591 (ep 0.42) | loss 3.3413 [1d:3.343 1w:3.340 1m:3.333 6m:3.373] | lr 3.00e-04 | 4.4 it/s | eta 762m
[member 3] step 32800/234591 (ep 0.42) | loss 3.3399 [1d:3.334 1w:3.339 1m:3.361 6m:3.392] | lr 3.00e-04 | 4.4 it/s | eta 760m
[member 3] step 32900/234591 (ep 0.42) | loss 3.3414 [1d:3.335 1w:3.341 1m:3.353 6m:3.432] | lr 3.00e-04 | 4.4 it/s | eta 759m
[member 3] step 33000/234591 (ep 0.42) | loss 3.3498 [1d:3.347 1w:3.349 1m:3.340 6m:3.499] | lr 3.00e-04 | 4.4 it/s | eta 757m
[member 3] step 33100/234591 (ep 0.42) | loss 3.3428 [1d:3.337 1w:3.342 1m:3.361 6m:3.406] | lr 3.00e-04 | 4.4 it/s | eta 755m
[member 3] step 33200/234591 (ep 0.42) | loss 3.3306 [1d:3.336 1w:3.322 1m:3.330 6m:3.432] | lr 3.00e-04 | 4.5 it/s | eta 753m
[member 3] step 33300/234591 (ep 0.43) | loss 3.3358 [1d:3.340 1w:3.329 1m:3.336 6m:3.428] | lr 3.00e-04 | 4.5 it/s | eta 751m
[member 3] step 33400/234591 (ep 0.43) | loss 3.3465 [1d:3.349 1w:3.340 1m:3.356 6m:3.403] | lr 3.00e-04 | 4.5 it/s | eta 749m
[member 3] step 33500/234591 (ep 0.43) | loss 3.3394 [1d:3.334 1w:3.337 1m:3.363 6m:3.375] | lr 3.00e-04 | 4.5 it/s | eta 747m
[member 3] step 33600/234591 (ep 0.43) | loss 3.3347 [1d:3.331 1w:3.329 1m:3.365 6m:3.390] | lr 3.00e-04 | 4.5 it/s | eta 745m
[member 3] step 33700/234591 (ep 0.43) | loss 3.3419 [1d:3.336 1w:3.336 1m:3.379 6m:3.420] | lr 3.00e-04 | 4.5 it/s | eta 744m
[member 3] step 33800/234591 (ep 0.43) | loss 3.3409 [1d:3.338 1w:3.338 1m:3.357 6m:3.399] | lr 3.00e-04 | 4.5 it/s | eta 742m
[member 3] step 33900/234591 (ep 0.43) | loss 3.3452 [1d:3.346 1w:3.341 1m:3.347 6m:3.432] | lr 3.00e-04 | 4.5 it/s | eta 740m
[member 3] step 34000/234591 (ep 0.43) | loss 3.3403 [1d:3.340 1w:3.336 1m:3.345 6m:3.442] | lr 3.00e-04 | 4.5 it/s | eta 738m
[member 3] step 34100/234591 (ep 0.44) | loss 3.3340 [1d:3.332 1w:3.328 1m:3.357 6m:3.397] | lr 3.00e-04 | 4.5 it/s | eta 736m
[member 3] step 34200/234591 (ep 0.44) | loss 3.3417 [1d:3.338 1w:3.338 1m:3.367 6m:3.369] | lr 3.00e-04 | 4.5 it/s | eta 735m
[member 3] step 34300/234591 (ep 0.44) | loss 3.3369 [1d:3.329 1w:3.337 1m:3.354 6m:3.405] | lr 3.00e-04 | 4.6 it/s | eta 733m
[member 3] step 34400/234591 (ep 0.44) | loss 3.3276 [1d:3.320 1w:3.329 1m:3.343 6m:3.374] | lr 3.00e-04 | 4.6 it/s | eta 731m
[member 3] step 34500/234591 (ep 0.44) | loss 3.3265 [1d:3.326 1w:3.320 1m:3.344 6m:3.400] | lr 3.00e-04 | 4.6 it/s | eta 730m
[member 3] step 34600/234591 (ep 0.44) | loss 3.3384 [1d:3.332 1w:3.342 1m:3.343 6m:3.389] | lr 3.00e-04 | 4.6 it/s | eta 728m
[member 3] step 34700/234591 (ep 0.44) | loss 3.3335 [1d:3.329 1w:3.330 1m:3.358 6m:3.400] | lr 3.00e-04 | 4.6 it/s | eta 726m
[member 3] step 34800/234591 (ep 0.45) | loss 3.3444 [1d:3.345 1w:3.341 1m:3.350 6m:3.383] | lr 3.00e-04 | 4.6 it/s | eta 725m
[member 3] step 34900/234591 (ep 0.45) | loss 3.3449 [1d:3.345 1w:3.339 1m:3.358 6m:3.421] | lr 3.00e-04 | 4.6 it/s | eta 723m
[member 3] step 35000/234591 (ep 0.45) | loss 3.3387 [1d:3.343 1w:3.333 1m:3.337 6m:3.394] | lr 3.00e-04 | 4.6 it/s | eta 721m
[member 3] EVAL step 35000 (ep 0.45) | stop-score +3.180 (smoothed +4.265, best +5.080) | t1d +2.54/125d t1w +1.96/121d | cal_ce 3.3979 (36408 rows) | base 3.4251 BEAT | raw_tag0 3.4199 | lr_scale 1.000 | no-improve 4/20
[member 3] step 35100/234591 (ep 0.45) | loss 3.3398 [1d:3.339 1w:3.339 1m:3.334 6m:3.441] | lr 3.00e-04 | 4.6 it/s | eta 731m
[member 3] step 35200/234591 (ep 0.45) | loss 3.3452 [1d:3.347 1w:3.340 1m:3.355 6m:3.389] | lr 3.00e-04 | 4.6 it/s | eta 729m
[member 3] step 35300/234591 (ep 0.45) | loss 3.3397 [1d:3.340 1w:3.333 1m:3.359 6m:3.410] | lr 3.00e-04 | 4.6 it/s | eta 727m
[member 3] step 35400/234591 (ep 0.45) | loss 3.3304 [1d:3.337 1w:3.321 1m:3.330 6m:3.381] | lr 3.00e-04 | 4.6 it/s | eta 725m
[member 3] step 35500/234591 (ep 0.45) | loss 3.3376 [1d:3.340 1w:3.332 1m:3.352 6m:3.301] | lr 3.00e-04 | 4.6 it/s | eta 724m
[member 3] step 35600/234591 (ep 0.46) | loss 3.3379 [1d:3.339 1w:3.329 1m:3.359 6m:3.399] | lr 3.00e-04 | 4.6 it/s | eta 722m
[member 3] step 35700/234591 (ep 0.46) | loss 3.3428 [1d:3.337 1w:3.339 1m:3.375 6m:3.356] | lr 3.00e-04 | 4.6 it/s | eta 720m
[member 3] step 35800/234591 (ep 0.46) | loss 3.3379 [1d:3.338 1w:3.333 1m:3.355 6m:3.346] | lr 3.00e-04 | 4.6 it/s | eta 719m
[member 3] step 35900/234591 (ep 0.46) | loss 3.3444 [1d:3.330 1w:3.349 1m:3.377 6m:3.388] | lr 3.00e-04 | 4.6 it/s | eta 717m
[member 3] step 36000/234591 (ep 0.46) | loss 3.3361 [1d:3.335 1w:3.329 1m:3.363 6m:3.407] | lr 3.00e-04 | 4.6 it/s | eta 715m
[member 3] step 36100/234591 (ep 0.46) | loss 3.3403 [1d:3.348 1w:3.326 1m:3.351 6m:3.448] | lr 3.00e-04 | 4.6 it/s | eta 714m
[member 3] step 36200/234591 (ep 0.46) | loss 3.3349 [1d:3.335 1w:3.328 1m:3.348 6m:3.438] | lr 3.00e-04 | 4.6 it/s | eta 712m
[member 3] step 36300/234591 (ep 0.46) | loss 3.3343 [1d:3.333 1w:3.333 1m:3.336 6m:3.397] | lr 3.00e-04 | 4.7 it/s | eta 710m
[member 3] step 36400/234591 (ep 0.47) | loss 3.3367 [1d:3.334 1w:3.335 1m:3.345 6m:3.412] | lr 3.00e-04 | 4.7 it/s | eta 709m
[member 3] step 36500/234591 (ep 0.47) | loss 3.3448 [1d:3.337 1w:3.348 1m:3.354 6m:3.421] | lr 3.00e-04 | 4.7 it/s | eta 707m
[member 3] step 36600/234591 (ep 0.47) | loss 3.3246 [1d:3.322 1w:3.321 1m:3.341 6m:3.364] | lr 3.00e-04 | 4.7 it/s | eta 706m
[member 3] step 36700/234591 (ep 0.47) | loss 3.3323 [1d:3.328 1w:3.331 1m:3.346 6m:3.394] | lr 3.00e-04 | 4.7 it/s | eta 704m
[member 3] step 36800/234591 (ep 0.47) | loss 3.3377 [1d:3.334 1w:3.335 1m:3.354 6m:3.411] | lr 3.00e-04 | 4.7 it/s | eta 702m
[member 3] step 36900/234591 (ep 0.47) | loss 3.3375 [1d:3.336 1w:3.332 1m:3.356 6m:3.414] | lr 3.00e-04 | 4.7 it/s | eta 701m
[member 3] step 37000/234591 (ep 0.47) | loss 3.3358 [1d:3.334 1w:3.333 1m:3.344 6m:3.417] | lr 3.00e-04 | 4.7 it/s | eta 699m
[member 3] step 37100/234591 (ep 0.47) | loss 3.3432 [1d:3.345 1w:3.338 1m:3.345 6m:3.395] | lr 3.00e-04 | 4.7 it/s | eta 698m
[member 3] step 37200/234591 (ep 0.48) | loss 3.3437 [1d:3.346 1w:3.337 1m:3.351 6m:3.411] | lr 3.00e-04 | 4.7 it/s | eta 696m
[member 3] step 37300/234591 (ep 0.48) | loss 3.3369 [1d:3.332 1w:3.336 1m:3.350 6m:3.413] | lr 3.00e-04 | 4.7 it/s | eta 695m
[member 3] step 37400/234591 (ep 0.48) | loss 3.3397 [1d:3.335 1w:3.340 1m:3.351 6m:3.396] | lr 3.00e-04 | 4.7 it/s | eta 693m
[member 3] step 37500/234591 (ep 0.48) | loss 3.3330 [1d:3.338 1w:3.324 1m:3.342 6m:3.362] | lr 3.00e-04 | 4.8 it/s | eta 691m
[member 3] step 37600/234591 (ep 0.48) | loss 3.3337 [1d:3.336 1w:3.325 1m:3.345 6m:3.414] | lr 3.00e-04 | 4.8 it/s | eta 690m
[member 3] step 37700/234591 (ep 0.48) | loss 3.3352 [1d:3.330 1w:3.334 1m:3.358 6m:3.332] | lr 3.00e-04 | 4.8 it/s | eta 688m
[member 3] step 37800/234591 (ep 0.48) | loss 3.3383 [1d:3.337 1w:3.333 1m:3.352 6m:3.397] | lr 3.00e-04 | 4.8 it/s | eta 687m
[member 3] step 37900/234591 (ep 0.48) | loss 3.3387 [1d:3.343 1w:3.332 1m:3.332 6m:3.429] | lr 3.00e-04 | 4.8 it/s | eta 685m
[member 3] step 38000/234591 (ep 0.49) | loss 3.3356 [1d:3.339 1w:3.330 1m:3.332 6m:3.391] | lr 3.00e-04 | 4.8 it/s | eta 684m
[member 3] step 38100/234591 (ep 0.49) | loss 3.3395 [1d:3.344 1w:3.332 1m:3.349 6m:3.351] | lr 3.00e-04 | 4.8 it/s | eta 682m
[member 3] step 38200/234591 (ep 0.49) | loss 3.3368 [1d:3.335 1w:3.336 1m:3.338 6m:3.393] | lr 3.00e-04 | 4.8 it/s | eta 681m
[member 3] step 38300/234591 (ep 0.49) | loss 3.3450 [1d:3.340 1w:3.346 1m:3.358 6m:3.378] | lr 3.00e-04 | 4.8 it/s | eta 679m
[member 3] step 38400/234591 (ep 0.49) | loss 3.3255 [1d:3.325 1w:3.323 1m:3.328 6m:3.399] | lr 3.00e-04 | 4.8 it/s | eta 678m
[member 3] step 38500/234591 (ep 0.49) | loss 3.3359 [1d:3.334 1w:3.330 1m:3.358 6m:3.420] | lr 3.00e-04 | 4.8 it/s | eta 677m
[member 3] step 38600/234591 (ep 0.49) | loss 3.3457 [1d:3.347 1w:3.342 1m:3.348 6m:3.402] | lr 3.00e-04 | 4.8 it/s | eta 675m
[member 3] step 38700/234591 (ep 0.49) | loss 3.3401 [1d:3.340 1w:3.341 1m:3.331 6m:3.394] | lr 3.00e-04 | 4.8 it/s | eta 674m
[member 3] step 38800/234591 (ep 0.50) | loss 3.3331 [1d:3.324 1w:3.333 1m:3.360 6m:3.408] | lr 3.00e-04 | 4.9 it/s | eta 672m
[member 3] step 38900/234591 (ep 0.50) | loss 3.3385 [1d:3.340 1w:3.335 1m:3.339 6m:3.383] | lr 3.00e-04 | 4.9 it/s | eta 671m
[member 3] step 39000/234591 (ep 0.50) | loss 3.3423 [1d:3.348 1w:3.336 1m:3.342 6m:3.375] | lr 3.00e-04 | 4.9 it/s | eta 669m
[member 3] step 39100/234591 (ep 0.50) | loss 3.3365 [1d:3.339 1w:3.327 1m:3.352 6m:3.444] | lr 3.00e-04 | 4.9 it/s | eta 668m
[member 3] step 39200/234591 (ep 0.50) | loss 3.3365 [1d:3.337 1w:3.332 1m:3.342 6m:3.452] | lr 3.00e-04 | 4.9 it/s | eta 666m
[member 3] step 39300/234591 (ep 0.50) | loss 3.3375 [1d:3.339 1w:3.331 1m:3.356 6m:3.378] | lr 3.00e-04 | 4.9 it/s | eta 665m
[member 3] step 39400/234591 (ep 0.50) | loss 3.3329 [1d:3.331 1w:3.332 1m:3.341 6m:3.377] | lr 3.00e-04 | 4.9 it/s | eta 664m
[member 3] step 39500/234591 (ep 0.51) | loss 3.3273 [1d:3.329 1w:3.322 1m:3.327 6m:3.409] | lr 3.00e-04 | 4.9 it/s | eta 662m
[member 3] step 39600/234591 (ep 0.51) | loss 3.3253 [1d:3.329 1w:3.319 1m:3.332 6m:3.363] | lr 3.00e-04 | 4.9 it/s | eta 661m
[member 3] step 39700/234591 (ep 0.51) | loss 3.3343 [1d:3.333 1w:3.332 1m:3.345 6m:3.399] | lr 3.00e-04 | 4.9 it/s | eta 660m
[member 3] step 39800/234591 (ep 0.51) | loss 3.3466 [1d:3.346 1w:3.337 1m:3.367 6m:3.469] | lr 3.00e-04 | 4.9 it/s | eta 658m
[member 3] step 39900/234591 (ep 0.51) | loss 3.3349 [1d:3.336 1w:3.330 1m:3.341 6m:3.409] | lr 3.00e-04 | 4.9 it/s | eta 657m
[member 3] step 40000/234591 (ep 0.51) | loss 3.3276 [1d:3.328 1w:3.327 1m:3.326 6m:3.365] | lr 3.00e-04 | 4.9 it/s | eta 656m
[member 3] EVAL step 40000 (ep 0.51) | stop-score +4.218 (smoothed +4.218, best +5.080) | t1d +3.09/125d t1w +2.87/121d | cal_ce 3.3935 (36408 rows) | base 3.4251 BEAT | raw_tag0 3.4158 | lr_scale 1.000 | no-improve 5/20
[member 3] step 40100/234591 (ep 0.51) | loss 3.3314 [1d:3.328 1w:3.327 1m:3.353 6m:3.390] | lr 3.00e-04 | 4.9 it/s | eta 664m
[member 3] step 40200/234591 (ep 0.51) | loss 3.3364 [1d:3.338 1w:3.333 1m:3.344 6m:3.366] | lr 3.00e-04 | 4.9 it/s | eta 662m
[member 3] step 40300/234591 (ep 0.52) | loss 3.3336 [1d:3.331 1w:3.334 1m:3.327 6m:3.429] | lr 3.00e-04 | 4.9 it/s | eta 661m
[member 3] step 40400/234591 (ep 0.52) | loss 3.3300 [1d:3.341 1w:3.316 1m:3.338 6m:3.351] | lr 3.00e-04 | 4.9 it/s | eta 660m
[member 3] step 40500/234591 (ep 0.52) | loss 3.3425 [1d:3.342 1w:3.336 1m:3.356 6m:3.445] | lr 3.00e-04 | 4.9 it/s | eta 658m
[member 3] step 40600/234591 (ep 0.52) | loss 3.3318 [1d:3.330 1w:3.330 1m:3.336 6m:3.396] | lr 3.00e-04 | 4.9 it/s | eta 657m
[member 3] step 40700/234591 (ep 0.52) | loss 3.3281 [1d:3.330 1w:3.326 1m:3.314 6m:3.436] | lr 3.00e-04 | 4.9 it/s | eta 656m
[member 3] step 40800/234591 (ep 0.52) | loss 3.3279 [1d:3.322 1w:3.328 1m:3.340 6m:3.437] | lr 3.00e-04 | 4.9 it/s | eta 654m
[member 3] step 40900/234591 (ep 0.52) | loss 3.3399 [1d:3.339 1w:3.337 1m:3.339 6m:3.434] | lr 3.00e-04 | 4.9 it/s | eta 653m
[member 3] step 41000/234591 (ep 0.52) | loss 3.3386 [1d:3.347 1w:3.326 1m:3.345 6m:3.380] | lr 3.00e-04 | 5.0 it/s | eta 652m
[member 3] step 41100/234591 (ep 0.53) | loss 3.3413 [1d:3.338 1w:3.337 1m:3.361 6m:3.396] | lr 3.00e-04 | 5.0 it/s | eta 650m
[member 3] step 41200/234591 (ep 0.53) | loss 3.3271 [1d:3.324 1w:3.322 1m:3.351 6m:3.380] | lr 3.00e-04 | 5.0 it/s | eta 649m
[member 3] step 41300/234591 (ep 0.53) | loss 3.3395 [1d:3.345 1w:3.330 1m:3.344 6m:3.415] | lr 3.00e-04 | 5.0 it/s | eta 648m
[member 3] step 41400/234591 (ep 0.53) | loss 3.3362 [1d:3.336 1w:3.333 1m:3.337 6m:3.413] | lr 3.00e-04 | 5.0 it/s | eta 646m
[member 3] step 41500/234591 (ep 0.53) | loss 3.3330 [1d:3.335 1w:3.322 1m:3.373 6m:3.337] | lr 3.00e-04 | 5.0 it/s | eta 645m
[member 3] step 41600/234591 (ep 0.53) | loss 3.3351 [1d:3.333 1w:3.331 1m:3.351 6m:3.400] | lr 3.00e-04 | 5.0 it/s | eta 644m
[member 3] step 41700/234591 (ep 0.53) | loss 3.3379 [1d:3.340 1w:3.333 1m:3.335 6m:3.426] | lr 3.00e-04 | 5.0 it/s | eta 642m
[member 3] step 41800/234591 (ep 0.53) | loss 3.3241 [1d:3.326 1w:3.324 1m:3.309 6m:3.382] | lr 3.00e-04 | 5.0 it/s | eta 641m
[member 3] step 41900/234591 (ep 0.54) | loss 3.3298 [1d:3.333 1w:3.326 1m:3.323 6m:3.408] | lr 3.00e-04 | 5.0 it/s | eta 640m
[member 3] step 42000/234591 (ep 0.54) | loss 3.3316 [1d:3.329 1w:3.329 1m:3.340 6m:3.401] | lr 3.00e-04 | 5.0 it/s | eta 639m
[member 3] step 42100/234591 (ep 0.54) | loss 3.3256 [1d:3.327 1w:3.320 1m:3.325 6m:3.400] | lr 3.00e-04 | 5.0 it/s | eta 637m
[member 3] step 42200/234591 (ep 0.54) | loss 3.3313 [1d:3.330 1w:3.332 1m:3.330 6m:3.362] | lr 3.00e-04 | 5.0 it/s | eta 636m
[member 3] step 42300/234591 (ep 0.54) | loss 3.3296 [1d:3.331 1w:3.327 1m:3.319 6m:3.426] | lr 3.00e-04 | 5.0 it/s | eta 635m
[member 3] step 42400/234591 (ep 0.54) | loss 3.3344 [1d:3.333 1w:3.333 1m:3.342 6m:3.379] | lr 3.00e-04 | 5.1 it/s | eta 634m
[member 3] step 42500/234591 (ep 0.54) | loss 3.3337 [1d:3.325 1w:3.336 1m:3.349 6m:3.408] | lr 3.00e-04 | 5.1 it/s | eta 632m
[member 3] step 42600/234591 (ep 0.54) | loss 3.3384 [1d:3.338 1w:3.337 1m:3.332 6m:3.429] | lr 3.00e-04 | 5.1 it/s | eta 631m
[member 3] step 42700/234591 (ep 0.55) | loss 3.3311 [1d:3.334 1w:3.328 1m:3.324 6m:3.412] | lr 3.00e-04 | 5.1 it/s | eta 630m
[member 3] step 42800/234591 (ep 0.55) | loss 3.3271 [1d:3.329 1w:3.321 1m:3.332 6m:3.406] | lr 3.00e-04 | 5.1 it/s | eta 629m
[member 3] step 42900/234591 (ep 0.55) | loss 3.3285 [1d:3.336 1w:3.320 1m:3.326 6m:3.379] | lr 3.00e-04 | 5.1 it/s | eta 627m
[member 3] step 43000/234591 (ep 0.55) | loss 3.3275 [1d:3.323 1w:3.328 1m:3.336 6m:3.364] | lr 3.00e-04 | 5.1 it/s | eta 626m
[member 3] step 43100/234591 (ep 0.55) | loss 3.3255 [1d:3.323 1w:3.324 1m:3.327 6m:3.409] | lr 3.00e-04 | 5.1 it/s | eta 625m
[member 3] step 43200/234591 (ep 0.55) | loss 3.3242 [1d:3.321 1w:3.318 1m:3.349 6m:3.421] | lr 3.00e-04 | 5.1 it/s | eta 624m
[member 3] step 43300/234591 (ep 0.55) | loss 3.3319 [1d:3.335 1w:3.328 1m:3.340 6m:3.310] | lr 3.00e-04 | 5.1 it/s | eta 622m
[member 3] step 43400/234591 (ep 0.56) | loss 3.3367 [1d:3.344 1w:3.330 1m:3.332 6m:3.385] | lr 3.00e-04 | 5.1 it/s | eta 621m
[member 3] step 43500/234591 (ep 0.56) | loss 3.3324 [1d:3.339 1w:3.325 1m:3.331 6m:3.380] | lr 3.00e-04 | 5.1 it/s | eta 620m
[member 3] step 43600/234591 (ep 0.56) | loss 3.3384 [1d:3.343 1w:3.332 1m:3.338 6m:3.387] | lr 3.00e-04 | 5.1 it/s | eta 619m
[member 3] step 43700/234591 (ep 0.56) | loss 3.3418 [1d:3.348 1w:3.331 1m:3.356 6m:3.378] | lr 3.00e-04 | 5.2 it/s | eta 618m
[member 3] step 43800/234591 (ep 0.56) | loss 3.3286 [1d:3.322 1w:3.332 1m:3.331 6m:3.419] | lr 3.00e-04 | 5.2 it/s | eta 617m
[member 3] step 43900/234591 (ep 0.56) | loss 3.3286 [1d:3.331 1w:3.318 1m:3.351 6m:3.398] | lr 3.00e-04 | 5.2 it/s | eta 615m
[member 3] step 44000/234591 (ep 0.56) | loss 3.3295 [1d:3.330 1w:3.322 1m:3.345 6m:3.428] | lr 3.00e-04 | 5.2 it/s | eta 614m
[member 3] step 44100/234591 (ep 0.56) | loss 3.3375 [1d:3.338 1w:3.331 1m:3.355 6m:3.368] | lr 3.00e-04 | 5.2 it/s | eta 613m
[member 3] step 44200/234591 (ep 0.57) | loss 3.3342 [1d:3.337 1w:3.327 1m:3.348 6m:3.355] | lr 3.00e-04 | 5.2 it/s | eta 612m
[member 3] step 44300/234591 (ep 0.57) | loss 3.3300 [1d:3.329 1w:3.322 1m:3.352 6m:3.424] | lr 3.00e-04 | 5.2 it/s | eta 611m
[member 3] step 44400/234591 (ep 0.57) | loss 3.3277 [1d:3.323 1w:3.327 1m:3.339 6m:3.384] | lr 3.00e-04 | 5.2 it/s | eta 610m
[member 3] step 44500/234591 (ep 0.57) | loss 3.3280 [1d:3.327 1w:3.326 1m:3.339 6m:3.335] | lr 3.00e-04 | 5.2 it/s | eta 609m
[member 3] step 44600/234591 (ep 0.57) | loss 3.3300 [1d:3.320 1w:3.330 1m:3.362 6m:3.407] | lr 3.00e-04 | 5.2 it/s | eta 607m
[member 3] step 44700/234591 (ep 0.57) | loss 3.3269 [1d:3.331 1w:3.317 1m:3.338 6m:3.400] | lr 3.00e-04 | 5.2 it/s | eta 606m
[member 3] step 44800/234591 (ep 0.57) | loss 3.3273 [1d:3.332 1w:3.318 1m:3.330 6m:3.427] | lr 3.00e-04 | 5.2 it/s | eta 605m
[member 3] step 44900/234591 (ep 0.57) | loss 3.3239 [1d:3.322 1w:3.315 1m:3.351 6m:3.426] | lr 3.00e-04 | 5.2 it/s | eta 604m
[member 3] step 45000/234591 (ep 0.58) | loss 3.3274 [1d:3.328 1w:3.322 1m:3.332 6m:3.408] | lr 3.00e-04 | 5.2 it/s | eta 603m
[member 3] EVAL step 45000 (ep 0.58) | stop-score +2.049 (smoothed +3.180, best +5.080) | t1d +1.81/125d t1w +1.09/121d | cal_ce 3.4012 (36408 rows) | base 3.4251 BEAT | raw_tag0 3.4238 | lr_scale 1.000 | no-improve 6/20
[member 3] step 45100/234591 (ep 0.58) | loss 3.3301 [1d:3.341 1w:3.321 1m:3.314 6m:3.387] | lr 3.00e-04 | 5.2 it/s | eta 610m
[member 3] step 45200/234591 (ep 0.58) | loss 3.3220 [1d:3.332 1w:3.315 1m:3.309 6m:3.335] | lr 3.00e-04 | 5.2 it/s | eta 609m
[member 3] step 45300/234591 (ep 0.58) | loss 3.3227 [1d:3.322 1w:3.316 1m:3.339 6m:3.434] | lr 3.00e-04 | 5.2 it/s | eta 608m
[member 3] step 45400/234591 (ep 0.58) | loss 3.3398 [1d:3.339 1w:3.337 1m:3.350 6m:3.391] | lr 3.00e-04 | 5.2 it/s | eta 606m
[member 3] step 45500/234591 (ep 0.58) | loss 3.3263 [1d:3.333 1w:3.318 1m:3.330 6m:3.373] | lr 3.00e-04 | 5.2 it/s | eta 605m
[member 3] step 45600/234591 (ep 0.58) | loss 3.3226 [1d:3.335 1w:3.305 1m:3.336 6m:3.397] | lr 3.00e-04 | 5.2 it/s | eta 604m
[member 3] step 45700/234591 (ep 0.58) | loss 3.3339 [1d:3.345 1w:3.319 1m:3.334 6m:3.432] | lr 3.00e-04 | 5.2 it/s | eta 603m
[member 3] step 45800/234591 (ep 0.59) | loss 3.3273 [1d:3.331 1w:3.317 1m:3.351 6m:3.353] | lr 3.00e-04 | 5.2 it/s | eta 602m
[member 3] step 45900/234591 (ep 0.59) | loss 3.3307 [1d:3.333 1w:3.324 1m:3.339 6m:3.412] | lr 3.00e-04 | 5.2 it/s | eta 601m
[member 3] step 46000/234591 (ep 0.59) | loss 3.3281 [1d:3.328 1w:3.328 1m:3.320 6m:3.384] | lr 3.00e-04 | 5.2 it/s | eta 600m
[member 3] step 46100/234591 (ep 0.59) | loss 3.3251 [1d:3.330 1w:3.321 1m:3.317 6m:3.358] | lr 3.00e-04 | 5.2 it/s | eta 599m
[member 3] step 46200/234591 (ep 0.59) | loss 3.3261 [1d:3.326 1w:3.323 1m:3.328 6m:3.396] | lr 3.00e-04 | 5.3 it/s | eta 598m
[member 3] step 46300/234591 (ep 0.59) | loss 3.3322 [1d:3.329 1w:3.329 1m:3.354 6m:3.348] | lr 3.00e-04 | 5.3 it/s | eta 596m
[member 3] step 46400/234591 (ep 0.59) | loss 3.3301 [1d:3.327 1w:3.330 1m:3.335 6m:3.396] | lr 3.00e-04 | 5.3 it/s | eta 595m
[member 3] step 46500/234591 (ep 0.59) | loss 3.3365 [1d:3.330 1w:3.336 1m:3.357 6m:3.384] | lr 3.00e-04 | 5.3 it/s | eta 594m
[member 3] step 46600/234591 (ep 0.60) | loss 3.3282 [1d:3.332 1w:3.320 1m:3.335 6m:3.405] | lr 3.00e-04 | 5.3 it/s | eta 593m
[member 3] step 46700/234591 (ep 0.60) | loss 3.3316 [1d:3.335 1w:3.325 1m:3.337 6m:3.357] | lr 3.00e-04 | 5.3 it/s | eta 592m
[member 3] step 46800/234591 (ep 0.60) | loss 3.3210 [1d:3.311 1w:3.325 1m:3.327 6m:3.412] | lr 3.00e-04 | 5.3 it/s | eta 591m
[member 3] step 46900/234591 (ep 0.60) | loss 3.3336 [1d:3.331 1w:3.331 1m:3.341 6m:3.426] | lr 3.00e-04 | 5.3 it/s | eta 590m
[member 3] step 47000/234591 (ep 0.60) | loss 3.3245 [1d:3.329 1w:3.314 1m:3.333 6m:3.438] | lr 3.00e-04 | 5.3 it/s | eta 589m
[member 3] step 47100/234591 (ep 0.60) | loss 3.3241 [1d:3.330 1w:3.317 1m:3.312 6m:3.425] | lr 3.00e-04 | 5.3 it/s | eta 588m
[member 3] step 47200/234591 (ep 0.60) | loss 3.3316 [1d:3.335 1w:3.330 1m:3.314 6m:3.370] | lr 3.00e-04 | 5.3 it/s | eta 587m
[member 3] step 47300/234591 (ep 0.60) | loss 3.3254 [1d:3.327 1w:3.319 1m:3.324 6m:3.429] | lr 3.00e-04 | 5.3 it/s | eta 586m
[member 3] step 47400/234591 (ep 0.61) | loss 3.3265 [1d:3.329 1w:3.320 1m:3.330 6m:3.443] | lr 3.00e-04 | 5.3 it/s | eta 585m
[member 3] step 47500/234591 (ep 0.61) | loss 3.3270 [1d:3.327 1w:3.324 1m:3.335 6m:3.355] | lr 3.00e-04 | 5.3 it/s | eta 584m
[member 3] step 47600/234591 (ep 0.61) | loss 3.3295 [1d:3.329 1w:3.327 1m:3.336 6m:3.368] | lr 3.00e-04 | 5.3 it/s | eta 583m
[member 3] step 47700/234591 (ep 0.61) | loss 3.3217 [1d:3.326 1w:3.313 1m:3.333 6m:3.349] | lr 3.00e-04 | 5.4 it/s | eta 582m
[member 3] step 47800/234591 (ep 0.61) | loss 3.3244 [1d:3.320 1w:3.322 1m:3.348 6m:3.359] | lr 3.00e-04 | 5.4 it/s | eta 581m
[member 3] step 47900/234591 (ep 0.61) | loss 3.3229 [1d:3.319 1w:3.320 1m:3.342 6m:3.367] | lr 3.00e-04 | 5.4 it/s | eta 579m
[member 3] step 48000/234591 (ep 0.61) | loss 3.3253 [1d:3.326 1w:3.321 1m:3.333 6m:3.386] | lr 3.00e-04 | 5.4 it/s | eta 578m
[member 3] step 48100/234591 (ep 0.62) | loss 3.3244 [1d:3.324 1w:3.320 1m:3.330 6m:3.421] | lr 3.00e-04 | 5.4 it/s | eta 577m
[member 3] step 48200/234591 (ep 0.62) | loss 3.3283 [1d:3.325 1w:3.326 1m:3.340 6m:3.393] | lr 3.00e-04 | 5.4 it/s | eta 576m
[member 3] step 48300/234591 (ep 0.62) | loss 3.3262 [1d:3.330 1w:3.319 1m:3.334 6m:3.367] | lr 3.00e-04 | 5.4 it/s | eta 575m
[member 3] step 48400/234591 (ep 0.62) | loss 3.3279 [1d:3.332 1w:3.319 1m:3.332 6m:3.414] | lr 3.00e-04 | 5.4 it/s | eta 574m
[member 3] step 48500/234591 (ep 0.62) | loss 3.3259 [1d:3.330 1w:3.320 1m:3.324 6m:3.368] | lr 3.00e-04 | 5.4 it/s | eta 573m
[member 3] step 48600/234591 (ep 0.62) | loss 3.3352 [1d:3.341 1w:3.329 1m:3.327 6m:3.402] | lr 3.00e-04 | 5.4 it/s | eta 572m
[member 3] step 48700/234591 (ep 0.62) | loss 3.3281 [1d:3.333 1w:3.319 1m:3.333 6m:3.385] | lr 3.00e-04 | 5.4 it/s | eta 571m
[member 3] step 48800/234591 (ep 0.62) | loss 3.3273 [1d:3.335 1w:3.314 1m:3.335 6m:3.394] | lr 3.00e-04 | 5.4 it/s | eta 570m
[member 3] step 48900/234591 (ep 0.63) | loss 3.3298 [1d:3.329 1w:3.321 1m:3.353 6m:3.463] | lr 3.00e-04 | 5.4 it/s | eta 569m
[member 3] step 49000/234591 (ep 0.63) | loss 3.3299 [1d:3.331 1w:3.324 1m:3.345 6m:3.391] | lr 3.00e-04 | 5.4 it/s | eta 568m
[member 3] step 49100/234591 (ep 0.63) | loss 3.3259 [1d:3.321 1w:3.326 1m:3.324 6m:3.490] | lr 3.00e-04 | 5.4 it/s | eta 567m
[member 3] step 49200/234591 (ep 0.63) | loss 3.3278 [1d:3.325 1w:3.323 1m:3.350 6m:3.390] | lr 3.00e-04 | 5.5 it/s | eta 566m
[member 3] step 49300/234591 (ep 0.63) | loss 3.3240 [1d:3.319 1w:3.322 1m:3.347 6m:3.365] | lr 3.00e-04 | 5.5 it/s | eta 565m
[member 3] step 49400/234591 (ep 0.63) | loss 3.3246 [1d:3.326 1w:3.317 1m:3.334 6m:3.385] | lr 3.00e-04 | 5.5 it/s | eta 565m
[member 3] step 49500/234591 (ep 0.63) | loss 3.3269 [1d:3.328 1w:3.319 1m:3.345 6m:3.397] | lr 3.00e-04 | 5.5 it/s | eta 564m
[member 3] step 49600/234591 (ep 0.63) | loss 3.3258 [1d:3.329 1w:3.321 1m:3.328 6m:3.328] | lr 3.00e-04 | 5.5 it/s | eta 563m
[member 3] step 49700/234591 (ep 0.64) | loss 3.3310 [1d:3.330 1w:3.327 1m:3.343 6m:3.394] | lr 3.00e-04 | 5.5 it/s | eta 562m
[member 3] step 49800/234591 (ep 0.64) | loss 3.3189 [1d:3.320 1w:3.316 1m:3.318 6m:3.369] | lr 3.00e-04 | 5.5 it/s | eta 561m
[member 3] step 49900/234591 (ep 0.64) | loss 3.3308 [1d:3.329 1w:3.333 1m:3.327 6m:3.374] | lr 3.00e-04 | 5.5 it/s | eta 560m
[member 3] step 50000/234591 (ep 0.64) | loss 3.3249 [1d:3.331 1w:3.316 1m:3.325 6m:3.363] | lr 3.00e-04 | 5.5 it/s | eta 559m
[member 3] LR DROP -> 1.50e-04 (scale 0.500) after 4 no-improve evals (train declining, cal-CE regressing)
[member 3] EVAL step 50000 (ep 0.64) | stop-score +3.299 (smoothed +3.299, best +5.080) | t1d +2.64/125d t1w +2.02/121d | cal_ce 3.3982 (36408 rows) | base 3.4251 BEAT | raw_tag0 3.4217 | lr_scale 0.500 | no-improve 7/20
[member 3] step 50100/234591 (ep 0.64) | loss 3.3180 [1d:3.320 1w:3.308 1m:3.338 6m:3.403] | lr 1.50e-04 | 5.4 it/s | eta 565m
[member 3] step 50200/234591 (ep 0.64) | loss 3.3141 [1d:3.315 1w:3.308 1m:3.323 6m:3.391] | lr 1.50e-04 | 5.4 it/s | eta 564m
[member 3] step 50300/234591 (ep 0.64) | loss 3.3127 [1d:3.311 1w:3.305 1m:3.334 6m:3.409] | lr 1.50e-04 | 5.5 it/s | eta 563m
[member 3] step 50400/234591 (ep 0.64) | loss 3.3192 [1d:3.317 1w:3.315 1m:3.339 6m:3.367] | lr 1.50e-04 | 5.5 it/s | eta 562m
[member 3] step 50500/234591 (ep 0.65) | loss 3.3092 [1d:3.308 1w:3.308 1m:3.312 6m:3.363] | lr 1.50e-04 | 5.5 it/s | eta 561m
[member 3] step 50600/234591 (ep 0.65) | loss 3.3159 [1d:3.319 1w:3.312 1m:3.306 6m:3.387] | lr 1.50e-04 | 5.5 it/s | eta 560m
[member 3] step 50700/234591 (ep 0.65) | loss 3.3182 [1d:3.318 1w:3.313 1m:3.334 6m:3.360] | lr 1.50e-04 | 5.5 it/s | eta 559m
[member 3] step 50800/234591 (ep 0.65) | loss 3.3172 [1d:3.316 1w:3.316 1m:3.320 6m:3.352] | lr 1.50e-04 | 5.5 it/s | eta 558m
[member 3] step 50900/234591 (ep 0.65) | loss 3.3157 [1d:3.322 1w:3.311 1m:3.306 6m:3.333] | lr 1.50e-04 | 5.5 it/s | eta 557m
[member 3] step 51000/234591 (ep 0.65) | loss 3.3134 [1d:3.312 1w:3.312 1m:3.319 6m:3.350] | lr 1.50e-04 | 5.5 it/s | eta 556m
[member 3] step 51100/234591 (ep 0.65) | loss 3.3146 [1d:3.315 1w:3.312 1m:3.316 6m:3.355] | lr 1.50e-04 | 5.5 it/s | eta 555m
[member 3] step 51200/234591 (ep 0.65) | loss 3.3166 [1d:3.318 1w:3.317 1m:3.312 6m:3.309] | lr 1.50e-04 | 5.5 it/s | eta 554m
[member 3] step 51300/234591 (ep 0.66) | loss 3.3217 [1d:3.332 1w:3.314 1m:3.307 6m:3.368] | lr 1.50e-04 | 5.5 it/s | eta 554m
[member 3] step 51400/234591 (ep 0.66) | loss 3.3213 [1d:3.326 1w:3.313 1m:3.328 6m:3.374] | lr 1.50e-04 | 5.5 it/s | eta 553m
[member 3] step 51500/234591 (ep 0.66) | loss 3.3218 [1d:3.324 1w:3.313 1m:3.339 6m:3.367] | lr 1.50e-04 | 5.5 it/s | eta 552m
[member 3] step 51600/234591 (ep 0.66) | loss 3.3142 [1d:3.312 1w:3.310 1m:3.324 6m:3.404] | lr 1.50e-04 | 5.5 it/s | eta 551m
[member 3] step 51700/234591 (ep 0.66) | loss 3.3179 [1d:3.319 1w:3.308 1m:3.347 6m:3.350] | lr 1.50e-04 | 5.5 it/s | eta 550m
[member 3] step 51800/234591 (ep 0.66) | loss 3.3179 [1d:3.323 1w:3.314 1m:3.307 6m:3.360] | lr 1.50e-04 | 5.6 it/s | eta 549m
[member 3] step 51900/234591 (ep 0.66) | loss 3.3204 [1d:3.329 1w:3.311 1m:3.318 6m:3.364] | lr 1.50e-04 | 5.6 it/s | eta 548m
[member 3] step 52000/234591 (ep 0.66) | loss 3.3198 [1d:3.318 1w:3.313 1m:3.344 6m:3.398] | lr 1.50e-04 | 5.6 it/s | eta 547m
[member 3] step 52100/234591 (ep 0.67) | loss 3.3135 [1d:3.313 1w:3.305 1m:3.349 6m:3.324] | lr 1.50e-04 | 5.6 it/s | eta 546m
[member 3] step 52200/234591 (ep 0.67) | loss 3.3189 [1d:3.320 1w:3.315 1m:3.318 6m:3.385] | lr 1.50e-04 | 5.6 it/s | eta 545m
[member 3] step 52300/234591 (ep 0.67) | loss 3.3104 [1d:3.314 1w:3.308 1m:3.294 6m:3.369] | lr 1.50e-04 | 5.6 it/s | eta 544m
[member 3] step 52400/234591 (ep 0.67) | loss 3.3200 [1d:3.317 1w:3.318 1m:3.325 6m:3.422] | lr 1.50e-04 | 5.6 it/s | eta 543m
[member 3] step 52500/234591 (ep 0.67) | loss 3.3088 [1d:3.311 1w:3.303 1m:3.310 6m:3.420] | lr 1.50e-04 | 5.6 it/s | eta 543m
[member 3] step 52600/234591 (ep 0.67) | loss 3.3186 [1d:3.324 1w:3.310 1m:3.316 6m:3.417] | lr 1.50e-04 | 5.6 it/s | eta 542m
[member 3] step 52700/234591 (ep 0.67) | loss 3.3110 [1d:3.316 1w:3.303 1m:3.306 6m:3.408] | lr 1.50e-04 | 5.6 it/s | eta 541m
[member 3] step 52800/234591 (ep 0.68) | loss 3.3152 [1d:3.319 1w:3.309 1m:3.320 6m:3.354] | lr 1.50e-04 | 5.6 it/s | eta 540m
[member 3] step 52900/234591 (ep 0.68) | loss 3.3097 [1d:3.310 1w:3.305 1m:3.325 6m:3.305] | lr 1.50e-04 | 5.6 it/s | eta 539m
[member 3] step 53000/234591 (ep 0.68) | loss 3.3143 [1d:3.310 1w:3.313 1m:3.324 6m:3.413] | lr 1.50e-04 | 5.6 it/s | eta 538m
[member 3] step 53100/234591 (ep 0.68) | loss 3.3169 [1d:3.316 1w:3.314 1m:3.320 6m:3.393] | lr 1.50e-04 | 5.6 it/s | eta 537m
[member 3] step 53200/234591 (ep 0.68) | loss 3.3189 [1d:3.322 1w:3.317 1m:3.309 6m:3.338] | lr 1.50e-04 | 5.6 it/s | eta 536m
[member 3] step 53300/234591 (ep 0.68) | loss 3.3159 [1d:3.316 1w:3.313 1m:3.322 6m:3.358] | lr 1.50e-04 | 5.6 it/s | eta 536m
[member 3] step 53400/234591 (ep 0.68) | loss 3.3165 [1d:3.323 1w:3.307 1m:3.320 6m:3.381] | lr 1.50e-04 | 5.6 it/s | eta 535m
[member 3] step 53500/234591 (ep 0.68) | loss 3.3163 [1d:3.323 1w:3.311 1m:3.302 6m:3.365] | lr 1.50e-04 | 5.7 it/s | eta 534m
[member 3] step 53600/234591 (ep 0.69) | loss 3.3139 [1d:3.318 1w:3.309 1m:3.307 6m:3.385] | lr 1.50e-04 | 5.7 it/s | eta 533m
[member 3] step 53700/234591 (ep 0.69) | loss 3.3145 [1d:3.321 1w:3.307 1m:3.308 6m:3.384] | lr 1.50e-04 | 5.7 it/s | eta 532m
[member 3] step 53800/234591 (ep 0.69) | loss 3.3131 [1d:3.319 1w:3.305 1m:3.308 6m:3.422] | lr 1.50e-04 | 5.7 it/s | eta 531m
[member 3] step 53900/234591 (ep 0.69) | loss 3.3160 [1d:3.324 1w:3.310 1m:3.299 6m:3.385] | lr 1.50e-04 | 5.7 it/s | eta 530m
[member 3] step 54000/234591 (ep 0.69) | loss 3.3066 [1d:3.312 1w:3.298 1m:3.314 6m:3.379] | lr 1.50e-04 | 5.7 it/s | eta 530m
[member 3] step 54100/234591 (ep 0.69) | loss 3.3073 [1d:3.317 1w:3.300 1m:3.288 6m:3.356] | lr 1.50e-04 | 5.7 it/s | eta 529m
[member 3] step 54200/234591 (ep 0.69) | loss 3.3046 [1d:3.306 1w:3.300 1m:3.309 6m:3.355] | lr 1.50e-04 | 5.7 it/s | eta 528m
[member 3] step 54300/234591 (ep 0.69) | loss 3.3131 [1d:3.318 1w:3.304 1m:3.309 6m:3.419] | lr 1.50e-04 | 5.7 it/s | eta 527m
[member 3] step 54400/234591 (ep 0.70) | loss 3.3064 [1d:3.314 1w:3.297 1m:3.304 6m:3.356] | lr 1.50e-04 | 5.7 it/s | eta 526m
[member 3] step 54500/234591 (ep 0.70) | loss 3.3105 [1d:3.318 1w:3.304 1m:3.299 6m:3.356] | lr 1.50e-04 | 5.7 it/s | eta 525m
[member 3] step 54600/234591 (ep 0.70) | loss 3.3076 [1d:3.311 1w:3.300 1m:3.316 6m:3.399] | lr 1.50e-04 | 5.7 it/s | eta 525m
[member 3] step 54700/234591 (ep 0.70) | loss 3.3130 [1d:3.315 1w:3.308 1m:3.320 6m:3.338] | lr 1.50e-04 | 5.7 it/s | eta 524m
[member 3] step 54800/234591 (ep 0.70) | loss 3.3135 [1d:3.322 1w:3.302 1m:3.326 6m:3.311] | lr 1.50e-04 | 5.7 it/s | eta 523m
[member 3] step 54900/234591 (ep 0.70) | loss 3.3161 [1d:3.323 1w:3.307 1m:3.319 6m:3.356] | lr 1.50e-04 | 5.7 it/s | eta 522m
[member 3] step 55000/234591 (ep 0.70) | loss 3.3087 [1d:3.313 1w:3.301 1m:3.318 6m:3.324] | lr 1.50e-04 | 5.7 it/s | eta 521m
[member 3] EVAL step 55000 (ep 0.70) | stop-score +3.442 (smoothed +3.299, best +5.080) | t1d +2.77/125d t1w +2.10/121d | cal_ce 3.4008 (36408 rows) | base 3.4251 BEAT | raw_tag0 3.4295 | lr_scale 0.500 | no-improve 8/20
[member 3] step 55100/234591 (ep 0.70) | loss 3.3112 [1d:3.314 1w:3.303 1m:3.318 6m:3.411] | lr 1.50e-04 | 5.7 it/s | eta 527m
[member 3] step 55200/234591 (ep 0.71) | loss 3.3129 [1d:3.316 1w:3.309 1m:3.317 6m:3.336] | lr 1.50e-04 | 5.7 it/s | eta 526m
[member 3] step 55300/234591 (ep 0.71) | loss 3.3128 [1d:3.312 1w:3.305 1m:3.332 6m:3.382] | lr 1.50e-04 | 5.7 it/s | eta 525m
[member 3] step 55400/234591 (ep 0.71) | loss 3.3162 [1d:3.309 1w:3.318 1m:3.327 6m:3.415] | lr 1.50e-04 | 5.7 it/s | eta 524m
[member 3] step 55500/234591 (ep 0.71) | loss 3.3053 [1d:3.306 1w:3.303 1m:3.306 6m:3.370] | lr 1.50e-04 | 5.7 it/s | eta 523m
[member 3] step 55600/234591 (ep 0.71) | loss 3.3129 [1d:3.320 1w:3.303 1m:3.318 6m:3.369] | lr 1.50e-04 | 5.7 it/s | eta 522m
[member 3] step 55700/234591 (ep 0.71) | loss 3.3191 [1d:3.325 1w:3.313 1m:3.308 6m:3.400] | lr 1.50e-04 | 5.7 it/s | eta 522m
[member 3] step 55800/234591 (ep 0.71) | loss 3.3124 [1d:3.314 1w:3.310 1m:3.305 6m:3.373] | lr 1.50e-04 | 5.7 it/s | eta 521m
[member 3] step 55900/234591 (ep 0.71) | loss 3.3134 [1d:3.321 1w:3.307 1m:3.314 6m:3.313] | lr 1.50e-04 | 5.7 it/s | eta 520m
[member 3] step 56000/234591 (ep 0.72) | loss 3.3120 [1d:3.314 1w:3.307 1m:3.312 6m:3.376] | lr 1.50e-04 | 5.7 it/s | eta 519m
[member 3] step 56100/234591 (ep 0.72) | loss 3.3085 [1d:3.308 1w:3.301 1m:3.322 6m:3.427] | lr 1.50e-04 | 5.7 it/s | eta 518m
[member 3] step 56200/234591 (ep 0.72) | loss 3.3052 [1d:3.308 1w:3.300 1m:3.301 6m:3.378] | lr 1.50e-04 | 5.7 it/s | eta 517m
[member 3] step 56300/234591 (ep 0.72) | loss 3.3138 [1d:3.323 1w:3.304 1m:3.305 6m:3.375] | lr 1.50e-04 | 5.8 it/s | eta 517m
[member 3] step 56400/234591 (ep 0.72) | loss 3.3157 [1d:3.318 1w:3.311 1m:3.310 6m:3.408] | lr 1.50e-04 | 5.8 it/s | eta 516m
[member 3] step 56500/234591 (ep 0.72) | loss 3.3188 [1d:3.323 1w:3.313 1m:3.316 6m:3.388] | lr 1.50e-04 | 5.8 it/s | eta 515m
[member 3] step 56600/234591 (ep 0.72) | loss 3.3214 [1d:3.325 1w:3.316 1m:3.321 6m:3.370] | lr 1.50e-04 | 5.8 it/s | eta 514m
[member 3] step 56700/234591 (ep 0.73) | loss 3.3090 [1d:3.314 1w:3.301 1m:3.314 6m:3.356] | lr 1.50e-04 | 5.8 it/s | eta 513m
[member 3] step 56800/234591 (ep 0.73) | loss 3.3139 [1d:3.313 1w:3.309 1m:3.326 6m:3.378] | lr 1.50e-04 | 5.8 it/s | eta 513m
[member 3] step 56900/234591 (ep 0.73) | loss 3.3087 [1d:3.314 1w:3.300 1m:3.315 6m:3.367] | lr 1.50e-04 | 5.8 it/s | eta 512m
[member 3] step 57000/234591 (ep 0.73) | loss 3.3128 [1d:3.315 1w:3.307 1m:3.312 6m:3.420] | lr 1.50e-04 | 5.8 it/s | eta 511m
[member 3] step 57100/234591 (ep 0.73) | loss 3.3171 [1d:3.316 1w:3.314 1m:3.320 6m:3.388] | lr 1.50e-04 | 5.8 it/s | eta 510m
[member 3] step 57200/234591 (ep 0.73) | loss 3.3076 [1d:3.313 1w:3.298 1m:3.312 6m:3.376] | lr 1.50e-04 | 5.8 it/s | eta 509m
[member 3] step 57300/234591 (ep 0.73) | loss 3.3116 [1d:3.317 1w:3.300 1m:3.329 6m:3.371] | lr 1.50e-04 | 5.8 it/s | eta 509m
[member 3] step 57400/234591 (ep 0.73) | loss 3.3124 [1d:3.317 1w:3.308 1m:3.312 6m:3.314] | lr 1.50e-04 | 5.8 it/s | eta 508m
[member 3] step 57500/234591 (ep 0.74) | loss 3.3139 [1d:3.314 1w:3.310 1m:3.328 6m:3.341] | lr 1.50e-04 | 5.8 it/s | eta 507m
[member 3] step 57600/234591 (ep 0.74) | loss 3.3116 [1d:3.314 1w:3.307 1m:3.308 6m:3.428] | lr 1.50e-04 | 5.8 it/s | eta 506m
[member 3] step 57700/234591 (ep 0.74) | loss 3.3177 [1d:3.316 1w:3.314 1m:3.334 6m:3.382] | lr 1.50e-04 | 5.8 it/s | eta 506m
[member 3] step 57800/234591 (ep 0.74) | loss 3.3108 [1d:3.315 1w:3.303 1m:3.312 6m:3.392] | lr 1.50e-04 | 5.8 it/s | eta 505m
[member 3] step 57900/234591 (ep 0.74) | loss 3.3092 [1d:3.313 1w:3.302 1m:3.313 6m:3.363] | lr 1.50e-04 | 5.8 it/s | eta 504m
[member 3] step 58000/234591 (ep 0.74) | loss 3.3129 [1d:3.315 1w:3.308 1m:3.324 6m:3.300] | lr 1.50e-04 | 5.8 it/s | eta 503m
[member 3] step 58100/234591 (ep 0.74) | loss 3.3102 [1d:3.322 1w:3.299 1m:3.298 6m:3.353] | lr 1.50e-04 | 5.9 it/s | eta 502m
[member 3] step 58200/234591 (ep 0.74) | loss 3.3084 [1d:3.313 1w:3.298 1m:3.314 6m:3.416] | lr 1.50e-04 | 5.9 it/s | eta 502m
[member 3] step 58300/234591 (ep 0.75) | loss 3.2985 [1d:3.301 1w:3.289 1m:3.313 6m:3.374] | lr 1.50e-04 | 5.9 it/s | eta 501m
[member 3] step 58400/234591 (ep 0.75) | loss 3.3078 [1d:3.311 1w:3.297 1m:3.327 6m:3.372] | lr 1.50e-04 | 5.9 it/s | eta 500m
[member 3] step 58500/234591 (ep 0.75) | loss 3.3063 [1d:3.312 1w:3.296 1m:3.315 6m:3.366] | lr 1.50e-04 | 5.9 it/s | eta 499m
[member 3] step 58600/234591 (ep 0.75) | loss 3.3074 [1d:3.311 1w:3.298 1m:3.317 6m:3.377] | lr 1.50e-04 | 5.9 it/s | eta 499m
[member 3] step 58700/234591 (ep 0.75) | loss 3.3074 [1d:3.317 1w:3.296 1m:3.310 6m:3.331] | lr 1.50e-04 | 5.9 it/s | eta 498m
[member 3] step 58800/234591 (ep 0.75) | loss 3.3069 [1d:3.314 1w:3.293 1m:3.323 6m:3.377] | lr 1.50e-04 | 5.9 it/s | eta 497m
[member 3] step 58900/234591 (ep 0.75) | loss 3.3049 [1d:3.312 1w:3.293 1m:3.324 6m:3.327] | lr 1.50e-04 | 5.9 it/s | eta 496m
[member 3] step 59000/234591 (ep 0.75) | loss 3.2954 [1d:3.308 1w:3.280 1m:3.302 6m:3.352] | lr 1.50e-04 | 5.9 it/s | eta 496m
[member 3] step 59100/234591 (ep 0.76) | loss 3.3158 [1d:3.321 1w:3.310 1m:3.310 6m:3.369] | lr 1.50e-04 | 5.9 it/s | eta 495m
[member 3] step 59200/234591 (ep 0.76) | loss 3.3032 [1d:3.307 1w:3.300 1m:3.293 6m:3.350] | lr 1.50e-04 | 5.9 it/s | eta 494m
[member 3] step 59300/234591 (ep 0.76) | loss 3.3046 [1d:3.307 1w:3.297 1m:3.317 6m:3.363] | lr 1.50e-04 | 5.9 it/s | eta 493m
[member 3] step 59400/234591 (ep 0.76) | loss 3.3084 [1d:3.317 1w:3.299 1m:3.302 6m:3.365] | lr 1.50e-04 | 5.9 it/s | eta 493m
[member 3] step 59500/234591 (ep 0.76) | loss 3.3150 [1d:3.317 1w:3.308 1m:3.320 6m:3.421] | lr 1.50e-04 | 5.9 it/s | eta 492m
[member 3] step 59600/234591 (ep 0.76) | loss 3.3203 [1d:3.326 1w:3.316 1m:3.309 6m:3.363] | lr 1.50e-04 | 5.9 it/s | eta 491m
[member 3] step 59700/234591 (ep 0.76) | loss 3.3156 [1d:3.317 1w:3.313 1m:3.315 6m:3.346] | lr 1.50e-04 | 5.9 it/s | eta 491m
[member 3] step 59800/234591 (ep 0.76) | loss 3.3072 [1d:3.312 1w:3.300 1m:3.298 6m:3.407] | lr 1.50e-04 | 5.9 it/s | eta 490m
[member 3] step 59900/234591 (ep 0.77) | loss 3.3125 [1d:3.313 1w:3.306 1m:3.331 6m:3.350] | lr 1.50e-04 | 6.0 it/s | eta 489m
[member 3] step 60000/234591 (ep 0.77) | loss 3.3111 [1d:3.320 1w:3.303 1m:3.298 6m:3.394] | lr 1.50e-04 | 6.0 it/s | eta 488m
[member 3] EVAL step 60000 (ep 0.77) | stop-score +2.901 (smoothed +3.299, best +5.080) | t1d +2.35/125d t1w +1.75/121d | cal_ce 3.4009 (36408 rows) | base 3.4251 BEAT | raw_tag0 3.4239 | lr_scale 0.500 | no-improve 9/20
[member 3] step 60100/234591 (ep 0.77) | loss 3.3133 [1d:3.314 1w:3.311 1m:3.313 6m:3.355] | lr 1.50e-04 | 5.9 it/s | eta 493m
[member 3] step 60200/234591 (ep 0.77) | loss 3.3112 [1d:3.321 1w:3.301 1m:3.298 6m:3.395] | lr 1.50e-04 | 5.9 it/s | eta 492m
[member 3] step 60300/234591 (ep 0.77) | loss 3.3095 [1d:3.316 1w:3.302 1m:3.305 6m:3.368] | lr 1.50e-04 | 5.9 it/s | eta 492m
[member 3] step 60400/234591 (ep 0.77) | loss 3.3148 [1d:3.319 1w:3.309 1m:3.315 6m:3.360] | lr 1.50e-04 | 5.9 it/s | eta 491m
[member 3] step 60500/234591 (ep 0.77) | loss 3.3108 [1d:3.310 1w:3.304 1m:3.333 6m:3.363] | lr 1.50e-04 | 5.9 it/s | eta 490m
[member 3] step 60600/234591 (ep 0.77) | loss 3.3071 [1d:3.309 1w:3.300 1m:3.321 6m:3.333] | lr 1.50e-04 | 5.9 it/s | eta 489m
[member 3] step 60700/234591 (ep 0.78) | loss 3.3068 [1d:3.309 1w:3.304 1m:3.300 6m:3.367] | lr 1.50e-04 | 5.9 it/s | eta 489m
[member 3] step 60800/234591 (ep 0.78) | loss 3.3150 [1d:3.318 1w:3.308 1m:3.321 6m:3.399] | lr 1.50e-04 | 5.9 it/s | eta 488m
[member 3] step 60900/234591 (ep 0.78) | loss 3.3013 [1d:3.306 1w:3.293 1m:3.308 6m:3.372] | lr 1.50e-04 | 5.9 it/s | eta 487m
[member 3] step 61000/234591 (ep 0.78) | loss 3.3082 [1d:3.314 1w:3.300 1m:3.304 6m:3.416] | lr 1.50e-04 | 5.9 it/s | eta 486m
[member 3] step 61100/234591 (ep 0.78) | loss 3.3075 [1d:3.309 1w:3.304 1m:3.311 6m:3.337] | lr 1.50e-04 | 6.0 it/s | eta 486m
[member 3] step 61200/234591 (ep 0.78) | loss 3.3017 [1d:3.302 1w:3.298 1m:3.307 6m:3.377] | lr 1.50e-04 | 6.0 it/s | eta 485m
[member 3] step 61300/234591 (ep 0.78) | loss 3.3100 [1d:3.317 1w:3.302 1m:3.305 6m:3.361] | lr 1.50e-04 | 6.0 it/s | eta 484m
[member 3] step 61400/234591 (ep 0.79) | loss 3.3042 [1d:3.301 1w:3.299 1m:3.325 6m:3.397] | lr 1.50e-04 | 6.0 it/s | eta 484m
[member 3] step 61500/234591 (ep 0.79) | loss 3.3011 [1d:3.296 1w:3.299 1m:3.321 6m:3.367] | lr 1.50e-04 | 6.0 it/s | eta 483m
[member 3] step 61600/234591 (ep 0.79) | loss 3.3011 [1d:3.304 1w:3.295 1m:3.304 6m:3.345] | lr 1.50e-04 | 6.0 it/s | eta 482m
[member 3] step 61700/234591 (ep 0.79) | loss 3.3156 [1d:3.324 1w:3.312 1m:3.294 6m:3.329] | lr 1.50e-04 | 6.0 it/s | eta 481m
[member 3] step 61800/234591 (ep 0.79) | loss 3.3112 [1d:3.317 1w:3.303 1m:3.315 6m:3.368] | lr 1.50e-04 | 6.0 it/s | eta 481m
[member 3] step 61900/234591 (ep 0.79) | loss 3.3028 [1d:3.312 1w:3.292 1m:3.306 6m:3.314] | lr 1.50e-04 | 6.0 it/s | eta 480m
[member 3] step 62000/234591 (ep 0.79) | loss 3.3097 [1d:3.316 1w:3.302 1m:3.302 6m:3.364] | lr 1.50e-04 | 6.0 it/s | eta 479m
[member 3] step 62100/234591 (ep 0.79) | loss 3.3000 [1d:3.310 1w:3.290 1m:3.294 6m:3.319] | lr 1.50e-04 | 6.0 it/s | eta 479m
[member 3] step 62200/234591 (ep 0.80) | loss 3.3113 [1d:3.312 1w:3.311 1m:3.305 6m:3.331] | lr 1.50e-04 | 6.0 it/s | eta 478m
[member 3] step 62300/234591 (ep 0.80) | loss 3.3100 [1d:3.314 1w:3.302 1m:3.316 6m:3.382] | lr 1.50e-04 | 6.0 it/s | eta 477m
[member 3] step 62400/234591 (ep 0.80) | loss 3.3155 [1d:3.324 1w:3.310 1m:3.295 6m:3.360] | lr 1.50e-04 | 6.0 it/s | eta 477m
[member 3] step 62500/234591 (ep 0.80) | loss 3.3128 [1d:3.314 1w:3.311 1m:3.305 6m:3.391] | lr 1.50e-04 | 6.0 it/s | eta 476m
[member 3] step 62600/234591 (ep 0.80) | loss 3.3114 [1d:3.314 1w:3.304 1m:3.324 6m:3.354] | lr 1.50e-04 | 6.0 it/s | eta 475m
[member 3] step 62700/234591 (ep 0.80) | loss 3.3101 [1d:3.321 1w:3.299 1m:3.302 6m:3.408] | lr 1.50e-04 | 6.0 it/s | eta 475m
[member 3] step 62800/234591 (ep 0.80) | loss 3.3085 [1d:3.311 1w:3.303 1m:3.313 6m:3.359] | lr 1.50e-04 | 6.0 it/s | eta 474m
[member 3] step 62900/234591 (ep 0.80) | loss 3.3095 [1d:3.319 1w:3.298 1m:3.305 6m:3.406] | lr 1.50e-04 | 6.0 it/s | eta 473m
[member 3] step 63000/234591 (ep 0.81) | loss 3.3112 [1d:3.319 1w:3.299 1m:3.313 6m:3.412] | lr 1.50e-04 | 6.1 it/s | eta 472m
[member 3] step 63100/234591 (ep 0.81) | loss 3.3071 [1d:3.309 1w:3.302 1m:3.312 6m:3.379] | lr 1.50e-04 | 6.1 it/s | eta 472m
[member 3] step 63200/234591 (ep 0.81) | loss 3.3002 [1d:3.312 1w:3.288 1m:3.295 6m:3.348] | lr 1.50e-04 | 6.1 it/s | eta 471m
[member 3] step 63300/234591 (ep 0.81) | loss 3.3041 [1d:3.311 1w:3.298 1m:3.298 6m:3.330] | lr 1.50e-04 | 6.1 it/s | eta 470m
[member 3] step 63400/234591 (ep 0.81) | loss 3.3056 [1d:3.312 1w:3.297 1m:3.301 6m:3.355] | lr 1.50e-04 | 6.1 it/s | eta 470m
[member 3] step 63500/234591 (ep 0.81) | loss 3.3094 [1d:3.318 1w:3.298 1m:3.312 6m:3.394] | lr 1.50e-04 | 6.1 it/s | eta 469m
[member 3] step 63600/234591 (ep 0.81) | loss 3.3110 [1d:3.319 1w:3.301 1m:3.313 6m:3.378] | lr 1.50e-04 | 6.1 it/s | eta 468m
[member 3] step 63700/234591 (ep 0.81) | loss 3.3109 [1d:3.317 1w:3.302 1m:3.317 6m:3.378] | lr 1.50e-04 | 6.1 it/s | eta 468m
[member 3] step 63800/234591 (ep 0.82) | loss 3.3000 [1d:3.304 1w:3.296 1m:3.286 6m:3.403] | lr 1.50e-04 | 6.1 it/s | eta 467m
[member 3] step 63900/234591 (ep 0.82) | loss 3.3137 [1d:3.313 1w:3.313 1m:3.312 6m:3.354] | lr 1.50e-04 | 6.1 it/s | eta 466m
[member 3] step 64000/234591 (ep 0.82) | loss 3.3098 [1d:3.316 1w:3.299 1m:3.326 6m:3.320] | lr 1.50e-04 | 6.1 it/s | eta 466m
[member 3] step 64100/234591 (ep 0.82) | loss 3.3039 [1d:3.305 1w:3.302 1m:3.303 6m:3.350] | lr 1.50e-04 | 6.1 it/s | eta 465m
[member 3] step 64200/234591 (ep 0.82) | loss 3.3055 [1d:3.303 1w:3.306 1m:3.311 6m:3.323] | lr 1.50e-04 | 6.1 it/s | eta 464m
[member 3] step 64300/234591 (ep 0.82) | loss 3.3042 [1d:3.311 1w:3.293 1m:3.316 6m:3.323] | lr 1.50e-04 | 6.1 it/s | eta 464m
[member 3] step 64400/234591 (ep 0.82) | loss 3.3095 [1d:3.319 1w:3.302 1m:3.298 6m:3.336] | lr 1.50e-04 | 6.1 it/s | eta 463m
[member 3] step 64500/234591 (ep 0.82) | loss 3.3050 [1d:3.307 1w:3.299 1m:3.309 6m:3.354] | lr 1.50e-04 | 6.1 it/s | eta 463m
[member 3] step 64600/234591 (ep 0.83) | loss 3.3153 [1d:3.328 1w:3.304 1m:3.298 6m:3.411] | lr 1.50e-04 | 6.1 it/s | eta 462m
[member 3] step 64700/234591 (ep 0.83) | loss 3.3117 [1d:3.319 1w:3.305 1m:3.301 6m:3.364] | lr 1.50e-04 | 6.1 it/s | eta 461m
[member 3] step 64800/234591 (ep 0.83) | loss 3.3157 [1d:3.320 1w:3.312 1m:3.301 6m:3.405] | lr 1.50e-04 | 6.1 it/s | eta 461m
[member 3] step 64900/234591 (ep 0.83) | loss 3.3056 [1d:3.317 1w:3.292 1m:3.316 6m:3.337] | lr 1.50e-04 | 6.1 it/s | eta 460m
[member 3] step 65000/234591 (ep 0.83) | loss 3.3103 [1d:3.320 1w:3.298 1m:3.318 6m:3.336] | lr 1.50e-04 | 6.2 it/s | eta 459m
[member 3] EVAL step 65000 (ep 0.83) | stop-score +3.122 (smoothed +3.122, best +5.080) | t1d +2.49/125d t1w +1.92/121d | cal_ce 3.3985 (36408 rows) | base 3.4251 BEAT | raw_tag0 3.4253 | lr_scale 0.500 | no-improve 10/20
[member 3] step 65100/234591 (ep 0.83) | loss 3.3014 [1d:3.308 1w:3.292 1m:3.306 6m:3.353] | lr 1.50e-04 | 6.1 it/s | eta 463m
[member 3] step 65200/234591 (ep 0.83) | loss 3.3105 [1d:3.314 1w:3.301 1m:3.328 6m:3.363] | lr 1.50e-04 | 6.1 it/s | eta 463m
[member 3] step 65300/234591 (ep 0.84) | loss 3.3092 [1d:3.313 1w:3.303 1m:3.316 6m:3.348] | lr 1.50e-04 | 6.1 it/s | eta 462m
[member 3] step 65400/234591 (ep 0.84) | loss 3.3043 [1d:3.315 1w:3.294 1m:3.304 6m:3.285] | lr 1.50e-04 | 6.1 it/s | eta 461m
[member 3] step 65500/234591 (ep 0.84) | loss 3.3050 [1d:3.314 1w:3.295 1m:3.306 6m:3.334] | lr 1.50e-04 | 6.1 it/s | eta 461m
[member 3] step 65600/234591 (ep 0.84) | loss 3.3030 [1d:3.303 1w:3.296 1m:3.315 6m:3.412] | lr 1.50e-04 | 6.1 it/s | eta 460m
[member 3] step 65700/234591 (ep 0.84) | loss 3.3023 [1d:3.307 1w:3.298 1m:3.295 6m:3.359] | lr 1.50e-04 | 6.1 it/s | eta 460m
[member 3] step 65800/234591 (ep 0.84) | loss 3.3039 [1d:3.312 1w:3.296 1m:3.293 6m:3.349] | lr 1.50e-04 | 6.1 it/s | eta 459m
[member 3] step 65900/234591 (ep 0.84) | loss 3.3006 [1d:3.305 1w:3.295 1m:3.288 6m:3.402] | lr 1.50e-04 | 6.1 it/s | eta 458m
[member 3] step 66000/234591 (ep 0.84) | loss 3.3078 [1d:3.313 1w:3.300 1m:3.319 6m:3.314] | lr 1.50e-04 | 6.1 it/s | eta 458m
[member 3] step 66100/234591 (ep 0.85) | loss 3.2964 [1d:3.305 1w:3.288 1m:3.288 6m:3.337] | lr 1.50e-04 | 6.1 it/s | eta 457m
[member 3] step 66200/234591 (ep 0.85) | loss 3.2982 [1d:3.312 1w:3.287 1m:3.279 6m:3.392] | lr 1.50e-04 | 6.2 it/s | eta 456m
[member 3] step 66300/234591 (ep 0.85) | loss 3.3092 [1d:3.319 1w:3.297 1m:3.305 6m:3.384] | lr 1.50e-04 | 6.2 it/s | eta 456m
[member 3] step 66400/234591 (ep 0.85) | loss 3.3092 [1d:3.318 1w:3.294 1m:3.320 6m:3.404] | lr 1.50e-04 | 6.2 it/s | eta 455m
[member 3] step 66500/234591 (ep 0.85) | loss 3.3052 [1d:3.313 1w:3.295 1m:3.300 6m:3.402] | lr 1.50e-04 | 6.2 it/s | eta 454m
[member 3] step 66600/234591 (ep 0.85) | loss 3.3089 [1d:3.317 1w:3.295 1m:3.316 6m:3.398] | lr 1.50e-04 | 6.2 it/s | eta 454m
[member 3] step 66700/234591 (ep 0.85) | loss 3.3051 [1d:3.313 1w:3.293 1m:3.311 6m:3.371] | lr 1.50e-04 | 6.2 it/s | eta 453m
[member 3] step 66800/234591 (ep 0.85) | loss 3.3043 [1d:3.313 1w:3.294 1m:3.302 6m:3.375] | lr 1.50e-04 | 6.2 it/s | eta 453m
[member 3] step 66900/234591 (ep 0.86) | loss 3.3083 [1d:3.315 1w:3.299 1m:3.310 6m:3.397] | lr 1.50e-04 | 6.2 it/s | eta 452m
[member 3] step 67000/234591 (ep 0.86) | loss 3.3071 [1d:3.313 1w:3.301 1m:3.304 6m:3.356] | lr 1.50e-04 | 6.2 it/s | eta 451m
[member 3] step 67100/234591 (ep 0.86) | loss 3.3049 [1d:3.309 1w:3.298 1m:3.306 6m:3.386] | lr 1.50e-04 | 6.2 it/s | eta 451m
[member 3] step 67200/234591 (ep 0.86) | loss 3.3089 [1d:3.314 1w:3.301 1m:3.317 6m:3.351] | lr 1.50e-04 | 6.2 it/s | eta 450m
[member 3] step 67300/234591 (ep 0.86) | loss 3.3053 [1d:3.307 1w:3.302 1m:3.300 6m:3.392] | lr 1.50e-04 | 6.2 it/s | eta 449m
[member 3] step 67400/234591 (ep 0.86) | loss 3.3000 [1d:3.310 1w:3.287 1m:3.305 6m:3.384] | lr 1.50e-04 | 6.2 it/s | eta 449m
[member 3] step 67500/234591 (ep 0.86) | loss 3.3030 [1d:3.300 1w:3.299 1m:3.311 6m:3.422] | lr 1.50e-04 | 6.2 it/s | eta 448m
[member 3] step 67600/234591 (ep 0.86) | loss 3.3123 [1d:3.322 1w:3.299 1m:3.311 6m:3.395] | lr 1.50e-04 | 6.2 it/s | eta 448m
[member 3] step 67700/234591 (ep 0.87) | loss 3.3063 [1d:3.319 1w:3.293 1m:3.299 6m:3.383] | lr 1.50e-04 | 6.2 it/s | eta 447m
[member 3] step 67800/234591 (ep 0.87) | loss 3.3039 [1d:3.313 1w:3.295 1m:3.288 6m:3.399] | lr 1.50e-04 | 6.2 it/s | eta 446m
[member 3] step 67900/234591 (ep 0.87) | loss 3.3093 [1d:3.315 1w:3.306 1m:3.294 6m:3.352] | lr 1.50e-04 | 6.2 it/s | eta 446m
[member 3] step 68000/234591 (ep 0.87) | loss 3.3109 [1d:3.311 1w:3.308 1m:3.312 6m:3.374] | lr 1.50e-04 | 6.2 it/s | eta 445m
[member 3] step 68100/234591 (ep 0.87) | loss 3.3036 [1d:3.306 1w:3.299 1m:3.310 6m:3.353] | lr 1.50e-04 | 6.2 it/s | eta 444m
[member 3] step 68200/234591 (ep 0.87) | loss 3.3016 [1d:3.309 1w:3.294 1m:3.290 6m:3.390] | lr 1.50e-04 | 6.2 it/s | eta 444m
[member 3] step 68300/234591 (ep 0.87) | loss 3.3006 [1d:3.310 1w:3.292 1m:3.292 6m:3.380] | lr 1.50e-04 | 6.3 it/s | eta 443m
[member 3] step 68400/234591 (ep 0.87) | loss 3.3077 [1d:3.316 1w:3.300 1m:3.298 6m:3.362] | lr 1.50e-04 | 6.3 it/s | eta 443m
[member 3] step 68500/234591 (ep 0.88) | loss 3.3063 [1d:3.317 1w:3.296 1m:3.299 6m:3.356] | lr 1.50e-04 | 6.3 it/s | eta 442m
[member 3] step 68600/234591 (ep 0.88) | loss 3.3070 [1d:3.310 1w:3.303 1m:3.308 6m:3.312] | lr 1.50e-04 | 6.3 it/s | eta 441m
[member 3] step 68700/234591 (ep 0.88) | loss 3.3083 [1d:3.316 1w:3.300 1m:3.294 6m:3.398] | lr 1.50e-04 | 6.3 it/s | eta 441m
[member 3] step 68800/234591 (ep 0.88) | loss 3.3137 [1d:3.324 1w:3.305 1m:3.301 6m:3.370] | lr 1.50e-04 | 6.3 it/s | eta 440m
[member 3] step 68900/234591 (ep 0.88) | loss 3.3042 [1d:3.304 1w:3.302 1m:3.305 6m:3.345] | lr 1.50e-04 | 6.3 it/s | eta 440m
[member 3] step 69000/234591 (ep 0.88) | loss 3.3003 [1d:3.304 1w:3.292 1m:3.306 6m:3.389] | lr 1.50e-04 | 6.3 it/s | eta 439m
[member 3] step 69100/234591 (ep 0.88) | loss 3.3048 [1d:3.310 1w:3.299 1m:3.300 6m:3.344] | lr 1.50e-04 | 6.3 it/s | eta 438m
[member 3] step 69200/234591 (ep 0.88) | loss 3.3031 [1d:3.312 1w:3.296 1m:3.288 6m:3.346] | lr 1.50e-04 | 6.3 it/s | eta 438m
[member 3] step 69300/234591 (ep 0.89) | loss 3.3016 [1d:3.310 1w:3.285 1m:3.322 6m:3.382] | lr 1.50e-04 | 6.3 it/s | eta 437m
[member 3] step 69400/234591 (ep 0.89) | loss 3.3071 [1d:3.317 1w:3.297 1m:3.296 6m:3.386] | lr 1.50e-04 | 6.3 it/s | eta 437m
[member 3] step 69500/234591 (ep 0.89) | loss 3.3029 [1d:3.309 1w:3.289 1m:3.319 6m:3.383] | lr 1.50e-04 | 6.3 it/s | eta 436m
[member 3] step 69600/234591 (ep 0.89) | loss 3.3029 [1d:3.309 1w:3.294 1m:3.311 6m:3.320] | lr 1.50e-04 | 6.3 it/s | eta 436m
[member 3] step 69700/234591 (ep 0.89) | loss 3.3003 [1d:3.311 1w:3.287 1m:3.297 6m:3.385] | lr 1.50e-04 | 6.3 it/s | eta 435m
[member 3] step 69800/234591 (ep 0.89) | loss 3.3010 [1d:3.305 1w:3.294 1m:3.297 6m:3.421] | lr 1.50e-04 | 6.3 it/s | eta 434m
[member 3] step 69900/234591 (ep 0.89) | loss 3.3069 [1d:3.316 1w:3.298 1m:3.302 6m:3.340] | lr 1.50e-04 | 6.3 it/s | eta 434m
[member 3] step 70000/234591 (ep 0.90) | loss 3.3021 [1d:3.306 1w:3.296 1m:3.310 6m:3.314] | lr 1.50e-04 | 6.3 it/s | eta 433m
[member 3] LR DROP -> 7.50e-05 (scale 0.250) after 4 no-improve evals (train declining, cal-CE regressing)
[member 3] EVAL step 70000 (ep 0.90) | stop-score +2.746 (smoothed +2.901, best +5.080) | t1d +1.87/125d t1w +2.01/121d | cal_ce 3.4034 (36408 rows) | base 3.4251 BEAT | raw_tag0 3.4270 | lr_scale 0.250 | no-improve 11/20
[member 3] step 70100/234591 (ep 0.90) | loss 3.3028 [1d:3.310 1w:3.297 1m:3.296 6m:3.272] | lr 7.50e-05 | 6.3 it/s | eta 437m
[member 3] step 70200/234591 (ep 0.90) | loss 3.3030 [1d:3.304 1w:3.305 1m:3.286 6m:3.325] | lr 7.50e-05 | 6.3 it/s | eta 436m
[member 3] step 70300/234591 (ep 0.90) | loss 3.2966 [1d:3.301 1w:3.290 1m:3.300 6m:3.375] | lr 7.50e-05 | 6.3 it/s | eta 436m
[member 3] step 70400/234591 (ep 0.90) | loss 3.2932 [1d:3.308 1w:3.279 1m:3.290 6m:3.319] | lr 7.50e-05 | 6.3 it/s | eta 435m
[member 3] step 70500/234591 (ep 0.90) | loss 3.3052 [1d:3.319 1w:3.290 1m:3.299 6m:3.386] | lr 7.50e-05 | 6.3 it/s | eta 435m
[member 3] step 70600/234591 (ep 0.90) | loss 3.3078 [1d:3.313 1w:3.299 1m:3.320 6m:3.349] | lr 7.50e-05 | 6.3 it/s | eta 434m
[member 3] step 70700/234591 (ep 0.90) | loss 3.2973 [1d:3.305 1w:3.290 1m:3.298 6m:3.307] | lr 7.50e-05 | 6.3 it/s | eta 433m
[member 3] step 70800/234591 (ep 0.91) | loss 3.2942 [1d:3.302 1w:3.288 1m:3.281 6m:3.329] | lr 7.50e-05 | 6.3 it/s | eta 433m
[member 3] step 70900/234591 (ep 0.91) | loss 3.3019 [1d:3.305 1w:3.295 1m:3.309 6m:3.333] | lr 7.50e-05 | 6.3 it/s | eta 432m
[member 3] step 71000/234591 (ep 0.91) | loss 3.2967 [1d:3.301 1w:3.290 1m:3.303 6m:3.344] | lr 7.50e-05 | 6.3 it/s | eta 432m
[member 3] step 71100/234591 (ep 0.91) | loss 3.3017 [1d:3.308 1w:3.293 1m:3.298 6m:3.369] | lr 7.50e-05 | 6.3 it/s | eta 431m
[member 3] step 71200/234591 (ep 0.91) | loss 3.2998 [1d:3.300 1w:3.297 1m:3.296 6m:3.393] | lr 7.50e-05 | 6.3 it/s | eta 430m
[member 3] step 71300/234591 (ep 0.91) | loss 3.3015 [1d:3.313 1w:3.293 1m:3.284 6m:3.324] | lr 7.50e-05 | 6.3 it/s | eta 430m
[member 3] step 71400/234591 (ep 0.91) | loss 3.2994 [1d:3.310 1w:3.290 1m:3.284 6m:3.350] | lr 7.50e-05 | 6.3 it/s | eta 429m
[member 3] step 71500/234591 (ep 0.91) | loss 3.2983 [1d:3.308 1w:3.292 1m:3.280 6m:3.334] | lr 7.50e-05 | 6.3 it/s | eta 429m
[member 3] step 71600/234591 (ep 0.92) | loss 3.2954 [1d:3.300 1w:3.290 1m:3.282 6m:3.393] | lr 7.50e-05 | 6.3 it/s | eta 428m
[member 3] step 71700/234591 (ep 0.92) | loss 3.3046 [1d:3.315 1w:3.301 1m:3.271 6m:3.365] | lr 7.50e-05 | 6.3 it/s | eta 428m
[member 3] step 71800/234591 (ep 0.92) | loss 3.2924 [1d:3.296 1w:3.286 1m:3.298 6m:3.333] | lr 7.50e-05 | 6.4 it/s | eta 427m
[member 3] step 71900/234591 (ep 0.92) | loss 3.3007 [1d:3.305 1w:3.296 1m:3.289 6m:3.401] | lr 7.50e-05 | 6.4 it/s | eta 426m
[member 3] step 72000/234591 (ep 0.92) | loss 3.2972 [1d:3.309 1w:3.285 1m:3.299 6m:3.305] | lr 7.50e-05 | 6.4 it/s | eta 426m
[member 3] step 72100/234591 (ep 0.92) | loss 3.3034 [1d:3.311 1w:3.298 1m:3.297 6m:3.294] | lr 7.50e-05 | 6.4 it/s | eta 425m
[member 3] step 72200/234591 (ep 0.92) | loss 3.3056 [1d:3.310 1w:3.296 1m:3.312 6m:3.407] | lr 7.50e-05 | 6.4 it/s | eta 425m
[member 3] step 72300/234591 (ep 0.92) | loss 3.2918 [1d:3.294 1w:3.281 1m:3.310 6m:3.399] | lr 7.50e-05 | 6.4 it/s | eta 424m
[member 3] step 72400/234591 (ep 0.93) | loss 3.3016 [1d:3.307 1w:3.294 1m:3.303 6m:3.404] | lr 7.50e-05 | 6.4 it/s | eta 424m
[member 3] step 72500/234591 (ep 0.93) | loss 3.2958 [1d:3.298 1w:3.291 1m:3.293 6m:3.382] | lr 7.50e-05 | 6.4 it/s | eta 423m
[member 3] step 72600/234591 (ep 0.93) | loss 3.2974 [1d:3.304 1w:3.289 1m:3.297 6m:3.329] | lr 7.50e-05 | 6.4 it/s | eta 422m
[member 3] step 72700/234591 (ep 0.93) | loss 3.3015 [1d:3.316 1w:3.289 1m:3.289 6m:3.326] | lr 7.50e-05 | 6.4 it/s | eta 422m
[member 3] step 72800/234591 (ep 0.93) | loss 3.2995 [1d:3.306 1w:3.292 1m:3.283 6m:3.414] | lr 7.50e-05 | 6.4 it/s | eta 421m
[member 3] step 72900/234591 (ep 0.93) | loss 3.3014 [1d:3.307 1w:3.293 1m:3.294 6m:3.418] | lr 7.50e-05 | 6.4 it/s | eta 421m
[member 3] step 73000/234591 (ep 0.93) | loss 3.3058 [1d:3.312 1w:3.299 1m:3.293 6m:3.379] | lr 7.50e-05 | 6.4 it/s | eta 420m
[member 3] step 73100/234591 (ep 0.93) | loss 3.2945 [1d:3.310 1w:3.277 1m:3.298 6m:3.317] | lr 7.50e-05 | 6.4 it/s | eta 420m
[member 3] step 73200/234591 (ep 0.94) | loss 3.2950 [1d:3.306 1w:3.283 1m:3.291 6m:3.341] | lr 7.50e-05 | 6.4 it/s | eta 419m
[member 3] step 73300/234591 (ep 0.94) | loss 3.2908 [1d:3.299 1w:3.282 1m:3.288 6m:3.311] | lr 7.50e-05 | 6.4 it/s | eta 419m
[member 3] step 73400/234591 (ep 0.94) | loss 3.3013 [1d:3.315 1w:3.289 1m:3.289 6m:3.346] | lr 7.50e-05 | 6.4 it/s | eta 418m
[member 3] step 73500/234591 (ep 0.94) | loss 3.2928 [1d:3.300 1w:3.283 1m:3.297 6m:3.351] | lr 7.50e-05 | 6.4 it/s | eta 417m
[member 3] step 73600/234591 (ep 0.94) | loss 3.2996 [1d:3.315 1w:3.283 1m:3.304 6m:3.271] | lr 7.50e-05 | 6.4 it/s | eta 417m
[member 3] step 73700/234591 (ep 0.94) | loss 3.2995 [1d:3.314 1w:3.281 1m:3.313 6m:3.316] | lr 7.50e-05 | 6.4 it/s | eta 416m
[member 3] step 73800/234591 (ep 0.94) | loss 3.2977 [1d:3.303 1w:3.291 1m:3.289 6m:3.398] | lr 7.50e-05 | 6.4 it/s | eta 416m
[member 3] step 73900/234591 (ep 0.95) | loss 3.2923 [1d:3.298 1w:3.285 1m:3.285 6m:3.359] | lr 7.50e-05 | 6.4 it/s | eta 415m
[member 3] step 74000/234591 (ep 0.95) | loss 3.2999 [1d:3.305 1w:3.296 1m:3.283 6m:3.360] | lr 7.50e-05 | 6.5 it/s | eta 415m
[member 3] step 74100/234591 (ep 0.95) | loss 3.2957 [1d:3.300 1w:3.289 1m:3.298 6m:3.373] | lr 7.50e-05 | 6.5 it/s | eta 414m
[member 3] step 74200/234591 (ep 0.95) | loss 3.2889 [1d:3.293 1w:3.277 1m:3.304 6m:3.395] | lr 7.50e-05 | 6.5 it/s | eta 414m
[member 3] step 74300/234591 (ep 0.95) | loss 3.2944 [1d:3.302 1w:3.287 1m:3.288 6m:3.349] | lr 7.50e-05 | 6.5 it/s | eta 413m
[member 3] step 74400/234591 (ep 0.95) | loss 3.2889 [1d:3.299 1w:3.276 1m:3.292 6m:3.331] | lr 7.50e-05 | 6.5 it/s | eta 413m
[member 3] step 74500/234591 (ep 0.95) | loss 3.2870 [1d:3.293 1w:3.275 1m:3.301 6m:3.341] | lr 7.50e-05 | 6.5 it/s | eta 412m
[member 3] step 74600/234591 (ep 0.95) | loss 3.2966 [1d:3.302 1w:3.290 1m:3.297 6m:3.332] | lr 7.50e-05 | 6.5 it/s | eta 412m
[member 3] step 74700/234591 (ep 0.96) | loss 3.2987 [1d:3.308 1w:3.289 1m:3.283 6m:3.402] | lr 7.50e-05 | 6.5 it/s | eta 411m
[member 3] step 74800/234591 (ep 0.96) | loss 3.2938 [1d:3.308 1w:3.278 1m:3.289 6m:3.380] | lr 7.50e-05 | 6.5 it/s | eta 411m
[member 3] step 74900/234591 (ep 0.96) | loss 3.2935 [1d:3.301 1w:3.285 1m:3.289 6m:3.363] | lr 7.50e-05 | 6.5 it/s | eta 410m
[member 3] step 75000/234591 (ep 0.96) | loss 3.2891 [1d:3.295 1w:3.284 1m:3.280 6m:3.325] | lr 7.50e-05 | 6.5 it/s | eta 410m
[member 3] EVAL step 75000 (ep 0.96) | stop-score +2.875 (smoothed +2.875, best +5.080) | t1d +2.11/125d t1w +1.95/121d | cal_ce 3.4077 (36408 rows) | base 3.4251 BEAT | raw_tag0 3.4395 | lr_scale 0.250 | no-improve 12/20
[member 3] step 75100/234591 (ep 0.96) | loss 3.2866 [1d:3.287 1w:3.283 1m:3.291 6m:3.310] | lr 7.50e-05 | 6.4 it/s | eta 413m
[member 3] step 75200/234591 (ep 0.96) | loss 3.2935 [1d:3.309 1w:3.284 1m:3.259 6m:3.353] | lr 7.50e-05 | 6.4 it/s | eta 412m
[member 3] step 75300/234591 (ep 0.96) | loss 3.2927 [1d:3.300 1w:3.281 1m:3.292 6m:3.410] | lr 7.50e-05 | 6.4 it/s | eta 412m
[member 3] step 75400/234591 (ep 0.96) | loss 3.2970 [1d:3.309 1w:3.292 1m:3.268 6m:3.289] | lr 7.50e-05 | 6.5 it/s | eta 411m
[member 3] step 75500/234591 (ep 0.97) | loss 3.2985 [1d:3.310 1w:3.288 1m:3.289 6m:3.318] | lr 7.50e-05 | 6.5 it/s | eta 411m
[member 3] step 75600/234591 (ep 0.97) | loss 3.2885 [1d:3.297 1w:3.277 1m:3.286 6m:3.390] | lr 7.50e-05 | 6.5 it/s | eta 410m
[member 3] step 75700/234591 (ep 0.97) | loss 3.2932 [1d:3.304 1w:3.283 1m:3.273 6m:3.384] | lr 7.50e-05 | 6.5 it/s | eta 410m
[member 3] step 75800/234591 (ep 0.97) | loss 3.2960 [1d:3.302 1w:3.287 1m:3.302 6m:3.339] | lr 7.50e-05 | 6.5 it/s | eta 409m
[member 3] step 75900/234591 (ep 0.97) | loss 3.2936 [1d:3.299 1w:3.286 1m:3.291 6m:3.337] | lr 7.50e-05 | 6.5 it/s | eta 408m
[member 3] step 76000/234591 (ep 0.97) | loss 3.3060 [1d:3.315 1w:3.295 1m:3.309 6m:3.339] | lr 7.50e-05 | 6.5 it/s | eta 408m
[member 3] step 76100/234591 (ep 0.97) | loss 3.3000 [1d:3.310 1w:3.288 1m:3.301 6m:3.344] | lr 7.50e-05 | 6.5 it/s | eta 407m
[member 3] step 76200/234591 (ep 0.97) | loss 3.2965 [1d:3.304 1w:3.289 1m:3.293 6m:3.345] | lr 7.50e-05 | 6.5 it/s | eta 407m
[member 3] step 76300/234591 (ep 0.98) | loss 3.2935 [1d:3.296 1w:3.290 1m:3.297 6m:3.320] | lr 7.50e-05 | 6.5 it/s | eta 406m
[member 3] step 76400/234591 (ep 0.98) | loss 3.2997 [1d:3.308 1w:3.294 1m:3.278 6m:3.361] | lr 7.50e-05 | 6.5 it/s | eta 406m
[member 3] step 76500/234591 (ep 0.98) | loss 3.2987 [1d:3.306 1w:3.288 1m:3.311 6m:3.305] | lr 7.50e-05 | 6.5 it/s | eta 405m
[member 3] step 76600/234591 (ep 0.98) | loss 3.3007 [1d:3.299 1w:3.297 1m:3.307 6m:3.384] | lr 7.50e-05 | 6.5 it/s | eta 405m
[member 3] step 76700/234591 (ep 0.98) | loss 3.3004 [1d:3.305 1w:3.293 1m:3.303 6m:3.353] | lr 7.50e-05 | 6.5 it/s | eta 404m
[member 3] step 76800/234591 (ep 0.98) | loss 3.2967 [1d:3.302 1w:3.286 1m:3.307 6m:3.374] | lr 7.50e-05 | 6.5 it/s | eta 404m
[member 3] step 76900/234591 (ep 0.98) | loss 3.2905 [1d:3.299 1w:3.284 1m:3.282 6m:3.309] | lr 7.50e-05 | 6.5 it/s | eta 403m
[member 3] step 77000/234591 (ep 0.98) | loss 3.2927 [1d:3.302 1w:3.283 1m:3.281 6m:3.381] | lr 7.50e-05 | 6.5 it/s | eta 403m
[member 3] step 77100/234591 (ep 0.99) | loss 3.2906 [1d:3.301 1w:3.279 1m:3.280 6m:3.372] | lr 7.50e-05 | 6.5 it/s | eta 402m
[member 3] step 77200/234591 (ep 0.99) | loss 3.2921 [1d:3.297 1w:3.281 1m:3.309 6m:3.319] | lr 7.50e-05 | 6.5 it/s | eta 402m
[member 3] step 77300/234591 (ep 0.99) | loss 3.2971 [1d:3.305 1w:3.286 1m:3.297 6m:3.367] | lr 7.50e-05 | 6.5 it/s | eta 401m
[member 3] step 77400/234591 (ep 0.99) | loss 3.2953 [1d:3.308 1w:3.287 1m:3.272 6m:3.349] | lr 7.50e-05 | 6.5 it/s | eta 401m
[member 3] step 77500/234591 (ep 0.99) | loss 3.2892 [1d:3.300 1w:3.281 1m:3.264 6m:3.362] | lr 7.50e-05 | 6.5 it/s | eta 400m
[member 3] step 77600/234591 (ep 0.99) | loss 3.2923 [1d:3.302 1w:3.281 1m:3.294 6m:3.307] | lr 7.50e-05 | 6.5 it/s | eta 400m
[member 3] step 77700/234591 (ep 0.99) | loss 3.2996 [1d:3.311 1w:3.289 1m:3.295 6m:3.307] | lr 7.50e-05 | 6.6 it/s | eta 399m
[member 3] step 77800/234591 (ep 0.99) | loss 3.2926 [1d:3.307 1w:3.283 1m:3.270 6m:3.309] | lr 7.50e-05 | 6.6 it/s | eta 399m
[member 3] step 77900/234591 (ep 1.00) | loss 3.2938 [1d:3.300 1w:3.292 1m:3.270 6m:3.347] | lr 7.50e-05 | 6.6 it/s | eta 398m
[member 3] step 78000/234591 (ep 1.00) | loss 3.3005 [1d:3.313 1w:3.289 1m:3.288 6m:3.360] | lr 7.50e-05 | 6.6 it/s | eta 398m
[member 3] step 78100/234591 (ep 1.00) | loss 3.3021 [1d:3.312 1w:3.294 1m:3.289 6m:3.344] | lr 7.50e-05 | 6.6 it/s | eta 397m
[member 3] step 78200/234591 (ep 1.00) | loss 3.2892 [1d:3.303 1w:3.279 1m:3.267 6m:3.329] | lr 7.50e-05 | 6.6 it/s | eta 397m
[member 3] step 78300/234591 (ep 1.00) | loss 3.2902 [1d:3.300 1w:3.279 1m:3.288 6m:3.342] | lr 7.50e-05 | 6.6 it/s | eta 396m
[member 3] step 78400/234591 (ep 1.00) | loss 3.2873 [1d:3.297 1w:3.279 1m:3.278 6m:3.317] | lr 7.50e-05 | 6.6 it/s | eta 396m
[member 3] step 78500/234591 (ep 1.00) | loss 3.2835 [1d:3.296 1w:3.270 1m:3.276 6m:3.363] | lr 7.50e-05 | 6.6 it/s | eta 395m
[member 3] step 78600/234591 (ep 1.01) | loss 3.2929 [1d:3.304 1w:3.283 1m:3.286 6m:3.300] | lr 7.50e-05 | 6.6 it/s | eta 395m
[member 3] step 78700/234591 (ep 1.01) | loss 3.2890 [1d:3.305 1w:3.274 1m:3.277 6m:3.356] | lr 7.50e-05 | 6.6 it/s | eta 394m
[member 3] step 78800/234591 (ep 1.01) | loss 3.2892 [1d:3.300 1w:3.285 1m:3.258 6m:3.326] | lr 7.50e-05 | 6.6 it/s | eta 394m
[member 3] step 78900/234591 (ep 1.01) | loss 3.2997 [1d:3.313 1w:3.290 1m:3.286 6m:3.340] | lr 7.50e-05 | 6.6 it/s | eta 393m
[member 3] step 79000/234591 (ep 1.01) | loss 3.2863 [1d:3.295 1w:3.276 1m:3.287 6m:3.319] | lr 7.50e-05 | 6.6 it/s | eta 393m
[member 3] step 79100/234591 (ep 1.01) | loss 3.2869 [1d:3.296 1w:3.278 1m:3.284 6m:3.305] | lr 7.50e-05 | 6.6 it/s | eta 392m
[member 3] step 79200/234591 (ep 1.01) | loss 3.2815 [1d:3.288 1w:3.279 1m:3.254 6m:3.337] | lr 7.50e-05 | 6.6 it/s | eta 392m
[member 3] step 79300/234591 (ep 1.01) | loss 3.2944 [1d:3.303 1w:3.292 1m:3.263 6m:3.343] | lr 7.50e-05 | 6.6 it/s | eta 391m
[member 3] step 79400/234591 (ep 1.02) | loss 3.2896 [1d:3.299 1w:3.279 1m:3.283 6m:3.377] | lr 7.50e-05 | 6.6 it/s | eta 391m
[member 3] step 79500/234591 (ep 1.02) | loss 3.2879 [1d:3.298 1w:3.277 1m:3.271 6m:3.424] | lr 7.50e-05 | 6.6 it/s | eta 390m
[member 3] step 79600/234591 (ep 1.02) | loss 3.2891 [1d:3.303 1w:3.276 1m:3.270 6m:3.396] | lr 7.50e-05 | 6.6 it/s | eta 390m
[member 3] step 79700/234591 (ep 1.02) | loss 3.2887 [1d:3.303 1w:3.275 1m:3.275 6m:3.393] | lr 7.50e-05 | 6.6 it/s | eta 389m
[member 3] step 79800/234591 (ep 1.02) | loss 3.2789 [1d:3.291 1w:3.268 1m:3.262 6m:3.380] | lr 7.50e-05 | 6.6 it/s | eta 389m
[member 3] step 79900/234591 (ep 1.02) | loss 3.2865 [1d:3.298 1w:3.273 1m:3.287 6m:3.350] | lr 7.50e-05 | 6.6 it/s | eta 388m
[member 3] step 80000/234591 (ep 1.02) | loss 3.2855 [1d:3.291 1w:3.274 1m:3.300 6m:3.371] | lr 7.50e-05 | 6.6 it/s | eta 388m
[member 3] EVAL step 80000 (ep 1.02) | stop-score +3.272 (smoothed +2.875, best +5.080) | t1d +2.50/125d t1w +2.13/121d | cal_ce 3.4093 (36408 rows) | base 3.4251 BEAT | raw_tag0 3.4436 | lr_scale 0.250 | no-improve 13/20
[member 3] step 80100/234591 (ep 1.02) | loss 3.2880 [1d:3.299 1w:3.274 1m:3.280 6m:3.435] | lr 7.50e-05 | 6.6 it/s | eta 391m
[member 3] step 80200/234591 (ep 1.03) | loss 3.2907 [1d:3.294 1w:3.288 1m:3.274 6m:3.388] | lr 7.50e-05 | 6.6 it/s | eta 390m
[member 3] step 80300/234591 (ep 1.03) | loss 3.2901 [1d:3.303 1w:3.279 1m:3.283 6m:3.302] | lr 7.50e-05 | 6.6 it/s | eta 390m
[member 3] step 80400/234591 (ep 1.03) | loss 3.2987 [1d:3.305 1w:3.294 1m:3.283 6m:3.377] | lr 7.50e-05 | 6.6 it/s | eta 389m
[member 3] step 80500/234591 (ep 1.03) | loss 3.2890 [1d:3.305 1w:3.276 1m:3.268 6m:3.342] | lr 7.50e-05 | 6.6 it/s | eta 389m
[member 3] step 80600/234591 (ep 1.03) | loss 3.2878 [1d:3.299 1w:3.279 1m:3.269 6m:3.351] | lr 7.50e-05 | 6.6 it/s | eta 388m
[member 3] step 80700/234591 (ep 1.03) | loss 3.2819 [1d:3.295 1w:3.269 1m:3.278 6m:3.330] | lr 7.50e-05 | 6.6 it/s | eta 388m
[member 3] step 80800/234591 (ep 1.03) | loss 3.2844 [1d:3.291 1w:3.274 1m:3.280 6m:3.392] | lr 7.50e-05 | 6.6 it/s | eta 387m
[member 3] step 80900/234591 (ep 1.03) | loss 3.2922 [1d:3.295 1w:3.285 1m:3.305 6m:3.295] | lr 7.50e-05 | 6.6 it/s | eta 387m
[member 3] step 81000/234591 (ep 1.04) | loss 3.2949 [1d:3.300 1w:3.288 1m:3.295 6m:3.341] | lr 7.50e-05 | 6.6 it/s | eta 386m
[member 3] step 81100/234591 (ep 1.04) | loss 3.2947 [1d:3.306 1w:3.283 1m:3.292 6m:3.334] | lr 7.50e-05 | 6.6 it/s | eta 386m
[member 3] step 81200/234591 (ep 1.04) | loss 3.2946 [1d:3.304 1w:3.291 1m:3.275 6m:3.275] | lr 7.50e-05 | 6.6 it/s | eta 385m
[member 3] step 81300/234591 (ep 1.04) | loss 3.2854 [1d:3.297 1w:3.276 1m:3.270 6m:3.330] | lr 7.50e-05 | 6.6 it/s | eta 385m
[member 3] step 81400/234591 (ep 1.04) | loss 3.2911 [1d:3.299 1w:3.286 1m:3.275 6m:3.310] | lr 7.50e-05 | 6.6 it/s | eta 384m
[member 3] step 81500/234591 (ep 1.04) | loss 3.2936 [1d:3.306 1w:3.278 1m:3.305 6m:3.316] | lr 7.50e-05 | 6.6 it/s | eta 384m
[member 3] step 81600/234591 (ep 1.04) | loss 3.2885 [1d:3.299 1w:3.275 1m:3.290 6m:3.346] | lr 7.50e-05 | 6.7 it/s | eta 383m
[member 3] step 81700/234591 (ep 1.04) | loss 3.2826 [1d:3.290 1w:3.273 1m:3.283 6m:3.324] | lr 7.50e-05 | 6.7 it/s | eta 383m
[member 3] step 81800/234591 (ep 1.05) | loss 3.2853 [1d:3.298 1w:3.275 1m:3.274 6m:3.312] | lr 7.50e-05 | 6.7 it/s | eta 382m
[member 3] step 81900/234591 (ep 1.05) | loss 3.2905 [1d:3.308 1w:3.276 1m:3.279 6m:3.307] | lr 7.50e-05 | 6.7 it/s | eta 382m
[member 3] step 82000/234591 (ep 1.05) | loss 3.2974 [1d:3.305 1w:3.291 1m:3.286 6m:3.345] | lr 7.50e-05 | 6.7 it/s | eta 381m
[member 3] step 82100/234591 (ep 1.05) | loss 3.2862 [1d:3.292 1w:3.279 1m:3.281 6m:3.373] | lr 7.50e-05 | 6.7 it/s | eta 381m
[member 3] step 82200/234591 (ep 1.05) | loss 3.2935 [1d:3.301 1w:3.286 1m:3.285 6m:3.356] | lr 7.50e-05 | 6.7 it/s | eta 380m
[member 3] step 82300/234591 (ep 1.05) | loss 3.2831 [1d:3.296 1w:3.274 1m:3.246 6m:3.379] | lr 7.50e-05 | 6.7 it/s | eta 380m
[member 3] step 82400/234591 (ep 1.05) | loss 3.2814 [1d:3.283 1w:3.276 1m:3.284 6m:3.356] | lr 7.50e-05 | 6.7 it/s | eta 379m
[member 3] step 82500/234591 (ep 1.06) | loss 3.2861 [1d:3.295 1w:3.279 1m:3.267 6m:3.349] | lr 7.50e-05 | 6.7 it/s | eta 379m
[member 3] step 82600/234591 (ep 1.06) | loss 3.2828 [1d:3.300 1w:3.268 1m:3.267 6m:3.368] | lr 7.50e-05 | 6.7 it/s | eta 378m
[member 3] step 82700/234591 (ep 1.06) | loss 3.2815 [1d:3.291 1w:3.276 1m:3.263 6m:3.286] | lr 7.50e-05 | 6.7 it/s | eta 378m
[member 3] step 82800/234591 (ep 1.06) | loss 3.2833 [1d:3.295 1w:3.276 1m:3.258 6m:3.369] | lr 7.50e-05 | 6.7 it/s | eta 377m
[member 3] step 82900/234591 (ep 1.06) | loss 3.2893 [1d:3.295 1w:3.284 1m:3.285 6m:3.316] | lr 7.50e-05 | 6.7 it/s | eta 377m
[member 3] step 83000/234591 (ep 1.06) | loss 3.2910 [1d:3.306 1w:3.274 1m:3.290 6m:3.347] | lr 7.50e-05 | 6.7 it/s | eta 377m
[member 3] step 83100/234591 (ep 1.06) | loss 3.2935 [1d:3.309 1w:3.281 1m:3.274 6m:3.345] | lr 7.50e-05 | 6.7 it/s | eta 376m
[member 3] step 83200/234591 (ep 1.06) | loss 3.2873 [1d:3.296 1w:3.277 1m:3.277 6m:3.384] | lr 7.50e-05 | 6.7 it/s | eta 376m
[member 3] step 83300/234591 (ep 1.07) | loss 3.2829 [1d:3.294 1w:3.271 1m:3.281 6m:3.323] | lr 7.50e-05 | 6.7 it/s | eta 375m
[member 3] step 83400/234591 (ep 1.07) | loss 3.2818 [1d:3.292 1w:3.273 1m:3.265 6m:3.352] | lr 7.50e-05 | 6.7 it/s | eta 375m
[member 3] step 83500/234591 (ep 1.07) | loss 3.2942 [1d:3.304 1w:3.285 1m:3.277 6m:3.378] | lr 7.50e-05 | 6.7 it/s | eta 374m
[member 3] step 83600/234591 (ep 1.07) | loss 3.2945 [1d:3.308 1w:3.283 1m:3.280 6m:3.359] | lr 7.50e-05 | 6.7 it/s | eta 374m
[member 3] step 83700/234591 (ep 1.07) | loss 3.2942 [1d:3.307 1w:3.286 1m:3.263 6m:3.379] | lr 7.50e-05 | 6.7 it/s | eta 373m
[member 3] step 83800/234591 (ep 1.07) | loss 3.2902 [1d:3.297 1w:3.284 1m:3.283 6m:3.364] | lr 7.50e-05 | 6.7 it/s | eta 373m
[member 3] step 83900/234591 (ep 1.07) | loss 3.2911 [1d:3.301 1w:3.284 1m:3.267 6m:3.364] | lr 7.50e-05 | 6.7 it/s | eta 372m
[member 3] step 84000/234591 (ep 1.07) | loss 3.2902 [1d:3.310 1w:3.275 1m:3.266 6m:3.333] | lr 7.50e-05 | 6.7 it/s | eta 372m
[member 3] step 84100/234591 (ep 1.08) | loss 3.2905 [1d:3.303 1w:3.281 1m:3.274 6m:3.347] | lr 7.50e-05 | 6.8 it/s | eta 371m
[member 3] step 84200/234591 (ep 1.08) | loss 3.2911 [1d:3.300 1w:3.280 1m:3.290 6m:3.337] | lr 7.50e-05 | 6.8 it/s | eta 371m
[member 3] step 84300/234591 (ep 1.08) | loss 3.2899 [1d:3.301 1w:3.277 1m:3.290 6m:3.345] | lr 7.50e-05 | 6.8 it/s | eta 371m
[member 3] step 84400/234591 (ep 1.08) | loss 3.2920 [1d:3.304 1w:3.281 1m:3.276 6m:3.391] | lr 7.50e-05 | 6.8 it/s | eta 370m
[member 3] step 84500/234591 (ep 1.08) | loss 3.2879 [1d:3.302 1w:3.277 1m:3.264 6m:3.326] | lr 7.50e-05 | 6.8 it/s | eta 370m
[member 3] step 84600/234591 (ep 1.08) | loss 3.2815 [1d:3.294 1w:3.270 1m:3.265 6m:3.373] | lr 7.50e-05 | 6.8 it/s | eta 369m
[member 3] step 84700/234591 (ep 1.08) | loss 3.2845 [1d:3.299 1w:3.272 1m:3.269 6m:3.336] | lr 7.50e-05 | 6.8 it/s | eta 369m
[member 3] step 84800/234591 (ep 1.08) | loss 3.2900 [1d:3.309 1w:3.276 1m:3.256 6m:3.383] | lr 7.50e-05 | 6.8 it/s | eta 368m
[member 3] step 84900/234591 (ep 1.09) | loss 3.2891 [1d:3.306 1w:3.274 1m:3.276 6m:3.338] | lr 7.50e-05 | 6.8 it/s | eta 368m
[member 3] step 85000/234591 (ep 1.09) | loss 3.2853 [1d:3.292 1w:3.278 1m:3.270 6m:3.393] | lr 7.50e-05 | 6.8 it/s | eta 367m
[member 3] EVAL step 85000 (ep 1.09) | stop-score +3.244 (smoothed +3.244, best +5.080) | t1d +2.17/125d t1w +2.42/121d | cal_ce 3.4045 (36408 rows) | base 3.4251 BEAT | raw_tag0 3.4417 | lr_scale 0.250 | no-improve 14/20
[member 3] step 85100/234591 (ep 1.09) | loss 3.2836 [1d:3.295 1w:3.271 1m:3.280 6m:3.334] | lr 7.50e-05 | 6.7 it/s | eta 370m
[member 3] step 85200/234591 (ep 1.09) | loss 3.2910 [1d:3.296 1w:3.287 1m:3.281 6m:3.332] | lr 7.50e-05 | 6.7 it/s | eta 369m
[member 3] step 85300/234591 (ep 1.09) | loss 3.2824 [1d:3.299 1w:3.264 1m:3.275 6m:3.371] | lr 7.50e-05 | 6.7 it/s | eta 369m
[member 3] step 85400/234591 (ep 1.09) | loss 3.2800 [1d:3.290 1w:3.269 1m:3.277 6m:3.307] | lr 7.50e-05 | 6.7 it/s | eta 368m
[member 3] step 85500/234591 (ep 1.09) | loss 3.2888 [1d:3.299 1w:3.278 1m:3.278 6m:3.360] | lr 7.50e-05 | 6.8 it/s | eta 368m
[member 3] step 85600/234591 (ep 1.09) | loss 3.2886 [1d:3.292 1w:3.285 1m:3.281 6m:3.354] | lr 7.50e-05 | 6.8 it/s | eta 367m
[member 3] step 85700/234591 (ep 1.10) | loss 3.2895 [1d:3.302 1w:3.275 1m:3.289 6m:3.362] | lr 7.50e-05 | 6.8 it/s | eta 367m
[member 3] step 85800/234591 (ep 1.10) | loss 3.2922 [1d:3.297 1w:3.290 1m:3.275 6m:3.333] | lr 7.50e-05 | 6.8 it/s | eta 367m
[member 3] step 85900/234591 (ep 1.10) | loss 3.2869 [1d:3.295 1w:3.282 1m:3.269 6m:3.354] | lr 7.50e-05 | 6.8 it/s | eta 366m
[member 3] step 86000/234591 (ep 1.10) | loss 3.2804 [1d:3.295 1w:3.266 1m:3.263 6m:3.344] | lr 7.50e-05 | 6.8 it/s | eta 366m
[member 3] step 86100/234591 (ep 1.10) | loss 3.2926 [1d:3.314 1w:3.275 1m:3.270 6m:3.351] | lr 7.50e-05 | 6.8 it/s | eta 365m
[member 3] step 86200/234591 (ep 1.10) | loss 3.2874 [1d:3.306 1w:3.271 1m:3.268 6m:3.342] | lr 7.50e-05 | 6.8 it/s | eta 365m
[member 3] step 86300/234591 (ep 1.10) | loss 3.2858 [1d:3.296 1w:3.274 1m:3.283 6m:3.340] | lr 7.50e-05 | 6.8 it/s | eta 364m
[member 3] step 86400/234591 (ep 1.10) | loss 3.2835 [1d:3.293 1w:3.276 1m:3.265 6m:3.347] | lr 7.50e-05 | 6.8 it/s | eta 364m
[member 3] step 86500/234591 (ep 1.11) | loss 3.2874 [1d:3.298 1w:3.277 1m:3.282 6m:3.330] | lr 7.50e-05 | 6.8 it/s | eta 363m
[member 3] step 86600/234591 (ep 1.11) | loss 3.2857 [1d:3.296 1w:3.273 1m:3.288 6m:3.346] | lr 7.50e-05 | 6.8 it/s | eta 363m
[member 3] step 86700/234591 (ep 1.11) | loss 3.2846 [1d:3.300 1w:3.266 1m:3.290 6m:3.325] | lr 7.50e-05 | 6.8 it/s | eta 363m
[member 3] step 86800/234591 (ep 1.11) | loss 3.2861 [1d:3.299 1w:3.271 1m:3.291 6m:3.310] | lr 7.50e-05 | 6.8 it/s | eta 362m
[member 3] step 86900/234591 (ep 1.11) | loss 3.2884 [1d:3.304 1w:3.267 1m:3.300 6m:3.359] | lr 7.50e-05 | 6.8 it/s | eta 362m
[member 3] step 87000/234591 (ep 1.11) | loss 3.2817 [1d:3.302 1w:3.265 1m:3.265 6m:3.307] | lr 7.50e-05 | 6.8 it/s | eta 361m
[member 3] step 87100/234591 (ep 1.11) | loss 3.2945 [1d:3.306 1w:3.286 1m:3.279 6m:3.328] | lr 7.50e-05 | 6.8 it/s | eta 361m
[member 3] step 87200/234591 (ep 1.12) | loss 3.2954 [1d:3.311 1w:3.283 1m:3.271 6m:3.353] | lr 7.50e-05 | 6.8 it/s | eta 360m
[member 3] step 87300/234591 (ep 1.12) | loss 3.2886 [1d:3.303 1w:3.272 1m:3.291 6m:3.344] | lr 7.50e-05 | 6.8 it/s | eta 360m
[member 3] step 87400/234591 (ep 1.12) | loss 3.2870 [1d:3.297 1w:3.278 1m:3.278 6m:3.315] | lr 7.50e-05 | 6.8 it/s | eta 359m
[member 3] step 87500/234591 (ep 1.12) | loss 3.2903 [1d:3.299 1w:3.280 1m:3.291 6m:3.313] | lr 7.50e-05 | 6.8 it/s | eta 359m
[member 3] step 87600/234591 (ep 1.12) | loss 3.2912 [1d:3.300 1w:3.278 1m:3.295 6m:3.382] | lr 7.50e-05 | 6.8 it/s | eta 359m
[member 3] step 87700/234591 (ep 1.12) | loss 3.2866 [1d:3.290 1w:3.281 1m:3.279 6m:3.393] | lr 7.50e-05 | 6.8 it/s | eta 358m
[member 3] step 87800/234591 (ep 1.12) | loss 3.2847 [1d:3.293 1w:3.278 1m:3.266 6m:3.369] | lr 7.50e-05 | 6.8 it/s | eta 358m
[member 3] step 87900/234591 (ep 1.12) | loss 3.2894 [1d:3.300 1w:3.277 1m:3.292 6m:3.348] | lr 7.50e-05 | 6.8 it/s | eta 357m
[member 3] step 88000/234591 (ep 1.13) | loss 3.2976 [1d:3.307 1w:3.286 1m:3.287 6m:3.402] | lr 7.50e-05 | 6.8 it/s | eta 357m
[member 3] step 88100/234591 (ep 1.13) | loss 3.2999 [1d:3.317 1w:3.285 1m:3.290 6m:3.310] | lr 7.50e-05 | 6.9 it/s | eta 356m
[member 3] step 88200/234591 (ep 1.13) | loss 3.2863 [1d:3.300 1w:3.274 1m:3.276 6m:3.341] | lr 7.50e-05 | 6.9 it/s | eta 356m
[member 3] step 88300/234591 (ep 1.13) | loss 3.2868 [1d:3.298 1w:3.277 1m:3.281 6m:3.308] | lr 7.50e-05 | 6.9 it/s | eta 355m
[member 3] step 88400/234591 (ep 1.13) | loss 3.2863 [1d:3.305 1w:3.272 1m:3.271 6m:3.253] | lr 7.50e-05 | 6.9 it/s | eta 355m
[member 3] step 88500/234591 (ep 1.13) | loss 3.2848 [1d:3.295 1w:3.273 1m:3.278 6m:3.349] | lr 7.50e-05 | 6.9 it/s | eta 355m
[member 3] step 88600/234591 (ep 1.13) | loss 3.2873 [1d:3.300 1w:3.277 1m:3.261 6m:3.381] | lr 7.50e-05 | 6.9 it/s | eta 354m
[member 3] step 88700/234591 (ep 1.13) | loss 3.2823 [1d:3.293 1w:3.274 1m:3.272 6m:3.299] | lr 7.50e-05 | 6.9 it/s | eta 354m
[member 3] step 88800/234591 (ep 1.14) | loss 3.2866 [1d:3.297 1w:3.282 1m:3.265 6m:3.294] | lr 7.50e-05 | 6.9 it/s | eta 353m
[member 3] step 88900/234591 (ep 1.14) | loss 3.2914 [1d:3.297 1w:3.283 1m:3.293 6m:3.327] | lr 7.50e-05 | 6.9 it/s | eta 353m
[member 3] step 89000/234591 (ep 1.14) | loss 3.2877 [1d:3.296 1w:3.275 1m:3.290 6m:3.357] | lr 7.50e-05 | 6.9 it/s | eta 352m
[member 3] step 89100/234591 (ep 1.14) | loss 3.2918 [1d:3.301 1w:3.281 1m:3.283 6m:3.382] | lr 7.50e-05 | 6.9 it/s | eta 352m
[member 3] step 89200/234591 (ep 1.14) | loss 3.2877 [1d:3.303 1w:3.277 1m:3.257 6m:3.401] | lr 7.50e-05 | 6.9 it/s | eta 352m
[member 3] step 89300/234591 (ep 1.14) | loss 3.2870 [1d:3.301 1w:3.274 1m:3.270 6m:3.356] | lr 7.50e-05 | 6.9 it/s | eta 351m
[member 3] step 89400/234591 (ep 1.14) | loss 3.2795 [1d:3.291 1w:3.268 1m:3.269 6m:3.315] | lr 7.50e-05 | 6.9 it/s | eta 351m
[member 3] step 89500/234591 (ep 1.14) | loss 3.2803 [1d:3.291 1w:3.274 1m:3.254 6m:3.331] | lr 7.50e-05 | 6.9 it/s | eta 350m
[member 3] step 89600/234591 (ep 1.15) | loss 3.2831 [1d:3.298 1w:3.276 1m:3.251 6m:3.273] | lr 7.50e-05 | 6.9 it/s | eta 350m
[member 3] step 89700/234591 (ep 1.15) | loss 3.2805 [1d:3.292 1w:3.266 1m:3.285 6m:3.319] | lr 7.50e-05 | 6.9 it/s | eta 349m
[member 3] step 89800/234591 (ep 1.15) | loss 3.2824 [1d:3.290 1w:3.276 1m:3.277 6m:3.296] | lr 7.50e-05 | 6.9 it/s | eta 349m
[member 3] step 89900/234591 (ep 1.15) | loss 3.2867 [1d:3.298 1w:3.274 1m:3.284 6m:3.317] | lr 7.50e-05 | 6.9 it/s | eta 349m
[member 3] step 90000/234591 (ep 1.15) | loss 3.2792 [1d:3.282 1w:3.274 1m:3.270 6m:3.377] | lr 7.50e-05 | 6.9 it/s | eta 348m
[member 3] LR DROP -> 3.75e-05 (scale 0.125) after 4 no-improve evals (train declining, cal-CE regressing)
[member 3] EVAL step 90000 (ep 1.15) | stop-score +3.170 (smoothed +3.244, best +5.080) | t1d +2.44/125d t1w +2.05/121d | cal_ce 3.4087 (36408 rows) | base 3.4251 BEAT | raw_tag0 3.4406 | lr_scale 0.125 | no-improve 15/20
[member 3] step 90100/234591 (ep 1.15) | loss 3.2845 [1d:3.298 1w:3.278 1m:3.259 6m:3.284] | lr 3.75e-05 | 6.9 it/s | eta 350m
[member 3] step 90200/234591 (ep 1.15) | loss 3.2757 [1d:3.281 1w:3.271 1m:3.271 6m:3.308] | lr 3.75e-05 | 6.9 it/s | eta 350m
[member 3] step 90300/234591 (ep 1.15) | loss 3.2820 [1d:3.294 1w:3.270 1m:3.270 6m:3.337] | lr 3.75e-05 | 6.9 it/s | eta 349m
[member 3] step 90400/234591 (ep 1.16) | loss 3.2853 [1d:3.296 1w:3.275 1m:3.271 6m:3.364] | lr 3.75e-05 | 6.9 it/s | eta 349m
[member 3] step 90500/234591 (ep 1.16) | loss 3.2946 [1d:3.308 1w:3.280 1m:3.287 6m:3.402] | lr 3.75e-05 | 6.9 it/s | eta 349m
[member 3] step 90600/234591 (ep 1.16) | loss 3.2863 [1d:3.295 1w:3.279 1m:3.277 6m:3.317] | lr 3.75e-05 | 6.9 it/s | eta 348m
[member 3] step 90700/234591 (ep 1.16) | loss 3.2808 [1d:3.292 1w:3.274 1m:3.255 6m:3.334] | lr 3.75e-05 | 6.9 it/s | eta 348m
[member 3] step 90800/234591 (ep 1.16) | loss 3.2846 [1d:3.298 1w:3.273 1m:3.271 6m:3.340] | lr 3.75e-05 | 6.9 it/s | eta 347m
[member 3] step 90900/234591 (ep 1.16) | loss 3.2873 [1d:3.301 1w:3.276 1m:3.267 6m:3.362] | lr 3.75e-05 | 6.9 it/s | eta 347m
[member 3] step 91000/234591 (ep 1.16) | loss 3.2830 [1d:3.296 1w:3.271 1m:3.271 6m:3.375] | lr 3.75e-05 | 6.9 it/s | eta 346m
[member 3] step 91100/234591 (ep 1.17) | loss 3.2853 [1d:3.294 1w:3.277 1m:3.274 6m:3.347] | lr 3.75e-05 | 6.9 it/s | eta 346m
[member 3] step 91200/234591 (ep 1.17) | loss 3.2908 [1d:3.308 1w:3.277 1m:3.276 6m:3.302] | lr 3.75e-05 | 6.9 it/s | eta 346m
[member 3] step 91300/234591 (ep 1.17) | loss 3.2793 [1d:3.293 1w:3.265 1m:3.277 6m:3.320] | lr 3.75e-05 | 6.9 it/s | eta 345m
[member 3] step 91400/234591 (ep 1.17) | loss 3.2800 [1d:3.288 1w:3.272 1m:3.275 6m:3.318] | lr 3.75e-05 | 6.9 it/s | eta 345m
[member 3] step 91500/234591 (ep 1.17) | loss 3.2872 [1d:3.299 1w:3.274 1m:3.286 6m:3.327] | lr 3.75e-05 | 6.9 it/s | eta 344m
[member 3] step 91600/234591 (ep 1.17) | loss 3.2854 [1d:3.288 1w:3.287 1m:3.258 6m:3.317] | lr 3.75e-05 | 6.9 it/s | eta 344m
[member 3] step 91700/234591 (ep 1.17) | loss 3.2832 [1d:3.291 1w:3.276 1m:3.283 6m:3.281] | lr 3.75e-05 | 6.9 it/s | eta 344m
[member 3] step 91800/234591 (ep 1.17) | loss 3.2854 [1d:3.294 1w:3.271 1m:3.301 6m:3.317] | lr 3.75e-05 | 6.9 it/s | eta 343m
[member 3] step 91900/234591 (ep 1.18) | loss 3.2884 [1d:3.297 1w:3.279 1m:3.285 6m:3.337] | lr 3.75e-05 | 6.9 it/s | eta 343m
[member 3] step 92000/234591 (ep 1.18) | loss 3.2790 [1d:3.287 1w:3.270 1m:3.283 6m:3.302] | lr 3.75e-05 | 6.9 it/s | eta 342m
[member 3] step 92100/234591 (ep 1.18) | loss 3.2862 [1d:3.300 1w:3.276 1m:3.264 6m:3.334] | lr 3.75e-05 | 6.9 it/s | eta 342m
[member 3] step 92200/234591 (ep 1.18) | loss 3.2899 [1d:3.296 1w:3.282 1m:3.291 6m:3.338] | lr 3.75e-05 | 7.0 it/s | eta 341m
[member 3] step 92300/234591 (ep 1.18) | loss 3.2882 [1d:3.300 1w:3.280 1m:3.268 6m:3.328] | lr 3.75e-05 | 7.0 it/s | eta 341m
[member 3] step 92400/234591 (ep 1.18) | loss 3.2911 [1d:3.300 1w:3.285 1m:3.270 6m:3.354] | lr 3.75e-05 | 7.0 it/s | eta 341m
[member 3] step 92500/234591 (ep 1.18) | loss 3.2876 [1d:3.294 1w:3.283 1m:3.284 6m:3.266] | lr 3.75e-05 | 7.0 it/s | eta 340m
[member 3] step 92600/234591 (ep 1.18) | loss 3.2805 [1d:3.288 1w:3.275 1m:3.274 6m:3.274] | lr 3.75e-05 | 7.0 it/s | eta 340m
[member 3] step 92700/234591 (ep 1.19) | loss 3.2891 [1d:3.306 1w:3.273 1m:3.274 6m:3.331] | lr 3.75e-05 | 7.0 it/s | eta 339m
[member 3] step 92800/234591 (ep 1.19) | loss 3.2809 [1d:3.298 1w:3.263 1m:3.272 6m:3.346] | lr 3.75e-05 | 7.0 it/s | eta 339m
[member 3] step 92900/234591 (ep 1.19) | loss 3.2818 [1d:3.299 1w:3.269 1m:3.258 6m:3.327] | lr 3.75e-05 | 7.0 it/s | eta 339m
[member 3] step 93000/234591 (ep 1.19) | loss 3.2719 [1d:3.281 1w:3.265 1m:3.254 6m:3.306] | lr 3.75e-05 | 7.0 it/s | eta 338m
[member 3] step 93100/234591 (ep 1.19) | loss 3.2764 [1d:3.294 1w:3.261 1m:3.260 6m:3.338] | lr 3.75e-05 | 7.0 it/s | eta 338m
[member 3] step 93200/234591 (ep 1.19) | loss 3.2836 [1d:3.298 1w:3.266 1m:3.282 6m:3.395] | lr 3.75e-05 | 7.0 it/s | eta 337m
[member 3] step 93300/234591 (ep 1.19) | loss 3.2834 [1d:3.294 1w:3.272 1m:3.275 6m:3.403] | lr 3.75e-05 | 7.0 it/s | eta 337m
[member 3] step 93400/234591 (ep 1.19) | loss 3.2781 [1d:3.291 1w:3.263 1m:3.278 6m:3.333] | lr 3.75e-05 | 7.0 it/s | eta 337m
[member 3] step 93500/234591 (ep 1.20) | loss 3.2839 [1d:3.294 1w:3.278 1m:3.258 6m:3.381] | lr 3.75e-05 | 7.0 it/s | eta 336m
[member 3] step 93600/234591 (ep 1.20) | loss 3.2859 [1d:3.305 1w:3.275 1m:3.259 6m:3.293] | lr 3.75e-05 | 7.0 it/s | eta 336m
[member 3] step 93700/234591 (ep 1.20) | loss 3.2815 [1d:3.295 1w:3.272 1m:3.257 6m:3.353] | lr 3.75e-05 | 7.0 it/s | eta 335m
[member 3] step 93800/234591 (ep 1.20) | loss 3.2874 [1d:3.296 1w:3.279 1m:3.277 6m:3.352] | lr 3.75e-05 | 7.0 it/s | eta 335m
[member 3] step 93900/234591 (ep 1.20) | loss 3.2790 [1d:3.289 1w:3.265 1m:3.288 6m:3.310] | lr 3.75e-05 | 7.0 it/s | eta 335m
[member 3] step 94000/234591 (ep 1.20) | loss 3.2800 [1d:3.286 1w:3.275 1m:3.263 6m:3.369] | lr 3.75e-05 | 7.0 it/s | eta 334m
[member 3] step 94100/234591 (ep 1.20) | loss 3.2870 [1d:3.301 1w:3.277 1m:3.264 6m:3.335] | lr 3.75e-05 | 7.0 it/s | eta 334m
[member 3] step 94200/234591 (ep 1.20) | loss 3.2767 [1d:3.288 1w:3.264 1m:3.276 6m:3.335] | lr 3.75e-05 | 7.0 it/s | eta 333m
[member 3] step 94300/234591 (ep 1.21) | loss 3.2816 [1d:3.294 1w:3.273 1m:3.262 6m:3.303] | lr 3.75e-05 | 7.0 it/s | eta 333m
[member 3] step 94400/234591 (ep 1.21) | loss 3.2799 [1d:3.289 1w:3.274 1m:3.267 6m:3.302] | lr 3.75e-05 | 7.0 it/s | eta 332m
[member 3] step 94500/234591 (ep 1.21) | loss 3.2754 [1d:3.292 1w:3.266 1m:3.239 6m:3.328] | lr 3.75e-05 | 7.0 it/s | eta 332m
[member 3] step 94600/234591 (ep 1.21) | loss 3.2830 [1d:3.295 1w:3.272 1m:3.268 6m:3.327] | lr 3.75e-05 | 7.0 it/s | eta 332m
[member 3] step 94700/234591 (ep 1.21) | loss 3.2884 [1d:3.299 1w:3.278 1m:3.279 6m:3.334] | lr 3.75e-05 | 7.0 it/s | eta 331m
[member 3] step 94800/234591 (ep 1.21) | loss 3.2855 [1d:3.307 1w:3.269 1m:3.263 6m:3.321] | lr 3.75e-05 | 7.0 it/s | eta 331m
[member 3] step 94900/234591 (ep 1.21) | loss 3.2817 [1d:3.295 1w:3.269 1m:3.273 6m:3.328] | lr 3.75e-05 | 7.0 it/s | eta 330m
[member 3] step 95000/234591 (ep 1.21) | loss 3.2878 [1d:3.297 1w:3.276 1m:3.289 6m:3.367] | lr 3.75e-05 | 7.0 it/s | eta 330m
[member 3] EVAL step 95000 (ep 1.21) | stop-score +3.491 (smoothed +3.244, best +5.080) | t1d +2.64/125d t1w +2.30/121d | cal_ce 3.4114 (36408 rows) | base 3.4251 BEAT | raw_tag0 3.4494 | lr_scale 0.125 | no-improve 16/20
[member 3] step 95100/234591 (ep 1.22) | loss 3.2744 [1d:3.280 1w:3.268 1m:3.271 6m:3.293] | lr 3.75e-05 | 7.0 it/s | eta 331m
[member 3] step 95200/234591 (ep 1.22) | loss 3.2851 [1d:3.289 1w:3.279 1m:3.280 6m:3.364] | lr 3.75e-05 | 7.0 it/s | eta 330m
[member 3] step 95300/234591 (ep 1.22) | loss 3.2764 [1d:3.295 1w:3.260 1m:3.264 6m:3.300] | lr 3.75e-05 | 7.0 it/s | eta 330m
[member 3] step 95400/234591 (ep 1.22) | loss 3.2815 [1d:3.292 1w:3.274 1m:3.265 6m:3.341] | lr 3.75e-05 | 7.0 it/s | eta 329m
[member 3] step 95500/234591 (ep 1.22) | loss 3.2795 [1d:3.295 1w:3.267 1m:3.256 6m:3.377] | lr 3.75e-05 | 7.0 it/s | eta 329m
[member 3] step 95600/234591 (ep 1.22) | loss 3.2807 [1d:3.289 1w:3.275 1m:3.265 6m:3.318] | lr 3.75e-05 | 7.0 it/s | eta 329m
[member 3] step 95700/234591 (ep 1.22) | loss 3.2785 [1d:3.298 1w:3.264 1m:3.252 6m:3.323] | lr 3.75e-05 | 7.1 it/s | eta 328m
[member 3] step 95800/234591 (ep 1.23) | loss 3.2830 [1d:3.295 1w:3.272 1m:3.276 6m:3.302] | lr 3.75e-05 | 7.1 it/s | eta 328m
[member 3] step 95900/234591 (ep 1.23) | loss 3.2779 [1d:3.291 1w:3.267 1m:3.268 6m:3.286] | lr 3.75e-05 | 7.1 it/s | eta 327m
[member 3] step 96000/234591 (ep 1.23) | loss 3.2772 [1d:3.289 1w:3.263 1m:3.289 6m:3.268] | lr 3.75e-05 | 7.1 it/s | eta 327m
[member 3] step 96100/234591 (ep 1.23) | loss 3.2810 [1d:3.284 1w:3.276 1m:3.276 6m:3.347] | lr 3.75e-05 | 7.1 it/s | eta 327m
[member 3] step 96200/234591 (ep 1.23) | loss 3.2832 [1d:3.302 1w:3.265 1m:3.272 6m:3.355] | lr 3.75e-05 | 7.1 it/s | eta 326m
[member 3] step 96300/234591 (ep 1.23) | loss 3.2820 [1d:3.297 1w:3.268 1m:3.272 6m:3.352] | lr 3.75e-05 | 7.1 it/s | eta 326m
[member 3] step 96400/234591 (ep 1.23) | loss 3.2845 [1d:3.298 1w:3.269 1m:3.278 6m:3.364] | lr 3.75e-05 | 7.1 it/s | eta 325m
[member 3] step 96500/234591 (ep 1.23) | loss 3.2859 [1d:3.305 1w:3.272 1m:3.257 6m:3.366] | lr 3.75e-05 | 7.1 it/s | eta 325m
[member 3] step 96600/234591 (ep 1.24) | loss 3.2786 [1d:3.289 1w:3.269 1m:3.269 6m:3.337] | lr 3.75e-05 | 7.1 it/s | eta 325m
[member 3] step 96700/234591 (ep 1.24) | loss 3.2816 [1d:3.294 1w:3.272 1m:3.258 6m:3.371] | lr 3.75e-05 | 7.1 it/s | eta 324m
[member 3] step 96800/234591 (ep 1.24) | loss 3.2731 [1d:3.288 1w:3.262 1m:3.250 6m:3.353] | lr 3.75e-05 | 7.1 it/s | eta 324m
[member 3] step 96900/234591 (ep 1.24) | loss 3.2709 [1d:3.284 1w:3.262 1m:3.245 6m:3.335] | lr 3.75e-05 | 7.1 it/s | eta 324m
[member 3] step 97000/234591 (ep 1.24) | loss 3.2783 [1d:3.288 1w:3.266 1m:3.274 6m:3.376] | lr 3.75e-05 | 7.1 it/s | eta 323m
[member 3] step 97100/234591 (ep 1.24) | loss 3.2924 [1d:3.301 1w:3.285 1m:3.282 6m:3.337] | lr 3.75e-05 | 7.1 it/s | eta 323m
[member 3] step 97200/234591 (ep 1.24) | loss 3.2861 [1d:3.300 1w:3.277 1m:3.264 6m:3.331] | lr 3.75e-05 | 7.1 it/s | eta 322m
[member 3] step 97300/234591 (ep 1.24) | loss 3.2803 [1d:3.300 1w:3.266 1m:3.251 6m:3.305] | lr 3.75e-05 | 7.1 it/s | eta 322m
[member 3] step 97400/234591 (ep 1.25) | loss 3.2818 [1d:3.298 1w:3.269 1m:3.260 6m:3.373] | lr 3.75e-05 | 7.1 it/s | eta 322m
[member 3] step 97500/234591 (ep 1.25) | loss 3.2805 [1d:3.296 1w:3.263 1m:3.280 6m:3.332] | lr 3.75e-05 | 7.1 it/s | eta 321m
[member 3] step 97600/234591 (ep 1.25) | loss 3.2851 [1d:3.300 1w:3.272 1m:3.272 6m:3.331] | lr 3.75e-05 | 7.1 it/s | eta 321m
[member 3] step 97700/234591 (ep 1.25) | loss 3.2900 [1d:3.302 1w:3.281 1m:3.271 6m:3.337] | lr 3.75e-05 | 7.1 it/s | eta 320m
[member 3] step 97800/234591 (ep 1.25) | loss 3.2852 [1d:3.298 1w:3.270 1m:3.285 6m:3.336] | lr 3.75e-05 | 7.1 it/s | eta 320m
[member 3] step 97900/234591 (ep 1.25) | loss 3.2770 [1d:3.290 1w:3.265 1m:3.265 6m:3.337] | lr 3.75e-05 | 7.1 it/s | eta 320m
[member 3] step 98000/234591 (ep 1.25) | loss 3.2705 [1d:3.288 1w:3.253 1m:3.252 6m:3.398] | lr 3.75e-05 | 7.1 it/s | eta 319m
[member 3] step 98100/234591 (ep 1.25) | loss 3.2813 [1d:3.293 1w:3.270 1m:3.267 6m:3.362] | lr 3.75e-05 | 7.1 it/s | eta 319m
[member 3] step 98200/234591 (ep 1.26) | loss 3.2809 [1d:3.294 1w:3.273 1m:3.249 6m:3.366] | lr 3.75e-05 | 7.1 it/s | eta 319m
[member 3] step 98300/234591 (ep 1.26) | loss 3.2765 [1d:3.294 1w:3.262 1m:3.263 6m:3.313] | lr 3.75e-05 | 7.1 it/s | eta 318m
[member 3] step 98400/234591 (ep 1.26) | loss 3.2773 [1d:3.290 1w:3.269 1m:3.253 6m:3.312] | lr 3.75e-05 | 7.1 it/s | eta 318m
[member 3] step 98500/234591 (ep 1.26) | loss 3.2751 [1d:3.282 1w:3.268 1m:3.266 6m:3.334] | lr 3.75e-05 | 7.1 it/s | eta 317m
[member 3] step 98600/234591 (ep 1.26) | loss 3.2836 [1d:3.289 1w:3.275 1m:3.289 6m:3.329] | lr 3.75e-05 | 7.2 it/s | eta 317m
[member 3] step 98700/234591 (ep 1.26) | loss 3.2892 [1d:3.299 1w:3.281 1m:3.273 6m:3.364] | lr 3.75e-05 | 7.2 it/s | eta 317m
[member 3] step 98800/234591 (ep 1.26) | loss 3.2778 [1d:3.300 1w:3.259 1m:3.261 6m:3.310] | lr 3.75e-05 | 7.2 it/s | eta 316m
[member 3] step 98900/234591 (ep 1.26) | loss 3.2800 [1d:3.293 1w:3.263 1m:3.292 6m:3.283] | lr 3.75e-05 | 7.2 it/s | eta 316m
[member 3] step 99000/234591 (ep 1.27) | loss 3.2874 [1d:3.299 1w:3.273 1m:3.292 6m:3.293] | lr 3.75e-05 | 7.2 it/s | eta 315m
[member 3] step 99100/234591 (ep 1.27) | loss 3.2721 [1d:3.282 1w:3.266 1m:3.252 6m:3.310] | lr 3.75e-05 | 7.2 it/s | eta 315m
[member 3] step 99200/234591 (ep 1.27) | loss 3.2829 [1d:3.298 1w:3.268 1m:3.271 6m:3.326] | lr 3.75e-05 | 7.2 it/s | eta 315m
[member 3] step 99300/234591 (ep 1.27) | loss 3.2756 [1d:3.289 1w:3.266 1m:3.258 6m:3.318] | lr 3.75e-05 | 7.2 it/s | eta 314m
[member 3] step 99400/234591 (ep 1.27) | loss 3.2779 [1d:3.287 1w:3.267 1m:3.279 6m:3.311] | lr 3.75e-05 | 7.2 it/s | eta 314m
[member 3] step 99500/234591 (ep 1.27) | loss 3.2847 [1d:3.300 1w:3.270 1m:3.285 6m:3.297] | lr 3.75e-05 | 7.2 it/s | eta 314m
[member 3] step 99600/234591 (ep 1.27) | loss 3.2874 [1d:3.297 1w:3.276 1m:3.289 6m:3.306] | lr 3.75e-05 | 7.2 it/s | eta 313m
[member 3] step 99700/234591 (ep 1.27) | loss 3.2791 [1d:3.291 1w:3.268 1m:3.267 6m:3.335] | lr 3.75e-05 | 7.2 it/s | eta 313m
[member 3] step 99800/234591 (ep 1.28) | loss 3.2832 [1d:3.291 1w:3.273 1m:3.288 6m:3.333] | lr 3.75e-05 | 7.2 it/s | eta 312m
[member 3] step 99900/234591 (ep 1.28) | loss 3.2678 [1d:3.290 1w:3.248 1m:3.251 6m:3.314] | lr 3.75e-05 | 7.2 it/s | eta 312m
[member 3] step 100000/234591 (ep 1.28) | loss 3.2763 [1d:3.282 1w:3.269 1m:3.267 6m:3.352] | lr 3.75e-05 | 7.2 it/s | eta 312m
[member 3] EVAL step 100000 (ep 1.28) | stop-score +3.260 (smoothed +3.260, best +5.080) | t1d +2.34/125d t1w +2.27/121d | cal_ce 3.4086 (36408 rows) | base 3.4251 BEAT | raw_tag0 3.4487 | lr_scale 0.125 | no-improve 17/20
[member 3] step 100100/234591 (ep 1.28) | loss 3.2780 [1d:3.287 1w:3.274 1m:3.258 6m:3.272] | lr 3.75e-05 | 7.2 it/s | eta 312m
[member 3] step 100200/234591 (ep 1.28) | loss 3.2785 [1d:3.293 1w:3.268 1m:3.257 6m:3.294] | lr 3.75e-05 | 7.2 it/s | eta 312m
[member 3] step 100300/234591 (ep 1.28) | loss 3.2758 [1d:3.287 1w:3.266 1m:3.269 6m:3.289] | lr 3.75e-05 | 7.2 it/s | eta 311m
[member 3] step 100400/234591 (ep 1.28) | loss 3.2827 [1d:3.299 1w:3.272 1m:3.257 6m:3.279] | lr 3.75e-05 | 7.2 it/s | eta 311m
[member 3] step 100500/234591 (ep 1.29) | loss 3.2851 [1d:3.293 1w:3.279 1m:3.269 6m:3.323] | lr 3.75e-05 | 7.2 it/s | eta 311m
[member 3] step 100600/234591 (ep 1.29) | loss 3.2686 [1d:3.283 1w:3.257 1m:3.251 6m:3.301] | lr 3.75e-05 | 7.2 it/s | eta 310m
[member 3] step 100700/234591 (ep 1.29) | loss 3.2843 [1d:3.296 1w:3.279 1m:3.251 6m:3.330] | lr 3.75e-05 | 7.2 it/s | eta 310m
[member 3] step 100800/234591 (ep 1.29) | loss 3.2819 [1d:3.299 1w:3.266 1m:3.259 6m:3.376] | lr 3.75e-05 | 7.2 it/s | eta 310m
[member 3] step 100900/234591 (ep 1.29) | loss 3.2816 [1d:3.293 1w:3.268 1m:3.279 6m:3.336] | lr 3.75e-05 | 7.2 it/s | eta 309m
[member 3] step 101000/234591 (ep 1.29) | loss 3.2819 [1d:3.297 1w:3.263 1m:3.279 6m:3.366] | lr 3.75e-05 | 7.2 it/s | eta 309m
[member 3] step 101100/234591 (ep 1.29) | loss 3.2777 [1d:3.289 1w:3.266 1m:3.265 6m:3.366] | lr 3.75e-05 | 7.2 it/s | eta 308m
[member 3] step 101200/234591 (ep 1.29) | loss 3.2762 [1d:3.288 1w:3.261 1m:3.274 6m:3.398] | lr 3.75e-05 | 7.2 it/s | eta 308m
[member 3] step 101300/234591 (ep 1.30) | loss 3.2790 [1d:3.296 1w:3.262 1m:3.270 6m:3.340] | lr 3.75e-05 | 7.2 it/s | eta 308m
[member 3] step 101400/234591 (ep 1.30) | loss 3.2842 [1d:3.298 1w:3.274 1m:3.263 6m:3.305] | lr 3.75e-05 | 7.2 it/s | eta 307m
[member 3] step 101500/234591 (ep 1.30) | loss 3.2764 [1d:3.289 1w:3.268 1m:3.257 6m:3.295] | lr 3.75e-05 | 7.2 it/s | eta 307m
[member 3] step 101600/234591 (ep 1.30) | loss 3.2844 [1d:3.295 1w:3.273 1m:3.275 6m:3.338] | lr 3.75e-05 | 7.2 it/s | eta 307m
[member 3] step 101700/234591 (ep 1.30) | loss 3.2817 [1d:3.291 1w:3.274 1m:3.263 6m:3.335] | lr 3.75e-05 | 7.2 it/s | eta 306m
[member 3] step 101800/234591 (ep 1.30) | loss 3.2859 [1d:3.293 1w:3.275 1m:3.286 6m:3.405] | lr 3.75e-05 | 7.2 it/s | eta 306m
[member 3] step 101900/234591 (ep 1.30) | loss 3.2777 [1d:3.287 1w:3.266 1m:3.275 6m:3.365] | lr 3.75e-05 | 7.2 it/s | eta 306m
[member 3] step 102000/234591 (ep 1.30) | loss 3.2761 [1d:3.292 1w:3.267 1m:3.248 6m:3.281] | lr 3.75e-05 | 7.2 it/s | eta 305m
[member 3] step 102100/234591 (ep 1.31) | loss 3.2771 [1d:3.293 1w:3.264 1m:3.255 6m:3.368] | lr 3.75e-05 | 7.2 it/s | eta 305m
[member 3] step 102200/234591 (ep 1.31) | loss 3.2861 [1d:3.299 1w:3.273 1m:3.274 6m:3.366] | lr 3.75e-05 | 7.2 it/s | eta 304m
[member 3] step 102300/234591 (ep 1.31) | loss 3.2857 [1d:3.298 1w:3.272 1m:3.283 6m:3.339] | lr 3.75e-05 | 7.3 it/s | eta 304m
[member 3] step 102400/234591 (ep 1.31) | loss 3.2816 [1d:3.293 1w:3.268 1m:3.275 6m:3.374] | lr 3.75e-05 | 7.3 it/s | eta 304m
[member 3] step 102500/234591 (ep 1.31) | loss 3.2835 [1d:3.297 1w:3.273 1m:3.260 6m:3.361] | lr 3.75e-05 | 7.3 it/s | eta 303m
[member 3] step 102600/234591 (ep 1.31) | loss 3.2796 [1d:3.291 1w:3.270 1m:3.262 6m:3.348] | lr 3.75e-05 | 7.3 it/s | eta 303m
[member 3] step 102700/234591 (ep 1.31) | loss 3.2794 [1d:3.288 1w:3.275 1m:3.266 6m:3.272] | lr 3.75e-05 | 7.3 it/s | eta 303m
[member 3] step 102800/234591 (ep 1.31) | loss 3.2761 [1d:3.292 1w:3.263 1m:3.262 6m:3.310] | lr 3.75e-05 | 7.3 it/s | eta 302m
[member 3] step 102900/234591 (ep 1.32) | loss 3.2882 [1d:3.303 1w:3.274 1m:3.269 6m:3.400] | lr 3.75e-05 | 7.3 it/s | eta 302m
[member 3] step 103000/234591 (ep 1.32) | loss 3.2802 [1d:3.289 1w:3.268 1m:3.281 6m:3.379] | lr 3.75e-05 | 7.3 it/s | eta 302m
[member 3] step 103100/234591 (ep 1.32) | loss 3.2737 [1d:3.289 1w:3.257 1m:3.273 6m:3.299] | lr 3.75e-05 | 7.3 it/s | eta 301m
[member 3] step 103200/234591 (ep 1.32) | loss 3.2827 [1d:3.304 1w:3.266 1m:3.260 6m:3.302] | lr 3.75e-05 | 7.3 it/s | eta 301m
[member 3] step 103300/234591 (ep 1.32) | loss 3.2855 [1d:3.300 1w:3.276 1m:3.258 6m:3.346] | lr 3.75e-05 | 7.3 it/s | eta 300m
[member 3] step 103400/234591 (ep 1.32) | loss 3.2840 [1d:3.294 1w:3.273 1m:3.271 6m:3.431] | lr 3.75e-05 | 7.3 it/s | eta 300m
[member 3] step 103500/234591 (ep 1.32) | loss 3.2863 [1d:3.301 1w:3.271 1m:3.278 6m:3.352] | lr 3.75e-05 | 7.3 it/s | eta 300m
[member 3] step 103600/234591 (ep 1.32) | loss 3.2873 [1d:3.311 1w:3.270 1m:3.257 6m:3.303] | lr 3.75e-05 | 7.3 it/s | eta 299m
[member 3] step 103700/234591 (ep 1.33) | loss 3.2773 [1d:3.284 1w:3.272 1m:3.271 6m:3.277] | lr 3.75e-05 | 7.3 it/s | eta 299m
[member 3] step 103800/234591 (ep 1.33) | loss 3.2854 [1d:3.296 1w:3.276 1m:3.273 6m:3.365] | lr 3.75e-05 | 7.3 it/s | eta 299m
[member 3] step 103900/234591 (ep 1.33) | loss 3.2777 [1d:3.294 1w:3.263 1m:3.266 6m:3.300] | lr 3.75e-05 | 7.3 it/s | eta 298m
[member 3] step 104000/234591 (ep 1.33) | loss 3.2789 [1d:3.288 1w:3.268 1m:3.274 6m:3.349] | lr 3.75e-05 | 7.3 it/s | eta 298m
[member 3] step 104100/234591 (ep 1.33) | loss 3.2739 [1d:3.288 1w:3.265 1m:3.245 6m:3.322] | lr 3.75e-05 | 7.3 it/s | eta 298m
[member 3] step 104200/234591 (ep 1.33) | loss 3.2795 [1d:3.295 1w:3.270 1m:3.247 6m:3.347] | lr 3.75e-05 | 7.3 it/s | eta 297m
[member 3] step 104300/234591 (ep 1.33) | loss 3.2784 [1d:3.287 1w:3.278 1m:3.245 6m:3.318] | lr 3.75e-05 | 7.3 it/s | eta 297m
[member 3] step 104400/234591 (ep 1.34) | loss 3.2766 [1d:3.289 1w:3.269 1m:3.246 6m:3.334] | lr 3.75e-05 | 7.3 it/s | eta 297m
[member 3] step 104500/234591 (ep 1.34) | loss 3.2803 [1d:3.294 1w:3.271 1m:3.251 6m:3.341] | lr 3.75e-05 | 7.3 it/s | eta 296m
[member 3] step 104600/234591 (ep 1.34) | loss 3.2818 [1d:3.297 1w:3.270 1m:3.265 6m:3.279] | lr 3.75e-05 | 7.3 it/s | eta 296m
[member 3] step 104700/234591 (ep 1.34) | loss 3.2677 [1d:3.286 1w:3.256 1m:3.238 6m:3.296] | lr 3.75e-05 | 7.3 it/s | eta 295m
[member 3] step 104800/234591 (ep 1.34) | loss 3.2813 [1d:3.283 1w:3.278 1m:3.283 6m:3.295] | lr 3.75e-05 | 7.3 it/s | eta 295m
[member 3] step 104900/234591 (ep 1.34) | loss 3.2818 [1d:3.292 1w:3.270 1m:3.283 6m:3.349] | lr 3.75e-05 | 7.3 it/s | eta 295m
[member 3] step 105000/234591 (ep 1.34) | loss 3.2795 [1d:3.293 1w:3.267 1m:3.260 6m:3.377] | lr 3.75e-05 | 7.3 it/s | eta 294m
[member 3] EVAL step 105000 (ep 1.34) | stop-score +3.325 (smoothed +3.325, best +5.080) | t1d +2.38/125d t1w +2.32/121d | cal_ce 3.4144 (36408 rows) | base 3.4251 BEAT | raw_tag0 3.4517 | lr_scale 0.125 | no-improve 18/20
[member 3] step 105100/234591 (ep 1.34) | loss 3.2793 [1d:3.291 1w:3.267 1m:3.267 6m:3.363] | lr 3.75e-05 | 7.3 it/s | eta 295m
[member 3] step 105200/234591 (ep 1.35) | loss 3.2742 [1d:3.290 1w:3.260 1m:3.262 6m:3.309] | lr 3.75e-05 | 7.3 it/s | eta 294m
[member 3] step 105300/234591 (ep 1.35) | loss 3.2715 [1d:3.286 1w:3.260 1m:3.253 6m:3.309] | lr 3.75e-05 | 7.3 it/s | eta 294m
[member 3] step 105400/234591 (ep 1.35) | loss 3.2709 [1d:3.283 1w:3.261 1m:3.251 6m:3.368] | lr 3.75e-05 | 7.3 it/s | eta 294m
[member 3] step 105500/234591 (ep 1.35) | loss 3.2762 [1d:3.286 1w:3.269 1m:3.256 6m:3.338] | lr 3.75e-05 | 7.3 it/s | eta 293m
[member 3] step 105600/234591 (ep 1.35) | loss 3.2761 [1d:3.280 1w:3.269 1m:3.274 6m:3.407] | lr 3.75e-05 | 7.3 it/s | eta 293m
[member 3] step 105700/234591 (ep 1.35) | loss 3.2773 [1d:3.289 1w:3.266 1m:3.264 6m:3.305] | lr 3.75e-05 | 7.3 it/s | eta 293m
[member 3] step 105800/234591 (ep 1.35) | loss 3.2749 [1d:3.287 1w:3.263 1m:3.266 6m:3.316] | lr 3.75e-05 | 7.3 it/s | eta 292m
[member 3] step 105900/234591 (ep 1.35) | loss 3.2827 [1d:3.296 1w:3.276 1m:3.255 6m:3.271] | lr 3.75e-05 | 7.3 it/s | eta 292m
[member 3] step 106000/234591 (ep 1.36) | loss 3.2814 [1d:3.291 1w:3.274 1m:3.266 6m:3.307] | lr 3.75e-05 | 7.3 it/s | eta 292m
[member 3] step 106100/234591 (ep 1.36) | loss 3.2724 [1d:3.284 1w:3.265 1m:3.250 6m:3.319] | lr 3.75e-05 | 7.4 it/s | eta 291m
[member 3] step 106200/234591 (ep 1.36) | loss 3.2760 [1d:3.288 1w:3.268 1m:3.259 6m:3.282] | lr 3.75e-05 | 7.4 it/s | eta 291m
[member 3] step 106300/234591 (ep 1.36) | loss 3.2754 [1d:3.289 1w:3.268 1m:3.247 6m:3.305] | lr 3.75e-05 | 7.4 it/s | eta 291m
[member 3] step 106400/234591 (ep 1.36) | loss 3.2832 [1d:3.296 1w:3.276 1m:3.251 6m:3.319] | lr 3.75e-05 | 7.4 it/s | eta 290m
[member 3] step 106500/234591 (ep 1.36) | loss 3.2767 [1d:3.288 1w:3.265 1m:3.268 6m:3.343] | lr 3.75e-05 | 7.4 it/s | eta 290m
[member 3] step 106600/234591 (ep 1.36) | loss 3.2712 [1d:3.290 1w:3.254 1m:3.253 6m:3.352] | lr 3.75e-05 | 7.4 it/s | eta 290m
[member 3] step 106700/234591 (ep 1.36) | loss 3.2744 [1d:3.283 1w:3.263 1m:3.273 6m:3.350] | lr 3.75e-05 | 7.4 it/s | eta 289m
[member 3] step 106800/234591 (ep 1.37) | loss 3.2910 [1d:3.298 1w:3.279 1m:3.296 6m:3.365] | lr 3.75e-05 | 7.4 it/s | eta 289m
[member 3] step 106900/234591 (ep 1.37) | loss 3.2748 [1d:3.286 1w:3.266 1m:3.243 6m:3.398] | lr 3.75e-05 | 7.4 it/s | eta 289m
[member 3] step 107000/234591 (ep 1.37) | loss 3.2787 [1d:3.287 1w:3.270 1m:3.266 6m:3.398] | lr 3.75e-05 | 7.4 it/s | eta 288m
[member 3] step 107100/234591 (ep 1.37) | loss 3.2770 [1d:3.290 1w:3.267 1m:3.258 6m:3.312] | lr 3.75e-05 | 7.4 it/s | eta 288m
[member 3] step 107200/234591 (ep 1.37) | loss 3.2731 [1d:3.285 1w:3.259 1m:3.273 6m:3.336] | lr 3.75e-05 | 7.4 it/s | eta 288m
[member 3] step 107300/234591 (ep 1.37) | loss 3.2754 [1d:3.286 1w:3.265 1m:3.263 6m:3.366] | lr 3.75e-05 | 7.4 it/s | eta 287m
[member 3] step 107400/234591 (ep 1.37) | loss 3.2770 [1d:3.288 1w:3.271 1m:3.250 6m:3.322] | lr 3.75e-05 | 7.4 it/s | eta 287m
[member 3] step 107500/234591 (ep 1.37) | loss 3.2756 [1d:3.294 1w:3.259 1m:3.256 6m:3.376] | lr 3.75e-05 | 7.4 it/s | eta 287m
[member 3] step 107600/234591 (ep 1.38) | loss 3.2829 [1d:3.294 1w:3.271 1m:3.270 6m:3.376] | lr 3.75e-05 | 7.4 it/s | eta 286m
[member 3] step 107700/234591 (ep 1.38) | loss 3.2810 [1d:3.297 1w:3.270 1m:3.257 6m:3.319] | lr 3.75e-05 | 7.4 it/s | eta 286m
[member 3] step 107800/234591 (ep 1.38) | loss 3.2877 [1d:3.297 1w:3.276 1m:3.289 6m:3.321] | lr 3.75e-05 | 7.4 it/s | eta 285m
[member 3] step 107900/234591 (ep 1.38) | loss 3.2721 [1d:3.284 1w:3.261 1m:3.263 6m:3.314] | lr 3.75e-05 | 7.4 it/s | eta 285m
[member 3] step 108000/234591 (ep 1.38) | loss 3.2773 [1d:3.295 1w:3.262 1m:3.262 6m:3.286] | lr 3.75e-05 | 7.4 it/s | eta 285m
[member 3] step 108100/234591 (ep 1.38) | loss 3.2842 [1d:3.294 1w:3.272 1m:3.285 6m:3.349] | lr 3.75e-05 | 7.4 it/s | eta 284m
[member 3] step 108200/234591 (ep 1.38) | loss 3.2746 [1d:3.283 1w:3.265 1m:3.282 6m:3.242] | lr 3.75e-05 | 7.4 it/s | eta 284m
[member 3] step 108300/234591 (ep 1.38) | loss 3.2787 [1d:3.294 1w:3.263 1m:3.269 6m:3.338] | lr 3.75e-05 | 7.4 it/s | eta 284m
[member 3] step 108400/234591 (ep 1.39) | loss 3.2819 [1d:3.293 1w:3.269 1m:3.272 6m:3.382] | lr 3.75e-05 | 7.4 it/s | eta 283m
[member 3] step 108500/234591 (ep 1.39) | loss 3.2822 [1d:3.291 1w:3.278 1m:3.254 6m:3.323] | lr 3.75e-05 | 7.4 it/s | eta 283m
[member 3] step 108600/234591 (ep 1.39) | loss 3.2829 [1d:3.306 1w:3.265 1m:3.254 6m:3.330] | lr 3.75e-05 | 7.4 it/s | eta 283m
[member 3] step 108700/234591 (ep 1.39) | loss 3.2801 [1d:3.297 1w:3.267 1m:3.251 6m:3.379] | lr 3.75e-05 | 7.4 it/s | eta 282m
[member 3] step 108800/234591 (ep 1.39) | loss 3.2745 [1d:3.292 1w:3.260 1m:3.264 6m:3.279] | lr 3.75e-05 | 7.4 it/s | eta 282m
[member 3] step 108900/234591 (ep 1.39) | loss 3.2799 [1d:3.292 1w:3.269 1m:3.270 6m:3.306] | lr 3.75e-05 | 7.4 it/s | eta 282m
[member 3] step 109000/234591 (ep 1.39) | loss 3.2788 [1d:3.291 1w:3.266 1m:3.276 6m:3.321] | lr 3.75e-05 | 7.4 it/s | eta 281m
[member 3] step 109100/234591 (ep 1.40) | loss 3.2778 [1d:3.300 1w:3.258 1m:3.269 6m:3.303] | lr 3.75e-05 | 7.4 it/s | eta 281m
[member 3] step 109200/234591 (ep 1.40) | loss 3.2840 [1d:3.297 1w:3.275 1m:3.259 6m:3.380] | lr 3.75e-05 | 7.4 it/s | eta 281m
[member 3] step 109300/234591 (ep 1.40) | loss 3.2765 [1d:3.289 1w:3.263 1m:3.272 6m:3.351] | lr 3.75e-05 | 7.4 it/s | eta 280m
[member 3] step 109400/234591 (ep 1.40) | loss 3.2777 [1d:3.292 1w:3.268 1m:3.246 6m:3.381] | lr 3.75e-05 | 7.5 it/s | eta 280m
[member 3] step 109500/234591 (ep 1.40) | loss 3.2791 [1d:3.290 1w:3.267 1m:3.269 6m:3.371] | lr 3.75e-05 | 7.5 it/s | eta 280m
[member 3] step 109600/234591 (ep 1.40) | loss 3.2781 [1d:3.294 1w:3.259 1m:3.279 6m:3.373] | lr 3.75e-05 | 7.5 it/s | eta 279m
[member 3] step 109700/234591 (ep 1.40) | loss 3.2885 [1d:3.302 1w:3.273 1m:3.293 6m:3.306] | lr 3.75e-05 | 7.5 it/s | eta 279m
[member 3] step 109800/234591 (ep 1.40) | loss 3.2730 [1d:3.286 1w:3.263 1m:3.256 6m:3.290] | lr 3.75e-05 | 7.5 it/s | eta 279m
[member 3] step 109900/234591 (ep 1.41) | loss 3.2785 [1d:3.295 1w:3.268 1m:3.247 6m:3.318] | lr 3.75e-05 | 7.5 it/s | eta 278m
[member 3] step 110000/234591 (ep 1.41) | loss 3.2780 [1d:3.294 1w:3.270 1m:3.242 6m:3.273] | lr 3.75e-05 | 7.5 it/s | eta 278m
[member 3] EVAL step 110000 (ep 1.41) | stop-score +3.770 (smoothed +3.325, best +5.080) | t1d +2.57/125d t1w +2.76/121d | cal_ce 3.4108 (36408 rows) | base 3.4251 BEAT | raw_tag0 3.4499 | lr_scale 0.125 | no-improve 19/20
[member 3] step 110100/234591 (ep 1.41) | loss 3.2855 [1d:3.299 1w:3.273 1m:3.273 6m:3.343] | lr 3.75e-05 | 7.5 it/s | eta 278m
[member 3] step 110200/234591 (ep 1.41) | loss 3.2791 [1d:3.296 1w:3.263 1m:3.266 6m:3.340] | lr 3.75e-05 | 7.5 it/s | eta 278m
[member 3] step 110300/234591 (ep 1.41) | loss 3.2804 [1d:3.300 1w:3.265 1m:3.261 6m:3.295] | lr 3.75e-05 | 7.5 it/s | eta 278m
[member 3] step 110400/234591 (ep 1.41) | loss 3.2844 [1d:3.296 1w:3.278 1m:3.250 6m:3.365] | lr 3.75e-05 | 7.5 it/s | eta 277m
[member 3] step 110500/234591 (ep 1.41) | loss 3.2846 [1d:3.298 1w:3.271 1m:3.276 6m:3.333] | lr 3.75e-05 | 7.5 it/s | eta 277m
[member 3] step 110600/234591 (ep 1.41) | loss 3.2781 [1d:3.293 1w:3.265 1m:3.267 6m:3.275] | lr 3.75e-05 | 7.5 it/s | eta 277m
[member 3] step 110700/234591 (ep 1.42) | loss 3.2828 [1d:3.301 1w:3.271 1m:3.254 6m:3.296] | lr 3.75e-05 | 7.5 it/s | eta 276m
[member 3] step 110800/234591 (ep 1.42) | loss 3.2793 [1d:3.294 1w:3.268 1m:3.263 6m:3.329] | lr 3.75e-05 | 7.5 it/s | eta 276m
[member 3] step 110900/234591 (ep 1.42) | loss 3.2684 [1d:3.286 1w:3.255 1m:3.249 6m:3.304] | lr 3.75e-05 | 7.5 it/s | eta 276m
[member 3] step 111000/234591 (ep 1.42) | loss 3.2702 [1d:3.287 1w:3.256 1m:3.252 6m:3.338] | lr 3.75e-05 | 7.5 it/s | eta 275m
[member 3] step 111100/234591 (ep 1.42) | loss 3.2679 [1d:3.278 1w:3.259 1m:3.257 6m:3.324] | lr 3.75e-05 | 7.5 it/s | eta 275m
[member 3] step 111200/234591 (ep 1.42) | loss 3.2789 [1d:3.291 1w:3.268 1m:3.261 6m:3.381] | lr 3.75e-05 | 7.5 it/s | eta 275m
[member 3] step 111300/234591 (ep 1.42) | loss 3.2641 [1d:3.280 1w:3.243 1m:3.268 6m:3.359] | lr 3.75e-05 | 7.5 it/s | eta 274m
[member 3] step 111400/234591 (ep 1.42) | loss 3.2746 [1d:3.287 1w:3.262 1m:3.268 6m:3.331] | lr 3.75e-05 | 7.5 it/s | eta 274m
[member 3] step 111500/234591 (ep 1.43) | loss 3.2739 [1d:3.289 1w:3.258 1m:3.270 6m:3.320] | lr 3.75e-05 | 7.5 it/s | eta 274m
[member 3] step 111600/234591 (ep 1.43) | loss 3.2761 [1d:3.283 1w:3.268 1m:3.267 6m:3.377] | lr 3.75e-05 | 7.5 it/s | eta 273m
[member 3] step 111700/234591 (ep 1.43) | loss 3.2718 [1d:3.285 1w:3.261 1m:3.251 6m:3.321] | lr 3.75e-05 | 7.5 it/s | eta 273m
[member 3] step 111800/234591 (ep 1.43) | loss 3.2678 [1d:3.284 1w:3.257 1m:3.238 6m:3.340] | lr 3.75e-05 | 7.5 it/s | eta 273m
[member 3] step 111900/234591 (ep 1.43) | loss 3.2712 [1d:3.293 1w:3.255 1m:3.240 6m:3.330] | lr 3.75e-05 | 7.5 it/s | eta 272m
[member 3] step 112000/234591 (ep 1.43) | loss 3.2718 [1d:3.293 1w:3.254 1m:3.255 6m:3.306] | lr 3.75e-05 | 7.5 it/s | eta 272m
[member 3] step 112100/234591 (ep 1.43) | loss 3.2823 [1d:3.292 1w:3.274 1m:3.267 6m:3.352] | lr 3.75e-05 | 7.5 it/s | eta 272m
[member 3] step 112200/234591 (ep 1.43) | loss 3.2869 [1d:3.298 1w:3.276 1m:3.282 6m:3.320] | lr 3.75e-05 | 7.5 it/s | eta 271m
[member 3] step 112300/234591 (ep 1.44) | loss 3.2766 [1d:3.295 1w:3.263 1m:3.252 6m:3.294] | lr 3.75e-05 | 7.5 it/s | eta 271m
[member 3] step 112400/234591 (ep 1.44) | loss 3.2749 [1d:3.283 1w:3.264 1m:3.284 6m:3.284] | lr 3.75e-05 | 7.5 it/s | eta 271m
[member 3] step 112500/234591 (ep 1.44) | loss 3.2779 [1d:3.294 1w:3.263 1m:3.262 6m:3.345] | lr 3.75e-05 | 7.5 it/s | eta 271m
[member 3] step 112600/234591 (ep 1.44) | loss 3.2815 [1d:3.295 1w:3.269 1m:3.261 6m:3.389] | lr 3.75e-05 | 7.5 it/s | eta 270m
[member 3] step 112700/234591 (ep 1.44) | loss 3.2754 [1d:3.287 1w:3.268 1m:3.243 6m:3.355] | lr 3.75e-05 | 7.5 it/s | eta 270m
[member 3] step 112800/234591 (ep 1.44) | loss 3.2821 [1d:3.295 1w:3.272 1m:3.259 6m:3.350] | lr 3.75e-05 | 7.5 it/s | eta 270m
[member 3] step 112900/234591 (ep 1.44) | loss 3.2781 [1d:3.289 1w:3.264 1m:3.285 6m:3.306] | lr 3.75e-05 | 7.5 it/s | eta 269m
[member 3] step 113000/234591 (ep 1.45) | loss 3.2748 [1d:3.289 1w:3.266 1m:3.253 6m:3.270] | lr 3.75e-05 | 7.5 it/s | eta 269m
[member 3] step 113100/234591 (ep 1.45) | loss 3.2818 [1d:3.304 1w:3.264 1m:3.253 6m:3.338] | lr 3.75e-05 | 7.5 it/s | eta 269m
[member 3] step 113200/234591 (ep 1.45) | loss 3.2829 [1d:3.303 1w:3.266 1m:3.264 6m:3.296] | lr 3.75e-05 | 7.5 it/s | eta 268m
[member 3] step 113300/234591 (ep 1.45) | loss 3.2893 [1d:3.303 1w:3.277 1m:3.285 6m:3.284] | lr 3.75e-05 | 7.5 it/s | eta 268m
[member 3] step 113400/234591 (ep 1.45) | loss 3.2755 [1d:3.293 1w:3.262 1m:3.250 6m:3.328] | lr 3.75e-05 | 7.5 it/s | eta 268m
[member 3] step 113500/234591 (ep 1.45) | loss 3.2815 [1d:3.303 1w:3.259 1m:3.278 6m:3.326] | lr 3.75e-05 | 7.6 it/s | eta 267m
[member 3] step 113600/234591 (ep 1.45) | loss 3.2742 [1d:3.288 1w:3.260 1m:3.268 6m:3.321] | lr 3.75e-05 | 7.6 it/s | eta 267m
[member 3] step 113700/234591 (ep 1.45) | loss 3.2754 [1d:3.290 1w:3.259 1m:3.269 6m:3.358] | lr 3.75e-05 | 7.6 it/s | eta 267m
[member 3] step 113800/234591 (ep 1.46) | loss 3.2776 [1d:3.290 1w:3.268 1m:3.250 6m:3.388] | lr 3.75e-05 | 7.6 it/s | eta 266m
[member 3] step 113900/234591 (ep 1.46) | loss 3.2773 [1d:3.292 1w:3.268 1m:3.251 6m:3.286] | lr 3.75e-05 | 7.6 it/s | eta 266m
[member 3] step 114000/234591 (ep 1.46) | loss 3.2799 [1d:3.300 1w:3.265 1m:3.246 6m:3.331] | lr 3.75e-05 | 7.6 it/s | eta 266m
[member 3] step 114100/234591 (ep 1.46) | loss 3.2774 [1d:3.291 1w:3.270 1m:3.236 6m:3.371] | lr 3.75e-05 | 7.6 it/s | eta 265m
[member 3] step 114200/234591 (ep 1.46) | loss 3.2825 [1d:3.299 1w:3.270 1m:3.256 6m:3.320] | lr 3.75e-05 | 7.6 it/s | eta 265m
[member 3] step 114300/234591 (ep 1.46) | loss 3.2728 [1d:3.282 1w:3.266 1m:3.254 6m:3.328] | lr 3.75e-05 | 7.6 it/s | eta 265m
[member 3] step 114400/234591 (ep 1.46) | loss 3.2739 [1d:3.285 1w:3.264 1m:3.261 6m:3.319] | lr 3.75e-05 | 7.6 it/s | eta 264m
[member 3] step 114500/234591 (ep 1.46) | loss 3.2797 [1d:3.289 1w:3.272 1m:3.260 6m:3.329] | lr 3.75e-05 | 7.6 it/s | eta 264m
[member 3] step 114600/234591 (ep 1.47) | loss 3.2737 [1d:3.286 1w:3.262 1m:3.255 6m:3.341] | lr 3.75e-05 | 7.6 it/s | eta 264m
[member 3] step 114700/234591 (ep 1.47) | loss 3.2716 [1d:3.279 1w:3.268 1m:3.240 6m:3.335] | lr 3.75e-05 | 7.6 it/s | eta 263m
[member 3] step 114800/234591 (ep 1.47) | loss 3.2750 [1d:3.290 1w:3.263 1m:3.252 6m:3.318] | lr 3.75e-05 | 7.6 it/s | eta 263m
[member 3] step 114900/234591 (ep 1.47) | loss 3.2790 [1d:3.292 1w:3.270 1m:3.257 6m:3.322] | lr 3.75e-05 | 7.6 it/s | eta 263m
[member 3] step 115000/234591 (ep 1.47) | loss 3.2794 [1d:3.294 1w:3.269 1m:3.256 6m:3.336] | lr 3.75e-05 | 7.6 it/s | eta 263m
[member 3] LR DROP -> 1.87e-05 (scale 0.062) after 4 no-improve evals (train declining, cal-CE regressing)
[member 3] EVAL step 115000 (ep 1.47) | stop-score +3.330 (smoothed +3.330, best +5.080) | t1d +2.10/125d t1w +2.61/121d | cal_ce 3.4087 (36408 rows) | base 3.4251 BEAT | raw_tag0 3.4552 | lr_scale 0.062 | no-improve 20/20
[member 3] done | 115000 steps | best score +5.080 | 253.1 min
[v5] member 3 (seed 342) selection criterion = +5.0795
[v5] trained members [3, 4); checkpoints in models/v5/runs/r2. Once all 4 exist, run --forecast-only (same --seed/--members/universe) to write temperatures, artifacts, and forecasts.
[v5] done (partial run).
