[v5] device=cuda | visible GPUs=1 | current=cuda:0 (NVIDIA GeForce RTX 5090)
[v5] building frames for 7597 tickers ...
[v5] usable frames: 7094
[v5] eval_mode=time eval_tickers=0 val_tickers=0
[v5] scaler fit on 23948324 train rows
[v5] era-proxy audit (|rho|>0.2): none
[v5] class rates [train] (down/neutral/up): 1d:[0.21, 0.58, 0.21]  1w:[0.21, 0.57, 0.22]  1m:[0.21, 0.54, 0.24]  6m:[0.22, 0.51, 0.26]
[v5] class rates [val] (down/neutral/up): 1d:[0.21, 0.59, 0.21]  1w:[0.22, 0.56, 0.22]  1m:[0.23, 0.53, 0.23]  6m:[0.23, 0.52, 0.25]
[v5] class rates [oos] (down/neutral/up): 1d:[0.21, 0.58, 0.21]  1w:[0.21, 0.56, 0.23]  1m:[0.22, 0.53, 0.25]  6m:[0.23, 0.46, 0.31]
[v5] train windows: 23105132 | val windows (subsampled): 1000000 | eval tickers: 4992
[v5] schedule | 90255 steps/epoch | budget 1805100 steps (~20.0 ep) | t_max 1805100 | eval every 10000 steps | patience 10 (~100000 steps no-improve) | workers 8 | members [1, 2)
[v5] val constant-marginal baseline CE = 3.5478 (model must beat this to be learning anything conditional)
[member 1] start | 23105132 train / 1000000 val windows | 90255 steps/epoch | eval every 10000 steps | max 1805100 steps | patience 10
[member 1] step 100/1805100 (ep 0.00) | loss 4.1625 | lr 3.00e-05 | 7.5 it/s | eta 4013m
[member 1] step 200/1805100 (ep 0.00) | loss 3.6688 | lr 6.00e-05 | 9.4 it/s | eta 3202m
[member 1] step 300/1805100 (ep 0.00) | loss 3.5393 | lr 9.00e-05 | 10.3 it/s | eta 2934m
[member 1] step 400/1805100 (ep 0.00) | loss 3.5155 | lr 1.20e-04 | 10.7 it/s | eta 2807m
[member 1] step 500/1805100 (ep 0.01) | loss 3.5002 | lr 1.50e-04 | 11.0 it/s | eta 2728m
[member 1] step 600/1805100 (ep 0.01) | loss 3.5001 | lr 1.80e-04 | 11.2 it/s | eta 2678m
[member 1] step 700/1805100 (ep 0.01) | loss 3.4982 | lr 2.10e-04 | 11.4 it/s | eta 2638m
[member 1] step 800/1805100 (ep 0.01) | loss 3.4887 | lr 2.40e-04 | 11.5 it/s | eta 2606m
[member 1] step 900/1805100 (ep 0.01) | loss 3.4930 | lr 2.70e-04 | 11.6 it/s | eta 2585m
[member 1] step 1000/1805100 (ep 0.01) | loss 3.4846 | lr 3.00e-04 | 11.7 it/s | eta 2568m
[member 1] step 1100/1805100 (ep 0.01) | loss 3.4867 | lr 3.00e-04 | 11.8 it/s | eta 2555m
[member 1] step 1200/1805100 (ep 0.01) | loss 3.4790 | lr 3.00e-04 | 11.8 it/s | eta 2544m
[member 1] step 1300/1805100 (ep 0.01) | loss 3.4754 | lr 3.00e-04 | 11.9 it/s | eta 2536m
[member 1] step 1400/1805100 (ep 0.02) | loss 3.4728 | lr 3.00e-04 | 11.9 it/s | eta 2528m
[member 1] step 1500/1805100 (ep 0.02) | loss 3.4666 | lr 3.00e-04 | 11.9 it/s | eta 2522m
[member 1] step 1600/1805100 (ep 0.02) | loss 3.4612 | lr 3.00e-04 | 11.9 it/s | eta 2516m
[member 1] step 1700/1805100 (ep 0.02) | loss 3.4579 | lr 3.00e-04 | 12.0 it/s | eta 2511m
[member 1] step 1800/1805100 (ep 0.02) | loss 3.4492 | lr 3.00e-04 | 12.0 it/s | eta 2507m
[member 1] step 1900/1805100 (ep 0.02) | loss 3.4427 | lr 3.00e-04 | 12.0 it/s | eta 2503m
[member 1] step 2000/1805100 (ep 0.02) | loss 3.4442 | lr 3.00e-04 | 12.0 it/s | eta 2498m
[member 1] step 2100/1805100 (ep 0.02) | loss 3.4405 | lr 3.00e-04 | 12.1 it/s | eta 2492m
[member 1] step 2200/1805100 (ep 0.02) | loss 3.4312 | lr 3.00e-04 | 12.1 it/s | eta 2489m
[member 1] step 2300/1805100 (ep 0.03) | loss 3.4320 | lr 3.00e-04 | 12.1 it/s | eta 2486m
[member 1] step 2400/1805100 (ep 0.03) | loss 3.4303 | lr 3.00e-04 | 12.1 it/s | eta 2483m
[member 1] step 2500/1805100 (ep 0.03) | loss 3.4291 | lr 3.00e-04 | 12.1 it/s | eta 2481m
[member 1] step 2600/1805100 (ep 0.03) | loss 3.4251 | lr 3.00e-04 | 12.1 it/s | eta 2478m
[member 1] step 2700/1805100 (ep 0.03) | loss 3.4173 | lr 3.00e-04 | 12.1 it/s | eta 2477m
[member 1] step 2800/1805100 (ep 0.03) | loss 3.4231 | lr 3.00e-04 | 12.1 it/s | eta 2475m
[member 1] step 2900/1805100 (ep 0.03) | loss 3.4134 | lr 3.00e-04 | 12.1 it/s | eta 2473m
[member 1] step 3000/1805100 (ep 0.03) | loss 3.4120 | lr 3.00e-04 | 12.2 it/s | eta 2471m
[member 1] step 3100/1805100 (ep 0.03) | loss 3.4105 | lr 3.00e-04 | 12.2 it/s | eta 2470m
[member 1] step 3200/1805100 (ep 0.04) | loss 3.4127 | lr 3.00e-04 | 12.2 it/s | eta 2468m
[member 1] step 3300/1805100 (ep 0.04) | loss 3.4083 | lr 3.00e-04 | 12.2 it/s | eta 2466m
[member 1] step 3400/1805100 (ep 0.04) | loss 3.4056 | lr 3.00e-04 | 12.2 it/s | eta 2461m
[member 1] step 3500/1805100 (ep 0.04) | loss 3.4021 | lr 3.00e-04 | 12.2 it/s | eta 2459m
[member 1] step 3600/1805100 (ep 0.04) | loss 3.3950 | lr 3.00e-04 | 12.2 it/s | eta 2457m
[member 1] step 3700/1805100 (ep 0.04) | loss 3.3933 | lr 3.00e-04 | 12.2 it/s | eta 2455m
[member 1] step 3800/1805100 (ep 0.04) | loss 3.3918 | lr 3.00e-04 | 12.2 it/s | eta 2454m
[member 1] step 3900/1805100 (ep 0.04) | loss 3.3980 | lr 3.00e-04 | 12.2 it/s | eta 2452m
[member 1] step 4000/1805100 (ep 0.04) | loss 3.3950 | lr 3.00e-04 | 12.3 it/s | eta 2450m
[member 1] step 4100/1805100 (ep 0.05) | loss 3.3981 | lr 3.00e-04 | 12.3 it/s | eta 2449m
[member 1] step 4200/1805100 (ep 0.05) | loss 3.3936 | lr 3.00e-04 | 12.3 it/s | eta 2447m
[member 1] step 4300/1805100 (ep 0.05) | loss 3.3945 | lr 3.00e-04 | 12.3 it/s | eta 2445m
[member 1] step 4400/1805100 (ep 0.05) | loss 3.3885 | lr 3.00e-04 | 12.3 it/s | eta 2444m
[member 1] step 4500/1805100 (ep 0.05) | loss 3.3860 | lr 3.00e-04 | 12.3 it/s | eta 2443m
[member 1] step 4600/1805100 (ep 0.05) | loss 3.3815 | lr 3.00e-04 | 12.3 it/s | eta 2441m
[member 1] step 4700/1805100 (ep 0.05) | loss 3.3854 | lr 3.00e-04 | 12.3 it/s | eta 2440m
[member 1] step 4800/1805100 (ep 0.05) | loss 3.3815 | lr 3.00e-04 | 12.3 it/s | eta 2438m
[member 1] step 4900/1805100 (ep 0.05) | loss 3.3834 | lr 3.00e-04 | 12.3 it/s | eta 2437m
[member 1] step 5000/1805100 (ep 0.06) | loss 3.3818 | lr 3.00e-04 | 12.3 it/s | eta 2436m
[member 1] step 5100/1805100 (ep 0.06) | loss 3.3794 | lr 3.00e-04 | 12.3 it/s | eta 2435m
[member 1] step 5200/1805100 (ep 0.06) | loss 3.3802 | lr 3.00e-04 | 12.3 it/s | eta 2434m
[member 1] step 5300/1805100 (ep 0.06) | loss 3.3845 | lr 3.00e-04 | 12.3 it/s | eta 2433m
[member 1] step 5400/1805100 (ep 0.06) | loss 3.3683 | lr 3.00e-04 | 12.3 it/s | eta 2432m
[member 1] step 5500/1805100 (ep 0.06) | loss 3.3678 | lr 3.00e-04 | 12.3 it/s | eta 2431m
[member 1] step 5600/1805100 (ep 0.06) | loss 3.3668 | lr 3.00e-04 | 12.3 it/s | eta 2430m
[member 1] step 5700/1805100 (ep 0.06) | loss 3.3631 | lr 3.00e-04 | 12.3 it/s | eta 2429m
[member 1] step 5800/1805100 (ep 0.06) | loss 3.3678 | lr 3.00e-04 | 12.3 it/s | eta 2428m
[member 1] step 5900/1805100 (ep 0.07) | loss 3.3657 | lr 3.00e-04 | 12.4 it/s | eta 2428m
[member 1] step 6000/1805100 (ep 0.07) | loss 3.3653 | lr 3.00e-04 | 12.4 it/s | eta 2427m
[member 1] step 6100/1805100 (ep 0.07) | loss 3.3587 | lr 3.00e-04 | 12.4 it/s | eta 2427m
[member 1] step 6200/1805100 (ep 0.07) | loss 3.3620 | lr 3.00e-04 | 12.4 it/s | eta 2426m
[member 1] step 6300/1805100 (ep 0.07) | loss 3.3588 | lr 3.00e-04 | 12.4 it/s | eta 2425m
[member 1] step 6400/1805100 (ep 0.07) | loss 3.3551 | lr 3.00e-04 | 12.4 it/s | eta 2425m
[member 1] step 6500/1805100 (ep 0.07) | loss 3.3636 | lr 3.00e-04 | 12.4 it/s | eta 2424m
[member 1] step 6600/1805100 (ep 0.07) | loss 3.3526 | lr 3.00e-04 | 12.4 it/s | eta 2424m
[member 1] step 6700/1805100 (ep 0.07) | loss 3.3575 | lr 3.00e-04 | 12.4 it/s | eta 2423m
[member 1] step 6800/1805100 (ep 0.08) | loss 3.3505 | lr 3.00e-04 | 12.4 it/s | eta 2422m
[member 1] step 6900/1805100 (ep 0.08) | loss 3.3518 | lr 3.00e-04 | 12.4 it/s | eta 2422m
[member 1] step 7000/1805100 (ep 0.08) | loss 3.3495 | lr 3.00e-04 | 12.4 it/s | eta 2421m
[member 1] step 7100/1805100 (ep 0.08) | loss 3.3550 | lr 3.00e-04 | 12.4 it/s | eta 2421m
[member 1] step 7200/1805100 (ep 0.08) | loss 3.3498 | lr 3.00e-04 | 12.4 it/s | eta 2420m
[member 1] step 7300/1805100 (ep 0.08) | loss 3.3476 | lr 3.00e-04 | 12.4 it/s | eta 2419m
[member 1] step 7400/1805100 (ep 0.08) | loss 3.3499 | lr 3.00e-04 | 12.4 it/s | eta 2419m
[member 1] step 7500/1805100 (ep 0.08) | loss 3.3376 | lr 3.00e-04 | 12.4 it/s | eta 2418m
[member 1] step 7600/1805100 (ep 0.08) | loss 3.3387 | lr 3.00e-04 | 12.4 it/s | eta 2417m
[member 1] step 7700/1805100 (ep 0.09) | loss 3.3481 | lr 3.00e-04 | 12.4 it/s | eta 2417m
[member 1] step 7800/1805100 (ep 0.09) | loss 3.3480 | lr 3.00e-04 | 12.4 it/s | eta 2416m
[member 1] step 7900/1805100 (ep 0.09) | loss 3.3384 | lr 3.00e-04 | 12.4 it/s | eta 2416m
[member 1] step 8000/1805100 (ep 0.09) | loss 3.3396 | lr 3.00e-04 | 12.4 it/s | eta 2415m
[member 1] step 8100/1805100 (ep 0.09) | loss 3.3365 | lr 3.00e-04 | 12.4 it/s | eta 2415m
[member 1] step 8200/1805100 (ep 0.09) | loss 3.3360 | lr 3.00e-04 | 12.4 it/s | eta 2414m
[member 1] step 8300/1805100 (ep 0.09) | loss 3.3393 | lr 3.00e-04 | 12.4 it/s | eta 2414m
[member 1] step 8400/1805100 (ep 0.09) | loss 3.3319 | lr 3.00e-04 | 12.4 it/s | eta 2414m
[member 1] step 8500/1805100 (ep 0.09) | loss 3.3363 | lr 3.00e-04 | 12.4 it/s | eta 2413m
[member 1] step 8600/1805100 (ep 0.10) | loss 3.3305 | lr 3.00e-04 | 12.4 it/s | eta 2413m
[member 1] step 8700/1805100 (ep 0.10) | loss 3.3292 | lr 3.00e-04 | 12.4 it/s | eta 2413m
[member 1] step 8800/1805100 (ep 0.10) | loss 3.3392 | lr 3.00e-04 | 12.4 it/s | eta 2412m
[member 1] step 8900/1805100 (ep 0.10) | loss 3.3264 | lr 3.00e-04 | 12.4 it/s | eta 2412m
[member 1] step 9000/1805100 (ep 0.10) | loss 3.3292 | lr 3.00e-04 | 12.4 it/s | eta 2412m
[member 1] step 9100/1805100 (ep 0.10) | loss 3.3214 | lr 3.00e-04 | 12.4 it/s | eta 2411m
[member 1] step 9200/1805100 (ep 0.10) | loss 3.3273 | lr 3.00e-04 | 12.4 it/s | eta 2411m
[member 1] step 9300/1805100 (ep 0.10) | loss 3.3259 | lr 3.00e-04 | 12.4 it/s | eta 2410m
[member 1] step 9400/1805100 (ep 0.10) | loss 3.3258 | lr 3.00e-04 | 12.4 it/s | eta 2410m
[member 1] step 9500/1805100 (ep 0.11) | loss 3.3214 | lr 3.00e-04 | 12.4 it/s | eta 2410m
[member 1] step 9600/1805100 (ep 0.11) | loss 3.3225 | lr 3.00e-04 | 12.4 it/s | eta 2409m
[member 1] step 9700/1805100 (ep 0.11) | loss 3.3238 | lr 3.00e-04 | 12.4 it/s | eta 2409m
[member 1] step 9800/1805100 (ep 0.11) | loss 3.3192 | lr 3.00e-04 | 12.4 it/s | eta 2408m
[member 1] step 9900/1805100 (ep 0.11) | loss 3.3201 | lr 3.00e-04 | 12.4 it/s | eta 2408m
[member 1] step 10000/1805100 (ep 0.11) | loss 3.3211 | lr 3.00e-04 | 12.4 it/s | eta 2408m
[member 1] EVAL step 10000 (ep 0.11) | val_ce 3.5540 | best 3.5540 | base 3.5478 MISS | IMPROVED
[member 1] step 10100/1805100 (ep 0.11) | loss 3.3171 | lr 3.00e-04 | 10.8 it/s | eta 2768m
[member 1] step 10200/1805100 (ep 0.11) | loss 3.3205 | lr 3.00e-04 | 10.8 it/s | eta 2764m
[member 1] step 10300/1805100 (ep 0.11) | loss 3.3157 | lr 3.00e-04 | 10.8 it/s | eta 2761m
[member 1] step 10400/1805100 (ep 0.12) | loss 3.3190 | lr 3.00e-04 | 10.9 it/s | eta 2756m
[member 1] step 10500/1805100 (ep 0.12) | loss 3.3119 | lr 3.00e-04 | 10.9 it/s | eta 2752m
[member 1] step 10600/1805100 (ep 0.12) | loss 3.3103 | lr 3.00e-04 | 10.9 it/s | eta 2749m
[member 1] step 10700/1805100 (ep 0.12) | loss 3.3120 | lr 3.00e-04 | 10.9 it/s | eta 2745m
[member 1] step 10800/1805100 (ep 0.12) | loss 3.3148 | lr 3.00e-04 | 10.9 it/s | eta 2742m
[member 1] step 10900/1805100 (ep 0.12) | loss 3.3114 | lr 3.00e-04 | 10.9 it/s | eta 2738m
[member 1] step 11000/1805100 (ep 0.12) | loss 3.3106 | lr 3.00e-04 | 10.9 it/s | eta 2735m
[member 1] step 11100/1805100 (ep 0.12) | loss 3.3062 | lr 3.00e-04 | 10.9 it/s | eta 2732m
[member 1] step 11200/1805100 (ep 0.12) | loss 3.3006 | lr 3.00e-04 | 11.0 it/s | eta 2729m
[member 1] step 11300/1805100 (ep 0.13) | loss 3.3104 | lr 3.00e-04 | 11.0 it/s | eta 2726m
[member 1] step 11400/1805100 (ep 0.13) | loss 3.3034 | lr 3.00e-04 | 11.0 it/s | eta 2723m
[member 1] step 11500/1805100 (ep 0.13) | loss 3.3010 | lr 3.00e-04 | 11.0 it/s | eta 2720m
[member 1] step 11600/1805100 (ep 0.13) | loss 3.3000 | lr 3.00e-04 | 11.0 it/s | eta 2717m
[member 1] step 11700/1805100 (ep 0.13) | loss 3.2989 | lr 3.00e-04 | 11.0 it/s | eta 2714m
[member 1] step 11800/1805100 (ep 0.13) | loss 3.2989 | lr 3.00e-04 | 11.0 it/s | eta 2711m
[member 1] step 11900/1805100 (ep 0.13) | loss 3.3034 | lr 3.00e-04 | 11.0 it/s | eta 2708m
[member 1] step 12000/1805100 (ep 0.13) | loss 3.3010 | lr 3.00e-04 | 11.0 it/s | eta 2706m
[member 1] step 12100/1805100 (ep 0.13) | loss 3.2981 | lr 3.00e-04 | 11.1 it/s | eta 2703m
[member 1] step 12200/1805100 (ep 0.14) | loss 3.3022 | lr 3.00e-04 | 11.1 it/s | eta 2700m
[member 1] step 12300/1805100 (ep 0.14) | loss 3.2997 | lr 3.00e-04 | 11.1 it/s | eta 2697m
[member 1] step 12400/1805100 (ep 0.14) | loss 3.2928 | lr 3.00e-04 | 11.1 it/s | eta 2695m
[member 1] step 12500/1805100 (ep 0.14) | loss 3.2902 | lr 3.00e-04 | 11.1 it/s | eta 2692m
[member 1] step 12600/1805100 (ep 0.14) | loss 3.2910 | lr 3.00e-04 | 11.1 it/s | eta 2689m
[member 1] step 12700/1805100 (ep 0.14) | loss 3.2906 | lr 3.00e-04 | 11.1 it/s | eta 2687m
[member 1] step 12800/1805100 (ep 0.14) | loss 3.2885 | lr 3.00e-04 | 11.1 it/s | eta 2684m
[member 1] step 12900/1805100 (ep 0.14) | loss 3.2891 | lr 3.00e-04 | 11.1 it/s | eta 2682m
[member 1] step 13000/1805100 (ep 0.14) | loss 3.2913 | lr 3.00e-04 | 11.1 it/s | eta 2679m
[member 1] step 13100/1805100 (ep 0.15) | loss 3.2880 | lr 3.00e-04 | 11.2 it/s | eta 2677m
[member 1] step 13200/1805100 (ep 0.15) | loss 3.2897 | lr 3.00e-04 | 11.2 it/s | eta 2674m
[member 1] step 13300/1805100 (ep 0.15) | loss 3.2827 | lr 3.00e-04 | 11.2 it/s | eta 2672m
[member 1] step 13400/1805100 (ep 0.15) | loss 3.2820 | lr 3.00e-04 | 11.2 it/s | eta 2670m
[member 1] step 13500/1805100 (ep 0.15) | loss 3.2839 | lr 3.00e-04 | 11.2 it/s | eta 2667m
[member 1] step 13600/1805100 (ep 0.15) | loss 3.2810 | lr 3.00e-04 | 11.2 it/s | eta 2665m
[member 1] step 13700/1805100 (ep 0.15) | loss 3.2800 | lr 3.00e-04 | 11.2 it/s | eta 2663m
[member 1] step 13800/1805100 (ep 0.15) | loss 3.2785 | lr 3.00e-04 | 11.2 it/s | eta 2661m
[member 1] step 13900/1805100 (ep 0.15) | loss 3.2832 | lr 3.00e-04 | 11.2 it/s | eta 2659m
[member 1] step 14000/1805100 (ep 0.16) | loss 3.2793 | lr 3.00e-04 | 11.2 it/s | eta 2656m
[member 1] step 14100/1805100 (ep 0.16) | loss 3.2766 | lr 3.00e-04 | 11.2 it/s | eta 2654m
[member 1] step 14200/1805100 (ep 0.16) | loss 3.2804 | lr 3.00e-04 | 11.3 it/s | eta 2652m
[member 1] step 14300/1805100 (ep 0.16) | loss 3.2817 | lr 3.00e-04 | 11.3 it/s | eta 2650m
[member 1] step 14400/1805100 (ep 0.16) | loss 3.2750 | lr 3.00e-04 | 11.3 it/s | eta 2648m
[member 1] step 14500/1805100 (ep 0.16) | loss 3.2704 | lr 3.00e-04 | 11.3 it/s | eta 2646m
[member 1] step 14600/1805100 (ep 0.16) | loss 3.2774 | lr 3.00e-04 | 11.3 it/s | eta 2644m
[member 1] step 14700/1805100 (ep 0.16) | loss 3.2728 | lr 3.00e-04 | 11.3 it/s | eta 2642m
[member 1] step 14800/1805100 (ep 0.16) | loss 3.2722 | lr 3.00e-04 | 11.3 it/s | eta 2640m
[member 1] step 14900/1805100 (ep 0.17) | loss 3.2678 | lr 3.00e-04 | 11.3 it/s | eta 2638m
[member 1] step 15000/1805100 (ep 0.17) | loss 3.2699 | lr 3.00e-04 | 11.3 it/s | eta 2637m
[member 1] step 15100/1805100 (ep 0.17) | loss 3.2673 | lr 3.00e-04 | 11.3 it/s | eta 2635m
[member 1] step 15200/1805100 (ep 0.17) | loss 3.2642 | lr 3.00e-04 | 11.3 it/s | eta 2633m
[member 1] step 15300/1805100 (ep 0.17) | loss 3.2641 | lr 3.00e-04 | 11.3 it/s | eta 2632m
[member 1] step 15400/1805100 (ep 0.17) | loss 3.2663 | lr 3.00e-04 | 11.3 it/s | eta 2630m
[member 1] step 15500/1805100 (ep 0.17) | loss 3.2629 | lr 3.00e-04 | 11.3 it/s | eta 2628m
[member 1] step 15600/1805100 (ep 0.17) | loss 3.2665 | lr 3.00e-04 | 11.4 it/s | eta 2626m
[member 1] step 15700/1805100 (ep 0.17) | loss 3.2607 | lr 3.00e-04 | 11.4 it/s | eta 2624m
[member 1] step 15800/1805100 (ep 0.18) | loss 3.2606 | lr 3.00e-04 | 11.4 it/s | eta 2623m
[member 1] step 15900/1805100 (ep 0.18) | loss 3.2527 | lr 3.00e-04 | 11.4 it/s | eta 2621m
[member 1] step 16000/1805100 (ep 0.18) | loss 3.2544 | lr 3.00e-04 | 11.4 it/s | eta 2620m
[member 1] step 16100/1805100 (ep 0.18) | loss 3.2590 | lr 3.00e-04 | 11.4 it/s | eta 2618m
[member 1] step 16200/1805100 (ep 0.18) | loss 3.2553 | lr 3.00e-04 | 11.4 it/s | eta 2616m
[member 1] step 16300/1805100 (ep 0.18) | loss 3.2503 | lr 3.00e-04 | 11.4 it/s | eta 2615m
[member 1] step 16400/1805100 (ep 0.18) | loss 3.2470 | lr 3.00e-04 | 11.4 it/s | eta 2614m
[member 1] step 16500/1805100 (ep 0.18) | loss 3.2575 | lr 3.00e-04 | 11.4 it/s | eta 2612m
[member 1] step 16600/1805100 (ep 0.18) | loss 3.2563 | lr 3.00e-04 | 11.4 it/s | eta 2611m
[member 1] step 16700/1805100 (ep 0.19) | loss 3.2481 | lr 3.00e-04 | 11.4 it/s | eta 2609m
[member 1] step 16800/1805100 (ep 0.19) | loss 3.2494 | lr 3.00e-04 | 11.4 it/s | eta 2608m
[member 1] step 16900/1805100 (ep 0.19) | loss 3.2523 | lr 3.00e-04 | 11.4 it/s | eta 2606m
[member 1] step 17000/1805100 (ep 0.19) | loss 3.2473 | lr 3.00e-04 | 11.4 it/s | eta 2605m
[member 1] step 17100/1805100 (ep 0.19) | loss 3.2474 | lr 3.00e-04 | 11.4 it/s | eta 2603m
[member 1] step 17200/1805100 (ep 0.19) | loss 3.2424 | lr 3.00e-04 | 11.5 it/s | eta 2602m
[member 1] step 17300/1805100 (ep 0.19) | loss 3.2424 | lr 3.00e-04 | 11.5 it/s | eta 2601m
[member 1] step 17400/1805100 (ep 0.19) | loss 3.2459 | lr 3.00e-04 | 11.5 it/s | eta 2599m
[member 1] step 17500/1805100 (ep 0.19) | loss 3.2464 | lr 3.00e-04 | 11.5 it/s | eta 2598m
[member 1] step 17600/1805100 (ep 0.20) | loss 3.2450 | lr 3.00e-04 | 11.5 it/s | eta 2596m
[member 1] step 17700/1805100 (ep 0.20) | loss 3.2348 | lr 3.00e-04 | 11.5 it/s | eta 2595m
[member 1] step 17800/1805100 (ep 0.20) | loss 3.2322 | lr 3.00e-04 | 11.5 it/s | eta 2594m
[member 1] step 17900/1805100 (ep 0.20) | loss 3.2317 | lr 3.00e-04 | 11.5 it/s | eta 2592m
[member 1] step 18000/1805100 (ep 0.20) | loss 3.2416 | lr 3.00e-04 | 11.5 it/s | eta 2591m
[member 1] step 18100/1805100 (ep 0.20) | loss 3.2414 | lr 3.00e-04 | 11.5 it/s | eta 2590m
[member 1] step 18200/1805100 (ep 0.20) | loss 3.2338 | lr 3.00e-04 | 11.5 it/s | eta 2589m
[member 1] step 18300/1805100 (ep 0.20) | loss 3.2330 | lr 3.00e-04 | 11.5 it/s | eta 2587m
[member 1] step 18400/1805100 (ep 0.20) | loss 3.2274 | lr 3.00e-04 | 11.5 it/s | eta 2586m
[member 1] step 18500/1805100 (ep 0.20) | loss 3.2332 | lr 3.00e-04 | 11.5 it/s | eta 2585m
[member 1] step 18600/1805100 (ep 0.21) | loss 3.2268 | lr 3.00e-04 | 11.5 it/s | eta 2583m
[member 1] step 18700/1805100 (ep 0.21) | loss 3.2195 | lr 3.00e-04 | 11.5 it/s | eta 2582m
[member 1] step 18800/1805100 (ep 0.21) | loss 3.2269 | lr 3.00e-04 | 11.5 it/s | eta 2581m
[member 1] step 18900/1805100 (ep 0.21) | loss 3.2311 | lr 3.00e-04 | 11.5 it/s | eta 2580m
[member 1] step 19000/1805100 (ep 0.21) | loss 3.2269 | lr 3.00e-04 | 11.5 it/s | eta 2579m
[member 1] step 19100/1805100 (ep 0.21) | loss 3.2219 | lr 3.00e-04 | 11.5 it/s | eta 2578m
[member 1] step 19200/1805100 (ep 0.21) | loss 3.2254 | lr 3.00e-04 | 11.6 it/s | eta 2577m
[member 1] step 19300/1805100 (ep 0.21) | loss 3.2247 | lr 3.00e-04 | 11.6 it/s | eta 2576m
[member 1] step 19400/1805100 (ep 0.21) | loss 3.2204 | lr 3.00e-04 | 11.6 it/s | eta 2574m
[member 1] step 19500/1805100 (ep 0.22) | loss 3.2174 | lr 3.00e-04 | 11.6 it/s | eta 2573m
[member 1] step 19600/1805100 (ep 0.22) | loss 3.2214 | lr 3.00e-04 | 11.6 it/s | eta 2572m
[member 1] step 19700/1805100 (ep 0.22) | loss 3.2170 | lr 3.00e-04 | 11.6 it/s | eta 2571m
[member 1] step 19800/1805100 (ep 0.22) | loss 3.2192 | lr 3.00e-04 | 11.6 it/s | eta 2570m
[member 1] step 19900/1805100 (ep 0.22) | loss 3.2133 | lr 3.00e-04 | 11.6 it/s | eta 2569m
[member 1] step 20000/1805100 (ep 0.22) | loss 3.2136 | lr 3.00e-04 | 11.6 it/s | eta 2568m
[member 1] EVAL step 20000 (ep 0.22) | val_ce 3.6816 | best 3.5540 | base 3.5478 MISS | no-improve 1/10
[member 1] step 20100/1805100 (ep 0.22) | loss 3.2095 | lr 3.00e-04 | 10.8 it/s | eta 2751m
[member 1] step 20200/1805100 (ep 0.22) | loss 3.2129 | lr 3.00e-04 | 10.8 it/s | eta 2748m
[member 1] step 20300/1805100 (ep 0.22) | loss 3.2172 | lr 3.00e-04 | 10.8 it/s | eta 2747m
[member 1] step 20400/1805100 (ep 0.23) | loss 3.2098 | lr 3.00e-04 | 10.8 it/s | eta 2745m
[member 1] step 20500/1805100 (ep 0.23) | loss 3.2160 | lr 3.00e-04 | 10.8 it/s | eta 2743m
[member 1] step 20600/1805100 (ep 0.23) | loss 3.2157 | lr 3.00e-04 | 10.9 it/s | eta 2741m
[member 1] step 20700/1805100 (ep 0.23) | loss 3.2041 | lr 3.00e-04 | 10.9 it/s | eta 2739m
[member 1] step 20800/1805100 (ep 0.23) | loss 3.2042 | lr 3.00e-04 | 10.9 it/s | eta 2737m
[member 1] step 20900/1805100 (ep 0.23) | loss 3.2074 | lr 3.00e-04 | 10.9 it/s | eta 2736m
[member 1] step 21000/1805100 (ep 0.23) | loss 3.2066 | lr 3.00e-04 | 10.9 it/s | eta 2734m
[member 1] step 21100/1805100 (ep 0.23) | loss 3.2053 | lr 3.00e-04 | 10.9 it/s | eta 2732m
[member 1] step 21200/1805100 (ep 0.23) | loss 3.2064 | lr 3.00e-04 | 10.9 it/s | eta 2730m
[member 1] step 21300/1805100 (ep 0.24) | loss 3.1988 | lr 3.00e-04 | 10.9 it/s | eta 2729m
[member 1] step 21400/1805100 (ep 0.24) | loss 3.1969 | lr 3.00e-04 | 10.9 it/s | eta 2727m
[member 1] step 21500/1805100 (ep 0.24) | loss 3.2038 | lr 3.00e-04 | 10.9 it/s | eta 2725m
[member 1] step 21600/1805100 (ep 0.24) | loss 3.2072 | lr 3.00e-04 | 10.9 it/s | eta 2723m
[member 1] step 21700/1805100 (ep 0.24) | loss 3.2066 | lr 3.00e-04 | 10.9 it/s | eta 2721m
[member 1] step 21800/1805100 (ep 0.24) | loss 3.2023 | lr 3.00e-04 | 10.9 it/s | eta 2720m
[member 1] step 21900/1805100 (ep 0.24) | loss 3.1985 | lr 3.00e-04 | 10.9 it/s | eta 2718m
[member 1] step 22000/1805100 (ep 0.24) | loss 3.2026 | lr 3.00e-04 | 10.9 it/s | eta 2716m
[member 1] step 22100/1805100 (ep 0.24) | loss 3.1980 | lr 3.00e-04 | 10.9 it/s | eta 2715m
[member 1] step 22200/1805100 (ep 0.25) | loss 3.1974 | lr 3.00e-04 | 11.0 it/s | eta 2713m
[member 1] step 22300/1805100 (ep 0.25) | loss 3.1901 | lr 3.00e-04 | 11.0 it/s | eta 2711m
[member 1] step 22400/1805100 (ep 0.25) | loss 3.1948 | lr 3.00e-04 | 11.0 it/s | eta 2710m
[member 1] step 22500/1805100 (ep 0.25) | loss 3.1911 | lr 3.00e-04 | 11.0 it/s | eta 2708m
[member 1] step 22600/1805100 (ep 0.25) | loss 3.1837 | lr 3.00e-04 | 11.0 it/s | eta 2706m
[member 1] step 22700/1805100 (ep 0.25) | loss 3.1962 | lr 3.00e-04 | 11.0 it/s | eta 2705m
[member 1] step 22800/1805100 (ep 0.25) | loss 3.1967 | lr 3.00e-04 | 11.0 it/s | eta 2703m
[member 1] step 22900/1805100 (ep 0.25) | loss 3.1946 | lr 3.00e-04 | 11.0 it/s | eta 2702m
[member 1] step 23000/1805100 (ep 0.25) | loss 3.1970 | lr 3.00e-04 | 11.0 it/s | eta 2700m
[member 1] step 23100/1805100 (ep 0.26) | loss 3.1895 | lr 3.00e-04 | 11.0 it/s | eta 2699m
[member 1] step 23200/1805100 (ep 0.26) | loss 3.1809 | lr 3.00e-04 | 11.0 it/s | eta 2697m
[member 1] step 23300/1805100 (ep 0.26) | loss 3.1854 | lr 3.00e-04 | 11.0 it/s | eta 2695m
[member 1] step 23400/1805100 (ep 0.26) | loss 3.1839 | lr 3.00e-04 | 11.0 it/s | eta 2694m
[member 1] step 23500/1805100 (ep 0.26) | loss 3.1911 | lr 3.00e-04 | 11.0 it/s | eta 2693m
[member 1] step 23600/1805100 (ep 0.26) | loss 3.1830 | lr 3.00e-04 | 11.0 it/s | eta 2691m
[member 1] step 23700/1805100 (ep 0.26) | loss 3.1856 | lr 3.00e-04 | 11.0 it/s | eta 2690m
[member 1] step 23800/1805100 (ep 0.26) | loss 3.1762 | lr 3.00e-04 | 11.0 it/s | eta 2688m
[member 1] step 23900/1805100 (ep 0.26) | loss 3.1855 | lr 3.00e-04 | 11.0 it/s | eta 2687m
[member 1] step 24000/1805100 (ep 0.27) | loss 3.1787 | lr 3.00e-04 | 11.1 it/s | eta 2685m
[member 1] step 24100/1805100 (ep 0.27) | loss 3.1875 | lr 3.00e-04 | 11.1 it/s | eta 2684m
[member 1] step 24200/1805100 (ep 0.27) | loss 3.1866 | lr 3.00e-04 | 11.1 it/s | eta 2683m
[member 1] step 24300/1805100 (ep 0.27) | loss 3.1843 | lr 3.00e-04 | 11.1 it/s | eta 2681m
[member 1] step 24400/1805100 (ep 0.27) | loss 3.1789 | lr 3.00e-04 | 11.1 it/s | eta 2680m
[member 1] step 24500/1805100 (ep 0.27) | loss 3.1839 | lr 3.00e-04 | 11.1 it/s | eta 2678m
[member 1] step 24600/1805100 (ep 0.27) | loss 3.1810 | lr 3.00e-04 | 11.1 it/s | eta 2677m
[member 1] step 24700/1805100 (ep 0.27) | loss 3.1802 | lr 3.00e-04 | 11.1 it/s | eta 2675m
[member 1] step 24800/1805100 (ep 0.27) | loss 3.1752 | lr 3.00e-04 | 11.1 it/s | eta 2674m
[member 1] step 24900/1805100 (ep 0.28) | loss 3.1725 | lr 3.00e-04 | 11.1 it/s | eta 2673m
[member 1] step 25000/1805100 (ep 0.28) | loss 3.1778 | lr 3.00e-04 | 11.1 it/s | eta 2671m
[member 1] step 25100/1805100 (ep 0.28) | loss 3.1729 | lr 3.00e-04 | 11.1 it/s | eta 2670m
[member 1] step 25200/1805100 (ep 0.28) | loss 3.1740 | lr 3.00e-04 | 11.1 it/s | eta 2669m
[member 1] step 25300/1805100 (ep 0.28) | loss 3.1740 | lr 3.00e-04 | 11.1 it/s | eta 2668m
[member 1] step 25400/1805100 (ep 0.28) | loss 3.1713 | lr 3.00e-04 | 11.1 it/s | eta 2666m
[member 1] step 25500/1805100 (ep 0.28) | loss 3.1620 | lr 3.00e-04 | 11.1 it/s | eta 2665m
[member 1] step 25600/1805100 (ep 0.28) | loss 3.1625 | lr 3.00e-04 | 11.1 it/s | eta 2664m
[member 1] step 25700/1805100 (ep 0.28) | loss 3.1641 | lr 3.00e-04 | 11.1 it/s | eta 2663m
[member 1] step 25800/1805100 (ep 0.29) | loss 3.1741 | lr 3.00e-04 | 11.1 it/s | eta 2661m
[member 1] step 25900/1805100 (ep 0.29) | loss 3.1697 | lr 3.00e-04 | 11.1 it/s | eta 2660m
[member 1] step 26000/1805100 (ep 0.29) | loss 3.1632 | lr 3.00e-04 | 11.2 it/s | eta 2659m
[member 1] step 26100/1805100 (ep 0.29) | loss 3.1649 | lr 3.00e-04 | 11.2 it/s | eta 2658m
[member 1] step 26200/1805100 (ep 0.29) | loss 3.1648 | lr 3.00e-04 | 11.2 it/s | eta 2657m
[member 1] step 26300/1805100 (ep 0.29) | loss 3.1725 | lr 3.00e-04 | 11.2 it/s | eta 2656m
[member 1] step 26400/1805100 (ep 0.29) | loss 3.1668 | lr 3.00e-04 | 11.2 it/s | eta 2654m
[member 1] step 26500/1805100 (ep 0.29) | loss 3.1588 | lr 3.00e-04 | 11.2 it/s | eta 2653m
[member 1] step 26600/1805100 (ep 0.29) | loss 3.1641 | lr 3.00e-04 | 11.2 it/s | eta 2652m
[member 1] step 26700/1805100 (ep 0.30) | loss 3.1634 | lr 3.00e-04 | 11.2 it/s | eta 2651m
[member 1] step 26800/1805100 (ep 0.30) | loss 3.1673 | lr 3.00e-04 | 11.2 it/s | eta 2650m
[member 1] step 26900/1805100 (ep 0.30) | loss 3.1592 | lr 3.00e-04 | 11.2 it/s | eta 2648m
[member 1] step 27000/1805100 (ep 0.30) | loss 3.1670 | lr 3.00e-04 | 11.2 it/s | eta 2647m
[member 1] step 27100/1805100 (ep 0.30) | loss 3.1666 | lr 3.00e-04 | 11.2 it/s | eta 2646m
[member 1] step 27200/1805100 (ep 0.30) | loss 3.1617 | lr 3.00e-04 | 11.2 it/s | eta 2645m
[member 1] step 27300/1805100 (ep 0.30) | loss 3.1580 | lr 3.00e-04 | 11.2 it/s | eta 2644m
[member 1] step 27400/1805100 (ep 0.30) | loss 3.1502 | lr 3.00e-04 | 11.2 it/s | eta 2643m
[member 1] step 27500/1805100 (ep 0.30) | loss 3.1581 | lr 3.00e-04 | 11.2 it/s | eta 2642m
[member 1] step 27600/1805100 (ep 0.31) | loss 3.1569 | lr 3.00e-04 | 11.2 it/s | eta 2641m
[member 1] step 27700/1805100 (ep 0.31) | loss 3.1616 | lr 3.00e-04 | 11.2 it/s | eta 2640m
[member 1] step 27800/1805100 (ep 0.31) | loss 3.1614 | lr 3.00e-04 | 11.2 it/s | eta 2638m
[member 1] step 27900/1805100 (ep 0.31) | loss 3.1597 | lr 3.00e-04 | 11.2 it/s | eta 2637m
[member 1] step 28000/1805100 (ep 0.31) | loss 3.1621 | lr 3.00e-04 | 11.2 it/s | eta 2636m
[member 1] step 28100/1805100 (ep 0.31) | loss 3.1514 | lr 3.00e-04 | 11.2 it/s | eta 2635m
[member 1] step 28200/1805100 (ep 0.31) | loss 3.1601 | lr 3.00e-04 | 11.2 it/s | eta 2634m
[member 1] step 28300/1805100 (ep 0.31) | loss 3.1517 | lr 3.00e-04 | 11.2 it/s | eta 2633m
[member 1] step 28400/1805100 (ep 0.31) | loss 3.1476 | lr 3.00e-04 | 11.3 it/s | eta 2632m
[member 1] step 28500/1805100 (ep 0.32) | loss 3.1472 | lr 3.00e-04 | 11.3 it/s | eta 2631m
[member 1] step 28600/1805100 (ep 0.32) | loss 3.1488 | lr 3.00e-04 | 11.3 it/s | eta 2629m
[member 1] step 28700/1805100 (ep 0.32) | loss 3.1593 | lr 3.00e-04 | 11.3 it/s | eta 2628m
[member 1] step 28800/1805100 (ep 0.32) | loss 3.1499 | lr 3.00e-04 | 11.3 it/s | eta 2627m
[member 1] step 28900/1805100 (ep 0.32) | loss 3.1502 | lr 3.00e-04 | 11.3 it/s | eta 2626m
[member 1] step 29000/1805100 (ep 0.32) | loss 3.1474 | lr 3.00e-04 | 11.3 it/s | eta 2625m
[member 1] step 29100/1805100 (ep 0.32) | loss 3.1465 | lr 3.00e-04 | 11.3 it/s | eta 2624m
[member 1] step 29200/1805100 (ep 0.32) | loss 3.1491 | lr 3.00e-04 | 11.3 it/s | eta 2623m
[member 1] step 29300/1805100 (ep 0.32) | loss 3.1512 | lr 3.00e-04 | 11.3 it/s | eta 2622m
[member 1] step 29400/1805100 (ep 0.33) | loss 3.1429 | lr 3.00e-04 | 11.3 it/s | eta 2621m
[member 1] step 29500/1805100 (ep 0.33) | loss 3.1488 | lr 3.00e-04 | 11.3 it/s | eta 2620m
[member 1] step 29600/1805100 (ep 0.33) | loss 3.1525 | lr 3.00e-04 | 11.3 it/s | eta 2619m
[member 1] step 29700/1805100 (ep 0.33) | loss 3.1392 | lr 3.00e-04 | 11.3 it/s | eta 2618m
[member 1] step 29800/1805100 (ep 0.33) | loss 3.1500 | lr 3.00e-04 | 11.3 it/s | eta 2617m
[member 1] step 29900/1805100 (ep 0.33) | loss 3.1497 | lr 3.00e-04 | 11.3 it/s | eta 2616m
[member 1] step 30000/1805100 (ep 0.33) | loss 3.1551 | lr 3.00e-04 | 11.3 it/s | eta 2615m
[member 1] EVAL step 30000 (ep 0.33) | val_ce 3.7214 | best 3.5540 | base 3.5478 MISS | no-improve 2/10
[member 1] step 30100/1805100 (ep 0.33) | loss 3.1452 | lr 3.00e-04 | 10.8 it/s | eta 2736m
[member 1] step 30200/1805100 (ep 0.33) | loss 3.1442 | lr 3.00e-04 | 10.8 it/s | eta 2734m
[member 1] step 30300/1805100 (ep 0.34) | loss 3.1380 | lr 3.00e-04 | 10.8 it/s | eta 2733m
[member 1] step 30400/1805100 (ep 0.34) | loss 3.1384 | lr 3.00e-04 | 10.8 it/s | eta 2732m
[member 1] step 30500/1805100 (ep 0.34) | loss 3.1412 | lr 3.00e-04 | 10.8 it/s | eta 2730m
[member 1] step 30600/1805100 (ep 0.34) | loss 3.1448 | lr 3.00e-04 | 10.8 it/s | eta 2729m
[member 1] step 30700/1805100 (ep 0.34) | loss 3.1360 | lr 3.00e-04 | 10.8 it/s | eta 2728m
[member 1] step 30800/1805100 (ep 0.34) | loss 3.1394 | lr 3.00e-04 | 10.8 it/s | eta 2727m
[member 1] step 30900/1805100 (ep 0.34) | loss 3.1391 | lr 3.00e-04 | 10.9 it/s | eta 2725m
[member 1] step 31000/1805100 (ep 0.34) | loss 3.1399 | lr 3.00e-04 | 10.9 it/s | eta 2724m
[member 1] step 31100/1805100 (ep 0.34) | loss 3.1345 | lr 3.00e-04 | 10.9 it/s | eta 2723m
[member 1] step 31200/1805100 (ep 0.35) | loss 3.1403 | lr 3.00e-04 | 10.9 it/s | eta 2721m
[member 1] step 31300/1805100 (ep 0.35) | loss 3.1363 | lr 3.00e-04 | 10.9 it/s | eta 2720m
[member 1] step 31400/1805100 (ep 0.35) | loss 3.1359 | lr 3.00e-04 | 10.9 it/s | eta 2719m
[member 1] step 31500/1805100 (ep 0.35) | loss 3.1324 | lr 3.00e-04 | 10.9 it/s | eta 2717m
[member 1] step 31600/1805100 (ep 0.35) | loss 3.1351 | lr 3.00e-04 | 10.9 it/s | eta 2716m
[member 1] step 31700/1805100 (ep 0.35) | loss 3.1375 | lr 3.00e-04 | 10.9 it/s | eta 2715m
[member 1] step 31800/1805100 (ep 0.35) | loss 3.1349 | lr 3.00e-04 | 10.9 it/s | eta 2713m
[member 1] step 31900/1805100 (ep 0.35) | loss 3.1295 | lr 3.00e-04 | 10.9 it/s | eta 2712m
[member 1] step 32000/1805100 (ep 0.35) | loss 3.1388 | lr 3.00e-04 | 10.9 it/s | eta 2711m
[member 1] step 32100/1805100 (ep 0.36) | loss 3.1273 | lr 3.00e-04 | 10.9 it/s | eta 2710m
[member 1] step 32200/1805100 (ep 0.36) | loss 3.1341 | lr 3.00e-04 | 10.9 it/s | eta 2708m
[member 1] step 32300/1805100 (ep 0.36) | loss 3.1356 | lr 3.00e-04 | 10.9 it/s | eta 2707m
[member 1] step 32400/1805100 (ep 0.36) | loss 3.1262 | lr 3.00e-04 | 10.9 it/s | eta 2706m
[member 1] step 32500/1805100 (ep 0.36) | loss 3.1321 | lr 3.00e-04 | 10.9 it/s | eta 2705m
[member 1] step 32600/1805100 (ep 0.36) | loss 3.1232 | lr 3.00e-04 | 10.9 it/s | eta 2703m
[member 1] step 32700/1805100 (ep 0.36) | loss 3.1306 | lr 3.00e-04 | 10.9 it/s | eta 2702m
[member 1] step 32800/1805100 (ep 0.36) | loss 3.1273 | lr 3.00e-04 | 10.9 it/s | eta 2701m
[member 1] step 32900/1805100 (ep 0.36) | loss 3.1342 | lr 3.00e-04 | 10.9 it/s | eta 2700m
[member 1] step 33000/1805100 (ep 0.37) | loss 3.1307 | lr 3.00e-04 | 10.9 it/s | eta 2699m
[member 1] step 33100/1805100 (ep 0.37) | loss 3.1319 | lr 3.00e-04 | 10.9 it/s | eta 2698m
[member 1] step 33200/1805100 (ep 0.37) | loss 3.1276 | lr 3.00e-04 | 11.0 it/s | eta 2696m
[member 1] step 33300/1805100 (ep 0.37) | loss 3.1290 | lr 3.00e-04 | 11.0 it/s | eta 2695m
[member 1] step 33400/1805100 (ep 0.37) | loss 3.1265 | lr 3.00e-04 | 11.0 it/s | eta 2694m
[member 1] step 33500/1805100 (ep 0.37) | loss 3.1284 | lr 3.00e-04 | 11.0 it/s | eta 2693m
[member 1] step 33600/1805100 (ep 0.37) | loss 3.1221 | lr 3.00e-04 | 11.0 it/s | eta 2692m
[member 1] step 33700/1805100 (ep 0.37) | loss 3.1271 | lr 3.00e-04 | 11.0 it/s | eta 2691m
[member 1] step 33800/1805100 (ep 0.37) | loss 3.1282 | lr 3.00e-04 | 11.0 it/s | eta 2690m
[member 1] step 33900/1805100 (ep 0.38) | loss 3.1172 | lr 3.00e-04 | 11.0 it/s | eta 2689m
[member 1] step 34000/1805100 (ep 0.38) | loss 3.1297 | lr 3.00e-04 | 11.0 it/s | eta 2687m
[member 1] step 34100/1805100 (ep 0.38) | loss 3.1301 | lr 3.00e-04 | 11.0 it/s | eta 2686m
[member 1] step 34200/1805100 (ep 0.38) | loss 3.1274 | lr 3.00e-04 | 11.0 it/s | eta 2685m
[member 1] step 34300/1805100 (ep 0.38) | loss 3.1235 | lr 3.00e-04 | 11.0 it/s | eta 2684m
[member 1] step 34400/1805100 (ep 0.38) | loss 3.1245 | lr 3.00e-04 | 11.0 it/s | eta 2683m
[member 1] step 34500/1805100 (ep 0.38) | loss 3.1198 | lr 3.00e-04 | 11.0 it/s | eta 2682m
[member 1] step 34600/1805100 (ep 0.38) | loss 3.1211 | lr 3.00e-04 | 11.0 it/s | eta 2681m
[member 1] step 34700/1805100 (ep 0.38) | loss 3.1201 | lr 3.00e-04 | 11.0 it/s | eta 2680m
[member 1] step 34800/1805100 (ep 0.39) | loss 3.1204 | lr 3.00e-04 | 11.0 it/s | eta 2678m
[member 1] step 34900/1805100 (ep 0.39) | loss 3.1199 | lr 3.00e-04 | 11.0 it/s | eta 2677m
[member 1] step 35000/1805100 (ep 0.39) | loss 3.1181 | lr 3.00e-04 | 11.0 it/s | eta 2676m
[member 1] step 35100/1805100 (ep 0.39) | loss 3.1156 | lr 3.00e-04 | 11.0 it/s | eta 2675m
[member 1] step 35200/1805100 (ep 0.39) | loss 3.1157 | lr 3.00e-04 | 11.0 it/s | eta 2674m
[member 1] step 35300/1805100 (ep 0.39) | loss 3.1218 | lr 3.00e-04 | 11.0 it/s | eta 2673m
[member 1] step 35400/1805100 (ep 0.39) | loss 3.1127 | lr 3.00e-04 | 11.0 it/s | eta 2672m
[member 1] step 35500/1805100 (ep 0.39) | loss 3.1167 | lr 3.00e-04 | 11.0 it/s | eta 2671m
[member 1] step 35600/1805100 (ep 0.39) | loss 3.1200 | lr 3.00e-04 | 11.0 it/s | eta 2670m
[member 1] step 35700/1805100 (ep 0.40) | loss 3.1257 | lr 3.00e-04 | 11.0 it/s | eta 2669m
[member 1] step 35800/1805100 (ep 0.40) | loss 3.1108 | lr 3.00e-04 | 11.1 it/s | eta 2668m
[member 1] step 35900/1805100 (ep 0.40) | loss 3.1193 | lr 3.00e-04 | 11.1 it/s | eta 2667m
[member 1] step 36000/1805100 (ep 0.40) | loss 3.1142 | lr 3.00e-04 | 11.1 it/s | eta 2666m
[member 1] step 36100/1805100 (ep 0.40) | loss 3.1161 | lr 3.00e-04 | 11.1 it/s | eta 2665m
[member 1] step 36200/1805100 (ep 0.40) | loss 3.1127 | lr 3.00e-04 | 11.1 it/s | eta 2664m
[member 1] step 36300/1805100 (ep 0.40) | loss 3.1102 | lr 3.00e-04 | 11.1 it/s | eta 2663m
[member 1] step 36400/1805100 (ep 0.40) | loss 3.1237 | lr 3.00e-04 | 11.1 it/s | eta 2662m
[member 1] step 36500/1805100 (ep 0.40) | loss 3.1095 | lr 3.00e-04 | 11.1 it/s | eta 2661m
[member 1] step 36600/1805100 (ep 0.41) | loss 3.1098 | lr 3.00e-04 | 11.1 it/s | eta 2660m
[member 1] step 36700/1805100 (ep 0.41) | loss 3.1103 | lr 3.00e-04 | 11.1 it/s | eta 2659m
[member 1] step 36800/1805100 (ep 0.41) | loss 3.1191 | lr 3.00e-04 | 11.1 it/s | eta 2658m
[member 1] step 36900/1805100 (ep 0.41) | loss 3.1122 | lr 3.00e-04 | 11.1 it/s | eta 2657m
[member 1] step 37000/1805100 (ep 0.41) | loss 3.1153 | lr 3.00e-04 | 11.1 it/s | eta 2656m
[member 1] step 37100/1805100 (ep 0.41) | loss 3.1168 | lr 3.00e-04 | 11.1 it/s | eta 2655m
[member 1] step 37200/1805100 (ep 0.41) | loss 3.1096 | lr 3.00e-04 | 11.1 it/s | eta 2654m
[member 1] step 37300/1805100 (ep 0.41) | loss 3.1096 | lr 3.00e-04 | 11.1 it/s | eta 2653m
[member 1] step 37400/1805100 (ep 0.41) | loss 3.1152 | lr 3.00e-04 | 11.1 it/s | eta 2652m
[member 1] step 37500/1805100 (ep 0.42) | loss 3.1081 | lr 3.00e-04 | 11.1 it/s | eta 2651m
[member 1] step 37600/1805100 (ep 0.42) | loss 3.1077 | lr 3.00e-04 | 11.1 it/s | eta 2650m
[member 1] step 37700/1805100 (ep 0.42) | loss 3.1115 | lr 3.00e-04 | 11.1 it/s | eta 2649m
[member 1] step 37800/1805100 (ep 0.42) | loss 3.1142 | lr 3.00e-04 | 11.1 it/s | eta 2648m
[member 1] step 37900/1805100 (ep 0.42) | loss 3.1146 | lr 3.00e-04 | 11.1 it/s | eta 2647m
[member 1] step 38000/1805100 (ep 0.42) | loss 3.1115 | lr 3.00e-04 | 11.1 it/s | eta 2646m
[member 1] step 38100/1805100 (ep 0.42) | loss 3.1075 | lr 3.00e-04 | 11.1 it/s | eta 2645m
[member 1] step 38200/1805100 (ep 0.42) | loss 3.1081 | lr 3.00e-04 | 11.1 it/s | eta 2644m
[member 1] step 38300/1805100 (ep 0.42) | loss 3.1057 | lr 3.00e-04 | 11.1 it/s | eta 2643m
[member 1] step 38400/1805100 (ep 0.43) | loss 3.1042 | lr 3.00e-04 | 11.1 it/s | eta 2643m
[member 1] step 38500/1805100 (ep 0.43) | loss 3.1047 | lr 3.00e-04 | 11.1 it/s | eta 2642m
[member 1] step 38600/1805100 (ep 0.43) | loss 3.1078 | lr 3.00e-04 | 11.1 it/s | eta 2641m
[member 1] step 38700/1805100 (ep 0.43) | loss 3.1071 | lr 3.00e-04 | 11.2 it/s | eta 2640m
[member 1] step 38800/1805100 (ep 0.43) | loss 3.1092 | lr 3.00e-04 | 11.2 it/s | eta 2639m
[member 1] step 38900/1805100 (ep 0.43) | loss 3.1079 | lr 3.00e-04 | 11.2 it/s | eta 2638m
[member 1] step 39000/1805100 (ep 0.43) | loss 3.1108 | lr 3.00e-04 | 11.2 it/s | eta 2637m
[member 1] step 39100/1805100 (ep 0.43) | loss 3.1081 | lr 3.00e-04 | 11.2 it/s | eta 2636m
[member 1] step 39200/1805100 (ep 0.43) | loss 3.1035 | lr 3.00e-04 | 11.2 it/s | eta 2636m
[member 1] step 39300/1805100 (ep 0.44) | loss 3.1012 | lr 3.00e-04 | 11.2 it/s | eta 2635m
[member 1] step 39400/1805100 (ep 0.44) | loss 3.1022 | lr 3.00e-04 | 11.2 it/s | eta 2634m
[member 1] step 39500/1805100 (ep 0.44) | loss 3.1057 | lr 3.00e-04 | 11.2 it/s | eta 2633m
[member 1] step 39600/1805100 (ep 0.44) | loss 3.0974 | lr 3.00e-04 | 11.2 it/s | eta 2632m
[member 1] step 39700/1805100 (ep 0.44) | loss 3.1035 | lr 3.00e-04 | 11.2 it/s | eta 2631m
[member 1] step 39800/1805100 (ep 0.44) | loss 3.1059 | lr 3.00e-04 | 11.2 it/s | eta 2630m
[member 1] step 39900/1805100 (ep 0.44) | loss 3.0981 | lr 3.00e-04 | 11.2 it/s | eta 2629m
[member 1] step 40000/1805100 (ep 0.44) | loss 3.1027 | lr 3.00e-04 | 11.2 it/s | eta 2628m
[member 1] EVAL step 40000 (ep 0.44) | val_ce 3.8175 | best 3.5540 | base 3.5478 MISS | no-improve 3/10
[member 1] step 40100/1805100 (ep 0.44) | loss 3.1010 | lr 3.00e-04 | 10.8 it/s | eta 2717m
[member 1] step 40200/1805100 (ep 0.45) | loss 3.1035 | lr 3.00e-04 | 10.8 it/s | eta 2716m
[member 1] step 40300/1805100 (ep 0.45) | loss 3.1043 | lr 3.00e-04 | 10.8 it/s | eta 2715m
[member 1] step 40400/1805100 (ep 0.45) | loss 3.1074 | lr 3.00e-04 | 10.8 it/s | eta 2714m
[member 1] step 40500/1805100 (ep 0.45) | loss 3.0995 | lr 3.00e-04 | 10.8 it/s | eta 2713m
[member 1] step 40600/1805100 (ep 0.45) | loss 3.1029 | lr 3.00e-04 | 10.8 it/s | eta 2712m
[member 1] step 40700/1805100 (ep 0.45) | loss 3.0991 | lr 3.00e-04 | 10.8 it/s | eta 2711m
[member 1] step 40800/1805100 (ep 0.45) | loss 3.0986 | lr 3.00e-04 | 10.9 it/s | eta 2710m
[member 1] step 40900/1805100 (ep 0.45) | loss 3.0967 | lr 3.00e-04 | 10.9 it/s | eta 2709m
[member 1] step 41000/1805100 (ep 0.45) | loss 3.0929 | lr 3.00e-04 | 10.9 it/s | eta 2708m
[member 1] step 41100/1805100 (ep 0.46) | loss 3.1001 | lr 3.00e-04 | 10.9 it/s | eta 2707m
[member 1] step 41200/1805100 (ep 0.46) | loss 3.0985 | lr 3.00e-04 | 10.9 it/s | eta 2706m
[member 1] step 41300/1805100 (ep 0.46) | loss 3.0956 | lr 3.00e-04 | 10.9 it/s | eta 2705m
[member 1] step 41400/1805100 (ep 0.46) | loss 3.0972 | lr 3.00e-04 | 10.9 it/s | eta 2704m
[member 1] step 41500/1805100 (ep 0.46) | loss 3.0960 | lr 3.00e-04 | 10.9 it/s | eta 2703m
[member 1] step 41600/1805100 (ep 0.46) | loss 3.1011 | lr 3.00e-04 | 10.9 it/s | eta 2702m
[member 1] step 41700/1805100 (ep 0.46) | loss 3.0917 | lr 3.00e-04 | 10.9 it/s | eta 2701m
[member 1] step 41800/1805100 (ep 0.46) | loss 3.0990 | lr 3.00e-04 | 10.9 it/s | eta 2700m
[member 1] step 41900/1805100 (ep 0.46) | loss 3.0975 | lr 3.00e-04 | 10.9 it/s | eta 2699m
[member 1] step 42000/1805100 (ep 0.47) | loss 3.0893 | lr 3.00e-04 | 10.9 it/s | eta 2698m
[member 1] step 42100/1805100 (ep 0.47) | loss 3.0875 | lr 3.00e-04 | 10.9 it/s | eta 2697m
[member 1] step 42200/1805100 (ep 0.47) | loss 3.0937 | lr 3.00e-04 | 10.9 it/s | eta 2696m
[member 1] step 42300/1805100 (ep 0.47) | loss 3.0977 | lr 3.00e-04 | 10.9 it/s | eta 2695m
[member 1] step 42400/1805100 (ep 0.47) | loss 3.0908 | lr 3.00e-04 | 10.9 it/s | eta 2694m
[member 1] step 42500/1805100 (ep 0.47) | loss 3.0906 | lr 3.00e-04 | 10.9 it/s | eta 2693m
[member 1] step 42600/1805100 (ep 0.47) | loss 3.0916 | lr 3.00e-04 | 10.9 it/s | eta 2692m
[member 1] step 42700/1805100 (ep 0.47) | loss 3.0925 | lr 3.00e-04 | 10.9 it/s | eta 2691m
[member 1] step 42800/1805100 (ep 0.47) | loss 3.0876 | lr 3.00e-04 | 10.9 it/s | eta 2690m
[member 1] step 42900/1805100 (ep 0.48) | loss 3.0948 | lr 3.00e-04 | 10.9 it/s | eta 2689m
[member 1] step 43000/1805100 (ep 0.48) | loss 3.0922 | lr 3.00e-04 | 10.9 it/s | eta 2688m
[member 1] step 43100/1805100 (ep 0.48) | loss 3.0954 | lr 3.00e-04 | 10.9 it/s | eta 2687m
[member 1] step 43200/1805100 (ep 0.48) | loss 3.1019 | lr 3.00e-04 | 10.9 it/s | eta 2686m
[member 1] step 43300/1805100 (ep 0.48) | loss 3.0853 | lr 3.00e-04 | 10.9 it/s | eta 2685m
[member 1] step 43400/1805100 (ep 0.48) | loss 3.0945 | lr 3.00e-04 | 10.9 it/s | eta 2684m
[member 1] step 43500/1805100 (ep 0.48) | loss 3.0963 | lr 3.00e-04 | 10.9 it/s | eta 2683m
[member 1] step 43600/1805100 (ep 0.48) | loss 3.0869 | lr 3.00e-04 | 10.9 it/s | eta 2682m
[member 1] step 43700/1805100 (ep 0.48) | loss 3.0859 | lr 3.00e-04 | 10.9 it/s | eta 2681m
[member 1] step 43800/1805100 (ep 0.49) | loss 3.0874 | lr 3.00e-04 | 11.0 it/s | eta 2680m
[member 1] step 43900/1805100 (ep 0.49) | loss 3.0924 | lr 3.00e-04 | 11.0 it/s | eta 2679m
[member 1] step 44000/1805100 (ep 0.49) | loss 3.0888 | lr 3.00e-04 | 11.0 it/s | eta 2678m
[member 1] step 44100/1805100 (ep 0.49) | loss 3.0925 | lr 3.00e-04 | 11.0 it/s | eta 2678m
[member 1] step 44200/1805100 (ep 0.49) | loss 3.0875 | lr 3.00e-04 | 11.0 it/s | eta 2677m
[member 1] step 44300/1805100 (ep 0.49) | loss 3.0818 | lr 3.00e-04 | 11.0 it/s | eta 2676m
[member 1] step 44400/1805100 (ep 0.49) | loss 3.0825 | lr 3.00e-04 | 11.0 it/s | eta 2675m
[member 1] step 44500/1805100 (ep 0.49) | loss 3.0843 | lr 3.00e-04 | 11.0 it/s | eta 2674m
[member 1] step 44600/1805100 (ep 0.49) | loss 3.0781 | lr 3.00e-04 | 11.0 it/s | eta 2673m
[member 1] step 44700/1805100 (ep 0.50) | loss 3.0846 | lr 3.00e-04 | 11.0 it/s | eta 2672m
[member 1] step 44800/1805100 (ep 0.50) | loss 3.0884 | lr 3.00e-04 | 11.0 it/s | eta 2671m
[member 1] step 44900/1805100 (ep 0.50) | loss 3.0893 | lr 3.00e-04 | 11.0 it/s | eta 2670m
[member 1] step 45000/1805100 (ep 0.50) | loss 3.0912 | lr 3.00e-04 | 11.0 it/s | eta 2670m
[member 1] step 45100/1805100 (ep 0.50) | loss 3.0825 | lr 3.00e-04 | 11.0 it/s | eta 2669m
[member 1] step 45200/1805100 (ep 0.50) | loss 3.0900 | lr 3.00e-04 | 11.0 it/s | eta 2668m
[member 1] step 45300/1805100 (ep 0.50) | loss 3.0819 | lr 3.00e-04 | 11.0 it/s | eta 2667m
[member 1] step 45400/1805100 (ep 0.50) | loss 3.0884 | lr 3.00e-04 | 11.0 it/s | eta 2666m
[member 1] step 45500/1805100 (ep 0.50) | loss 3.0859 | lr 3.00e-04 | 11.0 it/s | eta 2665m
[member 1] step 45600/1805100 (ep 0.51) | loss 3.0853 | lr 3.00e-04 | 11.0 it/s | eta 2664m
[member 1] step 45700/1805100 (ep 0.51) | loss 3.0853 | lr 3.00e-04 | 11.0 it/s | eta 2663m
[member 1] step 45800/1805100 (ep 0.51) | loss 3.0822 | lr 3.00e-04 | 11.0 it/s | eta 2663m
[member 1] step 45900/1805100 (ep 0.51) | loss 3.0804 | lr 3.00e-04 | 11.0 it/s | eta 2662m
[member 1] step 46000/1805100 (ep 0.51) | loss 3.0860 | lr 3.00e-04 | 11.0 it/s | eta 2661m
[member 1] step 46100/1805100 (ep 0.51) | loss 3.0824 | lr 3.00e-04 | 11.0 it/s | eta 2660m
[member 1] step 46200/1805100 (ep 0.51) | loss 3.0783 | lr 3.00e-04 | 11.0 it/s | eta 2659m
[member 1] step 46300/1805100 (ep 0.51) | loss 3.0863 | lr 3.00e-04 | 11.0 it/s | eta 2658m
[member 1] step 46400/1805100 (ep 0.51) | loss 3.0839 | lr 3.00e-04 | 11.0 it/s | eta 2658m
[member 1] step 46500/1805100 (ep 0.52) | loss 3.0782 | lr 3.00e-04 | 11.0 it/s | eta 2657m
[member 1] step 46600/1805100 (ep 0.52) | loss 3.0786 | lr 3.00e-04 | 11.0 it/s | eta 2656m
[member 1] step 46700/1805100 (ep 0.52) | loss 3.0764 | lr 3.00e-04 | 11.0 it/s | eta 2655m
[member 1] step 46800/1805100 (ep 0.52) | loss 3.0783 | lr 3.00e-04 | 11.0 it/s | eta 2654m
[member 1] step 46900/1805100 (ep 0.52) | loss 3.0757 | lr 3.00e-04 | 11.0 it/s | eta 2653m
[member 1] step 47000/1805100 (ep 0.52) | loss 3.0766 | lr 3.00e-04 | 11.0 it/s | eta 2653m
[member 1] step 47100/1805100 (ep 0.52) | loss 3.0712 | lr 3.00e-04 | 11.0 it/s | eta 2652m
[member 1] step 47200/1805100 (ep 0.52) | loss 3.0775 | lr 3.00e-04 | 11.1 it/s | eta 2651m
[member 1] step 47300/1805100 (ep 0.52) | loss 3.0812 | lr 3.00e-04 | 11.1 it/s | eta 2650m
[member 1] step 47400/1805100 (ep 0.53) | loss 3.0756 | lr 3.00e-04 | 11.1 it/s | eta 2649m
[member 1] step 47500/1805100 (ep 0.53) | loss 3.0826 | lr 3.00e-04 | 11.1 it/s | eta 2649m
[member 1] step 47600/1805100 (ep 0.53) | loss 3.0786 | lr 3.00e-04 | 11.1 it/s | eta 2648m
[member 1] step 47700/1805100 (ep 0.53) | loss 3.0779 | lr 3.00e-04 | 11.1 it/s | eta 2647m
[member 1] step 47800/1805100 (ep 0.53) | loss 3.0769 | lr 3.00e-04 | 11.1 it/s | eta 2646m
[member 1] step 47900/1805100 (ep 0.53) | loss 3.0757 | lr 3.00e-04 | 11.1 it/s | eta 2646m
[member 1] step 48000/1805100 (ep 0.53) | loss 3.0735 | lr 3.00e-04 | 11.1 it/s | eta 2645m
[member 1] step 48100/1805100 (ep 0.53) | loss 3.0779 | lr 3.00e-04 | 11.1 it/s | eta 2644m
[member 1] step 48200/1805100 (ep 0.53) | loss 3.0732 | lr 3.00e-04 | 11.1 it/s | eta 2643m
[member 1] step 48300/1805100 (ep 0.54) | loss 3.0679 | lr 3.00e-04 | 11.1 it/s | eta 2642m
[member 1] step 48400/1805100 (ep 0.54) | loss 3.0641 | lr 3.00e-04 | 11.1 it/s | eta 2642m
[member 1] step 48500/1805100 (ep 0.54) | loss 3.0735 | lr 3.00e-04 | 11.1 it/s | eta 2641m
[member 1] step 48600/1805100 (ep 0.54) | loss 3.0782 | lr 3.00e-04 | 11.1 it/s | eta 2640m
[member 1] step 48700/1805100 (ep 0.54) | loss 3.0763 | lr 3.00e-04 | 11.1 it/s | eta 2639m
[member 1] step 48800/1805100 (ep 0.54) | loss 3.0708 | lr 3.00e-04 | 11.1 it/s | eta 2639m
[member 1] step 48900/1805100 (ep 0.54) | loss 3.0745 | lr 3.00e-04 | 11.1 it/s | eta 2638m
[member 1] step 49000/1805100 (ep 0.54) | loss 3.0680 | lr 3.00e-04 | 11.1 it/s | eta 2637m
[member 1] step 49100/1805100 (ep 0.54) | loss 3.0686 | lr 3.00e-04 | 11.1 it/s | eta 2636m
[member 1] step 49200/1805100 (ep 0.55) | loss 3.0722 | lr 3.00e-04 | 11.1 it/s | eta 2636m
[member 1] step 49300/1805100 (ep 0.55) | loss 3.0637 | lr 3.00e-04 | 11.1 it/s | eta 2635m
[member 1] step 49400/1805100 (ep 0.55) | loss 3.0735 | lr 3.00e-04 | 11.1 it/s | eta 2634m
[member 1] step 49500/1805100 (ep 0.55) | loss 3.0802 | lr 3.00e-04 | 11.1 it/s | eta 2633m
[member 1] step 49600/1805100 (ep 0.55) | loss 3.0767 | lr 3.00e-04 | 11.1 it/s | eta 2633m
[member 1] step 49700/1805100 (ep 0.55) | loss 3.0769 | lr 3.00e-04 | 11.1 it/s | eta 2632m
[member 1] step 49800/1805100 (ep 0.55) | loss 3.0737 | lr 3.00e-04 | 11.1 it/s | eta 2631m
[member 1] step 49900/1805100 (ep 0.55) | loss 3.0687 | lr 3.00e-04 | 11.1 it/s | eta 2631m
[member 1] step 50000/1805100 (ep 0.55) | loss 3.0753 | lr 3.00e-04 | 11.1 it/s | eta 2630m
[member 1] EVAL step 50000 (ep 0.55) | val_ce 3.8296 | best 3.5540 | base 3.5478 MISS | no-improve 4/10
[member 1] step 50100/1805100 (ep 0.56) | loss 3.0753 | lr 3.00e-04 | 10.8 it/s | eta 2700m
[member 1] step 50200/1805100 (ep 0.56) | loss 3.0740 | lr 3.00e-04 | 10.8 it/s | eta 2699m
[member 1] step 50300/1805100 (ep 0.56) | loss 3.0715 | lr 3.00e-04 | 10.8 it/s | eta 2698m
[member 1] step 50400/1805100 (ep 0.56) | loss 3.0688 | lr 3.00e-04 | 10.8 it/s | eta 2697m
[member 1] step 50500/1805100 (ep 0.56) | loss 3.0699 | lr 2.99e-04 | 10.8 it/s | eta 2696m
[member 1] step 50600/1805100 (ep 0.56) | loss 3.0698 | lr 2.99e-04 | 10.8 it/s | eta 2695m
[member 1] step 50700/1805100 (ep 0.56) | loss 3.0679 | lr 2.99e-04 | 10.9 it/s | eta 2694m
[member 1] step 50800/1805100 (ep 0.56) | loss 3.0616 | lr 2.99e-04 | 10.9 it/s | eta 2694m
[member 1] step 50900/1805100 (ep 0.56) | loss 3.0643 | lr 2.99e-04 | 10.9 it/s | eta 2693m
[member 1] step 51000/1805100 (ep 0.57) | loss 3.0663 | lr 2.99e-04 | 10.9 it/s | eta 2692m
[member 1] step 51100/1805100 (ep 0.57) | loss 3.0713 | lr 2.99e-04 | 10.9 it/s | eta 2691m
[member 1] step 51200/1805100 (ep 0.57) | loss 3.0668 | lr 2.99e-04 | 10.9 it/s | eta 2690m
[member 1] step 51300/1805100 (ep 0.57) | loss 3.0633 | lr 2.99e-04 | 10.9 it/s | eta 2689m
[member 1] step 51400/1805100 (ep 0.57) | loss 3.0646 | lr 2.99e-04 | 10.9 it/s | eta 2688m
[member 1] step 51500/1805100 (ep 0.57) | loss 3.0729 | lr 2.99e-04 | 10.9 it/s | eta 2688m
[member 1] step 51600/1805100 (ep 0.57) | loss 3.0690 | lr 2.99e-04 | 10.9 it/s | eta 2687m
[member 1] step 51700/1805100 (ep 0.57) | loss 3.0613 | lr 2.99e-04 | 10.9 it/s | eta 2686m
[member 1] step 51800/1805100 (ep 0.57) | loss 3.0667 | lr 2.99e-04 | 10.9 it/s | eta 2685m
[member 1] step 51900/1805100 (ep 0.58) | loss 3.0656 | lr 2.99e-04 | 10.9 it/s | eta 2684m
[member 1] step 52000/1805100 (ep 0.58) | loss 3.0627 | lr 2.99e-04 | 10.9 it/s | eta 2683m
[member 1] step 52100/1805100 (ep 0.58) | loss 3.0653 | lr 2.99e-04 | 10.9 it/s | eta 2683m
[member 1] step 52200/1805100 (ep 0.58) | loss 3.0650 | lr 2.99e-04 | 10.9 it/s | eta 2682m
[member 1] step 52300/1805100 (ep 0.58) | loss 3.0548 | lr 2.99e-04 | 10.9 it/s | eta 2681m
[member 1] step 52400/1805100 (ep 0.58) | loss 3.0660 | lr 2.99e-04 | 10.9 it/s | eta 2680m
[member 1] step 52500/1805100 (ep 0.58) | loss 3.0635 | lr 2.99e-04 | 10.9 it/s | eta 2679m
[member 1] step 52600/1805100 (ep 0.58) | loss 3.0661 | lr 2.99e-04 | 10.9 it/s | eta 2678m
[member 1] step 52700/1805100 (ep 0.58) | loss 3.0664 | lr 2.99e-04 | 10.9 it/s | eta 2678m
[member 1] step 52800/1805100 (ep 0.59) | loss 3.0690 | lr 2.99e-04 | 10.9 it/s | eta 2677m
[member 1] step 52900/1805100 (ep 0.59) | loss 3.0683 | lr 2.99e-04 | 10.9 it/s | eta 2676m
[member 1] step 53000/1805100 (ep 0.59) | loss 3.0636 | lr 2.99e-04 | 10.9 it/s | eta 2675m
[member 1] step 53100/1805100 (ep 0.59) | loss 3.0634 | lr 2.99e-04 | 10.9 it/s | eta 2674m
[member 1] step 53200/1805100 (ep 0.59) | loss 3.0608 | lr 2.99e-04 | 10.9 it/s | eta 2674m
[member 1] step 53300/1805100 (ep 0.59) | loss 3.0588 | lr 2.99e-04 | 10.9 it/s | eta 2673m
[member 1] step 53400/1805100 (ep 0.59) | loss 3.0659 | lr 2.99e-04 | 10.9 it/s | eta 2672m
[member 1] step 53500/1805100 (ep 0.59) | loss 3.0606 | lr 2.99e-04 | 10.9 it/s | eta 2671m
[member 1] step 53600/1805100 (ep 0.59) | loss 3.0580 | lr 2.99e-04 | 10.9 it/s | eta 2670m
[member 1] step 53700/1805100 (ep 0.59) | loss 3.0600 | lr 2.99e-04 | 10.9 it/s | eta 2669m
[member 1] step 53800/1805100 (ep 0.60) | loss 3.0596 | lr 2.99e-04 | 10.9 it/s | eta 2669m
[member 1] step 53900/1805100 (ep 0.60) | loss 3.0582 | lr 2.99e-04 | 10.9 it/s | eta 2668m
[member 1] step 54000/1805100 (ep 0.60) | loss 3.0560 | lr 2.99e-04 | 10.9 it/s | eta 2667m
[member 1] step 54100/1805100 (ep 0.60) | loss 3.0633 | lr 2.99e-04 | 10.9 it/s | eta 2666m
[member 1] step 54200/1805100 (ep 0.60) | loss 3.0628 | lr 2.99e-04 | 10.9 it/s | eta 2666m
[member 1] step 54300/1805100 (ep 0.60) | loss 3.0627 | lr 2.99e-04 | 11.0 it/s | eta 2665m
[member 1] step 54400/1805100 (ep 0.60) | loss 3.0580 | lr 2.99e-04 | 11.0 it/s | eta 2664m
[member 1] step 54500/1805100 (ep 0.60) | loss 3.0552 | lr 2.99e-04 | 11.0 it/s | eta 2663m
[member 1] step 54600/1805100 (ep 0.60) | loss 3.0603 | lr 2.99e-04 | 11.0 it/s | eta 2662m
[member 1] step 54700/1805100 (ep 0.61) | loss 3.0538 | lr 2.99e-04 | 11.0 it/s | eta 2662m
[member 1] step 54800/1805100 (ep 0.61) | loss 3.0547 | lr 2.99e-04 | 11.0 it/s | eta 2661m
[member 1] step 54900/1805100 (ep 0.61) | loss 3.0565 | lr 2.99e-04 | 11.0 it/s | eta 2660m
[member 1] step 55000/1805100 (ep 0.61) | loss 3.0541 | lr 2.99e-04 | 11.0 it/s | eta 2659m
[member 1] step 55100/1805100 (ep 0.61) | loss 3.0541 | lr 2.99e-04 | 11.0 it/s | eta 2659m
[member 1] step 55200/1805100 (ep 0.61) | loss 3.0533 | lr 2.99e-04 | 11.0 it/s | eta 2658m
[member 1] step 55300/1805100 (ep 0.61) | loss 3.0560 | lr 2.99e-04 | 11.0 it/s | eta 2657m
[member 1] step 55400/1805100 (ep 0.61) | loss 3.0585 | lr 2.99e-04 | 11.0 it/s | eta 2656m
[member 1] step 55500/1805100 (ep 0.61) | loss 3.0524 | lr 2.99e-04 | 11.0 it/s | eta 2656m
[member 1] step 55600/1805100 (ep 0.62) | loss 3.0539 | lr 2.99e-04 | 11.0 it/s | eta 2655m
[member 1] step 55700/1805100 (ep 0.62) | loss 3.0542 | lr 2.99e-04 | 11.0 it/s | eta 2654m
[member 1] step 55800/1805100 (ep 0.62) | loss 3.0579 | lr 2.99e-04 | 11.0 it/s | eta 2653m
[member 1] step 55900/1805100 (ep 0.62) | loss 3.0591 | lr 2.99e-04 | 11.0 it/s | eta 2653m
[member 1] step 56000/1805100 (ep 0.62) | loss 3.0557 | lr 2.99e-04 | 11.0 it/s | eta 2652m
[member 1] step 56100/1805100 (ep 0.62) | loss 3.0562 | lr 2.99e-04 | 11.0 it/s | eta 2651m
[member 1] step 56200/1805100 (ep 0.62) | loss 3.0584 | lr 2.99e-04 | 11.0 it/s | eta 2650m
[member 1] step 56300/1805100 (ep 0.62) | loss 3.0569 | lr 2.99e-04 | 11.0 it/s | eta 2650m
[member 1] step 56400/1805100 (ep 0.62) | loss 3.0532 | lr 2.99e-04 | 11.0 it/s | eta 2649m
[member 1] step 56500/1805100 (ep 0.63) | loss 3.0552 | lr 2.99e-04 | 11.0 it/s | eta 2648m
[member 1] step 56600/1805100 (ep 0.63) | loss 3.0585 | lr 2.99e-04 | 11.0 it/s | eta 2647m
[member 1] step 56700/1805100 (ep 0.63) | loss 3.0518 | lr 2.99e-04 | 11.0 it/s | eta 2646m
[member 1] step 56800/1805100 (ep 0.63) | loss 3.0554 | lr 2.99e-04 | 11.0 it/s | eta 2646m
[member 1] step 56900/1805100 (ep 0.63) | loss 3.0556 | lr 2.99e-04 | 11.0 it/s | eta 2645m
[member 1] step 57000/1805100 (ep 0.63) | loss 3.0537 | lr 2.99e-04 | 11.0 it/s | eta 2644m
[member 1] step 57100/1805100 (ep 0.63) | loss 3.0536 | lr 2.99e-04 | 11.0 it/s | eta 2644m
[member 1] step 57200/1805100 (ep 0.63) | loss 3.0602 | lr 2.99e-04 | 11.0 it/s | eta 2643m
[member 1] step 57300/1805100 (ep 0.63) | loss 3.0492 | lr 2.99e-04 | 11.0 it/s | eta 2642m
[member 1] step 57400/1805100 (ep 0.64) | loss 3.0488 | lr 2.99e-04 | 11.0 it/s | eta 2642m
[member 1] step 57500/1805100 (ep 0.64) | loss 3.0512 | lr 2.99e-04 | 11.0 it/s | eta 2641m
[member 1] step 57600/1805100 (ep 0.64) | loss 3.0574 | lr 2.99e-04 | 11.0 it/s | eta 2640m
[member 1] step 57700/1805100 (ep 0.64) | loss 3.0566 | lr 2.99e-04 | 11.0 it/s | eta 2639m
[member 1] step 57800/1805100 (ep 0.64) | loss 3.0540 | lr 2.99e-04 | 11.0 it/s | eta 2639m
[member 1] step 57900/1805100 (ep 0.64) | loss 3.0535 | lr 2.99e-04 | 11.0 it/s | eta 2638m
[member 1] step 58000/1805100 (ep 0.64) | loss 3.0504 | lr 2.99e-04 | 11.0 it/s | eta 2637m
[member 1] step 58100/1805100 (ep 0.64) | loss 3.0482 | lr 2.99e-04 | 11.0 it/s | eta 2637m
[member 1] step 58200/1805100 (ep 0.64) | loss 3.0454 | lr 2.99e-04 | 11.0 it/s | eta 2636m
[member 1] step 58300/1805100 (ep 0.65) | loss 3.0491 | lr 2.99e-04 | 11.0 it/s | eta 2635m
[member 1] step 58400/1805100 (ep 0.65) | loss 3.0526 | lr 2.99e-04 | 11.1 it/s | eta 2634m
[member 1] step 58500/1805100 (ep 0.65) | loss 3.0515 | lr 2.99e-04 | 11.1 it/s | eta 2634m
[member 1] step 58600/1805100 (ep 0.65) | loss 3.0492 | lr 2.99e-04 | 11.1 it/s | eta 2633m
[member 1] step 58700/1805100 (ep 0.65) | loss 3.0447 | lr 2.99e-04 | 11.1 it/s | eta 2632m
[member 1] step 58800/1805100 (ep 0.65) | loss 3.0518 | lr 2.99e-04 | 11.1 it/s | eta 2632m
[member 1] step 58900/1805100 (ep 0.65) | loss 3.0467 | lr 2.99e-04 | 11.1 it/s | eta 2631m
[member 1] step 59000/1805100 (ep 0.65) | loss 3.0392 | lr 2.99e-04 | 11.1 it/s | eta 2630m
[member 1] step 59100/1805100 (ep 0.65) | loss 3.0465 | lr 2.99e-04 | 11.1 it/s | eta 2630m
[member 1] step 59200/1805100 (ep 0.66) | loss 3.0466 | lr 2.99e-04 | 11.1 it/s | eta 2629m
[member 1] step 59300/1805100 (ep 0.66) | loss 3.0484 | lr 2.99e-04 | 11.1 it/s | eta 2628m
[member 1] step 59400/1805100 (ep 0.66) | loss 3.0537 | lr 2.99e-04 | 11.1 it/s | eta 2628m
[member 1] step 59500/1805100 (ep 0.66) | loss 3.0459 | lr 2.99e-04 | 11.1 it/s | eta 2627m
[member 1] step 59600/1805100 (ep 0.66) | loss 3.0433 | lr 2.99e-04 | 11.1 it/s | eta 2626m
[member 1] step 59700/1805100 (ep 0.66) | loss 3.0457 | lr 2.99e-04 | 11.1 it/s | eta 2626m
[member 1] step 59800/1805100 (ep 0.66) | loss 3.0474 | lr 2.99e-04 | 11.1 it/s | eta 2625m
[member 1] step 59900/1805100 (ep 0.66) | loss 3.0461 | lr 2.99e-04 | 11.1 it/s | eta 2624m
[member 1] step 60000/1805100 (ep 0.66) | loss 3.0489 | lr 2.99e-04 | 11.1 it/s | eta 2624m
[member 1] EVAL step 60000 (ep 0.66) | val_ce 3.9236 | best 3.5540 | base 3.5478 MISS | no-improve 5/10
[member 1] step 60100/1805100 (ep 0.67) | loss 3.0471 | lr 2.99e-04 | 10.8 it/s | eta 2681m
[member 1] step 60200/1805100 (ep 0.67) | loss 3.0408 | lr 2.99e-04 | 10.8 it/s | eta 2681m
[member 1] step 60300/1805100 (ep 0.67) | loss 3.0436 | lr 2.99e-04 | 10.9 it/s | eta 2680m
[member 1] step 60400/1805100 (ep 0.67) | loss 3.0461 | lr 2.99e-04 | 10.9 it/s | eta 2679m
[member 1] step 60500/1805100 (ep 0.67) | loss 3.0497 | lr 2.99e-04 | 10.9 it/s | eta 2678m
[member 1] step 60600/1805100 (ep 0.67) | loss 3.0471 | lr 2.99e-04 | 10.9 it/s | eta 2678m
[member 1] step 60700/1805100 (ep 0.67) | loss 3.0452 | lr 2.99e-04 | 10.9 it/s | eta 2677m
[member 1] step 60800/1805100 (ep 0.67) | loss 3.0498 | lr 2.99e-04 | 10.9 it/s | eta 2676m
[member 1] step 60900/1805100 (ep 0.67) | loss 3.0460 | lr 2.99e-04 | 10.9 it/s | eta 2676m
[member 1] step 61000/1805100 (ep 0.68) | loss 3.0461 | lr 2.99e-04 | 10.9 it/s | eta 2675m
[member 1] step 61100/1805100 (ep 0.68) | loss 3.0395 | lr 2.99e-04 | 10.9 it/s | eta 2674m
[member 1] step 61200/1805100 (ep 0.68) | loss 3.0477 | lr 2.99e-04 | 10.9 it/s | eta 2673m
[member 1] step 61300/1805100 (ep 0.68) | loss 3.0469 | lr 2.99e-04 | 10.9 it/s | eta 2673m
[member 1] step 61400/1805100 (ep 0.68) | loss 3.0477 | lr 2.99e-04 | 10.9 it/s | eta 2672m
[member 1] step 61500/1805100 (ep 0.68) | loss 3.0401 | lr 2.99e-04 | 10.9 it/s | eta 2671m
[member 1] step 61600/1805100 (ep 0.68) | loss 3.0381 | lr 2.99e-04 | 10.9 it/s | eta 2670m
[member 1] step 61700/1805100 (ep 0.68) | loss 3.0380 | lr 2.99e-04 | 10.9 it/s | eta 2670m
[member 1] step 61800/1805100 (ep 0.68) | loss 3.0430 | lr 2.99e-04 | 10.9 it/s | eta 2669m
[member 1] step 61900/1805100 (ep 0.69) | loss 3.0422 | lr 2.99e-04 | 10.9 it/s | eta 2668m
[member 1] step 62000/1805100 (ep 0.69) | loss 3.0412 | lr 2.99e-04 | 10.9 it/s | eta 2667m
[member 1] step 62100/1805100 (ep 0.69) | loss 3.0441 | lr 2.99e-04 | 10.9 it/s | eta 2667m
[member 1] step 62200/1805100 (ep 0.69) | loss 3.0385 | lr 2.99e-04 | 10.9 it/s | eta 2666m
[member 1] step 62300/1805100 (ep 0.69) | loss 3.0353 | lr 2.99e-04 | 10.9 it/s | eta 2665m
[member 1] step 62400/1805100 (ep 0.69) | loss 3.0383 | lr 2.99e-04 | 10.9 it/s | eta 2665m
[member 1] step 62500/1805100 (ep 0.69) | loss 3.0385 | lr 2.99e-04 | 10.9 it/s | eta 2664m
[member 1] step 62600/1805100 (ep 0.69) | loss 3.0375 | lr 2.99e-04 | 10.9 it/s | eta 2663m
[member 1] step 62700/1805100 (ep 0.69) | loss 3.0427 | lr 2.99e-04 | 10.9 it/s | eta 2663m
[member 1] step 62800/1805100 (ep 0.70) | loss 3.0366 | lr 2.99e-04 | 10.9 it/s | eta 2662m
[member 1] step 62900/1805100 (ep 0.70) | loss 3.0367 | lr 2.99e-04 | 10.9 it/s | eta 2661m
[member 1] step 63000/1805100 (ep 0.70) | loss 3.0393 | lr 2.99e-04 | 10.9 it/s | eta 2661m
[member 1] step 63100/1805100 (ep 0.70) | loss 3.0386 | lr 2.99e-04 | 10.9 it/s | eta 2660m
[member 1] step 63200/1805100 (ep 0.70) | loss 3.0403 | lr 2.99e-04 | 10.9 it/s | eta 2659m
[member 1] step 63300/1805100 (ep 0.70) | loss 3.0379 | lr 2.99e-04 | 10.9 it/s | eta 2659m
[member 1] step 63400/1805100 (ep 0.70) | loss 3.0406 | lr 2.99e-04 | 10.9 it/s | eta 2658m
[member 1] step 63500/1805100 (ep 0.70) | loss 3.0419 | lr 2.99e-04 | 10.9 it/s | eta 2657m
[member 1] step 63600/1805100 (ep 0.70) | loss 3.0451 | lr 2.99e-04 | 10.9 it/s | eta 2656m
[member 1] step 63700/1805100 (ep 0.71) | loss 3.0390 | lr 2.99e-04 | 10.9 it/s | eta 2656m
[member 1] step 63800/1805100 (ep 0.71) | loss 3.0404 | lr 2.99e-04 | 10.9 it/s | eta 2655m
[member 1] step 63900/1805100 (ep 0.71) | loss 3.0408 | lr 2.99e-04 | 10.9 it/s | eta 2654m
[member 1] step 64000/1805100 (ep 0.71) | loss 3.0377 | lr 2.99e-04 | 10.9 it/s | eta 2654m
[member 1] step 64100/1805100 (ep 0.71) | loss 3.0381 | lr 2.99e-04 | 10.9 it/s | eta 2653m
[member 1] step 64200/1805100 (ep 0.71) | loss 3.0406 | lr 2.99e-04 | 10.9 it/s | eta 2652m
[member 1] step 64300/1805100 (ep 0.71) | loss 3.0430 | lr 2.99e-04 | 10.9 it/s | eta 2652m
[member 1] step 64400/1805100 (ep 0.71) | loss 3.0399 | lr 2.99e-04 | 10.9 it/s | eta 2651m
[member 1] step 64500/1805100 (ep 0.71) | loss 3.0404 | lr 2.99e-04 | 10.9 it/s | eta 2650m
[member 1] step 64600/1805100 (ep 0.72) | loss 3.0340 | lr 2.99e-04 | 10.9 it/s | eta 2650m
[member 1] step 64700/1805100 (ep 0.72) | loss 3.0394 | lr 2.99e-04 | 11.0 it/s | eta 2649m
[member 1] step 64800/1805100 (ep 0.72) | loss 3.0338 | lr 2.99e-04 | 11.0 it/s | eta 2648m
[member 1] step 64900/1805100 (ep 0.72) | loss 3.0335 | lr 2.99e-04 | 11.0 it/s | eta 2647m
[member 1] step 65000/1805100 (ep 0.72) | loss 3.0331 | lr 2.99e-04 | 11.0 it/s | eta 2647m
[member 1] step 65100/1805100 (ep 0.72) | loss 3.0378 | lr 2.99e-04 | 11.0 it/s | eta 2646m
[member 1] step 65200/1805100 (ep 0.72) | loss 3.0377 | lr 2.99e-04 | 11.0 it/s | eta 2646m
[member 1] step 65300/1805100 (ep 0.72) | loss 3.0339 | lr 2.99e-04 | 11.0 it/s | eta 2645m
[member 1] step 65400/1805100 (ep 0.72) | loss 3.0310 | lr 2.99e-04 | 11.0 it/s | eta 2644m
[member 1] step 65500/1805100 (ep 0.73) | loss 3.0318 | lr 2.99e-04 | 11.0 it/s | eta 2644m
[member 1] step 65600/1805100 (ep 0.73) | loss 3.0252 | lr 2.99e-04 | 11.0 it/s | eta 2643m
[member 1] step 65700/1805100 (ep 0.73) | loss 3.0310 | lr 2.99e-04 | 11.0 it/s | eta 2642m
[member 1] step 65800/1805100 (ep 0.73) | loss 3.0368 | lr 2.99e-04 | 11.0 it/s | eta 2642m
[member 1] step 65900/1805100 (ep 0.73) | loss 3.0334 | lr 2.99e-04 | 11.0 it/s | eta 2641m
[member 1] step 66000/1805100 (ep 0.73) | loss 3.0299 | lr 2.99e-04 | 11.0 it/s | eta 2640m
[member 1] step 66100/1805100 (ep 0.73) | loss 3.0285 | lr 2.99e-04 | 11.0 it/s | eta 2640m
[member 1] step 66200/1805100 (ep 0.73) | loss 3.0358 | lr 2.99e-04 | 11.0 it/s | eta 2639m
[member 1] step 66300/1805100 (ep 0.73) | loss 3.0325 | lr 2.99e-04 | 11.0 it/s | eta 2638m
[member 1] step 66400/1805100 (ep 0.74) | loss 3.0416 | lr 2.99e-04 | 11.0 it/s | eta 2638m
[member 1] step 66500/1805100 (ep 0.74) | loss 3.0391 | lr 2.99e-04 | 11.0 it/s | eta 2637m
[member 1] step 66600/1805100 (ep 0.74) | loss 3.0347 | lr 2.99e-04 | 11.0 it/s | eta 2636m
[member 1] step 66700/1805100 (ep 0.74) | loss 3.0329 | lr 2.99e-04 | 11.0 it/s | eta 2636m
[member 1] step 66800/1805100 (ep 0.74) | loss 3.0347 | lr 2.99e-04 | 11.0 it/s | eta 2635m
[member 1] step 66900/1805100 (ep 0.74) | loss 3.0279 | lr 2.99e-04 | 11.0 it/s | eta 2635m
[member 1] step 67000/1805100 (ep 0.74) | loss 3.0242 | lr 2.99e-04 | 11.0 it/s | eta 2634m
[member 1] step 67100/1805100 (ep 0.74) | loss 3.0293 | lr 2.99e-04 | 11.0 it/s | eta 2633m
[member 1] step 67200/1805100 (ep 0.74) | loss 3.0330 | lr 2.99e-04 | 11.0 it/s | eta 2633m
[member 1] step 67300/1805100 (ep 0.75) | loss 3.0247 | lr 2.99e-04 | 11.0 it/s | eta 2632m
[member 1] step 67400/1805100 (ep 0.75) | loss 3.0333 | lr 2.99e-04 | 11.0 it/s | eta 2631m
[member 1] step 67500/1805100 (ep 0.75) | loss 3.0361 | lr 2.99e-04 | 11.0 it/s | eta 2631m
[member 1] step 67600/1805100 (ep 0.75) | loss 3.0298 | lr 2.99e-04 | 11.0 it/s | eta 2630m
[member 1] step 67700/1805100 (ep 0.75) | loss 3.0278 | lr 2.99e-04 | 11.0 it/s | eta 2630m
[member 1] step 67800/1805100 (ep 0.75) | loss 3.0318 | lr 2.99e-04 | 11.0 it/s | eta 2629m
[member 1] step 67900/1805100 (ep 0.75) | loss 3.0310 | lr 2.99e-04 | 11.0 it/s | eta 2628m
[member 1] step 68000/1805100 (ep 0.75) | loss 3.0319 | lr 2.99e-04 | 11.0 it/s | eta 2628m
[member 1] step 68100/1805100 (ep 0.75) | loss 3.0348 | lr 2.99e-04 | 11.0 it/s | eta 2627m
[member 1] step 68200/1805100 (ep 0.76) | loss 3.0279 | lr 2.99e-04 | 11.0 it/s | eta 2627m
[member 1] step 68300/1805100 (ep 0.76) | loss 3.0285 | lr 2.99e-04 | 11.0 it/s | eta 2626m
[member 1] step 68400/1805100 (ep 0.76) | loss 3.0302 | lr 2.99e-04 | 11.0 it/s | eta 2625m
[member 1] step 68500/1805100 (ep 0.76) | loss 3.0365 | lr 2.99e-04 | 11.0 it/s | eta 2625m
[member 1] step 68600/1805100 (ep 0.76) | loss 3.0229 | lr 2.99e-04 | 11.0 it/s | eta 2624m
[member 1] step 68700/1805100 (ep 0.76) | loss 3.0258 | lr 2.99e-04 | 11.0 it/s | eta 2624m
[member 1] step 68800/1805100 (ep 0.76) | loss 3.0289 | lr 2.99e-04 | 11.0 it/s | eta 2623m
[member 1] step 68900/1805100 (ep 0.76) | loss 3.0291 | lr 2.99e-04 | 11.0 it/s | eta 2622m
[member 1] step 69000/1805100 (ep 0.76) | loss 3.0274 | lr 2.99e-04 | 11.0 it/s | eta 2622m
[member 1] step 69100/1805100 (ep 0.77) | loss 3.0353 | lr 2.99e-04 | 11.0 it/s | eta 2621m
[member 1] step 69200/1805100 (ep 0.77) | loss 3.0278 | lr 2.99e-04 | 11.0 it/s | eta 2620m
[member 1] step 69300/1805100 (ep 0.77) | loss 3.0277 | lr 2.99e-04 | 11.0 it/s | eta 2620m
[member 1] step 69400/1805100 (ep 0.77) | loss 3.0306 | lr 2.99e-04 | 11.0 it/s | eta 2619m
[member 1] step 69500/1805100 (ep 0.77) | loss 3.0258 | lr 2.99e-04 | 11.0 it/s | eta 2619m
[member 1] step 69600/1805100 (ep 0.77) | loss 3.0291 | lr 2.99e-04 | 11.0 it/s | eta 2618m
[member 1] step 69700/1805100 (ep 0.77) | loss 3.0251 | lr 2.99e-04 | 11.1 it/s | eta 2617m
[member 1] step 69800/1805100 (ep 0.77) | loss 3.0265 | lr 2.99e-04 | 11.1 it/s | eta 2617m
[member 1] step 69900/1805100 (ep 0.77) | loss 3.0256 | lr 2.99e-04 | 11.1 it/s | eta 2616m
[member 1] step 70000/1805100 (ep 0.78) | loss 3.0254 | lr 2.99e-04 | 11.1 it/s | eta 2616m
[member 1] EVAL step 70000 (ep 0.78) | val_ce 3.9315 | best 3.5540 | base 3.5478 MISS | no-improve 6/10
[member 1] step 70100/1805100 (ep 0.78) | loss 3.0220 | lr 2.99e-04 | 10.9 it/s | eta 2665m
[member 1] step 70200/1805100 (ep 0.78) | loss 3.0238 | lr 2.99e-04 | 10.9 it/s | eta 2664m
[member 1] step 70300/1805100 (ep 0.78) | loss 3.0269 | lr 2.99e-04 | 10.9 it/s | eta 2663m
[member 1] step 70400/1805100 (ep 0.78) | loss 3.0309 | lr 2.99e-04 | 10.9 it/s | eta 2662m
[member 1] step 70500/1805100 (ep 0.78) | loss 3.0285 | lr 2.99e-04 | 10.9 it/s | eta 2662m
[member 1] step 70600/1805100 (ep 0.78) | loss 3.0159 | lr 2.99e-04 | 10.9 it/s | eta 2661m
[member 1] step 70700/1805100 (ep 0.78) | loss 3.0266 | lr 2.99e-04 | 10.9 it/s | eta 2660m
[member 1] step 70800/1805100 (ep 0.78) | loss 3.0246 | lr 2.99e-04 | 10.9 it/s | eta 2660m
[member 1] step 70900/1805100 (ep 0.79) | loss 3.0210 | lr 2.99e-04 | 10.9 it/s | eta 2659m
[member 1] step 71000/1805100 (ep 0.79) | loss 3.0176 | lr 2.99e-04 | 10.9 it/s | eta 2659m
[member 1] step 71100/1805100 (ep 0.79) | loss 3.0323 | lr 2.99e-04 | 10.9 it/s | eta 2658m
[member 1] step 71200/1805100 (ep 0.79) | loss 3.0235 | lr 2.99e-04 | 10.9 it/s | eta 2657m
[member 1] step 71300/1805100 (ep 0.79) | loss 3.0220 | lr 2.99e-04 | 10.9 it/s | eta 2657m
[member 1] step 71400/1805100 (ep 0.79) | loss 3.0262 | lr 2.99e-04 | 10.9 it/s | eta 2656m
[member 1] step 71500/1805100 (ep 0.79) | loss 3.0193 | lr 2.99e-04 | 10.9 it/s | eta 2655m
[member 1] step 71600/1805100 (ep 0.79) | loss 3.0199 | lr 2.99e-04 | 10.9 it/s | eta 2655m
[member 1] step 71700/1805100 (ep 0.79) | loss 3.0270 | lr 2.99e-04 | 10.9 it/s | eta 2654m
[member 1] step 71800/1805100 (ep 0.80) | loss 3.0265 | lr 2.99e-04 | 10.9 it/s | eta 2653m
[member 1] step 71900/1805100 (ep 0.80) | loss 3.0200 | lr 2.99e-04 | 10.9 it/s | eta 2653m
[member 1] step 72000/1805100 (ep 0.80) | loss 3.0268 | lr 2.99e-04 | 10.9 it/s | eta 2652m
[member 1] step 72100/1805100 (ep 0.80) | loss 3.0255 | lr 2.99e-04 | 10.9 it/s | eta 2651m
[member 1] step 72200/1805100 (ep 0.80) | loss 3.0200 | lr 2.99e-04 | 10.9 it/s | eta 2651m
[member 1] step 72300/1805100 (ep 0.80) | loss 3.0201 | lr 2.99e-04 | 10.9 it/s | eta 2650m
[member 1] step 72400/1805100 (ep 0.80) | loss 3.0226 | lr 2.99e-04 | 10.9 it/s | eta 2649m
[member 1] step 72500/1805100 (ep 0.80) | loss 3.0185 | lr 2.99e-04 | 10.9 it/s | eta 2649m
[member 1] step 72600/1805100 (ep 0.80) | loss 3.0233 | lr 2.99e-04 | 10.9 it/s | eta 2648m
[member 1] step 72700/1805100 (ep 0.81) | loss 3.0169 | lr 2.99e-04 | 10.9 it/s | eta 2647m
[member 1] step 72800/1805100 (ep 0.81) | loss 3.0284 | lr 2.99e-04 | 10.9 it/s | eta 2647m
[member 1] step 72900/1805100 (ep 0.81) | loss 3.0248 | lr 2.99e-04 | 10.9 it/s | eta 2646m
[member 1] step 73000/1805100 (ep 0.81) | loss 3.0232 | lr 2.99e-04 | 10.9 it/s | eta 2646m
[member 1] step 73100/1805100 (ep 0.81) | loss 3.0260 | lr 2.99e-04 | 10.9 it/s | eta 2645m
[member 1] step 73200/1805100 (ep 0.81) | loss 3.0247 | lr 2.99e-04 | 10.9 it/s | eta 2644m
[member 1] step 73300/1805100 (ep 0.81) | loss 3.0150 | lr 2.99e-04 | 10.9 it/s | eta 2644m
[member 1] step 73400/1805100 (ep 0.81) | loss 3.0254 | lr 2.99e-04 | 10.9 it/s | eta 2643m
[member 1] step 73500/1805100 (ep 0.81) | loss 3.0200 | lr 2.99e-04 | 10.9 it/s | eta 2642m
[member 1] step 73600/1805100 (ep 0.82) | loss 3.0180 | lr 2.99e-04 | 10.9 it/s | eta 2642m
[member 1] step 73700/1805100 (ep 0.82) | loss 3.0138 | lr 2.99e-04 | 10.9 it/s | eta 2641m
[member 1] step 73800/1805100 (ep 0.82) | loss 3.0140 | lr 2.99e-04 | 10.9 it/s | eta 2640m
[member 1] step 73900/1805100 (ep 0.82) | loss 3.0155 | lr 2.99e-04 | 10.9 it/s | eta 2640m
[member 1] step 74000/1805100 (ep 0.82) | loss 3.0237 | lr 2.99e-04 | 10.9 it/s | eta 2639m
[member 1] step 74100/1805100 (ep 0.82) | loss 3.0204 | lr 2.99e-04 | 10.9 it/s | eta 2639m
[member 1] step 74200/1805100 (ep 0.82) | loss 3.0159 | lr 2.99e-04 | 10.9 it/s | eta 2638m
[member 1] step 74300/1805100 (ep 0.82) | loss 3.0180 | lr 2.99e-04 | 10.9 it/s | eta 2637m
[member 1] step 74400/1805100 (ep 0.82) | loss 3.0210 | lr 2.99e-04 | 10.9 it/s | eta 2637m
[member 1] step 74500/1805100 (ep 0.83) | loss 3.0154 | lr 2.99e-04 | 10.9 it/s | eta 2636m
[member 1] step 74600/1805100 (ep 0.83) | loss 3.0179 | lr 2.99e-04 | 10.9 it/s | eta 2636m
[member 1] step 74700/1805100 (ep 0.83) | loss 3.0202 | lr 2.99e-04 | 10.9 it/s | eta 2635m
[member 1] step 74800/1805100 (ep 0.83) | loss 3.0161 | lr 2.99e-04 | 10.9 it/s | eta 2634m
[member 1] step 74900/1805100 (ep 0.83) | loss 3.0195 | lr 2.99e-04 | 10.9 it/s | eta 2634m
[member 1] step 75000/1805100 (ep 0.83) | loss 3.0180 | lr 2.99e-04 | 11.0 it/s | eta 2633m
[member 1] step 75100/1805100 (ep 0.83) | loss 3.0197 | lr 2.99e-04 | 11.0 it/s | eta 2633m
[member 1] step 75200/1805100 (ep 0.83) | loss 3.0143 | lr 2.99e-04 | 11.0 it/s | eta 2632m
[member 1] step 75300/1805100 (ep 0.83) | loss 3.0145 | lr 2.99e-04 | 11.0 it/s | eta 2631m
[member 1] step 75400/1805100 (ep 0.84) | loss 3.0169 | lr 2.99e-04 | 11.0 it/s | eta 2631m
[member 1] step 75500/1805100 (ep 0.84) | loss 3.0169 | lr 2.99e-04 | 11.0 it/s | eta 2630m
[member 1] step 75600/1805100 (ep 0.84) | loss 3.0129 | lr 2.99e-04 | 11.0 it/s | eta 2630m
[member 1] step 75700/1805100 (ep 0.84) | loss 3.0144 | lr 2.99e-04 | 11.0 it/s | eta 2629m
[member 1] step 75800/1805100 (ep 0.84) | loss 3.0203 | lr 2.99e-04 | 11.0 it/s | eta 2629m
[member 1] step 75900/1805100 (ep 0.84) | loss 3.0244 | lr 2.99e-04 | 11.0 it/s | eta 2628m
[member 1] step 76000/1805100 (ep 0.84) | loss 3.0199 | lr 2.99e-04 | 11.0 it/s | eta 2627m
[member 1] step 76100/1805100 (ep 0.84) | loss 3.0198 | lr 2.99e-04 | 11.0 it/s | eta 2627m
[member 1] step 76200/1805100 (ep 0.84) | loss 3.0102 | lr 2.99e-04 | 11.0 it/s | eta 2626m
[member 1] step 76300/1805100 (ep 0.85) | loss 3.0138 | lr 2.99e-04 | 11.0 it/s | eta 2626m
[member 1] step 76400/1805100 (ep 0.85) | loss 3.0142 | lr 2.99e-04 | 11.0 it/s | eta 2625m
[member 1] step 76500/1805100 (ep 0.85) | loss 3.0168 | lr 2.99e-04 | 11.0 it/s | eta 2624m
[member 1] step 76600/1805100 (ep 0.85) | loss 3.0140 | lr 2.99e-04 | 11.0 it/s | eta 2624m
[member 1] step 76700/1805100 (ep 0.85) | loss 3.0139 | lr 2.99e-04 | 11.0 it/s | eta 2623m
[member 1] step 76800/1805100 (ep 0.85) | loss 3.0098 | lr 2.99e-04 | 11.0 it/s | eta 2623m
[member 1] step 76900/1805100 (ep 0.85) | loss 3.0113 | lr 2.99e-04 | 11.0 it/s | eta 2622m
[member 1] step 77000/1805100 (ep 0.85) | loss 3.0150 | lr 2.99e-04 | 11.0 it/s | eta 2622m
[member 1] step 77100/1805100 (ep 0.85) | loss 3.0100 | lr 2.99e-04 | 11.0 it/s | eta 2621m
[member 1] step 77200/1805100 (ep 0.86) | loss 3.0070 | lr 2.99e-04 | 11.0 it/s | eta 2620m
[member 1] step 77300/1805100 (ep 0.86) | loss 3.0169 | lr 2.99e-04 | 11.0 it/s | eta 2620m
[member 1] step 77400/1805100 (ep 0.86) | loss 3.0143 | lr 2.99e-04 | 11.0 it/s | eta 2619m
[member 1] step 77500/1805100 (ep 0.86) | loss 3.0127 | lr 2.99e-04 | 11.0 it/s | eta 2619m
[member 1] step 77600/1805100 (ep 0.86) | loss 3.0092 | lr 2.99e-04 | 11.0 it/s | eta 2618m
[member 1] step 77700/1805100 (ep 0.86) | loss 3.0111 | lr 2.99e-04 | 11.0 it/s | eta 2618m
[member 1] step 77800/1805100 (ep 0.86) | loss 3.0143 | lr 2.99e-04 | 11.0 it/s | eta 2617m
[member 1] step 77900/1805100 (ep 0.86) | loss 3.0147 | lr 2.99e-04 | 11.0 it/s | eta 2617m
[member 1] step 78000/1805100 (ep 0.86) | loss 3.0106 | lr 2.99e-04 | 11.0 it/s | eta 2616m
[member 1] step 78100/1805100 (ep 0.87) | loss 3.0147 | lr 2.99e-04 | 11.0 it/s | eta 2615m
[member 1] step 78200/1805100 (ep 0.87) | loss 3.0106 | lr 2.99e-04 | 11.0 it/s | eta 2615m
[member 1] step 78300/1805100 (ep 0.87) | loss 3.0095 | lr 2.99e-04 | 11.0 it/s | eta 2614m
[member 1] step 78400/1805100 (ep 0.87) | loss 3.0134 | lr 2.99e-04 | 11.0 it/s | eta 2614m
[member 1] step 78500/1805100 (ep 0.87) | loss 3.0117 | lr 2.99e-04 | 11.0 it/s | eta 2613m
[member 1] step 78600/1805100 (ep 0.87) | loss 3.0127 | lr 2.99e-04 | 11.0 it/s | eta 2613m
[member 1] step 78700/1805100 (ep 0.87) | loss 3.0101 | lr 2.99e-04 | 11.0 it/s | eta 2612m
[member 1] step 78800/1805100 (ep 0.87) | loss 3.0121 | lr 2.99e-04 | 11.0 it/s | eta 2612m
[member 1] step 78900/1805100 (ep 0.87) | loss 3.0132 | lr 2.99e-04 | 11.0 it/s | eta 2611m
[member 1] step 79000/1805100 (ep 0.88) | loss 3.0075 | lr 2.99e-04 | 11.0 it/s | eta 2611m
[member 1] step 79100/1805100 (ep 0.88) | loss 3.0122 | lr 2.99e-04 | 11.0 it/s | eta 2610m
[member 1] step 79200/1805100 (ep 0.88) | loss 3.0079 | lr 2.99e-04 | 11.0 it/s | eta 2609m
[member 1] step 79300/1805100 (ep 0.88) | loss 3.0033 | lr 2.99e-04 | 11.0 it/s | eta 2609m
[member 1] step 79400/1805100 (ep 0.88) | loss 3.0089 | lr 2.99e-04 | 11.0 it/s | eta 2608m
[member 1] step 79500/1805100 (ep 0.88) | loss 3.0147 | lr 2.99e-04 | 11.0 it/s | eta 2608m
[member 1] step 79600/1805100 (ep 0.88) | loss 3.0098 | lr 2.99e-04 | 11.0 it/s | eta 2607m
[member 1] step 79700/1805100 (ep 0.88) | loss 3.0060 | lr 2.99e-04 | 11.0 it/s | eta 2607m
[member 1] step 79800/1805100 (ep 0.88) | loss 3.0108 | lr 2.99e-04 | 11.0 it/s | eta 2606m
[member 1] step 79900/1805100 (ep 0.89) | loss 3.0048 | lr 2.99e-04 | 11.0 it/s | eta 2606m
[member 1] step 80000/1805100 (ep 0.89) | loss 3.0095 | lr 2.99e-04 | 11.0 it/s | eta 2605m
[member 1] EVAL step 80000 (ep 0.89) | val_ce 3.9395 | best 3.5540 | base 3.5478 MISS | no-improve 7/10
[member 1] step 80100/1805100 (ep 0.89) | loss 3.0115 | lr 2.99e-04 | 10.9 it/s | eta 2648m
[member 1] step 80200/1805100 (ep 0.89) | loss 3.0068 | lr 2.99e-04 | 10.9 it/s | eta 2647m
[member 1] step 80300/1805100 (ep 0.89) | loss 3.0104 | lr 2.99e-04 | 10.9 it/s | eta 2647m
[member 1] step 80400/1805100 (ep 0.89) | loss 3.0075 | lr 2.99e-04 | 10.9 it/s | eta 2646m
[member 1] step 80500/1805100 (ep 0.89) | loss 3.0116 | lr 2.99e-04 | 10.9 it/s | eta 2645m
[member 1] step 80600/1805100 (ep 0.89) | loss 3.0089 | lr 2.99e-04 | 10.9 it/s | eta 2645m
[member 1] step 80700/1805100 (ep 0.89) | loss 3.0078 | lr 2.99e-04 | 10.9 it/s | eta 2644m
[member 1] step 80800/1805100 (ep 0.90) | loss 3.0095 | lr 2.99e-04 | 10.9 it/s | eta 2644m
[member 1] step 80900/1805100 (ep 0.90) | loss 3.0075 | lr 2.99e-04 | 10.9 it/s | eta 2643m
[member 1] step 81000/1805100 (ep 0.90) | loss 3.0052 | lr 2.99e-04 | 10.9 it/s | eta 2643m
[member 1] step 81100/1805100 (ep 0.90) | loss 3.0107 | lr 2.99e-04 | 10.9 it/s | eta 2642m
[member 1] step 81200/1805100 (ep 0.90) | loss 3.0022 | lr 2.99e-04 | 10.9 it/s | eta 2641m
[member 1] step 81300/1805100 (ep 0.90) | loss 3.0067 | lr 2.99e-04 | 10.9 it/s | eta 2641m
[member 1] step 81400/1805100 (ep 0.90) | loss 3.0066 | lr 2.99e-04 | 10.9 it/s | eta 2640m
[member 1] step 81500/1805100 (ep 0.90) | loss 3.0017 | lr 2.99e-04 | 10.9 it/s | eta 2640m
[member 1] step 81600/1805100 (ep 0.90) | loss 3.0106 | lr 2.99e-04 | 10.9 it/s | eta 2639m
[member 1] step 81700/1805100 (ep 0.91) | loss 3.0065 | lr 2.99e-04 | 10.9 it/s | eta 2639m
[member 1] step 81800/1805100 (ep 0.91) | loss 3.0115 | lr 2.99e-04 | 10.9 it/s | eta 2638m
[member 1] step 81900/1805100 (ep 0.91) | loss 3.0020 | lr 2.99e-04 | 10.9 it/s | eta 2637m
[member 1] step 82000/1805100 (ep 0.91) | loss 3.0094 | lr 2.99e-04 | 10.9 it/s | eta 2637m
[member 1] step 82100/1805100 (ep 0.91) | loss 3.0069 | lr 2.99e-04 | 10.9 it/s | eta 2636m
[member 1] step 82200/1805100 (ep 0.91) | loss 3.0025 | lr 2.99e-04 | 10.9 it/s | eta 2636m
[member 1] step 82300/1805100 (ep 0.91) | loss 3.0011 | lr 2.99e-04 | 10.9 it/s | eta 2635m
[member 1] step 82400/1805100 (ep 0.91) | loss 3.0078 | lr 2.99e-04 | 10.9 it/s | eta 2635m
[member 1] step 82500/1805100 (ep 0.91) | loss 3.0037 | lr 2.99e-04 | 10.9 it/s | eta 2634m
[member 1] step 82600/1805100 (ep 0.92) | loss 3.0040 | lr 2.99e-04 | 10.9 it/s | eta 2633m
[member 1] step 82700/1805100 (ep 0.92) | loss 3.0074 | lr 2.99e-04 | 10.9 it/s | eta 2633m
[member 1] step 82800/1805100 (ep 0.92) | loss 3.0021 | lr 2.99e-04 | 10.9 it/s | eta 2632m
[member 1] step 82900/1805100 (ep 0.92) | loss 3.0054 | lr 2.99e-04 | 10.9 it/s | eta 2632m
[member 1] step 83000/1805100 (ep 0.92) | loss 3.0014 | lr 2.99e-04 | 10.9 it/s | eta 2631m
[member 1] step 83100/1805100 (ep 0.92) | loss 3.0041 | lr 2.99e-04 | 10.9 it/s | eta 2631m
[member 1] step 83200/1805100 (ep 0.92) | loss 3.0016 | lr 2.99e-04 | 10.9 it/s | eta 2630m
[member 1] step 83300/1805100 (ep 0.92) | loss 3.0055 | lr 2.99e-04 | 10.9 it/s | eta 2630m
[member 1] step 83400/1805100 (ep 0.92) | loss 3.0046 | lr 2.99e-04 | 10.9 it/s | eta 2629m
[member 1] step 83500/1805100 (ep 0.93) | loss 3.0025 | lr 2.99e-04 | 10.9 it/s | eta 2629m
[member 1] step 83600/1805100 (ep 0.93) | loss 3.0033 | lr 2.99e-04 | 10.9 it/s | eta 2628m
[member 1] step 83700/1805100 (ep 0.93) | loss 3.0064 | lr 2.99e-04 | 10.9 it/s | eta 2627m
[member 1] step 83800/1805100 (ep 0.93) | loss 2.9990 | lr 2.99e-04 | 10.9 it/s | eta 2627m
[member 1] step 83900/1805100 (ep 0.93) | loss 3.0053 | lr 2.99e-04 | 10.9 it/s | eta 2626m
[member 1] step 84000/1805100 (ep 0.93) | loss 3.0005 | lr 2.99e-04 | 10.9 it/s | eta 2626m
[member 1] step 84100/1805100 (ep 0.93) | loss 3.0036 | lr 2.99e-04 | 10.9 it/s | eta 2625m
[member 1] step 84200/1805100 (ep 0.93) | loss 3.0071 | lr 2.99e-04 | 10.9 it/s | eta 2625m
[member 1] step 84300/1805100 (ep 0.93) | loss 3.0001 | lr 2.99e-04 | 10.9 it/s | eta 2624m
[member 1] step 84400/1805100 (ep 0.94) | loss 2.9978 | lr 2.99e-04 | 10.9 it/s | eta 2623m
[member 1] step 84500/1805100 (ep 0.94) | loss 3.0053 | lr 2.99e-04 | 10.9 it/s | eta 2623m
[member 1] step 84600/1805100 (ep 0.94) | loss 3.0075 | lr 2.99e-04 | 10.9 it/s | eta 2622m
[member 1] step 84700/1805100 (ep 0.94) | loss 3.0026 | lr 2.99e-04 | 10.9 it/s | eta 2622m
[member 1] step 84800/1805100 (ep 0.94) | loss 3.0024 | lr 2.99e-04 | 10.9 it/s | eta 2621m
[member 1] step 84900/1805100 (ep 0.94) | loss 3.0004 | lr 2.99e-04 | 10.9 it/s | eta 2621m
[member 1] step 85000/1805100 (ep 0.94) | loss 2.9991 | lr 2.99e-04 | 10.9 it/s | eta 2620m
[member 1] step 85100/1805100 (ep 0.94) | loss 3.0072 | lr 2.99e-04 | 10.9 it/s | eta 2620m
[member 1] step 85200/1805100 (ep 0.94) | loss 3.0008 | lr 2.99e-04 | 10.9 it/s | eta 2619m
[member 1] step 85300/1805100 (ep 0.95) | loss 3.0049 | lr 2.99e-04 | 10.9 it/s | eta 2619m
[member 1] step 85400/1805100 (ep 0.95) | loss 2.9988 | lr 2.99e-04 | 10.9 it/s | eta 2618m
[member 1] step 85500/1805100 (ep 0.95) | loss 3.0007 | lr 2.99e-04 | 10.9 it/s | eta 2617m
[member 1] step 85600/1805100 (ep 0.95) | loss 3.0034 | lr 2.99e-04 | 11.0 it/s | eta 2617m
[member 1] step 85700/1805100 (ep 0.95) | loss 3.0041 | lr 2.99e-04 | 11.0 it/s | eta 2616m
[member 1] step 85800/1805100 (ep 0.95) | loss 2.9969 | lr 2.99e-04 | 11.0 it/s | eta 2616m
[member 1] step 85900/1805100 (ep 0.95) | loss 3.0006 | lr 2.99e-04 | 11.0 it/s | eta 2615m
[member 1] step 86000/1805100 (ep 0.95) | loss 2.9983 | lr 2.99e-04 | 11.0 it/s | eta 2615m
[member 1] step 86100/1805100 (ep 0.95) | loss 2.9982 | lr 2.99e-04 | 11.0 it/s | eta 2614m
[member 1] step 86200/1805100 (ep 0.96) | loss 2.9955 | lr 2.99e-04 | 11.0 it/s | eta 2614m
[member 1] step 86300/1805100 (ep 0.96) | loss 3.0012 | lr 2.99e-04 | 11.0 it/s | eta 2613m
[member 1] step 86400/1805100 (ep 0.96) | loss 3.0002 | lr 2.99e-04 | 11.0 it/s | eta 2613m
[member 1] step 86500/1805100 (ep 0.96) | loss 2.9975 | lr 2.99e-04 | 11.0 it/s | eta 2612m
[member 1] step 86600/1805100 (ep 0.96) | loss 3.0008 | lr 2.99e-04 | 11.0 it/s | eta 2612m
[member 1] step 86700/1805100 (ep 0.96) | loss 3.0009 | lr 2.98e-04 | 11.0 it/s | eta 2611m
[member 1] step 86800/1805100 (ep 0.96) | loss 3.0020 | lr 2.98e-04 | 11.0 it/s | eta 2610m
[member 1] step 86900/1805100 (ep 0.96) | loss 2.9983 | lr 2.98e-04 | 11.0 it/s | eta 2610m
[member 1] step 87000/1805100 (ep 0.96) | loss 2.9944 | lr 2.98e-04 | 11.0 it/s | eta 2609m
[member 1] step 87100/1805100 (ep 0.97) | loss 2.9942 | lr 2.98e-04 | 11.0 it/s | eta 2609m
[member 1] step 87200/1805100 (ep 0.97) | loss 2.9973 | lr 2.98e-04 | 11.0 it/s | eta 2608m
[member 1] step 87300/1805100 (ep 0.97) | loss 2.9934 | lr 2.98e-04 | 11.0 it/s | eta 2608m
[member 1] step 87400/1805100 (ep 0.97) | loss 2.9976 | lr 2.98e-04 | 11.0 it/s | eta 2607m
[member 1] step 87500/1805100 (ep 0.97) | loss 2.9989 | lr 2.98e-04 | 11.0 it/s | eta 2607m
[member 1] step 87600/1805100 (ep 0.97) | loss 2.9956 | lr 2.98e-04 | 11.0 it/s | eta 2606m
[member 1] step 87700/1805100 (ep 0.97) | loss 2.9983 | lr 2.98e-04 | 11.0 it/s | eta 2606m
[member 1] step 87800/1805100 (ep 0.97) | loss 2.9959 | lr 2.98e-04 | 11.0 it/s | eta 2605m
[member 1] step 87900/1805100 (ep 0.97) | loss 2.9969 | lr 2.98e-04 | 11.0 it/s | eta 2605m
[member 1] step 88000/1805100 (ep 0.98) | loss 2.9948 | lr 2.98e-04 | 11.0 it/s | eta 2604m
[member 1] step 88100/1805100 (ep 0.98) | loss 2.9944 | lr 2.98e-04 | 11.0 it/s | eta 2604m
[member 1] step 88200/1805100 (ep 0.98) | loss 3.0019 | lr 2.98e-04 | 11.0 it/s | eta 2603m
[member 1] step 88300/1805100 (ep 0.98) | loss 2.9972 | lr 2.98e-04 | 11.0 it/s | eta 2603m
[member 1] step 88400/1805100 (ep 0.98) | loss 2.9947 | lr 2.98e-04 | 11.0 it/s | eta 2602m
[member 1] step 88500/1805100 (ep 0.98) | loss 3.0006 | lr 2.98e-04 | 11.0 it/s | eta 2602m
[member 1] step 88600/1805100 (ep 0.98) | loss 2.9923 | lr 2.98e-04 | 11.0 it/s | eta 2601m
[member 1] step 88700/1805100 (ep 0.98) | loss 2.9932 | lr 2.98e-04 | 11.0 it/s | eta 2601m
[member 1] step 88800/1805100 (ep 0.98) | loss 2.9901 | lr 2.98e-04 | 11.0 it/s | eta 2600m
[member 1] step 88900/1805100 (ep 0.98) | loss 2.9945 | lr 2.98e-04 | 11.0 it/s | eta 2600m
[member 1] step 89000/1805100 (ep 0.99) | loss 3.0100 | lr 2.98e-04 | 11.0 it/s | eta 2599m
[member 1] step 89100/1805100 (ep 0.99) | loss 2.9952 | lr 2.98e-04 | 11.0 it/s | eta 2599m
[member 1] step 89200/1805100 (ep 0.99) | loss 2.9988 | lr 2.98e-04 | 11.0 it/s | eta 2598m
[member 1] step 89300/1805100 (ep 0.99) | loss 2.9970 | lr 2.98e-04 | 11.0 it/s | eta 2598m
[member 1] step 89400/1805100 (ep 0.99) | loss 2.9973 | lr 2.98e-04 | 11.0 it/s | eta 2597m
[member 1] step 89500/1805100 (ep 0.99) | loss 2.9948 | lr 2.98e-04 | 11.0 it/s | eta 2597m
[member 1] step 89600/1805100 (ep 0.99) | loss 2.9930 | lr 2.98e-04 | 11.0 it/s | eta 2596m
[member 1] step 89700/1805100 (ep 0.99) | loss 2.9922 | lr 2.98e-04 | 11.0 it/s | eta 2596m
[member 1] step 89800/1805100 (ep 0.99) | loss 2.9919 | lr 2.98e-04 | 11.0 it/s | eta 2595m
[member 1] step 89900/1805100 (ep 1.00) | loss 2.9975 | lr 2.98e-04 | 11.0 it/s | eta 2595m
[member 1] step 90000/1805100 (ep 1.00) | loss 2.9966 | lr 2.98e-04 | 11.0 it/s | eta 2594m
[member 1] EVAL step 90000 (ep 1.00) | val_ce 3.9677 | best 3.5540 | base 3.5478 MISS | no-improve 8/10
[member 1] step 90100/1805100 (ep 1.00) | loss 2.9941 | lr 2.98e-04 | 10.9 it/s | eta 2632m
[member 1] step 90200/1805100 (ep 1.00) | loss 2.9938 | lr 2.98e-04 | 10.9 it/s | eta 2631m
[member 1] step 90300/1805100 (ep 1.00) | loss 2.9870 | lr 2.98e-04 | 10.9 it/s | eta 2632m
[member 1] step 90400/1805100 (ep 1.00) | loss 2.9871 | lr 2.98e-04 | 10.9 it/s | eta 2631m
[member 1] step 90500/1805100 (ep 1.00) | loss 2.9823 | lr 2.98e-04 | 10.9 it/s | eta 2631m
[member 1] step 90600/1805100 (ep 1.00) | loss 2.9861 | lr 2.98e-04 | 10.9 it/s | eta 2630m
[member 1] step 90700/1805100 (ep 1.00) | loss 2.9768 | lr 2.98e-04 | 10.9 it/s | eta 2630m
[member 1] step 90800/1805100 (ep 1.01) | loss 2.9815 | lr 2.98e-04 | 10.9 it/s | eta 2629m
[member 1] step 90900/1805100 (ep 1.01) | loss 2.9907 | lr 2.98e-04 | 10.9 it/s | eta 2629m
[member 1] step 91000/1805100 (ep 1.01) | loss 2.9898 | lr 2.98e-04 | 10.9 it/s | eta 2628m
[member 1] step 91100/1805100 (ep 1.01) | loss 2.9817 | lr 2.98e-04 | 10.9 it/s | eta 2628m
[member 1] step 91200/1805100 (ep 1.01) | loss 2.9873 | lr 2.98e-04 | 10.9 it/s | eta 2627m
[member 1] step 91300/1805100 (ep 1.01) | loss 2.9857 | lr 2.98e-04 | 10.9 it/s | eta 2627m
[member 1] step 91400/1805100 (ep 1.01) | loss 2.9847 | lr 2.98e-04 | 10.9 it/s | eta 2626m
[member 1] step 91500/1805100 (ep 1.01) | loss 2.9793 | lr 2.98e-04 | 10.9 it/s | eta 2625m
[member 1] step 91600/1805100 (ep 1.01) | loss 2.9855 | lr 2.98e-04 | 10.9 it/s | eta 2625m
[member 1] step 91700/1805100 (ep 1.02) | loss 2.9835 | lr 2.98e-04 | 10.9 it/s | eta 2624m
[member 1] step 91800/1805100 (ep 1.02) | loss 2.9882 | lr 2.98e-04 | 10.9 it/s | eta 2624m
[member 1] step 91900/1805100 (ep 1.02) | loss 2.9838 | lr 2.98e-04 | 10.9 it/s | eta 2623m
[member 1] step 92000/1805100 (ep 1.02) | loss 2.9819 | lr 2.98e-04 | 10.9 it/s | eta 2623m
[member 1] step 92100/1805100 (ep 1.02) | loss 2.9818 | lr 2.98e-04 | 10.9 it/s | eta 2622m
[member 1] step 92200/1805100 (ep 1.02) | loss 2.9896 | lr 2.98e-04 | 10.9 it/s | eta 2622m
[member 1] step 92300/1805100 (ep 1.02) | loss 2.9865 | lr 2.98e-04 | 10.9 it/s | eta 2621m
[member 1] step 92400/1805100 (ep 1.02) | loss 2.9850 | lr 2.98e-04 | 10.9 it/s | eta 2620m
[member 1] step 92500/1805100 (ep 1.02) | loss 2.9837 | lr 2.98e-04 | 10.9 it/s | eta 2620m
[member 1] step 92600/1805100 (ep 1.03) | loss 2.9845 | lr 2.98e-04 | 10.9 it/s | eta 2619m
[member 1] step 92700/1805100 (ep 1.03) | loss 2.9827 | lr 2.98e-04 | 10.9 it/s | eta 2618m
[member 1] step 92800/1805100 (ep 1.03) | loss 2.9822 | lr 2.98e-04 | 10.9 it/s | eta 2618m
[member 1] step 92900/1805100 (ep 1.03) | loss 2.9834 | lr 2.98e-04 | 10.9 it/s | eta 2617m
[member 1] step 93000/1805100 (ep 1.03) | loss 2.9825 | lr 2.98e-04 | 10.9 it/s | eta 2617m
[member 1] step 93100/1805100 (ep 1.03) | loss 2.9824 | lr 2.98e-04 | 10.9 it/s | eta 2616m
[member 1] step 93200/1805100 (ep 1.03) | loss 2.9782 | lr 2.98e-04 | 10.9 it/s | eta 2616m
[member 1] step 93300/1805100 (ep 1.03) | loss 2.9801 | lr 2.98e-04 | 10.9 it/s | eta 2615m
[member 1] step 93400/1805100 (ep 1.03) | loss 2.9792 | lr 2.98e-04 | 10.9 it/s | eta 2615m
[member 1] step 93500/1805100 (ep 1.04) | loss 2.9781 | lr 2.98e-04 | 10.9 it/s | eta 2614m
[member 1] step 93600/1805100 (ep 1.04) | loss 2.9805 | lr 2.98e-04 | 10.9 it/s | eta 2614m
[member 1] step 93700/1805100 (ep 1.04) | loss 2.9867 | lr 2.98e-04 | 10.9 it/s | eta 2613m
[member 1] step 93800/1805100 (ep 1.04) | loss 2.9802 | lr 2.98e-04 | 10.9 it/s | eta 2613m
[member 1] step 93900/1805100 (ep 1.04) | loss 2.9832 | lr 2.98e-04 | 10.9 it/s | eta 2612m
[member 1] step 94000/1805100 (ep 1.04) | loss 2.9871 | lr 2.98e-04 | 10.9 it/s | eta 2612m
[member 1] step 94100/1805100 (ep 1.04) | loss 2.9798 | lr 2.98e-04 | 10.9 it/s | eta 2611m
[member 1] step 94200/1805100 (ep 1.04) | loss 2.9787 | lr 2.98e-04 | 10.9 it/s | eta 2611m
[member 1] step 94300/1805100 (ep 1.04) | loss 2.9828 | lr 2.98e-04 | 10.9 it/s | eta 2610m
[member 1] step 94400/1805100 (ep 1.05) | loss 2.9838 | lr 2.98e-04 | 10.9 it/s | eta 2610m
[member 1] step 94500/1805100 (ep 1.05) | loss 2.9855 | lr 2.98e-04 | 10.9 it/s | eta 2609m
[member 1] step 94600/1805100 (ep 1.05) | loss 2.9854 | lr 2.98e-04 | 10.9 it/s | eta 2609m
[member 1] step 94700/1805100 (ep 1.05) | loss 2.9830 | lr 2.98e-04 | 10.9 it/s | eta 2608m
[member 1] step 94800/1805100 (ep 1.05) | loss 2.9785 | lr 2.98e-04 | 10.9 it/s | eta 2608m
[member 1] step 94900/1805100 (ep 1.05) | loss 2.9872 | lr 2.98e-04 | 10.9 it/s | eta 2607m
[member 1] step 95000/1805100 (ep 1.05) | loss 2.9887 | lr 2.98e-04 | 10.9 it/s | eta 2607m
[member 1] step 95100/1805100 (ep 1.05) | loss 2.9866 | lr 2.98e-04 | 10.9 it/s | eta 2606m
[member 1] step 95200/1805100 (ep 1.05) | loss 2.9771 | lr 2.98e-04 | 10.9 it/s | eta 2606m
[member 1] step 95300/1805100 (ep 1.06) | loss 2.9791 | lr 2.98e-04 | 10.9 it/s | eta 2605m
[member 1] step 95400/1805100 (ep 1.06) | loss 2.9808 | lr 2.98e-04 | 10.9 it/s | eta 2605m
[member 1] step 95500/1805100 (ep 1.06) | loss 2.9779 | lr 2.98e-04 | 10.9 it/s | eta 2604m
[member 1] step 95600/1805100 (ep 1.06) | loss 2.9780 | lr 2.98e-04 | 10.9 it/s | eta 2604m
[member 1] step 95700/1805100 (ep 1.06) | loss 2.9806 | lr 2.98e-04 | 10.9 it/s | eta 2603m
[member 1] step 95800/1805100 (ep 1.06) | loss 2.9780 | lr 2.98e-04 | 10.9 it/s | eta 2603m
[member 1] step 95900/1805100 (ep 1.06) | loss 2.9732 | lr 2.98e-04 | 10.9 it/s | eta 2602m
[member 1] step 96000/1805100 (ep 1.06) | loss 2.9808 | lr 2.98e-04 | 10.9 it/s | eta 2602m
[member 1] step 96100/1805100 (ep 1.06) | loss 2.9821 | lr 2.98e-04 | 10.9 it/s | eta 2601m
[member 1] step 96200/1805100 (ep 1.07) | loss 2.9794 | lr 2.98e-04 | 11.0 it/s | eta 2601m
[member 1] step 96300/1805100 (ep 1.07) | loss 2.9832 | lr 2.98e-04 | 11.0 it/s | eta 2600m
[member 1] step 96400/1805100 (ep 1.07) | loss 2.9802 | lr 2.98e-04 | 11.0 it/s | eta 2600m
[member 1] step 96500/1805100 (ep 1.07) | loss 2.9811 | lr 2.98e-04 | 11.0 it/s | eta 2599m
[member 1] step 96600/1805100 (ep 1.07) | loss 2.9772 | lr 2.98e-04 | 11.0 it/s | eta 2599m
[member 1] step 96700/1805100 (ep 1.07) | loss 2.9796 | lr 2.98e-04 | 11.0 it/s | eta 2598m
[member 1] step 96800/1805100 (ep 1.07) | loss 2.9775 | lr 2.98e-04 | 11.0 it/s | eta 2598m
[member 1] step 96900/1805100 (ep 1.07) | loss 2.9767 | lr 2.98e-04 | 11.0 it/s | eta 2597m
[member 1] step 97000/1805100 (ep 1.07) | loss 2.9798 | lr 2.98e-04 | 11.0 it/s | eta 2597m
[member 1] step 97100/1805100 (ep 1.08) | loss 2.9805 | lr 2.98e-04 | 11.0 it/s | eta 2596m
[member 1] step 97200/1805100 (ep 1.08) | loss 2.9763 | lr 2.98e-04 | 11.0 it/s | eta 2596m
[member 1] step 97300/1805100 (ep 1.08) | loss 2.9764 | lr 2.98e-04 | 11.0 it/s | eta 2596m
[member 1] step 97400/1805100 (ep 1.08) | loss 2.9777 | lr 2.98e-04 | 11.0 it/s | eta 2595m
[member 1] step 97500/1805100 (ep 1.08) | loss 2.9814 | lr 2.98e-04 | 11.0 it/s | eta 2595m
[member 1] step 97600/1805100 (ep 1.08) | loss 2.9820 | lr 2.98e-04 | 11.0 it/s | eta 2594m
[member 1] step 97700/1805100 (ep 1.08) | loss 2.9762 | lr 2.98e-04 | 11.0 it/s | eta 2594m
[member 1] step 97800/1805100 (ep 1.08) | loss 2.9738 | lr 2.98e-04 | 11.0 it/s | eta 2593m
[member 1] step 97900/1805100 (ep 1.08) | loss 2.9798 | lr 2.98e-04 | 11.0 it/s | eta 2593m
[member 1] step 98000/1805100 (ep 1.09) | loss 2.9774 | lr 2.98e-04 | 11.0 it/s | eta 2592m
[member 1] step 98100/1805100 (ep 1.09) | loss 2.9750 | lr 2.98e-04 | 11.0 it/s | eta 2592m
[member 1] step 98200/1805100 (ep 1.09) | loss 2.9793 | lr 2.98e-04 | 11.0 it/s | eta 2591m
[member 1] step 98300/1805100 (ep 1.09) | loss 2.9758 | lr 2.98e-04 | 11.0 it/s | eta 2591m
[member 1] step 98400/1805100 (ep 1.09) | loss 2.9798 | lr 2.98e-04 | 11.0 it/s | eta 2590m
[member 1] step 98500/1805100 (ep 1.09) | loss 2.9778 | lr 2.98e-04 | 11.0 it/s | eta 2590m
[member 1] step 98600/1805100 (ep 1.09) | loss 2.9779 | lr 2.98e-04 | 11.0 it/s | eta 2589m
[member 1] step 98700/1805100 (ep 1.09) | loss 2.9813 | lr 2.98e-04 | 11.0 it/s | eta 2589m
[member 1] step 98800/1805100 (ep 1.09) | loss 2.9794 | lr 2.98e-04 | 11.0 it/s | eta 2588m
[member 1] step 98900/1805100 (ep 1.10) | loss 2.9745 | lr 2.98e-04 | 11.0 it/s | eta 2588m
[member 1] step 99000/1805100 (ep 1.10) | loss 2.9725 | lr 2.98e-04 | 11.0 it/s | eta 2587m
[member 1] step 99100/1805100 (ep 1.10) | loss 2.9760 | lr 2.98e-04 | 11.0 it/s | eta 2587m
[member 1] step 99200/1805100 (ep 1.10) | loss 2.9745 | lr 2.98e-04 | 11.0 it/s | eta 2586m
[member 1] step 99300/1805100 (ep 1.10) | loss 2.9733 | lr 2.98e-04 | 11.0 it/s | eta 2586m
[member 1] step 99400/1805100 (ep 1.10) | loss 2.9769 | lr 2.98e-04 | 11.0 it/s | eta 2585m
[member 1] step 99500/1805100 (ep 1.10) | loss 2.9833 | lr 2.98e-04 | 11.0 it/s | eta 2585m
[member 1] step 99600/1805100 (ep 1.10) | loss 2.9726 | lr 2.98e-04 | 11.0 it/s | eta 2584m
[member 1] step 99700/1805100 (ep 1.10) | loss 2.9776 | lr 2.98e-04 | 11.0 it/s | eta 2584m
[member 1] step 99800/1805100 (ep 1.11) | loss 2.9834 | lr 2.98e-04 | 11.0 it/s | eta 2584m
[member 1] step 99900/1805100 (ep 1.11) | loss 2.9743 | lr 2.98e-04 | 11.0 it/s | eta 2583m
[member 1] step 100000/1805100 (ep 1.11) | loss 2.9734 | lr 2.98e-04 | 11.0 it/s | eta 2583m
[member 1] EVAL step 100000 (ep 1.11) | val_ce 4.0290 | best 3.5540 | base 3.5478 MISS | no-improve 9/10
[member 1] step 100100/1805100 (ep 1.11) | loss 2.9791 | lr 2.98e-04 | 10.9 it/s | eta 2617m
[member 1] step 100200/1805100 (ep 1.11) | loss 2.9763 | lr 2.98e-04 | 10.9 it/s | eta 2616m
[member 1] step 100300/1805100 (ep 1.11) | loss 2.9698 | lr 2.98e-04 | 10.9 it/s | eta 2616m
[member 1] step 100400/1805100 (ep 1.11) | loss 2.9796 | lr 2.98e-04 | 10.9 it/s | eta 2615m
[member 1] step 100500/1805100 (ep 1.11) | loss 2.9769 | lr 2.98e-04 | 10.9 it/s | eta 2615m
[member 1] step 100600/1805100 (ep 1.11) | loss 2.9765 | lr 2.98e-04 | 10.9 it/s | eta 2614m
[member 1] step 100700/1805100 (ep 1.12) | loss 2.9763 | lr 2.98e-04 | 10.9 it/s | eta 2614m
[member 1] step 100800/1805100 (ep 1.12) | loss 2.9752 | lr 2.98e-04 | 10.9 it/s | eta 2613m
[member 1] step 100900/1805100 (ep 1.12) | loss 2.9701 | lr 2.98e-04 | 10.9 it/s | eta 2613m
[member 1] step 101000/1805100 (ep 1.12) | loss 2.9741 | lr 2.98e-04 | 10.9 it/s | eta 2612m
[member 1] step 101100/1805100 (ep 1.12) | loss 2.9730 | lr 2.98e-04 | 10.9 it/s | eta 2612m
[member 1] step 101200/1805100 (ep 1.12) | loss 2.9740 | lr 2.98e-04 | 10.9 it/s | eta 2611m
[member 1] step 101300/1805100 (ep 1.12) | loss 2.9720 | lr 2.98e-04 | 10.9 it/s | eta 2611m
[member 1] step 101400/1805100 (ep 1.12) | loss 2.9714 | lr 2.98e-04 | 10.9 it/s | eta 2610m
[member 1] step 101500/1805100 (ep 1.12) | loss 2.9725 | lr 2.98e-04 | 10.9 it/s | eta 2610m
[member 1] step 101600/1805100 (ep 1.13) | loss 2.9754 | lr 2.98e-04 | 10.9 it/s | eta 2610m
[member 1] step 101700/1805100 (ep 1.13) | loss 2.9766 | lr 2.98e-04 | 10.9 it/s | eta 2609m
[member 1] step 101800/1805100 (ep 1.13) | loss 2.9728 | lr 2.98e-04 | 10.9 it/s | eta 2609m
[member 1] step 101900/1805100 (ep 1.13) | loss 2.9660 | lr 2.98e-04 | 10.9 it/s | eta 2608m
[member 1] step 102000/1805100 (ep 1.13) | loss 2.9711 | lr 2.98e-04 | 10.9 it/s | eta 2608m
[member 1] step 102100/1805100 (ep 1.13) | loss 2.9702 | lr 2.98e-04 | 10.9 it/s | eta 2607m
[member 1] step 102200/1805100 (ep 1.13) | loss 2.9767 | lr 2.98e-04 | 10.9 it/s | eta 2607m
[member 1] step 102300/1805100 (ep 1.13) | loss 2.9737 | lr 2.98e-04 | 10.9 it/s | eta 2606m
[member 1] step 102400/1805100 (ep 1.13) | loss 2.9771 | lr 2.98e-04 | 10.9 it/s | eta 2606m
[member 1] step 102500/1805100 (ep 1.14) | loss 2.9704 | lr 2.98e-04 | 10.9 it/s | eta 2605m
[member 1] step 102600/1805100 (ep 1.14) | loss 2.9740 | lr 2.98e-04 | 10.9 it/s | eta 2605m
[member 1] step 102700/1805100 (ep 1.14) | loss 2.9774 | lr 2.98e-04 | 10.9 it/s | eta 2604m
[member 1] step 102800/1805100 (ep 1.14) | loss 2.9723 | lr 2.98e-04 | 10.9 it/s | eta 2604m
[member 1] step 102900/1805100 (ep 1.14) | loss 2.9689 | lr 2.98e-04 | 10.9 it/s | eta 2603m
[member 1] step 103000/1805100 (ep 1.14) | loss 2.9674 | lr 2.98e-04 | 10.9 it/s | eta 2603m
[member 1] step 103100/1805100 (ep 1.14) | loss 2.9735 | lr 2.98e-04 | 10.9 it/s | eta 2602m
[member 1] step 103200/1805100 (ep 1.14) | loss 2.9702 | lr 2.98e-04 | 10.9 it/s | eta 2602m
[member 1] step 103300/1805100 (ep 1.14) | loss 2.9670 | lr 2.98e-04 | 10.9 it/s | eta 2601m
[member 1] step 103400/1805100 (ep 1.15) | loss 2.9745 | lr 2.98e-04 | 10.9 it/s | eta 2601m
[member 1] step 103500/1805100 (ep 1.15) | loss 2.9709 | lr 2.98e-04 | 10.9 it/s | eta 2600m
[member 1] step 103600/1805100 (ep 1.15) | loss 2.9674 | lr 2.98e-04 | 10.9 it/s | eta 2600m
[member 1] step 103700/1805100 (ep 1.15) | loss 2.9700 | lr 2.98e-04 | 10.9 it/s | eta 2599m
[member 1] step 103800/1805100 (ep 1.15) | loss 2.9709 | lr 2.98e-04 | 10.9 it/s | eta 2599m
[member 1] step 103900/1805100 (ep 1.15) | loss 2.9769 | lr 2.98e-04 | 10.9 it/s | eta 2598m
[member 1] step 104000/1805100 (ep 1.15) | loss 2.9676 | lr 2.98e-04 | 10.9 it/s | eta 2598m
[member 1] step 104100/1805100 (ep 1.15) | loss 2.9773 | lr 2.98e-04 | 10.9 it/s | eta 2597m
[member 1] step 104200/1805100 (ep 1.15) | loss 2.9707 | lr 2.98e-04 | 10.9 it/s | eta 2597m
[member 1] step 104300/1805100 (ep 1.16) | loss 2.9682 | lr 2.98e-04 | 10.9 it/s | eta 2596m
[member 1] step 104400/1805100 (ep 1.16) | loss 2.9713 | lr 2.98e-04 | 10.9 it/s | eta 2596m
[member 1] step 104500/1805100 (ep 1.16) | loss 2.9717 | lr 2.98e-04 | 10.9 it/s | eta 2595m
[member 1] step 104600/1805100 (ep 1.16) | loss 2.9725 | lr 2.98e-04 | 10.9 it/s | eta 2595m
[member 1] step 104700/1805100 (ep 1.16) | loss 2.9682 | lr 2.98e-04 | 10.9 it/s | eta 2594m
[member 1] step 104800/1805100 (ep 1.16) | loss 2.9683 | lr 2.98e-04 | 10.9 it/s | eta 2594m
[member 1] step 104900/1805100 (ep 1.16) | loss 2.9768 | lr 2.98e-04 | 10.9 it/s | eta 2594m
[member 1] step 105000/1805100 (ep 1.16) | loss 2.9714 | lr 2.98e-04 | 10.9 it/s | eta 2593m
[member 1] step 105100/1805100 (ep 1.16) | loss 2.9704 | lr 2.98e-04 | 10.9 it/s | eta 2593m
[member 1] step 105200/1805100 (ep 1.17) | loss 2.9665 | lr 2.98e-04 | 10.9 it/s | eta 2592m
[member 1] step 105300/1805100 (ep 1.17) | loss 2.9683 | lr 2.98e-04 | 10.9 it/s | eta 2592m
[member 1] step 105400/1805100 (ep 1.17) | loss 2.9697 | lr 2.98e-04 | 10.9 it/s | eta 2591m
[member 1] step 105500/1805100 (ep 1.17) | loss 2.9744 | lr 2.98e-04 | 10.9 it/s | eta 2591m
[member 1] step 105600/1805100 (ep 1.17) | loss 2.9674 | lr 2.98e-04 | 10.9 it/s | eta 2590m
[member 1] step 105700/1805100 (ep 1.17) | loss 2.9688 | lr 2.98e-04 | 10.9 it/s | eta 2590m
[member 1] step 105800/1805100 (ep 1.17) | loss 2.9739 | lr 2.98e-04 | 10.9 it/s | eta 2589m
[member 1] step 105900/1805100 (ep 1.17) | loss 2.9684 | lr 2.98e-04 | 10.9 it/s | eta 2589m
[member 1] step 106000/1805100 (ep 1.17) | loss 2.9653 | lr 2.98e-04 | 10.9 it/s | eta 2588m
[member 1] step 106100/1805100 (ep 1.18) | loss 2.9679 | lr 2.98e-04 | 10.9 it/s | eta 2588m
[member 1] step 106200/1805100 (ep 1.18) | loss 2.9752 | lr 2.98e-04 | 10.9 it/s | eta 2588m
[member 1] step 106300/1805100 (ep 1.18) | loss 2.9674 | lr 2.98e-04 | 10.9 it/s | eta 2587m
[member 1] step 106400/1805100 (ep 1.18) | loss 2.9636 | lr 2.98e-04 | 10.9 it/s | eta 2587m
[member 1] step 106500/1805100 (ep 1.18) | loss 2.9721 | lr 2.98e-04 | 10.9 it/s | eta 2586m
[member 1] step 106600/1805100 (ep 1.18) | loss 2.9616 | lr 2.98e-04 | 10.9 it/s | eta 2586m
[member 1] step 106700/1805100 (ep 1.18) | loss 2.9661 | lr 2.98e-04 | 10.9 it/s | eta 2585m
[member 1] step 106800/1805100 (ep 1.18) | loss 2.9639 | lr 2.98e-04 | 11.0 it/s | eta 2585m
[member 1] step 106900/1805100 (ep 1.18) | loss 2.9716 | lr 2.98e-04 | 11.0 it/s | eta 2584m
[member 1] step 107000/1805100 (ep 1.19) | loss 2.9617 | lr 2.98e-04 | 11.0 it/s | eta 2584m
[member 1] step 107100/1805100 (ep 1.19) | loss 2.9676 | lr 2.98e-04 | 11.0 it/s | eta 2583m
[member 1] step 107200/1805100 (ep 1.19) | loss 2.9662 | lr 2.98e-04 | 11.0 it/s | eta 2583m
[member 1] step 107300/1805100 (ep 1.19) | loss 2.9655 | lr 2.98e-04 | 11.0 it/s | eta 2582m
[member 1] step 107400/1805100 (ep 1.19) | loss 2.9652 | lr 2.98e-04 | 11.0 it/s | eta 2582m
[member 1] step 107500/1805100 (ep 1.19) | loss 2.9584 | lr 2.98e-04 | 11.0 it/s | eta 2582m
[member 1] step 107600/1805100 (ep 1.19) | loss 2.9650 | lr 2.98e-04 | 11.0 it/s | eta 2581m
[member 1] step 107700/1805100 (ep 1.19) | loss 2.9691 | lr 2.98e-04 | 11.0 it/s | eta 2581m
[member 1] step 107800/1805100 (ep 1.19) | loss 2.9651 | lr 2.98e-04 | 11.0 it/s | eta 2580m
[member 1] step 107900/1805100 (ep 1.20) | loss 2.9644 | lr 2.98e-04 | 11.0 it/s | eta 2580m
[member 1] step 108000/1805100 (ep 1.20) | loss 2.9682 | lr 2.98e-04 | 11.0 it/s | eta 2579m
[member 1] step 108100/1805100 (ep 1.20) | loss 2.9644 | lr 2.98e-04 | 11.0 it/s | eta 2579m
[member 1] step 108200/1805100 (ep 1.20) | loss 2.9742 | lr 2.98e-04 | 11.0 it/s | eta 2578m
[member 1] step 108300/1805100 (ep 1.20) | loss 2.9646 | lr 2.98e-04 | 11.0 it/s | eta 2578m
[member 1] step 108400/1805100 (ep 1.20) | loss 2.9690 | lr 2.98e-04 | 11.0 it/s | eta 2577m
[member 1] step 108500/1805100 (ep 1.20) | loss 2.9650 | lr 2.98e-04 | 11.0 it/s | eta 2577m
[member 1] step 108600/1805100 (ep 1.20) | loss 2.9677 | lr 2.98e-04 | 11.0 it/s | eta 2577m
[member 1] step 108700/1805100 (ep 1.20) | loss 2.9693 | lr 2.98e-04 | 11.0 it/s | eta 2576m
[member 1] step 108800/1805100 (ep 1.21) | loss 2.9676 | lr 2.98e-04 | 11.0 it/s | eta 2576m
[member 1] step 108900/1805100 (ep 1.21) | loss 2.9700 | lr 2.98e-04 | 11.0 it/s | eta 2575m
[member 1] step 109000/1805100 (ep 1.21) | loss 2.9653 | lr 2.98e-04 | 11.0 it/s | eta 2575m
[member 1] step 109100/1805100 (ep 1.21) | loss 2.9671 | lr 2.98e-04 | 11.0 it/s | eta 2574m
[member 1] step 109200/1805100 (ep 1.21) | loss 2.9655 | lr 2.98e-04 | 11.0 it/s | eta 2574m
[member 1] step 109300/1805100 (ep 1.21) | loss 2.9615 | lr 2.98e-04 | 11.0 it/s | eta 2574m
[member 1] step 109400/1805100 (ep 1.21) | loss 2.9644 | lr 2.98e-04 | 11.0 it/s | eta 2573m
[member 1] step 109500/1805100 (ep 1.21) | loss 2.9577 | lr 2.98e-04 | 11.0 it/s | eta 2573m
[member 1] step 109600/1805100 (ep 1.21) | loss 2.9668 | lr 2.98e-04 | 11.0 it/s | eta 2572m
[member 1] step 109700/1805100 (ep 1.22) | loss 2.9682 | lr 2.98e-04 | 11.0 it/s | eta 2572m
[member 1] step 109800/1805100 (ep 1.22) | loss 2.9661 | lr 2.98e-04 | 11.0 it/s | eta 2571m
[member 1] step 109900/1805100 (ep 1.22) | loss 2.9626 | lr 2.98e-04 | 11.0 it/s | eta 2571m
[member 1] step 110000/1805100 (ep 1.22) | loss 2.9628 | lr 2.98e-04 | 11.0 it/s | eta 2571m
[member 1] EVAL step 110000 (ep 1.22) | val_ce 4.1142 | best 3.5540 | base 3.5478 MISS | no-improve 10/10
[member 1] done | 110000 steps | best val CE 3.5540 | 168.8 min
[v5] member 1 (seed 142) best val CE = 3.5540
[v5] trained members [1, 2); checkpoints in /root/stonks/models/v5. Once all 4 exist, run --forecast-only (same --seed/--members/universe) to write temperatures, artifacts, and forecasts.
[v5] done (partial run).
