[v5] device=cuda | visible GPUs=1 | current=cuda:0 (NVIDIA GeForce RTX 5090)
[v5] building frames for 7597 tickers ...
[v5] usable frames: 7094
[v5] eval_mode=time eval_tickers=0 val_tickers=0
[v5] scaler fit on 23948324 train rows
[v5] era-proxy audit (|rho|>0.2): none
[v5] class rates [train] (down/neutral/up): 1d:[0.21, 0.58, 0.21]  1w:[0.21, 0.57, 0.22]  1m:[0.21, 0.54, 0.24]  6m:[0.22, 0.51, 0.26]
[v5] class rates [val] (down/neutral/up): 1d:[0.21, 0.59, 0.21]  1w:[0.22, 0.56, 0.22]  1m:[0.23, 0.53, 0.23]  6m:[0.23, 0.52, 0.25]
[v5] class rates [oos] (down/neutral/up): 1d:[0.21, 0.58, 0.21]  1w:[0.21, 0.56, 0.23]  1m:[0.22, 0.53, 0.25]  6m:[0.23, 0.46, 0.31]
[v5] train windows: 23105132 | val windows (subsampled): 1000000 | eval tickers: 4992
[v5] schedule | 90255 steps/epoch | budget 1805100 steps (~20.0 ep) | t_max 1805100 | eval every 10000 steps | patience 10 (~100000 steps no-improve) | workers 8 | members [2, 3)
[v5] val constant-marginal baseline CE = 3.5478 (model must beat this to be learning anything conditional)
[member 2] start | 23105132 train / 1000000 val windows | 90255 steps/epoch | eval every 10000 steps | max 1805100 steps | patience 10
[member 2] step 100/1805100 (ep 0.00) | loss 4.1581 | lr 3.00e-05 | 7.4 it/s | eta 4088m
[member 2] step 200/1805100 (ep 0.00) | loss 3.6605 | lr 6.00e-05 | 9.2 it/s | eta 3255m
[member 2] step 300/1805100 (ep 0.00) | loss 3.5355 | lr 9.00e-05 | 10.1 it/s | eta 2983m
[member 2] step 400/1805100 (ep 0.00) | loss 3.5077 | lr 1.20e-04 | 10.5 it/s | eta 2852m
[member 2] step 500/1805100 (ep 0.01) | loss 3.5065 | lr 1.50e-04 | 10.9 it/s | eta 2769m
[member 2] step 600/1805100 (ep 0.01) | loss 3.4985 | lr 1.80e-04 | 11.1 it/s | eta 2716m
[member 2] step 700/1805100 (ep 0.01) | loss 3.4962 | lr 2.10e-04 | 11.2 it/s | eta 2678m
[member 2] step 800/1805100 (ep 0.01) | loss 3.4951 | lr 2.40e-04 | 11.4 it/s | eta 2649m
[member 2] step 900/1805100 (ep 0.01) | loss 3.4875 | lr 2.70e-04 | 11.4 it/s | eta 2626m
[member 2] step 1000/1805100 (ep 0.01) | loss 3.4886 | lr 3.00e-04 | 11.5 it/s | eta 2606m
[member 2] step 1100/1805100 (ep 0.01) | loss 3.4821 | lr 3.00e-04 | 11.6 it/s | eta 2590m
[member 2] step 1200/1805100 (ep 0.01) | loss 3.4757 | lr 3.00e-04 | 11.7 it/s | eta 2575m
[member 2] step 1300/1805100 (ep 0.01) | loss 3.4777 | lr 3.00e-04 | 11.7 it/s | eta 2563m
[member 2] step 1400/1805100 (ep 0.02) | loss 3.4705 | lr 3.00e-04 | 11.8 it/s | eta 2552m
[member 2] step 1500/1805100 (ep 0.02) | loss 3.4648 | lr 3.00e-04 | 11.8 it/s | eta 2543m
[member 2] step 1600/1805100 (ep 0.02) | loss 3.4557 | lr 3.00e-04 | 11.8 it/s | eta 2537m
[member 2] step 1700/1805100 (ep 0.02) | loss 3.4507 | lr 3.00e-04 | 11.9 it/s | eta 2531m
[member 2] step 1800/1805100 (ep 0.02) | loss 3.4464 | lr 3.00e-04 | 11.9 it/s | eta 2527m
[member 2] step 1900/1805100 (ep 0.02) | loss 3.4465 | lr 3.00e-04 | 11.9 it/s | eta 2524m
[member 2] step 2000/1805100 (ep 0.02) | loss 3.4366 | lr 3.00e-04 | 11.9 it/s | eta 2520m
[member 2] step 2100/1805100 (ep 0.02) | loss 3.4358 | lr 3.00e-04 | 11.9 it/s | eta 2517m
[member 2] step 2200/1805100 (ep 0.02) | loss 3.4353 | lr 3.00e-04 | 12.0 it/s | eta 2514m
[member 2] step 2300/1805100 (ep 0.03) | loss 3.4284 | lr 3.00e-04 | 12.0 it/s | eta 2511m
[member 2] step 2400/1805100 (ep 0.03) | loss 3.4288 | lr 3.00e-04 | 12.0 it/s | eta 2509m
[member 2] step 2500/1805100 (ep 0.03) | loss 3.4203 | lr 3.00e-04 | 12.0 it/s | eta 2507m
[member 2] step 2600/1805100 (ep 0.03) | loss 3.4226 | lr 3.00e-04 | 12.0 it/s | eta 2504m
[member 2] step 2700/1805100 (ep 0.03) | loss 3.4245 | lr 3.00e-04 | 12.0 it/s | eta 2502m
[member 2] step 2800/1805100 (ep 0.03) | loss 3.4175 | lr 3.00e-04 | 12.0 it/s | eta 2500m
[member 2] step 2900/1805100 (ep 0.03) | loss 3.4143 | lr 3.00e-04 | 12.0 it/s | eta 2497m
[member 2] step 3000/1805100 (ep 0.03) | loss 3.4172 | lr 3.00e-04 | 12.0 it/s | eta 2495m
[member 2] step 3100/1805100 (ep 0.03) | loss 3.4106 | lr 3.00e-04 | 12.0 it/s | eta 2493m
[member 2] step 3200/1805100 (ep 0.04) | loss 3.4073 | lr 3.00e-04 | 12.0 it/s | eta 2492m
[member 2] step 3300/1805100 (ep 0.04) | loss 3.4088 | lr 3.00e-04 | 12.1 it/s | eta 2491m
[member 2] step 3400/1805100 (ep 0.04) | loss 3.4046 | lr 3.00e-04 | 12.1 it/s | eta 2489m
[member 2] step 3500/1805100 (ep 0.04) | loss 3.4038 | lr 3.00e-04 | 12.1 it/s | eta 2487m
[member 2] step 3600/1805100 (ep 0.04) | loss 3.3920 | lr 3.00e-04 | 12.1 it/s | eta 2485m
[member 2] step 3700/1805100 (ep 0.04) | loss 3.3984 | lr 3.00e-04 | 12.1 it/s | eta 2484m
[member 2] step 3800/1805100 (ep 0.04) | loss 3.4007 | lr 3.00e-04 | 12.1 it/s | eta 2482m
[member 2] step 3900/1805100 (ep 0.04) | loss 3.3990 | lr 3.00e-04 | 12.1 it/s | eta 2481m
[member 2] step 4000/1805100 (ep 0.04) | loss 3.3922 | lr 3.00e-04 | 12.1 it/s | eta 2479m
[member 2] step 4100/1805100 (ep 0.05) | loss 3.3863 | lr 3.00e-04 | 12.1 it/s | eta 2477m
[member 2] step 4200/1805100 (ep 0.05) | loss 3.3921 | lr 3.00e-04 | 12.1 it/s | eta 2476m
[member 2] step 4300/1805100 (ep 0.05) | loss 3.3897 | lr 3.00e-04 | 12.1 it/s | eta 2474m
[member 2] step 4400/1805100 (ep 0.05) | loss 3.3831 | lr 3.00e-04 | 12.1 it/s | eta 2473m
[member 2] step 4500/1805100 (ep 0.05) | loss 3.3880 | lr 3.00e-04 | 12.1 it/s | eta 2472m
[member 2] step 4600/1805100 (ep 0.05) | loss 3.3881 | lr 3.00e-04 | 12.1 it/s | eta 2471m
[member 2] step 4700/1805100 (ep 0.05) | loss 3.3884 | lr 3.00e-04 | 12.2 it/s | eta 2470m
[member 2] step 4800/1805100 (ep 0.05) | loss 3.3827 | lr 3.00e-04 | 12.2 it/s | eta 2468m
[member 2] step 4900/1805100 (ep 0.05) | loss 3.3843 | lr 3.00e-04 | 12.2 it/s | eta 2467m
[member 2] step 5000/1805100 (ep 0.06) | loss 3.3680 | lr 3.00e-04 | 12.2 it/s | eta 2464m
[member 2] step 5100/1805100 (ep 0.06) | loss 3.3746 | lr 3.00e-04 | 12.2 it/s | eta 2461m
[member 2] step 5200/1805100 (ep 0.06) | loss 3.3782 | lr 3.00e-04 | 12.2 it/s | eta 2459m
[member 2] step 5300/1805100 (ep 0.06) | loss 3.3783 | lr 3.00e-04 | 12.2 it/s | eta 2458m
[member 2] step 5400/1805100 (ep 0.06) | loss 3.3777 | lr 3.00e-04 | 12.2 it/s | eta 2457m
[member 2] step 5500/1805100 (ep 0.06) | loss 3.3699 | lr 3.00e-04 | 12.2 it/s | eta 2456m
[member 2] step 5600/1805100 (ep 0.06) | loss 3.3634 | lr 3.00e-04 | 12.2 it/s | eta 2456m
[member 2] step 5700/1805100 (ep 0.06) | loss 3.3645 | lr 3.00e-04 | 12.2 it/s | eta 2455m
[member 2] step 5800/1805100 (ep 0.06) | loss 3.3674 | lr 3.00e-04 | 12.2 it/s | eta 2454m
[member 2] step 5900/1805100 (ep 0.07) | loss 3.3682 | lr 3.00e-04 | 12.2 it/s | eta 2453m
[member 2] step 6000/1805100 (ep 0.07) | loss 3.3550 | lr 3.00e-04 | 12.2 it/s | eta 2453m
[member 2] step 6100/1805100 (ep 0.07) | loss 3.3538 | lr 3.00e-04 | 12.2 it/s | eta 2452m
[member 2] step 6200/1805100 (ep 0.07) | loss 3.3577 | lr 3.00e-04 | 12.2 it/s | eta 2452m
[member 2] step 6300/1805100 (ep 0.07) | loss 3.3548 | lr 3.00e-04 | 12.2 it/s | eta 2451m
[member 2] step 6400/1805100 (ep 0.07) | loss 3.3562 | lr 3.00e-04 | 12.2 it/s | eta 2451m
[member 2] step 6500/1805100 (ep 0.07) | loss 3.3566 | lr 3.00e-04 | 12.2 it/s | eta 2451m
[member 2] step 6600/1805100 (ep 0.07) | loss 3.3495 | lr 3.00e-04 | 12.2 it/s | eta 2450m
[member 2] step 6700/1805100 (ep 0.07) | loss 3.3543 | lr 3.00e-04 | 12.2 it/s | eta 2450m
[member 2] step 6800/1805100 (ep 0.08) | loss 3.3518 | lr 3.00e-04 | 12.2 it/s | eta 2450m
[member 2] step 6900/1805100 (ep 0.08) | loss 3.3484 | lr 3.00e-04 | 12.2 it/s | eta 2449m
[member 2] step 7000/1805100 (ep 0.08) | loss 3.3500 | lr 3.00e-04 | 12.2 it/s | eta 2449m
[member 2] step 7100/1805100 (ep 0.08) | loss 3.3492 | lr 3.00e-04 | 12.2 it/s | eta 2449m
[member 2] step 7200/1805100 (ep 0.08) | loss 3.3457 | lr 3.00e-04 | 12.2 it/s | eta 2449m
[member 2] step 7300/1805100 (ep 0.08) | loss 3.3458 | lr 3.00e-04 | 12.2 it/s | eta 2448m
[member 2] step 7400/1805100 (ep 0.08) | loss 3.3471 | lr 3.00e-04 | 12.2 it/s | eta 2448m
[member 2] step 7500/1805100 (ep 0.08) | loss 3.3450 | lr 3.00e-04 | 12.2 it/s | eta 2447m
[member 2] step 7600/1805100 (ep 0.08) | loss 3.3417 | lr 3.00e-04 | 12.2 it/s | eta 2447m
[member 2] step 7700/1805100 (ep 0.09) | loss 3.3392 | lr 3.00e-04 | 12.2 it/s | eta 2446m
[member 2] step 7800/1805100 (ep 0.09) | loss 3.3347 | lr 3.00e-04 | 12.2 it/s | eta 2446m
[member 2] step 7900/1805100 (ep 0.09) | loss 3.3316 | lr 3.00e-04 | 12.2 it/s | eta 2446m
[member 2] step 8000/1805100 (ep 0.09) | loss 3.3347 | lr 3.00e-04 | 12.3 it/s | eta 2444m
[member 2] step 8100/1805100 (ep 0.09) | loss 3.3352 | lr 3.00e-04 | 12.3 it/s | eta 2444m
[member 2] step 8200/1805100 (ep 0.09) | loss 3.3364 | lr 3.00e-04 | 12.3 it/s | eta 2443m
[member 2] step 8300/1805100 (ep 0.09) | loss 3.3321 | lr 3.00e-04 | 12.3 it/s | eta 2443m
[member 2] step 8400/1805100 (ep 0.09) | loss 3.3341 | lr 3.00e-04 | 12.3 it/s | eta 2443m
[member 2] step 8500/1805100 (ep 0.09) | loss 3.3283 | lr 3.00e-04 | 12.3 it/s | eta 2442m
[member 2] step 8600/1805100 (ep 0.10) | loss 3.3369 | lr 3.00e-04 | 12.3 it/s | eta 2442m
[member 2] step 8700/1805100 (ep 0.10) | loss 3.3340 | lr 3.00e-04 | 12.3 it/s | eta 2442m
[member 2] step 8800/1805100 (ep 0.10) | loss 3.3296 | lr 3.00e-04 | 12.3 it/s | eta 2441m
[member 2] step 8900/1805100 (ep 0.10) | loss 3.3294 | lr 3.00e-04 | 12.3 it/s | eta 2441m
[member 2] step 9000/1805100 (ep 0.10) | loss 3.3273 | lr 3.00e-04 | 12.3 it/s | eta 2440m
[member 2] step 9100/1805100 (ep 0.10) | loss 3.3277 | lr 3.00e-04 | 12.3 it/s | eta 2439m
[member 2] step 9200/1805100 (ep 0.10) | loss 3.3224 | lr 3.00e-04 | 12.3 it/s | eta 2439m
[member 2] step 9300/1805100 (ep 0.10) | loss 3.3220 | lr 3.00e-04 | 12.3 it/s | eta 2439m
[member 2] step 9400/1805100 (ep 0.10) | loss 3.3213 | lr 3.00e-04 | 12.3 it/s | eta 2439m
[member 2] step 9500/1805100 (ep 0.11) | loss 3.3192 | lr 3.00e-04 | 12.3 it/s | eta 2438m
[member 2] step 9600/1805100 (ep 0.11) | loss 3.3216 | lr 3.00e-04 | 12.3 it/s | eta 2438m
[member 2] step 9700/1805100 (ep 0.11) | loss 3.3266 | lr 3.00e-04 | 12.3 it/s | eta 2438m
[member 2] step 9800/1805100 (ep 0.11) | loss 3.3189 | lr 3.00e-04 | 12.3 it/s | eta 2437m
[member 2] step 9900/1805100 (ep 0.11) | loss 3.3191 | lr 3.00e-04 | 12.3 it/s | eta 2437m
[member 2] step 10000/1805100 (ep 0.11) | loss 3.3166 | lr 3.00e-04 | 12.3 it/s | eta 2437m
[member 2] EVAL step 10000 (ep 0.11) | val_ce 3.5605 | best 3.5605 | base 3.5478 MISS | IMPROVED
[member 2] step 10100/1805100 (ep 0.11) | loss 3.3136 | lr 3.00e-04 | 10.7 it/s | eta 2798m
[member 2] step 10200/1805100 (ep 0.11) | loss 3.3163 | lr 3.00e-04 | 10.7 it/s | eta 2795m
[member 2] step 10300/1805100 (ep 0.11) | loss 3.3176 | lr 3.00e-04 | 10.7 it/s | eta 2791m
[member 2] step 10400/1805100 (ep 0.12) | loss 3.3106 | lr 3.00e-04 | 10.7 it/s | eta 2787m
[member 2] step 10500/1805100 (ep 0.12) | loss 3.3173 | lr 3.00e-04 | 10.7 it/s | eta 2783m
[member 2] step 10600/1805100 (ep 0.12) | loss 3.3100 | lr 3.00e-04 | 10.8 it/s | eta 2780m
[member 2] step 10700/1805100 (ep 0.12) | loss 3.3070 | lr 3.00e-04 | 10.8 it/s | eta 2776m
[member 2] step 10800/1805100 (ep 0.12) | loss 3.3016 | lr 3.00e-04 | 10.8 it/s | eta 2773m
[member 2] step 10900/1805100 (ep 0.12) | loss 3.3026 | lr 3.00e-04 | 10.8 it/s | eta 2770m
[member 2] step 11000/1805100 (ep 0.12) | loss 3.3038 | lr 3.00e-04 | 10.8 it/s | eta 2766m
[member 2] step 11100/1805100 (ep 0.12) | loss 3.3094 | lr 3.00e-04 | 10.8 it/s | eta 2763m
[member 2] step 11200/1805100 (ep 0.12) | loss 3.3024 | lr 3.00e-04 | 10.8 it/s | eta 2760m
[member 2] step 11300/1805100 (ep 0.13) | loss 3.3059 | lr 3.00e-04 | 10.8 it/s | eta 2757m
[member 2] step 11400/1805100 (ep 0.13) | loss 3.2996 | lr 3.00e-04 | 10.9 it/s | eta 2754m
[member 2] step 11500/1805100 (ep 0.13) | loss 3.3016 | lr 3.00e-04 | 10.9 it/s | eta 2751m
[member 2] step 11600/1805100 (ep 0.13) | loss 3.2984 | lr 3.00e-04 | 10.9 it/s | eta 2748m
[member 2] step 11700/1805100 (ep 0.13) | loss 3.3026 | lr 3.00e-04 | 10.9 it/s | eta 2745m
[member 2] step 11800/1805100 (ep 0.13) | loss 3.3008 | lr 3.00e-04 | 10.9 it/s | eta 2742m
[member 2] step 11900/1805100 (ep 0.13) | loss 3.3075 | lr 3.00e-04 | 10.9 it/s | eta 2739m
[member 2] step 12000/1805100 (ep 0.13) | loss 3.2971 | lr 3.00e-04 | 10.9 it/s | eta 2736m
[member 2] step 12100/1805100 (ep 0.13) | loss 3.2953 | lr 3.00e-04 | 10.9 it/s | eta 2733m
[member 2] step 12200/1805100 (ep 0.14) | loss 3.2906 | lr 3.00e-04 | 10.9 it/s | eta 2730m
[member 2] step 12300/1805100 (ep 0.14) | loss 3.2922 | lr 3.00e-04 | 11.0 it/s | eta 2728m
[member 2] step 12400/1805100 (ep 0.14) | loss 3.2888 | lr 3.00e-04 | 11.0 it/s | eta 2725m
[member 2] step 12500/1805100 (ep 0.14) | loss 3.2932 | lr 3.00e-04 | 11.0 it/s | eta 2722m
[member 2] step 12600/1805100 (ep 0.14) | loss 3.2838 | lr 3.00e-04 | 11.0 it/s | eta 2720m
[member 2] step 12700/1805100 (ep 0.14) | loss 3.2827 | lr 3.00e-04 | 11.0 it/s | eta 2717m
[member 2] step 12800/1805100 (ep 0.14) | loss 3.2886 | lr 3.00e-04 | 11.0 it/s | eta 2714m
[member 2] step 12900/1805100 (ep 0.14) | loss 3.2859 | lr 3.00e-04 | 11.0 it/s | eta 2711m
[member 2] step 13000/1805100 (ep 0.14) | loss 3.2827 | lr 3.00e-04 | 11.0 it/s | eta 2708m
[member 2] step 13100/1805100 (ep 0.15) | loss 3.2840 | lr 3.00e-04 | 11.0 it/s | eta 2706m
[member 2] step 13200/1805100 (ep 0.15) | loss 3.2845 | lr 3.00e-04 | 11.0 it/s | eta 2703m
[member 2] step 13300/1805100 (ep 0.15) | loss 3.2796 | lr 3.00e-04 | 11.1 it/s | eta 2701m
[member 2] step 13400/1805100 (ep 0.15) | loss 3.2830 | lr 3.00e-04 | 11.1 it/s | eta 2698m
[member 2] step 13500/1805100 (ep 0.15) | loss 3.2783 | lr 3.00e-04 | 11.1 it/s | eta 2696m
[member 2] step 13600/1805100 (ep 0.15) | loss 3.2713 | lr 3.00e-04 | 11.1 it/s | eta 2694m
[member 2] step 13700/1805100 (ep 0.15) | loss 3.2805 | lr 3.00e-04 | 11.1 it/s | eta 2692m
[member 2] step 13800/1805100 (ep 0.15) | loss 3.2741 | lr 3.00e-04 | 11.1 it/s | eta 2690m
[member 2] step 13900/1805100 (ep 0.15) | loss 3.2720 | lr 3.00e-04 | 11.1 it/s | eta 2687m
[member 2] step 14000/1805100 (ep 0.16) | loss 3.2812 | lr 3.00e-04 | 11.1 it/s | eta 2685m
[member 2] step 14100/1805100 (ep 0.16) | loss 3.2697 | lr 3.00e-04 | 11.1 it/s | eta 2683m
[member 2] step 14200/1805100 (ep 0.16) | loss 3.2628 | lr 3.00e-04 | 11.1 it/s | eta 2681m
[member 2] step 14300/1805100 (ep 0.16) | loss 3.2689 | lr 3.00e-04 | 11.1 it/s | eta 2679m
[member 2] step 14400/1805100 (ep 0.16) | loss 3.2702 | lr 3.00e-04 | 11.2 it/s | eta 2677m
[member 2] step 14500/1805100 (ep 0.16) | loss 3.2655 | lr 3.00e-04 | 11.2 it/s | eta 2674m
[member 2] step 14600/1805100 (ep 0.16) | loss 3.2710 | lr 3.00e-04 | 11.2 it/s | eta 2672m
[member 2] step 14700/1805100 (ep 0.16) | loss 3.2641 | lr 3.00e-04 | 11.2 it/s | eta 2670m
[member 2] step 14800/1805100 (ep 0.16) | loss 3.2689 | lr 3.00e-04 | 11.2 it/s | eta 2668m
[member 2] step 14900/1805100 (ep 0.17) | loss 3.2656 | lr 3.00e-04 | 11.2 it/s | eta 2667m
[member 2] step 15000/1805100 (ep 0.17) | loss 3.2572 | lr 3.00e-04 | 11.2 it/s | eta 2665m
[member 2] step 15100/1805100 (ep 0.17) | loss 3.2663 | lr 3.00e-04 | 11.2 it/s | eta 2663m
[member 2] step 15200/1805100 (ep 0.17) | loss 3.2579 | lr 3.00e-04 | 11.2 it/s | eta 2661m
[member 2] step 15300/1805100 (ep 0.17) | loss 3.2628 | lr 3.00e-04 | 11.2 it/s | eta 2658m
[member 2] step 15400/1805100 (ep 0.17) | loss 3.2621 | lr 3.00e-04 | 11.2 it/s | eta 2656m
[member 2] step 15500/1805100 (ep 0.17) | loss 3.2636 | lr 3.00e-04 | 11.2 it/s | eta 2653m
[member 2] step 15600/1805100 (ep 0.17) | loss 3.2497 | lr 3.00e-04 | 11.3 it/s | eta 2651m
[member 2] step 15700/1805100 (ep 0.17) | loss 3.2530 | lr 3.00e-04 | 11.3 it/s | eta 2649m
[member 2] step 15800/1805100 (ep 0.18) | loss 3.2524 | lr 3.00e-04 | 11.3 it/s | eta 2646m
[member 2] step 15900/1805100 (ep 0.18) | loss 3.2529 | lr 3.00e-04 | 11.3 it/s | eta 2644m
[member 2] step 16000/1805100 (ep 0.18) | loss 3.2512 | lr 3.00e-04 | 11.3 it/s | eta 2642m
[member 2] step 16100/1805100 (ep 0.18) | loss 3.2575 | lr 3.00e-04 | 11.3 it/s | eta 2640m
[member 2] step 16200/1805100 (ep 0.18) | loss 3.2558 | lr 3.00e-04 | 11.3 it/s | eta 2639m
[member 2] step 16300/1805100 (ep 0.18) | loss 3.2452 | lr 3.00e-04 | 11.3 it/s | eta 2637m
[member 2] step 16400/1805100 (ep 0.18) | loss 3.2532 | lr 3.00e-04 | 11.3 it/s | eta 2636m
[member 2] step 16500/1805100 (ep 0.18) | loss 3.2575 | lr 3.00e-04 | 11.3 it/s | eta 2634m
[member 2] step 16600/1805100 (ep 0.18) | loss 3.2473 | lr 3.00e-04 | 11.3 it/s | eta 2633m
[member 2] step 16700/1805100 (ep 0.19) | loss 3.2394 | lr 3.00e-04 | 11.3 it/s | eta 2631m
[member 2] step 16800/1805100 (ep 0.19) | loss 3.2403 | lr 3.00e-04 | 11.3 it/s | eta 2630m
[member 2] step 16900/1805100 (ep 0.19) | loss 3.2379 | lr 3.00e-04 | 11.3 it/s | eta 2628m
[member 2] step 17000/1805100 (ep 0.19) | loss 3.2445 | lr 3.00e-04 | 11.3 it/s | eta 2627m
[member 2] step 17100/1805100 (ep 0.19) | loss 3.2391 | lr 3.00e-04 | 11.4 it/s | eta 2625m
[member 2] step 17200/1805100 (ep 0.19) | loss 3.2417 | lr 3.00e-04 | 11.4 it/s | eta 2624m
[member 2] step 17300/1805100 (ep 0.19) | loss 3.2399 | lr 3.00e-04 | 11.4 it/s | eta 2623m
[member 2] step 17400/1805100 (ep 0.19) | loss 3.2439 | lr 3.00e-04 | 11.4 it/s | eta 2621m
[member 2] step 17500/1805100 (ep 0.19) | loss 3.2404 | lr 3.00e-04 | 11.4 it/s | eta 2620m
[member 2] step 17600/1805100 (ep 0.20) | loss 3.2279 | lr 3.00e-04 | 11.4 it/s | eta 2618m
[member 2] step 17700/1805100 (ep 0.20) | loss 3.2298 | lr 3.00e-04 | 11.4 it/s | eta 2617m
[member 2] step 17800/1805100 (ep 0.20) | loss 3.2335 | lr 3.00e-04 | 11.4 it/s | eta 2616m
[member 2] step 17900/1805100 (ep 0.20) | loss 3.2342 | lr 3.00e-04 | 11.4 it/s | eta 2614m
[member 2] step 18000/1805100 (ep 0.20) | loss 3.2218 | lr 3.00e-04 | 11.4 it/s | eta 2613m
[member 2] step 18100/1805100 (ep 0.20) | loss 3.2222 | lr 3.00e-04 | 11.4 it/s | eta 2612m
[member 2] step 18200/1805100 (ep 0.20) | loss 3.2287 | lr 3.00e-04 | 11.4 it/s | eta 2611m
[member 2] step 18300/1805100 (ep 0.20) | loss 3.2272 | lr 3.00e-04 | 11.4 it/s | eta 2609m
[member 2] step 18400/1805100 (ep 0.20) | loss 3.2253 | lr 3.00e-04 | 11.4 it/s | eta 2608m
[member 2] step 18500/1805100 (ep 0.20) | loss 3.2297 | lr 3.00e-04 | 11.4 it/s | eta 2607m
[member 2] step 18600/1805100 (ep 0.21) | loss 3.2270 | lr 3.00e-04 | 11.4 it/s | eta 2606m
[member 2] step 18700/1805100 (ep 0.21) | loss 3.2259 | lr 3.00e-04 | 11.4 it/s | eta 2604m
[member 2] step 18800/1805100 (ep 0.21) | loss 3.2252 | lr 3.00e-04 | 11.4 it/s | eta 2603m
[member 2] step 18900/1805100 (ep 0.21) | loss 3.2217 | lr 3.00e-04 | 11.4 it/s | eta 2602m
[member 2] step 19000/1805100 (ep 0.21) | loss 3.2192 | lr 3.00e-04 | 11.4 it/s | eta 2601m
[member 2] step 19100/1805100 (ep 0.21) | loss 3.2163 | lr 3.00e-04 | 11.5 it/s | eta 2599m
[member 2] step 19200/1805100 (ep 0.21) | loss 3.2187 | lr 3.00e-04 | 11.5 it/s | eta 2598m
[member 2] step 19300/1805100 (ep 0.21) | loss 3.2237 | lr 3.00e-04 | 11.5 it/s | eta 2597m
[member 2] step 19400/1805100 (ep 0.21) | loss 3.2147 | lr 3.00e-04 | 11.5 it/s | eta 2596m
[member 2] step 19500/1805100 (ep 0.22) | loss 3.2158 | lr 3.00e-04 | 11.5 it/s | eta 2595m
[member 2] step 19600/1805100 (ep 0.22) | loss 3.2167 | lr 3.00e-04 | 11.5 it/s | eta 2594m
[member 2] step 19700/1805100 (ep 0.22) | loss 3.2175 | lr 3.00e-04 | 11.5 it/s | eta 2592m
[member 2] step 19800/1805100 (ep 0.22) | loss 3.2141 | lr 3.00e-04 | 11.5 it/s | eta 2592m
[member 2] step 19900/1805100 (ep 0.22) | loss 3.2097 | lr 3.00e-04 | 11.5 it/s | eta 2591m
[member 2] step 20000/1805100 (ep 0.22) | loss 3.2147 | lr 3.00e-04 | 11.5 it/s | eta 2590m
[member 2] EVAL step 20000 (ep 0.22) | val_ce 3.6631 | best 3.5605 | base 3.5478 MISS | no-improve 1/10
[member 2] step 20100/1805100 (ep 0.22) | loss 3.2070 | lr 3.00e-04 | 10.8 it/s | eta 2766m
[member 2] step 20200/1805100 (ep 0.22) | loss 3.2101 | lr 3.00e-04 | 10.8 it/s | eta 2764m
[member 2] step 20300/1805100 (ep 0.22) | loss 3.2160 | lr 3.00e-04 | 10.8 it/s | eta 2762m
[member 2] step 20400/1805100 (ep 0.23) | loss 3.2109 | lr 3.00e-04 | 10.8 it/s | eta 2760m
[member 2] step 20500/1805100 (ep 0.23) | loss 3.2118 | lr 3.00e-04 | 10.8 it/s | eta 2758m
[member 2] step 20600/1805100 (ep 0.23) | loss 3.2128 | lr 3.00e-04 | 10.8 it/s | eta 2757m
[member 2] step 20700/1805100 (ep 0.23) | loss 3.2075 | lr 3.00e-04 | 10.8 it/s | eta 2755m
[member 2] step 20800/1805100 (ep 0.23) | loss 3.1992 | lr 3.00e-04 | 10.8 it/s | eta 2753m
[member 2] step 20900/1805100 (ep 0.23) | loss 3.2021 | lr 3.00e-04 | 10.8 it/s | eta 2751m
[member 2] step 21000/1805100 (ep 0.23) | loss 3.2029 | lr 3.00e-04 | 10.8 it/s | eta 2749m
[member 2] step 21100/1805100 (ep 0.23) | loss 3.2005 | lr 3.00e-04 | 10.8 it/s | eta 2747m
[member 2] step 21200/1805100 (ep 0.23) | loss 3.2005 | lr 3.00e-04 | 10.8 it/s | eta 2746m
[member 2] step 21300/1805100 (ep 0.24) | loss 3.1958 | lr 3.00e-04 | 10.8 it/s | eta 2744m
[member 2] step 21400/1805100 (ep 0.24) | loss 3.2003 | lr 3.00e-04 | 10.8 it/s | eta 2742m
[member 2] step 21500/1805100 (ep 0.24) | loss 3.2108 | lr 3.00e-04 | 10.8 it/s | eta 2741m
[member 2] step 21600/1805100 (ep 0.24) | loss 3.2034 | lr 3.00e-04 | 10.9 it/s | eta 2739m
[member 2] step 21700/1805100 (ep 0.24) | loss 3.1994 | lr 3.00e-04 | 10.9 it/s | eta 2737m
[member 2] step 21800/1805100 (ep 0.24) | loss 3.1944 | lr 3.00e-04 | 10.9 it/s | eta 2735m
[member 2] step 21900/1805100 (ep 0.24) | loss 3.1949 | lr 3.00e-04 | 10.9 it/s | eta 2734m
[member 2] step 22000/1805100 (ep 0.24) | loss 3.1935 | lr 3.00e-04 | 10.9 it/s | eta 2732m
[member 2] step 22100/1805100 (ep 0.24) | loss 3.1973 | lr 3.00e-04 | 10.9 it/s | eta 2730m
[member 2] step 22200/1805100 (ep 0.25) | loss 3.1891 | lr 3.00e-04 | 10.9 it/s | eta 2729m
[member 2] step 22300/1805100 (ep 0.25) | loss 3.1959 | lr 3.00e-04 | 10.9 it/s | eta 2727m
[member 2] step 22400/1805100 (ep 0.25) | loss 3.1899 | lr 3.00e-04 | 10.9 it/s | eta 2725m
[member 2] step 22500/1805100 (ep 0.25) | loss 3.1930 | lr 3.00e-04 | 10.9 it/s | eta 2724m
[member 2] step 22600/1805100 (ep 0.25) | loss 3.1900 | lr 3.00e-04 | 10.9 it/s | eta 2722m
[member 2] step 22700/1805100 (ep 0.25) | loss 3.1878 | lr 3.00e-04 | 10.9 it/s | eta 2720m
[member 2] step 22800/1805100 (ep 0.25) | loss 3.1906 | lr 3.00e-04 | 10.9 it/s | eta 2719m
[member 2] step 22900/1805100 (ep 0.25) | loss 3.1850 | lr 3.00e-04 | 10.9 it/s | eta 2717m
[member 2] step 23000/1805100 (ep 0.25) | loss 3.1836 | lr 3.00e-04 | 10.9 it/s | eta 2716m
[member 2] step 23100/1805100 (ep 0.26) | loss 3.1883 | lr 3.00e-04 | 10.9 it/s | eta 2714m
[member 2] step 23200/1805100 (ep 0.26) | loss 3.1842 | lr 3.00e-04 | 10.9 it/s | eta 2713m
[member 2] step 23300/1805100 (ep 0.26) | loss 3.1815 | lr 3.00e-04 | 11.0 it/s | eta 2711m
[member 2] step 23400/1805100 (ep 0.26) | loss 3.1845 | lr 3.00e-04 | 11.0 it/s | eta 2710m
[member 2] step 23500/1805100 (ep 0.26) | loss 3.1844 | lr 3.00e-04 | 11.0 it/s | eta 2708m
[member 2] step 23600/1805100 (ep 0.26) | loss 3.1833 | lr 3.00e-04 | 11.0 it/s | eta 2707m
[member 2] step 23700/1805100 (ep 0.26) | loss 3.1850 | lr 3.00e-04 | 11.0 it/s | eta 2705m
[member 2] step 23800/1805100 (ep 0.26) | loss 3.1888 | lr 3.00e-04 | 11.0 it/s | eta 2704m
[member 2] step 23900/1805100 (ep 0.26) | loss 3.1839 | lr 3.00e-04 | 11.0 it/s | eta 2703m
[member 2] step 24000/1805100 (ep 0.27) | loss 3.1822 | lr 3.00e-04 | 11.0 it/s | eta 2701m
[member 2] step 24100/1805100 (ep 0.27) | loss 3.1760 | lr 3.00e-04 | 11.0 it/s | eta 2700m
[member 2] step 24200/1805100 (ep 0.27) | loss 3.1735 | lr 3.00e-04 | 11.0 it/s | eta 2698m
[member 2] step 24300/1805100 (ep 0.27) | loss 3.1859 | lr 3.00e-04 | 11.0 it/s | eta 2697m
[member 2] step 24400/1805100 (ep 0.27) | loss 3.1791 | lr 3.00e-04 | 11.0 it/s | eta 2695m
[member 2] step 24500/1805100 (ep 0.27) | loss 3.1756 | lr 3.00e-04 | 11.0 it/s | eta 2694m
[member 2] step 24600/1805100 (ep 0.27) | loss 3.1744 | lr 3.00e-04 | 11.0 it/s | eta 2693m
[member 2] step 24700/1805100 (ep 0.27) | loss 3.1719 | lr 3.00e-04 | 11.0 it/s | eta 2691m
[member 2] step 24800/1805100 (ep 0.27) | loss 3.1745 | lr 3.00e-04 | 11.0 it/s | eta 2690m
[member 2] step 24900/1805100 (ep 0.28) | loss 3.1757 | lr 3.00e-04 | 11.0 it/s | eta 2688m
[member 2] step 25000/1805100 (ep 0.28) | loss 3.1778 | lr 3.00e-04 | 11.0 it/s | eta 2687m
[member 2] step 25100/1805100 (ep 0.28) | loss 3.1794 | lr 3.00e-04 | 11.0 it/s | eta 2686m
[member 2] step 25200/1805100 (ep 0.28) | loss 3.1785 | lr 3.00e-04 | 11.1 it/s | eta 2684m
[member 2] step 25300/1805100 (ep 0.28) | loss 3.1719 | lr 3.00e-04 | 11.1 it/s | eta 2683m
[member 2] step 25400/1805100 (ep 0.28) | loss 3.1721 | lr 3.00e-04 | 11.1 it/s | eta 2682m
[member 2] step 25500/1805100 (ep 0.28) | loss 3.1772 | lr 3.00e-04 | 11.1 it/s | eta 2681m
[member 2] step 25600/1805100 (ep 0.28) | loss 3.1723 | lr 3.00e-04 | 11.1 it/s | eta 2679m
[member 2] step 25700/1805100 (ep 0.28) | loss 3.1753 | lr 3.00e-04 | 11.1 it/s | eta 2678m
[member 2] step 25800/1805100 (ep 0.29) | loss 3.1682 | lr 3.00e-04 | 11.1 it/s | eta 2677m
[member 2] step 25900/1805100 (ep 0.29) | loss 3.1583 | lr 3.00e-04 | 11.1 it/s | eta 2676m
[member 2] step 26000/1805100 (ep 0.29) | loss 3.1637 | lr 3.00e-04 | 11.1 it/s | eta 2675m
[member 2] step 26100/1805100 (ep 0.29) | loss 3.1688 | lr 3.00e-04 | 11.1 it/s | eta 2674m
[member 2] step 26200/1805100 (ep 0.29) | loss 3.1678 | lr 3.00e-04 | 11.1 it/s | eta 2672m
[member 2] step 26300/1805100 (ep 0.29) | loss 3.1712 | lr 3.00e-04 | 11.1 it/s | eta 2671m
[member 2] step 26400/1805100 (ep 0.29) | loss 3.1665 | lr 3.00e-04 | 11.1 it/s | eta 2670m
[member 2] step 26500/1805100 (ep 0.29) | loss 3.1639 | lr 3.00e-04 | 11.1 it/s | eta 2669m
[member 2] step 26600/1805100 (ep 0.29) | loss 3.1575 | lr 3.00e-04 | 11.1 it/s | eta 2668m
[member 2] step 26700/1805100 (ep 0.30) | loss 3.1633 | lr 3.00e-04 | 11.1 it/s | eta 2666m
[member 2] step 26800/1805100 (ep 0.30) | loss 3.1617 | lr 3.00e-04 | 11.1 it/s | eta 2665m
[member 2] step 26900/1805100 (ep 0.30) | loss 3.1628 | lr 3.00e-04 | 11.1 it/s | eta 2664m
[member 2] step 27000/1805100 (ep 0.30) | loss 3.1592 | lr 3.00e-04 | 11.1 it/s | eta 2663m
[member 2] step 27100/1805100 (ep 0.30) | loss 3.1543 | lr 3.00e-04 | 11.1 it/s | eta 2662m
[member 2] step 27200/1805100 (ep 0.30) | loss 3.1579 | lr 3.00e-04 | 11.1 it/s | eta 2661m
[member 2] step 27300/1805100 (ep 0.30) | loss 3.1574 | lr 3.00e-04 | 11.1 it/s | eta 2660m
[member 2] step 27400/1805100 (ep 0.30) | loss 3.1540 | lr 3.00e-04 | 11.1 it/s | eta 2659m
[member 2] step 27500/1805100 (ep 0.30) | loss 3.1555 | lr 3.00e-04 | 11.1 it/s | eta 2657m
[member 2] step 27600/1805100 (ep 0.31) | loss 3.1566 | lr 3.00e-04 | 11.2 it/s | eta 2656m
[member 2] step 27700/1805100 (ep 0.31) | loss 3.1516 | lr 3.00e-04 | 11.2 it/s | eta 2655m
[member 2] step 27800/1805100 (ep 0.31) | loss 3.1565 | lr 3.00e-04 | 11.2 it/s | eta 2654m
[member 2] step 27900/1805100 (ep 0.31) | loss 3.1604 | lr 3.00e-04 | 11.2 it/s | eta 2653m
[member 2] step 28000/1805100 (ep 0.31) | loss 3.1564 | lr 3.00e-04 | 11.2 it/s | eta 2652m
[member 2] step 28100/1805100 (ep 0.31) | loss 3.1519 | lr 3.00e-04 | 11.2 it/s | eta 2651m
[member 2] step 28200/1805100 (ep 0.31) | loss 3.1577 | lr 3.00e-04 | 11.2 it/s | eta 2650m
[member 2] step 28300/1805100 (ep 0.31) | loss 3.1527 | lr 3.00e-04 | 11.2 it/s | eta 2649m
[member 2] step 28400/1805100 (ep 0.31) | loss 3.1447 | lr 3.00e-04 | 11.2 it/s | eta 2648m
[member 2] step 28500/1805100 (ep 0.32) | loss 3.1445 | lr 3.00e-04 | 11.2 it/s | eta 2647m
[member 2] step 28600/1805100 (ep 0.32) | loss 3.1456 | lr 3.00e-04 | 11.2 it/s | eta 2646m
[member 2] step 28700/1805100 (ep 0.32) | loss 3.1540 | lr 3.00e-04 | 11.2 it/s | eta 2645m
[member 2] step 28800/1805100 (ep 0.32) | loss 3.1539 | lr 3.00e-04 | 11.2 it/s | eta 2644m
[member 2] step 28900/1805100 (ep 0.32) | loss 3.1437 | lr 3.00e-04 | 11.2 it/s | eta 2643m
[member 2] step 29000/1805100 (ep 0.32) | loss 3.1465 | lr 3.00e-04 | 11.2 it/s | eta 2642m
[member 2] step 29100/1805100 (ep 0.32) | loss 3.1445 | lr 3.00e-04 | 11.2 it/s | eta 2641m
[member 2] step 29200/1805100 (ep 0.32) | loss 3.1495 | lr 3.00e-04 | 11.2 it/s | eta 2640m
[member 2] step 29300/1805100 (ep 0.32) | loss 3.1466 | lr 3.00e-04 | 11.2 it/s | eta 2639m
[member 2] step 29400/1805100 (ep 0.33) | loss 3.1506 | lr 3.00e-04 | 11.2 it/s | eta 2638m
[member 2] step 29500/1805100 (ep 0.33) | loss 3.1483 | lr 3.00e-04 | 11.2 it/s | eta 2637m
[member 2] step 29600/1805100 (ep 0.33) | loss 3.1407 | lr 3.00e-04 | 11.2 it/s | eta 2636m
[member 2] step 29700/1805100 (ep 0.33) | loss 3.1419 | lr 3.00e-04 | 11.2 it/s | eta 2635m
[member 2] step 29800/1805100 (ep 0.33) | loss 3.1482 | lr 3.00e-04 | 11.2 it/s | eta 2634m
[member 2] step 29900/1805100 (ep 0.33) | loss 3.1445 | lr 3.00e-04 | 11.2 it/s | eta 2633m
[member 2] step 30000/1805100 (ep 0.33) | loss 3.1461 | lr 3.00e-04 | 11.2 it/s | eta 2632m
[member 2] EVAL step 30000 (ep 0.33) | val_ce 3.7177 | best 3.5605 | base 3.5478 MISS | no-improve 2/10
[member 2] step 30100/1805100 (ep 0.33) | loss 3.1441 | lr 3.00e-04 | 10.8 it/s | eta 2751m
[member 2] step 30200/1805100 (ep 0.33) | loss 3.1447 | lr 3.00e-04 | 10.8 it/s | eta 2749m
[member 2] step 30300/1805100 (ep 0.34) | loss 3.1427 | lr 3.00e-04 | 10.8 it/s | eta 2748m
[member 2] step 30400/1805100 (ep 0.34) | loss 3.1447 | lr 3.00e-04 | 10.8 it/s | eta 2747m
[member 2] step 30500/1805100 (ep 0.34) | loss 3.1411 | lr 3.00e-04 | 10.8 it/s | eta 2745m
[member 2] step 30600/1805100 (ep 0.34) | loss 3.1419 | lr 3.00e-04 | 10.8 it/s | eta 2744m
[member 2] step 30700/1805100 (ep 0.34) | loss 3.1440 | lr 3.00e-04 | 10.8 it/s | eta 2743m
[member 2] step 30800/1805100 (ep 0.34) | loss 3.1398 | lr 3.00e-04 | 10.8 it/s | eta 2742m
[member 2] step 30900/1805100 (ep 0.34) | loss 3.1490 | lr 3.00e-04 | 10.8 it/s | eta 2740m
[member 2] step 31000/1805100 (ep 0.34) | loss 3.1337 | lr 3.00e-04 | 10.8 it/s | eta 2739m
[member 2] step 31100/1805100 (ep 0.34) | loss 3.1415 | lr 3.00e-04 | 10.8 it/s | eta 2738m
[member 2] step 31200/1805100 (ep 0.35) | loss 3.1442 | lr 3.00e-04 | 10.8 it/s | eta 2737m
[member 2] step 31300/1805100 (ep 0.35) | loss 3.1339 | lr 3.00e-04 | 10.8 it/s | eta 2735m
[member 2] step 31400/1805100 (ep 0.35) | loss 3.1382 | lr 3.00e-04 | 10.8 it/s | eta 2734m
[member 2] step 31500/1805100 (ep 0.35) | loss 3.1370 | lr 3.00e-04 | 10.8 it/s | eta 2733m
[member 2] step 31600/1805100 (ep 0.35) | loss 3.1356 | lr 3.00e-04 | 10.8 it/s | eta 2732m
[member 2] step 31700/1805100 (ep 0.35) | loss 3.1317 | lr 3.00e-04 | 10.8 it/s | eta 2730m
[member 2] step 31800/1805100 (ep 0.35) | loss 3.1364 | lr 3.00e-04 | 10.8 it/s | eta 2729m
[member 2] step 31900/1805100 (ep 0.35) | loss 3.1313 | lr 3.00e-04 | 10.8 it/s | eta 2728m
[member 2] step 32000/1805100 (ep 0.35) | loss 3.1329 | lr 3.00e-04 | 10.8 it/s | eta 2727m
[member 2] step 32100/1805100 (ep 0.36) | loss 3.1384 | lr 3.00e-04 | 10.8 it/s | eta 2725m
[member 2] step 32200/1805100 (ep 0.36) | loss 3.1270 | lr 3.00e-04 | 10.8 it/s | eta 2724m
[member 2] step 32300/1805100 (ep 0.36) | loss 3.1287 | lr 3.00e-04 | 10.9 it/s | eta 2723m
[member 2] step 32400/1805100 (ep 0.36) | loss 3.1293 | lr 3.00e-04 | 10.9 it/s | eta 2722m
[member 2] step 32500/1805100 (ep 0.36) | loss 3.1325 | lr 3.00e-04 | 10.9 it/s | eta 2721m
[member 2] step 32600/1805100 (ep 0.36) | loss 3.1386 | lr 3.00e-04 | 10.9 it/s | eta 2720m
[member 2] step 32700/1805100 (ep 0.36) | loss 3.1350 | lr 3.00e-04 | 10.9 it/s | eta 2718m
[member 2] step 32800/1805100 (ep 0.36) | loss 3.1330 | lr 3.00e-04 | 10.9 it/s | eta 2717m
[member 2] step 32900/1805100 (ep 0.36) | loss 3.1314 | lr 3.00e-04 | 10.9 it/s | eta 2716m
[member 2] step 33000/1805100 (ep 0.37) | loss 3.1272 | lr 3.00e-04 | 10.9 it/s | eta 2715m
[member 2] step 33100/1805100 (ep 0.37) | loss 3.1287 | lr 3.00e-04 | 10.9 it/s | eta 2714m
[member 2] step 33200/1805100 (ep 0.37) | loss 3.1310 | lr 3.00e-04 | 10.9 it/s | eta 2713m
[member 2] step 33300/1805100 (ep 0.37) | loss 3.1264 | lr 3.00e-04 | 10.9 it/s | eta 2712m
[member 2] step 33400/1805100 (ep 0.37) | loss 3.1339 | lr 3.00e-04 | 10.9 it/s | eta 2711m
[member 2] step 33500/1805100 (ep 0.37) | loss 3.1279 | lr 3.00e-04 | 10.9 it/s | eta 2709m
[member 2] step 33600/1805100 (ep 0.37) | loss 3.1309 | lr 3.00e-04 | 10.9 it/s | eta 2708m
[member 2] step 33700/1805100 (ep 0.37) | loss 3.1265 | lr 3.00e-04 | 10.9 it/s | eta 2707m
[member 2] step 33800/1805100 (ep 0.37) | loss 3.1228 | lr 3.00e-04 | 10.9 it/s | eta 2706m
[member 2] step 33900/1805100 (ep 0.38) | loss 3.1245 | lr 3.00e-04 | 10.9 it/s | eta 2705m
[member 2] step 34000/1805100 (ep 0.38) | loss 3.1239 | lr 3.00e-04 | 10.9 it/s | eta 2704m
[member 2] step 34100/1805100 (ep 0.38) | loss 3.1246 | lr 3.00e-04 | 10.9 it/s | eta 2703m
[member 2] step 34200/1805100 (ep 0.38) | loss 3.1262 | lr 3.00e-04 | 10.9 it/s | eta 2702m
[member 2] step 34300/1805100 (ep 0.38) | loss 3.1160 | lr 3.00e-04 | 10.9 it/s | eta 2701m
[member 2] step 34400/1805100 (ep 0.38) | loss 3.1172 | lr 3.00e-04 | 10.9 it/s | eta 2700m
[member 2] step 34500/1805100 (ep 0.38) | loss 3.1164 | lr 3.00e-04 | 10.9 it/s | eta 2699m
[member 2] step 34600/1805100 (ep 0.38) | loss 3.1196 | lr 3.00e-04 | 10.9 it/s | eta 2698m
[member 2] step 34700/1805100 (ep 0.38) | loss 3.1310 | lr 3.00e-04 | 10.9 it/s | eta 2697m
[member 2] step 34800/1805100 (ep 0.39) | loss 3.1191 | lr 3.00e-04 | 10.9 it/s | eta 2696m
[member 2] step 34900/1805100 (ep 0.39) | loss 3.1208 | lr 3.00e-04 | 10.9 it/s | eta 2695m
[member 2] step 35000/1805100 (ep 0.39) | loss 3.1203 | lr 3.00e-04 | 11.0 it/s | eta 2694m
[member 2] step 35100/1805100 (ep 0.39) | loss 3.1225 | lr 3.00e-04 | 11.0 it/s | eta 2693m
[member 2] step 35200/1805100 (ep 0.39) | loss 3.1210 | lr 3.00e-04 | 11.0 it/s | eta 2692m
[member 2] step 35300/1805100 (ep 0.39) | loss 3.1195 | lr 3.00e-04 | 11.0 it/s | eta 2691m
[member 2] step 35400/1805100 (ep 0.39) | loss 3.1231 | lr 3.00e-04 | 11.0 it/s | eta 2690m
[member 2] step 35500/1805100 (ep 0.39) | loss 3.1206 | lr 3.00e-04 | 11.0 it/s | eta 2689m
[member 2] step 35600/1805100 (ep 0.39) | loss 3.1243 | lr 3.00e-04 | 11.0 it/s | eta 2688m
[member 2] step 35700/1805100 (ep 0.40) | loss 3.1145 | lr 3.00e-04 | 11.0 it/s | eta 2687m
[member 2] step 35800/1805100 (ep 0.40) | loss 3.1188 | lr 3.00e-04 | 11.0 it/s | eta 2686m
[member 2] step 35900/1805100 (ep 0.40) | loss 3.1179 | lr 3.00e-04 | 11.0 it/s | eta 2685m
[member 2] step 36000/1805100 (ep 0.40) | loss 3.1190 | lr 3.00e-04 | 11.0 it/s | eta 2684m
[member 2] step 36100/1805100 (ep 0.40) | loss 3.1123 | lr 3.00e-04 | 11.0 it/s | eta 2683m
[member 2] step 36200/1805100 (ep 0.40) | loss 3.1211 | lr 3.00e-04 | 11.0 it/s | eta 2682m
[member 2] step 36300/1805100 (ep 0.40) | loss 3.1152 | lr 3.00e-04 | 11.0 it/s | eta 2681m
[member 2] step 36400/1805100 (ep 0.40) | loss 3.1158 | lr 3.00e-04 | 11.0 it/s | eta 2680m
[member 2] step 36500/1805100 (ep 0.40) | loss 3.1171 | lr 3.00e-04 | 11.0 it/s | eta 2679m
[member 2] step 36600/1805100 (ep 0.41) | loss 3.1108 | lr 3.00e-04 | 11.0 it/s | eta 2678m
[member 2] step 36700/1805100 (ep 0.41) | loss 3.1156 | lr 3.00e-04 | 11.0 it/s | eta 2677m
[member 2] step 36800/1805100 (ep 0.41) | loss 3.1123 | lr 3.00e-04 | 11.0 it/s | eta 2676m
[member 2] step 36900/1805100 (ep 0.41) | loss 3.1178 | lr 3.00e-04 | 11.0 it/s | eta 2675m
[member 2] step 37000/1805100 (ep 0.41) | loss 3.1125 | lr 3.00e-04 | 11.0 it/s | eta 2675m
[member 2] step 37100/1805100 (ep 0.41) | loss 3.1134 | lr 3.00e-04 | 11.0 it/s | eta 2674m
[member 2] step 37200/1805100 (ep 0.41) | loss 3.1072 | lr 3.00e-04 | 11.0 it/s | eta 2673m
[member 2] step 37300/1805100 (ep 0.41) | loss 3.1121 | lr 3.00e-04 | 11.0 it/s | eta 2672m
[member 2] step 37400/1805100 (ep 0.41) | loss 3.1152 | lr 3.00e-04 | 11.0 it/s | eta 2671m
[member 2] step 37500/1805100 (ep 0.42) | loss 3.1090 | lr 3.00e-04 | 11.0 it/s | eta 2670m
[member 2] step 37600/1805100 (ep 0.42) | loss 3.1143 | lr 3.00e-04 | 11.0 it/s | eta 2669m
[member 2] step 37700/1805100 (ep 0.42) | loss 3.1058 | lr 3.00e-04 | 11.0 it/s | eta 2668m
[member 2] step 37800/1805100 (ep 0.42) | loss 3.1086 | lr 3.00e-04 | 11.0 it/s | eta 2667m
[member 2] step 37900/1805100 (ep 0.42) | loss 3.1048 | lr 3.00e-04 | 11.0 it/s | eta 2666m
[member 2] step 38000/1805100 (ep 0.42) | loss 3.1155 | lr 3.00e-04 | 11.0 it/s | eta 2666m
[member 2] step 38100/1805100 (ep 0.42) | loss 3.1116 | lr 3.00e-04 | 11.1 it/s | eta 2665m
[member 2] step 38200/1805100 (ep 0.42) | loss 3.1105 | lr 3.00e-04 | 11.1 it/s | eta 2664m
[member 2] step 38300/1805100 (ep 0.42) | loss 3.1118 | lr 3.00e-04 | 11.1 it/s | eta 2663m
[member 2] step 38400/1805100 (ep 0.43) | loss 3.1062 | lr 3.00e-04 | 11.1 it/s | eta 2662m
[member 2] step 38500/1805100 (ep 0.43) | loss 3.1085 | lr 3.00e-04 | 11.1 it/s | eta 2661m
[member 2] step 38600/1805100 (ep 0.43) | loss 3.1087 | lr 3.00e-04 | 11.1 it/s | eta 2660m
[member 2] step 38700/1805100 (ep 0.43) | loss 3.1077 | lr 3.00e-04 | 11.1 it/s | eta 2659m
[member 2] step 38800/1805100 (ep 0.43) | loss 3.1090 | lr 3.00e-04 | 11.1 it/s | eta 2658m
[member 2] step 38900/1805100 (ep 0.43) | loss 3.1082 | lr 3.00e-04 | 11.1 it/s | eta 2658m
[member 2] step 39000/1805100 (ep 0.43) | loss 3.1056 | lr 3.00e-04 | 11.1 it/s | eta 2657m
[member 2] step 39100/1805100 (ep 0.43) | loss 3.1030 | lr 3.00e-04 | 11.1 it/s | eta 2656m
[member 2] step 39200/1805100 (ep 0.43) | loss 3.1086 | lr 3.00e-04 | 11.1 it/s | eta 2655m
[member 2] step 39300/1805100 (ep 0.44) | loss 3.1056 | lr 3.00e-04 | 11.1 it/s | eta 2654m
[member 2] step 39400/1805100 (ep 0.44) | loss 3.1037 | lr 3.00e-04 | 11.1 it/s | eta 2653m
[member 2] step 39500/1805100 (ep 0.44) | loss 3.1042 | lr 3.00e-04 | 11.1 it/s | eta 2653m
[member 2] step 39600/1805100 (ep 0.44) | loss 3.1021 | lr 3.00e-04 | 11.1 it/s | eta 2652m
[member 2] step 39700/1805100 (ep 0.44) | loss 3.1033 | lr 3.00e-04 | 11.1 it/s | eta 2651m
[member 2] step 39800/1805100 (ep 0.44) | loss 3.1012 | lr 3.00e-04 | 11.1 it/s | eta 2650m
[member 2] step 39900/1805100 (ep 0.44) | loss 3.1064 | lr 3.00e-04 | 11.1 it/s | eta 2649m
[member 2] step 40000/1805100 (ep 0.44) | loss 3.1032 | lr 3.00e-04 | 11.1 it/s | eta 2649m
[member 2] EVAL step 40000 (ep 0.44) | val_ce 3.7809 | best 3.5605 | base 3.5478 MISS | no-improve 3/10
[member 2] step 40100/1805100 (ep 0.44) | loss 3.1043 | lr 3.00e-04 | 10.7 it/s | eta 2737m
[member 2] step 40200/1805100 (ep 0.45) | loss 3.1072 | lr 3.00e-04 | 10.8 it/s | eta 2736m
[member 2] step 40300/1805100 (ep 0.45) | loss 3.1030 | lr 3.00e-04 | 10.8 it/s | eta 2735m
[member 2] step 40400/1805100 (ep 0.45) | loss 3.1029 | lr 3.00e-04 | 10.8 it/s | eta 2734m
[member 2] step 40500/1805100 (ep 0.45) | loss 3.0970 | lr 3.00e-04 | 10.8 it/s | eta 2733m
[member 2] step 40600/1805100 (ep 0.45) | loss 3.0986 | lr 3.00e-04 | 10.8 it/s | eta 2732m
[member 2] step 40700/1805100 (ep 0.45) | loss 3.1025 | lr 3.00e-04 | 10.8 it/s | eta 2731m
[member 2] step 40800/1805100 (ep 0.45) | loss 3.0975 | lr 3.00e-04 | 10.8 it/s | eta 2730m
[member 2] step 40900/1805100 (ep 0.45) | loss 3.0973 | lr 3.00e-04 | 10.8 it/s | eta 2729m
[member 2] step 41000/1805100 (ep 0.45) | loss 3.0955 | lr 3.00e-04 | 10.8 it/s | eta 2728m
[member 2] step 41100/1805100 (ep 0.46) | loss 3.0905 | lr 3.00e-04 | 10.8 it/s | eta 2727m
[member 2] step 41200/1805100 (ep 0.46) | loss 3.1019 | lr 3.00e-04 | 10.8 it/s | eta 2726m
[member 2] step 41300/1805100 (ep 0.46) | loss 3.0956 | lr 3.00e-04 | 10.8 it/s | eta 2725m
[member 2] step 41400/1805100 (ep 0.46) | loss 3.0969 | lr 3.00e-04 | 10.8 it/s | eta 2724m
[member 2] step 41500/1805100 (ep 0.46) | loss 3.0963 | lr 3.00e-04 | 10.8 it/s | eta 2723m
[member 2] step 41600/1805100 (ep 0.46) | loss 3.0923 | lr 3.00e-04 | 10.8 it/s | eta 2722m
[member 2] step 41700/1805100 (ep 0.46) | loss 3.0895 | lr 3.00e-04 | 10.8 it/s | eta 2721m
[member 2] step 41800/1805100 (ep 0.46) | loss 3.0978 | lr 3.00e-04 | 10.8 it/s | eta 2720m
[member 2] step 41900/1805100 (ep 0.46) | loss 3.0913 | lr 3.00e-04 | 10.8 it/s | eta 2719m
[member 2] step 42000/1805100 (ep 0.47) | loss 3.0932 | lr 3.00e-04 | 10.8 it/s | eta 2718m
[member 2] step 42100/1805100 (ep 0.47) | loss 3.0946 | lr 3.00e-04 | 10.8 it/s | eta 2717m
[member 2] step 42200/1805100 (ep 0.47) | loss 3.1010 | lr 3.00e-04 | 10.8 it/s | eta 2716m
[member 2] step 42300/1805100 (ep 0.47) | loss 3.0941 | lr 3.00e-04 | 10.8 it/s | eta 2715m
[member 2] step 42400/1805100 (ep 0.47) | loss 3.0918 | lr 3.00e-04 | 10.8 it/s | eta 2714m
[member 2] step 42500/1805100 (ep 0.47) | loss 3.0978 | lr 3.00e-04 | 10.8 it/s | eta 2713m
[member 2] step 42600/1805100 (ep 0.47) | loss 3.0947 | lr 3.00e-04 | 10.8 it/s | eta 2712m
[member 2] step 42700/1805100 (ep 0.47) | loss 3.0952 | lr 3.00e-04 | 10.8 it/s | eta 2711m
[member 2] step 42800/1805100 (ep 0.47) | loss 3.0915 | lr 3.00e-04 | 10.8 it/s | eta 2710m
[member 2] step 42900/1805100 (ep 0.48) | loss 3.0951 | lr 3.00e-04 | 10.8 it/s | eta 2709m
[member 2] step 43000/1805100 (ep 0.48) | loss 3.0941 | lr 3.00e-04 | 10.8 it/s | eta 2708m
[member 2] step 43100/1805100 (ep 0.48) | loss 3.1001 | lr 3.00e-04 | 10.8 it/s | eta 2707m
[member 2] step 43200/1805100 (ep 0.48) | loss 3.0982 | lr 3.00e-04 | 10.9 it/s | eta 2706m
[member 2] step 43300/1805100 (ep 0.48) | loss 3.0957 | lr 3.00e-04 | 10.9 it/s | eta 2706m
[member 2] step 43400/1805100 (ep 0.48) | loss 3.0931 | lr 3.00e-04 | 10.9 it/s | eta 2705m
[member 2] step 43500/1805100 (ep 0.48) | loss 3.0886 | lr 3.00e-04 | 10.9 it/s | eta 2704m
[member 2] step 43600/1805100 (ep 0.48) | loss 3.0924 | lr 3.00e-04 | 10.9 it/s | eta 2703m
[member 2] step 43700/1805100 (ep 0.48) | loss 3.0949 | lr 3.00e-04 | 10.9 it/s | eta 2702m
[member 2] step 43800/1805100 (ep 0.49) | loss 3.0929 | lr 3.00e-04 | 10.9 it/s | eta 2701m
[member 2] step 43900/1805100 (ep 0.49) | loss 3.0886 | lr 3.00e-04 | 10.9 it/s | eta 2700m
[member 2] step 44000/1805100 (ep 0.49) | loss 3.0847 | lr 3.00e-04 | 10.9 it/s | eta 2699m
[member 2] step 44100/1805100 (ep 0.49) | loss 3.0896 | lr 3.00e-04 | 10.9 it/s | eta 2698m
[member 2] step 44200/1805100 (ep 0.49) | loss 3.0829 | lr 3.00e-04 | 10.9 it/s | eta 2697m
[member 2] step 44300/1805100 (ep 0.49) | loss 3.0845 | lr 3.00e-04 | 10.9 it/s | eta 2696m
[member 2] step 44400/1805100 (ep 0.49) | loss 3.0933 | lr 3.00e-04 | 10.9 it/s | eta 2696m
[member 2] step 44500/1805100 (ep 0.49) | loss 3.0869 | lr 3.00e-04 | 10.9 it/s | eta 2695m
[member 2] step 44600/1805100 (ep 0.49) | loss 3.0882 | lr 3.00e-04 | 10.9 it/s | eta 2694m
[member 2] step 44700/1805100 (ep 0.50) | loss 3.0904 | lr 3.00e-04 | 10.9 it/s | eta 2693m
[member 2] step 44800/1805100 (ep 0.50) | loss 3.0851 | lr 3.00e-04 | 10.9 it/s | eta 2692m
[member 2] step 44900/1805100 (ep 0.50) | loss 3.0820 | lr 3.00e-04 | 10.9 it/s | eta 2692m
[member 2] step 45000/1805100 (ep 0.50) | loss 3.0787 | lr 3.00e-04 | 10.9 it/s | eta 2691m
[member 2] step 45100/1805100 (ep 0.50) | loss 3.0868 | lr 3.00e-04 | 10.9 it/s | eta 2690m
[member 2] step 45200/1805100 (ep 0.50) | loss 3.0851 | lr 3.00e-04 | 10.9 it/s | eta 2689m
[member 2] step 45300/1805100 (ep 0.50) | loss 3.0825 | lr 3.00e-04 | 10.9 it/s | eta 2688m
[member 2] step 45400/1805100 (ep 0.50) | loss 3.0897 | lr 3.00e-04 | 10.9 it/s | eta 2687m
[member 2] step 45500/1805100 (ep 0.50) | loss 3.0854 | lr 3.00e-04 | 10.9 it/s | eta 2687m
[member 2] step 45600/1805100 (ep 0.51) | loss 3.0880 | lr 3.00e-04 | 10.9 it/s | eta 2686m
[member 2] step 45700/1805100 (ep 0.51) | loss 3.0877 | lr 3.00e-04 | 10.9 it/s | eta 2685m
[member 2] step 45800/1805100 (ep 0.51) | loss 3.0811 | lr 3.00e-04 | 10.9 it/s | eta 2684m
[member 2] step 45900/1805100 (ep 0.51) | loss 3.0821 | lr 3.00e-04 | 10.9 it/s | eta 2683m
[member 2] step 46000/1805100 (ep 0.51) | loss 3.0814 | lr 3.00e-04 | 10.9 it/s | eta 2682m
[member 2] step 46100/1805100 (ep 0.51) | loss 3.0885 | lr 3.00e-04 | 10.9 it/s | eta 2682m
[member 2] step 46200/1805100 (ep 0.51) | loss 3.0845 | lr 3.00e-04 | 10.9 it/s | eta 2681m
[member 2] step 46300/1805100 (ep 0.51) | loss 3.0846 | lr 3.00e-04 | 10.9 it/s | eta 2680m
[member 2] step 46400/1805100 (ep 0.51) | loss 3.0834 | lr 3.00e-04 | 10.9 it/s | eta 2679m
[member 2] step 46500/1805100 (ep 0.52) | loss 3.0801 | lr 3.00e-04 | 10.9 it/s | eta 2678m
[member 2] step 46600/1805100 (ep 0.52) | loss 3.0798 | lr 3.00e-04 | 10.9 it/s | eta 2678m
[member 2] step 46700/1805100 (ep 0.52) | loss 3.0843 | lr 3.00e-04 | 10.9 it/s | eta 2677m
[member 2] step 46800/1805100 (ep 0.52) | loss 3.0813 | lr 3.00e-04 | 11.0 it/s | eta 2676m
[member 2] step 46900/1805100 (ep 0.52) | loss 3.0785 | lr 3.00e-04 | 11.0 it/s | eta 2675m
[member 2] step 47000/1805100 (ep 0.52) | loss 3.0752 | lr 3.00e-04 | 11.0 it/s | eta 2675m
[member 2] step 47100/1805100 (ep 0.52) | loss 3.0747 | lr 3.00e-04 | 11.0 it/s | eta 2674m
[member 2] step 47200/1805100 (ep 0.52) | loss 3.0779 | lr 3.00e-04 | 11.0 it/s | eta 2673m
[member 2] step 47300/1805100 (ep 0.52) | loss 3.0803 | lr 3.00e-04 | 11.0 it/s | eta 2672m
[member 2] step 47400/1805100 (ep 0.53) | loss 3.0808 | lr 3.00e-04 | 11.0 it/s | eta 2672m
[member 2] step 47500/1805100 (ep 0.53) | loss 3.0823 | lr 3.00e-04 | 11.0 it/s | eta 2671m
[member 2] step 47600/1805100 (ep 0.53) | loss 3.0791 | lr 3.00e-04 | 11.0 it/s | eta 2670m
[member 2] step 47700/1805100 (ep 0.53) | loss 3.0812 | lr 3.00e-04 | 11.0 it/s | eta 2669m
[member 2] step 47800/1805100 (ep 0.53) | loss 3.0764 | lr 3.00e-04 | 11.0 it/s | eta 2668m
[member 2] step 47900/1805100 (ep 0.53) | loss 3.0747 | lr 3.00e-04 | 11.0 it/s | eta 2668m
[member 2] step 48000/1805100 (ep 0.53) | loss 3.0817 | lr 3.00e-04 | 11.0 it/s | eta 2667m
[member 2] step 48100/1805100 (ep 0.53) | loss 3.0799 | lr 3.00e-04 | 11.0 it/s | eta 2666m
[member 2] step 48200/1805100 (ep 0.53) | loss 3.0764 | lr 3.00e-04 | 11.0 it/s | eta 2665m
[member 2] step 48300/1805100 (ep 0.54) | loss 3.0743 | lr 3.00e-04 | 11.0 it/s | eta 2665m
[member 2] step 48400/1805100 (ep 0.54) | loss 3.0807 | lr 3.00e-04 | 11.0 it/s | eta 2664m
[member 2] step 48500/1805100 (ep 0.54) | loss 3.0726 | lr 3.00e-04 | 11.0 it/s | eta 2663m
[member 2] step 48600/1805100 (ep 0.54) | loss 3.0675 | lr 3.00e-04 | 11.0 it/s | eta 2663m
[member 2] step 48700/1805100 (ep 0.54) | loss 3.0796 | lr 3.00e-04 | 11.0 it/s | eta 2662m
[member 2] step 48800/1805100 (ep 0.54) | loss 3.0798 | lr 3.00e-04 | 11.0 it/s | eta 2661m
[member 2] step 48900/1805100 (ep 0.54) | loss 3.0716 | lr 3.00e-04 | 11.0 it/s | eta 2660m
[member 2] step 49000/1805100 (ep 0.54) | loss 3.0686 | lr 3.00e-04 | 11.0 it/s | eta 2659m
[member 2] step 49100/1805100 (ep 0.54) | loss 3.0757 | lr 3.00e-04 | 11.0 it/s | eta 2659m
[member 2] step 49200/1805100 (ep 0.55) | loss 3.0698 | lr 3.00e-04 | 11.0 it/s | eta 2658m
[member 2] step 49300/1805100 (ep 0.55) | loss 3.0751 | lr 3.00e-04 | 11.0 it/s | eta 2657m
[member 2] step 49400/1805100 (ep 0.55) | loss 3.0713 | lr 3.00e-04 | 11.0 it/s | eta 2657m
[member 2] step 49500/1805100 (ep 0.55) | loss 3.0678 | lr 3.00e-04 | 11.0 it/s | eta 2656m
[member 2] step 49600/1805100 (ep 0.55) | loss 3.0743 | lr 3.00e-04 | 11.0 it/s | eta 2655m
[member 2] step 49700/1805100 (ep 0.55) | loss 3.0739 | lr 3.00e-04 | 11.0 it/s | eta 2654m
[member 2] step 49800/1805100 (ep 0.55) | loss 3.0724 | lr 3.00e-04 | 11.0 it/s | eta 2654m
[member 2] step 49900/1805100 (ep 0.55) | loss 3.0737 | lr 3.00e-04 | 11.0 it/s | eta 2653m
[member 2] step 50000/1805100 (ep 0.55) | loss 3.0705 | lr 3.00e-04 | 11.0 it/s | eta 2652m
[member 2] EVAL step 50000 (ep 0.55) | val_ce 3.8328 | best 3.5605 | base 3.5478 MISS | no-improve 4/10
[member 2] step 50100/1805100 (ep 0.56) | loss 3.0690 | lr 3.00e-04 | 10.7 it/s | eta 2721m
[member 2] step 50200/1805100 (ep 0.56) | loss 3.0707 | lr 3.00e-04 | 10.8 it/s | eta 2720m
[member 2] step 50300/1805100 (ep 0.56) | loss 3.0722 | lr 3.00e-04 | 10.8 it/s | eta 2719m
[member 2] step 50400/1805100 (ep 0.56) | loss 3.0711 | lr 3.00e-04 | 10.8 it/s | eta 2718m
[member 2] step 50500/1805100 (ep 0.56) | loss 3.0721 | lr 2.99e-04 | 10.8 it/s | eta 2718m
[member 2] step 50600/1805100 (ep 0.56) | loss 3.0733 | lr 2.99e-04 | 10.8 it/s | eta 2717m
[member 2] step 50700/1805100 (ep 0.56) | loss 3.0677 | lr 2.99e-04 | 10.8 it/s | eta 2716m
[member 2] step 50800/1805100 (ep 0.56) | loss 3.0653 | lr 2.99e-04 | 10.8 it/s | eta 2715m
[member 2] step 50900/1805100 (ep 0.56) | loss 3.0636 | lr 2.99e-04 | 10.8 it/s | eta 2714m
[member 2] step 51000/1805100 (ep 0.57) | loss 3.0738 | lr 2.99e-04 | 10.8 it/s | eta 2713m
[member 2] step 51100/1805100 (ep 0.57) | loss 3.0711 | lr 2.99e-04 | 10.8 it/s | eta 2712m
[member 2] step 51200/1805100 (ep 0.57) | loss 3.0711 | lr 2.99e-04 | 10.8 it/s | eta 2711m
[member 2] step 51300/1805100 (ep 0.57) | loss 3.0706 | lr 2.99e-04 | 10.8 it/s | eta 2710m
[member 2] step 51400/1805100 (ep 0.57) | loss 3.0713 | lr 2.99e-04 | 10.8 it/s | eta 2710m
[member 2] step 51500/1805100 (ep 0.57) | loss 3.0649 | lr 2.99e-04 | 10.8 it/s | eta 2709m
[member 2] step 51600/1805100 (ep 0.57) | loss 3.0677 | lr 2.99e-04 | 10.8 it/s | eta 2708m
[member 2] step 51700/1805100 (ep 0.57) | loss 3.0726 | lr 2.99e-04 | 10.8 it/s | eta 2707m
[member 2] step 51800/1805100 (ep 0.57) | loss 3.0630 | lr 2.99e-04 | 10.8 it/s | eta 2706m
[member 2] step 51900/1805100 (ep 0.58) | loss 3.0647 | lr 2.99e-04 | 10.8 it/s | eta 2705m
[member 2] step 52000/1805100 (ep 0.58) | loss 3.0712 | lr 2.99e-04 | 10.8 it/s | eta 2705m
[member 2] step 52100/1805100 (ep 0.58) | loss 3.0720 | lr 2.99e-04 | 10.8 it/s | eta 2704m
[member 2] step 52200/1805100 (ep 0.58) | loss 3.0709 | lr 2.99e-04 | 10.8 it/s | eta 2703m
[member 2] step 52300/1805100 (ep 0.58) | loss 3.0627 | lr 2.99e-04 | 10.8 it/s | eta 2702m
[member 2] step 52400/1805100 (ep 0.58) | loss 3.0678 | lr 2.99e-04 | 10.8 it/s | eta 2701m
[member 2] step 52500/1805100 (ep 0.58) | loss 3.0587 | lr 2.99e-04 | 10.8 it/s | eta 2701m
[member 2] step 52600/1805100 (ep 0.58) | loss 3.0587 | lr 2.99e-04 | 10.8 it/s | eta 2700m
[member 2] step 52700/1805100 (ep 0.58) | loss 3.0708 | lr 2.99e-04 | 10.8 it/s | eta 2699m
[member 2] step 52800/1805100 (ep 0.59) | loss 3.0640 | lr 2.99e-04 | 10.8 it/s | eta 2698m
[member 2] step 52900/1805100 (ep 0.59) | loss 3.0599 | lr 2.99e-04 | 10.8 it/s | eta 2698m
[member 2] step 53000/1805100 (ep 0.59) | loss 3.0643 | lr 2.99e-04 | 10.8 it/s | eta 2697m
[member 2] step 53100/1805100 (ep 0.59) | loss 3.0655 | lr 2.99e-04 | 10.8 it/s | eta 2696m
[member 2] step 53200/1805100 (ep 0.59) | loss 3.0645 | lr 2.99e-04 | 10.8 it/s | eta 2695m
[member 2] step 53300/1805100 (ep 0.59) | loss 3.0570 | lr 2.99e-04 | 10.8 it/s | eta 2694m
[member 2] step 53400/1805100 (ep 0.59) | loss 3.0641 | lr 2.99e-04 | 10.8 it/s | eta 2694m
[member 2] step 53500/1805100 (ep 0.59) | loss 3.0738 | lr 2.99e-04 | 10.8 it/s | eta 2693m
[member 2] step 53600/1805100 (ep 0.59) | loss 3.0684 | lr 2.99e-04 | 10.8 it/s | eta 2692m
[member 2] step 53700/1805100 (ep 0.59) | loss 3.0654 | lr 2.99e-04 | 10.8 it/s | eta 2691m
[member 2] step 53800/1805100 (ep 0.60) | loss 3.0655 | lr 2.99e-04 | 10.8 it/s | eta 2690m
[member 2] step 53900/1805100 (ep 0.60) | loss 3.0647 | lr 2.99e-04 | 10.9 it/s | eta 2690m
[member 2] step 54000/1805100 (ep 0.60) | loss 3.0625 | lr 2.99e-04 | 10.9 it/s | eta 2689m
[member 2] step 54100/1805100 (ep 0.60) | loss 3.0656 | lr 2.99e-04 | 10.9 it/s | eta 2688m
[member 2] step 54200/1805100 (ep 0.60) | loss 3.0596 | lr 2.99e-04 | 10.9 it/s | eta 2687m
[member 2] step 54300/1805100 (ep 0.60) | loss 3.0618 | lr 2.99e-04 | 10.9 it/s | eta 2687m
[member 2] step 54400/1805100 (ep 0.60) | loss 3.0614 | lr 2.99e-04 | 10.9 it/s | eta 2686m
[member 2] step 54500/1805100 (ep 0.60) | loss 3.0578 | lr 2.99e-04 | 10.9 it/s | eta 2685m
[member 2] step 54600/1805100 (ep 0.60) | loss 3.0583 | lr 2.99e-04 | 10.9 it/s | eta 2684m
[member 2] step 54700/1805100 (ep 0.61) | loss 3.0598 | lr 2.99e-04 | 10.9 it/s | eta 2684m
[member 2] step 54800/1805100 (ep 0.61) | loss 3.0652 | lr 2.99e-04 | 10.9 it/s | eta 2683m
[member 2] step 54900/1805100 (ep 0.61) | loss 3.0557 | lr 2.99e-04 | 10.9 it/s | eta 2682m
[member 2] step 55000/1805100 (ep 0.61) | loss 3.0535 | lr 2.99e-04 | 10.9 it/s | eta 2681m
[member 2] step 55100/1805100 (ep 0.61) | loss 3.0636 | lr 2.99e-04 | 10.9 it/s | eta 2681m
[member 2] step 55200/1805100 (ep 0.61) | loss 3.0629 | lr 2.99e-04 | 10.9 it/s | eta 2680m
[member 2] step 55300/1805100 (ep 0.61) | loss 3.0558 | lr 2.99e-04 | 10.9 it/s | eta 2679m
[member 2] step 55400/1805100 (ep 0.61) | loss 3.0560 | lr 2.99e-04 | 10.9 it/s | eta 2678m
[member 2] step 55500/1805100 (ep 0.61) | loss 3.0642 | lr 2.99e-04 | 10.9 it/s | eta 2678m
[member 2] step 55600/1805100 (ep 0.62) | loss 3.0582 | lr 2.99e-04 | 10.9 it/s | eta 2677m
[member 2] step 55700/1805100 (ep 0.62) | loss 3.0619 | lr 2.99e-04 | 10.9 it/s | eta 2676m
[member 2] step 55800/1805100 (ep 0.62) | loss 3.0625 | lr 2.99e-04 | 10.9 it/s | eta 2676m
[member 2] step 55900/1805100 (ep 0.62) | loss 3.0584 | lr 2.99e-04 | 10.9 it/s | eta 2675m
[member 2] step 56000/1805100 (ep 0.62) | loss 3.0554 | lr 2.99e-04 | 10.9 it/s | eta 2674m
[member 2] step 56100/1805100 (ep 0.62) | loss 3.0525 | lr 2.99e-04 | 10.9 it/s | eta 2674m
[member 2] step 56200/1805100 (ep 0.62) | loss 3.0623 | lr 2.99e-04 | 10.9 it/s | eta 2673m
[member 2] step 56300/1805100 (ep 0.62) | loss 3.0508 | lr 2.99e-04 | 10.9 it/s | eta 2672m
[member 2] step 56400/1805100 (ep 0.62) | loss 3.0541 | lr 2.99e-04 | 10.9 it/s | eta 2671m
[member 2] step 56500/1805100 (ep 0.63) | loss 3.0570 | lr 2.99e-04 | 10.9 it/s | eta 2671m
[member 2] step 56600/1805100 (ep 0.63) | loss 3.0512 | lr 2.99e-04 | 10.9 it/s | eta 2670m
[member 2] step 56700/1805100 (ep 0.63) | loss 3.0606 | lr 2.99e-04 | 10.9 it/s | eta 2669m
[member 2] step 56800/1805100 (ep 0.63) | loss 3.0597 | lr 2.99e-04 | 10.9 it/s | eta 2669m
[member 2] step 56900/1805100 (ep 0.63) | loss 3.0589 | lr 2.99e-04 | 10.9 it/s | eta 2668m
[member 2] step 57000/1805100 (ep 0.63) | loss 3.0537 | lr 2.99e-04 | 10.9 it/s | eta 2667m
[member 2] step 57100/1805100 (ep 0.63) | loss 3.0587 | lr 2.99e-04 | 10.9 it/s | eta 2666m
[member 2] step 57200/1805100 (ep 0.63) | loss 3.0583 | lr 2.99e-04 | 10.9 it/s | eta 2666m
[member 2] step 57300/1805100 (ep 0.63) | loss 3.0550 | lr 2.99e-04 | 10.9 it/s | eta 2665m
[member 2] step 57400/1805100 (ep 0.64) | loss 3.0492 | lr 2.99e-04 | 10.9 it/s | eta 2664m
[member 2] step 57500/1805100 (ep 0.64) | loss 3.0493 | lr 2.99e-04 | 10.9 it/s | eta 2664m
[member 2] step 57600/1805100 (ep 0.64) | loss 3.0515 | lr 2.99e-04 | 10.9 it/s | eta 2663m
[member 2] step 57700/1805100 (ep 0.64) | loss 3.0505 | lr 2.99e-04 | 10.9 it/s | eta 2662m
[member 2] step 57800/1805100 (ep 0.64) | loss 3.0536 | lr 2.99e-04 | 10.9 it/s | eta 2662m
[member 2] step 57900/1805100 (ep 0.64) | loss 3.0547 | lr 2.99e-04 | 10.9 it/s | eta 2661m
[member 2] step 58000/1805100 (ep 0.64) | loss 3.0569 | lr 2.99e-04 | 10.9 it/s | eta 2660m
[member 2] step 58100/1805100 (ep 0.64) | loss 3.0512 | lr 2.99e-04 | 10.9 it/s | eta 2660m
[member 2] step 58200/1805100 (ep 0.64) | loss 3.0461 | lr 2.99e-04 | 10.9 it/s | eta 2659m
[member 2] step 58300/1805100 (ep 0.65) | loss 3.0528 | lr 2.99e-04 | 11.0 it/s | eta 2658m
[member 2] step 58400/1805100 (ep 0.65) | loss 3.0547 | lr 2.99e-04 | 11.0 it/s | eta 2657m
[member 2] step 58500/1805100 (ep 0.65) | loss 3.0546 | lr 2.99e-04 | 11.0 it/s | eta 2656m
[member 2] step 58600/1805100 (ep 0.65) | loss 3.0539 | lr 2.99e-04 | 11.0 it/s | eta 2656m
[member 2] step 58700/1805100 (ep 0.65) | loss 3.0597 | lr 2.99e-04 | 11.0 it/s | eta 2655m
[member 2] step 58800/1805100 (ep 0.65) | loss 3.0566 | lr 2.99e-04 | 11.0 it/s | eta 2654m
[member 2] step 58900/1805100 (ep 0.65) | loss 3.0552 | lr 2.99e-04 | 11.0 it/s | eta 2654m
[member 2] step 59000/1805100 (ep 0.65) | loss 3.0540 | lr 2.99e-04 | 11.0 it/s | eta 2653m
[member 2] step 59100/1805100 (ep 0.65) | loss 3.0499 | lr 2.99e-04 | 11.0 it/s | eta 2652m
[member 2] step 59200/1805100 (ep 0.66) | loss 3.0528 | lr 2.99e-04 | 11.0 it/s | eta 2652m
[member 2] step 59300/1805100 (ep 0.66) | loss 3.0505 | lr 2.99e-04 | 11.0 it/s | eta 2651m
[member 2] step 59400/1805100 (ep 0.66) | loss 3.0460 | lr 2.99e-04 | 11.0 it/s | eta 2650m
[member 2] step 59500/1805100 (ep 0.66) | loss 3.0472 | lr 2.99e-04 | 11.0 it/s | eta 2650m
[member 2] step 59600/1805100 (ep 0.66) | loss 3.0465 | lr 2.99e-04 | 11.0 it/s | eta 2649m
[member 2] step 59700/1805100 (ep 0.66) | loss 3.0489 | lr 2.99e-04 | 11.0 it/s | eta 2648m
[member 2] step 59800/1805100 (ep 0.66) | loss 3.0502 | lr 2.99e-04 | 11.0 it/s | eta 2648m
[member 2] step 59900/1805100 (ep 0.66) | loss 3.0467 | lr 2.99e-04 | 11.0 it/s | eta 2647m
[member 2] step 60000/1805100 (ep 0.66) | loss 3.0492 | lr 2.99e-04 | 11.0 it/s | eta 2646m
[member 2] EVAL step 60000 (ep 0.66) | val_ce 3.8775 | best 3.5605 | base 3.5478 MISS | no-improve 5/10
[member 2] step 60100/1805100 (ep 0.67) | loss 3.0455 | lr 2.99e-04 | 10.8 it/s | eta 2703m
[member 2] step 60200/1805100 (ep 0.67) | loss 3.0511 | lr 2.99e-04 | 10.8 it/s | eta 2702m
[member 2] step 60300/1805100 (ep 0.67) | loss 3.0509 | lr 2.99e-04 | 10.8 it/s | eta 2702m
[member 2] step 60400/1805100 (ep 0.67) | loss 3.0412 | lr 2.99e-04 | 10.8 it/s | eta 2701m
[member 2] step 60500/1805100 (ep 0.67) | loss 3.0445 | lr 2.99e-04 | 10.8 it/s | eta 2700m
[member 2] step 60600/1805100 (ep 0.67) | loss 3.0468 | lr 2.99e-04 | 10.8 it/s | eta 2699m
[member 2] step 60700/1805100 (ep 0.67) | loss 3.0500 | lr 2.99e-04 | 10.8 it/s | eta 2699m
[member 2] step 60800/1805100 (ep 0.67) | loss 3.0537 | lr 2.99e-04 | 10.8 it/s | eta 2698m
[member 2] step 60900/1805100 (ep 0.67) | loss 3.0486 | lr 2.99e-04 | 10.8 it/s | eta 2697m
[member 2] step 61000/1805100 (ep 0.68) | loss 3.0400 | lr 2.99e-04 | 10.8 it/s | eta 2697m
[member 2] step 61100/1805100 (ep 0.68) | loss 3.0493 | lr 2.99e-04 | 10.8 it/s | eta 2696m
[member 2] step 61200/1805100 (ep 0.68) | loss 3.0538 | lr 2.99e-04 | 10.8 it/s | eta 2695m
[member 2] step 61300/1805100 (ep 0.68) | loss 3.0470 | lr 2.99e-04 | 10.8 it/s | eta 2695m
[member 2] step 61400/1805100 (ep 0.68) | loss 3.0408 | lr 2.99e-04 | 10.8 it/s | eta 2694m
[member 2] step 61500/1805100 (ep 0.68) | loss 3.0416 | lr 2.99e-04 | 10.8 it/s | eta 2693m
[member 2] step 61600/1805100 (ep 0.68) | loss 3.0434 | lr 2.99e-04 | 10.8 it/s | eta 2692m
[member 2] step 61700/1805100 (ep 0.68) | loss 3.0403 | lr 2.99e-04 | 10.8 it/s | eta 2692m
[member 2] step 61800/1805100 (ep 0.68) | loss 3.0397 | lr 2.99e-04 | 10.8 it/s | eta 2691m
[member 2] step 61900/1805100 (ep 0.69) | loss 3.0471 | lr 2.99e-04 | 10.8 it/s | eta 2690m
[member 2] step 62000/1805100 (ep 0.69) | loss 3.0388 | lr 2.99e-04 | 10.8 it/s | eta 2690m
[member 2] step 62100/1805100 (ep 0.69) | loss 3.0460 | lr 2.99e-04 | 10.8 it/s | eta 2689m
[member 2] step 62200/1805100 (ep 0.69) | loss 3.0351 | lr 2.99e-04 | 10.8 it/s | eta 2688m
[member 2] step 62300/1805100 (ep 0.69) | loss 3.0402 | lr 2.99e-04 | 10.8 it/s | eta 2688m
[member 2] step 62400/1805100 (ep 0.69) | loss 3.0381 | lr 2.99e-04 | 10.8 it/s | eta 2687m
[member 2] step 62500/1805100 (ep 0.69) | loss 3.0523 | lr 2.99e-04 | 10.8 it/s | eta 2686m
[member 2] step 62600/1805100 (ep 0.69) | loss 3.0408 | lr 2.99e-04 | 10.8 it/s | eta 2685m
[member 2] step 62700/1805100 (ep 0.69) | loss 3.0438 | lr 2.99e-04 | 10.8 it/s | eta 2685m
[member 2] step 62800/1805100 (ep 0.70) | loss 3.0445 | lr 2.99e-04 | 10.8 it/s | eta 2684m
[member 2] step 62900/1805100 (ep 0.70) | loss 3.0463 | lr 2.99e-04 | 10.8 it/s | eta 2683m
[member 2] step 63000/1805100 (ep 0.70) | loss 3.0416 | lr 2.99e-04 | 10.8 it/s | eta 2683m
[member 2] step 63100/1805100 (ep 0.70) | loss 3.0436 | lr 2.99e-04 | 10.8 it/s | eta 2682m
[member 2] step 63200/1805100 (ep 0.70) | loss 3.0439 | lr 2.99e-04 | 10.8 it/s | eta 2681m
[member 2] step 63300/1805100 (ep 0.70) | loss 3.0407 | lr 2.99e-04 | 10.8 it/s | eta 2681m
[member 2] step 63400/1805100 (ep 0.70) | loss 3.0480 | lr 2.99e-04 | 10.8 it/s | eta 2680m
[member 2] step 63500/1805100 (ep 0.70) | loss 3.0396 | lr 2.99e-04 | 10.8 it/s | eta 2679m
[member 2] step 63600/1805100 (ep 0.70) | loss 3.0379 | lr 2.99e-04 | 10.8 it/s | eta 2679m
[member 2] step 63700/1805100 (ep 0.71) | loss 3.0434 | lr 2.99e-04 | 10.8 it/s | eta 2678m
[member 2] step 63800/1805100 (ep 0.71) | loss 3.0389 | lr 2.99e-04 | 10.8 it/s | eta 2677m
[member 2] step 63900/1805100 (ep 0.71) | loss 3.0418 | lr 2.99e-04 | 10.8 it/s | eta 2677m
[member 2] step 64000/1805100 (ep 0.71) | loss 3.0351 | lr 2.99e-04 | 10.8 it/s | eta 2676m
[member 2] step 64100/1805100 (ep 0.71) | loss 3.0409 | lr 2.99e-04 | 10.8 it/s | eta 2675m
[member 2] step 64200/1805100 (ep 0.71) | loss 3.0418 | lr 2.99e-04 | 10.8 it/s | eta 2675m
[member 2] step 64300/1805100 (ep 0.71) | loss 3.0422 | lr 2.99e-04 | 10.9 it/s | eta 2674m
[member 2] step 64400/1805100 (ep 0.71) | loss 3.0372 | lr 2.99e-04 | 10.9 it/s | eta 2673m
[member 2] step 64500/1805100 (ep 0.71) | loss 3.0370 | lr 2.99e-04 | 10.9 it/s | eta 2673m
[member 2] step 64600/1805100 (ep 0.72) | loss 3.0392 | lr 2.99e-04 | 10.9 it/s | eta 2672m
[member 2] step 64700/1805100 (ep 0.72) | loss 3.0352 | lr 2.99e-04 | 10.9 it/s | eta 2671m
[member 2] step 64800/1805100 (ep 0.72) | loss 3.0368 | lr 2.99e-04 | 10.9 it/s | eta 2671m
[member 2] step 64900/1805100 (ep 0.72) | loss 3.0413 | lr 2.99e-04 | 10.9 it/s | eta 2670m
[member 2] step 65000/1805100 (ep 0.72) | loss 3.0352 | lr 2.99e-04 | 10.9 it/s | eta 2669m
[member 2] step 65100/1805100 (ep 0.72) | loss 3.0318 | lr 2.99e-04 | 10.9 it/s | eta 2669m
[member 2] step 65200/1805100 (ep 0.72) | loss 3.0381 | lr 2.99e-04 | 10.9 it/s | eta 2668m
[member 2] step 65300/1805100 (ep 0.72) | loss 3.0338 | lr 2.99e-04 | 10.9 it/s | eta 2667m
[member 2] step 65400/1805100 (ep 0.72) | loss 3.0402 | lr 2.99e-04 | 10.9 it/s | eta 2667m
[member 2] step 65500/1805100 (ep 0.73) | loss 3.0368 | lr 2.99e-04 | 10.9 it/s | eta 2666m
[member 2] step 65600/1805100 (ep 0.73) | loss 3.0430 | lr 2.99e-04 | 10.9 it/s | eta 2666m
[member 2] step 65700/1805100 (ep 0.73) | loss 3.0358 | lr 2.99e-04 | 10.9 it/s | eta 2665m
[member 2] step 65800/1805100 (ep 0.73) | loss 3.0350 | lr 2.99e-04 | 10.9 it/s | eta 2664m
[member 2] step 65900/1805100 (ep 0.73) | loss 3.0438 | lr 2.99e-04 | 10.9 it/s | eta 2664m
[member 2] step 66000/1805100 (ep 0.73) | loss 3.0355 | lr 2.99e-04 | 10.9 it/s | eta 2663m
[member 2] step 66100/1805100 (ep 0.73) | loss 3.0305 | lr 2.99e-04 | 10.9 it/s | eta 2662m
[member 2] step 66200/1805100 (ep 0.73) | loss 3.0351 | lr 2.99e-04 | 10.9 it/s | eta 2662m
[member 2] step 66300/1805100 (ep 0.73) | loss 3.0386 | lr 2.99e-04 | 10.9 it/s | eta 2661m
[member 2] step 66400/1805100 (ep 0.74) | loss 3.0409 | lr 2.99e-04 | 10.9 it/s | eta 2661m
[member 2] step 66500/1805100 (ep 0.74) | loss 3.0385 | lr 2.99e-04 | 10.9 it/s | eta 2660m
[member 2] step 66600/1805100 (ep 0.74) | loss 3.0457 | lr 2.99e-04 | 10.9 it/s | eta 2659m
[member 2] step 66700/1805100 (ep 0.74) | loss 3.0300 | lr 2.99e-04 | 10.9 it/s | eta 2659m
[member 2] step 66800/1805100 (ep 0.74) | loss 3.0348 | lr 2.99e-04 | 10.9 it/s | eta 2658m
[member 2] step 66900/1805100 (ep 0.74) | loss 3.0333 | lr 2.99e-04 | 10.9 it/s | eta 2657m
[member 2] step 67000/1805100 (ep 0.74) | loss 3.0350 | lr 2.99e-04 | 10.9 it/s | eta 2657m
[member 2] step 67100/1805100 (ep 0.74) | loss 3.0352 | lr 2.99e-04 | 10.9 it/s | eta 2656m
[member 2] step 67200/1805100 (ep 0.74) | loss 3.0377 | lr 2.99e-04 | 10.9 it/s | eta 2656m
[member 2] step 67300/1805100 (ep 0.75) | loss 3.0376 | lr 2.99e-04 | 10.9 it/s | eta 2655m
[member 2] step 67400/1805100 (ep 0.75) | loss 3.0343 | lr 2.99e-04 | 10.9 it/s | eta 2654m
[member 2] step 67500/1805100 (ep 0.75) | loss 3.0312 | lr 2.99e-04 | 10.9 it/s | eta 2654m
[member 2] step 67600/1805100 (ep 0.75) | loss 3.0317 | lr 2.99e-04 | 10.9 it/s | eta 2653m
[member 2] step 67700/1805100 (ep 0.75) | loss 3.0278 | lr 2.99e-04 | 10.9 it/s | eta 2653m
[member 2] step 67800/1805100 (ep 0.75) | loss 3.0353 | lr 2.99e-04 | 10.9 it/s | eta 2652m
[member 2] step 67900/1805100 (ep 0.75) | loss 3.0361 | lr 2.99e-04 | 10.9 it/s | eta 2651m
[member 2] step 68000/1805100 (ep 0.75) | loss 3.0348 | lr 2.99e-04 | 10.9 it/s | eta 2651m
[member 2] step 68100/1805100 (ep 0.75) | loss 3.0335 | lr 2.99e-04 | 10.9 it/s | eta 2650m
[member 2] step 68200/1805100 (ep 0.76) | loss 3.0226 | lr 2.99e-04 | 10.9 it/s | eta 2650m
[member 2] step 68300/1805100 (ep 0.76) | loss 3.0384 | lr 2.99e-04 | 10.9 it/s | eta 2649m
[member 2] step 68400/1805100 (ep 0.76) | loss 3.0354 | lr 2.99e-04 | 10.9 it/s | eta 2648m
[member 2] step 68500/1805100 (ep 0.76) | loss 3.0303 | lr 2.99e-04 | 10.9 it/s | eta 2648m
[member 2] step 68600/1805100 (ep 0.76) | loss 3.0293 | lr 2.99e-04 | 10.9 it/s | eta 2647m
[member 2] step 68700/1805100 (ep 0.76) | loss 3.0266 | lr 2.99e-04 | 10.9 it/s | eta 2647m
[member 2] step 68800/1805100 (ep 0.76) | loss 3.0230 | lr 2.99e-04 | 10.9 it/s | eta 2646m
[member 2] step 68900/1805100 (ep 0.76) | loss 3.0274 | lr 2.99e-04 | 10.9 it/s | eta 2645m
[member 2] step 69000/1805100 (ep 0.76) | loss 3.0265 | lr 2.99e-04 | 10.9 it/s | eta 2645m
[member 2] step 69100/1805100 (ep 0.77) | loss 3.0224 | lr 2.99e-04 | 10.9 it/s | eta 2644m
[member 2] step 69200/1805100 (ep 0.77) | loss 3.0286 | lr 2.99e-04 | 10.9 it/s | eta 2644m
[member 2] step 69300/1805100 (ep 0.77) | loss 3.0223 | lr 2.99e-04 | 10.9 it/s | eta 2643m
[member 2] step 69400/1805100 (ep 0.77) | loss 3.0231 | lr 2.99e-04 | 10.9 it/s | eta 2642m
[member 2] step 69500/1805100 (ep 0.77) | loss 3.0328 | lr 2.99e-04 | 10.9 it/s | eta 2642m
[member 2] step 69600/1805100 (ep 0.77) | loss 3.0281 | lr 2.99e-04 | 11.0 it/s | eta 2641m
[member 2] step 69700/1805100 (ep 0.77) | loss 3.0275 | lr 2.99e-04 | 11.0 it/s | eta 2641m
[member 2] step 69800/1805100 (ep 0.77) | loss 3.0311 | lr 2.99e-04 | 11.0 it/s | eta 2640m
[member 2] step 69900/1805100 (ep 0.77) | loss 3.0264 | lr 2.99e-04 | 11.0 it/s | eta 2639m
[member 2] step 70000/1805100 (ep 0.78) | loss 3.0301 | lr 2.99e-04 | 11.0 it/s | eta 2639m
[member 2] EVAL step 70000 (ep 0.78) | val_ce 3.9010 | best 3.5605 | base 3.5478 MISS | no-improve 6/10
[member 2] step 70100/1805100 (ep 0.78) | loss 3.0339 | lr 2.99e-04 | 10.8 it/s | eta 2687m
[member 2] step 70200/1805100 (ep 0.78) | loss 3.0273 | lr 2.99e-04 | 10.8 it/s | eta 2687m
[member 2] step 70300/1805100 (ep 0.78) | loss 3.0229 | lr 2.99e-04 | 10.8 it/s | eta 2686m
[member 2] step 70400/1805100 (ep 0.78) | loss 3.0316 | lr 2.99e-04 | 10.8 it/s | eta 2685m
[member 2] step 70500/1805100 (ep 0.78) | loss 3.0308 | lr 2.99e-04 | 10.8 it/s | eta 2685m
[member 2] step 70600/1805100 (ep 0.78) | loss 3.0223 | lr 2.99e-04 | 10.8 it/s | eta 2684m
[member 2] step 70700/1805100 (ep 0.78) | loss 3.0152 | lr 2.99e-04 | 10.8 it/s | eta 2684m
[member 2] step 70800/1805100 (ep 0.78) | loss 3.0245 | lr 2.99e-04 | 10.8 it/s | eta 2683m
[member 2] step 70900/1805100 (ep 0.79) | loss 3.0269 | lr 2.99e-04 | 10.8 it/s | eta 2682m
[member 2] step 71000/1805100 (ep 0.79) | loss 3.0267 | lr 2.99e-04 | 10.8 it/s | eta 2682m
[member 2] step 71100/1805100 (ep 0.79) | loss 3.0242 | lr 2.99e-04 | 10.8 it/s | eta 2681m
[member 2] step 71200/1805100 (ep 0.79) | loss 3.0309 | lr 2.99e-04 | 10.8 it/s | eta 2680m
[member 2] step 71300/1805100 (ep 0.79) | loss 3.0270 | lr 2.99e-04 | 10.8 it/s | eta 2680m
[member 2] step 71400/1805100 (ep 0.79) | loss 3.0278 | lr 2.99e-04 | 10.8 it/s | eta 2679m
[member 2] step 71500/1805100 (ep 0.79) | loss 3.0265 | lr 2.99e-04 | 10.8 it/s | eta 2679m
[member 2] step 71600/1805100 (ep 0.79) | loss 3.0267 | lr 2.99e-04 | 10.8 it/s | eta 2678m
[member 2] step 71700/1805100 (ep 0.79) | loss 3.0339 | lr 2.99e-04 | 10.8 it/s | eta 2677m
[member 2] step 71800/1805100 (ep 0.80) | loss 3.0243 | lr 2.99e-04 | 10.8 it/s | eta 2677m
[member 2] step 71900/1805100 (ep 0.80) | loss 3.0272 | lr 2.99e-04 | 10.8 it/s | eta 2676m
[member 2] step 72000/1805100 (ep 0.80) | loss 3.0247 | lr 2.99e-04 | 10.8 it/s | eta 2675m
[member 2] step 72100/1805100 (ep 0.80) | loss 3.0206 | lr 2.99e-04 | 10.8 it/s | eta 2675m
[member 2] step 72200/1805100 (ep 0.80) | loss 3.0245 | lr 2.99e-04 | 10.8 it/s | eta 2674m
[member 2] step 72300/1805100 (ep 0.80) | loss 3.0242 | lr 2.99e-04 | 10.8 it/s | eta 2674m
[member 2] step 72400/1805100 (ep 0.80) | loss 3.0243 | lr 2.99e-04 | 10.8 it/s | eta 2673m
[member 2] step 72500/1805100 (ep 0.80) | loss 3.0323 | lr 2.99e-04 | 10.8 it/s | eta 2672m
[member 2] step 72600/1805100 (ep 0.80) | loss 3.0269 | lr 2.99e-04 | 10.8 it/s | eta 2672m
[member 2] step 72700/1805100 (ep 0.81) | loss 3.0202 | lr 2.99e-04 | 10.8 it/s | eta 2671m
[member 2] step 72800/1805100 (ep 0.81) | loss 3.0213 | lr 2.99e-04 | 10.8 it/s | eta 2670m
[member 2] step 72900/1805100 (ep 0.81) | loss 3.0257 | lr 2.99e-04 | 10.8 it/s | eta 2670m
[member 2] step 73000/1805100 (ep 0.81) | loss 3.0285 | lr 2.99e-04 | 10.8 it/s | eta 2669m
[member 2] step 73100/1805100 (ep 0.81) | loss 3.0247 | lr 2.99e-04 | 10.8 it/s | eta 2669m
[member 2] step 73200/1805100 (ep 0.81) | loss 3.0242 | lr 2.99e-04 | 10.8 it/s | eta 2668m
[member 2] step 73300/1805100 (ep 0.81) | loss 3.0265 | lr 2.99e-04 | 10.8 it/s | eta 2667m
[member 2] step 73400/1805100 (ep 0.81) | loss 3.0250 | lr 2.99e-04 | 10.8 it/s | eta 2667m
[member 2] step 73500/1805100 (ep 0.81) | loss 3.0221 | lr 2.99e-04 | 10.8 it/s | eta 2666m
[member 2] step 73600/1805100 (ep 0.82) | loss 3.0214 | lr 2.99e-04 | 10.8 it/s | eta 2666m
[member 2] step 73700/1805100 (ep 0.82) | loss 3.0240 | lr 2.99e-04 | 10.8 it/s | eta 2665m
[member 2] step 73800/1805100 (ep 0.82) | loss 3.0179 | lr 2.99e-04 | 10.8 it/s | eta 2664m
[member 2] step 73900/1805100 (ep 0.82) | loss 3.0204 | lr 2.99e-04 | 10.8 it/s | eta 2664m
[member 2] step 74000/1805100 (ep 0.82) | loss 3.0194 | lr 2.99e-04 | 10.8 it/s | eta 2663m
[member 2] step 74100/1805100 (ep 0.82) | loss 3.0198 | lr 2.99e-04 | 10.8 it/s | eta 2663m
[member 2] step 74200/1805100 (ep 0.82) | loss 3.0160 | lr 2.99e-04 | 10.8 it/s | eta 2662m
[member 2] step 74300/1805100 (ep 0.82) | loss 3.0168 | lr 2.99e-04 | 10.8 it/s | eta 2662m
[member 2] step 74400/1805100 (ep 0.82) | loss 3.0159 | lr 2.99e-04 | 10.8 it/s | eta 2661m
[member 2] step 74500/1805100 (ep 0.83) | loss 3.0179 | lr 2.99e-04 | 10.8 it/s | eta 2660m
[member 2] step 74600/1805100 (ep 0.83) | loss 3.0195 | lr 2.99e-04 | 10.8 it/s | eta 2660m
[member 2] step 74700/1805100 (ep 0.83) | loss 3.0227 | lr 2.99e-04 | 10.8 it/s | eta 2659m
[member 2] step 74800/1805100 (ep 0.83) | loss 3.0189 | lr 2.99e-04 | 10.8 it/s | eta 2659m
[member 2] step 74900/1805100 (ep 0.83) | loss 3.0178 | lr 2.99e-04 | 10.8 it/s | eta 2658m
[member 2] step 75000/1805100 (ep 0.83) | loss 3.0205 | lr 2.99e-04 | 10.9 it/s | eta 2658m
[member 2] step 75100/1805100 (ep 0.83) | loss 3.0220 | lr 2.99e-04 | 10.9 it/s | eta 2657m
[member 2] step 75200/1805100 (ep 0.83) | loss 3.0182 | lr 2.99e-04 | 10.9 it/s | eta 2656m
[member 2] step 75300/1805100 (ep 0.83) | loss 3.0240 | lr 2.99e-04 | 10.9 it/s | eta 2656m
[member 2] step 75400/1805100 (ep 0.84) | loss 3.0215 | lr 2.99e-04 | 10.9 it/s | eta 2655m
[member 2] step 75500/1805100 (ep 0.84) | loss 3.0191 | lr 2.99e-04 | 10.9 it/s | eta 2655m
[member 2] step 75600/1805100 (ep 0.84) | loss 3.0194 | lr 2.99e-04 | 10.9 it/s | eta 2654m
[member 2] step 75700/1805100 (ep 0.84) | loss 3.0220 | lr 2.99e-04 | 10.9 it/s | eta 2654m
[member 2] step 75800/1805100 (ep 0.84) | loss 3.0241 | lr 2.99e-04 | 10.9 it/s | eta 2653m
[member 2] step 75900/1805100 (ep 0.84) | loss 3.0160 | lr 2.99e-04 | 10.9 it/s | eta 2652m
[member 2] step 76000/1805100 (ep 0.84) | loss 3.0154 | lr 2.99e-04 | 10.9 it/s | eta 2652m
[member 2] step 76100/1805100 (ep 0.84) | loss 3.0194 | lr 2.99e-04 | 10.9 it/s | eta 2651m
[member 2] step 76200/1805100 (ep 0.84) | loss 3.0152 | lr 2.99e-04 | 10.9 it/s | eta 2651m
[member 2] step 76300/1805100 (ep 0.85) | loss 3.0084 | lr 2.99e-04 | 10.9 it/s | eta 2650m
[member 2] step 76400/1805100 (ep 0.85) | loss 3.0229 | lr 2.99e-04 | 10.9 it/s | eta 2650m
[member 2] step 76500/1805100 (ep 0.85) | loss 3.0140 | lr 2.99e-04 | 10.9 it/s | eta 2649m
[member 2] step 76600/1805100 (ep 0.85) | loss 3.0205 | lr 2.99e-04 | 10.9 it/s | eta 2649m
[member 2] step 76700/1805100 (ep 0.85) | loss 3.0126 | lr 2.99e-04 | 10.9 it/s | eta 2648m
[member 2] step 76800/1805100 (ep 0.85) | loss 3.0161 | lr 2.99e-04 | 10.9 it/s | eta 2647m
[member 2] step 76900/1805100 (ep 0.85) | loss 3.0248 | lr 2.99e-04 | 10.9 it/s | eta 2647m
[member 2] step 77000/1805100 (ep 0.85) | loss 3.0177 | lr 2.99e-04 | 10.9 it/s | eta 2646m
[member 2] step 77100/1805100 (ep 0.85) | loss 3.0112 | lr 2.99e-04 | 10.9 it/s | eta 2646m
[member 2] step 77200/1805100 (ep 0.86) | loss 3.0199 | lr 2.99e-04 | 10.9 it/s | eta 2645m
[member 2] step 77300/1805100 (ep 0.86) | loss 3.0154 | lr 2.99e-04 | 10.9 it/s | eta 2645m
[member 2] step 77400/1805100 (ep 0.86) | loss 3.0121 | lr 2.99e-04 | 10.9 it/s | eta 2644m
[member 2] step 77500/1805100 (ep 0.86) | loss 3.0109 | lr 2.99e-04 | 10.9 it/s | eta 2644m
[member 2] step 77600/1805100 (ep 0.86) | loss 3.0162 | lr 2.99e-04 | 10.9 it/s | eta 2643m
[member 2] step 77700/1805100 (ep 0.86) | loss 3.0132 | lr 2.99e-04 | 10.9 it/s | eta 2642m
[member 2] step 77800/1805100 (ep 0.86) | loss 3.0155 | lr 2.99e-04 | 10.9 it/s | eta 2642m
[member 2] step 77900/1805100 (ep 0.86) | loss 3.0178 | lr 2.99e-04 | 10.9 it/s | eta 2641m
[member 2] step 78000/1805100 (ep 0.86) | loss 3.0143 | lr 2.99e-04 | 10.9 it/s | eta 2641m
[member 2] step 78100/1805100 (ep 0.87) | loss 3.0125 | lr 2.99e-04 | 10.9 it/s | eta 2640m
[member 2] step 78200/1805100 (ep 0.87) | loss 3.0120 | lr 2.99e-04 | 10.9 it/s | eta 2640m
[member 2] step 78300/1805100 (ep 0.87) | loss 3.0118 | lr 2.99e-04 | 10.9 it/s | eta 2639m
[member 2] step 78400/1805100 (ep 0.87) | loss 3.0147 | lr 2.99e-04 | 10.9 it/s | eta 2638m
[member 2] step 78500/1805100 (ep 0.87) | loss 3.0156 | lr 2.99e-04 | 10.9 it/s | eta 2638m
[member 2] step 78600/1805100 (ep 0.87) | loss 3.0134 | lr 2.99e-04 | 10.9 it/s | eta 2637m
[member 2] step 78700/1805100 (ep 0.87) | loss 3.0116 | lr 2.99e-04 | 10.9 it/s | eta 2637m
[member 2] step 78800/1805100 (ep 0.87) | loss 3.0161 | lr 2.99e-04 | 10.9 it/s | eta 2636m
[member 2] step 78900/1805100 (ep 0.87) | loss 3.0183 | lr 2.99e-04 | 10.9 it/s | eta 2636m
[member 2] step 79000/1805100 (ep 0.88) | loss 3.0153 | lr 2.99e-04 | 10.9 it/s | eta 2635m
[member 2] step 79100/1805100 (ep 0.88) | loss 3.0113 | lr 2.99e-04 | 10.9 it/s | eta 2635m
[member 2] step 79200/1805100 (ep 0.88) | loss 3.0148 | lr 2.99e-04 | 10.9 it/s | eta 2634m
[member 2] step 79300/1805100 (ep 0.88) | loss 3.0097 | lr 2.99e-04 | 10.9 it/s | eta 2633m
[member 2] step 79400/1805100 (ep 0.88) | loss 3.0107 | lr 2.99e-04 | 10.9 it/s | eta 2633m
[member 2] step 79500/1805100 (ep 0.88) | loss 3.0123 | lr 2.99e-04 | 10.9 it/s | eta 2632m
[member 2] step 79600/1805100 (ep 0.88) | loss 3.0088 | lr 2.99e-04 | 10.9 it/s | eta 2632m
[member 2] step 79700/1805100 (ep 0.88) | loss 3.0146 | lr 2.99e-04 | 10.9 it/s | eta 2631m
[member 2] step 79800/1805100 (ep 0.88) | loss 3.0122 | lr 2.99e-04 | 10.9 it/s | eta 2631m
[member 2] step 79900/1805100 (ep 0.89) | loss 3.0119 | lr 2.99e-04 | 10.9 it/s | eta 2630m
[member 2] step 80000/1805100 (ep 0.89) | loss 3.0182 | lr 2.99e-04 | 10.9 it/s | eta 2630m
[member 2] EVAL step 80000 (ep 0.89) | val_ce 3.9089 | best 3.5605 | base 3.5478 MISS | no-improve 7/10
[member 2] step 80100/1805100 (ep 0.89) | loss 3.0092 | lr 2.99e-04 | 10.8 it/s | eta 2672m
[member 2] step 80200/1805100 (ep 0.89) | loss 3.0151 | lr 2.99e-04 | 10.8 it/s | eta 2672m
[member 2] step 80300/1805100 (ep 0.89) | loss 3.0162 | lr 2.99e-04 | 10.8 it/s | eta 2671m
[member 2] step 80400/1805100 (ep 0.89) | loss 3.0074 | lr 2.99e-04 | 10.8 it/s | eta 2670m
[member 2] step 80500/1805100 (ep 0.89) | loss 3.0096 | lr 2.99e-04 | 10.8 it/s | eta 2670m
[member 2] step 80600/1805100 (ep 0.89) | loss 3.0078 | lr 2.99e-04 | 10.8 it/s | eta 2669m
[member 2] step 80700/1805100 (ep 0.89) | loss 3.0087 | lr 2.99e-04 | 10.8 it/s | eta 2669m
[member 2] step 80800/1805100 (ep 0.90) | loss 3.0123 | lr 2.99e-04 | 10.8 it/s | eta 2668m
[member 2] step 80900/1805100 (ep 0.90) | loss 3.0023 | lr 2.99e-04 | 10.8 it/s | eta 2667m
[member 2] step 81000/1805100 (ep 0.90) | loss 3.0077 | lr 2.99e-04 | 10.8 it/s | eta 2667m
[member 2] step 81100/1805100 (ep 0.90) | loss 3.0100 | lr 2.99e-04 | 10.8 it/s | eta 2666m
[member 2] step 81200/1805100 (ep 0.90) | loss 3.0067 | lr 2.99e-04 | 10.8 it/s | eta 2666m
[member 2] step 81300/1805100 (ep 0.90) | loss 3.0143 | lr 2.99e-04 | 10.8 it/s | eta 2665m
[member 2] step 81400/1805100 (ep 0.90) | loss 3.0078 | lr 2.99e-04 | 10.8 it/s | eta 2665m
[member 2] step 81500/1805100 (ep 0.90) | loss 3.0089 | lr 2.99e-04 | 10.8 it/s | eta 2664m
[member 2] step 81600/1805100 (ep 0.90) | loss 3.0110 | lr 2.99e-04 | 10.8 it/s | eta 2663m
[member 2] step 81700/1805100 (ep 0.91) | loss 3.0120 | lr 2.99e-04 | 10.8 it/s | eta 2663m
[member 2] step 81800/1805100 (ep 0.91) | loss 3.0088 | lr 2.99e-04 | 10.8 it/s | eta 2662m
[member 2] step 81900/1805100 (ep 0.91) | loss 3.0098 | lr 2.99e-04 | 10.8 it/s | eta 2662m
[member 2] step 82000/1805100 (ep 0.91) | loss 3.0042 | lr 2.99e-04 | 10.8 it/s | eta 2661m
[member 2] step 82100/1805100 (ep 0.91) | loss 3.0062 | lr 2.99e-04 | 10.8 it/s | eta 2661m
[member 2] step 82200/1805100 (ep 0.91) | loss 3.0125 | lr 2.99e-04 | 10.8 it/s | eta 2660m
[member 2] step 82300/1805100 (ep 0.91) | loss 3.0125 | lr 2.99e-04 | 10.8 it/s | eta 2659m
[member 2] step 82400/1805100 (ep 0.91) | loss 3.0104 | lr 2.99e-04 | 10.8 it/s | eta 2659m
[member 2] step 82500/1805100 (ep 0.91) | loss 3.0087 | lr 2.99e-04 | 10.8 it/s | eta 2658m
[member 2] step 82600/1805100 (ep 0.92) | loss 3.0107 | lr 2.99e-04 | 10.8 it/s | eta 2658m
[member 2] step 82700/1805100 (ep 0.92) | loss 3.0052 | lr 2.99e-04 | 10.8 it/s | eta 2657m
[member 2] step 82800/1805100 (ep 0.92) | loss 3.0081 | lr 2.99e-04 | 10.8 it/s | eta 2657m
[member 2] step 82900/1805100 (ep 0.92) | loss 3.0062 | lr 2.99e-04 | 10.8 it/s | eta 2656m
[member 2] step 83000/1805100 (ep 0.92) | loss 3.0055 | lr 2.99e-04 | 10.8 it/s | eta 2655m
[member 2] step 83100/1805100 (ep 0.92) | loss 3.0095 | lr 2.99e-04 | 10.8 it/s | eta 2655m
[member 2] step 83200/1805100 (ep 0.92) | loss 3.0092 | lr 2.99e-04 | 10.8 it/s | eta 2654m
[member 2] step 83300/1805100 (ep 0.92) | loss 3.0137 | lr 2.99e-04 | 10.8 it/s | eta 2654m
[member 2] step 83400/1805100 (ep 0.92) | loss 3.0033 | lr 2.99e-04 | 10.8 it/s | eta 2653m
[member 2] step 83500/1805100 (ep 0.93) | loss 3.0052 | lr 2.99e-04 | 10.8 it/s | eta 2653m
[member 2] step 83600/1805100 (ep 0.93) | loss 3.0087 | lr 2.99e-04 | 10.8 it/s | eta 2652m
[member 2] step 83700/1805100 (ep 0.93) | loss 3.0039 | lr 2.99e-04 | 10.8 it/s | eta 2652m
[member 2] step 83800/1805100 (ep 0.93) | loss 3.0085 | lr 2.99e-04 | 10.8 it/s | eta 2651m
[member 2] step 83900/1805100 (ep 0.93) | loss 3.0057 | lr 2.99e-04 | 10.8 it/s | eta 2651m
[member 2] step 84000/1805100 (ep 0.93) | loss 3.0055 | lr 2.99e-04 | 10.8 it/s | eta 2650m
[member 2] step 84100/1805100 (ep 0.93) | loss 3.0049 | lr 2.99e-04 | 10.8 it/s | eta 2650m
[member 2] step 84200/1805100 (ep 0.93) | loss 3.0060 | lr 2.99e-04 | 10.8 it/s | eta 2649m
[member 2] step 84300/1805100 (ep 0.93) | loss 3.0012 | lr 2.99e-04 | 10.8 it/s | eta 2648m
[member 2] step 84400/1805100 (ep 0.94) | loss 3.0082 | lr 2.99e-04 | 10.8 it/s | eta 2648m
[member 2] step 84500/1805100 (ep 0.94) | loss 3.0006 | lr 2.99e-04 | 10.8 it/s | eta 2647m
[member 2] step 84600/1805100 (ep 0.94) | loss 3.0047 | lr 2.99e-04 | 10.8 it/s | eta 2647m
[member 2] step 84700/1805100 (ep 0.94) | loss 3.0071 | lr 2.99e-04 | 10.8 it/s | eta 2646m
[member 2] step 84800/1805100 (ep 0.94) | loss 3.0074 | lr 2.99e-04 | 10.8 it/s | eta 2646m
[member 2] step 84900/1805100 (ep 0.94) | loss 3.0077 | lr 2.99e-04 | 10.8 it/s | eta 2645m
[member 2] step 85000/1805100 (ep 0.94) | loss 3.0077 | lr 2.99e-04 | 10.8 it/s | eta 2645m
[member 2] step 85100/1805100 (ep 0.94) | loss 3.0071 | lr 2.99e-04 | 10.8 it/s | eta 2644m
[member 2] step 85200/1805100 (ep 0.94) | loss 3.0039 | lr 2.99e-04 | 10.8 it/s | eta 2644m
[member 2] step 85300/1805100 (ep 0.95) | loss 2.9982 | lr 2.99e-04 | 10.8 it/s | eta 2643m
[member 2] step 85400/1805100 (ep 0.95) | loss 3.0039 | lr 2.99e-04 | 10.8 it/s | eta 2643m
[member 2] step 85500/1805100 (ep 0.95) | loss 2.9980 | lr 2.99e-04 | 10.8 it/s | eta 2642m
[member 2] step 85600/1805100 (ep 0.95) | loss 3.0081 | lr 2.99e-04 | 10.8 it/s | eta 2642m
[member 2] step 85700/1805100 (ep 0.95) | loss 3.0014 | lr 2.99e-04 | 10.9 it/s | eta 2641m
[member 2] step 85800/1805100 (ep 0.95) | loss 3.0060 | lr 2.99e-04 | 10.9 it/s | eta 2641m
[member 2] step 85900/1805100 (ep 0.95) | loss 3.0060 | lr 2.99e-04 | 10.9 it/s | eta 2640m
[member 2] step 86000/1805100 (ep 0.95) | loss 3.0052 | lr 2.99e-04 | 10.9 it/s | eta 2639m
[member 2] step 86100/1805100 (ep 0.95) | loss 3.0019 | lr 2.99e-04 | 10.9 it/s | eta 2639m
[member 2] step 86200/1805100 (ep 0.96) | loss 3.0051 | lr 2.99e-04 | 10.9 it/s | eta 2638m
[member 2] step 86300/1805100 (ep 0.96) | loss 3.0003 | lr 2.99e-04 | 10.9 it/s | eta 2638m
[member 2] step 86400/1805100 (ep 0.96) | loss 3.0039 | lr 2.99e-04 | 10.9 it/s | eta 2637m
[member 2] step 86500/1805100 (ep 0.96) | loss 3.0049 | lr 2.99e-04 | 10.9 it/s | eta 2637m
[member 2] step 86600/1805100 (ep 0.96) | loss 3.0009 | lr 2.99e-04 | 10.9 it/s | eta 2636m
[member 2] step 86700/1805100 (ep 0.96) | loss 3.0009 | lr 2.98e-04 | 10.9 it/s | eta 2636m
[member 2] step 86800/1805100 (ep 0.96) | loss 2.9986 | lr 2.98e-04 | 10.9 it/s | eta 2635m
[member 2] step 86900/1805100 (ep 0.96) | loss 2.9965 | lr 2.98e-04 | 10.9 it/s | eta 2635m
[member 2] step 87000/1805100 (ep 0.96) | loss 3.0044 | lr 2.98e-04 | 10.9 it/s | eta 2634m
[member 2] step 87100/1805100 (ep 0.97) | loss 3.0054 | lr 2.98e-04 | 10.9 it/s | eta 2634m
[member 2] step 87200/1805100 (ep 0.97) | loss 3.0069 | lr 2.98e-04 | 10.9 it/s | eta 2633m
[member 2] step 87300/1805100 (ep 0.97) | loss 3.0016 | lr 2.98e-04 | 10.9 it/s | eta 2633m
[member 2] step 87400/1805100 (ep 0.97) | loss 3.0008 | lr 2.98e-04 | 10.9 it/s | eta 2632m
[member 2] step 87500/1805100 (ep 0.97) | loss 2.9975 | lr 2.98e-04 | 10.9 it/s | eta 2632m
[member 2] step 87600/1805100 (ep 0.97) | loss 3.0003 | lr 2.98e-04 | 10.9 it/s | eta 2631m
[member 2] step 87700/1805100 (ep 0.97) | loss 2.9983 | lr 2.98e-04 | 10.9 it/s | eta 2631m
[member 2] step 87800/1805100 (ep 0.97) | loss 2.9995 | lr 2.98e-04 | 10.9 it/s | eta 2630m
[member 2] step 87900/1805100 (ep 0.97) | loss 2.9993 | lr 2.98e-04 | 10.9 it/s | eta 2630m
[member 2] step 88000/1805100 (ep 0.98) | loss 3.0042 | lr 2.98e-04 | 10.9 it/s | eta 2629m
[member 2] step 88100/1805100 (ep 0.98) | loss 2.9998 | lr 2.98e-04 | 10.9 it/s | eta 2629m
[member 2] step 88200/1805100 (ep 0.98) | loss 2.9965 | lr 2.98e-04 | 10.9 it/s | eta 2628m
[member 2] step 88300/1805100 (ep 0.98) | loss 3.0017 | lr 2.98e-04 | 10.9 it/s | eta 2628m
[member 2] step 88400/1805100 (ep 0.98) | loss 2.9975 | lr 2.98e-04 | 10.9 it/s | eta 2627m
[member 2] step 88500/1805100 (ep 0.98) | loss 3.0015 | lr 2.98e-04 | 10.9 it/s | eta 2626m
[member 2] step 88600/1805100 (ep 0.98) | loss 2.9972 | lr 2.98e-04 | 10.9 it/s | eta 2626m
[member 2] step 88700/1805100 (ep 0.98) | loss 3.0004 | lr 2.98e-04 | 10.9 it/s | eta 2625m
[member 2] step 88800/1805100 (ep 0.98) | loss 2.9864 | lr 2.98e-04 | 10.9 it/s | eta 2625m
[member 2] step 88900/1805100 (ep 0.98) | loss 2.9984 | lr 2.98e-04 | 10.9 it/s | eta 2624m
[member 2] step 89000/1805100 (ep 0.99) | loss 3.0002 | lr 2.98e-04 | 10.9 it/s | eta 2624m
[member 2] step 89100/1805100 (ep 0.99) | loss 2.9941 | lr 2.98e-04 | 10.9 it/s | eta 2623m
[member 2] step 89200/1805100 (ep 0.99) | loss 2.9950 | lr 2.98e-04 | 10.9 it/s | eta 2623m
[member 2] step 89300/1805100 (ep 0.99) | loss 2.9945 | lr 2.98e-04 | 10.9 it/s | eta 2622m
[member 2] step 89400/1805100 (ep 0.99) | loss 2.9993 | lr 2.98e-04 | 10.9 it/s | eta 2622m
[member 2] step 89500/1805100 (ep 0.99) | loss 2.9937 | lr 2.98e-04 | 10.9 it/s | eta 2621m
[member 2] step 89600/1805100 (ep 0.99) | loss 2.9981 | lr 2.98e-04 | 10.9 it/s | eta 2621m
[member 2] step 89700/1805100 (ep 0.99) | loss 2.9921 | lr 2.98e-04 | 10.9 it/s | eta 2620m
[member 2] step 89800/1805100 (ep 0.99) | loss 2.9948 | lr 2.98e-04 | 10.9 it/s | eta 2620m
[member 2] step 89900/1805100 (ep 1.00) | loss 2.9976 | lr 2.98e-04 | 10.9 it/s | eta 2619m
[member 2] step 90000/1805100 (ep 1.00) | loss 2.9949 | lr 2.98e-04 | 10.9 it/s | eta 2619m
[member 2] EVAL step 90000 (ep 1.00) | val_ce 3.9169 | best 3.5605 | base 3.5478 MISS | no-improve 8/10
[member 2] step 90100/1805100 (ep 1.00) | loss 2.9944 | lr 2.98e-04 | 10.8 it/s | eta 2656m
[member 2] step 90200/1805100 (ep 1.00) | loss 2.9951 | lr 2.98e-04 | 10.8 it/s | eta 2656m
[member 2] step 90300/1805100 (ep 1.00) | loss 2.9863 | lr 2.98e-04 | 10.8 it/s | eta 2656m
[member 2] step 90400/1805100 (ep 1.00) | loss 2.9918 | lr 2.98e-04 | 10.8 it/s | eta 2656m
[member 2] step 90500/1805100 (ep 1.00) | loss 2.9827 | lr 2.98e-04 | 10.8 it/s | eta 2655m
[member 2] step 90600/1805100 (ep 1.00) | loss 2.9858 | lr 2.98e-04 | 10.8 it/s | eta 2655m
[member 2] step 90700/1805100 (ep 1.00) | loss 2.9887 | lr 2.98e-04 | 10.8 it/s | eta 2654m
[member 2] step 90800/1805100 (ep 1.01) | loss 2.9808 | lr 2.98e-04 | 10.8 it/s | eta 2654m
[member 2] step 90900/1805100 (ep 1.01) | loss 2.9899 | lr 2.98e-04 | 10.8 it/s | eta 2653m
[member 2] step 91000/1805100 (ep 1.01) | loss 2.9886 | lr 2.98e-04 | 10.8 it/s | eta 2653m
[member 2] step 91100/1805100 (ep 1.01) | loss 2.9828 | lr 2.98e-04 | 10.8 it/s | eta 2652m
[member 2] step 91200/1805100 (ep 1.01) | loss 2.9774 | lr 2.98e-04 | 10.8 it/s | eta 2652m
[member 2] step 91300/1805100 (ep 1.01) | loss 2.9893 | lr 2.98e-04 | 10.8 it/s | eta 2651m
[member 2] step 91400/1805100 (ep 1.01) | loss 2.9840 | lr 2.98e-04 | 10.8 it/s | eta 2651m
[member 2] step 91500/1805100 (ep 1.01) | loss 2.9846 | lr 2.98e-04 | 10.8 it/s | eta 2650m
[member 2] step 91600/1805100 (ep 1.01) | loss 2.9867 | lr 2.98e-04 | 10.8 it/s | eta 2650m
[member 2] step 91700/1805100 (ep 1.02) | loss 2.9851 | lr 2.98e-04 | 10.8 it/s | eta 2649m
[member 2] step 91800/1805100 (ep 1.02) | loss 2.9967 | lr 2.98e-04 | 10.8 it/s | eta 2649m
[member 2] step 91900/1805100 (ep 1.02) | loss 2.9924 | lr 2.98e-04 | 10.8 it/s | eta 2648m
[member 2] step 92000/1805100 (ep 1.02) | loss 2.9849 | lr 2.98e-04 | 10.8 it/s | eta 2647m
[member 2] step 92100/1805100 (ep 1.02) | loss 2.9820 | lr 2.98e-04 | 10.8 it/s | eta 2647m
[member 2] step 92200/1805100 (ep 1.02) | loss 2.9843 | lr 2.98e-04 | 10.8 it/s | eta 2646m
[member 2] step 92300/1805100 (ep 1.02) | loss 2.9847 | lr 2.98e-04 | 10.8 it/s | eta 2646m
[member 2] step 92400/1805100 (ep 1.02) | loss 2.9882 | lr 2.98e-04 | 10.8 it/s | eta 2645m
[member 2] step 92500/1805100 (ep 1.02) | loss 2.9868 | lr 2.98e-04 | 10.8 it/s | eta 2645m
[member 2] step 92600/1805100 (ep 1.03) | loss 2.9806 | lr 2.98e-04 | 10.8 it/s | eta 2644m
[member 2] step 92700/1805100 (ep 1.03) | loss 2.9894 | lr 2.98e-04 | 10.8 it/s | eta 2644m
[member 2] step 92800/1805100 (ep 1.03) | loss 2.9897 | lr 2.98e-04 | 10.8 it/s | eta 2643m
[member 2] step 92900/1805100 (ep 1.03) | loss 2.9849 | lr 2.98e-04 | 10.8 it/s | eta 2643m
[member 2] step 93000/1805100 (ep 1.03) | loss 2.9828 | lr 2.98e-04 | 10.8 it/s | eta 2642m
[member 2] step 93100/1805100 (ep 1.03) | loss 2.9826 | lr 2.98e-04 | 10.8 it/s | eta 2642m
[member 2] step 93200/1805100 (ep 1.03) | loss 2.9779 | lr 2.98e-04 | 10.8 it/s | eta 2641m
[member 2] step 93300/1805100 (ep 1.03) | loss 2.9870 | lr 2.98e-04 | 10.8 it/s | eta 2641m
[member 2] step 93400/1805100 (ep 1.03) | loss 2.9864 | lr 2.98e-04 | 10.8 it/s | eta 2640m
[member 2] step 93500/1805100 (ep 1.04) | loss 2.9785 | lr 2.98e-04 | 10.8 it/s | eta 2640m
[member 2] step 93600/1805100 (ep 1.04) | loss 2.9805 | lr 2.98e-04 | 10.8 it/s | eta 2639m
[member 2] step 93700/1805100 (ep 1.04) | loss 2.9889 | lr 2.98e-04 | 10.8 it/s | eta 2639m
[member 2] step 93800/1805100 (ep 1.04) | loss 2.9879 | lr 2.98e-04 | 10.8 it/s | eta 2638m
[member 2] step 93900/1805100 (ep 1.04) | loss 2.9852 | lr 2.98e-04 | 10.8 it/s | eta 2638m
[member 2] step 94000/1805100 (ep 1.04) | loss 2.9856 | lr 2.98e-04 | 10.8 it/s | eta 2637m
[member 2] step 94100/1805100 (ep 1.04) | loss 2.9840 | lr 2.98e-04 | 10.8 it/s | eta 2637m
[member 2] step 94200/1805100 (ep 1.04) | loss 2.9852 | lr 2.98e-04 | 10.8 it/s | eta 2636m
[member 2] step 94300/1805100 (ep 1.04) | loss 2.9837 | lr 2.98e-04 | 10.8 it/s | eta 2636m
[member 2] step 94400/1805100 (ep 1.05) | loss 2.9885 | lr 2.98e-04 | 10.8 it/s | eta 2635m
[member 2] step 94500/1805100 (ep 1.05) | loss 2.9849 | lr 2.98e-04 | 10.8 it/s | eta 2635m
[member 2] step 94600/1805100 (ep 1.05) | loss 2.9836 | lr 2.98e-04 | 10.8 it/s | eta 2634m
[member 2] step 94700/1805100 (ep 1.05) | loss 2.9776 | lr 2.98e-04 | 10.8 it/s | eta 2633m
[member 2] step 94800/1805100 (ep 1.05) | loss 2.9878 | lr 2.98e-04 | 10.8 it/s | eta 2633m
[member 2] step 94900/1805100 (ep 1.05) | loss 2.9871 | lr 2.98e-04 | 10.8 it/s | eta 2633m
[member 2] step 95000/1805100 (ep 1.05) | loss 2.9848 | lr 2.98e-04 | 10.8 it/s | eta 2632m
[member 2] step 95100/1805100 (ep 1.05) | loss 2.9888 | lr 2.98e-04 | 10.8 it/s | eta 2632m
[member 2] step 95200/1805100 (ep 1.05) | loss 2.9897 | lr 2.98e-04 | 10.8 it/s | eta 2631m
[member 2] step 95300/1805100 (ep 1.06) | loss 2.9851 | lr 2.98e-04 | 10.8 it/s | eta 2631m
[member 2] step 95400/1805100 (ep 1.06) | loss 2.9799 | lr 2.98e-04 | 10.8 it/s | eta 2630m
[member 2] step 95500/1805100 (ep 1.06) | loss 2.9896 | lr 2.98e-04 | 10.8 it/s | eta 2630m
[member 2] step 95600/1805100 (ep 1.06) | loss 2.9819 | lr 2.98e-04 | 10.8 it/s | eta 2629m
[member 2] step 95700/1805100 (ep 1.06) | loss 2.9865 | lr 2.98e-04 | 10.8 it/s | eta 2629m
[member 2] step 95800/1805100 (ep 1.06) | loss 2.9785 | lr 2.98e-04 | 10.8 it/s | eta 2628m
[member 2] step 95900/1805100 (ep 1.06) | loss 2.9867 | lr 2.98e-04 | 10.8 it/s | eta 2628m
[member 2] step 96000/1805100 (ep 1.06) | loss 2.9844 | lr 2.98e-04 | 10.8 it/s | eta 2627m
[member 2] step 96100/1805100 (ep 1.06) | loss 2.9835 | lr 2.98e-04 | 10.8 it/s | eta 2626m
[member 2] step 96200/1805100 (ep 1.07) | loss 2.9831 | lr 2.98e-04 | 10.8 it/s | eta 2626m
[member 2] step 96300/1805100 (ep 1.07) | loss 2.9797 | lr 2.98e-04 | 10.8 it/s | eta 2625m
[member 2] step 96400/1805100 (ep 1.07) | loss 2.9775 | lr 2.98e-04 | 10.8 it/s | eta 2625m
[member 2] step 96500/1805100 (ep 1.07) | loss 2.9807 | lr 2.98e-04 | 10.9 it/s | eta 2624m
[member 2] step 96600/1805100 (ep 1.07) | loss 2.9809 | lr 2.98e-04 | 10.9 it/s | eta 2624m
[member 2] step 96700/1805100 (ep 1.07) | loss 2.9790 | lr 2.98e-04 | 10.9 it/s | eta 2624m
[member 2] step 96800/1805100 (ep 1.07) | loss 2.9781 | lr 2.98e-04 | 10.9 it/s | eta 2623m
[member 2] step 96900/1805100 (ep 1.07) | loss 2.9781 | lr 2.98e-04 | 10.9 it/s | eta 2623m
[member 2] step 97000/1805100 (ep 1.07) | loss 2.9763 | lr 2.98e-04 | 10.9 it/s | eta 2622m
[member 2] step 97100/1805100 (ep 1.08) | loss 2.9813 | lr 2.98e-04 | 10.9 it/s | eta 2622m
[member 2] step 97200/1805100 (ep 1.08) | loss 2.9839 | lr 2.98e-04 | 10.9 it/s | eta 2621m
[member 2] step 97300/1805100 (ep 1.08) | loss 2.9794 | lr 2.98e-04 | 10.9 it/s | eta 2621m
[member 2] step 97400/1805100 (ep 1.08) | loss 2.9755 | lr 2.98e-04 | 10.9 it/s | eta 2620m
[member 2] step 97500/1805100 (ep 1.08) | loss 2.9799 | lr 2.98e-04 | 10.9 it/s | eta 2620m
[member 2] step 97600/1805100 (ep 1.08) | loss 2.9828 | lr 2.98e-04 | 10.9 it/s | eta 2619m
[member 2] step 97700/1805100 (ep 1.08) | loss 2.9861 | lr 2.98e-04 | 10.9 it/s | eta 2619m
[member 2] step 97800/1805100 (ep 1.08) | loss 2.9790 | lr 2.98e-04 | 10.9 it/s | eta 2618m
[member 2] step 97900/1805100 (ep 1.08) | loss 2.9890 | lr 2.98e-04 | 10.9 it/s | eta 2617m
[member 2] step 98000/1805100 (ep 1.09) | loss 2.9836 | lr 2.98e-04 | 10.9 it/s | eta 2617m
[member 2] step 98100/1805100 (ep 1.09) | loss 2.9770 | lr 2.98e-04 | 10.9 it/s | eta 2616m
[member 2] step 98200/1805100 (ep 1.09) | loss 2.9812 | lr 2.98e-04 | 10.9 it/s | eta 2616m
[member 2] step 98300/1805100 (ep 1.09) | loss 2.9783 | lr 2.98e-04 | 10.9 it/s | eta 2615m
[member 2] step 98400/1805100 (ep 1.09) | loss 2.9825 | lr 2.98e-04 | 10.9 it/s | eta 2615m
[member 2] step 98500/1805100 (ep 1.09) | loss 2.9779 | lr 2.98e-04 | 10.9 it/s | eta 2614m
[member 2] step 98600/1805100 (ep 1.09) | loss 2.9760 | lr 2.98e-04 | 10.9 it/s | eta 2614m
[member 2] step 98700/1805100 (ep 1.09) | loss 2.9854 | lr 2.98e-04 | 10.9 it/s | eta 2614m
[member 2] step 98800/1805100 (ep 1.09) | loss 2.9757 | lr 2.98e-04 | 10.9 it/s | eta 2613m
[member 2] step 98900/1805100 (ep 1.10) | loss 2.9825 | lr 2.98e-04 | 10.9 it/s | eta 2613m
[member 2] step 99000/1805100 (ep 1.10) | loss 2.9750 | lr 2.98e-04 | 10.9 it/s | eta 2612m
[member 2] step 99100/1805100 (ep 1.10) | loss 2.9755 | lr 2.98e-04 | 10.9 it/s | eta 2612m
[member 2] step 99200/1805100 (ep 1.10) | loss 2.9796 | lr 2.98e-04 | 10.9 it/s | eta 2611m
[member 2] step 99300/1805100 (ep 1.10) | loss 2.9791 | lr 2.98e-04 | 10.9 it/s | eta 2611m
[member 2] step 99400/1805100 (ep 1.10) | loss 2.9806 | lr 2.98e-04 | 10.9 it/s | eta 2610m
[member 2] step 99500/1805100 (ep 1.10) | loss 2.9698 | lr 2.98e-04 | 10.9 it/s | eta 2610m
[member 2] step 99600/1805100 (ep 1.10) | loss 2.9795 | lr 2.98e-04 | 10.9 it/s | eta 2609m
[member 2] step 99700/1805100 (ep 1.10) | loss 2.9824 | lr 2.98e-04 | 10.9 it/s | eta 2609m
[member 2] step 99800/1805100 (ep 1.11) | loss 2.9753 | lr 2.98e-04 | 10.9 it/s | eta 2608m
[member 2] step 99900/1805100 (ep 1.11) | loss 2.9777 | lr 2.98e-04 | 10.9 it/s | eta 2608m
[member 2] step 100000/1805100 (ep 1.11) | loss 2.9775 | lr 2.98e-04 | 10.9 it/s | eta 2607m
[member 2] EVAL step 100000 (ep 1.11) | val_ce 4.0167 | best 3.5605 | base 3.5478 MISS | no-improve 9/10
[member 2] step 100100/1805100 (ep 1.11) | loss 2.9799 | lr 2.98e-04 | 10.8 it/s | eta 2641m
[member 2] step 100200/1805100 (ep 1.11) | loss 2.9739 | lr 2.98e-04 | 10.8 it/s | eta 2641m
[member 2] step 100300/1805100 (ep 1.11) | loss 2.9740 | lr 2.98e-04 | 10.8 it/s | eta 2640m
[member 2] step 100400/1805100 (ep 1.11) | loss 2.9724 | lr 2.98e-04 | 10.8 it/s | eta 2640m
[member 2] step 100500/1805100 (ep 1.11) | loss 2.9830 | lr 2.98e-04 | 10.8 it/s | eta 2639m
[member 2] step 100600/1805100 (ep 1.11) | loss 2.9771 | lr 2.98e-04 | 10.8 it/s | eta 2639m
[member 2] step 100700/1805100 (ep 1.12) | loss 2.9776 | lr 2.98e-04 | 10.8 it/s | eta 2638m
[member 2] step 100800/1805100 (ep 1.12) | loss 2.9827 | lr 2.98e-04 | 10.8 it/s | eta 2638m
[member 2] step 100900/1805100 (ep 1.12) | loss 2.9764 | lr 2.98e-04 | 10.8 it/s | eta 2637m
[member 2] step 101000/1805100 (ep 1.12) | loss 2.9793 | lr 2.98e-04 | 10.8 it/s | eta 2637m
[member 2] step 101100/1805100 (ep 1.12) | loss 2.9799 | lr 2.98e-04 | 10.8 it/s | eta 2636m
[member 2] step 101200/1805100 (ep 1.12) | loss 2.9667 | lr 2.98e-04 | 10.8 it/s | eta 2636m
[member 2] step 101300/1805100 (ep 1.12) | loss 2.9732 | lr 2.98e-04 | 10.8 it/s | eta 2635m
[member 2] step 101400/1805100 (ep 1.12) | loss 2.9732 | lr 2.98e-04 | 10.8 it/s | eta 2635m
[member 2] step 101500/1805100 (ep 1.12) | loss 2.9817 | lr 2.98e-04 | 10.8 it/s | eta 2634m
[member 2] step 101600/1805100 (ep 1.13) | loss 2.9772 | lr 2.98e-04 | 10.8 it/s | eta 2634m
[member 2] step 101700/1805100 (ep 1.13) | loss 2.9769 | lr 2.98e-04 | 10.8 it/s | eta 2633m
[member 2] step 101800/1805100 (ep 1.13) | loss 2.9781 | lr 2.98e-04 | 10.8 it/s | eta 2633m
[member 2] step 101900/1805100 (ep 1.13) | loss 2.9737 | lr 2.98e-04 | 10.8 it/s | eta 2632m
[member 2] step 102000/1805100 (ep 1.13) | loss 2.9747 | lr 2.98e-04 | 10.8 it/s | eta 2632m
[member 2] step 102100/1805100 (ep 1.13) | loss 2.9730 | lr 2.98e-04 | 10.8 it/s | eta 2631m
[member 2] step 102200/1805100 (ep 1.13) | loss 2.9692 | lr 2.98e-04 | 10.8 it/s | eta 2631m
[member 2] step 102300/1805100 (ep 1.13) | loss 2.9705 | lr 2.98e-04 | 10.8 it/s | eta 2630m
[member 2] step 102400/1805100 (ep 1.13) | loss 2.9718 | lr 2.98e-04 | 10.8 it/s | eta 2630m
[member 2] step 102500/1805100 (ep 1.14) | loss 2.9785 | lr 2.98e-04 | 10.8 it/s | eta 2629m
[member 2] step 102600/1805100 (ep 1.14) | loss 2.9810 | lr 2.98e-04 | 10.8 it/s | eta 2629m
[member 2] step 102700/1805100 (ep 1.14) | loss 2.9723 | lr 2.98e-04 | 10.8 it/s | eta 2629m
[member 2] step 102800/1805100 (ep 1.14) | loss 2.9753 | lr 2.98e-04 | 10.8 it/s | eta 2628m
[member 2] step 102900/1805100 (ep 1.14) | loss 2.9744 | lr 2.98e-04 | 10.8 it/s | eta 2628m
[member 2] step 103000/1805100 (ep 1.14) | loss 2.9736 | lr 2.98e-04 | 10.8 it/s | eta 2627m
[member 2] step 103100/1805100 (ep 1.14) | loss 2.9761 | lr 2.98e-04 | 10.8 it/s | eta 2627m
[member 2] step 103200/1805100 (ep 1.14) | loss 2.9741 | lr 2.98e-04 | 10.8 it/s | eta 2626m
[member 2] step 103300/1805100 (ep 1.14) | loss 2.9729 | lr 2.98e-04 | 10.8 it/s | eta 2626m
[member 2] step 103400/1805100 (ep 1.15) | loss 2.9728 | lr 2.98e-04 | 10.8 it/s | eta 2625m
[member 2] step 103500/1805100 (ep 1.15) | loss 2.9736 | lr 2.98e-04 | 10.8 it/s | eta 2625m
[member 2] step 103600/1805100 (ep 1.15) | loss 2.9674 | lr 2.98e-04 | 10.8 it/s | eta 2624m
[member 2] step 103700/1805100 (ep 1.15) | loss 2.9707 | lr 2.98e-04 | 10.8 it/s | eta 2624m
[member 2] step 103800/1805100 (ep 1.15) | loss 2.9738 | lr 2.98e-04 | 10.8 it/s | eta 2623m
[member 2] step 103900/1805100 (ep 1.15) | loss 2.9704 | lr 2.98e-04 | 10.8 it/s | eta 2623m
[member 2] step 104000/1805100 (ep 1.15) | loss 2.9732 | lr 2.98e-04 | 10.8 it/s | eta 2622m
[member 2] step 104100/1805100 (ep 1.15) | loss 2.9716 | lr 2.98e-04 | 10.8 it/s | eta 2622m
[member 2] step 104200/1805100 (ep 1.15) | loss 2.9739 | lr 2.98e-04 | 10.8 it/s | eta 2621m
[member 2] step 104300/1805100 (ep 1.16) | loss 2.9740 | lr 2.98e-04 | 10.8 it/s | eta 2621m
[member 2] step 104400/1805100 (ep 1.16) | loss 2.9791 | lr 2.98e-04 | 10.8 it/s | eta 2621m
[member 2] step 104500/1805100 (ep 1.16) | loss 2.9713 | lr 2.98e-04 | 10.8 it/s | eta 2620m
[member 2] step 104600/1805100 (ep 1.16) | loss 2.9753 | lr 2.98e-04 | 10.8 it/s | eta 2620m
[member 2] step 104700/1805100 (ep 1.16) | loss 2.9713 | lr 2.98e-04 | 10.8 it/s | eta 2619m
[member 2] step 104800/1805100 (ep 1.16) | loss 2.9740 | lr 2.98e-04 | 10.8 it/s | eta 2619m
[member 2] step 104900/1805100 (ep 1.16) | loss 2.9700 | lr 2.98e-04 | 10.8 it/s | eta 2618m
[member 2] step 105000/1805100 (ep 1.16) | loss 2.9694 | lr 2.98e-04 | 10.8 it/s | eta 2618m
[member 2] step 105100/1805100 (ep 1.16) | loss 2.9695 | lr 2.98e-04 | 10.8 it/s | eta 2617m
[member 2] step 105200/1805100 (ep 1.17) | loss 2.9736 | lr 2.98e-04 | 10.8 it/s | eta 2617m
[member 2] step 105300/1805100 (ep 1.17) | loss 2.9738 | lr 2.98e-04 | 10.8 it/s | eta 2616m
[member 2] step 105400/1805100 (ep 1.17) | loss 2.9706 | lr 2.98e-04 | 10.8 it/s | eta 2616m
[member 2] step 105500/1805100 (ep 1.17) | loss 2.9679 | lr 2.98e-04 | 10.8 it/s | eta 2615m
[member 2] step 105600/1805100 (ep 1.17) | loss 2.9717 | lr 2.98e-04 | 10.8 it/s | eta 2615m
[member 2] step 105700/1805100 (ep 1.17) | loss 2.9680 | lr 2.98e-04 | 10.8 it/s | eta 2615m
[member 2] step 105800/1805100 (ep 1.17) | loss 2.9765 | lr 2.98e-04 | 10.8 it/s | eta 2614m
[member 2] step 105900/1805100 (ep 1.17) | loss 2.9722 | lr 2.98e-04 | 10.8 it/s | eta 2614m
[member 2] step 106000/1805100 (ep 1.17) | loss 2.9693 | lr 2.98e-04 | 10.8 it/s | eta 2613m
[member 2] step 106100/1805100 (ep 1.18) | loss 2.9719 | lr 2.98e-04 | 10.8 it/s | eta 2613m
[member 2] step 106200/1805100 (ep 1.18) | loss 2.9694 | lr 2.98e-04 | 10.8 it/s | eta 2612m
[member 2] step 106300/1805100 (ep 1.18) | loss 2.9735 | lr 2.98e-04 | 10.8 it/s | eta 2612m
[member 2] step 106400/1805100 (ep 1.18) | loss 2.9666 | lr 2.98e-04 | 10.8 it/s | eta 2611m
[member 2] step 106500/1805100 (ep 1.18) | loss 2.9702 | lr 2.98e-04 | 10.8 it/s | eta 2611m
[member 2] step 106600/1805100 (ep 1.18) | loss 2.9737 | lr 2.98e-04 | 10.8 it/s | eta 2611m
[member 2] step 106700/1805100 (ep 1.18) | loss 2.9697 | lr 2.98e-04 | 10.8 it/s | eta 2610m
[member 2] step 106800/1805100 (ep 1.18) | loss 2.9685 | lr 2.98e-04 | 10.8 it/s | eta 2610m
[member 2] step 106900/1805100 (ep 1.18) | loss 2.9638 | lr 2.98e-04 | 10.8 it/s | eta 2609m
[member 2] step 107000/1805100 (ep 1.19) | loss 2.9703 | lr 2.98e-04 | 10.8 it/s | eta 2609m
[member 2] step 107100/1805100 (ep 1.19) | loss 2.9648 | lr 2.98e-04 | 10.9 it/s | eta 2608m
[member 2] step 107200/1805100 (ep 1.19) | loss 2.9659 | lr 2.98e-04 | 10.9 it/s | eta 2608m
[member 2] step 107300/1805100 (ep 1.19) | loss 2.9644 | lr 2.98e-04 | 10.9 it/s | eta 2607m
[member 2] step 107400/1805100 (ep 1.19) | loss 2.9716 | lr 2.98e-04 | 10.9 it/s | eta 2607m
[member 2] step 107500/1805100 (ep 1.19) | loss 2.9711 | lr 2.98e-04 | 10.9 it/s | eta 2606m
[member 2] step 107600/1805100 (ep 1.19) | loss 2.9643 | lr 2.98e-04 | 10.9 it/s | eta 2606m
[member 2] step 107700/1805100 (ep 1.19) | loss 2.9731 | lr 2.98e-04 | 10.9 it/s | eta 2605m
[member 2] step 107800/1805100 (ep 1.19) | loss 2.9683 | lr 2.98e-04 | 10.9 it/s | eta 2605m
[member 2] step 107900/1805100 (ep 1.20) | loss 2.9669 | lr 2.98e-04 | 10.9 it/s | eta 2605m
[member 2] step 108000/1805100 (ep 1.20) | loss 2.9658 | lr 2.98e-04 | 10.9 it/s | eta 2604m
[member 2] step 108100/1805100 (ep 1.20) | loss 2.9644 | lr 2.98e-04 | 10.9 it/s | eta 2604m
[member 2] step 108200/1805100 (ep 1.20) | loss 2.9624 | lr 2.98e-04 | 10.9 it/s | eta 2603m
[member 2] step 108300/1805100 (ep 1.20) | loss 2.9711 | lr 2.98e-04 | 10.9 it/s | eta 2603m
[member 2] step 108400/1805100 (ep 1.20) | loss 2.9746 | lr 2.98e-04 | 10.9 it/s | eta 2602m
[member 2] step 108500/1805100 (ep 1.20) | loss 2.9697 | lr 2.98e-04 | 10.9 it/s | eta 2602m
[member 2] step 108600/1805100 (ep 1.20) | loss 2.9684 | lr 2.98e-04 | 10.9 it/s | eta 2601m
[member 2] step 108700/1805100 (ep 1.20) | loss 2.9661 | lr 2.98e-04 | 10.9 it/s | eta 2601m
[member 2] step 108800/1805100 (ep 1.21) | loss 2.9701 | lr 2.98e-04 | 10.9 it/s | eta 2601m
[member 2] step 108900/1805100 (ep 1.21) | loss 2.9609 | lr 2.98e-04 | 10.9 it/s | eta 2600m
[member 2] step 109000/1805100 (ep 1.21) | loss 2.9629 | lr 2.98e-04 | 10.9 it/s | eta 2600m
[member 2] step 109100/1805100 (ep 1.21) | loss 2.9636 | lr 2.98e-04 | 10.9 it/s | eta 2599m
[member 2] step 109200/1805100 (ep 1.21) | loss 2.9658 | lr 2.98e-04 | 10.9 it/s | eta 2599m
[member 2] step 109300/1805100 (ep 1.21) | loss 2.9634 | lr 2.98e-04 | 10.9 it/s | eta 2598m
[member 2] step 109400/1805100 (ep 1.21) | loss 2.9689 | lr 2.98e-04 | 10.9 it/s | eta 2598m
[member 2] step 109500/1805100 (ep 1.21) | loss 2.9695 | lr 2.98e-04 | 10.9 it/s | eta 2598m
[member 2] step 109600/1805100 (ep 1.21) | loss 2.9611 | lr 2.98e-04 | 10.9 it/s | eta 2597m
[member 2] step 109700/1805100 (ep 1.22) | loss 2.9647 | lr 2.98e-04 | 10.9 it/s | eta 2597m
[member 2] step 109800/1805100 (ep 1.22) | loss 2.9667 | lr 2.98e-04 | 10.9 it/s | eta 2596m
[member 2] step 109900/1805100 (ep 1.22) | loss 2.9645 | lr 2.98e-04 | 10.9 it/s | eta 2596m
[member 2] step 110000/1805100 (ep 1.22) | loss 2.9619 | lr 2.98e-04 | 10.9 it/s | eta 2595m
[member 2] EVAL step 110000 (ep 1.22) | val_ce 4.0529 | best 3.5605 | base 3.5478 MISS | no-improve 10/10
[member 2] done | 110000 steps | best val CE 3.5605 | 170.4 min
[v5] member 2 (seed 242) best val CE = 3.5605
[v5] trained members [2, 3); checkpoints in /root/stonks/models/v5. Once all 4 exist, run --forecast-only (same --seed/--members/universe) to write temperatures, artifacts, and forecasts.
[v5] done (partial run).
