[v5] device=cuda | visible GPUs=1 | current=cuda:0 (NVIDIA GeForce RTX 5090)
[v5] building frames for 7597 tickers ...
[v5] usable frames: 7094
[v5] eval_mode=time eval_tickers=0 val_tickers=0
[v5] scaler fit on 23948324 train rows
[v5] era-proxy audit (|rho|>0.2): none
[v5] class rates [train] (down/neutral/up): 1d:[0.21, 0.58, 0.21]  1w:[0.21, 0.57, 0.22]  1m:[0.21, 0.54, 0.24]  6m:[0.22, 0.51, 0.26]
[v5] class rates [val] (down/neutral/up): 1d:[0.21, 0.59, 0.21]  1w:[0.22, 0.56, 0.22]  1m:[0.23, 0.53, 0.23]  6m:[0.23, 0.52, 0.25]
[v5] class rates [oos] (down/neutral/up): 1d:[0.21, 0.58, 0.21]  1w:[0.21, 0.56, 0.23]  1m:[0.22, 0.53, 0.25]  6m:[0.23, 0.46, 0.31]
[v5] train windows: 23105132 | val windows (subsampled): 1000000 | eval tickers: 4992
[v5] schedule | 90255 steps/epoch | budget 1805100 steps (~20.0 ep) | t_max 1805100 | eval every 10000 steps | patience 10 (~100000 steps no-improve) | workers 8 | members [3, 4)
[v5] val constant-marginal baseline CE = 3.5478 (model must beat this to be learning anything conditional)
[member 3] start | 23105132 train / 1000000 val windows | 90255 steps/epoch | eval every 10000 steps | max 1805100 steps | patience 10
[member 3] step 100/1805100 (ep 0.00) | loss 4.1708 | lr 3.00e-05 | 7.2 it/s | eta 4201m
[member 3] step 200/1805100 (ep 0.00) | loss 3.6707 | lr 6.00e-05 | 9.1 it/s | eta 3310m
[member 3] step 300/1805100 (ep 0.00) | loss 3.5405 | lr 9.00e-05 | 10.0 it/s | eta 3012m
[member 3] step 400/1805100 (ep 0.00) | loss 3.5139 | lr 1.20e-04 | 10.5 it/s | eta 2861m
[member 3] step 500/1805100 (ep 0.01) | loss 3.4991 | lr 1.50e-04 | 10.8 it/s | eta 2772m
[member 3] step 600/1805100 (ep 0.01) | loss 3.4996 | lr 1.80e-04 | 11.1 it/s | eta 2709m
[member 3] step 700/1805100 (ep 0.01) | loss 3.5008 | lr 2.10e-04 | 11.3 it/s | eta 2670m
[member 3] step 800/1805100 (ep 0.01) | loss 3.5016 | lr 2.40e-04 | 11.4 it/s | eta 2637m
[member 3] step 900/1805100 (ep 0.01) | loss 3.4935 | lr 2.70e-04 | 11.5 it/s | eta 2609m
[member 3] step 1000/1805100 (ep 0.01) | loss 3.4862 | lr 3.00e-04 | 11.6 it/s | eta 2591m
[member 3] step 1100/1805100 (ep 0.01) | loss 3.4901 | lr 3.00e-04 | 11.7 it/s | eta 2577m
[member 3] step 1200/1805100 (ep 0.01) | loss 3.4810 | lr 3.00e-04 | 11.7 it/s | eta 2564m
[member 3] step 1300/1805100 (ep 0.01) | loss 3.4718 | lr 3.00e-04 | 11.8 it/s | eta 2553m
[member 3] step 1400/1805100 (ep 0.02) | loss 3.4710 | lr 3.00e-04 | 11.8 it/s | eta 2544m
[member 3] step 1500/1805100 (ep 0.02) | loss 3.4665 | lr 3.00e-04 | 11.9 it/s | eta 2535m
[member 3] step 1600/1805100 (ep 0.02) | loss 3.4560 | lr 3.00e-04 | 11.9 it/s | eta 2526m
[member 3] step 1700/1805100 (ep 0.02) | loss 3.4613 | lr 3.00e-04 | 11.9 it/s | eta 2519m
[member 3] step 1800/1805100 (ep 0.02) | loss 3.4511 | lr 3.00e-04 | 12.0 it/s | eta 2513m
[member 3] step 1900/1805100 (ep 0.02) | loss 3.4460 | lr 3.00e-04 | 12.0 it/s | eta 2509m
[member 3] step 2000/1805100 (ep 0.02) | loss 3.4451 | lr 3.00e-04 | 12.0 it/s | eta 2503m
[member 3] step 2100/1805100 (ep 0.02) | loss 3.4412 | lr 3.00e-04 | 12.0 it/s | eta 2499m
[member 3] step 2200/1805100 (ep 0.02) | loss 3.4354 | lr 3.00e-04 | 12.0 it/s | eta 2495m
[member 3] step 2300/1805100 (ep 0.03) | loss 3.4337 | lr 3.00e-04 | 12.1 it/s | eta 2490m
[member 3] step 2400/1805100 (ep 0.03) | loss 3.4272 | lr 3.00e-04 | 12.1 it/s | eta 2486m
[member 3] step 2500/1805100 (ep 0.03) | loss 3.4263 | lr 3.00e-04 | 12.1 it/s | eta 2484m
[member 3] step 2600/1805100 (ep 0.03) | loss 3.4283 | lr 3.00e-04 | 12.1 it/s | eta 2482m
[member 3] step 2700/1805100 (ep 0.03) | loss 3.4270 | lr 3.00e-04 | 12.1 it/s | eta 2480m
[member 3] step 2800/1805100 (ep 0.03) | loss 3.4142 | lr 3.00e-04 | 12.1 it/s | eta 2478m
[member 3] step 2900/1805100 (ep 0.03) | loss 3.4164 | lr 3.00e-04 | 12.1 it/s | eta 2476m
[member 3] step 3000/1805100 (ep 0.03) | loss 3.4199 | lr 3.00e-04 | 12.1 it/s | eta 2475m
[member 3] step 3100/1805100 (ep 0.03) | loss 3.4173 | lr 3.00e-04 | 12.1 it/s | eta 2473m
[member 3] step 3200/1805100 (ep 0.04) | loss 3.4132 | lr 3.00e-04 | 12.2 it/s | eta 2472m
[member 3] step 3300/1805100 (ep 0.04) | loss 3.4121 | lr 3.00e-04 | 12.2 it/s | eta 2470m
[member 3] step 3400/1805100 (ep 0.04) | loss 3.4059 | lr 3.00e-04 | 12.2 it/s | eta 2468m
[member 3] step 3500/1805100 (ep 0.04) | loss 3.4071 | lr 3.00e-04 | 12.2 it/s | eta 2467m
[member 3] step 3600/1805100 (ep 0.04) | loss 3.4008 | lr 3.00e-04 | 12.2 it/s | eta 2466m
[member 3] step 3700/1805100 (ep 0.04) | loss 3.3916 | lr 3.00e-04 | 12.2 it/s | eta 2464m
[member 3] step 3800/1805100 (ep 0.04) | loss 3.3968 | lr 3.00e-04 | 12.2 it/s | eta 2462m
[member 3] step 3900/1805100 (ep 0.04) | loss 3.3984 | lr 3.00e-04 | 12.2 it/s | eta 2461m
[member 3] step 4000/1805100 (ep 0.04) | loss 3.3950 | lr 3.00e-04 | 12.2 it/s | eta 2459m
[member 3] step 4100/1805100 (ep 0.05) | loss 3.3893 | lr 3.00e-04 | 12.2 it/s | eta 2458m
[member 3] step 4200/1805100 (ep 0.05) | loss 3.3941 | lr 3.00e-04 | 12.2 it/s | eta 2456m
[member 3] step 4300/1805100 (ep 0.05) | loss 3.3899 | lr 3.00e-04 | 12.2 it/s | eta 2455m
[member 3] step 4400/1805100 (ep 0.05) | loss 3.3842 | lr 3.00e-04 | 12.2 it/s | eta 2454m
[member 3] step 4500/1805100 (ep 0.05) | loss 3.3850 | lr 3.00e-04 | 12.2 it/s | eta 2453m
[member 3] step 4600/1805100 (ep 0.05) | loss 3.3805 | lr 3.00e-04 | 12.2 it/s | eta 2452m
[member 3] step 4700/1805100 (ep 0.05) | loss 3.3875 | lr 3.00e-04 | 12.2 it/s | eta 2451m
[member 3] step 4800/1805100 (ep 0.05) | loss 3.3846 | lr 3.00e-04 | 12.2 it/s | eta 2451m
[member 3] step 4900/1805100 (ep 0.05) | loss 3.3803 | lr 3.00e-04 | 12.2 it/s | eta 2450m
[member 3] step 5000/1805100 (ep 0.06) | loss 3.3775 | lr 3.00e-04 | 12.2 it/s | eta 2449m
[member 3] step 5100/1805100 (ep 0.06) | loss 3.3738 | lr 3.00e-04 | 12.3 it/s | eta 2448m
[member 3] step 5200/1805100 (ep 0.06) | loss 3.3711 | lr 3.00e-04 | 12.3 it/s | eta 2448m
[member 3] step 5300/1805100 (ep 0.06) | loss 3.3726 | lr 3.00e-04 | 12.3 it/s | eta 2447m
[member 3] step 5400/1805100 (ep 0.06) | loss 3.3771 | lr 3.00e-04 | 12.3 it/s | eta 2446m
[member 3] step 5500/1805100 (ep 0.06) | loss 3.3736 | lr 3.00e-04 | 12.3 it/s | eta 2446m
[member 3] step 5600/1805100 (ep 0.06) | loss 3.3698 | lr 3.00e-04 | 12.3 it/s | eta 2445m
[member 3] step 5700/1805100 (ep 0.06) | loss 3.3677 | lr 3.00e-04 | 12.3 it/s | eta 2444m
[member 3] step 5800/1805100 (ep 0.06) | loss 3.3665 | lr 3.00e-04 | 12.3 it/s | eta 2443m
[member 3] step 5900/1805100 (ep 0.07) | loss 3.3696 | lr 3.00e-04 | 12.3 it/s | eta 2442m
[member 3] step 6000/1805100 (ep 0.07) | loss 3.3678 | lr 3.00e-04 | 12.3 it/s | eta 2442m
[member 3] step 6100/1805100 (ep 0.07) | loss 3.3633 | lr 3.00e-04 | 12.3 it/s | eta 2441m
[member 3] step 6200/1805100 (ep 0.07) | loss 3.3601 | lr 3.00e-04 | 12.3 it/s | eta 2440m
[member 3] step 6300/1805100 (ep 0.07) | loss 3.3598 | lr 3.00e-04 | 12.3 it/s | eta 2440m
[member 3] step 6400/1805100 (ep 0.07) | loss 3.3567 | lr 3.00e-04 | 12.3 it/s | eta 2439m
[member 3] step 6500/1805100 (ep 0.07) | loss 3.3581 | lr 3.00e-04 | 12.3 it/s | eta 2439m
[member 3] step 6600/1805100 (ep 0.07) | loss 3.3573 | lr 3.00e-04 | 12.3 it/s | eta 2438m
[member 3] step 6700/1805100 (ep 0.07) | loss 3.3485 | lr 3.00e-04 | 12.3 it/s | eta 2438m
[member 3] step 6800/1805100 (ep 0.08) | loss 3.3499 | lr 3.00e-04 | 12.3 it/s | eta 2438m
[member 3] step 6900/1805100 (ep 0.08) | loss 3.3407 | lr 3.00e-04 | 12.3 it/s | eta 2437m
[member 3] step 7000/1805100 (ep 0.08) | loss 3.3438 | lr 3.00e-04 | 12.3 it/s | eta 2437m
[member 3] step 7100/1805100 (ep 0.08) | loss 3.3482 | lr 3.00e-04 | 12.3 it/s | eta 2436m
[member 3] step 7200/1805100 (ep 0.08) | loss 3.3555 | lr 3.00e-04 | 12.3 it/s | eta 2436m
[member 3] step 7300/1805100 (ep 0.08) | loss 3.3483 | lr 3.00e-04 | 12.3 it/s | eta 2435m
[member 3] step 7400/1805100 (ep 0.08) | loss 3.3497 | lr 3.00e-04 | 12.3 it/s | eta 2433m
[member 3] step 7500/1805100 (ep 0.08) | loss 3.3338 | lr 3.00e-04 | 12.3 it/s | eta 2432m
[member 3] step 7600/1805100 (ep 0.08) | loss 3.3495 | lr 3.00e-04 | 12.3 it/s | eta 2432m
[member 3] step 7700/1805100 (ep 0.09) | loss 3.3440 | lr 3.00e-04 | 12.3 it/s | eta 2431m
[member 3] step 7800/1805100 (ep 0.09) | loss 3.3421 | lr 3.00e-04 | 12.3 it/s | eta 2430m
[member 3] step 7900/1805100 (ep 0.09) | loss 3.3476 | lr 3.00e-04 | 12.3 it/s | eta 2430m
[member 3] step 8000/1805100 (ep 0.09) | loss 3.3416 | lr 3.00e-04 | 12.3 it/s | eta 2430m
[member 3] step 8100/1805100 (ep 0.09) | loss 3.3386 | lr 3.00e-04 | 12.3 it/s | eta 2429m
[member 3] step 8200/1805100 (ep 0.09) | loss 3.3375 | lr 3.00e-04 | 12.3 it/s | eta 2429m
[member 3] step 8300/1805100 (ep 0.09) | loss 3.3406 | lr 3.00e-04 | 12.3 it/s | eta 2428m
[member 3] step 8400/1805100 (ep 0.09) | loss 3.3304 | lr 3.00e-04 | 12.3 it/s | eta 2428m
[member 3] step 8500/1805100 (ep 0.09) | loss 3.3282 | lr 3.00e-04 | 12.3 it/s | eta 2427m
[member 3] step 8600/1805100 (ep 0.10) | loss 3.3317 | lr 3.00e-04 | 12.3 it/s | eta 2427m
[member 3] step 8700/1805100 (ep 0.10) | loss 3.3347 | lr 3.00e-04 | 12.3 it/s | eta 2426m
[member 3] step 8800/1805100 (ep 0.10) | loss 3.3327 | lr 3.00e-04 | 12.3 it/s | eta 2426m
[member 3] step 8900/1805100 (ep 0.10) | loss 3.3264 | lr 3.00e-04 | 12.3 it/s | eta 2426m
[member 3] step 9000/1805100 (ep 0.10) | loss 3.3274 | lr 3.00e-04 | 12.3 it/s | eta 2426m
[member 3] step 9100/1805100 (ep 0.10) | loss 3.3279 | lr 3.00e-04 | 12.3 it/s | eta 2425m
[member 3] step 9200/1805100 (ep 0.10) | loss 3.3213 | lr 3.00e-04 | 12.3 it/s | eta 2425m
[member 3] step 9300/1805100 (ep 0.10) | loss 3.3257 | lr 3.00e-04 | 12.3 it/s | eta 2425m
[member 3] step 9400/1805100 (ep 0.10) | loss 3.3213 | lr 3.00e-04 | 12.3 it/s | eta 2424m
[member 3] step 9500/1805100 (ep 0.11) | loss 3.3210 | lr 3.00e-04 | 12.3 it/s | eta 2424m
[member 3] step 9600/1805100 (ep 0.11) | loss 3.3189 | lr 3.00e-04 | 12.3 it/s | eta 2423m
[member 3] step 9700/1805100 (ep 0.11) | loss 3.3141 | lr 3.00e-04 | 12.4 it/s | eta 2423m
[member 3] step 9800/1805100 (ep 0.11) | loss 3.3149 | lr 3.00e-04 | 12.4 it/s | eta 2423m
[member 3] step 9900/1805100 (ep 0.11) | loss 3.3120 | lr 3.00e-04 | 12.4 it/s | eta 2422m
[member 3] step 10000/1805100 (ep 0.11) | loss 3.3110 | lr 3.00e-04 | 12.4 it/s | eta 2422m
[member 3] EVAL step 10000 (ep 0.11) | val_ce 3.5755 | best 3.5755 | base 3.5478 MISS | IMPROVED
[member 3] step 10100/1805100 (ep 0.11) | loss 3.3183 | lr 3.00e-04 | 10.8 it/s | eta 2783m
[member 3] step 10200/1805100 (ep 0.11) | loss 3.3177 | lr 3.00e-04 | 10.8 it/s | eta 2779m
[member 3] step 10300/1805100 (ep 0.11) | loss 3.3123 | lr 3.00e-04 | 10.8 it/s | eta 2775m
[member 3] step 10400/1805100 (ep 0.12) | loss 3.3136 | lr 3.00e-04 | 10.8 it/s | eta 2771m
[member 3] step 10500/1805100 (ep 0.12) | loss 3.3108 | lr 3.00e-04 | 10.8 it/s | eta 2768m
[member 3] step 10600/1805100 (ep 0.12) | loss 3.3135 | lr 3.00e-04 | 10.8 it/s | eta 2764m
[member 3] step 10700/1805100 (ep 0.12) | loss 3.3108 | lr 3.00e-04 | 10.8 it/s | eta 2760m
[member 3] step 10800/1805100 (ep 0.12) | loss 3.3078 | lr 3.00e-04 | 10.8 it/s | eta 2757m
[member 3] step 10900/1805100 (ep 0.12) | loss 3.3037 | lr 3.00e-04 | 10.9 it/s | eta 2754m
[member 3] step 11000/1805100 (ep 0.12) | loss 3.3064 | lr 3.00e-04 | 10.9 it/s | eta 2750m
[member 3] step 11100/1805100 (ep 0.12) | loss 3.3046 | lr 3.00e-04 | 10.9 it/s | eta 2747m
[member 3] step 11200/1805100 (ep 0.12) | loss 3.3045 | lr 3.00e-04 | 10.9 it/s | eta 2744m
[member 3] step 11300/1805100 (ep 0.13) | loss 3.3067 | lr 3.00e-04 | 10.9 it/s | eta 2741m
[member 3] step 11400/1805100 (ep 0.13) | loss 3.3020 | lr 3.00e-04 | 10.9 it/s | eta 2737m
[member 3] step 11500/1805100 (ep 0.13) | loss 3.3039 | lr 3.00e-04 | 10.9 it/s | eta 2734m
[member 3] step 11600/1805100 (ep 0.13) | loss 3.2998 | lr 3.00e-04 | 10.9 it/s | eta 2731m
[member 3] step 11700/1805100 (ep 0.13) | loss 3.2981 | lr 3.00e-04 | 11.0 it/s | eta 2728m
[member 3] step 11800/1805100 (ep 0.13) | loss 3.2986 | lr 3.00e-04 | 11.0 it/s | eta 2726m
[member 3] step 11900/1805100 (ep 0.13) | loss 3.2978 | lr 3.00e-04 | 11.0 it/s | eta 2723m
[member 3] step 12000/1805100 (ep 0.13) | loss 3.2944 | lr 3.00e-04 | 11.0 it/s | eta 2720m
[member 3] step 12100/1805100 (ep 0.13) | loss 3.2846 | lr 3.00e-04 | 11.0 it/s | eta 2717m
[member 3] step 12200/1805100 (ep 0.14) | loss 3.2961 | lr 3.00e-04 | 11.0 it/s | eta 2714m
[member 3] step 12300/1805100 (ep 0.14) | loss 3.2972 | lr 3.00e-04 | 11.0 it/s | eta 2712m
[member 3] step 12400/1805100 (ep 0.14) | loss 3.2873 | lr 3.00e-04 | 11.0 it/s | eta 2709m
[member 3] step 12500/1805100 (ep 0.14) | loss 3.2875 | lr 3.00e-04 | 11.0 it/s | eta 2706m
[member 3] step 12600/1805100 (ep 0.14) | loss 3.2865 | lr 3.00e-04 | 11.1 it/s | eta 2704m
[member 3] step 12700/1805100 (ep 0.14) | loss 3.2885 | lr 3.00e-04 | 11.1 it/s | eta 2701m
[member 3] step 12800/1805100 (ep 0.14) | loss 3.2805 | lr 3.00e-04 | 11.1 it/s | eta 2698m
[member 3] step 12900/1805100 (ep 0.14) | loss 3.2829 | lr 3.00e-04 | 11.1 it/s | eta 2695m
[member 3] step 13000/1805100 (ep 0.14) | loss 3.2861 | lr 3.00e-04 | 11.1 it/s | eta 2691m
[member 3] step 13100/1805100 (ep 0.15) | loss 3.2830 | lr 3.00e-04 | 11.1 it/s | eta 2688m
[member 3] step 13200/1805100 (ep 0.15) | loss 3.2837 | lr 3.00e-04 | 11.1 it/s | eta 2686m
[member 3] step 13300/1805100 (ep 0.15) | loss 3.2852 | lr 3.00e-04 | 11.1 it/s | eta 2683m
[member 3] step 13400/1805100 (ep 0.15) | loss 3.2835 | lr 3.00e-04 | 11.1 it/s | eta 2681m
[member 3] step 13500/1805100 (ep 0.15) | loss 3.2715 | lr 3.00e-04 | 11.1 it/s | eta 2679m
[member 3] step 13600/1805100 (ep 0.15) | loss 3.2790 | lr 3.00e-04 | 11.2 it/s | eta 2677m
[member 3] step 13700/1805100 (ep 0.15) | loss 3.2752 | lr 3.00e-04 | 11.2 it/s | eta 2674m
[member 3] step 13800/1805100 (ep 0.15) | loss 3.2768 | lr 3.00e-04 | 11.2 it/s | eta 2672m
[member 3] step 13900/1805100 (ep 0.15) | loss 3.2767 | lr 3.00e-04 | 11.2 it/s | eta 2670m
[member 3] step 14000/1805100 (ep 0.16) | loss 3.2815 | lr 3.00e-04 | 11.2 it/s | eta 2668m
[member 3] step 14100/1805100 (ep 0.16) | loss 3.2691 | lr 3.00e-04 | 11.2 it/s | eta 2666m
[member 3] step 14200/1805100 (ep 0.16) | loss 3.2661 | lr 3.00e-04 | 11.2 it/s | eta 2664m
[member 3] step 14300/1805100 (ep 0.16) | loss 3.2745 | lr 3.00e-04 | 11.2 it/s | eta 2662m
[member 3] step 14400/1805100 (ep 0.16) | loss 3.2685 | lr 3.00e-04 | 11.2 it/s | eta 2660m
[member 3] step 14500/1805100 (ep 0.16) | loss 3.2701 | lr 3.00e-04 | 11.2 it/s | eta 2658m
[member 3] step 14600/1805100 (ep 0.16) | loss 3.2760 | lr 3.00e-04 | 11.2 it/s | eta 2656m
[member 3] step 14700/1805100 (ep 0.16) | loss 3.2662 | lr 3.00e-04 | 11.2 it/s | eta 2654m
[member 3] step 14800/1805100 (ep 0.16) | loss 3.2609 | lr 3.00e-04 | 11.2 it/s | eta 2652m
[member 3] step 14900/1805100 (ep 0.17) | loss 3.2627 | lr 3.00e-04 | 11.3 it/s | eta 2650m
[member 3] step 15000/1805100 (ep 0.17) | loss 3.2547 | lr 3.00e-04 | 11.3 it/s | eta 2649m
[member 3] step 15100/1805100 (ep 0.17) | loss 3.2614 | lr 3.00e-04 | 11.3 it/s | eta 2647m
[member 3] step 15200/1805100 (ep 0.17) | loss 3.2613 | lr 3.00e-04 | 11.3 it/s | eta 2645m
[member 3] step 15300/1805100 (ep 0.17) | loss 3.2603 | lr 3.00e-04 | 11.3 it/s | eta 2643m
[member 3] step 15400/1805100 (ep 0.17) | loss 3.2649 | lr 3.00e-04 | 11.3 it/s | eta 2642m
[member 3] step 15500/1805100 (ep 0.17) | loss 3.2573 | lr 3.00e-04 | 11.3 it/s | eta 2640m
[member 3] step 15600/1805100 (ep 0.17) | loss 3.2519 | lr 3.00e-04 | 11.3 it/s | eta 2638m
[member 3] step 15700/1805100 (ep 0.17) | loss 3.2575 | lr 3.00e-04 | 11.3 it/s | eta 2636m
[member 3] step 15800/1805100 (ep 0.18) | loss 3.2498 | lr 3.00e-04 | 11.3 it/s | eta 2634m
[member 3] step 15900/1805100 (ep 0.18) | loss 3.2545 | lr 3.00e-04 | 11.3 it/s | eta 2633m
[member 3] step 16000/1805100 (ep 0.18) | loss 3.2462 | lr 3.00e-04 | 11.3 it/s | eta 2631m
[member 3] step 16100/1805100 (ep 0.18) | loss 3.2459 | lr 3.00e-04 | 11.3 it/s | eta 2629m
[member 3] step 16200/1805100 (ep 0.18) | loss 3.2564 | lr 3.00e-04 | 11.3 it/s | eta 2628m
[member 3] step 16300/1805100 (ep 0.18) | loss 3.2559 | lr 3.00e-04 | 11.4 it/s | eta 2626m
[member 3] step 16400/1805100 (ep 0.18) | loss 3.2498 | lr 3.00e-04 | 11.4 it/s | eta 2625m
[member 3] step 16500/1805100 (ep 0.18) | loss 3.2409 | lr 3.00e-04 | 11.4 it/s | eta 2623m
[member 3] step 16600/1805100 (ep 0.18) | loss 3.2407 | lr 3.00e-04 | 11.4 it/s | eta 2622m
[member 3] step 16700/1805100 (ep 0.19) | loss 3.2441 | lr 3.00e-04 | 11.4 it/s | eta 2621m
[member 3] step 16800/1805100 (ep 0.19) | loss 3.2382 | lr 3.00e-04 | 11.4 it/s | eta 2619m
[member 3] step 16900/1805100 (ep 0.19) | loss 3.2388 | lr 3.00e-04 | 11.4 it/s | eta 2618m
[member 3] step 17000/1805100 (ep 0.19) | loss 3.2409 | lr 3.00e-04 | 11.4 it/s | eta 2616m
[member 3] step 17100/1805100 (ep 0.19) | loss 3.2420 | lr 3.00e-04 | 11.4 it/s | eta 2615m
[member 3] step 17200/1805100 (ep 0.19) | loss 3.2393 | lr 3.00e-04 | 11.4 it/s | eta 2614m
[member 3] step 17300/1805100 (ep 0.19) | loss 3.2389 | lr 3.00e-04 | 11.4 it/s | eta 2612m
[member 3] step 17400/1805100 (ep 0.19) | loss 3.2340 | lr 3.00e-04 | 11.4 it/s | eta 2611m
[member 3] step 17500/1805100 (ep 0.19) | loss 3.2423 | lr 3.00e-04 | 11.4 it/s | eta 2610m
[member 3] step 17600/1805100 (ep 0.20) | loss 3.2345 | lr 3.00e-04 | 11.4 it/s | eta 2608m
[member 3] step 17700/1805100 (ep 0.20) | loss 3.2308 | lr 3.00e-04 | 11.4 it/s | eta 2607m
[member 3] step 17800/1805100 (ep 0.20) | loss 3.2282 | lr 3.00e-04 | 11.4 it/s | eta 2606m
[member 3] step 17900/1805100 (ep 0.20) | loss 3.2299 | lr 3.00e-04 | 11.4 it/s | eta 2604m
[member 3] step 18000/1805100 (ep 0.20) | loss 3.2316 | lr 3.00e-04 | 11.4 it/s | eta 2603m
[member 3] step 18100/1805100 (ep 0.20) | loss 3.2259 | lr 3.00e-04 | 11.4 it/s | eta 2602m
[member 3] step 18200/1805100 (ep 0.20) | loss 3.2309 | lr 3.00e-04 | 11.5 it/s | eta 2600m
[member 3] step 18300/1805100 (ep 0.20) | loss 3.2284 | lr 3.00e-04 | 11.5 it/s | eta 2599m
[member 3] step 18400/1805100 (ep 0.20) | loss 3.2201 | lr 3.00e-04 | 11.5 it/s | eta 2598m
[member 3] step 18500/1805100 (ep 0.20) | loss 3.2210 | lr 3.00e-04 | 11.5 it/s | eta 2596m
[member 3] step 18600/1805100 (ep 0.21) | loss 3.2288 | lr 3.00e-04 | 11.5 it/s | eta 2595m
[member 3] step 18700/1805100 (ep 0.21) | loss 3.2239 | lr 3.00e-04 | 11.5 it/s | eta 2594m
[member 3] step 18800/1805100 (ep 0.21) | loss 3.2219 | lr 3.00e-04 | 11.5 it/s | eta 2593m
[member 3] step 18900/1805100 (ep 0.21) | loss 3.2171 | lr 3.00e-04 | 11.5 it/s | eta 2592m
[member 3] step 19000/1805100 (ep 0.21) | loss 3.2202 | lr 3.00e-04 | 11.5 it/s | eta 2590m
[member 3] step 19100/1805100 (ep 0.21) | loss 3.2162 | lr 3.00e-04 | 11.5 it/s | eta 2589m
[member 3] step 19200/1805100 (ep 0.21) | loss 3.2174 | lr 3.00e-04 | 11.5 it/s | eta 2588m
[member 3] step 19300/1805100 (ep 0.21) | loss 3.2100 | lr 3.00e-04 | 11.5 it/s | eta 2587m
[member 3] step 19400/1805100 (ep 0.21) | loss 3.2149 | lr 3.00e-04 | 11.5 it/s | eta 2586m
[member 3] step 19500/1805100 (ep 0.22) | loss 3.2130 | lr 3.00e-04 | 11.5 it/s | eta 2584m
[member 3] step 19600/1805100 (ep 0.22) | loss 3.2147 | lr 3.00e-04 | 11.5 it/s | eta 2583m
[member 3] step 19700/1805100 (ep 0.22) | loss 3.2148 | lr 3.00e-04 | 11.5 it/s | eta 2582m
[member 3] step 19800/1805100 (ep 0.22) | loss 3.2088 | lr 3.00e-04 | 11.5 it/s | eta 2581m
[member 3] step 19900/1805100 (ep 0.22) | loss 3.2136 | lr 3.00e-04 | 11.5 it/s | eta 2580m
[member 3] step 20000/1805100 (ep 0.22) | loss 3.2151 | lr 3.00e-04 | 11.5 it/s | eta 2579m
[member 3] EVAL step 20000 (ep 0.22) | val_ce 3.6124 | best 3.5755 | base 3.5478 MISS | no-improve 1/10
[member 3] step 20100/1805100 (ep 0.22) | loss 3.2067 | lr 3.00e-04 | 10.8 it/s | eta 2757m
[member 3] step 20200/1805100 (ep 0.22) | loss 3.2021 | lr 3.00e-04 | 10.8 it/s | eta 2755m
[member 3] step 20300/1805100 (ep 0.22) | loss 3.2018 | lr 3.00e-04 | 10.8 it/s | eta 2753m
[member 3] step 20400/1805100 (ep 0.23) | loss 3.2094 | lr 3.00e-04 | 10.8 it/s | eta 2751m
[member 3] step 20500/1805100 (ep 0.23) | loss 3.2025 | lr 3.00e-04 | 10.8 it/s | eta 2750m
[member 3] step 20600/1805100 (ep 0.23) | loss 3.2036 | lr 3.00e-04 | 10.8 it/s | eta 2748m
[member 3] step 20700/1805100 (ep 0.23) | loss 3.2111 | lr 3.00e-04 | 10.8 it/s | eta 2746m
[member 3] step 20800/1805100 (ep 0.23) | loss 3.2083 | lr 3.00e-04 | 10.8 it/s | eta 2744m
[member 3] step 20900/1805100 (ep 0.23) | loss 3.2001 | lr 3.00e-04 | 10.8 it/s | eta 2742m
[member 3] step 21000/1805100 (ep 0.23) | loss 3.2014 | lr 3.00e-04 | 10.9 it/s | eta 2740m
[member 3] step 21100/1805100 (ep 0.23) | loss 3.1975 | lr 3.00e-04 | 10.9 it/s | eta 2738m
[member 3] step 21200/1805100 (ep 0.23) | loss 3.2009 | lr 3.00e-04 | 10.9 it/s | eta 2737m
[member 3] step 21300/1805100 (ep 0.24) | loss 3.2011 | lr 3.00e-04 | 10.9 it/s | eta 2735m
[member 3] step 21400/1805100 (ep 0.24) | loss 3.2003 | lr 3.00e-04 | 10.9 it/s | eta 2733m
[member 3] step 21500/1805100 (ep 0.24) | loss 3.2053 | lr 3.00e-04 | 10.9 it/s | eta 2732m
[member 3] step 21600/1805100 (ep 0.24) | loss 3.2040 | lr 3.00e-04 | 10.9 it/s | eta 2730m
[member 3] step 21700/1805100 (ep 0.24) | loss 3.1936 | lr 3.00e-04 | 10.9 it/s | eta 2728m
[member 3] step 21800/1805100 (ep 0.24) | loss 3.1940 | lr 3.00e-04 | 10.9 it/s | eta 2726m
[member 3] step 21900/1805100 (ep 0.24) | loss 3.1877 | lr 3.00e-04 | 10.9 it/s | eta 2725m
[member 3] step 22000/1805100 (ep 0.24) | loss 3.1943 | lr 3.00e-04 | 10.9 it/s | eta 2723m
[member 3] step 22100/1805100 (ep 0.24) | loss 3.1948 | lr 3.00e-04 | 10.9 it/s | eta 2721m
[member 3] step 22200/1805100 (ep 0.25) | loss 3.1901 | lr 3.00e-04 | 10.9 it/s | eta 2719m
[member 3] step 22300/1805100 (ep 0.25) | loss 3.1918 | lr 3.00e-04 | 10.9 it/s | eta 2718m
[member 3] step 22400/1805100 (ep 0.25) | loss 3.1868 | lr 3.00e-04 | 10.9 it/s | eta 2716m
[member 3] step 22500/1805100 (ep 0.25) | loss 3.1896 | lr 3.00e-04 | 10.9 it/s | eta 2715m
[member 3] step 22600/1805100 (ep 0.25) | loss 3.1882 | lr 3.00e-04 | 11.0 it/s | eta 2713m
[member 3] step 22700/1805100 (ep 0.25) | loss 3.1813 | lr 3.00e-04 | 11.0 it/s | eta 2711m
[member 3] step 22800/1805100 (ep 0.25) | loss 3.1917 | lr 3.00e-04 | 11.0 it/s | eta 2710m
[member 3] step 22900/1805100 (ep 0.25) | loss 3.1843 | lr 3.00e-04 | 11.0 it/s | eta 2708m
[member 3] step 23000/1805100 (ep 0.25) | loss 3.1816 | lr 3.00e-04 | 11.0 it/s | eta 2707m
[member 3] step 23100/1805100 (ep 0.26) | loss 3.1886 | lr 3.00e-04 | 11.0 it/s | eta 2705m
[member 3] step 23200/1805100 (ep 0.26) | loss 3.1869 | lr 3.00e-04 | 11.0 it/s | eta 2704m
[member 3] step 23300/1805100 (ep 0.26) | loss 3.1909 | lr 3.00e-04 | 11.0 it/s | eta 2702m
[member 3] step 23400/1805100 (ep 0.26) | loss 3.1850 | lr 3.00e-04 | 11.0 it/s | eta 2701m
[member 3] step 23500/1805100 (ep 0.26) | loss 3.1842 | lr 3.00e-04 | 11.0 it/s | eta 2699m
[member 3] step 23600/1805100 (ep 0.26) | loss 3.1868 | lr 3.00e-04 | 11.0 it/s | eta 2698m
[member 3] step 23700/1805100 (ep 0.26) | loss 3.1845 | lr 3.00e-04 | 11.0 it/s | eta 2696m
[member 3] step 23800/1805100 (ep 0.26) | loss 3.1769 | lr 3.00e-04 | 11.0 it/s | eta 2695m
[member 3] step 23900/1805100 (ep 0.26) | loss 3.1800 | lr 3.00e-04 | 11.0 it/s | eta 2693m
[member 3] step 24000/1805100 (ep 0.27) | loss 3.1827 | lr 3.00e-04 | 11.0 it/s | eta 2692m
[member 3] step 24100/1805100 (ep 0.27) | loss 3.1760 | lr 3.00e-04 | 11.0 it/s | eta 2690m
[member 3] step 24200/1805100 (ep 0.27) | loss 3.1782 | lr 3.00e-04 | 11.0 it/s | eta 2689m
[member 3] step 24300/1805100 (ep 0.27) | loss 3.1823 | lr 3.00e-04 | 11.0 it/s | eta 2688m
[member 3] step 24400/1805100 (ep 0.27) | loss 3.1766 | lr 3.00e-04 | 11.0 it/s | eta 2686m
[member 3] step 24500/1805100 (ep 0.27) | loss 3.1722 | lr 3.00e-04 | 11.1 it/s | eta 2685m
[member 3] step 24600/1805100 (ep 0.27) | loss 3.1797 | lr 3.00e-04 | 11.1 it/s | eta 2684m
[member 3] step 24700/1805100 (ep 0.27) | loss 3.1750 | lr 3.00e-04 | 11.1 it/s | eta 2682m
[member 3] step 24800/1805100 (ep 0.27) | loss 3.1751 | lr 3.00e-04 | 11.1 it/s | eta 2681m
[member 3] step 24900/1805100 (ep 0.28) | loss 3.1756 | lr 3.00e-04 | 11.1 it/s | eta 2680m
[member 3] step 25000/1805100 (ep 0.28) | loss 3.1756 | lr 3.00e-04 | 11.1 it/s | eta 2678m
[member 3] step 25100/1805100 (ep 0.28) | loss 3.1733 | lr 3.00e-04 | 11.1 it/s | eta 2677m
[member 3] step 25200/1805100 (ep 0.28) | loss 3.1709 | lr 3.00e-04 | 11.1 it/s | eta 2676m
[member 3] step 25300/1805100 (ep 0.28) | loss 3.1613 | lr 3.00e-04 | 11.1 it/s | eta 2674m
[member 3] step 25400/1805100 (ep 0.28) | loss 3.1671 | lr 3.00e-04 | 11.1 it/s | eta 2673m
[member 3] step 25500/1805100 (ep 0.28) | loss 3.1654 | lr 3.00e-04 | 11.1 it/s | eta 2672m
[member 3] step 25600/1805100 (ep 0.28) | loss 3.1717 | lr 3.00e-04 | 11.1 it/s | eta 2671m
[member 3] step 25700/1805100 (ep 0.28) | loss 3.1702 | lr 3.00e-04 | 11.1 it/s | eta 2669m
[member 3] step 25800/1805100 (ep 0.29) | loss 3.1622 | lr 3.00e-04 | 11.1 it/s | eta 2668m
[member 3] step 25900/1805100 (ep 0.29) | loss 3.1664 | lr 3.00e-04 | 11.1 it/s | eta 2667m
[member 3] step 26000/1805100 (ep 0.29) | loss 3.1679 | lr 3.00e-04 | 11.1 it/s | eta 2666m
[member 3] step 26100/1805100 (ep 0.29) | loss 3.1635 | lr 3.00e-04 | 11.1 it/s | eta 2664m
[member 3] step 26200/1805100 (ep 0.29) | loss 3.1634 | lr 3.00e-04 | 11.1 it/s | eta 2663m
[member 3] step 26300/1805100 (ep 0.29) | loss 3.1649 | lr 3.00e-04 | 11.1 it/s | eta 2662m
[member 3] step 26400/1805100 (ep 0.29) | loss 3.1659 | lr 3.00e-04 | 11.1 it/s | eta 2661m
[member 3] step 26500/1805100 (ep 0.29) | loss 3.1617 | lr 3.00e-04 | 11.1 it/s | eta 2659m
[member 3] step 26600/1805100 (ep 0.29) | loss 3.1644 | lr 3.00e-04 | 11.2 it/s | eta 2658m
[member 3] step 26700/1805100 (ep 0.30) | loss 3.1622 | lr 3.00e-04 | 11.2 it/s | eta 2657m
[member 3] step 26800/1805100 (ep 0.30) | loss 3.1620 | lr 3.00e-04 | 11.2 it/s | eta 2656m
[member 3] step 26900/1805100 (ep 0.30) | loss 3.1588 | lr 3.00e-04 | 11.2 it/s | eta 2655m
[member 3] step 27000/1805100 (ep 0.30) | loss 3.1596 | lr 3.00e-04 | 11.2 it/s | eta 2654m
[member 3] step 27100/1805100 (ep 0.30) | loss 3.1633 | lr 3.00e-04 | 11.2 it/s | eta 2652m
[member 3] step 27200/1805100 (ep 0.30) | loss 3.1578 | lr 3.00e-04 | 11.2 it/s | eta 2651m
[member 3] step 27300/1805100 (ep 0.30) | loss 3.1531 | lr 3.00e-04 | 11.2 it/s | eta 2650m
[member 3] step 27400/1805100 (ep 0.30) | loss 3.1519 | lr 3.00e-04 | 11.2 it/s | eta 2649m
[member 3] step 27500/1805100 (ep 0.30) | loss 3.1560 | lr 3.00e-04 | 11.2 it/s | eta 2648m
[member 3] step 27600/1805100 (ep 0.31) | loss 3.1541 | lr 3.00e-04 | 11.2 it/s | eta 2647m
[member 3] step 27700/1805100 (ep 0.31) | loss 3.1624 | lr 3.00e-04 | 11.2 it/s | eta 2646m
[member 3] step 27800/1805100 (ep 0.31) | loss 3.1655 | lr 3.00e-04 | 11.2 it/s | eta 2645m
[member 3] step 27900/1805100 (ep 0.31) | loss 3.1594 | lr 3.00e-04 | 11.2 it/s | eta 2644m
[member 3] step 28000/1805100 (ep 0.31) | loss 3.1498 | lr 3.00e-04 | 11.2 it/s | eta 2643m
[member 3] step 28100/1805100 (ep 0.31) | loss 3.1523 | lr 3.00e-04 | 11.2 it/s | eta 2641m
[member 3] step 28200/1805100 (ep 0.31) | loss 3.1470 | lr 3.00e-04 | 11.2 it/s | eta 2640m
[member 3] step 28300/1805100 (ep 0.31) | loss 3.1499 | lr 3.00e-04 | 11.2 it/s | eta 2639m
[member 3] step 28400/1805100 (ep 0.31) | loss 3.1494 | lr 3.00e-04 | 11.2 it/s | eta 2638m
[member 3] step 28500/1805100 (ep 0.32) | loss 3.1410 | lr 3.00e-04 | 11.2 it/s | eta 2637m
[member 3] step 28600/1805100 (ep 0.32) | loss 3.1524 | lr 3.00e-04 | 11.2 it/s | eta 2636m
[member 3] step 28700/1805100 (ep 0.32) | loss 3.1478 | lr 3.00e-04 | 11.2 it/s | eta 2635m
[member 3] step 28800/1805100 (ep 0.32) | loss 3.1522 | lr 3.00e-04 | 11.2 it/s | eta 2634m
[member 3] step 28900/1805100 (ep 0.32) | loss 3.1443 | lr 3.00e-04 | 11.2 it/s | eta 2633m
[member 3] step 29000/1805100 (ep 0.32) | loss 3.1453 | lr 3.00e-04 | 11.2 it/s | eta 2632m
[member 3] step 29100/1805100 (ep 0.32) | loss 3.1478 | lr 3.00e-04 | 11.3 it/s | eta 2631m
[member 3] step 29200/1805100 (ep 0.32) | loss 3.1448 | lr 3.00e-04 | 11.3 it/s | eta 2630m
[member 3] step 29300/1805100 (ep 0.32) | loss 3.1447 | lr 3.00e-04 | 11.3 it/s | eta 2629m
[member 3] step 29400/1805100 (ep 0.33) | loss 3.1551 | lr 3.00e-04 | 11.3 it/s | eta 2628m
[member 3] step 29500/1805100 (ep 0.33) | loss 3.1428 | lr 3.00e-04 | 11.3 it/s | eta 2627m
[member 3] step 29600/1805100 (ep 0.33) | loss 3.1445 | lr 3.00e-04 | 11.3 it/s | eta 2626m
[member 3] step 29700/1805100 (ep 0.33) | loss 3.1439 | lr 3.00e-04 | 11.3 it/s | eta 2625m
[member 3] step 29800/1805100 (ep 0.33) | loss 3.1427 | lr 3.00e-04 | 11.3 it/s | eta 2624m
[member 3] step 29900/1805100 (ep 0.33) | loss 3.1398 | lr 3.00e-04 | 11.3 it/s | eta 2623m
[member 3] step 30000/1805100 (ep 0.33) | loss 3.1400 | lr 3.00e-04 | 11.3 it/s | eta 2622m
[member 3] EVAL step 30000 (ep 0.33) | val_ce 3.7017 | best 3.5755 | base 3.5478 MISS | no-improve 2/10
[member 3] step 30100/1805100 (ep 0.33) | loss 3.1429 | lr 3.00e-04 | 10.8 it/s | eta 2742m
[member 3] step 30200/1805100 (ep 0.33) | loss 3.1441 | lr 3.00e-04 | 10.8 it/s | eta 2740m
[member 3] step 30300/1805100 (ep 0.34) | loss 3.1411 | lr 3.00e-04 | 10.8 it/s | eta 2739m
[member 3] step 30400/1805100 (ep 0.34) | loss 3.1417 | lr 3.00e-04 | 10.8 it/s | eta 2738m
[member 3] step 30500/1805100 (ep 0.34) | loss 3.1361 | lr 3.00e-04 | 10.8 it/s | eta 2736m
[member 3] step 30600/1805100 (ep 0.34) | loss 3.1382 | lr 3.00e-04 | 10.8 it/s | eta 2735m
[member 3] step 30700/1805100 (ep 0.34) | loss 3.1434 | lr 3.00e-04 | 10.8 it/s | eta 2734m
[member 3] step 30800/1805100 (ep 0.34) | loss 3.1408 | lr 3.00e-04 | 10.8 it/s | eta 2733m
[member 3] step 30900/1805100 (ep 0.34) | loss 3.1408 | lr 3.00e-04 | 10.8 it/s | eta 2731m
[member 3] step 31000/1805100 (ep 0.34) | loss 3.1356 | lr 3.00e-04 | 10.8 it/s | eta 2730m
[member 3] step 31100/1805100 (ep 0.34) | loss 3.1354 | lr 3.00e-04 | 10.8 it/s | eta 2729m
[member 3] step 31200/1805100 (ep 0.35) | loss 3.1329 | lr 3.00e-04 | 10.8 it/s | eta 2727m
[member 3] step 31300/1805100 (ep 0.35) | loss 3.1348 | lr 3.00e-04 | 10.8 it/s | eta 2726m
[member 3] step 31400/1805100 (ep 0.35) | loss 3.1335 | lr 3.00e-04 | 10.8 it/s | eta 2725m
[member 3] step 31500/1805100 (ep 0.35) | loss 3.1326 | lr 3.00e-04 | 10.9 it/s | eta 2724m
[member 3] step 31600/1805100 (ep 0.35) | loss 3.1333 | lr 3.00e-04 | 10.9 it/s | eta 2722m
[member 3] step 31700/1805100 (ep 0.35) | loss 3.1363 | lr 3.00e-04 | 10.9 it/s | eta 2721m
[member 3] step 31800/1805100 (ep 0.35) | loss 3.1355 | lr 3.00e-04 | 10.9 it/s | eta 2720m
[member 3] step 31900/1805100 (ep 0.35) | loss 3.1362 | lr 3.00e-04 | 10.9 it/s | eta 2719m
[member 3] step 32000/1805100 (ep 0.35) | loss 3.1286 | lr 3.00e-04 | 10.9 it/s | eta 2717m
[member 3] step 32100/1805100 (ep 0.36) | loss 3.1380 | lr 3.00e-04 | 10.9 it/s | eta 2716m
[member 3] step 32200/1805100 (ep 0.36) | loss 3.1325 | lr 3.00e-04 | 10.9 it/s | eta 2715m
[member 3] step 32300/1805100 (ep 0.36) | loss 3.1307 | lr 3.00e-04 | 10.9 it/s | eta 2714m
[member 3] step 32400/1805100 (ep 0.36) | loss 3.1346 | lr 3.00e-04 | 10.9 it/s | eta 2712m
[member 3] step 32500/1805100 (ep 0.36) | loss 3.1321 | lr 3.00e-04 | 10.9 it/s | eta 2711m
[member 3] step 32600/1805100 (ep 0.36) | loss 3.1282 | lr 3.00e-04 | 10.9 it/s | eta 2710m
[member 3] step 32700/1805100 (ep 0.36) | loss 3.1235 | lr 3.00e-04 | 10.9 it/s | eta 2708m
[member 3] step 32800/1805100 (ep 0.36) | loss 3.1258 | lr 3.00e-04 | 10.9 it/s | eta 2707m
[member 3] step 32900/1805100 (ep 0.36) | loss 3.1275 | lr 3.00e-04 | 10.9 it/s | eta 2706m
[member 3] step 33000/1805100 (ep 0.37) | loss 3.1316 | lr 3.00e-04 | 10.9 it/s | eta 2704m
[member 3] step 33100/1805100 (ep 0.37) | loss 3.1302 | lr 3.00e-04 | 10.9 it/s | eta 2703m
[member 3] step 33200/1805100 (ep 0.37) | loss 3.1230 | lr 3.00e-04 | 10.9 it/s | eta 2702m
[member 3] step 33300/1805100 (ep 0.37) | loss 3.1272 | lr 3.00e-04 | 10.9 it/s | eta 2701m
[member 3] step 33400/1805100 (ep 0.37) | loss 3.1289 | lr 3.00e-04 | 10.9 it/s | eta 2700m
[member 3] step 33500/1805100 (ep 0.37) | loss 3.1307 | lr 3.00e-04 | 10.9 it/s | eta 2698m
[member 3] step 33600/1805100 (ep 0.37) | loss 3.1290 | lr 3.00e-04 | 10.9 it/s | eta 2697m
[member 3] step 33700/1805100 (ep 0.37) | loss 3.1270 | lr 3.00e-04 | 11.0 it/s | eta 2696m
[member 3] step 33800/1805100 (ep 0.37) | loss 3.1230 | lr 3.00e-04 | 11.0 it/s | eta 2695m
[member 3] step 33900/1805100 (ep 0.38) | loss 3.1229 | lr 3.00e-04 | 11.0 it/s | eta 2694m
[member 3] step 34000/1805100 (ep 0.38) | loss 3.1267 | lr 3.00e-04 | 11.0 it/s | eta 2693m
[member 3] step 34100/1805100 (ep 0.38) | loss 3.1260 | lr 3.00e-04 | 11.0 it/s | eta 2691m
[member 3] step 34200/1805100 (ep 0.38) | loss 3.1246 | lr 3.00e-04 | 11.0 it/s | eta 2690m
[member 3] step 34300/1805100 (ep 0.38) | loss 3.1219 | lr 3.00e-04 | 11.0 it/s | eta 2689m
[member 3] step 34400/1805100 (ep 0.38) | loss 3.1211 | lr 3.00e-04 | 11.0 it/s | eta 2688m
[member 3] step 34500/1805100 (ep 0.38) | loss 3.1287 | lr 3.00e-04 | 11.0 it/s | eta 2687m
[member 3] step 34600/1805100 (ep 0.38) | loss 3.1291 | lr 3.00e-04 | 11.0 it/s | eta 2686m
[member 3] step 34700/1805100 (ep 0.38) | loss 3.1297 | lr 3.00e-04 | 11.0 it/s | eta 2685m
[member 3] step 34800/1805100 (ep 0.39) | loss 3.1295 | lr 3.00e-04 | 11.0 it/s | eta 2684m
[member 3] step 34900/1805100 (ep 0.39) | loss 3.1219 | lr 3.00e-04 | 11.0 it/s | eta 2683m
[member 3] step 35000/1805100 (ep 0.39) | loss 3.1232 | lr 3.00e-04 | 11.0 it/s | eta 2681m
[member 3] step 35100/1805100 (ep 0.39) | loss 3.1168 | lr 3.00e-04 | 11.0 it/s | eta 2680m
[member 3] step 35200/1805100 (ep 0.39) | loss 3.1153 | lr 3.00e-04 | 11.0 it/s | eta 2679m
[member 3] step 35300/1805100 (ep 0.39) | loss 3.1220 | lr 3.00e-04 | 11.0 it/s | eta 2678m
[member 3] step 35400/1805100 (ep 0.39) | loss 3.1205 | lr 3.00e-04 | 11.0 it/s | eta 2677m
[member 3] step 35500/1805100 (ep 0.39) | loss 3.1201 | lr 3.00e-04 | 11.0 it/s | eta 2676m
[member 3] step 35600/1805100 (ep 0.39) | loss 3.1238 | lr 3.00e-04 | 11.0 it/s | eta 2675m
[member 3] step 35700/1805100 (ep 0.40) | loss 3.1218 | lr 3.00e-04 | 11.0 it/s | eta 2674m
[member 3] step 35800/1805100 (ep 0.40) | loss 3.1209 | lr 3.00e-04 | 11.0 it/s | eta 2673m
[member 3] step 35900/1805100 (ep 0.40) | loss 3.1092 | lr 3.00e-04 | 11.0 it/s | eta 2672m
[member 3] step 36000/1805100 (ep 0.40) | loss 3.1100 | lr 3.00e-04 | 11.0 it/s | eta 2671m
[member 3] step 36100/1805100 (ep 0.40) | loss 3.1093 | lr 3.00e-04 | 11.0 it/s | eta 2670m
[member 3] step 36200/1805100 (ep 0.40) | loss 3.1087 | lr 3.00e-04 | 11.0 it/s | eta 2669m
[member 3] step 36300/1805100 (ep 0.40) | loss 3.1168 | lr 3.00e-04 | 11.1 it/s | eta 2668m
[member 3] step 36400/1805100 (ep 0.40) | loss 3.1182 | lr 3.00e-04 | 11.1 it/s | eta 2667m
[member 3] step 36500/1805100 (ep 0.40) | loss 3.1134 | lr 3.00e-04 | 11.1 it/s | eta 2665m
[member 3] step 36600/1805100 (ep 0.41) | loss 3.1135 | lr 3.00e-04 | 11.1 it/s | eta 2664m
[member 3] step 36700/1805100 (ep 0.41) | loss 3.1131 | lr 3.00e-04 | 11.1 it/s | eta 2664m
[member 3] step 36800/1805100 (ep 0.41) | loss 3.1093 | lr 3.00e-04 | 11.1 it/s | eta 2663m
[member 3] step 36900/1805100 (ep 0.41) | loss 3.1086 | lr 3.00e-04 | 11.1 it/s | eta 2662m
[member 3] step 37000/1805100 (ep 0.41) | loss 3.1094 | lr 3.00e-04 | 11.1 it/s | eta 2661m
[member 3] step 37100/1805100 (ep 0.41) | loss 3.1151 | lr 3.00e-04 | 11.1 it/s | eta 2660m
[member 3] step 37200/1805100 (ep 0.41) | loss 3.1122 | lr 3.00e-04 | 11.1 it/s | eta 2659m
[member 3] step 37300/1805100 (ep 0.41) | loss 3.1086 | lr 3.00e-04 | 11.1 it/s | eta 2658m
[member 3] step 37400/1805100 (ep 0.41) | loss 3.1066 | lr 3.00e-04 | 11.1 it/s | eta 2657m
[member 3] step 37500/1805100 (ep 0.42) | loss 3.1083 | lr 3.00e-04 | 11.1 it/s | eta 2656m
[member 3] step 37600/1805100 (ep 0.42) | loss 3.1080 | lr 3.00e-04 | 11.1 it/s | eta 2655m
[member 3] step 37700/1805100 (ep 0.42) | loss 3.1037 | lr 3.00e-04 | 11.1 it/s | eta 2654m
[member 3] step 37800/1805100 (ep 0.42) | loss 3.1076 | lr 3.00e-04 | 11.1 it/s | eta 2653m
[member 3] step 37900/1805100 (ep 0.42) | loss 3.1039 | lr 3.00e-04 | 11.1 it/s | eta 2652m
[member 3] step 38000/1805100 (ep 0.42) | loss 3.1059 | lr 3.00e-04 | 11.1 it/s | eta 2652m
[member 3] step 38100/1805100 (ep 0.42) | loss 3.1077 | lr 3.00e-04 | 11.1 it/s | eta 2651m
[member 3] step 38200/1805100 (ep 0.42) | loss 3.1106 | lr 3.00e-04 | 11.1 it/s | eta 2650m
[member 3] step 38300/1805100 (ep 0.42) | loss 3.1002 | lr 3.00e-04 | 11.1 it/s | eta 2649m
[member 3] step 38400/1805100 (ep 0.43) | loss 3.1073 | lr 3.00e-04 | 11.1 it/s | eta 2648m
[member 3] step 38500/1805100 (ep 0.43) | loss 3.1071 | lr 3.00e-04 | 11.1 it/s | eta 2647m
[member 3] step 38600/1805100 (ep 0.43) | loss 3.1149 | lr 3.00e-04 | 11.1 it/s | eta 2646m
[member 3] step 38700/1805100 (ep 0.43) | loss 3.1072 | lr 3.00e-04 | 11.1 it/s | eta 2646m
[member 3] step 38800/1805100 (ep 0.43) | loss 3.1045 | lr 3.00e-04 | 11.1 it/s | eta 2645m
[member 3] step 38900/1805100 (ep 0.43) | loss 3.1025 | lr 3.00e-04 | 11.1 it/s | eta 2644m
[member 3] step 39000/1805100 (ep 0.43) | loss 3.1057 | lr 3.00e-04 | 11.1 it/s | eta 2643m
[member 3] step 39100/1805100 (ep 0.43) | loss 3.1037 | lr 3.00e-04 | 11.1 it/s | eta 2642m
[member 3] step 39200/1805100 (ep 0.43) | loss 3.1033 | lr 3.00e-04 | 11.1 it/s | eta 2641m
[member 3] step 39300/1805100 (ep 0.44) | loss 3.1060 | lr 3.00e-04 | 11.1 it/s | eta 2641m
[member 3] step 39400/1805100 (ep 0.44) | loss 3.1003 | lr 3.00e-04 | 11.1 it/s | eta 2640m
[member 3] step 39500/1805100 (ep 0.44) | loss 3.1061 | lr 3.00e-04 | 11.2 it/s | eta 2639m
[member 3] step 39600/1805100 (ep 0.44) | loss 3.1043 | lr 3.00e-04 | 11.2 it/s | eta 2638m
[member 3] step 39700/1805100 (ep 0.44) | loss 3.1033 | lr 3.00e-04 | 11.2 it/s | eta 2637m
[member 3] step 39800/1805100 (ep 0.44) | loss 3.1041 | lr 3.00e-04 | 11.2 it/s | eta 2636m
[member 3] step 39900/1805100 (ep 0.44) | loss 3.0977 | lr 3.00e-04 | 11.2 it/s | eta 2636m
[member 3] step 40000/1805100 (ep 0.44) | loss 3.0992 | lr 3.00e-04 | 11.2 it/s | eta 2635m
[member 3] EVAL step 40000 (ep 0.44) | val_ce 3.8095 | best 3.5755 | base 3.5478 MISS | no-improve 3/10
[member 3] step 40100/1805100 (ep 0.44) | loss 3.1012 | lr 3.00e-04 | 10.8 it/s | eta 2725m
[member 3] step 40200/1805100 (ep 0.45) | loss 3.0939 | lr 3.00e-04 | 10.8 it/s | eta 2724m
[member 3] step 40300/1805100 (ep 0.45) | loss 3.0956 | lr 3.00e-04 | 10.8 it/s | eta 2723m
[member 3] step 40400/1805100 (ep 0.45) | loss 3.0960 | lr 3.00e-04 | 10.8 it/s | eta 2722m
[member 3] step 40500/1805100 (ep 0.45) | loss 3.0919 | lr 3.00e-04 | 10.8 it/s | eta 2721m
[member 3] step 40600/1805100 (ep 0.45) | loss 3.0961 | lr 3.00e-04 | 10.8 it/s | eta 2720m
[member 3] step 40700/1805100 (ep 0.45) | loss 3.0952 | lr 3.00e-04 | 10.8 it/s | eta 2719m
[member 3] step 40800/1805100 (ep 0.45) | loss 3.0978 | lr 3.00e-04 | 10.8 it/s | eta 2718m
[member 3] step 40900/1805100 (ep 0.45) | loss 3.1026 | lr 3.00e-04 | 10.8 it/s | eta 2717m
[member 3] step 41000/1805100 (ep 0.45) | loss 3.1010 | lr 3.00e-04 | 10.8 it/s | eta 2716m
[member 3] step 41100/1805100 (ep 0.46) | loss 3.1006 | lr 3.00e-04 | 10.8 it/s | eta 2715m
[member 3] step 41200/1805100 (ep 0.46) | loss 3.0986 | lr 3.00e-04 | 10.8 it/s | eta 2714m
[member 3] step 41300/1805100 (ep 0.46) | loss 3.0978 | lr 3.00e-04 | 10.8 it/s | eta 2713m
[member 3] step 41400/1805100 (ep 0.46) | loss 3.0912 | lr 3.00e-04 | 10.8 it/s | eta 2711m
[member 3] step 41500/1805100 (ep 0.46) | loss 3.0927 | lr 3.00e-04 | 10.8 it/s | eta 2710m
[member 3] step 41600/1805100 (ep 0.46) | loss 3.0945 | lr 3.00e-04 | 10.8 it/s | eta 2710m
[member 3] step 41700/1805100 (ep 0.46) | loss 3.0966 | lr 3.00e-04 | 10.9 it/s | eta 2709m
[member 3] step 41800/1805100 (ep 0.46) | loss 3.0975 | lr 3.00e-04 | 10.9 it/s | eta 2708m
[member 3] step 41900/1805100 (ep 0.46) | loss 3.0944 | lr 3.00e-04 | 10.9 it/s | eta 2707m
[member 3] step 42000/1805100 (ep 0.47) | loss 3.0960 | lr 3.00e-04 | 10.9 it/s | eta 2706m
[member 3] step 42100/1805100 (ep 0.47) | loss 3.0914 | lr 3.00e-04 | 10.9 it/s | eta 2705m
[member 3] step 42200/1805100 (ep 0.47) | loss 3.0923 | lr 3.00e-04 | 10.9 it/s | eta 2704m
[member 3] step 42300/1805100 (ep 0.47) | loss 3.0898 | lr 3.00e-04 | 10.9 it/s | eta 2703m
[member 3] step 42400/1805100 (ep 0.47) | loss 3.0871 | lr 3.00e-04 | 10.9 it/s | eta 2702m
[member 3] step 42500/1805100 (ep 0.47) | loss 3.0959 | lr 3.00e-04 | 10.9 it/s | eta 2701m
[member 3] step 42600/1805100 (ep 0.47) | loss 3.0867 | lr 3.00e-04 | 10.9 it/s | eta 2700m
[member 3] step 42700/1805100 (ep 0.47) | loss 3.0959 | lr 3.00e-04 | 10.9 it/s | eta 2699m
[member 3] step 42800/1805100 (ep 0.47) | loss 3.0882 | lr 3.00e-04 | 10.9 it/s | eta 2698m
[member 3] step 42900/1805100 (ep 0.48) | loss 3.0914 | lr 3.00e-04 | 10.9 it/s | eta 2697m
[member 3] step 43000/1805100 (ep 0.48) | loss 3.0885 | lr 3.00e-04 | 10.9 it/s | eta 2696m
[member 3] step 43100/1805100 (ep 0.48) | loss 3.0860 | lr 3.00e-04 | 10.9 it/s | eta 2695m
[member 3] step 43200/1805100 (ep 0.48) | loss 3.0876 | lr 3.00e-04 | 10.9 it/s | eta 2694m
[member 3] step 43300/1805100 (ep 0.48) | loss 3.0896 | lr 3.00e-04 | 10.9 it/s | eta 2694m
[member 3] step 43400/1805100 (ep 0.48) | loss 3.0878 | lr 3.00e-04 | 10.9 it/s | eta 2693m
[member 3] step 43500/1805100 (ep 0.48) | loss 3.0895 | lr 3.00e-04 | 10.9 it/s | eta 2692m
[member 3] step 43600/1805100 (ep 0.48) | loss 3.0911 | lr 3.00e-04 | 10.9 it/s | eta 2691m
[member 3] step 43700/1805100 (ep 0.48) | loss 3.0886 | lr 3.00e-04 | 10.9 it/s | eta 2690m
[member 3] step 43800/1805100 (ep 0.49) | loss 3.0863 | lr 3.00e-04 | 10.9 it/s | eta 2689m
[member 3] step 43900/1805100 (ep 0.49) | loss 3.0896 | lr 3.00e-04 | 10.9 it/s | eta 2688m
[member 3] step 44000/1805100 (ep 0.49) | loss 3.0854 | lr 3.00e-04 | 10.9 it/s | eta 2687m
[member 3] step 44100/1805100 (ep 0.49) | loss 3.0925 | lr 3.00e-04 | 10.9 it/s | eta 2686m
[member 3] step 44200/1805100 (ep 0.49) | loss 3.0839 | lr 3.00e-04 | 10.9 it/s | eta 2685m
[member 3] step 44300/1805100 (ep 0.49) | loss 3.0850 | lr 3.00e-04 | 10.9 it/s | eta 2685m
[member 3] step 44400/1805100 (ep 0.49) | loss 3.0899 | lr 3.00e-04 | 10.9 it/s | eta 2684m
[member 3] step 44500/1805100 (ep 0.49) | loss 3.0851 | lr 3.00e-04 | 10.9 it/s | eta 2683m
[member 3] step 44600/1805100 (ep 0.49) | loss 3.0835 | lr 3.00e-04 | 10.9 it/s | eta 2682m
[member 3] step 44700/1805100 (ep 0.50) | loss 3.0795 | lr 3.00e-04 | 10.9 it/s | eta 2681m
[member 3] step 44800/1805100 (ep 0.50) | loss 3.0885 | lr 3.00e-04 | 10.9 it/s | eta 2680m
[member 3] step 44900/1805100 (ep 0.50) | loss 3.0831 | lr 3.00e-04 | 10.9 it/s | eta 2679m
[member 3] step 45000/1805100 (ep 0.50) | loss 3.0835 | lr 3.00e-04 | 11.0 it/s | eta 2678m
[member 3] step 45100/1805100 (ep 0.50) | loss 3.0814 | lr 3.00e-04 | 11.0 it/s | eta 2678m
[member 3] step 45200/1805100 (ep 0.50) | loss 3.0853 | lr 3.00e-04 | 11.0 it/s | eta 2677m
[member 3] step 45300/1805100 (ep 0.50) | loss 3.0852 | lr 3.00e-04 | 11.0 it/s | eta 2676m
[member 3] step 45400/1805100 (ep 0.50) | loss 3.0862 | lr 3.00e-04 | 11.0 it/s | eta 2675m
[member 3] step 45500/1805100 (ep 0.50) | loss 3.0766 | lr 3.00e-04 | 11.0 it/s | eta 2674m
[member 3] step 45600/1805100 (ep 0.51) | loss 3.0784 | lr 3.00e-04 | 11.0 it/s | eta 2673m
[member 3] step 45700/1805100 (ep 0.51) | loss 3.0775 | lr 3.00e-04 | 11.0 it/s | eta 2673m
[member 3] step 45800/1805100 (ep 0.51) | loss 3.0875 | lr 3.00e-04 | 11.0 it/s | eta 2672m
[member 3] step 45900/1805100 (ep 0.51) | loss 3.0852 | lr 3.00e-04 | 11.0 it/s | eta 2671m
[member 3] step 46000/1805100 (ep 0.51) | loss 3.0822 | lr 3.00e-04 | 11.0 it/s | eta 2670m
[member 3] step 46100/1805100 (ep 0.51) | loss 3.0840 | lr 3.00e-04 | 11.0 it/s | eta 2669m
[member 3] step 46200/1805100 (ep 0.51) | loss 3.0772 | lr 3.00e-04 | 11.0 it/s | eta 2668m
[member 3] step 46300/1805100 (ep 0.51) | loss 3.0791 | lr 3.00e-04 | 11.0 it/s | eta 2668m
[member 3] step 46400/1805100 (ep 0.51) | loss 3.0806 | lr 3.00e-04 | 11.0 it/s | eta 2667m
[member 3] step 46500/1805100 (ep 0.52) | loss 3.0861 | lr 3.00e-04 | 11.0 it/s | eta 2666m
[member 3] step 46600/1805100 (ep 0.52) | loss 3.0767 | lr 3.00e-04 | 11.0 it/s | eta 2665m
[member 3] step 46700/1805100 (ep 0.52) | loss 3.0816 | lr 3.00e-04 | 11.0 it/s | eta 2664m
[member 3] step 46800/1805100 (ep 0.52) | loss 3.0792 | lr 3.00e-04 | 11.0 it/s | eta 2664m
[member 3] step 46900/1805100 (ep 0.52) | loss 3.0858 | lr 3.00e-04 | 11.0 it/s | eta 2663m
[member 3] step 47000/1805100 (ep 0.52) | loss 3.0817 | lr 3.00e-04 | 11.0 it/s | eta 2662m
[member 3] step 47100/1805100 (ep 0.52) | loss 3.0747 | lr 3.00e-04 | 11.0 it/s | eta 2661m
[member 3] step 47200/1805100 (ep 0.52) | loss 3.0817 | lr 3.00e-04 | 11.0 it/s | eta 2660m
[member 3] step 47300/1805100 (ep 0.52) | loss 3.0744 | lr 3.00e-04 | 11.0 it/s | eta 2659m
[member 3] step 47400/1805100 (ep 0.53) | loss 3.0713 | lr 3.00e-04 | 11.0 it/s | eta 2659m
[member 3] step 47500/1805100 (ep 0.53) | loss 3.0788 | lr 3.00e-04 | 11.0 it/s | eta 2658m
[member 3] step 47600/1805100 (ep 0.53) | loss 3.0734 | lr 3.00e-04 | 11.0 it/s | eta 2657m
[member 3] step 47700/1805100 (ep 0.53) | loss 3.0764 | lr 3.00e-04 | 11.0 it/s | eta 2656m
[member 3] step 47800/1805100 (ep 0.53) | loss 3.0754 | lr 3.00e-04 | 11.0 it/s | eta 2655m
[member 3] step 47900/1805100 (ep 0.53) | loss 3.0745 | lr 3.00e-04 | 11.0 it/s | eta 2655m
[member 3] step 48000/1805100 (ep 0.53) | loss 3.0720 | lr 3.00e-04 | 11.0 it/s | eta 2654m
[member 3] step 48100/1805100 (ep 0.53) | loss 3.0760 | lr 3.00e-04 | 11.0 it/s | eta 2653m
[member 3] step 48200/1805100 (ep 0.53) | loss 3.0752 | lr 3.00e-04 | 11.0 it/s | eta 2652m
[member 3] step 48300/1805100 (ep 0.54) | loss 3.0719 | lr 3.00e-04 | 11.0 it/s | eta 2651m
[member 3] step 48400/1805100 (ep 0.54) | loss 3.0774 | lr 3.00e-04 | 11.0 it/s | eta 2651m
[member 3] step 48500/1805100 (ep 0.54) | loss 3.0731 | lr 3.00e-04 | 11.0 it/s | eta 2650m
[member 3] step 48600/1805100 (ep 0.54) | loss 3.0763 | lr 3.00e-04 | 11.1 it/s | eta 2649m
[member 3] step 48700/1805100 (ep 0.54) | loss 3.0720 | lr 3.00e-04 | 11.1 it/s | eta 2648m
[member 3] step 48800/1805100 (ep 0.54) | loss 3.0739 | lr 3.00e-04 | 11.1 it/s | eta 2648m
[member 3] step 48900/1805100 (ep 0.54) | loss 3.0689 | lr 3.00e-04 | 11.1 it/s | eta 2647m
[member 3] step 49000/1805100 (ep 0.54) | loss 3.0782 | lr 3.00e-04 | 11.1 it/s | eta 2646m
[member 3] step 49100/1805100 (ep 0.54) | loss 3.0715 | lr 3.00e-04 | 11.1 it/s | eta 2645m
[member 3] step 49200/1805100 (ep 0.55) | loss 3.0693 | lr 3.00e-04 | 11.1 it/s | eta 2645m
[member 3] step 49300/1805100 (ep 0.55) | loss 3.0762 | lr 3.00e-04 | 11.1 it/s | eta 2644m
[member 3] step 49400/1805100 (ep 0.55) | loss 3.0704 | lr 3.00e-04 | 11.1 it/s | eta 2643m
[member 3] step 49500/1805100 (ep 0.55) | loss 3.0715 | lr 3.00e-04 | 11.1 it/s | eta 2642m
[member 3] step 49600/1805100 (ep 0.55) | loss 3.0742 | lr 3.00e-04 | 11.1 it/s | eta 2642m
[member 3] step 49700/1805100 (ep 0.55) | loss 3.0762 | lr 3.00e-04 | 11.1 it/s | eta 2641m
[member 3] step 49800/1805100 (ep 0.55) | loss 3.0699 | lr 3.00e-04 | 11.1 it/s | eta 2640m
[member 3] step 49900/1805100 (ep 0.55) | loss 3.0744 | lr 3.00e-04 | 11.1 it/s | eta 2640m
[member 3] step 50000/1805100 (ep 0.55) | loss 3.0726 | lr 3.00e-04 | 11.1 it/s | eta 2639m
[member 3] EVAL step 50000 (ep 0.55) | val_ce 3.8270 | best 3.5755 | base 3.5478 MISS | no-improve 4/10
[member 3] step 50100/1805100 (ep 0.56) | loss 3.0723 | lr 3.00e-04 | 10.8 it/s | eta 2709m
[member 3] step 50200/1805100 (ep 0.56) | loss 3.0726 | lr 3.00e-04 | 10.8 it/s | eta 2708m
[member 3] step 50300/1805100 (ep 0.56) | loss 3.0696 | lr 3.00e-04 | 10.8 it/s | eta 2707m
[member 3] step 50400/1805100 (ep 0.56) | loss 3.0716 | lr 3.00e-04 | 10.8 it/s | eta 2706m
[member 3] step 50500/1805100 (ep 0.56) | loss 3.0729 | lr 2.99e-04 | 10.8 it/s | eta 2705m
[member 3] step 50600/1805100 (ep 0.56) | loss 3.0719 | lr 2.99e-04 | 10.8 it/s | eta 2705m
[member 3] step 50700/1805100 (ep 0.56) | loss 3.0669 | lr 2.99e-04 | 10.8 it/s | eta 2704m
[member 3] step 50800/1805100 (ep 0.56) | loss 3.0680 | lr 2.99e-04 | 10.8 it/s | eta 2703m
[member 3] step 50900/1805100 (ep 0.56) | loss 3.0647 | lr 2.99e-04 | 10.8 it/s | eta 2702m
[member 3] step 51000/1805100 (ep 0.57) | loss 3.0619 | lr 2.99e-04 | 10.8 it/s | eta 2701m
[member 3] step 51100/1805100 (ep 0.57) | loss 3.0651 | lr 2.99e-04 | 10.8 it/s | eta 2700m
[member 3] step 51200/1805100 (ep 0.57) | loss 3.0671 | lr 2.99e-04 | 10.8 it/s | eta 2699m
[member 3] step 51300/1805100 (ep 0.57) | loss 3.0699 | lr 2.99e-04 | 10.8 it/s | eta 2698m
[member 3] step 51400/1805100 (ep 0.57) | loss 3.0681 | lr 2.99e-04 | 10.8 it/s | eta 2698m
[member 3] step 51500/1805100 (ep 0.57) | loss 3.0663 | lr 2.99e-04 | 10.8 it/s | eta 2697m
[member 3] step 51600/1805100 (ep 0.57) | loss 3.0696 | lr 2.99e-04 | 10.8 it/s | eta 2696m
[member 3] step 51700/1805100 (ep 0.57) | loss 3.0592 | lr 2.99e-04 | 10.8 it/s | eta 2695m
[member 3] step 51800/1805100 (ep 0.57) | loss 3.0625 | lr 2.99e-04 | 10.8 it/s | eta 2694m
[member 3] step 51900/1805100 (ep 0.58) | loss 3.0674 | lr 2.99e-04 | 10.8 it/s | eta 2694m
[member 3] step 52000/1805100 (ep 0.58) | loss 3.0624 | lr 2.99e-04 | 10.9 it/s | eta 2693m
[member 3] step 52100/1805100 (ep 0.58) | loss 3.0668 | lr 2.99e-04 | 10.9 it/s | eta 2692m
[member 3] step 52200/1805100 (ep 0.58) | loss 3.0626 | lr 2.99e-04 | 10.9 it/s | eta 2691m
[member 3] step 52300/1805100 (ep 0.58) | loss 3.0631 | lr 2.99e-04 | 10.9 it/s | eta 2690m
[member 3] step 52400/1805100 (ep 0.58) | loss 3.0619 | lr 2.99e-04 | 10.9 it/s | eta 2689m
[member 3] step 52500/1805100 (ep 0.58) | loss 3.0700 | lr 2.99e-04 | 10.9 it/s | eta 2689m
[member 3] step 52600/1805100 (ep 0.58) | loss 3.0648 | lr 2.99e-04 | 10.9 it/s | eta 2688m
[member 3] step 52700/1805100 (ep 0.58) | loss 3.0582 | lr 2.99e-04 | 10.9 it/s | eta 2687m
[member 3] step 52800/1805100 (ep 0.59) | loss 3.0656 | lr 2.99e-04 | 10.9 it/s | eta 2686m
[member 3] step 52900/1805100 (ep 0.59) | loss 3.0579 | lr 2.99e-04 | 10.9 it/s | eta 2685m
[member 3] step 53000/1805100 (ep 0.59) | loss 3.0604 | lr 2.99e-04 | 10.9 it/s | eta 2685m
[member 3] step 53100/1805100 (ep 0.59) | loss 3.0598 | lr 2.99e-04 | 10.9 it/s | eta 2684m
[member 3] step 53200/1805100 (ep 0.59) | loss 3.0642 | lr 2.99e-04 | 10.9 it/s | eta 2683m
[member 3] step 53300/1805100 (ep 0.59) | loss 3.0702 | lr 2.99e-04 | 10.9 it/s | eta 2682m
[member 3] step 53400/1805100 (ep 0.59) | loss 3.0624 | lr 2.99e-04 | 10.9 it/s | eta 2681m
[member 3] step 53500/1805100 (ep 0.59) | loss 3.0603 | lr 2.99e-04 | 10.9 it/s | eta 2681m
[member 3] step 53600/1805100 (ep 0.59) | loss 3.0603 | lr 2.99e-04 | 10.9 it/s | eta 2680m
[member 3] step 53700/1805100 (ep 0.59) | loss 3.0652 | lr 2.99e-04 | 10.9 it/s | eta 2679m
[member 3] step 53800/1805100 (ep 0.60) | loss 3.0622 | lr 2.99e-04 | 10.9 it/s | eta 2678m
[member 3] step 53900/1805100 (ep 0.60) | loss 3.0589 | lr 2.99e-04 | 10.9 it/s | eta 2678m
[member 3] step 54000/1805100 (ep 0.60) | loss 3.0611 | lr 2.99e-04 | 10.9 it/s | eta 2677m
[member 3] step 54100/1805100 (ep 0.60) | loss 3.0605 | lr 2.99e-04 | 10.9 it/s | eta 2676m
[member 3] step 54200/1805100 (ep 0.60) | loss 3.0544 | lr 2.99e-04 | 10.9 it/s | eta 2675m
[member 3] step 54300/1805100 (ep 0.60) | loss 3.0600 | lr 2.99e-04 | 10.9 it/s | eta 2675m
[member 3] step 54400/1805100 (ep 0.60) | loss 3.0541 | lr 2.99e-04 | 10.9 it/s | eta 2674m
[member 3] step 54500/1805100 (ep 0.60) | loss 3.0650 | lr 2.99e-04 | 10.9 it/s | eta 2673m
[member 3] step 54600/1805100 (ep 0.60) | loss 3.0615 | lr 2.99e-04 | 10.9 it/s | eta 2672m
[member 3] step 54700/1805100 (ep 0.61) | loss 3.0567 | lr 2.99e-04 | 10.9 it/s | eta 2672m
[member 3] step 54800/1805100 (ep 0.61) | loss 3.0604 | lr 2.99e-04 | 10.9 it/s | eta 2671m
[member 3] step 54900/1805100 (ep 0.61) | loss 3.0545 | lr 2.99e-04 | 10.9 it/s | eta 2670m
[member 3] step 55000/1805100 (ep 0.61) | loss 3.0614 | lr 2.99e-04 | 10.9 it/s | eta 2670m
[member 3] step 55100/1805100 (ep 0.61) | loss 3.0618 | lr 2.99e-04 | 10.9 it/s | eta 2669m
[member 3] step 55200/1805100 (ep 0.61) | loss 3.0559 | lr 2.99e-04 | 10.9 it/s | eta 2668m
[member 3] step 55300/1805100 (ep 0.61) | loss 3.0628 | lr 2.99e-04 | 10.9 it/s | eta 2667m
[member 3] step 55400/1805100 (ep 0.61) | loss 3.0590 | lr 2.99e-04 | 10.9 it/s | eta 2667m
[member 3] step 55500/1805100 (ep 0.61) | loss 3.0543 | lr 2.99e-04 | 10.9 it/s | eta 2666m
[member 3] step 55600/1805100 (ep 0.62) | loss 3.0516 | lr 2.99e-04 | 10.9 it/s | eta 2665m
[member 3] step 55700/1805100 (ep 0.62) | loss 3.0560 | lr 2.99e-04 | 10.9 it/s | eta 2664m
[member 3] step 55800/1805100 (ep 0.62) | loss 3.0535 | lr 2.99e-04 | 10.9 it/s | eta 2664m
[member 3] step 55900/1805100 (ep 0.62) | loss 3.0566 | lr 2.99e-04 | 10.9 it/s | eta 2663m
[member 3] step 56000/1805100 (ep 0.62) | loss 3.0559 | lr 2.99e-04 | 11.0 it/s | eta 2662m
[member 3] step 56100/1805100 (ep 0.62) | loss 3.0553 | lr 2.99e-04 | 11.0 it/s | eta 2661m
[member 3] step 56200/1805100 (ep 0.62) | loss 3.0559 | lr 2.99e-04 | 11.0 it/s | eta 2661m
[member 3] step 56300/1805100 (ep 0.62) | loss 3.0595 | lr 2.99e-04 | 11.0 it/s | eta 2660m
[member 3] step 56400/1805100 (ep 0.62) | loss 3.0493 | lr 2.99e-04 | 11.0 it/s | eta 2659m
[member 3] step 56500/1805100 (ep 0.63) | loss 3.0483 | lr 2.99e-04 | 11.0 it/s | eta 2659m
[member 3] step 56600/1805100 (ep 0.63) | loss 3.0439 | lr 2.99e-04 | 11.0 it/s | eta 2658m
[member 3] step 56700/1805100 (ep 0.63) | loss 3.0519 | lr 2.99e-04 | 11.0 it/s | eta 2657m
[member 3] step 56800/1805100 (ep 0.63) | loss 3.0493 | lr 2.99e-04 | 11.0 it/s | eta 2656m
[member 3] step 56900/1805100 (ep 0.63) | loss 3.0535 | lr 2.99e-04 | 11.0 it/s | eta 2656m
[member 3] step 57000/1805100 (ep 0.63) | loss 3.0563 | lr 2.99e-04 | 11.0 it/s | eta 2655m
[member 3] step 57100/1805100 (ep 0.63) | loss 3.0500 | lr 2.99e-04 | 11.0 it/s | eta 2654m
[member 3] step 57200/1805100 (ep 0.63) | loss 3.0500 | lr 2.99e-04 | 11.0 it/s | eta 2654m
[member 3] step 57300/1805100 (ep 0.63) | loss 3.0502 | lr 2.99e-04 | 11.0 it/s | eta 2653m
[member 3] step 57400/1805100 (ep 0.64) | loss 3.0482 | lr 2.99e-04 | 11.0 it/s | eta 2652m
[member 3] step 57500/1805100 (ep 0.64) | loss 3.0508 | lr 2.99e-04 | 11.0 it/s | eta 2651m
[member 3] step 57600/1805100 (ep 0.64) | loss 3.0420 | lr 2.99e-04 | 11.0 it/s | eta 2651m
[member 3] step 57700/1805100 (ep 0.64) | loss 3.0482 | lr 2.99e-04 | 11.0 it/s | eta 2650m
[member 3] step 57800/1805100 (ep 0.64) | loss 3.0538 | lr 2.99e-04 | 11.0 it/s | eta 2649m
[member 3] step 57900/1805100 (ep 0.64) | loss 3.0481 | lr 2.99e-04 | 11.0 it/s | eta 2649m
[member 3] step 58000/1805100 (ep 0.64) | loss 3.0508 | lr 2.99e-04 | 11.0 it/s | eta 2648m
[member 3] step 58100/1805100 (ep 0.64) | loss 3.0527 | lr 2.99e-04 | 11.0 it/s | eta 2647m
[member 3] step 58200/1805100 (ep 0.64) | loss 3.0526 | lr 2.99e-04 | 11.0 it/s | eta 2646m
[member 3] step 58300/1805100 (ep 0.65) | loss 3.0551 | lr 2.99e-04 | 11.0 it/s | eta 2646m
[member 3] step 58400/1805100 (ep 0.65) | loss 3.0468 | lr 2.99e-04 | 11.0 it/s | eta 2645m
[member 3] step 58500/1805100 (ep 0.65) | loss 3.0487 | lr 2.99e-04 | 11.0 it/s | eta 2645m
[member 3] step 58600/1805100 (ep 0.65) | loss 3.0522 | lr 2.99e-04 | 11.0 it/s | eta 2644m
[member 3] step 58700/1805100 (ep 0.65) | loss 3.0453 | lr 2.99e-04 | 11.0 it/s | eta 2643m
[member 3] step 58800/1805100 (ep 0.65) | loss 3.0489 | lr 2.99e-04 | 11.0 it/s | eta 2642m
[member 3] step 58900/1805100 (ep 0.65) | loss 3.0543 | lr 2.99e-04 | 11.0 it/s | eta 2642m
[member 3] step 59000/1805100 (ep 0.65) | loss 3.0414 | lr 2.99e-04 | 11.0 it/s | eta 2641m
[member 3] step 59100/1805100 (ep 0.65) | loss 3.0439 | lr 2.99e-04 | 11.0 it/s | eta 2640m
[member 3] step 59200/1805100 (ep 0.66) | loss 3.0468 | lr 2.99e-04 | 11.0 it/s | eta 2640m
[member 3] step 59300/1805100 (ep 0.66) | loss 3.0506 | lr 2.99e-04 | 11.0 it/s | eta 2639m
[member 3] step 59400/1805100 (ep 0.66) | loss 3.0532 | lr 2.99e-04 | 11.0 it/s | eta 2639m
[member 3] step 59500/1805100 (ep 0.66) | loss 3.0515 | lr 2.99e-04 | 11.0 it/s | eta 2638m
[member 3] step 59600/1805100 (ep 0.66) | loss 3.0451 | lr 2.99e-04 | 11.0 it/s | eta 2637m
[member 3] step 59700/1805100 (ep 0.66) | loss 3.0434 | lr 2.99e-04 | 11.0 it/s | eta 2637m
[member 3] step 59800/1805100 (ep 0.66) | loss 3.0536 | lr 2.99e-04 | 11.0 it/s | eta 2636m
[member 3] step 59900/1805100 (ep 0.66) | loss 3.0456 | lr 2.99e-04 | 11.0 it/s | eta 2635m
[member 3] step 60000/1805100 (ep 0.66) | loss 3.0452 | lr 2.99e-04 | 11.0 it/s | eta 2635m
[member 3] EVAL step 60000 (ep 0.66) | val_ce 3.8809 | best 3.5755 | base 3.5478 MISS | no-improve 5/10
[member 3] step 60100/1805100 (ep 0.67) | loss 3.0463 | lr 2.99e-04 | 10.8 it/s | eta 2693m
[member 3] step 60200/1805100 (ep 0.67) | loss 3.0458 | lr 2.99e-04 | 10.8 it/s | eta 2692m
[member 3] step 60300/1805100 (ep 0.67) | loss 3.0491 | lr 2.99e-04 | 10.8 it/s | eta 2691m
[member 3] step 60400/1805100 (ep 0.67) | loss 3.0511 | lr 2.99e-04 | 10.8 it/s | eta 2691m
[member 3] step 60500/1805100 (ep 0.67) | loss 3.0493 | lr 2.99e-04 | 10.8 it/s | eta 2690m
[member 3] step 60600/1805100 (ep 0.67) | loss 3.0452 | lr 2.99e-04 | 10.8 it/s | eta 2689m
[member 3] step 60700/1805100 (ep 0.67) | loss 3.0433 | lr 2.99e-04 | 10.8 it/s | eta 2688m
[member 3] step 60800/1805100 (ep 0.67) | loss 3.0471 | lr 2.99e-04 | 10.8 it/s | eta 2688m
[member 3] step 60900/1805100 (ep 0.67) | loss 3.0439 | lr 2.99e-04 | 10.8 it/s | eta 2687m
[member 3] step 61000/1805100 (ep 0.68) | loss 3.0421 | lr 2.99e-04 | 10.8 it/s | eta 2686m
[member 3] step 61100/1805100 (ep 0.68) | loss 3.0431 | lr 2.99e-04 | 10.8 it/s | eta 2685m
[member 3] step 61200/1805100 (ep 0.68) | loss 3.0472 | lr 2.99e-04 | 10.8 it/s | eta 2685m
[member 3] step 61300/1805100 (ep 0.68) | loss 3.0521 | lr 2.99e-04 | 10.8 it/s | eta 2684m
[member 3] step 61400/1805100 (ep 0.68) | loss 3.0523 | lr 2.99e-04 | 10.8 it/s | eta 2683m
[member 3] step 61500/1805100 (ep 0.68) | loss 3.0415 | lr 2.99e-04 | 10.8 it/s | eta 2683m
[member 3] step 61600/1805100 (ep 0.68) | loss 3.0452 | lr 2.99e-04 | 10.8 it/s | eta 2682m
[member 3] step 61700/1805100 (ep 0.68) | loss 3.0374 | lr 2.99e-04 | 10.8 it/s | eta 2681m
[member 3] step 61800/1805100 (ep 0.68) | loss 3.0403 | lr 2.99e-04 | 10.8 it/s | eta 2680m
[member 3] step 61900/1805100 (ep 0.69) | loss 3.0477 | lr 2.99e-04 | 10.8 it/s | eta 2680m
[member 3] step 62000/1805100 (ep 0.69) | loss 3.0371 | lr 2.99e-04 | 10.8 it/s | eta 2679m
[member 3] step 62100/1805100 (ep 0.69) | loss 3.0450 | lr 2.99e-04 | 10.8 it/s | eta 2678m
[member 3] step 62200/1805100 (ep 0.69) | loss 3.0410 | lr 2.99e-04 | 10.8 it/s | eta 2678m
[member 3] step 62300/1805100 (ep 0.69) | loss 3.0417 | lr 2.99e-04 | 10.9 it/s | eta 2677m
[member 3] step 62400/1805100 (ep 0.69) | loss 3.0394 | lr 2.99e-04 | 10.9 it/s | eta 2676m
[member 3] step 62500/1805100 (ep 0.69) | loss 3.0513 | lr 2.99e-04 | 10.9 it/s | eta 2676m
[member 3] step 62600/1805100 (ep 0.69) | loss 3.0409 | lr 2.99e-04 | 10.9 it/s | eta 2675m
[member 3] step 62700/1805100 (ep 0.69) | loss 3.0362 | lr 2.99e-04 | 10.9 it/s | eta 2674m
[member 3] step 62800/1805100 (ep 0.70) | loss 3.0389 | lr 2.99e-04 | 10.9 it/s | eta 2673m
[member 3] step 62900/1805100 (ep 0.70) | loss 3.0376 | lr 2.99e-04 | 10.9 it/s | eta 2673m
[member 3] step 63000/1805100 (ep 0.70) | loss 3.0419 | lr 2.99e-04 | 10.9 it/s | eta 2672m
[member 3] step 63100/1805100 (ep 0.70) | loss 3.0378 | lr 2.99e-04 | 10.9 it/s | eta 2671m
[member 3] step 63200/1805100 (ep 0.70) | loss 3.0422 | lr 2.99e-04 | 10.9 it/s | eta 2671m
[member 3] step 63300/1805100 (ep 0.70) | loss 3.0396 | lr 2.99e-04 | 10.9 it/s | eta 2670m
[member 3] step 63400/1805100 (ep 0.70) | loss 3.0407 | lr 2.99e-04 | 10.9 it/s | eta 2669m
[member 3] step 63500/1805100 (ep 0.70) | loss 3.0451 | lr 2.99e-04 | 10.9 it/s | eta 2668m
[member 3] step 63600/1805100 (ep 0.70) | loss 3.0429 | lr 2.99e-04 | 10.9 it/s | eta 2668m
[member 3] step 63700/1805100 (ep 0.71) | loss 3.0383 | lr 2.99e-04 | 10.9 it/s | eta 2667m
[member 3] step 63800/1805100 (ep 0.71) | loss 3.0357 | lr 2.99e-04 | 10.9 it/s | eta 2666m
[member 3] step 63900/1805100 (ep 0.71) | loss 3.0349 | lr 2.99e-04 | 10.9 it/s | eta 2665m
[member 3] step 64000/1805100 (ep 0.71) | loss 3.0393 | lr 2.99e-04 | 10.9 it/s | eta 2664m
[member 3] step 64100/1805100 (ep 0.71) | loss 3.0349 | lr 2.99e-04 | 10.9 it/s | eta 2663m
[member 3] step 64200/1805100 (ep 0.71) | loss 3.0389 | lr 2.99e-04 | 10.9 it/s | eta 2662m
[member 3] step 64300/1805100 (ep 0.71) | loss 3.0401 | lr 2.99e-04 | 10.9 it/s | eta 2662m
[member 3] step 64400/1805100 (ep 0.71) | loss 3.0405 | lr 2.99e-04 | 10.9 it/s | eta 2661m
[member 3] step 64500/1805100 (ep 0.71) | loss 3.0355 | lr 2.99e-04 | 10.9 it/s | eta 2660m
[member 3] step 64600/1805100 (ep 0.72) | loss 3.0343 | lr 2.99e-04 | 10.9 it/s | eta 2659m
[member 3] step 64700/1805100 (ep 0.72) | loss 3.0255 | lr 2.99e-04 | 10.9 it/s | eta 2659m
[member 3] step 64800/1805100 (ep 0.72) | loss 3.0396 | lr 2.99e-04 | 10.9 it/s | eta 2658m
[member 3] step 64900/1805100 (ep 0.72) | loss 3.0362 | lr 2.99e-04 | 10.9 it/s | eta 2657m
[member 3] step 65000/1805100 (ep 0.72) | loss 3.0345 | lr 2.99e-04 | 10.9 it/s | eta 2657m
[member 3] step 65100/1805100 (ep 0.72) | loss 3.0377 | lr 2.99e-04 | 10.9 it/s | eta 2656m
[member 3] step 65200/1805100 (ep 0.72) | loss 3.0337 | lr 2.99e-04 | 10.9 it/s | eta 2656m
[member 3] step 65300/1805100 (ep 0.72) | loss 3.0370 | lr 2.99e-04 | 10.9 it/s | eta 2655m
[member 3] step 65400/1805100 (ep 0.72) | loss 3.0359 | lr 2.99e-04 | 10.9 it/s | eta 2654m
[member 3] step 65500/1805100 (ep 0.73) | loss 3.0304 | lr 2.99e-04 | 10.9 it/s | eta 2654m
[member 3] step 65600/1805100 (ep 0.73) | loss 3.0363 | lr 2.99e-04 | 10.9 it/s | eta 2653m
[member 3] step 65700/1805100 (ep 0.73) | loss 3.0326 | lr 2.99e-04 | 10.9 it/s | eta 2652m
[member 3] step 65800/1805100 (ep 0.73) | loss 3.0347 | lr 2.99e-04 | 10.9 it/s | eta 2652m
[member 3] step 65900/1805100 (ep 0.73) | loss 3.0343 | lr 2.99e-04 | 10.9 it/s | eta 2651m
[member 3] step 66000/1805100 (ep 0.73) | loss 3.0326 | lr 2.99e-04 | 10.9 it/s | eta 2650m
[member 3] step 66100/1805100 (ep 0.73) | loss 3.0309 | lr 2.99e-04 | 10.9 it/s | eta 2650m
[member 3] step 66200/1805100 (ep 0.73) | loss 3.0360 | lr 2.99e-04 | 10.9 it/s | eta 2649m
[member 3] step 66300/1805100 (ep 0.73) | loss 3.0335 | lr 2.99e-04 | 10.9 it/s | eta 2649m
[member 3] step 66400/1805100 (ep 0.74) | loss 3.0365 | lr 2.99e-04 | 10.9 it/s | eta 2648m
[member 3] step 66500/1805100 (ep 0.74) | loss 3.0336 | lr 2.99e-04 | 10.9 it/s | eta 2647m
[member 3] step 66600/1805100 (ep 0.74) | loss 3.0297 | lr 2.99e-04 | 10.9 it/s | eta 2647m
[member 3] step 66700/1805100 (ep 0.74) | loss 3.0281 | lr 2.99e-04 | 10.9 it/s | eta 2646m
[member 3] step 66800/1805100 (ep 0.74) | loss 3.0345 | lr 2.99e-04 | 11.0 it/s | eta 2646m
[member 3] step 66900/1805100 (ep 0.74) | loss 3.0341 | lr 2.99e-04 | 11.0 it/s | eta 2645m
[member 3] step 67000/1805100 (ep 0.74) | loss 3.0278 | lr 2.99e-04 | 11.0 it/s | eta 2644m
[member 3] step 67100/1805100 (ep 0.74) | loss 3.0270 | lr 2.99e-04 | 11.0 it/s | eta 2644m
[member 3] step 67200/1805100 (ep 0.74) | loss 3.0244 | lr 2.99e-04 | 11.0 it/s | eta 2643m
[member 3] step 67300/1805100 (ep 0.75) | loss 3.0283 | lr 2.99e-04 | 11.0 it/s | eta 2642m
[member 3] step 67400/1805100 (ep 0.75) | loss 3.0282 | lr 2.99e-04 | 11.0 it/s | eta 2642m
[member 3] step 67500/1805100 (ep 0.75) | loss 3.0301 | lr 2.99e-04 | 11.0 it/s | eta 2641m
[member 3] step 67600/1805100 (ep 0.75) | loss 3.0351 | lr 2.99e-04 | 11.0 it/s | eta 2640m
[member 3] step 67700/1805100 (ep 0.75) | loss 3.0329 | lr 2.99e-04 | 11.0 it/s | eta 2640m
[member 3] step 67800/1805100 (ep 0.75) | loss 3.0325 | lr 2.99e-04 | 11.0 it/s | eta 2639m
[member 3] step 67900/1805100 (ep 0.75) | loss 3.0293 | lr 2.99e-04 | 11.0 it/s | eta 2639m
[member 3] step 68000/1805100 (ep 0.75) | loss 3.0272 | lr 2.99e-04 | 11.0 it/s | eta 2638m
[member 3] step 68100/1805100 (ep 0.75) | loss 3.0296 | lr 2.99e-04 | 11.0 it/s | eta 2637m
[member 3] step 68200/1805100 (ep 0.76) | loss 3.0323 | lr 2.99e-04 | 11.0 it/s | eta 2637m
[member 3] step 68300/1805100 (ep 0.76) | loss 3.0303 | lr 2.99e-04 | 11.0 it/s | eta 2636m
[member 3] step 68400/1805100 (ep 0.76) | loss 3.0368 | lr 2.99e-04 | 11.0 it/s | eta 2635m
[member 3] step 68500/1805100 (ep 0.76) | loss 3.0339 | lr 2.99e-04 | 11.0 it/s | eta 2635m
[member 3] step 68600/1805100 (ep 0.76) | loss 3.0261 | lr 2.99e-04 | 11.0 it/s | eta 2634m
[member 3] step 68700/1805100 (ep 0.76) | loss 3.0278 | lr 2.99e-04 | 11.0 it/s | eta 2634m
[member 3] step 68800/1805100 (ep 0.76) | loss 3.0265 | lr 2.99e-04 | 11.0 it/s | eta 2633m
[member 3] step 68900/1805100 (ep 0.76) | loss 3.0278 | lr 2.99e-04 | 11.0 it/s | eta 2632m
[member 3] step 69000/1805100 (ep 0.76) | loss 3.0286 | lr 2.99e-04 | 11.0 it/s | eta 2632m
[member 3] step 69100/1805100 (ep 0.77) | loss 3.0221 | lr 2.99e-04 | 11.0 it/s | eta 2631m
[member 3] step 69200/1805100 (ep 0.77) | loss 3.0232 | lr 2.99e-04 | 11.0 it/s | eta 2631m
[member 3] step 69300/1805100 (ep 0.77) | loss 3.0334 | lr 2.99e-04 | 11.0 it/s | eta 2630m
[member 3] step 69400/1805100 (ep 0.77) | loss 3.0301 | lr 2.99e-04 | 11.0 it/s | eta 2629m
[member 3] step 69500/1805100 (ep 0.77) | loss 3.0279 | lr 2.99e-04 | 11.0 it/s | eta 2629m
[member 3] step 69600/1805100 (ep 0.77) | loss 3.0334 | lr 2.99e-04 | 11.0 it/s | eta 2628m
[member 3] step 69700/1805100 (ep 0.77) | loss 3.0291 | lr 2.99e-04 | 11.0 it/s | eta 2628m
[member 3] step 69800/1805100 (ep 0.77) | loss 3.0303 | lr 2.99e-04 | 11.0 it/s | eta 2627m
[member 3] step 69900/1805100 (ep 0.77) | loss 3.0223 | lr 2.99e-04 | 11.0 it/s | eta 2626m
[member 3] step 70000/1805100 (ep 0.78) | loss 3.0283 | lr 2.99e-04 | 11.0 it/s | eta 2626m
[member 3] EVAL step 70000 (ep 0.78) | val_ce 3.9589 | best 3.5755 | base 3.5478 MISS | no-improve 6/10
[member 3] step 70100/1805100 (ep 0.78) | loss 3.0302 | lr 2.99e-04 | 10.8 it/s | eta 2675m
[member 3] step 70200/1805100 (ep 0.78) | loss 3.0285 | lr 2.99e-04 | 10.8 it/s | eta 2675m
[member 3] step 70300/1805100 (ep 0.78) | loss 3.0271 | lr 2.99e-04 | 10.8 it/s | eta 2674m
[member 3] step 70400/1805100 (ep 0.78) | loss 3.0272 | lr 2.99e-04 | 10.8 it/s | eta 2673m
[member 3] step 70500/1805100 (ep 0.78) | loss 3.0226 | lr 2.99e-04 | 10.8 it/s | eta 2673m
[member 3] step 70600/1805100 (ep 0.78) | loss 3.0212 | lr 2.99e-04 | 10.8 it/s | eta 2672m
[member 3] step 70700/1805100 (ep 0.78) | loss 3.0271 | lr 2.99e-04 | 10.8 it/s | eta 2672m
[member 3] step 70800/1805100 (ep 0.78) | loss 3.0271 | lr 2.99e-04 | 10.8 it/s | eta 2671m
[member 3] step 70900/1805100 (ep 0.79) | loss 3.0261 | lr 2.99e-04 | 10.8 it/s | eta 2670m
[member 3] step 71000/1805100 (ep 0.79) | loss 3.0235 | lr 2.99e-04 | 10.8 it/s | eta 2669m
[member 3] step 71100/1805100 (ep 0.79) | loss 3.0250 | lr 2.99e-04 | 10.8 it/s | eta 2669m
[member 3] step 71200/1805100 (ep 0.79) | loss 3.0250 | lr 2.99e-04 | 10.8 it/s | eta 2668m
[member 3] step 71300/1805100 (ep 0.79) | loss 3.0232 | lr 2.99e-04 | 10.8 it/s | eta 2668m
[member 3] step 71400/1805100 (ep 0.79) | loss 3.0238 | lr 2.99e-04 | 10.8 it/s | eta 2667m
[member 3] step 71500/1805100 (ep 0.79) | loss 3.0242 | lr 2.99e-04 | 10.8 it/s | eta 2666m
[member 3] step 71600/1805100 (ep 0.79) | loss 3.0303 | lr 2.99e-04 | 10.8 it/s | eta 2666m
[member 3] step 71700/1805100 (ep 0.79) | loss 3.0263 | lr 2.99e-04 | 10.8 it/s | eta 2665m
[member 3] step 71800/1805100 (ep 0.80) | loss 3.0250 | lr 2.99e-04 | 10.8 it/s | eta 2664m
[member 3] step 71900/1805100 (ep 0.80) | loss 3.0215 | lr 2.99e-04 | 10.8 it/s | eta 2664m
[member 3] step 72000/1805100 (ep 0.80) | loss 3.0207 | lr 2.99e-04 | 10.8 it/s | eta 2663m
[member 3] step 72100/1805100 (ep 0.80) | loss 3.0211 | lr 2.99e-04 | 10.8 it/s | eta 2663m
[member 3] step 72200/1805100 (ep 0.80) | loss 3.0193 | lr 2.99e-04 | 10.8 it/s | eta 2662m
[member 3] step 72300/1805100 (ep 0.80) | loss 3.0240 | lr 2.99e-04 | 10.9 it/s | eta 2661m
[member 3] step 72400/1805100 (ep 0.80) | loss 3.0264 | lr 2.99e-04 | 10.9 it/s | eta 2661m
[member 3] step 72500/1805100 (ep 0.80) | loss 3.0197 | lr 2.99e-04 | 10.9 it/s | eta 2660m
[member 3] step 72600/1805100 (ep 0.80) | loss 3.0211 | lr 2.99e-04 | 10.9 it/s | eta 2659m
[member 3] step 72700/1805100 (ep 0.81) | loss 3.0205 | lr 2.99e-04 | 10.9 it/s | eta 2659m
[member 3] step 72800/1805100 (ep 0.81) | loss 3.0217 | lr 2.99e-04 | 10.9 it/s | eta 2658m
[member 3] step 72900/1805100 (ep 0.81) | loss 3.0208 | lr 2.99e-04 | 10.9 it/s | eta 2658m
[member 3] step 73000/1805100 (ep 0.81) | loss 3.0223 | lr 2.99e-04 | 10.9 it/s | eta 2657m
[member 3] step 73100/1805100 (ep 0.81) | loss 3.0206 | lr 2.99e-04 | 10.9 it/s | eta 2656m
[member 3] step 73200/1805100 (ep 0.81) | loss 3.0209 | lr 2.99e-04 | 10.9 it/s | eta 2656m
[member 3] step 73300/1805100 (ep 0.81) | loss 3.0200 | lr 2.99e-04 | 10.9 it/s | eta 2655m
[member 3] step 73400/1805100 (ep 0.81) | loss 3.0251 | lr 2.99e-04 | 10.9 it/s | eta 2655m
[member 3] step 73500/1805100 (ep 0.81) | loss 3.0161 | lr 2.99e-04 | 10.9 it/s | eta 2654m
[member 3] step 73600/1805100 (ep 0.82) | loss 3.0210 | lr 2.99e-04 | 10.9 it/s | eta 2653m
[member 3] step 73700/1805100 (ep 0.82) | loss 3.0155 | lr 2.99e-04 | 10.9 it/s | eta 2653m
[member 3] step 73800/1805100 (ep 0.82) | loss 3.0178 | lr 2.99e-04 | 10.9 it/s | eta 2652m
[member 3] step 73900/1805100 (ep 0.82) | loss 3.0245 | lr 2.99e-04 | 10.9 it/s | eta 2651m
[member 3] step 74000/1805100 (ep 0.82) | loss 3.0192 | lr 2.99e-04 | 10.9 it/s | eta 2651m
[member 3] step 74100/1805100 (ep 0.82) | loss 3.0204 | lr 2.99e-04 | 10.9 it/s | eta 2650m
[member 3] step 74200/1805100 (ep 0.82) | loss 3.0168 | lr 2.99e-04 | 10.9 it/s | eta 2650m
[member 3] step 74300/1805100 (ep 0.82) | loss 3.0210 | lr 2.99e-04 | 10.9 it/s | eta 2649m
[member 3] step 74400/1805100 (ep 0.82) | loss 3.0194 | lr 2.99e-04 | 10.9 it/s | eta 2648m
[member 3] step 74500/1805100 (ep 0.83) | loss 3.0175 | lr 2.99e-04 | 10.9 it/s | eta 2648m
[member 3] step 74600/1805100 (ep 0.83) | loss 3.0201 | lr 2.99e-04 | 10.9 it/s | eta 2647m
[member 3] step 74700/1805100 (ep 0.83) | loss 3.0211 | lr 2.99e-04 | 10.9 it/s | eta 2647m
[member 3] step 74800/1805100 (ep 0.83) | loss 3.0183 | lr 2.99e-04 | 10.9 it/s | eta 2646m
[member 3] step 74900/1805100 (ep 0.83) | loss 3.0169 | lr 2.99e-04 | 10.9 it/s | eta 2645m
[member 3] step 75000/1805100 (ep 0.83) | loss 3.0207 | lr 2.99e-04 | 10.9 it/s | eta 2645m
[member 3] step 75100/1805100 (ep 0.83) | loss 3.0148 | lr 2.99e-04 | 10.9 it/s | eta 2644m
[member 3] step 75200/1805100 (ep 0.83) | loss 3.0157 | lr 2.99e-04 | 10.9 it/s | eta 2643m
[member 3] step 75300/1805100 (ep 0.83) | loss 3.0186 | lr 2.99e-04 | 10.9 it/s | eta 2643m
[member 3] step 75400/1805100 (ep 0.84) | loss 3.0188 | lr 2.99e-04 | 10.9 it/s | eta 2642m
[member 3] step 75500/1805100 (ep 0.84) | loss 3.0121 | lr 2.99e-04 | 10.9 it/s | eta 2642m
[member 3] step 75600/1805100 (ep 0.84) | loss 3.0213 | lr 2.99e-04 | 10.9 it/s | eta 2641m
[member 3] step 75700/1805100 (ep 0.84) | loss 3.0172 | lr 2.99e-04 | 10.9 it/s | eta 2641m
[member 3] step 75800/1805100 (ep 0.84) | loss 3.0120 | lr 2.99e-04 | 10.9 it/s | eta 2640m
[member 3] step 75900/1805100 (ep 0.84) | loss 3.0167 | lr 2.99e-04 | 10.9 it/s | eta 2639m
[member 3] step 76000/1805100 (ep 0.84) | loss 3.0152 | lr 2.99e-04 | 10.9 it/s | eta 2639m
[member 3] step 76100/1805100 (ep 0.84) | loss 3.0103 | lr 2.99e-04 | 10.9 it/s | eta 2638m
[member 3] step 76200/1805100 (ep 0.84) | loss 3.0192 | lr 2.99e-04 | 10.9 it/s | eta 2638m
[member 3] step 76300/1805100 (ep 0.85) | loss 3.0209 | lr 2.99e-04 | 10.9 it/s | eta 2637m
[member 3] step 76400/1805100 (ep 0.85) | loss 3.0144 | lr 2.99e-04 | 10.9 it/s | eta 2636m
[member 3] step 76500/1805100 (ep 0.85) | loss 3.0192 | lr 2.99e-04 | 10.9 it/s | eta 2636m
[member 3] step 76600/1805100 (ep 0.85) | loss 3.0065 | lr 2.99e-04 | 10.9 it/s | eta 2635m
[member 3] step 76700/1805100 (ep 0.85) | loss 3.0096 | lr 2.99e-04 | 10.9 it/s | eta 2635m
[member 3] step 76800/1805100 (ep 0.85) | loss 3.0162 | lr 2.99e-04 | 10.9 it/s | eta 2634m
[member 3] step 76900/1805100 (ep 0.85) | loss 3.0168 | lr 2.99e-04 | 10.9 it/s | eta 2634m
[member 3] step 77000/1805100 (ep 0.85) | loss 3.0125 | lr 2.99e-04 | 10.9 it/s | eta 2633m
[member 3] step 77100/1805100 (ep 0.85) | loss 3.0178 | lr 2.99e-04 | 10.9 it/s | eta 2632m
[member 3] step 77200/1805100 (ep 0.86) | loss 3.0177 | lr 2.99e-04 | 10.9 it/s | eta 2632m
[member 3] step 77300/1805100 (ep 0.86) | loss 3.0116 | lr 2.99e-04 | 10.9 it/s | eta 2631m
[member 3] step 77400/1805100 (ep 0.86) | loss 3.0195 | lr 2.99e-04 | 10.9 it/s | eta 2631m
[member 3] step 77500/1805100 (ep 0.86) | loss 3.0161 | lr 2.99e-04 | 10.9 it/s | eta 2630m
[member 3] step 77600/1805100 (ep 0.86) | loss 3.0149 | lr 2.99e-04 | 10.9 it/s | eta 2629m
[member 3] step 77700/1805100 (ep 0.86) | loss 3.0139 | lr 2.99e-04 | 11.0 it/s | eta 2629m
[member 3] step 77800/1805100 (ep 0.86) | loss 3.0139 | lr 2.99e-04 | 11.0 it/s | eta 2628m
[member 3] step 77900/1805100 (ep 0.86) | loss 3.0115 | lr 2.99e-04 | 11.0 it/s | eta 2628m
[member 3] step 78000/1805100 (ep 0.86) | loss 3.0156 | lr 2.99e-04 | 11.0 it/s | eta 2627m
[member 3] step 78100/1805100 (ep 0.87) | loss 3.0126 | lr 2.99e-04 | 11.0 it/s | eta 2627m
[member 3] step 78200/1805100 (ep 0.87) | loss 3.0139 | lr 2.99e-04 | 11.0 it/s | eta 2626m
[member 3] step 78300/1805100 (ep 0.87) | loss 3.0167 | lr 2.99e-04 | 11.0 it/s | eta 2625m
[member 3] step 78400/1805100 (ep 0.87) | loss 3.0131 | lr 2.99e-04 | 11.0 it/s | eta 2625m
[member 3] step 78500/1805100 (ep 0.87) | loss 3.0140 | lr 2.99e-04 | 11.0 it/s | eta 2624m
[member 3] step 78600/1805100 (ep 0.87) | loss 3.0164 | lr 2.99e-04 | 11.0 it/s | eta 2624m
[member 3] step 78700/1805100 (ep 0.87) | loss 3.0068 | lr 2.99e-04 | 11.0 it/s | eta 2623m
[member 3] step 78800/1805100 (ep 0.87) | loss 3.0121 | lr 2.99e-04 | 11.0 it/s | eta 2623m
[member 3] step 78900/1805100 (ep 0.87) | loss 3.0144 | lr 2.99e-04 | 11.0 it/s | eta 2622m
[member 3] step 79000/1805100 (ep 0.88) | loss 3.0142 | lr 2.99e-04 | 11.0 it/s | eta 2621m
[member 3] step 79100/1805100 (ep 0.88) | loss 3.0081 | lr 2.99e-04 | 11.0 it/s | eta 2621m
[member 3] step 79200/1805100 (ep 0.88) | loss 3.0086 | lr 2.99e-04 | 11.0 it/s | eta 2620m
[member 3] step 79300/1805100 (ep 0.88) | loss 3.0104 | lr 2.99e-04 | 11.0 it/s | eta 2620m
[member 3] step 79400/1805100 (ep 0.88) | loss 3.0138 | lr 2.99e-04 | 11.0 it/s | eta 2619m
[member 3] step 79500/1805100 (ep 0.88) | loss 3.0158 | lr 2.99e-04 | 11.0 it/s | eta 2619m
[member 3] step 79600/1805100 (ep 0.88) | loss 3.0119 | lr 2.99e-04 | 11.0 it/s | eta 2618m
[member 3] step 79700/1805100 (ep 0.88) | loss 3.0066 | lr 2.99e-04 | 11.0 it/s | eta 2618m
[member 3] step 79800/1805100 (ep 0.88) | loss 3.0057 | lr 2.99e-04 | 11.0 it/s | eta 2617m
[member 3] step 79900/1805100 (ep 0.89) | loss 3.0109 | lr 2.99e-04 | 11.0 it/s | eta 2616m
[member 3] step 80000/1805100 (ep 0.89) | loss 3.0130 | lr 2.99e-04 | 11.0 it/s | eta 2616m
[member 3] EVAL step 80000 (ep 0.89) | val_ce 3.9337 | best 3.5755 | base 3.5478 MISS | no-improve 7/10
[member 3] step 80100/1805100 (ep 0.89) | loss 3.0080 | lr 2.99e-04 | 10.8 it/s | eta 2659m
[member 3] step 80200/1805100 (ep 0.89) | loss 3.0115 | lr 2.99e-04 | 10.8 it/s | eta 2658m
[member 3] step 80300/1805100 (ep 0.89) | loss 3.0097 | lr 2.99e-04 | 10.8 it/s | eta 2658m
[member 3] step 80400/1805100 (ep 0.89) | loss 3.0076 | lr 2.99e-04 | 10.8 it/s | eta 2657m
[member 3] step 80500/1805100 (ep 0.89) | loss 3.0091 | lr 2.99e-04 | 10.8 it/s | eta 2657m
[member 3] step 80600/1805100 (ep 0.89) | loss 3.0063 | lr 2.99e-04 | 10.8 it/s | eta 2656m
[member 3] step 80700/1805100 (ep 0.89) | loss 3.0135 | lr 2.99e-04 | 10.8 it/s | eta 2655m
[member 3] step 80800/1805100 (ep 0.90) | loss 3.0105 | lr 2.99e-04 | 10.8 it/s | eta 2655m
[member 3] step 80900/1805100 (ep 0.90) | loss 3.0067 | lr 2.99e-04 | 10.8 it/s | eta 2654m
[member 3] step 81000/1805100 (ep 0.90) | loss 3.0103 | lr 2.99e-04 | 10.8 it/s | eta 2654m
[member 3] step 81100/1805100 (ep 0.90) | loss 3.0112 | lr 2.99e-04 | 10.8 it/s | eta 2653m
[member 3] step 81200/1805100 (ep 0.90) | loss 3.0091 | lr 2.99e-04 | 10.8 it/s | eta 2653m
[member 3] step 81300/1805100 (ep 0.90) | loss 3.0088 | lr 2.99e-04 | 10.8 it/s | eta 2652m
[member 3] step 81400/1805100 (ep 0.90) | loss 3.0148 | lr 2.99e-04 | 10.8 it/s | eta 2651m
[member 3] step 81500/1805100 (ep 0.90) | loss 3.0107 | lr 2.99e-04 | 10.8 it/s | eta 2651m
[member 3] step 81600/1805100 (ep 0.90) | loss 3.0082 | lr 2.99e-04 | 10.8 it/s | eta 2650m
[member 3] step 81700/1805100 (ep 0.91) | loss 3.0057 | lr 2.99e-04 | 10.8 it/s | eta 2650m
[member 3] step 81800/1805100 (ep 0.91) | loss 3.0122 | lr 2.99e-04 | 10.8 it/s | eta 2649m
[member 3] step 81900/1805100 (ep 0.91) | loss 3.0035 | lr 2.99e-04 | 10.8 it/s | eta 2648m
[member 3] step 82000/1805100 (ep 0.91) | loss 3.0070 | lr 2.99e-04 | 10.8 it/s | eta 2648m
[member 3] step 82100/1805100 (ep 0.91) | loss 3.0075 | lr 2.99e-04 | 10.8 it/s | eta 2647m
[member 3] step 82200/1805100 (ep 0.91) | loss 3.0023 | lr 2.99e-04 | 10.8 it/s | eta 2647m
[member 3] step 82300/1805100 (ep 0.91) | loss 3.0110 | lr 2.99e-04 | 10.9 it/s | eta 2646m
[member 3] step 82400/1805100 (ep 0.91) | loss 3.0056 | lr 2.99e-04 | 10.9 it/s | eta 2646m
[member 3] step 82500/1805100 (ep 0.91) | loss 3.0057 | lr 2.99e-04 | 10.9 it/s | eta 2645m
[member 3] step 82600/1805100 (ep 0.92) | loss 3.0057 | lr 2.99e-04 | 10.9 it/s | eta 2644m
[member 3] step 82700/1805100 (ep 0.92) | loss 3.0053 | lr 2.99e-04 | 10.9 it/s | eta 2644m
[member 3] step 82800/1805100 (ep 0.92) | loss 3.0033 | lr 2.99e-04 | 10.9 it/s | eta 2643m
[member 3] step 82900/1805100 (ep 0.92) | loss 3.0055 | lr 2.99e-04 | 10.9 it/s | eta 2643m
[member 3] step 83000/1805100 (ep 0.92) | loss 3.0100 | lr 2.99e-04 | 10.9 it/s | eta 2642m
[member 3] step 83100/1805100 (ep 0.92) | loss 3.0041 | lr 2.99e-04 | 10.9 it/s | eta 2642m
[member 3] step 83200/1805100 (ep 0.92) | loss 3.0011 | lr 2.99e-04 | 10.9 it/s | eta 2641m
[member 3] step 83300/1805100 (ep 0.92) | loss 3.0022 | lr 2.99e-04 | 10.9 it/s | eta 2641m
[member 3] step 83400/1805100 (ep 0.92) | loss 3.0063 | lr 2.99e-04 | 10.9 it/s | eta 2640m
[member 3] step 83500/1805100 (ep 0.93) | loss 3.0022 | lr 2.99e-04 | 10.9 it/s | eta 2639m
[member 3] step 83600/1805100 (ep 0.93) | loss 2.9930 | lr 2.99e-04 | 10.9 it/s | eta 2639m
[member 3] step 83700/1805100 (ep 0.93) | loss 3.0031 | lr 2.99e-04 | 10.9 it/s | eta 2638m
[member 3] step 83800/1805100 (ep 0.93) | loss 2.9994 | lr 2.99e-04 | 10.9 it/s | eta 2638m
[member 3] step 83900/1805100 (ep 0.93) | loss 3.0062 | lr 2.99e-04 | 10.9 it/s | eta 2637m
[member 3] step 84000/1805100 (ep 0.93) | loss 3.0066 | lr 2.99e-04 | 10.9 it/s | eta 2637m
[member 3] step 84100/1805100 (ep 0.93) | loss 2.9992 | lr 2.99e-04 | 10.9 it/s | eta 2636m
[member 3] step 84200/1805100 (ep 0.93) | loss 3.0027 | lr 2.99e-04 | 10.9 it/s | eta 2636m
[member 3] step 84300/1805100 (ep 0.93) | loss 3.0020 | lr 2.99e-04 | 10.9 it/s | eta 2635m
[member 3] step 84400/1805100 (ep 0.94) | loss 3.0012 | lr 2.99e-04 | 10.9 it/s | eta 2635m
[member 3] step 84500/1805100 (ep 0.94) | loss 2.9973 | lr 2.99e-04 | 10.9 it/s | eta 2634m
[member 3] step 84600/1805100 (ep 0.94) | loss 3.0006 | lr 2.99e-04 | 10.9 it/s | eta 2634m
[member 3] step 84700/1805100 (ep 0.94) | loss 3.0079 | lr 2.99e-04 | 10.9 it/s | eta 2633m
[member 3] step 84800/1805100 (ep 0.94) | loss 3.0070 | lr 2.99e-04 | 10.9 it/s | eta 2633m
[member 3] step 84900/1805100 (ep 0.94) | loss 3.0083 | lr 2.99e-04 | 10.9 it/s | eta 2632m
[member 3] step 85000/1805100 (ep 0.94) | loss 3.0030 | lr 2.99e-04 | 10.9 it/s | eta 2631m
[member 3] step 85100/1805100 (ep 0.94) | loss 3.0008 | lr 2.99e-04 | 10.9 it/s | eta 2631m
[member 3] step 85200/1805100 (ep 0.94) | loss 2.9994 | lr 2.99e-04 | 10.9 it/s | eta 2630m
[member 3] step 85300/1805100 (ep 0.95) | loss 2.9980 | lr 2.99e-04 | 10.9 it/s | eta 2630m
[member 3] step 85400/1805100 (ep 0.95) | loss 3.0004 | lr 2.99e-04 | 10.9 it/s | eta 2629m
[member 3] step 85500/1805100 (ep 0.95) | loss 2.9927 | lr 2.99e-04 | 10.9 it/s | eta 2629m
[member 3] step 85600/1805100 (ep 0.95) | loss 2.9937 | lr 2.99e-04 | 10.9 it/s | eta 2628m
[member 3] step 85700/1805100 (ep 0.95) | loss 3.0039 | lr 2.99e-04 | 10.9 it/s | eta 2628m
[member 3] step 85800/1805100 (ep 0.95) | loss 3.0072 | lr 2.99e-04 | 10.9 it/s | eta 2627m
[member 3] step 85900/1805100 (ep 0.95) | loss 2.9979 | lr 2.99e-04 | 10.9 it/s | eta 2627m
[member 3] step 86000/1805100 (ep 0.95) | loss 2.9949 | lr 2.99e-04 | 10.9 it/s | eta 2626m
[member 3] step 86100/1805100 (ep 0.95) | loss 2.9945 | lr 2.99e-04 | 10.9 it/s | eta 2626m
[member 3] step 86200/1805100 (ep 0.96) | loss 3.0074 | lr 2.99e-04 | 10.9 it/s | eta 2625m
[member 3] step 86300/1805100 (ep 0.96) | loss 3.0012 | lr 2.99e-04 | 10.9 it/s | eta 2625m
[member 3] step 86400/1805100 (ep 0.96) | loss 2.9984 | lr 2.99e-04 | 10.9 it/s | eta 2624m
[member 3] step 86500/1805100 (ep 0.96) | loss 3.0010 | lr 2.99e-04 | 10.9 it/s | eta 2624m
[member 3] step 86600/1805100 (ep 0.96) | loss 3.0024 | lr 2.99e-04 | 10.9 it/s | eta 2623m
[member 3] step 86700/1805100 (ep 0.96) | loss 2.9982 | lr 2.98e-04 | 10.9 it/s | eta 2623m
[member 3] step 86800/1805100 (ep 0.96) | loss 2.9983 | lr 2.98e-04 | 10.9 it/s | eta 2622m
[member 3] step 86900/1805100 (ep 0.96) | loss 2.9930 | lr 2.98e-04 | 10.9 it/s | eta 2622m
[member 3] step 87000/1805100 (ep 0.96) | loss 2.9998 | lr 2.98e-04 | 10.9 it/s | eta 2621m
[member 3] step 87100/1805100 (ep 0.97) | loss 2.9975 | lr 2.98e-04 | 10.9 it/s | eta 2621m
[member 3] step 87200/1805100 (ep 0.97) | loss 2.9997 | lr 2.98e-04 | 10.9 it/s | eta 2620m
[member 3] step 87300/1805100 (ep 0.97) | loss 2.9977 | lr 2.98e-04 | 10.9 it/s | eta 2620m
[member 3] step 87400/1805100 (ep 0.97) | loss 2.9977 | lr 2.98e-04 | 10.9 it/s | eta 2619m
[member 3] step 87500/1805100 (ep 0.97) | loss 2.9928 | lr 2.98e-04 | 10.9 it/s | eta 2619m
[member 3] step 87600/1805100 (ep 0.97) | loss 2.9978 | lr 2.98e-04 | 10.9 it/s | eta 2618m
[member 3] step 87700/1805100 (ep 0.97) | loss 2.9959 | lr 2.98e-04 | 10.9 it/s | eta 2618m
[member 3] step 87800/1805100 (ep 0.97) | loss 2.9965 | lr 2.98e-04 | 10.9 it/s | eta 2617m
[member 3] step 87900/1805100 (ep 0.97) | loss 2.9946 | lr 2.98e-04 | 10.9 it/s | eta 2617m
[member 3] step 88000/1805100 (ep 0.98) | loss 3.0008 | lr 2.98e-04 | 10.9 it/s | eta 2616m
[member 3] step 88100/1805100 (ep 0.98) | loss 3.0004 | lr 2.98e-04 | 10.9 it/s | eta 2616m
[member 3] step 88200/1805100 (ep 0.98) | loss 3.0032 | lr 2.98e-04 | 10.9 it/s | eta 2615m
[member 3] step 88300/1805100 (ep 0.98) | loss 3.0023 | lr 2.98e-04 | 10.9 it/s | eta 2615m
[member 3] step 88400/1805100 (ep 0.98) | loss 2.9943 | lr 2.98e-04 | 10.9 it/s | eta 2614m
[member 3] step 88500/1805100 (ep 0.98) | loss 2.9938 | lr 2.98e-04 | 10.9 it/s | eta 2614m
[member 3] step 88600/1805100 (ep 0.98) | loss 2.9991 | lr 2.98e-04 | 10.9 it/s | eta 2613m
[member 3] step 88700/1805100 (ep 0.98) | loss 2.9909 | lr 2.98e-04 | 10.9 it/s | eta 2613m
[member 3] step 88800/1805100 (ep 0.98) | loss 2.9908 | lr 2.98e-04 | 11.0 it/s | eta 2612m
[member 3] step 88900/1805100 (ep 0.98) | loss 2.9910 | lr 2.98e-04 | 11.0 it/s | eta 2612m
[member 3] step 89000/1805100 (ep 0.99) | loss 2.9928 | lr 2.98e-04 | 11.0 it/s | eta 2611m
[member 3] step 89100/1805100 (ep 0.99) | loss 2.9908 | lr 2.98e-04 | 11.0 it/s | eta 2611m
[member 3] step 89200/1805100 (ep 0.99) | loss 2.9936 | lr 2.98e-04 | 11.0 it/s | eta 2610m
[member 3] step 89300/1805100 (ep 0.99) | loss 2.9918 | lr 2.98e-04 | 11.0 it/s | eta 2610m
[member 3] step 89400/1805100 (ep 0.99) | loss 2.9963 | lr 2.98e-04 | 11.0 it/s | eta 2609m
[member 3] step 89500/1805100 (ep 0.99) | loss 2.9942 | lr 2.98e-04 | 11.0 it/s | eta 2609m
[member 3] step 89600/1805100 (ep 0.99) | loss 2.9942 | lr 2.98e-04 | 11.0 it/s | eta 2608m
[member 3] step 89700/1805100 (ep 0.99) | loss 2.9888 | lr 2.98e-04 | 11.0 it/s | eta 2607m
[member 3] step 89800/1805100 (ep 0.99) | loss 2.9921 | lr 2.98e-04 | 11.0 it/s | eta 2607m
[member 3] step 89900/1805100 (ep 1.00) | loss 2.9908 | lr 2.98e-04 | 11.0 it/s | eta 2606m
[member 3] step 90000/1805100 (ep 1.00) | loss 2.9900 | lr 2.98e-04 | 11.0 it/s | eta 2606m
[member 3] EVAL step 90000 (ep 1.00) | val_ce 4.0144 | best 3.5755 | base 3.5478 MISS | no-improve 8/10
[member 3] step 90100/1805100 (ep 1.00) | loss 2.9970 | lr 2.98e-04 | 10.8 it/s | eta 2644m
[member 3] step 90200/1805100 (ep 1.00) | loss 2.9922 | lr 2.98e-04 | 10.8 it/s | eta 2643m
[member 3] step 90300/1805100 (ep 1.00) | loss 2.9878 | lr 2.98e-04 | 10.8 it/s | eta 2644m
[member 3] step 90400/1805100 (ep 1.00) | loss 2.9856 | lr 2.98e-04 | 10.8 it/s | eta 2644m
[member 3] step 90500/1805100 (ep 1.00) | loss 2.9862 | lr 2.98e-04 | 10.8 it/s | eta 2643m
[member 3] step 90600/1805100 (ep 1.00) | loss 2.9957 | lr 2.98e-04 | 10.8 it/s | eta 2642m
[member 3] step 90700/1805100 (ep 1.00) | loss 2.9811 | lr 2.98e-04 | 10.8 it/s | eta 2642m
[member 3] step 90800/1805100 (ep 1.01) | loss 2.9874 | lr 2.98e-04 | 10.8 it/s | eta 2641m
[member 3] step 90900/1805100 (ep 1.01) | loss 2.9913 | lr 2.98e-04 | 10.8 it/s | eta 2641m
[member 3] step 91000/1805100 (ep 1.01) | loss 2.9945 | lr 2.98e-04 | 10.8 it/s | eta 2640m
[member 3] step 91100/1805100 (ep 1.01) | loss 2.9845 | lr 2.98e-04 | 10.8 it/s | eta 2640m
[member 3] step 91200/1805100 (ep 1.01) | loss 2.9861 | lr 2.98e-04 | 10.8 it/s | eta 2639m
[member 3] step 91300/1805100 (ep 1.01) | loss 2.9815 | lr 2.98e-04 | 10.8 it/s | eta 2639m
[member 3] step 91400/1805100 (ep 1.01) | loss 2.9856 | lr 2.98e-04 | 10.8 it/s | eta 2638m
[member 3] step 91500/1805100 (ep 1.01) | loss 2.9855 | lr 2.98e-04 | 10.8 it/s | eta 2638m
[member 3] step 91600/1805100 (ep 1.01) | loss 2.9834 | lr 2.98e-04 | 10.8 it/s | eta 2637m
[member 3] step 91700/1805100 (ep 1.02) | loss 2.9806 | lr 2.98e-04 | 10.8 it/s | eta 2636m
[member 3] step 91800/1805100 (ep 1.02) | loss 2.9820 | lr 2.98e-04 | 10.8 it/s | eta 2636m
[member 3] step 91900/1805100 (ep 1.02) | loss 2.9867 | lr 2.98e-04 | 10.8 it/s | eta 2635m
[member 3] step 92000/1805100 (ep 1.02) | loss 2.9815 | lr 2.98e-04 | 10.8 it/s | eta 2635m
[member 3] step 92100/1805100 (ep 1.02) | loss 2.9863 | lr 2.98e-04 | 10.8 it/s | eta 2634m
[member 3] step 92200/1805100 (ep 1.02) | loss 2.9835 | lr 2.98e-04 | 10.8 it/s | eta 2634m
[member 3] step 92300/1805100 (ep 1.02) | loss 2.9817 | lr 2.98e-04 | 10.8 it/s | eta 2633m
[member 3] step 92400/1805100 (ep 1.02) | loss 2.9854 | lr 2.98e-04 | 10.8 it/s | eta 2633m
[member 3] step 92500/1805100 (ep 1.02) | loss 2.9869 | lr 2.98e-04 | 10.8 it/s | eta 2632m
[member 3] step 92600/1805100 (ep 1.03) | loss 2.9868 | lr 2.98e-04 | 10.8 it/s | eta 2632m
[member 3] step 92700/1805100 (ep 1.03) | loss 2.9925 | lr 2.98e-04 | 10.8 it/s | eta 2631m
[member 3] step 92800/1805100 (ep 1.03) | loss 2.9805 | lr 2.98e-04 | 10.8 it/s | eta 2631m
[member 3] step 92900/1805100 (ep 1.03) | loss 2.9795 | lr 2.98e-04 | 10.9 it/s | eta 2630m
[member 3] step 93000/1805100 (ep 1.03) | loss 2.9878 | lr 2.98e-04 | 10.9 it/s | eta 2630m
[member 3] step 93100/1805100 (ep 1.03) | loss 2.9937 | lr 2.98e-04 | 10.9 it/s | eta 2629m
[member 3] step 93200/1805100 (ep 1.03) | loss 2.9877 | lr 2.98e-04 | 10.9 it/s | eta 2629m
[member 3] step 93300/1805100 (ep 1.03) | loss 2.9782 | lr 2.98e-04 | 10.9 it/s | eta 2628m
[member 3] step 93400/1805100 (ep 1.03) | loss 2.9838 | lr 2.98e-04 | 10.9 it/s | eta 2628m
[member 3] step 93500/1805100 (ep 1.04) | loss 2.9913 | lr 2.98e-04 | 10.9 it/s | eta 2627m
[member 3] step 93600/1805100 (ep 1.04) | loss 2.9873 | lr 2.98e-04 | 10.9 it/s | eta 2627m
[member 3] step 93700/1805100 (ep 1.04) | loss 2.9821 | lr 2.98e-04 | 10.9 it/s | eta 2626m
[member 3] step 93800/1805100 (ep 1.04) | loss 2.9815 | lr 2.98e-04 | 10.9 it/s | eta 2626m
[member 3] step 93900/1805100 (ep 1.04) | loss 2.9832 | lr 2.98e-04 | 10.9 it/s | eta 2625m
[member 3] step 94000/1805100 (ep 1.04) | loss 2.9796 | lr 2.98e-04 | 10.9 it/s | eta 2625m
[member 3] step 94100/1805100 (ep 1.04) | loss 2.9918 | lr 2.98e-04 | 10.9 it/s | eta 2624m
[member 3] step 94200/1805100 (ep 1.04) | loss 2.9887 | lr 2.98e-04 | 10.9 it/s | eta 2624m
[member 3] step 94300/1805100 (ep 1.04) | loss 2.9798 | lr 2.98e-04 | 10.9 it/s | eta 2623m
[member 3] step 94400/1805100 (ep 1.05) | loss 2.9788 | lr 2.98e-04 | 10.9 it/s | eta 2623m
[member 3] step 94500/1805100 (ep 1.05) | loss 2.9768 | lr 2.98e-04 | 10.9 it/s | eta 2622m
[member 3] step 94600/1805100 (ep 1.05) | loss 2.9741 | lr 2.98e-04 | 10.9 it/s | eta 2622m
[member 3] step 94700/1805100 (ep 1.05) | loss 2.9784 | lr 2.98e-04 | 10.9 it/s | eta 2621m
[member 3] step 94800/1805100 (ep 1.05) | loss 2.9816 | lr 2.98e-04 | 10.9 it/s | eta 2621m
[member 3] step 94900/1805100 (ep 1.05) | loss 2.9807 | lr 2.98e-04 | 10.9 it/s | eta 2620m
[member 3] step 95000/1805100 (ep 1.05) | loss 2.9776 | lr 2.98e-04 | 10.9 it/s | eta 2620m
[member 3] step 95100/1805100 (ep 1.05) | loss 2.9752 | lr 2.98e-04 | 10.9 it/s | eta 2619m
[member 3] step 95200/1805100 (ep 1.05) | loss 2.9816 | lr 2.98e-04 | 10.9 it/s | eta 2619m
[member 3] step 95300/1805100 (ep 1.06) | loss 2.9771 | lr 2.98e-04 | 10.9 it/s | eta 2618m
[member 3] step 95400/1805100 (ep 1.06) | loss 2.9796 | lr 2.98e-04 | 10.9 it/s | eta 2618m
[member 3] step 95500/1805100 (ep 1.06) | loss 2.9844 | lr 2.98e-04 | 10.9 it/s | eta 2617m
[member 3] step 95600/1805100 (ep 1.06) | loss 2.9780 | lr 2.98e-04 | 10.9 it/s | eta 2617m
[member 3] step 95700/1805100 (ep 1.06) | loss 2.9768 | lr 2.98e-04 | 10.9 it/s | eta 2616m
[member 3] step 95800/1805100 (ep 1.06) | loss 2.9733 | lr 2.98e-04 | 10.9 it/s | eta 2615m
[member 3] step 95900/1805100 (ep 1.06) | loss 2.9801 | lr 2.98e-04 | 10.9 it/s | eta 2615m
[member 3] step 96000/1805100 (ep 1.06) | loss 2.9758 | lr 2.98e-04 | 10.9 it/s | eta 2614m
[member 3] step 96100/1805100 (ep 1.06) | loss 2.9845 | lr 2.98e-04 | 10.9 it/s | eta 2614m
[member 3] step 96200/1805100 (ep 1.07) | loss 2.9839 | lr 2.98e-04 | 10.9 it/s | eta 2614m
[member 3] step 96300/1805100 (ep 1.07) | loss 2.9844 | lr 2.98e-04 | 10.9 it/s | eta 2613m
[member 3] step 96400/1805100 (ep 1.07) | loss 2.9844 | lr 2.98e-04 | 10.9 it/s | eta 2613m
[member 3] step 96500/1805100 (ep 1.07) | loss 2.9830 | lr 2.98e-04 | 10.9 it/s | eta 2612m
[member 3] step 96600/1805100 (ep 1.07) | loss 2.9778 | lr 2.98e-04 | 10.9 it/s | eta 2612m
[member 3] step 96700/1805100 (ep 1.07) | loss 2.9861 | lr 2.98e-04 | 10.9 it/s | eta 2611m
[member 3] step 96800/1805100 (ep 1.07) | loss 2.9882 | lr 2.98e-04 | 10.9 it/s | eta 2611m
[member 3] step 96900/1805100 (ep 1.07) | loss 2.9798 | lr 2.98e-04 | 10.9 it/s | eta 2610m
[member 3] step 97000/1805100 (ep 1.07) | loss 2.9856 | lr 2.98e-04 | 10.9 it/s | eta 2610m
[member 3] step 97100/1805100 (ep 1.08) | loss 2.9888 | lr 2.98e-04 | 10.9 it/s | eta 2609m
[member 3] step 97200/1805100 (ep 1.08) | loss 2.9807 | lr 2.98e-04 | 10.9 it/s | eta 2609m
[member 3] step 97300/1805100 (ep 1.08) | loss 2.9734 | lr 2.98e-04 | 10.9 it/s | eta 2608m
[member 3] step 97400/1805100 (ep 1.08) | loss 2.9745 | lr 2.98e-04 | 10.9 it/s | eta 2608m
[member 3] step 97500/1805100 (ep 1.08) | loss 2.9767 | lr 2.98e-04 | 10.9 it/s | eta 2607m
[member 3] step 97600/1805100 (ep 1.08) | loss 2.9800 | lr 2.98e-04 | 10.9 it/s | eta 2607m
[member 3] step 97700/1805100 (ep 1.08) | loss 2.9713 | lr 2.98e-04 | 10.9 it/s | eta 2606m
[member 3] step 97800/1805100 (ep 1.08) | loss 2.9743 | lr 2.98e-04 | 10.9 it/s | eta 2606m
[member 3] step 97900/1805100 (ep 1.08) | loss 2.9755 | lr 2.98e-04 | 10.9 it/s | eta 2605m
[member 3] step 98000/1805100 (ep 1.09) | loss 2.9720 | lr 2.98e-04 | 10.9 it/s | eta 2605m
[member 3] step 98100/1805100 (ep 1.09) | loss 2.9766 | lr 2.98e-04 | 10.9 it/s | eta 2604m
[member 3] step 98200/1805100 (ep 1.09) | loss 2.9810 | lr 2.98e-04 | 10.9 it/s | eta 2604m
[member 3] step 98300/1805100 (ep 1.09) | loss 2.9793 | lr 2.98e-04 | 10.9 it/s | eta 2603m
[member 3] step 98400/1805100 (ep 1.09) | loss 2.9822 | lr 2.98e-04 | 10.9 it/s | eta 2603m
[member 3] step 98500/1805100 (ep 1.09) | loss 2.9737 | lr 2.98e-04 | 10.9 it/s | eta 2602m
[member 3] step 98600/1805100 (ep 1.09) | loss 2.9800 | lr 2.98e-04 | 10.9 it/s | eta 2602m
[member 3] step 98700/1805100 (ep 1.09) | loss 2.9801 | lr 2.98e-04 | 10.9 it/s | eta 2601m
[member 3] step 98800/1805100 (ep 1.09) | loss 2.9795 | lr 2.98e-04 | 10.9 it/s | eta 2601m
[member 3] step 98900/1805100 (ep 1.10) | loss 2.9784 | lr 2.98e-04 | 10.9 it/s | eta 2601m
[member 3] step 99000/1805100 (ep 1.10) | loss 2.9797 | lr 2.98e-04 | 10.9 it/s | eta 2600m
[member 3] step 99100/1805100 (ep 1.10) | loss 2.9752 | lr 2.98e-04 | 10.9 it/s | eta 2600m
[member 3] step 99200/1805100 (ep 1.10) | loss 2.9748 | lr 2.98e-04 | 10.9 it/s | eta 2599m
[member 3] step 99300/1805100 (ep 1.10) | loss 2.9778 | lr 2.98e-04 | 10.9 it/s | eta 2599m
[member 3] step 99400/1805100 (ep 1.10) | loss 2.9780 | lr 2.98e-04 | 10.9 it/s | eta 2598m
[member 3] step 99500/1805100 (ep 1.10) | loss 2.9767 | lr 2.98e-04 | 10.9 it/s | eta 2598m
[member 3] step 99600/1805100 (ep 1.10) | loss 2.9761 | lr 2.98e-04 | 10.9 it/s | eta 2597m
[member 3] step 99700/1805100 (ep 1.10) | loss 2.9750 | lr 2.98e-04 | 10.9 it/s | eta 2597m
[member 3] step 99800/1805100 (ep 1.11) | loss 2.9803 | lr 2.98e-04 | 10.9 it/s | eta 2596m
[member 3] step 99900/1805100 (ep 1.11) | loss 2.9771 | lr 2.98e-04 | 10.9 it/s | eta 2596m
[member 3] step 100000/1805100 (ep 1.11) | loss 2.9871 | lr 2.98e-04 | 10.9 it/s | eta 2596m
[member 3] EVAL step 100000 (ep 1.11) | val_ce 3.9774 | best 3.5755 | base 3.5478 MISS | no-improve 9/10
[member 3] step 100100/1805100 (ep 1.11) | loss 2.9780 | lr 2.98e-04 | 10.8 it/s | eta 2630m
[member 3] step 100200/1805100 (ep 1.11) | loss 2.9692 | lr 2.98e-04 | 10.8 it/s | eta 2629m
[member 3] step 100300/1805100 (ep 1.11) | loss 2.9750 | lr 2.98e-04 | 10.8 it/s | eta 2629m
[member 3] step 100400/1805100 (ep 1.11) | loss 2.9781 | lr 2.98e-04 | 10.8 it/s | eta 2628m
[member 3] step 100500/1805100 (ep 1.11) | loss 2.9789 | lr 2.98e-04 | 10.8 it/s | eta 2628m
[member 3] step 100600/1805100 (ep 1.11) | loss 2.9758 | lr 2.98e-04 | 10.8 it/s | eta 2627m
[member 3] step 100700/1805100 (ep 1.12) | loss 2.9738 | lr 2.98e-04 | 10.8 it/s | eta 2627m
[member 3] step 100800/1805100 (ep 1.12) | loss 2.9770 | lr 2.98e-04 | 10.8 it/s | eta 2626m
[member 3] step 100900/1805100 (ep 1.12) | loss 2.9736 | lr 2.98e-04 | 10.8 it/s | eta 2626m
[member 3] step 101000/1805100 (ep 1.12) | loss 2.9749 | lr 2.98e-04 | 10.8 it/s | eta 2625m
[member 3] step 101100/1805100 (ep 1.12) | loss 2.9807 | lr 2.98e-04 | 10.8 it/s | eta 2625m
[member 3] step 101200/1805100 (ep 1.12) | loss 2.9784 | lr 2.98e-04 | 10.8 it/s | eta 2624m
[member 3] step 101300/1805100 (ep 1.12) | loss 2.9784 | lr 2.98e-04 | 10.8 it/s | eta 2624m
[member 3] step 101400/1805100 (ep 1.12) | loss 2.9753 | lr 2.98e-04 | 10.8 it/s | eta 2623m
[member 3] step 101500/1805100 (ep 1.12) | loss 2.9755 | lr 2.98e-04 | 10.8 it/s | eta 2623m
[member 3] step 101600/1805100 (ep 1.13) | loss 2.9755 | lr 2.98e-04 | 10.8 it/s | eta 2622m
[member 3] step 101700/1805100 (ep 1.13) | loss 2.9769 | lr 2.98e-04 | 10.8 it/s | eta 2622m
[member 3] step 101800/1805100 (ep 1.13) | loss 2.9740 | lr 2.98e-04 | 10.8 it/s | eta 2621m
[member 3] step 101900/1805100 (ep 1.13) | loss 2.9759 | lr 2.98e-04 | 10.8 it/s | eta 2620m
[member 3] step 102000/1805100 (ep 1.13) | loss 2.9777 | lr 2.98e-04 | 10.8 it/s | eta 2620m
[member 3] step 102100/1805100 (ep 1.13) | loss 2.9742 | lr 2.98e-04 | 10.8 it/s | eta 2619m
[member 3] step 102200/1805100 (ep 1.13) | loss 2.9719 | lr 2.98e-04 | 10.8 it/s | eta 2619m
[member 3] step 102300/1805100 (ep 1.13) | loss 2.9727 | lr 2.98e-04 | 10.8 it/s | eta 2618m
[member 3] step 102400/1805100 (ep 1.13) | loss 2.9755 | lr 2.98e-04 | 10.8 it/s | eta 2618m
[member 3] step 102500/1805100 (ep 1.14) | loss 2.9682 | lr 2.98e-04 | 10.8 it/s | eta 2617m
[member 3] step 102600/1805100 (ep 1.14) | loss 2.9701 | lr 2.98e-04 | 10.8 it/s | eta 2617m
[member 3] step 102700/1805100 (ep 1.14) | loss 2.9731 | lr 2.98e-04 | 10.8 it/s | eta 2617m
[member 3] step 102800/1805100 (ep 1.14) | loss 2.9748 | lr 2.98e-04 | 10.8 it/s | eta 2616m
[member 3] step 102900/1805100 (ep 1.14) | loss 2.9739 | lr 2.98e-04 | 10.8 it/s | eta 2616m
[member 3] step 103000/1805100 (ep 1.14) | loss 2.9772 | lr 2.98e-04 | 10.8 it/s | eta 2615m
[member 3] step 103100/1805100 (ep 1.14) | loss 2.9715 | lr 2.98e-04 | 10.8 it/s | eta 2615m
[member 3] step 103200/1805100 (ep 1.14) | loss 2.9708 | lr 2.98e-04 | 10.9 it/s | eta 2614m
[member 3] step 103300/1805100 (ep 1.14) | loss 2.9670 | lr 2.98e-04 | 10.9 it/s | eta 2614m
[member 3] step 103400/1805100 (ep 1.15) | loss 2.9710 | lr 2.98e-04 | 10.9 it/s | eta 2613m
[member 3] step 103500/1805100 (ep 1.15) | loss 2.9734 | lr 2.98e-04 | 10.9 it/s | eta 2613m
[member 3] step 103600/1805100 (ep 1.15) | loss 2.9691 | lr 2.98e-04 | 10.9 it/s | eta 2612m
[member 3] step 103700/1805100 (ep 1.15) | loss 2.9739 | lr 2.98e-04 | 10.9 it/s | eta 2612m
[member 3] step 103800/1805100 (ep 1.15) | loss 2.9786 | lr 2.98e-04 | 10.9 it/s | eta 2611m
[member 3] step 103900/1805100 (ep 1.15) | loss 2.9718 | lr 2.98e-04 | 10.9 it/s | eta 2611m
[member 3] step 104000/1805100 (ep 1.15) | loss 2.9715 | lr 2.98e-04 | 10.9 it/s | eta 2610m
[member 3] step 104100/1805100 (ep 1.15) | loss 2.9717 | lr 2.98e-04 | 10.9 it/s | eta 2610m
[member 3] step 104200/1805100 (ep 1.15) | loss 2.9693 | lr 2.98e-04 | 10.9 it/s | eta 2609m
[member 3] step 104300/1805100 (ep 1.16) | loss 2.9749 | lr 2.98e-04 | 10.9 it/s | eta 2609m
[member 3] step 104400/1805100 (ep 1.16) | loss 2.9729 | lr 2.98e-04 | 10.9 it/s | eta 2608m
[member 3] step 104500/1805100 (ep 1.16) | loss 2.9840 | lr 2.98e-04 | 10.9 it/s | eta 2608m
[member 3] step 104600/1805100 (ep 1.16) | loss 2.9709 | lr 2.98e-04 | 10.9 it/s | eta 2607m
[member 3] step 104700/1805100 (ep 1.16) | loss 2.9717 | lr 2.98e-04 | 10.9 it/s | eta 2607m
[member 3] step 104800/1805100 (ep 1.16) | loss 2.9719 | lr 2.98e-04 | 10.9 it/s | eta 2606m
[member 3] step 104900/1805100 (ep 1.16) | loss 2.9675 | lr 2.98e-04 | 10.9 it/s | eta 2606m
[member 3] step 105000/1805100 (ep 1.16) | loss 2.9710 | lr 2.98e-04 | 10.9 it/s | eta 2605m
[member 3] step 105100/1805100 (ep 1.16) | loss 2.9727 | lr 2.98e-04 | 10.9 it/s | eta 2605m
[member 3] step 105200/1805100 (ep 1.17) | loss 2.9647 | lr 2.98e-04 | 10.9 it/s | eta 2605m
[member 3] step 105300/1805100 (ep 1.17) | loss 2.9652 | lr 2.98e-04 | 10.9 it/s | eta 2604m
[member 3] step 105400/1805100 (ep 1.17) | loss 2.9675 | lr 2.98e-04 | 10.9 it/s | eta 2604m
[member 3] step 105500/1805100 (ep 1.17) | loss 2.9712 | lr 2.98e-04 | 10.9 it/s | eta 2603m
[member 3] step 105600/1805100 (ep 1.17) | loss 2.9713 | lr 2.98e-04 | 10.9 it/s | eta 2603m
[member 3] step 105700/1805100 (ep 1.17) | loss 2.9670 | lr 2.98e-04 | 10.9 it/s | eta 2602m
[member 3] step 105800/1805100 (ep 1.17) | loss 2.9640 | lr 2.98e-04 | 10.9 it/s | eta 2602m
[member 3] step 105900/1805100 (ep 1.17) | loss 2.9734 | lr 2.98e-04 | 10.9 it/s | eta 2601m
[member 3] step 106000/1805100 (ep 1.17) | loss 2.9736 | lr 2.98e-04 | 10.9 it/s | eta 2601m
[member 3] step 106100/1805100 (ep 1.18) | loss 2.9705 | lr 2.98e-04 | 10.9 it/s | eta 2600m
[member 3] step 106200/1805100 (ep 1.18) | loss 2.9706 | lr 2.98e-04 | 10.9 it/s | eta 2600m
[member 3] step 106300/1805100 (ep 1.18) | loss 2.9672 | lr 2.98e-04 | 10.9 it/s | eta 2599m
[member 3] step 106400/1805100 (ep 1.18) | loss 2.9689 | lr 2.98e-04 | 10.9 it/s | eta 2599m
[member 3] step 106500/1805100 (ep 1.18) | loss 2.9670 | lr 2.98e-04 | 10.9 it/s | eta 2598m
[member 3] step 106600/1805100 (ep 1.18) | loss 2.9634 | lr 2.98e-04 | 10.9 it/s | eta 2598m
[member 3] step 106700/1805100 (ep 1.18) | loss 2.9675 | lr 2.98e-04 | 10.9 it/s | eta 2597m
[member 3] step 106800/1805100 (ep 1.18) | loss 2.9696 | lr 2.98e-04 | 10.9 it/s | eta 2597m
[member 3] step 106900/1805100 (ep 1.18) | loss 2.9701 | lr 2.98e-04 | 10.9 it/s | eta 2596m
[member 3] step 107000/1805100 (ep 1.19) | loss 2.9701 | lr 2.98e-04 | 10.9 it/s | eta 2596m
[member 3] step 107100/1805100 (ep 1.19) | loss 2.9711 | lr 2.98e-04 | 10.9 it/s | eta 2596m
[member 3] step 107200/1805100 (ep 1.19) | loss 2.9660 | lr 2.98e-04 | 10.9 it/s | eta 2595m
[member 3] step 107300/1805100 (ep 1.19) | loss 2.9739 | lr 2.98e-04 | 10.9 it/s | eta 2595m
[member 3] step 107400/1805100 (ep 1.19) | loss 2.9724 | lr 2.98e-04 | 10.9 it/s | eta 2594m
[member 3] step 107500/1805100 (ep 1.19) | loss 2.9649 | lr 2.98e-04 | 10.9 it/s | eta 2594m
[member 3] step 107600/1805100 (ep 1.19) | loss 2.9626 | lr 2.98e-04 | 10.9 it/s | eta 2593m
[member 3] step 107700/1805100 (ep 1.19) | loss 2.9673 | lr 2.98e-04 | 10.9 it/s | eta 2593m
[member 3] step 107800/1805100 (ep 1.19) | loss 2.9684 | lr 2.98e-04 | 10.9 it/s | eta 2592m
[member 3] step 107900/1805100 (ep 1.20) | loss 2.9633 | lr 2.98e-04 | 10.9 it/s | eta 2592m
[member 3] step 108000/1805100 (ep 1.20) | loss 2.9688 | lr 2.98e-04 | 10.9 it/s | eta 2592m
[member 3] step 108100/1805100 (ep 1.20) | loss 2.9724 | lr 2.98e-04 | 10.9 it/s | eta 2591m
[member 3] step 108200/1805100 (ep 1.20) | loss 2.9697 | lr 2.98e-04 | 10.9 it/s | eta 2591m
[member 3] step 108300/1805100 (ep 1.20) | loss 2.9684 | lr 2.98e-04 | 10.9 it/s | eta 2590m
[member 3] step 108400/1805100 (ep 1.20) | loss 2.9654 | lr 2.98e-04 | 10.9 it/s | eta 2590m
[member 3] step 108500/1805100 (ep 1.20) | loss 2.9673 | lr 2.98e-04 | 10.9 it/s | eta 2589m
[member 3] step 108600/1805100 (ep 1.20) | loss 2.9681 | lr 2.98e-04 | 10.9 it/s | eta 2589m
[member 3] step 108700/1805100 (ep 1.20) | loss 2.9642 | lr 2.98e-04 | 10.9 it/s | eta 2588m
[member 3] step 108800/1805100 (ep 1.21) | loss 2.9597 | lr 2.98e-04 | 10.9 it/s | eta 2588m
[member 3] step 108900/1805100 (ep 1.21) | loss 2.9697 | lr 2.98e-04 | 10.9 it/s | eta 2587m
[member 3] step 109000/1805100 (ep 1.21) | loss 2.9550 | lr 2.98e-04 | 10.9 it/s | eta 2587m
[member 3] step 109100/1805100 (ep 1.21) | loss 2.9613 | lr 2.98e-04 | 10.9 it/s | eta 2587m
[member 3] step 109200/1805100 (ep 1.21) | loss 2.9699 | lr 2.98e-04 | 10.9 it/s | eta 2586m
[member 3] step 109300/1805100 (ep 1.21) | loss 2.9632 | lr 2.98e-04 | 10.9 it/s | eta 2586m
[member 3] step 109400/1805100 (ep 1.21) | loss 2.9688 | lr 2.98e-04 | 10.9 it/s | eta 2585m
[member 3] step 109500/1805100 (ep 1.21) | loss 2.9679 | lr 2.98e-04 | 10.9 it/s | eta 2585m
[member 3] step 109600/1805100 (ep 1.21) | loss 2.9680 | lr 2.98e-04 | 10.9 it/s | eta 2584m
[member 3] step 109700/1805100 (ep 1.22) | loss 2.9670 | lr 2.98e-04 | 10.9 it/s | eta 2584m
[member 3] step 109800/1805100 (ep 1.22) | loss 2.9720 | lr 2.98e-04 | 10.9 it/s | eta 2583m
[member 3] step 109900/1805100 (ep 1.22) | loss 2.9654 | lr 2.98e-04 | 10.9 it/s | eta 2583m
[member 3] step 110000/1805100 (ep 1.22) | loss 2.9640 | lr 2.98e-04 | 10.9 it/s | eta 2583m
[member 3] EVAL step 110000 (ep 1.22) | val_ce 4.0134 | best 3.5755 | base 3.5478 MISS | no-improve 10/10
[member 3] done | 110000 steps | best val CE 3.5755 | 169.6 min
[v5] member 3 (seed 342) best val CE = 3.5755
[v5] trained members [3, 4); checkpoints in /root/stonks/models/v5. Once all 4 exist, run --forecast-only (same --seed/--members/universe) to write temperatures, artifacts, and forecasts.
[v5] done (partial run).
