[v5] device=cuda | visible GPUs=1 | current=cuda:0 (NVIDIA GeForce RTX 5090)
[v5] building frames for 7597 tickers ...
[v5] usable frames: 7094
[v5] eval_mode=time eval_tickers=0 val_tickers=0
[v5] scaler fit on 23948324 train rows
[v5] era-proxy audit (|rho|>0.2): none
[v5] class rates [train] (down/neutral/up): 1d:[0.21, 0.58, 0.21]  1w:[0.21, 0.57, 0.22]  1m:[0.21, 0.54, 0.24]  6m:[0.22, 0.51, 0.26]
[v5] class rates [val] (down/neutral/up): 1d:[0.21, 0.59, 0.21]  1w:[0.22, 0.56, 0.22]  1m:[0.23, 0.53, 0.23]  6m:[0.23, 0.52, 0.25]
[v5] class rates [oos] (down/neutral/up): 1d:[0.21, 0.58, 0.21]  1w:[0.21, 0.56, 0.23]  1m:[0.22, 0.53, 0.25]  6m:[0.23, 0.46, 0.31]
[v5] train windows: 23105132 | val windows (subsampled): 1000000 | eval tickers: 4992
[v5] schedule | 90255 steps/epoch | budget 1805100 steps (~20.0 ep) | t_max 1805100 | eval every 10000 steps | patience 10 (~100000 steps no-improve) | workers 8 | members [0, 1)
[v5] val constant-marginal baseline CE = 3.5478 (model must beat this to be learning anything conditional)
[member 0] start | 23105132 train / 1000000 val windows | 90255 steps/epoch | eval every 10000 steps | max 1805100 steps | patience 10
[member 0] step 100/1805100 (ep 0.00) | loss 4.1640 | lr 3.00e-05 | 7.2 it/s | eta 4186m
[member 0] step 200/1805100 (ep 0.00) | loss 3.6654 | lr 6.00e-05 | 9.2 it/s | eta 3284m
[member 0] step 300/1805100 (ep 0.00) | loss 3.5418 | lr 9.00e-05 | 10.1 it/s | eta 2985m
[member 0] step 400/1805100 (ep 0.00) | loss 3.5165 | lr 1.20e-04 | 10.6 it/s | eta 2831m
[member 0] step 500/1805100 (ep 0.01) | loss 3.5077 | lr 1.50e-04 | 11.0 it/s | eta 2735m
[member 0] step 600/1805100 (ep 0.01) | loss 3.5044 | lr 1.80e-04 | 11.2 it/s | eta 2679m
[member 0] step 700/1805100 (ep 0.01) | loss 3.4984 | lr 2.10e-04 | 11.4 it/s | eta 2640m
[member 0] step 800/1805100 (ep 0.01) | loss 3.4923 | lr 2.40e-04 | 11.5 it/s | eta 2608m
[member 0] step 900/1805100 (ep 0.01) | loss 3.4929 | lr 2.70e-04 | 11.6 it/s | eta 2589m
[member 0] step 1000/1805100 (ep 0.01) | loss 3.4862 | lr 3.00e-04 | 11.7 it/s | eta 2570m
[member 0] step 1100/1805100 (ep 0.01) | loss 3.4806 | lr 3.00e-04 | 11.8 it/s | eta 2556m
[member 0] step 1200/1805100 (ep 0.01) | loss 3.4856 | lr 3.00e-04 | 11.8 it/s | eta 2545m
[member 0] step 1300/1805100 (ep 0.01) | loss 3.4741 | lr 3.00e-04 | 11.9 it/s | eta 2536m
[member 0] step 1400/1805100 (ep 0.02) | loss 3.4728 | lr 3.00e-04 | 11.9 it/s | eta 2527m
[member 0] step 1500/1805100 (ep 0.02) | loss 3.4659 | lr 3.00e-04 | 11.9 it/s | eta 2520m
[member 0] step 1600/1805100 (ep 0.02) | loss 3.4653 | lr 3.00e-04 | 12.0 it/s | eta 2515m
[member 0] step 1700/1805100 (ep 0.02) | loss 3.4523 | lr 3.00e-04 | 12.0 it/s | eta 2510m
[member 0] step 1800/1805100 (ep 0.02) | loss 3.4582 | lr 3.00e-04 | 12.0 it/s | eta 2505m
[member 0] step 1900/1805100 (ep 0.02) | loss 3.4521 | lr 3.00e-04 | 12.0 it/s | eta 2500m
[member 0] step 2000/1805100 (ep 0.02) | loss 3.4398 | lr 3.00e-04 | 12.0 it/s | eta 2496m
[member 0] step 2100/1805100 (ep 0.02) | loss 3.4358 | lr 3.00e-04 | 12.1 it/s | eta 2490m
[member 0] step 2200/1805100 (ep 0.02) | loss 3.4335 | lr 3.00e-04 | 12.1 it/s | eta 2487m
[member 0] step 2300/1805100 (ep 0.03) | loss 3.4335 | lr 3.00e-04 | 12.1 it/s | eta 2482m
[member 0] step 2400/1805100 (ep 0.03) | loss 3.4345 | lr 3.00e-04 | 12.1 it/s | eta 2479m
[member 0] step 2500/1805100 (ep 0.03) | loss 3.4260 | lr 3.00e-04 | 12.1 it/s | eta 2476m
[member 0] step 2600/1805100 (ep 0.03) | loss 3.4316 | lr 3.00e-04 | 12.1 it/s | eta 2473m
[member 0] step 2700/1805100 (ep 0.03) | loss 3.4093 | lr 3.00e-04 | 12.2 it/s | eta 2470m
[member 0] step 2800/1805100 (ep 0.03) | loss 3.4184 | lr 3.00e-04 | 12.2 it/s | eta 2468m
[member 0] step 2900/1805100 (ep 0.03) | loss 3.4189 | lr 3.00e-04 | 12.2 it/s | eta 2467m
[member 0] step 3000/1805100 (ep 0.03) | loss 3.4156 | lr 3.00e-04 | 12.2 it/s | eta 2465m
[member 0] step 3100/1805100 (ep 0.03) | loss 3.4096 | lr 3.00e-04 | 12.2 it/s | eta 2463m
[member 0] step 3200/1805100 (ep 0.04) | loss 3.4046 | lr 3.00e-04 | 12.2 it/s | eta 2461m
[member 0] step 3300/1805100 (ep 0.04) | loss 3.4131 | lr 3.00e-04 | 12.2 it/s | eta 2459m
[member 0] step 3400/1805100 (ep 0.04) | loss 3.4039 | lr 3.00e-04 | 12.2 it/s | eta 2457m
[member 0] step 3500/1805100 (ep 0.04) | loss 3.4036 | lr 3.00e-04 | 12.2 it/s | eta 2456m
[member 0] step 3600/1805100 (ep 0.04) | loss 3.4034 | lr 3.00e-04 | 12.2 it/s | eta 2455m
[member 0] step 3700/1805100 (ep 0.04) | loss 3.3979 | lr 3.00e-04 | 12.2 it/s | eta 2453m
[member 0] step 3800/1805100 (ep 0.04) | loss 3.3995 | lr 3.00e-04 | 12.2 it/s | eta 2452m
[member 0] step 3900/1805100 (ep 0.04) | loss 3.3929 | lr 3.00e-04 | 12.3 it/s | eta 2450m
[member 0] step 4000/1805100 (ep 0.04) | loss 3.3969 | lr 3.00e-04 | 12.3 it/s | eta 2449m
[member 0] step 4100/1805100 (ep 0.05) | loss 3.3892 | lr 3.00e-04 | 12.3 it/s | eta 2449m
[member 0] step 4200/1805100 (ep 0.05) | loss 3.3829 | lr 3.00e-04 | 12.3 it/s | eta 2447m
[member 0] step 4300/1805100 (ep 0.05) | loss 3.3865 | lr 3.00e-04 | 12.3 it/s | eta 2446m
[member 0] step 4400/1805100 (ep 0.05) | loss 3.3848 | lr 3.00e-04 | 12.3 it/s | eta 2445m
[member 0] step 4500/1805100 (ep 0.05) | loss 3.3842 | lr 3.00e-04 | 12.3 it/s | eta 2444m
[member 0] step 4600/1805100 (ep 0.05) | loss 3.3896 | lr 3.00e-04 | 12.3 it/s | eta 2444m
[member 0] step 4700/1805100 (ep 0.05) | loss 3.3758 | lr 3.00e-04 | 12.3 it/s | eta 2442m
[member 0] step 4800/1805100 (ep 0.05) | loss 3.3765 | lr 3.00e-04 | 12.3 it/s | eta 2441m
[member 0] step 4900/1805100 (ep 0.05) | loss 3.3753 | lr 3.00e-04 | 12.3 it/s | eta 2439m
[member 0] step 5000/1805100 (ep 0.06) | loss 3.3717 | lr 3.00e-04 | 12.3 it/s | eta 2438m
[member 0] step 5100/1805100 (ep 0.06) | loss 3.3744 | lr 3.00e-04 | 12.3 it/s | eta 2437m
[member 0] step 5200/1805100 (ep 0.06) | loss 3.3734 | lr 3.00e-04 | 12.3 it/s | eta 2436m
[member 0] step 5300/1805100 (ep 0.06) | loss 3.3751 | lr 3.00e-04 | 12.3 it/s | eta 2435m
[member 0] step 5400/1805100 (ep 0.06) | loss 3.3687 | lr 3.00e-04 | 12.3 it/s | eta 2434m
[member 0] step 5500/1805100 (ep 0.06) | loss 3.3668 | lr 3.00e-04 | 12.3 it/s | eta 2433m
[member 0] step 5600/1805100 (ep 0.06) | loss 3.3646 | lr 3.00e-04 | 12.3 it/s | eta 2432m
[member 0] step 5700/1805100 (ep 0.06) | loss 3.3598 | lr 3.00e-04 | 12.3 it/s | eta 2431m
[member 0] step 5800/1805100 (ep 0.06) | loss 3.3608 | lr 3.00e-04 | 12.3 it/s | eta 2429m
[member 0] step 5900/1805100 (ep 0.07) | loss 3.3602 | lr 3.00e-04 | 12.4 it/s | eta 2427m
[member 0] step 6000/1805100 (ep 0.07) | loss 3.3662 | lr 3.00e-04 | 12.4 it/s | eta 2425m
[member 0] step 6100/1805100 (ep 0.07) | loss 3.3726 | lr 3.00e-04 | 12.4 it/s | eta 2424m
[member 0] step 6200/1805100 (ep 0.07) | loss 3.3613 | lr 3.00e-04 | 12.4 it/s | eta 2424m
[member 0] step 6300/1805100 (ep 0.07) | loss 3.3531 | lr 3.00e-04 | 12.4 it/s | eta 2424m
[member 0] step 6400/1805100 (ep 0.07) | loss 3.3569 | lr 3.00e-04 | 12.4 it/s | eta 2423m
[member 0] step 6500/1805100 (ep 0.07) | loss 3.3550 | lr 3.00e-04 | 12.4 it/s | eta 2423m
[member 0] step 6600/1805100 (ep 0.07) | loss 3.3508 | lr 3.00e-04 | 12.4 it/s | eta 2422m
[member 0] step 6700/1805100 (ep 0.07) | loss 3.3541 | lr 3.00e-04 | 12.4 it/s | eta 2421m
[member 0] step 6800/1805100 (ep 0.08) | loss 3.3493 | lr 3.00e-04 | 12.4 it/s | eta 2421m
[member 0] step 6900/1805100 (ep 0.08) | loss 3.3495 | lr 3.00e-04 | 12.4 it/s | eta 2420m
[member 0] step 7000/1805100 (ep 0.08) | loss 3.3471 | lr 3.00e-04 | 12.4 it/s | eta 2420m
[member 0] step 7100/1805100 (ep 0.08) | loss 3.3449 | lr 3.00e-04 | 12.4 it/s | eta 2419m
[member 0] step 7200/1805100 (ep 0.08) | loss 3.3411 | lr 3.00e-04 | 12.4 it/s | eta 2418m
[member 0] step 7300/1805100 (ep 0.08) | loss 3.3459 | lr 3.00e-04 | 12.4 it/s | eta 2418m
[member 0] step 7400/1805100 (ep 0.08) | loss 3.3479 | lr 3.00e-04 | 12.4 it/s | eta 2417m
[member 0] step 7500/1805100 (ep 0.08) | loss 3.3438 | lr 3.00e-04 | 12.4 it/s | eta 2416m
[member 0] step 7600/1805100 (ep 0.08) | loss 3.3456 | lr 3.00e-04 | 12.4 it/s | eta 2416m
[member 0] step 7700/1805100 (ep 0.09) | loss 3.3458 | lr 3.00e-04 | 12.4 it/s | eta 2415m
[member 0] step 7800/1805100 (ep 0.09) | loss 3.3429 | lr 3.00e-04 | 12.4 it/s | eta 2415m
[member 0] step 7900/1805100 (ep 0.09) | loss 3.3359 | lr 3.00e-04 | 12.4 it/s | eta 2415m
[member 0] step 8000/1805100 (ep 0.09) | loss 3.3336 | lr 3.00e-04 | 12.4 it/s | eta 2414m
[member 0] step 8100/1805100 (ep 0.09) | loss 3.3355 | lr 3.00e-04 | 12.4 it/s | eta 2414m
[member 0] step 8200/1805100 (ep 0.09) | loss 3.3370 | lr 3.00e-04 | 12.4 it/s | eta 2413m
[member 0] step 8300/1805100 (ep 0.09) | loss 3.3318 | lr 3.00e-04 | 12.4 it/s | eta 2413m
[member 0] step 8400/1805100 (ep 0.09) | loss 3.3311 | lr 3.00e-04 | 12.4 it/s | eta 2412m
[member 0] step 8500/1805100 (ep 0.09) | loss 3.3312 | lr 3.00e-04 | 12.4 it/s | eta 2412m
[member 0] step 8600/1805100 (ep 0.10) | loss 3.3290 | lr 3.00e-04 | 12.4 it/s | eta 2412m
[member 0] step 8700/1805100 (ep 0.10) | loss 3.3216 | lr 3.00e-04 | 12.4 it/s | eta 2411m
[member 0] step 8800/1805100 (ep 0.10) | loss 3.3250 | lr 3.00e-04 | 12.4 it/s | eta 2411m
[member 0] step 8900/1805100 (ep 0.10) | loss 3.3246 | lr 3.00e-04 | 12.4 it/s | eta 2410m
[member 0] step 9000/1805100 (ep 0.10) | loss 3.3283 | lr 3.00e-04 | 12.4 it/s | eta 2410m
[member 0] step 9100/1805100 (ep 0.10) | loss 3.3279 | lr 3.00e-04 | 12.4 it/s | eta 2409m
[member 0] step 9200/1805100 (ep 0.10) | loss 3.3214 | lr 3.00e-04 | 12.4 it/s | eta 2409m
[member 0] step 9300/1805100 (ep 0.10) | loss 3.3191 | lr 3.00e-04 | 12.4 it/s | eta 2408m
[member 0] step 9400/1805100 (ep 0.10) | loss 3.3258 | lr 3.00e-04 | 12.4 it/s | eta 2408m
[member 0] step 9500/1805100 (ep 0.11) | loss 3.3195 | lr 3.00e-04 | 12.4 it/s | eta 2407m
[member 0] step 9600/1805100 (ep 0.11) | loss 3.3243 | lr 3.00e-04 | 12.4 it/s | eta 2407m
[member 0] step 9700/1805100 (ep 0.11) | loss 3.3181 | lr 3.00e-04 | 12.4 it/s | eta 2406m
[member 0] step 9800/1805100 (ep 0.11) | loss 3.3172 | lr 3.00e-04 | 12.4 it/s | eta 2406m
[member 0] step 9900/1805100 (ep 0.11) | loss 3.3241 | lr 3.00e-04 | 12.4 it/s | eta 2405m
[member 0] step 10000/1805100 (ep 0.11) | loss 3.3219 | lr 3.00e-04 | 12.4 it/s | eta 2405m
[member 0] EVAL step 10000 (ep 0.11) | val_ce 3.5569 | best 3.5569 | base 3.5478 MISS | IMPROVED
[member 0] step 10100/1805100 (ep 0.11) | loss 3.3161 | lr 3.00e-04 | 10.8 it/s | eta 2772m
[member 0] step 10200/1805100 (ep 0.11) | loss 3.3132 | lr 3.00e-04 | 10.8 it/s | eta 2768m
[member 0] step 10300/1805100 (ep 0.11) | loss 3.3072 | lr 3.00e-04 | 10.8 it/s | eta 2764m
[member 0] step 10400/1805100 (ep 0.12) | loss 3.3109 | lr 3.00e-04 | 10.8 it/s | eta 2761m
[member 0] step 10500/1805100 (ep 0.12) | loss 3.3083 | lr 3.00e-04 | 10.8 it/s | eta 2757m
[member 0] step 10600/1805100 (ep 0.12) | loss 3.3113 | lr 3.00e-04 | 10.9 it/s | eta 2753m
[member 0] step 10700/1805100 (ep 0.12) | loss 3.3092 | lr 3.00e-04 | 10.9 it/s | eta 2750m
[member 0] step 10800/1805100 (ep 0.12) | loss 3.3055 | lr 3.00e-04 | 10.9 it/s | eta 2746m
[member 0] step 10900/1805100 (ep 0.12) | loss 3.2948 | lr 3.00e-04 | 10.9 it/s | eta 2743m
[member 0] step 11000/1805100 (ep 0.12) | loss 3.3096 | lr 3.00e-04 | 10.9 it/s | eta 2739m
[member 0] step 11100/1805100 (ep 0.12) | loss 3.3054 | lr 3.00e-04 | 10.9 it/s | eta 2736m
[member 0] step 11200/1805100 (ep 0.12) | loss 3.3034 | lr 3.00e-04 | 10.9 it/s | eta 2733m
[member 0] step 11300/1805100 (ep 0.13) | loss 3.3020 | lr 3.00e-04 | 11.0 it/s | eta 2729m
[member 0] step 11400/1805100 (ep 0.13) | loss 3.2970 | lr 3.00e-04 | 11.0 it/s | eta 2726m
[member 0] step 11500/1805100 (ep 0.13) | loss 3.2961 | lr 3.00e-04 | 11.0 it/s | eta 2723m
[member 0] step 11600/1805100 (ep 0.13) | loss 3.2995 | lr 3.00e-04 | 11.0 it/s | eta 2720m
[member 0] step 11700/1805100 (ep 0.13) | loss 3.2969 | lr 3.00e-04 | 11.0 it/s | eta 2717m
[member 0] step 11800/1805100 (ep 0.13) | loss 3.2943 | lr 3.00e-04 | 11.0 it/s | eta 2714m
[member 0] step 11900/1805100 (ep 0.13) | loss 3.2922 | lr 3.00e-04 | 11.0 it/s | eta 2711m
[member 0] step 12000/1805100 (ep 0.13) | loss 3.2885 | lr 3.00e-04 | 11.0 it/s | eta 2708m
[member 0] step 12100/1805100 (ep 0.13) | loss 3.2935 | lr 3.00e-04 | 11.0 it/s | eta 2705m
[member 0] step 12200/1805100 (ep 0.14) | loss 3.2923 | lr 3.00e-04 | 11.1 it/s | eta 2702m
[member 0] step 12300/1805100 (ep 0.14) | loss 3.2897 | lr 3.00e-04 | 11.1 it/s | eta 2700m
[member 0] step 12400/1805100 (ep 0.14) | loss 3.2914 | lr 3.00e-04 | 11.1 it/s | eta 2697m
[member 0] step 12500/1805100 (ep 0.14) | loss 3.2888 | lr 3.00e-04 | 11.1 it/s | eta 2694m
[member 0] step 12600/1805100 (ep 0.14) | loss 3.2822 | lr 3.00e-04 | 11.1 it/s | eta 2691m
[member 0] step 12700/1805100 (ep 0.14) | loss 3.2878 | lr 3.00e-04 | 11.1 it/s | eta 2688m
[member 0] step 12800/1805100 (ep 0.14) | loss 3.2850 | lr 3.00e-04 | 11.1 it/s | eta 2686m
[member 0] step 12900/1805100 (ep 0.14) | loss 3.2865 | lr 3.00e-04 | 11.1 it/s | eta 2683m
[member 0] step 13000/1805100 (ep 0.14) | loss 3.2818 | lr 3.00e-04 | 11.1 it/s | eta 2681m
[member 0] step 13100/1805100 (ep 0.15) | loss 3.2864 | lr 3.00e-04 | 11.2 it/s | eta 2678m
[member 0] step 13200/1805100 (ep 0.15) | loss 3.2823 | lr 3.00e-04 | 11.2 it/s | eta 2675m
[member 0] step 13300/1805100 (ep 0.15) | loss 3.2798 | lr 3.00e-04 | 11.2 it/s | eta 2673m
[member 0] step 13400/1805100 (ep 0.15) | loss 3.2822 | lr 3.00e-04 | 11.2 it/s | eta 2670m
[member 0] step 13500/1805100 (ep 0.15) | loss 3.2782 | lr 3.00e-04 | 11.2 it/s | eta 2668m
[member 0] step 13600/1805100 (ep 0.15) | loss 3.2760 | lr 3.00e-04 | 11.2 it/s | eta 2666m
[member 0] step 13700/1805100 (ep 0.15) | loss 3.2790 | lr 3.00e-04 | 11.2 it/s | eta 2664m
[member 0] step 13800/1805100 (ep 0.15) | loss 3.2781 | lr 3.00e-04 | 11.2 it/s | eta 2661m
[member 0] step 13900/1805100 (ep 0.15) | loss 3.2726 | lr 3.00e-04 | 11.2 it/s | eta 2659m
[member 0] step 14000/1805100 (ep 0.16) | loss 3.2744 | lr 3.00e-04 | 11.2 it/s | eta 2656m
[member 0] step 14100/1805100 (ep 0.16) | loss 3.2715 | lr 3.00e-04 | 11.2 it/s | eta 2654m
[member 0] step 14200/1805100 (ep 0.16) | loss 3.2709 | lr 3.00e-04 | 11.3 it/s | eta 2651m
[member 0] step 14300/1805100 (ep 0.16) | loss 3.2653 | lr 3.00e-04 | 11.3 it/s | eta 2649m
[member 0] step 14400/1805100 (ep 0.16) | loss 3.2673 | lr 3.00e-04 | 11.3 it/s | eta 2647m
[member 0] step 14500/1805100 (ep 0.16) | loss 3.2709 | lr 3.00e-04 | 11.3 it/s | eta 2645m
[member 0] step 14600/1805100 (ep 0.16) | loss 3.2707 | lr 3.00e-04 | 11.3 it/s | eta 2643m
[member 0] step 14700/1805100 (ep 0.16) | loss 3.2677 | lr 3.00e-04 | 11.3 it/s | eta 2641m
[member 0] step 14800/1805100 (ep 0.16) | loss 3.2648 | lr 3.00e-04 | 11.3 it/s | eta 2639m
[member 0] step 14900/1805100 (ep 0.17) | loss 3.2643 | lr 3.00e-04 | 11.3 it/s | eta 2637m
[member 0] step 15000/1805100 (ep 0.17) | loss 3.2598 | lr 3.00e-04 | 11.3 it/s | eta 2635m
[member 0] step 15100/1805100 (ep 0.17) | loss 3.2650 | lr 3.00e-04 | 11.3 it/s | eta 2633m
[member 0] step 15200/1805100 (ep 0.17) | loss 3.2591 | lr 3.00e-04 | 11.3 it/s | eta 2632m
[member 0] step 15300/1805100 (ep 0.17) | loss 3.2588 | lr 3.00e-04 | 11.3 it/s | eta 2630m
[member 0] step 15400/1805100 (ep 0.17) | loss 3.2572 | lr 3.00e-04 | 11.4 it/s | eta 2628m
[member 0] step 15500/1805100 (ep 0.17) | loss 3.2613 | lr 3.00e-04 | 11.4 it/s | eta 2625m
[member 0] step 15600/1805100 (ep 0.17) | loss 3.2621 | lr 3.00e-04 | 11.4 it/s | eta 2623m
[member 0] step 15700/1805100 (ep 0.17) | loss 3.2544 | lr 3.00e-04 | 11.4 it/s | eta 2621m
[member 0] step 15800/1805100 (ep 0.18) | loss 3.2512 | lr 3.00e-04 | 11.4 it/s | eta 2619m
[member 0] step 15900/1805100 (ep 0.18) | loss 3.2540 | lr 3.00e-04 | 11.4 it/s | eta 2618m
[member 0] step 16000/1805100 (ep 0.18) | loss 3.2507 | lr 3.00e-04 | 11.4 it/s | eta 2616m
[member 0] step 16100/1805100 (ep 0.18) | loss 3.2426 | lr 3.00e-04 | 11.4 it/s | eta 2614m
[member 0] step 16200/1805100 (ep 0.18) | loss 3.2459 | lr 3.00e-04 | 11.4 it/s | eta 2612m
[member 0] step 16300/1805100 (ep 0.18) | loss 3.2527 | lr 3.00e-04 | 11.4 it/s | eta 2611m
[member 0] step 16400/1805100 (ep 0.18) | loss 3.2447 | lr 3.00e-04 | 11.4 it/s | eta 2609m
[member 0] step 16500/1805100 (ep 0.18) | loss 3.2385 | lr 3.00e-04 | 11.4 it/s | eta 2608m
[member 0] step 16600/1805100 (ep 0.18) | loss 3.2525 | lr 3.00e-04 | 11.4 it/s | eta 2606m
[member 0] step 16700/1805100 (ep 0.19) | loss 3.2456 | lr 3.00e-04 | 11.4 it/s | eta 2604m
[member 0] step 16800/1805100 (ep 0.19) | loss 3.2439 | lr 3.00e-04 | 11.5 it/s | eta 2603m
[member 0] step 16900/1805100 (ep 0.19) | loss 3.2369 | lr 3.00e-04 | 11.5 it/s | eta 2601m
[member 0] step 17000/1805100 (ep 0.19) | loss 3.2352 | lr 3.00e-04 | 11.5 it/s | eta 2600m
[member 0] step 17100/1805100 (ep 0.19) | loss 3.2405 | lr 3.00e-04 | 11.5 it/s | eta 2598m
[member 0] step 17200/1805100 (ep 0.19) | loss 3.2304 | lr 3.00e-04 | 11.5 it/s | eta 2597m
[member 0] step 17300/1805100 (ep 0.19) | loss 3.2376 | lr 3.00e-04 | 11.5 it/s | eta 2595m
[member 0] step 17400/1805100 (ep 0.19) | loss 3.2306 | lr 3.00e-04 | 11.5 it/s | eta 2594m
[member 0] step 17500/1805100 (ep 0.19) | loss 3.2332 | lr 3.00e-04 | 11.5 it/s | eta 2592m
[member 0] step 17600/1805100 (ep 0.20) | loss 3.2370 | lr 3.00e-04 | 11.5 it/s | eta 2591m
[member 0] step 17700/1805100 (ep 0.20) | loss 3.2406 | lr 3.00e-04 | 11.5 it/s | eta 2589m
[member 0] step 17800/1805100 (ep 0.20) | loss 3.2342 | lr 3.00e-04 | 11.5 it/s | eta 2588m
[member 0] step 17900/1805100 (ep 0.20) | loss 3.2336 | lr 3.00e-04 | 11.5 it/s | eta 2586m
[member 0] step 18000/1805100 (ep 0.20) | loss 3.2270 | lr 3.00e-04 | 11.5 it/s | eta 2585m
[member 0] step 18100/1805100 (ep 0.20) | loss 3.2307 | lr 3.00e-04 | 11.5 it/s | eta 2584m
[member 0] step 18200/1805100 (ep 0.20) | loss 3.2271 | lr 3.00e-04 | 11.5 it/s | eta 2582m
[member 0] step 18300/1805100 (ep 0.20) | loss 3.2236 | lr 3.00e-04 | 11.5 it/s | eta 2581m
[member 0] step 18400/1805100 (ep 0.20) | loss 3.2206 | lr 3.00e-04 | 11.5 it/s | eta 2580m
[member 0] step 18500/1805100 (ep 0.20) | loss 3.2267 | lr 3.00e-04 | 11.5 it/s | eta 2578m
[member 0] step 18600/1805100 (ep 0.21) | loss 3.2210 | lr 3.00e-04 | 11.6 it/s | eta 2577m
[member 0] step 18700/1805100 (ep 0.21) | loss 3.2205 | lr 3.00e-04 | 11.6 it/s | eta 2576m
[member 0] step 18800/1805100 (ep 0.21) | loss 3.2255 | lr 3.00e-04 | 11.6 it/s | eta 2574m
[member 0] step 18900/1805100 (ep 0.21) | loss 3.2264 | lr 3.00e-04 | 11.6 it/s | eta 2573m
[member 0] step 19000/1805100 (ep 0.21) | loss 3.2228 | lr 3.00e-04 | 11.6 it/s | eta 2572m
[member 0] step 19100/1805100 (ep 0.21) | loss 3.2237 | lr 3.00e-04 | 11.6 it/s | eta 2571m
[member 0] step 19200/1805100 (ep 0.21) | loss 3.2196 | lr 3.00e-04 | 11.6 it/s | eta 2569m
[member 0] step 19300/1805100 (ep 0.21) | loss 3.2163 | lr 3.00e-04 | 11.6 it/s | eta 2568m
[member 0] step 19400/1805100 (ep 0.21) | loss 3.2062 | lr 3.00e-04 | 11.6 it/s | eta 2567m
[member 0] step 19500/1805100 (ep 0.22) | loss 3.2146 | lr 3.00e-04 | 11.6 it/s | eta 2566m
[member 0] step 19600/1805100 (ep 0.22) | loss 3.2135 | lr 3.00e-04 | 11.6 it/s | eta 2565m
[member 0] step 19700/1805100 (ep 0.22) | loss 3.2074 | lr 3.00e-04 | 11.6 it/s | eta 2563m
[member 0] step 19800/1805100 (ep 0.22) | loss 3.2075 | lr 3.00e-04 | 11.6 it/s | eta 2562m
[member 0] step 19900/1805100 (ep 0.22) | loss 3.2104 | lr 3.00e-04 | 11.6 it/s | eta 2561m
[member 0] step 20000/1805100 (ep 0.22) | loss 3.2106 | lr 3.00e-04 | 11.6 it/s | eta 2560m
[member 0] EVAL step 20000 (ep 0.22) | val_ce 3.6640 | best 3.5569 | base 3.5478 MISS | no-improve 1/10
[member 0] step 20100/1805100 (ep 0.22) | loss 3.2169 | lr 3.00e-04 | 10.9 it/s | eta 2739m
[member 0] step 20200/1805100 (ep 0.22) | loss 3.2159 | lr 3.00e-04 | 10.9 it/s | eta 2737m
[member 0] step 20300/1805100 (ep 0.22) | loss 3.2023 | lr 3.00e-04 | 10.9 it/s | eta 2735m
[member 0] step 20400/1805100 (ep 0.23) | loss 3.2088 | lr 3.00e-04 | 10.9 it/s | eta 2733m
[member 0] step 20500/1805100 (ep 0.23) | loss 3.2098 | lr 3.00e-04 | 10.9 it/s | eta 2731m
[member 0] step 20600/1805100 (ep 0.23) | loss 3.2060 | lr 3.00e-04 | 10.9 it/s | eta 2729m
[member 0] step 20700/1805100 (ep 0.23) | loss 3.2044 | lr 3.00e-04 | 10.9 it/s | eta 2727m
[member 0] step 20800/1805100 (ep 0.23) | loss 3.2029 | lr 3.00e-04 | 10.9 it/s | eta 2725m
[member 0] step 20900/1805100 (ep 0.23) | loss 3.2007 | lr 3.00e-04 | 10.9 it/s | eta 2723m
[member 0] step 21000/1805100 (ep 0.23) | loss 3.1974 | lr 3.00e-04 | 10.9 it/s | eta 2722m
[member 0] step 21100/1805100 (ep 0.23) | loss 3.1994 | lr 3.00e-04 | 10.9 it/s | eta 2720m
[member 0] step 21200/1805100 (ep 0.23) | loss 3.1986 | lr 3.00e-04 | 10.9 it/s | eta 2718m
[member 0] step 21300/1805100 (ep 0.24) | loss 3.1987 | lr 3.00e-04 | 10.9 it/s | eta 2716m
[member 0] step 21400/1805100 (ep 0.24) | loss 3.1974 | lr 3.00e-04 | 11.0 it/s | eta 2714m
[member 0] step 21500/1805100 (ep 0.24) | loss 3.2017 | lr 3.00e-04 | 11.0 it/s | eta 2712m
[member 0] step 21600/1805100 (ep 0.24) | loss 3.2015 | lr 3.00e-04 | 11.0 it/s | eta 2711m
[member 0] step 21700/1805100 (ep 0.24) | loss 3.2005 | lr 3.00e-04 | 11.0 it/s | eta 2709m
[member 0] step 21800/1805100 (ep 0.24) | loss 3.2006 | lr 3.00e-04 | 11.0 it/s | eta 2707m
[member 0] step 21900/1805100 (ep 0.24) | loss 3.2008 | lr 3.00e-04 | 11.0 it/s | eta 2706m
[member 0] step 22000/1805100 (ep 0.24) | loss 3.1999 | lr 3.00e-04 | 11.0 it/s | eta 2704m
[member 0] step 22100/1805100 (ep 0.24) | loss 3.1891 | lr 3.00e-04 | 11.0 it/s | eta 2702m
[member 0] step 22200/1805100 (ep 0.25) | loss 3.1956 | lr 3.00e-04 | 11.0 it/s | eta 2701m
[member 0] step 22300/1805100 (ep 0.25) | loss 3.1965 | lr 3.00e-04 | 11.0 it/s | eta 2699m
[member 0] step 22400/1805100 (ep 0.25) | loss 3.1930 | lr 3.00e-04 | 11.0 it/s | eta 2697m
[member 0] step 22500/1805100 (ep 0.25) | loss 3.1921 | lr 3.00e-04 | 11.0 it/s | eta 2696m
[member 0] step 22600/1805100 (ep 0.25) | loss 3.1874 | lr 3.00e-04 | 11.0 it/s | eta 2694m
[member 0] step 22700/1805100 (ep 0.25) | loss 3.1930 | lr 3.00e-04 | 11.0 it/s | eta 2693m
[member 0] step 22800/1805100 (ep 0.25) | loss 3.1889 | lr 3.00e-04 | 11.0 it/s | eta 2691m
[member 0] step 22900/1805100 (ep 0.25) | loss 3.1881 | lr 3.00e-04 | 11.0 it/s | eta 2689m
[member 0] step 23000/1805100 (ep 0.25) | loss 3.1813 | lr 3.00e-04 | 11.1 it/s | eta 2688m
[member 0] step 23100/1805100 (ep 0.26) | loss 3.1855 | lr 3.00e-04 | 11.1 it/s | eta 2686m
[member 0] step 23200/1805100 (ep 0.26) | loss 3.1823 | lr 3.00e-04 | 11.1 it/s | eta 2685m
[member 0] step 23300/1805100 (ep 0.26) | loss 3.1789 | lr 3.00e-04 | 11.1 it/s | eta 2683m
[member 0] step 23400/1805100 (ep 0.26) | loss 3.1878 | lr 3.00e-04 | 11.1 it/s | eta 2681m
[member 0] step 23500/1805100 (ep 0.26) | loss 3.1815 | lr 3.00e-04 | 11.1 it/s | eta 2680m
[member 0] step 23600/1805100 (ep 0.26) | loss 3.1823 | lr 3.00e-04 | 11.1 it/s | eta 2678m
[member 0] step 23700/1805100 (ep 0.26) | loss 3.1778 | lr 3.00e-04 | 11.1 it/s | eta 2676m
[member 0] step 23800/1805100 (ep 0.26) | loss 3.1848 | lr 3.00e-04 | 11.1 it/s | eta 2675m
[member 0] step 23900/1805100 (ep 0.26) | loss 3.1811 | lr 3.00e-04 | 11.1 it/s | eta 2673m
[member 0] step 24000/1805100 (ep 0.27) | loss 3.1835 | lr 3.00e-04 | 11.1 it/s | eta 2672m
[member 0] step 24100/1805100 (ep 0.27) | loss 3.1789 | lr 3.00e-04 | 11.1 it/s | eta 2670m
[member 0] step 24200/1805100 (ep 0.27) | loss 3.1728 | lr 3.00e-04 | 11.1 it/s | eta 2669m
[member 0] step 24300/1805100 (ep 0.27) | loss 3.1784 | lr 3.00e-04 | 11.1 it/s | eta 2667m
[member 0] step 24400/1805100 (ep 0.27) | loss 3.1746 | lr 3.00e-04 | 11.1 it/s | eta 2666m
[member 0] step 24500/1805100 (ep 0.27) | loss 3.1729 | lr 3.00e-04 | 11.1 it/s | eta 2664m
[member 0] step 24600/1805100 (ep 0.27) | loss 3.1758 | lr 3.00e-04 | 11.1 it/s | eta 2663m
[member 0] step 24700/1805100 (ep 0.27) | loss 3.1691 | lr 3.00e-04 | 11.1 it/s | eta 2662m
[member 0] step 24800/1805100 (ep 0.27) | loss 3.1654 | lr 3.00e-04 | 11.2 it/s | eta 2660m
[member 0] step 24900/1805100 (ep 0.28) | loss 3.1786 | lr 3.00e-04 | 11.2 it/s | eta 2659m
[member 0] step 25000/1805100 (ep 0.28) | loss 3.1744 | lr 3.00e-04 | 11.2 it/s | eta 2658m
[member 0] step 25100/1805100 (ep 0.28) | loss 3.1711 | lr 3.00e-04 | 11.2 it/s | eta 2656m
[member 0] step 25200/1805100 (ep 0.28) | loss 3.1729 | lr 3.00e-04 | 11.2 it/s | eta 2655m
[member 0] step 25300/1805100 (ep 0.28) | loss 3.1765 | lr 3.00e-04 | 11.2 it/s | eta 2654m
[member 0] step 25400/1805100 (ep 0.28) | loss 3.1753 | lr 3.00e-04 | 11.2 it/s | eta 2652m
[member 0] step 25500/1805100 (ep 0.28) | loss 3.1688 | lr 3.00e-04 | 11.2 it/s | eta 2651m
[member 0] step 25600/1805100 (ep 0.28) | loss 3.1697 | lr 3.00e-04 | 11.2 it/s | eta 2650m
[member 0] step 25700/1805100 (ep 0.28) | loss 3.1689 | lr 3.00e-04 | 11.2 it/s | eta 2649m
[member 0] step 25800/1805100 (ep 0.29) | loss 3.1638 | lr 3.00e-04 | 11.2 it/s | eta 2647m
[member 0] step 25900/1805100 (ep 0.29) | loss 3.1711 | lr 3.00e-04 | 11.2 it/s | eta 2646m
[member 0] step 26000/1805100 (ep 0.29) | loss 3.1686 | lr 3.00e-04 | 11.2 it/s | eta 2645m
[member 0] step 26100/1805100 (ep 0.29) | loss 3.1632 | lr 3.00e-04 | 11.2 it/s | eta 2644m
[member 0] step 26200/1805100 (ep 0.29) | loss 3.1648 | lr 3.00e-04 | 11.2 it/s | eta 2643m
[member 0] step 26300/1805100 (ep 0.29) | loss 3.1568 | lr 3.00e-04 | 11.2 it/s | eta 2642m
[member 0] step 26400/1805100 (ep 0.29) | loss 3.1586 | lr 3.00e-04 | 11.2 it/s | eta 2640m
[member 0] step 26500/1805100 (ep 0.29) | loss 3.1637 | lr 3.00e-04 | 11.2 it/s | eta 2639m
[member 0] step 26600/1805100 (ep 0.29) | loss 3.1619 | lr 3.00e-04 | 11.2 it/s | eta 2638m
[member 0] step 26700/1805100 (ep 0.30) | loss 3.1647 | lr 3.00e-04 | 11.2 it/s | eta 2637m
[member 0] step 26800/1805100 (ep 0.30) | loss 3.1611 | lr 3.00e-04 | 11.2 it/s | eta 2636m
[member 0] step 26900/1805100 (ep 0.30) | loss 3.1583 | lr 3.00e-04 | 11.2 it/s | eta 2634m
[member 0] step 27000/1805100 (ep 0.30) | loss 3.1589 | lr 3.00e-04 | 11.3 it/s | eta 2633m
[member 0] step 27100/1805100 (ep 0.30) | loss 3.1572 | lr 3.00e-04 | 11.3 it/s | eta 2632m
[member 0] step 27200/1805100 (ep 0.30) | loss 3.1484 | lr 3.00e-04 | 11.3 it/s | eta 2631m
[member 0] step 27300/1805100 (ep 0.30) | loss 3.1605 | lr 3.00e-04 | 11.3 it/s | eta 2630m
[member 0] step 27400/1805100 (ep 0.30) | loss 3.1575 | lr 3.00e-04 | 11.3 it/s | eta 2629m
[member 0] step 27500/1805100 (ep 0.30) | loss 3.1619 | lr 3.00e-04 | 11.3 it/s | eta 2628m
[member 0] step 27600/1805100 (ep 0.31) | loss 3.1603 | lr 3.00e-04 | 11.3 it/s | eta 2626m
[member 0] step 27700/1805100 (ep 0.31) | loss 3.1628 | lr 3.00e-04 | 11.3 it/s | eta 2625m
[member 0] step 27800/1805100 (ep 0.31) | loss 3.1521 | lr 3.00e-04 | 11.3 it/s | eta 2624m
[member 0] step 27900/1805100 (ep 0.31) | loss 3.1625 | lr 3.00e-04 | 11.3 it/s | eta 2623m
[member 0] step 28000/1805100 (ep 0.31) | loss 3.1459 | lr 3.00e-04 | 11.3 it/s | eta 2622m
[member 0] step 28100/1805100 (ep 0.31) | loss 3.1480 | lr 3.00e-04 | 11.3 it/s | eta 2620m
[member 0] step 28200/1805100 (ep 0.31) | loss 3.1562 | lr 3.00e-04 | 11.3 it/s | eta 2619m
[member 0] step 28300/1805100 (ep 0.31) | loss 3.1537 | lr 3.00e-04 | 11.3 it/s | eta 2617m
[member 0] step 28400/1805100 (ep 0.31) | loss 3.1464 | lr 3.00e-04 | 11.3 it/s | eta 2616m
[member 0] step 28500/1805100 (ep 0.32) | loss 3.1536 | lr 3.00e-04 | 11.3 it/s | eta 2615m
[member 0] step 28600/1805100 (ep 0.32) | loss 3.1579 | lr 3.00e-04 | 11.3 it/s | eta 2614m
[member 0] step 28700/1805100 (ep 0.32) | loss 3.1532 | lr 3.00e-04 | 11.3 it/s | eta 2613m
[member 0] step 28800/1805100 (ep 0.32) | loss 3.1520 | lr 3.00e-04 | 11.3 it/s | eta 2612m
[member 0] step 28900/1805100 (ep 0.32) | loss 3.1473 | lr 3.00e-04 | 11.3 it/s | eta 2611m
[member 0] step 29000/1805100 (ep 0.32) | loss 3.1464 | lr 3.00e-04 | 11.3 it/s | eta 2610m
[member 0] step 29100/1805100 (ep 0.32) | loss 3.1472 | lr 3.00e-04 | 11.3 it/s | eta 2609m
[member 0] step 29200/1805100 (ep 0.32) | loss 3.1424 | lr 3.00e-04 | 11.3 it/s | eta 2608m
[member 0] step 29300/1805100 (ep 0.32) | loss 3.1476 | lr 3.00e-04 | 11.4 it/s | eta 2607m
[member 0] step 29400/1805100 (ep 0.33) | loss 3.1514 | lr 3.00e-04 | 11.4 it/s | eta 2606m
[member 0] step 29500/1805100 (ep 0.33) | loss 3.1464 | lr 3.00e-04 | 11.4 it/s | eta 2605m
[member 0] step 29600/1805100 (ep 0.33) | loss 3.1405 | lr 3.00e-04 | 11.4 it/s | eta 2604m
[member 0] step 29700/1805100 (ep 0.33) | loss 3.1414 | lr 3.00e-04 | 11.4 it/s | eta 2603m
[member 0] step 29800/1805100 (ep 0.33) | loss 3.1517 | lr 3.00e-04 | 11.4 it/s | eta 2602m
[member 0] step 29900/1805100 (ep 0.33) | loss 3.1460 | lr 3.00e-04 | 11.4 it/s | eta 2601m
[member 0] step 30000/1805100 (ep 0.33) | loss 3.1426 | lr 3.00e-04 | 11.4 it/s | eta 2600m
[member 0] EVAL step 30000 (ep 0.33) | val_ce 3.7154 | best 3.5569 | base 3.5478 MISS | no-improve 2/10
[member 0] step 30100/1805100 (ep 0.33) | loss 3.1408 | lr 3.00e-04 | 10.9 it/s | eta 2718m
[member 0] step 30200/1805100 (ep 0.33) | loss 3.1416 | lr 3.00e-04 | 10.9 it/s | eta 2717m
[member 0] step 30300/1805100 (ep 0.34) | loss 3.1497 | lr 3.00e-04 | 10.9 it/s | eta 2716m
[member 0] step 30400/1805100 (ep 0.34) | loss 3.1447 | lr 3.00e-04 | 10.9 it/s | eta 2715m
[member 0] step 30500/1805100 (ep 0.34) | loss 3.1434 | lr 3.00e-04 | 10.9 it/s | eta 2713m
[member 0] step 30600/1805100 (ep 0.34) | loss 3.1393 | lr 3.00e-04 | 10.9 it/s | eta 2712m
[member 0] step 30700/1805100 (ep 0.34) | loss 3.1314 | lr 3.00e-04 | 10.9 it/s | eta 2711m
[member 0] step 30800/1805100 (ep 0.34) | loss 3.1352 | lr 3.00e-04 | 10.9 it/s | eta 2709m
[member 0] step 30900/1805100 (ep 0.34) | loss 3.1384 | lr 3.00e-04 | 10.9 it/s | eta 2708m
[member 0] step 31000/1805100 (ep 0.34) | loss 3.1367 | lr 3.00e-04 | 10.9 it/s | eta 2707m
[member 0] step 31100/1805100 (ep 0.34) | loss 3.1369 | lr 3.00e-04 | 10.9 it/s | eta 2706m
[member 0] step 31200/1805100 (ep 0.35) | loss 3.1301 | lr 3.00e-04 | 10.9 it/s | eta 2704m
[member 0] step 31300/1805100 (ep 0.35) | loss 3.1335 | lr 3.00e-04 | 10.9 it/s | eta 2703m
[member 0] step 31400/1805100 (ep 0.35) | loss 3.1332 | lr 3.00e-04 | 10.9 it/s | eta 2702m
[member 0] step 31500/1805100 (ep 0.35) | loss 3.1404 | lr 3.00e-04 | 10.9 it/s | eta 2701m
[member 0] step 31600/1805100 (ep 0.35) | loss 3.1356 | lr 3.00e-04 | 11.0 it/s | eta 2699m
[member 0] step 31700/1805100 (ep 0.35) | loss 3.1351 | lr 3.00e-04 | 11.0 it/s | eta 2698m
[member 0] step 31800/1805100 (ep 0.35) | loss 3.1400 | lr 3.00e-04 | 11.0 it/s | eta 2697m
[member 0] step 31900/1805100 (ep 0.35) | loss 3.1301 | lr 3.00e-04 | 11.0 it/s | eta 2696m
[member 0] step 32000/1805100 (ep 0.35) | loss 3.1368 | lr 3.00e-04 | 11.0 it/s | eta 2694m
[member 0] step 32100/1805100 (ep 0.36) | loss 3.1370 | lr 3.00e-04 | 11.0 it/s | eta 2693m
[member 0] step 32200/1805100 (ep 0.36) | loss 3.1387 | lr 3.00e-04 | 11.0 it/s | eta 2692m
[member 0] step 32300/1805100 (ep 0.36) | loss 3.1316 | lr 3.00e-04 | 11.0 it/s | eta 2691m
[member 0] step 32400/1805100 (ep 0.36) | loss 3.1334 | lr 3.00e-04 | 11.0 it/s | eta 2690m
[member 0] step 32500/1805100 (ep 0.36) | loss 3.1298 | lr 3.00e-04 | 11.0 it/s | eta 2688m
[member 0] step 32600/1805100 (ep 0.36) | loss 3.1313 | lr 3.00e-04 | 11.0 it/s | eta 2687m
[member 0] step 32700/1805100 (ep 0.36) | loss 3.1343 | lr 3.00e-04 | 11.0 it/s | eta 2686m
[member 0] step 32800/1805100 (ep 0.36) | loss 3.1302 | lr 3.00e-04 | 11.0 it/s | eta 2685m
[member 0] step 32900/1805100 (ep 0.36) | loss 3.1288 | lr 3.00e-04 | 11.0 it/s | eta 2684m
[member 0] step 33000/1805100 (ep 0.37) | loss 3.1257 | lr 3.00e-04 | 11.0 it/s | eta 2683m
[member 0] step 33100/1805100 (ep 0.37) | loss 3.1331 | lr 3.00e-04 | 11.0 it/s | eta 2681m
[member 0] step 33200/1805100 (ep 0.37) | loss 3.1316 | lr 3.00e-04 | 11.0 it/s | eta 2680m
[member 0] step 33300/1805100 (ep 0.37) | loss 3.1258 | lr 3.00e-04 | 11.0 it/s | eta 2679m
[member 0] step 33400/1805100 (ep 0.37) | loss 3.1225 | lr 3.00e-04 | 11.0 it/s | eta 2678m
[member 0] step 33500/1805100 (ep 0.37) | loss 3.1231 | lr 3.00e-04 | 11.0 it/s | eta 2677m
[member 0] step 33600/1805100 (ep 0.37) | loss 3.1314 | lr 3.00e-04 | 11.0 it/s | eta 2676m
[member 0] step 33700/1805100 (ep 0.37) | loss 3.1223 | lr 3.00e-04 | 11.0 it/s | eta 2675m
[member 0] step 33800/1805100 (ep 0.37) | loss 3.1268 | lr 3.00e-04 | 11.0 it/s | eta 2673m
[member 0] step 33900/1805100 (ep 0.38) | loss 3.1257 | lr 3.00e-04 | 11.0 it/s | eta 2672m
[member 0] step 34000/1805100 (ep 0.38) | loss 3.1269 | lr 3.00e-04 | 11.1 it/s | eta 2671m
[member 0] step 34100/1805100 (ep 0.38) | loss 3.1285 | lr 3.00e-04 | 11.1 it/s | eta 2670m
[member 0] step 34200/1805100 (ep 0.38) | loss 3.1273 | lr 3.00e-04 | 11.1 it/s | eta 2669m
[member 0] step 34300/1805100 (ep 0.38) | loss 3.1253 | lr 3.00e-04 | 11.1 it/s | eta 2668m
[member 0] step 34400/1805100 (ep 0.38) | loss 3.1191 | lr 3.00e-04 | 11.1 it/s | eta 2667m
[member 0] step 34500/1805100 (ep 0.38) | loss 3.1240 | lr 3.00e-04 | 11.1 it/s | eta 2666m
[member 0] step 34600/1805100 (ep 0.38) | loss 3.1214 | lr 3.00e-04 | 11.1 it/s | eta 2665m
[member 0] step 34700/1805100 (ep 0.38) | loss 3.1179 | lr 3.00e-04 | 11.1 it/s | eta 2664m
[member 0] step 34800/1805100 (ep 0.39) | loss 3.1215 | lr 3.00e-04 | 11.1 it/s | eta 2662m
[member 0] step 34900/1805100 (ep 0.39) | loss 3.1215 | lr 3.00e-04 | 11.1 it/s | eta 2661m
[member 0] step 35000/1805100 (ep 0.39) | loss 3.1211 | lr 3.00e-04 | 11.1 it/s | eta 2660m
[member 0] step 35100/1805100 (ep 0.39) | loss 3.1211 | lr 3.00e-04 | 11.1 it/s | eta 2659m
[member 0] step 35200/1805100 (ep 0.39) | loss 3.1206 | lr 3.00e-04 | 11.1 it/s | eta 2658m
[member 0] step 35300/1805100 (ep 0.39) | loss 3.1213 | lr 3.00e-04 | 11.1 it/s | eta 2657m
[member 0] step 35400/1805100 (ep 0.39) | loss 3.1167 | lr 3.00e-04 | 11.1 it/s | eta 2656m
[member 0] step 35500/1805100 (ep 0.39) | loss 3.1204 | lr 3.00e-04 | 11.1 it/s | eta 2655m
[member 0] step 35600/1805100 (ep 0.39) | loss 3.1173 | lr 3.00e-04 | 11.1 it/s | eta 2654m
[member 0] step 35700/1805100 (ep 0.40) | loss 3.1144 | lr 3.00e-04 | 11.1 it/s | eta 2653m
[member 0] step 35800/1805100 (ep 0.40) | loss 3.1171 | lr 3.00e-04 | 11.1 it/s | eta 2652m
[member 0] step 35900/1805100 (ep 0.40) | loss 3.1123 | lr 3.00e-04 | 11.1 it/s | eta 2651m
[member 0] step 36000/1805100 (ep 0.40) | loss 3.1162 | lr 3.00e-04 | 11.1 it/s | eta 2650m
[member 0] step 36100/1805100 (ep 0.40) | loss 3.1233 | lr 3.00e-04 | 11.1 it/s | eta 2649m
[member 0] step 36200/1805100 (ep 0.40) | loss 3.1227 | lr 3.00e-04 | 11.1 it/s | eta 2648m
[member 0] step 36300/1805100 (ep 0.40) | loss 3.1151 | lr 3.00e-04 | 11.1 it/s | eta 2647m
[member 0] step 36400/1805100 (ep 0.40) | loss 3.1149 | lr 3.00e-04 | 11.1 it/s | eta 2646m
[member 0] step 36500/1805100 (ep 0.40) | loss 3.1110 | lr 3.00e-04 | 11.1 it/s | eta 2645m
[member 0] step 36600/1805100 (ep 0.41) | loss 3.1140 | lr 3.00e-04 | 11.1 it/s | eta 2644m
[member 0] step 36700/1805100 (ep 0.41) | loss 3.1141 | lr 3.00e-04 | 11.2 it/s | eta 2643m
[member 0] step 36800/1805100 (ep 0.41) | loss 3.1135 | lr 3.00e-04 | 11.2 it/s | eta 2642m
[member 0] step 36900/1805100 (ep 0.41) | loss 3.1164 | lr 3.00e-04 | 11.2 it/s | eta 2641m
[member 0] step 37000/1805100 (ep 0.41) | loss 3.1096 | lr 3.00e-04 | 11.2 it/s | eta 2640m
[member 0] step 37100/1805100 (ep 0.41) | loss 3.1120 | lr 3.00e-04 | 11.2 it/s | eta 2639m
[member 0] step 37200/1805100 (ep 0.41) | loss 3.1087 | lr 3.00e-04 | 11.2 it/s | eta 2638m
[member 0] step 37300/1805100 (ep 0.41) | loss 3.1150 | lr 3.00e-04 | 11.2 it/s | eta 2637m
[member 0] step 37400/1805100 (ep 0.41) | loss 3.1154 | lr 3.00e-04 | 11.2 it/s | eta 2636m
[member 0] step 37500/1805100 (ep 0.42) | loss 3.1088 | lr 3.00e-04 | 11.2 it/s | eta 2635m
[member 0] step 37600/1805100 (ep 0.42) | loss 3.1081 | lr 3.00e-04 | 11.2 it/s | eta 2634m
[member 0] step 37700/1805100 (ep 0.42) | loss 3.1127 | lr 3.00e-04 | 11.2 it/s | eta 2633m
[member 0] step 37800/1805100 (ep 0.42) | loss 3.1138 | lr 3.00e-04 | 11.2 it/s | eta 2633m
[member 0] step 37900/1805100 (ep 0.42) | loss 3.1105 | lr 3.00e-04 | 11.2 it/s | eta 2632m
[member 0] step 38000/1805100 (ep 0.42) | loss 3.1089 | lr 3.00e-04 | 11.2 it/s | eta 2631m
[member 0] step 38100/1805100 (ep 0.42) | loss 3.1079 | lr 3.00e-04 | 11.2 it/s | eta 2630m
[member 0] step 38200/1805100 (ep 0.42) | loss 3.1040 | lr 3.00e-04 | 11.2 it/s | eta 2629m
[member 0] step 38300/1805100 (ep 0.42) | loss 3.1094 | lr 3.00e-04 | 11.2 it/s | eta 2628m
[member 0] step 38400/1805100 (ep 0.43) | loss 3.1056 | lr 3.00e-04 | 11.2 it/s | eta 2627m
[member 0] step 38500/1805100 (ep 0.43) | loss 3.1047 | lr 3.00e-04 | 11.2 it/s | eta 2626m
[member 0] step 38600/1805100 (ep 0.43) | loss 3.1040 | lr 3.00e-04 | 11.2 it/s | eta 2626m
[member 0] step 38700/1805100 (ep 0.43) | loss 3.1120 | lr 3.00e-04 | 11.2 it/s | eta 2625m
[member 0] step 38800/1805100 (ep 0.43) | loss 3.1054 | lr 3.00e-04 | 11.2 it/s | eta 2624m
[member 0] step 38900/1805100 (ep 0.43) | loss 3.1037 | lr 3.00e-04 | 11.2 it/s | eta 2623m
[member 0] step 39000/1805100 (ep 0.43) | loss 3.1123 | lr 3.00e-04 | 11.2 it/s | eta 2621m
[member 0] step 39100/1805100 (ep 0.43) | loss 3.1064 | lr 3.00e-04 | 11.2 it/s | eta 2620m
[member 0] step 39200/1805100 (ep 0.43) | loss 3.1018 | lr 3.00e-04 | 11.2 it/s | eta 2619m
[member 0] step 39300/1805100 (ep 0.44) | loss 3.1031 | lr 3.00e-04 | 11.2 it/s | eta 2618m
[member 0] step 39400/1805100 (ep 0.44) | loss 3.1067 | lr 3.00e-04 | 11.2 it/s | eta 2618m
[member 0] step 39500/1805100 (ep 0.44) | loss 3.1081 | lr 3.00e-04 | 11.2 it/s | eta 2617m
[member 0] step 39600/1805100 (ep 0.44) | loss 3.1019 | lr 3.00e-04 | 11.2 it/s | eta 2616m
[member 0] step 39700/1805100 (ep 0.44) | loss 3.1036 | lr 3.00e-04 | 11.3 it/s | eta 2615m
[member 0] step 39800/1805100 (ep 0.44) | loss 3.1003 | lr 3.00e-04 | 11.3 it/s | eta 2614m
[member 0] step 39900/1805100 (ep 0.44) | loss 3.0973 | lr 3.00e-04 | 11.3 it/s | eta 2614m
[member 0] step 40000/1805100 (ep 0.44) | loss 3.1036 | lr 3.00e-04 | 11.3 it/s | eta 2613m
[member 0] EVAL step 40000 (ep 0.44) | val_ce 3.7701 | best 3.5569 | base 3.5478 MISS | no-improve 3/10
[member 0] step 40100/1805100 (ep 0.44) | loss 3.1040 | lr 3.00e-04 | 10.9 it/s | eta 2702m
[member 0] step 40200/1805100 (ep 0.45) | loss 3.1009 | lr 3.00e-04 | 10.9 it/s | eta 2701m
[member 0] step 40300/1805100 (ep 0.45) | loss 3.1004 | lr 3.00e-04 | 10.9 it/s | eta 2700m
[member 0] step 40400/1805100 (ep 0.45) | loss 3.0991 | lr 3.00e-04 | 10.9 it/s | eta 2699m
[member 0] step 40500/1805100 (ep 0.45) | loss 3.0988 | lr 3.00e-04 | 10.9 it/s | eta 2698m
[member 0] step 40600/1805100 (ep 0.45) | loss 3.1057 | lr 3.00e-04 | 10.9 it/s | eta 2697m
[member 0] step 40700/1805100 (ep 0.45) | loss 3.1036 | lr 3.00e-04 | 10.9 it/s | eta 2696m
[member 0] step 40800/1805100 (ep 0.45) | loss 3.1025 | lr 3.00e-04 | 10.9 it/s | eta 2695m
[member 0] step 40900/1805100 (ep 0.45) | loss 3.1005 | lr 3.00e-04 | 10.9 it/s | eta 2694m
[member 0] step 41000/1805100 (ep 0.45) | loss 3.0948 | lr 3.00e-04 | 10.9 it/s | eta 2693m
[member 0] step 41100/1805100 (ep 0.46) | loss 3.1018 | lr 3.00e-04 | 10.9 it/s | eta 2692m
[member 0] step 41200/1805100 (ep 0.46) | loss 3.0951 | lr 3.00e-04 | 10.9 it/s | eta 2691m
[member 0] step 41300/1805100 (ep 0.46) | loss 3.0915 | lr 3.00e-04 | 10.9 it/s | eta 2689m
[member 0] step 41400/1805100 (ep 0.46) | loss 3.0940 | lr 3.00e-04 | 10.9 it/s | eta 2688m
[member 0] step 41500/1805100 (ep 0.46) | loss 3.0910 | lr 3.00e-04 | 10.9 it/s | eta 2687m
[member 0] step 41600/1805100 (ep 0.46) | loss 3.0861 | lr 3.00e-04 | 10.9 it/s | eta 2686m
[member 0] step 41700/1805100 (ep 0.46) | loss 3.0970 | lr 3.00e-04 | 10.9 it/s | eta 2685m
[member 0] step 41800/1805100 (ep 0.46) | loss 3.0887 | lr 3.00e-04 | 10.9 it/s | eta 2684m
[member 0] step 41900/1805100 (ep 0.46) | loss 3.0902 | lr 3.00e-04 | 11.0 it/s | eta 2684m
[member 0] step 42000/1805100 (ep 0.47) | loss 3.0929 | lr 3.00e-04 | 11.0 it/s | eta 2683m
[member 0] step 42100/1805100 (ep 0.47) | loss 3.0939 | lr 3.00e-04 | 11.0 it/s | eta 2682m
[member 0] step 42200/1805100 (ep 0.47) | loss 3.0870 | lr 3.00e-04 | 11.0 it/s | eta 2681m
[member 0] step 42300/1805100 (ep 0.47) | loss 3.0915 | lr 3.00e-04 | 11.0 it/s | eta 2680m
[member 0] step 42400/1805100 (ep 0.47) | loss 3.0966 | lr 3.00e-04 | 11.0 it/s | eta 2679m
[member 0] step 42500/1805100 (ep 0.47) | loss 3.0855 | lr 3.00e-04 | 11.0 it/s | eta 2678m
[member 0] step 42600/1805100 (ep 0.47) | loss 3.0952 | lr 3.00e-04 | 11.0 it/s | eta 2677m
[member 0] step 42700/1805100 (ep 0.47) | loss 3.0906 | lr 3.00e-04 | 11.0 it/s | eta 2676m
[member 0] step 42800/1805100 (ep 0.47) | loss 3.0957 | lr 3.00e-04 | 11.0 it/s | eta 2675m
[member 0] step 42900/1805100 (ep 0.48) | loss 3.0899 | lr 3.00e-04 | 11.0 it/s | eta 2674m
[member 0] step 43000/1805100 (ep 0.48) | loss 3.0921 | lr 3.00e-04 | 11.0 it/s | eta 2673m
[member 0] step 43100/1805100 (ep 0.48) | loss 3.0914 | lr 3.00e-04 | 11.0 it/s | eta 2672m
[member 0] step 43200/1805100 (ep 0.48) | loss 3.0931 | lr 3.00e-04 | 11.0 it/s | eta 2671m
[member 0] step 43300/1805100 (ep 0.48) | loss 3.0886 | lr 3.00e-04 | 11.0 it/s | eta 2670m
[member 0] step 43400/1805100 (ep 0.48) | loss 3.0897 | lr 3.00e-04 | 11.0 it/s | eta 2669m
[member 0] step 43500/1805100 (ep 0.48) | loss 3.0900 | lr 3.00e-04 | 11.0 it/s | eta 2668m
[member 0] step 43600/1805100 (ep 0.48) | loss 3.0888 | lr 3.00e-04 | 11.0 it/s | eta 2667m
[member 0] step 43700/1805100 (ep 0.48) | loss 3.0909 | lr 3.00e-04 | 11.0 it/s | eta 2666m
[member 0] step 43800/1805100 (ep 0.49) | loss 3.0813 | lr 3.00e-04 | 11.0 it/s | eta 2665m
[member 0] step 43900/1805100 (ep 0.49) | loss 3.0886 | lr 3.00e-04 | 11.0 it/s | eta 2664m
[member 0] step 44000/1805100 (ep 0.49) | loss 3.0960 | lr 3.00e-04 | 11.0 it/s | eta 2663m
[member 0] step 44100/1805100 (ep 0.49) | loss 3.0955 | lr 3.00e-04 | 11.0 it/s | eta 2662m
[member 0] step 44200/1805100 (ep 0.49) | loss 3.0840 | lr 3.00e-04 | 11.0 it/s | eta 2661m
[member 0] step 44300/1805100 (ep 0.49) | loss 3.0915 | lr 3.00e-04 | 11.0 it/s | eta 2661m
[member 0] step 44400/1805100 (ep 0.49) | loss 3.0853 | lr 3.00e-04 | 11.0 it/s | eta 2660m
[member 0] step 44500/1805100 (ep 0.49) | loss 3.0787 | lr 3.00e-04 | 11.0 it/s | eta 2659m
[member 0] step 44600/1805100 (ep 0.49) | loss 3.0793 | lr 3.00e-04 | 11.0 it/s | eta 2658m
[member 0] step 44700/1805100 (ep 0.50) | loss 3.0825 | lr 3.00e-04 | 11.0 it/s | eta 2657m
[member 0] step 44800/1805100 (ep 0.50) | loss 3.0806 | lr 3.00e-04 | 11.0 it/s | eta 2656m
[member 0] step 44900/1805100 (ep 0.50) | loss 3.0815 | lr 3.00e-04 | 11.0 it/s | eta 2655m
[member 0] step 45000/1805100 (ep 0.50) | loss 3.0895 | lr 3.00e-04 | 11.1 it/s | eta 2654m
[member 0] step 45100/1805100 (ep 0.50) | loss 3.0865 | lr 3.00e-04 | 11.1 it/s | eta 2654m
[member 0] step 45200/1805100 (ep 0.50) | loss 3.0855 | lr 3.00e-04 | 11.1 it/s | eta 2653m
[member 0] step 45300/1805100 (ep 0.50) | loss 3.0835 | lr 3.00e-04 | 11.1 it/s | eta 2652m
[member 0] step 45400/1805100 (ep 0.50) | loss 3.0858 | lr 3.00e-04 | 11.1 it/s | eta 2651m
[member 0] step 45500/1805100 (ep 0.50) | loss 3.0825 | lr 3.00e-04 | 11.1 it/s | eta 2650m
[member 0] step 45600/1805100 (ep 0.51) | loss 3.0846 | lr 3.00e-04 | 11.1 it/s | eta 2649m
[member 0] step 45700/1805100 (ep 0.51) | loss 3.0878 | lr 3.00e-04 | 11.1 it/s | eta 2649m
[member 0] step 45800/1805100 (ep 0.51) | loss 3.0815 | lr 3.00e-04 | 11.1 it/s | eta 2648m
[member 0] step 45900/1805100 (ep 0.51) | loss 3.0823 | lr 3.00e-04 | 11.1 it/s | eta 2647m
[member 0] step 46000/1805100 (ep 0.51) | loss 3.0753 | lr 3.00e-04 | 11.1 it/s | eta 2646m
[member 0] step 46100/1805100 (ep 0.51) | loss 3.0802 | lr 3.00e-04 | 11.1 it/s | eta 2645m
[member 0] step 46200/1805100 (ep 0.51) | loss 3.0792 | lr 3.00e-04 | 11.1 it/s | eta 2644m
[member 0] step 46300/1805100 (ep 0.51) | loss 3.0832 | lr 3.00e-04 | 11.1 it/s | eta 2644m
[member 0] step 46400/1805100 (ep 0.51) | loss 3.0772 | lr 3.00e-04 | 11.1 it/s | eta 2643m
[member 0] step 46500/1805100 (ep 0.52) | loss 3.0815 | lr 3.00e-04 | 11.1 it/s | eta 2642m
[member 0] step 46600/1805100 (ep 0.52) | loss 3.0781 | lr 3.00e-04 | 11.1 it/s | eta 2641m
[member 0] step 46700/1805100 (ep 0.52) | loss 3.0799 | lr 3.00e-04 | 11.1 it/s | eta 2640m
[member 0] step 46800/1805100 (ep 0.52) | loss 3.0790 | lr 3.00e-04 | 11.1 it/s | eta 2640m
[member 0] step 46900/1805100 (ep 0.52) | loss 3.0838 | lr 3.00e-04 | 11.1 it/s | eta 2639m
[member 0] step 47000/1805100 (ep 0.52) | loss 3.0806 | lr 3.00e-04 | 11.1 it/s | eta 2638m
[member 0] step 47100/1805100 (ep 0.52) | loss 3.0819 | lr 3.00e-04 | 11.1 it/s | eta 2637m
[member 0] step 47200/1805100 (ep 0.52) | loss 3.0794 | lr 3.00e-04 | 11.1 it/s | eta 2636m
[member 0] step 47300/1805100 (ep 0.52) | loss 3.0789 | lr 3.00e-04 | 11.1 it/s | eta 2636m
[member 0] step 47400/1805100 (ep 0.53) | loss 3.0725 | lr 3.00e-04 | 11.1 it/s | eta 2635m
[member 0] step 47500/1805100 (ep 0.53) | loss 3.0734 | lr 3.00e-04 | 11.1 it/s | eta 2634m
[member 0] step 47600/1805100 (ep 0.53) | loss 3.0735 | lr 3.00e-04 | 11.1 it/s | eta 2633m
[member 0] step 47700/1805100 (ep 0.53) | loss 3.0707 | lr 3.00e-04 | 11.1 it/s | eta 2632m
[member 0] step 47800/1805100 (ep 0.53) | loss 3.0687 | lr 3.00e-04 | 11.1 it/s | eta 2631m
[member 0] step 47900/1805100 (ep 0.53) | loss 3.0833 | lr 3.00e-04 | 11.1 it/s | eta 2631m
[member 0] step 48000/1805100 (ep 0.53) | loss 3.0780 | lr 3.00e-04 | 11.1 it/s | eta 2630m
[member 0] step 48100/1805100 (ep 0.53) | loss 3.0715 | lr 3.00e-04 | 11.1 it/s | eta 2629m
[member 0] step 48200/1805100 (ep 0.53) | loss 3.0745 | lr 3.00e-04 | 11.1 it/s | eta 2628m
[member 0] step 48300/1805100 (ep 0.54) | loss 3.0741 | lr 3.00e-04 | 11.1 it/s | eta 2628m
[member 0] step 48400/1805100 (ep 0.54) | loss 3.0740 | lr 3.00e-04 | 11.1 it/s | eta 2627m
[member 0] step 48500/1805100 (ep 0.54) | loss 3.0740 | lr 3.00e-04 | 11.1 it/s | eta 2626m
[member 0] step 48600/1805100 (ep 0.54) | loss 3.0826 | lr 3.00e-04 | 11.2 it/s | eta 2625m
[member 0] step 48700/1805100 (ep 0.54) | loss 3.0743 | lr 3.00e-04 | 11.2 it/s | eta 2625m
[member 0] step 48800/1805100 (ep 0.54) | loss 3.0721 | lr 3.00e-04 | 11.2 it/s | eta 2624m
[member 0] step 48900/1805100 (ep 0.54) | loss 3.0763 | lr 3.00e-04 | 11.2 it/s | eta 2623m
[member 0] step 49000/1805100 (ep 0.54) | loss 3.0824 | lr 3.00e-04 | 11.2 it/s | eta 2622m
[member 0] step 49100/1805100 (ep 0.54) | loss 3.0722 | lr 3.00e-04 | 11.2 it/s | eta 2621m
[member 0] step 49200/1805100 (ep 0.55) | loss 3.0693 | lr 3.00e-04 | 11.2 it/s | eta 2621m
[member 0] step 49300/1805100 (ep 0.55) | loss 3.0709 | lr 3.00e-04 | 11.2 it/s | eta 2620m
[member 0] step 49400/1805100 (ep 0.55) | loss 3.0762 | lr 3.00e-04 | 11.2 it/s | eta 2619m
[member 0] step 49500/1805100 (ep 0.55) | loss 3.0715 | lr 3.00e-04 | 11.2 it/s | eta 2618m
[member 0] step 49600/1805100 (ep 0.55) | loss 3.0715 | lr 3.00e-04 | 11.2 it/s | eta 2618m
[member 0] step 49700/1805100 (ep 0.55) | loss 3.0755 | lr 3.00e-04 | 11.2 it/s | eta 2617m
[member 0] step 49800/1805100 (ep 0.55) | loss 3.0689 | lr 3.00e-04 | 11.2 it/s | eta 2616m
[member 0] step 49900/1805100 (ep 0.55) | loss 3.0671 | lr 3.00e-04 | 11.2 it/s | eta 2615m
[member 0] step 50000/1805100 (ep 0.55) | loss 3.0778 | lr 3.00e-04 | 11.2 it/s | eta 2615m
[member 0] EVAL step 50000 (ep 0.55) | val_ce 3.8073 | best 3.5569 | base 3.5478 MISS | no-improve 4/10
[member 0] step 50100/1805100 (ep 0.56) | loss 3.0685 | lr 3.00e-04 | 10.9 it/s | eta 2685m
[member 0] step 50200/1805100 (ep 0.56) | loss 3.0668 | lr 3.00e-04 | 10.9 it/s | eta 2684m
[member 0] step 50300/1805100 (ep 0.56) | loss 3.0732 | lr 3.00e-04 | 10.9 it/s | eta 2683m
[member 0] step 50400/1805100 (ep 0.56) | loss 3.0723 | lr 3.00e-04 | 10.9 it/s | eta 2682m
[member 0] step 50500/1805100 (ep 0.56) | loss 3.0689 | lr 2.99e-04 | 10.9 it/s | eta 2681m
[member 0] step 50600/1805100 (ep 0.56) | loss 3.0731 | lr 2.99e-04 | 10.9 it/s | eta 2681m
[member 0] step 50700/1805100 (ep 0.56) | loss 3.0734 | lr 2.99e-04 | 10.9 it/s | eta 2680m
[member 0] step 50800/1805100 (ep 0.56) | loss 3.0707 | lr 2.99e-04 | 10.9 it/s | eta 2679m
[member 0] step 50900/1805100 (ep 0.56) | loss 3.0736 | lr 2.99e-04 | 10.9 it/s | eta 2678m
[member 0] step 51000/1805100 (ep 0.57) | loss 3.0690 | lr 2.99e-04 | 10.9 it/s | eta 2677m
[member 0] step 51100/1805100 (ep 0.57) | loss 3.0698 | lr 2.99e-04 | 10.9 it/s | eta 2677m
[member 0] step 51200/1805100 (ep 0.57) | loss 3.0657 | lr 2.99e-04 | 10.9 it/s | eta 2676m
[member 0] step 51300/1805100 (ep 0.57) | loss 3.0684 | lr 2.99e-04 | 10.9 it/s | eta 2675m
[member 0] step 51400/1805100 (ep 0.57) | loss 3.0660 | lr 2.99e-04 | 10.9 it/s | eta 2674m
[member 0] step 51500/1805100 (ep 0.57) | loss 3.0662 | lr 2.99e-04 | 10.9 it/s | eta 2673m
[member 0] step 51600/1805100 (ep 0.57) | loss 3.0706 | lr 2.99e-04 | 10.9 it/s | eta 2672m
[member 0] step 51700/1805100 (ep 0.57) | loss 3.0697 | lr 2.99e-04 | 10.9 it/s | eta 2672m
[member 0] step 51800/1805100 (ep 0.57) | loss 3.0676 | lr 2.99e-04 | 10.9 it/s | eta 2671m
[member 0] step 51900/1805100 (ep 0.58) | loss 3.0671 | lr 2.99e-04 | 10.9 it/s | eta 2670m
[member 0] step 52000/1805100 (ep 0.58) | loss 3.0681 | lr 2.99e-04 | 10.9 it/s | eta 2669m
[member 0] step 52100/1805100 (ep 0.58) | loss 3.0596 | lr 2.99e-04 | 10.9 it/s | eta 2668m
[member 0] step 52200/1805100 (ep 0.58) | loss 3.0654 | lr 2.99e-04 | 11.0 it/s | eta 2667m
[member 0] step 52300/1805100 (ep 0.58) | loss 3.0701 | lr 2.99e-04 | 11.0 it/s | eta 2667m
[member 0] step 52400/1805100 (ep 0.58) | loss 3.0642 | lr 2.99e-04 | 11.0 it/s | eta 2666m
[member 0] step 52500/1805100 (ep 0.58) | loss 3.0670 | lr 2.99e-04 | 11.0 it/s | eta 2665m
[member 0] step 52600/1805100 (ep 0.58) | loss 3.0642 | lr 2.99e-04 | 11.0 it/s | eta 2664m
[member 0] step 52700/1805100 (ep 0.58) | loss 3.0687 | lr 2.99e-04 | 11.0 it/s | eta 2663m
[member 0] step 52800/1805100 (ep 0.59) | loss 3.0641 | lr 2.99e-04 | 11.0 it/s | eta 2662m
[member 0] step 52900/1805100 (ep 0.59) | loss 3.0637 | lr 2.99e-04 | 11.0 it/s | eta 2662m
[member 0] step 53000/1805100 (ep 0.59) | loss 3.0589 | lr 2.99e-04 | 11.0 it/s | eta 2661m
[member 0] step 53100/1805100 (ep 0.59) | loss 3.0582 | lr 2.99e-04 | 11.0 it/s | eta 2660m
[member 0] step 53200/1805100 (ep 0.59) | loss 3.0673 | lr 2.99e-04 | 11.0 it/s | eta 2659m
[member 0] step 53300/1805100 (ep 0.59) | loss 3.0604 | lr 2.99e-04 | 11.0 it/s | eta 2659m
[member 0] step 53400/1805100 (ep 0.59) | loss 3.0615 | lr 2.99e-04 | 11.0 it/s | eta 2658m
[member 0] step 53500/1805100 (ep 0.59) | loss 3.0622 | lr 2.99e-04 | 11.0 it/s | eta 2657m
[member 0] step 53600/1805100 (ep 0.59) | loss 3.0623 | lr 2.99e-04 | 11.0 it/s | eta 2656m
[member 0] step 53700/1805100 (ep 0.59) | loss 3.0639 | lr 2.99e-04 | 11.0 it/s | eta 2656m
[member 0] step 53800/1805100 (ep 0.60) | loss 3.0563 | lr 2.99e-04 | 11.0 it/s | eta 2655m
[member 0] step 53900/1805100 (ep 0.60) | loss 3.0599 | lr 2.99e-04 | 11.0 it/s | eta 2654m
[member 0] step 54000/1805100 (ep 0.60) | loss 3.0638 | lr 2.99e-04 | 11.0 it/s | eta 2653m
[member 0] step 54100/1805100 (ep 0.60) | loss 3.0668 | lr 2.99e-04 | 11.0 it/s | eta 2652m
[member 0] step 54200/1805100 (ep 0.60) | loss 3.0650 | lr 2.99e-04 | 11.0 it/s | eta 2652m
[member 0] step 54300/1805100 (ep 0.60) | loss 3.0636 | lr 2.99e-04 | 11.0 it/s | eta 2651m
[member 0] step 54400/1805100 (ep 0.60) | loss 3.0652 | lr 2.99e-04 | 11.0 it/s | eta 2650m
[member 0] step 54500/1805100 (ep 0.60) | loss 3.0570 | lr 2.99e-04 | 11.0 it/s | eta 2649m
[member 0] step 54600/1805100 (ep 0.60) | loss 3.0620 | lr 2.99e-04 | 11.0 it/s | eta 2649m
[member 0] step 54700/1805100 (ep 0.61) | loss 3.0630 | lr 2.99e-04 | 11.0 it/s | eta 2648m
[member 0] step 54800/1805100 (ep 0.61) | loss 3.0624 | lr 2.99e-04 | 11.0 it/s | eta 2647m
[member 0] step 54900/1805100 (ep 0.61) | loss 3.0644 | lr 2.99e-04 | 11.0 it/s | eta 2646m
[member 0] step 55000/1805100 (ep 0.61) | loss 3.0642 | lr 2.99e-04 | 11.0 it/s | eta 2646m
[member 0] step 55100/1805100 (ep 0.61) | loss 3.0656 | lr 2.99e-04 | 11.0 it/s | eta 2645m
[member 0] step 55200/1805100 (ep 0.61) | loss 3.0600 | lr 2.99e-04 | 11.0 it/s | eta 2644m
[member 0] step 55300/1805100 (ep 0.61) | loss 3.0620 | lr 2.99e-04 | 11.0 it/s | eta 2643m
[member 0] step 55400/1805100 (ep 0.61) | loss 3.0536 | lr 2.99e-04 | 11.0 it/s | eta 2643m
[member 0] step 55500/1805100 (ep 0.61) | loss 3.0565 | lr 2.99e-04 | 11.0 it/s | eta 2642m
[member 0] step 55600/1805100 (ep 0.62) | loss 3.0585 | lr 2.99e-04 | 11.0 it/s | eta 2641m
[member 0] step 55700/1805100 (ep 0.62) | loss 3.0559 | lr 2.99e-04 | 11.0 it/s | eta 2641m
[member 0] step 55800/1805100 (ep 0.62) | loss 3.0557 | lr 2.99e-04 | 11.0 it/s | eta 2640m
[member 0] step 55900/1805100 (ep 0.62) | loss 3.0602 | lr 2.99e-04 | 11.0 it/s | eta 2639m
[member 0] step 56000/1805100 (ep 0.62) | loss 3.0596 | lr 2.99e-04 | 11.0 it/s | eta 2638m
[member 0] step 56100/1805100 (ep 0.62) | loss 3.0567 | lr 2.99e-04 | 11.1 it/s | eta 2638m
[member 0] step 56200/1805100 (ep 0.62) | loss 3.0573 | lr 2.99e-04 | 11.1 it/s | eta 2637m
[member 0] step 56300/1805100 (ep 0.62) | loss 3.0523 | lr 2.99e-04 | 11.1 it/s | eta 2636m
[member 0] step 56400/1805100 (ep 0.62) | loss 3.0580 | lr 2.99e-04 | 11.1 it/s | eta 2635m
[member 0] step 56500/1805100 (ep 0.63) | loss 3.0507 | lr 2.99e-04 | 11.1 it/s | eta 2635m
[member 0] step 56600/1805100 (ep 0.63) | loss 3.0608 | lr 2.99e-04 | 11.1 it/s | eta 2634m
[member 0] step 56700/1805100 (ep 0.63) | loss 3.0531 | lr 2.99e-04 | 11.1 it/s | eta 2633m
[member 0] step 56800/1805100 (ep 0.63) | loss 3.0620 | lr 2.99e-04 | 11.1 it/s | eta 2633m
[member 0] step 56900/1805100 (ep 0.63) | loss 3.0615 | lr 2.99e-04 | 11.1 it/s | eta 2632m
[member 0] step 57000/1805100 (ep 0.63) | loss 3.0560 | lr 2.99e-04 | 11.1 it/s | eta 2631m
[member 0] step 57100/1805100 (ep 0.63) | loss 3.0605 | lr 2.99e-04 | 11.1 it/s | eta 2631m
[member 0] step 57200/1805100 (ep 0.63) | loss 3.0577 | lr 2.99e-04 | 11.1 it/s | eta 2630m
[member 0] step 57300/1805100 (ep 0.63) | loss 3.0512 | lr 2.99e-04 | 11.1 it/s | eta 2629m
[member 0] step 57400/1805100 (ep 0.64) | loss 3.0502 | lr 2.99e-04 | 11.1 it/s | eta 2629m
[member 0] step 57500/1805100 (ep 0.64) | loss 3.0611 | lr 2.99e-04 | 11.1 it/s | eta 2628m
[member 0] step 57600/1805100 (ep 0.64) | loss 3.0613 | lr 2.99e-04 | 11.1 it/s | eta 2627m
[member 0] step 57700/1805100 (ep 0.64) | loss 3.0589 | lr 2.99e-04 | 11.1 it/s | eta 2627m
[member 0] step 57800/1805100 (ep 0.64) | loss 3.0508 | lr 2.99e-04 | 11.1 it/s | eta 2626m
[member 0] step 57900/1805100 (ep 0.64) | loss 3.0509 | lr 2.99e-04 | 11.1 it/s | eta 2625m
[member 0] step 58000/1805100 (ep 0.64) | loss 3.0494 | lr 2.99e-04 | 11.1 it/s | eta 2624m
[member 0] step 58100/1805100 (ep 0.64) | loss 3.0528 | lr 2.99e-04 | 11.1 it/s | eta 2624m
[member 0] step 58200/1805100 (ep 0.64) | loss 3.0508 | lr 2.99e-04 | 11.1 it/s | eta 2623m
[member 0] step 58300/1805100 (ep 0.65) | loss 3.0528 | lr 2.99e-04 | 11.1 it/s | eta 2622m
[member 0] step 58400/1805100 (ep 0.65) | loss 3.0478 | lr 2.99e-04 | 11.1 it/s | eta 2621m
[member 0] step 58500/1805100 (ep 0.65) | loss 3.0506 | lr 2.99e-04 | 11.1 it/s | eta 2621m
[member 0] step 58600/1805100 (ep 0.65) | loss 3.0517 | lr 2.99e-04 | 11.1 it/s | eta 2620m
[member 0] step 58700/1805100 (ep 0.65) | loss 3.0477 | lr 2.99e-04 | 11.1 it/s | eta 2619m
[member 0] step 58800/1805100 (ep 0.65) | loss 3.0525 | lr 2.99e-04 | 11.1 it/s | eta 2619m
[member 0] step 58900/1805100 (ep 0.65) | loss 3.0547 | lr 2.99e-04 | 11.1 it/s | eta 2618m
[member 0] step 59000/1805100 (ep 0.65) | loss 3.0518 | lr 2.99e-04 | 11.1 it/s | eta 2617m
[member 0] step 59100/1805100 (ep 0.65) | loss 3.0597 | lr 2.99e-04 | 11.1 it/s | eta 2617m
[member 0] step 59200/1805100 (ep 0.66) | loss 3.0559 | lr 2.99e-04 | 11.1 it/s | eta 2616m
[member 0] step 59300/1805100 (ep 0.66) | loss 3.0507 | lr 2.99e-04 | 11.1 it/s | eta 2615m
[member 0] step 59400/1805100 (ep 0.66) | loss 3.0477 | lr 2.99e-04 | 11.1 it/s | eta 2615m
[member 0] step 59500/1805100 (ep 0.66) | loss 3.0515 | lr 2.99e-04 | 11.1 it/s | eta 2614m
[member 0] step 59600/1805100 (ep 0.66) | loss 3.0473 | lr 2.99e-04 | 11.1 it/s | eta 2613m
[member 0] step 59700/1805100 (ep 0.66) | loss 3.0492 | lr 2.99e-04 | 11.1 it/s | eta 2613m
[member 0] step 59800/1805100 (ep 0.66) | loss 3.0519 | lr 2.99e-04 | 11.1 it/s | eta 2612m
[member 0] step 59900/1805100 (ep 0.66) | loss 3.0501 | lr 2.99e-04 | 11.1 it/s | eta 2611m
[member 0] step 60000/1805100 (ep 0.66) | loss 3.0462 | lr 2.99e-04 | 11.1 it/s | eta 2611m
[member 0] EVAL step 60000 (ep 0.66) | val_ce 3.8421 | best 3.5569 | base 3.5478 MISS | no-improve 5/10
[member 0] step 60100/1805100 (ep 0.67) | loss 3.0494 | lr 2.99e-04 | 10.9 it/s | eta 2669m
[member 0] step 60200/1805100 (ep 0.67) | loss 3.0527 | lr 2.99e-04 | 10.9 it/s | eta 2668m
[member 0] step 60300/1805100 (ep 0.67) | loss 3.0496 | lr 2.99e-04 | 10.9 it/s | eta 2667m
[member 0] step 60400/1805100 (ep 0.67) | loss 3.0453 | lr 2.99e-04 | 10.9 it/s | eta 2666m
[member 0] step 60500/1805100 (ep 0.67) | loss 3.0456 | lr 2.99e-04 | 10.9 it/s | eta 2666m
[member 0] step 60600/1805100 (ep 0.67) | loss 3.0440 | lr 2.99e-04 | 10.9 it/s | eta 2665m
[member 0] step 60700/1805100 (ep 0.67) | loss 3.0488 | lr 2.99e-04 | 10.9 it/s | eta 2664m
[member 0] step 60800/1805100 (ep 0.67) | loss 3.0450 | lr 2.99e-04 | 10.9 it/s | eta 2664m
[member 0] step 60900/1805100 (ep 0.67) | loss 3.0498 | lr 2.99e-04 | 10.9 it/s | eta 2663m
[member 0] step 61000/1805100 (ep 0.68) | loss 3.0423 | lr 2.99e-04 | 10.9 it/s | eta 2662m
[member 0] step 61100/1805100 (ep 0.68) | loss 3.0482 | lr 2.99e-04 | 10.9 it/s | eta 2661m
[member 0] step 61200/1805100 (ep 0.68) | loss 3.0435 | lr 2.99e-04 | 10.9 it/s | eta 2661m
[member 0] step 61300/1805100 (ep 0.68) | loss 3.0450 | lr 2.99e-04 | 10.9 it/s | eta 2660m
[member 0] step 61400/1805100 (ep 0.68) | loss 3.0422 | lr 2.99e-04 | 10.9 it/s | eta 2659m
[member 0] step 61500/1805100 (ep 0.68) | loss 3.0426 | lr 2.99e-04 | 10.9 it/s | eta 2659m
[member 0] step 61600/1805100 (ep 0.68) | loss 3.0386 | lr 2.99e-04 | 10.9 it/s | eta 2658m
[member 0] step 61700/1805100 (ep 0.68) | loss 3.0506 | lr 2.99e-04 | 10.9 it/s | eta 2657m
[member 0] step 61800/1805100 (ep 0.68) | loss 3.0440 | lr 2.99e-04 | 10.9 it/s | eta 2656m
[member 0] step 61900/1805100 (ep 0.69) | loss 3.0475 | lr 2.99e-04 | 10.9 it/s | eta 2656m
[member 0] step 62000/1805100 (ep 0.69) | loss 3.0472 | lr 2.99e-04 | 10.9 it/s | eta 2655m
[member 0] step 62100/1805100 (ep 0.69) | loss 3.0488 | lr 2.99e-04 | 10.9 it/s | eta 2654m
[member 0] step 62200/1805100 (ep 0.69) | loss 3.0428 | lr 2.99e-04 | 10.9 it/s | eta 2654m
[member 0] step 62300/1805100 (ep 0.69) | loss 3.0463 | lr 2.99e-04 | 10.9 it/s | eta 2653m
[member 0] step 62400/1805100 (ep 0.69) | loss 3.0494 | lr 2.99e-04 | 11.0 it/s | eta 2652m
[member 0] step 62500/1805100 (ep 0.69) | loss 3.0451 | lr 2.99e-04 | 11.0 it/s | eta 2652m
[member 0] step 62600/1805100 (ep 0.69) | loss 3.0401 | lr 2.99e-04 | 11.0 it/s | eta 2651m
[member 0] step 62700/1805100 (ep 0.69) | loss 3.0372 | lr 2.99e-04 | 11.0 it/s | eta 2650m
[member 0] step 62800/1805100 (ep 0.70) | loss 3.0386 | lr 2.99e-04 | 11.0 it/s | eta 2650m
[member 0] step 62900/1805100 (ep 0.70) | loss 3.0431 | lr 2.99e-04 | 11.0 it/s | eta 2649m
[member 0] step 63000/1805100 (ep 0.70) | loss 3.0386 | lr 2.99e-04 | 11.0 it/s | eta 2648m
[member 0] step 63100/1805100 (ep 0.70) | loss 3.0392 | lr 2.99e-04 | 11.0 it/s | eta 2647m
[member 0] step 63200/1805100 (ep 0.70) | loss 3.0432 | lr 2.99e-04 | 11.0 it/s | eta 2647m
[member 0] step 63300/1805100 (ep 0.70) | loss 3.0447 | lr 2.99e-04 | 11.0 it/s | eta 2646m
[member 0] step 63400/1805100 (ep 0.70) | loss 3.0418 | lr 2.99e-04 | 11.0 it/s | eta 2645m
[member 0] step 63500/1805100 (ep 0.70) | loss 3.0459 | lr 2.99e-04 | 11.0 it/s | eta 2645m
[member 0] step 63600/1805100 (ep 0.70) | loss 3.0433 | lr 2.99e-04 | 11.0 it/s | eta 2644m
[member 0] step 63700/1805100 (ep 0.71) | loss 3.0412 | lr 2.99e-04 | 11.0 it/s | eta 2643m
[member 0] step 63800/1805100 (ep 0.71) | loss 3.0446 | lr 2.99e-04 | 11.0 it/s | eta 2643m
[member 0] step 63900/1805100 (ep 0.71) | loss 3.0394 | lr 2.99e-04 | 11.0 it/s | eta 2642m
[member 0] step 64000/1805100 (ep 0.71) | loss 3.0350 | lr 2.99e-04 | 11.0 it/s | eta 2641m
[member 0] step 64100/1805100 (ep 0.71) | loss 3.0351 | lr 2.99e-04 | 11.0 it/s | eta 2641m
[member 0] step 64200/1805100 (ep 0.71) | loss 3.0371 | lr 2.99e-04 | 11.0 it/s | eta 2640m
[member 0] step 64300/1805100 (ep 0.71) | loss 3.0345 | lr 2.99e-04 | 11.0 it/s | eta 2639m
[member 0] step 64400/1805100 (ep 0.71) | loss 3.0373 | lr 2.99e-04 | 11.0 it/s | eta 2639m
[member 0] step 64500/1805100 (ep 0.71) | loss 3.0408 | lr 2.99e-04 | 11.0 it/s | eta 2638m
[member 0] step 64600/1805100 (ep 0.72) | loss 3.0445 | lr 2.99e-04 | 11.0 it/s | eta 2637m
[member 0] step 64700/1805100 (ep 0.72) | loss 3.0428 | lr 2.99e-04 | 11.0 it/s | eta 2637m
[member 0] step 64800/1805100 (ep 0.72) | loss 3.0358 | lr 2.99e-04 | 11.0 it/s | eta 2636m
[member 0] step 64900/1805100 (ep 0.72) | loss 3.0368 | lr 2.99e-04 | 11.0 it/s | eta 2636m
[member 0] step 65000/1805100 (ep 0.72) | loss 3.0339 | lr 2.99e-04 | 11.0 it/s | eta 2635m
[member 0] step 65100/1805100 (ep 0.72) | loss 3.0426 | lr 2.99e-04 | 11.0 it/s | eta 2634m
[member 0] step 65200/1805100 (ep 0.72) | loss 3.0412 | lr 2.99e-04 | 11.0 it/s | eta 2634m
[member 0] step 65300/1805100 (ep 0.72) | loss 3.0377 | lr 2.99e-04 | 11.0 it/s | eta 2633m
[member 0] step 65400/1805100 (ep 0.72) | loss 3.0421 | lr 2.99e-04 | 11.0 it/s | eta 2632m
[member 0] step 65500/1805100 (ep 0.73) | loss 3.0393 | lr 2.99e-04 | 11.0 it/s | eta 2632m
[member 0] step 65600/1805100 (ep 0.73) | loss 3.0300 | lr 2.99e-04 | 11.0 it/s | eta 2631m
[member 0] step 65700/1805100 (ep 0.73) | loss 3.0382 | lr 2.99e-04 | 11.0 it/s | eta 2630m
[member 0] step 65800/1805100 (ep 0.73) | loss 3.0358 | lr 2.99e-04 | 11.0 it/s | eta 2630m
[member 0] step 65900/1805100 (ep 0.73) | loss 3.0361 | lr 2.99e-04 | 11.0 it/s | eta 2629m
[member 0] step 66000/1805100 (ep 0.73) | loss 3.0386 | lr 2.99e-04 | 11.0 it/s | eta 2628m
[member 0] step 66100/1805100 (ep 0.73) | loss 3.0375 | lr 2.99e-04 | 11.0 it/s | eta 2628m
[member 0] step 66200/1805100 (ep 0.73) | loss 3.0349 | lr 2.99e-04 | 11.0 it/s | eta 2627m
[member 0] step 66300/1805100 (ep 0.73) | loss 3.0394 | lr 2.99e-04 | 11.0 it/s | eta 2626m
[member 0] step 66400/1805100 (ep 0.74) | loss 3.0354 | lr 2.99e-04 | 11.0 it/s | eta 2626m
[member 0] step 66500/1805100 (ep 0.74) | loss 3.0374 | lr 2.99e-04 | 11.0 it/s | eta 2625m
[member 0] step 66600/1805100 (ep 0.74) | loss 3.0422 | lr 2.99e-04 | 11.0 it/s | eta 2625m
[member 0] step 66700/1805100 (ep 0.74) | loss 3.0405 | lr 2.99e-04 | 11.0 it/s | eta 2624m
[member 0] step 66800/1805100 (ep 0.74) | loss 3.0365 | lr 2.99e-04 | 11.0 it/s | eta 2623m
[member 0] step 66900/1805100 (ep 0.74) | loss 3.0379 | lr 2.99e-04 | 11.0 it/s | eta 2623m
[member 0] step 67000/1805100 (ep 0.74) | loss 3.0338 | lr 2.99e-04 | 11.0 it/s | eta 2622m
[member 0] step 67100/1805100 (ep 0.74) | loss 3.0371 | lr 2.99e-04 | 11.0 it/s | eta 2621m
[member 0] step 67200/1805100 (ep 0.74) | loss 3.0366 | lr 2.99e-04 | 11.1 it/s | eta 2621m
[member 0] step 67300/1805100 (ep 0.75) | loss 3.0369 | lr 2.99e-04 | 11.1 it/s | eta 2620m
[member 0] step 67400/1805100 (ep 0.75) | loss 3.0291 | lr 2.99e-04 | 11.1 it/s | eta 2620m
[member 0] step 67500/1805100 (ep 0.75) | loss 3.0321 | lr 2.99e-04 | 11.1 it/s | eta 2619m
[member 0] step 67600/1805100 (ep 0.75) | loss 3.0330 | lr 2.99e-04 | 11.1 it/s | eta 2618m
[member 0] step 67700/1805100 (ep 0.75) | loss 3.0301 | lr 2.99e-04 | 11.1 it/s | eta 2618m
[member 0] step 67800/1805100 (ep 0.75) | loss 3.0289 | lr 2.99e-04 | 11.1 it/s | eta 2617m
[member 0] step 67900/1805100 (ep 0.75) | loss 3.0249 | lr 2.99e-04 | 11.1 it/s | eta 2617m
[member 0] step 68000/1805100 (ep 0.75) | loss 3.0260 | lr 2.99e-04 | 11.1 it/s | eta 2616m
[member 0] step 68100/1805100 (ep 0.75) | loss 3.0297 | lr 2.99e-04 | 11.1 it/s | eta 2615m
[member 0] step 68200/1805100 (ep 0.76) | loss 3.0341 | lr 2.99e-04 | 11.1 it/s | eta 2615m
[member 0] step 68300/1805100 (ep 0.76) | loss 3.0305 | lr 2.99e-04 | 11.1 it/s | eta 2614m
[member 0] step 68400/1805100 (ep 0.76) | loss 3.0285 | lr 2.99e-04 | 11.1 it/s | eta 2614m
[member 0] step 68500/1805100 (ep 0.76) | loss 3.0221 | lr 2.99e-04 | 11.1 it/s | eta 2613m
[member 0] step 68600/1805100 (ep 0.76) | loss 3.0243 | lr 2.99e-04 | 11.1 it/s | eta 2612m
[member 0] step 68700/1805100 (ep 0.76) | loss 3.0311 | lr 2.99e-04 | 11.1 it/s | eta 2612m
[member 0] step 68800/1805100 (ep 0.76) | loss 3.0320 | lr 2.99e-04 | 11.1 it/s | eta 2611m
[member 0] step 68900/1805100 (ep 0.76) | loss 3.0319 | lr 2.99e-04 | 11.1 it/s | eta 2611m
[member 0] step 69000/1805100 (ep 0.76) | loss 3.0291 | lr 2.99e-04 | 11.1 it/s | eta 2610m
[member 0] step 69100/1805100 (ep 0.77) | loss 3.0289 | lr 2.99e-04 | 11.1 it/s | eta 2609m
[member 0] step 69200/1805100 (ep 0.77) | loss 3.0268 | lr 2.99e-04 | 11.1 it/s | eta 2609m
[member 0] step 69300/1805100 (ep 0.77) | loss 3.0252 | lr 2.99e-04 | 11.1 it/s | eta 2608m
[member 0] step 69400/1805100 (ep 0.77) | loss 3.0302 | lr 2.99e-04 | 11.1 it/s | eta 2608m
[member 0] step 69500/1805100 (ep 0.77) | loss 3.0293 | lr 2.99e-04 | 11.1 it/s | eta 2607m
[member 0] step 69600/1805100 (ep 0.77) | loss 3.0259 | lr 2.99e-04 | 11.1 it/s | eta 2607m
[member 0] step 69700/1805100 (ep 0.77) | loss 3.0347 | lr 2.99e-04 | 11.1 it/s | eta 2606m
[member 0] step 69800/1805100 (ep 0.77) | loss 3.0314 | lr 2.99e-04 | 11.1 it/s | eta 2605m
[member 0] step 69900/1805100 (ep 0.77) | loss 3.0273 | lr 2.99e-04 | 11.1 it/s | eta 2605m
[member 0] step 70000/1805100 (ep 0.78) | loss 3.0305 | lr 2.99e-04 | 11.1 it/s | eta 2604m
[member 0] EVAL step 70000 (ep 0.78) | val_ce 3.9225 | best 3.5569 | base 3.5478 MISS | no-improve 6/10
[member 0] step 70100/1805100 (ep 0.78) | loss 3.0252 | lr 2.99e-04 | 10.9 it/s | eta 2654m
[member 0] step 70200/1805100 (ep 0.78) | loss 3.0275 | lr 2.99e-04 | 10.9 it/s | eta 2653m
[member 0] step 70300/1805100 (ep 0.78) | loss 3.0188 | lr 2.99e-04 | 10.9 it/s | eta 2652m
[member 0] step 70400/1805100 (ep 0.78) | loss 3.0240 | lr 2.99e-04 | 10.9 it/s | eta 2652m
[member 0] step 70500/1805100 (ep 0.78) | loss 3.0262 | lr 2.99e-04 | 10.9 it/s | eta 2651m
[member 0] step 70600/1805100 (ep 0.78) | loss 3.0270 | lr 2.99e-04 | 10.9 it/s | eta 2650m
[member 0] step 70700/1805100 (ep 0.78) | loss 3.0262 | lr 2.99e-04 | 10.9 it/s | eta 2649m
[member 0] step 70800/1805100 (ep 0.78) | loss 3.0321 | lr 2.99e-04 | 10.9 it/s | eta 2649m
[member 0] step 70900/1805100 (ep 0.79) | loss 3.0280 | lr 2.99e-04 | 10.9 it/s | eta 2648m
[member 0] step 71000/1805100 (ep 0.79) | loss 3.0229 | lr 2.99e-04 | 10.9 it/s | eta 2647m
[member 0] step 71100/1805100 (ep 0.79) | loss 3.0288 | lr 2.99e-04 | 10.9 it/s | eta 2647m
[member 0] step 71200/1805100 (ep 0.79) | loss 3.0322 | lr 2.99e-04 | 10.9 it/s | eta 2646m
[member 0] step 71300/1805100 (ep 0.79) | loss 3.0289 | lr 2.99e-04 | 10.9 it/s | eta 2645m
[member 0] step 71400/1805100 (ep 0.79) | loss 3.0283 | lr 2.99e-04 | 10.9 it/s | eta 2645m
[member 0] step 71500/1805100 (ep 0.79) | loss 3.0273 | lr 2.99e-04 | 10.9 it/s | eta 2644m
[member 0] step 71600/1805100 (ep 0.79) | loss 3.0300 | lr 2.99e-04 | 10.9 it/s | eta 2644m
[member 0] step 71700/1805100 (ep 0.79) | loss 3.0256 | lr 2.99e-04 | 10.9 it/s | eta 2643m
[member 0] step 71800/1805100 (ep 0.80) | loss 3.0296 | lr 2.99e-04 | 10.9 it/s | eta 2642m
[member 0] step 71900/1805100 (ep 0.80) | loss 3.0274 | lr 2.99e-04 | 10.9 it/s | eta 2642m
[member 0] step 72000/1805100 (ep 0.80) | loss 3.0308 | lr 2.99e-04 | 10.9 it/s | eta 2641m
[member 0] step 72100/1805100 (ep 0.80) | loss 3.0259 | lr 2.99e-04 | 10.9 it/s | eta 2640m
[member 0] step 72200/1805100 (ep 0.80) | loss 3.0252 | lr 2.99e-04 | 10.9 it/s | eta 2640m
[member 0] step 72300/1805100 (ep 0.80) | loss 3.0287 | lr 2.99e-04 | 10.9 it/s | eta 2639m
[member 0] step 72400/1805100 (ep 0.80) | loss 3.0290 | lr 2.99e-04 | 10.9 it/s | eta 2639m
[member 0] step 72500/1805100 (ep 0.80) | loss 3.0279 | lr 2.99e-04 | 10.9 it/s | eta 2638m
[member 0] step 72600/1805100 (ep 0.80) | loss 3.0250 | lr 2.99e-04 | 10.9 it/s | eta 2637m
[member 0] step 72700/1805100 (ep 0.81) | loss 3.0284 | lr 2.99e-04 | 11.0 it/s | eta 2637m
[member 0] step 72800/1805100 (ep 0.81) | loss 3.0325 | lr 2.99e-04 | 11.0 it/s | eta 2636m
[member 0] step 72900/1805100 (ep 0.81) | loss 3.0360 | lr 2.99e-04 | 11.0 it/s | eta 2635m
[member 0] step 73000/1805100 (ep 0.81) | loss 3.0249 | lr 2.99e-04 | 11.0 it/s | eta 2635m
[member 0] step 73100/1805100 (ep 0.81) | loss 3.0250 | lr 2.99e-04 | 11.0 it/s | eta 2634m
[member 0] step 73200/1805100 (ep 0.81) | loss 3.0228 | lr 2.99e-04 | 11.0 it/s | eta 2634m
[member 0] step 73300/1805100 (ep 0.81) | loss 3.0178 | lr 2.99e-04 | 11.0 it/s | eta 2633m
[member 0] step 73400/1805100 (ep 0.81) | loss 3.0248 | lr 2.99e-04 | 11.0 it/s | eta 2632m
[member 0] step 73500/1805100 (ep 0.81) | loss 3.0237 | lr 2.99e-04 | 11.0 it/s | eta 2632m
[member 0] step 73600/1805100 (ep 0.82) | loss 3.0173 | lr 2.99e-04 | 11.0 it/s | eta 2631m
[member 0] step 73700/1805100 (ep 0.82) | loss 3.0186 | lr 2.99e-04 | 11.0 it/s | eta 2631m
[member 0] step 73800/1805100 (ep 0.82) | loss 3.0185 | lr 2.99e-04 | 11.0 it/s | eta 2630m
[member 0] step 73900/1805100 (ep 0.82) | loss 3.0229 | lr 2.99e-04 | 11.0 it/s | eta 2630m
[member 0] step 74000/1805100 (ep 0.82) | loss 3.0292 | lr 2.99e-04 | 11.0 it/s | eta 2629m
[member 0] step 74100/1805100 (ep 0.82) | loss 3.0267 | lr 2.99e-04 | 11.0 it/s | eta 2628m
[member 0] step 74200/1805100 (ep 0.82) | loss 3.0159 | lr 2.99e-04 | 11.0 it/s | eta 2628m
[member 0] step 74300/1805100 (ep 0.82) | loss 3.0245 | lr 2.99e-04 | 11.0 it/s | eta 2627m
[member 0] step 74400/1805100 (ep 0.82) | loss 3.0224 | lr 2.99e-04 | 11.0 it/s | eta 2627m
[member 0] step 74500/1805100 (ep 0.83) | loss 3.0236 | lr 2.99e-04 | 11.0 it/s | eta 2626m
[member 0] step 74600/1805100 (ep 0.83) | loss 3.0141 | lr 2.99e-04 | 11.0 it/s | eta 2625m
[member 0] step 74700/1805100 (ep 0.83) | loss 3.0197 | lr 2.99e-04 | 11.0 it/s | eta 2625m
[member 0] step 74800/1805100 (ep 0.83) | loss 3.0235 | lr 2.99e-04 | 11.0 it/s | eta 2624m
[member 0] step 74900/1805100 (ep 0.83) | loss 3.0233 | lr 2.99e-04 | 11.0 it/s | eta 2624m
[member 0] step 75000/1805100 (ep 0.83) | loss 3.0176 | lr 2.99e-04 | 11.0 it/s | eta 2623m
[member 0] step 75100/1805100 (ep 0.83) | loss 3.0224 | lr 2.99e-04 | 11.0 it/s | eta 2622m
[member 0] step 75200/1805100 (ep 0.83) | loss 3.0204 | lr 2.99e-04 | 11.0 it/s | eta 2622m
[member 0] step 75300/1805100 (ep 0.83) | loss 3.0183 | lr 2.99e-04 | 11.0 it/s | eta 2621m
[member 0] step 75400/1805100 (ep 0.84) | loss 3.0212 | lr 2.99e-04 | 11.0 it/s | eta 2621m
[member 0] step 75500/1805100 (ep 0.84) | loss 3.0199 | lr 2.99e-04 | 11.0 it/s | eta 2620m
[member 0] step 75600/1805100 (ep 0.84) | loss 3.0145 | lr 2.99e-04 | 11.0 it/s | eta 2619m
[member 0] step 75700/1805100 (ep 0.84) | loss 3.0169 | lr 2.99e-04 | 11.0 it/s | eta 2619m
[member 0] step 75800/1805100 (ep 0.84) | loss 3.0230 | lr 2.99e-04 | 11.0 it/s | eta 2618m
[member 0] step 75900/1805100 (ep 0.84) | loss 3.0198 | lr 2.99e-04 | 11.0 it/s | eta 2618m
[member 0] step 76000/1805100 (ep 0.84) | loss 3.0210 | lr 2.99e-04 | 11.0 it/s | eta 2617m
[member 0] step 76100/1805100 (ep 0.84) | loss 3.0206 | lr 2.99e-04 | 11.0 it/s | eta 2617m
[member 0] step 76200/1805100 (ep 0.84) | loss 3.0154 | lr 2.99e-04 | 11.0 it/s | eta 2616m
[member 0] step 76300/1805100 (ep 0.85) | loss 3.0222 | lr 2.99e-04 | 11.0 it/s | eta 2615m
[member 0] step 76400/1805100 (ep 0.85) | loss 3.0208 | lr 2.99e-04 | 11.0 it/s | eta 2615m
[member 0] step 76500/1805100 (ep 0.85) | loss 3.0119 | lr 2.99e-04 | 11.0 it/s | eta 2614m
[member 0] step 76600/1805100 (ep 0.85) | loss 3.0177 | lr 2.99e-04 | 11.0 it/s | eta 2614m
[member 0] step 76700/1805100 (ep 0.85) | loss 3.0208 | lr 2.99e-04 | 11.0 it/s | eta 2613m
[member 0] step 76800/1805100 (ep 0.85) | loss 3.0219 | lr 2.99e-04 | 11.0 it/s | eta 2613m
[member 0] step 76900/1805100 (ep 0.85) | loss 3.0211 | lr 2.99e-04 | 11.0 it/s | eta 2612m
[member 0] step 77000/1805100 (ep 0.85) | loss 3.0195 | lr 2.99e-04 | 11.0 it/s | eta 2612m
[member 0] step 77100/1805100 (ep 0.85) | loss 3.0164 | lr 2.99e-04 | 11.0 it/s | eta 2611m
[member 0] step 77200/1805100 (ep 0.86) | loss 3.0119 | lr 2.99e-04 | 11.0 it/s | eta 2611m
[member 0] step 77300/1805100 (ep 0.86) | loss 3.0141 | lr 2.99e-04 | 11.0 it/s | eta 2610m
[member 0] step 77400/1805100 (ep 0.86) | loss 3.0131 | lr 2.99e-04 | 11.0 it/s | eta 2609m
[member 0] step 77500/1805100 (ep 0.86) | loss 3.0134 | lr 2.99e-04 | 11.0 it/s | eta 2609m
[member 0] step 77600/1805100 (ep 0.86) | loss 3.0116 | lr 2.99e-04 | 11.0 it/s | eta 2608m
[member 0] step 77700/1805100 (ep 0.86) | loss 3.0201 | lr 2.99e-04 | 11.0 it/s | eta 2608m
[member 0] step 77800/1805100 (ep 0.86) | loss 3.0138 | lr 2.99e-04 | 11.0 it/s | eta 2607m
[member 0] step 77900/1805100 (ep 0.86) | loss 3.0142 | lr 2.99e-04 | 11.0 it/s | eta 2607m
[member 0] step 78000/1805100 (ep 0.86) | loss 3.0140 | lr 2.99e-04 | 11.0 it/s | eta 2606m
[member 0] step 78100/1805100 (ep 0.87) | loss 3.0115 | lr 2.99e-04 | 11.0 it/s | eta 2606m
[member 0] step 78200/1805100 (ep 0.87) | loss 3.0143 | lr 2.99e-04 | 11.0 it/s | eta 2605m
[member 0] step 78300/1805100 (ep 0.87) | loss 3.0139 | lr 2.99e-04 | 11.1 it/s | eta 2604m
[member 0] step 78400/1805100 (ep 0.87) | loss 3.0114 | lr 2.99e-04 | 11.1 it/s | eta 2604m
[member 0] step 78500/1805100 (ep 0.87) | loss 3.0153 | lr 2.99e-04 | 11.1 it/s | eta 2603m
[member 0] step 78600/1805100 (ep 0.87) | loss 3.0157 | lr 2.99e-04 | 11.1 it/s | eta 2603m
[member 0] step 78700/1805100 (ep 0.87) | loss 3.0246 | lr 2.99e-04 | 11.1 it/s | eta 2602m
[member 0] step 78800/1805100 (ep 0.87) | loss 3.0185 | lr 2.99e-04 | 11.1 it/s | eta 2602m
[member 0] step 78900/1805100 (ep 0.87) | loss 3.0179 | lr 2.99e-04 | 11.1 it/s | eta 2601m
[member 0] step 79000/1805100 (ep 0.88) | loss 3.0129 | lr 2.99e-04 | 11.1 it/s | eta 2601m
[member 0] step 79100/1805100 (ep 0.88) | loss 3.0174 | lr 2.99e-04 | 11.1 it/s | eta 2600m
[member 0] step 79200/1805100 (ep 0.88) | loss 3.0154 | lr 2.99e-04 | 11.1 it/s | eta 2600m
[member 0] step 79300/1805100 (ep 0.88) | loss 3.0139 | lr 2.99e-04 | 11.1 it/s | eta 2599m
[member 0] step 79400/1805100 (ep 0.88) | loss 3.0221 | lr 2.99e-04 | 11.1 it/s | eta 2599m
[member 0] step 79500/1805100 (ep 0.88) | loss 3.0155 | lr 2.99e-04 | 11.1 it/s | eta 2598m
[member 0] step 79600/1805100 (ep 0.88) | loss 3.0135 | lr 2.99e-04 | 11.1 it/s | eta 2597m
[member 0] step 79700/1805100 (ep 0.88) | loss 3.0140 | lr 2.99e-04 | 11.1 it/s | eta 2597m
[member 0] step 79800/1805100 (ep 0.88) | loss 3.0184 | lr 2.99e-04 | 11.1 it/s | eta 2596m
[member 0] step 79900/1805100 (ep 0.89) | loss 3.0100 | lr 2.99e-04 | 11.1 it/s | eta 2596m
[member 0] step 80000/1805100 (ep 0.89) | loss 3.0088 | lr 2.99e-04 | 11.1 it/s | eta 2595m
[member 0] EVAL step 80000 (ep 0.89) | val_ce 3.9909 | best 3.5569 | base 3.5478 MISS | no-improve 7/10
[member 0] step 80100/1805100 (ep 0.89) | loss 3.0151 | lr 2.99e-04 | 10.9 it/s | eta 2638m
[member 0] step 80200/1805100 (ep 0.89) | loss 3.0185 | lr 2.99e-04 | 10.9 it/s | eta 2638m
[member 0] step 80300/1805100 (ep 0.89) | loss 3.0070 | lr 2.99e-04 | 10.9 it/s | eta 2637m
[member 0] step 80400/1805100 (ep 0.89) | loss 3.0127 | lr 2.99e-04 | 10.9 it/s | eta 2636m
[member 0] step 80500/1805100 (ep 0.89) | loss 3.0127 | lr 2.99e-04 | 10.9 it/s | eta 2636m
[member 0] step 80600/1805100 (ep 0.89) | loss 3.0178 | lr 2.99e-04 | 10.9 it/s | eta 2635m
[member 0] step 80700/1805100 (ep 0.89) | loss 3.0110 | lr 2.99e-04 | 10.9 it/s | eta 2635m
[member 0] step 80800/1805100 (ep 0.90) | loss 3.0179 | lr 2.99e-04 | 10.9 it/s | eta 2634m
[member 0] step 80900/1805100 (ep 0.90) | loss 3.0104 | lr 2.99e-04 | 10.9 it/s | eta 2633m
[member 0] step 81000/1805100 (ep 0.90) | loss 3.0151 | lr 2.99e-04 | 10.9 it/s | eta 2633m
[member 0] step 81100/1805100 (ep 0.90) | loss 3.0163 | lr 2.99e-04 | 10.9 it/s | eta 2632m
[member 0] step 81200/1805100 (ep 0.90) | loss 3.0184 | lr 2.99e-04 | 10.9 it/s | eta 2632m
[member 0] step 81300/1805100 (ep 0.90) | loss 3.0112 | lr 2.99e-04 | 10.9 it/s | eta 2631m
[member 0] step 81400/1805100 (ep 0.90) | loss 3.0147 | lr 2.99e-04 | 10.9 it/s | eta 2630m
[member 0] step 81500/1805100 (ep 0.90) | loss 3.0060 | lr 2.99e-04 | 10.9 it/s | eta 2630m
[member 0] step 81600/1805100 (ep 0.90) | loss 3.0094 | lr 2.99e-04 | 10.9 it/s | eta 2629m
[member 0] step 81700/1805100 (ep 0.91) | loss 3.0154 | lr 2.99e-04 | 10.9 it/s | eta 2629m
[member 0] step 81800/1805100 (ep 0.91) | loss 3.0116 | lr 2.99e-04 | 10.9 it/s | eta 2628m
[member 0] step 81900/1805100 (ep 0.91) | loss 3.0113 | lr 2.99e-04 | 10.9 it/s | eta 2628m
[member 0] step 82000/1805100 (ep 0.91) | loss 3.0031 | lr 2.99e-04 | 10.9 it/s | eta 2627m
[member 0] step 82100/1805100 (ep 0.91) | loss 3.0022 | lr 2.99e-04 | 10.9 it/s | eta 2626m
[member 0] step 82200/1805100 (ep 0.91) | loss 3.0036 | lr 2.99e-04 | 10.9 it/s | eta 2626m
[member 0] step 82300/1805100 (ep 0.91) | loss 3.0000 | lr 2.99e-04 | 10.9 it/s | eta 2625m
[member 0] step 82400/1805100 (ep 0.91) | loss 3.0070 | lr 2.99e-04 | 10.9 it/s | eta 2625m
[member 0] step 82500/1805100 (ep 0.91) | loss 3.0060 | lr 2.99e-04 | 10.9 it/s | eta 2624m
[member 0] step 82600/1805100 (ep 0.92) | loss 3.0071 | lr 2.99e-04 | 10.9 it/s | eta 2624m
[member 0] step 82700/1805100 (ep 0.92) | loss 3.0015 | lr 2.99e-04 | 10.9 it/s | eta 2623m
[member 0] step 82800/1805100 (ep 0.92) | loss 3.0028 | lr 2.99e-04 | 10.9 it/s | eta 2622m
[member 0] step 82900/1805100 (ep 0.92) | loss 3.0032 | lr 2.99e-04 | 10.9 it/s | eta 2622m
[member 0] step 83000/1805100 (ep 0.92) | loss 3.0098 | lr 2.99e-04 | 10.9 it/s | eta 2621m
[member 0] step 83100/1805100 (ep 0.92) | loss 3.0081 | lr 2.99e-04 | 11.0 it/s | eta 2621m
[member 0] step 83200/1805100 (ep 0.92) | loss 3.0058 | lr 2.99e-04 | 11.0 it/s | eta 2620m
[member 0] step 83300/1805100 (ep 0.92) | loss 3.0066 | lr 2.99e-04 | 11.0 it/s | eta 2620m
[member 0] step 83400/1805100 (ep 0.92) | loss 3.0064 | lr 2.99e-04 | 11.0 it/s | eta 2619m
[member 0] step 83500/1805100 (ep 0.93) | loss 3.0039 | lr 2.99e-04 | 11.0 it/s | eta 2619m
[member 0] step 83600/1805100 (ep 0.93) | loss 3.0063 | lr 2.99e-04 | 11.0 it/s | eta 2618m
[member 0] step 83700/1805100 (ep 0.93) | loss 3.0008 | lr 2.99e-04 | 11.0 it/s | eta 2617m
[member 0] step 83800/1805100 (ep 0.93) | loss 3.0102 | lr 2.99e-04 | 11.0 it/s | eta 2617m
[member 0] step 83900/1805100 (ep 0.93) | loss 3.0028 | lr 2.99e-04 | 11.0 it/s | eta 2616m
[member 0] step 84000/1805100 (ep 0.93) | loss 3.0051 | lr 2.99e-04 | 11.0 it/s | eta 2616m
[member 0] step 84100/1805100 (ep 0.93) | loss 3.0029 | lr 2.99e-04 | 11.0 it/s | eta 2615m
[member 0] step 84200/1805100 (ep 0.93) | loss 3.0058 | lr 2.99e-04 | 11.0 it/s | eta 2615m
[member 0] step 84300/1805100 (ep 0.93) | loss 3.0119 | lr 2.99e-04 | 11.0 it/s | eta 2614m
[member 0] step 84400/1805100 (ep 0.94) | loss 3.0061 | lr 2.99e-04 | 11.0 it/s | eta 2613m
[member 0] step 84500/1805100 (ep 0.94) | loss 3.0027 | lr 2.99e-04 | 11.0 it/s | eta 2613m
[member 0] step 84600/1805100 (ep 0.94) | loss 3.0043 | lr 2.99e-04 | 11.0 it/s | eta 2612m
[member 0] step 84700/1805100 (ep 0.94) | loss 3.0065 | lr 2.99e-04 | 11.0 it/s | eta 2612m
[member 0] step 84800/1805100 (ep 0.94) | loss 3.0056 | lr 2.99e-04 | 11.0 it/s | eta 2611m
[member 0] step 84900/1805100 (ep 0.94) | loss 3.0017 | lr 2.99e-04 | 11.0 it/s | eta 2611m
[member 0] step 85000/1805100 (ep 0.94) | loss 3.0022 | lr 2.99e-04 | 11.0 it/s | eta 2610m
[member 0] step 85100/1805100 (ep 0.94) | loss 2.9969 | lr 2.99e-04 | 11.0 it/s | eta 2609m
[member 0] step 85200/1805100 (ep 0.94) | loss 3.0128 | lr 2.99e-04 | 11.0 it/s | eta 2609m
[member 0] step 85300/1805100 (ep 0.95) | loss 3.0083 | lr 2.99e-04 | 11.0 it/s | eta 2608m
[member 0] step 85400/1805100 (ep 0.95) | loss 3.0021 | lr 2.99e-04 | 11.0 it/s | eta 2608m
[member 0] step 85500/1805100 (ep 0.95) | loss 3.0047 | lr 2.99e-04 | 11.0 it/s | eta 2607m
[member 0] step 85600/1805100 (ep 0.95) | loss 3.0057 | lr 2.99e-04 | 11.0 it/s | eta 2607m
[member 0] step 85700/1805100 (ep 0.95) | loss 3.0062 | lr 2.99e-04 | 11.0 it/s | eta 2606m
[member 0] step 85800/1805100 (ep 0.95) | loss 3.0104 | lr 2.99e-04 | 11.0 it/s | eta 2606m
[member 0] step 85900/1805100 (ep 0.95) | loss 2.9951 | lr 2.99e-04 | 11.0 it/s | eta 2605m
[member 0] step 86000/1805100 (ep 0.95) | loss 3.0130 | lr 2.99e-04 | 11.0 it/s | eta 2605m
[member 0] step 86100/1805100 (ep 0.95) | loss 3.0043 | lr 2.99e-04 | 11.0 it/s | eta 2604m
[member 0] step 86200/1805100 (ep 0.96) | loss 2.9989 | lr 2.99e-04 | 11.0 it/s | eta 2604m
[member 0] step 86300/1805100 (ep 0.96) | loss 3.0009 | lr 2.99e-04 | 11.0 it/s | eta 2603m
[member 0] step 86400/1805100 (ep 0.96) | loss 3.0022 | lr 2.99e-04 | 11.0 it/s | eta 2603m
[member 0] step 86500/1805100 (ep 0.96) | loss 3.0044 | lr 2.99e-04 | 11.0 it/s | eta 2602m
[member 0] step 86600/1805100 (ep 0.96) | loss 3.0033 | lr 2.99e-04 | 11.0 it/s | eta 2601m
[member 0] step 86700/1805100 (ep 0.96) | loss 3.0026 | lr 2.98e-04 | 11.0 it/s | eta 2601m
[member 0] step 86800/1805100 (ep 0.96) | loss 3.0013 | lr 2.98e-04 | 11.0 it/s | eta 2600m
[member 0] step 86900/1805100 (ep 0.96) | loss 3.0014 | lr 2.98e-04 | 11.0 it/s | eta 2600m
[member 0] step 87000/1805100 (ep 0.96) | loss 2.9971 | lr 2.98e-04 | 11.0 it/s | eta 2599m
[member 0] step 87100/1805100 (ep 0.97) | loss 3.0025 | lr 2.98e-04 | 11.0 it/s | eta 2599m
[member 0] step 87200/1805100 (ep 0.97) | loss 3.0016 | lr 2.98e-04 | 11.0 it/s | eta 2598m
[member 0] step 87300/1805100 (ep 0.97) | loss 2.9970 | lr 2.98e-04 | 11.0 it/s | eta 2598m
[member 0] step 87400/1805100 (ep 0.97) | loss 2.9976 | lr 2.98e-04 | 11.0 it/s | eta 2597m
[member 0] step 87500/1805100 (ep 0.97) | loss 2.9977 | lr 2.98e-04 | 11.0 it/s | eta 2597m
[member 0] step 87600/1805100 (ep 0.97) | loss 2.9913 | lr 2.98e-04 | 11.0 it/s | eta 2596m
[member 0] step 87700/1805100 (ep 0.97) | loss 3.0063 | lr 2.98e-04 | 11.0 it/s | eta 2596m
[member 0] step 87800/1805100 (ep 0.97) | loss 3.0002 | lr 2.98e-04 | 11.0 it/s | eta 2595m
[member 0] step 87900/1805100 (ep 0.97) | loss 3.0007 | lr 2.98e-04 | 11.0 it/s | eta 2595m
[member 0] step 88000/1805100 (ep 0.98) | loss 3.0046 | lr 2.98e-04 | 11.0 it/s | eta 2594m
[member 0] step 88100/1805100 (ep 0.98) | loss 3.0103 | lr 2.98e-04 | 11.0 it/s | eta 2594m
[member 0] step 88200/1805100 (ep 0.98) | loss 3.0023 | lr 2.98e-04 | 11.0 it/s | eta 2593m
[member 0] step 88300/1805100 (ep 0.98) | loss 3.0026 | lr 2.98e-04 | 11.0 it/s | eta 2593m
[member 0] step 88400/1805100 (ep 0.98) | loss 3.0009 | lr 2.98e-04 | 11.0 it/s | eta 2592m
[member 0] step 88500/1805100 (ep 0.98) | loss 3.0037 | lr 2.98e-04 | 11.0 it/s | eta 2592m
[member 0] step 88600/1805100 (ep 0.98) | loss 2.9998 | lr 2.98e-04 | 11.0 it/s | eta 2591m
[member 0] step 88700/1805100 (ep 0.98) | loss 3.0014 | lr 2.98e-04 | 11.0 it/s | eta 2591m
[member 0] step 88800/1805100 (ep 0.98) | loss 2.9993 | lr 2.98e-04 | 11.0 it/s | eta 2590m
[member 0] step 88900/1805100 (ep 0.98) | loss 3.0004 | lr 2.98e-04 | 11.0 it/s | eta 2590m
[member 0] step 89000/1805100 (ep 0.99) | loss 3.0038 | lr 2.98e-04 | 11.0 it/s | eta 2589m
[member 0] step 89100/1805100 (ep 0.99) | loss 2.9959 | lr 2.98e-04 | 11.0 it/s | eta 2589m
[member 0] step 89200/1805100 (ep 0.99) | loss 2.9947 | lr 2.98e-04 | 11.0 it/s | eta 2588m
[member 0] step 89300/1805100 (ep 0.99) | loss 2.9943 | lr 2.98e-04 | 11.0 it/s | eta 2588m
[member 0] step 89400/1805100 (ep 0.99) | loss 2.9993 | lr 2.98e-04 | 11.1 it/s | eta 2587m
[member 0] step 89500/1805100 (ep 0.99) | loss 2.9975 | lr 2.98e-04 | 11.1 it/s | eta 2587m
[member 0] step 89600/1805100 (ep 0.99) | loss 2.9998 | lr 2.98e-04 | 11.1 it/s | eta 2586m
[member 0] step 89700/1805100 (ep 0.99) | loss 2.9938 | lr 2.98e-04 | 11.1 it/s | eta 2586m
[member 0] step 89800/1805100 (ep 0.99) | loss 2.9914 | lr 2.98e-04 | 11.1 it/s | eta 2585m
[member 0] step 89900/1805100 (ep 1.00) | loss 2.9981 | lr 2.98e-04 | 11.1 it/s | eta 2585m
[member 0] step 90000/1805100 (ep 1.00) | loss 3.0105 | lr 2.98e-04 | 11.1 it/s | eta 2584m
[member 0] EVAL step 90000 (ep 1.00) | val_ce 3.9582 | best 3.5569 | base 3.5478 MISS | no-improve 8/10
[member 0] step 90100/1805100 (ep 1.00) | loss 3.0008 | lr 2.98e-04 | 10.9 it/s | eta 2622m
[member 0] step 90200/1805100 (ep 1.00) | loss 3.0017 | lr 2.98e-04 | 10.9 it/s | eta 2622m
[member 0] step 90300/1805100 (ep 1.00) | loss 2.9872 | lr 2.98e-04 | 10.9 it/s | eta 2622m
[member 0] step 90400/1805100 (ep 1.00) | loss 2.9920 | lr 2.98e-04 | 10.9 it/s | eta 2622m
[member 0] step 90500/1805100 (ep 1.00) | loss 2.9878 | lr 2.98e-04 | 10.9 it/s | eta 2621m
[member 0] step 90600/1805100 (ep 1.00) | loss 2.9822 | lr 2.98e-04 | 10.9 it/s | eta 2621m
[member 0] step 90700/1805100 (ep 1.00) | loss 2.9895 | lr 2.98e-04 | 10.9 it/s | eta 2620m
[member 0] step 90800/1805100 (ep 1.01) | loss 2.9947 | lr 2.98e-04 | 10.9 it/s | eta 2620m
[member 0] step 90900/1805100 (ep 1.01) | loss 2.9914 | lr 2.98e-04 | 10.9 it/s | eta 2619m
[member 0] step 91000/1805100 (ep 1.01) | loss 2.9899 | lr 2.98e-04 | 10.9 it/s | eta 2619m
[member 0] step 91100/1805100 (ep 1.01) | loss 2.9882 | lr 2.98e-04 | 10.9 it/s | eta 2618m
[member 0] step 91200/1805100 (ep 1.01) | loss 2.9835 | lr 2.98e-04 | 10.9 it/s | eta 2617m
[member 0] step 91300/1805100 (ep 1.01) | loss 2.9864 | lr 2.98e-04 | 10.9 it/s | eta 2617m
[member 0] step 91400/1805100 (ep 1.01) | loss 2.9897 | lr 2.98e-04 | 10.9 it/s | eta 2616m
[member 0] step 91500/1805100 (ep 1.01) | loss 2.9862 | lr 2.98e-04 | 10.9 it/s | eta 2616m
[member 0] step 91600/1805100 (ep 1.01) | loss 2.9874 | lr 2.98e-04 | 10.9 it/s | eta 2615m
[member 0] step 91700/1805100 (ep 1.02) | loss 2.9871 | lr 2.98e-04 | 10.9 it/s | eta 2615m
[member 0] step 91800/1805100 (ep 1.02) | loss 2.9949 | lr 2.98e-04 | 10.9 it/s | eta 2614m
[member 0] step 91900/1805100 (ep 1.02) | loss 2.9882 | lr 2.98e-04 | 10.9 it/s | eta 2613m
[member 0] step 92000/1805100 (ep 1.02) | loss 2.9911 | lr 2.98e-04 | 10.9 it/s | eta 2613m
[member 0] step 92100/1805100 (ep 1.02) | loss 2.9863 | lr 2.98e-04 | 10.9 it/s | eta 2612m
[member 0] step 92200/1805100 (ep 1.02) | loss 2.9877 | lr 2.98e-04 | 10.9 it/s | eta 2612m
[member 0] step 92300/1805100 (ep 1.02) | loss 2.9822 | lr 2.98e-04 | 10.9 it/s | eta 2611m
[member 0] step 92400/1805100 (ep 1.02) | loss 2.9834 | lr 2.98e-04 | 10.9 it/s | eta 2611m
[member 0] step 92500/1805100 (ep 1.02) | loss 2.9836 | lr 2.98e-04 | 10.9 it/s | eta 2610m
[member 0] step 92600/1805100 (ep 1.03) | loss 2.9891 | lr 2.98e-04 | 10.9 it/s | eta 2610m
[member 0] step 92700/1805100 (ep 1.03) | loss 2.9862 | lr 2.98e-04 | 10.9 it/s | eta 2609m
[member 0] step 92800/1805100 (ep 1.03) | loss 2.9868 | lr 2.98e-04 | 10.9 it/s | eta 2609m
[member 0] step 92900/1805100 (ep 1.03) | loss 2.9880 | lr 2.98e-04 | 10.9 it/s | eta 2608m
[member 0] step 93000/1805100 (ep 1.03) | loss 2.9864 | lr 2.98e-04 | 10.9 it/s | eta 2608m
[member 0] step 93100/1805100 (ep 1.03) | loss 2.9855 | lr 2.98e-04 | 10.9 it/s | eta 2607m
[member 0] step 93200/1805100 (ep 1.03) | loss 2.9839 | lr 2.98e-04 | 10.9 it/s | eta 2607m
[member 0] step 93300/1805100 (ep 1.03) | loss 2.9819 | lr 2.98e-04 | 10.9 it/s | eta 2606m
[member 0] step 93400/1805100 (ep 1.03) | loss 2.9886 | lr 2.98e-04 | 10.9 it/s | eta 2606m
[member 0] step 93500/1805100 (ep 1.04) | loss 2.9841 | lr 2.98e-04 | 11.0 it/s | eta 2605m
[member 0] step 93600/1805100 (ep 1.04) | loss 2.9833 | lr 2.98e-04 | 11.0 it/s | eta 2605m
[member 0] step 93700/1805100 (ep 1.04) | loss 2.9854 | lr 2.98e-04 | 11.0 it/s | eta 2604m
[member 0] step 93800/1805100 (ep 1.04) | loss 2.9839 | lr 2.98e-04 | 11.0 it/s | eta 2604m
[member 0] step 93900/1805100 (ep 1.04) | loss 2.9877 | lr 2.98e-04 | 11.0 it/s | eta 2603m
[member 0] step 94000/1805100 (ep 1.04) | loss 2.9866 | lr 2.98e-04 | 11.0 it/s | eta 2603m
[member 0] step 94100/1805100 (ep 1.04) | loss 2.9867 | lr 2.98e-04 | 11.0 it/s | eta 2602m
[member 0] step 94200/1805100 (ep 1.04) | loss 2.9889 | lr 2.98e-04 | 11.0 it/s | eta 2602m
[member 0] step 94300/1805100 (ep 1.04) | loss 2.9815 | lr 2.98e-04 | 11.0 it/s | eta 2601m
[member 0] step 94400/1805100 (ep 1.05) | loss 2.9813 | lr 2.98e-04 | 11.0 it/s | eta 2600m
[member 0] step 94500/1805100 (ep 1.05) | loss 2.9882 | lr 2.98e-04 | 11.0 it/s | eta 2600m
[member 0] step 94600/1805100 (ep 1.05) | loss 2.9825 | lr 2.98e-04 | 11.0 it/s | eta 2600m
[member 0] step 94700/1805100 (ep 1.05) | loss 2.9891 | lr 2.98e-04 | 11.0 it/s | eta 2599m
[member 0] step 94800/1805100 (ep 1.05) | loss 2.9834 | lr 2.98e-04 | 11.0 it/s | eta 2599m
[member 0] step 94900/1805100 (ep 1.05) | loss 2.9858 | lr 2.98e-04 | 11.0 it/s | eta 2598m
[member 0] step 95000/1805100 (ep 1.05) | loss 2.9861 | lr 2.98e-04 | 11.0 it/s | eta 2598m
[member 0] step 95100/1805100 (ep 1.05) | loss 2.9814 | lr 2.98e-04 | 11.0 it/s | eta 2597m
[member 0] step 95200/1805100 (ep 1.05) | loss 2.9816 | lr 2.98e-04 | 11.0 it/s | eta 2597m
[member 0] step 95300/1805100 (ep 1.06) | loss 2.9778 | lr 2.98e-04 | 11.0 it/s | eta 2596m
[member 0] step 95400/1805100 (ep 1.06) | loss 2.9835 | lr 2.98e-04 | 11.0 it/s | eta 2596m
[member 0] step 95500/1805100 (ep 1.06) | loss 2.9868 | lr 2.98e-04 | 11.0 it/s | eta 2595m
[member 0] step 95600/1805100 (ep 1.06) | loss 2.9812 | lr 2.98e-04 | 11.0 it/s | eta 2595m
[member 0] step 95700/1805100 (ep 1.06) | loss 2.9837 | lr 2.98e-04 | 11.0 it/s | eta 2594m
[member 0] step 95800/1805100 (ep 1.06) | loss 2.9873 | lr 2.98e-04 | 11.0 it/s | eta 2594m
[member 0] step 95900/1805100 (ep 1.06) | loss 2.9872 | lr 2.98e-04 | 11.0 it/s | eta 2593m
[member 0] step 96000/1805100 (ep 1.06) | loss 2.9805 | lr 2.98e-04 | 11.0 it/s | eta 2593m
[member 0] step 96100/1805100 (ep 1.06) | loss 2.9851 | lr 2.98e-04 | 11.0 it/s | eta 2592m
[member 0] step 96200/1805100 (ep 1.07) | loss 2.9802 | lr 2.98e-04 | 11.0 it/s | eta 2592m
[member 0] step 96300/1805100 (ep 1.07) | loss 2.9783 | lr 2.98e-04 | 11.0 it/s | eta 2591m
[member 0] step 96400/1805100 (ep 1.07) | loss 2.9862 | lr 2.98e-04 | 11.0 it/s | eta 2591m
[member 0] step 96500/1805100 (ep 1.07) | loss 2.9825 | lr 2.98e-04 | 11.0 it/s | eta 2590m
[member 0] step 96600/1805100 (ep 1.07) | loss 2.9849 | lr 2.98e-04 | 11.0 it/s | eta 2590m
[member 0] step 96700/1805100 (ep 1.07) | loss 2.9812 | lr 2.98e-04 | 11.0 it/s | eta 2589m
[member 0] step 96800/1805100 (ep 1.07) | loss 2.9820 | lr 2.98e-04 | 11.0 it/s | eta 2589m
[member 0] step 96900/1805100 (ep 1.07) | loss 2.9881 | lr 2.98e-04 | 11.0 it/s | eta 2588m
[member 0] step 97000/1805100 (ep 1.07) | loss 2.9843 | lr 2.98e-04 | 11.0 it/s | eta 2588m
[member 0] step 97100/1805100 (ep 1.08) | loss 2.9820 | lr 2.98e-04 | 11.0 it/s | eta 2587m
[member 0] step 97200/1805100 (ep 1.08) | loss 2.9817 | lr 2.98e-04 | 11.0 it/s | eta 2587m
[member 0] step 97300/1805100 (ep 1.08) | loss 2.9838 | lr 2.98e-04 | 11.0 it/s | eta 2586m
[member 0] step 97400/1805100 (ep 1.08) | loss 2.9861 | lr 2.98e-04 | 11.0 it/s | eta 2586m
[member 0] step 97500/1805100 (ep 1.08) | loss 2.9809 | lr 2.98e-04 | 11.0 it/s | eta 2585m
[member 0] step 97600/1805100 (ep 1.08) | loss 2.9764 | lr 2.98e-04 | 11.0 it/s | eta 2585m
[member 0] step 97700/1805100 (ep 1.08) | loss 2.9798 | lr 2.98e-04 | 11.0 it/s | eta 2584m
[member 0] step 97800/1805100 (ep 1.08) | loss 2.9788 | lr 2.98e-04 | 11.0 it/s | eta 2584m
[member 0] step 97900/1805100 (ep 1.08) | loss 2.9788 | lr 2.98e-04 | 11.0 it/s | eta 2583m
[member 0] step 98000/1805100 (ep 1.09) | loss 2.9835 | lr 2.98e-04 | 11.0 it/s | eta 2583m
[member 0] step 98100/1805100 (ep 1.09) | loss 2.9784 | lr 2.98e-04 | 11.0 it/s | eta 2583m
[member 0] step 98200/1805100 (ep 1.09) | loss 2.9793 | lr 2.98e-04 | 11.0 it/s | eta 2582m
[member 0] step 98300/1805100 (ep 1.09) | loss 2.9797 | lr 2.98e-04 | 11.0 it/s | eta 2582m
[member 0] step 98400/1805100 (ep 1.09) | loss 2.9802 | lr 2.98e-04 | 11.0 it/s | eta 2581m
[member 0] step 98500/1805100 (ep 1.09) | loss 2.9789 | lr 2.98e-04 | 11.0 it/s | eta 2581m
[member 0] step 98600/1805100 (ep 1.09) | loss 2.9825 | lr 2.98e-04 | 11.0 it/s | eta 2580m
[member 0] step 98700/1805100 (ep 1.09) | loss 2.9786 | lr 2.98e-04 | 11.0 it/s | eta 2580m
[member 0] step 98800/1805100 (ep 1.09) | loss 2.9787 | lr 2.98e-04 | 11.0 it/s | eta 2579m
[member 0] step 98900/1805100 (ep 1.10) | loss 2.9840 | lr 2.98e-04 | 11.0 it/s | eta 2579m
[member 0] step 99000/1805100 (ep 1.10) | loss 2.9840 | lr 2.98e-04 | 11.0 it/s | eta 2578m
[member 0] step 99100/1805100 (ep 1.10) | loss 2.9825 | lr 2.98e-04 | 11.0 it/s | eta 2578m
[member 0] step 99200/1805100 (ep 1.10) | loss 2.9771 | lr 2.98e-04 | 11.0 it/s | eta 2577m
[member 0] step 99300/1805100 (ep 1.10) | loss 2.9824 | lr 2.98e-04 | 11.0 it/s | eta 2577m
[member 0] step 99400/1805100 (ep 1.10) | loss 2.9874 | lr 2.98e-04 | 11.0 it/s | eta 2576m
[member 0] step 99500/1805100 (ep 1.10) | loss 2.9783 | lr 2.98e-04 | 11.0 it/s | eta 2576m
[member 0] step 99600/1805100 (ep 1.10) | loss 2.9829 | lr 2.98e-04 | 11.0 it/s | eta 2575m
[member 0] step 99700/1805100 (ep 1.10) | loss 2.9745 | lr 2.98e-04 | 11.0 it/s | eta 2575m
[member 0] step 99800/1805100 (ep 1.11) | loss 2.9712 | lr 2.98e-04 | 11.0 it/s | eta 2575m
[member 0] step 99900/1805100 (ep 1.11) | loss 2.9832 | lr 2.98e-04 | 11.0 it/s | eta 2574m
[member 0] step 100000/1805100 (ep 1.11) | loss 2.9821 | lr 2.98e-04 | 11.0 it/s | eta 2574m
[member 0] EVAL step 100000 (ep 1.11) | val_ce 4.0340 | best 3.5569 | base 3.5478 MISS | no-improve 9/10
[member 0] step 100100/1805100 (ep 1.11) | loss 2.9816 | lr 2.98e-04 | 10.9 it/s | eta 2608m
[member 0] step 100200/1805100 (ep 1.11) | loss 2.9744 | lr 2.98e-04 | 10.9 it/s | eta 2607m
[member 0] step 100300/1805100 (ep 1.11) | loss 2.9758 | lr 2.98e-04 | 10.9 it/s | eta 2607m
[member 0] step 100400/1805100 (ep 1.11) | loss 2.9831 | lr 2.98e-04 | 10.9 it/s | eta 2606m
[member 0] step 100500/1805100 (ep 1.11) | loss 2.9824 | lr 2.98e-04 | 10.9 it/s | eta 2606m
[member 0] step 100600/1805100 (ep 1.11) | loss 2.9795 | lr 2.98e-04 | 10.9 it/s | eta 2605m
[member 0] step 100700/1805100 (ep 1.12) | loss 2.9803 | lr 2.98e-04 | 10.9 it/s | eta 2605m
[member 0] step 100800/1805100 (ep 1.12) | loss 2.9759 | lr 2.98e-04 | 10.9 it/s | eta 2604m
[member 0] step 100900/1805100 (ep 1.12) | loss 2.9793 | lr 2.98e-04 | 10.9 it/s | eta 2604m
[member 0] step 101000/1805100 (ep 1.12) | loss 2.9740 | lr 2.98e-04 | 10.9 it/s | eta 2603m
[member 0] step 101100/1805100 (ep 1.12) | loss 2.9787 | lr 2.98e-04 | 10.9 it/s | eta 2603m
[member 0] step 101200/1805100 (ep 1.12) | loss 2.9795 | lr 2.98e-04 | 10.9 it/s | eta 2602m
[member 0] step 101300/1805100 (ep 1.12) | loss 2.9768 | lr 2.98e-04 | 10.9 it/s | eta 2602m
[member 0] step 101400/1805100 (ep 1.12) | loss 2.9760 | lr 2.98e-04 | 10.9 it/s | eta 2601m
[member 0] step 101500/1805100 (ep 1.12) | loss 2.9790 | lr 2.98e-04 | 10.9 it/s | eta 2601m
[member 0] step 101600/1805100 (ep 1.13) | loss 2.9733 | lr 2.98e-04 | 10.9 it/s | eta 2600m
[member 0] step 101700/1805100 (ep 1.13) | loss 2.9733 | lr 2.98e-04 | 10.9 it/s | eta 2600m
[member 0] step 101800/1805100 (ep 1.13) | loss 2.9816 | lr 2.98e-04 | 10.9 it/s | eta 2599m
[member 0] step 101900/1805100 (ep 1.13) | loss 2.9827 | lr 2.98e-04 | 10.9 it/s | eta 2599m
[member 0] step 102000/1805100 (ep 1.13) | loss 2.9759 | lr 2.98e-04 | 10.9 it/s | eta 2598m
[member 0] step 102100/1805100 (ep 1.13) | loss 2.9805 | lr 2.98e-04 | 10.9 it/s | eta 2598m
[member 0] step 102200/1805100 (ep 1.13) | loss 2.9744 | lr 2.98e-04 | 10.9 it/s | eta 2597m
[member 0] step 102300/1805100 (ep 1.13) | loss 2.9745 | lr 2.98e-04 | 10.9 it/s | eta 2597m
[member 0] step 102400/1805100 (ep 1.13) | loss 2.9738 | lr 2.98e-04 | 10.9 it/s | eta 2596m
[member 0] step 102500/1805100 (ep 1.14) | loss 2.9782 | lr 2.98e-04 | 10.9 it/s | eta 2596m
[member 0] step 102600/1805100 (ep 1.14) | loss 2.9733 | lr 2.98e-04 | 10.9 it/s | eta 2595m
[member 0] step 102700/1805100 (ep 1.14) | loss 2.9731 | lr 2.98e-04 | 10.9 it/s | eta 2595m
[member 0] step 102800/1805100 (ep 1.14) | loss 2.9803 | lr 2.98e-04 | 10.9 it/s | eta 2594m
[member 0] step 102900/1805100 (ep 1.14) | loss 2.9812 | lr 2.98e-04 | 10.9 it/s | eta 2594m
[member 0] step 103000/1805100 (ep 1.14) | loss 2.9744 | lr 2.98e-04 | 10.9 it/s | eta 2594m
[member 0] step 103100/1805100 (ep 1.14) | loss 2.9722 | lr 2.98e-04 | 10.9 it/s | eta 2593m
[member 0] step 103200/1805100 (ep 1.14) | loss 2.9749 | lr 2.98e-04 | 10.9 it/s | eta 2593m
[member 0] step 103300/1805100 (ep 1.14) | loss 2.9761 | lr 2.98e-04 | 10.9 it/s | eta 2592m
[member 0] step 103400/1805100 (ep 1.15) | loss 2.9780 | lr 2.98e-04 | 10.9 it/s | eta 2592m
[member 0] step 103500/1805100 (ep 1.15) | loss 2.9739 | lr 2.98e-04 | 10.9 it/s | eta 2591m
[member 0] step 103600/1805100 (ep 1.15) | loss 2.9843 | lr 2.98e-04 | 10.9 it/s | eta 2591m
[member 0] step 103700/1805100 (ep 1.15) | loss 2.9788 | lr 2.98e-04 | 10.9 it/s | eta 2590m
[member 0] step 103800/1805100 (ep 1.15) | loss 2.9772 | lr 2.98e-04 | 10.9 it/s | eta 2590m
[member 0] step 103900/1805100 (ep 1.15) | loss 2.9766 | lr 2.98e-04 | 11.0 it/s | eta 2589m
[member 0] step 104000/1805100 (ep 1.15) | loss 2.9774 | lr 2.98e-04 | 11.0 it/s | eta 2589m
[member 0] step 104100/1805100 (ep 1.15) | loss 2.9743 | lr 2.98e-04 | 11.0 it/s | eta 2588m
[member 0] step 104200/1805100 (ep 1.15) | loss 2.9765 | lr 2.98e-04 | 11.0 it/s | eta 2588m
[member 0] step 104300/1805100 (ep 1.16) | loss 2.9772 | lr 2.98e-04 | 11.0 it/s | eta 2587m
[member 0] step 104400/1805100 (ep 1.16) | loss 2.9751 | lr 2.98e-04 | 11.0 it/s | eta 2587m
[member 0] step 104500/1805100 (ep 1.16) | loss 2.9747 | lr 2.98e-04 | 11.0 it/s | eta 2586m
[member 0] step 104600/1805100 (ep 1.16) | loss 2.9744 | lr 2.98e-04 | 11.0 it/s | eta 2586m
[member 0] step 104700/1805100 (ep 1.16) | loss 2.9744 | lr 2.98e-04 | 11.0 it/s | eta 2585m
[member 0] step 104800/1805100 (ep 1.16) | loss 2.9684 | lr 2.98e-04 | 11.0 it/s | eta 2585m
[member 0] step 104900/1805100 (ep 1.16) | loss 2.9707 | lr 2.98e-04 | 11.0 it/s | eta 2585m
[member 0] step 105000/1805100 (ep 1.16) | loss 2.9744 | lr 2.98e-04 | 11.0 it/s | eta 2584m
[member 0] step 105100/1805100 (ep 1.16) | loss 2.9731 | lr 2.98e-04 | 11.0 it/s | eta 2584m
[member 0] step 105200/1805100 (ep 1.17) | loss 2.9748 | lr 2.98e-04 | 11.0 it/s | eta 2583m
[member 0] step 105300/1805100 (ep 1.17) | loss 2.9714 | lr 2.98e-04 | 11.0 it/s | eta 2583m
[member 0] step 105400/1805100 (ep 1.17) | loss 2.9745 | lr 2.98e-04 | 11.0 it/s | eta 2582m
[member 0] step 105500/1805100 (ep 1.17) | loss 2.9792 | lr 2.98e-04 | 11.0 it/s | eta 2582m
[member 0] step 105600/1805100 (ep 1.17) | loss 2.9768 | lr 2.98e-04 | 11.0 it/s | eta 2581m
[member 0] step 105700/1805100 (ep 1.17) | loss 2.9680 | lr 2.98e-04 | 11.0 it/s | eta 2581m
[member 0] step 105800/1805100 (ep 1.17) | loss 2.9739 | lr 2.98e-04 | 11.0 it/s | eta 2580m
[member 0] step 105900/1805100 (ep 1.17) | loss 2.9817 | lr 2.98e-04 | 11.0 it/s | eta 2580m
[member 0] step 106000/1805100 (ep 1.17) | loss 2.9799 | lr 2.98e-04 | 11.0 it/s | eta 2579m
[member 0] step 106100/1805100 (ep 1.18) | loss 2.9749 | lr 2.98e-04 | 11.0 it/s | eta 2579m
[member 0] step 106200/1805100 (ep 1.18) | loss 2.9748 | lr 2.98e-04 | 11.0 it/s | eta 2578m
[member 0] step 106300/1805100 (ep 1.18) | loss 2.9706 | lr 2.98e-04 | 11.0 it/s | eta 2578m
[member 0] step 106400/1805100 (ep 1.18) | loss 2.9749 | lr 2.98e-04 | 11.0 it/s | eta 2578m
[member 0] step 106500/1805100 (ep 1.18) | loss 2.9721 | lr 2.98e-04 | 11.0 it/s | eta 2577m
[member 0] step 106600/1805100 (ep 1.18) | loss 2.9688 | lr 2.98e-04 | 11.0 it/s | eta 2577m
[member 0] step 106700/1805100 (ep 1.18) | loss 2.9667 | lr 2.98e-04 | 11.0 it/s | eta 2576m
[member 0] step 106800/1805100 (ep 1.18) | loss 2.9720 | lr 2.98e-04 | 11.0 it/s | eta 2576m
[member 0] step 106900/1805100 (ep 1.18) | loss 2.9717 | lr 2.98e-04 | 11.0 it/s | eta 2575m
[member 0] step 107000/1805100 (ep 1.19) | loss 2.9775 | lr 2.98e-04 | 11.0 it/s | eta 2575m
[member 0] step 107100/1805100 (ep 1.19) | loss 2.9724 | lr 2.98e-04 | 11.0 it/s | eta 2574m
[member 0] step 107200/1805100 (ep 1.19) | loss 2.9720 | lr 2.98e-04 | 11.0 it/s | eta 2574m
[member 0] step 107300/1805100 (ep 1.19) | loss 2.9727 | lr 2.98e-04 | 11.0 it/s | eta 2573m
[member 0] step 107400/1805100 (ep 1.19) | loss 2.9707 | lr 2.98e-04 | 11.0 it/s | eta 2573m
[member 0] step 107500/1805100 (ep 1.19) | loss 2.9751 | lr 2.98e-04 | 11.0 it/s | eta 2573m
[member 0] step 107600/1805100 (ep 1.19) | loss 2.9781 | lr 2.98e-04 | 11.0 it/s | eta 2572m
[member 0] step 107700/1805100 (ep 1.19) | loss 2.9715 | lr 2.98e-04 | 11.0 it/s | eta 2572m
[member 0] step 107800/1805100 (ep 1.19) | loss 2.9706 | lr 2.98e-04 | 11.0 it/s | eta 2571m
[member 0] step 107900/1805100 (ep 1.20) | loss 2.9721 | lr 2.98e-04 | 11.0 it/s | eta 2571m
[member 0] step 108000/1805100 (ep 1.20) | loss 2.9668 | lr 2.98e-04 | 11.0 it/s | eta 2570m
[member 0] step 108100/1805100 (ep 1.20) | loss 2.9700 | lr 2.98e-04 | 11.0 it/s | eta 2570m
[member 0] step 108200/1805100 (ep 1.20) | loss 2.9679 | lr 2.98e-04 | 11.0 it/s | eta 2569m
[member 0] step 108300/1805100 (ep 1.20) | loss 2.9681 | lr 2.98e-04 | 11.0 it/s | eta 2569m
[member 0] step 108400/1805100 (ep 1.20) | loss 2.9632 | lr 2.98e-04 | 11.0 it/s | eta 2569m
[member 0] step 108500/1805100 (ep 1.20) | loss 2.9742 | lr 2.98e-04 | 11.0 it/s | eta 2568m
[member 0] step 108600/1805100 (ep 1.20) | loss 2.9656 | lr 2.98e-04 | 11.0 it/s | eta 2568m
[member 0] step 108700/1805100 (ep 1.20) | loss 2.9674 | lr 2.98e-04 | 11.0 it/s | eta 2567m
[member 0] step 108800/1805100 (ep 1.21) | loss 2.9718 | lr 2.98e-04 | 11.0 it/s | eta 2567m
[member 0] step 108900/1805100 (ep 1.21) | loss 2.9720 | lr 2.98e-04 | 11.0 it/s | eta 2566m
[member 0] step 109000/1805100 (ep 1.21) | loss 2.9686 | lr 2.98e-04 | 11.0 it/s | eta 2566m
[member 0] step 109100/1805100 (ep 1.21) | loss 2.9680 | lr 2.98e-04 | 11.0 it/s | eta 2565m
[member 0] step 109200/1805100 (ep 1.21) | loss 2.9695 | lr 2.98e-04 | 11.0 it/s | eta 2565m
[member 0] step 109300/1805100 (ep 1.21) | loss 2.9675 | lr 2.98e-04 | 11.0 it/s | eta 2565m
[member 0] step 109400/1805100 (ep 1.21) | loss 2.9664 | lr 2.98e-04 | 11.0 it/s | eta 2564m
[member 0] step 109500/1805100 (ep 1.21) | loss 2.9759 | lr 2.98e-04 | 11.0 it/s | eta 2564m
[member 0] step 109600/1805100 (ep 1.21) | loss 2.9691 | lr 2.98e-04 | 11.0 it/s | eta 2563m
[member 0] step 109700/1805100 (ep 1.22) | loss 2.9719 | lr 2.98e-04 | 11.0 it/s | eta 2563m
[member 0] step 109800/1805100 (ep 1.22) | loss 2.9706 | lr 2.98e-04 | 11.0 it/s | eta 2562m
[member 0] step 109900/1805100 (ep 1.22) | loss 2.9656 | lr 2.98e-04 | 11.0 it/s | eta 2562m
[member 0] step 110000/1805100 (ep 1.22) | loss 2.9671 | lr 2.98e-04 | 11.0 it/s | eta 2561m
[member 0] EVAL step 110000 (ep 1.22) | val_ce 4.0449 | best 3.5569 | base 3.5478 MISS | no-improve 10/10
[member 0] done | 110000 steps | best val CE 3.5569 | 168.3 min
[v5] member 0 (seed 42) best val CE = 3.5569
[v5] trained members [0, 1); checkpoints in /root/stonks/models/v5. Once all 4 exist, run --forecast-only (same --seed/--members/universe) to write temperatures, artifacts, and forecasts.
[v5] done (partial run).
