date,open,high,low,close,volume
2015-06-24,5.0,5.4999,4.5,4.96,1657038.0
2015-06-25,5.01,5.08,4.55,4.78,279339.0
2015-06-26,4.75,4.8022,4.51,4.69,101717.0
2015-06-29,4.75,4.78,4.4,4.41,72924.0
2015-06-30,4.41,4.59,3.8022,4.45,123549.0
2015-07-01,4.49,4.7,4.45,4.58,60640.0
2015-07-02,4.46,4.6,4.45,4.5,18056.0
2015-07-06,4.69,4.69,4.21,4.42,18001.0
2015-07-07,4.4,4.64,4.3,4.48,197771.0
2015-07-08,4.4,4.49,4.22,4.34,105211.0
2015-07-09,4.4,4.49,4.27,4.34,61054.0
2015-07-10,4.34,4.3927,4.15,4.29,26840.0
2015-07-13,4.28,4.29,3.9432,4.1,85976.0
2015-07-14,4.1,4.15,3.91,4.0,23556.0
2015-07-15,4.0,4.0799,3.82,3.94,48148.0
2015-07-16,3.9,3.92,3.57,3.69,93028.0
2015-07-17,3.61,3.86,3.58,3.85,95883.0
2015-07-20,3.6,3.71,3.53,3.53,36760.0
2015-07-21,3.61,3.618,3.13,3.39,29827.0
2015-07-22,3.4,3.7,3.02,3.55,284750.0
2015-07-23,3.8,4.45,3.56,4.41,281462.0
2015-07-24,4.69,4.69,3.96,4.1599,102179.0
2015-07-27,4.05,4.3,3.75,3.95,29711.0
2015-07-28,3.81,3.98,3.81,3.85,28730.0
2015-07-29,3.86,4.04,3.86,4.0,6102.0
2015-07-30,4.0,4.0,3.348,3.69,99967.0
2015-07-31,3.62,3.8399,3.5,3.67,4399.0
2015-08-03,3.52,3.89,3.52,3.85,17177.0
2015-08-04,3.85,3.93,3.71,3.87,6539.0
2015-08-05,3.91,3.91,3.54,3.59,14397.0
2015-08-06,3.73,3.73,3.25,3.4,24081.0
2015-08-07,3.4,3.6,3.38,3.445,23400.0
2015-08-10,3.4,3.8299,3.4,3.57,48909.0
2015-08-11,3.532,3.77,3.48,3.56,7481.0
2015-08-12,3.5,3.5799,3.06,3.23,48719.0
2015-08-13,3.25,3.25,3.03,3.07,11864.0
2015-08-14,3.0301,3.24,3.03,3.18,11138.0
2015-08-17,3.22,4.42,3.22,3.51,1247135.0
2015-08-18,3.26,3.63,3.25,3.29,140033.0
2015-08-19,3.201,3.25,2.79,2.95,135447.0
2015-08-20,2.93,3.198,2.7,2.91,105922.0
2015-08-21,2.9,2.98,2.51,2.7,89990.0
2015-08-24,2.5,2.86,2.5,2.77,26546.0
2015-08-25,2.63,3.39,2.63,2.9,156347.0
2015-08-26,3.02,3.1799,2.9001,3.08,23624.0
2015-08-27,2.8301,3.2,2.8301,2.86,46691.0
2015-08-28,2.7,3.45,2.63,3.23,161536.0
2015-08-31,3.2,3.5,3.13,3.29,127047.0
2015-09-01,3.25,3.25,3.01,3.12,48278.0
2015-09-02,3.0366,3.25,3.0,3.23,32088.0
2015-09-03,3.23,3.4,3.14,3.37,51008.0
2015-09-04,3.34,3.39,3.05,3.3,15982.0
2015-09-08,3.25,3.37,3.05,3.23,27218.0
2015-09-09,3.09,3.37,3.09,3.3,13483.0
2015-09-10,3.3,3.38,3.1801,3.34,14343.0
2015-09-11,3.34,3.4,3.23,3.38,18877.0
2015-09-14,3.26,3.39,3.0,3.36,34742.0
2015-09-15,3.21,3.34,3.06,3.19,10313.0
2015-09-16,3.19,3.34,3.18,3.3,8482.0
2015-09-17,3.09,3.34,3.05,3.15,47851.0
2015-09-18,3.26,3.26,2.5,2.5,99435.0
2015-09-21,2.9,3.39,2.86,2.985,161750.0
2015-09-22,2.91,3.1699,2.86,3.0,63291.0
2015-09-23,3.03,3.1348,2.73,2.96,22137.0
2015-09-24,2.91,2.95,2.8,2.9,30367.0
2015-09-25,2.89,3.05,2.66,2.68,63860.0
2015-09-28,2.6,2.7399,2.5,2.5,52470.0
2015-09-29,2.5001,2.56,2.01,2.08,71778.0
2015-09-30,2.15,2.27,2.0,2.05,45695.0
2015-10-01,2.1,2.34,2.1,2.2,19731.0
2015-10-02,2.1524,2.4,2.1524,2.4,18217.0
2015-10-05,2.39,2.485,2.39,2.45,12450.0
2015-10-06,2.5,2.53,2.38,2.43,14265.0
2015-10-07,2.3001,2.4799,2.3001,2.39,6656.0
2015-10-08,2.3701,2.4451,2.3701,2.42,1801.0
2015-10-09,2.47,2.52,2.4535,2.4535,2607.0
2015-10-12,2.46,2.4794,2.32,2.47,10133.0
2015-10-13,2.3849,2.404,2.2,2.25,12353.0
2015-10-14,2.23,2.3,2.15,2.27,4061.0
2015-10-15,2.34,2.43,2.31,2.43,3021.0
2015-10-16,2.4501,2.6,2.4501,2.59,10826.0
2015-10-19,2.4086,2.6,2.4086,2.45,7671.0
2015-10-20,2.3901,2.44,2.25,2.29,9286.0
2015-10-21,2.33,2.52,2.33,2.43,16739.0
2015-10-22,2.4,2.54,2.21,2.373,8896.0
2015-10-23,2.26,2.55,2.2326,2.5096,3913.0
2015-10-26,2.4101,2.5899,2.4101,2.4544,1214.0
2015-10-27,2.26,2.305,2.15,2.28,27945.0
2015-10-28,2.43,2.44,2.2901,2.4,6124.0
2015-10-29,2.34,2.35,2.3256,2.34,4231.0
2015-10-30,2.389,2.411,2.35,2.36,11672.0
2015-11-02,2.38,2.39,2.25,2.3,4162.0
2015-11-03,2.306,2.341,2.25,2.28,7536.0
2015-11-04,2.27,2.3299,2.15,2.15,14468.0
2015-11-05,2.2,2.275,2.2,2.242,8394.0
2015-11-06,2.32,2.34,2.25,2.3,33308.0
2015-11-09,2.34,2.485,2.062,2.35,26206.0
2015-11-10,2.26,2.32,2.17,2.24,32861.0
2015-11-11,2.3072,2.3072,2.18,2.24,26365.0
2015-11-12,2.2899,2.2899,2.22,2.22,34459.0
2015-11-13,2.18,2.235,2.16,2.22,7210.0
2015-11-16,2.2112,2.35,2.16,2.35,18835.0
2015-11-17,2.37,2.45,2.23,2.32,21750.0
2015-11-18,2.35,2.375,2.18,2.21,64839.0
2015-11-19,2.2499,2.45,2.22,2.38,79441.0
2015-11-20,2.39,2.4,2.26,2.32,48327.0
2015-11-23,2.38,2.4,2.22,2.236,67900.0
2015-11-24,2.28,2.4,2.17,2.18,62731.0
2015-11-25,2.29,2.31,2.11,2.27,70871.0
2015-11-27,2.32,2.38,2.15,2.25,57124.0
2015-11-30,2.26,2.27,2.1739,2.1799,44848.0
2015-12-01,2.17,2.21,2.13,2.1999,76114.0
2015-12-02,2.27,2.63,2.2,2.35,346950.0
2015-12-03,2.36,2.504,2.25,2.27,45842.0
2015-12-04,2.35,2.4209,2.26,2.26,31378.0
2015-12-07,2.27,2.32,2.11,2.2,88854.0
2015-12-08,2.18,2.26,2.13,2.2,72524.0
2015-12-09,2.201,2.208,2.16,2.1701,59138.0
2015-12-10,2.18,2.21,2.13,2.16,67000.0
2015-12-11,2.14,2.16,1.91,1.99,241295.0
2015-12-14,1.9316,1.962,1.61,1.61,237681.0
2015-12-15,1.69,1.97,1.69,1.69,129207.0
2015-12-16,1.7,1.89,1.7,1.75,55045.0
2015-12-17,1.75,1.8599,1.6183,1.6701,49209.0
2015-12-18,1.65,1.86,1.65,1.79,26828.0
2015-12-21,1.82,2.12,1.7201,2.12,236297.0
2015-12-22,2.0,2.1695,1.86,1.96,164548.0
2015-12-23,1.9408,2.05,1.92,2.0,15511.0
2015-12-24,1.97,1.97,1.81,1.9,40036.0
2015-12-28,1.87,2.0,1.76,1.77,156094.0
2015-12-29,1.78,1.839,1.63,1.79,391585.0
2015-12-30,1.75,1.76,1.7,1.75,24622.0
2015-12-31,1.69,1.75,1.54,1.7,38028.0
2016-01-04,1.7,1.7,1.5316,1.63,45183.0
2016-01-05,1.68,1.72,1.53,1.6399,16914.0
2016-01-06,1.68,1.76,1.31,1.49,387271.0
2016-01-07,1.675,1.675,1.39,1.52,80242.0
2016-01-08,1.64,1.64,1.47,1.56,89897.0
2016-01-11,1.5,1.5299,1.32,1.37,114511.0
2016-01-12,1.46,1.47,1.12,1.4,105462.0
2016-01-13,1.406,1.56,1.27,1.34,18568.0
2016-01-14,1.41,1.419,1.27,1.35,15747.0
2016-01-15,1.39,1.44,1.2334,1.3301,23968.0
2016-01-19,1.2828,1.45,1.08,1.45,390405.0
2016-01-20,1.35,1.35,1.1358,1.28,67860.0
2016-01-21,1.18,1.41,1.1301,1.36,55581.0
2016-01-22,1.41,1.4582,1.22,1.36,60640.0
2016-01-25,1.37,1.4,1.27,1.37,26464.0
2016-01-26,1.36,1.4599,1.36,1.39,53416.0
2016-01-27,1.45,1.45,1.27,1.29,29421.0
2016-01-28,1.32,1.36,1.27,1.31,17256.0
2016-01-29,1.36,1.3752,1.27,1.37,24985.0
2016-02-01,1.32,1.32,1.16,1.16,20217.0
2016-02-02,1.1501,1.24,1.1501,1.2166,21126.0
2016-02-03,1.2,1.33,1.09,1.216,71975.0
2016-02-04,1.2375,1.3352,1.15,1.2757,22521.0
2016-02-05,1.3042,1.3599,1.09,1.19,71644.0
2016-02-08,1.2399,1.2399,1.02,1.22,90516.0
2016-02-09,1.04,1.1289,0.9807,1.07,27550.0
2016-02-10,1.07,1.6883,1.07,1.41,164751.0
2016-02-11,1.45,1.55,1.2601,1.51,121516.0
2016-02-12,1.581,1.581,1.41,1.4101,19069.0
2016-02-16,1.401,1.47,1.32,1.46,15950.0
2016-02-17,1.5,1.665,1.28,1.41,178463.0
2016-02-18,1.35,1.5005,1.35,1.476,6208.0
2016-02-19,1.57,1.65,1.5001,1.5307,13201.0
2016-02-22,1.5996,1.66,1.56,1.59,33200.0
2016-02-23,1.68,1.72,1.5,1.5346,39369.0
2016-02-24,1.55,1.65,1.42,1.55,68561.0
2016-02-25,1.58,1.72,1.5,1.55,59146.0
2016-02-26,1.56,1.56,1.4301,1.4938,20764.0
2016-02-29,1.52,1.53,1.4008,1.45,8053.0
2016-03-01,1.6399,1.71,1.5016,1.55,78267.0
2016-03-02,1.5,1.6,1.38,1.5,49217.0
2016-03-03,1.54,1.55,1.523,1.5499,7279.0
2016-03-04,1.4422,1.5499,1.4422,1.5,22618.0
2016-03-07,1.5,1.73,1.47,1.55,41333.0
2016-03-08,1.56,1.56,1.4201,1.5,15460.0
2016-03-09,1.4899,1.7599,1.4201,1.66,38996.0
2016-03-10,1.6282,1.78,1.57,1.78,48903.0
2016-03-11,1.69,1.79,1.6733,1.785,8687.0
2016-03-14,1.7585,1.79,1.72,1.73,11742.0
2016-03-15,1.7,1.72,1.32,1.63,128032.0
2016-03-16,1.63,1.63,1.39,1.42,36657.0
2016-03-17,1.39,1.51,1.39,1.405,17246.0
2016-03-18,1.43,1.46,1.26,1.32,54600.0
2016-03-21,1.28,1.4299,1.28,1.38,32786.0
2016-03-22,1.4,1.48,1.26,1.31,104714.0
2016-03-23,1.34,1.39,1.0698,1.15,264679.0
2016-03-24,1.18,1.23,1.08,1.12,121028.0
2016-03-28,1.16,1.21,1.07,1.15,28245.0
2016-03-29,1.15,1.18,1.03,1.1,50544.0
2016-03-30,1.07,1.24,1.07,1.1,15550.0
2016-03-31,1.11,1.17,1.11,1.13,9352.0
2016-04-01,1.14,1.2001,1.14,1.18,31873.0
2016-04-04,1.18,1.2949,1.12,1.18,52452.0
2016-04-05,1.11,1.29,1.1,1.18,63513.0
2016-04-06,1.21,1.402,1.17,1.26,118385.0
2016-04-07,1.18,1.49,1.18,1.45,126676.0
2016-04-08,1.46,1.54,1.2701,1.38,136366.0
2016-04-11,1.4,1.42,1.2966,1.33,68808.0
2016-04-12,1.3301,1.4,1.25,1.39,74463.0
2016-04-13,1.36,1.41,1.26,1.4,110072.0
2016-04-14,1.51,1.64,1.46,1.49,102053.0
2016-04-15,1.51,1.5899,1.51,1.52,12545.0
2016-04-18,1.558,1.82,1.558,1.7,151193.0
2016-04-19,1.65,1.71,1.61,1.65,31811.0
2016-04-20,1.6,1.656,1.52,1.6,6055.0
2016-04-21,1.5701,1.68,1.5701,1.64,18790.0
2016-04-22,1.65,1.6999,1.5476,1.64,13714.0
2016-04-25,1.5729,1.68,1.5729,1.62,5643.0
2016-04-26,1.65,1.65,1.5428,1.57,12219.0
2016-04-27,1.6001,1.65,1.5605,1.61,6883.0
2016-04-28,1.61,1.67,1.6,1.61,5778.0
2016-04-29,1.6383,1.68,1.57,1.63,25305.0
2016-05-02,1.63,1.85,1.63,1.72,22890.0
2016-05-03,1.7,1.87,1.64,1.76,29935.0
2016-05-04,1.68,1.875,1.68,1.73,17877.0
2016-05-05,1.8,1.86,1.75,1.8,20284.0
2016-05-06,1.85,1.8688,1.7605,1.8,21249.0
2016-05-09,1.87,1.89,1.72,1.72,40869.0
2016-05-10,1.72,1.82,1.72,1.75,5532.0
2016-05-11,1.7943,1.7943,1.79,1.79,777.0
2016-05-12,1.7943,1.81,1.7,1.72,8449.0
2016-05-13,1.699,1.75,1.699,1.72,12012.0
2016-05-16,1.73,1.73,1.71,1.71,1689.0
2016-05-17,1.68,1.68,1.6,1.66,5188.0
2016-05-18,1.5901,1.6483,1.55,1.55,1236.0
2016-05-19,1.699,1.7,1.53,1.53,7290.0
2016-05-20,1.5601,1.66,1.5,1.6,8754.0
2016-05-23,1.6,1.675,1.51,1.6,1794.0
2016-05-24,1.64,1.64,1.64,1.64,314.0
2016-05-25,1.64,1.69,1.6,1.6601,12547.0
2016-05-26,1.5801,1.695,1.5801,1.64,5072.0
2016-05-27,1.64,1.6501,1.63,1.64,8436.0
2016-05-31,1.649,1.65,1.625,1.65,6061.0
2016-06-01,1.6,1.74,1.57,1.57,4735.0
2016-06-02,1.6,1.64,1.57,1.62,4740.0
2016-06-03,1.5601,1.6999,1.5601,1.665,16657.0
2016-06-06,1.71,1.73,1.69,1.71,1839.0
2016-06-07,1.68,1.73,1.68,1.7,3995.0
2016-06-08,1.7,1.7,1.7,1.7,601.0
2016-06-09,1.6165,1.65,1.58,1.6,1272.0
2016-06-10,1.58,1.59,1.5401,1.58,6178.0
2016-06-13,1.62,1.73,1.62,1.69,23197.0
2016-06-14,1.7,1.73,1.6882,1.71,3319.0
2016-06-15,1.5901,1.73,1.5901,1.69,3180.0
2016-06-16,1.65,1.74,1.64,1.74,3862.0
2016-06-17,1.73,1.8299,1.72,1.78,23313.0
2016-06-20,1.73,1.88,1.644,1.71,10753.0
2016-06-21,1.7,1.71,1.62,1.7,8603.0
2016-06-22,1.624,1.88,1.61,1.61,16709.0
2016-06-23,1.7,1.78,1.55,1.69,13875.0
2016-06-24,1.51,1.83,1.51,1.7,4707.0
2016-06-27,1.7,1.89,1.6001,1.67,47747.0
2016-06-28,1.61,1.7,1.5,1.5999,23814.0
2016-06-29,1.75,1.75,1.4,1.47,39429.0
2016-06-30,1.48,1.72,1.48,1.53,62310.0
2016-07-01,1.51,1.65,1.5,1.5999,7274.0
2016-07-05,1.6,1.63,1.47,1.5348,32835.0
2016-07-06,1.4777,1.55,1.4777,1.5035,4402.0
2016-07-07,1.49,1.61,1.41,1.58,5770.0
2016-07-08,1.55,1.6,1.55,1.58,12533.0
2016-07-11,1.58,1.65,1.54,1.54,4810.0
2016-07-12,1.61,1.62,1.45,1.56,28669.0
2016-07-13,1.53,1.5328,1.49,1.49,23889.0
2016-07-14,1.44,1.49,1.44,1.46,9459.0
2016-07-15,1.46,1.5048,1.46,1.46,2628.0
2016-07-18,1.514,1.514,1.4776,1.489,11735.0
2016-07-19,1.49,1.51,1.46,1.46,1703.0
2016-07-20,1.46,1.46,1.27,1.405,2788.0
2016-07-21,1.36,1.38,1.36,1.38,9204.0
2016-07-22,1.3799,1.38,1.3799,1.38,6010.0
2016-07-25,1.39,2.47,1.39,1.55,1733036.0
2016-07-26,1.45,1.53,1.25,1.44,349264.0
2016-07-27,1.44,1.44,1.33,1.39,50678.0
2016-07-28,1.39,1.54,1.32,1.42,164507.0
2016-07-29,1.43,1.52,1.4,1.45,39409.0
2016-08-01,1.4,1.5,1.3101,1.33,33474.0
2016-08-02,1.35,1.47,1.23,1.23,56368.0
2016-08-03,1.23,1.49,1.23,1.35,32564.0
2016-08-04,1.35,1.38,1.3,1.31,26712.0
2016-08-05,1.32,1.4299,1.24,1.31,24869.0
2016-08-08,1.35,1.44,1.3101,1.36,12148.0
2016-08-09,1.29,1.35,1.2601,1.33,13961.0
2016-08-10,1.3304,1.359,1.28,1.32,17458.0
2016-08-11,1.2801,1.2908,1.26,1.2876,21833.0
2016-08-12,1.27,1.43,1.25,1.28,20525.0
2016-08-15,1.37,1.5,1.37,1.38,84702.0
2016-08-16,1.41,1.4452,1.3383,1.36,15482.0
2016-08-17,1.33,1.42,1.33,1.38,6322.0
2016-08-18,1.37,1.3963,1.31,1.38,10072.0
2016-08-19,1.31,1.38,1.31,1.36,10187.0
2016-08-22,1.37,1.4,1.33,1.33,24005.0
2016-08-23,1.35,1.36,1.3,1.3,6975.0
2016-08-24,1.35,1.38,1.3201,1.3201,7227.0
2016-08-25,1.361,1.361,1.25,1.26,27884.0
2016-08-26,1.35,1.37,1.27,1.299,14218.0
2016-08-29,1.28,1.35,1.28,1.3,2622.0
2016-08-30,1.32,1.33,1.285,1.33,27944.0
2016-08-31,1.2711,1.35,1.2711,1.34,12817.0
2016-09-01,1.32,1.321,1.28,1.28,7003.0
2016-09-02,1.3,1.44,1.3,1.41,64535.0
2016-09-06,1.37,1.4899,1.3,1.4,33947.0
2016-09-07,1.37,1.47,1.3,1.37,37371.0
2016-09-08,1.36,1.46,1.36,1.44,85746.0
2016-09-09,1.42,1.42,1.27,1.27,81018.0
2016-09-12,1.28,1.35,1.2,1.276,53471.0
2016-09-13,1.31,1.3305,1.26,1.28,9493.0
2016-09-14,1.29,1.34,1.29,1.34,12624.0
2016-09-15,1.3251,1.38,1.321,1.36,3868.0
2016-09-16,1.35,1.49,1.3,1.49,90323.0
2016-09-19,1.45,1.45,1.3801,1.41,14536.0
2016-09-20,1.409,1.465,1.35,1.45,83556.0
2016-09-21,1.45,1.55,1.4,1.55,605401.0
2016-09-22,1.55,1.7,1.5,1.66,188001.0
2016-09-23,1.72,1.8,1.7,1.74,108341.0
2016-09-26,1.75,1.77,1.6816,1.71,41008.0
2016-09-27,1.7,1.7,1.68,1.68,18073.0
2016-09-28,1.71,1.71,1.5611,1.62,29110.0
2016-09-29,1.5228,1.68,1.45,1.6,154871.0
2016-09-30,1.64,1.68,1.4601,1.68,34337.0
2016-10-03,1.7,1.8,1.62,1.7701,86680.0
2016-10-04,1.74,1.8917,1.7301,1.7875,49314.0
2016-10-05,1.8,1.8099,1.7507,1.7711,5321.0
2016-10-06,1.79,2.1799,1.7601,1.99,315026.0
2016-10-07,2.05,2.05,1.79,1.97,182702.0
2016-10-10,1.98,2.0489,1.79,1.8,62505.0
2016-10-11,1.82,1.82,1.675,1.73,67442.0
2016-10-12,1.76,1.8,1.6565,1.78,21093.0
2016-10-13,1.78,1.78,1.685,1.72,22613.0
2016-10-14,1.7089,1.71,1.69,1.7,9751.0
2016-10-17,1.72,1.87,1.7036,1.87,25927.0
2016-10-18,2.1,2.45,1.9,2.3,1344183.0
2016-10-19,2.25,3.0,2.25,2.77,3131979.0
2016-10-20,2.78,2.8,2.5,2.7,867651.0
2016-10-21,2.7,2.78,2.49,2.6,217968.0
2016-10-24,2.67,3.26,2.6,3.2,791468.0
2016-10-25,3.15,3.15,2.5,2.6,581888.0
2016-10-26,2.54,3.0,2.45,2.68,1021846.0
2016-10-27,2.65,2.65,2.5,2.53,293546.0
2016-10-28,2.56,2.56,2.37,2.49,147509.0
2016-10-31,2.5,2.57,2.38,2.38,65225.0
2016-11-01,2.36,2.417,2.32,2.35,62554.0
2016-11-02,2.39,2.3964,2.3,2.33,57976.0
2016-11-03,2.34,2.34,2.2,2.23,82054.0
2016-11-04,2.06,2.16,2.05,2.08,182712.0
2016-11-07,2.01,2.219,2.01,2.17,49567.0
2016-11-08,2.15,2.47,2.15,2.47,111386.0
2016-11-09,2.3,2.4554,2.26,2.34,92867.0
2016-11-10,2.32,2.58,2.3077,2.36,112193.0
2016-11-11,2.42,2.62,2.3101,2.6,100789.0
2016-11-14,2.62,2.62,2.46,2.55,62849.0
2016-11-15,2.61,2.61,2.28,2.5,140549.0
2016-11-16,2.52,2.52,2.19,2.33,51914.0
2016-11-17,2.3115,2.382,2.31,2.35,26357.0
2016-11-18,2.48,2.48,2.2003,2.44,81771.0
2016-11-21,2.45,2.48,2.27,2.41,55780.0
2016-11-22,2.4,2.4,2.25,2.35,42861.0
2016-11-23,2.36,2.37,2.25,2.26,9489.0
2016-11-25,2.31,2.3699,2.3033,2.36,24871.0
2016-11-28,2.37,2.4,2.27,2.35,28467.0
2016-11-29,2.2763,2.4,2.2763,2.37,10382.0
2016-11-30,2.37,2.37,2.28,2.31,13223.0
2016-12-01,2.2901,2.39,2.26,2.3,77697.0
2016-12-02,2.3001,2.69,2.27,2.49,129415.0
2016-12-05,2.58,2.68,2.4711,2.56,129934.0
2016-12-06,2.59,2.73,2.59,2.7,114867.0
2016-12-07,2.72,2.81,2.5,2.56,121474.0
2016-12-08,2.51,3.11,2.4608,2.93,553157.0
2016-12-09,2.82,3.05,2.82,2.91,125257.0
2016-12-12,3.0,3.022,2.71,2.77,125427.0
2016-12-13,2.96,2.97,2.62,2.66,110132.0
2016-12-14,2.74,2.75,2.6,2.7,35792.0
2016-12-15,2.72,2.81,2.7151,2.79,5562.0
2016-12-16,2.79,2.83,2.65,2.81,34642.0
2016-12-19,2.84,2.89,2.8166,2.86,25313.0
2016-12-20,2.8325,2.86,2.66,2.77,41265.0
2016-12-21,2.76,2.8,2.7,2.71,17681.0
2016-12-22,2.7771,2.7771,2.7019,2.7367,9672.0
2016-12-23,2.7,2.7599,2.61,2.72,36091.0
2016-12-27,2.7,2.71,2.6101,2.7,12751.0
2016-12-28,2.71,2.71,2.57,2.7,41593.0
2016-12-29,2.69,2.7059,2.55,2.64,36866.0
2016-12-30,2.68,2.73,2.6413,2.71,44427.0
2017-01-03,2.76,2.9,2.5849,2.8899,41733.0
2017-01-04,3.18,3.18,2.75,2.77,151830.0
2017-01-05,2.85,2.9845,2.8001,2.92,53191.0
2017-01-06,2.99,2.99,2.7601,2.81,72863.0
2017-01-09,3.01,3.0266,2.8601,2.93,98200.0
2017-01-10,2.93,3.0,2.9,2.95,70604.0
2017-01-11,2.97,2.98,2.9,2.98,51744.0
2017-01-12,2.96,2.98,2.84,2.8672,75095.0
2017-01-13,2.9,2.95,2.84,2.92,27218.0
2017-01-17,3.19,3.19,2.9344,3.0,136567.0
2017-01-18,3.01,3.05,3.01,3.05,45255.0
2017-01-19,3.05,3.0699,2.95,2.99,96487.0
2017-01-20,3.04,3.04,2.97,2.97,64865.0
2017-01-23,3.0,3.04,2.81,2.83,96384.0
2017-01-24,2.81,2.96,2.77,2.88,82141.0
2017-01-25,2.9,2.9,2.87,2.8899,28851.0
2017-01-26,2.92,2.999,2.89,2.91,97686.0
2017-01-27,2.94,2.98,2.85,2.92,109642.0
2017-01-30,2.95,3.3399,2.85,3.315,202521.0
2017-01-31,3.35,3.7,3.32,3.42,639911.0
2017-02-01,3.43,3.55,3.0901,3.27,149514.0
2017-02-02,3.41,3.41,3.2,3.29,80473.0
2017-02-03,3.37,3.59,3.326,3.57,240337.0
2017-02-06,3.53,3.75,3.41,3.47,215919.0
2017-02-07,3.43,3.4496,3.05,3.44,89735.0
2017-02-08,3.48,3.5624,3.25,3.43,84375.0
2017-02-09,3.49,3.56,3.41,3.5,72213.0
2017-02-10,3.57,3.57,3.39,3.48,75105.0
2017-02-13,3.5,3.55,3.39,3.49,70763.0
2017-02-14,3.52,3.58,3.32,3.35,157169.0
2017-02-15,3.4,3.42,3.05,3.4,86678.0
2017-02-16,3.36,3.3923,3.22,3.35,30424.0
2017-02-17,3.29,3.3101,3.11,3.19,85005.0
2017-02-21,3.25,3.25,3.05,3.11,138499.0
2017-02-22,3.13,3.39,3.1,3.22,208077.0
2017-02-23,3.22,3.27,2.85,2.95,246540.0
2017-02-24,2.85,3.08,2.85,2.89,114371.0
2017-02-27,3.05,3.05,2.58,2.8,322288.0
2017-02-28,2.82,2.8225,2.535,2.56,146384.0
2017-03-01,2.7,2.7556,2.55,2.68,157298.0
2017-03-02,2.7,3.1299,2.6637,3.06,316253.0
2017-03-03,3.03,3.35,2.9544,3.08,261083.0
2017-03-06,3.1,3.202,2.9,2.92,125486.0
2017-03-07,2.92,3.11,2.8005,3.1,94129.0
2017-03-08,3.11,3.2,3.01,3.12,91280.0
2017-03-09,3.13,3.13,2.89,3.04,273470.0
2017-03-10,3.05,3.05,2.85,3.0,126544.0
2017-03-13,3.0,3.1392,2.95,2.96,105299.0
2017-03-14,2.96,2.97,2.66,2.69,339523.0
2017-03-15,2.61,2.799,2.21,2.28,505264.0
2017-03-16,2.3,2.4399,2.3,2.31,89676.0
2017-03-17,2.33,2.439,2.2346,2.26,122226.0
2017-03-20,2.15,2.21,1.81,1.86,590496.0
2017-03-21,1.91,1.93,1.72,1.82,246893.0
2017-03-22,1.8,1.83,1.65,1.7,121667.0
2017-03-23,1.7,1.878,1.64,1.8,137627.0
2017-03-24,1.8,1.83,1.59,1.8099,85697.0
2017-03-27,1.81,1.97,1.755,1.96,156058.0
2017-03-28,2.0,2.03,1.9021,1.95,332493.0
2017-03-29,1.98,1.99,1.3832,1.6,2356613.0
2017-03-30,1.6,1.6,1.37,1.4,1029321.0
2017-03-31,1.48,1.48,1.2935,1.42,411231.0
2017-04-03,1.42,1.42,1.32,1.37,188646.0
2017-04-04,1.37,1.37,1.25,1.25,237916.0
2017-04-05,1.15,1.25,1.1,1.11,603253.0
2017-04-06,1.11,1.25,1.1,1.13,297854.0
2017-04-07,1.13,1.2,1.11,1.14,160846.0
2017-04-10,1.14,1.1467,1.0,1.03,359992.0
2017-04-11,1.02,1.13,0.95,1.1,1085097.0
2017-04-12,1.21,1.46,1.02,1.06,4451490.0
2017-04-13,1.07,1.11,0.95,1.08,953742.0
2017-04-17,1.09,1.17,1.01,1.1,655101.0
2017-04-18,1.07,1.12,0.9898,1.08,707743.0
2017-04-19,1.07,1.1,0.99,1.07,1033640.0
2017-04-20,1.06,1.14,1.02,1.03,1942364.0
2017-04-21,1.04,1.07,0.99,1.07,1251430.0
2017-04-24,1.09,1.1,1.02,1.03,911338.0
2017-04-25,1.04,1.04,0.84,0.8891,2233751.0
2017-04-26,0.8865,0.91,0.76,0.85,1615744.0
2017-04-27,0.845,0.85,0.8,0.8211,345990.0
2017-04-28,0.82,0.8255,0.78,0.8,686483.0
2017-05-01,0.7855,0.7855,0.68,0.73,903568.0
2017-05-02,0.71,0.95,0.6803,0.819,3224363.0
2017-05-03,0.772,0.7988,0.69,0.7249,770562.0
2017-05-04,0.7,0.74,0.66,0.6801,545131.0
2017-05-05,0.75,0.75,0.6701,0.71,270244.0
2017-05-08,0.71,0.71,0.655,0.6551,301625.0
2017-05-09,0.65,0.67,0.5501,0.66,823349.0
2017-05-10,0.63,0.6596,0.55,0.6442,146531.0
2017-05-11,0.61,0.6301,0.5804,0.62,185532.0
2017-05-12,0.64,0.64,0.6012,0.6236,237880.0
2017-05-15,0.63,0.68,0.6208,0.67,344255.0
2017-05-16,0.67,0.78,0.65,0.66,1281452.0
2017-05-17,0.68,0.68,0.61,0.64,314379.0
2017-05-18,0.6415,0.6415,0.58,0.64,372608.0
2017-05-19,0.66,0.69,0.6358,0.67,324133.0
2017-05-22,0.6546,0.6875,0.651,0.685,225075.0
2017-05-23,0.685,0.7,0.66,0.6785,103893.0
2017-05-24,0.685,0.7501,0.66,0.698,376917.0
2017-05-25,0.72,0.72,0.671,0.6898,186500.0
2017-05-26,0.68,0.698,0.67,0.6702,88020.0
2017-05-30,0.695,0.695,0.65,0.66,134656.0
2017-05-31,0.66,0.6601,0.59,0.615,226164.0
2017-06-01,0.62,0.64,0.59,0.5961,92592.0
2017-06-02,0.64,0.64,0.6,0.604,56282.0
2017-06-05,0.615,0.63,0.6001,0.62,60384.0
2017-06-06,0.604,0.62,0.5901,0.6,164368.0
2017-06-07,0.618,0.618,0.59,0.61,89985.0
2017-06-08,0.6,0.6125,0.58,0.6,89419.0
2017-06-09,0.6,0.6499,0.6,0.63,565351.0
2017-06-12,0.62,0.74,0.61,0.72,1748682.0
2017-06-13,0.74,0.798,0.6922,0.7,1244989.0
2017-06-14,0.6901,0.7149,0.6502,0.6795,307884.0
2017-06-15,0.64,0.698,0.6302,0.6694,161760.0
2017-06-16,0.65,0.66,0.6251,0.6251,196262.0
2017-06-19,0.61,0.6597,0.61,0.615,109689.0
2017-06-20,0.61,0.64,0.605,0.6072,205217.0
2017-06-21,0.61,0.629,0.6,0.6,300917.0
2017-06-22,0.6199,0.62,0.58,0.585,402669.0
2017-06-23,0.6,0.615,0.5801,0.6,128098.0
2017-06-26,0.62,0.63,0.575,0.58,587614.0
2017-06-27,0.56,0.58,0.536,0.56,682938.0
2017-06-28,0.567,0.57,0.52,0.54,285880.0
2017-06-29,0.529,0.5469,0.52,0.5306,239404.0
2017-06-30,0.53,0.596,0.53,0.55,1004744.0
2017-07-03,0.575,0.575,0.552,0.5523,210087.0
2017-07-05,0.5495,0.5798,0.52,0.566,681877.0
2017-07-06,0.5798,0.75,0.5595,0.605,3856438.0
2017-07-07,0.6,0.605,0.563,0.57,472174.0
2017-07-10,0.59,0.63,0.5655,0.5793,244727.0
2017-07-11,0.609,0.61,0.566,0.5666,198357.0
2017-07-12,0.595,0.6,0.566,0.571,237952.0
2017-07-13,0.571,0.65,0.571,0.6348,750062.0
2017-07-14,0.64,0.684,0.6351,0.6501,506559.0
2017-07-17,0.68,0.68,0.602,0.63,398773.0
2017-07-18,0.601,0.6266,0.5,0.51,620950.0
2017-07-19,0.51,0.599,0.51,0.524,401614.0
2017-07-20,0.525,0.56,0.525,0.5325,297915.0
2017-07-21,0.54,0.57,0.53,0.57,260524.0
2017-07-24,0.57,0.57,0.54,0.5487,178487.0
2017-07-25,0.55,0.59,0.54,0.57,141968.0
2017-07-26,0.555,0.59,0.55,0.56,106380.0
2017-07-27,0.565,0.6,0.55,0.58,305556.0
2017-07-28,0.609,0.609,0.565,0.58,175663.0
2017-07-31,0.58,0.58,0.55,0.56,125268.0
2017-08-01,0.57,0.58,0.555,0.555,185313.0
2017-08-02,0.56,0.57,0.555,0.57,113842.0
2017-08-03,0.57,0.65,0.57,0.62,1403683.0
2017-08-04,0.61,0.62,0.582,0.6,262899.0
2017-08-07,0.6,0.6,0.54,0.6,138535.0
2017-08-08,0.6,0.6,0.5601,0.5736,116069.0
2017-08-09,0.6,0.6,0.5601,0.5605,49757.0
2017-08-10,0.5885,0.5924,0.55,0.57,94762.0
2017-08-11,0.57,0.57,0.54,0.56,104669.0
2017-08-14,0.57,0.57,0.54,0.5695,98807.0
2017-08-15,0.57,0.57,0.54,0.56,99643.0
2017-08-16,0.552,0.569,0.5205,0.5205,354901.0
2017-08-17,0.5465,0.559,0.53,0.53,102739.0
2017-08-18,0.55,0.63,0.525,0.6,819702.0
2017-08-21,0.6,0.6,0.55,0.573,168371.0
2017-08-22,0.55,0.571,0.54,0.57,159786.0
2017-08-23,0.54,0.57,0.54,0.555,53661.0
2017-08-24,0.555,0.58,0.5505,0.57,94391.0
2017-08-25,0.58,0.58,0.5584,0.5606,81912.0
2017-08-28,0.56,0.5638,0.53,0.545,170506.0
2017-08-29,0.57,0.57,0.54,0.56,61143.0
2017-08-30,0.56,0.6,0.557,0.5899,247809.0
2017-08-31,0.588,0.63,0.561,0.57,428830.0
2017-09-01,0.647,0.647,0.59,0.618,148845.0
2017-09-05,0.618,0.618,0.57,0.57,125530.0
2017-09-06,0.59,0.6,0.57,0.5851,99765.0
2017-09-07,0.61,0.61,0.55,0.5794,94577.0
2017-09-08,0.567,0.578,0.55,0.57,165633.0
2017-09-11,0.57,0.58,0.553,0.557,118191.0
2017-09-12,0.579,0.589,0.5575,0.5725,65847.0
2017-09-13,0.59,0.59,0.552,0.575,181894.0
2017-09-14,0.585,0.5864,0.56,0.56,102941.0
2017-09-15,0.56,0.57,0.54,0.54,257171.0
2017-09-18,0.558,0.5671,0.51,0.532,225739.0
2017-09-19,0.53,0.545,0.5297,0.538,41239.0
2017-09-20,0.545,0.545,0.5252,0.5314,109605.0
2017-09-21,0.539,0.539,0.5071,0.52,251332.0
2017-09-22,0.521,0.5278,0.48,0.5022,399707.0
2017-09-25,0.51,0.5399,0.5011,0.512,87605.0
2017-09-26,0.54,0.55,0.5124,0.54,163707.0
2017-09-27,0.5309,0.5499,0.512,0.5451,91780.0
2017-09-28,0.543,0.5451,0.49,0.4951,322840.0
2017-09-29,0.34,0.3699,0.3366,0.35,5178142.0
2017-10-02,0.37,0.37,0.36,0.363,1746690.0
2017-10-03,0.37,0.41,0.3433,0.3638,9876570.0
2017-10-04,0.3889,0.39,0.363,0.373,3090507.0
2017-10-05,0.385,0.385,0.365,0.374,1143772.0
2017-10-06,0.38,0.385,0.37,0.3777,1226000.0
2017-10-09,0.39,0.39,0.38,0.385,577514.0
2017-10-10,0.39,0.3998,0.38,0.3839,1395341.0
2017-10-11,0.385,0.385,0.37,0.3739,543575.0
2017-10-12,0.38,0.38,0.3611,0.363,407878.0
2017-10-13,0.361,0.385,0.335,0.3439,1461616.0
2017-10-16,0.37,0.37,0.3404,0.345,742250.0
2017-10-17,0.3598,0.3608,0.32,0.3515,1076806.0
2017-10-18,0.36,0.37,0.3401,0.361,493589.0
2017-10-19,0.3618,0.38,0.36,0.375,406734.0
2017-10-20,0.376,0.38,0.36,0.3683,317672.0
2017-10-23,0.38,0.38,0.345,0.3592,616265.0
2017-10-24,0.351,0.37,0.345,0.35,504531.0
2017-10-25,0.351,0.37,0.3472,0.35,1389558.0
2017-10-26,0.365,0.374,0.355,0.369,682649.0
2017-10-27,0.37,0.4152,0.362,0.365,9329731.0
2017-10-30,0.39,0.39,0.365,0.3786,2497742.0
2017-10-31,0.396,0.405,0.356,0.3658,4859847.0
2017-11-01,0.37,0.3749,0.3421,0.3514,1511136.0
2017-11-02,0.3562,0.36,0.3445,0.35,776446.0
2017-11-03,0.3541,0.3583,0.3252,0.3365,1338734.0
2017-11-06,0.338,0.3474,0.3323,0.3408,717184.0
2017-11-07,0.31,0.3298,0.2855,0.3064,1457079.0
2017-11-08,0.3017,0.3198,0.295,0.3057,657336.0
2017-11-09,0.3,0.332,0.2955,0.327,912270.0
2017-11-10,0.3351,0.35,0.3126,0.338,728634.0
2017-11-13,0.341,0.344,0.32,0.3267,529291.0
2017-11-14,0.34,0.35,0.311,0.347,1118049.0
2017-11-15,0.35,0.35,0.322,0.3399,642772.0
2017-11-16,0.34,0.349,0.325,0.34,340087.0
2017-11-17,0.34,0.3449,0.3368,0.343,244325.0
2017-11-20,0.346,0.3638,0.344,0.3532,1140767.0
2017-11-21,0.355,0.3599,0.3482,0.352,430176.0
2017-11-22,0.355,0.355,0.3222,0.3471,820185.0
2017-11-24,0.34,0.353,0.34,0.3515,316152.0
2017-11-27,0.3458,0.355,0.32,0.3489,409309.0
2017-11-28,0.348,0.348,0.32,0.331,548104.0
2017-11-29,0.325,0.344,0.325,0.334,381613.0
2017-11-30,0.326,0.34,0.318,0.321,459572.0
2017-12-01,0.335,0.335,0.31,0.32,358070.0
2017-12-04,0.335,0.335,0.3006,0.315,920703.0
2017-12-05,0.32,0.32,0.3,0.3072,452548.0
2017-12-06,0.3097,0.315,0.2821,0.3027,949034.0
2017-12-07,0.29,0.325,0.28,0.31,671268.0
2017-12-08,0.325,0.325,0.3,0.302,224659.0
2017-12-11,0.309,0.32,0.291,0.309,413398.0
2017-12-12,0.3,0.31,0.29,0.305,320665.0
2017-12-13,0.306,0.309,0.285,0.287,432501.0
2017-12-14,0.29,0.307,0.285,0.292,392863.0
2017-12-15,0.3,0.306,0.293,0.303,225993.0
2017-12-18,0.3,0.315,0.3,0.31,264576.0
2017-12-19,0.3,0.32,0.3,0.31,494483.0
2017-12-20,0.31,0.315,0.31,0.31,280261.0
2017-12-21,0.31,0.315,0.286,0.31,519427.0
2017-12-22,0.315,0.328,0.301,0.326,294736.0
2017-12-26,0.325,0.35,0.325,0.326,636390.0
2017-12-27,0.348,0.348,0.32,0.325,211986.0
2017-12-28,0.322,0.34,0.315,0.32,332219.0
2017-12-29,0.32,0.333,0.31,0.329,326430.0
2018-01-02,0.333,0.333,0.312,0.312,210908.0
2018-01-03,0.318,0.331,0.3,0.325,257515.0
2018-01-04,0.325,0.327,0.315,0.325,185992.0
2018-01-05,0.32,0.329,0.315,0.32,181781.0
2018-01-08,0.315,0.327,0.302,0.319,239638.0
2018-01-09,0.312,0.324,0.312,0.313,256647.0
2018-01-10,0.31,0.327,0.305,0.315,345917.0
2018-01-11,0.325,0.35,0.32,0.35,863208.0
2018-01-12,0.35,0.353,0.333,0.353,600621.0
2018-01-16,0.36,0.38,0.34,0.37,841418.0
2018-01-17,0.359,0.371,0.333,0.34,409743.0
2018-01-18,0.365,0.365,0.335,0.34,451301.0
2018-01-19,0.35,0.35,0.33,0.33,332480.0
2018-01-22,0.335,0.344,0.33,0.332,229970.0
2018-01-23,0.342,0.345,0.335,0.339,158908.0
2018-01-24,0.34,0.353,0.336,0.35,311422.0
2018-01-25,0.356,0.356,0.342,0.344,137926.0
2018-01-26,0.346,0.364,0.335,0.349,1068949.0
2018-01-29,0.353,0.353,0.317,0.325,647640.0
2018-01-30,0.33,0.339,0.31,0.325,353582.0
2018-01-31,0.33,0.33,0.312,0.328,307291.0
2018-02-01,0.325,0.33,0.313,0.33,406220.0
2018-02-02,0.33,0.333,0.313,0.319,169243.0
2018-02-05,0.323,0.328,0.291,0.31,546715.0
2018-02-06,0.3,0.31,0.28,0.295,454989.0
2018-02-07,0.295,0.305,0.27,0.3,442622.0
2018-02-08,0.3,0.315,0.3,0.306,160852.0
2018-02-09,0.34,0.34,0.281,0.294,260728.0
2018-02-12,0.309,0.31,0.29,0.298,190698.0
2018-02-13,0.313,0.313,0.295,0.302,199997.0
2018-02-14,0.32,0.329,0.3,0.32,153109.0
2018-02-15,0.329,0.333,0.306,0.324,181156.0
2018-02-16,0.301,0.33,0.301,0.316,177694.0
2018-02-20,0.314,0.33,0.31,0.319,416852.0
2018-02-21,0.315,0.32,0.31,0.312,101310.0
2018-02-22,0.3118,0.32,0.29,0.299,344811.0
2018-02-23,0.299,0.308,0.28,0.29,415049.0
2018-02-26,0.29,0.3,0.281,0.284,304148.0
2018-02-27,0.28,0.29,0.269,0.271,492459.0
2018-02-28,0.27,0.286,0.269,0.269,1545256.0
2018-03-01,0.275,0.275,0.234,0.25,1198043.0
2018-03-02,0.24,0.248,0.183,0.217,2896785.0
2018-03-05,0.228,0.25,0.225,0.23,1416075.0
2018-03-06,0.23,0.247,0.225,0.237,569464.0
2018-03-07,0.25,0.25,0.23,0.24,476407.0
2018-03-08,0.249,0.3,0.23,0.28,1716904.0
2018-03-09,0.29,0.312,0.276,0.292,1784322.0
2018-03-12,0.31,0.33,0.28,0.307,2738034.0
2018-03-13,0.31,0.32,0.3,0.303,662607.0
2018-03-14,0.302,0.311,0.285,0.3,830755.0
2018-03-15,0.31,0.31,0.294,0.305,378105.0
2018-03-16,0.308,0.31,0.283,0.3,517099.0
2018-03-19,0.3,0.322,0.28,0.296,1707072.0
2018-03-20,0.292,0.295,0.27,0.285,660480.0
2018-03-21,0.29,0.294,0.28,0.288,440614.0
2018-03-22,0.281,0.308,0.271,0.29,1500681.0
2018-03-23,2.88,3.8,2.88,3.08,632373.0
2018-03-26,3.17,3.42,2.76,3.07,356478.0
2018-03-27,3.01,3.17,2.82,2.9,102267.0
2018-03-28,2.92,2.92,2.69,2.76,60171.0
2018-03-29,2.74,3.0,2.621,2.72,119578.0
2018-04-02,2.8,2.8,2.411,2.62,71064.0
2018-04-03,2.55,2.58,2.42,2.47,66801.0
2018-04-04,2.43,2.958,2.2,2.6,178901.0
2018-04-05,2.6,2.6,2.49,2.49,60447.0
2018-04-06,2.49,2.57,2.41,2.48,52304.0
2018-04-09,2.45,2.53,2.38,2.48,86465.0
2018-04-10,2.39,2.67,2.39,2.54,57487.0
2018-04-11,2.55,2.735,2.55,2.6,60674.0
2018-04-12,2.62,3.079,2.6,2.99,319516.0
2018-04-13,2.99,3.067,2.8,2.96,158280.0
2018-04-16,2.96,2.99,2.801,2.83,79839.0
2018-04-17,2.84,3.23,2.801,3.212,178570.0
2018-04-18,3.3,3.38,3.05,3.28,188493.0
2018-04-19,3.31,3.68,3.108,3.17,336756.0
2018-04-20,3.12,3.189,3.02,3.08,77570.0
2018-04-23,3.08,3.08,2.88,2.892,45846.0
2018-04-24,2.88,2.959,2.686,2.87,104924.0
2018-04-25,2.89,2.95,2.68,2.73,46558.0
2018-04-26,2.75,2.82,2.698,2.72,21863.0
2018-04-27,2.74,2.881,2.74,2.79,16444.0
2018-04-30,2.77,2.861,2.7,2.74,38104.0
2018-05-01,2.75,3.03,2.75,2.95,176549.0
2018-05-02,2.97,3.08,2.84,2.99,97658.0
2018-05-03,3.08,3.1,2.74,3.0,216928.0
2018-05-04,2.97,3.0,2.835,2.95,40235.0
2018-05-07,2.91,3.1,2.9,2.9,47847.0
2018-05-08,2.9,2.96,2.832,2.861,19821.0
2018-05-09,2.9,2.9,2.75,2.78,51354.0
2018-05-10,2.81,2.96,2.81,2.94,56766.0
2018-05-11,3.0,3.0,2.88,2.92,30783.0
2018-05-14,2.94,2.99,2.795,2.82,53426.0
2018-05-15,2.7,2.94,2.59,2.9,99438.0
2018-05-16,2.92,2.933,2.8,2.85,81818.0
2018-05-17,2.99,3.48,2.909,3.21,422012.0
2018-05-18,3.25,3.349,3.07,3.19,58559.0
2018-05-21,3.21,3.39,3.01,3.32,103059.0
2018-05-22,3.46,3.77,2.88,3.12,457636.0
2018-05-23,3.07,3.35,3.05,3.32,72368.0
2018-05-24,3.3,3.43,3.211,3.37,46468.0
2018-05-25,3.41,3.44,3.31,3.39,36557.0
2018-05-29,3.4,3.4,3.1,3.12,69081.0
2018-05-30,3.2,3.48,3.2,3.35,38026.0
2018-05-31,3.33,3.75,3.3,3.6,567662.0
2018-06-01,3.65,3.98,3.6,3.94,838300.0
2018-06-04,3.98,4.0,3.56,3.7,318414.0
2018-06-05,3.84,3.94,3.23,3.43,284765.0
2018-06-06,3.58,3.649,3.15,3.18,193825.0
2018-06-07,3.14,3.199,2.8,3.0,246830.0
2018-06-08,3.09,3.162,3.01,3.09,70550.0
2018-06-11,3.1,3.151,2.974,2.98,66323.0
2018-06-12,2.96,3.124,2.935,3.02,15503.0
2018-06-13,2.99,3.01,2.86,2.95,123959.0
2018-06-14,2.94,3.03,2.92,3.03,21203.0
2018-06-15,2.99,3.03,2.952,3.03,46569.0
2018-06-18,3.05,3.05,2.92,2.97,43932.0
2018-06-19,2.96,3.0,2.901,2.94,37872.0
2018-06-20,2.94,3.0,2.91,2.91,42655.0
2018-06-21,2.91,3.35,2.8,2.89,417620.0
2018-06-22,2.88,2.88,2.6,2.81,64525.0
2018-06-25,2.79,2.79,2.68,2.77,48533.0
2018-06-26,2.75,2.77,2.68,2.73,12759.0
2018-06-27,2.79,2.91,2.71,2.75,126041.0
2018-06-28,2.75,2.75,2.407,2.52,167636.0
2018-06-29,2.541,2.64,2.52,2.57,47164.0
2018-07-02,2.57,2.589,2.5,2.54,49002.0
2018-07-03,2.56,2.56,2.5,2.56,16349.0
2018-07-05,2.55,2.58,2.511,2.52,27717.0
2018-07-06,2.56,2.6,2.3,2.38,177410.0
2018-07-09,2.41,2.49,2.24,2.45,123940.0
2018-07-10,2.519,2.519,2.3,2.35,66548.0
2018-07-11,2.33,2.61,2.306,2.41,57731.0
2018-07-12,2.5,2.5,2.37,2.41,96506.0
2018-07-13,2.5,2.5,2.36,2.44,16962.0
2018-07-16,2.43,2.43,2.26,2.3,65612.0
2018-07-17,2.3,2.33,2.251,2.31,21103.0
2018-07-18,2.29,2.34,2.25,2.269,78810.0
2018-07-19,2.26,2.3,2.05,2.1,250633.0
2018-07-20,2.0,2.24,2.0,2.16,96095.0
2018-07-23,2.14,2.29,2.125,2.22,36597.0
2018-07-24,2.249,2.25,2.04,2.1,108982.0
2018-07-25,2.08,2.179,2.011,2.15,36210.0
2018-07-26,2.15,2.52,2.14,2.21,304569.0
2018-07-27,2.21,2.262,2.125,2.13,48833.0
2018-07-30,2.19,2.36,2.121,2.19,26005.0
2018-07-31,2.19,2.39,2.15,2.18,91574.0
2018-08-01,2.226,2.24,2.16,2.19,18418.0
2018-08-02,2.19,2.198,2.11,2.13,34676.0
2018-08-03,2.22,2.38,2.132,2.16,37260.0
2018-08-06,2.11,2.5,2.11,2.35,49145.0
2018-08-07,2.51,2.51,2.26,2.35,21859.0
2018-08-08,2.32,2.32,2.16,2.16,32023.0
2018-08-09,2.4,2.4,2.116,2.26,51665.0
2018-08-10,2.24,2.24,2.11,2.12,31675.0
2018-08-13,2.168,2.168,2.02,2.05,54713.0
2018-08-14,2.07,2.07,2.0,2.01,76909.0
2018-08-15,2.05,2.11,2.0,2.0,20318.0
2018-08-16,2.0,2.07,1.87,1.97,75677.0
2018-08-17,1.958,2.05,1.91,1.93,83686.0
2018-08-20,1.95,1.95,1.8,1.85,72877.0
2018-08-21,1.88,1.95,1.801,1.95,108115.0
2018-08-22,1.91,1.981,1.89,1.94,80867.0
2018-08-23,1.91,2.14,1.83,1.85,213016.0
2018-08-24,1.88,2.0,1.8,1.93,129896.0
2018-08-27,1.94,2.05,1.86,1.91,30637.0
2018-08-28,1.892,2.1,1.891,2.1,79332.0
2018-08-29,2.09,2.1,2.02,2.09,43926.0
2018-08-30,2.05,2.09,2.03,2.06,59000.0
2018-08-31,2.07,2.076,1.96,2.0,33763.0
2018-09-04,2.01,2.115,1.965,2.1,56410.0
2018-09-05,2.2,2.2,2.012,2.14,44101.0
2018-09-06,1.96,2.002,1.85,1.85,154759.0
2018-09-07,1.85,1.908,1.68,1.8,85252.0
2018-09-10,1.85,1.854,1.66,1.74,58560.0
2018-09-11,1.79,1.79,1.61,1.79,90690.0
2018-09-12,1.81,1.81,1.76,1.78,26073.0
2018-09-13,1.78,1.78,1.55,1.67,76908.0
2018-09-14,1.68,1.73,1.67,1.67,18782.0
2018-09-17,1.69,1.72,1.67,1.71,14899.0
2018-09-18,1.7,1.77,1.65,1.69,22985.0
2018-09-19,1.67,1.78,1.67,1.74,34495.0
2018-09-20,1.8,1.95,1.66,1.8,116582.0
2018-09-21,1.79,1.94,1.67,1.94,80424.0
2018-09-24,1.91,1.95,1.76,1.87,29531.0
2018-09-25,1.87,2.07,1.79,1.91,209282.0
2018-09-26,1.89,1.89,1.79,1.79,27381.0
2018-09-27,1.81,2.04,1.801,1.95,130200.0
2018-09-28,1.96,2.04,1.801,1.86,79944.0
2018-10-01,1.88,2.02,1.83,1.855,72095.0
2018-10-02,1.87,1.98,1.87,1.97,113101.0
2018-10-03,1.96,2.1,1.9,2.09,97779.0
2018-10-04,2.07,2.23,2.0,2.02,275283.0
2018-10-05,2.04,2.17,2.034,2.12,120053.0
2018-10-08,2.1,2.56,1.85,1.94,1174500.0
2018-10-09,2.12,2.12,1.67,1.92,336196.0
2018-10-10,1.92,2.07,1.82,1.85,159878.0
2018-10-11,1.87,1.87,1.68,1.73,78629.0
2018-10-12,1.76,1.85,1.68,1.74,75369.0
2018-10-15,1.73,1.73,1.4,1.64,279887.0
2018-10-16,1.67,1.74,1.62,1.74,43572.0
2018-10-17,1.72,1.74,1.62,1.67,59421.0
2018-10-18,1.68,1.72,1.66,1.72,13989.0
2018-10-19,1.69,1.74,1.68,1.68,43834.0
2018-10-22,1.67,1.78,1.67,1.78,49240.0
2018-10-23,1.724,1.85,1.691,1.835,35659.0
2018-10-24,1.8,1.81,1.75,1.75,28825.0
2018-10-25,1.72,1.762,1.47,1.48,287215.0
2018-10-26,1.45,1.48,1.4,1.45,50384.0
2018-10-29,1.45,1.45,1.18,1.28,248262.0
2018-10-30,1.28,1.28,1.175,1.23,43562.0
2018-10-31,1.19,1.195,1.04,1.15,233464.0
2018-11-01,1.14,1.166,1.09,1.16,67415.0
2018-11-02,1.18,1.2,1.14,1.18,78550.0
2018-11-05,1.21,1.269,1.1,1.15,116109.0
2018-11-06,1.15,1.2,1.1,1.17,41726.0
2018-11-07,1.15,1.235,1.05,1.07,313479.0
2018-11-08,1.08,1.09,0.795,0.98,662665.0
2018-11-09,0.87,0.972,0.87,0.918,66186.0
2018-11-12,0.909,1.052,0.82,0.862,107482.0
2018-11-13,0.9,0.92,0.85,0.851,21389.0
2018-11-14,0.831,0.97,0.8,0.86,129129.0
2018-11-15,0.858,0.91,0.815,0.91,46066.0
2018-11-16,0.84,0.899,0.824,0.85,40477.0
2018-11-19,0.893,0.91,0.822,0.825,40149.0
2018-11-20,0.9,0.9,0.8,0.83,45027.0
2018-11-21,0.82,0.88,0.8,0.87,47592.0
2018-11-23,0.85,0.861,0.81,0.83,31302.0
2018-11-26,0.86,0.86,0.71,0.749,81589.0
2018-11-27,0.74,0.749,0.72,0.736,53795.0
2018-11-28,0.75,0.81,0.74,0.776,39517.0
2018-11-29,0.79,0.9,0.79,0.89,59553.0
2018-11-30,0.89,0.94,0.878,0.89,36983.0
2018-12-03,0.88,0.92,0.872,0.9,93025.0
2018-12-04,0.95,0.95,0.81,0.857,95609.0
2018-12-06,0.8998,0.93,0.88,0.88,26025.0
2018-12-07,0.924,0.924,0.8,0.81,36031.0
2018-12-10,0.84,0.877,0.73,0.765,45272.0
2018-12-11,0.809,0.809,0.731,0.741,40402.0
2018-12-12,0.731,0.775,0.73,0.77,20849.0
2018-12-13,0.769,0.79,0.76,0.765,15329.0
2018-12-14,0.761,0.8,0.76,0.79,42267.0
2018-12-17,0.79,0.7965,0.699,0.7,45298.0
2018-12-18,0.75,0.75,0.67,0.7,26694.0
2018-12-19,0.67,0.7,0.65,0.7,35971.0
2018-12-20,0.67,0.67,0.57,0.63,107122.0
2018-12-21,0.59,0.63,0.565,0.581,46593.0
2018-12-24,0.61,0.62,0.5,0.52,21769.0
2018-12-26,0.578,0.59,0.47,0.47,48253.0
2018-12-27,0.52,0.633,0.47,0.58,59521.0
2018-12-28,0.5964,0.64,0.52,0.62,86230.0
2018-12-31,0.58,0.6168,0.56,0.6,38165.0
2019-01-02,0.59,0.85,0.59,0.837,228179.0
2019-01-03,0.734,0.88,0.721,0.83,53459.0
2019-01-04,0.84,0.845,0.731,0.78,21294.0
2019-01-07,0.78,0.87,0.77,0.831,69661.0
2019-01-08,0.83,0.862,0.78,0.833,53237.0
2019-01-09,0.85,0.87,0.786,0.8,56971.0
2019-01-10,0.84,0.886,0.785,0.814,141075.0
2019-01-11,0.85,0.86,0.785,0.81,33992.0
2019-01-14,0.791,0.95,0.791,0.835,717322.0
2019-01-15,0.885,0.885,0.73,0.76,607029.0
2019-01-16,0.76,0.79,0.655,0.73,292800.0
2019-01-17,0.75,0.763,0.68,0.69,46126.0
2019-01-18,0.72,0.73,0.67,0.68,139320.0
2019-01-22,0.728,0.728,0.68,0.6999,640405.0
2019-01-23,0.7,0.71,0.655,0.675,248697.0
2019-01-24,0.696,0.696,0.655,0.659,207026.0
2019-01-25,0.67,0.699,0.6,0.65,735638.0
2019-01-28,0.66,0.66,0.61,0.635,224521.0
2019-01-29,0.659,0.68,0.61,0.639,250454.0
2019-01-30,0.639,0.645,0.562,0.61,208803.0
2019-01-31,0.62,0.67,0.56,0.59,250547.0
2019-02-01,0.65,0.65,0.585,0.6,175522.0
2019-02-04,0.62,0.65,0.58,0.59,320119.0
2019-02-05,0.61,0.61,0.58,0.6,188603.0
2019-02-06,0.6,0.61,0.55,0.6,258533.0
2019-02-07,0.59,0.6,0.55,0.58,101999.0
2019-02-08,0.57,0.582,0.55,0.56,91092.0
2019-02-11,0.56,0.579,0.56,0.571,52405.0
2019-02-12,0.575,0.63,0.51,0.54,1746612.0
2019-02-13,0.538,0.559,0.48,0.53,509017.0
2019-02-14,0.53,0.65,0.53,0.62,944749.0
2019-02-15,0.65,0.689,0.58,0.605,509931.0
2019-02-19,0.65,0.7388,0.64,0.6999,1226013.0
2019-02-20,0.707,0.73,0.62,0.665,795366.0
2019-02-21,0.6612,0.67,0.6401,0.6452,277647.0
2019-02-22,0.65,0.65,0.6,0.61,370135.0
2019-02-25,0.596,0.62,0.57,0.615,225047.0
2019-02-26,0.601,0.65,0.572,0.64,246826.0
2019-02-27,0.638,0.655,0.61,0.645,117498.0
2019-02-28,0.68,0.68,0.62,0.63,296704.0
2019-03-01,0.636,0.666,0.62,0.638,160172.0
2019-03-04,0.65,0.659,0.601,0.651,232841.0
2019-03-05,0.68,0.93,0.649,0.88,4481599.0
2019-03-06,0.851,1.08,0.75,0.9,3807025.0
2019-03-07,0.89,0.897,0.731,0.82,1009236.0
2019-03-08,0.8,0.8,0.671,0.77,607434.0
2019-03-11,0.76,0.82,0.71,0.802,222207.0
2019-03-12,0.82,0.84,0.802,0.815,262680.0
2019-03-13,0.815,0.87,0.81,0.853,231957.0
2019-03-14,0.888,1.25,0.85,1.199,3416557.0
2019-03-15,1.17,1.35,0.972,1.06,2840754.0
2019-03-18,1.03,1.167,1.0,1.06,598223.0
2019-03-19,1.06,1.12,1.0,1.03,331671.0
2019-03-20,1.02,1.09,1.01,1.05,318009.0
2019-03-21,1.14,1.15,1.03,1.04,435349.0
2019-03-22,1.03,1.06,0.96,0.97,433763.0
2019-03-25,1.04,1.043,0.88,0.95,263856.0
2019-03-26,0.952,0.952,0.871,0.92,399591.0
2019-03-27,0.922,0.95,0.83,0.868,225030.0
2019-03-28,0.889,0.889,0.81,0.859,90538.0
2019-03-29,0.87,0.887,0.7,0.873,239830.0
2019-04-01,0.89,0.96,0.89,0.96,182174.0
2019-04-02,0.982,1.0,0.91,0.96,100289.0
2019-04-03,0.97,1.0,0.95,0.964,93972.0
2019-04-04,0.96,0.96,0.92,0.935,111229.0
2019-04-05,0.92,0.955,0.89,0.955,71352.0
2019-04-08,0.945,0.95,0.9,0.91,200721.0
2019-04-09,0.905,0.93,0.9,0.929,94519.0
2019-04-10,0.902,0.95,0.88,0.933,141868.0
2019-04-11,0.96,0.97,0.89,0.89,79471.0
2019-04-12,0.899,0.944,0.89,0.89,65920.0
2019-04-15,0.92,0.92,0.87,0.895,81490.0
2019-04-16,0.91,0.9495,0.87,0.925,68554.0
2019-04-17,0.936,0.949,0.892,0.94,146627.0
2019-04-18,0.94,0.988,0.911,0.937,128094.0
2019-04-22,0.96,0.96,0.915,0.92,33791.0
2019-04-23,0.956,0.956,0.87,0.89,105391.0
2019-04-24,0.92,0.921,0.89,0.9,61022.0
2019-04-25,0.888,0.908,0.87,0.87,37948.0
2019-04-26,0.87,0.895,0.868,0.888,41666.0
2019-04-29,0.9,0.9,0.85,0.88,50773.0
2019-04-30,0.872,0.872,0.75,0.775,318118.0
2019-05-01,0.775,0.83,0.77,0.78,77317.0
2019-05-02,0.78,0.799,0.75,0.78,97271.0
2019-05-03,0.78,0.8,0.75,0.75,66532.0
2019-05-06,0.788,1.09,0.76,0.87,2375168.0
2019-05-07,0.92,1.173,0.92,1.01,7858016.0
2019-05-08,0.96,1.07,0.901,0.92,1012424.0
2019-05-09,0.91,0.92,0.85,0.919,398053.0
2019-05-10,0.9,0.94,0.872,0.91,211572.0
2019-05-13,0.92,0.92,0.859,0.889,208246.0
2019-05-14,0.92,0.92,0.87,0.885,92251.0
2019-05-15,0.885,0.9,0.84,0.845,200525.0
2019-05-16,0.845,0.88,0.845,0.86,108658.0
2019-05-17,0.868,0.87,0.815,0.82,168411.0
2019-05-20,0.83,0.83,0.8,0.8,143630.0
2019-05-21,0.814,0.84,0.8,0.834,82420.0
2019-05-22,0.8,0.85,0.8,0.83,111984.0
2019-05-23,0.812,0.84,0.81,0.817,45575.0
2019-05-24,0.85,0.85,0.82,0.82,96611.0
2019-05-28,0.828,0.89,0.828,0.889,157399.0
2019-05-29,0.862,0.89,0.84,0.888,56511.0
2019-05-30,0.89,0.94,0.89,0.925,265770.0
2019-05-31,0.914,0.924,0.856,0.885,203110.0
2019-06-03,0.87,0.915,0.82,0.86,110793.0
2019-06-04,0.83,0.89,0.825,0.8799,89578.0
2019-06-05,0.88,0.88,0.82,0.83,113954.0
2019-06-06,0.83,0.83,0.8,0.81,116766.0
2019-06-07,0.8099,0.86,0.8,0.8488,207878.0
2019-06-10,0.835,0.84,0.805,0.825,73346.0
2019-06-11,0.815,0.82,0.8,0.81,64422.0
2019-06-12,0.804,0.82,0.78,0.79,133720.0
2019-06-13,0.781,0.819,0.78,0.818,55799.0
2019-06-14,0.84,0.845,0.783,0.84,65594.0
2019-06-17,0.831,0.89,0.825,0.875,110228.0
2019-06-18,0.88,0.88,0.853,0.88,94280.0
2019-06-19,0.88,0.96,0.8701,0.96,238188.0
2019-06-20,1.03,1.0879,0.865,0.9595,1308339.0
2019-06-21,0.951,0.951,0.88,0.923,458525.0
2019-06-24,0.906,0.942,0.9,0.91,43385.0
2019-06-25,0.91,1.13,0.91,1.1,1486004.0
2019-06-26,1.14,1.14,1.01,1.06,447082.0
2019-06-27,1.05,1.11,1.035,1.06,146989.0
2019-06-28,1.1,1.1,1.05,1.07,180729.0
2019-07-01,1.09,1.13,1.07,1.12,213023.0
2019-07-02,1.17,1.27,1.02,1.05,1555319.0
2019-07-03,1.04,1.05,1.011,1.04,95155.0
2019-07-05,1.04,1.1,1.01,1.075,157795.0
2019-07-08,1.09,1.09,1.057,1.075,87891.0
2019-07-09,1.05,1.09,1.01,1.04,163304.0
2019-07-10,1.03,1.08,1.02,1.03,138481.0
2019-07-11,1.01,1.07,1.01,1.02,197661.0
2019-07-12,1.09,1.099,1.01,1.06,310497.0
2019-07-15,1.06,1.06,0.93,0.935,354760.0
2019-07-16,0.93,1.11,0.92,1.01,930726.0
2019-07-17,1.01,1.04,0.98,1.0,123590.0
2019-07-18,1.0,1.039,0.954,0.984,148233.0
2019-07-19,0.98,1.01,0.959,0.99,75742.0
2019-07-22,1.02,1.02,0.97,0.99,45667.0
2019-07-23,0.98,1.01,0.961,1.003,62810.0
2019-07-24,1.01,1.032,0.97,0.98,63413.0
2019-07-25,0.98,0.98,0.84,0.881,924195.0
2019-07-26,0.86,0.95,0.849,0.94,114354.0
2019-07-29,0.912,0.98,0.85,0.951,184529.0
2019-07-30,0.952,1.08,0.92,1.04,648930.0
2019-07-31,1.05,1.08,1.0,1.03,362780.0
2019-08-01,1.04,1.06,1.01,1.01,127849.0
2019-08-02,1.0,1.05,1.0,1.04,96890.0
2019-08-05,1.03,1.03,0.98,0.98,128030.0
2019-08-06,1.0,1.05,0.97,0.97,103768.0
2019-08-07,0.97,0.99,0.95,0.959,170682.0
2019-08-08,1.0,1.0,0.9,0.98,116407.0
2019-08-09,0.98,0.989,0.92,0.98,80954.0
2019-08-12,0.96,0.96,0.9,0.902,132192.0
2019-08-13,0.9,0.957,0.853,0.912,97478.0
2019-08-14,0.912,0.95,0.86,0.87,101989.0
2019-08-15,0.871,0.956,0.871,0.9,112998.0
2019-08-16,0.95,0.95,0.9,0.9234,59763.0
2019-08-19,0.921,0.97,0.905,0.949,56132.0
2019-08-20,0.95,0.97,0.93,0.941,46219.0
2019-08-21,0.93,1.07,0.93,1.04,969493.0
2019-08-22,1.05,1.08,1.02,1.04,193670.0
2019-08-23,1.03,1.039,0.99,1.0,99377.0
2019-08-26,1.0,1.06,0.98,1.01,115599.0
2019-08-27,1.02,1.05,0.99,1.01,48409.0
2019-08-28,1.0,1.05,0.99,1.01,64777.0
2019-08-29,1.01,1.05,1.01,1.03,34852.0
2019-08-30,1.02,1.05,1.0,1.03,144693.0
2019-09-03,1.03,1.19,1.03,1.14,947038.0
2019-09-04,1.15,1.16,1.1,1.11,154478.0
2019-09-05,1.12,1.19,1.1,1.14,213300.0
2019-09-06,1.17,1.23,1.15,1.16,498386.0
2019-09-09,1.2,1.2,1.151,1.2,266302.0
2019-09-10,1.2,1.23,1.06,1.15,386515.0
2019-09-11,1.13,1.14,1.07,1.11,162388.0
2019-09-12,1.1,1.13,1.07,1.08,2195964.0
2019-09-13,0.3,0.339,0.29,0.324,7289574.0
2019-09-16,0.326,0.34,0.3,0.319,1653090.0
2019-09-17,0.309,0.319,0.25,0.277,2268548.0
2019-09-18,0.277,0.28,0.26,0.268,570941.0
2019-09-19,0.27,0.299,0.255,0.295,1734886.0
2019-09-20,0.3,0.315,0.274,0.286,1057581.0
2019-09-23,0.28,0.285,0.26,0.262,389949.0
2019-09-24,0.27,0.27,0.25,0.252,316558.0
2019-09-25,0.26,0.261,0.23,0.252,410829.0
2019-09-26,0.252,0.277,0.252,0.259,372437.0
2019-09-27,0.271,0.271,0.23,0.244,297547.0
2019-09-30,0.24,0.32,0.233,0.31,2436714.0
2019-10-01,0.295,0.298,0.27,0.276,411621.0
2019-10-02,0.27,0.277,0.241,0.262,464122.0
2019-10-03,0.275,0.28,0.25,0.268,382700.0
2019-10-04,0.28,0.28,0.252,0.253,129605.0
2019-10-07,0.27,0.445,0.262,0.38,9494215.0
2019-10-08,0.38,0.38,0.268,0.271,2704115.0
2019-10-09,0.277,0.42,0.27,0.35,11542182.0
2019-10-10,0.34,0.37,0.3,0.32,1720534.0
2019-10-11,0.35,0.35,0.282,0.306,1513111.0
2019-10-14,0.306,0.329,0.26,0.295,1009664.0
2019-10-15,0.281,0.31,0.276,0.301,683894.0
2019-10-16,0.29,0.33,0.276,0.31,821401.0
2019-10-17,0.308,0.32,0.29,0.305,219712.0
2019-10-18,0.305,0.316,0.29,0.293,241377.0
2019-10-21,0.294,0.308,0.28,0.286,181536.0
2019-10-22,0.286,0.3,0.276,0.285,259981.0
2019-10-23,0.29,0.295,0.252,0.271,470416.0
2019-10-24,0.27,0.27,0.26,0.265,245468.0
2019-10-25,0.279,0.279,0.26,0.269,222722.0
2019-10-28,0.268,0.272,0.25,0.26,201049.0
2019-10-29,0.25,0.269,0.248,0.258,214255.0
2019-10-30,0.251,0.258,0.247,0.252,141649.0
2019-10-31,0.242,0.26,0.24,0.26,331582.0
2019-11-01,0.26,0.283,0.25,0.269,789804.0
2019-11-04,0.285,0.285,0.252,0.259,411603.0
2019-11-05,0.254,0.26,0.241,0.25,323112.0
2019-11-06,0.255,0.29,0.244,0.28,1539441.0
2019-11-07,0.279,0.279,0.252,0.26,384081.0
2019-11-08,0.273,0.273,0.249,0.261,266140.0
2019-11-11,0.25,0.258,0.246,0.255,292976.0
2019-11-12,0.246,0.25,0.24,0.24,352899.0
2019-11-13,0.241,0.25,0.23,0.241,615682.0
2019-11-14,0.248,0.248,0.199,0.206,568324.0
2019-11-15,0.215,0.215,0.2,0.201,178249.0
2019-11-18,0.21,0.21,0.164,0.175,414813.0
2019-11-19,0.19,0.19,0.164,0.18,226635.0
2019-11-20,0.189,0.196,0.171,0.184,256977.0
2019-11-21,0.2,0.21,0.181,0.197,186911.0
2019-11-22,0.207,0.22,0.191,0.192,271319.0
2019-11-25,0.201,0.216,0.191,0.202,288491.0
2019-11-26,0.21,0.212,0.195,0.208,112479.0
2019-11-27,0.196,0.205,0.181,0.2,180587.0
2019-11-29,0.195,0.199,0.17,0.179,273279.0
2019-12-02,0.179,0.19,0.176,0.179,417766.0
2019-12-03,0.19,0.204,0.176,0.182,714184.0
2019-12-04,0.194,0.2,0.177,0.191,937890.0
2019-12-05,0.2,0.264,0.185,0.195,4659660.0
2019-12-06,0.192,0.22,0.175,0.2,4403088.0
2019-12-09,0.21,0.239,0.195,0.214,3280500.0
2019-12-10,0.215,0.22,0.185,0.186,1961205.0
2019-12-11,0.19,0.205,0.176,0.179,1509548.0
2019-12-12,0.18,0.181,0.155,0.174,2484655.0
2019-12-13,0.17,0.175,0.162,0.165,1543287.0
2019-12-16,0.167,0.171,0.158,0.162,1282805.0
2019-12-17,0.162,0.165,0.155,0.157,1593712.0
2019-12-18,0.155,0.17,0.15,0.162,2296415.0
2019-12-19,0.16,0.165,0.155,0.159,1380461.0
2019-12-20,0.16,0.173,0.158,0.167,1674572.0
2019-12-23,0.17,0.172,0.16,0.163,1806465.0
2019-12-24,0.165,0.165,0.152,0.156,1510102.0
2019-12-26,0.16,0.16,0.15,0.156,1539393.0
2019-12-27,0.163,0.164,0.15,0.155,1762080.0
2019-12-30,0.16,0.182,0.154,0.177,5501880.0
2019-12-31,0.19,0.19,0.165,0.169,3865228.0
2020-01-02,0.171,0.225,0.17,0.207,16691383.0
2020-01-03,0.255,0.285,0.213,0.22,31162934.0
2020-01-06,0.234,0.257,0.22,0.248,12222438.0
2020-01-07,0.245,0.245,0.21,0.235,5126177.0
2020-01-08,0.205,0.22,0.2,0.208,4521178.0
2020-01-09,0.214,0.23,0.201,0.228,3521248.0
2020-01-10,0.227,0.231,0.205,0.212,2128767.0
2020-01-13,0.21,0.216,0.189,0.191,3657676.0
2020-01-14,0.188,0.2,0.182,0.195,2005586.0
2020-01-15,0.2,0.229,0.19,0.223,9780016.0
2020-01-16,0.225,0.227,0.202,0.218,4549307.0
2020-01-17,0.219,0.248,0.211,0.224,7031131.0
2020-01-21,0.3,0.32,0.221,0.225,25240880.0
2020-01-22,0.23,0.233,0.2,0.202,7591573.0
2020-01-23,0.202,0.207,0.18,0.195,3787835.0
2020-01-24,0.199,0.207,0.193,0.196,2496425.0
2020-01-27,0.22,0.235,0.209,0.224,10989986.0
2020-01-28,0.219,0.22,0.2,0.208,3540787.0
2020-01-29,0.21,0.215,0.195,0.196,2396312.0
2020-01-30,0.206,0.21,0.195,0.203,2576649.0
2020-01-31,0.205,0.223,0.195,0.21,6132098.0
2020-02-03,0.212,0.23,0.198,0.213,5853658.0
2020-02-04,0.203,0.228,0.2,0.21,5256588.0
2020-02-05,0.2107,0.25,0.2106,0.249,13353894.0
2020-02-06,0.247,0.247,0.211,0.216,6265450.0
2020-02-07,0.216,0.22,0.201,0.207,3428200.0
2020-02-10,0.211,0.215,0.201,0.21,3382812.0
2020-02-11,0.214,0.214,0.204,0.207,1617979.0
2020-02-12,0.209,0.21,0.2,0.204,2217757.0
2020-02-13,0.205,0.205,0.193,0.196,2782820.0
2020-02-14,0.195,0.205,0.183,0.186,4112952.0
2020-02-18,0.189,0.193,0.18,0.19,1996322.0
2020-02-19,0.19,0.191,0.182,0.19,2497164.0
2020-02-20,0.211,0.218,0.199,0.207,7993453.0
2020-02-21,0.2,0.247,0.19,0.233,24562540.0
2020-02-24,0.225,0.23,0.211,0.218,5951281.0
2020-02-25,0.22,0.22,0.195,0.205,4995428.0
2020-02-26,0.207,0.224,0.202,0.21,6067995.0
2020-02-27,0.21,0.366,0.21,0.284,54568370.0
2020-02-28,0.71,0.8,0.457,0.69,74799778.0
2020-03-02,0.83,0.86,0.55,0.613,23573244.0
2020-03-03,0.525,0.55,0.403,0.469,14401654.0
2020-03-04,0.412,0.48,0.354,0.45,20662874.0
2020-03-05,0.48,0.57,0.413,0.515,24628737.0
2020-03-06,0.48,0.48,0.4,0.406,9717828.0
2020-03-09,0.41,0.41,0.351,0.36,7654485.0
2020-03-10,0.325,0.345,0.261,0.302,15103085.0
2020-03-11,0.28,0.299,0.24,0.268,10639358.0
2020-03-12,0.25,0.25,0.213,0.223,5621412.0
2020-03-13,0.236,0.305,0.22,0.23,11742773.0
2020-03-16,0.222,0.23,0.17,0.204,4831305.0
2020-03-17,0.202,0.24,0.19,0.219,6993453.0
2020-03-18,0.202,0.21,0.185,0.189,3635025.0
2020-03-19,0.202,0.22,0.185,0.19,4603311.0
2020-03-20,0.21,0.285,0.195,0.278,16294248.0
2020-03-23,0.28,0.499,0.226,0.449,58839551.0
2020-03-24,0.44,0.462,0.303,0.315,24401296.0
2020-03-25,0.315,0.355,0.268,0.31,9327951.0
2020-03-26,0.321,0.349,0.29,0.33,6250144.0
2020-03-27,0.31,0.35,0.3,0.318,5598044.0
2020-03-30,0.3,0.335,0.29,0.303,5410355.0
2020-03-31,0.3,0.305,0.265,0.267,4714667.0
2020-04-01,0.3,0.3,0.26,0.26,2799157.0
2020-04-02,0.261,0.266,0.21,0.241,3197739.0
2020-04-03,0.245,0.265,0.23,0.262,3363059.0
2020-04-06,0.27,0.275,0.252,0.265,3070920.0
2020-04-07,0.25,0.261,0.236,0.247,3638336.0
2020-04-08,0.24,0.278,0.24,0.267,3947560.0
2020-04-09,0.257,0.275,0.244,0.247,3416601.0
2020-04-13,0.261,0.295,0.255,0.278,9114980.0
2020-04-14,0.29,0.304,0.265,0.299,7730056.0
2020-04-15,0.301,0.357,0.285,0.31,13140031.0
2020-04-16,0.31,0.315,0.27,0.284,5334786.0
2020-04-17,0.275,0.282,0.25,0.27,4346782.0
2020-04-20,0.264,0.3,0.261,0.283,4405833.0
2020-04-21,0.283,0.283,0.266,0.271,2355081.0
2020-04-22,0.265,0.3,0.265,0.294,7239246.0
2020-04-23,0.296,0.336,0.285,0.309,8949627.0
2020-04-24,0.3,0.37,0.293,0.36,16184232.0
2020-04-27,0.341,0.356,0.318,0.33,7933455.0
2020-04-28,0.335,0.335,0.31,0.32,4687871.0
2020-04-29,0.32,0.366,0.313,0.347,8448419.0
2020-04-30,0.35,0.35,0.315,0.324,3955052.0
2020-05-01,0.33,0.419,0.32,0.379,31032083.0
2020-05-04,0.36,0.36,0.332,0.341,5568102.0
2020-05-05,0.342,0.739,0.342,0.64,158414572.0
2020-05-06,0.553,0.61,0.4,0.44,41189055.0
2020-05-07,0.412,0.524,0.381,0.48,25465261.0
2020-05-08,0.5,0.537,0.45,0.489,14930549.0
2020-05-11,0.57,0.645,0.525,0.546,35951920.0
2020-05-12,0.545,0.75,0.5,0.722,76372459.0
2020-05-13,0.67,0.708,0.58,0.612,38408750.0
2020-05-14,0.65,0.685,0.453,0.547,36454304.0
2020-05-15,0.532,0.67,0.532,0.63,23986711.0
2020-05-18,0.63,0.79,0.582,0.64,42636522.0
2020-05-19,0.601,0.602,0.48,0.519,21529443.0
2020-05-20,0.48,0.51,0.45,0.453,10638216.0
2020-05-21,0.45,0.48,0.42,0.44,6986992.0
2020-05-22,0.46,0.54,0.44,0.448,17888966.0
2020-05-26,9.51,9.652,7.146,7.8,403145.0
2020-05-27,7.25,7.48,6.1,6.4,464195.0
2020-05-28,6.33,6.896,6.3,6.4,208827.0
2020-05-29,6.4,6.5,6.11,6.45,159575.0
2020-06-01,6.39,6.39,5.8,5.89,270086.0
2020-06-02,6.1,6.2,5.51,5.59,578979.0
2020-06-03,5.49,5.57,4.86,5.08,411989.0
2020-06-04,5.18,5.215,4.89,5.0,322691.0
2020-06-05,5.09,5.39,4.87,5.13,398986.0
2020-06-08,5.34,6.19,5.01,5.89,1712070.0
2020-06-09,6.0,6.06,5.25,5.39,563788.0
2020-06-10,6.0,6.1,5.4,5.42,1069802.0
2020-06-11,5.25,5.25,4.56,4.85,400825.0
2020-06-12,4.99,5.24,4.75,5.0,539357.0
2020-06-15,4.85,5.09,4.75,4.91,442880.0
2020-06-16,5.07,5.39,4.92,4.99,759394.0
2020-06-17,5.02,5.145,4.86,4.99,704953.0
2020-06-18,5.1,5.35,4.97,5.11,942459.0
2020-06-19,5.2,5.28,4.9,4.96,849654.0
2020-06-22,5.0,5.07,4.77,4.97,858948.0
2020-06-23,5.03,5.05,4.8,4.93,546799.0
2020-06-24,4.9,4.93,4.59,4.75,611420.0
2020-06-25,4.62,4.83,4.57,4.7,412530.0
2020-06-26,4.7,4.86,4.27,4.4,785767.0
2020-06-29,4.56,4.78,4.15,4.4,772991.0
2020-06-30,4.25,4.3,3.71,3.97,1124035.0
2020-07-01,6.45,7.5,4.4,4.57,44502401.0
2020-07-02,4.35,4.5,4.0,4.1,2446808.0
2020-07-06,4.23,4.26,3.9,4.04,1200413.0
2020-07-07,4.0,4.24,3.91,4.04,815673.0
2020-07-08,4.1,4.16,3.99,4.11,650783.0
2020-07-09,4.15,4.3,4.01,4.25,809024.0
2020-07-10,4.27,4.5,4.11,4.46,1019546.0
2020-07-13,4.63,4.7,4.13,4.2,1341912.0
2020-07-14,4.2,4.23,4.02,4.2,645988.0
2020-07-15,4.25,4.3,4.04,4.3,925088.0
2020-07-16,4.19,4.35,4.16,4.3,824673.0
2020-07-17,4.28,4.45,4.25,4.38,845015.0
2020-07-20,4.651,4.96,4.5,4.96,2031216.0
2020-07-21,5.6,6.06,5.07,5.79,7583944.0
2020-07-22,5.98,6.1499,5.22,5.3,4296289.0
2020-07-23,5.13,5.15,4.68,4.99,3039426.0
2020-07-24,5.1,5.78,4.96,5.55,3565507.0
2020-07-27,5.63,5.67,5.061,5.36,2231870.0
2020-07-28,5.15,5.21,4.88,5.05,1696731.0
2020-07-29,5.05,7.34,4.85,6.42,13084120.0
2020-07-30,6.98,7.2,5.71,5.93,8645787.0
2020-07-31,5.86,5.87,5.26,5.72,2687293.0
2020-08-03,5.59,5.79,5.35,5.48,1868223.0
2020-08-04,5.49,5.7,5.43,5.51,1280025.0
2020-08-05,5.63,6.18,5.6227,5.88,3060558.0
2020-08-06,5.85,5.9374,5.61,5.78,1308794.0
2020-08-07,5.65,5.75,5.33,5.56,2054523.0
2020-08-10,5.61,5.9,5.49,5.73,2065718.0
2020-08-11,5.91,5.91,5.4,5.41,1478818.0
2020-08-12,5.41,5.75,4.9113,5.52,3440949.0
2020-08-13,5.4,5.6,5.15,5.4,1183316.0
2020-08-14,5.47,5.64,5.36,5.5,1463574.0
2020-08-17,5.47,5.8,5.3001,5.54,1367409.0
2020-08-18,5.5,5.8401,5.34,5.6,2970978.0
2020-08-19,5.46,5.46,5.2,5.23,1743097.0
2020-08-20,5.23,5.2523,5.01,5.16,1645939.0
2020-08-21,5.07,5.07,4.66,4.79,1996435.0
2020-08-24,4.8,4.9,4.56,4.62,1367631.0
2020-08-25,4.76,5.11,4.52,4.98,1582431.0
2020-08-26,4.93,5.04,4.8,4.97,780277.0
2020-08-27,4.95,4.95,4.57,4.7,910203.0
2020-08-28,4.65,5.03,4.6,4.93,942955.0
2020-08-31,4.85,4.93,4.76,4.81,580866.0
2020-09-01,4.86,4.86,4.71,4.77,552040.0
2020-09-02,4.71,4.725,4.37,4.53,964044.0
2020-09-03,4.38,4.46,4.06,4.2,855276.0
2020-09-04,4.08,4.18,3.785,4.08,794522.0
2020-09-08,3.97,4.1,3.86,3.99,580690.0
2020-09-09,4.0385,4.4389,3.92,4.27,947729.0
2020-09-10,4.26,4.32,4.12,4.28,595189.0
2020-09-11,4.18,4.53,4.1401,4.49,578212.0
2020-09-14,4.5,4.57,4.26,4.43,610681.0
2020-09-15,4.4,4.45,4.18,4.29,821297.0
2020-09-16,4.33,4.7895,4.27,4.69,1413519.0
2020-09-17,4.73,4.8504,4.45,4.55,856010.0
2020-09-18,4.5,4.78,4.4,4.72,1246316.0
2020-09-21,4.65,5.19,4.55,5.145,1656974.0
2020-09-22,5.15,5.15,4.8,5.04,855999.0
2020-09-23,5.04,5.17,4.75,4.93,1121024.0
2020-09-24,4.61,4.6975,4.37,4.4,997192.0
2020-09-25,4.37,4.62,4.37,4.47,415834.0
2020-09-28,4.54,4.88,4.5001,4.75,665375.0
2020-09-29,4.71,5.0,4.58,4.88,1104590.0
2020-09-30,4.88,4.95,4.73,4.95,792649.0
2020-10-01,4.91,4.9305,4.72,4.84,661221.0
2020-10-02,4.65,4.82,4.53,4.78,648251.0
2020-10-05,4.81,5.03,4.76,5.0,1146062.0
2020-10-06,5.05,5.43,4.95,5.31,1781812.0
2020-10-07,5.2,5.4699,5.085,5.21,996471.0
2020-10-08,5.41,5.46,5.19,5.23,1187451.0
2020-10-09,5.16,5.18,4.92,5.07,1542999.0
2020-10-12,4.98,5.02,4.85,4.9,638974.0
2020-10-13,4.94,5.08,4.77,5.02,443391.0
2020-10-14,5.06,5.06,4.86,4.87,371483.0
2020-10-15,4.71,4.79,4.65,4.74,534254.0
2020-10-16,4.66,4.78,4.62,4.73,531939.0
2020-10-19,4.69,4.75,4.56,4.56,541140.0
2020-10-20,4.57,4.6,4.38,4.45,575233.0
2020-10-21,4.46,4.54,4.32,4.35,597353.0
2020-10-22,4.29,4.5,4.21,4.43,548507.0
2020-10-23,4.41,4.45,4.33,4.42,196252.0
2020-10-26,4.37,4.43,4.165,4.2,643273.0
2020-10-27,4.19,4.2199,4.0566,4.08,479163.0
2020-10-28,4.05,4.25,3.86,4.04,1442556.0
2020-10-29,3.99,4.09,3.91,3.97,553291.0
2020-10-30,3.98,3.98,3.76,3.84,546359.0
2020-11-02,3.87,3.96,3.85,3.9,327081.0
2020-11-03,3.92,4.04,3.85,4.03,473793.0
2020-11-04,4.0,4.03,3.87,3.87,353928.0
2020-11-05,3.92,4.02,3.88,3.92,472768.0
2020-11-06,3.89,3.94,3.82,3.88,652516.0
2020-11-09,3.8,3.87,3.52,3.58,1081034.0
2020-11-10,3.65,3.68,3.2907,3.38,1096347.0
2020-11-11,3.4,3.67,3.29,3.59,830471.0
2020-11-12,3.6,3.7,3.47,3.49,709234.0
2020-11-13,3.21,3.53,3.18,3.44,875034.0
2020-11-16,3.41,3.5,3.36,3.46,410590.0
2020-11-17,3.49,3.58,3.38,3.55,483482.0
2020-11-18,3.63,3.84,3.6001,3.65,545068.0
2020-11-19,3.7,3.725,3.56,3.64,353539.0
2020-11-20,3.645,3.67,3.515,3.54,359481.0
2020-11-23,3.6,3.6,3.3,3.34,959571.0
2020-11-24,3.33,3.37,3.16,3.3,1133256.0
2020-11-25,3.3,3.47,3.25,3.46,660431.0
2020-11-27,3.47,3.7,3.47,3.55,641116.0
2020-11-30,3.63,3.6399,3.41,3.48,540948.0
2020-12-01,3.48,3.53,3.38,3.43,581930.0
2020-12-02,3.41,3.48,3.3,3.35,534180.0
2020-12-03,3.35,3.44,3.33,3.44,472167.0
2020-12-04,3.41,3.57,3.34,3.56,911311.0
2020-12-07,3.6,3.6142,3.42,3.52,624226.0
2020-12-08,3.52,3.7,3.43,3.6,920166.0
2020-12-09,3.6,3.97,3.37,3.9,2844173.0
2020-12-10,4.09,4.14,3.7394,4.09,2787245.0
2020-12-11,4.0,4.02,3.78,3.83,1014782.0
2020-12-14,3.84,3.86,3.5201,3.54,946964.0
2020-12-15,3.646,4.66,3.58,4.07,14236498.0
2020-12-16,3.8,4.0105,3.6,3.64,3650835.0
2020-12-17,3.65,3.65,3.445,3.49,1647902.0
2020-12-18,3.47,3.52,3.33,3.33,1793750.0
2020-12-21,3.38,3.44,3.33,3.37,696618.0
2020-12-22,3.44,3.44,3.25,3.42,1349764.0
2020-12-23,3.36,3.4264,3.25,3.33,950481.0
2020-12-24,3.31,3.33,3.15,3.2,1118447.0
2020-12-28,3.22,3.2498,3.1101,3.13,1335842.0
2020-12-29,3.13,3.16,2.87,3.01,1770128.0
2020-12-30,3.08,3.1986,3.0,3.08,928942.0
2020-12-31,3.1,3.11,2.975,3.01,789265.0
2021-01-04,3.01,3.24,2.9615,3.15,875988.0
2021-01-05,3.17,3.34,3.16,3.27,769475.0
2021-01-06,3.26,3.31,3.05,3.07,760495.0
2021-01-07,3.19,3.27,3.11,3.18,493676.0
2021-01-08,3.18,3.33,3.08,3.27,1345345.0
2021-01-11,3.36,3.6399,3.3,3.58,3697303.0
2021-01-12,3.7,3.7699,3.475,3.61,1852394.0
2021-01-13,3.64,3.67,3.39,3.54,1218121.0
2021-01-14,3.51,3.58,3.43,3.45,825331.0
2021-01-15,3.45,3.48,3.3,3.4,943691.0
2021-01-19,3.42,3.51,3.36,3.36,930757.0
2021-01-20,3.42,3.44,3.26,3.35,736231.0
2021-01-21,3.39,3.53,3.29,3.46,959613.0
2021-01-22,3.46,3.55,3.37,3.48,1019214.0
2021-01-25,3.46,3.65,3.38,3.48,1466217.0
2021-01-26,3.59,3.6,3.475,3.54,1334289.0
2021-01-27,3.47,4.04,3.31,3.64,7516218.0
2021-01-28,3.74,3.8,3.45,3.58,2031804.0
2021-01-29,3.59,3.59,3.21,3.4,2050051.0
2021-02-01,3.41,3.4119,3.29,3.36,1167964.0
2021-02-02,3.4,3.43,3.2001,3.32,1606722.0
2021-02-03,3.3,3.47,3.28,3.33,1842821.0
2021-02-04,3.42,3.88,3.3501,3.87,7050725.0
2021-02-05,3.86,4.17,3.62,3.99,6543559.0
2021-02-08,4.14,4.35,3.95,4.23,4028182.0
2021-02-09,4.33,4.33,3.82,4.13,5845777.0
2021-02-10,4.19,4.28,3.7201,4.07,2884147.0
2021-02-11,4.1,4.1199,3.8207,3.88,1862311.0
2021-02-12,3.8235,3.97,3.69,3.95,1549743.0
2021-02-16,4.21,4.434,4.11,4.19,2798025.0
2021-02-17,4.285,4.32,3.95,4.07,1628977.0
2021-02-18,3.99,4.07,3.89,4.0,1345395.0
2021-02-19,4.0,4.04,3.92,3.97,813081.0
2021-02-22,3.95,3.9799,3.75,3.75,990401.0
2021-02-23,3.66,3.7,3.3,3.55,1429159.0
2021-02-24,3.65,3.75,3.6,3.62,656044.0
2021-02-25,3.63,3.65,3.33,3.4,1033160.0
2021-02-26,3.36,3.45,3.2,3.29,932051.0
2021-03-01,3.5,3.52,3.36,3.43,1288180.0
2021-03-02,3.5,3.55,3.33,3.34,655109.0
2021-03-03,3.36,3.39,3.13,3.16,1534812.0
2021-03-04,3.14,3.17,2.85,2.9,1503422.0
2021-03-05,2.96,2.98,2.562,2.88,1621303.0
2021-03-08,2.96,3.19,2.86,3.17,1483506.0
2021-03-09,3.21,3.35,3.12,3.26,1990384.0
2021-03-10,3.3,3.3,3.0989,3.19,870091.0
2021-03-11,3.26,3.33,3.2,3.3,520046.0
2021-03-12,3.28,3.33,3.155,3.33,555196.0
2021-03-15,3.35,3.4,3.2701,3.33,541942.0
2021-03-16,3.37,3.37,3.17,3.26,477628.0
2021-03-17,3.16,3.33,3.11,3.17,874843.0
2021-03-18,3.185,3.185,3.03,3.05,897129.0
2021-03-19,3.09,3.13,2.99,3.03,713037.0
2021-03-22,3.06,3.1,2.99,3.06,441064.0
2021-03-23,3.03,3.051,2.85,2.87,751003.0
2021-03-24,2.8935,2.96,2.63,2.66,1050767.0
2021-03-25,2.68,2.78,2.62,2.74,530058.0
2021-03-26,2.77,2.93,2.7089,2.77,570785.0
2021-03-29,2.76,2.78,2.61,2.62,556308.0
2021-03-30,2.67,2.67,2.52,2.6,529125.0
2021-03-31,2.6,2.84,2.6,2.7,1068167.0
2021-04-01,2.65,2.76,2.6129,2.75,478144.0
2021-04-05,2.8,2.8,2.63,2.63,398458.0
2021-04-06,2.68,2.7115,2.6101,2.69,440332.0
2021-04-07,2.68,2.7,2.602,2.66,385372.0
2021-04-08,2.64,2.65,2.56,2.62,466289.0
2021-04-09,2.58,2.62,2.56,2.6,1036711.0
2021-04-12,2.17,2.3499,2.1,2.13,2567371.0
2021-04-13,2.1,2.11,1.93,2.08,1207738.0
2021-04-14,2.01,2.15,2.0,2.05,522057.0
2021-04-15,2.08,2.1,1.745,1.78,1381153.0
2021-04-16,1.81,1.89,1.71,1.82,1257497.0
2021-04-19,1.84,2.0,1.76,1.85,1160051.0
2021-04-20,1.85,1.8629,1.73,1.81,412103.0
2021-04-21,1.79,1.98,1.76,1.91,732607.0
2021-04-22,2.03,2.0772,1.92,1.96,750303.0
2021-04-23,1.96,2.01,1.9163,2.01,218046.0
2021-04-26,2.03,2.5,1.96,2.24,7363257.0
2021-04-27,2.24,2.3,2.07,2.11,863271.0
2021-04-28,2.1,2.27,2.06,2.23,447883.0
2021-04-29,2.22,2.24,2.1327,2.2,369704.0
2021-04-30,2.12,2.2,2.12,2.15,250116.0
2021-05-03,2.12,2.15,2.03,2.08,411131.0
2021-05-04,2.03,2.0548,1.9,1.95,731008.0
2021-05-05,1.91,2.04,1.89,1.91,349217.0
2021-05-06,1.8942,1.92,1.8,1.86,425337.0
2021-05-07,1.8345,2.02,1.81,1.87,696640.0
2021-05-10,1.87,1.898,1.76,1.79,344209.0
2021-05-11,1.71,1.77,1.61,1.65,1402213.0
2021-05-12,1.66,1.73,1.62,1.66,850446.0
2021-05-13,1.68,1.73,1.51,1.53,673977.0
2021-05-14,1.58,1.65,1.53,1.59,951715.0
2021-05-17,1.6714,1.9193,1.65,1.8,971876.0
2021-05-18,1.76,1.8509,1.76,1.82,300300.0
2021-05-19,1.72,1.86,1.63,1.84,745777.0
2021-05-20,1.86,1.909,1.7501,1.81,267226.0
2021-05-21,1.83,1.91,1.77,1.9,440901.0
2021-05-24,1.89,1.89,1.78,1.8,206029.0
2021-05-25,1.82,1.83,1.75,1.79,287288.0
2021-05-26,1.8,1.81,1.76,1.79,162156.0
2021-05-27,1.79,1.91,1.78,1.87,233704.0
2021-05-28,1.89,1.938,1.8717,1.91,178463.0
2021-06-01,1.9,1.95,1.86,1.91,262294.0
2021-06-02,1.91,1.97,1.82,1.87,357458.0
2021-06-03,1.83,2.01,1.82,1.95,466478.0
2021-06-04,1.97,2.08,1.96,2.08,341171.0
2021-06-07,2.0491,2.27,2.0491,2.17,641756.0
2021-06-08,2.225,2.25,2.09,2.14,336000.0
2021-06-09,2.19,2.19,2.12,2.135,258738.0
2021-06-10,2.14,2.15,2.07,2.1,210444.0
2021-06-11,2.12,2.24,2.11,2.24,409273.0
2021-06-14,2.27,2.35,2.15,2.15,373562.0
2021-06-15,2.16,2.2,2.05,2.1,211056.0
2021-06-16,2.07,2.13,2.03,2.11,308820.0
2021-06-17,2.11,2.16,2.02,2.1,329826.0
2021-06-18,2.04,2.11,1.98,2.01,444928.0
2021-06-21,2.0,2.0,1.92,1.96,379214.0
2021-06-22,1.96,1.975,1.88,1.95,308066.0
2021-06-23,1.93,2.02,1.924,2.02,254509.0
2021-06-24,2.04,2.12,2.0,2.11,159552.0
2021-06-25,2.12,2.16,2.06,2.16,272203.0
2021-06-28,2.16,2.19,2.07,2.08,181254.0
2021-06-29,2.08,2.1,1.96,1.98,164679.0
2021-06-30,1.97,2.01,1.96,1.99,129236.0
2021-07-01,2.0,2.04,1.94,1.98,120004.0
2021-07-02,2.01,2.01,1.9193,1.95,122345.0
2021-07-06,1.93,1.97,1.87,1.91,135651.0
2021-07-07,1.9,2.1199,1.82,2.06,1595653.0
2021-07-08,1.94,1.981,1.86,1.92,287896.0
2021-07-09,1.92,1.92,1.86,1.88,211311.0
2021-07-12,1.88,1.8899,1.8,1.82,139923.0
2021-07-13,1.82,1.8599,1.77,1.78,212682.0
2021-07-14,1.92,1.94,1.74,1.77,385014.0
2021-07-15,1.73,1.76,1.66,1.69,237558.0
2021-07-16,1.72,1.75,1.68,1.7,163746.0
2021-07-19,1.7564,1.7564,1.62,1.72,392523.0
2021-07-20,1.76,1.84,1.7243,1.81,342603.0
2021-07-21,1.85,2.03,1.82,1.83,1270049.0
2021-07-22,1.82,1.86,1.74,1.8,464428.0
2021-07-23,1.79,1.799,1.72,1.76,112156.0
2021-07-26,1.77,1.7829,1.71,1.75,122585.0
2021-07-27,1.71,1.73,1.66,1.71,89923.0
2021-07-28,1.71,1.75,1.69,1.75,118066.0
2021-07-29,1.7338,1.76,1.71,1.74,70816.0
2021-07-30,1.75,1.8,1.72,1.77,107863.0
2021-08-02,1.79,1.89,1.76,1.84,418355.0
2021-08-03,1.83,1.87,1.77,1.83,195142.0
2021-08-04,1.82,1.85,1.76,1.79,104094.0
2021-08-05,1.79,1.82,1.77,1.8,68335.0
2021-08-06,1.79,1.81,1.75,1.79,72728.0
2021-08-09,1.78,1.89,1.7636,1.86,239287.0
2021-08-10,1.84,1.96,1.8091,1.88,330282.0
2021-08-11,1.89,1.9,1.8,1.85,414211.0
2021-08-12,1.85,1.87,1.8,1.85,172181.0
2021-08-13,1.83,1.95,1.78,1.78,451190.0
2021-08-16,1.77,1.8,1.66,1.67,1007042.0
2021-08-17,1.23,1.42,1.22,1.3,2100659.0
2021-08-18,1.28,1.3,1.21,1.29,767411.0
2021-08-19,1.27,1.31,1.2,1.24,285309.0
2021-08-20,1.2261,1.2261,1.16,1.18,350399.0
2021-08-23,1.16,1.3,1.16,1.27,397655.0
2021-08-24,1.27,1.43,1.23,1.34,366015.0
2021-08-25,1.3904,1.45,1.35,1.4,275180.0
2021-08-26,1.43,1.43,1.32,1.33,195475.0
2021-08-27,1.34,1.38,1.31,1.32,142978.0
2021-08-30,1.33,1.33,1.26,1.28,303495.0
2021-08-31,1.24,1.72,1.24,1.57,11020675.0
2021-09-01,1.52,1.59,1.4,1.58,1542523.0
2021-09-02,1.58,1.59,1.5,1.54,475439.0
2021-09-03,1.56,1.5858,1.47,1.55,704558.0
2021-09-07,1.5549,1.58,1.45,1.48,270190.0
2021-09-08,1.5,1.5098,1.43,1.47,221761.0
2021-09-09,1.49,1.5,1.45,1.47,136617.0
2021-09-10,1.47,1.5,1.44,1.49,169351.0
2021-09-13,1.5,1.5,1.43,1.45,143077.0
2021-09-14,1.479,1.48,1.36,1.37,254355.0
2021-09-15,1.38,1.44,1.36,1.44,133728.0
2021-09-16,1.42,1.47,1.41,1.47,131749.0
2021-09-17,1.45,1.52,1.42,1.52,266946.0
2021-09-20,1.4,1.46,1.39,1.45,207253.0
2021-09-21,1.44,1.46,1.37,1.43,250248.0
2021-09-22,1.43,1.44,1.4,1.44,69608.0
2021-09-23,1.46,1.46,1.394,1.44,216945.0
2021-09-24,1.42,1.44,1.4,1.42,163740.0
2021-09-27,1.4,1.45,1.4,1.45,114856.0
2021-09-28,1.46,1.46,1.38,1.4,127607.0
2021-09-29,1.39,1.3996,1.31,1.32,139818.0
2021-09-30,1.32,1.33,1.27,1.3,145702.0
2021-10-01,1.34,1.3799,1.29,1.29,139047.0
2021-10-04,1.29,1.31,1.25,1.27,87781.0
2021-10-05,1.29,1.29,1.22,1.23,106231.0
2021-10-06,1.24,1.24,1.18,1.19,176481.0
2021-10-07,1.19,1.2,1.18,1.19,98968.0
2021-10-08,1.2,1.235,1.18,1.23,142829.0
2021-10-11,1.23,1.26,1.21,1.21,119461.0
2021-10-12,1.23,1.24,1.185,1.2,139268.0
2021-10-13,1.22,1.22,1.17,1.19,141431.0
2021-10-14,1.2,1.2,1.17,1.17,134634.0
2021-10-15,1.17,1.1966,1.17,1.17,109528.0
2021-10-18,1.19,1.2,1.12,1.17,249483.0
2021-10-19,1.14,1.2,1.13,1.18,194978.0
2021-10-20,1.18,1.23,1.15,1.18,336915.0
2021-10-21,1.16,1.2238,1.16,1.2,128770.0
2021-10-22,1.2,1.21,1.13,1.18,207367.0
2021-10-25,1.16,1.175,1.14,1.15,167594.0
2021-10-26,1.15,1.16,1.121,1.13,166934.0
2021-10-27,1.15,1.17,1.13,1.15,278257.0
2021-10-28,1.16,1.17,1.12,1.15,164609.0
2021-10-29,1.14,1.16,1.13,1.15,141642.0
2021-11-01,1.15,1.21,1.15,1.2,228649.0
2021-11-02,1.2,1.21,1.15,1.19,144426.0
2021-11-03,1.17,1.2,1.15,1.15,274114.0
2021-11-04,1.15,1.18,1.15,1.16,134923.0
2021-11-05,1.16,1.18,1.14,1.15,209286.0
2021-11-08,1.15,1.18,1.14,1.15,113268.0
2021-11-09,1.17,1.17,1.12,1.14,153526.0
2021-11-10,1.12,1.14,1.11,1.11,181220.0
2021-11-11,1.14,1.14,1.07,1.08,195830.0
2021-11-12,1.09,1.1,1.06,1.06,178135.0
2021-11-15,1.08,1.08,1.05,1.07,138670.0
2021-11-16,1.06,1.08,1.05,1.07,138781.0
2021-11-17,1.05,1.08,1.01,1.04,280464.0
2021-11-18,1.03,1.04,0.9295,0.9412,540158.0
2021-11-19,0.94,1.01,0.93,0.9951,258631.0
2021-11-22,1.0,1.4,0.9432,1.25,44883099.0
2021-11-23,1.92,3.12,1.56,2.56,216834692.0
2021-11-24,1.97,2.16,1.45,1.75,35965415.0
2021-11-26,1.6677,1.85,1.52,1.7,6650663.0
2021-11-29,1.59,2.97,1.55,1.58,82592718.0
2021-11-30,1.55,1.67,1.33,1.47,15840999.0
2021-12-01,1.54,1.56,1.39,1.46,5476010.0
2021-12-02,1.39,1.41,1.22,1.32,5872265.0
2021-12-03,1.3,1.3002,1.1,1.15,3611122.0
2021-12-06,1.13,1.2,1.03,1.18,3703908.0
2021-12-07,1.19,1.28,1.16,1.27,1644557.0
2021-12-08,1.27,1.27,1.16,1.24,1733545.0
2021-12-09,1.23,1.28,1.18,1.18,881185.0
2021-12-10,1.18,1.22,1.12,1.14,901156.0
2021-12-13,1.12,1.15,1.07,1.07,944497.0
2021-12-14,1.05,1.085,1.01,1.03,1100857.0
2021-12-15,1.02,1.03,0.91,0.9648,2049638.0
2021-12-16,0.9616,1.04,0.9504,0.9748,1289151.0
2021-12-17,0.9692,0.98,0.931,0.9799,674395.0
2021-12-20,0.95,0.9901,0.939,0.9499,548411.0
2021-12-21,0.9386,1.1,0.88,1.09,4902843.0
2021-12-22,1.05,1.054,0.97,1.0,1886252.0
2021-12-23,0.9645,1.67,0.9505,1.29,68316082.0
2021-12-27,1.3,1.36,1.15,1.22,8114824.0
2021-12-28,1.19,1.41,1.18,1.3,10801560.0
2021-12-29,1.28,1.2801,1.12,1.12,3693438.0
2021-12-30,1.14,1.24,1.1,1.15,2701839.0
2021-12-31,1.15,1.15,1.05,1.07,2082414.0
2022-01-03,1.06,1.19,1.0599,1.18,1729016.0
2022-01-04,1.1798,1.18,1.08,1.12,1050249.0
2022-01-05,1.1,1.1146,1.01,1.04,1219186.0
2022-01-06,1.02,1.11,0.991,1.09,1064210.0
2022-01-07,1.05,1.07,1.0201,1.04,444580.0
2022-01-10,1.04,1.08,0.991,1.05,899359.0
2022-01-11,1.05,1.105,1.0301,1.07,453373.0
2022-01-12,1.05,1.0647,0.995,1.02,831546.0
2022-01-13,1.0,1.04,1.0,1.0,558712.0
2022-01-14,1.0,1.06,1.0,1.05,818761.0
2022-01-18,1.01,1.03,1.0,1.01,569425.0
2022-01-19,1.0,1.03,0.985,1.0,673803.0
2022-01-20,1.0,1.04,0.985,0.985,450436.0
2022-01-21,1.02,1.02,0.9,0.9153,859969.0
2022-01-24,0.91,0.927,0.8346,0.919,610416.0
2022-01-25,0.919,0.95,0.87,0.9098,359452.0
2022-01-26,0.9,0.932,0.8755,0.8755,268736.0
2022-01-27,0.88,0.8988,0.7901,0.802,659984.0
2022-01-28,0.804,0.86,0.771,0.81,597684.0
2022-01-31,0.83,0.878,0.8184,0.8696,278997.0
2022-02-01,0.8667,0.95,0.8523,0.88,241141.0
2022-02-02,0.89,0.91,0.8033,0.8478,326642.0
2022-02-03,0.84,0.87,0.8,0.8212,232272.0
2022-02-04,0.8474,0.868,0.79,0.8418,248806.0
2022-02-07,0.8279,0.84,0.77,0.7995,576434.0
2022-02-08,0.795,0.795,0.7526,0.7602,395680.0
2022-02-09,0.795,0.81,0.7651,0.785,494683.0
2022-02-10,0.7656,0.82,0.7656,0.7845,350952.0
2022-02-11,0.771,0.795,0.76,0.76,245764.0
2022-02-14,0.7595,0.76,0.711,0.727,303172.0
2022-02-15,0.73,0.7629,0.72,0.7355,302722.0
2022-02-16,0.7485,0.769,0.73,0.7493,249457.0
2022-02-17,0.75,0.75,0.7,0.715,250680.0
2022-02-18,0.7097,0.73,0.7,0.7029,160338.0
2022-02-22,0.6972,0.6998,0.6616,0.6901,149450.0
2022-02-23,0.6927,0.7,0.657,0.6601,257014.0
2022-02-24,0.5797,0.6118,0.47,0.6051,812628.0
2022-02-25,0.62,0.64,0.59,0.6398,220644.0
2022-02-28,0.621,0.685,0.621,0.66,202135.0
2022-03-01,0.6573,0.6927,0.6396,0.67,205528.0
2022-03-02,0.67,0.6899,0.6414,0.6522,172926.0
2022-03-03,0.6844,0.6844,0.585,0.6122,443632.0
2022-03-04,0.6015,0.625,0.6,0.6129,130229.0
2022-03-07,0.61,0.619,0.574,0.58,238668.0
2022-03-08,0.5862,0.625,0.5526,0.6,235839.0
2022-03-09,0.59,0.6249,0.59,0.61,153126.0
2022-03-10,0.601,0.63,0.601,0.61,91267.0
2022-03-11,0.5968,0.62,0.5599,0.6,197904.0
2022-03-14,0.6,0.6007,0.54,0.55,156781.0
2022-03-15,0.58,0.5915,0.5638,0.57,186996.0
2022-03-16,0.5783,0.62,0.5768,0.6101,387445.0
2022-03-17,0.6243,0.6448,0.6,0.6173,108727.0
2022-03-18,0.602,0.6448,0.602,0.6031,362673.0
2022-03-21,0.63,0.6499,0.62,0.622,150446.0
2022-03-22,0.66,0.695,0.63,0.672,298650.0
2022-03-23,0.67,0.6767,0.6325,0.66,189645.0
2022-03-24,0.6637,0.6637,0.61,0.6524,199803.0
2022-03-25,0.652,0.6893,0.63,0.6753,150859.0
2022-03-28,0.68,0.7,0.65,0.68,178212.0
2022-03-29,0.67,0.7273,0.6503,0.6715,557754.0
2022-03-30,0.6643,0.695,0.6509,0.673,111428.0
2022-03-31,0.685,0.685,0.63,0.66,115814.0
2022-04-01,0.6655,0.6679,0.635,0.6512,119271.0
2022-04-04,0.6326,0.6512,0.6321,0.635,94569.0
2022-04-05,0.655,0.6598,0.63,0.6356,148210.0
2022-04-06,0.6421,0.65,0.61,0.616,149798.0
2022-04-07,0.6158,0.64,0.602,0.621,132074.0
2022-04-08,0.603,0.618,0.58,0.5951,177807.0
2022-04-11,0.58,0.613,0.58,0.6095,67015.0
2022-04-12,0.5825,1.52,0.5825,0.9268,50845495.0
2022-04-13,0.8639,0.89,0.7015,0.7687,3588293.0
2022-04-14,0.7687,0.85,0.7051,0.7257,2292955.0
2022-04-18,0.7241,0.75,0.622,0.6332,2164439.0
2022-04-19,0.629,0.705,0.621,0.6628,1368483.0
2022-04-20,0.621,0.6588,0.6183,0.6247,578709.0
2022-04-21,0.63,0.6499,0.6001,0.6102,262727.0
2022-04-22,0.6102,0.6299,0.59,0.5959,273874.0
2022-04-25,0.6058,0.66,0.59,0.6151,1633599.0
2022-04-26,0.6145,0.6145,0.58,0.5826,270597.0
2022-04-27,0.597,0.6098,0.5848,0.5924,129559.0
2022-04-28,0.5847,0.6011,0.58,0.5899,113818.0
2022-04-29,0.59,0.59,0.5487,0.57,373354.0
2022-05-02,0.5659,0.59,0.53,0.552,227710.0
2022-05-03,0.552,0.5896,0.5506,0.5665,184165.0
2022-05-04,0.57,0.5899,0.55,0.5706,203229.0
2022-05-05,0.58,0.58,0.542,0.5443,105166.0
2022-05-06,0.559,0.5794,0.53,0.5417,124069.0
2022-05-09,0.54,0.5463,0.5,0.5031,253388.0
2022-05-10,0.544,0.544,0.5,0.5105,218641.0
2022-05-11,0.5,0.5218,0.45,0.4548,402803.0
2022-05-12,0.46,0.5078,0.46,0.5047,283699.0
2022-05-13,0.52,0.586,0.5001,0.5433,501998.0
2022-05-16,0.5555,0.5555,0.5212,0.5321,86062.0
2022-05-17,0.5327,0.56,0.4806,0.5217,252529.0
2022-05-18,0.5418,0.549,0.48,0.5048,123863.0
2022-05-19,0.5029,0.53,0.49,0.52,74823.0
2022-05-20,0.53,0.531,0.49,0.51,85868.0
2022-05-23,0.5,0.54,0.5,0.532,88371.0
2022-05-24,0.52,0.54,0.5009,0.54,75448.0
2022-05-25,0.51,0.5499,0.5022,0.5136,55257.0
2022-05-26,0.53,0.5407,0.5101,0.5273,82288.0
2022-05-27,0.55,0.56,0.525,0.5449,212890.0
2022-05-31,0.567,0.5678,0.545,0.5611,84333.0
2022-06-01,0.568,0.578,0.55,0.56,86214.0
2022-06-02,0.5685,0.6201,0.5685,0.59,430661.0
2022-06-03,0.601,0.609,0.5651,0.5825,63791.0
2022-06-06,0.59,0.646,0.5753,0.61,760591.0
2022-06-07,0.6006,0.6275,0.5805,0.594,244518.0
2022-06-08,0.61,0.62,0.585,0.6,119363.0
2022-06-09,0.585,0.6162,0.585,0.5984,137284.0
2022-06-10,0.625,0.625,0.5695,0.6098,102856.0
2022-06-13,0.6,0.625,0.5507,0.562,201389.0
2022-06-14,0.58,0.625,0.5722,0.58,204260.0
2022-06-15,0.5632,0.65,0.5571,0.6057,418846.0
2022-06-16,0.6,0.635,0.58,0.58,172653.0
2022-06-17,0.56,0.62,0.56,0.5712,127058.0
2022-06-21,0.5745,0.611,0.5664,0.5664,197315.0
2022-06-22,0.597,0.597,0.5555,0.5555,142731.0
2022-06-23,0.55,0.5999,0.549,0.582,125264.0
2022-06-24,0.58,0.61,0.5645,0.5645,182644.0
2022-06-27,0.57,0.59,0.56,0.57,133447.0
2022-06-28,0.57,0.62,0.5501,0.5588,589595.0
2022-06-29,0.56,0.58,0.56,0.5696,83467.0
2022-06-30,0.56,0.5697,0.541,0.5697,102358.0
2022-07-01,0.55,0.56,0.5159,0.522,194410.0
2022-07-05,0.528,0.528,0.491,0.5055,234586.0
2022-07-06,0.529,0.53,0.4908,0.5,165301.0
2022-07-07,0.5,0.51,0.491,0.4971,216472.0
2022-07-08,0.5,0.525,0.497,0.5086,165155.0
2022-07-11,0.5,0.51,0.4747,0.4811,367685.0
2022-07-12,0.5052,0.509,0.475,0.4848,137692.0
2022-07-13,0.489,0.5,0.4752,0.4753,193755.0
2022-07-14,0.4751,0.4915,0.4615,0.4768,156606.0
2022-07-15,0.47,0.4868,0.4501,0.4658,242381.0
2022-07-18,0.46,0.4789,0.4426,0.4521,243256.0
2022-07-19,0.46,0.4709,0.4404,0.4454,227165.0
2022-07-20,0.456,0.46,0.4454,0.45,158227.0
2022-07-21,0.5025,0.5025,0.44,0.4472,283745.0
2022-07-22,0.468,0.468,0.4313,0.4538,306063.0
2022-07-25,0.4618,0.4621,0.4335,0.4381,144450.0
2022-07-26,0.44,0.445,0.418,0.4198,190363.0
2022-07-27,0.4198,0.432,0.415,0.4195,150198.0
2022-07-28,0.43,0.439,0.4141,0.431,178599.0
2022-07-29,0.4308,0.4308,0.41,0.4188,129281.0
2022-08-01,0.4665,0.48,0.4,0.415,1086654.0
2022-08-02,0.418,0.421,0.4,0.41,313496.0
2022-08-03,0.4393,0.4715,0.4184,0.423,958953.0
2022-08-04,0.42,0.434,0.4049,0.426,445043.0
2022-08-05,0.429,0.439,0.4161,0.4275,255176.0
2022-08-08,0.429,0.44,0.412,0.4274,266281.0
2022-08-09,0.4211,0.433,0.415,0.416,91262.0
2022-08-10,0.4216,0.44,0.4216,0.425,287048.0
2022-08-11,0.439,0.448,0.415,0.425,221584.0
2022-08-12,0.44,0.445,0.4151,0.4265,125743.0
2022-08-15,0.4203,0.445,0.4195,0.425,279498.0
2022-08-16,0.434,0.434,0.41,0.4161,239353.0
2022-08-17,0.428,0.43,0.402,0.4242,175706.0
2022-08-18,0.425,0.429,0.4005,0.42,191219.0
2022-08-19,0.418,0.42,0.4,0.41,54584.0
2022-08-22,0.409,0.4209,0.4,0.4011,101721.0
2022-08-23,0.41,0.42,0.39,0.402,227116.0
2022-08-24,0.4,0.4,0.38,0.3899,194554.0
2022-08-25,0.3987,0.399,0.38,0.39,337995.0
2022-08-26,0.3805,0.4,0.36,0.39,476257.0
2022-08-29,0.392,0.408,0.375,0.3976,362692.0
2022-08-30,0.3886,0.3999,0.379,0.3899,174975.0
2022-08-31,0.3844,0.391,0.374,0.3806,240764.0
2022-09-01,0.375,0.39,0.3665,0.3777,152852.0
2022-09-02,0.39,0.39,0.371,0.3794,152797.0
2022-09-06,0.3775,0.3776,0.3651,0.3696,138920.0
2022-09-07,0.3711,0.3719,0.3451,0.364,218413.0
2022-09-08,0.3603,0.372,0.3476,0.364,187948.0
2022-09-09,0.3603,0.365,0.35,0.3596,109675.0
2022-09-12,0.355,0.37,0.355,0.36,113811.0
2022-09-13,0.3556,0.3563,0.32,0.35,199029.0
2022-09-14,0.3464,0.3535,0.33,0.33,211721.0
2022-09-15,0.33,0.3427,0.3272,0.3272,138863.0
2022-09-16,0.3272,0.3351,0.32,0.32,125245.0
2022-09-19,0.3144,0.34,0.31,0.3176,344410.0
2022-09-20,0.3138,0.3325,0.2811,0.3001,390509.0
2022-09-21,0.2911,0.3133,0.29,0.2904,136287.0
2022-09-22,0.294,0.2999,0.2659,0.2808,163417.0
2022-09-23,0.27,0.32,0.26,0.2846,484903.0
2022-09-26,0.29,0.31,0.26,0.2915,342190.0
2022-09-27,0.3037,0.3037,0.2837,0.2901,92376.0
2022-09-28,0.29,0.302,0.2697,0.28,210389.0
2022-09-29,0.2801,0.287,0.275,0.284,120431.0
2022-09-30,0.2756,0.285,0.261,0.267,125615.0
2022-10-03,0.28,0.28,0.2595,0.27,129459.0
2022-10-04,0.277,0.324,0.267,0.29,527398.0
2022-10-05,0.3106,0.3106,0.2803,0.2902,75400.0
2022-10-06,0.3,0.3,0.26,0.261,383857.0
2022-10-07,0.279,0.29,0.261,0.27,275793.0
2022-10-10,0.2625,0.2799,0.2625,0.2686,41042.0
2022-10-11,0.2625,0.285,0.2625,0.273,72272.0
2022-10-12,0.273,0.2837,0.273,0.2778,81496.0
2022-10-13,0.265,0.28,0.2625,0.2702,80911.0
2022-10-14,0.2711,0.277,0.2627,0.2688,53089.0
2022-10-17,0.266,0.3,0.266,0.2703,433846.0
2022-10-18,0.2702,0.2841,0.2702,0.276,68539.0
2022-10-19,0.2677,0.28,0.26,0.263,363491.0
2022-10-20,0.2689,0.27,0.24,0.2525,151694.0
2022-10-21,0.2507,0.26,0.221,0.2459,275929.0
2022-10-24,0.25,0.25,0.2215,0.23,156884.0
2022-10-25,0.2153,0.25,0.2153,0.232,325644.0
2022-10-26,0.24,0.24,0.227,0.2358,189075.0
2022-10-27,0.24,0.2401,0.2251,0.235,147914.0
2022-10-28,0.235,0.25,0.2218,0.24,193055.0
2022-10-31,0.25,0.25,0.22,0.22,274876.0
2022-11-01,0.2458,0.2458,0.2141,0.22,114708.0
2022-11-02,0.232,0.2351,0.22,0.2243,119458.0
2022-11-03,0.2198,0.2299,0.207,0.215,322339.0
2022-11-04,0.2205,0.2227,0.21,0.2122,124013.0
2022-11-07,0.22,0.2201,0.192,0.205,376245.0
2022-11-08,0.207,0.2099,0.19,0.2,300081.0
2022-11-09,0.1959,0.2,0.1864,0.1949,203666.0
2022-11-10,0.1915,0.205,0.1812,0.1957,246049.0
2022-11-11,0.2152,0.2152,0.1901,0.2098,159239.0
2022-11-14,0.2043,0.22,0.2007,0.2199,55752.0
2022-11-15,0.22,0.2375,0.2102,0.2205,126222.0
2022-11-16,0.23,0.23,0.209,0.2101,155885.0
2022-11-17,0.206,0.224,0.205,0.2185,50013.0
2022-11-18,0.2051,0.2249,0.205,0.2134,206964.0
2022-11-21,0.2215,0.2249,0.191,0.2,330336.0
2022-11-22,0.1901,0.203,0.171,0.171,512472.0
2022-11-23,1.65,1.82,1.5404,1.8,45237.0
2022-11-25,1.78,1.85,1.78,1.85,8746.0
2022-11-28,1.86,1.88,1.718,1.8,16518.0
2022-11-29,1.8,1.8,1.59,1.6,29108.0
2022-11-30,1.6,1.6,1.4145,1.4975,38226.0
2022-12-01,1.5,1.93,1.5,1.8,349933.0
2022-12-02,1.8,1.8,1.61,1.67,33463.0
2022-12-05,1.7511,1.7511,1.61,1.64,10399.0
2022-12-06,1.61,1.65,1.6,1.61,10776.0
2022-12-07,1.61,1.62,1.51,1.51,18779.0
2022-12-08,1.51,1.5189,1.49,1.495,10199.0
2022-12-09,1.48,1.54,1.45,1.4801,16651.0
2022-12-12,1.49,1.55,1.45,1.4551,22156.0
2022-12-13,1.48,1.48,1.3769,1.43,11756.0
2022-12-14,1.41,1.44,1.38,1.42,15055.0
2022-12-15,1.46,1.46,1.35,1.42,18154.0
2022-12-16,1.36,1.45,1.31,1.44,17195.0
2022-12-19,1.45,1.45,1.256,1.3,33855.0
2022-12-20,1.31,1.3699,1.25,1.3,15961.0
2022-12-21,1.49,1.49,1.24,1.31,25233.0
2022-12-22,1.28,1.381,1.24,1.3344,20050.0
2022-12-23,1.3,1.34,1.2094,1.25,23827.0
2022-12-27,1.22,1.38,1.2,1.21,16924.0
2022-12-28,1.16,1.25,1.121,1.18,16648.0
2022-12-29,1.23,1.2387,1.11,1.2,56886.0
2022-12-30,1.16,1.36,1.16,1.289,49186.0
2023-01-03,1.26,1.45,1.2401,1.38,112386.0
2023-01-04,1.44,1.445,1.34,1.376,34097.0
2023-01-05,1.37,1.5099,1.354,1.5099,49011.0
2023-01-06,1.4999,1.5,1.39,1.43,20135.0
2023-01-09,1.49,1.93,1.14,1.27,3851631.0
2023-01-10,1.53,1.59,1.21,1.34,6736539.0
2023-01-11,1.25,1.47,1.22,1.44,1092236.0
2023-01-12,1.49,1.5,1.3,1.38,271282.0
2023-01-13,1.36,1.37,1.28,1.34,141835.0
2023-01-17,1.35,1.35,1.27,1.31,126223.0
2023-01-18,1.29,1.33,1.26,1.28,79101.0
2023-01-19,1.29,1.31,1.26,1.2647,53470.0
2023-01-20,1.26,1.27,1.2201,1.26,74913.0
2023-01-23,1.31,1.31,1.24,1.28,34099.0
2023-01-24,1.32,1.32,1.24,1.28,55062.0
2023-01-25,1.2513,1.27,1.23,1.24,41330.0
2023-01-26,1.22,1.29,1.22,1.27,53623.0
2023-01-27,1.26,1.27,1.22,1.25,69482.0
2023-01-30,1.24,1.28,1.2,1.2661,38230.0
2023-01-31,1.24,1.3099,1.24,1.29,26250.0
2023-02-01,1.3089,1.48,1.3049,1.43,473132.0
2023-02-02,1.43,1.47,1.4,1.415,112139.0
2023-02-03,1.44,1.44,1.38,1.39,54783.0
2023-02-06,1.42,1.42,1.35,1.38,61716.0
2023-02-07,1.4,1.4,1.3308,1.36,36723.0
2023-02-08,1.33,1.3592,1.3,1.31,66072.0
2023-02-09,1.3018,1.3018,1.2302,1.24,72468.0
2023-02-10,1.23,1.25,1.21,1.22,24976.0
2023-02-13,1.24,1.27,1.24,1.26,20798.0
2023-02-14,1.26,1.27,1.23,1.2365,36437.0
2023-02-15,1.24,1.29,1.24,1.245,42501.0
2023-02-16,1.27,1.28,1.22,1.238,31639.0
2023-02-17,1.21,1.23,1.21,1.21,18578.0
2023-02-21,1.28,1.28,1.21,1.22,253875.0
2023-02-22,1.21,1.2299,1.1624,1.18,70373.0
2023-02-23,1.1799,1.18,1.1599,1.17,31374.0
2023-02-24,1.15,1.21,1.13,1.16,25741.0
2023-02-27,1.21,1.21,1.11,1.13,33775.0
2023-02-28,1.159,1.16,1.1301,1.1458,6928.0
2023-03-01,1.15,1.22,1.13,1.13,12564.0
2023-03-02,1.16,1.16,1.12,1.13,12099.0
2023-03-03,1.15,1.16,1.14,1.146,11440.0
2023-03-06,1.1409,1.16,1.13,1.14,9521.0
2023-03-07,1.18,1.38,1.1501,1.26,573367.0
2023-03-08,1.28,1.32,1.1201,1.17,142173.0
2023-03-09,1.15,1.18,1.13,1.1358,33400.0
2023-03-10,1.13,1.169,1.0701,1.08,33122.0
2023-03-13,1.11,1.11,1.01,1.03,18882.0
2023-03-14,1.08,1.08,1.03,1.03,21360.0
2023-03-15,1.08,1.08,1.01,1.01,26945.0
2023-03-16,1.07,1.07,1.02,1.05,9108.0
2023-03-17,1.07,1.07,0.9888,0.9888,19991.0
2023-03-20,1.03,1.03,0.98,0.98,27664.0
2023-03-21,1.2,1.37,1.03,1.14,7745907.0
2023-03-22,1.07,1.1,0.93,1.005,555494.0
2023-03-23,0.98,1.01,0.945,1.01,119476.0
2023-03-24,0.97,1.0,0.95,0.9626,66932.0
2023-03-27,0.97,0.986,0.84,0.896,133254.0
2023-03-28,0.88,0.9132,0.8569,0.89,31838.0
2023-03-29,0.835,0.9327,0.83,0.9002,61741.0
2023-03-30,0.89,0.95,0.8845,0.921,9542.0
2023-03-31,0.918,0.9432,0.918,0.9251,7878.0
2023-04-03,0.94,0.95,0.9,0.9169,11981.0
2023-04-04,0.9,0.9387,0.9,0.93,12168.0
2023-04-05,0.95,0.95,0.88,0.903,29477.0
2023-04-06,0.8722,0.916,0.8686,0.8722,20260.0
2023-04-10,0.877,0.945,0.8751,0.935,11020.0
2023-04-11,0.8934,0.93,0.8884,0.891,26076.0
2023-04-12,0.9139,0.9465,0.904,0.914,20412.0
2023-04-13,0.91,0.94,0.9,0.9,27947.0
2023-04-14,0.9101,1.05,0.905,0.95,412956.0
2023-04-17,1.01,1.01,0.9393,1.005,76386.0
2023-04-18,1.01,1.0419,0.9393,0.9499,96545.0
2023-04-19,0.9917,1.0,0.9393,0.9714,20687.0
2023-04-20,0.95,1.0,0.95,0.96,23097.0
2023-04-21,0.9869,1.0,0.95,0.97,26383.0
2023-04-24,0.9677,0.9879,0.9351,0.9539,17098.0
2023-04-25,0.9849,0.985,0.866,0.89,33016.0
2023-04-26,0.87,0.8999,0.8599,0.8974,29557.0
2023-04-27,0.87,0.9904,0.85,0.9447,36453.0
2023-04-28,0.9138,0.9699,0.892,0.9386,22346.0
2023-05-01,0.93,0.9795,0.93,0.932,17293.0
2023-05-02,0.98,1.05,0.8982,0.9999,61419.0
2023-05-03,1.02,1.02,0.9401,0.9401,24038.0
2023-05-04,0.96,1.12,0.9565,1.0945,74166.0
2023-05-05,1.12,1.15,1.03,1.05,50834.0
2023-05-08,1.1,1.1,1.02,1.0701,21668.0
2023-05-09,1.1,1.1,1.0001,1.0799,11949.0
2023-05-10,1.0191,1.07,1.0191,1.0552,6121.0
2023-05-11,1.01,1.0499,0.97,1.04,13235.0
2023-05-12,1.04,1.04,0.94,0.9808,94610.0
2023-05-15,0.96,1.025,0.96,1.02,21484.0
2023-05-16,0.97,1.0074,0.95,0.9899,31069.0
2023-05-17,0.98,1.01,0.9542,0.9601,29090.0
2023-05-18,0.95,1.0199,0.95,0.9684,18923.0
2023-05-19,0.9448,0.99,0.9448,0.9812,15077.0
2023-05-22,0.96,1.0,0.934,0.995,18699.0
2023-05-23,0.98,0.99,0.9541,0.96,7516.0
2023-05-24,0.9975,0.9975,0.942,0.95,4771.0
2023-05-25,0.99,0.99,0.9229,0.9229,22463.0
2023-05-26,0.9399,0.9399,0.9229,0.931,7582.0
2023-05-30,0.96,0.965,0.93,0.931,6857.0
2023-05-31,0.934,0.9478,0.9229,0.9229,13612.0
2023-06-01,0.9411,0.959,0.9229,0.9389,2409.0
2023-06-02,0.9897,1.03,0.95,1.0268,17094.0
2023-06-05,1.05,1.12,1.03,1.07,82929.0
2023-06-06,1.11,1.11,1.046,1.07,31873.0
2023-06-07,1.07,1.1,1.03,1.03,36906.0
2023-06-08,1.07,1.07,1.0301,1.0558,11583.0
2023-06-09,1.07,1.07,1.0,1.0201,10079.0
2023-06-12,1.05,1.05,0.9563,0.9563,16871.0
2023-06-13,1.01,1.05,0.96,1.01,24734.0
2023-06-14,0.9949,1.0301,0.9633,0.98,13010.0
2023-06-15,0.9799,0.9999,0.95,0.9601,13863.0
2023-06-16,1.0,1.01,0.95,0.95,18351.0
2023-06-20,0.95,0.9799,0.94,0.9601,6225.0
2023-06-21,0.943,0.9446,0.94,0.94,4480.0
2023-06-22,0.93,0.96,0.93,0.96,2931.0
2023-06-23,0.93,0.962,0.93,0.94,8373.0
2023-06-26,0.9269,0.9732,0.9269,0.932,4401.0
2023-06-27,0.9415,0.95,0.9229,0.94,5335.0
2023-06-28,0.94,0.95,0.911,0.9498,6912.0
2023-06-29,0.94,0.9589,0.94,0.9501,7074.0
2023-06-30,0.9152,0.95,0.911,0.911,6777.0
2023-07-03,0.94,0.9502,0.9112,0.9502,5357.0
2023-07-05,0.94,0.9579,0.92,0.95,9368.0
2023-07-06,0.9476,0.95,0.92,0.93,16317.0
2023-07-07,0.9498,0.9498,0.9201,0.946,4524.0
2023-07-10,0.93,0.9483,0.9005,0.9151,16031.0
2023-07-11,0.915,0.96,0.915,0.956,4223.0
2023-07-12,0.93,0.96,0.93,0.9502,14310.0
2023-07-13,0.9501,1.0,0.95,0.9961,27449.0
2023-07-14,0.98,1.11,0.957,1.1061,111919.0
2023-07-17,1.15,1.22,1.15,1.1754,144753.0
2023-07-18,1.19,1.19,0.962,1.0201,117999.0
2023-07-19,1.0,1.04,0.95,1.03,55771.0
2023-07-20,1.03,1.03,0.9579,0.9722,25834.0
2023-07-21,1.05,1.07,0.9961,1.04,50361.0
2023-07-24,1.045,1.045,1.01,1.04,10417.0
2023-07-25,1.0214,1.04,0.9771,0.9839,16515.0
2023-07-26,0.99,1.08,0.99,1.067,38718.0
2023-07-27,1.0,1.17,1.0,1.13,116058.0
2023-07-28,1.12,1.2399,1.12,1.1701,87446.0
2023-07-31,1.18,1.2,1.13,1.13,15898.0
2023-08-01,1.25,1.26,1.05,1.13,174502.0
2023-08-02,1.06,1.18,1.03,1.1289,55104.0
2023-08-03,1.17,1.24,1.13,1.21,35436.0
2023-08-04,1.17,1.2,1.1599,1.17,4531.0
2023-08-07,1.14,1.21,1.1,1.17,8615.0
2023-08-08,1.19,1.19,1.0806,1.12,24612.0
2023-08-09,1.07,1.11,1.06,1.07,11679.0
2023-08-10,1.15,1.16,1.1,1.1238,7063.0
2023-08-11,1.11,1.11,1.03,1.03,28306.0
2023-08-14,1.03,1.05,1.01,1.05,14457.0
2023-08-15,1.03,1.1,1.01,1.0932,17271.0
2023-08-16,1.08,1.08,1.0506,1.06,3188.0
2023-08-17,1.05,1.05,1.0303,1.0308,4717.0
2023-08-18,1.04,1.09,1.0,1.08,11292.0
2023-08-21,1.035,1.07,1.01,1.0504,6248.0
2023-08-22,1.09,1.09,1.02,1.0699,5409.0
2023-08-23,1.01,1.05,1.01,1.02,4802.0
2023-08-24,1.01,1.04,1.0,1.04,5526.0
2023-08-25,1.02,1.03,0.9901,1.0166,2029.0
2023-08-28,1.02,1.02,1.0,1.0012,7729.0
2023-08-29,1.0,1.0147,0.952,1.0147,19688.0
2023-08-30,1.0,1.015,0.9795,0.99,26796.0
2023-08-31,0.97,1.21,0.9632,1.04,114333.0
2023-09-01,1.0199,1.02,0.99,1.01,3004.0
2023-09-05,1.01,1.0581,1.008,1.02,3229.0
2023-09-06,1.07,1.07,1.0103,1.02,2882.0
2023-09-07,0.9827,1.02,0.9827,1.01,1493.0
2023-09-08,0.9899,0.9901,0.965,0.965,5610.0
2023-09-11,0.99,0.99,0.95,0.97,4704.0
2023-09-12,1.0,1.0,0.9345,0.95,38346.0
2023-09-13,0.9535,0.9901,0.9535,0.9771,6704.0
2023-09-14,0.969,1.02,0.969,0.9833,8109.0
2023-09-15,0.9833,1.05,0.966,1.05,33026.0
2023-09-18,1.05,1.055,1.0001,1.03,7149.0
2023-09-19,0.99,1.0397,0.97,0.9701,9703.0
2023-09-20,1.0,1.0026,0.9702,0.99,2290.0
2023-09-21,0.985,1.03,0.985,1.0175,10346.0
2023-09-22,1.019,1.0384,0.99,1.02,5192.0
2023-09-25,0.99,1.0,0.97,0.9801,4237.0
2023-09-26,0.98,1.04,0.97,1.04,26398.0
2023-09-27,1.05,1.05,0.994,1.03,4807.0
2023-09-28,1.08,1.08,0.9801,0.9801,7266.0
2023-09-29,0.97,1.03,0.97,1.01,5214.0
2023-10-02,0.99,1.03,0.9801,1.03,2306.0
2023-10-03,0.99,1.02,0.961,0.9918,8124.0
2023-10-04,1.0,1.0887,0.9918,1.0805,4328.0
2023-10-05,1.0003,1.1,1.0003,1.06,11436.0
2023-10-06,1.07,1.07,0.9704,1.02,13238.0
2023-10-09,1.05,1.05,0.94,0.941,18342.0
2023-10-10,0.941,0.97,0.9313,0.94,27071.0
2023-10-11,0.9401,0.9511,0.9258,0.93,6614.0
2023-10-12,0.9765,0.9765,0.9,0.914,12835.0
2023-10-13,0.9597,0.9597,0.9,0.9259,1478.0
2023-10-16,0.925,0.956,0.9,0.9,14844.0
2023-10-17,0.91,0.93,0.89,0.89,10226.0
2023-10-18,0.8827,0.9345,0.8592,0.8999,40407.0
2023-10-19,0.87,0.87,0.841,0.8499,12011.0
2023-10-20,0.85,0.85,0.8412,0.8447,7353.0
2023-10-23,0.8586,0.8586,0.7877,0.8051,33730.0
2023-10-24,0.9,0.9,0.8351,0.8361,9230.0
2023-10-25,0.79,0.825,0.7128,0.765,17777.0
2023-10-26,0.7502,0.7877,0.7157,0.7371,19583.0
2023-10-27,0.752,0.87,0.7371,0.85,33616.0
2023-10-30,0.77,0.81,0.6556,0.76,48419.0
2023-10-31,0.76,0.798,0.76,0.7777,5075.0
2023-11-01,0.799,0.799,0.7383,0.7442,12779.0
2023-11-02,0.77,0.77,0.7201,0.725,12979.0
2023-11-03,0.72,0.756,0.6901,0.701,50236.0
2023-11-06,0.736,0.7699,0.7,0.7,36530.0
2023-11-07,0.72,0.75,0.71,0.7227,5750.0
2023-11-08,0.7227,0.7227,0.71,0.7164,14828.0
2023-11-09,0.71,0.71,0.6652,0.6699,16522.0
2023-11-10,0.67,0.71,0.6501,0.71,3782.0
2023-11-13,0.71,0.71,0.65,0.7034,12880.0
2023-11-14,0.651,0.7465,0.651,0.735,9034.0
2023-11-15,0.77,0.77,0.7,0.735,8665.0
2023-11-16,0.7,0.74,0.7,0.73,3720.0
2023-11-17,0.7,0.73,0.7,0.72,6567.0
2023-11-20,0.7125,0.7175,0.6831,0.7175,4503.0
2023-11-21,0.72,0.7301,0.6816,0.691,12188.0
2023-11-22,0.741,0.741,0.6776,0.6776,19455.0
2023-11-24,0.695,0.6999,0.6776,0.6776,5081.0
2023-11-27,0.708,0.708,0.676,0.681,21206.0
2023-11-28,0.72,0.75,0.7076,0.7076,28910.0
2023-11-29,0.7826,0.7826,0.7051,0.711,4838.0
2023-11-30,0.7319,0.74,0.7008,0.7101,6292.0
2023-12-01,0.7101,0.7375,0.7008,0.73,5675.0
2023-12-04,0.74,0.74,0.7,0.7005,5280.0
2023-12-05,0.7341,0.74,0.6871,0.7155,10364.0
2023-12-06,0.74,0.749,0.6957,0.749,7016.0
2023-12-07,0.7295,0.735,0.7295,0.73,10985.0
2023-12-08,0.71,0.736,0.7,0.7,17858.0
2023-12-11,0.698,0.698,0.66,0.67,13336.0
2023-12-12,0.68,0.68,0.633,0.64,26412.0
2023-12-13,0.62,0.6569,0.571,0.6499,50971.0
2023-12-14,0.6174,0.6499,0.575,0.6,48722.0
2023-12-15,0.6264,0.6264,0.57,0.578,24801.0
2023-12-18,0.6069,0.6069,0.55,0.5798,41846.0
2023-12-19,0.55,0.5899,0.55,0.58,44427.0
2023-12-20,0.5625,0.59,0.54,0.5513,49305.0
2023-12-21,0.5445,0.597,0.5445,0.5923,27947.0
2023-12-22,0.5823,0.5862,0.551,0.5801,33467.0
2023-12-26,0.58,0.61,0.5544,0.58,74410.0
2023-12-27,0.5813,0.5894,0.545,0.5596,54318.0
2023-12-28,0.55,0.5697,0.545,0.5525,27800.0
2023-12-29,0.5454,0.5603,0.5454,0.55,19040.0
2024-01-02,0.55,0.5626,0.485,0.554,104351.0
2024-01-03,0.56,0.56,0.535,0.546,21353.0
2024-01-04,0.55,0.5589,0.5162,0.535,31258.0
2024-01-05,0.539,0.54,0.5005,0.53,49140.0
2024-01-08,0.52,0.533,0.4801,0.509,63559.0
2024-01-09,0.51,0.545,0.502,0.535,87204.0
2024-01-10,0.55,0.55,0.5063,0.5099,43619.0
2024-01-11,0.5097,0.53,0.49,0.495,61889.0
2024-01-12,0.5,0.525,0.495,0.5115,52700.0
2024-01-16,0.5057,0.519,0.495,0.506,29127.0
2024-01-17,0.5197,0.52,0.495,0.515,30865.0
2024-01-18,0.509,0.5198,0.4961,0.5005,27665.0
2024-01-19,0.495,0.5018,0.492,0.5018,41684.0
2024-01-22,0.4929,0.51,0.4929,0.493,27936.0
2024-01-23,0.503,0.5119,0.4929,0.4929,13398.0
2024-01-24,0.493,0.505,0.4905,0.4905,18682.0
2024-01-25,0.504,0.52,0.4907,0.5051,10338.0
2024-01-26,0.505,0.515,0.496,0.4973,52927.0
2024-01-29,0.5013,0.515,0.497,0.5125,7790.0
2024-01-30,0.5015,0.54,0.5005,0.52,11194.0
2024-01-31,0.52,0.538,0.52,0.5256,7839.0
2024-02-01,0.54,0.54,0.5203,0.53,4537.0
2024-02-02,0.53,0.53,0.4925,0.5017,59241.0
2024-02-05,0.4868,0.505,0.4801,0.4801,18350.0
2024-02-06,0.494,0.55,0.457,0.48,41750.0
2024-02-07,0.46,0.5069,0.4505,0.4999,20933.0
2024-02-08,0.48,0.51,0.47,0.509,18295.0
2024-02-09,0.495,0.5,0.4916,0.4916,7530.0
2024-02-12,0.492,0.574,0.459,0.464,303668.0
2024-02-13,0.49,0.51,0.46,0.4609,120143.0
2024-02-14,0.4565,0.489,0.4545,0.474,28101.0
2024-02-15,0.4571,0.479,0.4571,0.4745,18255.0
2024-02-16,0.4703,0.4743,0.4662,0.4743,21789.0
2024-02-20,0.47,0.5069,0.4655,0.5069,131535.0
2024-02-21,0.4917,0.5045,0.49,0.4901,15414.0
2024-02-22,0.48,0.519,0.48,0.4808,15457.0
2024-02-23,0.504,0.5387,0.481,0.516,32030.0
2024-02-26,0.51,0.5853,0.51,0.5785,131752.0
2024-02-27,0.5844,0.5844,0.4681,0.4902,171539.0
2024-02-28,0.483,0.5145,0.4681,0.47,82182.0
2024-02-29,0.48,0.4829,0.458,0.4601,92376.0
2024-03-01,0.4821,0.4821,0.435,0.4488,78503.0
2024-03-04,0.462,0.462,0.393,0.418,114100.0
2024-03-05,0.415,0.42,0.4,0.41,74585.0
2024-03-06,0.42,0.43,0.395,0.41,37249.0
2024-03-07,0.4,0.43,0.3975,0.4,61534.0
2024-03-08,0.43,0.43,0.395,0.405,27819.0
2024-03-11,0.42,0.42,0.394,0.405,39113.0
2024-03-12,0.409,0.43,0.4049,0.4049,17558.0
2024-03-13,0.41,0.41,0.3911,0.395,35282.0
2024-03-14,0.414,0.414,0.3911,0.404,11750.0
2024-03-15,0.41,0.41,0.337,0.3702,232757.0
2024-03-18,0.3887,0.4,0.3536,0.361,54974.0
2024-03-19,0.3535,0.38,0.3535,0.3537,62548.0
2024-03-20,0.362,0.38,0.35,0.3608,39446.0
2024-03-21,0.379,0.4097,0.3503,0.3678,86003.0
2024-03-22,0.3701,0.4075,0.3701,0.389,23850.0
2024-03-25,0.39,0.4,0.3711,0.385,58075.0
2024-03-26,0.385,0.432,0.3655,0.401,318739.0
2024-03-27,0.396,0.4,0.3775,0.4,85622.0
2024-03-28,0.39,0.4,0.3582,0.4,79811.0
2024-04-01,0.4095,0.4273,0.39,0.395,19506.0
2024-04-02,0.4123,0.445,0.385,0.4,88072.0
2024-04-03,0.42,0.441,0.3699,0.4199,148804.0
2024-04-04,0.4159,0.4159,0.38,0.3854,25853.0
2024-04-05,0.38,0.407,0.36,0.3952,64204.0
2024-04-08,0.391,0.391,0.3687,0.3815,25632.0
2024-04-09,0.4,0.4,0.3819,0.3989,83871.0
2024-04-10,0.3908,0.4,0.3704,0.38,43277.0
2024-04-11,0.388,0.388,0.35,0.366,236929.0
2024-04-12,0.36,0.36,0.2946,0.332,63322.0
2024-04-15,0.3242,0.33,0.311,0.3199,36259.0
2024-04-16,0.31,0.32,0.291,0.2998,187319.0
2024-04-17,0.3,0.3064,0.2831,0.2974,47891.0
2024-04-18,0.299,0.33,0.29,0.3117,27122.0
2024-04-19,0.308,0.33,0.2931,0.318,30836.0
2024-04-22,0.32,0.32,0.2921,0.2953,46658.0
2024-04-23,0.307,0.32,0.294,0.315,14144.0
2024-04-24,0.32,0.32,0.2907,0.3089,25315.0
2024-04-25,0.297,0.319,0.297,0.297,17611.0
2024-04-26,0.3,0.319,0.2905,0.2905,9247.0
2024-04-29,0.3101,0.3101,0.2911,0.295,16317.0
2024-04-30,0.309,0.33,0.2905,0.2998,30531.0
2024-05-01,0.301,0.3124,0.291,0.2997,39855.0
2024-05-02,0.293,0.293,0.27,0.2903,72764.0
2024-05-03,0.2914,0.334,0.2737,0.301,232007.0
2024-05-06,0.3,0.32,0.281,0.2929,112276.0
2024-05-07,0.29,0.3,0.28,0.2849,53522.0
2024-05-08,0.2999,0.3,0.2772,0.2802,68285.0
2024-05-09,0.28,0.2899,0.2772,0.2834,86750.0
2024-05-10,0.2778,0.2897,0.264,0.2845,45956.0
2024-05-13,0.2746,0.2897,0.26,0.2695,118349.0
2024-05-14,0.274,0.3,0.26,0.288,255090.0
2024-05-15,0.2952,0.31,0.28,0.309,135916.0
2024-05-16,0.3099,0.31,0.2863,0.2985,313213.0
2024-05-17,0.297,0.3045,0.28,0.293,149707.0
2024-05-20,0.2825,0.31,0.28,0.2949,67144.0
2024-05-21,0.288,0.3,0.2725,0.2846,233424.0
2024-05-22,0.286,0.29,0.2786,0.2864,65022.0
2024-05-23,0.2751,0.328,0.2725,0.2875,294477.0
2024-05-24,0.281,0.3254,0.27,0.305,331862.0
2024-05-28,0.296,0.3,0.2705,0.282,276620.0
2024-05-29,0.285,0.285,0.275,0.2797,79988.0
2024-05-30,0.276,0.285,0.2728,0.2732,69962.0
2024-05-31,0.2727,0.275,0.266,0.27,148247.0
2024-06-03,0.27,0.33,0.2611,0.2799,1254812.0
2024-06-04,0.288,0.288,0.2623,0.27,347867.0
2024-06-05,0.2727,0.2727,0.2133,0.238,1170842.0
2024-06-06,0.22,0.2425,0.203,0.215,342511.0
2024-06-07,0.2198,0.2199,0.181,0.2,516981.0
2024-06-10,0.205,0.2101,0.1881,0.1957,212838.0
2024-06-11,0.206,0.22,0.19,0.2024,225115.0
2024-06-12,0.1881,0.2179,0.1881,0.2092,75585.0
2024-06-13,0.21,0.214,0.1906,0.1931,107004.0
2024-06-14,0.194,0.2099,0.1906,0.199,85334.0
2024-06-17,0.1927,0.1998,0.1449,0.1748,689706.0
2024-06-18,0.2062,0.2365,0.172,0.187,28003549.0
2024-06-20,0.1685,0.187,0.1661,0.1771,2167827.0
2024-06-21,0.2057,0.243,0.1771,0.21,29274064.0
2024-06-24,0.2099,0.2199,0.1881,0.193,3035046.0
2024-06-25,0.1881,0.1939,0.1701,0.1803,1142447.0
2024-06-26,0.1749,0.1803,0.1601,0.1671,803472.0
2024-06-27,0.171,0.189,0.168,0.1781,1827486.0
2024-06-28,0.1759,0.1848,0.1602,0.1723,875726.0
2024-07-01,0.1709,0.1788,0.1612,0.1661,605603.0
2024-07-02,0.19,0.19,0.1525,0.1656,380289.0
2024-07-03,0.1631,0.1956,0.1602,0.1755,8492463.0
2024-07-05,0.3713,0.4337,0.2535,0.28,244691851.0
2024-07-08,0.2356,0.288,0.2354,0.2799,7079479.0
2024-07-09,0.2243,0.2378,0.1991,0.2217,2799879.0
2024-07-10,0.2084,0.232,0.2,0.2072,2039053.0
2024-07-11,0.2012,0.2093,0.194,0.2053,709605.0
2024-07-12,0.2992,0.5887,0.2851,0.4341,420237352.0
2024-07-15,0.3539,0.428,0.3105,0.3867,20020586.0
2024-07-16,0.3467,0.38,0.3263,0.3324,4325215.0
2024-07-17,0.3404,0.342,0.3011,0.3101,2185382.0
2024-07-18,0.3192,0.3234,0.2882,0.3145,2098540.0
2024-07-19,0.294,0.2997,0.2658,0.2928,1096941.0
2024-07-22,0.2752,0.2865,0.268,0.2702,798052.0
2024-07-23,0.2658,0.2666,0.2453,0.2487,1013362.0
2024-07-24,0.2492,0.2499,0.2265,0.2331,656061.0
2024-07-25,0.23,0.2682,0.2241,0.2527,1497605.0
2024-07-26,0.267,0.27,0.235,0.2388,915255.0
2024-07-29,0.24,0.25,0.228,0.2291,514825.0
2024-07-30,0.23,0.239,0.2115,0.2163,472090.0
2024-07-31,0.2147,0.23,0.208,0.2223,456591.0
2024-08-01,0.2156,0.2685,0.21,0.2351,2481105.0
2024-08-02,0.2317,0.2422,0.211,0.2144,578026.0
2024-08-05,0.1921,0.2134,0.18,0.2031,562451.0
2024-08-06,0.2068,0.2118,0.192,0.2064,398208.0
2024-08-07,0.2064,0.2202,0.2017,0.2088,534135.0
2024-08-08,0.216,0.216,0.2022,0.2094,133204.0
2024-08-09,0.2086,0.2193,0.2051,0.2111,236978.0
2024-08-12,0.2063,0.22,0.2,0.2031,270943.0
2024-08-13,0.208,0.208,0.2,0.2004,158011.0
2024-08-14,0.206,0.2084,0.2031,0.2035,74553.0
2024-08-15,0.2052,0.211,0.1926,0.197,289118.0
2024-08-16,0.1975,0.2,0.1932,0.1942,173303.0
2024-08-19,0.199,0.23,0.1933,0.2165,1122311.0
2024-08-20,0.215,0.215,0.1955,0.207,472427.0
2024-08-21,0.2085,0.209,0.2002,0.2011,190643.0
2024-08-22,0.208,0.2167,0.2043,0.2097,191830.0
2024-08-23,0.2,0.2098,0.1955,0.2027,233063.0
2024-08-26,0.206,0.21,0.2003,0.2023,157259.0
2024-08-27,0.205,0.21,0.2002,0.2008,118275.0
2024-08-28,0.2018,0.208,0.183,0.186,255071.0
2024-08-29,0.1934,0.1981,0.182,0.185,155826.0
2024-08-30,0.19,0.194,0.185,0.1876,113742.0
2024-09-03,0.1883,0.194,0.1851,0.1866,77753.0
2024-09-04,0.19,0.19,0.1801,0.1836,111219.0
2024-09-05,0.1498,0.1714,0.141,0.164,1860603.0
2024-09-06,0.161,0.164,0.15,0.1598,491583.0
2024-09-09,0.1579,0.16,0.1475,0.155,284655.0
2024-09-10,0.156,0.16,0.149,0.1541,267174.0
2024-09-11,0.159,0.1598,0.1539,0.155,145862.0
2024-09-12,0.16,0.1769,0.1509,0.1627,888000.0
2024-09-13,0.168,0.168,0.1581,0.1646,184588.0
2024-09-16,0.175,0.175,0.1682,0.1707,140296.0
2024-09-17,0.177,0.1799,0.1693,0.1777,202062.0
2024-09-18,0.173,0.1777,0.173,0.1741,38813.0
2024-09-19,0.1749,0.1776,0.17,0.1776,89347.0
2024-09-20,0.177,0.1776,0.1605,0.169,552904.0
2024-09-23,0.166,0.1725,0.1607,0.167,426173.0
2024-09-24,0.167,0.1776,0.167,0.1702,118583.0
2024-09-25,0.1702,0.1769,0.17,0.1721,112938.0
2024-09-26,0.172,0.1745,0.165,0.173,62106.0
2024-09-27,0.17,0.173,0.17,0.173,117359.0
2024-09-30,0.17,0.1776,0.166,0.1705,93952.0
2024-10-01,0.17,0.1749,0.1633,0.164,130616.0
2024-10-02,0.167,0.175,0.16,0.1612,60242.0
2024-10-03,0.171,0.171,0.1575,0.16,122037.0
2024-10-04,0.167,0.167,0.1576,0.1655,42796.0
2024-10-07,0.162,0.17,0.1601,0.1695,142268.0
2024-10-08,0.174,0.174,0.16,0.1616,212428.0
2024-10-09,0.169,0.1696,0.1575,0.16,310750.0
2024-10-10,0.16,0.1694,0.1575,0.1694,83117.0
2024-10-11,0.16,0.1734,0.16,0.1679,181976.0
2024-10-14,0.1679,0.1729,0.1613,0.1684,53951.0
2024-10-15,0.17,0.17,0.1606,0.1629,87168.0
2024-10-16,0.169,0.169,0.1591,0.1611,381761.0
2024-10-17,0.1631,0.1667,0.1601,0.1602,67518.0
2024-10-18,0.1575,0.17,0.1575,0.1672,108005.0
2024-10-21,0.17,0.1825,0.1638,0.1825,447627.0
2024-10-22,0.177,0.1816,0.1724,0.1768,183752.0
2024-10-23,0.1786,0.1949,0.17,0.174,9861237.0
2024-10-24,0.1904,0.2,0.0751,0.1081,84534396.0
2024-10-25,0.1138,0.209,0.11,0.1215,52172011.0
2024-10-28,0.12,0.135,0.1021,0.1122,11214092.0
2024-10-29,0.108,0.11,0.1029,0.105,2698774.0
2024-10-30,0.1048,0.106,0.1001,0.1029,2071736.0
2024-10-31,0.1001,0.1061,0.0925,0.0986,1639705.0
2024-11-01,0.1,0.104,0.0938,0.0984,2723406.0
2024-11-04,0.0989,0.1193,0.0852,0.1011,6723227.0
2024-11-05,4.56,5.144,4.26,5.08,276037.0
2024-11-06,5.0,5.0083,4.6009,4.69,84083.0
2024-11-07,4.7,4.9,4.16,4.53,78713.0
2024-11-08,4.5,4.85,4.31,4.77,103581.0
2024-11-11,4.78,4.9,4.2252,4.29,117407.0
2024-11-12,4.33,4.5,3.89,3.9299,52466.0
2024-11-13,3.8,4.33,3.7076,4.12,127928.0
2024-11-14,4.08,4.5558,3.82,4.06,151066.0
2024-11-15,3.83,3.99,3.55,3.6,42367.0
2024-11-18,3.64,3.72,3.3358,3.64,78068.0
2024-11-19,3.61,3.9,3.51,3.86,74826.0
2024-11-20,3.85,4.05,3.67,3.87,41050.0
2024-11-21,3.96,4.5,3.8154,4.42,84555.0
2024-11-22,4.45,5.0,4.3434,4.831,137939.0
2024-11-25,5.05,5.05,4.41,4.7808,174259.0
2024-11-26,4.71,4.71,4.14,4.47,68739.0
2024-11-27,4.44,4.71,4.33,4.66,33927.0
2024-11-29,4.773,4.773,4.49,4.617,17126.0
2024-12-02,4.57,4.7051,4.3801,4.69,14701.0
2024-12-03,4.595,4.75,4.3818,4.528,40763.0
2024-12-04,4.6046,4.8045,4.4317,4.7437,29380.0
2024-12-05,4.573,4.79,4.45,4.53,67536.0
2024-12-06,4.61,4.7199,4.46,4.48,32012.0
2024-12-09,4.55,4.6844,4.4551,4.5,8878.0
2024-12-10,4.6,4.6401,4.25,4.28,28569.0
2024-12-11,4.28,4.365,3.87,3.9,62699.0
2024-12-12,3.9,4.0258,3.6,3.76,38327.0
2024-12-13,3.778,3.87,3.53,3.87,26315.0
2024-12-16,3.85,4.39,3.805,4.39,108603.0
2024-12-17,4.29,4.2955,4.0495,4.23,10438.0
2024-12-18,4.19,4.1905,3.9,3.9,9166.0
2024-12-19,3.9,4.14,3.9,4.04,22490.0
2024-12-20,4.05,4.1635,3.9,3.9,30720.0
2024-12-23,3.99,4.04,3.91,4.04,3849.0
2024-12-24,3.96,4.12,3.9039,4.03,14815.0
2024-12-26,4.03,4.4,4.03,4.3,44056.0
2024-12-27,4.4,4.4,4.06,4.27,30157.0
2024-12-30,4.125,4.23,3.9,4.11,39845.0
2024-12-31,4.0,4.4709,4.0,4.21,33280.0
2025-01-02,4.23,4.27,4.18,4.2014,11566.0
2025-01-03,4.22,4.59,4.22,4.54,37993.0
2025-01-06,4.55,4.67,4.3444,4.51,31398.0
2025-01-07,4.65,4.6585,4.37,4.4,17028.0
2025-01-08,4.28,4.44,4.15,4.17,18089.0
2025-01-10,4.2,4.31,3.9,4.28,21153.0
2025-01-13,4.35,4.35,4.03,4.1,9403.0
2025-01-14,4.13,4.13,4.05,4.05,7917.0
2025-01-15,4.16,4.21,3.95,3.95,15329.0
2025-01-16,3.99,4.09,3.99,4.0,10930.0
2025-01-17,4.03,4.15,4.0001,4.07,5004.0
2025-01-21,4.08,4.33,4.08,4.18,15309.0
2025-01-22,4.265,4.2799,4.0818,4.21,11533.0
2025-01-23,4.23,4.34,4.08,4.34,31941.0
2025-01-24,4.5,4.58,4.25,4.25,86274.0
2025-01-27,4.3,4.3,3.9703,3.9703,340098.0
2025-01-28,4.04,4.04,2.99,3.12,1168138.0
2025-01-29,2.96,3.79,2.96,3.34,194973.0
2025-01-30,3.4,3.5,3.25,3.405,54469.0
2025-01-31,3.36,3.366,3.1216,3.27,31063.0
2025-02-03,3.25,3.5,3.135,3.5,57168.0
2025-02-04,3.38,3.59,3.3183,3.4549,54742.0
2025-02-05,3.36,3.3799,3.2762,3.3002,23489.0
2025-02-06,3.33,3.426,3.26,3.375,37461.0
2025-02-07,3.48,3.48,3.25,3.26,13343.0
2025-02-10,3.21,3.31,3.2061,3.22,7820.0
2025-02-11,3.22,3.3,3.16,3.23,43155.0
2025-02-12,3.3,3.3148,3.25,3.31,23683.0
2025-02-13,3.31,3.45,3.2801,3.3848,11360.0
2025-02-14,3.37,3.7401,3.3214,3.65,34964.0
2025-02-18,3.65,3.7491,3.54,3.6,8148.0
2025-02-19,3.52,3.74,3.52,3.53,4901.0
2025-02-20,3.5,3.71,3.5,3.62,10986.0
2025-02-21,3.515,3.63,3.37,3.5479,11561.0
2025-02-24,3.5,3.51,3.36,3.37,10762.0
2025-02-25,3.24,3.3888,3.22,3.23,8132.0
2025-02-26,3.28,3.285,3.12,3.19,14799.0
2025-02-27,3.2,3.2491,3.1601,3.24,3323.0
2025-02-28,3.22,3.22,3.06,3.17,16820.0
2025-03-03,3.17,3.2,3.1,3.1,11733.0
2025-03-04,3.1,3.13,3.03,3.1,9678.0
2025-03-05,3.1001,3.175,3.0949,3.1,7381.0
2025-03-06,3.12,3.24,3.05,3.24,5658.0
2025-03-07,3.17,3.2,3.1,3.12,6788.0
2025-03-10,3.14,3.14,3.01,3.01,5819.0
2025-03-11,3.01,3.05,2.96,3.04,9889.0
2025-03-12,3.0,3.1174,2.9623,3.01,7039.0
2025-03-13,3.1,3.11,3.0275,3.11,10478.0
2025-03-14,3.05,3.1066,3.04,3.06,6359.0
2025-03-17,3.042,3.2399,3.01,3.1,3814.0
2025-03-18,3.09,3.2,3.09,3.2,7608.0
2025-03-19,3.1355,3.15,3.0906,3.12,3588.0
2025-03-20,3.12,3.14,3.09,3.14,1545.0
2025-03-21,3.15,3.22,3.13,3.22,7136.0
2025-03-24,3.2491,3.25,3.21,3.25,1647.0
2025-03-25,3.29,3.37,3.226,3.3566,2622.0
2025-03-26,3.314,3.32,3.17,3.32,18066.0
2025-03-27,3.22,3.78,3.13,3.78,31410.0
2025-03-28,3.93,4.02,3.0853,3.8,1003401.0
2025-03-31,3.56,3.7,3.3001,3.64,137565.0
2025-04-01,3.62,3.7799,3.21,3.49,952856.0
2025-04-02,3.32,3.5,3.0601,3.41,81317.0
2025-04-03,3.31,3.3999,3.2,3.31,45982.0
2025-04-04,3.0,3.32,2.99,3.13,35378.0
2025-04-07,3.04,3.2219,2.99,3.14,24067.0
2025-04-08,3.22,3.22,3.0,3.0001,5510.0
2025-04-09,3.23,3.23,2.99,3.1686,27706.0
2025-04-10,3.24,3.4298,2.88,3.05,80488.0
2025-04-11,3.05,3.3,2.85,3.0,24955.0
2025-04-14,2.8967,3.327,2.8967,3.1,31348.0
2025-04-15,3.13,3.3,3.11,3.3,7392.0
2025-04-16,3.2,3.44,3.1001,3.29,75420.0
2025-04-17,3.23,3.24,3.18,3.24,1344.0
2025-04-21,3.21,3.53,3.2,3.53,9718.0
2025-04-22,3.36,4.04,3.3,3.81,174210.0
2025-04-23,3.86,4.3999,3.55,3.85,307274.0
2025-04-24,3.62,3.9499,3.4,3.6393,114898.0
2025-04-25,3.64,3.645,3.252,3.475,29326.0
2025-04-28,3.13,3.6,3.12,3.51,22093.0
2025-04-29,3.42,3.53,3.42,3.4801,4775.0
2025-04-30,3.422,3.65,3.42,3.58,14304.0
2025-05-01,3.7295,3.7295,3.52,3.52,14261.0
2025-05-02,3.5,3.6999,3.292,3.5,27904.0
2025-05-05,3.51,3.68,3.51,3.68,14196.0
2025-05-06,3.67,3.67,3.45,3.4501,5046.0
2025-05-07,3.43,3.68,3.4,3.56,15338.0
2025-05-08,3.51,3.71,3.45,3.5909,7900.0
2025-05-09,3.555,3.69,3.49,3.5901,2721.0
2025-05-12,3.6,3.95,3.5227,3.6501,36135.0
2025-05-13,3.65,3.85,3.59,3.72,17584.0
2025-05-14,3.75,3.9,3.6205,3.748,10407.0
2025-05-15,3.84,3.94,3.75,3.94,29134.0
2025-05-16,3.97,4.14,3.75,3.87,38019.0
2025-05-19,3.87,3.87,3.78,3.79,6701.0
2025-05-20,3.75,3.79,3.7,3.74,7825.0
2025-05-21,3.74,3.7639,3.74,3.76,2490.0
2025-05-22,3.74,3.7851,3.74,3.7851,1555.0
2025-05-23,3.72,3.987,3.72,3.7734,5878.0
2025-05-27,3.79,3.82,3.65,3.65,5494.0
2025-05-28,3.73,3.74,3.66,3.74,7921.0
2025-05-29,3.785,3.9,3.73,3.8,14002.0
2025-05-30,3.76,3.79,3.735,3.77,2134.0
2025-06-02,3.82,3.9702,3.7848,3.92,9873.0
2025-06-03,3.85,3.8947,3.85,3.89,1807.0
2025-06-04,3.855,3.9834,3.855,3.9834,4007.0
2025-06-05,3.98,3.98,3.75,3.81,2605.0
2025-06-06,3.85,3.85,3.5001,3.75,3664.0
2025-06-09,3.78,3.95,3.64,3.65,19302.0
2025-06-10,3.74,3.775,3.74,3.7664,2138.0
2025-06-11,3.678,3.798,3.6752,3.798,3849.0
2025-06-12,3.76,4.0,3.7,3.822,5188.0
2025-06-13,3.85,3.88,3.7001,3.712,6381.0
2025-06-16,3.71,3.78,3.59,3.595,22610.0
2025-06-17,3.6,3.61,3.51,3.51,2526.0
2025-06-18,3.565,3.85,3.31,3.739,73350.0
2025-06-20,3.6,3.7001,3.3,3.6191,8748.0
2025-06-23,3.5,3.61,3.3775,3.61,5213.0
2025-06-24,3.49,3.57,3.3703,3.57,3796.0
2025-06-25,3.52,3.55,3.44,3.44,667.0
2025-06-26,3.58,3.59,3.4583,3.54,2668.0
2025-06-27,3.615,3.68,3.55,3.55,1918.0
2025-06-30,3.562,3.7,3.39,3.413,29476.0
2025-07-01,3.56,3.5602,3.32,3.32,9586.0
2025-07-02,3.4,3.4,3.264,3.264,9756.0
2025-07-03,3.26,3.265,3.16,3.16,4783.0
2025-07-07,3.16,3.44,3.15,3.39,29637.0
2025-07-08,3.41,3.65,3.32,3.43,8518.0
2025-07-09,3.43,3.99,3.4,3.519,65656.0
2025-07-10,3.55,3.64,3.52,3.52,7330.0
2025-07-11,3.56,3.89,3.37,3.42,45396.0
2025-07-14,3.43,3.96,3.3701,3.69,51867.0
2025-07-15,3.55,3.55,3.45,3.53,3937.0
2025-07-16,5.43,6.67,3.83,3.93,48109117.0
2025-07-17,3.5,4.0,3.16,3.26,941725.0
2025-07-18,3.15,3.2,3.0,3.01,385388.0
2025-07-21,2.9,3.29,2.77,3.07,345403.0
2025-07-22,2.88,3.13,2.88,3.0,141279.0
2025-07-23,2.95,3.09,2.91,2.95,237505.0
2025-07-24,2.92,3.05,2.88,2.9028,157515.0
2025-07-25,2.97,2.97,2.735,2.8,95686.0
2025-07-28,2.79,2.9757,2.5801,2.8,440490.0
2025-07-29,2.63,2.705,2.46,2.52,180306.0
2025-07-30,2.49,2.585,2.49,2.515,30423.0
2025-07-31,2.48,2.48,2.2,2.2,149849.0
2025-08-01,2.2,2.2001,1.9995,2.17,33628.0
2025-08-04,2.13,2.13,2.02,2.07,73887.0
2025-08-05,2.07,2.07,1.89,1.9,148937.0
2025-08-06,1.9,1.9454,1.76,1.76,84411.0
2025-08-07,1.76,1.8963,1.76,1.85,39441.0
2025-08-08,1.87,1.91,1.75,1.82,72609.0
2025-08-11,1.82,1.82,1.71,1.73,29168.0
2025-08-12,1.75,1.75,1.6656,1.68,33635.0
2025-08-13,1.67,1.7,1.61,1.67,70923.0
2025-08-14,1.67,1.8,1.67,1.76,45331.0
2025-08-15,1.76,1.93,1.71,1.9,99345.0
2025-08-18,1.87,2.09,1.85,1.9,265836.0
2025-08-19,2.01,2.01,1.83,1.9,25749.0
2025-08-20,1.87,1.8997,1.8357,1.885,20512.0
2025-08-21,1.8502,1.875,1.82,1.83,11119.0
2025-08-22,1.84,1.88,1.8201,1.86,15587.0
2025-08-25,1.8502,1.88,1.85,1.875,10718.0
2025-08-26,1.9,1.9,1.82,1.8512,7613.0
2025-08-27,1.85,1.86,1.82,1.82,12342.0
2025-08-28,1.83,1.85,1.75,1.76,28225.0
2025-08-29,1.8,1.85,1.74,1.79,22816.0
2025-09-02,1.82,1.82,1.7401,1.79,17630.0
2025-09-03,1.76,1.8649,1.74,1.74,37535.0
2025-09-04,1.74,1.74,1.66,1.67,15675.0
2025-09-05,1.67,1.77,1.67,1.69,23081.0
2025-09-08,1.71,1.7628,1.69,1.73,11981.0
2025-09-09,1.73,1.77,1.69,1.73,20283.0
2025-09-10,1.75,1.86,1.7101,1.855,87782.0
2025-09-11,1.83,2.1594,1.82,2.09,117468.0
2025-09-12,2.06,2.12,2.0,2.095,25118.0
2025-09-15,2.09,2.09,2.0,2.03,28590.0
2025-09-16,2.02,2.03,1.95,2.0001,21914.0
2025-09-17,2.1,3.05,2.1,2.26,3728325.0
2025-09-18,2.28,2.89,2.16,2.84,463396.0
2025-09-19,3.0,3.07,2.6401,2.84,6648134.0
2025-09-22,8.3,8.81,4.715,5.53,60104958.0
2025-09-23,4.76,5.1999,4.0368,4.13,1376092.0
2025-09-24,3.99,4.44,3.99,4.14,2034961.0
2025-09-25,4.24,6.48,4.24,5.52,12818162.0
2025-09-26,4.88,5.49,4.8,5.06,576733.0
2025-09-29,5.09,5.65,4.6215,5.38,547739.0
2025-09-30,5.7,6.16,5.63,5.72,5965224.0
2025-10-01,5.37,6.1593,5.35,6.01,586720.0
2025-10-02,5.94,6.12,5.49,5.59,411014.0
2025-10-03,5.52,5.665,5.15,5.23,268350.0
2025-10-06,5.12,5.28,4.91,5.03,279437.0
2025-10-07,4.96,5.2816,4.92,5.03,226837.0
2025-10-08,5.06,5.06,4.6,4.87,344730.0
2025-10-09,4.97,4.98,4.35,4.4,174850.0
2025-10-10,4.4,4.67,4.1,4.16,227235.0
2025-10-13,4.14,4.2697,4.01,4.01,117283.0
2025-10-14,3.87,4.0,3.72,3.81,126478.0
2025-10-15,3.8,4.33,3.8,3.96,156710.0
2025-10-16,3.92,4.16,3.73,3.73,96627.0
2025-10-17,3.77,3.77,3.6,3.64,64428.0
2025-10-20,3.64,4.06,3.64,3.93,70599.0
2025-10-21,3.9,3.9873,3.755,3.82,137923.0
2025-10-22,4.04,4.04,3.28,3.35,218188.0
2025-10-23,3.31,3.6,3.31,3.53,11222061.0
2025-10-24,5.79,5.97,3.5101,3.64,51509397.0
2025-10-27,3.39,3.39,2.9,2.97,1668702.0
2025-10-28,3.03,3.16,2.71,2.75,738642.0
2025-10-29,2.7,3.0034,2.6601,2.86,569887.0
2025-10-30,2.81,3.36,2.81,3.05,483027.0
2025-10-31,3.04,3.12,2.81,2.85,232077.0
2025-11-03,2.79,2.92,2.79,2.81,198795.0
2025-11-04,2.81,2.81,2.495,2.52,447702.0
2025-11-05,2.52,2.69,2.52,2.63,201063.0
2025-11-06,2.58,2.72,2.4906,2.57,128427.0
2025-11-07,2.5,2.535,2.3501,2.5,235749.0
2025-11-10,2.53,2.72,2.53,2.68,120072.0
2025-11-11,2.73,2.78,2.5605,2.62,119728.0
2025-11-12,2.65,2.85,2.6,2.65,128629.0
2025-11-13,2.64,2.64,2.36,2.53,445095.0
2025-11-14,2.44,2.83,2.44,2.73,676211.0
2025-11-17,2.84,3.08,2.7497,3.04,570259.0
2025-11-18,2.98,3.3358,2.86,3.21,373839.0
2025-11-19,3.26,3.27,2.75,2.88,178335.0
2025-11-20,2.9,2.9693,2.58,2.63,211934.0
2025-11-21,2.64,2.64,2.38,2.54,153586.0
2025-11-24,2.68,2.77,2.52,2.62,98146.0
2025-11-25,2.63,2.69,2.4,2.44,77923.0
2025-11-26,2.45,2.57,2.425,2.55,94381.0
2025-11-28,2.57,2.64,2.513,2.6,69565.0
2025-12-01,2.52,2.57,2.31,2.35,89947.0
2025-12-02,2.36,2.42,2.26,2.41,112904.0
2025-12-03,2.45,2.54,2.33,2.54,99902.0
2025-12-04,2.425,2.66,2.35,2.63,94472.0
2025-12-05,2.52,2.645,2.46,2.5,67392.0
2025-12-08,2.5,2.54,2.2401,2.27,129973.0
2025-12-09,2.27,2.6,2.24,2.53,199077.0
2025-12-10,2.45,2.57,2.38,2.54,119282.0
2025-12-11,2.51,2.62,2.42,2.53,162833.0
2025-12-12,2.5,2.67,2.5,2.51,52874.0
2025-12-15,2.52,2.59,2.37,2.37,150383.0
2025-12-16,2.35,2.73,2.35,2.67,301705.0
2025-12-17,2.66,2.934,2.6,2.85,304558.0
2025-12-18,2.9,2.9,2.65,2.66,49887.0
2025-12-19,2.76,2.84,2.61,2.74,103471.0
2025-12-22,2.75,2.98,2.7,2.77,108543.0
2025-12-23,2.67,2.7399,2.63,2.71,62981.0
2025-12-24,2.7054,2.825,2.63,2.7,20945.0
2025-12-26,2.6,2.69,2.5001,2.52,76870.0
2025-12-29,2.43,2.5,2.245,2.37,171569.0
2025-12-30,2.34,2.41,2.24,2.27,68795.0
2025-12-31,2.3,2.3821,2.3,2.34,42815.0
2026-01-02,2.4,2.4722,2.35,2.4,51402.0
2026-01-05,2.51,2.79,2.4805,2.65,117503.0
2026-01-06,2.63,2.83,2.61,2.75,82421.0
2026-01-07,2.79,2.86,2.66,2.69,56496.0
2026-01-08,2.57,2.69,2.555,2.56,23148.0
2026-01-09,2.53,2.639,2.48,2.56,52955.0
2026-01-12,2.52,2.75,2.52,2.69,49813.0
2026-01-13,2.68,2.69,2.42,2.47,70767.0
2026-01-14,2.5,2.58,2.49,2.51,20439.0
2026-01-15,2.54,2.64,2.35,2.36,63140.0
2026-01-16,2.36,2.472,2.323,2.323,40843.0
2026-01-20,2.33,2.37,2.3,2.33,76463.0
2026-01-21,2.31,2.33,2.1,2.12,130091.0
2026-01-22,2.31,2.31,2.12,2.14,60420.0
2026-01-23,2.14,2.15,2.08,2.14,28949.0
2026-01-26,2.15,2.2,2.1,2.14,40937.0
2026-01-27,2.18,2.19,2.08,2.17,42546.0
2026-01-28,2.18,2.18,2.02,2.075,108482.0
2026-01-29,2.04,2.06,1.9,1.9,111811.0
2026-01-30,1.88,1.88,1.75,1.77,88109.0
2026-02-02,1.76,1.89,1.72,1.72,77242.0
2026-02-03,1.74,1.85,1.74,1.83,62856.0
2026-02-04,1.8,1.81,1.601,1.62,58872.0
2026-02-05,1.62,1.64,1.36,1.37,123973.0
2026-02-06,1.37,1.49,1.36,1.42,66122.0
2026-02-09,1.45,1.5,1.3775,1.41,24346.0
2026-02-10,1.43,1.43,1.365,1.37,50249.0
2026-02-11,1.37,1.3959,1.26,1.29,58902.0
2026-02-12,1.3,1.31,1.16,1.21,73587.0
2026-02-13,1.25,1.33,1.22,1.3,52314.0
2026-02-17,1.3,1.3,1.2242,1.23,15948.0
2026-02-18,1.22,1.2672,1.21,1.24,28077.0
2026-02-19,1.25,1.275,1.23,1.24,38386.0
2026-02-20,1.24,1.4185,1.23,1.24,253218.0
2026-02-23,1.27,1.37,0.9701,0.9955,270882.0
2026-02-24,1.0,1.01,0.92,0.96,63270.0
2026-02-25,0.9901,1.24,0.9702,1.15,260662.0
2026-02-26,1.15,1.19,1.1,1.18,52847.0
2026-02-27,1.14,1.15,1.095,1.14,37789.0
2026-03-02,1.12,1.17,1.07,1.14,28063.0
2026-03-03,1.09,1.095,1.02,1.05,41210.0
2026-03-04,1.0999,1.16,1.08,1.125,22190.0
2026-03-05,1.12,1.18,1.06,1.08,46414.0
2026-03-06,1.04,1.14,1.04,1.1,21107.0
2026-03-09,1.12,1.2448,1.09,1.21,108038.0
2026-03-10,1.22,1.28,1.175,1.19,35427.0
2026-03-11,1.11,1.19,1.09,1.1,50241.0
2026-03-12,1.1,1.1,1.0302,1.06,47473.0
2026-03-13,1.09,1.17,1.0612,1.14,30518.0
2026-03-16,1.13,1.24,1.13,1.15,27301.0
2026-03-17,1.14,1.45,1.14,1.4,200031.0
2026-03-18,1.36,1.4999,1.3,1.4,101834.0
2026-03-19,1.37,1.37,1.22,1.24,54004.0
2026-03-20,1.25,1.35,1.22,1.26,106482.0
2026-03-23,1.25,1.3799,1.25,1.36,70654.0
2026-03-24,1.31,1.44,1.26,1.32,58724.0
2026-03-25,1.35,1.4344,1.26,1.28,60936.0
2026-03-26,1.25,1.32,1.1724,1.18,34934.0
2026-03-27,1.18,1.23,1.12,1.15,58259.0
2026-03-30,1.18,1.18,1.075,1.15,34399.0
2026-03-31,1.1497,1.2806,1.1208,1.25,18777.0
2026-04-01,1.25,1.33,1.23,1.24,35057.0
2026-04-02,1.23,1.28,1.2,1.28,21868.0
2026-04-06,1.3,1.38,1.28,1.37,30478.0
2026-04-07,1.34,1.37,1.23,1.24,178073.0
2026-04-08,1.3378,1.34,1.25,1.34,28860.0
2026-04-09,1.3,1.35,1.29,1.33,13851.0
2026-04-10,1.34,1.39,1.3117,1.36,44803.0
2026-04-13,1.35,1.395,1.315,1.35,25192.0
2026-04-14,1.32,1.37,1.21,1.31,59334.0
2026-04-15,1.31,1.314,1.2044,1.24,38757.0
2026-04-16,1.27,1.32,1.23,1.28,26088.0
2026-04-17,1.27,1.38,1.26,1.38,75762.0
2026-04-20,1.37,1.39,1.32,1.36,18243.0
2026-04-21,1.36,1.65,1.359,1.41,279222.0
2026-04-22,1.46,1.6,1.43,1.55,79158.0
2026-04-23,1.52,1.58,1.42,1.45,34924.0
