date,open,high,low,close,volume
2009-11-10,3.2,3.3325,3.1905,3.321,11900.0
2009-11-11,3.267,3.347,3.267,3.345,34500.0
2009-11-12,3.3173,3.3419,3.313,3.3419,12200.0
2009-11-13,3.3173,3.369,3.3173,3.3386,4585.0
2009-11-16,3.3546,3.3695,3.3452,3.358,9400.0
2009-11-17,3.2843,3.327,3.2815,3.2815,7500.0
2009-11-18,3.3335,3.365,3.2906,3.3,21000.0
2009-11-19,3.2987,3.2987,3.17,3.191,13200.0
2009-11-20,3.186,3.186,3.1656,3.1725,5900.0
2009-11-23,3.2334,3.235,3.1847,3.1856,199700.0
2009-11-24,3.17,3.1798,3.1162,3.1318,141040.0
2009-11-25,3.1681,3.2509,3.1639,3.2414,40500.0
2009-11-27,3.129,3.198,3.113,3.1625,2100.0
2009-11-30,3.1883,3.2462,3.1503,3.2462,41500.0
2009-12-01,3.244,3.3431,3.244,3.3431,31900.0
2009-12-02,3.4105,3.48,3.4105,3.473,13200.0
2009-12-03,3.462,3.522,3.448,3.522,19000.0
2009-12-04,3.526,3.526,3.381,3.381,96000.0
2009-12-07,3.4161,3.4485,3.4161,3.4385,7100.0
2009-12-08,3.392,3.415,3.306,3.3149,80000.0
2009-12-09,3.3525,3.4092,3.3525,3.4091,14200.0
2009-12-10,3.5035,3.5262,3.49,3.49,28500.0
2009-12-11,3.53,3.602,3.501,3.545,38500.0
2009-12-14,3.547,3.644,3.547,3.6,17300.0
2009-12-15,3.6047,3.751,3.583,3.698,24800.0
2009-12-16,3.808,3.8118,3.768,3.81,12600.0
2009-12-17,3.783,3.8067,3.634,3.7546,39800.0
2009-12-18,3.6763,3.765,3.6763,3.7615,15200.0
2009-12-21,3.8555,3.8555,3.7885,3.826,7900.0
2009-12-22,3.8185,3.8441,3.7917,3.8335,21700.0
2009-12-23,3.8619,3.9025,3.8369,3.8675,12300.0
2009-12-24,3.8538,3.878,3.8347,3.8774,3900.0
2009-12-28,3.8,3.8,3.8,3.8,800.0
2009-12-29,3.894,3.9365,3.8597,3.873,9200.0
2009-12-30,3.897,3.897,3.8035,3.8409,7400.0
2009-12-31,3.8695,3.8769,3.8427,3.858,5200.0
2010-01-04,3.9638,3.9749,3.9576,3.97,12000.0
2010-01-05,4.0061,4.0661,3.9654,4.0195,7400.0
2010-01-06,4.0668,4.0695,3.966,3.966,5500.0
2010-01-07,3.931,3.995,3.92,3.958,6800.0
2010-01-08,4.029,4.0495,4.0058,4.0315,16200.0
2010-01-11,4.13,4.2729,4.13,4.197,39500.0
2010-01-12,4.1306,4.2,4.0746,4.125,56700.0
2010-01-13,4.161,4.233,4.161,4.1817,28000.0
2010-01-14,4.293,4.312,4.293,4.312,2000.0
2010-01-15,4.3718,4.4335,4.3461,4.4252,25300.0
2010-01-19,4.3865,4.4045,4.2845,4.356,74070.0
2010-01-20,4.2727,4.2727,4.1976,4.1976,6600.0
2010-01-21,4.2805,4.2805,4.0269,4.14,16100.0
2010-01-22,4.1048,4.1048,4.0248,4.0395,5941.0
2010-01-25,4.119,4.119,4.0245,4.03,9600.0
2010-01-26,3.95,3.97,3.9,3.97,7000.0
2010-01-27,3.91,3.97,3.9,3.902,9450.0
2010-01-28,3.9088,3.9088,3.71,3.785,13700.0
2010-01-29,3.9105,3.96,3.8347,3.8347,14900.0
2010-02-01,3.875,3.99,3.875,3.9726,11700.0
2010-02-02,3.9851,4.1,3.9851,4.1,5618.0
2010-02-03,4.1626,4.1649,4.09,4.1,12325.0
2010-02-04,4.05,4.0715,4.01,4.0525,23500.0
2010-02-05,4.0415,4.0755,3.9955,4.0446,23800.0
2010-02-08,4.0635,4.073,4.036,4.0685,1600.0
2010-02-09,4.0355,4.0355,3.9641,3.9641,14750.0
2010-02-10,3.945,3.9498,3.9076,3.921,6300.0
2010-02-11,3.928,3.9547,3.9236,3.95,8300.0
2010-02-12,3.907,3.948,3.89,3.93,12200.0
2010-02-16,4.0597,4.1124,4.056,4.1124,14035.0
2010-02-17,4.044,4.077,4.04,4.06,8790.0
2010-02-18,4.0529,4.0529,3.9835,3.9835,3560.0
2010-02-19,3.94,4.0115,3.94,3.9869,5800.0
2010-02-22,3.9835,4.04,3.93,4.04,16426.0
2010-02-23,4.02,4.05,3.943,3.97,16550.0
2010-02-24,3.985,4.0135,3.9445,3.9551,11900.0
2010-02-25,3.914,3.93,3.8747,3.93,3500.0
2010-02-26,3.907,3.9505,3.9045,3.9166,9410.0
2010-03-01,4.0,4.0771,3.96,4.0579,19850.0
2010-03-02,4.055,4.13,4.055,4.13,4388.0
2010-03-03,4.1336,4.1336,4.1095,4.1095,2200.0
2010-03-04,4.15,4.15,4.1,4.133,8850.0
2010-03-05,4.15,4.4112,4.15,4.3485,38410.0
2010-03-08,4.4234,4.4965,4.386,4.3989,84400.0
2010-03-09,4.37,4.4974,4.37,4.4377,8550.0
2010-03-10,4.4659,4.5147,4.4515,4.5116,6400.0
2010-03-11,4.5174,4.5405,4.4983,4.53,3153.0
2010-03-12,4.6,4.7065,4.6,4.6283,5350.0
2010-03-15,4.6582,4.6582,4.549,4.5564,3526.0
2010-03-16,4.62,4.67,4.62,4.6275,5500.0
2010-03-17,4.6807,4.6807,4.63,4.64,7659.0
2010-03-18,4.6028,4.62,4.5825,4.5825,4600.0
2010-03-19,4.602,4.602,4.4465,4.469,11800.0
2010-03-22,4.47,4.48,4.462,4.462,7200.0
2010-03-23,4.461,4.53,4.4605,4.53,24000.0
2010-03-24,4.5315,4.552,4.5283,4.5474,6900.0
2010-03-25,4.5445,4.56,4.52,4.52,1900.0
2010-03-26,4.48,4.48,4.3615,4.434,11500.0
2010-03-29,5.0,5.0,4.36,4.36,13370.0
2010-03-30,4.3754,4.4547,4.37,4.4547,5300.0
2010-03-31,4.4731,4.4731,4.36,4.387,3600.0
2010-04-01,4.4176,4.43,4.38,4.41,17843.0
2010-04-05,4.44,4.4467,4.424,4.424,3059.0
2010-04-06,4.43,4.48,4.4,4.4,11650.0
2010-04-07,4.41,4.424,4.3869,4.4163,2250.0
2010-04-08,4.4,4.44,4.4,4.44,1200.0
2010-04-09,4.3925,4.4,4.33,4.356,15247.0
2010-04-12,4.384,4.4545,4.3565,4.42,25013.0
2010-04-13,4.393,4.393,4.35,4.3521,6250.0
2010-04-14,4.375,4.4265,4.37,4.41,5650.0
2010-04-15,4.3657,4.3896,4.31,4.3149,3200.0
2010-04-16,4.31,4.38,4.2547,4.2568,10750.0
2010-04-19,4.2298,4.2298,4.16,4.184,34828.0
2010-04-20,4.2406,4.2764,4.23,4.2555,12400.0
2010-04-21,4.23,4.2595,4.22,4.227,22500.0
2010-04-22,4.2566,4.3714,4.2566,4.3674,21879.0
2010-04-23,4.3361,4.3981,4.3361,4.3981,7375.0
2010-04-26,4.45,4.5,4.4155,4.5,14778.0
2010-04-27,4.5018,4.5018,4.4048,4.426,13410.0
2010-04-28,4.449,4.449,4.355,4.3845,7611.0
2010-04-29,4.328,4.376,4.3,4.36,11350.0
2010-04-30,4.29,4.36,4.2755,4.3085,8600.0
2010-05-03,4.3005,4.3735,4.3005,4.3727,9100.0
2010-05-04,4.3259,4.33,4.2724,4.3065,9129.0
2010-05-05,4.18,4.2406,4.1,4.1,7400.0
2010-05-06,4.12,4.12,3.96,3.96,9891.0
2010-05-07,3.8258,4.01,3.79,4.01,34050.0
2010-05-10,4.025,4.1,3.8965,3.9233,45440.0
2010-05-11,3.951,3.951,3.87,3.8893,14800.0
2010-05-12,3.97,3.97,3.89,3.89,9100.0
2010-05-13,3.91,3.9835,3.9059,3.92,4250.0
2010-05-14,3.894,3.9162,3.88,3.9,10800.0
2010-05-17,3.82,3.86,3.7489,3.77,21100.0
2010-05-18,3.7145,3.7185,3.6855,3.6855,5000.0
2010-05-19,3.6563,3.6815,3.5175,3.54,26610.0
2010-05-20,3.43,3.43,3.26,3.3817,51062.0
2010-05-21,3.367,3.6126,3.367,3.6126,20615.0
2010-05-24,3.48,3.6,3.48,3.55,10570.0
2010-05-25,3.4795,3.58,3.475,3.58,21850.0
2010-05-26,3.75,3.8,3.7385,3.7385,16380.0
2010-05-27,3.8625,3.8775,3.8351,3.8351,27900.0
2010-05-28,3.86,3.881,3.86,3.881,4500.0
2010-06-01,3.7725,3.84,3.745,3.82,12110.0
2010-06-02,3.836,3.9252,3.836,3.8675,20600.0
2010-06-03,3.93,3.93,3.8491,3.85,4188.0
2010-06-04,3.821,3.8438,3.8115,3.8438,55000.0
2010-06-07,3.7985,3.868,3.783,3.821,15700.0
2010-06-08,3.8345,3.8843,3.792,3.85,30250.0
2010-06-09,3.886,3.886,3.8292,3.8292,8200.0
2010-06-10,3.8783,3.8783,3.85,3.85,8000.0
2010-06-11,3.875,3.905,3.86,3.905,11000.0
2010-06-14,3.9905,3.9905,3.948,3.948,4463.0
2010-06-15,3.99,4.0845,3.99,4.081,10300.0
2010-06-16,4.05,4.0669,4.04,4.0625,5465.0
2010-06-17,4.0151,4.0151,3.9752,3.9752,2000.0
2010-06-18,3.97,4.0,3.951,4.0,9000.0
2010-06-21,4.01,4.05,4.01,4.05,1230.0
2010-06-22,4.0448,4.0448,3.981,3.981,2800.0
2010-06-23,3.9919,3.9923,3.95,3.95,700.0
2010-06-24,3.9222,3.9222,3.9222,3.9222,100.0
2010-06-25,3.96,3.96,3.96,3.96,750.0
2010-06-28,3.9119,3.9119,3.9119,3.9119,900.0
2010-06-29,3.8,3.847,3.8,3.812,4500.0
2010-06-30,3.8015,3.85,3.8015,3.85,4900.0
2010-07-01,3.85,3.85,3.85,3.85,0.0
2010-07-02,3.8455,3.8455,3.8141,3.82,3100.0
2010-07-06,3.85,3.9563,3.85,3.9563,23875.0
2010-07-07,4.0022,4.05,4.0,4.03,13250.0
2010-07-08,4.02,4.04,3.9866,3.9904,3900.0
2010-07-09,4.012,4.0412,4.012,4.04,9787.0
2010-07-12,4.03,4.03,4.0,4.0,3650.0
2010-07-13,4.0047,4.0047,4.0047,4.0047,1000.0
2010-07-14,3.99,4.0004,3.99,3.99,7000.0
2010-07-15,3.95,4.02,3.95,4.02,4900.0
2010-07-16,3.9845,3.994,3.917,3.96,8600.0
2010-07-19,3.9898,3.9898,3.95,3.95,1150.0
2010-07-20,3.93,4.0,3.93,4.0,4400.0
2010-07-21,4.0045,4.01,3.9866,3.9866,2400.0
2010-07-22,4.02,4.0579,4.02,4.0579,13653.0
2010-07-23,4.038,4.08,4.017,4.08,15100.0
2010-07-26,4.08,4.1185,4.08,4.11,12100.0
2010-07-27,4.1695,4.1695,4.0988,4.0988,9450.0
2010-07-28,4.0985,4.0985,4.0055,4.006,12500.0
2010-07-29,4.0598,4.085,4.028,4.0344,4875.0
2010-07-30,4.0715,4.1092,4.071,4.1092,7410.0
2010-08-02,4.2,4.2,4.0,4.0,300.0
2010-08-03,4.01,4.0834,4.01,4.0834,3000.0
2010-08-04,3.92,4.08,3.92,4.02,11241.0
2010-08-05,4.02,4.022,3.994,4.02,8057.0
2010-08-06,3.9918,3.9918,3.895,3.895,1300.0
2010-08-09,3.931,3.9421,3.84,3.94,7210.0
2010-08-10,3.94,3.94,3.8793,3.8793,1200.0
2010-08-11,3.83,3.83,3.77,3.7942,2150.0
2010-08-12,3.76,3.9037,3.76,3.9037,9135.0
2010-08-13,3.824,3.8302,3.64,3.7065,38580.0
2010-08-16,3.758,3.87,3.7485,3.859,15100.0
2010-08-17,3.91,3.91,3.842,3.842,9660.0
2010-08-18,3.908,3.909,3.9,3.909,3000.0
2010-08-19,3.909,3.909,3.909,3.909,0.0
2010-08-20,3.88,3.91,3.8691,3.8691,23200.0
2010-08-23,3.909,3.909,3.866,3.866,14890.0
2010-08-24,3.8427,3.8478,3.81,3.8394,9700.0
2010-08-25,3.839,3.873,3.8376,3.8409,7300.0
2010-08-26,3.864,3.864,3.864,3.864,3600.0
2010-08-27,3.9065,3.9065,3.9065,3.9065,600.0
2010-08-30,3.94,3.978,3.9242,3.9685,4626.0
2010-08-31,4.0005,4.0005,3.98,3.98,3700.0
2010-09-01,4.009,4.05,4.009,4.0371,5083.0
2010-09-02,4.011,4.011,4.0,4.009,4001.0
2010-09-03,4.07,4.12,4.0645,4.0734,11380.0
2010-09-07,4.0846,4.0895,4.053,4.0895,650.0
2010-09-08,4.09,4.1224,4.09,4.1224,7200.0
2010-09-09,4.1231,4.1231,4.0942,4.0942,3200.0
2010-09-10,4.111,4.1135,4.0705,4.1015,42600.0
2010-09-13,4.119,4.16,4.11,4.125,6000.0
2010-09-14,4.1,4.16,4.1,4.15,2700.0
2010-09-15,4.135,4.27,4.1315,4.25,23150.0
2010-09-16,4.22,4.236,4.22,4.234,800.0
2010-09-17,4.1434,4.175,4.141,4.1745,6600.0
2010-09-20,4.153,4.22,4.153,4.2,14775.0
2010-09-21,4.2307,4.28,4.2302,4.2408,4479.0
2010-09-22,4.35,4.4665,4.35,4.45,14493.0
2010-09-23,4.4228,4.4615,4.4228,4.4615,3900.0
2010-09-24,4.51,4.52,4.39,4.39,4849.0
2010-09-27,4.4274,4.474,4.4,4.474,7025.0
2010-09-28,4.4,4.4318,4.3865,4.4085,5800.0
2010-09-29,4.449,4.46,4.4395,4.4565,15800.0
2010-09-30,4.48,4.49,4.45,4.46,15200.0
2010-10-01,4.4905,4.6402,4.4905,4.6304,9556.0
2010-10-04,4.6,4.6,4.5241,4.5241,1000.0
2010-10-05,4.55,4.68,4.55,4.68,5423.0
2010-10-06,4.67,4.6785,4.6,4.6133,5850.0
2010-10-07,4.6133,4.6133,4.6133,4.6133,0.0
2010-10-08,4.64,4.82,4.64,4.82,15000.0
2010-10-11,4.75,4.75,4.74,4.74,400.0
2010-10-12,4.7471,4.7471,4.7385,4.7385,1600.0
2010-10-13,4.82,4.83,4.772,4.79,17840.0
2010-10-14,4.77,4.786,4.74,4.76,15454.0
2010-10-15,4.76,4.76,4.76,4.76,0.0
2010-10-18,4.65,4.65,4.6068,4.61,13600.0
2010-10-19,4.54,4.54,4.48,4.525,8600.0
2010-10-20,4.482,4.53,4.46,4.5,9250.0
2010-10-21,4.489,4.489,4.489,4.489,100.0
2010-10-22,4.57,4.605,4.57,4.571,9000.0
2010-10-25,4.65,4.6863,4.64,4.6863,4900.0
2010-10-26,4.66,4.66,4.56,4.56,2966.0
2010-10-27,4.47,4.47,4.47,4.47,2500.0
2010-10-28,4.59,4.6,4.59,4.5915,1370.0
2010-10-29,4.52,4.5269,4.512,4.5238,5800.0
2010-11-01,4.605,4.68,4.605,4.676,8700.0
2010-11-02,4.7625,4.7885,4.7225,4.7225,17350.0
2010-11-03,4.6355,4.6355,4.6355,4.6355,1000.0
2010-11-04,4.73,4.838,4.73,4.838,7250.0
2010-11-05,4.9085,4.9905,4.8895,4.96,10300.0
2010-11-08,4.96,4.96,4.9196,4.92,6956.0
2010-11-09,4.961,4.961,4.93,4.93,3000.0
2010-11-10,4.81,4.91,4.81,4.9,8674.0
2010-11-11,4.92,4.9596,4.91,4.94,6500.0
2010-11-12,4.756,4.7784,4.75,4.7784,10700.0
2010-11-15,4.8,4.8,4.7058,4.7058,6500.0
2010-11-16,4.52,4.59,4.49,4.53,13652.0
2010-11-17,4.54,4.594,4.54,4.594,3000.0
2010-11-18,4.67,4.67,4.6125,4.6125,3000.0
2010-11-19,4.6165,4.68,4.6165,4.68,7900.0
2010-11-22,4.75,4.751,4.74,4.74,3700.0
2010-11-23,4.6865,4.7595,4.68,4.7595,2600.0
2010-11-24,4.77,4.7852,4.7365,4.7627,6200.0
2010-11-26,4.69,4.73,4.689,4.73,4100.0
2010-11-29,4.7335,4.741,4.71,4.71,2000.0
2010-11-30,4.6735,4.7106,4.6735,4.6934,15765.0
2010-12-01,4.76,4.7687,4.75,4.75,8900.0
2010-12-02,4.7865,4.8641,4.7865,4.832,20750.0
2010-12-03,4.81,4.8366,4.7915,4.7915,6800.0
2010-12-06,4.78,4.78,4.69,4.7025,19994.0
2010-12-07,4.67,4.7275,4.64,4.6926,17700.0
2010-12-08,4.6907,4.755,4.665,4.703,31700.0
2010-12-09,4.76,4.89,4.76,4.8687,21405.0
2010-12-10,4.89,4.95,4.805,4.805,7440.0
2010-12-13,4.93,4.9605,4.91,4.9252,4600.0
2010-12-14,4.941,4.951,4.9,4.9221,6380.0
2010-12-15,5.0084,5.02,4.98,5.01,7900.0
2010-12-16,5.0,5.023,5.0,5.023,400.0
2010-12-17,4.984,5.0005,4.96,4.98,10500.0
2010-12-20,4.98,5.003,4.929,4.9571,18435.0
2010-12-21,4.94,5.023,4.94,4.9675,7035.0
2010-12-22,4.97,4.97,4.96,4.97,9450.0
2010-12-23,4.96,5.0325,4.96,4.984,36500.0
2010-12-27,4.97,5.08,4.97,4.97,4340.0
2010-12-28,4.97,4.97,4.97,4.97,3750.0
2010-12-29,4.9935,5.02,4.97,4.97,9689.0
2010-12-30,4.98,5.007,4.98,5.0,4000.0
2010-12-31,5.0065,5.0497,5.0065,5.04,12000.0
2011-01-03,4.99,4.99,4.99,4.99,750.0
2011-01-04,5.0745,5.0745,4.9265,4.9265,33414.0
2011-01-05,4.93,4.9355,4.93,4.9355,11300.0
2011-01-06,4.96,4.96,4.88,4.9505,9500.0
2011-01-07,4.8915,4.8915,4.8915,4.8915,1300.0
2011-01-10,4.88,4.886,4.82,4.86,42000.0
2011-01-11,4.86,4.9052,4.85,4.905,22800.0
2011-01-12,4.918,4.9615,4.9175,4.9615,7000.0
2011-01-13,4.924,4.94,4.924,4.94,2600.0
2011-01-14,4.8915,4.9355,4.8915,4.9,21600.0
2011-01-18,4.94,4.975,4.93,4.9435,12725.0
2011-01-19,4.91,4.91,4.85,4.8945,9580.0
2011-01-20,4.8265,4.88,4.8265,4.83,2700.0
2011-01-21,4.797,4.797,4.75,4.75,6600.0
2011-01-24,4.773,4.815,4.773,4.815,2100.0
2011-01-25,4.8,4.8005,4.8,4.8,3500.0
2011-01-26,4.82,4.865,4.784,4.865,2700.0
2011-01-27,4.8735,4.93,4.8715,4.89,25423.0
2011-01-28,4.9225,4.9225,4.83,4.8348,2250.0
2011-01-31,4.8727,4.8727,4.825,4.8695,9995.0
2011-02-01,4.93,4.95,4.93,4.94,2165.0
2011-02-02,4.975,4.975,4.9,4.9571,7000.0
2011-02-03,4.994,5.0145,4.952,5.0135,8136.0
2011-02-04,5.02,5.02,4.95,4.98,2620.0
2011-02-07,4.993,5.01,4.993,5.01,1100.0
2011-02-08,4.97,4.9814,4.9465,4.9465,1900.0
2011-02-09,4.96,4.9915,4.955,4.96,6700.0
2011-02-10,4.95,4.95,4.936,4.936,3000.0
2011-02-11,4.875,4.875,4.875,4.875,300.0
2011-02-14,4.91,4.9884,4.91,4.9715,6900.0
2011-02-15,5.0,5.0,4.95,4.9536,4188.0
2011-02-16,4.9415,5.0295,4.93,5.0295,6800.0
2011-02-17,5.03,5.0425,5.02,5.03,7800.0
2011-02-18,5.02,5.02,5.0035,5.0035,6400.0
2011-02-22,5.02,5.02,4.98,4.98,3620.0
2011-02-23,4.94,4.959,4.89,4.9234,6369.0
2011-02-24,4.97,5.014,4.97,5.0041,6100.0
2011-02-25,5.0115,5.0975,5.0115,5.0815,12470.0
2011-02-28,5.17,5.2635,5.163,5.2635,9850.0
2011-03-01,5.2635,5.2635,5.17,5.17,5761.0
2011-03-02,5.18,5.2,5.18,5.2,4000.0
2011-03-03,5.22,5.31,5.22,5.25,14000.0
2011-03-04,5.3,5.4,5.3,5.39,9760.0
2011-03-07,5.56,5.57,5.38,5.38,4950.0
2011-03-08,5.3975,5.3982,5.37,5.3723,2300.0
2011-03-09,5.43,5.43,5.34,5.34,2826.0
2011-03-10,5.23,5.24,5.17,5.24,2548.0
2011-03-11,5.17,5.18,5.145,5.18,2848.0
2011-03-14,5.18,5.18,5.18,5.18,0.0
2011-03-15,4.99,5.05,4.99,5.02,6025.0
2011-03-16,5.11,5.174,5.02,5.02,17200.0
2011-03-17,5.1775,5.1775,5.17,5.17,3200.0
2011-03-18,5.16,5.24,5.16,5.235,20000.0
2011-03-21,5.2906,5.33,5.2906,5.294,5160.0
2011-03-22,5.25,5.35,5.2353,5.35,22200.0
2011-03-23,5.354,5.354,5.24,5.24,17625.0
2011-03-24,5.3004,5.3004,5.25,5.25,13000.0
2011-03-25,5.34,5.34,5.22,5.23,8965.0
2011-03-28,5.39,5.39,5.331,5.355,1100.0
2011-03-29,5.333,5.333,5.275,5.275,3200.0
2011-03-30,5.28,5.39,5.28,5.39,6340.0
2011-03-31,5.391,5.391,5.3475,5.3629,11600.0
2011-04-01,5.35,5.502,5.34,5.49,9850.0
2011-04-04,5.47,5.47,5.47,5.47,100.0
2011-04-05,5.55,5.6195,5.55,5.6195,9000.0
2011-04-06,5.6,5.84,5.6,5.84,18375.0
2011-04-07,5.67,5.67,5.55,5.55,4920.0
2011-04-08,5.546,5.6,5.5355,5.54,6900.0
2011-04-11,5.5015,5.54,5.47,5.4884,18300.0
2011-04-12,5.4408,5.4408,5.3505,5.39,7800.0
2011-04-13,5.39,5.3935,5.36,5.3935,17000.0
2011-04-14,5.39,5.42,5.35,5.369,8435.0
2011-04-15,5.36,5.36,5.3289,5.33,17400.0
2011-04-18,5.21,5.21,5.181,5.21,9275.0
2011-04-19,5.23,5.24,5.23,5.24,2620.0
2011-04-20,5.29,5.3,5.25,5.26,8225.0
2011-04-21,5.356,5.36,5.28,5.34,9400.0
2011-04-25,5.3073,5.3073,5.3,5.3073,200.0
2011-04-26,5.3055,5.31,5.2685,5.31,6885.0
2011-04-27,5.3135,5.3135,5.3135,5.3135,2000.0
2011-04-28,5.46,5.68,5.46,5.66,23330.0
2011-04-29,5.63,5.67,5.593,5.61,16000.0
2011-05-02,5.63,5.63,5.529,5.529,11300.0
2011-05-03,5.61,5.61,5.59,5.59,900.0
2011-05-04,5.64,5.64,5.57,5.57,1050.0
2011-05-05,5.5615,5.5615,5.53,5.5405,1500.0
2011-05-06,5.58,5.72,5.58,5.71,8540.0
2011-05-09,5.65,5.65,5.5735,5.584,35000.0
2011-05-10,5.53,5.54,5.48,5.54,5310.0
2011-05-11,5.59,5.59,5.52,5.52,2650.0
2011-05-12,5.51,5.7217,5.51,5.66,6706.0
2011-05-13,5.73,5.73,5.66,5.67,5570.0
2011-05-16,5.756,5.83,5.7484,5.7484,3000.0
2011-05-17,5.75,5.8,5.66,5.7815,7905.0
2011-05-18,5.79,5.79,5.75,5.75,2500.0
2011-05-19,5.8103,5.86,5.81,5.85,8665.0
2011-05-20,5.86,6.02,5.8385,6.01,18950.0
2011-05-23,5.97,5.97,5.97,5.97,500.0
2011-05-24,5.94,5.976,5.82,5.83,73850.0
2011-05-25,5.8607,5.8607,5.8345,5.8345,3400.0
2011-05-26,5.78,5.78,5.7785,5.7785,750.0
2011-05-27,5.739,5.76,5.71,5.75,47100.0
2011-05-31,5.94,5.9555,5.8805,5.9555,6150.0
2011-06-01,5.9688,5.9688,5.88,5.93,15455.0
2011-06-02,5.94,5.94,5.8665,5.8665,16200.0
2011-06-03,5.827,5.827,5.827,5.827,100.0
2011-06-06,5.86,5.9305,5.8491,5.9305,12075.0
2011-06-07,5.868,5.9,5.76,5.76,55375.0
2011-06-08,5.73,5.73,5.62,5.6255,3400.0
2011-06-09,5.5805,5.6262,5.5805,5.6262,800.0
2011-06-10,5.7,5.7,5.5987,5.68,3400.0
2011-06-13,5.66,5.66,5.59,5.6219,9232.0
2011-06-14,5.7005,5.7345,5.7005,5.7345,1300.0
2011-06-15,5.74,5.74,5.66,5.66,700.0
2011-06-16,5.64,5.77,5.64,5.77,11000.0
2011-06-17,5.81,5.913,5.81,5.8525,11600.0
2011-06-20,5.89,5.89,5.85,5.85,3580.0
2011-06-21,5.94,5.98,5.92,5.95,8945.0
2011-06-22,5.91,6.0,5.91,5.96,7400.0
2011-06-23,5.91,5.91,5.841,5.89,7000.0
2011-06-24,5.89,5.89,5.82,5.82,2900.0
2011-06-27,5.76,5.83,5.6705,5.6705,5860.0
2011-06-28,5.68,5.73,5.68,5.73,11800.0
2011-06-29,5.8215,5.83,5.81,5.83,2600.0
2011-06-30,5.84,5.92,5.83,5.85,14820.0
2011-07-01,5.98,5.98,5.98,5.98,300.0
2011-07-05,6.0195,6.0448,5.96,5.9652,9358.0
2011-07-06,5.9652,5.9652,5.9652,5.9652,0.0
2011-07-07,6.0139,6.0139,5.9545,5.98,13700.0
2011-07-08,5.98,5.98,5.97,5.97,8500.0
2011-07-11,5.88,5.91,5.88,5.91,6299.0
2011-07-12,5.975,5.975,5.95,5.95,1500.0
2011-07-13,5.992,5.992,5.992,5.992,800.0
2011-07-14,5.91,6.0108,5.91,6.0108,7598.0
2011-07-15,6.0145,6.0725,6.0,6.0725,7980.0
2011-07-18,6.06,6.092,6.06,6.08,4953.0
2011-07-19,6.12,6.13,6.0465,6.1,16660.0
2011-07-20,6.11,6.23,6.11,6.23,1600.0
2011-07-21,6.294,6.34,6.24,6.2485,9300.0
2011-07-22,6.2,6.21,6.1746,6.1746,17759.0
2011-07-25,6.18,6.2,6.18,6.2,6200.0
2011-07-26,6.154,6.154,6.08,6.08,3693.0
2011-07-27,5.98,6.05,5.897,5.93,5043.0
2011-07-28,5.95,6.01,5.95,5.981,5700.0
2011-07-29,5.91,5.97,5.91,5.97,233.0
2011-08-01,5.87,5.87,5.85,5.85,3500.0
2011-08-02,5.91,5.91,5.87,5.87,5200.0
2011-08-03,5.88,5.88,5.852,5.86,9100.0
2011-08-04,5.87,5.88,5.39,5.5,26100.0
2011-08-05,5.4,5.42,5.2215,5.3515,30675.0
2011-08-08,5.11,5.162,5.01,5.05,18133.0
2011-08-09,5.05,5.348,5.05,5.348,5500.0
2011-08-10,5.255,5.4085,5.252,5.3507,6300.0
2011-08-11,5.42,5.58,5.3831,5.54,12350.0
2011-08-12,5.593,5.85,5.593,5.85,22625.0
2011-08-15,5.918,5.918,5.78,5.789,3400.0
2011-08-16,5.76,5.8386,5.74,5.81,3332.0
2011-08-17,5.76,5.77,5.737,5.737,19450.0
2011-08-18,5.58,5.6395,5.58,5.6395,5200.0
2011-08-19,5.5825,5.5825,5.5725,5.5725,3200.0
2011-08-22,5.6375,5.6375,5.53,5.53,1000.0
2011-08-23,5.56,5.68,5.53,5.6668,7800.0
2011-08-24,5.72,5.72,5.59,5.6285,3700.0
2011-08-25,5.53,5.5615,5.52,5.52,3100.0
2011-08-26,5.53,5.53,5.47,5.47,420.0
2011-08-29,5.65,5.71,5.6405,5.66,33150.0
2011-08-30,5.64,5.6625,5.64,5.6625,600.0
2011-08-31,5.74,5.94,5.7,5.94,19483.0
2011-09-01,5.8735,5.9478,5.8735,5.9067,16400.0
2011-09-02,5.76,5.831,5.74,5.74,2200.0
2011-09-06,5.62,5.7643,5.62,5.7643,4908.0
2011-09-07,5.7643,5.7643,5.7643,5.7643,0.0
2011-09-08,5.831,5.831,5.76,5.76,900.0
2011-09-09,5.7561,5.76,5.6857,5.6857,2800.0
2011-09-12,5.72,5.7205,5.6713,5.6713,1775.0
2011-09-13,5.77,5.77,5.68,5.68,13950.0
2011-09-14,5.68,5.68,5.68,5.68,0.0
2011-09-15,5.8285,5.83,5.8285,5.83,1000.0
2011-09-16,5.88,5.9103,5.87,5.9103,1700.0
2011-09-19,5.9103,5.9103,5.9103,5.9103,0.0
2011-09-20,5.8,5.8,5.79,5.79,800.0
2011-09-21,5.694,5.694,5.63,5.63,1700.0
2011-09-22,5.37,5.51,5.3195,5.51,12100.0
2011-09-23,5.3985,5.3985,5.3885,5.3885,1000.0
2011-09-26,5.4,5.508,5.37,5.508,4250.0
2011-09-27,5.6165,5.7335,5.6165,5.7335,11150.0
2011-09-28,5.5495,5.5495,5.5495,5.5495,300.0
2011-09-29,5.54,5.54,5.42,5.42,16290.0
2011-09-30,5.502,5.503,5.502,5.503,1000.0
2011-10-03,5.5125,5.5125,5.47,5.4735,3200.0
2011-10-04,5.33,5.33,5.24,5.262,3500.0
2011-10-05,5.33,5.47,5.33,5.47,5296.0
2011-10-06,5.6,5.6,5.5395,5.55,2900.0
2011-10-07,5.46,5.46,5.38,5.41,5500.0
2011-10-10,5.5,5.5,5.5,5.5,600.0
2011-10-11,5.41,5.41,5.41,5.41,200.0
2011-10-12,5.457,5.52,5.457,5.52,3800.0
2011-10-13,5.437,5.437,5.437,5.437,1800.0
2011-10-14,5.49,5.525,5.49,5.525,2475.0
2011-10-17,5.53,5.53,5.47,5.47,440.0
2011-10-18,5.52,5.52,5.38,5.5025,3351.0
2011-10-19,5.48,5.48,5.42,5.42,1602.0
2011-10-20,5.42,5.4261,5.42,5.4261,2000.0
2011-10-21,5.49,5.49,5.49,5.49,1100.0
2011-10-24,5.5055,5.53,5.5035,5.52,17150.0
2011-10-25,5.5,5.5,5.4715,5.4715,1900.0
2011-10-26,5.508,5.54,5.508,5.54,4900.0
2011-10-27,5.5715,5.64,5.5715,5.61,7100.0
2011-10-28,5.61,5.61,5.59,5.6,7100.0
2011-10-31,5.62,5.64,5.58,5.64,3500.0
2011-11-01,5.48,5.4965,5.45,5.45,2500.0
2011-11-02,5.49,5.52,5.48,5.48,5100.0
2011-11-03,5.5,5.53,5.5,5.53,1350.0
2011-11-04,5.493,5.493,5.493,5.493,1000.0
2011-11-07,5.49,5.4983,5.449,5.4983,10335.0
2011-11-08,5.5021,5.5285,5.5,5.52,6300.0
2011-11-09,5.458,5.4965,5.458,5.4965,4000.0
2011-11-10,5.5567,5.59,5.5,5.5205,8500.0
2011-11-11,5.6036,5.63,5.6,5.63,800.0
2011-11-14,5.5646,5.61,5.56,5.6093,3750.0
2011-11-15,5.59,5.69,5.589,5.69,4400.0
2011-11-16,5.63,5.6561,5.63,5.65,16100.0
2011-11-17,5.65,5.65,5.65,5.65,0.0
2011-11-18,5.618,5.66,5.618,5.65,6000.0
2011-11-21,5.54,5.55,5.54,5.55,987.0
2011-11-22,5.56,5.6,5.55,5.5594,5735.0
2011-11-23,5.5,5.5,5.45,5.455,7605.0
2011-11-25,5.54,5.54,5.53,5.53,4316.0
2011-11-28,5.63,5.664,5.622,5.664,28000.0
2011-11-29,5.6985,5.85,5.6985,5.79,11500.0
2011-11-30,5.9084,5.9695,5.87,5.877,66500.0
2011-12-01,5.95,6.0172,5.94,6.0172,22400.0
2011-12-02,5.99,5.9919,5.99,5.9919,3125.0
2011-12-05,6.04,6.0905,5.99,5.99,7625.0
2011-12-06,6.01,6.03,6.0,6.0204,16600.0
2011-12-07,6.0225,6.055,6.008,6.055,17900.0
2011-12-08,5.99,5.99,5.95,5.986,3875.0
2011-12-09,5.95,5.9601,5.95,5.9601,2500.0
2011-12-12,5.95,5.95,5.889,5.889,5800.0
2011-12-13,5.889,5.92,5.889,5.92,2500.0
2011-12-14,5.88,5.88,5.81,5.8205,28100.0
2011-12-15,5.8345,5.85,5.81,5.85,11066.0
2011-12-16,5.8115,6.0055,5.8115,5.9385,19900.0
2011-12-19,6.122,6.16,6.08,6.08,2100.0
2011-12-20,6.14,6.1448,6.14,6.1448,2800.0
2011-12-21,6.15,6.16,6.1,6.16,14000.0
2011-12-22,6.18,6.317,6.18,6.317,6800.0
2011-12-23,6.3025,6.4008,6.3025,6.4,6050.0
2011-12-27,6.2,6.41,6.2,6.2,2972.0
2011-12-28,6.377,6.377,6.24,6.29,6100.0
2011-12-29,6.241,6.241,6.241,6.241,17800.0
2011-12-30,6.22,6.298,6.22,6.2785,23100.0
2012-01-03,6.28,6.28,6.28,6.28,0.0
2012-01-04,6.357,6.357,6.26,6.26,4200.0
2012-01-05,6.22,6.24,6.22,6.24,600.0
2012-01-06,6.23,6.23,6.18,6.2015,5500.0
2012-01-09,6.14,6.14,6.14,6.14,100.0
2012-01-10,6.14,6.14,6.14,6.14,0.0
2012-01-11,6.05,6.08,6.05,6.08,1600.0
2012-01-12,6.0796,6.0796,6.048,6.048,2200.0
2012-01-13,6.05,6.05,5.98,5.98,1100.0
2012-01-17,6.134,6.1955,6.134,6.1862,45100.0
2012-01-18,6.152,6.152,6.152,6.152,1400.0
2012-01-19,6.26,6.26,6.14,6.2025,8125.0
2012-01-20,5.99,6.09,5.86,6.09,12400.0
2012-01-23,6.15,6.2,6.15,6.1934,400.0
2012-01-24,6.1455,6.1455,6.065,6.14,6570.0
2012-01-25,6.099,6.111,6.099,6.111,500.0
2012-01-26,6.148,6.148,6.092,6.092,6210.0
2012-01-27,6.047,6.06,6.045,6.06,2800.0
2012-01-30,6.0805,6.081,6.05,6.05,4100.0
2012-01-31,6.09,6.09,6.0,6.0,2800.0
2012-02-01,6.0,6.09,5.99,6.09,2899.0
2012-02-02,6.082,6.082,6.0,6.0085,1300.0
2012-02-03,6.03,6.06,6.03,6.05,21000.0
2012-02-06,6.005,6.0585,6.0,6.048,7700.0
2012-02-07,6.05,6.05,6.05,6.05,1000.0
2012-02-08,6.106,6.125,6.077,6.125,3600.0
2012-02-09,6.1,6.11,6.1,6.1,5400.0
2012-02-10,6.0035,6.028,6.001,6.01,19843.0
2012-02-13,6.104,6.179,6.104,6.179,1300.0
2012-02-14,6.11,6.144,6.1055,6.144,2800.0
2012-02-15,6.16,6.16,6.14,6.14,2300.0
2012-02-16,6.124,6.124,6.1125,6.12,5280.0
2012-02-17,6.227,6.235,6.167,6.19,14100.0
2012-02-21,6.19,6.19,6.177,6.177,600.0
2012-02-22,6.21,6.221,6.2,6.221,9150.0
2012-02-23,6.19,6.23,6.169,6.23,28900.0
2012-02-24,6.18,6.2,6.18,6.2,3350.0
2012-02-27,6.1655,6.2,6.1465,6.16,7700.0
2012-02-28,6.182,6.182,6.12,6.14,6567.0
2012-02-29,6.181,6.224,6.15,6.224,11375.0
2012-03-01,6.3,6.484,6.3,6.469,11968.0
2012-03-02,6.4435,6.502,6.42,6.502,950.0
2012-03-05,6.441,6.441,6.41,6.41,400.0
2012-03-06,6.34,6.344,6.34,6.344,1388.0
2012-03-07,6.35,6.354,6.323,6.35,1900.0
2012-03-08,6.35,6.4745,6.35,6.46,1200.0
2012-03-09,6.2695,6.272,6.2695,6.272,700.0
2012-03-12,6.27,6.27,6.249,6.249,1200.0
2012-03-13,6.2775,6.32,6.27,6.28,18100.0
2012-03-14,6.3045,6.3045,6.23,6.26,2100.0
2012-03-15,6.23,6.28,6.23,6.28,700.0
2012-03-16,6.23,6.23,6.23,6.23,500.0
2012-03-19,6.23,6.23,6.07,6.07,34500.0
2012-03-20,6.031,6.07,6.022,6.07,15100.0
2012-03-21,6.06,6.06,6.01,6.014,9000.0
2012-03-22,6.0035,6.0035,5.88,5.88,7600.0
2012-03-23,5.88,5.911,5.88,5.895,900.0
2012-03-26,5.895,5.895,5.895,5.895,0.0
2012-03-27,6.0363,6.0363,5.966,5.98,11976.0
2012-03-28,5.93,5.95,5.809,5.86,71925.0
2012-03-29,5.8,5.83,5.73,5.78,63515.0
2012-03-30,5.69,5.779,5.69,5.779,4700.0
2012-04-02,5.8,5.85,5.8,5.8025,3600.0
2012-04-03,5.85,5.9065,5.84,5.853,11876.0
2012-04-04,5.76,5.76,5.742,5.742,14000.0
2012-04-05,5.7,5.72,5.65,5.697,11595.0
2012-04-09,5.7,5.84,5.7,5.84,6200.0
2012-04-10,5.75,5.75,5.61,5.62,5300.0
2012-04-11,5.742,6.047,5.742,6.047,5900.0
2012-04-12,5.99,6.148,5.99,6.124,13300.0
2012-04-13,6.18,6.21,6.18,6.21,900.0
2012-04-16,6.172,6.172,6.1675,6.1675,5500.0
2012-04-17,6.26,6.26,6.19,6.193,5300.0
2012-04-18,6.18,6.2,6.18,6.2,4038.0
2012-04-19,6.25,6.27,6.25,6.27,1600.0
2012-04-20,6.296,6.31,6.296,6.31,300.0
2012-04-23,6.2245,6.3,6.2245,6.2845,2600.0
2012-04-24,6.26,6.309,6.26,6.293,1100.0
2012-04-25,6.3525,6.3525,6.3525,6.3525,1000.0
2012-04-26,6.35,6.3875,6.35,6.3875,1800.0
2012-04-27,6.4435,6.4435,6.41,6.41,1400.0
2012-04-30,6.41,6.41,6.41,6.41,0.0
2012-05-01,6.39,6.396,6.39,6.39,1400.0
2012-05-02,6.3549,6.43,6.3549,6.415,7215.0
2012-05-03,6.43,6.45,6.43,6.45,800.0
2012-05-04,6.346,6.347,6.34,6.342,4100.0
2012-05-07,6.364,6.4,6.35,6.4,9046.0
2012-05-08,6.331,6.375,6.32,6.35,15300.0
2012-05-09,6.34,6.34,6.31,6.312,5050.0
2012-05-10,6.3,6.35,6.3,6.347,7800.0
2012-05-11,6.28,6.28,6.28,6.28,150.0
2012-05-14,6.29,6.29,6.029,6.13,140800.0
2012-05-15,6.14,6.204,6.14,6.204,5520.0
2012-05-16,6.2575,6.258,6.1975,6.1975,5500.0
2012-05-17,6.1685,6.18,5.9695,5.979,19000.0
2012-05-18,5.979,5.979,5.979,5.979,0.0
2012-05-21,5.96,5.96,5.96,5.96,500.0
2012-05-22,5.987,6.05,5.987,6.05,3100.0
2012-05-23,6.05,6.05,6.05,6.05,0.0
2012-05-24,5.965,6.03,5.96,6.03,4720.0
2012-05-25,6.04,6.04,5.99,6.02,6800.0
2012-05-29,6.05,6.0885,6.05,6.0635,1400.0
2012-05-30,6.02,6.026,5.98,6.013,18950.0
2012-05-31,5.969,6.02,5.969,6.02,5000.0
2012-06-01,6.02,6.0905,6.02,6.08,13370.0
2012-06-04,6.0535,6.0535,5.8575,5.947,22000.0
2012-06-05,6.1,6.1695,6.1,6.14,9900.0
2012-06-06,6.346,6.3755,6.258,6.3755,9500.0
2012-06-07,6.38,6.4,6.28,6.28,3100.0
2012-06-08,6.225,6.225,6.108,6.108,3300.0
2012-06-11,6.256,6.38,6.17,6.38,7200.0
2012-06-12,6.4,6.4,6.347,6.359,3300.0
2012-06-13,6.2895,6.2895,6.1525,6.1525,3700.0
2012-06-14,6.1635,6.3052,6.1635,6.299,5600.0
2012-06-15,6.2985,6.468,6.26,6.45,146393.0
2012-06-18,6.4155,6.435,6.32,6.32,6000.0
2012-06-19,6.2964,6.306,6.2866,6.306,500.0
2012-06-20,6.393,6.42,6.3835,6.42,1500.0
2012-06-21,6.49,6.49,6.36,6.36,2800.0
2012-06-22,6.21,6.21,6.21,6.21,100.0
2012-06-25,6.2105,6.2105,6.19,6.19,8000.0
2012-06-26,6.219,6.39,6.219,6.33,5700.0
2012-06-27,6.342,6.381,6.29,6.29,2500.0
2012-06-28,6.269,6.333,6.269,6.333,1400.0
2012-06-29,6.4695,6.4695,6.466,6.466,1200.0
2012-07-02,6.42,6.42,6.42,6.42,510.0
2012-07-03,6.51,6.51,6.483,6.5068,10400.0
2012-07-05,6.492,6.4965,6.48,6.4965,3000.0
2012-07-06,6.443,6.443,6.43,6.4365,3500.0
2012-07-09,6.4235,6.4235,6.383,6.383,1300.0
2012-07-10,6.416,6.45,6.416,6.42,300.0
2012-07-11,6.415,6.415,6.3885,6.3885,700.0
2012-07-12,6.3885,6.3885,6.3885,6.3885,0.0
2012-07-13,6.45,6.465,6.45,6.45,2354.0
2012-07-16,6.39,6.39,6.39,6.39,100.0
2012-07-17,6.52,6.56,6.52,6.56,6800.0
2012-07-18,6.58,6.698,6.58,6.698,2700.0
2012-07-19,6.7975,6.7975,6.76,6.771,5500.0
2012-07-20,6.7165,6.72,6.7165,6.72,700.0
2012-07-23,6.68,6.791,6.68,6.7845,12200.0
2012-07-24,6.777,6.777,6.6865,6.6865,2600.0
2012-07-25,6.68,6.68,6.68,6.68,10700.0
2012-07-26,6.7,6.7,6.7,6.7,1000.0
2012-07-27,6.75,6.8085,6.75,6.8085,5100.0
2012-07-30,6.75,6.75,6.7,6.7,985.0
2012-07-31,6.589,6.589,6.54,6.54,1200.0
2012-08-01,6.63,6.63,6.63,6.63,1000.0
2012-08-02,6.563,6.73,6.55,6.66,6200.0
2012-08-03,6.7,6.7,6.6495,6.6495,2100.0
2012-08-06,6.855,6.855,6.59,6.59,1101.0
2012-08-07,6.76,6.76,6.67,6.673,12000.0
2012-08-08,6.6725,6.6725,6.65,6.66,9670.0
2012-08-09,6.6685,6.6685,6.61,6.658,21523.0
2012-08-10,6.7395,6.76,6.7125,6.7465,15200.0
2012-08-13,6.8,6.805,6.75,6.75,1800.0
2012-08-14,6.7581,6.7581,6.71,6.71,3700.0
2012-08-15,6.7535,6.7535,6.63,6.63,2500.0
2012-08-16,6.73,6.73,6.67,6.7,18200.0
2012-08-17,6.72,6.826,6.72,6.826,11950.0
2012-08-20,6.76,6.76,6.76,6.76,400.0
2012-08-21,6.76,6.76,6.76,6.76,0.0
2012-08-22,6.755,6.802,6.72,6.802,22100.0
2012-08-23,6.843,6.843,6.843,6.843,1000.0
2012-08-24,6.874,6.874,6.857,6.857,1400.0
2012-08-27,6.92,6.92,6.88,6.88,3100.0
2012-08-28,6.87,6.87,6.83,6.83,5800.0
2012-08-29,6.79,6.79,6.75,6.75,3000.0
2012-08-30,6.75,6.75,6.69,6.69,5400.0
2012-08-31,6.76,6.76,6.76,6.76,41900.0
2012-09-04,6.74,6.74,6.699,6.699,3100.0
2012-09-05,6.699,6.699,6.699,6.699,0.0
2012-09-06,6.7115,6.79,6.7015,6.79,2100.0
2012-09-07,6.79,6.79,6.79,6.79,0.0
2012-09-10,6.7935,6.806,6.764,6.7755,7450.0
2012-09-11,6.7834,6.824,6.7834,6.824,7500.0
2012-09-12,6.81,6.81,6.8,6.8,2000.0
2012-09-13,6.8305,6.855,6.821,6.855,5400.0
2012-09-14,6.888,6.888,6.81,6.81,5800.0
2012-09-17,6.78,6.78,6.78,6.78,800.0
2012-09-18,6.78,6.785,6.7745,6.7745,10527.0
2012-09-19,6.731,6.771,6.731,6.771,1400.0
2012-09-20,6.8,6.851,6.8,6.851,350.0
2012-09-21,6.761,6.761,6.68,6.735,7501.0
2012-09-24,6.64,6.7175,6.634,6.7,6720.0
2012-09-25,6.7085,6.7085,6.7085,6.7085,500.0
2012-09-26,6.7362,6.7362,6.7362,6.7362,50000.0
2012-09-27,6.675,6.675,6.675,6.675,660.0
2012-09-28,6.677,6.746,6.67,6.746,900.0
2012-10-01,6.75,6.805,6.75,6.7705,63770.0
2012-10-02,6.84,6.84,6.77,6.77,1730.0
2012-10-03,6.755,6.85,6.754,6.8205,7200.0
2012-10-04,6.8735,6.8735,6.8735,6.8735,200.0
2012-10-05,6.86,6.882,6.84,6.84,31725.0
2012-10-08,6.94,6.94,6.94,6.94,3300.0
2012-10-09,6.94,6.94,6.87,6.87,12100.0
2012-10-10,6.867,6.899,6.865,6.87,4124.0
2012-10-11,6.95,6.952,6.87,6.9,25500.0
2012-10-12,6.86,6.86,6.759,6.759,2585.0
2012-10-15,6.83,6.88,6.83,6.8535,4300.0
2012-10-16,6.84,6.9,6.84,6.9,6400.0
2012-10-17,6.99,7.02,6.99,7.02,1100.0
2012-10-18,7.08,7.102,6.9621,6.9621,13000.0
2012-10-19,6.95,6.96,6.84,6.84,2970.0
2012-10-22,6.96,6.96,6.96,6.96,400.0
2012-10-23,6.9613,6.9613,6.87,6.87,3065.0
2012-10-24,6.8715,6.93,6.8715,6.93,3300.0
2012-10-25,6.8393,6.8393,6.8393,6.8393,1000.0
2012-10-26,6.87,6.87,6.87,6.87,1100.0
2012-10-31,7.01,7.01,6.913,6.9665,8932.0
2012-11-01,6.952,6.952,6.943,6.943,5000.0
2012-11-02,6.943,6.943,6.943,6.943,0.0
2012-11-05,6.886,6.886,6.88,6.88,1100.0
2012-11-06,6.934,6.934,6.934,6.934,300.0
2012-11-07,6.87,6.9,6.8475,6.86,1800.0
2012-11-08,6.845,6.85,6.771,6.771,8200.0
2012-11-09,6.774,6.79,6.77,6.79,5444.0
2012-11-12,6.82,6.82,6.79,6.82,8100.0
2012-11-13,6.72,6.72,6.72,6.72,6500.0
2012-11-14,6.72,6.72,6.72,6.72,0.0
2012-11-15,6.52,6.56,6.02,6.537,9300.0
2012-11-16,6.6,6.69,6.57,6.67,11800.0
2012-11-19,6.75,6.864,6.75,6.86,16350.0
2012-11-20,6.69,6.69,6.69,6.69,200.0
2012-11-21,6.69,6.69,6.69,6.69,0.0
2012-11-23,6.649,6.649,6.649,6.649,1000.0
2012-11-26,6.706,6.71,6.7,6.7,9100.0
2012-11-27,6.7,6.7,6.7,6.7,0.0
2012-11-28,6.62,6.652,6.62,6.652,2650.0
2012-11-29,6.642,6.642,6.642,6.642,4000.0
2012-11-30,6.6985,6.75,6.6985,6.75,42132.0
2012-12-03,6.71,6.71,6.6,6.6,600.0
2012-12-04,6.627,6.65,6.6225,6.65,3000.0
2012-12-05,6.677,6.677,6.671,6.671,600.0
2012-12-06,6.616,6.616,6.58,6.58,1750.0
2012-12-07,6.58,6.58,6.58,6.58,0.0
2012-12-10,6.76,6.789,6.76,6.789,600.0
2012-12-11,6.85,6.85,6.804,6.804,4253.0
2012-12-12,6.911,6.911,6.911,6.911,700.0
2012-12-13,6.8665,6.8665,6.8665,6.8665,6500.0
2012-12-14,6.86,6.86,6.8185,6.8185,12400.0
2012-12-17,6.8185,6.8185,6.8185,6.8185,0.0
2012-12-18,6.85,6.85,6.77,6.77,1000.0
2012-12-19,6.78,6.83,6.78,6.83,200.0
2012-12-20,6.8555,6.906,6.8555,6.9,3000.0
2012-12-21,6.89,6.908,6.87,6.87,2200.0
2012-12-24,6.86,6.86,6.86,6.86,100.0
2012-12-26,6.84,6.86,6.84,6.86,3350.0
2012-12-27,6.8785,6.8785,6.828,6.828,2700.0
2012-12-28,6.81,6.9,6.81,6.9,4600.0
2012-12-31,6.88,6.905,6.85,6.854,82600.0
2013-01-02,7.03,7.197,7.029,7.186,13294.0
2013-01-03,7.186,7.186,7.186,7.186,0.0
2013-01-04,7.2299,7.23,7.2175,7.2175,7100.0
2013-01-07,7.2385,7.298,7.2385,7.27,11425.0
2013-01-08,7.233,7.265,7.233,7.265,4200.0
2013-01-09,7.2945,7.2945,7.2945,7.2945,1000.0
2013-01-10,7.3,7.35,7.3,7.312,17900.0
2013-01-11,7.361,7.38,7.36,7.38,3500.0
2013-01-14,7.3825,7.412,7.352,7.412,68900.0
2013-01-15,7.39,7.42,7.39,7.42,7000.0
2013-01-16,7.4905,7.4905,7.459,7.459,1800.0
2013-01-17,7.42,7.422,7.41,7.41,10200.0
2013-01-18,7.346,7.346,7.343,7.345,5000.0
2013-01-22,7.47,7.47,7.441,7.452,3475.0
2013-01-23,7.45,7.5065,7.45,7.5,1500.0
2013-01-24,7.54,7.57,7.5,7.5,15500.0
2013-01-25,7.41,7.418,7.41,7.418,800.0
2013-01-28,7.438,7.45,7.41,7.427,3386.0
2013-01-29,7.43,7.43,7.3565,7.3565,8000.0
2013-01-30,7.4,7.405,7.3925,7.4,2000.0
2013-01-31,7.42,7.42,7.32,7.32,4200.0
2013-02-01,7.325,7.411,7.32,7.411,2100.0
2013-02-04,7.269,7.269,7.228,7.266,6800.0
2013-02-05,7.44,7.44,7.4265,7.4265,600.0
2013-02-06,7.4265,7.4265,7.4265,7.4265,0.0
2013-02-07,7.4,7.4,7.4,7.4,200.0
2013-02-08,7.331,7.331,7.331,7.331,3000.0
2013-02-11,7.2845,7.485,7.2845,7.447,10000.0
2013-02-12,7.445,7.53,7.36,7.43,3600.0
2013-02-13,7.3,7.306,7.264,7.306,550.0
2013-02-14,7.3525,7.3525,7.2845,7.2845,1400.0
2013-02-15,7.27,7.3455,7.27,7.29,3100.0
2013-02-19,7.24,7.307,7.24,7.307,4345.0
2013-02-20,7.2475,7.2475,7.2475,7.2475,1000.0
2013-02-21,7.222,7.234,7.2,7.23,1950.0
2013-02-22,7.32,7.3595,7.32,7.3375,8400.0
2013-02-25,7.35,7.445,7.341,7.39,6400.0
2013-02-26,7.336,7.4026,7.336,7.385,6150.0
2013-02-27,7.44,7.44,7.44,7.44,2000.0
2013-02-28,7.4685,7.4685,7.3945,7.4415,17211.0
2013-03-01,7.42,7.51,7.42,7.506,1800.0
2013-03-04,7.46,7.49,7.4565,7.49,4200.0
2013-03-05,7.418,7.418,7.379,7.379,1500.0
2013-03-06,7.367,7.367,7.354,7.354,16600.0
2013-03-07,7.38,7.531,7.38,7.531,7042.0
2013-03-08,7.504,7.52,7.504,7.51,1500.0
2013-03-11,7.59,7.602,7.587,7.587,6300.0
2013-03-12,7.48,7.48,7.48,7.48,3000.0
2013-03-13,7.49,7.49,7.427,7.427,2100.0
2013-03-14,7.51,7.53,7.42,7.51,1400.0
2013-03-15,7.64,7.64,7.556,7.602,211464.0
2013-03-18,7.54,7.54,7.47,7.47,5917.0
2013-03-19,7.377,7.397,7.21,7.296,18000.0
2013-03-20,7.29,7.31,7.26,7.31,16617.0
2013-03-21,7.35,7.37,7.312,7.37,1800.0
2013-03-22,7.34,7.3568,7.34,7.3448,20100.0
2013-03-25,7.36,7.36,7.3191,7.3504,9300.0
2013-03-26,7.3395,7.3395,7.2575,7.2677,8400.0
2013-03-27,7.2,7.2525,7.2,7.2135,10100.0
2013-03-28,7.283,7.35,7.2301,7.2935,4842.0
2013-04-01,7.27,7.3457,7.27,7.3122,6040.0
2013-04-02,7.295,7.2952,7.2458,7.29,3737.0
2013-04-03,7.3,7.33,7.3,7.33,2100.0
2013-04-04,7.37,7.37,7.37,7.37,100.0
2013-04-05,7.14,7.2817,6.93,7.2817,3900.0
2013-04-08,7.2345,7.34,7.2345,7.34,7000.0
2013-04-09,7.4,7.46,7.4,7.46,2300.0
2013-04-10,7.51,7.55,7.48,7.52,4000.0
2013-04-11,7.54,7.58,7.523,7.58,3600.0
2013-04-12,7.4965,7.4965,7.4965,7.4965,500.0
2013-04-15,7.3525,7.4,7.313,7.4,11775.0
2013-04-16,7.505,7.505,7.495,7.495,5350.0
2013-04-17,7.42,7.42,7.42,7.42,1500.0
2013-04-18,7.2738,7.4,7.266,7.4,1950.0
2013-04-19,7.53,7.54,7.4945,7.4945,6100.0
2013-04-22,7.55,7.5671,7.55,7.5671,3100.0
2013-04-23,7.59,7.68,7.59,7.68,550.0
2013-04-24,7.743,7.7555,7.74,7.7426,3520.0
2013-04-25,7.7426,7.7426,7.7426,7.7426,0.0
2013-04-26,7.7426,7.7426,7.7426,7.7426,0.0
2013-04-29,7.71,7.76,7.7025,7.76,4800.0
2013-04-30,7.7795,7.86,7.7445,7.852,31051.0
2013-05-01,7.849,7.89,7.849,7.89,6500.0
2013-05-02,7.86,7.86,7.83,7.84,5827.0
2013-05-03,7.83,7.8325,7.7956,7.7956,3678.0
2013-05-06,7.74,7.8,7.74,7.8,7648.0
2013-05-07,7.815,7.88,7.815,7.88,1000.0
2013-05-08,7.887,7.887,7.8507,7.8523,3550.0
2013-05-09,7.8775,7.8828,7.85,7.8828,11395.0
2013-05-10,8.04,8.2075,7.9955,8.1746,12600.0
2013-05-13,8.06,8.06,8.0335,8.0335,800.0
2013-05-14,7.9995,7.9995,7.88,7.8967,6670.0
2013-05-15,7.905,7.917,7.8732,7.9042,5142.0
2013-05-16,7.92,7.92,7.8355,7.8393,4517.0
2013-05-17,7.76,7.78,7.76,7.7642,500.0
2013-05-20,7.7642,7.7642,7.7642,7.7642,0.0
2013-05-21,7.7947,7.89,7.7947,7.89,3300.0
2013-05-22,7.8853,7.8853,7.789,7.789,9200.0
2013-05-23,7.9256,7.95,7.9256,7.95,6098.0
2013-05-24,7.821,7.823,7.821,7.823,800.0
2013-05-28,7.7168,7.7168,7.6975,7.7,4276.0
2013-05-29,7.6,7.61,7.4,7.4,6300.0
2013-05-30,7.41,7.41,7.41,7.41,2233.0
2013-05-31,7.458,7.458,7.34,7.34,34989.0
2013-06-03,7.4503,7.46,7.3325,7.333,6148.0
2013-06-04,7.3515,7.4425,7.3515,7.4425,2000.0
2013-06-05,7.3057,7.3769,7.3057,7.3769,3350.0
2013-06-06,7.2796,7.3997,7.27,7.3997,1787.0
2013-06-07,7.397,7.397,7.23,7.23,1200.0
2013-06-10,7.2725,7.2725,7.187,7.187,1800.0
2013-06-11,7.1038,7.3048,7.1038,7.26,6600.0
2013-06-12,7.26,7.26,7.26,7.26,0.0
2013-06-13,7.2105,7.4,7.2105,7.4,1200.0
2013-06-14,7.353,7.442,7.353,7.4116,5100.0
2013-06-17,7.42,7.42,7.417,7.417,600.0
2013-06-18,7.2025,7.24,7.2025,7.24,2530.0
2013-06-19,7.0695,7.0695,7.0475,7.0485,4100.0
2013-06-20,6.95,6.95,6.63,6.63,10450.0
2013-06-21,6.7,6.7616,6.7,6.7616,7871.0
2013-06-24,6.89,6.89,6.687,6.8398,3600.0
2013-06-25,6.844,6.93,6.8389,6.93,4100.0
2013-06-26,6.9477,6.9477,6.9477,6.9477,200.0
2013-06-27,6.87,6.87,6.8655,6.8655,200.0
2013-06-28,6.6775,6.6775,6.6775,6.6775,3200.0
2013-07-01,6.74,6.76,6.74,6.76,350.0
2013-07-02,6.76,6.76,6.75,6.75,1738.0
2013-07-03,6.75,6.75,6.75,6.75,0.0
2013-07-05,6.75,6.75,6.75,6.75,0.0
2013-07-08,6.57,6.7102,6.57,6.6988,3350.0
2013-07-09,6.6905,6.6905,6.6905,6.6905,284.0
2013-07-10,6.65,6.65,6.62,6.622,1200.0
2013-07-11,6.7575,6.7575,6.7575,6.7575,400.0
2013-07-12,6.89,6.96,6.88,6.96,1700.0
2013-07-15,7.0,7.0789,7.0,7.0789,19138.0
2013-07-16,7.0789,7.0789,7.0789,7.0789,0.0
2013-07-17,6.8569,6.9278,6.8569,6.8569,2491.0
2013-07-18,7.086,7.086,6.9634,6.9731,7200.0
2013-07-19,6.94,6.9595,6.9,6.91,5207.0
2013-07-22,6.94,6.94,6.82,6.82,1507.0
2013-07-23,6.9229,6.9354,6.9229,6.9354,4500.0
2013-07-24,6.8831,6.8831,6.8284,6.8284,7000.0
2013-07-25,6.82,6.8365,6.8197,6.8365,10900.0
2013-07-26,6.91,6.91,6.91,6.91,200.0
2013-07-29,6.91,6.95,6.91,6.95,1300.0
2013-07-30,6.9281,6.9281,6.9281,6.9281,100.0
2013-07-31,6.86,6.86,6.78,6.78,5600.0
2013-08-01,6.741,6.75,6.7,6.7,950.0
2013-08-02,6.6717,6.6992,6.5944,6.5944,1200.0
2013-08-05,6.84,6.84,6.84,6.84,1000.0
2013-08-06,6.62,6.62,6.4903,6.4903,2900.0
2013-08-07,6.54,6.54,6.54,6.54,200.0
2013-08-08,6.54,6.54,6.54,6.54,0.0
2013-08-09,6.6,6.66,6.6,6.66,2300.0
2013-08-12,6.67,6.67,6.6518,6.6518,27300.0
2013-08-13,6.57,6.57,6.57,6.57,2000.0
2013-08-14,6.5287,6.5731,6.5287,6.54,13900.0
2013-08-15,6.55,6.55,6.39,6.5101,4700.0
2013-08-16,6.53,6.6969,6.52,6.66,9766.0
2013-08-19,6.7594,6.7594,6.5351,6.5351,1300.0
2013-08-20,6.46,6.4905,6.46,6.4663,1300.0
2013-08-21,6.3366,6.3366,6.3366,6.3366,1400.0
2013-08-22,6.33,6.4,6.32,6.4,1275.0
2013-08-23,6.3275,6.3628,6.3269,6.3628,5400.0
2013-08-26,6.3833,6.385,6.38,6.38,6400.0
2013-08-27,6.406,6.406,6.406,6.406,1900.0
2013-08-28,6.3994,6.3994,6.374,6.374,6000.0
2013-08-29,6.388,6.388,6.13,6.298,18420.0
2013-08-30,6.23,6.3261,6.23,6.3261,8500.0
2013-09-03,6.5,6.5,6.333,6.333,4779.0
2013-09-04,6.454,6.454,6.4336,6.4336,9700.0
2013-09-05,6.4507,6.4507,6.4317,6.4317,2700.0
2013-09-06,6.4317,6.4317,6.4317,6.4317,0.0
2013-09-09,6.3092,6.3092,6.13,6.14,8350.0
2013-09-10,6.0741,6.09,5.96,6.0503,4500.0
2013-09-11,6.1243,6.1243,6.1243,6.1243,300.0
2013-09-12,6.08,6.08,6.08,6.08,100.0
2013-09-13,6.09,6.09,6.09,6.09,250.0
2013-09-16,6.2569,6.31,6.2569,6.31,500.0
2013-09-17,6.2977,6.2977,6.2977,6.2977,1658.0
2013-09-18,6.2052,6.2574,6.2052,6.2574,50000.0
2013-09-19,6.372,6.372,6.372,6.372,1000.0
2013-09-20,6.2487,6.2487,6.2487,6.2487,300.0
2013-09-23,6.2,6.211,6.2,6.211,11000.0
2013-09-24,6.26,6.36,6.26,6.345,1486.0
2013-09-25,6.4572,6.46,6.45,6.46,2600.0
2013-09-26,6.2061,6.2061,6.205,6.205,995.0
2013-09-27,6.2,6.2102,6.2,6.2061,5800.0
2013-09-30,6.2625,6.2625,6.2378,6.2378,1100.0
2013-10-01,6.13,6.1733,6.13,6.1588,7079.0
2013-10-02,6.1588,6.1588,6.1588,6.1588,0.0
2013-10-03,6.15,6.15,6.14,6.14,1967.0
2013-10-04,6.17,6.17,6.17,6.17,105.0
2013-10-07,5.9806,5.9806,5.9806,5.9806,100.0
2013-10-08,5.988,5.988,5.9422,5.98,750.0
2013-10-09,5.9433,5.9433,5.9193,5.9193,2300.0
2013-10-10,5.9,5.9,5.82,5.82,2300.0
2013-10-11,5.9265,5.95,5.926,5.95,5800.0
2013-10-14,6.0,6.0,5.89,5.95,8875.0
2013-10-15,6.022,6.023,5.957,5.96,11900.0
2013-10-16,6.0431,6.0431,6.0431,6.0431,1300.0
2013-10-17,6.11,6.2023,6.089,6.2023,7136.0
2013-10-18,6.28,6.3052,6.28,6.28,19700.0
2013-10-21,6.5,6.592,6.4875,6.5781,10200.0
2013-10-22,6.64,6.65,6.475,6.475,8100.0
2013-10-23,6.49,6.49,6.417,6.466,5400.0
2013-10-24,6.466,6.466,6.466,6.466,0.0
2013-10-25,6.46,6.55,6.46,6.55,1266.0
2013-10-28,6.61,6.61,6.5188,6.5188,600.0
2013-10-29,6.5188,6.5188,6.5188,6.5188,0.0
2013-10-30,6.5,6.5,6.5,6.5,1800.0
2013-10-31,6.5,6.5,6.5,6.5,0.0
2013-11-01,6.42,6.48,6.42,6.48,4400.0
2013-11-04,6.49,6.49,6.46,6.4849,2800.0
2013-11-05,6.49,6.4946,6.49,6.4946,4668.0
2013-11-06,6.4774,6.54,6.4774,6.5,23400.0
2013-11-07,6.566,6.566,6.5458,6.5458,6000.0
2013-11-08,6.4045,6.4045,6.2906,6.2906,8000.0
2013-11-11,6.3611,6.3707,6.2284,6.2284,8700.0
2013-11-12,6.2687,6.2687,6.2687,6.2687,300.0
2013-11-13,6.24,6.3784,6.24,6.3784,20400.0
2013-11-14,6.397,6.397,6.31,6.31,3030.0
2013-11-15,6.2726,6.301,6.2726,6.279,16900.0
2013-11-18,6.3089,6.424,6.3089,6.42,6928.0
2013-11-19,6.44,6.44,6.44,6.44,668.0
2013-11-20,6.4786,6.4786,6.44,6.44,6000.0
2013-11-21,6.5222,6.5222,6.52,6.52,800.0
2013-11-22,6.5462,6.5462,6.467,6.4979,4850.0
2013-11-25,6.5132,6.5132,6.5132,6.5132,1400.0
2013-11-26,6.525,6.525,6.525,6.525,23670.0
2013-11-27,6.44,6.44,6.4376,6.4376,3400.0
2013-11-29,6.45,6.46,6.4,6.4,4200.0
2013-12-02,6.5,6.55,6.5,6.5,21041.0
2013-12-03,6.6141,6.65,6.61,6.65,3075.0
2013-12-04,6.66,6.66,6.66,6.66,600.0
2013-12-05,6.6247,6.6247,6.6247,6.6247,1000.0
2013-12-06,6.6304,6.6304,6.6304,6.6304,1000.0
2013-12-09,6.6472,6.66,6.6472,6.66,2760.0
2013-12-10,6.6851,6.7731,6.6851,6.7731,2655.0
2013-12-11,6.634,6.681,6.634,6.681,719.0
2013-12-12,6.62,6.69,6.62,6.68,1600.0
2013-12-13,6.703,6.7139,6.7,6.7139,2222.0
2013-12-16,6.7746,6.8203,6.755,6.755,16700.0
2013-12-17,6.755,6.755,6.755,6.755,0.0
2013-12-18,6.825,6.8401,6.825,6.8339,22586.0
2013-12-19,6.8458,6.8604,6.78,6.78,3135.0
2013-12-20,6.9,6.96,6.9,6.96,4400.0
2013-12-23,6.94,7.0375,6.8928,6.8928,15409.0
2013-12-24,6.9024,6.9024,6.875,6.875,500.0
2013-12-26,6.71,6.75,6.71,6.75,3695.0
2013-12-27,6.75,6.7914,6.741,6.78,13962.0
2013-12-30,6.8,6.8438,6.779,6.8438,11171.0
2013-12-31,6.83,6.83,6.83,6.83,800.0
2014-01-02,6.84,6.84,6.84,6.84,400.0
2014-01-03,6.84,6.84,6.84,6.84,0.0
2014-01-06,6.72,6.7481,6.72,6.7481,1700.0
2014-01-07,6.7539,6.7539,6.7539,6.7539,400.0
2014-01-08,6.832,6.832,6.82,6.82,5400.0
2014-01-09,6.801,6.81,6.75,6.75,9496.0
2014-01-10,6.712,6.712,6.703,6.703,1003.0
2014-01-13,6.69,6.69,6.6591,6.6591,2570.0
2014-01-14,6.564,6.5794,6.55,6.55,3500.0
2014-01-15,6.5462,6.5534,6.5228,6.5228,6240.0
2014-01-16,6.6603,6.6603,6.66,6.66,16075.0
2014-01-17,6.6102,6.6102,6.5686,6.5686,807.0
2014-01-21,6.72,6.72,6.68,6.68,1300.0
2014-01-22,6.5832,6.5832,6.579,6.579,2140.0
2014-01-23,6.575,6.575,6.575,6.575,500.0
2014-01-24,6.434,6.4401,6.434,6.4401,2275.0
2014-01-27,6.4375,6.4375,6.39,6.39,8400.0
2014-01-28,6.3066,6.34,6.3066,6.34,1675.0
2014-01-29,6.4082,6.4146,6.4082,6.4146,1185.0
2014-01-30,6.4512,6.4868,6.4512,6.4868,1666.0
2014-01-31,6.4863,6.5095,6.4773,6.5095,2620.0
2014-02-03,6.48,6.484,6.432,6.432,17250.0
2014-02-04,6.432,6.432,6.432,6.432,0.0
2014-02-05,6.432,6.432,6.432,6.432,0.0
2014-02-06,6.432,6.432,6.432,6.432,0.0
2014-02-07,6.6231,6.6231,6.6231,6.6231,400.0
2014-02-10,6.6796,6.6796,6.6478,6.6478,300.0
2014-02-11,6.6478,6.6478,6.6478,6.6478,0.0
2014-02-12,6.7106,6.7106,6.7063,6.7064,13095.0
2014-02-13,6.7149,6.738,6.7149,6.734,9300.0
2014-02-14,6.6896,6.6896,6.68,6.68,4690.0
2014-02-18,6.72,6.72,6.72,6.72,500.0
2014-02-19,6.6803,6.6803,6.6803,6.6803,300.0
2014-02-20,6.68,6.68,6.6644,6.6644,1100.0
2014-02-21,6.6,6.6072,6.56,6.5657,7685.0
2014-02-24,6.5356,6.58,6.5356,6.57,10750.0
2014-02-25,6.65,6.65,6.5983,6.5991,3400.0
2014-02-26,6.535,6.535,6.53,6.53,1025.0
2014-02-27,6.4754,6.4754,6.4754,6.4754,300.0
2014-02-28,6.51,6.5174,6.51,6.5174,3500.0
2014-03-03,6.4616,6.5,6.46,6.5,1700.0
2014-03-04,6.5,6.5,6.5,6.5,0.0
2014-03-05,6.5,6.5,6.5,6.5,0.0
2014-03-06,6.5,6.5,6.5,6.5,0.0
2014-03-07,6.76,6.8876,6.76,6.85,6400.0
2014-03-10,6.89,6.9132,6.86,6.8881,4200.0
2014-03-11,6.8489,6.8664,6.8489,6.8664,1100.0
2014-03-12,6.8664,6.8664,6.8664,6.8664,0.0
2014-03-13,6.8662,6.95,6.86,6.95,7613.0
2014-03-14,6.95,7.0014,6.95,7.0014,8275.0
2014-03-17,7.0038,7.01,6.93,7.0051,5950.0
2014-03-18,7.0177,7.0177,7.0177,7.0177,400.0
2014-03-19,6.98,6.98,6.98,6.98,300.0
2014-03-20,6.99,6.99,6.99,6.99,300.0
2014-03-21,6.989,6.989,6.95,6.95,900.0
2014-03-24,6.86,7.0051,6.86,7.0038,5333.0
2014-03-25,7.0708,7.0708,6.9511,6.9511,900.0
2014-03-26,6.95,6.98,6.95,6.98,2002.0
2014-03-27,6.8744,6.9739,6.8744,6.9739,5600.0
2014-03-28,6.9739,6.9739,6.9739,6.9739,0.0
2014-03-31,7.04,7.0511,7.04,7.0511,41437.0
2014-04-01,7.0104,7.02,7.0104,7.015,700.0
2014-04-02,6.96,6.99,6.8895,6.99,1142.0
2014-04-03,6.9534,6.9534,6.9534,6.9534,1000.0
2014-04-04,6.9217,6.9217,6.9217,6.9217,999.0
2014-04-07,6.93,6.93,6.925,6.925,1175.0
2014-04-08,6.9228,7.08,6.9228,7.08,1800.0
2014-04-09,7.1119,7.1302,6.9996,6.9996,5935.0
2014-04-10,7.0025,7.0025,7.0025,7.0025,1000.0
2014-04-11,6.949,6.949,6.923,6.93,10700.0
2014-04-14,6.92,6.92,6.92,6.92,100.0
2014-04-15,6.92,6.92,6.92,6.92,2253.0
2014-04-16,6.93,7.0015,6.93,7.0015,439.0
2014-04-17,7.0,7.0,7.0,7.0,6.0
2014-04-21,6.98,6.98,6.98,6.98,2000.0
2014-04-22,6.98,6.98,6.98,6.98,1905.0
2014-04-23,7.04,7.08,7.04,7.08,3666.0
2014-04-24,7.11,7.15,7.11,7.15,2556.0
2014-04-25,7.15,7.15,7.15,7.15,1400.0
2014-04-28,7.1332,7.17,7.059,7.0771,5780.0
2014-04-29,7.16,7.19,7.15,7.185,5182.0
2014-04-30,7.1932,7.2,7.1932,7.2,1300.0
2014-05-01,7.1758,7.1758,7.1758,7.1758,592.0
2014-05-02,7.18,7.18,7.18,7.18,22000.0
2014-05-05,7.2292,7.2292,7.2175,7.2175,2075.0
2014-05-06,7.28,7.2836,7.2581,7.2836,3500.0
2014-05-07,7.244,7.244,7.233,7.233,3101.0
2014-05-08,7.23,7.3,7.23,7.3,5600.0
2014-05-09,7.3,7.3,7.3,7.3,2000.0
2014-05-12,7.3222,7.3222,7.3222,7.3222,3668.0
2014-05-13,7.35,7.35,7.35,7.35,500.0
2014-05-14,7.3964,7.42,7.3961,7.41,3700.0
2014-05-15,7.3985,7.5146,7.3985,7.498,6805.0
2014-05-16,7.498,7.498,7.498,7.498,0.0
2014-05-19,7.48,7.53,7.48,7.48,900.0
2014-05-20,7.48,7.51,7.48,7.51,600.0
2014-05-21,7.3958,7.41,7.3958,7.41,8310.0
2014-05-22,7.442,7.49,7.438,7.49,3700.0
2014-05-23,7.4339,7.48,7.4339,7.48,1155.0
2014-05-27,7.583,7.583,7.5309,7.5309,1217.0
2014-05-28,7.491,7.491,7.44,7.44,400.0
2014-05-29,7.44,7.44,7.44,7.44,0.0
2014-05-30,7.431,7.431,7.3971,7.3971,15945.0
2014-06-02,7.363,7.4303,7.3464,7.4257,3542.0
2014-06-03,7.43,7.43,7.4,7.4201,955.0
2014-06-04,7.4024,7.4024,7.4024,7.4024,174.0
2014-06-05,7.49,7.51,7.49,7.51,535.0
2014-06-06,7.546,7.547,7.5425,7.5425,1325.0
2014-06-09,7.4371,7.44,7.4371,7.44,305.0
2014-06-10,7.39,7.4,7.3232,7.36,8642.0
2014-06-11,7.36,7.39,7.36,7.39,4852.0
2014-06-12,7.52,7.52,7.48,7.48,4127.0
2014-06-13,7.48,7.48,7.48,7.48,0.0
2014-06-16,7.57,7.5967,7.57,7.5967,2300.0
2014-06-17,7.527,7.5586,7.526,7.5586,4550.0
2014-06-18,7.569,7.569,7.5637,7.5637,5001.0
2014-06-19,7.6061,7.6138,7.59,7.599,15240.0
2014-06-20,7.6679,7.6679,7.6679,7.6679,1100.0
2014-06-23,7.638,7.638,7.638,7.638,200.0
2014-06-24,7.6375,7.6375,7.57,7.57,450.0
2014-06-25,7.6,7.6,7.5428,7.5428,6450.0
2014-06-26,7.56,7.56,7.558,7.56,1850.0
2014-06-27,7.6053,7.6053,7.556,7.556,1100.0
2014-06-30,7.6499,7.6499,7.6499,7.6499,591.0
2014-07-01,7.65,7.65,7.65,7.65,1001.0
2014-07-02,7.6744,7.6943,7.6744,7.6896,4740.0
2014-07-03,7.6757,7.6757,7.6681,7.6681,1000.0
2014-07-07,7.66,7.66,7.62,7.62,342.0
2014-07-08,7.536,7.56,7.4958,7.56,3625.0
2014-07-09,7.54,7.54,7.54,7.54,1568.0
2014-07-10,7.48,7.5762,7.48,7.57,3005.0
2014-07-11,7.57,7.57,7.57,7.57,0.0
2014-07-14,7.5308,7.5308,7.5308,7.5308,1035.0
2014-07-15,7.472,7.472,7.472,7.472,688.0
2014-07-16,7.45,7.5046,7.45,7.49,835.0
2014-07-17,7.531,7.531,7.526,7.526,242.0
2014-07-18,7.46,7.5616,7.46,7.5616,801.0
2014-07-21,7.542,7.5697,7.51,7.51,41600.0
2014-07-22,7.5719,7.5719,7.56,7.56,800.0
2014-07-23,7.57,7.57,7.57,7.57,400.0
2014-07-24,7.59,7.59,7.57,7.57,6650.0
2014-07-25,7.55,7.554,7.55,7.554,5956.0
2014-07-28,7.55,7.5527,7.548,7.548,27900.0
2014-07-29,7.54,7.54,7.54,7.54,200.0
2014-07-30,7.538,7.5605,7.538,7.5605,1700.0
2014-07-31,7.5,7.5,7.461,7.461,1293.0
2014-08-01,7.3736,7.3736,7.3736,7.3736,1000.0
2014-08-04,7.48,7.48,7.48,7.48,600.0
2014-08-05,7.48,7.48,7.48,7.48,16.0
2014-08-06,7.4406,7.46,7.4406,7.4526,700.0
2014-08-07,7.43,7.43,7.43,7.43,200.0
2014-08-08,7.4467,7.46,7.4375,7.45,1901.0
2014-08-11,7.4501,7.4889,7.4501,7.4803,1850.0
2014-08-12,7.49,7.5,7.441,7.5,4527.0
2014-08-13,7.4867,7.55,7.4867,7.55,4012.0
2014-08-14,7.6312,7.75,7.6312,7.75,6660.0
2014-08-15,7.7449,7.7449,7.7449,7.7449,300.0
2014-08-18,8.094,8.094,8.0,8.0,1095.0
2014-08-19,8.1463,8.16,8.08,8.14,3600.0
2014-08-20,8.11,8.11,8.084,8.084,2885.0
2014-08-21,8.12,8.12,8.08,8.08,8850.0
2014-08-22,8.12,8.12,8.04,8.105,6550.0
2014-08-25,8.12,8.1651,8.11,8.1651,4100.0
2014-08-26,8.2097,8.3,8.2097,8.3,5500.0
2014-08-27,8.28,8.28,8.28,8.28,700.0
2014-08-28,8.28,8.28,8.28,8.28,0.0
2014-08-29,8.36,8.37,8.36,8.37,12055.0
2014-09-02,8.25,8.274,8.23,8.2438,15173.0
2014-09-03,8.3,8.379,8.2952,8.33,154150.0
2014-09-04,8.35,8.3912,8.3329,8.35,15709.0
2014-09-05,8.094,8.3,8.094,8.1537,20304.0
2014-09-08,8.132,8.132,8.018,8.05,13207.0
2014-09-09,8.02,8.02,7.942,7.96,6635.0
2014-09-10,8.02,8.0466,7.99,8.02,2745.0
2014-09-11,8.0,8.0,7.949,7.9863,6745.0
2014-09-12,7.98,7.98,7.9193,7.943,1930.0
2014-09-15,7.9414,7.95,7.93,7.93,800.0
2014-09-16,7.99,8.03,7.99,8.02,8548.0
2014-09-17,8.05,8.05,8.03,8.05,2532.0
2014-09-18,8.06,8.1132,8.05,8.1,16551.0
2014-09-19,8.15,8.15,8.11,8.14,1876.0
2014-09-22,8.15,8.23,8.12,8.1497,10137.0
2014-09-23,8.15,8.17,8.1498,8.16,20949.0
2014-09-24,8.11,8.12,8.11,8.12,2170.0
2014-09-25,8.12,8.12,8.0,8.0,1370.0
2014-09-26,7.94,7.94,7.86,7.9,4300.0
2014-09-29,7.9362,7.9362,7.84,7.8658,5933.0
2014-09-30,7.918,7.92,7.907,7.91,822.0
2014-10-01,7.886,7.886,6.245,6.91,6594.0
2014-10-02,7.8409,7.8409,7.7309,7.84,6384.0
2014-10-03,7.79,7.84,7.79,7.84,2980.0
2014-10-06,7.91,7.99,7.91,7.99,7700.0
2014-10-07,7.97,8.09,7.97,8.073,2110.0
2014-10-08,8.0,8.04,7.9639,8.04,7500.0
2014-10-09,7.9962,8.008,7.85,7.85,16675.0
2014-10-10,7.83,7.87,7.681,7.681,6685.0
2014-10-13,7.56,7.56,7.56,7.56,1030.0
2014-10-14,7.638,7.638,7.52,7.52,3758.0
2014-10-15,7.45,7.5275,7.38,7.47,9352.0
2014-10-16,7.37,7.558,7.37,7.5471,6188.0
2014-10-17,7.73,7.73,7.6215,7.6847,3786.0
2014-10-20,7.69,7.864,7.66,7.864,6225.0
2014-10-21,7.98,7.98,7.9604,7.9604,600.0
2014-10-22,7.9832,7.9832,7.92,7.9767,5998.0
2014-10-23,7.97,7.9927,7.9013,7.9084,9681.0
2014-10-24,7.93,8.0182,7.93,8.0,3925.0
2014-10-27,7.996,8.049,7.996,8.049,6393.0
2014-10-28,8.07,8.1828,8.07,8.1828,6700.0
2014-10-29,8.31,8.34,8.149,8.149,7936.0
2014-10-30,8.0847,8.0847,8.0847,8.0847,257.0
2014-10-31,8.0006,8.068,8.0,8.0651,3250.0
2014-11-03,8.21,8.21,8.06,8.0922,4148.0
2014-11-04,8.17,8.17,8.0,8.0,4420.0
2014-11-05,8.06,8.0886,8.06,8.0886,2100.0
2014-11-06,8.23,8.23,8.23,8.23,393.0
2014-11-07,8.35,8.3573,8.326,8.326,12051.0
2014-11-10,8.38,8.38,8.38,8.38,150.0
2014-11-11,8.4,8.45,8.4,8.45,2455.0
2014-11-12,8.47,8.47,8.44,8.44,2300.0
2014-11-13,8.4646,8.54,8.44,8.54,2202.0
2014-11-14,8.12,8.3821,8.12,8.1607,2034.0
2014-11-17,8.1482,8.15,8.12,8.15,10106.0
2014-11-18,8.204,8.39,8.2,8.383,2400.0
2014-11-19,8.36,8.41,8.3544,8.3933,7151.0
2014-11-20,8.44,8.49,8.4059,8.4059,11720.0
2014-11-21,8.63,8.66,8.524,8.5743,10860.0
2014-11-24,8.59,8.59,8.43,8.43,3200.0
2014-11-25,8.5641,8.589,8.5,8.5,7250.0
2014-11-26,8.51,8.51,8.46,8.46,650.0
2014-11-28,8.5369,8.5369,8.4274,8.4317,2550.0
2014-12-01,8.5616,8.68,8.5616,8.68,1200.0
2014-12-02,8.74,8.86,8.73,8.83,4176.0
2014-12-03,8.56,8.6662,8.56,8.6662,1699.0
2014-12-04,8.65,8.65,8.523,8.59,3555.0
2014-12-05,8.51,8.5102,8.4909,8.4909,1220.0
2014-12-08,8.49,8.49,8.3,8.3,2348.0
2014-12-09,8.06,8.405,8.05,8.3912,17301.0
2014-12-10,8.27,8.3225,8.27,8.3225,5285.0
2014-12-11,8.2207,8.2501,8.22,8.24,3110.0
2014-12-12,8.1015,8.1015,8.1015,8.1015,150.0
2014-12-15,8.103,8.104,8.0851,8.09,5332.0
2014-12-16,8.0912,8.0912,8.01,8.07,4961.0
2014-12-17,8.01,8.0249,8.0,8.0249,3343.0
2014-12-18,8.128,8.128,8.06,8.06,900.0
2014-12-19,8.2106,8.22,8.21,8.21,1850.0
2014-12-22,8.32,8.3423,8.32,8.3423,3735.0
2014-12-23,8.3403,8.3403,8.3403,8.3403,1000.0
2014-12-24,8.353,8.405,8.353,8.405,6800.0
2014-12-26,8.4,8.4,8.4,8.4,0.0
2014-12-29,8.34,8.3401,8.34,8.3401,625.0
2014-12-30,8.19,8.27,8.19,8.27,4500.0
2014-12-31,8.299,8.299,8.22,8.2804,2880.0
2015-01-02,8.25,8.25,8.25,8.25,1017.0
2015-01-05,8.2682,8.28,8.24,8.265,4245.0
2015-01-06,8.33,8.33,8.1908,8.1908,2971.0
2015-01-07,8.1908,8.1908,8.1908,8.1908,0.0
2015-01-08,8.25,8.2884,8.25,8.2884,2012.0
2015-01-09,8.23,8.2684,8.19,8.26,5233.0
2015-01-12,8.2,8.23,8.02,8.1255,2446.0
2015-01-13,8.06,8.06,7.9863,7.9863,995.0
2015-01-14,7.95,7.9796,7.87,7.9796,6600.0
2015-01-15,8.19,8.19,8.18,8.18,849.0
2015-01-16,8.23,8.23,8.2165,8.2207,1181.0
2015-01-20,8.19,8.24,8.17,8.2125,6501.0
2015-01-21,8.28,8.28,8.0614,8.1163,20396.0
2015-01-22,8.16,8.1905,8.1427,8.1427,20853.0
2015-01-23,8.29,8.29,8.2663,8.2663,3700.0
2015-01-26,8.2368,8.2368,7.9162,7.9397,4517.0
2015-01-27,7.931,8.22,7.931,8.22,1621.0
2015-01-28,8.35,8.35,8.34,8.34,1903.0
2015-01-29,8.27,8.27,8.1484,8.185,15600.0
2015-01-30,8.152,8.152,8.0778,8.0778,6200.0
2015-02-02,8.21,8.32,8.21,8.2915,7200.0
2015-02-03,8.37,8.4522,8.37,8.4522,10528.0
2015-02-04,8.3136,8.3155,8.286,8.3155,13663.0
2015-02-05,8.42,8.42,8.344,8.39,5411.0
2015-02-06,8.355,8.36,8.1841,8.204,1690.0
2015-02-09,8.204,8.204,8.204,8.204,1.0
2015-02-10,8.1887,8.1887,8.16,8.16,2550.0
2015-02-11,8.13,8.187,8.13,8.187,15820.0
2015-02-12,8.3382,8.3382,8.3084,8.3084,4000.0
2015-02-13,8.3,8.3167,8.22,8.22,3002.0
2015-02-17,8.24,8.2613,8.22,8.24,3587.0
2015-02-18,8.2,8.21,8.1784,8.21,8387.0
2015-02-19,8.1644,8.17,8.15,8.15,5500.0
2015-02-20,8.15,8.17,8.14,8.14,5225.0
2015-02-23,8.03,8.07,7.98,8.07,10646.0
2015-02-24,8.17,8.1894,8.1158,8.1894,731.0
2015-02-25,8.2,8.2869,8.2,8.21,4323.0
2015-02-26,8.2092,8.2092,8.0985,8.156,5775.0
2015-02-27,8.21,8.212,8.1665,8.19,5603.0
2015-03-02,8.19,8.19,8.0343,8.18,5989.0
2015-03-03,8.23,8.23,8.23,8.23,400.0
2015-03-04,8.2657,8.2745,8.203,8.2745,161768.0
2015-03-05,8.2609,8.27,8.2563,8.2563,6085.0
2015-03-06,7.74,7.7457,6.943,7.4512,25386.0
2015-03-09,6.4424,7.0808,6.03,6.8,41241.0
2015-03-10,6.4,7.2,6.4,7.04,9840.0
2015-03-11,6.929,6.955,6.82,6.851,180625.0
2015-03-12,6.839,7.0931,6.839,7.0923,289830.0
2015-03-13,6.89,6.92,6.6,6.6,270411.0
2015-03-16,7.46,7.5,7.13,7.1758,79738.0
2015-03-17,7.36,7.3848,7.32,7.32,10444.0
2015-03-18,7.3443,7.36,7.3067,7.36,2135.0
2015-03-19,7.315,7.42,7.2619,7.3295,73821.0
2015-03-20,7.35,7.43,7.13,7.29,47068.0
2015-03-23,7.4329,7.4903,7.4,7.4,6301.0
2015-03-24,7.42,7.4782,7.38,7.441,8340.0
2015-03-25,7.488,7.49,7.47,7.487,5465.0
2015-03-26,7.5365,7.6179,7.4572,7.5,3212.0
2015-03-27,7.38,7.4015,7.3768,7.3768,1300.0
2015-03-30,7.4525,7.4525,7.351,7.42,9725.0
2015-03-31,7.3814,7.3893,7.3202,7.3202,6650.0
2015-04-01,7.3584,7.3584,7.31,7.32,8398.0
2015-04-02,7.44,7.45,7.423,7.45,3850.0
2015-04-06,7.75,7.81,7.7017,7.7017,3963.0
2015-04-07,7.7038,7.74,7.6552,7.6552,33859.0
2015-04-08,7.63,7.669,7.6212,7.6212,11519.0
2015-04-09,7.5628,7.591,7.5007,7.5007,6128.0
2015-04-10,7.5217,7.6,7.509,7.6,62860.0
2015-04-13,7.7,7.7417,7.68,7.68,2997.0
2015-04-14,7.87,7.87,7.815,7.8204,9231.0
2015-04-15,7.885,8.12,7.87,8.076,5236.0
2015-04-16,8.14,8.17,8.06,8.14,3048.0
2015-04-17,8.17,8.17,8.1571,8.16,2467.0
2015-04-20,8.19,8.19,8.15,8.15,1875.0
2015-04-21,8.1,8.15,8.1,8.106,1420.0
2015-04-22,8.1851,8.1851,8.12,8.12,750.0
2015-04-23,8.1559,8.239,8.1559,8.239,4000.0
2015-04-24,8.17,8.17,8.106,8.106,2357.0
2015-04-27,8.25,8.25,8.25,8.25,1291.0
2015-04-28,8.24,8.24,8.2127,8.2127,3550.0
2015-04-29,8.2346,8.2346,8.1815,8.1815,4200.0
2015-04-30,8.1,8.1,8.06,8.0882,7756.0
2015-05-01,8.0006,8.0006,8.0006,8.0006,3008.0
2015-05-04,8.0847,8.162,8.0756,8.15,12674.0
2015-05-05,8.1551,8.2095,8.1393,8.2095,950.0
2015-05-06,8.18,8.18,8.1019,8.1019,1200.0
2015-05-07,8.03,8.06,8.03,8.06,297.0
2015-05-08,8.0,8.0,8.0,8.0,138.0
2015-05-11,8.067,8.067,8.06,8.06,220.0
2015-05-12,8.11,8.1587,8.1042,8.1042,1000.0
2015-05-13,8.11,8.12,8.11,8.12,900.0
2015-05-14,8.1466,8.1466,8.14,8.14,1400.0
2015-05-15,8.1727,8.1727,8.1707,8.1707,1702.0
2015-05-18,8.03,8.03,8.03,8.03,5020.0
2015-05-19,8.02,8.04,7.985,8.0,2651.0
2015-05-20,8.008,8.0309,8.008,8.0309,591.0
2015-05-21,8.03,8.05,8.03,8.05,5345.0
2015-05-22,8.002,8.002,7.9528,7.9528,2200.0
2015-05-26,7.84,7.84,7.59,7.6257,9037.0
2015-05-27,7.6003,7.65,7.6,7.65,3601.0
2015-05-28,7.65,7.77,7.6429,7.7518,1372.0
2015-05-29,7.756,7.82,7.7374,7.81,27799.0
2015-06-01,7.81,7.81,7.81,7.81,105.0
2015-06-02,7.77,7.77,7.7,7.7,4235.0
2015-06-03,7.6914,7.6914,7.56,7.56,2140.0
2015-06-04,7.61,7.61,7.61,7.61,6555.0
2015-06-05,7.3507,7.3507,7.2742,7.315,7840.0
2015-06-08,7.29,7.3289,7.282,7.282,6200.0
2015-06-09,7.3117,7.3117,7.21,7.25,4710.0
2015-06-10,7.42,7.49,7.42,7.478,7330.0
2015-06-11,7.57,7.57,7.5355,7.5467,547.0
2015-06-12,7.54,7.54,7.54,7.54,601.0
2015-06-15,7.55,7.5506,7.55,7.5506,950.0
2015-06-16,7.5427,7.5427,7.54,7.54,1302.0
2015-06-17,7.66,7.66,7.66,7.66,1554.0
2015-06-18,7.7357,7.7526,7.7357,7.7526,7600.0
2015-06-19,7.681,7.75,7.6729,7.75,1610.0
2015-06-22,7.7004,7.7004,7.68,7.68,2100.0
2015-06-23,7.7447,7.7447,7.7447,7.7447,400.0
2015-06-24,7.8621,7.89,7.8621,7.89,11300.0
2015-06-25,7.89,7.89,7.89,7.89,0.0
2015-06-26,7.7938,7.7938,7.7938,7.7938,5275.0
2015-06-29,7.61,7.615,7.61,7.61,1380.0
2015-06-30,7.5179,7.53,7.47,7.47,3815.0
2015-07-01,7.27,7.4,7.25,7.25,3200.0
2015-07-02,7.25,7.25,7.25,7.25,0.0
2015-07-06,7.25,7.25,7.25,7.25,0.0
2015-07-07,7.311,7.38,7.311,7.38,1693.0
2015-07-08,7.49,7.5308,7.33,7.3315,19200.0
2015-07-09,7.27,7.27,7.1902,7.1902,6869.0
2015-07-10,7.28,7.3,7.24,7.24,3696.0
2015-07-13,7.2439,7.2872,7.2439,7.2872,3799.0
2015-07-14,7.39,7.39,7.38,7.38,201.0
2015-07-15,7.35,7.35,7.2149,7.31,1550.0
2015-07-16,7.37,7.42,7.37,7.3898,2085.0
2015-07-17,7.47,7.4796,7.47,7.4796,2351.0
2015-07-20,7.51,7.51,7.2989,7.2989,9613.0
2015-07-21,9.48,9.48,7.317,7.34,3527.0
2015-07-22,7.27,7.27,7.14,7.14,726.0
2015-07-23,7.21,7.21,7.21,7.21,100.0
2015-07-24,7.2,7.2,7.16,7.1688,4489.0
2015-07-27,7.18,7.18,7.0823,7.0823,22144.0
2015-07-28,7.0161,7.14,7.0161,7.14,2910.0
2015-07-29,7.1378,7.1378,7.1378,7.1378,175.0
2015-07-30,7.1455,7.17,7.12,7.1536,3811.0
2015-07-31,7.2514,7.2514,7.2514,7.2514,250.0
2015-08-03,7.27,7.27,7.27,7.27,109.0
2015-08-04,7.32,7.32,7.1943,7.1943,2465.0
2015-08-05,7.1943,7.1943,7.1943,7.1943,0.0
2015-08-06,7.02,7.02,6.9581,6.99,4556.0
2015-08-07,6.9557,7.01,6.9557,6.9706,723.0
2015-08-10,6.88,7.11,6.88,7.0521,11224.0
2015-08-11,7.0,7.0,6.9377,6.9377,1750.0
2015-08-12,7.0659,7.0659,7.0013,7.0013,7488.0
2015-08-13,7.021,7.021,6.953,6.953,1500.0
2015-08-14,7.04,7.42,7.04,7.31,5411.0
2015-08-17,7.38,7.54,7.38,7.514,11186.0
2015-08-18,7.5195,7.53,7.44,7.46,2583.0
2015-08-19,7.4645,7.4657,7.34,7.42,62299.0
2015-08-20,7.2627,7.3051,7.2627,7.3051,700.0
2015-08-21,7.13,7.24,7.13,7.15,967.0
2015-08-24,6.7716,7.079,6.63,6.71,9496.0
2015-08-25,6.92,6.95,6.92,6.93,6943.0
2015-08-26,6.9235,6.974,6.8387,6.974,38628.0
2015-08-27,7.2089,7.35,7.11,7.35,76600.0
2015-08-28,7.381,7.531,7.3645,7.531,5100.0
2015-08-31,7.4389,7.4389,7.42,7.42,14610.0
2015-09-01,7.246,7.28,7.246,7.28,1050.0
2015-09-02,7.128,7.128,7.0226,7.0306,39600.0
2015-09-03,7.1318,7.1318,7.1041,7.112,17200.0
2015-09-04,7.04,7.04,7.04,7.04,300.0
2015-09-08,7.0,7.1343,7.0,7.102,48300.0
2015-09-09,7.0553,7.081,7.028,7.028,7154.0
2015-09-10,7.028,7.028,7.028,7.028,0.0
2015-09-11,6.96,6.96,6.939,6.939,1400.0
2015-09-14,7.03,7.0357,7.0153,7.0357,3100.0
2015-09-15,7.0723,7.159,7.0723,7.1209,19825.0
2015-09-16,7.28,7.3345,7.28,7.3345,700.0
2015-09-17,7.33,7.45,7.31,7.42,9614.0
2015-09-18,7.26,7.26,7.26,7.26,200.0
2015-09-21,7.26,7.26,7.18,7.1903,29350.0
2015-09-22,7.2443,7.2443,7.1561,7.1561,2100.0
2015-09-23,7.1477,7.1733,7.1477,7.15,1250.0
2015-09-24,7.15,7.15,7.15,7.15,0.0
2015-09-25,7.1035,7.1661,7.101,7.1373,6352.0
2015-09-28,6.993,6.993,6.8377,6.84,7968.0
2015-09-29,6.8168,6.8812,6.8168,6.8584,1594.0
2015-09-30,6.8545,6.8545,6.8545,6.8545,100.0
2015-10-01,7.0168,7.0168,7.0168,7.0168,100.0
2015-10-02,7.0938,7.0938,7.0938,7.0938,450.0
2015-10-05,7.23,7.23,7.23,7.23,100.0
2015-10-06,7.26,7.26,7.26,7.26,200.0
2015-10-07,7.26,7.26,7.26,7.26,40.0
2015-10-08,7.17,7.1921,7.17,7.1921,1415.0
2015-10-09,7.23,7.23,7.23,7.23,200.0
2015-10-12,7.23,7.23,7.23,7.23,49.0
2015-10-13,7.3015,7.3015,7.285,7.285,2285.0
2015-10-14,7.249,7.2814,7.249,7.281,1650.0
2015-10-15,7.3429,7.3693,7.3429,7.3693,1002.0
2015-10-16,7.3084,7.3084,7.3084,7.3084,1098.0
2015-10-19,7.33,7.33,7.2662,7.2695,1629.0
2015-10-20,7.281,7.55,7.281,7.5066,5615.0
2015-10-21,7.46,7.47,7.39,7.41,4284.0
2015-10-22,7.4752,7.6531,7.4752,7.65,1912.0
2015-10-23,7.65,7.65,7.61,7.61,1100.0
2015-10-26,7.65,7.65,7.5345,7.5345,4627.0
2015-10-27,7.66,7.717,7.55,7.6,5425.0
2015-10-28,7.6018,7.71,7.6018,7.71,1879.0
2015-10-29,7.71,7.71,7.71,7.71,2000.0
2015-10-30,7.7433,7.7433,7.7433,7.7433,500.0
2015-11-02,7.7588,7.7588,7.6616,7.671,6047.0
2015-11-03,7.6741,7.761,7.6741,7.761,19101.0
2015-11-04,7.7523,7.77,7.65,7.67,9793.0
2015-11-05,7.6904,7.695,7.6904,7.695,5200.0
2015-11-06,7.75,7.9124,7.75,7.91,1550.0
2015-11-09,7.93,8.1272,7.93,8.1272,2328.0
2015-11-10,8.03,8.1241,8.03,8.1241,50424.0
2015-11-11,8.208,8.208,8.15,8.15,887.0
2015-11-12,8.0602,8.0713,8.0074,8.0074,18684.0
2015-11-13,7.924,8.0022,7.924,7.9815,5135.0
2015-11-16,8.039,8.0443,7.99,8.0443,19694.0
2015-11-17,8.19,8.2,8.0074,8.011,111650.0
2015-11-18,8.0363,8.099,7.99,8.0634,32158.0
2015-11-19,8.1943,8.2,8.1717,8.2,11101.0
2015-11-20,8.19,8.19,8.1,8.1,1027.0
2015-11-23,8.0732,8.0732,8.03,8.03,3800.0
2015-11-24,8.03,8.03,8.03,8.03,0.0
2015-11-25,7.76,7.76,7.751,7.751,1200.0
2015-11-27,7.75,7.75,7.75,7.75,0.0
2015-11-30,7.74,7.74,7.74,7.74,220.0
2015-12-01,7.7429,7.7467,7.7429,7.7467,43482.0
2015-12-02,7.72,7.72,7.72,7.72,23385.0
2015-12-03,7.85,7.88,7.8466,7.88,38930.0
2015-12-04,7.93,7.93,7.8379,7.8379,2000.0
2015-12-07,7.596,7.596,7.5825,7.5825,2200.0
2015-12-08,7.5,7.5,7.5,7.5,211.0
2015-12-09,7.5821,7.5821,7.5785,7.5785,1400.0
2015-12-10,7.66,7.66,7.56,7.59,2068.0
2015-12-11,7.4717,7.4717,7.4717,7.4717,153.0
2015-12-14,7.371,7.451,7.371,7.451,2000.0
2015-12-15,7.55,7.571,7.5297,7.571,2250.0
2015-12-16,7.7078,7.9,7.6851,7.9,7837.0
2015-12-17,7.9008,7.9008,7.69,7.69,23800.0
2015-12-18,7.6757,7.7364,7.6757,7.7361,3200.0
2015-12-21,7.8279,7.8279,7.8279,7.8279,150.0
2015-12-22,7.7565,7.7565,7.7529,7.7529,300.0
2015-12-23,7.851,7.9594,7.851,7.9558,1700.0
2015-12-24,7.98,8.18,7.98,8.18,2200.0
2015-12-28,8.145,8.41,7.88,8.31,4550.0
2015-12-29,8.155,8.1663,7.999,8.03,29330.0
2015-12-30,7.996,7.996,7.971,7.971,1590.0
2015-12-31,7.9178,7.9178,7.8825,7.8825,2688.0
2016-01-04,7.8,7.8,7.7127,7.7127,750.0
2016-01-05,7.74,7.76,7.7313,7.76,6430.0
2016-01-06,7.67,7.67,7.6689,7.6689,1725.0
2016-01-07,7.6909,7.6909,7.61,7.61,1731.0
2016-01-08,7.61,7.8,7.6055,7.8,9913.0
2016-01-11,7.7,7.7,7.7,7.7,22259.0
2016-01-12,7.75,7.751,7.6235,7.6235,63253.0
2016-01-13,7.7233,7.7233,7.5445,7.5445,2758.0
2016-01-14,7.56,7.56,7.49,7.49,8500.0
2016-01-15,7.532,7.532,7.24,7.3544,9258.0
2016-01-19,7.2477,7.3125,7.2477,7.254,11365.0
2016-01-20,7.15,7.4268,7.15,7.4098,9176.0
2016-01-21,7.4909,7.51,7.46,7.48,1835.0
2016-01-22,7.7687,7.98,7.71,7.8885,4200.0
2016-01-25,7.87,7.87,7.72,7.72,4737.0
2016-01-26,7.9239,8.12,7.9239,8.04,9838.0
2016-01-27,7.8841,7.93,7.8455,7.93,880.0
2016-01-28,8.0,8.0558,7.99,8.0558,3400.0
2016-01-29,8.26,8.26,8.1909,8.1909,3400.0
2016-02-01,8.2345,8.2345,8.13,8.1809,6550.0
2016-02-02,8.0978,8.33,8.0978,8.321,8100.0
2016-02-03,8.5,8.6019,8.5,8.5877,10800.0
2016-02-04,8.6464,8.73,8.6464,8.663,9980.0
2016-02-05,8.5962,8.6217,8.5962,8.619,7480.0
2016-02-08,8.5218,8.55,8.5218,8.55,875.0
2016-02-09,8.36,8.36,8.36,8.36,450.0
2016-02-10,7.5541,7.65,7.49,7.65,5308.0
2016-02-11,7.5749,7.6846,7.55,7.55,4850.0
2016-02-12,7.6,7.6,7.5038,7.54,6760.0
2016-02-16,7.6896,7.6896,7.5,7.58,13968.0
2016-02-17,7.81,7.81,7.791,7.791,10800.0
2016-02-18,7.84,7.84,7.7508,7.839,3060.0
2016-02-19,7.7492,7.75,7.6427,7.7191,2145.0
2016-02-22,7.74,7.79,7.7254,7.79,1100.0
2016-02-23,7.67,7.6756,7.6,7.6,8060.0
2016-02-24,7.54,7.62,7.5138,7.62,1350.0
2016-02-25,7.63,7.78,7.63,7.78,1100.0
2016-02-26,7.8182,7.8182,7.8,7.8,16200.0
2016-02-29,7.721,7.75,7.69,7.72,31661.0
2016-03-01,7.945,7.9809,7.945,7.9617,5205.0
2016-03-02,8.04,8.0719,8.04,8.05,105302.0
2016-03-03,8.17,8.17,8.05,8.0798,8233.0
2016-03-04,8.12,8.12,8.12,8.12,500.0
2016-03-07,8.089,8.21,8.089,8.21,6953.0
2016-03-08,8.0953,8.0953,8.0953,8.0953,23900.0
2016-03-09,8.1209,8.1285,8.1209,8.1285,400.0
2016-03-10,8.16,8.16,8.16,8.16,1297.0
2016-03-11,8.3296,8.3296,8.22,8.22,10456.0
2016-03-14,8.22,8.22,8.22,8.22,38320.0
2016-03-15,8.2294,8.2294,8.1908,8.1908,52650.0
2016-03-16,8.21,8.219,8.1909,8.219,1282.0
2016-03-17,8.45,8.479,8.3709,8.3709,1455.0
2016-03-18,8.4042,8.414,8.289,8.289,12252.0
2016-03-21,8.2612,8.3179,8.2612,8.289,9300.0
2016-03-22,8.26,8.299,8.24,8.24,2725.0
2016-03-23,8.1536,8.209,8.1536,8.17,13895.0
2016-03-24,8.099,8.1109,8.099,8.1109,19650.0
2016-03-28,8.2009,8.2509,8.1905,8.2509,1400.0
2016-03-29,8.2597,8.2597,8.2519,8.2519,17777.0
2016-03-30,8.402,8.402,8.378,8.378,3382.0
2016-03-31,8.4164,8.417,8.3965,8.399,1928.0
2016-04-01,8.3409,8.3409,8.3409,8.3409,1468.0
2016-04-04,8.38,8.38,8.3254,8.3254,755.0
2016-04-05,8.2225,8.2225,8.2,8.2,490.0
2016-04-06,8.14,8.1759,8.14,8.1721,3875.0
2016-04-07,8.156,8.156,8.1303,8.1303,1000.0
2016-04-08,8.2809,8.2809,8.2809,8.2809,4111.0
2016-04-11,8.3509,8.3511,8.308,8.3131,4955.0
2016-04-12,8.2879,8.3,8.2879,8.3,46155.0
2016-04-13,8.33,8.39,8.33,8.39,3653.0
2016-04-14,8.3668,8.368,8.2909,8.2909,1300.0
2016-04-15,8.2709,8.35,8.2709,8.35,2070.0
2016-04-18,8.3976,8.4,8.3976,8.4,1054.0
2016-04-19,8.56,8.56,8.4776,8.4838,1480.0
2016-04-20,8.4548,8.471,8.4481,8.4481,5710.0
2016-04-21,8.4236,8.4275,8.373,8.4244,4401.0
2016-04-22,8.457,8.4876,8.4509,8.48,2059.0
2016-04-25,8.47,8.5357,8.47,8.5,2167.0
2016-04-26,8.5373,8.6295,8.5373,8.5909,11947.0
2016-04-27,8.6208,8.6208,8.5872,8.5872,1150.0
2016-04-28,8.739,8.739,8.711,8.711,1650.0
2016-04-29,8.711,8.74,8.71,8.71,6703.0
2016-05-02,8.73,8.78,8.73,8.78,1505.0
2016-05-03,8.7025,8.7025,8.66,8.7003,2951.0
2016-05-04,8.72,8.72,8.6109,8.6204,1804.0
2016-05-05,8.7485,8.7485,8.7485,8.7485,300.0
2016-05-06,8.72,8.72,8.72,8.72,309.0
2016-05-09,8.6547,8.671,8.639,8.64,4403.0
2016-05-10,8.64,8.733,8.64,8.733,7862.0
2016-05-11,8.8575,8.87,8.8345,8.87,1150.0
2016-05-12,8.935,8.935,8.8724,8.8724,10234.0
2016-05-13,8.939,8.939,8.8,8.8,3300.0
2016-05-16,8.8711,8.95,8.8025,8.8025,118903.0
2016-05-17,8.81,8.88,8.8,8.8,57215.0
2016-05-18,8.59,8.64,8.4375,8.5501,13342.0
2016-05-19,8.56,8.56,8.5493,8.5532,2697.0
2016-05-20,8.5571,8.651,8.5571,8.651,4015.0
2016-05-23,8.57,8.82,8.57,8.765,1100.0
2016-05-24,8.66,8.66,8.5792,8.5792,400390.0
2016-05-25,8.55,8.7,8.55,8.7,280400.0
2016-05-26,8.82,8.85,8.82,8.85,1091.0
2016-05-27,8.8078,8.8078,8.7992,8.7992,850.0
2016-05-31,8.71,8.85,8.71,8.83,8160.0
2016-06-01,8.884,8.884,8.8707,8.8773,650.0
2016-06-02,8.8509,8.8509,8.8509,8.8509,300.0
2016-06-03,9.0058,9.05,8.9909,9.05,2635.0
2016-06-06,9.1258,9.17,9.12,9.12,3095.0
2016-06-07,9.109,9.109,8.97,9.0009,12735.0
2016-06-08,9.12,9.131,9.1109,9.12,15575.0
2016-06-09,9.119,9.12,9.11,9.12,2200.0
2016-06-10,9.1455,9.1455,9.12,9.12,250.0
2016-06-13,8.91,9.19,8.91,9.16,3642.0
2016-06-14,9.1431,9.1431,9.12,9.12,400.0
2016-06-15,9.1124,9.17,9.1124,9.13,5712.0
2016-06-16,9.0034,9.09,9.0,9.09,1800.0
2016-06-17,9.1812,9.2131,9.1812,9.2131,18770.0
2016-06-20,9.34,9.34,9.27,9.2825,1850.0
2016-06-21,9.239,9.239,9.1909,9.1909,984.0
2016-06-22,9.3111,9.3118,9.24,9.2499,5550.0
2016-06-23,9.2509,9.2625,9.179,9.179,4425.0
2016-06-24,8.9649,9.14,8.9649,9.11,7301.0
2016-06-27,9.14,9.14,9.02,9.079,3965.0
2016-06-28,9.12,9.1277,9.005,9.02,32730.0
2016-06-29,9.076,9.12,9.076,9.08,5295.0
2016-06-30,9.1642,9.237,9.1544,9.2202,6340.0
2016-07-01,9.49,9.49,8.96,9.0,2102.0
2016-07-05,9.2682,9.4065,9.24,9.4065,3592.0
2016-07-06,9.43,9.5,9.3657,9.5,10140.0
2016-07-07,9.6242,9.6242,9.43,9.43,3050.0
2016-07-08,9.3628,9.38,9.3609,9.37,5569.0
2016-07-11,9.34,9.34,9.34,9.34,301.0
2016-07-12,9.3982,9.3982,9.3669,9.3669,2995.0
2016-07-13,9.4562,9.4964,9.4,9.4964,3192.0
2016-07-14,9.4513,9.579,9.4513,9.5569,4300.0
2016-07-15,9.55,9.55,9.479,9.49,7374.0
2016-07-18,9.49,9.49,9.49,9.49,7893.0
2016-07-19,9.49,9.4969,9.49,9.4969,6941.0
2016-07-20,9.45,9.4659,9.4337,9.44,4000.0
2016-07-21,9.32,9.43,9.32,9.43,8461.0
2016-07-22,9.3805,9.45,9.3805,9.45,2600.0
2016-07-25,9.3994,9.3994,9.3609,9.37,15822.0
2016-07-26,9.37,9.37,9.3,9.3,3087.0
2016-07-27,9.3513,9.3513,9.2,9.2,7910.0
2016-07-28,9.28,9.28,9.24,9.24,4906.0
2016-07-29,9.3496,9.3496,9.3496,9.3496,500.0
2016-08-01,9.42,9.42,9.3,9.3,8517.0
2016-08-02,9.5,9.5,9.28,9.2864,2996.0
2016-08-03,9.26,9.2909,9.24,9.2909,29320.0
2016-08-04,9.329,9.35,9.329,9.35,1255.0
2016-08-05,9.29,9.29,9.2,9.2091,12825.0
2016-08-08,9.1951,9.2158,9.1942,9.2157,2300.0
2016-08-09,9.1975,9.1975,9.1,9.1,2768.0
2016-08-10,9.16,9.18,9.12,9.12,47953.0
2016-08-11,9.1521,9.1521,9.0871,9.141,13833.0
2016-08-12,9.34,9.41,9.34,9.38,6770.0
2016-08-15,9.5,9.5,9.4458,9.4458,15800.0
2016-08-16,9.47,9.4979,9.47,9.4979,10900.0
2016-08-17,9.5,9.55,9.5,9.55,11374.0
2016-08-18,9.579,9.589,9.579,9.589,1125.0
2016-08-19,9.5458,9.59,9.438,9.4685,18847.0
2016-08-22,9.4083,9.4344,9.4083,9.4344,4110.0
2016-08-23,9.37,9.508,9.37,9.474,24717.0
2016-08-24,9.36,9.45,9.34,9.3731,4972.0
2016-08-25,9.4,9.4,9.39,9.39,4900.0
2016-08-26,9.38,9.38,9.1861,9.1861,2952.0
2016-08-29,9.2171,9.2171,9.19,9.2092,5223.0
2016-08-30,9.2,9.2,9.0322,9.0322,9167.0
2016-08-31,9.13,9.13,8.956,8.96,10890.0
2016-09-01,9.03,9.0323,9.0,9.0,1175.0
2016-09-02,9.23,9.28,9.23,9.28,1850.0
2016-09-06,9.26,9.459,9.26,9.459,10675.0
2016-09-07,9.4468,9.4468,9.359,9.3681,20197.0
2016-09-08,9.3601,9.389,9.3351,9.3351,9880.0
2016-09-09,9.1879,9.1879,9.07,9.0909,11632.0
2016-09-12,9.09,9.1963,9.0531,9.17,8100.0
2016-09-13,9.02,9.0314,8.9209,8.9209,11443.0
2016-09-14,8.95,9.0,8.9,8.9,5650.0
2016-09-15,8.9,8.9564,8.9,8.9431,5650.0
2016-09-16,8.86,8.8722,8.8346,8.8346,21795.0
2016-09-19,8.9308,8.9308,8.8931,8.8937,5520.0
2016-09-20,8.8835,8.9187,8.8835,8.9151,2377.0
2016-09-21,8.9785,9.1135,8.9675,9.1135,5350.0
2016-09-22,9.25,9.26,9.1742,9.1742,10115.0
2016-09-23,9.24,9.24,9.1078,9.1078,1385.0
2016-09-26,9.14,9.1443,9.1146,9.13,3189.0
2016-09-27,9.13,9.13,9.0226,9.0226,2364.0
2016-09-28,8.9437,9.06,8.9437,9.06,1261.0
2016-09-29,9.0864,9.1135,8.953,9.0387,18066.0
2016-09-30,9.079,9.079,8.9745,8.9745,23730.0
2016-10-03,8.9057,8.9057,8.8376,8.8376,4240.0
2016-10-04,8.7808,8.7808,8.66,8.66,9500.0
2016-10-05,8.7152,8.7152,8.69,8.69,530.0
2016-10-06,8.59,8.6987,8.59,8.6987,860.0
2016-10-07,8.65,8.65,8.55,8.619,6305.0
2016-10-10,8.5,8.53,8.5,8.53,725.0
2016-10-11,8.5409,8.569,8.539,8.539,21037.0
2016-10-12,8.54,8.6066,8.54,8.5906,1100.0
2016-10-13,8.5,8.77,8.5,8.77,7000.0
2016-10-14,8.7791,8.7791,8.7331,8.7331,2217.0
2016-10-17,8.7831,8.79,8.7707,8.7707,5752.0
2016-10-18,8.85,8.85,8.83,8.84,2560.0
2016-10-19,8.9,8.9,8.8854,8.8854,6001.0
2016-10-20,8.83,8.83,8.8,8.8,3570.0
2016-10-21,8.58,8.9281,8.58,8.9281,12485.0
2016-10-24,8.9,9.05,8.9,8.9,1609.0
2016-10-25,8.9199,8.9199,8.8776,8.8776,2374.0
2016-10-26,8.8299,8.8299,8.7765,8.79,3294.0
2016-10-27,8.79,8.79,8.76,8.76,4933.0
2016-10-28,8.8072,8.8124,8.79,8.81,8264.0
2016-10-31,8.67,8.8483,8.67,8.8483,2408.0
2016-11-01,8.71,8.85,8.71,8.78,4629.0
2016-11-02,8.7661,8.7661,8.6195,8.6195,615.0
2016-11-03,8.557,8.557,8.53,8.53,1100.0
2016-11-04,8.5454,8.5795,8.4675,8.5688,23130.0
2016-11-07,8.5863,8.6094,8.58,8.58,4397.0
2016-11-08,8.6226,8.6977,8.6226,8.6977,2450.0
2016-11-09,8.5,8.5,8.32,8.34,31121.0
2016-11-10,8.34,8.34,8.1036,8.131,8533.0
2016-11-11,8.0009,8.0021,7.87,7.871,23707.0
2016-11-14,7.83,7.87,7.7488,7.82,21804.0
2016-11-15,7.8754,8.059,7.8754,8.0424,51898.0
2016-11-16,7.99,8.26,7.99,8.0334,60446.0
2016-11-17,8.04,8.0631,7.94,7.9549,64194.0
2016-11-18,7.95,7.96,7.8992,7.9254,23986.0
2016-11-21,7.9385,7.95,7.9188,7.94,30025.0
2016-11-22,7.9651,7.9651,7.8603,7.89,14325.0
2016-11-23,7.8557,7.8771,7.84,7.8517,9457.0
2016-11-25,7.96,7.9612,7.89,7.89,9460.0
2016-11-28,7.91,8.05,7.91,8.05,44166.0
2016-11-29,8.17,8.58,7.94,8.2,204235.0
2016-11-30,8.25,8.3,8.17,8.29,160543.0
2016-12-01,8.5,8.57,8.29,8.48,55171.0
2016-12-02,8.38,8.45,8.3,8.3,58894.0
2016-12-05,8.37,8.37,8.297,8.31,68525.0
2016-12-06,8.32,8.34,8.2,8.26,56399.0
2016-12-07,8.24,8.39,8.23,8.38,92379.0
2016-12-08,8.41,8.49,8.35,8.46,79865.0
2016-12-09,8.47,8.51,8.44,8.47,62815.0
2016-12-12,8.48,8.51,8.44,8.51,76422.0
2016-12-13,8.55,8.62,8.51,8.6,86903.0
2016-12-14,8.6001,8.67,8.43,8.44,104382.0
2016-12-15,8.38,8.42,8.3,8.34,30918.0
2016-12-16,8.36,8.54,8.36,8.53,21683.0
2016-12-19,8.54,8.54,8.46,8.48,32287.0
2016-12-20,8.51,8.6,8.49,8.59,63716.0
2016-12-21,8.55,8.66,8.55,8.64,61420.0
2016-12-22,8.59,8.59,8.47,8.48,134735.0
2016-12-23,8.46,8.464,8.4249,8.43,85022.0
2016-12-27,8.6,8.9113,8.6,8.9,29192.0
2016-12-28,8.4,8.92,8.33,8.39,95795.0
2016-12-29,8.36,8.48,8.36,8.46,44735.0
2016-12-30,8.5,8.51,8.46,8.48,64925.0
2017-01-03,8.48,8.48,8.3278,8.35,135368.0
2017-01-04,8.46,8.47,8.4,8.47,116002.0
2017-01-05,8.45,8.51,8.4236,8.49,42828.0
2017-01-06,8.57,8.57,8.44,8.47,82306.0
2017-01-09,8.49,8.51,8.45,8.47,85904.0
2017-01-10,8.49,8.5072,8.438,8.45,78119.0
2017-01-11,8.45,8.54,8.42,8.52,109394.0
2017-01-12,8.6,8.6,8.52,8.55,117904.0
2017-01-13,8.54,8.55,8.5101,8.52,55082.0
2017-01-17,8.79,8.79,8.58,8.67,172924.0
2017-01-18,8.68,8.72,8.53,8.56,160018.0
2017-01-19,8.53,8.56,8.47,8.52,151979.0
2017-01-20,8.53,8.53,8.45,8.47,140791.0
2017-01-23,8.48,8.54,8.46,8.4868,130918.0
2017-01-24,8.51,8.62,8.49,8.59,162901.0
2017-01-25,8.64,8.72,8.62,8.68,104085.0
2017-01-26,8.69,8.691,8.6,8.62,117190.0
2017-01-27,8.62,8.62,8.53,8.58,160756.0
2017-01-30,8.61,8.631,8.55,8.59,72079.0
2017-01-31,8.64,8.715,8.63,8.7,111230.0
2017-02-01,8.72,8.75,8.67,8.74,138310.0
2017-02-02,8.81,8.9199,8.77,8.89,81764.0
2017-02-03,8.95,9.05,8.93,8.95,143347.0
2017-02-06,8.96,8.96,8.8185,8.89,110654.0
2017-02-07,8.84,8.94,8.8351,8.88,229026.0
2017-02-08,8.92,8.95,8.88,8.94,66374.0
2017-02-09,9.0,9.0356,8.91,8.97,145287.0
2017-02-10,8.98,9.0,8.8811,8.99,365156.0
2017-02-13,8.98,9.105,8.96,9.07,105842.0
2017-02-14,9.12,9.12,8.96,9.05,141515.0
2017-02-15,9.02,9.09,8.99,9.04,202010.0
2017-02-16,9.08,9.11,9.03,9.07,155023.0
2017-02-17,9.06,9.06,9.0,9.02,73121.0
2017-02-21,9.01,9.01,8.95,9.01,123702.0
2017-02-22,9.0,9.25,9.0,9.23,94368.0
2017-02-23,9.3,9.3699,9.26,9.32,103073.0
2017-02-24,9.33,9.33,9.2,9.25,100858.0
2017-02-27,9.22,9.22,9.075,9.12,101475.0
2017-02-28,9.1,9.18,9.04,9.09,117716.0
2017-03-01,9.1,9.13,9.0,9.13,166056.0
2017-03-02,9.09,9.3093,9.09,9.27,169334.0
2017-03-03,9.35,9.43,9.24,9.28,147574.0
2017-03-06,9.32,9.32,9.21,9.3,120028.0
2017-03-07,9.31,9.35,9.26,9.33,139535.0
2017-03-08,9.31,9.31,9.16,9.21,117468.0
2017-03-09,9.22,9.23,9.06,9.07,160989.0
2017-03-10,9.14,9.23,9.12,9.21,87288.0
2017-03-13,9.21,9.2999,9.19,9.22,71615.0
2017-03-14,9.21,9.24,9.14,9.225,58461.0
2017-03-15,9.26,9.42,9.25,9.42,104217.0
2017-03-16,9.45,9.45,9.34,9.4,71963.0
2017-03-17,9.42,9.46,9.37,9.42,76562.0
2017-03-20,9.47,9.47,9.36,9.42,115924.0
2017-03-21,10.1,10.1,9.45,9.47,171200.0
2017-03-22,9.47,9.49,9.371,9.47,92755.0
2017-03-23,9.47,9.51,9.44,9.47,81684.0
2017-03-24,9.44,9.59,9.44,9.55,64827.0
2017-03-27,9.56,9.65,9.53,9.63,110738.0
2017-03-28,9.7,9.71,9.6002,9.67,90823.0
2017-03-29,9.55,9.59,9.48,9.57,100036.0
2017-03-30,9.57,9.64,9.53,9.55,89108.0
2017-03-31,10.18,10.18,9.52,9.58,93859.0
2017-04-03,9.56,9.56,9.45,9.5,62539.0
2017-04-04,9.49,9.49,9.38,9.45,66379.0
2017-04-05,9.49,9.51,9.38,9.42,91630.0
2017-04-06,9.4,9.5,9.38,9.5,84173.0
2017-04-07,9.51,9.585,9.51,9.57,73563.0
2017-04-10,9.56,9.705,9.53,9.69,95478.0
2017-04-11,9.68,9.705,9.58,9.61,104333.0
2017-04-12,9.63,9.7,9.6,9.7,51350.0
2017-04-13,9.73,9.73,9.62,9.66,64346.0
2017-04-17,9.69,9.735,9.66,9.72,88377.0
2017-04-18,9.69,9.74,9.65,9.74,43099.0
2017-04-19,9.69,9.71,9.56,9.61,94733.0
2017-04-20,9.58,9.63,9.53,9.6,99878.0
2017-04-21,9.62,9.65,9.55,9.58,33927.0
2017-04-24,9.65,9.65,9.55,9.6,390159.0
2017-04-25,9.5,9.53,9.4,9.46,154170.0
2017-04-26,9.44,9.51,9.42,9.45,108569.0
2017-04-27,9.45,9.51,9.39,9.47,75730.0
2017-04-28,9.49,9.49,9.41,9.46,77047.0
2017-05-01,9.46,9.51,9.45,9.47,48102.0
2017-05-02,9.48,9.575,9.4401,9.48,104184.0
2017-05-03,9.48,9.52,9.4633,9.51,46080.0
2017-05-04,9.5,9.51,9.43,9.48,62006.0
2017-05-05,9.51,9.57,9.49,9.51,37432.0
2017-05-08,9.53,9.6,9.51,9.6,45279.0
2017-05-09,9.58,9.58,9.51,9.58,88359.0
2017-05-10,9.58,9.74,9.58,9.73,107743.0
2017-05-11,9.72,9.72,9.58,9.66,135401.0
2017-05-12,9.73,9.73,9.62,9.68,204811.0
2017-05-15,9.69,9.785,9.64,9.77,189072.0
2017-05-16,9.84,9.99,9.81,9.95,66546.0
2017-05-17,9.94,9.9913,9.85,9.9,88472.0
2017-05-18,9.86,9.92,9.7301,9.85,82601.0
2017-05-19,9.87,10.03,9.86,10.03,68685.0
2017-05-22,10.11,10.3,10.051,10.24,53997.0
2017-05-23,10.09,10.19,10.05,10.05,82316.0
2017-05-24,10.07,10.22,10.07,10.22,60232.0
2017-05-25,10.22,10.24,10.1448,10.24,52829.0
2017-05-26,10.23,10.32,10.23,10.26,66105.0
2017-05-30,10.24,10.25,10.13,10.23,62574.0
2017-05-31,10.25,10.36,10.22,10.33,109647.0
2017-06-01,10.35,10.47,10.32,10.41,78098.0
2017-06-02,10.45,10.57,10.42,10.5,65211.0
2017-06-05,10.5,10.55,10.47,10.52,75266.0
2017-06-06,10.55,10.67,10.5154,10.6,58126.0
2017-06-07,10.6,10.6,10.32,10.33,68234.0
2017-06-08,10.37,10.3888,10.26,10.33,70635.0
2017-06-09,10.37,10.43,10.33,10.36,49521.0
2017-06-12,10.4,10.43,10.32,10.42,38774.0
2017-06-13,10.49,10.51,10.44,10.5,29667.0
2017-06-14,10.54,10.59,10.42,10.49,42415.0
2017-06-15,10.46,10.51,10.37,10.5,85634.0
2017-06-16,10.52,10.68,10.51,10.67,51624.0
2017-06-19,10.68,10.78,10.61,10.65,70724.0
2017-06-20,10.57,10.63,10.54,10.62,67531.0
2017-06-21,10.56,10.61,10.53,10.57,73258.0
2017-06-22,10.65,10.76,10.64,10.69,103111.0
2017-06-23,10.68,10.76,10.61,10.75,238431.0
2017-06-26,10.76,10.8,10.67,10.71,74629.0
2017-06-27,10.72,10.77,10.6741,10.75,58939.0
2017-06-28,10.71,10.72,10.66,10.67,46379.0
2017-06-29,10.68,10.68,10.2,10.39,216882.0
2017-06-30,10.42,10.54,10.36,10.54,229804.0
2017-07-03,10.67,10.7,10.5505,10.56,27962.0
2017-07-05,10.36,10.38,10.141,10.28,89370.0
2017-07-06,10.27,10.27,10.06,10.17,141241.0
2017-07-07,10.2,10.2,10.0531,10.17,67885.0
2017-07-10,10.16,10.25,10.1,10.25,111004.0
2017-07-11,10.16,10.16,10.0,10.03,48519.0
2017-07-12,10.03,10.33,9.98,10.28,177540.0
2017-07-13,10.36,10.36,10.14,10.15,77995.0
2017-07-14,10.19,10.505,10.16,10.45,65492.0
2017-07-17,10.51,10.51,10.27,10.29,95624.0
2017-07-18,10.39,10.464,10.36,10.45,39172.0
2017-07-19,10.52,10.68,10.46,10.67,64619.0
2017-07-20,10.7,10.77,10.6031,10.66,112939.0
2017-07-21,10.65,10.775,10.62,10.6864,147506.0
2017-07-24,10.74,10.74,10.6,10.64,41433.0
2017-07-25,10.6,10.61,10.46,10.49,55290.0
2017-07-26,10.49,10.74,10.49,10.7,142187.0
2017-07-27,10.74,10.75,10.5399,10.59,53650.0
2017-07-28,10.67,10.78,10.66,10.77,51719.0
2017-07-31,10.85,10.85,10.64,10.73,67969.0
2017-08-01,10.73,10.74,10.63,10.65,52285.0
2017-08-02,10.66,10.68,10.62,10.64,82692.0
2017-08-03,10.68,10.72,10.57,10.58,39141.0
2017-08-04,10.58,10.58,10.43,10.49,65278.0
2017-08-07,10.53,10.7,10.301,10.57,55407.0
2017-08-08,10.48,10.53,10.34,10.44,109353.0
2017-08-09,10.41,10.46,10.37,10.43,46001.0
2017-08-10,10.46,10.51,10.36,10.45,50469.0
2017-08-11,10.33,10.54,10.33,10.51,61307.0
2017-08-14,10.53,10.53,10.36,10.36,53922.0
2017-08-15,10.33,10.5,10.33,10.49,83568.0
2017-08-16,10.53,10.59,10.5024,10.55,39111.0
2017-08-17,10.51,10.66,10.51,10.55,79559.0
2017-08-18,10.67,10.75,10.62,10.73,77495.0
2017-08-21,10.76,10.88,10.71,10.71,78908.0
2017-08-22,10.86,10.86,10.78,10.82,47434.0
2017-08-23,10.83,11.02,10.7394,11.02,114867.0
2017-08-24,11.0,11.0,10.87,10.88,195420.0
2017-08-25,10.89,10.92,10.83,10.83,49557.0
2017-08-28,10.9,10.9,10.635,10.65,62704.0
2017-08-29,10.65,10.79,10.62,10.68,60412.0
2017-08-30,10.63,10.66,10.5899,10.61,29277.0
2017-08-31,10.69,10.88,10.67,10.85,83093.0
2017-09-01,10.93,10.93,10.82,10.87,56309.0
2017-09-05,10.86,10.9,10.79,10.9,89456.0
2017-09-06,10.88,11.07,10.8491,10.9886,135326.0
2017-09-07,11.05,11.21,11.02,11.14,221022.0
2017-09-08,11.14,11.15,11.02,11.03,60941.0
2017-09-11,11.02,11.07,10.95,11.02,65882.0
2017-09-12,11.0,11.01,10.78,10.79,82863.0
2017-09-13,10.81,10.8432,10.76,10.84,52211.0
2017-09-14,10.8,10.94,10.789,10.87,60915.0
2017-09-15,10.9,10.9,10.6,10.65,256833.0
2017-09-18,10.64,10.73,10.53,10.57,144587.0
2017-09-19,10.58,10.69,10.56,10.56,67718.0
2017-09-20,10.63,10.7,10.55,10.64,139741.0
2017-09-21,10.65,10.7067,10.6,10.64,66201.0
2017-09-22,10.66,10.66,10.501,10.56,119375.0
2017-09-25,10.58,10.61,10.56,10.57,176166.0
2017-09-26,10.58,10.65,10.57,10.62,97022.0
2017-09-27,10.6,10.66,10.57,10.57,87404.0
2017-09-28,10.5,10.586,10.5,10.55,64965.0
2017-09-29,10.54,10.63,10.5,10.57,93331.0
2017-10-02,10.55,10.6811,10.55,10.66,80980.0
2017-10-03,10.67,10.74,10.65,10.68,44973.0
2017-10-04,10.67,10.75,10.62,10.75,47279.0
2017-10-05,10.67,10.73,10.64,10.71,105464.0
2017-10-06,10.67,10.73,10.6,10.7,252538.0
2017-10-09,10.66,10.79,10.62,10.72,24320.0
2017-10-10,10.74,10.83,10.73,10.77,210900.0
2017-10-11,10.82,10.96,10.82,10.91,129713.0
2017-10-12,10.94,10.94,10.79,10.86,119816.0
2017-10-13,10.87,10.91,10.82,10.83,61640.0
2017-10-16,10.85,10.99,10.82,10.91,196896.0
2017-10-17,10.88,11.035,10.88,11.01,73272.0
2017-10-18,11.0,11.175,11.0,11.14,208955.0
2017-10-19,11.13,11.21,11.11,11.18,58570.0
2017-10-20,11.08,11.2,11.01,11.01,209948.0
2017-10-23,11.11,11.13,10.985,11.01,49345.0
2017-10-24,11.02,11.036,10.79,10.83,106414.0
2017-10-25,10.8,10.9,10.62,10.72,69202.0
2017-10-26,10.71,10.77,10.66,10.71,67192.0
2017-10-27,10.71,10.74,10.63,10.7,72851.0
2017-10-30,10.69,10.8,10.69,10.78,57280.0
2017-10-31,10.77,10.78,10.69,10.69,254933.0
2017-11-01,10.71,10.75,10.62,10.7,113064.0
2017-11-02,10.21,10.392,10.13,10.35,387727.0
2017-11-03,10.44,10.68,10.42,10.55,1215689.0
2017-11-06,10.55,10.66,10.54,10.65,123961.0
2017-11-07,10.57,10.616,10.49,10.54,136059.0
2017-11-08,10.57,10.57,10.45,10.51,162865.0
2017-11-09,10.47,10.58,10.44,10.52,168758.0
2017-11-10,10.51,10.53,10.46,10.49,120730.0
2017-11-13,10.49,10.65,10.47,10.63,113567.0
2017-11-14,10.66,10.66,10.55,10.63,76869.0
2017-11-15,10.6,10.85,10.6,10.81,165258.0
2017-11-16,10.89,11.04,10.84,10.98,165514.0
2017-11-17,11.0,11.1599,10.98,11.08,170509.0
2017-11-20,11.09,11.1244,10.96,11.0,90267.0
2017-11-21,11.03,11.08,10.99,11.04,85672.0
2017-11-22,11.13,11.27,11.09,11.25,157742.0
2017-11-24,11.32,11.34,11.26,11.28,65611.0
2017-11-27,11.34,11.34,11.11,11.12,166392.0
2017-11-28,11.08,11.14,11.02,11.14,117400.0
2017-11-29,11.12,11.12,10.88,10.89,81264.0
2017-11-30,10.91,11.01,10.7568,10.99,515881.0
2017-12-01,11.08,11.17,11.02,11.13,226467.0
2017-12-04,11.15,11.16,10.98,10.98,105246.0
2017-12-05,10.99,11.04,10.92,10.93,74924.0
2017-12-06,11.03,11.1,10.945,11.01,88903.0
2017-12-07,11.04,11.1,10.95,11.07,128473.0
2017-12-08,11.1,11.14,11.01,11.08,100599.0
2017-12-11,11.11,11.13,11.04,11.1,87810.0
2017-12-12,11.09,11.09,10.95,10.98,104672.0
2017-12-13,11.02,11.15,10.96,11.06,168865.0
2017-12-14,11.07,11.16,11.02,11.1,134151.0
2017-12-15,11.12,11.12,10.8,10.95,290038.0
2017-12-18,10.99,11.04,10.95,10.99,111401.0
2017-12-19,11.02,11.05,10.94,10.96,127889.0
2017-12-20,11.0,11.04,10.93,11.02,95369.0
2017-12-21,11.1,11.1,11.0,11.03,102410.0
2017-12-22,11.03,11.14,10.99,11.05,110480.0
2017-12-26,11.03,11.19,11.0,11.06,70111.0
2017-12-27,11.12,11.23,11.12,11.18,102252.0
2017-12-28,11.14,11.2,11.08,11.17,56544.0
2017-12-29,11.21,11.23,11.14,11.16,63042.0
2018-01-02,11.16,11.18,11.06,11.12,92273.0
2018-01-03,11.14,11.14,10.77,10.78,188403.0
2018-01-04,10.78,10.93,10.58,10.66,325363.0
2018-01-05,10.73,10.93,10.71,10.87,189187.0
2018-01-08,10.9,10.93,10.79,10.89,105543.0
2018-01-09,10.87,10.91,10.75,10.76,88480.0
2018-01-10,10.74,10.75,10.57,10.66,124084.0
2018-01-11,10.65,10.67,10.57,10.6,163030.0
2018-01-12,10.62,10.62,10.49,10.58,166402.0
2018-01-16,10.64,10.7,10.6,10.66,124323.0
2018-01-17,10.67,11.0,10.64,10.9,124978.0
2018-01-18,10.93,11.13,10.85,11.06,123437.0
2018-01-19,11.13,11.13,10.97,11.01,97667.0
2018-01-22,11.07,11.07,10.97,11.0,118480.0
2018-01-23,10.95,11.09,10.84,11.04,383131.0
2018-01-24,11.1,11.12,11.01,11.04,85166.0
2018-01-25,11.08,11.08,10.92,10.98,140139.0
2018-01-26,10.97,11.06,10.96,11.01,142709.0
2018-01-29,11.08,11.08,10.79,10.86,115136.0
2018-01-30,10.88,10.9,10.72,10.78,131723.0
2018-01-31,10.82,10.89,10.77,10.85,104338.0
2018-02-01,10.85,10.85,10.62,10.66,93804.0
2018-02-02,10.52,10.58,10.31,10.43,148582.0
2018-02-05,10.23,10.43,10.05,10.25,211397.0
2018-02-06,10.11,10.34,10.06,10.27,227791.0
2018-02-07,10.33,10.4,10.26,10.27,237715.0
2018-02-08,10.31,10.31,10.1,10.1,105778.0
2018-02-09,10.09,10.26,10.05,10.22,225554.0
2018-02-12,10.28,10.36,10.14,10.2,122055.0
2018-02-13,10.23,10.23,9.97,10.06,205316.0
2018-02-14,10.05,10.12,10.0,10.09,129944.0
2018-02-15,10.12,10.26,10.07,10.23,102658.0
2018-02-16,10.24,10.33,10.16,10.27,106019.0
2018-02-20,10.27,10.29,10.08,10.1,85716.0
2018-02-21,10.12,10.12,9.88,9.93,263873.0
2018-02-22,9.93,9.9858,9.87,9.92,131912.0
2018-02-23,10.01,10.2,9.98,10.1,97146.0
2018-02-26,10.17,10.18,10.04,10.12,101819.0
2018-02-27,10.08,10.1,9.99,9.99,122770.0
2018-02-28,10.02,10.02,9.86,9.87,201126.0
2018-03-01,9.89,9.89,9.72,9.85,217179.0
2018-03-02,9.76,9.98,9.75,9.91,189287.0
2018-03-05,9.83,9.86,9.66,9.75,174871.0
2018-03-06,9.84,9.89,9.78,9.85,291964.0
2018-03-07,9.83,10.07,9.8,10.02,173013.0
2018-03-08,10.04,10.08,9.97,10.05,121911.0
2018-03-09,10.17,10.2,10.12,10.17,196286.0
2018-03-12,10.32,10.35,10.1,10.15,673690.0
2018-03-13,10.18,10.21,9.92,9.96,413529.0
2018-03-14,10.01,10.03,9.88,9.95,415684.0
2018-03-15,9.94,9.96,9.79,9.83,472546.0
2018-03-16,9.82,9.92,9.77,9.89,2931136.0
2018-03-19,9.9,9.9,9.74,9.82,275811.0
2018-03-20,9.8,9.96,9.77,9.94,665014.0
2018-03-21,10.01,10.06,9.94,9.97,200361.0
2018-03-22,9.97,10.11,9.92,10.05,242048.0
2018-03-23,10.13,10.13,9.99,10.01,237554.0
2018-03-26,9.99,10.02,9.86,9.91,206400.0
2018-03-27,9.92,10.02,9.9,9.94,170500.0
2018-03-28,9.84,9.94,9.8,9.9,187804.0
2018-03-29,9.92,10.0,9.9,9.92,147637.0
2018-04-02,9.92,10.01,9.87,9.93,186089.0
2018-04-03,9.98,10.02,9.93,10.01,140210.0
2018-04-04,9.95,10.04,9.9,10.03,494673.0
2018-04-05,10.05,10.05,9.95,9.99,426069.0
2018-04-06,9.96,10.01,9.9,9.91,298295.0
2018-04-09,9.95,10.0,9.89,9.97,179741.0
2018-04-10,10.03,10.04,9.9,9.93,411056.0
2018-04-11,9.93,9.95,9.83,9.89,155167.0
2018-04-12,9.87,9.9,9.73,9.75,139833.0
2018-04-13,9.78,9.8,9.67,9.7,145969.0
2018-04-16,9.71,9.9,9.71,9.81,268283.0
2018-04-17,9.8,10.13,9.75,9.99,361930.0
2018-04-18,10.05,10.08,9.95,10.03,354949.0
2018-04-19,10.03,10.08,9.9,9.94,155026.0
2018-04-20,9.95,9.95,9.82,9.86,162203.0
2018-04-23,9.85,9.87,9.71,9.76,160714.0
2018-04-24,9.78,9.78,9.67,9.75,112670.0
2018-04-25,9.71,9.74,9.59,9.63,87381.0
2018-04-26,9.64,9.68,9.61,9.67,161857.0
2018-04-27,9.68,9.8,9.68,9.76,111399.0
2018-04-30,9.76,9.82,9.71,9.74,79122.0
2018-05-01,9.75,9.8,9.67,9.78,118287.0
2018-05-02,9.81,9.92,9.8,9.87,125219.0
2018-05-03,9.88,9.94,9.84,9.92,66946.0
2018-05-04,9.96,10.03,9.92,9.95,151500.0
2018-05-07,9.98,10.02,9.95,9.99,136670.0
2018-05-08,9.94,9.97,9.76,9.89,221234.0
2018-05-09,9.9,9.9,9.71,9.77,170607.0
2018-05-10,9.83,9.91,9.78,9.87,136749.0
2018-05-11,10.18,10.18,9.88,9.93,196885.0
2018-05-14,10.01,10.01,9.7,9.8,181148.0
2018-05-15,9.75,9.79,9.59,9.71,222636.0
2018-05-16,9.74,9.76,9.66,9.71,217468.0
2018-05-17,9.73,9.73,9.57,9.62,158798.0
2018-05-18,9.6,9.69,9.53,9.68,171768.0
2018-05-21,9.7,9.8,9.68,9.78,110327.0
2018-05-22,9.78,9.8,9.63,9.66,176633.0
2018-05-23,9.62,9.81,9.62,9.77,170656.0
2018-05-24,9.78,9.92,9.73,9.9,160689.0
2018-05-25,9.83,9.93,9.83,9.9,88033.0
2018-05-29,9.88,9.88,9.79,9.85,178636.0
2018-05-30,9.84,9.94,9.8,9.91,128096.0
2018-05-31,9.92,9.92,9.73,9.75,150771.0
2018-06-01,9.76,9.81,9.66,9.79,120244.0
2018-06-04,9.8,9.88,9.77,9.83,138761.0
2018-06-05,9.86,9.86,9.66,9.7,206712.0
2018-06-06,9.75,9.8,9.57,9.63,143600.0
2018-06-07,9.62,9.63,9.49,9.52,167420.0
2018-06-08,9.53,9.61,9.52,9.58,74080.0
2018-06-11,9.55,9.61,9.5,9.59,115957.0
2018-06-12,9.63,9.63,9.55,9.57,77036.0
2018-06-13,9.57,9.6,9.5,9.59,110679.0
2018-06-14,9.61,9.68,9.57,9.59,184504.0
2018-06-15,9.61,9.67,9.5,9.62,435364.0
2018-06-18,9.63,9.66,9.5,9.57,133122.0
2018-06-19,9.53,9.63,9.48,9.57,173330.0
2018-06-20,9.62,9.62,9.47,9.5,198257.0
2018-06-21,9.5,9.55,9.48,9.55,184246.0
2018-06-22,9.58,9.62,9.54,9.62,180378.0
2018-06-25,9.64,9.69,9.59,9.67,171750.0
2018-06-26,9.67,9.74,9.64,9.67,140950.0
2018-06-27,9.68,9.73,9.59,9.64,157003.0
2018-06-28,9.53,9.59,9.5,9.55,98144.0
2018-06-29,9.6,9.71,9.55,9.67,125709.0
2018-07-02,9.66,9.68,9.53,9.62,72200.0
2018-07-03,9.67,9.71,9.64,9.65,66268.0
2018-07-05,9.65,9.68,9.56,9.64,150598.0
2018-07-06,9.67,9.72,9.62,9.65,97105.0
2018-07-09,9.67,9.68,9.53,9.57,286250.0
2018-07-10,9.59,9.63,9.53,9.59,223005.0
2018-07-11,9.55,9.62,9.45,9.51,174991.0
2018-07-12,9.53,9.68,9.51,9.65,119655.0
2018-07-13,9.65,9.68,9.46,9.57,299785.0
2018-07-16,9.61,9.67,9.53,9.6,255266.0
2018-07-17,9.58,9.62,9.53,9.57,99258.0
2018-07-18,9.57,9.62,9.52,9.6,99889.0
2018-07-19,9.57,9.93,9.55,9.86,228302.0
2018-07-20,9.89,9.94,9.77,9.84,192972.0
2018-07-23,9.85,9.85,9.74,9.79,78331.0
2018-07-24,9.82,9.86,9.77,9.81,215319.0
2018-07-25,9.87,9.88,9.76,9.82,93662.0
2018-07-26,9.81,9.87,9.75,9.85,104112.0
2018-07-27,9.85,9.86,9.77,9.78,71714.0
2018-07-30,9.78,9.83,9.68,9.81,102202.0
2018-07-31,9.8,9.92,9.71,9.82,166919.0
2018-08-01,9.81,9.88,9.74,9.86,106273.0
2018-08-02,9.88,9.98,9.83,9.94,199012.0
2018-08-03,9.98,10.16,9.93,10.07,96552.0
2018-08-06,10.1,10.12,9.96,10.01,93959.0
2018-08-07,10.07,10.13,9.95,10.09,133326.0
2018-08-08,10.06,10.11,9.99,10.07,81867.0
2018-08-09,10.07,10.25,10.07,10.23,131159.0
2018-08-10,10.21,10.33,9.94,9.94,247307.0
2018-08-13,9.94,10.02,9.88,9.99,299073.0
2018-08-14,10.01,10.26,10.0,10.24,163574.0
2018-08-15,10.22,10.25,10.14,10.17,163951.0
2018-08-16,10.17,10.25,10.16,10.18,90471.0
2018-08-17,10.23,10.44,10.21,10.43,121194.0
2018-08-20,10.45,10.45,10.28,10.3,77906.0
2018-08-21,10.31,10.32,10.21,10.22,67616.0
2018-08-22,10.2,10.26,10.2,10.23,52550.0
2018-08-23,10.19,10.25,10.12,10.14,76535.0
2018-08-24,10.19,10.24,10.12,10.21,64239.0
2018-08-27,10.23,10.34,10.23,10.32,171330.0
2018-08-28,10.36,10.39,10.32,10.36,69919.0
2018-08-29,10.39,10.4,10.3,10.36,58206.0
2018-08-30,10.35,10.44,10.33,10.39,93263.0
2018-08-31,10.37,10.46,10.28,10.35,184970.0
2018-09-04,10.27,10.35,10.14,10.16,100602.0
2018-09-05,10.16,10.34,10.11,10.32,102828.0
2018-09-06,10.31,10.61,10.31,10.58,223054.0
2018-09-07,10.51,10.55,10.21,10.35,132981.0
2018-09-10,10.46,10.47,10.35,10.43,173235.0
2018-09-11,10.44,10.47,10.35,10.37,114129.0
2018-09-12,10.38,10.6,10.38,10.54,181400.0
2018-09-13,10.59,10.59,10.49,10.55,70687.0
2018-09-14,10.55,10.55,10.4,10.45,92622.0
2018-09-17,10.48,10.59,10.43,10.56,212825.0
2018-09-18,10.56,10.62,10.51,10.6,126921.0
2018-09-19,10.6,10.63,10.47,10.55,241785.0
2018-09-20,10.55,10.58,10.44,10.56,151437.0
2018-09-21,10.45,10.7,10.4,10.63,670546.0
2018-09-24,10.71,10.71,10.52,10.55,180631.0
2018-09-25,10.58,10.58,10.41,10.45,100493.0
2018-09-26,10.45,10.52,10.35,10.36,142273.0
2018-09-27,10.25,10.32,10.17,10.27,454185.0
2018-09-28,10.29,10.39,10.27,10.36,103896.0
2018-10-01,10.39,10.42,10.18,10.34,271301.0
2018-10-02,10.34,10.39,10.28,10.35,115534.0
2018-10-03,10.35,10.41,10.21,10.23,84284.0
2018-10-04,10.21,10.21,9.92,10.08,130266.0
2018-10-05,9.94,10.01,9.87,9.94,260491.0
2018-10-08,10.02,10.04,9.93,10.0,92341.0
2018-10-09,9.93,10.01,9.87,10.0,229788.0
2018-10-10,10.0,10.0,9.84,9.84,181044.0
2018-10-11,9.76,9.91,9.63,9.79,415552.0
2018-10-12,9.9,9.92,9.75,9.82,161306.0
2018-10-15,9.83,9.95,9.78,9.85,128558.0
2018-10-16,9.92,10.02,9.88,10.01,121403.0
2018-10-17,10.01,10.01,9.94,9.98,429899.0
2018-10-18,9.98,10.11,9.92,10.09,269301.0
2018-10-19,10.07,10.23,10.03,10.15,288757.0
2018-10-22,10.17,10.18,10.07,10.12,132983.0
2018-10-23,10.08,10.18,10.03,10.05,322429.0
2018-10-24,10.07,10.32,10.05,10.27,126748.0
2018-10-25,10.24,10.27,10.15,10.16,178265.0
2018-10-26,10.14,10.27,10.08,10.22,137838.0
2018-10-29,10.27,10.27,10.09,10.13,166852.0
2018-10-30,10.16,10.22,10.05,10.08,179236.0
2018-10-31,10.01,10.1,9.95,9.98,229675.0
2018-11-01,10.04,10.13,9.99,10.04,187750.0
2018-11-02,10.07,10.07,9.93,9.97,137763.0
2018-11-05,10.0,10.24,10.0,10.2,167220.0
2018-11-06,10.18,10.37,10.18,10.37,127882.0
2018-11-07,10.39,10.57,10.38,10.54,212755.0
2018-11-08,10.55,10.6,10.45,10.49,121873.0
2018-11-09,10.26,10.37,10.0,10.32,225240.0
2018-11-12,10.32,10.45,10.26,10.4,163634.0
2018-11-13,10.42,10.59,10.33,10.54,238835.0
2018-11-14,10.58,10.76,10.5,10.66,210452.0
2018-11-15,10.62,10.78,10.6,10.67,220770.0
2018-11-16,10.65,10.69,10.5,10.55,142679.0
2018-11-19,10.57,10.58,10.48,10.52,109565.0
2018-11-20,10.5,10.5,10.33,10.36,207523.0
2018-11-21,10.37,10.54,10.37,10.5,106977.0
2018-11-23,10.5,10.549,10.45,10.52,52473.0
2018-11-26,10.53,10.53,10.35,10.45,111733.0
2018-11-27,10.44,10.51,10.36,10.44,75534.0
2018-11-28,10.42,10.49,10.34,10.45,149852.0
2018-11-29,10.45,10.53,10.45,10.53,97591.0
2018-11-30,10.49,10.61,10.49,10.59,149443.0
2018-12-03,10.67,10.73,10.59,10.7,448692.0
2018-12-04,10.75,10.85,10.55,10.59,277149.0
2018-12-06,10.57,10.7,10.49,10.69,458817.0
2018-12-07,10.7,10.88,10.7,10.86,229266.0
2018-12-10,10.86,10.86,10.62,10.74,186967.0
2018-12-11,10.75,10.96,10.72,10.84,270653.0
2018-12-12,10.89,10.96,10.53,10.61,341459.0
2018-12-13,10.61,10.87,10.6,10.85,217677.0
2018-12-14,10.55,10.78,10.52,10.59,449006.0
2018-12-17,10.6,10.68,10.44,10.48,362868.0
2018-12-18,10.53,10.56,10.42,10.54,471928.0
2018-12-19,10.6,10.6,10.33,10.34,424094.0
2018-12-20,10.37,10.42,10.26,10.29,226666.0
2018-12-21,10.32,10.34,10.1,10.1,712817.0
2018-12-24,10.04,10.09,9.76,9.83,239816.0
2018-12-26,9.85,9.94,9.67,9.93,222129.0
2018-12-27,9.92,10.06,9.75,10.05,421634.0
2018-12-28,9.9,9.98,9.87,9.91,452336.0
2018-12-31,9.98,10.1,9.97,10.05,286376.0
2019-01-02,10.01,10.03,9.9,9.96,269177.0
2019-01-03,9.99,10.09,9.9,10.04,401661.0
2019-01-04,10.1,10.21,10.0,10.1,412178.0
2019-01-07,10.19,10.27,10.13,10.26,252382.0
2019-01-08,10.3,10.39,10.27,10.38,412799.0
2019-01-09,10.4,10.44,10.32,10.42,329377.0
2019-01-10,10.44,10.49,10.37,10.46,365381.0
2019-01-11,10.47,10.53,10.41,10.44,251547.0
2019-01-14,10.42,10.45,10.26,10.32,298404.0
2019-01-15,10.36,10.6,10.36,10.59,342783.0
2019-01-16,10.59,10.61,10.47,10.55,275079.0
2019-01-17,10.5,10.68,10.5,10.58,183718.0
2019-01-18,10.62,10.68,10.57,10.66,168260.0
2019-01-22,10.6,10.69,10.58,10.63,216022.0
2019-01-23,10.65,10.7,10.56,10.64,162548.0
2019-01-24,10.66,10.84,10.66,10.82,344371.0
2019-01-25,10.9,10.98,10.83,10.93,291649.0
2019-01-28,10.88,10.94,10.8,10.82,222356.0
2019-01-29,10.81,10.89,10.81,10.86,152336.0
2019-01-30,10.89,11.0,10.83,10.97,158757.0
2019-01-31,11.0,11.1,10.93,11.04,206642.0
2019-02-01,11.04,11.14,11.02,11.06,216709.0
2019-02-04,11.09,11.13,11.02,11.06,355962.0
2019-02-05,11.07,11.18,11.07,11.15,183443.0
2019-02-06,11.14,11.18,11.07,11.1,150120.0
2019-02-07,11.06,11.17,11.03,11.15,197176.0
2019-02-08,11.08,11.13,11.03,11.08,186097.0
2019-02-11,11.09,11.09,10.92,10.93,165785.0
2019-02-12,11.01,11.01,10.87,10.92,179530.0
2019-02-13,10.93,10.93,10.78,10.81,305124.0
2019-02-14,10.8,10.84,10.65,10.8,314848.0
2019-02-15,10.83,10.84,10.7,10.75,228146.0
2019-02-19,10.75,10.94,10.73,10.93,250053.0
2019-02-20,10.95,10.95,10.85,10.87,252113.0
2019-02-21,10.85,11.02,10.84,11.0,303471.0
2019-02-22,11.0,11.11,10.94,11.06,242503.0
2019-02-25,11.12,11.12,10.92,10.97,145666.0
2019-02-26,10.96,11.15,10.96,11.12,282032.0
2019-02-27,11.04,11.1,10.94,11.03,686660.0
2019-02-28,11.01,11.15,10.98,11.09,291248.0
2019-03-01,11.12,11.21,11.01,11.04,317436.0
2019-03-04,11.1,11.3,11.1,11.24,294206.0
2019-03-05,11.23,11.32,11.17,11.23,295823.0
2019-03-06,11.23,11.33,11.18,11.18,458321.0
2019-03-07,11.19,11.24,11.1,11.19,279151.0
2019-03-08,11.22,11.22,11.1,11.14,292861.0
2019-03-11,11.19,11.21,11.1,11.16,409548.0
2019-03-12,11.2,11.31,11.17,11.3,533107.0
2019-03-13,11.28,11.34,11.18,11.25,449378.0
2019-03-14,11.25,11.33,11.2,11.22,256844.0
2019-03-15,11.21,11.3,11.19,11.23,337072.0
2019-03-18,11.26,11.26,11.17,11.22,505646.0
2019-03-19,11.24,11.24,11.07,11.08,360886.0
2019-03-20,11.1,11.24,11.04,11.19,282487.0
2019-03-21,11.21,11.29,11.16,11.19,270981.0
2019-03-22,11.19,11.33,11.13,11.28,217237.0
2019-03-25,11.25,11.32,11.21,11.29,230464.0
2019-03-26,11.31,11.41,11.3,11.37,242998.0
2019-03-27,11.4,11.4,11.28,11.38,185723.0
2019-03-28,11.28,11.31,11.16,11.16,253247.0
2019-03-29,11.2,11.33,11.15,11.27,276234.0
2019-04-01,11.29,11.31,11.1,11.22,243755.0
2019-04-02,11.22,11.29,11.13,11.29,517372.0
2019-04-03,11.35,11.41,11.23,11.34,331393.0
2019-04-04,11.35,11.42,11.24,11.31,391117.0
2019-04-05,11.34,11.39,11.24,11.38,202440.0
2019-04-08,11.4,11.43,11.34,11.4,319757.0
2019-04-09,11.39,11.49,11.37,11.43,352076.0
2019-04-10,11.44,11.6,11.43,11.48,295136.0
2019-04-11,11.5,11.5,11.39,11.46,199442.0
2019-04-12,11.5,11.53,11.44,11.48,289713.0
2019-04-15,11.52,11.54,11.45,11.46,170542.0
2019-04-16,11.48,11.54,11.4,11.4,217852.0
2019-04-17,11.46,11.48,11.36,11.47,223046.0
2019-04-18,11.49,11.52,11.42,11.46,194768.0
2019-04-22,11.49,11.55,11.43,11.49,240683.0
2019-04-23,11.43,11.51,11.37,11.42,342470.0
2019-04-24,11.43,11.43,11.31,11.36,219137.0
2019-04-25,11.37,11.45,11.305,11.4,358832.0
2019-04-26,11.4,11.44,11.36,11.37,152971.0
2019-04-29,11.37,11.37,11.26,11.29,195744.0
2019-04-30,11.26,11.42,11.23,11.4,187103.0
2019-05-01,11.4,11.4,11.24,11.28,330784.0
2019-05-02,11.29,11.34,11.26,11.29,255007.0
2019-05-03,11.34,11.38,11.29,11.32,152203.0
2019-05-06,11.28,11.41,11.23,11.31,921372.0
2019-05-07,11.28,11.33,11.22,11.25,258655.0
2019-05-08,11.26,11.31,11.14,11.29,589808.0
2019-05-09,11.29,11.37,11.22,11.34,372728.0
2019-05-10,11.45,11.45,11.22,11.38,759769.0
2019-05-13,11.32,11.39,11.25,11.38,435253.0
2019-05-14,11.39,11.49,11.33,11.34,589134.0
2019-05-15,11.39,11.55,11.33,11.52,859179.0
2019-05-16,11.55,11.71,11.55,11.59,384369.0
2019-05-17,11.58,11.69,11.55,11.66,271078.0
2019-05-20,11.67,11.7,11.61,11.69,121298.0
2019-05-21,11.73,11.81,11.64,11.65,346698.0
2019-05-22,11.67,11.71,11.63,11.66,240729.0
2019-05-23,11.65,11.75,11.61,11.72,211708.0
2019-05-24,11.75,11.83,11.72,11.75,203273.0
2019-05-28,11.78,11.87,11.76,11.79,382394.0
2019-05-29,11.77,11.82,11.67,11.71,243085.0
2019-05-30,11.72,11.78,11.65,11.69,164634.0
2019-05-31,11.66,11.71,11.61,11.65,291203.0
2019-06-03,11.7,11.8,11.63,11.75,286357.0
2019-06-04,11.84,11.87,11.72,11.8,273760.0
2019-06-05,11.86,12.03,11.84,11.95,262855.0
2019-06-06,11.98,12.2,11.95,12.16,328284.0
2019-06-07,12.25,12.34,12.23,12.27,177234.0
2019-06-10,12.33,12.33,12.07,12.11,259720.0
2019-06-11,12.13,12.19,12.04,12.13,295480.0
2019-06-12,12.13,12.31,12.13,12.16,304676.0
2019-06-13,12.17,12.22,12.13,12.16,161259.0
2019-06-14,12.21,12.22,12.13,12.18,669921.0
2019-06-17,12.16,12.23,12.13,12.22,289700.0
2019-06-18,12.23,12.26,12.18,12.23,215889.0
2019-06-19,12.27,12.4,12.22,12.36,242893.0
2019-06-20,12.48,12.53,12.38,12.5,294005.0
2019-06-21,12.48,12.52,12.38,12.47,699287.0
2019-06-24,12.54,12.56,12.35,12.44,426391.0
2019-06-25,12.46,12.48,12.37,12.39,284146.0
2019-06-26,12.37,12.39,12.22,12.31,214790.0
2019-06-27,12.24,12.27,11.99,12.09,385590.0
2019-06-28,12.13,12.19,12.08,12.11,275250.0
2019-07-01,12.16,12.17,12.01,12.04,186223.0
2019-07-02,12.15,12.24,12.05,12.18,244074.0
2019-07-03,12.21,12.43,12.21,12.37,268890.0
2019-07-05,12.38,12.38,12.18,12.32,211282.0
2019-07-08,12.35,12.35,12.27,12.34,223093.0
2019-07-09,12.32,12.39,12.26,12.35,356217.0
2019-07-10,12.39,12.47,12.34,12.41,285550.0
2019-07-11,12.46,12.47,12.38,12.45,361453.0
2019-07-12,12.43,12.48,12.38,12.46,320346.0
2019-07-15,12.47,12.5,12.36,12.4,314851.0
2019-07-16,12.39,12.45,12.31,12.43,1042080.0
2019-07-17,12.48,12.59,12.47,12.54,269150.0
2019-07-18,12.5,12.67,12.49,12.64,225788.0
2019-07-19,12.63,12.67,12.5,12.54,207771.0
2019-07-22,12.55,12.58,12.47,12.5,291299.0
2019-07-23,12.51,12.52,12.4,12.5,191925.0
2019-07-24,12.49,12.49,12.32,12.43,271192.0
2019-07-25,12.45,12.55,12.44,12.46,266294.0
2019-07-26,12.5,12.57,12.46,12.51,295586.0
2019-07-29,12.51,12.63,12.5,12.58,314018.0
2019-07-30,12.57,12.63,12.51,12.54,171558.0
2019-07-31,12.58,12.6,12.37,12.45,262832.0
2019-08-01,12.44,12.66,12.43,12.63,455136.0
2019-08-02,12.65,12.79,12.58,12.76,402246.0
2019-08-05,12.75,12.76,12.58,12.61,253198.0
2019-08-06,12.71,12.82,12.69,12.8,577583.0
2019-08-07,12.76,12.92,12.68,12.88,303401.0
2019-08-08,12.81,12.99,12.73,12.94,379357.0
2019-08-09,12.9,13.01,12.87,12.97,283505.0
2019-08-12,13.0,13.06,12.87,12.9,282128.0
2019-08-13,12.93,13.07,12.88,12.98,236243.0
2019-08-14,13.06,13.06,12.86,12.91,272567.0
2019-08-15,12.88,12.93,12.78,12.9,698713.0
2019-08-16,12.85,12.93,12.84,12.88,425706.0
2019-08-19,12.9,13.01,12.78,12.93,274064.0
2019-08-20,12.91,12.98,12.9,12.94,281511.0
2019-08-21,12.92,12.99,12.92,12.98,291617.0
2019-08-22,12.96,13.0,12.91,12.92,220013.0
2019-08-23,12.89,12.95,12.8,12.81,206553.0
2019-08-26,12.84,12.9,12.8,12.86,216602.0
2019-08-27,12.88,12.98,12.87,12.91,350778.0
2019-08-28,12.91,13.02,12.86,12.98,299333.0
2019-08-29,13.02,13.05,12.88,13.01,383593.0
2019-08-30,13.06,13.1,13.01,13.07,186182.0
2019-09-03,13.05,13.19,13.04,13.17,311788.0
2019-09-04,13.21,13.4,13.21,13.37,405773.0
2019-09-05,13.45,13.49,13.19,13.3,320572.0
2019-09-06,13.3,13.37,13.26,13.3,127474.0
2019-09-09,13.3,13.3,13.17,13.26,222731.0
2019-09-10,13.25,13.25,13.05,13.18,231113.0
2019-09-11,13.22,13.22,13.07,13.15,206176.0
2019-09-12,13.17,13.5,13.17,13.45,337463.0
2019-09-13,13.44,13.47,13.28,13.34,250660.0
2019-09-16,13.38,13.51,13.34,13.49,349251.0
2019-09-17,13.56,13.62,13.48,13.54,529676.0
2019-09-18,13.55,13.58,13.33,13.46,251455.0
2019-09-19,13.48,13.63,13.46,13.52,363508.0
2019-09-20,13.58,13.61,13.45,13.6,716905.0
2019-09-23,13.63,13.7,13.56,13.58,314734.0
2019-09-24,13.61,13.88,13.6,13.81,424589.0
2019-09-25,13.81,13.84,13.69,13.76,472630.0
2019-09-26,13.82,13.93,13.81,13.84,583096.0
2019-09-27,13.8,13.85,13.57,13.65,427809.0
2019-09-30,13.67,13.88,13.63,13.7,487975.0
2019-10-01,13.69,13.77,13.61,13.65,2526320.0
2019-10-02,13.61,13.61,13.39,13.53,439852.0
2019-10-03,13.52,13.78,13.5,13.74,2533878.0
2019-10-04,13.76,14.0,13.75,13.94,584912.0
2019-10-07,14.0,14.12,13.97,14.06,487583.0
2019-10-08,13.81,14.45,13.67,14.03,921138.0
2019-10-09,14.04,14.04,13.75,13.81,538730.0
2019-10-10,13.76,13.98,13.65,13.88,886960.0
2019-10-11,13.75,13.85,13.43,13.63,8386218.0
2019-10-14,13.63,13.63,13.02,13.33,3039869.0
2019-10-15,13.33,13.57,13.33,13.52,2812620.0
2019-10-16,13.51,13.57,13.41,13.49,1331899.0
2019-10-17,13.52,13.61,13.46,13.55,767627.0
2019-10-18,13.55,13.69,13.52,13.67,733278.0
2019-10-21,13.65,13.91,13.61,13.88,867271.0
2019-10-22,13.89,14.01,13.83,13.86,909279.0
2019-10-23,13.83,13.98,13.83,13.91,793615.0
2019-10-24,13.95,14.03,13.92,14.02,1882043.0
2019-10-25,14.0,14.01,13.66,13.7,1637924.0
2019-10-28,13.6,13.72,13.43,13.51,1312631.0
2019-10-29,13.51,13.53,13.34,13.45,751344.0
2019-10-30,13.43,13.65,13.43,13.59,582086.0
2019-10-31,13.59,13.84,13.59,13.72,778767.0
2019-11-01,13.72,13.84,13.65,13.73,460672.0
2019-11-04,13.75,13.75,13.58,13.61,492118.0
2019-11-05,13.58,13.65,13.34,13.4,720751.0
2019-11-06,13.38,13.66,13.38,13.54,390155.0
2019-11-07,13.53,13.6,13.39,13.47,573554.0
2019-11-08,13.44,13.61,13.31,13.46,1151916.0
2019-11-11,13.5,13.69,13.48,13.55,680620.0
2019-11-12,13.55,13.61,13.45,13.5,887537.0
2019-11-13,13.54,13.75,13.51,13.59,1174359.0
2019-11-14,13.6,13.87,13.6,13.77,1184640.0
2019-11-15,13.79,13.87,13.76,13.81,364027.0
2019-11-18,13.73,14.0,13.72,13.92,664196.0
2019-11-19,13.9,13.96,13.82,13.84,730510.0
2019-11-20,13.82,13.92,13.79,13.86,1244736.0
2019-11-21,13.89,13.92,13.68,13.89,1054245.0
2019-11-22,13.88,14.0,13.84,13.92,1179933.0
2019-11-25,13.9,13.97,13.63,13.72,1184195.0
2019-11-26,13.74,13.97,13.73,13.78,3903037.0
2019-11-27,13.83,13.94,13.75,13.92,904165.0
2019-11-29,13.92,14.04,13.83,13.96,660512.0
2019-12-02,14.0,14.06,13.91,14.04,780555.0
2019-12-03,14.08,14.24,14.07,14.2,1116001.0
2019-12-04,14.28,14.61,14.25,14.31,1332117.0
2019-12-05,14.28,14.36,14.24,14.34,1228380.0
2019-12-06,14.28,14.35,14.15,14.22,582582.0
2019-12-09,14.24,14.35,14.21,14.28,310006.0
2019-12-10,14.25,14.35,14.24,14.29,395638.0
2019-12-11,14.26,14.35,14.2,14.27,523347.0
2019-12-12,14.25,14.33,13.95,14.04,622830.0
2019-12-13,14.04,14.11,13.9,14.07,539220.0
2019-12-16,14.17,14.25,14.1,14.25,790935.0
2019-12-17,14.23,14.29,14.09,14.11,405687.0
2019-12-18,14.11,14.23,14.01,14.07,690968.0
2019-12-19,14.08,14.13,14.0,14.08,370520.0
2019-12-20,14.1,14.17,14.02,14.13,545654.0
2019-12-23,14.13,14.18,14.03,14.09,332054.0
2019-12-24,14.07,14.14,14.04,14.13,148705.0
2019-12-26,14.12,14.24,14.11,14.17,128664.0
2019-12-27,14.2,14.27,14.16,14.25,352539.0
2019-12-30,14.15,14.17,13.98,14.07,375892.0
2019-12-31,14.13,14.21,14.08,14.15,393481.0
2020-01-02,14.16,14.16,13.93,14.04,496475.0
2020-01-03,14.04,14.26,14.01,14.13,539229.0
2020-01-06,14.15,14.2,14.12,14.16,499375.0
2020-01-07,14.11,14.24,14.11,14.18,1331365.0
2020-01-08,14.18,14.19,14.01,14.04,872091.0
2020-01-09,14.05,14.28,14.05,14.25,734035.0
2020-01-10,14.29,14.41,14.27,14.31,717576.0
2020-01-13,14.34,14.41,14.3,14.39,585002.0
2020-01-14,14.4,14.45,14.26,14.35,497470.0
2020-01-15,14.4,14.58,14.4,14.53,926692.0
2020-01-16,14.56,14.66,14.52,14.62,668883.0
2020-01-17,14.63,14.81,14.63,14.77,382095.0
2020-01-21,14.8,15.02,14.79,14.95,977476.0
2020-01-22,15.03,15.1,14.98,14.99,550530.0
2020-01-23,15.0,15.14,14.99,15.1,664329.0
2020-01-24,15.13,15.19,15.07,15.1,485642.0
2020-01-27,15.07,15.18,15.01,15.11,570722.0
2020-01-28,15.14,15.18,15.05,15.14,366258.0
2020-01-29,15.17,15.27,15.07,15.22,384365.0
2020-01-30,15.23,15.41,15.18,15.35,445004.0
2020-01-31,15.35,15.5,15.25,15.31,642336.0
2020-02-03,15.33,15.47,15.28,15.4,504916.0
2020-02-04,15.42,15.45,15.29,15.36,631571.0
2020-02-05,15.37,15.47,15.26,15.45,655826.0
2020-02-06,15.37,15.47,14.91,15.07,1702198.0
2020-02-07,15.2,15.6,15.13,15.57,1426762.0
2020-02-10,15.56,15.86,15.54,15.78,702170.0
2020-02-11,15.79,16.09,15.79,16.02,882692.0
2020-02-12,16.0,16.17,15.84,16.12,1033246.0
2020-02-13,16.1,16.34,16.06,16.28,823433.0
2020-02-14,16.3,16.51,16.27,16.47,917170.0
2020-02-18,16.48,16.64,16.45,16.49,697666.0
2020-02-19,16.52,16.59,16.41,16.57,655756.0
2020-02-20,16.55,16.61,16.43,16.56,440614.0
2020-02-21,16.59,16.85,16.54,16.78,785332.0
2020-02-24,16.68,16.73,16.49,16.55,867316.0
2020-02-25,16.6,16.63,16.22,16.27,740160.0
2020-02-26,16.17,16.42,16.11,16.17,785846.0
2020-02-27,15.94,16.0,15.21,15.25,1503596.0
2020-02-28,14.77,15.33,14.35,14.92,2088202.0
2020-03-02,15.0,15.65,15.0,15.62,1545875.0
2020-03-03,15.82,16.35,15.66,16.01,1504658.0
2020-03-04,16.21,16.68,16.2,16.61,876864.0
2020-03-05,16.33,16.68,16.27,16.57,990179.0
2020-03-06,16.22,16.48,15.93,16.48,916789.0
2020-03-09,15.11,15.63,14.13,14.91,1201328.0
2020-03-10,15.03,15.23,14.21,14.51,1331457.0
2020-03-11,14.41,14.41,13.45,13.65,2143716.0
2020-03-12,12.13,12.51,11.06,11.8,1612522.0
2020-03-13,12.5,13.12,11.9,13.08,1739241.0
2020-03-16,11.84,12.64,11.5,11.63,973358.0
2020-03-17,11.84,12.63,11.23,12.54,1372911.0
2020-03-18,11.75,12.4,11.19,11.73,1276223.0
2020-03-19,11.53,12.24,10.74,11.98,857077.0
2020-03-20,12.18,12.54,11.17,11.25,1445098.0
2020-03-23,10.86,11.2,9.53,9.59,1758639.0
2020-03-24,10.05,10.63,10.01,10.55,1336247.0
2020-03-25,10.65,12.32,10.46,12.0,1900582.0
2020-03-26,11.99,13.07,11.99,12.93,1489204.0
2020-03-27,12.39,12.96,11.68,12.52,1040418.0
2020-03-30,12.48,12.65,12.01,12.62,1035799.0
2020-03-31,12.5,13.51,12.5,13.4,1785888.0
2020-04-01,12.92,13.14,12.35,12.54,1226842.0
2020-04-02,12.41,12.67,12.3,12.61,942777.0
2020-04-03,12.57,12.82,12.4,12.61,684466.0
2020-04-06,12.99,13.69,12.83,13.67,1359717.0
2020-04-07,14.29,14.4,13.28,13.47,1246113.0
2020-04-08,13.62,13.93,13.31,13.7,767230.0
2020-04-09,13.92,14.27,13.77,14.04,820304.0
2020-04-13,14.0,14.34,13.68,14.11,790902.0
2020-04-14,14.3,14.53,14.11,14.38,902906.0
2020-04-15,14.07,14.07,13.6,13.62,766296.0
2020-04-16,13.7,13.88,13.44,13.67,727879.0
2020-04-17,14.1,14.11,13.69,14.1,724530.0
2020-04-20,13.99,14.19,13.54,14.02,929040.0
2020-04-21,13.75,14.09,13.54,13.58,640236.0
2020-04-22,13.96,13.96,13.65,13.8,523622.0
2020-04-23,13.52,13.87,13.3,13.46,893506.0
2020-04-24,13.53,13.62,13.36,13.51,519712.0
2020-04-27,13.4,13.86,13.34,13.84,526165.0
2020-04-28,14.05,14.25,13.94,14.19,699697.0
2020-04-29,14.38,14.7,14.25,14.43,2375979.0
2020-04-30,14.24,14.31,13.64,13.85,703386.0
2020-05-01,13.54,13.65,13.26,13.37,478139.0
2020-05-04,13.29,13.45,13.14,13.41,571667.0
2020-05-05,13.52,13.89,13.52,13.74,642693.0
2020-05-06,13.89,13.91,13.57,13.6,509500.0
2020-05-07,13.79,13.81,13.54,13.67,810777.0
2020-05-08,13.41,13.73,13.36,13.64,742754.0
2020-05-11,13.56,13.85,13.45,13.83,946059.0
2020-05-12,13.89,14.0,13.43,13.46,462176.0
2020-05-13,13.41,13.62,13.07,13.19,859212.0
2020-05-14,13.01,13.32,12.74,13.29,665438.0
2020-05-15,13.22,13.33,13.02,13.31,841879.0
2020-05-18,13.69,13.79,13.52,13.73,403475.0
2020-05-19,13.81,13.91,13.45,13.76,646739.0
2020-05-20,14.0,14.0,13.41,13.45,448504.0
2020-05-21,13.42,13.55,13.27,13.29,575311.0
2020-05-22,13.26,13.44,13.08,13.43,362012.0
2020-05-26,13.64,13.8,13.56,13.75,633931.0
2020-05-27,13.88,13.88,13.52,13.77,392380.0
2020-05-28,13.84,14.1,13.79,14.08,485249.0
2020-05-29,14.03,14.18,13.92,14.0,678871.0
2020-06-01,14.05,14.27,13.92,14.22,677359.0
2020-06-02,14.31,14.4,14.15,14.21,522639.0
2020-06-03,14.3,14.7,13.96,14.64,962635.0
2020-06-04,14.62,14.65,14.35,14.42,639259.0
2020-06-05,14.7,14.74,14.37,14.42,1201503.0
2020-06-08,14.48,14.62,14.37,14.5,613819.0
2020-06-09,14.47,14.47,14.09,14.32,453144.0
2020-06-10,14.36,14.4,14.12,14.19,526342.0
2020-06-11,13.87,13.89,13.32,13.34,702948.0
2020-06-12,13.75,13.94,13.56,13.81,1064570.0
2020-06-15,13.56,14.31,13.49,14.15,1645948.0
2020-06-16,14.51,14.51,13.86,14.01,1040706.0
2020-06-17,14.07,14.11,13.8,13.87,713830.0
2020-06-18,13.8,13.93,13.78,13.86,526179.0
2020-06-19,13.94,14.02,13.37,13.43,1837942.0
2020-06-22,13.5,13.63,13.27,13.46,631359.0
2020-06-23,13.53,13.57,13.22,13.4,1192708.0
2020-06-24,13.35,13.35,13.05,13.19,812162.0
2020-06-25,13.06,13.1,12.77,13.06,1092177.0
2020-06-26,13.12,13.19,12.61,12.68,1239663.0
2020-06-29,12.57,12.93,12.54,12.83,593399.0
2020-06-30,12.83,12.99,12.78,12.94,710939.0
2020-07-01,12.97,13.11,12.91,13.07,322577.0
2020-07-02,13.27,13.27,13.0,13.05,581294.0
2020-07-06,13.17,13.22,13.0,13.22,1146467.0
2020-07-07,13.12,13.21,12.96,13.01,1206159.0
2020-07-08,13.03,13.24,12.96,12.97,843675.0
2020-07-09,12.6,12.6,12.45,12.55,1294452.0
2020-07-10,12.55,12.97,12.51,12.96,908155.0
2020-07-13,13.05,13.54,12.94,13.33,1217007.0
2020-07-14,13.31,13.61,13.22,13.6,1071963.0
2020-07-15,13.72,13.73,13.44,13.59,1075177.0
2020-07-16,13.56,13.8,13.53,13.67,777496.0
2020-07-17,13.75,13.83,13.63,13.8,905529.0
2020-07-20,13.68,13.8,13.38,13.5,1139848.0
2020-07-21,13.63,13.63,13.32,13.37,1338032.0
2020-07-22,13.38,13.48,13.24,13.48,2144415.0
2020-07-23,13.5,13.6,13.4,13.42,1650813.0
2020-07-24,13.42,13.45,13.12,13.25,722337.0
2020-07-27,13.25,13.43,13.12,13.42,940888.0
2020-07-28,13.41,13.52,13.31,13.46,532109.0
2020-07-29,13.56,13.6,13.32,13.6,570751.0
2020-07-30,13.5,13.81,13.43,13.79,598037.0
2020-07-31,13.8,13.92,13.66,13.79,693690.0
2020-08-03,13.93,13.93,13.68,13.75,316697.0
2020-08-04,13.82,13.95,13.64,13.79,679179.0
2020-08-05,13.88,13.88,13.56,13.69,794150.0
2020-08-06,13.63,13.71,13.53,13.59,419404.0
2020-08-07,13.54,13.86,13.53,13.73,514760.0
2020-08-10,13.84,13.87,13.66,13.74,436528.0
2020-08-11,13.77,13.88,13.57,13.59,567907.0
2020-08-12,13.68,13.91,13.65,13.69,721903.0
2020-08-13,13.68,13.83,13.68,13.79,846607.0
2020-08-14,13.68,13.7,13.19,13.63,1330164.0
2020-08-17,13.56,13.81,13.56,13.64,565773.0
2020-08-18,13.64,13.82,13.64,13.8,1094798.0
2020-08-19,13.86,14.03,13.84,13.9,662533.0
2020-08-20,13.87,13.92,13.74,13.88,521520.0
2020-08-21,13.84,14.02,13.74,13.98,460261.0
2020-08-24,14.07,14.14,13.85,13.97,623807.0
2020-08-25,13.98,14.03,13.78,13.88,595091.0
2020-08-26,13.9,13.9,13.7,13.81,709830.0
2020-08-27,13.9,14.05,13.8,13.84,438168.0
2020-08-28,13.88,13.94,13.68,13.74,410961.0
2020-08-31,13.81,14.0,13.79,13.83,637374.0
2020-09-01,13.92,14.0,13.62,13.93,727653.0
2020-09-02,13.92,14.24,13.92,14.19,680737.0
2020-09-03,14.2,14.21,13.68,13.81,606788.0
2020-09-04,13.82,13.9,13.62,13.72,446204.0
2020-09-08,13.62,13.89,13.52,13.74,642542.0
2020-09-09,13.86,14.13,13.86,14.03,503511.0
2020-09-10,14.02,14.02,13.76,13.79,732276.0
2020-09-11,13.89,14.08,13.85,13.92,544692.0
2020-09-14,14.04,14.18,13.99,14.05,881383.0
2020-09-15,14.25,14.38,14.14,14.23,787895.0
2020-09-16,14.3,14.41,14.13,14.14,659194.0
2020-09-17,14.09,14.24,14.03,14.2,508072.0
2020-09-18,14.22,14.24,13.89,14.05,1339968.0
2020-09-21,13.87,14.04,13.72,13.99,704522.0
2020-09-22,14.06,14.31,13.98,14.28,768301.0
2020-09-23,14.36,14.37,13.93,13.95,552157.0
2020-09-24,13.97,14.03,13.83,13.99,529123.0
2020-09-25,14.0,14.2,13.95,14.2,542831.0
2020-09-28,14.27,14.37,14.19,14.36,628865.0
2020-09-29,14.26,14.37,14.14,14.29,698316.0
2020-09-30,14.36,14.75,14.3,14.54,1476259.0
2020-10-01,14.55,14.66,14.46,14.66,824528.0
2020-10-02,14.48,14.81,14.48,14.76,772077.0
2020-10-05,14.9,15.45,14.83,15.31,1179626.0
2020-10-06,15.35,15.44,15.12,15.3,714964.0
2020-10-07,15.45,15.5,15.28,15.41,736758.0
2020-10-08,15.51,15.64,15.47,15.6,862525.0
2020-10-09,15.6,15.8,15.57,15.65,1030728.0
2020-10-12,15.78,15.78,15.54,15.57,768980.0
2020-10-13,15.61,15.74,15.48,15.59,1340087.0
2020-10-14,15.64,15.7,15.42,15.58,681699.0
2020-10-15,15.35,15.68,15.35,15.6,735109.0
2020-10-16,15.68,15.82,15.62,15.73,713447.0
2020-10-19,15.79,15.8,15.43,15.46,681816.0
2020-10-20,15.5,15.63,15.42,15.5,765281.0
2020-10-21,15.5,15.76,15.47,15.75,665575.0
2020-10-22,15.8,15.8,15.55,15.63,796356.0
2020-10-23,15.7,15.76,15.58,15.72,411122.0
2020-10-26,15.64,15.64,15.37,15.5,522748.0
2020-10-27,15.51,15.63,15.46,15.49,543844.0
2020-10-28,15.16,15.38,15.06,15.06,585336.0
2020-10-29,15.08,15.42,14.99,15.36,608180.0
2020-10-30,15.33,15.36,15.04,15.15,529774.0
2020-11-02,15.25,15.51,15.24,15.48,422886.0
2020-11-03,15.67,15.87,15.62,15.69,435863.0
2020-11-04,15.72,15.94,15.65,15.66,529241.0
2020-11-05,15.9,16.04,15.83,15.86,450914.0
2020-11-06,15.88,16.04,15.81,15.97,448758.0
2020-11-09,16.43,16.67,16.08,16.11,541527.0
2020-11-10,16.24,16.49,16.21,16.28,1046140.0
2020-11-11,16.41,16.65,16.33,16.38,578068.0
2020-11-12,16.35,16.46,16.02,16.22,427677.0
2020-11-13,16.4,16.4,15.85,15.89,1037340.0
2020-11-16,16.05,16.1,15.51,15.73,972784.0
2020-11-17,15.7,15.8,15.55,15.6,685754.0
2020-11-18,15.64,15.67,15.4,15.41,529860.0
2020-11-19,15.46,15.46,15.23,15.42,898669.0
2020-11-20,15.49,15.54,15.3,15.44,541052.0
2020-11-23,15.55,15.59,15.38,15.42,511706.0
2020-11-24,15.54,15.56,15.37,15.43,648651.0
2020-11-25,15.53,15.66,15.43,15.56,684270.0
2020-11-27,15.65,15.77,15.64,15.71,405990.0
2020-11-30,15.77,15.9,15.55,15.68,665657.0
2020-12-01,15.93,16.05,15.84,15.94,740993.0
2020-12-02,15.98,15.99,15.64,15.76,725791.0
2020-12-03,15.86,16.13,15.79,16.01,464597.0
2020-12-04,16.05,16.1,15.95,16.05,471303.0
2020-12-07,16.03,16.07,15.91,15.96,468509.0
2020-12-08,15.96,16.05,15.9,16.02,407534.0
2020-12-09,16.02,16.14,15.89,16.02,556789.0
2020-12-10,15.93,16.1,15.93,16.04,487514.0
2020-12-11,16.01,16.06,15.82,15.94,634400.0
2020-12-14,16.09,16.18,15.95,15.96,979981.0
2020-12-15,16.08,16.29,16.01,16.22,508224.0
2020-12-16,16.24,16.42,16.05,16.17,585861.0
2020-12-17,16.23,16.39,16.13,16.22,639207.0
2020-12-18,16.2,16.26,15.92,15.98,870282.0
2020-12-21,15.85,15.96,15.62,15.89,672957.0
2020-12-22,15.95,16.06,15.81,15.93,534524.0
2020-12-23,16.05,16.21,16.05,16.13,391904.0
2020-12-24,16.22,16.31,16.18,16.24,211559.0
2020-12-28,16.34,16.37,16.25,16.28,431013.0
2020-12-29,16.38,16.68,16.38,16.61,570939.0
2020-12-30,16.51,16.6,16.38,16.52,691999.0
2020-12-31,16.53,16.59,16.41,16.46,413566.0
2021-01-04,16.48,16.6,16.11,16.25,655469.0
2021-01-05,16.21,16.36,16.16,16.34,735702.0
2021-01-06,16.33,16.96,16.26,16.58,1599855.0
2021-01-07,16.59,16.93,16.56,16.81,1063375.0
2021-01-08,16.93,17.24,16.85,17.17,1039141.0
2021-01-11,17.05,17.15,16.72,16.85,756490.0
2021-01-12,16.83,16.89,16.56,16.69,746635.0
2021-01-13,16.65,17.06,16.58,16.94,1529596.0
2021-01-14,17.03,17.08,16.77,16.84,505930.0
2021-01-15,16.81,17.01,16.7,16.9,528580.0
2021-01-19,17.0,17.0,16.73,16.85,516898.0
2021-01-20,16.94,17.22,16.85,17.16,449775.0
2021-01-21,17.26,17.36,17.11,17.31,644242.0
2021-01-22,17.2,17.34,17.07,17.3,543958.0
2021-01-25,17.37,17.63,17.31,17.58,806655.0
2021-01-26,17.57,17.68,17.37,17.52,576310.0
2021-01-27,17.29,17.35,16.83,16.92,713185.0
2021-01-28,16.92,17.14,16.76,16.96,1431440.0
2021-01-29,16.89,16.93,16.47,16.62,1188515.0
2021-02-01,16.75,16.92,16.65,16.79,619390.0
2021-02-02,16.88,17.12,16.88,17.03,374745.0
2021-02-03,17.15,17.16,16.92,17.13,577475.0
2021-02-04,17.13,17.35,17.03,17.34,880075.0
2021-02-05,17.42,17.56,17.32,17.53,788065.0
2021-02-08,17.61,17.67,17.43,17.44,1517700.0
2021-02-09,17.51,17.51,17.26,17.48,1074547.0
2021-02-10,17.62,17.64,17.36,17.5,665032.0
2021-02-11,17.5,17.75,17.5,17.74,696320.0
2021-02-12,17.74,17.75,17.57,17.7,595313.0
2021-02-16,17.82,17.86,17.4,17.46,755979.0
2021-02-17,17.43,17.48,17.28,17.29,516069.0
2021-02-18,17.29,17.46,17.18,17.34,541557.0
2021-02-19,17.45,17.45,17.15,17.26,816840.0
2021-02-22,17.18,17.18,16.28,16.46,1526719.0
2021-02-23,16.44,16.51,16.27,16.32,860476.0
2021-02-24,16.32,16.42,16.04,16.17,1244228.0
2021-02-25,16.09,16.26,15.76,15.89,1081169.0
2021-02-26,15.88,15.93,15.46,15.46,1019170.0
2021-03-01,15.68,15.98,15.68,15.74,1412635.0
2021-03-02,15.79,15.96,15.61,15.89,1302937.0
2021-03-03,15.93,15.93,15.56,15.6,956440.0
2021-03-04,15.6,15.82,15.39,15.44,1488660.0
2021-03-05,15.6,15.6,14.93,15.19,2142310.0
2021-03-08,15.15,15.51,15.09,15.26,2240755.0
2021-03-09,15.51,15.79,15.35,15.4,1996814.0
2021-03-10,15.44,15.7,15.39,15.54,1066561.0
2021-03-11,15.67,15.93,15.58,15.9,1576663.0
2021-03-12,15.88,15.96,15.67,15.88,935549.0
2021-03-15,15.98,16.08,15.85,16.02,913490.0
2021-03-16,16.05,16.23,15.98,16.15,1654856.0
2021-03-17,16.06,16.17,15.93,16.12,1114264.0
2021-03-18,16.01,16.01,15.52,15.55,1298714.0
2021-03-19,15.53,15.7,15.38,15.61,2569100.0
2021-03-22,15.7,15.84,15.63,15.77,957632.0
2021-03-23,15.85,15.97,15.72,15.78,1263578.0
2021-03-24,15.77,15.9,15.63,15.74,1559107.0
2021-03-25,15.74,15.89,15.65,15.84,792889.0
2021-03-26,15.86,15.95,15.75,15.89,872971.0
2021-03-29,15.95,15.95,15.78,15.91,1037731.0
2021-03-30,15.68,15.73,15.5,15.67,977942.0
2021-03-31,15.7,15.88,15.68,15.84,901136.0
2021-04-01,15.91,16.0,15.84,15.97,780651.0
2021-04-05,16.07,16.98,16.07,16.6,2540779.0
2021-04-06,16.57,16.59,16.29,16.4,900200.0
2021-04-07,16.49,16.49,16.22,16.3,629859.0
2021-04-08,16.43,16.45,16.36,16.41,497783.0
2021-04-09,16.5,16.5,16.34,16.43,496597.0
2021-04-12,16.43,16.43,16.11,16.18,1044160.0
2021-04-13,16.18,16.38,16.11,16.38,624564.0
2021-04-14,16.29,16.29,16.09,16.16,1593966.0
2021-04-15,16.3,16.3,16.09,16.26,876818.0
2021-04-16,16.32,16.39,16.19,16.24,1076153.0
2021-04-19,16.11,16.16,15.92,16.05,1198945.0
2021-04-20,16.04,16.19,15.99,16.13,1035576.0
2021-04-21,16.19,16.4,16.17,16.34,726941.0
2021-04-22,16.37,16.51,16.26,16.34,712385.0
2021-04-23,16.36,16.41,16.17,16.19,634992.0
2021-04-26,16.2,16.26,16.06,16.2,602715.0
2021-04-27,16.2,16.23,16.08,16.12,562448.0
2021-04-28,16.12,16.25,16.02,16.19,600523.0
2021-04-29,16.31,16.33,16.1,16.12,728430.0
2021-04-30,16.14,16.26,16.08,16.14,781639.0
2021-05-03,16.17,16.21,16.06,16.1,577193.0
2021-05-04,16.09,16.09,15.8,15.96,718832.0
2021-05-05,16.0,16.04,15.69,15.75,740400.0
2021-05-06,15.81,15.82,15.65,15.75,1043323.0
2021-05-07,15.9,16.26,15.83,15.89,1096907.0
2021-05-10,15.94,16.03,15.82,15.88,1047964.0
2021-05-11,15.77,15.83,15.5,15.58,1237431.0
2021-05-12,15.58,15.58,15.08,15.09,1333392.0
2021-05-13,15.18,15.34,15.06,15.14,2328864.0
2021-05-14,15.28,15.48,15.28,15.36,1752041.0
2021-05-17,15.4,15.44,15.14,15.21,830538.0
2021-05-18,15.22,15.39,15.16,15.29,1313240.0
2021-05-19,15.2,15.29,15.12,15.27,1199563.0
2021-05-20,15.32,15.62,15.32,15.48,569114.0
2021-05-21,15.55,15.56,15.32,15.45,784800.0
2021-05-24,15.53,15.57,15.47,15.51,559058.0
2021-05-25,15.51,15.56,15.37,15.44,1349750.0
2021-05-26,15.48,15.5,15.29,15.42,677361.0
2021-05-27,15.42,15.47,15.25,15.33,1011503.0
2021-05-28,15.35,15.42,15.27,15.28,644713.0
2021-06-01,15.48,15.58,15.29,15.36,1715732.0
2021-06-02,15.4,15.47,15.3,15.43,818527.0
2021-06-03,15.4,15.52,15.37,15.44,686642.0
2021-06-04,15.51,15.62,15.46,15.58,577614.0
2021-06-07,15.67,15.8,15.62,15.7,574954.0
2021-06-08,15.8,15.82,15.61,15.68,649421.0
2021-06-09,15.77,15.86,15.75,15.81,1029805.0
2021-06-10,15.86,16.02,15.78,15.94,740801.0
2021-06-11,15.96,16.09,15.86,16.01,757630.0
2021-06-14,16.08,16.26,16.08,16.2,1281311.0
2021-06-15,16.25,16.25,16.07,16.08,446699.0
2021-06-16,16.15,16.25,15.95,15.95,655733.0
2021-06-17,15.2,15.54,14.96,15.0,26004652.0
2021-06-18,14.84,15.21,14.82,15.07,17207491.0
2021-06-21,15.1,15.31,15.06,15.17,4600300.0
2021-06-22,15.16,15.34,15.16,15.32,3671971.0
2021-06-23,15.33,15.35,15.16,15.18,2994193.0
2021-06-24,15.26,15.37,15.18,15.24,1324853.0
2021-06-25,15.29,15.39,15.25,15.31,3076832.0
2021-06-28,15.36,15.41,15.26,15.39,2908715.0
2021-06-29,15.21,15.27,14.99,15.0,2826407.0
2021-06-30,15.06,15.06,14.76,14.88,3214974.0
2021-07-01,14.89,15.11,14.88,15.03,1731901.0
2021-07-02,15.07,15.07,14.95,15.03,1956527.0
2021-07-06,15.11,15.16,14.96,15.09,4719238.0
2021-07-07,15.1,15.19,15.06,15.12,1640103.0
2021-07-08,14.96,15.01,14.84,14.89,3070855.0
2021-07-09,14.93,15.11,14.91,15.07,2227207.0
2021-07-12,15.12,15.14,15.03,15.09,1257306.0
2021-07-13,15.09,15.12,14.91,14.93,913405.0
2021-07-14,14.97,15.04,14.9,14.96,1242867.0
2021-07-15,14.93,15.03,14.9,15.03,1146208.0
2021-07-16,15.05,15.4,15.05,15.23,1849494.0
2021-07-19,15.07,15.11,14.75,14.97,2185435.0
2021-07-20,15.0,15.12,14.89,15.1,1366811.0
2021-07-21,15.1,15.32,15.1,15.32,4703454.0
2021-07-22,15.34,15.36,15.22,15.31,853377.0
2021-07-23,15.32,15.46,15.32,15.44,926011.0
2021-07-26,15.44,15.45,15.3,15.35,1086146.0
2021-07-27,15.3,15.43,15.28,15.4,1900933.0
2021-07-28,15.45,15.53,15.39,15.46,974601.0
2021-07-29,15.52,15.81,15.52,15.78,2330415.0
2021-07-30,15.8,15.98,15.76,15.97,5292406.0
2021-08-02,15.94,16.09,15.85,16.06,2322129.0
2021-08-03,16.06,16.1,15.85,15.89,2492957.0
2021-08-04,15.8,15.92,15.8,15.88,1085455.0
2021-08-05,15.93,16.09,15.86,16.09,2160910.0
2021-08-06,16.08,16.08,15.91,15.92,884616.0
2021-08-09,16.03,16.03,15.87,15.89,749463.0
2021-08-10,15.89,15.95,15.81,15.88,824672.0
2021-08-11,15.92,16.02,15.89,15.9,1135349.0
2021-08-12,15.88,15.89,15.42,15.59,2620437.0
2021-08-13,15.56,15.81,15.56,15.63,3111445.0
2021-08-16,15.62,15.72,15.54,15.61,1085094.0
2021-08-17,15.54,15.61,15.46,15.61,950773.0
2021-08-18,15.66,15.66,15.42,15.46,1500894.0
2021-08-19,15.32,15.44,15.24,15.42,2304570.0
2021-08-20,15.45,15.72,15.31,15.64,3423265.0
2021-08-23,15.6,15.81,15.55,15.76,2333167.0
2021-08-24,15.78,15.81,15.63,15.74,4267992.0
2021-08-25,15.73,15.77,15.61,15.73,894729.0
2021-08-26,15.7,15.73,15.54,15.57,1157408.0
2021-08-27,15.53,15.61,15.48,15.59,1030625.0
2021-08-30,15.6,15.68,15.58,15.62,1394324.0
2021-08-31,15.66,15.66,15.51,15.53,1280281.0
2021-09-01,15.57,15.64,15.53,15.57,1494657.0
2021-09-02,15.59,15.7,15.56,15.68,1744271.0
2021-09-03,15.65,15.71,15.63,15.64,1005657.0
2021-09-07,15.56,15.59,15.42,15.42,2177786.0
2021-09-08,15.41,15.7,15.41,15.59,1116520.0
2021-09-09,15.61,15.65,15.54,15.55,784851.0
2021-09-10,15.58,15.63,15.35,15.35,968495.0
2021-09-13,15.46,15.55,15.39,15.41,1856331.0
2021-09-14,15.48,15.59,15.38,15.41,832146.0
2021-09-15,15.41,15.58,15.37,15.55,1434599.0
2021-09-16,15.52,15.61,15.42,15.49,944790.0
2021-09-17,15.46,15.5,15.31,15.31,2198162.0
2021-09-20,15.26,15.28,15.05,15.19,1361267.0
2021-09-21,15.22,15.41,15.2,15.21,1815954.0
2021-09-22,15.29,15.44,15.21,15.29,1817261.0
2021-09-23,15.45,15.51,15.22,15.23,5375464.0
2021-09-24,15.21,15.26,15.11,15.12,1319281.0
2021-09-27,15.11,15.3,15.1,15.19,1394002.0
2021-09-28,15.19,15.24,14.82,14.84,2291583.0
2021-09-29,14.7,14.8,14.63,14.73,1077045.0
2021-09-30,14.75,14.83,14.62,14.66,1517139.0
2021-10-01,14.72,14.77,14.53,14.68,1600760.0
2021-10-04,14.68,14.89,14.68,14.85,1555963.0
2021-10-05,14.87,14.87,14.7,14.72,1723295.0
2021-10-06,14.65,14.7,14.46,14.66,1298238.0
2021-10-07,14.7,14.82,14.57,14.59,1222386.0
2021-10-08,14.59,14.67,14.48,14.52,1888736.0
2021-10-11,14.56,14.7,14.42,14.43,1810773.0
2021-10-12,14.6,14.78,14.53,14.68,2107184.0
2021-10-13,14.72,14.9,14.71,14.89,1610011.0
2021-10-14,14.94,15.25,14.94,15.13,1371239.0
2021-10-15,15.13,15.18,15.03,15.05,1133581.0
2021-10-18,15.0,15.04,14.86,14.97,1022997.0
2021-10-19,15.0,15.15,14.99,15.11,944270.0
2021-10-20,15.18,15.26,15.15,15.18,957656.0
2021-10-21,15.17,15.23,15.08,15.1,613202.0
2021-10-22,15.16,15.24,15.1,15.14,1035041.0
2021-10-25,15.14,15.14,15.01,15.03,974483.0
2021-10-26,15.09,15.16,15.03,15.04,1234647.0
2021-10-27,14.5,14.77,14.4,14.41,5945770.0
2021-10-28,14.47,14.58,14.4,14.45,4726536.0
2021-10-29,14.44,14.46,14.3,14.43,3459295.0
2021-11-01,14.41,14.54,14.39,14.53,1843222.0
2021-11-02,14.52,14.53,14.38,14.48,1626901.0
2021-11-03,14.41,14.48,14.36,14.39,2914222.0
2021-11-04,14.39,14.42,14.28,14.29,5945871.0
2021-11-05,14.29,14.39,14.26,14.28,7859037.0
2021-11-08,14.32,14.32,14.14,14.2,5627099.0
2021-11-09,14.24,14.38,14.22,14.26,4964045.0
2021-11-10,14.41,14.56,14.33,14.34,2700466.0
2021-11-11,14.33,14.34,13.96,14.12,4118407.0
2021-11-12,14.2,14.24,13.93,14.2,2423066.0
2021-11-15,14.2,14.31,14.15,14.27,3277970.0
2021-11-16,14.29,14.38,14.14,14.15,2332716.0
2021-11-17,14.11,14.14,13.97,14.11,2562617.0
2021-11-18,14.07,14.27,14.04,14.15,2907442.0
2021-11-19,14.15,14.24,14.13,14.2,2268868.0
2021-11-22,14.18,14.23,13.99,14.0,2999147.0
2021-11-23,13.95,14.01,13.88,13.91,1948188.0
2021-11-24,13.87,13.95,13.8,13.87,1345136.0
2021-11-26,13.83,13.83,13.64,13.7,1229427.0
2021-11-29,13.75,13.8,13.62,13.76,3837720.0
2021-11-30,13.7,13.78,13.39,13.53,3297903.0
2021-12-01,13.6,13.83,13.43,13.45,2980733.0
2021-12-02,13.48,13.66,13.47,13.56,1953275.0
2021-12-03,13.64,13.64,13.45,13.54,4621590.0
2021-12-06,13.63,13.89,13.61,13.84,2129872.0
2021-12-07,13.93,14.15,13.92,14.08,4595694.0
2021-12-08,14.08,14.2,14.01,14.03,2766765.0
2021-12-09,14.05,14.05,13.87,13.9,1090566.0
2021-12-10,13.89,14.01,13.83,13.88,1946560.0
2021-12-13,13.81,14.01,13.81,13.99,2048551.0
2021-12-14,13.9,13.9,13.51,13.66,6000963.0
2021-12-15,13.59,13.79,13.44,13.77,4069308.0
2021-12-16,13.77,13.92,13.75,13.83,2304801.0
2021-12-17,13.79,14.04,13.74,13.92,3763971.0
2021-12-20,13.79,14.01,13.77,14.0,3005232.0
2021-12-21,14.07,14.27,14.03,14.12,3056969.0
2021-12-22,14.12,14.26,14.05,14.25,2643512.0
2021-12-23,14.28,14.37,14.25,14.32,834847.0
2021-12-27,14.34,14.41,14.23,14.4,828668.0
2021-12-28,14.44,14.5,14.39,14.41,1820047.0
2021-12-29,14.37,14.47,14.3,14.45,1121279.0
2021-12-30,14.33,14.5,14.29,14.43,1257815.0
2021-12-31,14.45,14.53,14.41,14.45,1064363.0
2022-01-03,14.45,14.47,14.21,14.35,1060692.0
2022-01-04,14.39,14.42,14.25,14.29,1445680.0
2022-01-05,14.26,14.36,14.12,14.12,1553356.0
2022-01-06,14.1,14.29,14.02,14.08,3598136.0
2022-01-07,14.09,14.28,14.02,14.18,1688336.0
2022-01-10,14.14,14.16,13.91,14.02,3025642.0
2022-01-11,14.06,14.09,13.9,13.95,8405613.0
2022-01-12,14.0,14.02,13.89,13.94,3878209.0
2022-01-13,13.96,14.09,13.93,14.02,1767193.0
2022-01-14,13.97,14.05,13.77,13.84,1732588.0
2022-01-18,13.89,14.1,13.8,14.05,3185005.0
2022-01-19,14.12,14.21,13.99,14.16,2035581.0
2022-01-20,14.19,14.41,14.17,14.18,1936728.0
2022-01-21,14.11,14.14,13.96,14.02,2539901.0
2022-01-24,13.83,13.92,13.5,13.81,3688815.0
2022-01-25,13.64,13.87,13.56,13.68,2674572.0
2022-01-26,13.82,13.97,13.67,13.73,2916397.0
2022-01-27,13.86,13.99,13.76,13.8,2133442.0
2022-01-28,13.79,13.99,13.72,13.99,1842549.0
2022-01-31,13.97,14.33,13.96,14.29,1915573.0
2022-02-01,14.36,14.38,14.09,14.18,1706716.0
2022-02-02,14.18,14.36,14.18,14.29,1626144.0
2022-02-03,14.2,14.29,14.1,14.13,1466704.0
2022-02-04,14.03,14.1,13.9,14.04,1017583.0
2022-02-07,14.01,14.19,14.01,14.13,1917093.0
2022-02-08,14.17,14.23,14.12,14.14,1391631.0
2022-02-09,14.23,14.32,14.21,14.31,2169572.0
2022-02-10,14.2,14.31,14.03,14.08,1592551.0
2022-02-11,14.07,14.18,13.91,13.98,1936750.0
2022-02-14,13.92,14.02,13.83,13.92,1635206.0
2022-02-15,13.98,14.01,13.88,13.92,1179023.0
2022-02-16,13.93,14.06,13.91,13.99,2022851.0
2022-02-17,13.92,14.1,13.92,14.0,1190355.0
2022-02-18,14.02,14.15,13.89,13.92,1421724.0
2022-02-22,13.92,13.96,13.77,13.86,2092416.0
2022-02-23,13.92,14.05,13.83,13.87,1382552.0
2022-02-24,13.7,14.07,13.59,14.04,3167806.0
2022-02-25,14.11,14.3,14.03,14.26,2186633.0
2022-02-28,14.16,14.57,14.16,14.48,2587177.0
2022-03-01,14.48,14.64,14.3,14.43,2432954.0
2022-03-02,14.47,14.64,14.44,14.59,2452992.0
2022-03-03,14.63,14.67,14.44,14.6,2371589.0
2022-03-04,14.45,14.72,14.34,14.7,2693688.0
2022-03-07,14.69,15.07,14.62,14.99,3344601.0
2022-03-08,15.03,15.21,14.91,14.92,3236884.0
2022-03-09,15.01,15.2,14.98,14.99,2140709.0
2022-03-10,14.97,15.18,14.88,15.11,3091642.0
2022-03-11,15.19,15.26,15.08,15.08,1072370.0
2022-03-14,15.09,15.19,14.63,14.74,2500821.0
2022-03-15,14.75,14.87,14.7,14.79,1929641.0
2022-03-16,14.81,14.95,14.66,14.82,1665665.0
2022-03-17,14.83,15.14,14.81,15.1,1438224.0
2022-03-18,15.08,15.31,15.06,15.27,2964369.0
2022-03-21,15.2,15.41,15.2,15.23,1619588.0
2022-03-22,15.29,15.32,15.09,15.2,1799546.0
2022-03-23,15.16,15.2,15.04,15.15,1513702.0
2022-03-24,15.19,15.29,15.16,15.27,1670163.0
2022-03-25,15.35,15.49,15.27,15.45,1721763.0
2022-03-28,15.37,15.52,15.35,15.48,1605710.0
2022-03-29,15.52,15.63,15.48,15.58,1778107.0
2022-03-30,15.47,15.54,15.36,15.5,1499351.0
2022-03-31,15.49,15.66,15.42,15.52,1809019.0
2022-04-01,15.53,15.62,15.38,15.59,1773791.0
2022-04-04,15.59,15.67,15.45,15.65,2861070.0
2022-04-05,15.72,15.95,15.68,15.73,1854516.0
2022-04-06,15.65,16.01,15.65,15.99,1963757.0
2022-04-07,16.01,16.01,15.79,15.94,1498648.0
2022-04-08,15.94,16.01,15.84,15.86,1268587.0
2022-04-11,15.86,15.86,15.52,15.71,2158509.0
2022-04-12,15.71,15.85,15.57,15.68,1667513.0
2022-04-13,15.68,15.73,15.53,15.7,1635541.0
2022-04-14,15.71,15.76,15.61,15.62,1277225.0
2022-04-18,15.63,15.73,15.46,15.53,1234812.0
2022-04-19,15.55,15.68,15.48,15.57,825523.0
2022-04-20,15.7,15.93,15.59,15.83,1163558.0
2022-04-21,15.88,15.95,15.57,15.63,2033872.0
2022-04-22,15.59,15.66,15.22,15.27,2311451.0
2022-04-25,15.15,15.25,14.85,15.08,1938042.0
2022-04-26,15.0,15.13,14.8,14.82,1550719.0
2022-04-27,14.81,14.88,14.67,14.71,1730494.0
2022-04-28,14.79,14.9,14.69,14.81,1266640.0
2022-04-29,14.76,14.88,14.45,14.45,2019055.0
2022-05-02,14.37,14.44,14.08,14.26,2487335.0
2022-05-03,14.3,14.47,14.17,14.18,2485011.0
2022-05-04,14.08,14.15,13.79,14.06,3314791.0
2022-05-05,14.01,14.04,13.73,13.82,3632768.0
2022-05-06,13.76,13.89,13.67,13.78,2273668.0
2022-05-09,13.67,13.74,13.51,13.58,3302975.0
2022-05-10,13.67,13.82,13.39,13.55,3353297.0
2022-05-11,13.5,13.7,13.43,13.44,3098736.0
2022-05-12,13.37,13.44,13.26,13.4,3896956.0
2022-05-13,13.58,14.13,13.57,14.1,3304389.0
2022-05-16,14.07,14.23,13.96,14.12,2335041.0
2022-05-17,14.15,14.41,14.12,14.38,2149910.0
2022-05-18,14.46,14.58,14.18,14.25,2480877.0
2022-05-19,14.2,14.53,14.19,14.42,2800470.0
2022-05-20,14.49,14.49,14.25,14.42,2127484.0
2022-05-23,14.52,14.73,14.51,14.65,1161127.0
2022-05-24,14.56,14.65,14.41,14.61,2386965.0
2022-05-25,14.63,14.71,14.49,14.58,2208474.0
2022-05-26,14.6,14.64,14.48,14.5,1388034.0
2022-05-27,14.46,14.61,14.46,14.51,1464756.0
2022-05-31,14.51,14.72,14.44,14.56,2613684.0
2022-06-01,14.58,14.58,14.29,14.3,2221607.0
2022-06-02,14.36,14.64,14.25,14.64,2724372.0
2022-06-03,14.55,14.72,14.55,14.63,1558037.0
2022-06-06,14.69,14.85,14.68,14.73,1377779.0
2022-06-07,14.64,14.71,14.55,14.67,1592222.0
2022-06-08,14.63,14.75,14.56,14.62,1384322.0
2022-06-09,14.57,14.64,14.28,14.3,2605951.0
2022-06-10,14.15,14.25,14.05,14.18,2318499.0
2022-06-13,13.95,14.01,13.73,13.82,3253157.0
2022-06-14,13.78,13.79,13.15,13.19,3172292.0
2022-06-15,13.27,13.5,13.1,13.35,3029524.0
2022-06-16,13.19,13.21,12.96,13.06,2551933.0
2022-06-17,13.07,13.19,12.88,12.96,4255354.0
2022-06-21,13.03,13.24,13.03,13.18,2358303.0
2022-06-22,13.08,13.385,13.07,13.28,1882615.0
2022-06-23,13.38,13.53,13.31,13.52,1875285.0
2022-06-24,13.64,13.89,13.59,13.86,2350119.0
2022-06-27,13.89,14.055,13.78,13.93,2025735.0
2022-06-28,14.01,14.06,13.8,13.81,2651418.0
2022-06-29,13.57,13.65,13.43,13.46,2171022.0
2022-06-30,13.37,13.48,13.295,13.43,2560014.0
2022-07-01,13.51,13.84,13.41,13.78,2076298.0
2022-07-05,13.51,13.67,13.03,13.29,3442516.0
2022-07-06,13.37,13.535,13.37,13.44,1976400.0
2022-07-07,13.51,13.555,13.39,13.4,1254474.0
2022-07-08,13.39,13.51,13.25,13.48,1588029.0
2022-07-11,13.44,13.485,13.3,13.37,1228841.0
2022-07-12,13.32,13.475,13.24,13.32,1205596.0
2022-07-13,13.19,13.48,13.18,13.4,1477746.0
2022-07-14,13.15,13.31,13.065,13.28,1594160.0
2022-07-15,13.4,13.43,13.145,13.3,1642607.0
2022-07-18,13.36,13.52,13.3,13.3,2176070.0
2022-07-19,13.4,13.52,13.39,13.44,941145.0
2022-07-20,13.42,13.45,13.2899,13.32,1457143.0
2022-07-21,13.25,13.35,13.21,13.3,991376.0
2022-07-22,13.39,13.51,13.33,13.38,928567.0
2022-07-25,13.38,13.56,13.365,13.56,2263113.0
2022-07-26,13.51,13.6357,13.51,13.57,1075871.0
2022-07-27,13.63,13.685,13.53,13.61,1331881.0
2022-07-28,13.75,13.945,13.665,13.92,1727487.0
2022-07-29,13.94,14.06,13.86,13.99,1129780.0
2022-08-01,13.95,14.04,13.89,13.99,1045801.0
2022-08-02,14.0,14.105,13.9,13.95,1107245.0
2022-08-03,13.99,14.03,13.825,14.0,1046842.0
2022-08-04,14.08,14.27,13.94,14.21,1740717.0
2022-08-05,14.16,14.16,13.9401,14.07,1809295.0
2022-08-08,14.23,14.335,14.21,14.29,1098319.0
2022-08-09,14.28,14.34,14.21,14.29,2617814.0
2022-08-10,14.39,14.57,14.39,14.49,1505816.0
2022-08-11,14.53,14.6,14.43,14.47,1730377.0
2022-08-12,14.65,14.65,14.33,14.49,1340713.0
2022-08-15,14.35,14.56,14.34,14.54,1710406.0
2022-08-16,14.54,14.61,14.48,14.55,1610030.0
2022-08-17,14.48,14.55,14.42,14.46,1153475.0
2022-08-18,14.46,14.48,14.33,14.37,949614.0
2022-08-19,14.33,14.33,14.21,14.27,946810.0
2022-08-22,14.15,14.27,14.05,14.13,1110210.0
2022-08-23,14.14,14.24,14.07,14.23,1123028.0
2022-08-24,14.22,14.34,14.08,14.33,1730172.0
2022-08-25,14.33,14.39,14.25,14.38,752305.0
2022-08-26,14.43,14.45,14.1,14.15,940605.0
2022-08-29,14.11,14.24,14.07,14.18,1004889.0
2022-08-30,14.22,14.25,13.95,13.98,1187858.0
2022-08-31,13.92,13.95,13.67,13.71,2900428.0
2022-09-01,13.68,13.74,13.56,13.72,1292550.0
2022-09-02,13.78,13.95,13.64,13.7,1080960.0
2022-09-06,13.73,13.74,13.53,13.58,1300755.0
2022-09-07,13.58,13.81,13.51,13.74,1433783.0
2022-09-08,13.7,13.86,13.65,13.76,1675936.0
2022-09-09,13.85,13.87,13.75,13.77,2371983.0
2022-09-12,13.82,13.94,13.76,13.94,1355428.0
2022-09-13,13.77,13.8,13.48,13.5,1612242.0
2022-09-14,13.46,13.65,13.46,13.51,1127603.0
2022-09-15,13.45,13.49,13.35,13.41,1422805.0
2022-09-16,13.33,13.37,13.19,13.2,2107914.0
2022-09-19,13.12,13.24,13.05,13.22,1920488.0
2022-09-20,13.14,13.2,12.73,12.81,2070232.0
2022-09-21,12.84,13.0,12.69,12.75,3471671.0
2022-09-22,12.7,12.73,12.57,12.67,1900618.0
2022-09-23,12.57,12.58,12.37,12.49,2293806.0
2022-09-26,12.38,12.41,11.82,11.92,2571899.0
2022-09-27,12.04,12.05,11.66,11.69,3256222.0
2022-09-28,11.55,11.65,11.35,11.6,2540994.0
2022-09-29,11.47,11.49,10.94,11.06,4896274.0
2022-09-30,11.06,11.27,10.9,10.91,3686485.0
2022-10-03,11.17,11.56,11.1,11.44,3264511.0
2022-10-04,11.57,11.78,11.53,11.77,2920852.0
2022-10-05,11.63,11.63,11.2,11.34,2843449.0
2022-10-06,11.33,11.33,10.81,10.83,4293617.0
2022-10-07,10.88,11.01,10.67,10.72,3044890.0
2022-10-10,10.71,10.71,10.38,10.48,2717909.0
2022-10-11,10.62,10.75,10.44,10.57,4010332.0
2022-10-12,10.54,10.54,10.22,10.22,2686492.0
2022-10-13,10.06,10.59,9.93,10.49,6459488.0
2022-10-14,10.61,10.64,10.24,10.24,3185955.0
2022-10-17,10.46,10.78,10.42,10.64,3797610.0
2022-10-18,10.75,10.86,10.62,10.76,4756915.0
2022-10-19,10.66,10.67,10.49,10.59,2298883.0
2022-10-20,10.64,10.64,10.29,10.33,2391710.0
2022-10-21,10.34,10.57,10.24,10.52,2220738.0
2022-10-24,10.56,10.6,10.38,10.5,1958539.0
2022-10-25,10.5,10.79,10.5,10.79,3714202.0
2022-10-26,10.84,10.95,10.72,10.78,2120687.0
2022-10-27,10.9,11.04,10.82,10.91,2725138.0
2022-10-28,10.94,11.0,10.84,11.0,2093934.0
2022-10-31,10.96,11.08,10.87,11.06,3412024.0
2022-11-01,11.23,11.23,10.93,10.96,2670354.0
2022-11-02,10.96,11.14,10.81,10.84,3419737.0
2022-11-03,10.71,10.8,10.61,10.76,2935101.0
2022-11-04,10.91,11.1,10.87,11.06,3845592.0
2022-11-07,11.08,11.08,10.73,10.84,2618539.0
2022-11-08,10.84,11.17,10.84,11.12,2514820.0
2022-11-09,11.1,11.19,10.9,10.92,2581676.0
2022-11-10,11.19,11.51,11.19,11.51,4555168.0
2022-11-11,10.47,10.49,9.26,9.3,12636622.0
2022-11-14,9.25,9.25,7.88,7.97,24823655.0
2022-11-15,8.16,8.22,7.68,7.79,19109326.0
2022-11-16,7.74,8.02,7.56,7.68,12164439.0
2022-11-17,7.6,7.72,7.42,7.49,7798707.0
2022-11-18,7.51,7.75,7.46,7.67,8170596.0
2022-11-21,7.67,7.74,7.5,7.6,6677844.0
2022-11-22,7.63,7.65,7.41,7.5,5512833.0
2022-11-23,7.47,7.7,7.45,7.67,6208810.0
2022-11-25,7.65,7.83,7.64,7.68,3414927.0
2022-11-28,7.61,7.64,7.41,7.45,5550248.0
2022-11-29,7.41,7.43,7.25,7.3,7736530.0
2022-11-30,7.32,7.56,7.29,7.55,13460509.0
2022-12-01,7.61,7.71,7.55,7.62,7395810.0
2022-12-02,7.53,7.6,7.45,7.55,3424586.0
2022-12-05,7.54,7.58,7.34,7.39,5944953.0
2022-12-06,7.37,7.38,7.07,7.23,8499774.0
2022-12-07,7.25,7.45,7.15,7.31,9654735.0
2022-12-08,7.34,7.34,7.22,7.25,5148502.0
2022-12-09,7.2,7.27,7.14,7.19,6662440.0
2022-12-12,7.2,7.31,7.04,7.31,7739365.0
2022-12-13,7.39,7.54,7.22,7.25,7733892.0
2022-12-14,7.26,7.37,7.12,7.13,6949732.0
2022-12-15,7.08,7.44,6.82,7.27,19130032.0
2022-12-16,7.2,7.23,6.81,6.89,15877067.0
2022-12-19,6.94,6.98,6.62,6.68,10969102.0
2022-12-20,6.63,6.86,6.62,6.71,7223446.0
2022-12-21,6.7,6.76,6.63,6.73,6639061.0
2022-12-22,6.68,6.7,6.46,6.59,7206303.0
2022-12-23,6.59,6.77,6.53,6.76,5223501.0
2022-12-27,6.75,6.75,6.5,6.56,3908374.0
2022-12-28,6.63,6.77,6.55,6.59,6249406.0
2022-12-29,6.5,6.6,6.41,6.57,4777438.0
2022-12-30,6.53,6.59,6.44,6.52,5352838.0
2023-01-03,6.54,6.78,6.5,6.73,5809330.0
2023-01-04,6.84,6.94,6.74,6.86,4351534.0
2023-01-05,6.89,7.04,6.83,6.96,7160806.0
2023-01-06,7.05,7.21,6.97,7.19,7865534.0
2023-01-09,7.27,7.46,7.2,7.29,7304243.0
2023-01-10,7.26,7.33,7.19,7.22,5609834.0
2023-01-11,7.28,7.44,7.28,7.4,5333032.0
2023-01-12,7.23,7.37,6.82,7.14,18073548.0
2023-01-13,6.99,7.02,6.6,6.66,13347083.0
2023-01-17,6.7,7.17,6.69,7.16,9570177.0
2023-01-18,7.21,7.21,6.9,6.94,8314969.0
2023-01-19,6.9,7.01,6.84,6.99,3992802.0
2023-01-20,6.99,7.18,6.85,7.18,5000760.0
2023-01-23,7.18,7.32,7.13,7.3,4541433.0
2023-01-24,7.31,7.36,7.17,7.32,4029354.0
2023-01-25,7.28,7.38,7.22,7.31,3834049.0
2023-01-26,7.35,7.37,7.25,7.3,3714622.0
2023-01-27,7.19,7.37,7.19,7.3,4508276.0
2023-01-30,7.22,7.29,7.17,7.18,3810948.0
2023-01-31,7.16,7.31,7.14,7.3,4533416.0
2023-02-01,7.25,7.44,7.23,7.39,4048073.0
2023-02-02,7.44,7.62,7.39,7.49,3850214.0
2023-02-03,7.44,7.45,7.31,7.36,4090115.0
2023-02-06,7.35,7.45,7.31,7.41,5280753.0
2023-02-07,7.35,7.48,7.31,7.45,3919485.0
2023-02-08,7.41,7.47,7.26,7.35,7508173.0
2023-02-09,7.39,7.46,7.2,7.22,5290650.0
2023-02-10,7.21,7.46,7.21,7.43,4596004.0
2023-02-13,7.41,7.58,7.38,7.51,4293688.0
2023-02-14,7.49,7.5,7.29,7.4,5071734.0
2023-02-15,7.35,7.66,7.33,7.62,4622492.0
2023-02-16,7.74,7.92,7.67,7.78,7209530.0
2023-02-17,7.77,7.9,7.7,7.83,4360839.0
2023-02-21,7.9,7.95,7.64,7.65,5215378.0
2023-02-22,7.66,7.86,7.65,7.74,3722262.0
2023-02-23,7.8,7.92,7.75,7.91,5145472.0
2023-02-24,7.83,7.87,7.72,7.83,4250962.0
2023-02-27,7.88,7.95,7.66,7.69,3151468.0
2023-02-28,7.65,7.74,7.58,7.63,3470707.0
2023-03-01,7.59,7.62,7.42,7.54,3824455.0
2023-03-02,7.49,7.65,7.46,7.64,3107791.0
2023-03-03,7.64,7.91,7.63,7.82,3211303.0
2023-03-06,7.83,7.91,7.72,7.73,2528837.0
2023-03-07,7.72,7.82,7.6,7.68,3872833.0
2023-03-08,7.68,7.73,7.57,7.72,4157516.0
2023-03-09,7.73,7.75,7.53,7.55,3108135.0
2023-03-10,7.52,7.56,7.36,7.4,4097042.0
2023-03-13,7.32,7.69,7.29,7.52,7281415.0
2023-03-14,7.6,7.79,7.59,7.7,4513192.0
2023-03-15,7.6,7.7,7.5,7.64,6967972.0
2023-03-16,7.61,7.68,7.48,7.67,4764910.0
2023-03-17,7.74,8.0,7.67,7.96,9382890.0
2023-03-20,7.95,7.98,7.75,7.82,8640134.0
2023-03-21,7.83,7.95,7.72,7.85,5392441.0
2023-03-22,7.85,7.98,7.75,7.8,5182549.0
2023-03-23,7.81,7.94,7.71,7.77,5246785.0
2023-03-24,7.71,8.02,7.71,8.02,5307046.0
2023-03-27,8.04,8.13,7.96,8.04,5716240.0
2023-03-28,8.04,8.11,7.94,8.01,3138836.0
2023-03-29,8.07,8.28,8.02,8.25,5891507.0
2023-03-30,8.21,8.62,8.15,8.58,20532442.0
2023-03-31,8.53,8.58,8.3,8.4,8513467.0
2023-04-03,8.42,8.51,8.3,8.37,4726483.0
2023-04-04,8.39,8.48,8.32,8.41,3622831.0
2023-04-05,8.43,8.59,8.41,8.53,5109527.0
2023-04-06,8.5,8.64,8.47,8.61,5211244.0
2023-04-10,8.57,8.66,8.44,8.66,3015800.0
2023-04-11,8.66,8.81,8.65,8.76,5477216.0
2023-04-12,8.82,8.91,8.7,8.72,3025159.0
2023-04-13,8.66,8.86,8.66,8.82,4140631.0
2023-04-14,8.82,8.94,8.6,8.63,4856260.0
2023-04-17,8.91,8.93,8.41,8.5,15080202.0
2023-04-18,8.36,8.39,8.03,8.06,10603527.0
2023-04-19,7.96,8.21,7.9,8.08,8496692.0
2023-04-20,8.01,8.14,7.99,8.1,4613782.0
2023-04-21,8.14,8.69,8.09,8.35,13287492.0
2023-04-24,8.45,8.57,8.37,8.54,9430754.0
2023-04-25,8.51,8.54,8.37,8.42,3764913.0
2023-04-26,8.36,8.42,8.22,8.35,4083244.0
2023-04-27,8.39,8.44,8.31,8.41,2411396.0
2023-04-28,8.36,8.77,8.34,8.52,7618222.0
2023-05-01,8.44,8.49,8.41,8.45,3424264.0
2023-05-02,8.4,8.48,8.3,8.47,3167695.0
2023-05-03,8.51,8.75,8.51,8.72,6278091.0
2023-05-04,8.73,8.73,8.54,8.71,4649808.0
2023-05-05,8.68,8.86,8.67,8.83,3319182.0
2023-05-08,8.83,8.9,8.8,8.83,3070735.0
2023-05-09,8.79,8.95,8.76,8.89,2957509.0
2023-05-10,8.94,8.98,8.81,8.94,5503539.0
2023-05-11,8.93,9.14,8.58,8.62,6946264.0
2023-05-12,8.7,8.78,8.55,8.61,3018533.0
2023-05-15,8.61,8.67,8.53,8.58,2735134.0
2023-05-16,8.52,8.57,8.43,8.47,3674182.0
2023-05-17,8.48,8.57,8.39,8.57,4307796.0
2023-05-18,8.48,8.52,8.38,8.45,3135025.0
2023-05-19,8.49,8.52,8.42,8.46,2436168.0
2023-05-22,8.46,8.57,8.46,8.55,1972649.0
2023-05-23,8.57,8.67,8.49,8.58,2906699.0
2023-05-24,8.54,8.57,8.45,8.53,3123876.0
2023-05-25,8.5,8.56,8.26,8.33,3766266.0
2023-05-26,8.33,8.35,8.2,8.3,3596283.0
2023-05-30,8.36,8.37,8.22,8.29,3415838.0
2023-05-31,8.28,8.44,8.12,8.43,4284526.0
2023-06-01,8.41,8.63,8.39,8.57,7023070.0
2023-06-02,8.6,8.62,8.45,8.53,4386602.0
2023-06-05,8.53,8.66,8.52,8.64,1945700.0
2023-06-06,8.7,8.7,8.57,8.63,2811039.0
2023-06-07,8.66,8.74,8.6,8.73,3270067.0
2023-06-08,8.73,8.73,8.62,8.69,2770505.0
2023-06-09,8.73,8.73,8.55,8.65,2936353.0
2023-06-12,8.59,8.63,8.51,8.6,3196934.0
2023-06-13,8.64,8.64,8.39,8.44,4751625.0
2023-06-14,8.42,8.47,8.29,8.34,7553637.0
2023-06-15,8.33,8.37,8.14,8.32,8022288.0
2023-06-16,8.29,8.49,8.29,8.41,9215596.0
2023-06-20,8.38,8.54,8.3,8.52,7503381.0
2023-06-21,8.5,8.51,8.38,8.49,6439619.0
2023-06-22,8.45,8.51,8.33,8.35,7801334.0
2023-06-23,8.33,8.34,8.05,8.05,7723675.0
2023-06-26,8.08,8.38,8.01,8.3,9876096.0
2023-06-27,8.28,8.35,8.23,8.27,5585806.0
2023-06-28,8.21,8.31,8.18,8.25,7889245.0
2023-06-29,8.16,8.33,8.06,8.32,10683028.0
2023-06-30,8.42,8.46,8.14,8.26,4339475.0
2023-07-03,8.31,8.51,8.29,8.49,1665157.0
2023-07-05,8.37,8.47,8.35,8.38,8410981.0
2023-07-06,8.3,8.31,8.17,8.22,5443519.0
2023-07-07,8.19,8.2,7.87,7.87,7729675.0
2023-07-10,7.88,7.89,7.66,7.73,6340058.0
2023-07-11,7.64,7.74,7.64,7.7,4185075.0
2023-07-12,7.74,7.97,7.74,7.94,4146095.0
2023-07-13,7.98,8.23,7.95,8.22,3695502.0
2023-07-14,8.22,8.22,8.08,8.12,2723982.0
2023-07-17,8.12,8.16,8.07,8.08,2165240.0
2023-07-18,8.08,8.1,7.96,8.09,4001675.0
2023-07-19,8.17,8.41,8.16,8.28,11283597.0
2023-07-20,8.29,8.43,8.21,8.39,10835368.0
2023-07-21,8.4,8.49,8.28,8.28,9653293.0
2023-07-24,8.32,8.36,8.21,8.26,6688943.0
2023-07-25,8.3,8.31,8.12,8.24,5028585.0
2023-07-26,8.2,8.38,8.18,8.31,2320328.0
2023-07-27,8.3,8.33,8.15,8.17,2518546.0
2023-07-28,8.24,8.24,8.12,8.17,1539648.0
2023-07-31,8.22,8.29,8.16,8.26,3852700.0
2023-08-01,8.2,8.21,8.02,8.02,3123194.0
2023-08-02,7.99,7.99,7.84,7.91,3726603.0
2023-08-03,7.86,7.9,7.66,7.76,2744309.0
2023-08-04,7.76,7.88,7.74,7.76,1793103.0
2023-08-07,7.8,7.87,7.77,7.84,1420617.0
2023-08-08,7.76,7.91,7.7,7.77,2798929.0
2023-08-09,7.73,7.79,7.66,7.76,2577763.0
2023-08-10,7.95,7.95,7.46,7.64,10427090.0
2023-08-11,7.63,7.63,7.45,7.48,5991951.0
2023-08-14,7.41,7.43,7.18,7.2,5430865.0
2023-08-15,7.14,7.18,7.01,7.15,4321340.0
2023-08-16,7.11,7.3,7.11,7.21,4723683.0
2023-08-17,7.23,7.32,7.11,7.13,2704357.0
2023-08-18,7.05,7.2,7.05,7.2,2841105.0
2023-08-21,7.2,7.24,7.06,7.18,3476053.0
2023-08-22,7.2,7.37,7.13,7.35,5296163.0
2023-08-23,7.4,7.5,7.37,7.4,3283799.0
2023-08-24,7.45,7.45,7.34,7.34,3097182.0
2023-08-25,7.34,7.4,7.31,7.39,2872285.0
2023-08-28,7.4,7.47,7.39,7.4,1350951.0
2023-08-29,7.41,7.57,7.41,7.57,3667637.0
2023-08-30,7.57,7.64,7.51,7.59,4123893.0
2023-08-31,7.61,7.61,7.45,7.56,4411640.0
2023-09-01,7.6,7.67,7.57,7.63,3788617.0
2023-09-05,7.58,7.66,7.43,7.45,2562998.0
2023-09-06,7.45,7.45,7.19,7.21,2645970.0
2023-09-07,7.24,7.26,7.09,7.09,3031791.0
2023-09-08,7.08,7.16,7.05,7.11,2776348.0
2023-09-11,7.13,7.29,7.08,7.17,4255999.0
2023-09-12,7.18,7.18,7.1,7.17,3261156.0
2023-09-13,7.18,7.22,7.1,7.12,2559105.0
2023-09-14,7.18,7.24,7.13,7.2,7623421.0
2023-09-15,7.26,7.29,7.19,7.2,6414379.0
2023-09-18,7.2,7.23,7.08,7.11,2175581.0
2023-09-19,7.13,7.14,6.91,6.91,3519146.0
2023-09-20,6.96,7.08,6.93,7.0,2712245.0
2023-09-21,6.94,6.94,6.83,6.83,2540218.0
2023-09-22,6.84,6.91,6.76,6.87,3838321.0
2023-09-25,6.83,6.9,6.78,6.88,2936802.0
2023-09-26,6.79,6.85,6.61,6.61,4672864.0
2023-09-27,6.52,6.52,6.28,6.28,7756301.0
2023-09-28,6.3,6.32,5.98,6.05,8712917.0
2023-09-29,6.14,6.19,5.86,5.92,9656105.0
2023-10-02,5.89,5.9,5.55,5.6,9068964.0
2023-10-03,5.54,5.6,5.38,5.58,9468883.0
2023-10-04,5.6,5.78,5.57,5.67,7476245.0
2023-10-05,5.59,5.81,5.59,5.68,6616920.0
2023-10-06,5.6,5.78,5.5,5.77,5554864.0
2023-10-09,5.75,5.84,5.67,5.81,1954501.0
2023-10-10,5.8,5.92,5.78,5.83,4471458.0
2023-10-11,5.85,5.96,5.83,5.95,3401800.0
2023-10-12,5.95,5.95,5.76,5.76,3168338.0
2023-10-13,5.84,5.87,5.71,5.74,2965769.0
2023-10-16,5.72,5.76,5.64,5.74,3823246.0
2023-10-17,5.66,5.71,5.54,5.54,4899891.0
2023-10-18,5.53,5.53,5.19,5.26,8449106.0
2023-10-19,5.26,5.37,5.15,5.15,7798798.0
2023-10-20,5.16,5.21,5.01,5.02,6085108.0
2023-10-23,5.0,5.14,4.91,5.07,6593462.0
2023-10-24,5.16,5.21,5.05,5.05,5136115.0
2023-10-25,5.01,5.06,4.9,5.02,5173993.0
2023-10-26,5.05,5.14,5.02,5.06,3881982.0
2023-10-27,5.08,5.09,4.99,5.03,4636492.0
2023-10-30,5.07,5.17,5.01,5.15,4000660.0
2023-10-31,5.18,5.2,5.0,5.03,4609003.0
2023-11-01,5.05,5.28,5.05,5.27,6246358.0
2023-11-02,5.33,5.65,5.33,5.61,8323258.0
2023-11-03,5.79,5.81,5.67,5.75,7636039.0
2023-11-06,5.77,5.78,5.63,5.68,4147199.0
2023-11-07,5.66,5.7,5.58,5.65,3243397.0
2023-11-08,5.65,5.7,5.55,5.62,4510893.0
2023-11-09,5.62,5.73,5.52,5.59,4429363.0
2023-11-10,5.5,5.64,5.29,5.61,8650649.0
2023-11-13,5.55,5.66,5.42,5.49,4864046.0
2023-11-14,5.68,5.82,5.64,5.81,5623953.0
2023-11-15,5.79,5.84,5.73,5.81,4871650.0
2023-11-16,5.81,5.92,5.79,5.87,4750561.0
2023-11-17,5.94,6.0,5.88,5.97,4501951.0
2023-11-20,5.92,6.08,5.86,6.07,4396251.0
2023-11-21,6.06,6.1,5.95,6.06,3716963.0
2023-11-22,6.11,6.11,6.0,6.05,2615256.0
2023-11-24,6.06,6.06,5.97,6.03,965197.0
2023-11-27,5.92,6.06,5.89,5.97,2463692.0
2023-11-28,5.99,6.07,5.96,6.04,2417760.0
2023-11-29,6.05,6.1,6.0,6.07,3249081.0
2023-11-30,6.09,6.22,5.99,6.15,5036307.0
2023-12-01,6.16,6.37,6.12,6.32,5018068.0
2023-12-04,6.24,6.38,6.22,6.36,3247623.0
2023-12-05,6.33,6.35,6.16,6.19,3493874.0
2023-12-06,6.23,6.29,6.15,6.16,3382041.0
2023-12-07,6.19,6.25,6.07,6.09,3583387.0
2023-12-08,6.07,6.13,6.0,6.07,2162829.0
2023-12-11,6.01,6.08,5.99,6.08,3310563.0
2023-12-12,6.06,6.06,5.94,6.01,3666984.0
2023-12-13,6.03,6.38,5.95,6.38,4057965.0
2023-12-14,6.42,6.56,6.4,6.52,8408211.0
2023-12-15,6.56,6.56,6.41,6.47,7772790.0
2023-12-18,6.48,6.53,6.36,6.4,4949341.0
2023-12-19,6.42,6.55,6.42,6.49,3861445.0
2023-12-20,6.49,6.49,6.32,6.33,2567598.0
2023-12-21,6.37,6.51,6.35,6.4,3126890.0
2023-12-22,6.41,6.48,6.39,6.44,2484161.0
2023-12-26,6.44,6.55,6.42,6.53,1886807.0
2023-12-27,6.48,6.53,6.43,6.46,2670707.0
2023-12-28,6.36,6.38,6.27,6.32,2868614.0
2023-12-29,6.27,6.34,6.23,6.32,3136076.0
2024-01-02,6.28,6.52,6.27,6.45,4307764.0
2024-01-03,6.38,6.4,6.28,6.36,2780900.0
2024-01-04,6.36,6.425,6.31,6.38,3172514.0
2024-01-05,6.36,6.56,6.32,6.51,3667283.0
2024-01-08,6.59,6.74,6.545,6.65,5251811.0
2024-01-09,6.61,6.66,6.56,6.58,3771350.0
2024-01-10,6.56,6.67,6.465,6.6,4044583.0
2024-01-11,6.56,6.58,6.21,6.4,7166340.0
2024-01-12,6.45,6.58,6.38,6.39,3799488.0
2024-01-16,6.33,6.416,6.27,6.31,5158952.0
2024-01-17,6.22,6.27,6.02,6.07,7327231.0
2024-01-18,6.1,6.13,5.905,5.95,4895002.0
2024-01-19,5.96,6.01,5.9,5.96,6383760.0
2024-01-22,5.96,6.06,5.9,5.94,3293855.0
2024-01-23,5.97,5.99,5.88,5.93,3043202.0
2024-01-24,6.03,6.054,5.84,5.84,2752398.0
2024-01-25,5.96,6.11,5.875,6.09,4889747.0
2024-01-26,6.1,6.16,5.9925,6.02,2993601.0
2024-01-29,6.04,6.105,5.9201,6.07,2419727.0
2024-01-30,6.03,6.125,6.005,6.07,3901781.0
2024-01-31,6.09,6.1895,5.92,5.93,4989340.0
2024-02-01,5.96,6.07,5.87,6.07,3457269.0
2024-02-02,6.01,6.01,5.85,5.98,4812336.0
2024-02-05,5.9,5.9,5.72,5.76,4793225.0
2024-02-06,5.75,5.94,5.72,5.86,3441514.0
2024-02-07,5.9,5.92,5.785,5.79,2163777.0
2024-02-08,5.76,5.8,5.69,5.75,3464607.0
2024-02-09,5.75,5.8,5.6401,5.79,2645295.0
2024-02-12,5.81,5.905,5.75,5.88,3178114.0
2024-02-13,5.69,5.74,5.62,5.68,7865766.0
2024-02-14,5.74,5.885,5.725,5.87,4034778.0
2024-02-15,5.9,6.07,5.9,6.03,3994427.0
2024-02-16,5.96,6.11,5.96,6.01,4025427.0
2024-02-20,5.96,6.025,5.8925,5.92,3528994.0
2024-02-21,5.9,5.98,5.85,5.89,4486218.0
2024-02-22,5.88,5.9,5.82,5.85,3528432.0
2024-02-23,5.87,5.97,5.77,5.97,4125782.0
2024-02-26,5.98,5.98,5.7,5.77,6641093.0
2024-02-27,5.82,5.95,5.8016,5.92,3734737.0
2024-02-28,5.88,5.88,5.77,5.78,3903500.0
2024-02-29,5.83,5.85,5.714,5.85,8873895.0
2024-03-01,5.85,5.905,5.755,5.88,5678681.0
2024-03-04,5.87,5.88,5.76,5.83,2671961.0
2024-03-05,5.83,5.93,5.81,5.84,3495759.0
2024-03-06,5.92,6.0094,5.9,5.98,5024958.0
2024-03-07,6.02,6.14,5.97,6.11,8324687.0
2024-03-08,6.19,6.43,6.06,6.41,11189819.0
2024-03-11,6.44,6.57,6.42,6.42,6649925.0
2024-03-12,6.4,6.42,6.23,6.26,4532802.0
2024-03-13,6.24,6.3275,6.125,6.17,5361672.0
2024-03-14,6.16,6.16,5.99,6.08,6666194.0
2024-03-15,6.05,6.11,5.97,6.04,12191217.0
2024-03-18,6.05,6.05,5.84,5.86,4449375.0
2024-03-19,5.83,6.0,5.81,5.93,5110772.0
2024-03-20,5.92,6.04,5.8225,6.01,4966020.0
2024-03-21,6.04,6.15,6.01,6.09,3687936.0
2024-03-22,6.17,6.2,6.04,6.12,5385600.0
2024-03-25,6.11,6.17,5.99,6.05,4564256.0
2024-03-26,6.08,6.12,5.99,6.02,4413032.0
2024-03-27,5.97,6.25,5.95,6.25,5943967.0
2024-03-28,6.25,6.33,6.2207,6.32,3694859.0
2024-04-01,6.32,6.32,6.15,6.21,4804939.0
2024-04-02,6.12,6.23,6.12,6.23,4493175.0
2024-04-03,6.21,6.23,6.14,6.23,4081930.0
2024-04-04,6.32,6.34,6.2,6.2,4822110.0
2024-04-05,6.17,6.19,6.05,6.19,5212084.0
2024-04-08,6.24,6.29,6.17,6.28,3852338.0
2024-04-09,6.29,6.39,6.235,6.36,4525286.0
2024-04-10,6.23,6.23,6.03,6.08,7147828.0
2024-04-11,6.12,6.185,5.945,6.12,6247703.0
2024-04-12,6.09,6.15,5.89,5.93,4405377.0
2024-04-15,5.93,5.97,5.765,5.82,6064631.0
2024-04-16,5.77,5.78,5.644,5.67,5498198.0
2024-04-17,5.72,5.8,5.68,5.76,4284383.0
2024-04-18,5.76,5.85,5.7201,5.84,3738855.0
2024-04-19,5.84,5.97,5.83,5.93,4914630.0
2024-04-22,5.93,6.09,5.885,6.07,4205929.0
2024-04-23,6.07,6.22,6.035,6.16,6330457.0
2024-04-24,6.12,6.2203,6.08,6.19,3131046.0
2024-04-25,6.11,6.18,6.0399,6.17,3292215.0
2024-04-26,6.19,6.21,6.1,6.12,4115511.0
2024-04-29,6.17,6.25,6.1448,6.21,2909652.0
2024-04-30,6.14,6.18,6.085,6.11,3736434.0
2024-05-01,6.11,6.38,6.07,6.25,6343926.0
2024-05-02,6.3,6.575,6.23,6.5,16887763.0
2024-05-03,6.61,6.69,6.51,6.54,7890870.0
2024-05-06,6.55,6.76,6.53,6.7,6267911.0
2024-05-07,6.76,6.79,6.58,6.62,4085154.0
2024-05-08,6.61,6.67,6.55,6.62,5163183.0
2024-05-09,6.61,6.77,6.6,6.75,4203248.0
2024-05-10,6.48,6.76,6.43,6.56,9610651.0
2024-05-13,6.55,6.61,6.475,6.53,10262458.0
2024-05-14,6.57,6.62,6.48,6.49,2516358.0
2024-05-15,6.58,6.735,6.58,6.67,5882775.0
2024-05-16,6.65,6.74,6.63,6.73,4329569.0
2024-05-17,6.72,6.73,6.62,6.65,3983933.0
2024-05-20,6.65,6.71,6.615,6.65,1463312.0
2024-05-21,6.63,6.75,6.6,6.67,3737190.0
2024-05-22,6.62,6.715,6.6,6.61,3889812.0
2024-05-23,6.62,6.65,6.44,6.5,4809024.0
2024-05-24,6.5,6.58,6.46,6.54,2405547.0
2024-05-28,6.55,6.59,6.34,6.38,6957754.0
2024-05-29,6.3,6.34,6.23,6.26,4575126.0
2024-05-30,6.26,6.36,6.18,6.26,4930045.0
2024-05-31,6.26,6.34,6.23,6.31,6872880.0
2024-06-03,6.36,6.37,6.24,6.3,5567240.0
2024-06-04,6.24,6.28,6.17,6.17,4920080.0
2024-06-05,6.19,6.25,6.15,6.21,5260940.0
2024-06-06,6.21,6.25,6.18,6.2,5543470.0
2024-06-07,6.1,6.1,5.9,5.94,10015319.0
2024-06-10,5.9,5.99,5.85,5.92,3926910.0
2024-06-11,5.85,5.93,5.82,5.83,6818007.0
2024-06-12,6.05,6.07,5.86,5.89,6840203.0
2024-06-13,5.89,5.89,5.71,5.73,8392345.0
2024-06-14,5.66,5.79,5.55,5.77,13055702.0
2024-06-17,5.74,5.82,5.65,5.8,6737761.0
2024-06-18,5.74,5.865,5.73,5.85,13595435.0
2024-06-20,5.86,5.88,5.74,5.75,11549220.0
2024-06-21,5.8,5.82,5.7,5.77,8587021.0
2024-06-24,5.79,5.98,5.77,5.97,6940901.0
2024-06-25,5.97,5.98,5.87,5.89,7340823.0
2024-06-26,5.85,5.96,5.83,5.93,5558951.0
2024-06-27,5.93,5.985,5.9,5.98,4707869.0
2024-06-28,5.9,5.94,5.84,5.86,4859528.0
2024-07-01,5.9,6.195,5.83,5.87,8688518.0
2024-07-02,5.85,5.9342,5.82,5.91,8221033.0
2024-07-03,5.93,6.066,5.91,6.0,3816075.0
2024-07-05,6.08,6.12,6.0,6.02,4321290.0
2024-07-08,6.04,6.04,5.945,5.98,5226343.0
2024-07-09,5.96,6.02,5.895,6.0,5294754.0
2024-07-10,6.0,6.14,6.0,6.12,5343462.0
2024-07-11,6.2,6.32,6.17,6.25,6289024.0
2024-07-12,6.26,6.325,6.22,6.29,4844660.0
2024-07-15,6.24,6.27,6.13,6.2,7721213.0
2024-07-16,6.22,6.28,6.16,6.26,6166458.0
2024-07-17,6.27,6.3,6.18,6.18,5958341.0
2024-07-18,6.17,6.19,5.88,5.91,8924113.0
2024-07-19,5.9,5.95,5.86,5.92,4056723.0
2024-07-22,5.95,6.11,5.92,6.09,3830642.0
2024-07-23,6.06,6.13,6.0401,6.09,2247745.0
2024-07-24,6.1,6.195,6.07,6.07,5321066.0
2024-07-25,6.07,6.21,6.05,6.13,4722209.0
2024-07-26,6.2,6.25,6.17,6.2,3029156.0
2024-07-29,6.23,6.24,6.16,6.18,2550679.0
2024-07-30,6.18,6.24,6.16,6.23,2279120.0
2024-07-31,6.29,6.355,6.2,6.24,3741199.0
2024-08-01,6.29,6.3,6.1501,6.19,3916797.0
2024-08-02,6.16,6.23,6.08,6.16,5293721.0
2024-08-05,6.0,6.0,5.81,5.94,5507570.0
2024-08-06,5.96,6.18,5.915,6.14,6564130.0
2024-08-07,6.23,6.25,6.03,6.06,4788347.0
2024-08-08,6.1,6.26,6.05,6.19,4905322.0
2024-08-09,5.85,5.865,5.27,5.41,30552303.0
2024-08-12,5.27,5.31,5.0,5.15,19366045.0
2024-08-13,5.19,5.225,5.04,5.11,12559052.0
2024-08-14,5.11,5.15,4.99,5.12,10956493.0
2024-08-15,5.11,5.23,5.1,5.2,14163294.0
2024-08-16,5.2,5.3754,5.195,5.35,9293962.0
2024-08-19,5.35,5.41,5.31,5.38,6791192.0
2024-08-20,5.35,5.4102,5.25,5.25,5018835.0
2024-08-21,5.26,5.29,5.215,5.28,4402309.0
2024-08-22,5.29,5.31,5.16,5.22,4405659.0
2024-08-23,5.27,5.4,5.23,5.38,5737806.0
2024-08-26,5.42,5.47,5.39,5.41,4080721.0
2024-08-27,5.38,5.39,5.29,5.35,2865510.0
2024-08-28,5.35,5.39,5.264,5.29,3368753.0
2024-08-29,5.3,5.41,5.235,5.36,3391258.0
2024-08-30,5.37,5.44,5.35,5.41,3547297.0
2024-09-03,5.4,5.4,5.31,5.32,3199339.0
2024-09-04,5.32,5.43,5.3,5.33,4966313.0
2024-09-05,5.4,5.405,5.265,5.29,4636422.0
2024-09-06,5.3,5.32,5.165,5.21,6938225.0
2024-09-09,5.22,5.325,5.22,5.28,6299761.0
2024-09-10,5.28,5.335,5.24,5.31,4787734.0
2024-09-11,5.3,5.37,5.26,5.35,5207095.0
2024-09-12,5.35,5.406,5.33,5.39,7680309.0
2024-09-13,5.41,5.5,5.39,5.5,7753177.0
2024-09-16,5.5,5.565,5.46,5.53,5926059.0
2024-09-17,5.55,5.62,5.465,5.51,6449634.0
2024-09-18,5.53,5.565,5.47,5.5,9034974.0
2024-09-19,5.57,5.61,5.434,5.46,7538952.0
2024-09-20,5.47,5.56,5.41,5.52,10937352.0
2024-09-23,5.54,5.63,5.53,5.58,7588775.0
2024-09-24,5.58,5.62,5.42,5.44,5341583.0
2024-09-25,5.42,5.46,5.355,5.36,3128880.0
2024-09-26,5.38,5.49,5.365,5.44,5476558.0
2024-09-27,5.49,5.55,5.45,5.53,6195684.0
2024-09-30,5.47,5.53,5.43,5.45,3014223.0
2024-10-01,5.44,5.54,5.39,5.51,4900871.0
2024-10-02,5.48,5.546,5.47,5.5,4908580.0
2024-10-03,5.48,5.49,5.33,5.33,4297552.0
2024-10-04,5.32,5.33,5.23,5.25,4629809.0
2024-10-07,5.24,5.24,5.12,5.15,5206667.0
2024-10-08,5.13,5.18,5.095,5.15,4748509.0
2024-10-09,5.14,5.17,5.01,5.02,6844103.0
2024-10-10,5.05,5.05,4.93,4.98,9129581.0
2024-10-11,4.98,5.025,4.92,5.0,5603882.0
2024-10-14,5.0,5.09,5.0,5.06,1830816.0
2024-10-15,5.03,5.11,5.02,5.09,4458604.0
2024-10-16,5.15,5.18,5.1,5.17,5482949.0
2024-10-17,5.16,5.186,5.1,5.12,3643585.0
2024-10-18,5.13,5.2,5.12,5.18,2367222.0
2024-10-21,5.16,5.21,5.07,5.1,6007744.0
2024-10-22,5.1,5.12,5.024,5.07,3526621.0
2024-10-23,5.04,5.0699,4.97,5.03,5453118.0
2024-10-24,5.04,5.08,4.875,4.92,9050654.0
2024-10-25,4.91,4.98,4.8801,4.96,5790663.0
2024-10-28,4.98,5.04,4.96,5.01,2516560.0
2024-10-29,5.0,5.0,4.82,4.84,5028775.0
2024-10-30,4.84,4.88,4.785,4.87,5041393.0
2024-10-31,4.84,4.89,4.81,4.84,5171036.0
2024-11-01,4.86,4.87,4.72,4.76,4780572.0
2024-11-04,4.75,4.8025,4.73,4.74,7443406.0
2024-11-05,4.72,4.8099,4.71,4.8,4885377.0
2024-11-06,4.73,4.81,4.67,4.8,10926617.0
2024-11-07,4.74,5.02,4.73,4.81,8645170.0
2024-11-08,4.78,4.845,4.74,4.8,4814254.0
2024-11-11,4.79,4.99,4.78,4.92,5252442.0
2024-11-12,4.86,4.899,4.75,4.76,4660579.0
2024-11-13,4.78,4.83,4.715,4.73,6059132.0
2024-11-14,4.74,4.86,4.73,4.81,5345439.0
2024-11-15,4.82,4.89,4.78,4.82,3983319.0
2024-11-18,4.79,4.83,4.77,4.82,4263858.0
2024-11-19,4.8,4.8,4.71,4.79,4315463.0
2024-11-20,4.77,4.77,4.7,4.71,4840626.0
2024-11-21,4.71,4.8,4.68,4.77,6157816.0
2024-11-22,4.78,4.825,4.75,4.75,4293895.0
2024-11-25,4.8,4.895,4.77,4.85,4593723.0
2024-11-26,4.78,4.83,4.73,4.76,3600425.0
2024-11-27,4.76,4.95,4.76,4.88,4380635.0
2024-11-29,4.89,4.98,4.89,4.95,2774006.0
2024-12-02,4.94,4.95,4.81,4.83,4510444.0
2024-12-03,4.85,4.89,4.82,4.84,3935338.0
2024-12-04,4.82,4.865,4.71,4.74,4099469.0
2024-12-05,4.755,4.8,4.7,4.73,5421673.0
2024-12-06,4.7,4.75,4.64,4.68,4003841.0
2024-12-09,4.7,4.97,4.7,4.79,6525292.0
2024-12-10,4.78,4.78,4.65,4.65,4168649.0
2024-12-11,4.65,4.655,4.54,4.55,7771095.0
2024-12-12,4.51,4.55,4.42,4.53,8625454.0
2024-12-13,4.54,4.55,4.46,4.47,6057466.0
2024-12-16,4.47,4.6,4.41,4.51,5755576.0
2024-12-17,4.5,4.5199,4.45,4.46,4527988.0
2024-12-18,4.46,4.485,4.32,4.32,6733939.0
2024-12-19,4.33,4.3675,4.29,4.31,6664160.0
2024-12-20,4.27,4.42,4.25,4.39,6716890.0
2024-12-23,4.345,4.48,4.345,4.48,6089858.0
2024-12-24,4.47,4.49,4.42,4.49,2435870.0
2024-12-26,4.45,4.55,4.45,4.52,2673487.0
2024-12-27,4.5,4.535,4.44,4.48,5491860.0
2024-12-30,4.48,4.49,4.39,4.48,5792694.0
2024-12-31,4.41,4.5,4.41,4.45,6098063.0
2025-01-02,4.49,4.56,4.445,4.54,7176871.0
2025-01-03,4.56,4.61,4.53,4.54,7897698.0
2025-01-06,4.56,4.58,4.47,4.48,8307485.0
2025-01-07,4.5,4.53,4.43,4.45,5627219.0
2025-01-08,4.43,4.485,4.33,4.47,10150001.0
2025-01-10,4.37,4.42,4.27,4.29,7548689.0
2025-01-13,4.3,4.31,4.19,4.29,7396193.0
2025-01-14,4.32,4.37,4.2716,4.35,6221609.0
2025-01-15,4.4,4.43,4.24,4.27,10297368.0
2025-01-16,4.27,4.42,4.2407,4.41,6980159.0
2025-01-17,4.43,4.48,4.39,4.41,6926289.0
2025-01-21,4.44,4.54,4.37,4.47,6790397.0
2025-01-22,4.47,4.47,4.38,4.4,8349234.0
2025-01-23,4.39,4.47,4.385,4.43,7460716.0
2025-01-24,4.43,4.45,4.37,4.41,7296117.0
2025-01-27,4.4,4.58,4.365,4.56,9458511.0
2025-01-28,4.55,4.59,4.4,4.43,8398390.0
2025-01-29,4.43,4.44,4.27,4.29,7118572.0
2025-01-30,4.35,4.38,4.29,4.34,6529263.0
2025-01-31,4.29,4.57,4.29,4.44,16799100.0
2025-02-03,4.31,4.49,4.26,4.48,14446644.0
2025-02-04,4.46,4.6099,4.46,4.49,8869814.0
2025-02-05,4.53,4.61,4.5,4.57,7273602.0
2025-02-06,4.61,4.625,4.47,4.5,7106557.0
2025-02-07,4.51,4.51,4.42,4.45,7831071.0
2025-02-10,4.47,4.59,4.405,4.57,6187847.0
2025-02-11,4.52,4.62,4.485,4.6,4955791.0
2025-02-12,4.52,4.73,4.51,4.71,10695239.0
2025-02-13,4.74,4.845,4.71,4.8,8974947.0
2025-02-14,4.83,4.895,4.75,4.84,11577020.0
2025-02-18,4.84,4.9,4.82,4.87,8692679.0
2025-02-19,4.87,5.02,4.86,4.95,13117830.0
2025-02-20,4.97,5.04,4.895,5.0,10338089.0
2025-02-21,5.0,5.06,4.92,4.96,10098006.0
2025-02-24,4.96,4.98,4.87,4.87,8439021.0
2025-02-25,4.89,4.97,4.87,4.94,16434292.0
2025-02-26,4.94,4.99,4.92,4.93,15202237.0
2025-02-27,4.86,4.92,4.75,4.76,14009573.0
2025-02-28,4.79,4.85,4.73,4.78,10115314.0
2025-03-03,4.77,4.86,4.73,4.75,10176086.0
2025-03-04,4.75,4.82,4.69,4.77,13782802.0
2025-03-05,4.77,4.86,4.76,4.82,9950106.0
2025-03-06,4.81,4.825,4.72,4.79,21860405.0
2025-03-07,4.605,4.8,4.29,4.8,30474846.0
2025-03-10,4.75,5.09,4.73,4.89,12196641.0
2025-03-11,4.91,4.91,4.66,4.71,16056028.0
2025-03-12,4.7,4.9,4.635,4.83,17602684.0
2025-03-13,4.83,4.96,4.83,4.9,10473099.0
2025-03-14,4.92,5.085,4.87,5.07,10868716.0
2025-03-17,5.09,5.16,5.06,5.11,13452974.0
2025-03-18,5.11,5.145,5.08,5.12,6472569.0
2025-03-19,5.12,5.15,5.09,5.15,8215138.0
2025-03-20,5.15,5.15,5.08,5.14,9154639.0
2025-03-21,5.11,5.14,5.065,5.11,10829341.0
2025-03-24,5.12,5.175,5.115,5.15,7584658.0
2025-03-25,5.17,5.19,5.105,5.11,10717876.0
2025-03-26,5.12,5.225,5.115,5.16,6865613.0
2025-03-27,5.18,5.24,5.135,5.17,7593638.0
2025-03-28,5.2,5.26,5.165,5.19,8020128.0
2025-03-31,5.11,5.19,5.08,5.14,9315686.0
2025-04-01,5.16,5.16,5.06,5.14,9125457.0
2025-04-02,5.11,5.23,5.075,5.22,7268367.0
2025-04-03,5.25,5.34,5.08,5.1,13510149.0
2025-04-04,5.06,5.06,4.81,4.85,20289284.0
2025-04-07,4.63,4.92,4.57,4.7,15464532.0
2025-04-08,4.78,4.84,4.51,4.56,16256083.0
2025-04-09,4.5,4.95,4.4547,4.91,25924372.0
2025-04-10,4.88,4.97,4.78,4.88,21398716.0
2025-04-11,4.87,5.07,4.85,5.04,10597636.0
2025-04-14,5.08,5.25,5.045,5.2,17425030.0
2025-04-15,5.22,5.22,5.16,5.17,10383627.0
2025-04-16,5.21,5.31,5.17,5.27,10112519.0
2025-04-17,5.28,5.49,5.28,5.41,15595829.0
2025-04-21,5.4,5.41,5.25,5.32,11476675.0
2025-04-22,5.36,5.45,5.3482,5.39,8437465.0
2025-04-23,5.4,5.42,5.22,5.24,10393571.0
2025-04-24,5.25,5.31,5.19,5.29,10783481.0
2025-04-25,5.29,5.31,5.16,5.28,9275946.0
2025-04-28,5.29,5.36,5.24,5.35,9057946.0
2025-04-29,5.37,5.4,5.3231,5.37,7771701.0
2025-04-30,5.35,5.42,5.3,5.38,11826349.0
2025-05-01,5.38,5.435,5.27,5.27,10380675.0
2025-05-02,5.31,5.43,5.265,5.39,12846660.0
2025-05-05,5.4,5.42,5.345,5.38,9426056.0
2025-05-06,5.4,5.54,5.3782,5.49,10337448.0
2025-05-07,5.49,5.54,5.44,5.46,15461516.0
2025-05-08,5.47,5.4967,5.395,5.46,13722843.0
2025-05-09,5.575,6.01,5.535,5.99,27247806.0
2025-05-12,5.92,5.95,5.705,5.71,15224138.0
2025-05-13,5.75,5.75,5.575,5.61,10289881.0
2025-05-14,5.57,5.585,5.38,5.44,13804130.0
2025-05-15,5.48,5.52,5.4301,5.49,16201376.0
2025-05-16,5.48,5.59,5.455,5.59,12254603.0
2025-05-19,5.52,5.62,5.52,5.61,3337568.0
2025-05-20,5.61,5.71,5.585,5.62,12446398.0
2025-05-21,5.59,5.61,5.46,5.48,15291453.0
2025-05-22,5.44,5.52,5.4046,5.49,13319445.0
2025-05-23,5.55,5.58,5.44,5.56,19705164.0
2025-05-27,5.6,5.68,5.56,5.61,8132116.0
2025-05-28,5.6,5.6,5.3801,5.42,14137654.0
2025-05-29,5.46,5.52,5.42,5.48,11182804.0
2025-05-30,5.48,5.54,5.46,5.49,14392636.0
2025-06-02,5.48,5.51,5.315,5.37,24385978.0
2025-06-03,5.46,6.24,5.46,6.22,45738103.0
2025-06-04,6.06,6.19,5.89,5.92,24250058.0
2025-06-05,5.94,5.95,5.81,5.84,14983708.0
2025-06-06,5.85,5.87,5.77,5.85,13506813.0
2025-06-09,5.85,5.88,5.79,5.79,10841982.0
2025-06-10,5.84,5.87,5.7735,5.83,12197596.0
2025-06-11,5.89,5.92,5.83,5.88,7140857.0
2025-06-12,5.9,5.94,5.88,5.91,5881262.0
2025-06-13,5.86,5.91,5.84,5.86,6728370.0
2025-06-16,5.86,5.92,5.8,5.84,9944438.0
2025-06-17,5.85,5.85,5.725,5.78,8538804.0
2025-06-18,5.78,5.79,5.74,5.75,9725472.0
2025-06-20,5.79,5.79,5.66,5.72,11073415.0
2025-06-23,5.74,5.785,5.685,5.78,10005131.0
2025-06-24,5.76,5.79,5.7,5.74,14770217.0
2025-06-25,5.71,5.71,5.63,5.67,16250756.0
2025-06-26,5.7,5.74,5.67,5.72,7917069.0
2025-06-27,5.74,5.78,5.68,5.73,9996103.0
2025-06-30,5.66,5.75,5.63,5.73,6897705.0
2025-07-01,5.75,5.8,5.71,5.76,3847042.0
2025-07-02,5.75,5.77,5.66,5.7,9730385.0
2025-07-03,5.68,5.81,5.68,5.79,5310096.0
2025-07-07,5.78,5.81,5.7,5.72,7998213.0
2025-07-08,5.65,5.77,5.64,5.75,6819093.0
2025-07-09,5.8,5.81,5.73,5.79,6492577.0
2025-07-10,5.75,5.87,5.73,5.85,7233858.0
2025-07-11,5.8,5.86,5.765,5.82,5035771.0
2025-07-14,5.82,5.92,5.815,5.85,6167569.0
2025-07-15,5.86,5.88,5.81,5.83,4998704.0
2025-07-16,5.84,5.89,5.82,5.88,5623860.0
2025-07-17,5.88,5.9,5.84,5.87,3936008.0
2025-07-18,5.9,5.99,5.9,5.93,4791818.0
2025-07-21,5.97,6.05,5.91,6.05,4767008.0
2025-07-22,6.06,6.14,6.06,6.11,4631715.0
2025-07-23,6.1,6.145,6.01,6.09,4931121.0
2025-07-24,6.06,6.11,6.015,6.02,4810850.0
2025-07-25,6.02,6.03,5.96,6.0,4205783.0
2025-07-28,5.97,6.0,5.9,5.91,4972192.0
2025-07-29,5.95,5.96,5.895,5.94,4099944.0
2025-07-30,5.93,6.03,5.93,5.96,8456209.0
2025-07-31,5.93,6.01,5.81,5.9,7495071.0
2025-08-01,5.905,5.95,5.825,5.9,7273237.0
2025-08-04,5.95,6.03,5.93,6.0,2757617.0
2025-08-05,5.98,6.08,5.885,5.93,17174904.0
2025-08-06,5.98,5.99,5.84,5.9,9604415.0
2025-08-07,5.89,5.995,5.88,5.92,11091239.0
2025-08-08,5.83,5.93,5.67,5.69,7100835.0
2025-08-11,5.67,5.77,5.67,5.68,5073490.0
2025-08-12,5.73,5.81,5.68,5.76,6895458.0
2025-08-13,5.77,5.84,5.745,5.82,7882833.0
2025-08-14,5.79,5.9366,5.79,5.87,7794932.0
2025-08-15,5.87,5.88,5.815,5.83,3596746.0
2025-08-18,5.81,5.85,5.79,5.81,3663227.0
2025-08-19,5.81,5.84,5.78,5.8,3391146.0
2025-08-20,5.8,5.85,5.7735,5.82,5449824.0
2025-08-21,5.81,5.87,5.78,5.8,4576091.0
2025-08-22,5.84,5.865,5.796,5.82,4955798.0
2025-08-25,5.8,5.83,5.73,5.77,4533384.0
2025-08-26,5.77,5.77,5.69,5.77,4701122.0
2025-08-27,5.77,5.85,5.745,5.81,4280963.0
2025-08-28,5.82,5.84,5.78,5.8,3704359.0
2025-08-29,5.8,5.85,5.795,5.8,2660541.0
2025-09-02,5.75,5.77,5.64,5.65,3843153.0
2025-09-03,5.64,5.67,5.6,5.63,3606983.0
2025-09-04,5.64,5.68,5.59,5.64,3680085.0
2025-09-05,5.7,5.7,5.66,5.67,3675024.0
2025-09-08,5.68,5.69,5.61,5.63,4140385.0
2025-09-09,5.63,5.65,5.595,5.61,2955881.0
2025-09-10,5.64,5.64,5.58,5.6,1988466.0
2025-09-11,5.58,5.6259,5.57,5.61,3295686.0
2025-09-12,5.65,5.65,5.55,5.6,3085727.0
2025-09-15,5.62,5.63,5.56,5.59,4223147.0
2025-09-16,5.58,5.585,5.51,5.51,3622308.0
2025-09-17,5.54,5.565,5.5,5.51,3046236.0
2025-09-18,5.5,5.52,5.44,5.48,4055040.0
2025-09-19,5.5,5.55,5.45,5.48,7217629.0
2025-09-22,5.46,5.47,5.43,5.44,4001937.0
2025-09-23,5.45,5.47,5.42,5.44,4267811.0
2025-09-24,5.45,5.45,5.4,5.41,4043820.0
2025-09-25,5.43,5.43,5.37,5.37,5291201.0
2025-09-26,5.4,5.45,5.36,5.39,4578562.0
2025-09-29,5.4,5.43,5.32,5.4,4700412.0
2025-09-30,5.34,5.4,5.33,5.37,3162223.0
2025-10-01,5.43,5.77,5.43,5.71,10724955.0
2025-10-02,5.69,5.735,5.66,5.73,6530762.0
2025-10-03,5.73,5.83,5.73,5.77,5686162.0
2025-10-06,5.8,5.84,5.735,5.79,6948316.0
2025-10-07,5.79,5.83,5.76,5.79,4968583.0
2025-10-08,5.82,5.89,5.79,5.89,5787505.0
2025-10-09,5.9,5.97,5.795,5.8,5286629.0
2025-10-10,5.83,5.85,5.78,5.79,4832427.0
2025-10-13,5.79,5.84,5.78,5.83,1458297.0
2025-10-14,5.81,5.9,5.7804,5.86,5923202.0
2025-10-15,5.86,5.96,5.86,5.95,5763079.0
2025-10-16,5.96,6.01,5.91,5.95,4420769.0
2025-10-17,5.94,5.98,5.88,5.98,5297734.0
2025-10-20,6.0,6.07,5.9744,6.05,3924627.0
2025-10-21,6.05,6.07,5.95,5.95,4527851.0
2025-10-22,5.95,5.96,5.89,5.9,4046619.0
2025-10-23,5.92,5.94,5.78,5.8,5183035.0
2025-10-24,5.85,5.85,5.745,5.76,3910335.0
2025-10-27,5.76,5.79,5.67,5.72,2717170.0
2025-10-28,5.68,5.84,5.68,5.75,4586135.0
2025-10-29,5.77,5.79,5.6135,5.63,4190524.0
2025-10-30,5.65,5.65,5.56,5.57,3318944.0
2025-10-31,5.55,5.62,5.5175,5.58,4371826.0
2025-11-03,5.56,5.59,5.455,5.56,3950389.0
2025-11-04,5.54,5.55,5.5,5.52,2992130.0
2025-11-05,5.56,5.6,5.52,5.59,3631442.0
2025-11-06,5.59,5.74,5.58,5.72,8489951.0
2025-11-07,5.905,6.48,5.905,6.24,17267176.0
2025-11-10,6.27,6.33,6.175,6.32,12728262.0
2025-11-11,6.32,6.395,6.18,6.21,6167935.0
2025-11-12,6.21,6.225,6.14,6.16,5789063.0
2025-11-13,6.13,6.23,6.08,6.15,6168049.0
2025-11-14,6.1,6.16,6.07,6.07,6204089.0
2025-11-17,6.13,6.13,5.96,6.0,3439497.0
2025-11-18,5.99,6.06,5.955,6.02,4845038.0
2025-11-19,6.06,6.06,5.9109,5.95,4117791.0
2025-11-20,5.98,6.029,5.92,5.93,4547918.0
2025-11-21,5.97,5.995,5.885,5.96,4214045.0
2025-11-24,5.96,6.0,5.88,5.96,4000064.0
2025-11-25,5.99,6.09,5.95,6.08,4706217.0
2025-11-26,6.09,6.17,6.08,6.14,2897502.0
2025-11-28,6.13,6.17,6.1035,6.16,1290100.0
2025-12-01,6.11,6.135,6.04,6.06,2551626.0
2025-12-02,6.11,6.11,5.98,5.98,2865726.0
2025-12-03,6.01,6.021,5.895,5.91,3343407.0
2025-12-04,5.93,5.94,5.83,5.85,3843851.0
2025-12-05,5.83,5.89,5.825,5.86,3652446.0
2025-12-08,5.84,5.84,5.74,5.77,4204922.0
2025-12-09,5.79,5.82,5.76,5.76,2258754.0
2025-12-10,5.8,5.825,5.76,5.8,6635057.0
2025-12-11,5.82,5.92,5.82,5.86,5320747.0
2025-12-12,5.89,5.925,5.84,5.88,4525445.0
2025-12-15,5.92,5.97,5.895,5.95,5006452.0
2025-12-16,6.02,6.21,5.998,6.16,5977698.0
2025-12-17,6.16,6.18,6.06,6.09,6155008.0
2025-12-18,6.1,6.28,6.07,6.27,7228791.0
2025-12-19,6.27,6.34,6.12,6.16,6510675.0
2025-12-22,6.15,6.19,6.04,6.18,6790587.0
2025-12-23,6.19,6.28,6.18,6.23,3615860.0
2025-12-24,6.24,6.26,6.215,6.23,1645225.0
2025-12-26,6.22,6.24,6.17,6.19,1573477.0
2025-12-29,6.16,6.31,6.16,6.26,3797092.0
2025-12-30,6.27,6.32,6.21,6.22,3967031.0
2025-12-31,6.16,6.19,6.13,6.15,2375973.0
2026-01-02,6.15,6.2,6.11,6.12,5215561.0
2026-01-05,6.12,6.135,6.04,6.11,4783912.0
2026-01-06,6.16,6.2254,6.11,6.21,4390502.0
2026-01-07,6.31,6.62,6.29,6.41,12304715.0
2026-01-08,6.4,6.49,6.2,6.24,6446828.0
2026-01-09,6.27,6.4,6.245,6.39,6661558.0
2026-01-12,6.4,6.465,6.34,6.37,4031066.0
2026-01-13,6.35,6.39,6.3,6.34,3279678.0
2026-01-14,6.36,6.43,6.34,6.41,3922965.0
2026-01-15,6.41,6.49,6.375,6.44,2809083.0
2026-01-16,6.44,6.48,6.3734,6.47,3106940.0
2026-01-20,6.47,6.55,6.43,6.52,5042054.0
2026-01-21,6.55,6.605,6.39,6.41,6673505.0
2026-01-22,6.43,6.52,6.38,6.4,4230174.0
2026-01-23,6.42,6.42,6.35,6.38,5106886.0
2026-01-26,6.39,6.46,6.38,6.44,4118111.0
2026-01-27,6.48,6.65,6.445,6.63,4987180.0
2026-01-28,6.64,6.68,6.551,6.58,4265199.0
2026-01-29,6.58,6.644,6.45,6.47,4956858.0
2026-01-30,6.5,6.57,6.43,6.55,6848135.0
2026-02-02,6.54,6.57,6.42,6.51,7360022.0
2026-02-03,6.52,6.595,6.485,6.54,3492112.0
2026-02-04,6.56,6.6,6.4745,6.54,5083439.0
2026-02-05,6.54,6.63,6.48,6.53,4416262.0
2026-02-06,6.58,6.63,6.46,6.49,4152594.0
2026-02-09,6.5,6.53,6.44,6.49,2895829.0
2026-02-10,6.49,6.66,6.49,6.62,5735087.0
2026-02-11,6.62,6.66,6.565,6.61,6602640.0
2026-02-12,6.61,6.68,6.58,6.65,7282385.0
2026-02-13,6.65,6.84,6.65,6.81,5093834.0
2026-02-17,6.82,6.86,6.75,6.76,4079487.0
2026-02-18,6.78,6.78,6.665,6.7,3392855.0
2026-02-19,6.74,6.77,6.695,6.73,2677056.0
2026-02-20,6.76,6.76,6.655,6.7,5164482.0
2026-02-23,6.7,6.755,6.69,6.75,2591129.0
2026-02-24,6.78,6.815,6.72,6.8,3326118.0
2026-02-25,6.8,6.85,6.75,6.84,3995493.0
2026-02-26,6.85,6.9595,6.775,6.88,3914803.0
2026-02-27,6.95,7.105,6.91,6.98,4982068.0
2026-03-02,6.9,7.005,6.85,6.96,4310864.0
2026-03-03,6.86,6.975,6.735,6.94,5484598.0
2026-03-04,6.96,6.995,6.87,6.97,3335546.0
2026-03-05,6.93,6.945,6.805,6.88,4197756.0
2026-03-06,6.5,6.52,5.945,6.08,12495111.0
2026-03-09,6.07,6.26,6.02,6.19,4622978.0
2026-03-10,6.18,6.255,6.11,6.17,4549580.0
2026-03-11,6.15,6.29,6.115,6.28,4385451.0
2026-03-12,6.26,6.3869,6.26,6.29,4135511.0
2026-03-13,6.35,6.45,6.3,6.33,4698532.0
2026-03-16,6.41,6.445,6.325,6.42,3250737.0
2026-03-17,6.44,6.635,6.435,6.55,4772667.0
2026-03-18,6.52,6.54,6.42,6.44,3191147.0
2026-03-19,6.41,6.5,6.37,6.44,5574258.0
2026-03-20,6.45,6.465,6.16,6.26,13504989.0
2026-03-23,6.28,6.34,6.145,6.26,4333273.0
2026-03-24,6.22,6.35,6.2,6.29,4757174.0
2026-03-25,6.4,6.4095,6.265,6.27,5063360.0
2026-03-26,6.24,6.305,6.19,6.21,3984864.0
2026-03-27,6.16,6.22,6.11,6.15,4205373.0
2026-03-30,6.22,6.275,6.11,6.16,6827262.0
2026-03-31,6.13,6.156,6.02,6.14,7604313.0
2026-04-01,6.22,6.35,6.215,6.23,4806777.0
2026-04-02,6.28,6.29,6.19,6.23,3816668.0
2026-04-06,6.21,6.245,6.17,6.19,3274080.0
2026-04-07,6.18,6.205,6.13,6.14,3200170.0
2026-04-08,6.27,6.27,6.18,6.27,5598483.0
2026-04-09,6.29,6.42,6.25,6.32,6901020.0
2026-04-10,6.33,6.43,6.33,6.39,5041534.0
2026-04-13,6.375,6.39,6.29,6.29,3336400.0
2026-04-14,6.35,6.35,6.275,6.3,2383091.0
2026-04-15,6.28,6.3851,6.255,6.37,3064179.0
2026-04-16,6.37,6.43,6.355,6.41,3860541.0
2026-04-17,6.41,6.48,6.365,6.38,2563084.0
2026-04-20,6.39,6.4351,6.29,6.305,4164024.0
2026-04-21,6.325,6.36,6.2,6.205,3255647.0
2026-04-22,6.27,6.35,6.21,6.225,2727016.0
2026-04-23,6.24,6.33,6.24,6.31,1641221.0
