date,open,high,low,close,volume
1999-11-01,22.08,22.08,22.08,22.08,500.0
1999-11-02,22.08,22.08,22.08,22.08,500.0
1999-11-03,22.64,22.64,22.64,22.64,100.0
1999-11-04,22.4,22.4,22.4,22.4,1000.0
1999-11-05,22.48,22.56,22.48,22.56,400.0
1999-11-08,22.48,22.48,22.48,22.48,400.0
1999-11-09,21.88,21.88,21.88,21.88,300.0
1999-11-10,21.88,21.88,21.88,21.88,100.0
1999-11-11,21.72,21.72,21.72,21.72,1500.0
1999-11-12,21.72,21.72,21.72,21.72,1500.0
1999-11-15,21.72,21.72,21.72,21.72,1500.0
1999-11-16,22.64,22.64,22.64,22.64,20500.0
1999-11-17,22.56,22.56,22.56,22.56,1500.0
1999-11-18,22.56,22.56,22.56,22.56,1500.0
1999-11-19,22.56,22.56,22.56,22.56,1500.0
1999-11-22,22.56,22.56,22.56,22.56,1500.0
1999-11-23,22.56,22.56,22.56,22.56,1500.0
1999-11-24,22.56,22.56,22.56,22.56,1500.0
1999-11-26,22.56,22.56,22.56,22.56,1500.0
1999-11-29,22.56,22.56,22.56,22.56,1500.0
1999-11-30,22.56,22.56,22.56,22.56,1500.0
1999-12-01,22.56,22.56,22.56,22.56,1500.0
1999-12-02,21.4,21.4,21.4,21.4,1600.0
1999-12-03,21.24,21.24,21.16,21.24,300.0
1999-12-06,21.32,21.32,21.32,21.32,17400.0
1999-12-07,21.32,21.32,21.32,21.32,17400.0
1999-12-08,21.32,21.32,21.32,21.32,0.0
1999-12-09,21.32,21.32,21.32,21.32,0.0
1999-12-10,21.4,21.4,21.4,21.4,900.0
1999-12-13,21.4,21.4,21.4,21.4,900.0
1999-12-14,21.4,21.4,21.4,21.4,2500.0
1999-12-15,21.4,21.4,21.4,21.4,2500.0
1999-12-16,21.08,21.08,21.08,21.08,300.0
1999-12-17,21.08,21.08,21.08,21.08,300.0
1999-12-20,21.08,21.08,21.08,21.08,100.0
1999-12-21,20.88,20.88,20.64,20.88,800.0
1999-12-22,20.88,21.64,20.72,20.8,2100.0
1999-12-23,21.0,21.0,21.0,21.0,4000.0
1999-12-27,21.32,21.32,21.32,21.32,100.0
1999-12-28,21.32,21.32,21.32,21.32,100.0
1999-12-29,21.32,21.32,21.32,21.32,100.0
1999-12-30,21.64,21.8,21.64,21.8,900.0
1999-12-31,21.8,21.8,21.64,21.8,900.0
2000-01-03,21.8,21.8,21.64,21.8,900.0
2000-01-04,21.8,21.8,21.64,21.8,900.0
2000-01-05,21.8,21.8,21.64,21.8,900.0
2000-01-06,21.56,21.56,21.48,21.48,1100.0
2000-01-07,21.48,21.48,21.48,21.48,0.0
2000-01-10,21.48,21.48,21.48,21.48,0.0
2000-01-11,20.96,20.96,20.56,20.56,1000.0
2000-01-12,20.56,20.56,20.56,20.56,0.0
2000-01-13,20.56,20.56,20.56,20.56,0.0
2000-01-14,20.56,20.56,20.56,20.56,0.0
2000-01-18,20.48,20.48,20.48,20.48,200.0
2000-01-19,20.48,20.48,20.48,20.48,200.0
2000-01-20,21.8,21.8,21.8,21.8,200.0
2000-01-21,21.8,21.8,21.8,21.8,0.0
2000-01-24,19.8,19.8,19.8,19.8,100.0
2000-01-25,18.88,18.88,18.88,18.88,20000.0
2000-01-26,19.8,19.8,19.8,19.8,2700.0
2000-01-27,20.48,20.48,20.48,20.48,100.0
2000-01-28,20.48,20.48,20.48,20.48,0.0
2000-01-31,20.8,20.88,20.8,20.8,20100.0
2000-02-01,20.8,20.88,20.8,20.8,20100.0
2000-02-02,20.96,20.96,20.96,20.96,900.0
2000-02-03,20.96,20.96,20.96,20.96,900.0
2000-02-04,20.96,20.96,20.96,20.96,0.0
2000-02-07,19.8,19.8,19.8,19.8,0.0
2000-02-08,20.32,20.32,20.32,20.32,1000.0
2000-02-09,20.32,20.32,20.32,20.32,0.0
2000-02-10,20.16,20.16,20.08,20.16,10000.0
2000-02-11,19.88,19.88,19.88,19.88,1500.0
2000-02-14,19.88,19.88,19.88,19.88,1500.0
2000-02-15,19.88,19.88,19.88,19.88,1500.0
2000-02-16,19.88,19.88,19.88,19.88,0.0
2000-02-17,19.64,19.64,19.64,19.64,0.0
2000-02-18,19.64,19.64,19.64,19.64,0.0
2000-02-22,19.64,19.64,19.64,19.64,0.0
2000-02-23,19.32,19.32,19.32,19.32,4500.0
2000-02-24,19.32,19.32,19.32,19.32,400.0
2000-02-25,19.08,19.08,19.08,19.08,3000.0
2000-02-28,19.16,19.16,19.16,19.16,100.0
2000-02-29,19.16,19.16,19.16,19.16,100.0
2000-03-01,20.24,20.24,20.24,20.24,4500.0
2000-03-02,20.24,20.24,20.24,20.24,4500.0
2000-03-03,20.24,20.24,20.24,20.24,4500.0
2000-03-06,20.24,20.24,20.24,20.24,4500.0
2000-03-07,20.24,20.24,20.24,20.24,0.0
2000-03-08,20.24,20.24,20.24,20.24,4500.0
2000-03-09,17.88,17.88,17.8,17.88,1400.0
2000-03-10,17.88,17.88,17.8,17.88,1400.0
2000-03-13,17.88,17.88,17.8,17.88,1400.0
2000-03-14,17.88,17.88,17.8,17.88,1400.0
2000-03-15,18.16,18.16,18.16,18.16,600.0
2000-03-16,18.16,18.16,18.16,18.16,0.0
2000-03-17,19.16,19.16,19.16,19.16,0.0
2000-03-20,19.24,19.24,19.24,19.24,200.0
2000-03-21,19.24,19.24,19.24,19.24,200.0
2000-03-22,19.24,19.24,19.24,19.24,200.0
2000-03-23,19.24,19.24,19.24,19.24,0.0
2000-03-24,19.24,19.24,19.24,19.24,0.0
2000-03-27,19.24,19.24,19.24,19.24,0.0
2000-03-28,19.24,19.24,19.24,19.24,0.0
2000-03-29,19.24,19.24,19.24,19.24,0.0
2000-03-30,20.0,20.0,20.0,20.0,100.0
2000-03-31,20.48,20.48,20.48,20.48,200.0
2000-04-03,20.48,20.48,20.48,20.48,0.0
2000-04-04,20.48,20.48,20.48,20.48,0.0
2000-04-05,20.72,20.72,20.72,20.72,1000.0
2000-04-06,21.24,21.24,21.24,21.24,500.0
2000-04-07,21.24,21.24,21.24,21.24,500.0
2000-04-10,21.24,21.24,21.24,21.24,500.0
2000-04-11,21.24,21.24,21.24,21.24,0.0
2000-04-12,21.24,21.24,21.24,21.24,0.0
2000-04-13,21.24,21.24,21.24,21.24,0.0
2000-04-14,21.24,21.24,21.24,21.24,0.0
2000-04-17,21.24,21.24,21.24,21.24,0.0
2000-04-18,21.0,21.0,20.64,20.64,2700.0
2000-04-19,20.64,21.0,20.64,20.64,2700.0
2000-04-20,20.64,21.0,20.64,20.64,2700.0
2000-04-24,20.64,21.0,20.64,20.64,2700.0
2000-04-25,23.56,23.56,23.56,23.56,200.0
2000-04-26,23.56,23.56,23.56,23.56,200.0
2000-04-27,23.56,23.56,23.56,23.56,200.0
2000-04-28,23.56,23.56,23.56,23.56,0.0
2000-05-01,23.56,23.56,23.56,23.56,200.0
2000-05-02,23.56,23.56,23.56,23.56,200.0
2000-05-03,22.56,22.56,22.56,22.56,100.0
2000-05-04,22.56,22.56,22.56,22.56,100.0
2000-05-05,22.56,22.56,22.56,22.56,100.0
2000-05-08,22.56,22.56,22.56,22.56,100.0
2000-05-09,22.56,22.56,22.56,22.56,100.0
2000-05-10,23.24,23.24,23.24,23.24,400.0
2000-05-11,23.24,23.24,23.24,23.24,400.0
2000-05-12,23.24,23.24,23.24,23.24,400.0
2000-05-15,23.24,23.24,23.24,23.24,0.0
2000-05-16,23.24,23.24,23.24,23.24,0.0
2000-05-17,23.56,23.8,23.56,23.8,10300.0
2000-05-18,23.56,23.56,23.4,23.56,10100.0
2000-05-19,23.96,23.96,23.96,23.96,10000.0
2000-05-22,23.96,23.96,23.96,23.96,11800.0
2000-05-23,23.96,23.96,23.96,23.96,11800.0
2000-05-24,23.88,23.88,23.88,23.88,400.0
2000-05-25,23.88,23.88,23.88,23.88,400.0
2000-05-26,23.88,23.88,23.88,23.88,400.0
2000-05-30,23.88,23.88,23.88,23.88,400.0
2000-05-31,25.08,25.16,25.08,25.16,200.0
2000-06-01,25.16,25.16,25.08,25.16,200.0
2000-06-02,25.16,25.16,25.08,25.16,200.0
2000-06-05,25.56,25.64,25.56,25.64,800.0
2000-06-06,25.4,25.4,25.4,25.4,200.0
2000-06-07,25.4,25.4,25.4,25.4,200.0
2000-06-08,24.4,24.4,24.4,24.4,700.0
2000-06-09,24.4,24.4,24.4,24.4,0.0
2000-06-12,24.48,24.72,24.48,24.72,2100.0
2000-06-13,24.72,24.72,24.4,24.72,700.0
2000-06-14,24.72,24.72,24.4,24.72,700.0
2000-06-15,24.72,24.72,24.64,24.72,600.0
2000-06-16,24.4,24.4,24.4,24.4,2000.0
2000-06-19,24.4,24.4,24.4,24.4,2000.0
2000-06-20,23.8,23.8,23.8,23.8,800.0
2000-06-21,23.8,23.8,23.8,23.8,800.0
2000-06-22,23.8,23.8,23.8,23.8,800.0
2000-06-23,23.8,23.8,23.8,23.8,800.0
2000-06-26,23.8,23.8,23.8,23.8,0.0
2000-06-27,23.8,23.8,23.8,23.8,0.0
2000-06-28,23.8,23.8,23.8,23.8,0.0
2000-06-29,23.8,23.8,23.8,23.8,0.0
2000-06-30,24.88,24.88,24.88,24.88,200.0
2000-07-03,24.88,24.88,24.88,24.88,200.0
2000-07-05,24.88,24.88,24.88,24.88,200.0
2000-07-06,24.72,24.72,24.72,24.72,203800.0
2000-07-07,24.72,24.72,24.72,24.72,0.0
2000-07-10,24.72,24.72,24.72,24.72,0.0
2000-07-11,24.72,24.72,24.72,24.72,0.0
2000-07-12,24.16,24.16,24.08,24.16,400.0
2000-07-13,24.16,24.16,24.16,24.16,0.0
2000-07-14,23.8,23.8,23.8,23.8,200.0
2000-07-17,23.8,23.8,23.8,23.8,200.0
2000-07-18,23.88,24.0,23.88,24.0,400.0
2000-07-19,24.0,24.0,23.88,24.0,400.0
2000-07-20,24.0,24.08,24.0,24.08,2200.0
2000-07-21,24.08,24.08,24.0,24.08,2200.0
2000-07-24,24.08,24.08,24.0,24.08,2200.0
2000-07-25,24.08,24.08,24.0,24.08,2200.0
2000-07-26,25.16,25.48,25.16,25.48,1100.0
2000-07-27,25.48,25.48,25.16,25.48,1100.0
2000-07-28,25.48,25.48,25.48,25.48,0.0
2000-07-31,25.48,25.56,25.4,25.4,1400.0
2000-08-01,25.4,25.56,25.4,25.4,1400.0
2000-08-02,25.4,25.48,25.16,25.48,1200.0
2000-08-03,25.64,25.64,25.64,25.64,0.0
2000-08-04,25.64,25.64,25.64,25.64,300.0
2000-08-07,25.64,25.64,25.64,25.64,0.0
2000-08-08,25.64,25.64,25.64,25.64,0.0
2000-08-09,25.4,25.4,25.4,25.4,0.0
2000-08-10,25.4,25.4,25.4,25.4,500.0
2000-08-11,25.4,25.4,25.4,25.4,500.0
2000-08-14,25.88,25.88,25.88,25.88,300.0
2000-08-15,25.88,25.88,25.88,25.88,300.0
2000-08-16,25.88,25.88,25.88,25.88,300.0
2000-08-17,25.88,25.88,25.88,25.88,300.0
2000-08-18,25.88,25.88,25.88,25.88,0.0
2000-08-21,26.16,26.16,26.16,26.16,1500.0
2000-08-22,25.4,25.4,25.4,25.4,1000.0
2000-08-23,25.56,25.64,25.56,25.64,400.0
2000-08-24,25.64,25.64,25.56,25.64,400.0
2000-08-25,25.64,25.64,25.56,25.64,400.0
2000-08-28,25.64,25.64,25.56,25.64,400.0
2000-08-29,25.64,25.64,25.56,25.64,400.0
2000-08-30,25.64,25.64,25.56,25.64,400.0
2000-08-31,25.64,25.64,25.64,25.64,0.0
2000-09-01,26.4,26.4,26.4,26.4,0.0
2000-09-05,26.4,26.4,26.4,26.4,0.0
2000-09-06,26.4,26.4,26.4,26.4,0.0
2000-09-07,26.0,26.0,26.0,26.0,100.0
2000-09-08,26.0,26.0,26.0,26.0,100.0
2000-09-11,26.0,26.0,26.0,26.0,0.0
2000-09-12,26.0,26.0,26.0,26.0,0.0
2000-09-13,27.0,27.0,27.0,27.0,600.0
2000-09-14,27.8,27.88,27.8,27.8,3400.0
2000-09-15,28.08,28.16,28.08,28.16,400.0
2000-09-18,28.16,28.32,28.16,28.24,1700.0
2000-09-19,28.24,28.32,28.24,28.32,400.0
2000-09-20,28.32,28.32,28.24,28.32,400.0
2000-09-21,29.4,29.4,29.4,29.4,100.0
2000-09-22,29.4,29.4,29.4,29.4,100.0
2000-09-25,29.4,29.4,29.4,29.4,100.0
2000-09-26,29.4,29.4,29.4,29.4,100.0
2000-09-27,29.4,29.4,29.4,29.4,100.0
2000-09-28,28.0,28.0,28.0,28.0,600.0
2000-09-29,28.64,28.64,28.64,28.64,100.0
2000-10-02,28.64,28.64,28.64,28.64,3100.0
2000-10-03,28.64,28.64,28.64,28.64,3100.0
2000-10-04,28.64,28.64,28.64,28.64,3100.0
2000-10-05,28.64,28.64,28.64,28.64,3100.0
2000-10-06,28.64,28.64,28.64,28.64,0.0
2000-10-09,28.64,28.64,28.64,28.64,0.0
2000-10-10,28.64,28.64,28.64,28.64,0.0
2000-10-11,28.64,28.64,28.64,28.64,0.0
2000-10-12,28.64,28.64,28.64,28.64,0.0
2000-10-13,26.48,26.48,26.48,26.48,300.0
2000-10-16,26.48,26.48,26.48,26.48,300.0
2000-10-17,26.48,26.48,26.48,26.48,300.0
2000-10-18,26.48,26.48,26.48,26.48,300.0
2000-10-19,26.0,26.0,25.8,25.8,400.0
2000-10-20,25.8,26.0,25.8,25.8,400.0
2000-10-23,25.8,26.0,25.8,25.8,400.0
2000-10-24,25.8,26.0,25.8,25.8,400.0
2000-10-25,25.8,26.0,25.8,25.8,400.0
2000-10-26,26.56,26.56,26.56,26.56,1000.0
2000-10-27,26.56,26.56,26.56,26.56,1000.0
2000-10-30,26.56,26.56,26.56,26.56,1000.0
2000-10-31,26.56,26.56,26.56,26.56,1000.0
2000-11-01,28.4,28.48,28.4,28.4,200.0
2000-11-02,28.56,28.56,28.56,28.56,200.0
2000-11-03,28.96,29.08,28.96,28.96,300.0
2000-11-06,28.96,29.08,28.96,28.96,300.0
2000-11-07,28.96,29.08,28.96,28.96,300.0
2000-11-08,29.32,29.32,29.32,29.32,300.0
2000-11-09,29.32,29.32,29.32,29.32,300.0
2000-11-10,29.24,29.24,29.24,29.24,2100.0
2000-11-13,29.24,29.24,29.24,29.24,2100.0
2000-11-14,29.24,29.24,29.24,29.24,2100.0
2000-11-15,28.48,28.48,28.24,28.4,600.0
2000-11-16,26.72,26.72,26.72,26.72,500.0
2000-11-17,26.72,26.72,26.72,26.72,500.0
2000-11-20,25.4,25.4,25.4,25.4,1800.0
2000-11-21,25.4,25.56,25.16,25.16,1100.0
2000-11-22,25.16,25.56,25.16,25.16,1100.0
2000-11-24,25.0,25.0,24.88,25.0,1200.0
2000-11-27,25.0,25.0,24.88,25.0,1200.0
2000-11-28,25.88,25.88,25.88,25.88,200.0
2000-11-29,26.0,26.0,26.0,26.0,200.0
2000-11-30,26.0,26.0,26.0,26.0,200.0
2000-12-01,26.0,26.0,26.0,26.0,200.0
2000-12-04,26.0,26.0,26.0,26.0,200.0
2000-12-05,26.0,26.0,26.0,26.0,200.0
2000-12-06,25.24,25.24,25.08,25.16,225700.0
2000-12-07,25.16,25.24,25.08,25.16,225700.0
2000-12-08,25.16,25.24,25.08,25.16,225700.0
2000-12-11,25.16,25.24,25.08,25.16,225700.0
2000-12-12,28.16,28.4,28.16,28.24,300.0
2000-12-13,28.24,28.4,28.16,28.24,300.0
2000-12-14,28.24,28.4,28.16,28.24,300.0
2000-12-15,28.24,28.4,28.16,28.24,300.0
2000-12-18,28.24,28.4,28.16,28.24,300.0
2000-12-19,28.24,28.4,28.16,28.24,300.0
2000-12-20,27.24,27.24,27.24,27.24,200.0
2000-12-21,27.16,27.16,27.16,27.16,200.0
2000-12-22,27.16,27.16,27.16,27.16,200.0
2000-12-26,27.16,27.16,27.16,27.16,200.0
2000-12-27,27.16,27.16,27.16,27.16,200.0
2000-12-28,27.16,27.16,27.16,27.16,200.0
2000-12-29,27.16,27.16,27.16,27.16,200.0
2001-01-02,27.16,27.16,27.16,27.16,200.0
2001-01-03,27.16,27.16,27.16,27.16,200.0
2001-01-04,27.88,28.56,27.88,27.96,800.0
2001-01-05,29.24,29.24,29.24,29.24,100.0
2001-01-08,28.88,28.88,28.8,28.8,400.0
2001-01-09,28.8,28.88,28.8,28.8,400.0
2001-01-10,28.72,28.72,28.72,28.72,6100.0
2001-01-11,28.72,28.72,28.72,28.72,6100.0
2001-01-12,28.96,29.08,28.96,29.08,3500.0
2001-01-16,28.72,28.72,28.72,28.72,1000.0
2001-01-17,28.72,28.72,28.72,28.72,1000.0
2001-01-18,28.72,28.72,28.72,28.72,1000.0
2001-01-19,28.72,28.72,28.72,28.72,1000.0
2001-01-22,28.72,28.72,28.72,28.72,1000.0
2001-01-23,28.72,28.72,28.72,28.72,1000.0
2001-01-24,28.32,28.32,28.32,28.32,2100.0
2001-01-25,28.48,28.56,28.48,28.56,200.0
2001-01-26,28.56,28.56,28.48,28.56,200.0
2001-01-29,28.56,28.56,28.48,28.56,200.0
2001-01-30,29.72,30.08,29.72,29.8,45300.0
2001-01-31,29.8,29.88,29.56,29.88,2800.0
2001-02-01,30.16,30.16,30.16,30.16,400.0
2001-02-02,30.16,30.16,30.16,30.16,400.0
2001-02-05,30.16,30.16,30.16,30.16,0.0
2001-02-06,31.32,31.32,31.32,31.32,800.0
2001-02-07,31.24,31.24,31.24,31.24,100.0
2001-02-08,30.48,30.48,30.48,30.48,200.0
2001-02-09,30.48,30.48,30.48,30.48,200.0
2001-02-12,30.48,30.48,30.48,30.48,200.0
2001-02-13,30.48,30.48,30.48,30.48,200.0
2001-02-14,29.88,29.88,29.88,29.88,0.0
2001-02-15,29.88,29.88,29.88,29.88,0.0
2001-02-16,30.24,30.24,30.24,30.24,200.0
2001-02-20,30.56,30.56,30.56,30.56,2200.0
2001-02-21,30.56,30.56,30.56,30.56,2200.0
2001-02-22,30.56,30.56,30.56,30.56,2200.0
2001-02-23,27.08,27.08,27.08,27.08,200.0
2001-02-26,27.08,27.08,27.08,27.08,200.0
2001-02-27,27.56,27.56,27.56,27.56,200.0
2001-02-28,27.56,27.56,27.56,27.56,200.0
2001-03-01,27.56,27.56,27.56,27.56,200.0
2001-03-02,27.56,27.56,27.56,27.56,200.0
2001-03-05,27.56,27.56,27.56,27.56,200.0
2001-03-06,29.56,29.56,29.56,29.56,100.0
2001-03-07,28.4,28.4,27.4,27.56,1800.0
2001-03-08,27.56,27.56,27.0,27.16,8900.0
2001-03-09,27.16,27.56,27.0,27.16,8900.0
2001-03-12,27.16,27.16,27.16,27.16,0.0
2001-03-13,27.16,27.16,27.16,27.16,0.0
2001-03-14,26.64,26.64,26.56,26.56,1800.0
2001-03-15,26.56,26.64,26.56,26.56,1800.0
2001-03-16,26.72,26.72,26.72,26.72,400.0
2001-03-19,26.72,26.72,26.72,26.72,400.0
2001-03-20,26.72,26.8,26.72,26.8,200.0
2001-03-21,26.8,26.8,26.72,26.8,200.0
2001-03-22,25.96,25.96,25.8,25.96,25100.0
2001-03-23,23.88,23.88,23.88,23.88,3000.0
2001-03-26,24.56,24.72,24.56,24.72,400.0
2001-03-27,26.0,26.0,26.0,26.0,600.0
2001-03-28,26.24,26.24,26.24,26.24,100.0
2001-03-29,25.88,25.88,25.88,25.88,500.0
2001-03-30,25.88,25.88,25.88,25.88,500.0
2001-04-02,25.88,25.88,25.88,25.88,500.0
2001-04-03,25.88,25.88,25.88,25.88,500.0
2001-04-04,25.88,25.88,25.88,25.88,500.0
2001-04-05,25.88,25.88,25.88,25.88,500.0
2001-04-06,25.88,25.88,25.88,25.88,500.0
2001-04-09,25.88,25.88,25.88,25.88,500.0
2001-04-10,25.8,25.8,25.8,25.8,300.0
2001-04-11,25.8,25.8,25.8,25.8,300.0
2001-04-12,26.56,26.56,26.56,26.56,500.0
2001-04-16,26.56,26.56,26.56,26.56,500.0
2001-04-17,26.56,26.56,26.56,26.56,500.0
2001-04-18,26.56,26.56,26.56,26.56,500.0
2001-04-19,26.56,26.56,26.56,26.56,500.0
2001-04-20,26.56,26.56,26.56,26.56,500.0
2001-04-23,26.56,26.56,26.56,26.56,500.0
2001-04-24,26.24,26.24,26.24,26.24,1300.0
2001-04-25,25.88,25.88,25.88,25.88,200.0
2001-04-26,25.88,25.88,25.88,25.88,200.0
2001-04-27,25.88,25.88,25.88,25.88,200.0
2001-04-30,25.88,25.88,25.88,25.88,200.0
2001-05-01,25.08,25.08,25.08,25.08,400.0
2001-05-02,24.96,24.96,24.88,24.96,1200.0
2001-05-03,25.0,25.0,25.0,25.0,100.0
2001-05-04,25.0,25.0,25.0,25.0,100.0
2001-05-07,24.8,24.8,24.8,24.8,600.0
2001-05-08,24.8,24.8,24.8,24.8,600.0
2001-05-09,25.08,25.16,25.08,25.16,200.0
2001-05-10,25.16,25.16,25.08,25.16,200.0
2001-05-11,26.4,26.4,26.4,26.4,400.0
2001-05-14,26.4,26.4,26.4,26.4,400.0
2001-05-15,25.0,25.0,25.0,25.0,800.0
2001-05-16,25.0,25.0,25.0,25.0,800.0
2001-05-17,25.08,25.08,25.08,25.08,1500.0
2001-05-18,25.08,25.08,25.08,25.08,1500.0
2001-05-21,25.08,25.08,25.08,25.08,1500.0
2001-05-22,25.08,25.08,25.08,25.08,1500.0
2001-05-23,25.64,25.64,25.64,25.64,0.0
2001-05-24,25.64,25.64,25.64,25.64,0.0
2001-05-25,25.64,25.64,25.64,25.64,0.0
2001-05-29,25.64,25.64,25.64,25.64,0.0
2001-05-30,25.64,25.64,25.64,25.64,0.0
2001-05-31,27.24,27.4,27.24,27.4,1400.0
2001-06-01,28.64,28.64,28.64,28.64,5100.0
2001-06-04,28.64,29.4,28.64,29.4,6600.0
2001-06-05,29.4,29.4,28.64,29.4,6600.0
2001-06-06,29.4,29.4,28.64,29.4,6600.0
2001-06-07,29.4,29.4,28.64,29.4,6600.0
2001-06-08,29.4,29.4,28.64,29.4,6600.0
2001-06-11,29.4,29.4,28.64,29.4,6600.0
2001-06-12,29.4,29.4,28.64,29.4,6600.0
2001-06-13,29.32,29.32,29.32,29.32,1800.0
2001-06-14,29.8,29.88,29.8,29.88,600.0
2001-06-15,29.96,30.0,29.96,29.96,700.0
2001-06-18,29.48,29.48,29.48,29.48,100.0
2001-06-19,29.48,29.48,29.48,29.48,100.0
2001-06-20,29.48,29.48,29.48,29.48,100.0
2001-06-21,29.48,29.48,29.48,29.48,100.0
2001-06-22,29.48,29.48,29.48,29.48,0.0
2001-06-25,29.48,29.48,29.48,29.48,0.0
2001-06-26,30.48,30.48,30.48,30.48,0.0
2001-06-27,29.88,29.88,29.88,29.88,100.0
2001-06-28,29.88,29.88,29.88,29.88,100.0
2001-06-29,29.88,29.88,29.88,29.88,100.0
2001-07-02,29.72,29.72,29.72,29.72,400.0
2001-07-03,29.72,29.72,29.72,29.72,400.0
2001-07-05,29.72,29.72,29.72,29.72,400.0
2001-07-06,30.56,30.56,30.56,30.56,200.0
2001-07-09,30.48,30.48,30.48,30.48,100.0
2001-07-10,30.64,30.64,30.64,30.64,100.0
2001-07-11,30.64,30.64,30.64,30.64,100.0
2001-07-12,30.64,30.64,30.64,30.64,100.0
2001-07-13,30.64,30.64,30.64,30.64,100.0
2001-07-16,30.64,30.64,30.64,30.64,100.0
2001-07-17,30.64,30.64,30.64,30.64,0.0
2001-07-18,30.64,30.64,30.64,30.64,0.0
2001-07-19,30.64,30.64,30.64,30.64,0.0
2001-07-20,29.96,29.96,29.96,29.96,0.0
2001-07-23,29.96,29.96,29.96,29.96,0.0
2001-07-24,29.96,29.96,29.96,29.96,0.0
2001-07-25,29.96,29.96,29.96,29.96,0.0
2001-07-26,29.96,30.08,29.72,29.72,8000.0
2001-07-27,29.72,29.72,29.72,29.72,0.0
2001-07-30,29.72,30.08,29.72,29.72,8000.0
2001-07-31,29.72,30.08,29.72,29.72,8000.0
2001-08-01,29.8,29.8,29.8,29.8,900.0
2001-08-02,29.8,29.8,29.8,29.8,900.0
2001-08-03,30.24,30.24,30.24,30.24,100.0
2001-08-06,30.56,30.64,30.56,30.56,34200.0
2001-08-07,30.56,30.64,30.56,30.56,34200.0
2001-08-08,30.56,30.64,30.56,30.56,34200.0
2001-08-09,30.56,30.64,30.56,30.56,34200.0
2001-08-10,30.64,30.64,30.64,30.64,100.0
2001-08-13,30.64,30.64,30.64,30.64,100.0
2001-08-14,30.64,30.64,30.64,30.64,100.0
2001-08-15,31.0,31.0,31.0,31.0,1500.0
2001-08-16,30.96,30.96,30.96,30.96,1900.0
2001-08-17,30.96,30.96,30.96,30.96,1900.0
2001-08-20,30.96,30.96,30.96,30.96,1900.0
2001-08-21,30.64,30.64,30.64,30.64,1000.0
2001-08-22,30.64,30.64,30.64,30.64,1000.0
2001-08-23,30.64,30.64,30.64,30.64,0.0
2001-08-24,31.24,31.24,31.24,31.24,800.0
2001-08-27,31.64,31.64,31.64,31.64,500.0
2001-08-28,32.16,32.16,32.16,32.16,400.0
2001-08-29,32.16,32.4,32.16,32.4,1200.0
2001-08-30,32.16,32.16,32.16,32.16,200.0
2001-08-31,32.16,32.16,32.16,32.16,200.0
2001-09-04,31.56,31.56,31.56,31.56,1000.0
2001-09-05,31.56,31.64,31.56,31.56,300.0
2001-09-06,31.08,31.08,31.08,31.08,600.0
2001-09-07,31.48,31.56,31.48,31.56,200.0
2001-09-10,31.56,31.56,31.48,31.56,200.0
2001-09-17,31.56,31.56,31.56,31.56,0.0
2001-09-18,31.56,31.56,31.56,31.56,0.0
2001-09-19,31.56,31.56,31.56,31.56,0.0
2001-09-20,29.56,29.56,29.56,29.56,5000.0
2001-09-21,28.56,28.56,28.48,28.48,1400.0
2001-09-24,28.48,28.48,28.24,28.24,1200.0
2001-09-25,28.24,28.48,28.24,28.24,1200.0
2001-09-26,29.56,29.8,29.56,29.64,5400.0
2001-09-27,29.4,29.4,29.4,29.4,2000.0
2001-09-28,29.4,29.4,29.4,29.4,2000.0
2001-10-01,29.4,29.4,29.4,29.4,2000.0
2001-10-02,29.08,29.08,29.08,29.08,500.0
2001-10-03,29.64,29.64,29.64,29.64,800.0
2001-10-04,29.64,29.64,29.64,29.64,800.0
2001-10-05,29.64,29.64,29.64,29.64,800.0
2001-10-08,29.64,29.64,29.64,29.64,800.0
2001-10-09,29.64,29.64,29.64,29.64,800.0
2001-10-10,29.24,29.24,29.24,29.24,25000.0
2001-10-11,29.24,29.24,29.24,29.24,25000.0
2001-10-12,29.24,29.24,29.24,29.24,25000.0
2001-10-15,29.24,29.24,29.24,29.24,25000.0
2001-10-16,28.8,28.8,28.8,28.8,2000.0
2001-10-17,28.8,28.8,28.8,28.8,2000.0
2001-10-18,28.8,28.8,28.8,28.8,2000.0
2001-10-19,28.8,28.8,28.8,28.8,2000.0
2001-10-22,28.8,28.8,28.8,28.8,2000.0
2001-10-23,28.8,28.8,28.8,28.8,2000.0
2001-10-24,28.8,28.8,28.8,28.8,2000.0
2001-10-25,28.8,28.8,28.8,28.8,2000.0
2001-10-26,28.8,28.8,28.8,28.8,2000.0
2001-10-29,28.8,28.8,28.8,28.8,2000.0
2001-10-30,28.8,28.8,28.8,28.8,2000.0
2001-10-31,28.8,28.8,28.8,28.8,2000.0
2001-11-01,28.8,28.8,28.8,28.8,2000.0
2001-11-02,28.8,28.8,28.8,28.8,2000.0
2001-11-05,28.8,28.8,28.8,28.8,2000.0
2001-11-06,28.8,28.8,28.8,28.8,2000.0
2001-11-07,28.8,28.8,28.8,28.8,2000.0
2001-11-08,29.88,29.88,29.88,29.88,100.0
2001-11-09,29.72,29.72,29.72,29.72,200.0
2001-11-12,29.72,29.72,29.72,29.72,200.0
2001-11-13,29.72,29.72,29.72,29.72,200.0
2001-11-14,30.8,30.88,30.8,30.88,800.0
2001-11-15,30.88,31.0,30.72,30.72,3800.0
2001-11-16,30.72,31.0,30.72,30.72,3800.0
2001-11-19,30.72,31.0,30.72,30.72,3800.0
2001-11-20,30.72,31.0,30.72,30.72,3800.0
2001-11-21,30.72,31.0,30.72,30.72,3800.0
2001-11-23,30.4,30.4,30.4,30.4,500.0
2001-11-26,30.4,30.4,30.4,30.4,500.0
2001-11-27,30.4,30.4,30.4,30.4,500.0
2001-11-28,30.4,30.4,30.4,30.4,500.0
2001-11-29,30.4,30.4,30.4,30.4,500.0
2001-11-30,30.4,30.4,30.4,30.4,500.0
2001-12-03,30.4,30.4,30.4,30.4,500.0
2001-12-04,30.4,30.4,30.4,30.4,500.0
2001-12-05,30.64,31.16,30.64,31.16,20900.0
2001-12-06,31.24,31.24,31.24,31.24,80000.0
2001-12-07,31.24,31.24,31.24,31.24,80000.0
2001-12-10,31.32,31.32,31.32,31.32,300.0
2001-12-11,31.0,31.0,31.0,31.0,100.0
2001-12-12,31.48,31.56,31.48,31.48,600.0
2001-12-13,31.48,31.56,31.48,31.48,600.0
2001-12-14,31.48,31.56,31.48,31.48,600.0
2001-12-17,31.48,31.56,31.48,31.48,600.0
2001-12-18,31.48,31.56,31.48,31.48,600.0
2001-12-19,32.08,32.16,32.08,32.16,10600.0
2001-12-20,32.16,32.16,32.08,32.16,10600.0
2001-12-21,31.64,31.64,31.64,31.64,1600.0
2001-12-24,30.24,30.24,30.24,30.24,100.0
2001-12-26,30.24,30.24,30.24,30.24,100.0
2001-12-27,30.24,30.24,30.24,30.24,100.0
2001-12-28,30.24,30.24,30.24,30.24,100.0
2001-12-31,30.24,30.24,30.24,30.24,100.0
2002-01-02,30.24,30.24,30.24,30.24,100.0
2002-01-03,30.24,30.24,30.24,30.24,100.0
2002-01-04,30.24,30.24,30.24,30.24,100.0
2002-01-07,30.24,30.24,30.24,30.24,100.0
2002-01-08,30.24,30.24,30.24,30.24,100.0
2002-01-09,30.4,30.64,30.4,30.64,800.0
2002-01-10,30.64,30.64,30.4,30.64,800.0
2002-01-11,30.64,30.64,30.4,30.64,800.0
2002-01-14,30.4,30.4,30.24,30.4,500.0
2002-01-15,30.16,30.16,29.72,29.72,300.0
2002-01-16,29.72,30.16,29.72,29.72,300.0
2002-01-17,29.72,30.16,29.72,29.72,300.0
2002-01-18,29.72,30.16,29.72,29.72,300.0
2002-01-22,29.72,30.16,29.72,29.72,300.0
2002-01-23,29.72,30.16,29.72,29.72,300.0
2002-01-24,29.72,30.16,29.72,29.72,300.0
2002-01-25,29.72,30.16,29.72,29.72,300.0
2002-01-28,30.24,30.24,30.24,30.24,0.0
2002-01-29,30.56,30.56,30.56,30.56,0.0
2002-01-30,30.56,30.56,30.56,30.56,0.0
2002-01-31,30.56,30.56,30.56,30.56,0.0
2002-02-01,30.56,30.56,30.56,30.56,0.0
2002-02-04,30.56,30.56,30.56,30.56,0.0
2002-02-05,29.8,29.8,29.64,29.64,500.0
2002-02-06,29.64,29.8,29.64,29.64,500.0
2002-02-07,28.88,28.88,28.88,28.88,200.0
2002-02-08,28.88,28.88,28.88,28.88,200.0
2002-02-11,28.88,28.96,28.88,28.96,20600.0
2002-02-12,29.16,29.16,29.16,29.16,100.0
2002-02-13,29.0,29.0,29.0,29.0,3000.0
2002-02-14,28.8,28.8,28.8,28.8,100.0
2002-02-15,28.8,28.8,28.8,28.8,100.0
2002-02-19,28.8,28.8,28.8,28.8,100.0
2002-02-20,28.8,28.8,28.8,28.8,100.0
2002-02-21,28.8,28.8,28.8,28.8,100.0
2002-02-22,28.8,28.8,28.8,28.8,100.0
2002-02-25,28.96,28.96,28.96,28.96,100.0
2002-02-26,29.16,29.24,29.16,29.24,2900.0
2002-02-27,29.88,29.88,29.88,29.88,1900.0
2002-02-28,29.88,29.88,29.88,29.88,1900.0
2002-03-01,29.88,29.88,29.88,29.88,1900.0
2002-03-04,29.88,29.88,29.88,29.88,1900.0
2002-03-05,29.88,29.88,29.88,29.88,1900.0
2002-03-06,31.64,32.08,31.64,32.08,1800.0
2002-03-07,32.56,32.64,32.56,32.64,4100.0
2002-03-08,32.8,32.8,32.8,32.8,100.0
2002-03-11,32.8,32.8,32.8,32.8,100.0
2002-03-12,32.0,32.0,32.0,32.0,500.0
2002-03-13,31.64,31.64,31.64,31.64,200.0
2002-03-14,31.64,31.64,31.64,31.64,200.0
2002-03-15,31.64,31.64,31.64,31.64,400.0
2002-03-18,31.64,31.64,31.64,31.64,400.0
2002-03-19,32.32,32.32,32.32,32.32,1700.0
2002-03-20,32.32,32.32,32.32,32.32,1700.0
2002-03-21,32.4,32.56,32.4,32.56,2000.0
2002-03-22,32.56,32.56,32.4,32.56,2000.0
2002-03-25,32.56,32.56,32.4,32.56,2000.0
2002-03-26,32.56,32.56,32.4,32.56,2000.0
2002-03-27,33.08,33.08,33.08,33.08,100.0
2002-03-28,32.96,32.96,32.96,32.96,1000.0
2002-04-01,32.88,32.88,32.88,32.88,1600.0
2002-04-02,32.8,32.8,32.8,32.8,1900.0
2002-04-03,32.8,32.8,32.8,32.8,1900.0
2002-04-04,32.8,32.8,32.8,32.8,1900.0
2002-04-05,32.8,32.8,32.8,32.8,1900.0
2002-04-08,32.8,32.8,32.8,32.8,1900.0
2002-04-09,33.24,33.32,33.24,33.24,300.0
2002-04-10,33.24,33.32,33.24,33.24,300.0
2002-04-11,33.24,33.32,33.24,33.24,300.0
2002-04-12,33.24,33.32,33.24,33.24,300.0
2002-04-15,34.32,34.32,34.32,34.32,100.0
2002-04-16,34.32,34.32,34.32,34.32,100.0
2002-04-17,34.08,34.08,34.08,34.08,700.0
2002-04-18,34.08,34.08,34.08,34.08,700.0
2002-04-19,34.08,34.08,34.08,34.08,700.0
2002-04-22,34.08,34.08,34.08,34.08,700.0
2002-04-23,34.08,34.08,34.08,34.08,700.0
2002-04-24,34.08,34.08,34.08,34.08,700.0
2002-04-25,34.08,34.08,34.08,34.08,700.0
2002-04-26,34.08,34.08,34.08,34.08,700.0
2002-04-29,34.08,34.08,34.08,34.08,700.0
2002-04-30,34.0,34.0,33.72,33.72,300.0
2002-05-01,33.72,34.0,33.72,33.72,300.0
2002-05-02,33.72,34.0,33.72,33.72,300.0
2002-05-03,33.72,34.0,33.72,33.72,300.0
2002-05-06,33.72,34.0,33.72,33.72,300.0
2002-05-07,33.72,34.0,33.72,33.72,300.0
2002-05-08,33.72,34.0,33.72,33.72,300.0
2002-05-09,33.72,33.72,33.72,33.72,0.0
2002-05-10,33.72,33.72,33.72,33.72,0.0
2002-05-13,34.32,34.32,34.32,34.32,1200.0
2002-05-14,34.4,34.4,34.4,34.4,3700.0
2002-05-15,34.48,34.48,34.48,34.48,300.0
2002-05-16,35.0,35.0,35.0,35.0,400.0
2002-05-17,34.88,34.88,34.88,34.88,200.0
2002-05-20,34.88,34.88,34.8,34.8,25000.0
2002-05-21,34.8,34.88,34.8,34.8,0.0
2002-05-22,34.56,34.56,34.56,34.56,1000.0
2002-05-23,33.8,33.8,33.56,33.56,10000.0
2002-05-24,34.24,34.48,34.24,34.24,500.0
2002-05-28,34.16,34.16,34.16,34.16,6200.0
2002-05-29,35.4,35.4,35.4,35.4,500.0
2002-05-30,35.32,35.32,35.0,35.32,2000.0
2002-05-31,35.16,35.16,35.16,35.16,200.0
2002-06-03,35.16,35.16,35.16,35.16,200.0
2002-06-04,35.16,35.16,35.16,35.16,0.0
2002-06-05,35.16,35.16,35.16,35.16,0.0
2002-06-06,35.0,35.0,34.96,34.96,2000.0
2002-06-07,34.64,34.88,34.56,34.8,128000.0
2002-06-10,34.72,34.8,34.24,34.24,14900.0
2002-06-11,34.0,34.56,33.88,33.96,31100.0
2002-06-12,34.12,34.51,34.11,34.21,36500.0
2002-06-13,34.2,34.2,33.37,33.61,10800.0
2002-06-14,33.22,33.4,33.13,33.25,12200.0
2002-06-17,33.33,33.8,33.18,33.52,14800.0
2002-06-18,33.62,33.81,33.4,33.4,13400.0
2002-06-19,33.59,33.59,33.4,33.4,1200.0
2002-06-20,33.45,33.45,32.9,33.25,5800.0
2002-06-21,33.26,33.4,32.9,32.9,2500.0
2002-06-24,32.72,32.77,32.42,32.67,4100.0
2002-06-25,33.0,33.0,32.9,33.0,700.0
2002-06-26,32.67,32.88,32.17,32.17,9300.0
2002-06-27,32.4,32.96,32.4,32.89,251300.0
2002-06-28,32.8,33.31,32.6,33.31,19800.0
2002-07-01,33.41,33.6,33.41,33.6,9400.0
2002-07-02,32.8,32.9,32.47,32.63,15100.0
2002-07-03,32.68,32.68,32.32,32.58,1000.0
2002-07-05,32.65,32.65,32.5,32.59,1500.0
2002-07-08,32.65,33.32,32.65,33.28,5000.0
2002-07-09,33.5,33.73,33.5,33.73,5000.0
2002-07-10,33.55,33.55,33.1,33.25,9500.0
2002-07-11,33.1,33.1,32.39,32.43,5300.0
2002-07-12,32.01,32.01,31.61,31.7,4700.0
2002-07-15,31.78,31.79,31.36,31.69,16100.0
2002-07-16,31.6,31.93,31.53,31.53,7000.0
2002-07-17,31.76,31.86,31.55,31.78,8300.0
2002-07-18,31.7,32.0,31.62,31.69,19600.0
2002-07-19,31.5,31.59,30.7,30.7,22200.0
2002-07-22,30.1,30.35,29.59,29.91,15800.0
2002-07-23,30.06,30.25,29.0,29.0,22100.0
2002-07-24,28.0,29.45,28.0,29.45,11200.0
2002-07-25,29.3,30.09,29.3,29.81,18600.0
2002-07-26,29.81,29.88,29.4,29.55,9700.0
2002-07-29,29.89,30.47,29.88,30.42,35700.0
2002-07-30,30.14,30.92,30.14,30.63,4000.0
2002-07-31,30.55,30.98,30.5,30.98,5500.0
2002-08-01,30.89,31.35,30.63,31.22,12500.0
2002-08-02,31.22,31.45,31.14,31.45,7800.0
2002-08-05,31.35,31.35,31.2,31.21,1600.0
2002-08-06,31.0,31.43,31.0,31.4,5000.0
2002-08-07,31.52,31.52,31.13,31.44,2900.0
2002-08-08,31.75,31.87,31.48,31.84,19200.0
2002-08-09,32.27,32.39,32.18,32.18,2900.0
2002-08-12,31.71,31.8,31.64,31.64,2000.0
2002-08-13,32.06,32.14,31.7,31.7,9700.0
2002-08-14,31.6,31.93,31.44,31.93,22300.0
2002-08-15,31.8,31.86,31.49,31.49,27200.0
2002-08-16,31.54,31.54,31.44,31.44,500.0
2002-08-19,31.34,31.62,31.32,31.5,22100.0
2002-08-20,31.84,32.3,31.74,32.21,14300.0
2002-08-21,32.35,32.68,32.1,32.45,19700.0
2002-08-22,32.38,32.38,31.91,32.09,107700.0
2002-08-23,32.1,32.18,31.97,31.97,3500.0
2002-08-26,32.07,32.18,32.07,32.18,1000.0
2002-08-27,32.18,32.26,30.75,30.75,68900.0
2002-08-28,29.82,30.23,29.82,30.11,10800.0
2002-08-29,29.81,30.05,29.7,29.91,6800.0
2002-08-30,29.99,30.3,29.99,30.16,5900.0
2002-09-03,30.03,30.03,29.58,29.72,13800.0
2002-09-04,29.74,29.78,29.5,29.75,8300.0
2002-09-05,29.57,29.8,29.3,29.8,4100.0
2002-09-06,30.1,30.22,29.62,29.79,6900.0
2002-09-09,29.8,29.97,29.8,29.97,3700.0
2002-09-10,29.91,30.11,29.63,29.77,7500.0
2002-09-11,30.0,30.22,30.0,30.13,7000.0
2002-09-12,29.83,29.96,29.55,29.55,8000.0
2002-09-13,29.35,29.46,29.27,29.34,6700.0
2002-09-16,29.51,29.63,29.46,29.5,2700.0
2002-09-17,29.74,29.84,29.48,29.48,4900.0
2002-09-18,29.17,29.17,28.75,28.97,6300.0
2002-09-19,28.8,28.8,27.9,28.28,13200.0
2002-09-20,27.92,28.3,27.48,28.22,37400.0
2002-09-23,27.77,27.81,27.06,27.29,14600.0
2002-09-24,27.17,27.72,27.08,27.2,23500.0
2002-09-25,27.45,27.84,27.24,27.84,12100.0
2002-09-26,28.02,28.28,28.01,28.27,9400.0
2002-09-27,28.11,28.21,27.57,27.58,12700.0
2002-09-30,27.42,28.32,27.28,28.16,38900.0
2002-10-01,28.01,28.85,27.57,28.68,17700.0
2002-10-02,28.44,28.63,27.83,28.06,15500.0
2002-10-03,27.8,27.87,27.35,27.39,28300.0
2002-10-04,27.55,27.55,26.9,27.24,25800.0
2002-10-07,27.29,27.29,26.83,27.01,20200.0
2002-10-08,27.16,27.93,27.12,27.72,26300.0
2002-10-09,27.18,27.34,26.39,26.6,23700.0
2002-10-10,26.67,27.59,26.56,27.48,25000.0
2002-10-11,27.82,28.36,27.64,28.07,10000.0
2002-10-14,28.0,28.1,27.9,28.0,16500.0
2002-10-15,28.91,29.86,28.91,29.86,27900.0
2002-10-16,29.55,29.74,29.24,29.53,5400.0
2002-10-17,30.04,30.7,30.04,30.42,11500.0
2002-10-18,30.23,31.13,30.14,31.06,15600.0
2002-10-21,31.13,31.75,30.96,31.75,16300.0
2002-10-22,31.57,31.57,29.97,29.99,8400.0
2002-10-23,29.88,29.97,29.28,29.95,13000.0
2002-10-24,30.15,31.3,29.88,30.75,30800.0
2002-10-25,30.91,30.92,30.44,30.92,8600.0
2002-10-28,31.44,31.63,31.28,31.4,8800.0
2002-10-29,30.84,30.94,29.99,30.33,13100.0
2002-10-30,30.12,30.12,29.85,30.02,30400.0
2002-10-31,30.01,30.09,29.47,29.5,12100.0
2002-11-01,29.31,29.91,29.3,29.91,29700.0
2002-11-04,30.09,31.12,30.09,30.76,18400.0
2002-11-05,29.3,29.8,29.25,29.79,38700.0
2002-11-06,29.62,29.62,28.65,29.44,27300.0
2002-11-07,29.29,29.4,29.14,29.33,6100.0
2002-11-08,29.17,29.36,29.03,29.36,19500.0
2002-11-11,29.33,29.33,29.03,29.03,15700.0
2002-11-12,29.05,29.27,29.05,29.1,8300.0
2002-11-13,29.04,29.36,28.79,29.08,21700.0
2002-11-14,29.24,29.37,29.24,29.3,1300.0
2002-11-15,29.1,29.18,28.82,28.98,7500.0
2002-11-18,29.04,29.08,28.55,28.9,20600.0
2002-11-19,28.66,28.97,28.57,28.68,10600.0
2002-11-20,28.79,29.05,28.79,28.96,30200.0
2002-11-21,29.2,29.83,29.2,29.79,17300.0
2002-11-22,29.59,30.81,29.59,30.81,13400.0
2002-11-25,31.0,31.5,31.0,31.44,7300.0
2002-11-26,31.55,31.55,30.6,30.71,5600.0
2002-11-27,30.82,31.65,30.82,31.17,12800.0
2002-11-29,31.3,31.64,31.3,31.57,5100.0
2002-12-02,31.55,31.81,31.23,31.36,19300.0
2002-12-03,31.11,31.93,31.0,31.54,32900.0
2002-12-04,31.48,31.64,31.48,31.61,7800.0
2002-12-05,31.55,31.55,31.3,31.35,6500.0
2002-12-06,31.2,31.56,31.14,31.48,9300.0
2002-12-09,31.76,32.07,31.76,31.9,13000.0
2002-12-10,32.0,32.51,32.0,32.49,12000.0
2002-12-11,32.59,33.09,32.59,32.95,14300.0
2002-12-12,33.09,33.9,33.09,33.7,12500.0
2002-12-13,33.38,33.78,33.37,33.77,16000.0
2002-12-16,33.95,34.06,33.82,34.06,9100.0
2002-12-17,34.12,34.23,33.85,33.85,12800.0
2002-12-18,34.0,34.0,33.65,33.65,4300.0
2002-12-19,33.8,34.2,33.75,33.75,18300.0
2002-12-20,33.9,34.02,33.74,33.99,23100.0
2002-12-23,34.18,34.5,34.12,34.38,6500.0
2002-12-24,34.38,34.38,34.38,34.38,0.0
2002-12-26,34.5,34.75,34.45,34.55,9000.0
2002-12-27,34.09,34.09,33.52,33.55,7400.0
2002-12-30,33.47,33.63,33.45,33.57,9100.0
2002-12-31,33.62,33.63,33.42,33.5,3200.0
2003-01-02,33.64,34.13,33.58,34.08,5700.0
2003-01-03,34.01,34.19,34.01,34.19,7600.0
2003-01-06,34.57,35.06,34.47,34.77,4200.0
2003-01-07,34.8,34.88,34.57,34.64,40700.0
2003-01-08,34.69,34.69,33.81,33.85,15400.0
2003-01-09,34.17,34.25,33.54,33.95,5400.0
2003-01-10,33.96,34.33,33.84,34.01,11700.0
2003-01-13,34.07,34.23,33.77,33.77,9000.0
2003-01-14,33.75,33.92,33.42,33.42,17300.0
2003-01-15,33.48,33.75,33.11,33.28,21800.0
2003-01-16,33.41,33.66,33.28,33.66,26100.0
2003-01-17,33.45,33.74,33.39,33.64,29200.0
2003-01-21,33.7,33.79,33.37,33.37,3500.0
2003-01-22,33.46,33.61,33.31,33.39,7800.0
2003-01-23,33.8,33.96,33.76,33.81,41600.0
2003-01-24,33.75,33.78,33.36,33.58,7900.0
2003-01-27,33.6,33.6,32.9,32.97,3600.0
2003-01-28,33.1,33.39,32.73,32.75,13300.0
2003-01-29,32.79,32.95,32.15,32.83,18900.0
2003-01-30,32.85,33.1,32.85,32.96,65000.0
2003-01-31,32.87,33.46,32.73,33.38,34600.0
2003-02-03,33.34,33.47,33.2,33.42,12500.0
2003-02-04,33.21,33.56,33.1,33.56,8000.0
2003-02-05,33.54,33.58,33.16,33.44,15500.0
2003-02-06,33.32,33.49,33.14,33.2,8500.0
2003-02-07,33.28,33.28,33.04,33.19,6300.0
2003-02-10,33.2,33.2,32.64,32.75,2600.0
2003-02-11,32.79,33.18,32.67,33.1,2700.0
2003-02-12,33.14,33.22,32.96,33.02,4400.0
2003-02-13,33.1,33.32,33.1,33.31,1700.0
2003-02-14,33.34,33.5,33.28,33.35,5100.0
2003-02-18,34.0,34.64,34.0,34.55,11800.0
2003-02-19,34.54,34.54,34.28,34.34,4800.0
2003-02-20,34.7,34.71,34.5,34.7,7100.0
2003-02-21,34.8,34.9,34.78,34.83,4800.0
2003-02-24,34.8,35.07,34.65,34.74,26500.0
2003-02-25,34.74,34.92,34.37,34.92,9200.0
2003-02-26,34.8,34.94,34.62,34.62,2800.0
2003-02-27,34.87,35.58,34.87,35.44,11700.0
2003-02-28,35.47,36.09,35.4,35.73,24700.0
2003-03-03,35.58,35.92,35.21,35.3,12400.0
2003-03-04,35.28,35.55,34.93,35.0,19400.0
2003-03-05,35.1,35.43,35.08,35.08,6400.0
2003-03-06,35.0,35.0,34.78,34.84,8900.0
2003-03-07,34.73,35.18,34.65,35.12,4600.0
2003-03-10,35.18,35.18,34.88,34.97,5600.0
2003-03-11,34.97,35.04,34.41,34.41,10600.0
2003-03-12,34.21,34.26,33.76,33.88,17800.0
2003-03-13,33.96,34.16,33.93,34.15,8000.0
2003-03-14,34.05,34.33,33.88,34.33,3400.0
2003-03-17,34.14,34.71,34.14,34.6,21700.0
2003-03-18,34.74,35.23,34.73,35.13,11700.0
2003-03-19,35.23,35.4,35.05,35.18,15300.0
2003-03-20,35.12,35.55,35.12,35.45,5100.0
2003-03-21,35.55,35.62,35.27,35.61,6500.0
2003-03-24,35.51,35.87,35.4,35.52,15700.0
2003-03-25,35.43,35.55,35.39,35.44,11600.0
2003-03-26,35.55,35.62,35.14,35.46,8400.0
2003-03-27,35.5,35.88,35.42,35.88,14100.0
2003-03-28,35.33,35.62,35.33,35.56,4500.0
2003-03-31,35.44,35.45,34.99,35.17,15000.0
2003-04-01,35.25,35.38,35.02,35.06,12900.0
2003-04-02,35.31,35.9,35.31,35.83,2800.0
2003-04-03,35.73,35.73,35.26,35.32,7000.0
2003-04-04,35.37,35.37,35.13,35.32,6800.0
2003-04-07,35.32,35.72,35.32,35.63,8100.0
2003-04-08,35.66,36.09,35.66,35.87,24600.0
2003-04-09,35.9,36.02,35.85,35.93,2800.0
2003-04-10,36.18,36.72,36.1,36.72,28900.0
2003-04-11,36.8,37.37,36.8,37.26,21100.0
2003-04-14,37.06,37.29,37.06,37.07,10400.0
2003-04-15,37.19,37.28,37.05,37.26,11600.0
2003-04-16,37.32,37.32,36.98,36.98,5600.0
2003-04-17,37.04,37.33,37.04,37.25,14000.0
2003-04-21,36.75,37.21,36.75,37.17,8000.0
2003-04-22,37.24,37.48,37.24,37.48,20800.0
2003-04-23,37.5,37.86,37.49,37.82,3500.0
2003-04-24,37.5,37.86,37.5,37.59,17000.0
2003-04-25,37.57,37.77,37.51,37.73,6000.0
2003-04-28,37.85,38.03,37.83,38.03,3700.0
2003-04-29,38.01,38.35,38.0,38.17,13000.0
2003-04-30,38.4,38.91,38.4,38.82,13300.0
2003-05-01,38.97,39.14,38.87,39.02,12200.0
2003-05-02,39.0,39.35,39.0,39.33,12300.0
2003-05-05,39.4,40.11,39.4,40.02,8400.0
2003-05-06,40.08,40.78,40.08,40.73,20900.0
2003-05-07,40.54,40.62,40.39,40.57,9700.0
2003-05-08,40.57,40.62,40.4,40.62,15100.0
2003-05-09,40.48,41.05,40.48,40.93,36200.0
2003-05-12,40.91,41.91,40.91,41.89,9600.0
2003-05-13,41.73,42.31,41.65,42.07,28700.0
2003-05-14,42.1,42.65,41.9,42.64,8400.0
2003-05-15,42.61,42.61,42.35,42.46,23200.0
2003-05-16,42.61,43.2,42.58,43.08,15400.0
2003-05-19,43.01,43.1,42.95,43.01,7800.0
2003-05-20,43.48,43.98,43.26,43.77,15700.0
2003-05-21,43.68,43.8,43.17,43.39,18300.0
2003-05-22,42.97,43.17,42.7,42.79,15400.0
2003-05-23,42.35,42.83,42.35,42.67,9600.0
2003-05-27,42.44,43.06,42.38,42.62,27800.0
2003-05-28,42.4,42.47,41.88,42.2,11100.0
2003-05-29,42.18,42.93,42.18,42.76,10600.0
2003-05-30,42.76,43.05,42.5,42.83,31400.0
2003-06-02,42.77,43.7,42.69,43.5,35500.0
2003-06-03,43.27,43.4,43.16,43.37,22300.0
2003-06-04,43.61,44.52,43.61,44.1,29600.0
2003-06-05,44.08,45.17,44.08,44.83,17900.0
2003-06-06,44.63,44.92,43.9,44.1,28500.0
2003-06-09,43.76,43.84,43.47,43.64,10500.0
2003-06-10,43.4,43.95,42.95,43.95,13300.0
2003-06-11,44.11,44.78,44.11,44.76,12900.0
2003-06-12,44.77,45.01,44.63,45.01,11000.0
2003-06-13,44.88,45.46,44.78,45.41,15800.0
2003-06-16,45.23,45.65,45.15,45.65,36800.0
2003-06-17,45.7,45.7,45.28,45.58,25600.0
2003-06-18,45.57,45.8,45.34,45.66,19100.0
2003-06-19,45.0,45.42,44.98,45.22,25100.0
2003-06-20,45.22,45.22,44.17,44.39,18000.0
2003-06-23,44.26,44.26,43.93,44.02,9800.0
2003-06-24,43.98,44.2,43.87,44.0,20900.0
2003-06-25,44.25,44.92,44.25,44.41,18900.0
2003-06-26,44.25,44.32,44.05,44.23,13100.0
2003-06-27,44.39,44.95,44.39,44.67,39300.0
2003-06-30,44.3,46.28,43.95,46.28,45100.0
2003-07-01,45.25,45.46,45.1,45.27,16300.0
2003-07-02,44.9,45.03,44.56,44.8,17300.0
2003-07-03,44.63,45.28,44.63,45.28,10300.0
2003-07-07,44.41,45.04,44.41,45.04,6800.0
2003-07-08,44.75,44.75,44.1,44.67,15600.0
2003-07-09,44.49,44.63,44.25,44.59,8200.0
2003-07-10,44.11,44.28,43.75,44.23,5700.0
2003-07-11,44.16,44.6,44.16,44.44,15600.0
2003-07-14,44.49,45.33,44.49,45.33,11900.0
2003-07-15,45.08,45.5,44.96,45.06,20400.0
2003-07-16,45.05,45.26,44.88,45.25,4800.0
2003-07-17,44.88,44.88,44.27,44.6,15500.0
2003-07-18,44.36,44.36,43.5,44.33,37100.0
2003-07-21,44.18,44.54,44.1,44.47,6300.0
2003-07-22,44.41,44.96,44.17,44.91,14300.0
2003-07-23,44.98,45.74,44.98,45.5,16800.0
2003-07-24,45.64,46.15,45.2,45.29,13900.0
2003-07-25,45.59,45.87,45.5,45.75,14300.0
2003-07-28,45.76,45.93,45.51,45.56,6600.0
2003-07-29,45.43,45.48,45.0,45.05,8200.0
2003-07-30,44.61,44.63,43.51,43.63,19300.0
2003-07-31,43.42,43.49,42.96,43.12,21700.0
2003-08-01,43.27,43.34,42.75,42.75,14600.0
2003-08-04,42.77,42.81,42.45,42.45,6300.0
2003-08-05,42.48,42.71,42.33,42.33,8100.0
2003-08-06,41.83,42.45,41.56,42.16,18200.0
2003-08-07,42.28,42.59,42.28,42.3,13800.0
2003-08-08,42.5,43.23,42.5,43.23,8100.0
2003-08-11,43.43,44.25,43.43,44.16,15100.0
2003-08-12,44.16,44.61,44.15,44.46,10400.0
2003-08-13,44.6,44.99,44.6,44.97,12400.0
2003-08-14,44.91,44.91,44.0,44.09,9300.0
2003-08-15,44.02,44.42,44.02,44.42,3200.0
2003-08-18,44.0,44.57,44.0,44.28,5600.0
2003-08-19,43.95,44.71,43.92,44.55,8900.0
2003-08-20,44.4,44.44,43.74,43.81,5200.0
2003-08-21,43.84,43.91,43.4,43.55,9400.0
2003-08-22,43.6,43.6,43.23,43.32,8300.0
2003-08-25,43.35,43.49,43.17,43.31,13800.0
2003-08-26,43.55,43.91,43.45,43.63,12500.0
2003-08-27,43.5,43.55,43.25,43.49,8800.0
2003-08-28,43.68,43.9,43.49,43.9,22400.0
2003-08-29,43.92,44.4,43.92,44.37,6100.0
2003-09-02,44.31,44.73,44.31,44.6,7700.0
2003-09-03,44.96,45.15,44.6,44.72,48200.0
2003-09-04,44.95,44.95,44.65,44.74,2200.0
2003-09-05,44.68,44.89,44.57,44.89,4400.0
2003-09-08,44.75,44.75,44.39,44.39,4200.0
2003-09-09,44.49,44.49,44.24,44.35,7300.0
2003-09-10,44.37,44.91,44.37,44.87,7300.0
2003-09-11,44.56,44.87,44.56,44.81,4800.0
2003-09-12,44.91,45.25,44.91,45.22,7400.0
2003-09-15,45.23,45.23,44.97,45.1,5900.0
2003-09-16,45.01,45.35,44.91,45.35,2400.0
2003-09-17,45.34,45.65,45.34,45.6,15100.0
2003-09-18,45.81,46.17,45.78,46.1,14200.0
2003-09-19,46.47,46.8,46.45,46.61,13300.0
2003-09-22,46.69,46.75,46.46,46.62,4900.0
2003-09-23,46.51,46.53,46.22,46.47,4800.0
2003-09-24,46.6,46.87,46.47,46.76,11100.0
2003-09-25,46.61,46.71,46.5,46.53,5800.0
2003-09-26,46.31,46.34,46.08,46.24,7700.0
2003-09-29,46.05,46.5,45.92,46.5,6400.0
2003-09-30,46.53,46.76,46.35,46.65,16800.0
2003-10-01,46.9,47.74,46.9,47.51,7500.0
2003-10-02,47.42,47.77,47.42,47.55,17400.0
2003-10-03,47.12,47.4,46.8,46.85,22700.0
2003-10-06,46.81,47.23,46.64,47.23,6500.0
2003-10-07,47.48,48.22,47.48,48.01,38600.0
2003-10-08,47.97,48.32,47.64,47.64,15000.0
2003-10-09,47.65,47.66,47.24,47.36,9300.0
2003-10-10,47.89,48.34,47.89,48.34,3000.0
2003-10-13,48.3,48.55,48.25,48.55,1800.0
2003-10-14,48.36,49.45,48.36,49.45,13800.0
2003-10-15,49.39,50.83,49.39,50.38,30200.0
2003-10-16,50.32,50.55,50.06,50.08,20100.0
2003-10-17,50.12,50.12,49.81,50.04,5000.0
2003-10-20,50.04,50.25,49.65,50.03,13100.0
2003-10-21,49.75,50.3,49.66,50.3,10500.0
2003-10-22,50.42,50.56,50.16,50.56,15100.0
2003-10-23,50.35,50.37,50.13,50.21,17500.0
2003-10-24,50.21,50.21,49.81,49.95,6400.0
2003-10-27,49.91,50.23,49.91,50.1,6600.0
2003-10-28,50.25,50.61,50.13,50.55,7100.0
2003-10-29,50.49,50.64,50.36,50.54,9700.0
2003-10-30,50.7,50.79,49.8,49.89,17200.0
2003-10-31,49.88,49.88,49.42,49.69,19400.0
2003-11-03,49.64,49.75,49.39,49.42,11300.0
2003-11-04,49.41,49.75,49.29,49.68,8600.0
2003-11-05,49.79,49.96,49.54,49.76,21600.0
2003-11-06,49.51,49.56,49.27,49.27,7800.0
2003-11-07,49.5,49.89,49.49,49.73,28100.0
2003-11-10,49.95,50.07,49.52,49.55,25000.0
2003-11-11,49.5,49.56,49.32,49.48,4500.0
2003-11-12,49.72,50.04,49.39,49.47,14900.0
2003-11-13,49.55,49.72,49.1,49.16,11500.0
2003-11-14,49.21,49.5,48.9,49.1,12500.0
2003-11-17,49.04,49.04,48.66,48.83,13200.0
2003-11-18,48.95,49.72,48.95,49.59,15200.0
2003-11-19,49.52,50.21,49.52,49.65,30200.0
2003-11-20,49.65,50.09,49.53,49.75,16200.0
2003-11-21,49.55,49.93,49.55,49.64,5400.0
2003-11-24,49.55,49.62,48.95,49.27,9800.0
2003-11-25,49.35,49.53,49.14,49.27,5800.0
2003-11-26,49.69,49.69,48.88,49.19,13400.0
2003-11-28,49.63,49.72,49.46,49.46,12000.0
2003-12-01,49.35,49.38,49.09,49.15,9200.0
2003-12-02,49.15,49.6,48.98,49.3,20200.0
2003-12-03,49.28,49.45,48.78,48.99,12400.0
2003-12-04,48.72,48.85,47.83,48.0,15500.0
2003-12-05,48.02,48.38,47.74,48.24,16300.0
2003-12-08,48.44,48.78,48.29,48.65,7000.0
2003-12-09,48.78,48.94,48.35,48.78,14600.0
2003-12-10,48.77,48.77,48.32,48.58,20500.0
2003-12-11,47.75,48.01,47.62,47.86,10300.0
2003-12-12,47.95,48.06,47.78,47.88,18700.0
2003-12-15,48.0,48.33,47.7,47.8,34200.0
2003-12-16,47.61,48.39,47.61,48.26,19700.0
2003-12-17,48.15,48.9,48.15,48.9,10800.0
2003-12-18,48.7,48.8,48.62,48.74,6500.0
2003-12-19,48.66,48.88,48.45,48.88,7200.0
2003-12-22,48.9,49.46,48.9,49.28,12800.0
2003-12-23,49.28,49.48,49.28,49.36,4600.0
2003-12-24,49.62,50.3,49.62,50.14,8900.0
2003-12-26,50.15,50.4,50.09,50.4,1600.0
2003-12-29,50.15,50.44,50.05,50.23,11900.0
2003-12-30,50.43,50.98,50.3,50.72,14200.0
2003-12-31,50.85,50.9,50.59,50.64,28000.0
2004-01-02,50.88,51.29,50.62,51.03,17900.0
2004-01-05,51.53,51.66,51.43,51.43,20700.0
2004-01-06,51.51,51.6,51.16,51.45,9300.0
2004-01-07,51.42,51.57,51.22,51.24,11800.0
2004-01-08,51.42,51.42,50.94,51.18,19700.0
2004-01-09,51.33,51.5,51.17,51.19,11100.0
2004-01-12,50.9,51.25,50.82,50.92,39700.0
2004-01-13,51.17,51.47,50.79,51.02,6500.0
2004-01-14,50.72,50.83,50.45,50.63,6600.0
2004-01-15,50.55,51.04,50.47,50.87,7700.0
2004-01-16,51.02,51.24,50.64,51.24,6700.0
2004-01-20,52.0,52.6,51.77,52.35,18600.0
2004-01-21,52.0,52.15,51.69,51.96,21500.0
2004-01-22,52.08,52.69,52.05,52.69,14700.0
2004-01-23,52.06,52.27,51.17,51.66,15900.0
2004-01-26,51.69,51.69,51.43,51.67,6700.0
2004-01-27,51.84,51.84,51.62,51.75,4400.0
2004-01-28,51.41,51.6,50.92,50.98,10600.0
2004-01-29,51.0,51.0,50.5,50.69,51800.0
2004-01-30,50.59,50.88,50.42,50.8,23600.0
2004-02-02,50.85,51.13,50.44,51.03,27700.0
2004-02-03,50.97,51.47,50.8,50.85,13000.0
2004-02-04,50.88,50.98,50.59,50.73,8800.0
2004-02-05,50.98,51.2,50.4,50.4,8300.0
2004-02-06,50.9,51.11,50.81,50.98,7200.0
2004-02-09,51.2,51.32,50.89,51.32,9900.0
2004-02-10,51.34,51.59,51.22,51.33,11900.0
2004-02-11,51.33,52.35,51.33,52.04,24200.0
2004-02-12,51.94,52.21,51.74,52.1,17400.0
2004-02-13,52.43,52.56,52.06,52.28,12100.0
2004-02-17,52.8,52.84,52.5,52.64,16800.0
2004-02-18,52.7,52.96,51.9,52.01,7300.0
2004-02-19,51.79,52.41,51.79,51.81,11100.0
2004-02-20,51.62,51.62,50.67,50.86,18800.0
2004-02-23,50.83,50.83,50.35,50.44,9400.0
2004-02-24,50.26,50.8,50.06,50.67,15900.0
2004-02-25,50.58,50.58,50.2,50.21,8000.0
2004-02-26,50.21,50.81,50.13,50.81,9400.0
2004-02-27,50.61,51.37,50.43,51.18,29600.0
2004-03-01,51.42,51.58,50.56,50.65,38500.0
2004-03-02,51.0,51.0,50.6,50.79,37200.0
2004-03-03,50.73,51.66,50.59,51.65,52600.0
2004-03-04,51.84,52.26,51.8,52.05,18800.0
2004-03-05,52.5,52.93,52.41,52.6,23300.0
2004-03-08,52.66,52.93,52.63,52.84,20200.0
2004-03-09,52.68,53.11,52.64,52.84,18800.0
2004-03-10,52.82,52.82,52.34,52.35,15200.0
2004-03-11,52.2,52.45,51.95,52.3,22400.0
2004-03-12,51.9,51.9,51.38,51.84,22500.0
2004-03-15,52.0,52.0,51.65,51.83,15300.0
2004-03-16,52.35,52.59,52.16,52.43,10600.0
2004-03-17,52.27,52.93,52.26,52.69,9900.0
2004-03-18,52.8,53.23,52.8,53.02,12700.0
2004-03-19,53.03,53.6,53.03,53.07,11800.0
2004-03-22,53.08,53.27,52.83,53.0,11800.0
2004-03-23,53.12,53.13,52.76,53.01,97800.0
2004-03-24,52.82,52.82,52.38,52.56,15900.0
2004-03-25,52.97,53.68,52.92,53.59,20000.0
2004-03-26,53.98,54.3,53.83,54.3,12700.0
2004-03-29,54.47,55.17,54.47,54.8,14600.0
2004-03-30,54.8,54.91,54.68,54.79,9800.0
2004-03-31,54.6,54.66,53.97,53.97,36300.0
2004-04-01,53.97,54.32,53.82,54.32,20800.0
2004-04-02,54.14,54.93,53.25,54.7,121100.0
2004-04-05,54.75,56.67,54.75,55.84,29000.0
2004-04-06,56.09,56.51,55.66,56.31,23200.0
2004-04-07,56.45,56.57,56.05,56.57,16800.0
2004-04-08,56.12,56.12,55.45,55.68,16600.0
2004-04-12,55.66,55.71,55.48,55.57,11700.0
2004-04-13,56.0,56.0,54.79,55.0,13000.0
2004-04-14,54.75,54.75,53.37,53.4,16100.0
2004-04-15,53.5,53.68,52.55,52.84,25900.0
2004-04-16,52.72,53.05,52.72,52.93,7200.0
2004-04-19,52.93,53.27,52.9,53.06,7700.0
2004-04-20,52.82,52.82,51.45,51.45,11500.0
2004-04-21,51.6,52.2,51.53,52.2,5100.0
2004-04-22,52.8,52.9,52.13,52.86,15500.0
2004-04-23,53.02,53.06,52.57,52.92,7600.0
2004-04-26,53.42,53.42,52.27,52.55,5200.0
2004-04-27,52.76,52.76,51.9,52.01,10400.0
2004-04-28,50.94,51.19,50.33,50.72,14900.0
2004-04-29,25.45,25.75,25.39,25.4,31600.0
2004-04-30,25.55,25.64,25.28,25.42,62700.0
2004-05-03,25.67,25.84,25.5,25.53,14800.0
2004-05-04,25.75,25.86,25.68,25.84,17300.0
2004-05-05,25.84,25.97,25.65,25.8,8400.0
2004-05-06,25.68,25.81,25.53,25.81,27700.0
2004-05-07,25.65,25.65,25.05,25.15,13800.0
2004-05-10,24.97,24.99,24.6,24.6,15700.0
2004-05-11,24.78,24.96,24.65,24.68,19400.0
2004-05-12,24.55,24.58,24.22,24.57,27200.0
2004-05-13,24.64,24.64,24.3,24.46,15800.0
2004-05-14,24.26,24.39,24.13,24.28,23900.0
2004-05-17,23.95,24.5,23.75,23.85,30900.0
2004-05-18,23.81,23.92,23.75,23.89,14700.0
2004-05-19,24.3,24.54,24.13,24.14,18700.0
2004-05-20,24.24,24.43,24.18,24.35,9100.0
2004-05-21,24.4,24.4,24.18,24.33,9500.0
2004-05-24,24.5,24.5,24.49,24.5,1500.0
2004-05-25,24.47,24.84,24.47,24.77,22000.0
2004-05-26,24.94,25.02,24.35,24.35,36200.0
2004-05-27,24.6,24.75,24.31,24.53,20600.0
2004-05-28,24.58,24.86,24.52,24.72,26600.0
2004-06-01,24.73,25.09,24.7,25.03,28000.0
2004-06-02,25.4,25.4,25.0,25.11,10400.0
2004-06-03,25.19,25.37,25.06,25.3,12300.0
2004-06-04,25.55,25.75,25.49,25.64,13100.0
2004-06-07,26.0,26.18,25.97,26.06,10200.0
2004-06-08,26.09,26.52,26.09,26.4,22800.0
2004-06-09,26.4,26.4,25.82,25.9,20200.0
2004-06-10,25.94,26.21,25.94,26.08,13100.0
2004-06-14,25.91,25.91,25.57,25.62,10400.0
2004-06-15,25.66,26.09,25.57,26.09,14500.0
2004-06-16,25.9,26.22,25.89,25.98,11800.0
2004-06-17,26.08,26.27,25.8,26.2,10300.0
2004-06-18,26.45,26.69,26.1,26.15,22900.0
2004-06-21,26.28,26.29,26.16,26.16,8900.0
2004-06-22,26.28,26.64,26.28,26.53,22700.0
2004-06-23,26.78,26.83,26.48,26.8,11500.0
2004-06-24,27.06,27.16,26.88,26.88,12400.0
2004-06-25,26.93,27.0,26.74,26.74,20200.0
2004-06-28,26.98,26.99,26.77,26.84,7900.0
2004-06-29,26.86,26.86,26.66,26.68,10600.0
2004-06-30,26.71,26.95,26.57,26.95,25000.0
2004-07-01,26.92,26.98,26.68,26.85,4200.0
2004-07-02,26.83,26.99,26.51,26.85,10200.0
2004-07-06,26.85,26.92,26.63,26.84,18600.0
2004-07-07,26.96,27.08,26.7,26.7,8600.0
2004-07-08,26.55,26.93,26.52,26.91,16700.0
2004-07-09,26.93,26.94,26.74,26.9,7000.0
2004-07-12,26.71,27.11,26.71,27.08,14800.0
2004-07-13,26.81,27.22,26.72,27.15,3700.0
2004-07-14,27.13,27.21,27.04,27.14,5400.0
2004-07-15,27.08,27.32,27.08,27.17,16200.0
2004-07-16,27.45,27.5,26.79,27.19,22200.0
2004-07-19,27.3,27.57,27.3,27.56,42200.0
2004-07-20,27.49,27.49,27.24,27.3,11900.0
2004-07-21,27.39,27.55,27.24,27.24,5300.0
2004-07-22,27.49,27.7,27.43,27.54,14000.0
2004-07-23,27.42,27.67,27.42,27.53,9400.0
2004-07-26,27.63,27.8,26.89,26.96,8700.0
2004-07-27,27.06,27.15,26.9,27.08,11900.0
2004-07-28,27.23,27.32,26.97,27.06,17500.0
2004-07-29,27.16,27.58,27.16,27.36,13100.0
2004-07-30,27.46,27.76,27.46,27.53,11100.0
2004-08-02,27.75,27.75,27.29,27.35,12000.0
2004-08-03,27.65,27.93,27.59,27.81,32100.0
2004-08-04,27.56,28.05,27.56,27.72,17100.0
2004-08-05,27.69,27.75,27.24,27.24,22300.0
2004-08-06,27.41,27.49,27.17,27.2,7100.0
2004-08-09,27.5,27.5,27.15,27.17,9200.0
2004-08-10,27.33,27.43,27.14,27.33,10600.0
2004-08-11,27.18,27.18,26.96,27.0,12600.0
2004-08-12,26.91,27.0,26.57,26.89,15100.0
2004-08-13,27.14,27.63,26.93,27.58,9200.0
2004-08-16,27.46,27.94,27.46,27.87,9200.0
2004-08-17,27.86,27.95,27.78,27.78,8200.0
2004-08-18,27.75,27.75,27.43,27.62,7900.0
2004-08-19,27.63,28.09,27.38,28.07,11100.0
2004-08-20,28.06,28.23,27.79,28.11,18100.0
2004-08-23,27.9,28.0,27.9,27.9,15400.0
2004-08-24,28.29,28.49,28.22,28.28,12700.0
2004-08-25,27.99,28.98,27.99,28.98,22300.0
2004-08-26,28.75,28.81,28.49,28.56,15200.0
2004-08-27,28.66,28.7,27.86,27.92,18800.0
2004-08-30,27.81,28.13,27.54,27.82,19200.0
2004-08-31,27.82,27.89,27.26,27.41,24500.0
2004-09-01,27.48,27.87,27.42,27.7,17300.0
2004-09-02,27.73,27.91,27.58,27.87,44100.0
2004-09-03,27.77,27.77,27.53,27.75,61700.0
2004-09-07,28.08,28.13,27.9,28.1,34000.0
2004-09-08,27.97,28.79,27.76,27.87,45900.0
2004-09-09,27.9,28.01,27.66,27.88,18900.0
2004-09-10,27.83,28.01,27.7,27.72,28200.0
2004-09-13,27.66,28.01,27.5,27.93,49800.0
2004-09-14,27.85,28.26,27.85,28.17,10900.0
2004-09-15,27.89,28.08,27.8,27.95,12900.0
2004-09-16,28.0,28.52,28.0,28.42,24200.0
2004-09-17,28.2,28.4,28.05,28.33,13200.0
2004-09-20,28.24,28.59,28.24,28.3,13200.0
2004-09-21,28.48,28.82,28.48,28.65,17900.0
2004-09-22,28.72,28.83,28.59,28.75,9800.0
2004-09-23,28.7,29.05,28.7,28.91,10600.0
2004-09-24,28.94,29.19,28.94,29.05,17500.0
2004-09-27,29.05,29.07,28.75,28.79,16500.0
2004-09-28,28.83,28.96,28.55,28.8,21000.0
2004-09-29,28.85,29.09,28.67,29.0,30600.0
2004-09-30,29.0,29.27,28.9,29.25,21200.0
2004-10-01,29.15,29.35,28.99,29.11,61300.0
2004-10-04,29.13,29.5,29.02,29.33,25600.0
2004-10-05,29.35,29.93,29.35,29.76,23200.0
2004-10-06,29.73,29.8,29.59,29.73,9800.0
2004-10-07,29.76,29.82,29.55,29.63,18100.0
2004-10-08,29.79,30.09,29.65,29.76,14800.0
2004-10-11,29.7,29.9,29.7,29.8,5700.0
2004-10-12,29.63,30.02,29.6,29.87,22500.0
2004-10-13,29.9,30.21,29.9,29.96,16600.0
2004-10-14,30.06,30.83,30.06,30.69,33800.0
2004-10-15,30.88,31.78,30.8,31.41,27800.0
2004-10-18,31.49,31.82,31.12,31.12,49500.0
2004-10-19,31.3,31.64,30.67,30.78,38000.0
2004-10-20,30.97,31.38,30.97,31.31,19200.0
2004-10-21,31.75,31.77,31.35,31.56,65000.0
2004-10-22,31.56,31.87,31.34,31.38,33800.0
2004-10-25,31.57,31.57,31.06,31.51,56800.0
2004-10-26,31.63,31.94,31.62,31.8,57900.0
2004-10-27,31.95,32.06,31.82,31.94,30900.0
2004-10-28,32.19,32.27,32.01,32.18,28800.0
2004-10-29,32.5,32.64,32.38,32.51,43300.0
2004-11-01,32.36,32.44,31.88,32.01,38300.0
2004-11-02,31.97,32.13,31.85,32.13,28700.0
2004-11-03,32.72,32.72,32.22,32.23,35800.0
2004-11-04,32.47,32.47,32.04,32.25,27700.0
2004-11-05,32.5,32.78,32.44,32.63,19500.0
2004-11-08,32.6,32.9,32.51,32.67,2059100.0
2004-11-09,32.68,32.76,32.32,32.45,23200.0
2004-11-10,32.45,32.51,32.15,32.26,40600.0
2004-11-11,32.27,32.43,32.2,32.37,20600.0
2004-11-12,32.35,32.44,31.92,32.08,68500.0
2004-11-15,32.12,32.24,31.81,32.04,25700.0
2004-11-16,32.2,32.2,31.85,32.02,12500.0
2004-11-17,32.44,32.47,32.02,32.15,13100.0
2004-11-18,32.04,32.04,31.53,31.53,158000.0
2004-11-19,31.61,31.78,31.44,31.44,30500.0
2004-11-22,31.69,31.87,31.69,31.83,16600.0
2004-11-23,31.65,31.7,31.01,31.38,71300.0
2004-11-24,31.53,31.59,30.86,31.04,30000.0
2004-11-26,31.56,31.72,31.51,31.72,23900.0
2004-11-29,31.68,31.76,31.39,31.44,138700.0
2004-11-30,31.38,31.5,31.0,31.49,34800.0
2004-12-01,31.71,32.5,31.68,32.5,47300.0
2004-12-02,32.54,32.93,32.54,32.69,35700.0
2004-12-03,32.36,32.77,32.36,32.65,22200.0
2004-12-06,32.51,32.78,32.37,32.67,17700.0
2004-12-07,32.58,32.64,32.2,32.64,16500.0
2004-12-08,32.0,32.43,31.89,32.42,29500.0
2004-12-09,32.22,32.22,31.8,31.99,56500.0
2004-12-10,31.55,31.85,31.45,31.71,45600.0
2004-12-13,31.61,31.94,31.56,31.7,26000.0
2004-12-14,31.61,31.98,31.52,31.98,9800.0
2004-12-15,31.91,32.39,31.9,32.24,60000.0
2004-12-16,32.15,32.27,32.03,32.03,17200.0
2004-12-17,31.97,32.37,31.88,32.11,16600.0
2004-12-20,32.31,32.5,32.21,32.5,9400.0
2004-12-21,32.48,32.89,32.39,32.72,44600.0
2004-12-22,32.5,32.75,32.5,32.56,30600.0
2004-12-23,32.7,32.81,32.41,32.6,31000.0
2004-12-27,32.8,33.1,32.8,33.1,5100.0
2004-12-28,33.1,33.5,33.1,33.5,13500.0
2004-12-29,33.53,33.93,33.45,33.75,22300.0
2004-12-30,33.7,34.54,33.65,34.43,32600.0
2004-12-31,34.25,34.4,33.85,33.85,33900.0
2005-01-03,33.99,34.0,33.65,33.9,11600.0
2005-01-04,33.7,33.81,33.3,33.69,45900.0
2005-01-05,33.68,33.68,33.22,33.31,24700.0
2005-01-06,33.2,33.2,32.63,32.75,21200.0
2005-01-07,32.99,33.07,32.22,32.52,39900.0
2005-01-10,32.72,32.8,32.55,32.63,31500.0
2005-01-11,32.71,32.85,32.56,32.73,19400.0
2005-01-12,32.98,33.11,32.88,33.1,22000.0
2005-01-13,32.81,32.84,32.69,32.8,22100.0
2005-01-14,32.46,32.92,32.46,32.78,22200.0
2005-01-18,32.5,32.59,32.33,32.48,547300.0
2005-01-19,32.48,32.48,32.33,32.42,17300.0
2005-01-20,32.21,32.4,32.16,32.37,22400.0
2005-01-21,32.56,32.79,32.36,32.7,37200.0
2005-01-24,32.77,32.77,32.39,32.65,22500.0
2005-01-25,32.48,32.7,32.1,32.43,25500.0
2005-01-26,32.59,32.85,32.33,32.43,23000.0
2005-01-27,32.26,32.27,32.01,32.01,19900.0
2005-01-28,32.11,32.11,31.65,31.88,30800.0
2005-01-31,31.97,32.06,31.73,31.89,20300.0
2005-02-01,31.76,31.76,31.46,31.67,42700.0
2005-02-02,31.62,31.67,31.41,31.49,37800.0
2005-02-03,31.37,31.41,31.11,31.32,43700.0
2005-02-04,31.15,31.17,30.96,31.0,204700.0
2005-02-07,30.96,31.66,30.96,31.24,31600.0
2005-02-08,31.37,31.67,31.31,31.56,44700.0
2005-02-09,31.56,31.73,31.5,31.65,30100.0
2005-02-10,31.72,32.27,31.72,32.15,33000.0
2005-02-11,32.16,32.47,32.12,32.41,32800.0
2005-02-14,32.56,32.8,32.29,32.75,35500.0
2005-02-15,32.85,32.89,32.69,32.7,58600.0
2005-02-16,32.7,32.84,32.44,32.6,41300.0
2005-02-17,32.67,32.98,32.59,32.74,43000.0
2005-02-18,32.61,33.05,32.61,32.99,48900.0
2005-02-22,33.13,33.21,32.74,32.74,86200.0
2005-02-23,32.54,32.9,32.37,32.9,27400.0
2005-02-24,32.5,32.65,32.05,32.59,35300.0
2005-02-25,32.77,33.12,32.35,32.4,58900.0
2005-02-28,32.65,32.95,32.5,32.52,42700.0
2005-03-01,32.63,32.66,32.31,32.42,99000.0
2005-03-02,32.16,32.74,32.16,32.74,57800.0
2005-03-03,32.66,32.9,32.53,32.9,30900.0
2005-03-04,33.11,33.55,33.11,33.27,45900.0
2005-03-07,33.28,33.56,33.2,33.4,32600.0
2005-03-08,33.69,34.04,33.64,33.82,30800.0
2005-03-09,34.07,34.08,33.76,33.98,24000.0
2005-03-10,34.09,34.09,33.71,33.71,35200.0
2005-03-11,33.65,33.76,33.31,33.47,27700.0
2005-03-14,33.3,33.58,33.28,33.55,19100.0
2005-03-15,33.78,33.87,33.69,33.7,24000.0
2005-03-16,33.8,33.84,33.42,33.42,14500.0
2005-03-17,33.4,33.64,33.3,33.57,39200.0
2005-03-18,33.39,33.63,33.27,33.32,23900.0
2005-03-21,32.93,33.25,32.92,33.08,20400.0
2005-03-22,33.27,33.55,33.09,33.19,54500.0
2005-03-23,32.95,32.96,32.66,32.67,42200.0
2005-03-24,32.74,32.86,32.66,32.72,31000.0
2005-03-28,32.71,32.71,32.3,32.61,29400.0
2005-03-29,32.81,32.84,32.7,32.78,22400.0
2005-03-30,32.85,32.85,32.45,32.59,31700.0
2005-03-31,32.86,32.9,32.58,32.66,27400.0
2005-04-01,32.41,32.41,32.03,32.11,35200.0
2005-04-04,32.07,32.11,31.76,31.97,24900.0
2005-04-05,31.99,32.37,31.99,32.37,22500.0
2005-04-06,32.3,32.47,32.26,32.46,20300.0
2005-04-07,32.46,32.46,32.01,32.07,30700.0
2005-04-08,31.97,32.29,31.97,32.25,14900.0
2005-04-11,32.36,32.39,32.14,32.27,64400.0
2005-04-12,32.36,32.36,31.82,32.3,18400.0
2005-04-13,32.2,32.47,32.2,32.33,16600.0
2005-04-14,32.28,32.28,31.99,32.02,15900.0
2005-04-15,32.03,32.03,31.62,31.7,15900.0
2005-04-18,31.48,31.79,31.42,31.56,32200.0
2005-04-19,31.65,31.97,31.45,31.88,14800.0
2005-04-20,31.77,31.97,31.59,31.9,29600.0
2005-04-21,32.02,32.07,31.58,31.67,46100.0
2005-04-22,31.85,31.98,31.76,31.77,9700.0
2005-04-25,31.65,31.99,31.64,31.68,18600.0
2005-04-26,31.69,31.74,31.48,31.57,19600.0
2005-04-27,31.43,31.62,31.43,31.52,21000.0
2005-04-28,31.48,31.75,31.42,31.75,46000.0
2005-04-29,31.88,31.89,31.67,31.8,27500.0
2005-05-02,31.86,32.22,31.86,32.09,19000.0
2005-05-03,32.03,32.03,31.83,31.97,14900.0
2005-05-04,32.03,32.34,31.98,32.34,13800.0
2005-05-05,32.25,32.3,32.0,32.03,21600.0
2005-05-06,32.17,32.28,32.07,32.22,15200.0
2005-05-09,32.32,32.41,32.16,32.31,25700.0
2005-05-10,32.29,32.37,32.25,32.31,12900.0
2005-05-11,32.27,32.27,31.91,31.93,23300.0
2005-05-12,31.95,32.0,31.68,31.95,18900.0
2005-05-13,31.76,31.76,31.0,31.09,26800.0
2005-05-16,31.07,31.41,31.04,31.29,14000.0
2005-05-17,31.29,31.46,31.26,31.4,14500.0
2005-05-18,31.39,31.7,31.39,31.66,37600.0
2005-05-19,31.61,31.7,31.56,31.67,16000.0
2005-05-20,31.63,31.63,31.4,31.4,13300.0
2005-05-23,31.55,31.9,31.3,31.85,16200.0
2005-05-24,31.71,31.83,31.5,31.8,25300.0
2005-05-25,31.77,31.8,31.37,31.37,26000.0
2005-05-26,31.44,31.44,31.07,31.21,18700.0
2005-05-27,31.25,31.55,31.07,31.52,33600.0
2005-05-31,31.62,32.14,31.62,31.78,132700.0
2005-06-01,31.88,32.09,31.75,31.86,35600.0
2005-06-02,31.78,31.83,31.48,31.5,21600.0
2005-06-03,31.75,31.75,31.47,31.67,17600.0
2005-06-06,31.69,31.87,31.62,31.77,15500.0
2005-06-07,31.98,32.15,31.92,32.06,15900.0
2005-06-08,32.13,32.3,31.86,31.98,233600.0
2005-06-09,31.91,32.06,31.77,31.85,128500.0
2005-06-10,32.08,32.16,31.85,31.97,115200.0
2005-06-13,31.8,31.8,31.55,31.79,32800.0
2005-06-14,31.76,31.8,31.58,31.77,21100.0
2005-06-15,31.96,32.19,31.87,32.12,26300.0
2005-06-16,32.17,32.45,32.17,32.45,21500.0
2005-06-17,32.64,32.68,32.43,32.68,22300.0
2005-06-20,32.35,32.65,32.35,32.55,21600.0
2005-06-21,32.53,32.88,32.53,32.77,24800.0
2005-06-22,32.73,33.09,32.73,33.05,20500.0
2005-06-23,33.17,33.43,33.03,33.04,23400.0
2005-06-24,33.18,33.49,33.17,33.45,32300.0
2005-06-27,33.51,33.63,33.23,33.46,43700.0
2005-06-28,33.56,33.88,33.49,33.78,21600.0
2005-06-29,34.0,34.01,33.67,33.93,31200.0
2005-06-30,33.96,33.96,33.11,33.25,40400.0
2005-07-01,33.4,33.4,33.02,33.03,25400.0
2005-07-05,32.5,33.07,32.5,32.69,21200.0
2005-07-06,32.79,32.96,32.79,32.94,44100.0
2005-07-07,32.92,33.53,32.77,33.53,20700.0
2005-07-08,33.6,34.07,33.6,33.9,98400.0
2005-07-11,34.1,34.23,34.05,34.12,11200.0
2005-07-12,34.36,34.36,34.13,34.2,33000.0
2005-07-13,34.24,34.25,33.89,34.07,27600.0
2005-07-14,34.18,34.26,33.79,33.86,31300.0
2005-07-15,33.75,33.75,33.4,33.44,20800.0
2005-07-18,33.57,33.95,33.55,33.83,16200.0
2005-07-19,33.84,34.01,33.84,33.92,19700.0
2005-07-20,34.05,34.07,33.75,34.05,43300.0
2005-07-21,34.3,34.72,34.25,34.42,23300.0
2005-07-22,34.5,34.67,34.34,34.5,322700.0
2005-07-25,34.66,34.83,34.37,34.55,26700.0
2005-07-26,34.36,34.36,34.07,34.32,16200.0
2005-07-27,34.35,34.54,34.1,34.24,325400.0
2005-07-28,34.3,34.43,34.01,34.29,23900.0
2005-07-29,34.41,34.41,34.01,34.15,332100.0
2005-08-01,34.22,34.67,34.22,34.3,16200.0
2005-08-02,34.91,35.12,34.86,34.88,344000.0
2005-08-03,34.75,34.94,34.69,34.82,331400.0
2005-08-04,34.95,34.95,34.05,34.41,397600.0
2005-08-05,34.0,34.11,33.76,34.04,31500.0
2005-08-08,34.19,34.42,33.8,33.99,31800.0
2005-08-09,34.07,34.28,33.96,34.23,46800.0
2005-08-10,34.39,34.57,34.39,34.54,17200.0
2005-08-11,34.75,35.04,34.62,34.62,23800.0
2005-08-12,34.83,34.97,34.68,34.87,29800.0
2005-08-15,34.83,34.9,34.68,34.86,17300.0
2005-08-16,34.87,35.04,34.76,34.92,19800.0
2005-08-17,34.7,34.9,34.55,34.61,21700.0
2005-08-18,34.63,34.63,33.71,33.9,47100.0
2005-08-19,33.9,34.35,33.9,34.24,78900.0
2005-08-22,34.49,34.54,34.06,34.24,65100.0
2005-08-23,34.34,34.34,33.8,33.8,71300.0
2005-08-24,33.92,34.15,33.87,34.13,95600.0
2005-08-25,34.17,34.64,34.04,34.53,323600.0
2005-08-26,34.55,34.57,33.97,34.05,397000.0
2005-08-29,34.06,34.57,34.06,34.4,25400.0
2005-08-30,34.31,34.58,33.86,34.42,347100.0
2005-08-31,34.27,34.69,34.27,34.53,354400.0
2005-09-01,34.23,34.8,34.12,34.76,194400.0
2005-09-02,34.38,34.44,34.24,34.37,327700.0
2005-09-06,34.24,34.57,34.12,34.56,362800.0
2005-09-07,34.58,34.71,34.39,34.51,491000.0
2005-09-08,34.59,34.78,34.55,34.69,483600.0
2005-09-09,34.94,35.5,34.94,35.27,658700.0
2005-09-12,35.15,35.31,34.84,35.28,644000.0
2005-09-13,35.5,35.65,35.29,35.47,501500.0
2005-09-14,35.45,35.64,35.42,35.6,514100.0
2005-09-15,35.45,35.7,35.13,35.68,527200.0
2005-09-16,35.79,35.85,35.53,35.76,56000.0
2005-09-19,35.8,36.21,35.71,36.14,49400.0
2005-09-20,36.12,36.58,36.07,36.09,61000.0
2005-09-21,36.18,36.32,36.02,36.18,123400.0
2005-09-22,36.25,36.45,36.17,36.2,53400.0
2005-09-23,36.13,36.42,35.97,36.28,32400.0
2005-09-26,36.07,36.79,36.07,36.54,46800.0
2005-09-27,36.45,37.37,36.4,37.33,71600.0
2005-09-28,37.47,37.61,36.9,37.08,55000.0
2005-09-29,37.1,37.38,36.99,37.16,41200.0
2005-09-30,37.09,37.74,36.92,37.4,78000.0
2005-10-03,37.38,37.95,37.24,37.77,42100.0
2005-10-04,37.81,37.81,36.8,36.97,45000.0
2005-10-05,36.86,36.9,36.21,36.34,350900.0
2005-10-06,36.41,36.41,35.68,36.0,130000.0
2005-10-07,36.18,36.4,35.99,36.11,46700.0
2005-10-10,36.3,36.49,36.05,36.05,29500.0
2005-10-11,36.07,36.07,35.51,35.71,44600.0
2005-10-12,35.86,36.08,35.66,35.87,44700.0
2005-10-13,35.62,35.85,35.17,35.71,38400.0
2005-10-14,35.61,35.62,35.25,35.47,31100.0
2005-10-17,35.39,35.74,35.39,35.65,22000.0
2005-10-18,35.54,35.55,35.22,35.55,26400.0
2005-10-19,35.52,36.15,35.44,36.13,29700.0
2005-10-20,36.07,36.23,35.78,35.84,221200.0
2005-10-21,35.75,35.79,35.35,35.55,209200.0
2005-10-24,35.7,35.83,35.47,35.78,68200.0
2005-10-25,35.94,36.07,35.6,35.7,21400.0
2005-10-26,35.85,36.36,35.85,35.93,25700.0
2005-10-27,35.95,36.06,35.75,35.86,20700.0
2005-10-28,35.9,36.01,35.74,35.96,20000.0
2005-10-31,35.88,36.63,35.88,36.38,31000.0
2005-11-01,36.28,36.9,36.28,36.84,36400.0
2005-11-02,36.83,36.83,36.53,36.76,34700.0
2005-11-03,36.71,36.71,36.46,36.61,37200.0
2005-11-04,36.58,36.86,36.42,36.67,16600.0
2005-11-07,36.6,36.91,36.47,36.74,31300.0
2005-11-08,36.73,36.73,36.13,36.55,20800.0
2005-11-09,36.38,37.0,36.29,36.9,158700.0
2005-11-10,36.94,37.23,36.94,37.05,20000.0
2005-11-11,36.96,37.13,36.81,37.13,14900.0
2005-11-14,36.88,37.18,36.73,37.01,27300.0
2005-11-15,36.98,37.1,36.78,36.89,21700.0
2005-11-16,36.79,37.12,36.79,37.04,17500.0
2005-11-17,37.1,37.79,37.1,37.79,48300.0
2005-11-18,37.87,37.92,37.59,37.65,23600.0
2005-11-21,37.91,38.23,37.8,38.23,18400.0
2005-11-22,38.33,39.1,38.32,39.05,37300.0
2005-11-23,39.1,39.4,38.86,39.4,24900.0
2005-11-25,40.03,40.38,40.0,40.28,21200.0
2005-11-28,40.37,41.09,40.2,40.22,67900.0
2005-11-29,40.8,40.85,39.0,39.35,115600.0
2005-11-30,39.55,39.55,38.32,38.39,66900.0
2005-12-01,38.37,38.84,37.87,38.67,69100.0
2005-12-02,38.71,39.08,38.59,38.9,34000.0
2005-12-05,38.93,39.57,38.93,39.41,41600.0
2005-12-06,39.46,39.95,39.42,39.95,281400.0
2005-12-07,39.95,40.15,39.7,40.15,34300.0
2005-12-08,40.3,40.3,39.68,39.77,103000.0
2005-12-09,39.72,39.95,39.57,39.65,20700.0
2005-12-12,40.01,40.01,39.5,39.71,37500.0
2005-12-13,39.71,39.73,39.27,39.43,26900.0
2005-12-14,39.5,39.56,39.19,39.26,42800.0
2005-12-15,39.17,39.23,38.73,38.8,36700.0
2005-12-16,39.2,39.54,39.11,39.27,60100.0
2005-12-19,39.44,39.72,39.29,39.36,20800.0
2005-12-20,39.36,39.6,39.21,39.46,27600.0
2005-12-21,39.46,40.09,39.46,40.04,27300.0
2005-12-22,40.15,40.18,39.67,39.85,139900.0
2005-12-23,39.76,40.08,39.76,39.86,27200.0
2005-12-27,39.93,40.04,39.78,39.78,11400.0
2005-12-28,39.88,40.38,39.88,40.21,32300.0
2005-12-29,39.75,40.13,39.72,40.11,30200.0
2005-12-30,40.04,40.04,39.6,39.62,45800.0
2006-01-03,39.85,40.49,39.71,40.42,47700.0
2006-01-04,40.62,40.98,40.53,40.94,31300.0
2006-01-05,40.6,40.6,40.14,40.29,82800.0
2006-01-06,40.29,40.29,39.85,39.93,88700.0
2006-01-09,39.59,39.67,39.22,39.48,62900.0
2006-01-10,39.47,39.68,39.25,39.54,28800.0
2006-01-11,39.62,40.25,39.62,39.93,60800.0
2006-01-12,39.97,39.98,39.5,39.67,37100.0
2006-01-13,39.75,39.78,39.45,39.46,26900.0
2006-01-17,39.65,39.65,39.32,39.54,31100.0
2006-01-18,39.26,39.26,38.95,39.1,39100.0
2006-01-19,39.19,39.54,39.07,39.52,35700.0
2006-01-20,39.7,40.13,39.7,39.93,46600.0
2006-01-23,40.15,40.43,40.1,40.27,61200.0
2006-01-24,40.23,40.3,39.86,40.17,42300.0
2006-01-25,40.39,40.56,40.29,40.41,40300.0
2006-01-26,40.49,40.62,40.41,40.62,31700.0
2006-01-27,40.64,40.77,40.37,40.54,53300.0
2006-01-30,40.69,40.69,40.42,40.55,23300.0
2006-01-31,40.63,40.88,39.3,39.3,77100.0
2006-02-01,40.45,40.77,40.45,40.7,44800.0
2006-02-02,40.61,40.88,40.45,40.74,47800.0
2006-02-03,40.62,41.0,40.56,40.97,46800.0
2006-02-06,40.8,41.25,40.75,41.01,21700.0
2006-02-07,40.9,41.04,40.56,40.94,32400.0
2006-02-08,40.9,40.9,40.51,40.56,31500.0
2006-02-09,40.9,41.12,40.81,40.99,34300.0
2006-02-10,40.92,41.0,40.56,40.76,27100.0
2006-02-13,40.69,40.69,40.43,40.46,16700.0
2006-02-14,40.52,40.7,40.44,40.54,24100.0
2006-02-15,40.61,40.67,40.3,40.65,13900.0
2006-02-16,40.65,40.83,40.51,40.75,20700.0
2006-02-17,40.93,40.97,40.75,40.96,27700.0
2006-02-21,41.05,41.23,40.91,40.97,19300.0
2006-02-22,41.0,41.35,40.85,41.35,14900.0
2006-02-23,41.3,41.78,41.29,41.59,59100.0
2006-02-24,41.59,41.83,41.42,41.71,31600.0
2006-02-27,41.96,42.64,41.96,42.57,499300.0
2006-02-28,42.78,42.78,41.89,41.95,49800.0
2006-03-01,42.4,42.4,41.78,41.94,41300.0
2006-03-02,42.19,42.35,42.05,42.24,22500.0
2006-03-03,42.27,42.27,41.45,41.64,37400.0
2006-03-06,41.75,41.75,40.8,40.99,44900.0
2006-03-07,40.75,40.85,40.4,40.5,46100.0
2006-03-08,40.33,40.43,40.15,40.29,37200.0
2006-03-09,40.43,40.75,40.28,40.62,28600.0
2006-03-10,40.65,41.16,40.65,41.09,28600.0
2006-03-13,41.14,41.34,40.9,41.17,52900.0
2006-03-14,41.1,41.69,41.05,41.65,24100.0
2006-03-15,41.55,41.74,41.42,41.57,10900.0
2006-03-16,41.53,41.67,41.32,41.42,22700.0
2006-03-17,41.52,41.52,40.76,40.79,56200.0
2006-03-20,40.73,41.03,40.53,40.79,44200.0
2006-03-21,40.85,41.08,40.65,41.02,41800.0
2006-03-22,40.83,40.83,40.58,40.71,31300.0
2006-03-23,40.61,40.72,40.18,40.43,48400.0
2006-03-24,40.38,40.63,40.26,40.56,47000.0
2006-03-27,40.51,40.63,40.25,40.57,57500.0
2006-03-28,40.53,40.63,40.4,40.56,49300.0
2006-03-29,40.56,40.71,40.44,40.7,37800.0
2006-03-30,41.07,41.28,41.04,41.24,50400.0
2006-03-31,40.68,40.68,40.05,40.14,54900.0
2006-04-03,40.01,40.23,39.72,39.87,56000.0
2006-04-04,39.94,40.24,39.75,40.05,37100.0
2006-04-05,39.9,40.09,39.8,40.09,21400.0
2006-04-06,40.03,40.41,39.93,40.3,28300.0
2006-04-07,40.39,40.5,40.27,40.38,22400.0
2006-04-10,40.42,40.46,40.09,40.09,42300.0
2006-04-11,40.22,40.26,39.51,40.08,47100.0
2006-04-12,40.09,40.09,39.42,39.5,57200.0
2006-04-13,39.37,39.69,39.08,39.65,21100.0
2006-04-17,39.75,40.31,39.75,40.16,34700.0
2006-04-18,40.41,40.49,40.25,40.43,43300.0
2006-04-19,40.43,40.8,40.32,40.5,35800.0
2006-04-20,40.26,40.64,40.26,40.42,45100.0
2006-04-21,40.67,40.77,40.46,40.62,23100.0
2006-04-24,40.7,40.7,40.44,40.6,39800.0
2006-04-25,40.73,41.12,40.73,40.99,30800.0
2006-04-26,41.23,41.59,41.23,41.33,42300.0
2006-04-27,41.31,41.7,41.19,41.7,33900.0
2006-04-28,41.7,41.9,41.54,41.76,58500.0
2006-05-01,41.78,41.87,41.39,41.54,23800.0
2006-05-02,41.5,41.67,41.49,41.63,28900.0
2006-05-03,41.65,41.65,40.92,41.13,39100.0
2006-05-04,41.1,41.1,40.68,40.78,56800.0
2006-05-05,40.78,41.4,40.78,41.38,43100.0
2006-05-08,41.34,41.38,40.53,40.81,43300.0
2006-05-09,40.74,41.1,40.52,40.63,53400.0
2006-05-10,40.55,41.0,40.4,40.71,48700.0
2006-05-11,40.7,40.7,39.43,39.54,133200.0
2006-05-12,39.54,40.04,38.6,39.68,573200.0
2006-05-15,39.2,39.82,39.11,39.78,72400.0
2006-05-16,40.03,40.15,39.19,39.39,60500.0
2006-05-17,39.35,39.35,38.65,38.94,126100.0
2006-05-18,38.91,38.91,37.99,38.34,376700.0
2006-05-19,38.28,38.58,37.77,38.31,65600.0
2006-05-22,38.06,38.47,38.0,38.3,21100.0
2006-05-23,38.2,38.2,37.34,37.39,371800.0
2006-05-24,37.4,37.95,36.99,37.69,99900.0
2006-05-25,38.36,38.68,38.23,38.68,451000.0
2006-05-26,39.06,39.12,38.7,38.82,307100.0
2006-05-30,39.91,40.4,39.88,40.14,108700.0
2006-05-31,40.6,40.6,40.12,40.25,124300.0
2006-06-01,40.15,40.66,39.58,40.61,46600.0
2006-06-02,40.75,40.94,40.62,40.79,35600.0
2006-06-05,40.74,40.78,40.29,40.29,42500.0
2006-06-06,40.24,40.81,39.89,40.52,82000.0
2006-06-07,40.52,41.02,40.48,40.64,53800.0
2006-06-08,40.12,40.29,39.55,39.92,84300.0
2006-06-09,40.27,40.66,40.2,40.41,40500.0
2006-06-12,40.66,41.3,40.66,41.01,66500.0
2006-06-13,40.86,41.19,39.78,39.9,75300.0
2006-06-14,39.98,40.4,39.7,40.24,60800.0
2006-06-15,40.22,40.42,39.78,40.31,71200.0
2006-06-16,40.29,40.51,39.88,39.89,34900.0
2006-06-19,39.78,40.37,39.69,40.26,82600.0
2006-06-20,40.28,40.43,39.9,40.12,64600.0
2006-06-21,40.62,40.9,40.2,40.34,59500.0
2006-06-22,40.05,40.48,39.98,40.33,36800.0
2006-06-23,40.03,40.03,39.67,39.77,435600.0
2006-06-26,39.82,40.03,39.55,40.03,437200.0
2006-06-27,40.0,40.16,39.82,39.86,437100.0
2006-06-28,39.87,39.99,39.37,39.87,68200.0
2006-06-29,39.92,40.19,39.65,40.11,451300.0
2006-06-30,40.22,40.27,39.62,39.75,75800.0
2006-07-03,39.9,40.48,39.68,40.45,33000.0
2006-07-05,40.15,40.15,39.76,39.88,443200.0
2006-07-06,39.86,40.5,39.84,40.3,33900.0
2006-07-07,40.1,40.4,40.0,40.32,42700.0
2006-07-10,40.09,40.49,39.81,40.46,25700.0
2006-07-11,40.4,40.85,40.38,40.68,54100.0
2006-07-12,40.6,40.6,40.11,40.29,23700.0
2006-07-13,40.21,40.47,39.91,40.07,86500.0
2006-07-14,40.1,40.3,39.89,40.25,68800.0
2006-07-17,40.14,40.18,39.68,39.77,44900.0
2006-07-18,39.77,39.84,39.42,39.55,27500.0
2006-07-19,39.6,40.53,39.6,40.25,26900.0
2006-07-20,40.48,40.7,40.36,40.4,42900.0
2006-07-21,40.46,40.53,40.33,40.39,27500.0
2006-07-24,40.39,40.75,40.38,40.72,27200.0
2006-07-25,40.75,40.91,40.45,40.61,45700.0
2006-07-26,40.63,41.38,40.63,41.34,46400.0
2006-07-27,41.43,41.7,40.89,41.0,74000.0
2006-07-28,41.18,41.5,40.8,40.88,40400.0
2006-07-31,41.03,41.21,40.25,40.3,53400.0
2006-08-01,40.24,40.44,40.0,40.42,23700.0
2006-08-02,40.61,41.0,40.61,40.7,19100.0
2006-08-03,40.52,41.37,40.5,41.13,25200.0
2006-08-04,41.2,41.33,40.9,41.01,15100.0
2006-08-07,41.03,41.27,40.9,41.25,17800.0
2006-08-08,41.31,41.48,41.02,41.33,40600.0
2006-08-09,41.5,41.83,41.35,41.42,28200.0
2006-08-10,41.27,41.46,40.91,41.14,22600.0
2006-08-11,41.17,41.23,40.96,41.0,26000.0
2006-08-14,41.1,41.42,40.8,40.9,26700.0
2006-08-15,41.07,41.37,40.99,41.36,22300.0
2006-08-16,41.83,42.17,41.83,42.12,41300.0
2006-08-17,42.18,42.89,41.97,42.74,51100.0
2006-08-18,42.75,42.79,42.18,42.53,31700.0
2006-08-21,42.9,43.44,42.88,43.41,54800.0
2006-08-22,43.51,43.94,43.51,43.82,47300.0
2006-08-23,44.28,44.58,44.14,44.37,40200.0
2006-08-24,44.45,44.52,44.12,44.29,216300.0
2006-08-25,44.29,44.29,43.35,43.47,116600.0
2006-08-28,43.57,44.18,43.55,44.06,35900.0
2006-08-29,44.04,44.04,42.99,43.14,55900.0
2006-08-30,43.06,43.15,42.64,42.93,39600.0
2006-08-31,42.9,43.19,42.72,42.85,34900.0
2006-09-01,42.87,43.19,42.74,42.94,26100.0
2006-09-05,42.69,42.75,42.5,42.6,34000.0
2006-09-06,42.57,42.58,42.15,42.25,55100.0
2006-09-07,42.0,42.0,41.34,41.74,846600.0
2006-09-08,41.37,41.59,41.32,41.44,38800.0
2006-09-11,41.43,41.78,41.3,41.55,41200.0
2006-09-12,41.8,42.15,41.72,41.8,57300.0
2006-09-13,41.78,41.85,41.37,41.85,45000.0
2006-09-14,41.99,42.14,41.71,41.8,33700.0
2006-09-15,41.85,42.4,41.83,42.16,34100.0
2006-09-18,42.24,42.85,42.23,42.85,55800.0
2006-09-19,42.6,42.68,42.22,42.68,38100.0
2006-09-20,42.7,43.27,42.7,42.8,205900.0
2006-09-21,42.8,43.15,42.69,42.87,37300.0
2006-09-22,43.08,43.15,42.77,42.93,20400.0
2006-09-25,42.99,43.66,42.97,43.52,42700.0
2006-09-26,43.61,43.67,43.21,43.35,30000.0
2006-09-27,43.35,43.58,43.1,43.58,33300.0
2006-09-28,43.8,43.96,43.59,43.87,28900.0
2006-09-29,43.4,43.4,42.98,43.07,46400.0
2006-10-02,43.05,43.74,42.98,43.71,32400.0
2006-10-03,43.55,43.59,43.15,43.25,40800.0
2006-10-04,42.93,43.48,42.93,43.48,30600.0
2006-10-05,43.45,43.45,43.01,43.12,52000.0
2006-10-06,43.16,43.16,42.69,42.8,35600.0
2006-10-09,42.82,43.14,42.77,43.1,8000.0
2006-10-10,43.07,43.07,42.23,42.36,65100.0
2006-10-11,42.3,42.3,41.41,41.67,31500.0
2006-10-12,41.67,41.79,41.45,41.71,47000.0
2006-10-13,41.5,41.96,41.35,41.93,37100.0
2006-10-16,42.0,42.13,41.68,42.06,31800.0
2006-10-17,42.06,42.06,41.46,41.52,27100.0
2006-10-18,41.61,41.82,41.39,41.59,14800.0
2006-10-19,41.63,42.22,41.53,42.17,24500.0
2006-10-20,42.44,42.61,42.39,42.53,38100.0
2006-10-23,42.49,43.1,42.49,43.01,75000.0
2006-10-24,42.99,43.27,42.73,43.27,51000.0
2006-10-25,43.2,43.49,42.96,43.41,24300.0
2006-10-26,43.46,43.77,43.37,43.6,114700.0
2006-10-27,43.64,43.82,43.21,43.29,31800.0
2006-10-30,43.2,43.67,43.0,43.53,21500.0
2006-10-31,43.65,44.1,43.65,43.91,50300.0
2006-11-01,43.8,44.29,43.2,44.09,42800.0
2006-11-02,44.26,45.32,44.26,45.0,55100.0
2006-11-03,45.56,45.56,44.62,45.18,42100.0
2006-11-06,45.15,45.59,44.94,45.44,17600.0
2006-11-07,45.44,45.63,44.73,44.81,34700.0
2006-11-08,44.77,45.22,44.75,45.21,35000.0
2006-11-09,45.14,45.49,44.77,45.27,42800.0
2006-11-10,45.27,45.34,45.0,45.14,22600.0
2006-11-13,45.04,45.65,44.97,45.56,33700.0
2006-11-14,45.64,45.92,45.57,45.66,28200.0
2006-11-15,45.75,46.14,45.52,46.14,41500.0
2006-11-16,46.37,46.88,45.95,46.1,34900.0
2006-11-17,46.11,46.11,45.4,45.65,35100.0
2006-11-20,45.68,45.78,45.35,45.62,33600.0
2006-11-21,45.59,46.07,45.31,45.76,28000.0
2006-11-22,45.98,46.28,45.81,45.97,26200.0
2006-11-24,46.3,46.51,46.21,46.31,21000.0
2006-11-27,46.33,46.41,45.57,46.22,62900.0
2006-11-28,46.02,46.51,45.91,46.42,46500.0
2006-11-29,46.4,46.4,45.56,45.65,74300.0
2006-11-30,45.58,45.82,45.25,45.48,61700.0
2006-12-01,45.57,45.57,44.25,44.6,114200.0
2006-12-04,44.8,45.11,44.77,45.03,60400.0
2006-12-05,44.99,45.46,44.84,45.23,47800.0
2006-12-06,45.2,45.4,44.57,44.62,33800.0
2006-12-07,44.72,45.11,44.66,44.91,34100.0
2006-12-08,44.94,44.94,44.37,44.89,85200.0
2006-12-11,45.08,45.17,44.81,45.07,79300.0
2006-12-12,44.75,45.15,44.64,45.12,46400.0
2006-12-13,45.28,45.39,44.73,44.96,38000.0
2006-12-14,44.87,45.34,44.64,45.3,26500.0
2006-12-15,45.47,45.63,45.31,45.38,35100.0
2006-12-18,45.64,46.09,45.24,45.65,445500.0
2006-12-19,45.46,45.71,45.35,45.62,405000.0
2006-12-20,45.72,46.02,45.68,45.76,392600.0
2006-12-21,45.6,45.6,45.3,45.46,385200.0
2006-12-22,45.44,45.44,45.14,45.32,33000.0
2006-12-26,45.39,45.63,45.25,45.48,7600.0
2006-12-27,45.44,45.44,45.2,45.31,388300.0
2006-12-28,45.16,45.16,44.91,45.02,373200.0
2006-12-29,44.92,44.92,44.69,44.8,33400.0
2007-01-03,44.82,44.89,44.12,44.43,115100.0
2007-01-04,44.46,44.51,44.28,44.5,385000.0
2007-01-05,44.46,44.5,44.13,44.39,71600.0
2007-01-08,44.39,44.42,44.17,44.22,59900.0
2007-01-09,44.14,44.15,43.67,43.8,204300.0
2007-01-10,43.78,43.78,43.07,43.12,59600.0
2007-01-11,43.18,43.41,42.92,42.99,75300.0
2007-01-12,43.44,43.75,43.32,43.6,65200.0
2007-01-16,43.92,44.23,43.69,43.87,129400.0
2007-01-17,44.02,44.04,43.63,43.89,57400.0
2007-01-18,43.94,44.15,43.77,43.77,45300.0
2007-01-19,43.8,44.04,43.67,43.73,44000.0
2007-01-22,43.78,43.78,42.86,42.92,93700.0
2007-01-23,42.91,43.14,42.67,42.93,117200.0
2007-01-24,43.4,43.83,43.04,43.55,807600.0
2007-01-25,43.85,43.85,43.32,43.37,295000.0
2007-01-26,43.56,43.85,43.37,43.46,196300.0
2007-01-29,43.7,43.7,42.98,43.06,185600.0
2007-01-30,43.14,43.28,42.75,43.18,197400.0
2007-01-31,43.05,43.46,42.94,43.18,144900.0
2007-02-01,43.27,43.9,43.14,43.84,121600.0
2007-02-02,43.7,43.87,43.23,43.31,147800.0
2007-02-05,43.31,43.78,43.3,43.78,81400.0
2007-02-06,43.78,43.96,43.68,43.74,174400.0
2007-02-07,43.98,44.0,43.48,43.58,138700.0
2007-02-08,43.58,43.66,43.38,43.66,236000.0
2007-02-09,43.77,44.0,43.61,43.75,74000.0
2007-02-12,43.83,44.0,43.39,43.55,98700.0
2007-02-13,43.67,44.06,43.67,43.98,67700.0
2007-02-14,44.11,44.21,43.95,44.13,70500.0
2007-02-15,44.22,44.4,44.06,44.4,64900.0
2007-02-16,44.42,44.42,44.04,44.13,104800.0
2007-02-20,43.97,44.23,43.77,44.23,85600.0
2007-02-21,44.39,44.58,44.35,44.53,83000.0
2007-02-22,44.66,44.99,44.22,44.51,135200.0
2007-02-23,44.71,44.79,44.43,44.51,48400.0
2007-02-26,44.59,44.74,44.53,44.7,57500.0
2007-02-27,44.26,44.52,43.34,43.56,228800.0
2007-02-28,43.57,43.75,43.34,43.46,122600.0
2007-03-01,43.1,43.1,42.05,42.62,208100.0
2007-03-02,42.5,42.83,42.18,42.55,110400.0
2007-03-05,41.91,42.38,41.91,42.01,121900.0
2007-03-06,42.94,43.26,42.69,43.08,189700.0
2007-03-07,43.18,43.84,42.9,43.8,155000.0
2007-03-08,44.05,44.3,44.0,44.3,101000.0
2007-03-09,44.6,45.07,44.52,45.02,120400.0
2007-03-12,45.0,45.41,44.97,45.26,116800.0
2007-03-13,45.26,45.36,44.55,44.7,106000.0
2007-03-14,44.45,44.79,44.07,44.47,108500.0
2007-03-15,44.68,44.92,44.5,44.77,126700.0
2007-03-16,44.77,45.26,44.77,44.99,75000.0
2007-03-19,45.23,45.48,44.97,45.39,62300.0
2007-03-20,45.7,46.48,45.69,46.23,125900.0
2007-03-21,46.24,47.0,46.18,47.0,129000.0
2007-03-22,47.06,47.13,46.37,46.47,104200.0
2007-03-23,46.61,46.85,46.27,46.59,118700.0
2007-03-26,46.75,46.91,46.43,46.55,91100.0
2007-03-27,46.55,46.78,46.53,46.73,64900.0
2007-03-28,46.51,46.51,46.21,46.26,42700.0
2007-03-29,46.54,46.74,46.44,46.7,82200.0
2007-03-30,46.62,46.62,46.04,46.11,107800.0
2007-04-02,46.1,46.3,46.05,46.19,61300.0
2007-04-03,46.3,46.56,46.14,46.23,59600.0
2007-04-04,46.37,46.48,46.19,46.35,61800.0
2007-04-05,46.71,46.79,46.53,46.55,53400.0
2007-04-09,46.64,46.84,46.57,46.57,44500.0
2007-04-10,46.88,46.88,46.35,46.45,90900.0
2007-04-11,46.55,46.76,46.5,46.7,50500.0
2007-04-12,46.77,47.05,46.63,46.79,51400.0
2007-04-13,46.93,46.96,46.47,46.6,93000.0
2007-04-16,46.83,47.4,46.81,47.27,71300.0
2007-04-17,47.25,47.52,47.14,47.39,87500.0
2007-04-18,47.39,47.98,47.3,47.98,79700.0
2007-04-19,47.74,47.87,47.51,47.58,95500.0
2007-04-20,48.0,48.16,47.78,47.92,52300.0
2007-04-23,48.06,48.17,47.93,48.02,92500.0
2007-04-24,48.11,48.77,47.99,48.19,132600.0
2007-04-25,48.32,48.57,48.3,48.5,57000.0
2007-04-26,48.32,48.7,48.19,48.2,65200.0
2007-04-27,48.29,48.59,48.13,48.55,90300.0
2007-04-30,48.72,48.8,47.99,48.18,149600.0
2007-05-01,48.41,48.48,47.53,47.58,111900.0
2007-05-02,47.44,47.6,47.15,47.55,100500.0
2007-05-03,47.98,48.23,47.66,47.86,168700.0
2007-05-04,48.17,48.8,48.17,48.39,104700.0
2007-05-07,48.79,48.92,48.31,48.6,78600.0
2007-05-08,48.41,48.46,48.16,48.42,57600.0
2007-05-09,48.3,48.3,47.77,48.11,91200.0
2007-05-10,47.86,47.92,47.45,47.55,85500.0
2007-05-11,47.3,47.72,47.08,47.62,70100.0
2007-05-14,47.87,48.36,47.7,48.22,103100.0
2007-05-15,48.5,48.95,48.43,48.95,77500.0
2007-05-16,48.82,49.19,48.75,49.09,76000.0
2007-05-17,49.25,49.55,48.96,49.55,88000.0
2007-05-18,49.63,49.88,49.45,49.46,70500.0
2007-05-21,49.76,49.81,49.52,49.71,35300.0
2007-05-22,49.79,49.85,49.51,49.57,56900.0
2007-05-23,49.7,49.9,49.54,49.83,55800.0
2007-05-24,50.03,50.13,49.3,49.31,96700.0
2007-05-25,49.56,49.93,49.51,49.7,93100.0
2007-05-29,50.17,51.0,50.1,50.61,148900.0
2007-05-30,50.36,50.63,49.92,50.61,124500.0
2007-05-31,50.69,50.88,50.22,50.39,125000.0
2007-06-01,50.34,50.85,50.02,50.78,102200.0
2007-06-04,50.34,50.39,49.93,50.11,152600.0
2007-06-05,50.2,50.3,49.7,49.7,140200.0
2007-06-06,49.7,49.78,49.06,49.08,83600.0
2007-06-07,49.15,49.24,47.95,48.2,250600.0
2007-06-08,47.95,49.0,47.94,48.95,147600.0
2007-06-11,48.89,48.98,48.71,48.72,100300.0
2007-06-12,48.51,49.28,48.48,48.71,188500.0
2007-06-13,48.88,49.69,48.79,49.69,84700.0
2007-06-14,49.63,49.68,49.1,49.54,102400.0
2007-06-15,49.78,49.88,49.49,49.74,160300.0
2007-06-18,49.65,49.82,49.31,49.41,96000.0
2007-06-19,49.35,49.42,48.98,49.39,58100.0
2007-06-20,49.2,49.42,48.97,49.17,145700.0
2007-06-21,48.74,49.09,48.28,48.86,195000.0
2007-06-22,48.9,48.99,48.4,48.7,155400.0
2007-06-25,48.82,49.19,48.69,48.78,84000.0
2007-06-26,49.12,49.37,48.99,49.15,135300.0
2007-06-27,48.9,49.44,48.7,49.35,110500.0
2007-06-28,49.67,50.05,49.28,49.55,553500.0
2007-06-29,49.05,49.05,48.43,48.83,153300.0
2007-07-02,49.0,49.17,48.65,48.96,109700.0
2007-07-03,49.14,49.5,48.94,49.19,67300.0
2007-07-05,48.75,49.22,48.24,49.0,179500.0
2007-07-06,49.2,49.48,48.95,49.08,99300.0
2007-07-09,49.23,49.34,48.92,48.96,113700.0
2007-07-10,48.65,49.49,48.65,49.1,165300.0
2007-07-11,48.82,48.86,48.5,48.78,181800.0
2007-07-12,49.02,49.59,48.94,49.53,225400.0
2007-07-13,49.72,49.89,49.44,49.66,87300.0
2007-07-16,49.58,49.69,49.39,49.58,157400.0
2007-07-17,49.58,49.65,49.33,49.47,118800.0
2007-07-18,49.17,49.75,49.17,49.75,195000.0
2007-07-19,49.75,49.82,49.5,49.72,149800.0
2007-07-20,49.68,50.18,49.5,49.65,146400.0
2007-07-23,49.9,49.95,49.26,49.42,125400.0
2007-07-24,49.59,49.92,49.19,49.3,181000.0
2007-07-25,49.39,49.89,48.7,49.24,177900.0
2007-07-26,48.72,48.72,47.38,48.05,358100.0
2007-07-27,47.74,48.07,46.63,46.65,253700.0
2007-07-30,46.7,46.87,45.84,46.1,295200.0
2007-07-31,46.69,46.69,46.2,46.52,393000.0
2007-08-01,46.24,46.55,45.15,46.27,376600.0
2007-08-02,46.78,47.13,46.4,46.83,222700.0
2007-08-03,46.89,46.98,45.8,45.86,273800.0
2007-08-06,45.81,46.68,45.8,46.68,88100.0
2007-08-07,46.71,46.94,45.82,46.35,281300.0
2007-08-08,47.34,48.12,47.26,48.11,275400.0
2007-08-09,46.66,47.68,46.25,46.3,339700.0
2007-08-10,45.83,46.3,45.15,45.81,417300.0
2007-08-13,47.08,47.19,45.45,45.5,244100.0
2007-08-14,45.5,46.12,44.1,44.74,419900.0
2007-08-15,44.0,45.21,43.69,44.08,214600.0
2007-08-16,43.75,44.85,43.44,44.85,333300.0
2007-08-17,46.56,47.08,45.95,46.93,310700.0
2007-08-20,47.55,47.79,46.04,47.13,246300.0
2007-08-21,47.0,47.5,46.65,47.49,136800.0
2007-08-22,47.94,48.54,47.57,48.08,145000.0
2007-08-23,49.0,49.17,47.9,48.15,202300.0
2007-08-24,48.56,48.77,48.25,48.62,116200.0
2007-08-27,48.63,48.73,48.1,48.52,143200.0
2007-08-28,47.94,48.24,47.37,47.4,198100.0
2007-08-29,48.17,48.54,47.82,48.38,202800.0
2007-08-30,47.9,48.78,47.9,48.28,164500.0
2007-08-31,49.13,49.48,48.8,49.46,157500.0
2007-09-04,49.52,50.08,49.52,49.91,155000.0
2007-09-05,49.61,50.14,49.4,49.5,158500.0
2007-09-06,49.56,49.56,49.06,49.54,85500.0
2007-09-07,48.82,49.61,48.62,49.22,245500.0
2007-09-10,49.18,49.49,48.78,49.15,163000.0
2007-09-11,49.57,50.06,49.44,49.8,107800.0
2007-09-12,49.85,50.23,49.75,50.22,66900.0
2007-09-13,50.29,50.69,50.09,50.12,140200.0
2007-09-14,50.0,50.22,49.68,49.9,137900.0
2007-09-17,49.96,50.7,49.96,50.59,107600.0
2007-09-18,50.85,51.95,50.58,51.85,146800.0
2007-09-19,52.08,52.35,51.75,51.94,135300.0
2007-09-20,52.52,52.6,51.34,51.5,189000.0
2007-09-21,51.79,51.87,51.4,51.45,135600.0
2007-09-24,51.41,51.87,51.41,51.55,72700.0
2007-09-25,51.5,51.96,51.49,51.9,140300.0
2007-09-26,52.0,52.39,51.87,52.21,129300.0
2007-09-27,52.6,53.05,52.56,52.9,110500.0
2007-09-28,52.56,52.86,52.38,52.5,99000.0
2007-10-01,52.77,53.52,52.77,53.23,108000.0
2007-10-02,52.93,53.25,52.68,53.02,158100.0
2007-10-03,52.85,53.39,52.51,52.7,90500.0
2007-10-04,52.94,52.97,52.58,52.76,68900.0
2007-10-05,53.38,53.6,53.12,53.55,150000.0
2007-10-08,53.66,53.71,53.17,53.5,26300.0
2007-10-09,53.51,53.51,52.63,53.32,126800.0
2007-10-10,53.12,53.22,52.73,53.13,135300.0
2007-10-11,53.51,53.55,53.0,53.12,72900.0
2007-10-12,53.31,53.34,53.01,53.12,101700.0
2007-10-15,53.32,53.32,52.32,52.51,91400.0
2007-10-16,52.49,52.56,51.57,51.57,116500.0
2007-10-17,52.1,52.61,52.02,52.57,142500.0
2007-10-18,52.5,52.83,52.32,52.79,88000.0
2007-10-19,52.89,53.05,52.19,52.24,110000.0
2007-10-22,51.22,51.85,50.96,51.7,156500.0
2007-10-23,52.58,53.01,52.32,52.7,150100.0
2007-10-24,52.58,52.93,51.7,52.05,177700.0
2007-10-25,52.66,52.91,51.77,51.92,154000.0
2007-10-26,52.45,53.61,52.25,53.55,111400.0
2007-10-29,54.02,55.14,53.96,55.13,204500.0
2007-10-30,54.83,55.42,54.76,55.34,115500.0
2007-10-31,55.79,56.58,55.61,56.22,221600.0
2007-11-01,56.18,56.41,55.56,55.88,156900.0
2007-11-02,57.06,57.15,56.31,56.39,187400.0
2007-11-05,55.52,56.25,55.01,55.88,144000.0
2007-11-06,56.35,56.48,55.83,56.39,135400.0
2007-11-07,56.54,56.64,54.54,54.63,273100.0
2007-11-08,54.39,54.87,52.38,54.0,335600.0
2007-11-09,53.15,54.21,52.98,53.19,427400.0
2007-11-12,52.78,53.12,51.86,51.92,226500.0
2007-11-13,51.83,53.47,51.83,53.42,157200.0
2007-11-14,53.55,54.08,53.25,53.43,178900.0
2007-11-15,52.52,52.64,50.79,50.87,255400.0
2007-11-16,51.22,51.43,50.68,50.97,264100.0
2007-11-19,50.57,50.72,49.52,50.04,337900.0
2007-11-20,49.79,50.69,49.63,50.55,330800.0
2007-11-21,49.83,50.08,49.53,49.86,275200.0
2007-11-23,50.43,50.64,50.07,50.17,94700.0
2007-11-26,50.2,50.56,49.85,49.91,198400.0
2007-11-27,49.36,51.21,49.28,50.96,297500.0
2007-11-28,50.96,53.42,50.96,53.32,250900.0
2007-11-29,52.74,53.25,52.08,52.37,179900.0
2007-11-30,52.42,53.45,52.42,53.02,263200.0
2007-12-03,53.13,53.23,52.36,52.7,193600.0
2007-12-04,52.2,52.58,51.42,52.03,164500.0
2007-12-05,51.9,51.9,51.2,51.51,256000.0
2007-12-06,51.16,52.06,50.61,51.95,296500.0
2007-12-07,52.56,52.56,51.74,51.95,154600.0
2007-12-10,51.54,52.24,51.24,52.21,183500.0
2007-12-11,52.36,52.71,51.09,51.42,212400.0
2007-12-12,52.4,52.66,51.1,51.66,412100.0
2007-12-13,51.18,51.37,50.13,50.54,223700.0
2007-12-14,50.5,50.92,49.95,50.5,192700.0
2007-12-17,50.66,51.4,50.48,50.79,272800.0
2007-12-18,50.47,50.95,49.79,50.38,209300.0
2007-12-19,50.53,51.28,50.33,50.4,204900.0
2007-12-20,50.43,50.78,50.03,50.1,153100.0
2007-12-21,50.0,50.57,49.74,50.46,134900.0
2007-12-24,50.98,51.7,50.91,51.7,95400.0
2007-12-26,51.7,51.8,51.24,51.41,44800.0
2007-12-27,51.0,51.78,48.98,51.25,129900.0
2007-12-28,51.49,51.7,51.17,51.34,124600.0
2007-12-31,51.19,51.22,50.44,50.5,125200.0
2008-01-02,50.73,50.78,49.88,50.0,213600.0
2008-01-03,50.03,50.12,49.19,49.64,158400.0
2008-01-04,49.27,49.27,47.89,47.99,190100.0
2008-01-07,48.13,48.52,47.04,47.26,312600.0
2008-01-08,47.65,48.04,46.43,46.56,253500.0
2008-01-09,46.58,47.03,46.29,46.91,379700.0
2008-01-10,46.51,48.81,46.35,48.48,406100.0
2008-01-11,47.91,48.82,47.55,48.0,341100.0
2008-01-14,48.57,48.65,47.48,47.48,194200.0
2008-01-15,47.25,47.36,45.84,46.59,303500.0
2008-01-16,46.06,46.92,45.35,46.0,340100.0
2008-01-17,46.25,46.52,44.69,45.17,419200.0
2008-01-18,45.18,45.82,43.78,44.46,419000.0
2008-01-22,42.21,45.57,42.21,44.8,651400.0
2008-01-23,44.58,46.87,44.58,46.86,694700.0
2008-01-24,47.97,48.32,46.43,46.58,488600.0
2008-01-25,47.45,47.45,45.9,46.47,340900.0
2008-01-28,46.78,46.96,45.8,46.94,310400.0
2008-01-29,47.48,47.92,47.0,47.74,323900.0
2008-01-30,47.86,48.82,47.51,48.0,291900.0
2008-01-31,47.51,48.17,46.75,47.99,522700.0
2008-02-01,48.34,48.99,48.17,48.92,318800.0
2008-02-04,48.84,49.2,48.47,48.6,272400.0
2008-02-05,48.02,48.04,46.9,47.57,388000.0
2008-02-06,48.0,48.17,47.34,47.63,304700.0
2008-02-07,47.45,48.55,47.31,47.5,407100.0
2008-02-08,48.01,48.34,47.42,47.89,267300.0
2008-02-11,47.86,48.61,47.38,48.18,267700.0
2008-02-12,48.81,49.14,48.21,48.45,294800.0
2008-02-13,48.88,48.88,48.34,48.74,203200.0
2008-02-14,48.66,48.73,47.96,47.98,227500.0
2008-02-15,48.0,48.17,46.84,47.15,239600.0
2008-02-19,47.44,47.58,46.77,47.11,256700.0
2008-02-20,46.74,47.89,46.74,47.65,287100.0
2008-02-21,47.73,47.95,47.12,47.45,263900.0
2008-02-22,47.46,47.77,46.86,47.71,263300.0
2008-02-25,48.41,48.95,47.93,48.95,385400.0
2008-02-26,48.54,50.11,48.54,49.95,329600.0
2008-02-27,49.82,50.74,49.75,50.25,251100.0
2008-02-28,50.12,50.68,49.9,50.07,331300.0
2008-02-29,49.6,49.6,48.15,48.49,420300.0
2008-03-03,48.28,48.34,46.57,47.16,486700.0
2008-03-04,46.44,46.49,44.7,45.74,730600.0
2008-03-05,46.18,46.63,45.58,46.63,589800.0
2008-03-06,46.39,46.4,44.61,44.62,823900.0
2008-03-07,44.5,45.73,44.29,45.25,877300.0
2008-03-10,45.46,45.46,43.96,44.15,835600.0
2008-03-11,45.75,46.29,44.5,45.39,768000.0
2008-03-12,45.5,46.4,45.04,45.73,1201400.0
2008-03-13,45.4,46.4,44.73,46.4,1114000.0
2008-03-14,46.28,46.28,44.56,44.7,818200.0
2008-03-17,43.1,43.74,42.28,42.9,741600.0
2008-03-18,43.06,44.6,42.94,44.48,741400.0
2008-03-19,44.84,45.27,42.97,43.08,843700.0
2008-03-20,42.78,43.48,41.76,43.44,703700.0
2008-03-24,43.74,45.3,43.58,44.71,431600.0
2008-03-25,45.41,46.12,44.78,45.8,865100.0
2008-03-26,45.42,45.76,44.3,45.27,556100.0
2008-03-27,45.59,46.14,45.31,45.79,428300.0
2008-03-28,45.75,45.81,44.12,44.13,499100.0
2008-03-31,43.86,45.29,43.55,45.21,645500.0
2008-04-01,45.77,46.59,45.57,46.52,557600.0
2008-04-02,46.6,47.25,46.07,46.25,418400.0
2008-04-03,45.3,46.75,45.3,46.55,313100.0
2008-04-04,46.25,46.69,46.1,46.39,267000.0
2008-04-07,46.47,46.58,46.2,46.43,258600.0
2008-04-08,46.33,46.33,45.54,45.96,228300.0
2008-04-09,45.78,45.78,44.63,45.06,537900.0
2008-04-10,45.31,45.78,44.51,45.65,459900.0
2008-04-11,45.0,45.27,44.33,44.42,324700.0
2008-04-14,44.3,44.44,43.61,43.95,363300.0
2008-04-15,43.97,44.2,43.71,43.81,302300.0
2008-04-16,43.91,45.36,43.91,45.32,356700.0
2008-04-17,45.05,45.56,44.48,45.31,358700.0
2008-04-18,45.81,47.55,45.81,47.25,504000.0
2008-04-21,47.28,47.96,47.02,47.15,357200.0
2008-04-22,46.57,47.7,46.45,46.96,364700.0
2008-04-23,46.57,46.57,46.05,46.36,231400.0
2008-04-24,46.16,47.81,46.16,47.25,356400.0
2008-04-25,47.49,47.91,46.96,47.5,366100.0
2008-04-28,46.25,48.31,46.24,47.64,314300.0
2008-04-29,47.25,48.03,47.17,47.27,252600.0
2008-04-30,47.53,48.47,47.41,47.65,334100.0
2008-05-01,46.99,48.1,45.94,48.01,438700.0
2008-05-02,47.96,49.03,47.96,48.87,287500.0
2008-05-05,49.0,49.17,48.2,48.26,252200.0
2008-05-06,48.12,48.47,47.49,48.28,256800.0
2008-05-07,48.31,48.32,47.37,47.54,244700.0
2008-05-08,47.43,47.73,47.04,47.37,235900.0
2008-05-09,47.3,48.73,47.3,47.78,354000.0
2008-05-12,48.1,48.37,47.57,48.22,175000.0
2008-05-13,48.53,48.53,48.01,48.2,181100.0
2008-05-14,48.55,49.05,48.37,48.46,186900.0
2008-05-15,48.94,49.71,48.86,49.58,245000.0
2008-05-16,49.78,50.07,49.17,49.3,241600.0
2008-05-19,49.01,49.25,48.83,48.83,182800.0
2008-05-20,48.98,49.58,48.7,49.05,303000.0
2008-05-21,49.45,49.7,48.15,48.5,303900.0
2008-05-22,48.64,48.93,48.38,48.85,291200.0
2008-05-23,48.65,48.9,47.93,48.11,254300.0
2008-05-27,48.43,48.79,47.6,47.99,408500.0
2008-05-28,48.37,49.51,48.37,49.35,381600.0
2008-05-29,49.59,50.36,49.54,50.2,374300.0
2008-05-30,50.1,50.24,49.81,49.98,255200.0
2008-06-02,49.84,50.66,49.55,50.25,368800.0
2008-06-03,50.42,50.79,49.97,50.35,389800.0
2008-06-04,50.11,50.85,49.89,50.49,400300.0
2008-06-05,50.75,51.59,50.36,51.47,343500.0
2008-06-06,50.95,51.24,50.18,50.23,357500.0
2008-06-09,50.19,50.76,49.95,50.08,387200.0
2008-06-10,49.82,50.0,49.38,49.88,503000.0
2008-06-11,50.27,50.36,49.0,49.17,384000.0
2008-06-12,48.06,49.75,48.06,49.15,318400.0
2008-06-13,49.2,49.92,49.2,49.69,313800.0
2008-06-16,48.41,50.83,48.41,50.56,453500.0
2008-06-17,50.85,51.27,50.58,50.9,264900.0
2008-06-18,50.64,50.65,49.7,50.2,403000.0
2008-06-19,50.39,50.44,49.38,49.77,380700.0
2008-06-20,49.43,49.49,48.58,48.72,360200.0
2008-06-23,49.06,49.06,47.87,48.01,321500.0
2008-06-24,48.08,48.33,47.25,47.74,395900.0
2008-06-25,46.65,49.19,46.65,49.0,463600.0
2008-06-26,49.35,49.35,47.51,47.73,370600.0
2008-06-27,47.58,48.63,47.04,47.32,335500.0
2008-06-30,46.55,47.05,45.36,45.82,606200.0
2008-07-01,45.4,45.99,44.71,45.71,157400.0
2008-07-02,45.72,46.75,44.84,45.24,392300.0
2008-07-03,45.14,45.75,44.16,45.56,322000.0
2008-07-07,45.7,46.7,45.28,46.29,461000.0
2008-07-08,46.48,47.45,45.87,47.44,552600.0
2008-07-09,48.0,48.13,46.2,46.39,440500.0
2008-07-10,46.47,47.25,46.19,46.84,601500.0
2008-07-11,46.06,46.74,44.67,45.12,548800.0
2008-07-14,45.31,46.01,43.52,43.66,709500.0
2008-07-15,43.21,44.7,42.05,43.19,994200.0
2008-07-16,43.66,45.79,42.77,45.76,810400.0
2008-07-17,46.75,47.68,46.53,47.22,735200.0
2008-07-18,47.6,48.38,47.42,47.59,545900.0
2008-07-21,48.29,48.98,47.66,47.84,481800.0
2008-07-22,47.34,48.86,46.55,48.8,762800.0
2008-07-23,48.58,49.96,48.12,49.76,772100.0
2008-07-24,49.94,50.25,47.21,47.49,821000.0
2008-07-25,47.85,48.32,47.02,48.14,584300.0
2008-07-28,47.78,47.94,46.59,46.66,428900.0
2008-07-29,46.74,47.85,46.6,47.85,616900.0
2008-07-30,48.29,48.98,48.02,48.33,664400.0
2008-07-31,47.38,49.11,47.38,48.73,495400.0
2008-08-01,48.91,49.08,47.8,48.44,498500.0
2008-08-04,48.42,48.67,47.66,48.37,238600.0
2008-08-05,48.31,49.12,47.7,48.75,687400.0
2008-08-06,48.51,49.22,48.0,49.12,412300.0
2008-08-07,48.39,49.06,47.4,47.53,425400.0
2008-08-08,46.75,47.97,46.53,47.62,405000.0
2008-08-11,47.8,47.89,46.8,46.92,527500.0
2008-08-12,46.32,47.46,46.31,46.87,475600.0
2008-08-13,46.2,46.27,45.19,46.02,396900.0
2008-08-14,46.14,46.51,45.57,46.41,445600.0
2008-08-15,46.76,46.76,45.78,46.18,375800.0
2008-08-18,47.34,47.34,45.7,45.96,448700.0
2008-08-19,45.92,45.92,44.33,44.52,454000.0
2008-08-20,44.86,45.17,43.64,45.03,488700.0
2008-08-21,45.1,46.27,44.37,45.71,413500.0
2008-08-22,45.8,46.35,45.56,46.35,251300.0
2008-08-25,46.22,46.22,45.22,45.44,295300.0
2008-08-26,45.59,45.59,44.25,44.35,547100.0
2008-08-27,44.68,45.68,44.66,45.39,397700.0
2008-08-28,46.16,47.24,45.84,47.05,488200.0
2008-08-29,46.75,46.97,45.78,46.0,448400.0
2008-09-02,44.53,45.85,44.53,44.98,566000.0
2008-09-03,45.03,45.67,44.25,45.63,564200.0
2008-09-04,45.37,45.5,44.25,44.3,369500.0
2008-09-05,44.28,44.4,43.38,44.33,586700.0
2008-09-08,45.33,45.72,44.22,44.4,762800.0
2008-09-09,44.5,44.99,43.46,43.71,1793400.0
2008-09-10,44.15,44.99,43.67,44.46,738000.0
2008-09-11,43.6,44.58,43.5,44.58,816600.0
2008-09-12,44.18,45.1,44.03,44.93,633200.0
2008-09-15,43.55,44.66,43.29,43.33,1067200.0
2008-09-16,40.66,43.4,40.66,42.71,1600800.0
2008-09-17,42.23,42.25,40.35,40.47,1265700.0
2008-09-18,40.96,44.73,40.96,44.37,1878900.0
2008-09-19,46.41,48.01,44.93,47.42,1101000.0
2008-09-22,48.21,48.21,45.97,46.55,307200.0
2008-09-23,45.81,47.76,45.81,47.36,498600.0
2008-09-24,47.82,47.99,46.68,47.5,169200.0
2008-09-25,47.69,47.99,46.92,47.71,248200.0
2008-09-26,47.08,47.99,46.82,47.98,215600.0
2008-09-29,47.45,47.89,43.81,44.95,260000.0
2008-09-30,45.7,46.34,44.8,46.04,167200.0
2008-10-01,45.35,46.21,44.6,45.75,341000.0
2008-10-02,44.89,45.36,43.35,44.27,551300.0
2008-10-03,43.82,44.96,43.53,43.55,259200.0
2008-10-06,41.7,43.68,39.35,42.54,308700.0
2008-10-07,41.37,41.92,38.77,39.14,356200.0
2008-10-08,38.0,40.5,37.34,40.5,448700.0
2008-10-09,40.51,40.55,35.2,35.95,643800.0
2008-10-10,39.18,39.18,32.0,34.44,967600.0
2008-10-13,37.25,40.49,36.21,40.49,159000.0
2008-10-14,43.4,43.4,36.52,38.3,1154600.0
2008-10-15,38.0,38.16,36.1,36.59,670200.0
2008-10-16,36.3,36.98,34.75,36.6,712500.0
2008-10-17,34.71,39.25,34.71,37.03,731300.0
2008-10-20,37.39,38.36,37.08,38.36,474200.0
2008-10-21,38.93,38.93,36.17,36.27,469500.0
2008-10-22,36.78,36.78,32.72,32.93,728200.0
2008-10-23,31.91,33.12,29.88,31.46,1386300.0
2008-10-24,28.0,30.9,27.77,30.38,807900.0
2008-10-27,29.26,31.89,28.27,28.38,629800.0
2008-10-28,28.75,30.23,28.11,30.21,746600.0
2008-10-29,30.05,32.42,30.03,31.63,805400.0
2008-10-30,33.0,33.49,31.88,33.47,728800.0
2008-10-31,31.7,34.43,31.7,33.54,776200.0
2008-11-03,32.11,33.72,32.11,33.11,469900.0
2008-11-04,33.86,35.2,33.65,35.14,332100.0
2008-11-05,34.91,35.34,33.81,33.84,438000.0
2008-11-06,33.8,34.37,32.79,33.34,585200.0
2008-11-07,34.0,34.38,32.79,32.98,504600.0
2008-11-10,33.63,33.78,32.7,32.85,348200.0
2008-11-11,32.73,32.81,31.8,31.94,339500.0
2008-11-12,31.29,31.52,29.83,30.16,443700.0
2008-11-13,30.88,32.52,29.35,32.48,835500.0
2008-11-14,31.91,32.74,30.53,30.53,608400.0
2008-11-17,30.37,30.57,29.52,29.57,834100.0
2008-11-18,29.56,30.37,29.06,30.19,593000.0
2008-11-19,29.34,29.92,27.89,28.11,745400.0
2008-11-20,27.05,27.36,23.64,23.91,1458400.0
2008-11-21,24.32,25.29,22.35,24.32,1399800.0
2008-11-24,25.13,27.12,23.41,26.44,786600.0
2008-11-25,27.54,27.92,26.07,27.13,887200.0
2008-11-26,26.44,27.13,25.69,27.11,498400.0
2008-11-28,26.56,27.78,26.35,27.77,204700.0
2008-12-01,28.7,29.17,27.69,27.85,1029200.0
2008-12-02,28.37,28.67,25.49,26.03,1050700.0
2008-12-03,25.24,27.21,25.0,26.7,1169800.0
2008-12-04,26.28,27.45,24.66,25.23,762300.0
2008-12-05,24.88,26.52,24.48,26.47,827400.0
2008-12-08,27.49,29.11,27.49,27.73,675300.0
2008-12-09,27.5,27.5,25.15,25.43,796300.0
2008-12-10,25.89,26.05,24.23,24.74,751500.0
2008-12-11,24.5,25.79,24.13,24.3,565100.0
2008-12-12,23.61,25.34,23.61,25.04,702600.0
2008-12-15,25.52,25.52,24.19,25.08,625800.0
2008-12-16,24.44,25.04,23.78,25.0,806100.0
2008-12-17,25.0,25.05,24.25,24.7,541400.0
2008-12-18,25.27,25.27,23.76,24.32,806700.0
2008-12-19,24.46,24.51,23.45,23.89,836700.0
2008-12-22,24.23,24.55,23.94,24.22,512500.0
2008-12-23,24.26,25.0,24.25,24.7,506000.0
2008-12-24,24.75,24.92,24.6,24.77,159100.0
2008-12-26,24.9,24.9,24.5,24.81,107400.0
2008-12-29,24.62,25.77,24.62,25.62,435500.0
2008-12-30,25.52,26.63,25.12,26.57,345800.0
2008-12-31,26.58,27.36,26.45,27.2,457000.0
2009-01-02,27.11,27.5,26.37,27.29,313700.0
2009-01-05,27.34,27.98,26.72,27.66,484500.0
2009-01-06,28.14,28.78,28.14,28.44,644500.0
2009-01-07,28.36,28.52,27.67,28.14,518400.0
2009-01-08,27.81,28.5,27.72,28.37,515800.0
2009-01-09,28.39,28.4,27.53,27.8,547000.0
2009-01-12,27.54,27.57,25.52,25.75,684400.0
2009-01-13,25.49,26.07,25.43,25.9,665200.0
2009-01-14,25.3,25.37,24.22,24.47,609100.0
2009-01-15,24.62,25.01,23.39,24.79,866200.0
2009-01-16,25.51,25.98,23.62,24.45,1401000.0
2009-01-20,23.88,23.88,22.46,22.47,836400.0
2009-01-21,23.21,23.66,21.89,23.64,799000.0
2009-01-22,23.6,23.6,22.23,22.34,936300.0
2009-01-23,21.86,23.05,21.74,22.64,803500.0
2009-01-26,23.02,23.7,22.42,22.84,728000.0
2009-01-27,23.1,24.15,23.01,24.07,1013800.0
2009-01-28,25.09,26.52,25.09,25.62,1342400.0
2009-01-29,25.32,25.62,24.21,24.39,658600.0
2009-01-30,24.35,24.35,23.43,24.0,1323900.0
2009-02-02,23.26,24.11,23.19,23.82,843900.0
2009-02-03,24.08,24.63,23.71,24.46,559400.0
2009-02-04,24.74,25.06,23.88,24.13,663200.0
2009-02-05,23.9,24.86,23.63,24.72,697800.0
2009-02-06,24.4,25.48,24.17,25.03,826700.0
2009-02-09,25.41,25.92,25.05,25.74,671700.0
2009-02-10,25.69,25.77,24.03,24.22,989200.0
2009-02-11,24.27,24.47,23.72,23.98,822300.0
2009-02-12,23.7,24.12,23.13,24.07,1153200.0
2009-02-13,24.24,24.44,23.64,23.7,683100.0
2009-02-17,23.92,23.92,21.28,21.31,1360300.0
2009-02-18,21.75,21.91,20.53,20.77,1306800.0
2009-02-19,21.4,21.49,20.48,20.87,1091500.0
2009-02-20,20.1,20.54,19.51,20.0,1819800.0
2009-02-23,20.17,20.62,19.24,19.32,1568900.0
2009-02-24,19.35,20.97,19.27,20.97,1329800.0
2009-02-25,21.16,22.28,19.75,21.72,1826100.0
2009-02-26,22.4,23.7,22.4,23.03,2063200.0
2009-02-27,22.61,22.79,21.62,22.52,1987400.0
2009-03-02,21.65,21.82,20.26,20.68,1833400.0
2009-03-03,21.16,21.57,20.37,20.93,2200200.0
2009-03-04,21.71,21.82,20.75,21.56,1711300.0
2009-03-05,20.82,21.23,20.14,20.3,1380400.0
2009-03-06,20.45,20.95,19.8,20.35,1910600.0
2009-03-09,19.9,20.34,19.45,19.6,1415700.0
2009-03-10,20.5,22.25,20.21,22.24,1749400.0
2009-03-11,22.64,23.27,21.83,22.44,1609100.0
2009-03-12,22.25,23.69,21.97,23.61,1783100.0
2009-03-13,23.99,24.04,22.92,23.64,1083500.0
2009-03-16,24.11,25.0,24.02,24.14,1652200.0
2009-03-17,24.0,24.94,23.78,24.93,1692000.0
2009-03-18,24.75,25.96,24.45,25.87,2146800.0
2009-03-19,26.59,26.72,25.14,25.27,1734900.0
2009-03-20,25.11,25.41,24.59,24.79,1346600.0
2009-03-23,25.88,26.91,25.54,26.89,1646300.0
2009-03-24,26.74,26.98,26.06,26.12,1904900.0
2009-03-25,26.46,27.11,25.28,25.89,2144500.0
2009-03-26,26.36,26.36,25.53,25.92,1990500.0
2009-03-27,25.55,25.99,25.14,25.57,1686500.0
2009-03-30,24.71,24.71,23.69,23.87,1424700.0
2009-03-31,24.45,24.83,24.11,24.52,1903500.0
2009-04-01,24.23,25.45,23.88,25.35,1695500.0
2009-04-02,26.26,26.64,26.04,26.3,1431000.0
2009-04-03,25.84,26.55,25.67,26.24,1627700.0
2009-04-06,25.89,25.97,25.34,25.97,1256700.0
2009-04-07,25.23,25.35,24.85,24.88,954900.0
2009-04-08,25.06,25.19,24.51,24.99,616000.0
2009-04-09,26.06,26.47,25.95,26.47,898000.0
2009-04-13,26.28,27.0,26.1,26.86,821100.0
2009-04-14,26.87,27.66,26.76,26.83,1354700.0
2009-04-15,26.89,27.44,26.64,27.39,948300.0
2009-04-16,27.95,27.95,26.95,27.46,818600.0
2009-04-17,27.63,28.6,27.5,28.18,1028900.0
2009-04-20,27.44,27.44,26.23,26.25,976800.0
2009-04-21,26.02,27.82,25.35,27.66,1434000.0
2009-04-22,27.41,28.5,27.05,27.29,1046100.0
2009-04-23,27.33,28.29,27.33,28.29,849700.0
2009-04-24,28.5,29.23,28.5,29.04,1323700.0
2009-04-27,28.43,28.96,27.9,28.05,792000.0
2009-04-28,27.46,28.31,27.46,27.88,449800.0
2009-04-29,28.62,29.27,28.49,29.0,613500.0
2009-04-30,29.45,30.08,28.43,28.46,836600.0
2009-05-01,28.65,28.77,28.35,28.61,613300.0
2009-05-04,29.32,30.18,28.93,30.18,931000.0
2009-05-05,30.08,31.19,29.96,30.83,973100.0
2009-05-06,31.47,32.36,31.0,32.07,1068400.0
2009-05-07,32.73,33.52,30.84,30.89,1074800.0
2009-05-08,31.27,32.86,31.27,32.86,854400.0
2009-05-11,32.51,32.51,31.76,31.88,694400.0
2009-05-12,32.3,32.3,30.76,31.44,680100.0
2009-05-13,30.64,30.97,29.42,29.5,962200.0
2009-05-14,29.28,30.76,29.28,30.31,944000.0
2009-05-15,30.34,30.7,29.6,29.83,785100.0
2009-05-18,30.55,31.52,30.43,31.51,517500.0
2009-05-19,31.69,31.69,31.0,31.25,845300.0
2009-05-20,31.66,32.62,31.66,32.3,1091100.0
2009-05-21,31.77,31.78,31.14,31.28,919900.0
2009-05-22,31.54,32.26,31.16,32.04,677300.0
2009-05-26,32.14,34.82,32.14,34.66,1092700.0
2009-05-27,35.0,35.02,33.67,33.76,1371100.0
2009-05-28,34.5,35.03,33.81,34.02,1207200.0
2009-05-29,34.59,35.17,33.71,35.08,1076900.0
2009-06-01,35.42,36.47,35.42,35.93,968100.0
2009-06-02,36.07,36.88,35.91,36.7,765400.0
2009-06-03,36.1,36.13,34.86,35.02,864300.0
2009-06-04,35.28,36.38,35.01,36.35,725700.0
2009-06-05,36.35,36.35,35.39,35.8,962100.0
2009-06-08,35.67,36.28,35.21,36.13,709700.0
2009-06-09,36.95,37.02,36.2,36.44,646000.0
2009-06-10,36.72,36.73,35.68,36.3,635600.0
2009-06-11,36.36,37.05,36.36,36.69,716000.0
2009-06-12,36.13,36.58,35.81,36.45,510900.0
2009-06-15,35.9,35.9,34.9,35.35,518900.0
2009-06-16,35.48,35.81,34.79,34.98,505000.0
2009-06-17,34.84,35.41,34.44,34.9,843200.0
2009-06-18,35.4,35.52,34.51,35.52,575200.0
2009-06-19,35.72,36.2,35.48,36.12,454800.0
2009-06-22,35.41,35.82,35.16,35.48,768900.0
2009-06-23,35.57,35.78,34.78,35.21,556500.0
2009-06-24,35.49,36.04,35.07,35.33,594600.0
2009-06-25,35.2,36.1,35.0,36.1,450400.0
2009-06-26,36.13,37.54,35.95,37.39,828500.0
2009-06-29,37.48,38.26,37.48,38.21,448800.0
2009-06-30,38.29,38.46,37.12,37.5,531200.0
2009-07-01,37.89,38.34,37.65,38.03,250200.0
2009-07-02,37.36,37.61,36.63,36.87,481100.0
2009-07-06,36.68,37.25,36.35,36.93,509700.0
2009-07-07,36.93,37.03,35.49,35.5,530300.0
2009-07-08,35.55,35.79,33.96,34.56,984600.0
2009-07-09,34.98,35.05,34.16,34.63,619500.0
2009-07-10,34.28,34.9,34.04,34.83,382100.0
2009-07-13,35.24,36.03,34.45,36.03,442400.0
2009-07-14,36.59,37.22,36.36,37.07,466500.0
2009-07-15,37.78,38.91,37.78,38.76,646600.0
2009-07-16,38.29,38.85,38.28,38.54,377500.0
2009-07-17,38.8,38.8,38.21,38.47,262700.0
2009-07-20,39.04,39.37,38.63,38.95,320400.0
2009-07-21,39.48,39.53,38.55,39.0,484800.0
2009-07-22,38.9,39.67,38.68,39.16,544400.0
2009-07-23,39.04,40.42,39.0,40.32,561200.0
2009-07-24,40.47,41.91,40.05,41.89,706600.0
2009-07-27,41.9,42.8,41.48,42.56,673200.0
2009-07-28,42.01,42.79,41.37,41.85,569100.0
2009-07-29,41.72,41.84,41.05,41.63,457300.0
2009-07-30,42.41,42.46,41.69,42.01,564700.0
2009-07-31,42.26,43.17,42.08,42.71,623200.0
2009-08-03,43.48,44.47,43.17,44.17,746300.0
2009-08-04,43.54,43.56,42.65,43.47,700000.0
2009-08-05,43.59,44.92,43.47,44.16,1211400.0
2009-08-06,44.58,44.58,42.66,42.76,526500.0
2009-08-07,43.03,43.52,42.58,42.75,783500.0
2009-08-10,42.33,42.65,41.47,41.87,321000.0
2009-08-11,41.22,41.22,39.9,39.97,582600.0
2009-08-12,39.79,40.81,39.72,40.31,428800.0
2009-08-13,40.82,41.23,40.35,40.88,291200.0
2009-08-14,41.04,41.16,39.81,40.44,465700.0
2009-08-17,39.35,39.52,38.87,39.37,453600.0
2009-08-18,39.46,40.04,39.25,39.91,333600.0
2009-08-19,39.17,40.78,39.13,40.53,522500.0
2009-08-20,40.44,41.38,40.38,41.28,358400.0
2009-08-21,41.76,42.17,41.53,41.71,409800.0
2009-08-24,42.2,42.39,41.32,41.53,688400.0
2009-08-25,41.89,42.93,41.89,42.81,667900.0
2009-08-26,42.79,42.8,41.68,42.67,527800.0
2009-08-27,42.86,44.22,42.84,44.18,852800.0
2009-08-28,44.44,44.44,42.23,42.43,1205600.0
2009-08-31,41.68,42.02,41.29,41.94,893200.0
2009-09-01,41.4,41.94,39.72,39.76,1282100.0
2009-09-02,39.48,39.67,38.84,38.88,1008200.0
2009-09-03,39.15,40.0,38.82,39.88,721100.0
2009-09-04,40.35,41.29,40.17,41.29,476000.0
2009-09-08,42.22,42.25,41.25,41.58,765400.0
2009-09-09,41.29,41.6,40.48,40.67,924600.0
2009-09-10,40.7,41.75,40.63,41.75,1355300.0
2009-09-11,41.75,42.4,41.5,42.26,1344300.0
2009-09-14,41.83,43.09,41.59,43.02,993000.0
2009-09-15,43.45,45.3,43.27,45.2,2071600.0
2009-09-16,45.42,45.67,44.85,45.57,809300.0
2009-09-17,45.39,46.11,45.05,45.16,868600.0
2009-09-18,45.49,45.74,45.1,45.72,517000.0
2009-09-21,44.5,44.69,44.03,44.31,529300.0
2009-09-22,45.11,45.11,44.56,45.04,711200.0
2009-09-23,44.91,45.55,44.59,44.68,847800.0
2009-09-24,44.92,45.19,43.03,43.28,899100.0
2009-09-25,43.08,43.8,43.0,43.54,411600.0
2009-09-28,43.69,44.79,43.69,44.58,293600.0
2009-09-29,44.49,45.17,44.44,45.04,457100.0
2009-09-30,45.65,45.72,44.92,45.58,448800.0
2009-10-01,45.7,45.94,44.23,44.26,547100.0
2009-10-02,43.18,43.56,42.32,42.67,622700.0
2009-10-05,42.8,44.23,42.8,43.97,413600.0
2009-10-06,44.82,45.36,44.07,44.58,459900.0
2009-10-07,44.58,45.09,44.13,44.91,339100.0
2009-10-08,45.34,45.45,44.79,44.86,459500.0
2009-10-09,45.19,45.56,44.88,45.3,272000.0
2009-10-12,45.76,45.9,45.36,45.67,125000.0
2009-10-13,45.64,45.9,44.8,44.87,395200.0
2009-10-14,45.85,46.09,45.33,45.84,265600.0
2009-10-15,45.52,46.13,45.28,45.34,365000.0
2009-10-16,44.72,45.13,44.7,44.94,409600.0
2009-10-19,45.28,45.55,44.71,45.44,313600.0
2009-10-20,45.33,45.33,44.3,44.41,371200.0
2009-10-21,44.24,44.98,44.07,44.1,465300.0
2009-10-22,43.96,44.68,43.5,44.64,600300.0
2009-10-23,44.66,44.66,43.74,44.0,426600.0
2009-10-26,43.92,44.27,42.89,42.98,827400.0
2009-10-27,42.92,42.92,41.75,41.81,722900.0
2009-10-28,41.36,42.12,40.4,41.8,841800.0
2009-10-29,42.16,42.61,41.66,42.2,684300.0
2009-10-30,41.88,42.06,40.88,41.78,1073000.0
2009-11-02,41.96,42.85,41.54,42.72,1175100.0
2009-11-03,42.28,43.25,42.19,43.16,734000.0
2009-11-04,43.66,44.12,43.47,43.65,929400.0
2009-11-05,43.53,44.18,43.48,44.18,570000.0
2009-11-06,43.46,44.15,43.24,43.43,656800.0
2009-11-09,44.53,45.19,44.52,44.98,447500.0
2009-11-10,44.75,45.21,44.74,45.03,546000.0
2009-11-11,45.48,46.01,45.39,45.73,570800.0
2009-11-12,45.53,46.16,45.33,45.61,552900.0
2009-11-13,45.95,46.3,45.58,46.16,390700.0
2009-11-16,46.31,46.87,46.2,46.65,474600.0
2009-11-17,46.1,46.66,46.01,46.64,438800.0
2009-11-18,46.74,46.96,46.33,46.6,295600.0
2009-11-19,46.06,46.36,45.45,46.02,368600.0
2009-11-20,45.59,45.79,45.16,45.5,256600.0
2009-11-23,46.35,46.61,46.24,46.5,291700.0
2009-11-24,46.52,46.95,45.91,46.62,320100.0
2009-11-25,47.24,47.5,46.83,47.03,418400.0
2009-11-27,44.06,45.7,43.96,45.28,339300.0
2009-11-30,45.51,46.34,45.48,46.13,376300.0
2009-12-01,46.62,47.68,46.62,47.46,382400.0
2009-12-02,47.44,47.79,46.83,47.1,261200.0
2009-12-03,47.01,47.28,46.01,46.03,223200.0
2009-12-04,46.93,47.33,45.75,46.02,452900.0
2009-12-07,46.08,46.81,45.55,46.14,281800.0
2009-12-08,45.1,45.4,44.38,44.68,581300.0
2009-12-09,45.02,45.03,44.0,44.94,444300.0
2009-12-10,45.3,45.51,44.54,45.24,343800.0
2009-12-11,45.22,45.5,44.39,44.79,304100.0
2009-12-14,44.8,45.82,44.68,45.46,347000.0
2009-12-15,45.36,45.82,45.24,45.56,268100.0
2009-12-16,45.82,46.28,45.48,45.77,283000.0
2009-12-17,45.07,45.45,45.0,45.19,393400.0
2009-12-18,45.37,45.8,45.09,45.4,400200.0
2009-12-21,45.78,46.23,45.13,45.37,319500.0
2009-12-22,45.62,46.11,45.4,46.09,217400.0
2009-12-23,46.24,46.65,45.98,46.11,363700.0
2009-12-24,46.09,46.58,46.09,46.58,89000.0
2009-12-28,46.84,47.1,46.39,47.09,170100.0
2009-12-29,47.18,47.49,47.0,47.35,462000.0
2009-12-30,46.84,47.22,46.72,47.14,218500.0
2009-12-31,47.09,47.2,46.74,46.74,246400.0
2010-01-04,47.51,47.62,46.37,46.84,338300.0
2010-01-05,47.14,47.29,46.28,46.41,217400.0
2010-01-06,46.63,46.72,45.91,46.04,275600.0
2010-01-07,46.1,46.14,45.22,45.37,724900.0
2010-01-08,45.5,46.0,45.38,46.0,465200.0
2010-01-11,46.49,46.49,45.28,45.48,314500.0
2010-01-12,45.25,45.25,44.3,44.74,460900.0
2010-01-13,45.0,45.38,44.57,45.16,303000.0
2010-01-14,45.31,45.49,44.9,45.36,276400.0
2010-01-15,45.31,45.46,44.73,44.86,275400.0
2010-01-19,44.86,45.5,44.85,45.1,482800.0
2010-01-20,44.07,44.07,43.28,43.85,527300.0
2010-01-21,43.73,43.75,42.35,42.52,629400.0
2010-01-22,42.42,42.61,41.66,42.2,810400.0
2010-01-25,42.38,42.88,41.95,42.58,615600.0
2010-01-26,41.97,43.15,41.78,42.46,430900.0
2010-01-27,42.36,43.11,42.11,43.01,520600.0
2010-01-28,43.35,43.66,42.29,42.79,429800.0
2010-01-29,42.8,42.95,41.95,42.1,695800.0
2010-02-01,42.17,42.63,42.06,42.55,455400.0
2010-02-02,42.68,43.42,42.54,43.3,428400.0
2010-02-03,43.18,43.25,42.57,43.0,321000.0
2010-02-04,42.69,42.69,41.75,41.84,520200.0
2010-02-05,42.05,42.57,41.34,42.57,803200.0
2010-02-08,42.54,42.96,42.19,42.25,460500.0
2010-02-09,42.74,43.21,42.21,42.87,398400.0
2010-02-10,42.8,43.83,42.79,43.68,363100.0
2010-02-11,43.89,44.73,43.65,44.68,433300.0
2010-02-12,44.61,44.97,44.31,44.82,363600.0
2010-02-16,45.1,45.81,45.1,45.56,229100.0
2010-02-17,45.7,46.25,45.61,45.98,244200.0
2010-02-18,45.99,46.33,45.94,46.1,234600.0
2010-02-19,45.8,46.18,45.57,45.94,203900.0
2010-02-22,46.03,46.25,45.5,45.66,256100.0
2010-02-23,45.49,45.49,44.14,44.57,398600.0
2010-02-24,44.67,45.11,44.58,44.81,271300.0
2010-02-25,44.11,45.46,43.83,45.29,320200.0
2010-02-26,45.37,45.5,44.93,45.43,194100.0
2010-03-01,45.71,46.33,45.66,46.26,292800.0
2010-03-02,46.49,47.42,46.49,47.26,343000.0
2010-03-03,47.45,47.59,46.85,47.25,320000.0
2010-03-04,47.4,47.69,47.3,47.63,250200.0
2010-03-05,48.0,48.51,48.0,48.4,328900.0
2010-03-08,48.61,49.09,48.39,48.7,424700.0
2010-03-09,49.06,49.06,47.94,48.16,357100.0
2010-03-10,48.1,48.52,47.8,47.96,454800.0
2010-03-11,47.7,48.0,47.24,47.95,404000.0
2010-03-12,48.38,48.68,48.15,48.55,328800.0
2010-03-15,48.65,49.01,48.26,49.01,245900.0
2010-03-16,49.24,49.55,49.08,49.47,278500.0
2010-03-17,49.67,49.83,49.49,49.69,214600.0
2010-03-18,49.68,49.75,49.33,49.59,181000.0
2010-03-19,49.56,49.85,49.36,49.56,205100.0
2010-03-22,49.0,49.87,48.82,49.79,381600.0
2010-03-23,49.76,50.76,49.75,50.48,466700.0
2010-03-24,50.24,50.35,49.87,50.04,468300.0
2010-03-25,50.56,51.03,50.26,50.59,621800.0
2010-03-26,50.48,50.6,49.49,49.62,886600.0
2010-03-29,50.05,50.18,49.59,50.03,214600.0
2010-03-30,50.39,50.67,50.17,50.22,283700.0
2010-03-31,50.41,50.5,49.72,50.02,330100.0
2010-04-01,50.19,50.48,49.98,50.36,278000.0
2010-04-05,50.6,50.69,50.02,50.31,190500.0
2010-04-06,50.16,50.78,49.98,50.44,319500.0
2010-04-07,50.23,50.4,49.71,49.79,285500.0
2010-04-08,49.57,50.31,48.91,50.09,218700.0
2010-04-09,50.04,50.66,49.94,50.34,214700.0
2010-04-12,50.08,50.87,50.08,50.42,187500.0
2010-04-13,50.28,50.64,49.9,50.33,157200.0
2010-04-14,50.78,51.62,50.48,51.6,409900.0
2010-04-15,51.44,52.2,51.25,51.92,286500.0
2010-04-16,51.84,52.25,51.07,51.08,466500.0
2010-04-19,50.55,51.42,50.28,51.3,347200.0
2010-04-20,52.14,52.46,51.95,52.08,513800.0
2010-04-21,52.21,52.62,51.5,52.03,327400.0
2010-04-22,51.73,52.0,51.2,51.91,302500.0
2010-04-23,51.71,52.3,51.44,51.9,311900.0
2010-04-26,52.1,52.3,51.89,52.01,341400.0
2010-04-27,51.67,51.96,50.42,50.42,427100.0
2010-04-28,51.08,51.08,50.13,50.35,392600.0
2010-04-29,50.76,51.68,50.61,51.34,288900.0
2010-04-30,51.26,51.65,50.89,50.91,401000.0
2010-05-03,51.36,52.32,51.17,52.19,593800.0
2010-05-04,51.32,51.47,50.69,51.12,631800.0
2010-05-05,50.14,50.69,49.62,50.15,608400.0
2010-05-06,49.64,49.74,44.85,47.97,1404500.0
2010-05-07,48.42,48.97,47.3,48.16,1141100.0
2010-05-10,50.26,50.8,49.59,50.21,591800.0
2010-05-11,49.82,51.48,49.81,50.6,565500.0
2010-05-12,51.24,51.6,50.71,51.57,381500.0
2010-05-13,51.85,52.0,51.25,51.38,633900.0
2010-05-14,50.88,50.88,49.87,50.54,727200.0
2010-05-17,50.44,50.69,48.61,49.38,613900.0
2010-05-18,50.15,50.3,48.71,48.92,559800.0
2010-05-19,48.42,49.11,47.36,48.21,798400.0
2010-05-20,46.57,46.78,45.5,45.68,918000.0
2010-05-21,45.08,46.78,44.52,46.77,1113300.0
2010-05-24,47.0,47.11,46.18,46.19,319200.0
2010-05-25,45.1,46.24,44.49,46.19,836900.0
2010-05-26,46.8,47.45,46.0,46.23,644900.0
2010-05-27,46.8,47.26,45.86,46.46,777600.0
2010-05-28,46.71,46.83,45.62,45.66,579500.0
2010-06-01,46.24,48.3,46.07,47.05,1065100.0
2010-06-02,47.57,48.96,47.3,48.92,616800.0
2010-06-03,49.0,49.51,48.46,49.08,794400.0
2010-06-04,48.06,48.35,46.32,46.48,843000.0
2010-06-07,46.46,47.12,46.11,46.12,522600.0
2010-06-08,46.54,46.83,45.38,46.7,777600.0
2010-06-09,47.45,47.77,46.55,46.77,609000.0
2010-06-10,47.7,48.28,47.57,48.17,383900.0
2010-06-11,47.8,48.51,47.68,48.39,454400.0
2010-06-14,49.07,49.47,48.4,48.46,581400.0
2010-06-15,49.0,50.04,48.86,49.98,591700.0
2010-06-16,49.74,50.6,49.66,50.27,468000.0
2010-06-17,50.34,50.34,49.38,49.74,495200.0
2010-06-18,49.97,50.45,49.78,50.01,644600.0
2010-06-21,50.69,51.06,49.98,50.28,603300.0
2010-06-22,50.34,50.88,49.7,49.77,510400.0
2010-06-23,49.26,49.26,48.36,49.02,803200.0
2010-06-24,48.58,48.62,47.84,48.27,853500.0
2010-06-25,48.47,48.94,48.04,48.42,656600.0
2010-06-28,48.69,48.8,48.16,48.42,647400.0
2010-06-29,47.55,47.57,46.03,46.43,758600.0
2010-06-30,46.05,46.87,45.77,46.02,772900.0
2010-07-01,45.6,46.06,44.78,45.58,359200.0
2010-07-02,46.01,46.25,45.11,45.48,567000.0
2010-07-06,45.83,46.62,45.66,46.28,569200.0
2010-07-07,46.5,47.19,46.25,47.12,459700.0
2010-07-08,47.7,47.9,46.94,47.7,612600.0
2010-07-09,48.12,48.94,48.07,48.76,370600.0
2010-07-12,48.79,49.12,48.51,48.78,395600.0
2010-07-13,49.33,50.36,49.25,50.17,510300.0
2010-07-14,50.12,50.7,49.9,50.19,554200.0
2010-07-15,50.32,50.38,49.2,50.38,615500.0
2010-07-16,49.84,49.84,48.57,48.87,495200.0
2010-07-19,49.03,49.38,47.95,48.24,586100.0
2010-07-20,47.71,49.01,47.5,48.87,503500.0
2010-07-21,49.35,49.35,47.41,47.57,451600.0
2010-07-22,48.28,48.64,48.1,48.2,778200.0
2010-07-23,48.28,48.61,47.92,48.4,468700.0
2010-07-26,48.58,49.09,48.31,48.88,326500.0
2010-07-27,49.36,49.73,48.9,49.39,287300.0
2010-07-28,49.57,49.94,49.42,49.53,260600.0
2010-07-29,50.05,50.49,49.49,50.01,515300.0
2010-07-30,49.49,50.57,49.23,50.13,333100.0
2010-08-02,50.64,51.0,50.49,50.85,235500.0
2010-08-03,50.89,51.18,50.13,50.31,364900.0
2010-08-04,50.62,50.77,49.97,50.75,247900.0
2010-08-05,50.77,50.96,49.83,49.98,296700.0
2010-08-06,49.56,49.77,48.83,49.49,321700.0
2010-08-09,49.68,49.93,49.38,49.7,490700.0
2010-08-10,48.97,49.68,48.6,49.34,334100.0
2010-08-11,48.41,48.53,47.34,47.77,414200.0
2010-08-12,47.37,47.48,46.82,47.29,323200.0
2010-08-13,47.27,48.12,47.24,47.68,333100.0
2010-08-16,47.55,48.06,47.18,47.83,246400.0
2010-08-17,48.58,49.16,48.1,48.88,318800.0
2010-08-18,49.16,49.91,48.61,49.64,372800.0
2010-08-19,49.48,49.66,48.29,48.81,401800.0
2010-08-20,48.26,48.74,47.63,48.47,253200.0
2010-08-23,48.52,48.75,48.2,48.38,189400.0
2010-08-24,47.38,47.43,46.7,46.87,486400.0
2010-08-25,46.59,47.55,46.33,47.43,465600.0
2010-08-26,47.59,48.43,47.59,47.81,362800.0
2010-08-27,47.94,49.45,47.37,49.37,531600.0
2010-08-30,49.12,49.87,48.86,48.88,380300.0
2010-08-31,48.95,49.0,47.86,48.18,522000.0
2010-09-01,48.72,49.21,48.64,48.72,607800.0
2010-09-02,48.92,49.62,48.82,49.55,310700.0
2010-09-03,49.98,50.94,49.98,50.78,488300.0
2010-09-07,50.55,50.61,49.68,49.93,577900.0
2010-09-08,50.42,50.99,50.28,50.41,415400.0
2010-09-09,51.0,51.19,50.66,51.0,278200.0
2010-09-10,51.12,51.18,50.54,50.89,316200.0
2010-09-13,51.39,52.37,51.39,52.33,334900.0
2010-09-14,52.32,52.8,52.04,52.18,382900.0
2010-09-15,51.82,52.37,51.37,52.2,351800.0
2010-09-16,52.09,52.21,51.7,51.91,321800.0
2010-09-17,52.13,52.13,51.44,52.0,817200.0
2010-09-20,51.9,52.33,51.55,51.9,311500.0
2010-09-21,52.07,52.33,51.56,51.71,599200.0
2010-09-22,51.71,52.11,51.21,51.64,371300.0
2010-09-23,51.11,52.23,50.99,51.71,310000.0
2010-09-24,52.43,52.75,52.27,52.6,309700.0
2010-09-27,52.62,52.78,52.1,52.12,841200.0
2010-09-28,51.96,52.62,51.72,52.56,449800.0
2010-09-29,52.48,53.17,52.48,52.89,409500.0
2010-09-30,53.44,53.78,52.82,53.3,592600.0
2010-10-01,53.04,53.52,52.63,53.36,494000.0
2010-10-04,53.21,53.41,52.64,52.94,294600.0
2010-10-05,53.4,54.0,53.13,53.94,417000.0
2010-10-06,54.01,54.62,53.72,54.45,343200.0
2010-10-07,54.45,54.47,53.59,53.88,282100.0
2010-10-08,53.83,54.21,53.71,54.0,203600.0
2010-10-11,54.01,54.24,53.65,53.75,90200.0
2010-10-12,53.84,54.12,53.58,54.01,260800.0
2010-10-13,54.5,54.85,54.37,54.39,234300.0
2010-10-14,54.39,54.74,53.95,54.2,331300.0
2010-10-15,54.44,54.51,53.56,53.87,303100.0
2010-10-18,53.61,54.33,53.6,54.3,241200.0
2010-10-19,53.13,53.83,52.71,53.75,579700.0
2010-10-20,53.86,54.31,53.49,54.27,360000.0
2010-10-21,54.35,54.44,53.55,53.87,229100.0
2010-10-22,54.14,54.14,53.0,53.19,311300.0
2010-10-25,53.74,53.75,52.96,53.42,324700.0
2010-10-26,52.92,53.55,52.79,53.19,478400.0
2010-10-27,52.8,52.93,52.19,52.73,270100.0
2010-10-28,52.92,53.24,52.73,52.92,378800.0
2010-10-29,52.8,53.61,52.68,53.51,263900.0
2010-11-01,53.66,54.08,53.37,53.56,280700.0
2010-11-02,54.04,54.19,53.77,53.96,291000.0
2010-11-03,54.02,54.1,53.11,53.94,352800.0
2010-11-04,54.59,54.75,54.21,54.51,312600.0
2010-11-05,54.58,54.78,54.42,54.55,339700.0
2010-11-08,54.31,54.56,54.19,54.38,214000.0
2010-11-09,54.79,54.88,54.0,54.23,290800.0
2010-11-10,54.38,54.54,53.64,54.37,320000.0
2010-11-11,54.08,54.13,53.38,53.7,225300.0
2010-11-12,53.29,53.39,52.01,52.52,508700.0
2010-11-15,52.92,53.07,52.27,52.47,359900.0
2010-11-16,51.72,51.78,50.9,51.32,624200.0
2010-11-17,51.32,51.97,51.05,51.78,346000.0
2010-11-18,52.44,53.19,52.37,52.83,283300.0
2010-11-19,52.66,53.77,52.66,53.73,330100.0
2010-11-22,53.49,53.73,52.94,53.37,404700.0
2010-11-23,52.78,52.87,51.78,52.02,546500.0
2010-11-24,52.91,53.2,52.62,53.0,299100.0
2010-11-26,52.44,52.87,52.29,52.77,163200.0
2010-11-29,52.54,52.73,51.86,52.53,337000.0
2010-11-30,51.88,52.53,51.82,51.95,309100.0
2010-12-01,52.98,53.36,52.66,53.27,337600.0
2010-12-02,53.54,53.95,53.51,53.79,390900.0
2010-12-03,53.97,55.58,53.93,55.52,593500.0
2010-12-06,55.24,56.04,55.14,55.87,673100.0
2010-12-07,56.16,56.16,54.12,54.55,1405700.0
2010-12-08,54.52,54.88,54.33,54.8,369800.0
2010-12-09,54.99,55.17,54.57,54.81,442300.0
2010-12-10,54.82,55.66,54.82,55.56,299900.0
2010-12-13,55.89,56.53,55.78,56.11,371600.0
2010-12-14,56.04,56.6,55.97,56.35,265400.0
2010-12-15,56.1,57.12,56.1,56.78,414000.0
2010-12-16,56.82,56.87,56.15,56.4,369900.0
2010-12-17,56.04,56.18,55.43,55.92,467500.0
2010-12-20,55.68,55.79,55.15,55.24,302800.0
2010-12-21,55.27,55.38,55.08,55.2,517500.0
2010-12-22,55.26,55.93,55.19,55.88,345600.0
2010-12-23,55.98,56.65,55.83,56.63,271400.0
2010-12-27,56.28,56.54,56.0,56.42,124400.0
2010-12-28,56.52,56.77,56.33,56.45,143700.0
2010-12-29,57.08,57.71,57.08,57.61,307600.0
2010-12-30,57.3,57.87,57.07,57.54,612400.0
2010-12-31,57.1,57.46,56.82,57.2,262600.0
2011-01-03,57.85,57.9,57.42,57.57,210800.0
2011-01-04,57.45,57.5,56.0,56.31,556700.0
2011-01-05,56.39,56.49,56.07,56.25,295400.0
2011-01-06,56.48,56.54,55.5,55.96,351100.0
2011-01-07,56.29,56.86,56.19,56.69,393700.0
2011-01-10,56.46,56.5,55.85,56.26,291800.0
2011-01-11,56.76,57.09,56.61,57.0,300500.0
2011-01-12,57.43,57.47,57.09,57.13,220800.0
2011-01-13,57.2,57.21,56.46,56.57,247400.0
2011-01-14,56.36,57.42,56.2,57.34,394500.0
2011-01-18,57.37,57.59,57.05,57.17,267100.0
2011-01-19,57.22,57.31,56.52,56.68,216900.0
2011-01-20,56.13,56.46,55.86,56.24,356400.0
2011-01-21,56.65,56.77,55.73,56.02,323600.0
2011-01-24,56.17,56.27,55.6,56.24,232600.0
2011-01-25,56.1,56.38,55.68,56.32,308800.0
2011-01-26,56.42,56.69,56.06,56.47,318000.0
2011-01-27,56.45,57.35,56.45,57.05,360900.0
2011-01-28,56.88,57.14,55.81,55.84,678900.0
2011-01-31,56.21,56.8,56.16,56.61,552400.0
2011-02-01,56.98,58.02,56.81,57.96,326900.0
2011-02-02,58.38,58.58,58.11,58.27,232700.0
2011-02-03,58.3,59.04,58.24,58.91,301200.0
2011-02-04,59.22,59.6,58.81,59.0,356200.0
2011-02-07,59.15,59.55,58.88,58.88,408800.0
2011-02-08,59.1,59.51,58.83,59.43,235100.0
2011-02-09,59.36,59.66,58.3,58.42,395600.0
2011-02-10,58.32,59.58,58.25,59.45,498100.0
2011-02-11,59.23,60.51,59.23,60.13,261000.0
2011-02-14,60.24,60.64,60.22,60.42,189700.0
2011-02-15,60.65,60.96,60.4,60.47,148800.0
2011-02-16,60.79,61.81,60.73,61.1,394600.0
2011-02-17,61.32,61.93,61.09,61.91,276300.0
2011-02-18,62.31,62.33,61.33,61.49,300100.0
2011-02-22,60.91,61.39,59.8,60.19,3101900.0
2011-02-23,59.75,59.95,58.98,59.13,711300.0
2011-02-24,60.08,60.99,59.6,60.32,758200.0
2011-02-25,60.73,61.69,60.73,61.26,422200.0
2011-02-28,61.82,61.86,61.28,61.85,852100.0
2011-03-01,61.66,61.89,60.37,60.7,1164000.0
2011-03-02,60.76,61.05,60.45,60.81,450700.0
2011-03-03,61.22,61.51,60.48,61.3,569700.0
2011-03-04,61.55,61.64,61.2,61.47,494700.0
2011-03-07,61.69,62.25,61.18,61.82,623500.0
2011-03-08,61.8,61.9,60.5,61.0,680100.0
2011-03-09,61.16,61.24,60.08,60.71,519700.0
2011-03-10,60.3,60.31,59.03,59.24,467500.0
2011-03-11,58.42,59.38,58.36,59.38,402800.0
2011-03-14,59.17,60.05,58.88,60.01,458500.0
2011-03-15,58.04,59.49,57.39,59.19,773000.0
2011-03-16,58.71,58.78,57.28,58.14,821200.0
2011-03-17,58.87,58.91,58.11,58.51,486600.0
2011-03-18,59.09,59.34,58.61,58.79,393100.0
2011-03-21,59.53,60.08,59.53,59.85,354100.0
2011-03-22,60.03,60.67,60.03,60.45,633300.0
2011-03-23,60.32,60.68,60.19,60.57,957900.0
2011-03-24,60.8,61.18,60.43,60.83,427200.0
2011-03-25,60.94,61.26,60.22,60.3,397300.0
2011-03-28,60.78,60.86,60.19,60.2,144584.0
2011-03-29,60.59,60.75,60.19,60.58,130673.0
2011-03-30,60.95,61.34,60.92,61.29,317700.0
2011-03-31,61.36,61.72,61.26,61.39,352900.0
2011-04-01,61.27,62.16,61.22,61.63,351300.0
2011-04-04,61.78,61.78,61.31,61.46,285200.0
2011-04-05,61.51,61.78,61.1,61.29,222300.0
2011-04-06,61.74,61.77,60.58,61.25,400500.0
2011-04-07,61.24,61.33,60.58,60.91,657400.0
2011-04-08,61.27,61.35,60.49,60.83,236400.0
2011-04-11,61.03,61.12,60.27,60.63,296500.0
2011-04-12,60.63,60.63,59.12,59.68,427400.0
2011-04-13,59.97,60.6,59.65,60.15,373300.0
2011-04-14,59.76,59.97,59.38,59.85,330700.0
2011-04-15,59.72,59.91,59.4,59.53,396400.0
2011-04-18,59.0,59.03,58.1,58.95,381300.0
2011-04-19,59.16,59.49,58.87,59.0,238700.0
2011-04-20,59.77,60.27,59.42,60.05,309100.0
2011-04-21,60.58,60.87,60.06,60.5,279000.0
2011-04-25,60.59,60.71,60.1,60.19,181600.0
2011-04-26,60.19,60.59,60.03,60.14,288600.0
2011-04-27,60.23,60.27,59.15,60.16,460700.0
2011-04-28,59.89,60.52,59.84,60.35,241200.0
2011-04-29,60.2,61.04,60.15,61.04,273000.0
2011-05-02,60.75,62.33,60.64,61.38,462000.0
2011-05-03,61.41,61.94,60.83,61.24,964000.0
2011-05-04,61.15,61.16,59.91,60.24,324900.0
2011-05-05,59.6,59.85,58.8,59.58,463100.0
2011-05-06,60.4,60.54,58.85,59.32,393800.0
2011-05-09,59.43,59.87,58.88,59.78,189000.0
2011-05-10,60.13,60.59,59.7,60.37,171300.0
2011-05-11,60.42,60.54,59.64,59.98,283900.0
2011-05-12,59.6,59.94,58.88,59.8,276000.0
2011-05-13,59.6,59.76,59.07,59.3,248200.0
2011-05-16,59.0,59.84,58.9,59.23,253500.0
2011-05-17,59.0,60.0,58.93,59.87,296100.0
2011-05-18,59.69,60.18,59.58,60.15,302800.0
2011-05-19,60.32,60.61,60.0,60.51,258300.0
2011-05-20,60.06,60.47,59.78,60.13,250400.0
2011-05-23,59.65,59.94,59.36,59.44,151500.0
2011-05-24,59.82,60.02,59.46,59.54,279600.0
2011-05-25,59.44,60.09,59.29,59.89,217900.0
2011-05-26,59.5,60.69,59.43,60.61,363300.0
2011-05-27,60.37,60.88,60.37,60.5,213900.0
2011-05-31,61.48,61.83,61.11,61.33,670100.0
2011-06-01,61.37,61.55,59.5,59.69,456900.0
2011-06-02,59.66,59.88,58.83,59.51,562400.0
2011-06-03,58.6,59.89,58.41,59.75,386800.0
2011-06-06,59.65,59.94,58.57,58.9,381600.0
2011-06-07,59.32,59.95,59.0,59.15,418500.0
2011-06-08,58.89,59.34,58.77,58.99,298900.0
2011-06-09,59.26,59.94,58.92,59.76,307400.0
2011-06-10,59.55,59.57,58.05,58.84,479100.0
2011-06-13,58.82,59.08,57.85,58.4,522000.0
2011-06-14,58.81,59.79,58.79,59.46,394700.0
2011-06-15,59.09,59.39,57.92,58.39,562700.0
2011-06-16,57.81,58.48,57.54,57.89,522300.0
2011-06-17,58.18,58.66,57.89,58.08,415200.0
2011-06-20,58.0,58.57,57.78,58.48,207400.0
2011-06-21,58.95,59.9,58.74,59.67,311600.0
2011-06-22,59.35,60.14,59.3,59.48,353800.0
2011-06-23,58.74,58.95,58.02,58.5,610600.0
2011-06-24,58.59,58.68,57.8,57.91,316600.0
2011-06-27,57.65,58.67,57.5,58.61,289500.0
2011-06-28,58.88,59.31,58.76,59.23,250100.0
2011-06-29,59.86,60.16,59.57,59.93,378700.0
2011-06-30,59.87,60.25,59.56,60.17,453000.0
2011-07-01,59.93,61.02,59.76,60.69,365900.0
2011-07-05,60.61,60.77,59.86,59.91,411300.0
2011-07-06,59.71,60.04,59.37,59.75,337400.0
2011-07-07,60.29,60.52,59.81,59.89,356200.0
2011-07-08,59.4,60.11,59.32,59.6,281500.0
2011-07-11,58.91,59.25,58.72,59.04,470900.0
2011-07-12,58.73,59.75,58.7,59.17,394800.0
2011-07-13,59.47,60.11,59.31,59.59,506300.0
2011-07-14,59.92,59.92,59.06,59.36,311200.0
2011-07-15,59.6,59.89,59.2,59.8,342000.0
2011-07-18,59.18,59.23,58.08,58.42,473700.0
2011-07-19,58.86,59.51,58.68,59.3,367500.0
2011-07-20,59.58,60.05,59.43,59.63,409300.0
2011-07-21,59.9,60.76,59.84,60.31,359100.0
2011-07-22,60.24,60.67,59.79,60.21,314500.0
2011-07-25,60.1,60.68,59.73,60.46,407100.0
2011-07-26,60.38,60.44,59.09,59.29,352300.0
2011-07-27,59.18,59.24,57.69,57.79,561000.0
2011-07-28,57.73,58.32,57.18,57.58,532000.0
2011-07-29,57.25,57.25,56.15,56.76,726000.0
2011-08-01,57.64,57.64,56.16,56.79,329400.0
2011-08-02,56.62,56.71,54.55,54.73,782900.0
2011-08-03,54.64,55.48,52.86,55.34,1411100.0
2011-08-04,54.71,54.74,52.86,53.35,2089600.0
2011-08-05,53.57,53.89,50.84,52.74,2290200.0
2011-08-08,50.07,51.7,50.0,50.21,2048200.0
2011-08-09,50.76,53.78,50.53,53.71,1892200.0
2011-08-10,53.2,53.68,51.59,52.18,1792300.0
2011-08-11,52.15,54.58,51.54,54.22,1027200.0
2011-08-12,54.96,55.76,53.98,54.4,937800.0
2011-08-15,55.08,55.33,54.27,54.75,707800.0
2011-08-16,54.37,54.57,53.7,54.32,708000.0
2011-08-17,54.68,55.57,54.62,55.21,466200.0
2011-08-18,54.19,54.19,52.47,52.93,814300.0
2011-08-19,51.8,52.75,50.58,50.69,951400.0
2011-08-22,52.18,52.18,49.68,49.81,1280700.0
2011-08-23,50.29,52.13,49.67,52.09,950800.0
2011-08-24,52.13,53.4,51.94,52.88,735500.0
2011-08-25,53.55,54.27,52.37,52.77,828400.0
2011-08-26,52.2,52.94,51.35,52.28,843000.0
2011-08-29,53.3,53.69,52.95,53.65,406700.0
2011-08-30,53.91,54.98,53.03,54.65,791400.0
2011-08-31,55.26,55.97,55.08,55.81,788300.0
2011-09-01,56.07,56.24,55.23,55.52,777600.0
2011-09-02,54.28,54.86,53.69,53.88,799300.0
2011-09-06,51.93,53.01,51.67,52.78,764600.0
2011-09-07,53.45,54.19,52.97,54.04,531600.0
2011-09-08,53.65,53.97,53.1,53.37,629700.0
2011-09-09,52.73,53.06,51.62,51.75,903400.0
2011-09-12,50.85,51.73,50.27,51.23,1188100.0
2011-09-13,51.61,52.39,51.25,52.16,721500.0
2011-09-14,52.44,52.6,51.85,52.0,833000.0
2011-09-15,52.98,53.47,52.52,53.29,635200.0
2011-09-16,53.58,54.02,53.06,53.11,731000.0
2011-09-19,52.05,52.64,51.46,52.42,618800.0
2011-09-20,52.47,52.96,51.91,52.03,499100.0
2011-09-21,51.84,51.89,50.41,50.43,765800.0
2011-09-22,48.51,48.68,47.58,48.45,1308900.0
2011-09-23,47.96,49.51,47.85,49.34,742600.0
2011-09-26,49.71,50.65,47.93,50.51,833200.0
2011-09-27,51.83,53.11,51.63,51.78,926100.0
2011-09-28,52.02,52.04,50.49,50.71,592100.0
2011-09-29,51.42,51.82,50.79,51.74,676000.0
2011-09-30,50.22,51.03,50.11,50.15,653400.0
2011-10-03,49.53,49.86,48.23,48.45,907600.0
2011-10-04,47.64,47.85,46.02,47.48,1300000.0
2011-10-05,47.94,50.13,47.13,49.91,1004400.0
2011-10-06,49.71,50.63,49.12,50.6,637800.0
2011-10-07,50.9,51.21,49.75,49.84,667200.0
2011-10-10,50.72,51.45,50.66,51.38,327800.0
2011-10-11,51.21,51.46,50.63,51.28,458800.0
2011-10-12,52.29,52.8,51.92,52.23,528700.0
2011-10-13,51.93,52.06,50.77,51.08,542100.0
2011-10-14,51.8,51.84,50.96,51.63,361000.0
2011-10-17,51.58,51.84,50.59,50.69,412600.0
2011-10-18,50.73,51.42,50.45,50.86,609000.0
2011-10-19,50.98,51.36,50.43,50.63,494100.0
2011-10-20,50.69,51.2,49.75,50.94,525200.0
2011-10-21,51.64,51.75,51.09,51.38,392500.0
2011-10-24,51.6,51.95,51.32,51.93,469800.0
2011-10-25,51.61,51.61,50.63,50.64,387100.0
2011-10-26,51.28,51.59,50.35,51.31,538900.0
2011-10-27,52.99,53.94,52.5,53.63,702600.0
2011-10-28,53.37,53.88,53.06,53.4,394200.0
2011-10-31,53.05,53.52,52.59,52.61,492600.0
2011-11-01,50.95,51.04,50.1,50.21,991000.0
2011-11-02,50.91,51.95,50.82,51.33,866900.0
2011-11-03,51.61,52.69,51.03,52.55,508200.0
2011-11-04,51.72,51.86,50.83,51.37,439800.0
2011-11-07,51.39,51.7,51.1,51.6,326000.0
2011-11-08,51.65,52.35,51.35,52.3,339900.0
2011-11-09,51.15,51.24,50.22,50.25,519200.0
2011-11-10,50.87,50.91,49.68,50.08,503300.0
2011-11-11,50.55,51.14,50.4,50.83,313900.0
2011-11-14,50.45,51.02,49.95,50.5,369900.0
2011-11-15,49.96,50.28,49.6,49.87,315300.0
2011-11-16,49.44,50.26,49.38,49.61,330000.0
2011-11-17,49.67,49.69,47.67,47.97,732100.0
2011-11-18,48.33,48.62,47.75,48.49,491100.0
2011-11-21,47.62,48.04,47.14,47.94,382800.0
2011-11-22,47.85,48.38,47.59,48.12,562000.0
2011-11-23,47.5,47.5,46.14,46.56,553700.0
2011-11-25,46.12,46.49,45.79,45.9,277100.0
2011-11-28,47.43,48.02,47.27,47.43,506300.0
2011-11-29,47.7,48.22,47.59,48.1,317100.0
2011-11-30,49.72,50.66,49.55,50.37,660700.0
2011-12-01,50.52,50.85,49.02,49.59,692400.0
2011-12-02,49.91,49.92,48.02,48.09,1091200.0
2011-12-05,48.61,48.63,47.18,47.55,1082400.0
2011-12-06,47.68,47.78,46.89,47.49,619700.0
2011-12-07,47.55,48.77,47.24,48.53,784200.0
2011-12-08,48.15,48.55,47.23,47.33,677000.0
2011-12-09,47.56,48.35,47.22,48.14,635100.0
2011-12-12,47.56,47.63,47.16,47.54,621300.0
2011-12-13,47.5,48.04,46.64,47.18,618000.0
2011-12-14,46.82,47.25,46.36,46.56,589600.0
2011-12-15,47.18,47.3,46.74,47.01,504500.0
2011-12-16,47.09,47.57,46.66,47.44,561400.0
2011-12-19,47.72,47.88,46.92,47.26,553400.0
2011-12-20,47.9,48.32,47.9,48.04,695000.0
2011-12-21,48.17,48.5,47.75,48.45,516000.0
2011-12-22,48.49,49.56,48.49,49.5,536100.0
2011-12-23,49.8,50.19,49.61,49.9,361100.0
2011-12-27,49.88,50.03,49.55,49.66,225000.0
2011-12-28,50.21,50.32,49.27,49.41,443000.0
2011-12-29,49.05,49.45,48.92,49.34,412200.0
2011-12-30,49.32,49.98,49.29,49.81,416700.0
2012-01-03,50.64,51.29,50.63,51.06,611100.0
2012-01-04,50.86,51.58,50.75,51.28,408800.0
2012-01-05,50.9,50.9,50.32,50.71,464800.0
2012-01-06,50.52,50.72,49.82,50.04,469700.0
2012-01-09,50.08,50.5,49.7,50.4,338200.0
2012-01-10,50.99,51.58,50.94,51.01,356300.0
2012-01-11,50.88,51.02,50.43,50.64,310300.0
2012-01-12,50.93,51.37,50.58,51.3,366600.0
2012-01-13,50.8,50.95,50.08,50.88,413800.0
2012-01-17,51.17,51.36,50.55,50.99,412000.0
2012-01-18,50.82,52.19,50.82,52.06,375100.0
2012-01-19,52.57,53.5,52.57,53.34,626200.0
2012-01-20,53.04,53.3,52.93,53.25,299500.0
2012-01-23,53.68,54.51,53.61,54.08,512400.0
2012-01-24,53.5,53.65,52.99,53.43,363700.0
2012-01-25,53.26,53.45,52.46,53.33,341700.0
2012-01-26,53.63,53.64,52.34,52.67,433700.0
2012-01-27,52.19,52.95,52.03,52.34,381100.0
2012-01-30,51.76,51.9,51.44,51.81,1555100.0
2012-01-31,52.34,52.43,51.11,51.32,1055200.0
2012-02-01,51.98,52.23,51.73,51.84,704000.0
2012-02-02,50.79,51.8,50.72,51.45,1363400.0
2012-02-03,51.84,52.3,51.67,51.95,1080200.0
2012-02-06,51.61,52.17,51.45,52.04,409400.0
2012-02-07,52.02,52.37,51.45,52.27,399800.0
2012-02-08,52.36,52.48,51.8,52.39,381700.0
2012-02-09,52.3,52.63,52.08,52.48,652700.0
2012-02-10,52.15,52.42,51.79,52.16,479200.0
2012-02-13,52.63,52.8,52.19,52.52,367300.0
2012-02-14,52.53,52.72,52.0,52.71,489000.0
2012-02-15,52.97,53.33,52.69,52.9,483000.0
2012-02-16,52.86,53.85,52.8,53.81,719500.0
2012-02-17,53.99,54.04,53.41,53.84,394800.0
2012-02-21,53.91,54.79,53.5,54.34,601200.0
2012-02-22,54.26,54.3,53.62,53.69,455100.0
2012-02-23,53.56,53.83,53.29,53.63,277700.0
2012-02-24,53.58,54.04,53.35,53.5,360000.0
2012-02-27,53.34,53.78,53.0,53.48,363700.0
2012-02-28,53.65,54.04,53.55,53.82,365100.0
2012-02-29,54.32,54.62,53.86,53.92,875200.0
2012-03-01,54.38,54.84,54.35,54.58,567900.0
2012-03-02,54.65,54.8,54.25,54.3,563000.0
2012-03-05,54.11,54.11,53.47,54.07,489900.0
2012-03-06,53.26,53.55,52.73,52.93,575200.0
2012-03-07,53.05,53.07,52.21,52.72,530400.0
2012-03-08,53.45,54.16,53.13,53.9,392300.0
2012-03-09,54.03,54.33,53.95,54.09,604100.0
2012-03-12,54.0,54.29,53.82,54.25,1540700.0
2012-03-13,54.48,54.79,54.32,54.75,1745700.0
2012-03-14,54.85,55.13,54.35,54.62,729900.0
2012-03-15,54.57,55.9,54.53,55.78,792800.0
2012-03-16,55.98,56.57,55.94,56.38,739000.0
2012-03-19,56.29,56.95,56.1,56.64,886600.0
2012-03-20,56.15,56.29,55.49,56.21,770100.0
2012-03-21,56.27,56.27,55.51,56.01,668600.0
2012-03-22,55.45,55.95,55.28,55.66,495600.0
2012-03-23,55.58,56.37,55.31,56.2,351600.0
2012-03-26,56.84,57.5,56.73,57.32,525800.0
2012-03-27,57.35,57.57,57.12,57.15,378400.0
2012-03-28,57.22,57.36,56.5,57.09,384500.0
2012-03-29,56.8,57.05,56.19,56.68,1316000.0
2012-03-30,56.36,56.54,55.87,56.04,508200.0
2012-04-02,55.76,56.73,55.55,56.63,459400.0
2012-04-03,56.32,56.33,55.72,56.01,456800.0
2012-04-04,55.29,55.86,54.97,55.68,669500.0
2012-04-05,55.65,55.71,55.16,55.65,362800.0
2012-04-09,54.98,55.45,54.7,55.25,634200.0
2012-04-10,55.0,55.16,53.81,54.15,572900.0
2012-04-11,54.4,54.88,54.36,54.68,464200.0
2012-04-12,55.06,55.78,54.94,55.65,416600.0
2012-04-13,55.33,55.43,54.17,54.21,494100.0
2012-04-16,54.42,54.84,54.12,54.61,505200.0
2012-04-17,55.54,56.0,55.15,55.64,391300.0
2012-04-18,55.61,56.3,55.48,55.88,404800.0
2012-04-19,55.88,55.95,55.07,55.29,477800.0
2012-04-20,55.66,55.81,55.06,55.19,345800.0
2012-04-23,54.59,54.86,53.96,54.73,524800.0
2012-04-24,54.79,55.18,54.6,54.79,326800.0
2012-04-25,55.25,55.38,54.9,55.24,381000.0
2012-04-26,55.06,55.45,54.68,54.88,486900.0
2012-04-27,55.12,55.56,54.87,55.56,432500.0
2012-04-30,55.21,55.5,54.69,55.46,316000.0
2012-05-01,55.52,55.71,54.88,55.16,322000.0
2012-05-02,54.77,55.04,54.24,54.77,337100.0
2012-05-03,54.88,55.04,53.8,53.89,533400.0
2012-05-04,53.55,53.64,52.48,53.04,765600.0
2012-05-07,52.72,53.98,52.7,53.92,564000.0
2012-05-08,53.45,53.69,52.53,53.06,607000.0
2012-05-09,52.47,53.05,52.0,52.56,620800.0
2012-05-10,52.99,53.29,52.52,52.77,422300.0
2012-05-11,52.8,53.46,52.5,52.87,344300.0
2012-05-14,52.52,52.7,52.11,52.37,580700.0
2012-05-15,52.29,52.43,52.03,52.29,517200.0
2012-05-16,52.3,52.49,51.7,51.84,512700.0
2012-05-17,51.7,51.75,50.66,50.75,636100.0
2012-05-18,50.95,50.98,49.9,50.09,610900.0
2012-05-21,50.17,50.91,50.11,50.88,204600.0
2012-05-22,50.86,51.1,50.22,50.52,618900.0
2012-05-23,50.23,50.62,49.41,50.48,616000.0
2012-05-24,50.57,50.65,49.4,50.07,767600.0
2012-05-25,49.78,49.78,49.03,49.49,1008900.0
2012-05-29,50.33,51.15,50.32,50.84,1184700.0
2012-05-30,50.39,50.87,50.02,50.62,528700.0
2012-05-31,50.82,51.43,50.17,51.06,1034600.0
2012-06-01,50.4,50.76,49.28,49.46,792200.0
2012-06-04,49.5,49.66,48.45,49.31,643300.0
2012-06-05,49.23,50.08,49.22,49.85,492100.0
2012-06-06,50.22,50.8,50.17,50.8,469200.0
2012-06-07,51.48,51.7,51.07,51.37,537000.0
2012-06-08,50.94,51.17,50.37,50.62,520200.0
2012-06-11,51.11,51.2,49.76,49.88,654100.0
2012-06-12,50.21,50.6,49.82,50.24,700300.0
2012-06-13,49.98,51.05,49.93,50.46,562700.0
2012-06-14,50.62,50.87,50.34,50.76,440300.0
2012-06-15,50.86,51.2,50.6,50.92,702400.0
2012-06-18,50.74,51.08,50.23,50.36,555600.0
2012-06-19,50.76,52.16,50.69,52.12,608600.0
2012-06-20,52.31,52.49,51.56,52.26,539000.0
2012-06-21,51.93,52.45,50.78,50.95,597700.0
2012-06-22,51.03,51.9,50.93,51.65,519000.0
2012-06-25,51.24,51.32,50.54,50.96,459100.0
2012-06-26,51.05,51.37,50.52,51.3,437400.0
2012-06-27,51.36,51.69,51.0,51.67,412400.0
2012-06-28,51.21,51.33,50.58,51.03,704000.0
2012-06-29,51.9,51.91,51.34,51.79,564600.0
2012-07-02,51.71,51.76,51.39,51.72,172200.0
2012-07-03,52.15,52.99,51.87,52.95,419700.0
2012-07-05,53.03,53.32,52.8,53.09,566900.0
2012-07-06,52.71,52.75,51.78,51.94,368700.0
2012-07-09,51.83,52.03,51.39,51.94,322900.0
2012-07-10,52.09,52.46,50.95,51.39,460700.0
2012-07-11,51.42,52.12,51.27,51.98,508700.0
2012-07-12,51.6,51.62,51.05,51.43,418600.0
2012-07-13,51.68,51.93,51.26,51.49,453700.0
2012-07-16,51.35,51.49,51.03,51.32,357100.0
2012-07-17,51.57,51.66,51.07,51.43,460300.0
2012-07-18,51.41,51.98,51.31,51.7,279300.0
2012-07-19,52.02,52.31,51.94,52.17,398700.0
2012-07-20,51.76,51.86,51.39,51.49,353300.0
2012-07-23,50.66,50.77,49.89,50.56,506600.0
2012-07-24,50.49,50.66,49.7,50.12,363100.0
2012-07-25,50.27,50.27,49.51,49.83,622000.0
2012-07-26,50.5,50.96,50.23,50.77,447400.0
2012-07-27,51.37,52.13,51.14,51.77,630300.0
2012-07-30,51.86,52.2,51.81,52.04,385800.0
2012-07-31,52.21,52.51,52.02,52.19,581800.0
2012-08-01,52.35,52.55,51.67,51.72,704300.0
2012-08-02,51.46,51.68,50.86,51.02,654800.0
2012-08-03,51.86,52.23,51.7,51.82,625500.0
2012-08-06,52.0,52.23,51.79,51.84,157400.0
2012-08-07,52.8,52.96,52.17,52.84,511300.0
2012-08-08,52.87,52.9,52.18,52.3,524500.0
2012-08-09,52.31,52.61,52.22,52.42,240900.0
2012-08-10,51.89,52.59,51.81,52.53,371400.0
2012-08-13,52.4,52.51,51.69,52.24,414000.0
2012-08-14,52.51,52.76,52.26,52.49,319700.0
2012-08-15,52.55,52.98,52.4,52.92,854500.0
2012-08-16,53.01,53.49,52.79,53.41,652700.0
2012-08-17,53.42,53.86,53.36,53.86,362000.0
2012-08-20,53.85,54.03,53.47,53.85,327100.0
2012-08-21,54.12,54.45,53.87,53.87,352800.0
2012-08-22,53.59,53.63,53.18,53.24,612200.0
2012-08-23,53.17,53.17,52.74,52.83,429200.0
2012-08-24,52.86,53.21,52.86,52.98,590900.0
2012-08-27,53.23,53.6,53.09,53.34,433500.0
2012-08-28,54.2,54.42,53.43,53.46,579400.0
2012-08-29,53.65,54.22,53.59,54.16,930400.0
2012-08-30,52.87,53.03,52.43,52.69,854100.0
2012-08-31,53.0,53.28,52.68,53.03,646300.0
2012-09-04,53.03,53.1,52.64,53.01,559200.0
2012-09-05,52.8,53.04,51.75,52.9,455100.0
2012-09-06,53.34,53.93,53.34,53.81,428300.0
2012-09-07,53.94,54.07,53.81,53.97,411900.0
2012-09-10,53.9,54.25,53.9,54.06,382600.0
2012-09-11,54.37,54.55,54.28,54.45,387000.0
2012-09-12,54.53,54.75,54.48,54.51,343000.0
2012-09-13,54.56,55.34,54.26,55.14,459700.0
2012-09-14,55.5,55.8,55.18,55.21,468700.0
2012-09-17,55.27,55.5,54.9,55.01,336200.0
2012-09-18,54.96,55.04,54.68,54.84,305700.0
2012-09-19,54.92,55.11,54.79,54.92,253700.0
2012-09-20,54.61,54.8,54.19,54.77,308500.0
2012-09-21,54.9,55.28,54.86,55.23,498400.0
2012-09-24,55.01,55.52,54.63,55.33,480400.0
2012-09-25,55.56,55.96,55.17,55.22,546400.0
2012-09-26,55.06,55.2,54.76,54.83,428000.0
2012-09-27,55.18,56.11,55.08,55.86,643200.0
2012-09-28,55.1,55.13,54.42,54.82,604300.0
2012-10-01,55.1,55.51,54.68,54.89,395800.0
2012-10-02,55.2,55.25,54.63,54.78,290700.0
2012-10-03,54.79,54.85,54.47,54.53,268900.0
2012-10-04,54.86,55.36,54.81,55.24,246400.0
2012-10-05,55.72,55.83,55.1,55.26,329500.0
2012-10-08,55.08,55.24,54.92,55.11,134400.0
2012-10-09,55.3,55.34,54.73,54.92,276100.0
2012-10-10,54.74,54.86,54.26,54.39,333200.0
2012-10-11,54.84,54.92,54.56,54.65,257600.0
2012-10-12,54.5,54.68,54.04,54.26,259900.0
2012-10-15,54.49,54.95,54.38,54.57,386800.0
2012-10-16,54.69,54.94,54.51,54.76,375700.0
2012-10-17,55.05,55.51,54.98,55.51,338200.0
2012-10-18,55.37,55.6,55.1,55.34,291500.0
2012-10-19,54.99,55.03,54.35,54.63,397500.0
2012-10-22,54.45,54.54,54.13,54.54,402000.0
2012-10-23,54.16,54.16,53.69,54.0,70576.0
2012-10-24,54.23,54.37,53.69,53.86,58172.0
2012-10-25,54.18,54.44,53.85,54.04,319100.0
2012-10-26,53.92,54.13,53.81,53.84,316700.0
2012-10-31,54.22,54.66,54.16,54.38,373200.0
2012-11-01,54.44,55.04,54.25,54.83,292500.0
2012-11-02,55.16,55.19,54.57,54.86,350700.0
2012-11-05,54.72,55.08,54.44,54.67,380000.0
2012-11-06,54.81,55.02,54.63,54.86,201400.0
2012-11-07,54.68,54.71,53.95,54.07,362200.0
2012-11-08,54.08,54.17,53.38,53.46,359900.0
2012-11-09,53.35,54.1,53.24,53.71,392100.0
2012-11-12,54.08,54.25,53.94,54.02,195700.0
2012-11-13,53.64,54.11,53.53,53.76,213100.0
2012-11-14,53.82,53.82,52.92,53.02,423500.0
2012-11-15,53.01,53.21,52.35,52.72,372300.0
2012-11-16,52.77,53.04,52.19,52.92,408900.0
2012-11-19,53.68,53.76,53.4,53.63,329200.0
2012-11-20,53.66,53.98,53.38,53.93,329600.0
2012-11-21,53.89,54.45,53.79,54.45,246600.0
2012-11-23,54.76,55.09,54.53,54.95,152300.0
2012-11-26,54.78,55.0,54.66,54.95,250700.0
2012-11-27,55.13,55.25,54.73,54.77,196000.0
2012-11-28,54.5,55.18,54.39,55.15,257600.0
2012-11-29,55.31,55.71,55.25,55.64,265800.0
2012-11-30,55.67,56.14,55.54,55.74,1725500.0
2012-12-03,56.23,56.35,55.55,55.91,327500.0
2012-12-04,55.99,56.28,55.89,56.17,452000.0
2012-12-05,56.31,56.56,56.11,56.32,291300.0
2012-12-06,56.43,56.5,55.75,56.07,343300.0
2012-12-07,56.41,56.61,56.06,56.06,418400.0
2012-12-10,56.42,56.81,56.4,56.72,283600.0
2012-12-11,56.84,57.35,56.74,57.29,444000.0
2012-12-12,57.27,57.85,57.19,57.73,432000.0
2012-12-13,57.67,57.8,57.46,57.69,248300.0
2012-12-14,57.65,57.8,57.36,57.42,239600.0
2012-12-17,57.65,57.87,57.32,57.59,335300.0
2012-12-18,57.55,58.38,57.49,58.22,378800.0
2012-12-19,58.22,58.94,58.06,58.6,2386900.0
2012-12-20,58.61,58.77,58.19,58.77,358600.0
2012-12-21,58.46,58.76,58.03,58.59,369300.0
2012-12-24,58.65,59.12,58.63,58.85,241400.0
2012-12-26,58.85,59.0,58.37,58.51,278500.0
2012-12-27,58.67,59.18,58.53,58.82,404700.0
2012-12-28,58.06,58.13,57.53,57.6,333000.0
2012-12-31,57.58,58.04,57.36,57.88,471500.0
2013-01-02,59.04,59.18,58.18,58.38,455800.0
2013-01-03,58.44,58.56,57.73,58.05,454300.0
2013-01-04,58.14,58.5,58.12,58.38,317700.0
2013-01-07,58.3,58.57,57.85,58.48,2405200.0
2013-01-08,58.48,58.71,58.17,58.54,357500.0
2013-01-09,58.62,58.66,58.01,58.34,581100.0
2013-01-10,58.48,58.77,58.21,58.43,345500.0
2013-01-11,58.65,58.73,58.22,58.52,292300.0
2013-01-14,58.58,58.6,58.14,58.57,263000.0
2013-01-15,58.25,58.62,58.15,58.62,248400.0
2013-01-16,58.29,58.35,58.1,58.25,214700.0
2013-01-17,58.36,58.36,58.13,58.25,255200.0
2013-01-18,58.06,58.55,58.0,58.36,250900.0
2013-01-22,58.78,58.86,58.34,58.86,339500.0
2013-01-23,58.7,58.79,58.06,58.26,313300.0
2013-01-24,58.16,58.37,58.12,58.37,354700.0
2013-01-25,58.27,58.41,57.97,58.13,290700.0
2013-01-28,58.22,58.78,58.05,58.59,358800.0
2013-01-29,58.58,59.01,58.51,58.81,263900.0
2013-01-30,58.72,58.89,58.56,58.8,254500.0
2013-01-31,58.69,59.05,58.33,58.87,428300.0
2013-02-01,58.93,59.16,58.83,59.07,250600.0
2013-02-04,58.85,58.98,58.48,58.69,305200.0
2013-02-05,58.68,58.95,58.6,58.81,223800.0
2013-02-06,58.71,59.37,58.71,59.12,324700.0
2013-02-07,59.12,59.3,58.69,58.9,231500.0
2013-02-08,58.7,59.12,58.64,58.78,226900.0
2013-02-11,58.51,58.68,58.32,58.58,225700.0
2013-02-12,58.54,58.81,58.38,58.4,310100.0
2013-02-13,58.57,58.76,58.45,58.71,185500.0
2013-02-14,58.62,58.73,58.28,58.68,265300.0
2013-02-15,58.37,58.51,58.08,58.14,276400.0
2013-02-19,58.08,58.53,58.0,58.48,245800.0
2013-02-20,58.36,59.11,58.3,58.92,624400.0
2013-02-21,58.8,59.13,58.41,58.8,447300.0
2013-02-22,58.51,59.2,58.36,59.12,277000.0
2013-02-25,59.19,59.57,58.52,58.55,363100.0
2013-02-26,58.68,59.07,58.36,58.98,362900.0
2013-02-27,58.76,59.24,58.41,59.23,340300.0
2013-02-28,59.01,59.6,58.86,59.44,619100.0
2013-03-01,59.41,59.74,59.11,59.52,358100.0
2013-03-04,59.45,59.57,58.9,59.23,406000.0
2013-03-05,59.84,60.23,59.6,59.65,471400.0
2013-03-06,59.87,60.11,59.14,59.23,647000.0
2013-03-07,59.42,59.47,58.82,59.02,388100.0
2013-03-08,59.41,59.51,58.51,59.02,358100.0
2013-03-11,59.0,59.2,58.86,59.04,357000.0
2013-03-12,59.1,59.38,58.78,59.14,1628700.0
2013-03-13,59.14,59.17,58.02,58.48,780700.0
2013-03-14,58.54,58.91,57.98,58.86,574400.0
2013-03-15,58.93,59.3,58.68,59.18,647100.0
2013-03-18,58.73,58.84,58.45,58.48,390300.0
2013-03-19,58.36,58.54,57.94,58.09,504900.0
2013-03-20,58.38,58.42,57.61,58.06,606700.0
2013-03-21,58.06,58.08,57.39,57.68,444200.0
2013-03-22,57.76,58.45,57.69,58.13,368200.0
2013-03-25,58.52,58.63,57.98,58.22,414400.0
2013-03-26,58.64,58.8,58.43,58.59,417100.0
2013-03-27,58.62,58.62,58.1,58.42,417600.0
2013-03-28,57.78,58.32,57.3,58.27,745800.0
2013-04-01,58.11,58.32,57.86,58.0,296300.0
2013-04-02,58.2,58.33,58.01,58.23,284200.0
2013-04-03,58.28,58.32,57.05,57.21,472500.0
2013-04-04,57.24,57.3,56.52,57.0,515800.0
2013-04-05,56.0,56.26,55.23,55.97,637900.0
2013-04-08,55.92,56.12,55.36,56.12,488500.0
2013-04-09,56.39,56.94,56.12,56.45,414000.0
2013-04-10,56.85,57.82,56.68,57.52,495700.0
2013-04-11,57.84,57.91,57.15,57.28,337100.0
2013-04-12,57.1,57.39,56.75,56.96,294300.0
2013-04-15,56.54,56.75,55.43,55.46,456700.0
2013-04-16,55.93,56.57,55.59,56.49,392500.0
2013-04-17,56.07,56.25,55.29,55.44,522300.0
2013-04-18,55.84,55.9,55.18,55.37,386000.0
2013-04-19,55.24,55.53,55.04,55.48,505200.0
2013-04-22,55.71,55.73,55.21,55.27,426300.0
2013-04-23,55.55,55.65,55.07,55.2,566600.0
2013-04-24,55.33,55.58,54.87,55.53,587900.0
2013-04-25,55.86,55.89,55.53,55.77,396700.0
2013-04-26,55.63,56.26,55.54,55.97,393900.0
2013-04-29,56.3,57.0,56.05,56.85,415100.0
2013-04-30,56.97,57.85,56.44,57.64,789800.0
2013-05-01,57.69,57.85,57.04,57.37,394800.0
2013-05-02,57.41,58.33,57.28,58.07,468400.0
2013-05-03,58.37,58.46,57.93,57.99,288300.0
2013-05-06,58.17,58.34,57.92,58.25,328400.0
2013-05-07,58.38,58.95,58.36,58.76,330900.0
2013-05-08,58.84,59.23,58.7,59.21,359600.0
2013-05-09,59.2,59.38,58.4,58.58,400100.0
2013-05-10,58.44,58.52,58.02,58.41,326100.0
2013-05-13,58.55,58.68,58.01,58.35,430400.0
2013-05-14,58.25,58.35,57.7,57.71,533800.0
2013-05-15,57.65,57.82,56.8,57.2,893400.0
2013-05-16,57.33,57.89,57.1,57.29,367800.0
2013-05-17,56.43,57.23,56.27,57.08,677100.0
2013-05-20,57.1,57.49,56.92,57.48,243300.0
2013-05-21,57.33,58.41,57.16,58.12,448300.0
2013-05-22,58.05,58.4,57.11,57.34,527900.0
2013-05-23,57.1,57.63,56.95,57.49,466800.0
2013-05-24,57.07,57.48,57.03,57.48,271000.0
2013-05-28,57.56,57.56,56.89,57.34,500700.0
2013-05-29,57.04,57.29,56.49,57.27,1315100.0
2013-05-30,57.25,57.55,57.09,57.5,614800.0
2013-05-31,57.32,57.35,56.73,56.73,939500.0
2013-06-03,57.06,57.35,56.74,57.13,732800.0
2013-06-04,56.84,57.16,56.51,56.75,438400.0
2013-06-05,56.68,56.74,55.8,55.95,534800.0
2013-06-06,56.01,56.56,55.42,56.07,561800.0
2013-06-07,56.43,56.47,55.85,56.11,539100.0
2013-06-10,56.19,56.51,55.87,56.32,661400.0
2013-06-11,55.75,56.35,55.36,55.81,440900.0
2013-06-12,56.16,56.29,55.18,55.3,494100.0
2013-06-13,55.46,56.46,55.23,56.28,424500.0
2013-06-14,56.2,56.35,55.61,55.85,388300.0
2013-06-17,56.18,56.57,56.13,56.23,368300.0
2013-06-18,56.04,56.44,55.94,56.28,383800.0
2013-06-19,56.23,56.23,55.07,55.39,1768000.0
2013-06-20,54.57,54.59,53.35,53.42,1198700.0
2013-06-21,53.09,53.52,52.76,53.41,731200.0
2013-06-24,52.64,53.58,52.23,53.06,681500.0
2013-06-25,53.19,53.41,52.79,53.22,520200.0
2013-06-26,53.58,53.76,53.41,53.63,399700.0
2013-06-27,53.79,54.03,53.36,53.92,565300.0
2013-06-28,53.21,53.79,53.09,53.55,671300.0
2013-07-01,53.75,53.84,53.22,53.29,234300.0
2013-07-02,53.14,53.39,52.87,53.03,1112300.0
2013-07-03,52.96,53.0,52.43,52.59,373800.0
2013-07-05,52.77,52.8,52.05,52.5,1250800.0
2013-07-08,52.71,52.98,52.41,52.63,453400.0
2013-07-09,52.97,53.08,52.46,53.06,386900.0
2013-07-10,53.2,53.35,52.8,53.02,670500.0
2013-07-11,53.79,54.84,53.62,54.81,1454500.0
2013-07-12,54.98,55.15,54.63,54.89,1127600.0
2013-07-15,55.06,55.24,54.89,54.95,866800.0
2013-07-16,55.16,55.16,54.85,55.09,701500.0
2013-07-17,55.21,55.88,55.07,55.73,1217900.0
2013-07-18,55.88,56.71,55.88,56.66,832600.0
2013-07-19,56.64,57.07,56.63,56.94,645200.0
2013-07-22,56.97,57.15,56.73,56.95,783200.0
2013-07-23,57.07,57.2,56.62,56.68,565100.0
2013-07-24,56.9,56.9,56.39,56.54,388900.0
2013-07-25,56.55,56.84,56.5,56.77,393200.0
2013-07-26,56.56,56.83,56.47,56.83,366400.0
2013-07-29,56.66,57.41,56.58,57.24,513300.0
2013-07-30,57.29,57.48,56.9,57.03,572000.0
2013-07-31,57.27,57.29,56.33,56.4,538300.0
2013-08-01,56.59,56.75,55.77,56.07,652000.0
2013-08-02,55.82,56.42,55.7,56.11,415800.0
2013-08-05,56.0,56.26,55.91,56.09,203800.0
2013-08-06,56.13,56.17,55.43,55.66,497100.0
2013-08-07,55.29,55.54,55.19,55.32,361900.0
2013-08-08,55.41,56.4,55.4,56.22,391600.0
2013-08-09,56.12,56.57,56.02,56.47,504000.0
2013-08-12,56.2,56.47,56.03,56.22,1419200.0
2013-08-13,56.12,56.58,56.03,56.52,313500.0
2013-08-14,56.66,56.66,56.23,56.46,314100.0
2013-08-15,56.17,56.45,55.75,56.41,434300.0
2013-08-16,56.09,56.69,56.07,56.39,308200.0
2013-08-19,56.35,56.35,55.97,56.19,275500.0
2013-08-20,55.94,56.53,55.86,56.18,271000.0
2013-08-21,55.93,56.11,55.46,55.61,349500.0
2013-08-22,55.53,55.95,55.38,55.61,313900.0
2013-08-23,55.68,56.02,55.5,55.87,352400.0
2013-08-26,56.04,56.13,55.82,55.9,453500.0
2013-08-27,55.68,55.7,54.75,55.06,554400.0
2013-08-28,55.04,55.22,54.67,55.11,352000.0
2013-08-29,55.2,55.62,55.16,55.33,335800.0
2013-08-30,55.37,55.93,55.3,55.5,522500.0
2013-09-03,55.89,56.07,55.47,55.63,394600.0
2013-09-04,55.67,56.04,55.45,55.81,291200.0
2013-09-05,56.04,57.01,56.03,56.91,588100.0
2013-09-06,57.58,57.84,57.2,57.67,510900.0
2013-09-09,57.91,58.02,57.58,57.79,286400.0
2013-09-10,58.05,58.07,57.56,57.99,346500.0
2013-09-11,57.9,58.19,57.76,58.17,226800.0
2013-09-12,58.02,58.06,57.28,57.56,399600.0
2013-09-13,57.57,57.68,57.23,57.34,512500.0
2013-09-16,57.82,58.23,57.82,57.92,400300.0
2013-09-17,58.0,58.24,57.95,58.05,337000.0
2013-09-18,57.99,58.6,57.8,58.42,396400.0
2013-09-19,58.55,58.55,57.94,58.05,415800.0
2013-09-20,58.15,58.15,57.52,57.57,388000.0
2013-09-23,57.66,57.92,57.5,57.84,351900.0
2013-09-24,57.83,58.06,57.76,57.94,264500.0
2013-09-25,57.97,58.25,57.67,57.8,258100.0
2013-09-26,57.91,58.09,57.81,57.92,388900.0
2013-09-27,57.22,57.44,57.09,57.38,289700.0
2013-09-30,57.1,57.81,56.89,57.31,525400.0
2013-10-01,57.29,57.7,57.26,57.55,306800.0
2013-10-02,57.18,57.34,57.08,57.26,274300.0
2013-10-03,57.28,57.61,57.0,57.18,405100.0
2013-10-04,57.12,57.33,56.91,57.31,205600.0
2013-10-07,56.82,57.37,56.75,57.14,455900.0
2013-10-08,57.09,57.24,56.53,56.74,303600.0
2013-10-09,56.66,57.08,56.58,56.74,290300.0
2013-10-10,57.1,57.66,57.0,57.47,369800.0
2013-10-11,57.66,57.94,57.61,57.83,220200.0
2013-10-14,57.77,58.04,57.62,57.9,139300.0
2013-10-15,57.93,57.93,57.44,57.84,318500.0
2013-10-16,57.91,58.27,57.77,58.19,340400.0
2013-10-17,58.26,59.19,58.19,59.11,512000.0
2013-10-18,59.32,60.25,59.23,59.76,647300.0
2013-10-21,59.83,60.39,59.63,60.2,544200.0
2013-10-22,60.5,60.94,60.5,60.76,499500.0
2013-10-23,60.5,60.77,59.69,59.85,627300.0
2013-10-24,59.73,59.95,59.52,59.57,360800.0
2013-10-25,59.38,59.85,59.28,59.69,269300.0
2013-10-28,60.03,60.35,59.79,60.19,386200.0
2013-10-29,60.45,61.03,60.39,60.68,409500.0
2013-10-30,61.03,61.05,60.34,60.56,281000.0
2013-10-31,60.82,61.42,60.77,60.77,332000.0
2013-11-01,60.99,61.33,60.92,61.07,291500.0
2013-11-04,61.23,61.38,60.76,60.85,197300.0
2013-11-05,60.7,60.8,60.13,60.77,466900.0
2013-11-06,61.08,61.41,60.94,61.31,472200.0
2013-11-07,61.47,61.53,60.77,60.89,501100.0
2013-11-08,60.7,61.5,60.7,61.33,581800.0
2013-11-11,61.38,61.67,61.14,61.48,485600.0
2013-11-12,61.39,61.6,61.29,61.41,630600.0
2013-11-13,61.15,62.12,61.09,62.04,441800.0
2013-11-14,62.15,62.7,61.75,62.61,484500.0
2013-11-15,62.64,62.91,62.64,62.85,288400.0
2013-11-18,63.06,63.5,62.91,63.26,315300.0
2013-11-19,63.14,63.2,62.88,63.0,302200.0
2013-11-20,63.24,63.39,62.9,63.34,557000.0
2013-11-21,63.18,63.41,62.63,62.66,407900.0
2013-11-22,62.62,63.02,62.53,62.93,201300.0
2013-11-25,62.87,63.23,62.85,63.02,217700.0
2013-11-26,63.01,63.04,61.82,62.11,885700.0
2013-11-27,61.81,62.12,61.64,61.73,334600.0
2013-11-29,61.62,62.14,61.4,61.57,219100.0
2013-12-02,61.25,61.67,61.0,61.4,515300.0
2013-12-03,61.04,61.09,59.71,60.24,623200.0
2013-12-04,59.84,59.97,59.23,59.61,599500.0
2013-12-05,59.21,59.64,58.73,59.58,826400.0
2013-12-06,59.22,60.23,59.04,60.04,717500.0
2013-12-09,60.17,60.76,60.17,60.45,501400.0
2013-12-10,60.51,60.51,59.94,60.16,342900.0
2013-12-11,60.08,60.21,59.32,59.66,441800.0
2013-12-12,59.25,59.66,58.86,59.18,474200.0
2013-12-13,59.17,59.52,58.82,59.38,335400.0
2013-12-16,59.72,60.14,59.64,59.83,347800.0
2013-12-17,59.92,60.1,59.61,59.7,370300.0
2013-12-18,59.7,60.41,59.51,60.03,462800.0
2013-12-19,60.01,60.28,59.87,60.21,503500.0
2013-12-20,60.18,60.94,60.17,60.88,440900.0
2013-12-23,61.46,61.7,61.21,61.48,385200.0
2013-12-24,61.52,61.89,61.49,61.71,219000.0
2013-12-26,61.9,61.91,61.51,61.76,154100.0
2013-12-27,61.76,61.9,61.48,61.65,322200.0
2013-12-30,61.61,62.2,61.51,62.17,232700.0
2013-12-31,62.35,62.67,62.35,62.55,202500.0
2014-01-02,62.55,62.75,61.94,61.98,425800.0
2014-01-03,61.49,61.69,61.06,61.5,351100.0
2014-01-06,61.34,61.36,60.48,60.75,427300.0
2014-01-07,60.61,60.82,59.87,59.89,547600.0
2014-01-08,59.77,59.84,59.33,59.63,540700.0
2014-01-09,59.5,59.74,59.05,59.45,442900.0
2014-01-10,59.23,59.24,58.81,59.1,353700.0
2014-01-13,59.18,59.42,59.04,59.2,535100.0
2014-01-14,59.07,59.1,58.17,58.23,491500.0
2014-01-15,58.37,58.57,58.03,58.22,362500.0
2014-01-16,58.44,58.44,58.05,58.22,409400.0
2014-01-17,58.04,58.3,57.9,58.19,374900.0
2014-01-21,59.31,59.8,58.99,59.01,610800.0
2014-01-22,59.08,59.1,58.11,58.28,518300.0
2014-01-23,57.81,58.0,57.44,57.9,409800.0
2014-01-24,57.67,57.9,56.87,56.89,509300.0
2014-01-27,56.74,56.98,55.01,55.5,1193400.0
2014-01-28,55.4,55.68,54.79,55.5,656500.0
2014-01-29,55.33,55.43,54.66,54.89,706200.0
2014-01-30,55.23,55.42,55.01,55.31,601100.0
2014-01-31,54.61,54.98,54.03,54.84,509400.0
2014-02-03,55.1,55.2,54.17,54.51,670000.0
2014-02-04,54.67,54.98,54.26,54.36,499000.0
2014-02-05,54.3,55.12,53.94,54.96,679200.0
2014-02-06,55.06,56.29,54.86,56.03,699100.0
2014-02-07,56.49,56.6,55.84,55.92,472300.0
2014-02-10,55.95,56.03,55.42,55.82,464500.0
2014-02-11,55.89,56.65,55.85,56.32,394500.0
2014-02-12,56.7,57.02,56.58,56.67,383700.0
2014-02-13,56.61,57.57,56.5,57.53,408800.0
2014-02-14,57.5,58.02,57.31,57.62,342300.0
2014-02-18,57.95,58.14,57.64,57.86,381900.0
2014-02-19,57.45,57.75,57.34,57.46,434100.0
2014-02-20,57.51,57.74,57.36,57.56,324400.0
2014-02-21,57.3,57.46,56.89,56.9,366900.0
2014-02-24,57.23,57.55,57.22,57.38,408394.0
2014-02-25,57.42,57.5499,57.155,57.25,269514.0
2014-02-26,57.27,57.39,56.96,56.99,233900.0
2014-02-27,57.07,57.27,56.85,57.11,535700.0
2014-02-28,57.42,57.77,57.2,57.23,631200.0
2014-03-03,56.6,57.05,56.37,56.87,524200.0
2014-03-04,57.16,57.37,56.47,56.88,646100.0
2014-03-05,57.25,57.74,56.94,57.68,378200.0
2014-03-06,58.01,58.28,57.96,58.02,271200.0
2014-03-07,57.73,57.78,57.25,57.36,317100.0
2014-03-10,57.27,57.77,57.17,57.69,295000.0
2014-03-11,57.69,58.47,57.5,58.35,545300.0
2014-03-12,58.01,58.61,57.92,58.59,342200.0
2014-03-13,58.94,58.98,58.12,58.43,424300.0
2014-03-14,58.18,58.32,57.86,57.98,307200.0
2014-03-17,58.2,58.43,58.11,58.27,223300.0
2014-03-18,58.34,58.68,58.14,58.23,415300.0
2014-03-19,58.1,58.13,57.25,57.48,475500.0
2014-03-20,57.46,57.69,57.18,57.63,383000.0
2014-03-21,57.79,58.04,57.67,57.95,406800.0
2014-03-24,58.02,58.26,57.66,58.0,351300.0
2014-03-25,58.23,58.27,57.94,58.13,353100.0
2014-03-26,58.17,58.38,58.05,58.31,285600.0
2014-03-27,58.43,58.47,57.9,58.21,362000.0
2014-03-28,57.67,57.81,57.42,57.54,287500.0
2014-03-31,57.82,58.29,57.81,58.02,358800.0
2014-04-01,58.14,58.82,58.06,58.68,368800.0
2014-04-02,58.64,58.92,58.46,58.77,452800.0
2014-04-03,58.88,58.95,58.57,58.76,173400.0
2014-04-04,59.16,59.27,58.93,59.09,384900.0
2014-04-07,58.84,58.98,58.7,58.87,388100.0
2014-04-08,59.09,59.53,58.93,59.4,335200.0
2014-04-09,59.31,59.74,59.31,59.68,210500.0
2014-04-10,59.41,59.43,58.71,58.75,273100.0
2014-04-11,58.55,58.79,58.3,58.51,214400.0
2014-04-14,58.66,58.81,58.39,58.74,163800.0
2014-04-15,58.46,58.93,58.42,58.88,209700.0
2014-04-16,58.94,59.21,58.79,59.12,209300.0
2014-04-17,59.19,59.51,59.12,59.42,154100.0
2014-04-21,59.39,59.54,59.25,59.4,171100.0
2014-04-22,59.59,59.61,59.14,59.35,157800.0
2014-04-23,59.33,59.44,59.07,59.26,171300.0
2014-04-24,59.37,59.53,59.27,59.45,155900.0
2014-04-25,59.33,59.51,58.94,59.3,267800.0
2014-04-28,59.51,59.55,59.11,59.51,187800.0
2014-04-29,59.83,60.29,59.8,60.23,215000.0
2014-04-30,60.15,60.95,60.13,60.78,334900.0
2014-05-01,60.71,60.97,60.52,60.76,231100.0
2014-05-02,60.61,61.1,60.61,60.92,265600.0
2014-05-05,60.8,60.95,60.45,60.73,227800.0
2014-05-06,60.97,61.1,60.73,61.07,238200.0
2014-05-07,60.98,61.27,60.75,61.08,256500.0
2014-05-08,61.34,61.74,61.34,61.65,199000.0
2014-05-09,61.26,61.38,61.1,61.27,137900.0
2014-05-12,61.42,61.45,61.21,61.43,200500.0
2014-05-13,61.46,61.46,61.17,61.38,206300.0
2014-05-14,61.46,61.53,61.21,61.5,201600.0
2014-05-15,61.82,62.44,61.62,62.02,509300.0
2014-05-16,62.14,62.19,61.51,61.73,213800.0
2014-05-19,61.68,62.03,61.5,61.89,155200.0
2014-05-20,61.56,61.92,61.35,61.68,245800.0
2014-05-21,61.69,62.06,61.65,61.9,215900.0
2014-05-22,62.03,62.56,61.92,62.33,264900.0
2014-05-23,62.6,62.65,62.32,62.51,253100.0
2014-05-27,63.56,63.72,62.99,63.33,367300.0
2014-05-28,63.34,63.5,62.97,63.27,209400.0
2014-05-29,63.54,63.83,63.35,63.83,383100.0
2014-05-30,63.72,64.42,63.62,64.2,460700.0
2014-06-02,63.92,64.13,63.63,64.0,306300.0
2014-06-03,63.87,64.69,63.77,64.36,312900.0
2014-06-04,64.14,64.56,63.67,64.4,336600.0
2014-06-05,64.3,64.54,63.97,64.21,346600.0
2014-06-06,64.18,64.63,64.14,64.47,216700.0
2014-06-09,64.55,65.09,64.53,64.84,288500.0
2014-06-10,64.84,65.02,64.72,64.95,161600.0
2014-06-11,64.95,65.11,64.83,64.93,209500.0
2014-06-12,64.99,64.99,64.43,64.89,257600.0
2014-06-13,64.82,65.3,64.69,64.96,224200.0
2014-06-16,64.92,65.84,64.91,65.56,316200.0
2014-06-17,65.59,65.71,65.31,65.36,230800.0
2014-06-18,65.4,65.69,65.18,65.65,401100.0
2014-06-19,65.82,65.82,65.11,65.33,320800.0
2014-06-20,65.84,66.0,65.67,66.0,322800.0
2014-06-23,65.92,66.53,65.69,66.42,285300.0
2014-06-24,66.44,66.7,66.17,66.27,308200.0
2014-06-25,66.42,66.58,66.04,66.15,246600.0
2014-06-26,66.31,66.89,66.22,66.79,364700.0
2014-06-27,66.88,67.41,66.81,67.39,463100.0
2014-06-30,66.52,66.97,66.4,66.6,455600.0
2014-07-01,66.93,67.24,66.81,67.08,399700.0
2014-07-02,67.01,67.18,66.72,66.97,340200.0
2014-07-03,67.04,67.93,66.95,67.51,282800.0
2014-07-07,67.61,67.79,67.1,67.67,318000.0
2014-07-08,67.43,67.44,66.97,67.35,342700.0
2014-07-09,67.37,67.98,67.14,67.67,325600.0
2014-07-10,67.23,67.74,67.11,67.66,426500.0
2014-07-11,67.43,67.43,66.93,67.11,336200.0
2014-07-14,67.31,67.65,67.26,67.64,312700.0
2014-07-15,67.49,67.91,67.49,67.66,254400.0
2014-07-16,67.76,68.52,67.69,68.13,354800.0
2014-07-17,67.97,68.02,67.64,67.74,250000.0
2014-07-18,67.82,68.18,67.78,67.99,183700.0
2014-07-21,67.84,67.92,67.54,67.87,212600.0
2014-07-22,67.92,68.33,67.71,68.3,301600.0
2014-07-23,68.37,68.37,67.91,68.09,212400.0
2014-07-24,68.21,68.32,67.9,68.2,173300.0
2014-07-25,68.18,68.52,67.97,68.02,240800.0
2014-07-28,68.06,68.47,67.92,68.33,235200.0
2014-07-29,68.41,68.61,67.99,68.01,213100.0
2014-07-30,68.08,68.29,67.85,68.24,301500.0
2014-07-31,68.1,68.71,67.68,67.9,472500.0
2014-08-01,67.82,67.9,66.68,67.24,392900.0
2014-08-04,67.39,67.78,67.07,67.66,148000.0
2014-08-05,67.34,67.34,66.56,66.83,519500.0
2014-08-06,66.5,66.96,66.43,66.78,352000.0
2014-08-07,66.77,66.83,65.56,66.09,485800.0
2014-08-08,65.78,65.88,64.94,65.22,623500.0
2014-08-11,65.29,66.17,65.26,65.96,292900.0
2014-08-12,65.98,66.35,65.76,66.17,318500.0
2014-08-13,66.48,66.5,66.04,66.24,196700.0
2014-08-14,66.39,66.73,66.39,66.68,196400.0
2014-08-15,67.0,67.1,65.81,66.46,329200.0
2014-08-18,66.62,66.98,66.51,66.65,230100.0
2014-08-19,66.74,66.98,66.54,66.87,317000.0
2014-08-20,66.69,67.11,66.64,66.96,290900.0
2014-08-21,67.1,67.66,67.1,67.43,254000.0
2014-08-22,67.62,67.68,66.99,67.14,281400.0
2014-08-25,67.08,67.75,66.94,67.55,382000.0
2014-08-26,67.3,67.31,66.1,66.17,906100.0
2014-08-27,66.52,66.64,65.7,66.62,804500.0
2014-08-28,66.31,66.41,65.83,66.13,423000.0
2014-08-29,66.1,66.4,65.72,66.22,387200.0
2014-09-02,66.0,66.21,65.82,66.11,333300.0
2014-09-03,66.37,66.65,66.18,66.3,516700.0
2014-09-04,66.63,66.79,66.13,66.31,238800.0
2014-09-05,66.23,66.38,65.93,66.31,338700.0
2014-09-08,66.06,66.2,65.36,65.5,306700.0
2014-09-09,65.31,65.92,65.0,65.82,416000.0
2014-09-10,65.82,66.26,65.74,66.17,309900.0
2014-09-11,65.73,66.13,65.65,65.83,313800.0
2014-09-12,65.67,66.12,65.54,65.79,372500.0
2014-09-15,65.8,66.1,65.59,66.06,233300.0
2014-09-16,66.15,66.82,66.02,66.65,414000.0
2014-09-17,66.72,66.79,66.18,66.28,301700.0
2014-09-18,66.68,66.87,66.48,66.61,269900.0
2014-09-19,66.77,66.84,65.18,65.36,740700.0
2014-09-22,64.98,65.2,64.59,64.6,460725.0
2014-09-23,64.62,64.68,64.035,64.13,315492.0
2014-09-24,63.95,64.07,62.79,63.41,890121.0
2014-09-25,63.16,63.16,61.8,62.0,854562.0
2014-09-26,61.99,62.66,61.23,62.09,721678.0
2014-09-29,61.96,62.33,61.43,62.13,881218.0
2014-09-30,61.72,62.3299,61.32,61.85,580338.0
2014-10-01,61.91,62.34,61.64,62.32,747708.0
2014-10-02,62.15,62.19,60.94,61.73,1010946.0
2014-10-03,60.85,61.37,60.6,60.83,668323.0
2014-10-06,61.28,61.86,61.06,61.44,660836.0
2014-10-07,61.14,61.44,60.85,60.89,638939.0
2014-10-08,60.85,62.44,60.7,62.24,765386.0
2014-10-09,62.25,62.25,61.35,61.75,828732.0
2014-10-10,61.41,61.79,60.565,60.58,759262.0
2014-10-13,60.78,61.1599,60.25,60.3,393274.0
2014-10-14,60.1,60.31,59.17,59.45,1080025.0
2014-10-15,58.94,59.14,57.4104,58.5,1113420.0
2014-10-16,57.28,59.68,56.52,58.55,1218390.0
2014-10-17,59.05,60.0807,58.91,59.71,696956.0
2014-10-20,59.94,59.99,59.27,59.64,877562.0
2014-10-21,60.16,60.81,59.67,60.55,646069.0
2014-10-22,60.34,60.37,59.18,59.38,1375593.0
2014-10-23,59.75,60.47,59.6,60.19,632721.0
2014-10-24,60.48,60.85,60.3,60.57,583545.0
2014-10-27,60.46,60.67,60.07,60.46,529419.0
2014-10-28,60.86,61.47,60.74,61.34,470798.0
2014-10-29,61.69,61.78,60.31,60.82,618336.0
2014-10-30,60.84,61.43,59.0,61.01,450767.0
2014-10-31,61.19,61.41,60.825,61.3,570088.0
2014-11-03,61.25,61.25,60.39,60.53,606447.0
2014-11-04,60.06,60.08,58.769,58.88,1480274.0
2014-11-05,58.9,59.2501,58.38,59.06,1469612.0
2014-11-06,59.16,59.39,58.54,58.77,758510.0
2014-11-07,59.07,59.66,58.85,59.54,701866.0
2014-11-10,59.85,60.07,59.67,59.9,731105.0
2014-11-11,60.05,60.5865,59.97,60.39,607950.0
2014-11-12,60.39,60.689,60.04,60.58,745288.0
2014-11-13,60.69,60.93,60.29,60.45,664738.0
2014-11-14,60.54,60.88,60.47,60.88,461137.0
2014-11-17,60.77,61.3,60.73,60.87,644530.0
2014-11-18,61.29,61.33,60.869,61.23,592294.0
2014-11-19,61.06,61.49,60.94,61.38,615165.0
2014-11-20,61.55,61.9154,61.47,61.82,660487.0
2014-11-21,62.355,62.689,62.31,62.37,783489.0
2014-11-24,62.5,62.61,61.78,62.16,768487.0
2014-11-25,62.44,62.71,62.18,62.34,542527.0
2014-11-26,62.45,62.67,62.25,62.49,381480.0
2014-11-28,62.15,62.3,61.84,62.04,252747.0
2014-12-01,61.9,62.33,61.05,61.18,767661.0
2014-12-02,60.8,60.95,60.275,60.34,943857.0
2014-12-03,60.51,60.8,60.07,60.7,514829.0
2014-12-04,60.5,60.65,59.01,59.43,994874.0
2014-12-05,59.24,59.26,57.61,58.0,1211251.0
2014-12-08,57.49,57.55,54.87,56.71,1863142.0
2014-12-09,56.21,57.15,56.06,57.1,888275.0
2014-12-10,56.93,56.98,55.14,55.79,1130779.0
2014-12-11,55.62,56.4601,55.32,55.79,781444.0
2014-12-12,55.59,55.76,54.86,55.04,924959.0
2014-12-15,55.0,55.26,54.28,54.64,1132488.0
2014-12-16,54.7,55.88,54.2,55.16,962317.0
2014-12-17,55.2,56.41,54.3103,55.87,940693.0
2014-12-18,56.79,56.89,55.46,55.98,893539.0
2014-12-19,56.27,56.42,55.59,56.22,676646.0
2014-12-22,56.45,56.71,56.15,56.25,608051.0
2014-12-23,56.32,57.17,56.25,56.89,485624.0
2014-12-24,57.2,57.5,56.8699,57.02,319842.0
2014-12-26,57.09,57.31,57.0,57.0,168445.0
2014-12-29,57.03,57.83,57.03,57.56,594900.0
2014-12-30,57.64,57.81,57.0,57.21,507308.0
2014-12-31,57.35,57.4,56.79,57.08,503970.0
2015-01-02,56.36,56.58,55.5785,55.88,689540.0
2015-01-05,55.31,55.45,54.0147,54.67,765226.0
2015-01-06,54.19,54.34,53.15,53.67,1013322.0
2015-01-07,53.89,54.535,53.36,53.8,946268.0
2015-01-08,54.19,54.57,53.93,54.2,718783.0
2015-01-09,54.26,54.27,52.94,53.08,812950.0
2015-01-12,52.6,52.66,51.62,51.8,1346546.0
2015-01-13,51.86,52.37,51.21,51.78,1215165.0
2015-01-14,51.2,51.69,50.6476,51.67,1202913.0
2015-01-15,51.89,52.4099,51.16,51.27,1080689.0
2015-01-16,50.96,51.75,50.8,51.48,906139.0
2015-01-20,51.11,51.47,50.77,50.87,1402109.0
2015-01-21,51.0,51.29,50.19,50.97,1303338.0
2015-01-22,51.15,51.7723,51.07,51.44,713652.0
2015-01-23,51.88,52.09,51.36,51.4,881762.0
2015-01-26,51.51,51.64,50.84,50.95,604211.0
2015-01-27,50.72,51.1999,50.44,50.95,538397.0
2015-01-28,51.27,51.27,49.89,49.93,807466.0
2015-01-29,49.82,49.84,48.83,49.53,1025231.0
2015-01-30,48.48,48.85,47.62,48.04,1218788.0
2015-02-02,48.62,49.79,48.55,49.38,955253.0
2015-02-03,49.75,52.08,49.59,51.5,1476453.0
2015-02-04,51.27,51.55,50.28,50.49,846444.0
2015-02-05,50.91,52.19,50.75,51.95,705817.0
2015-02-06,52.11,52.8,51.81,52.01,777801.0
2015-02-09,52.11,53.1,52.09,52.61,806331.0
2015-02-10,52.77,52.82,51.85,52.11,765059.0
2015-02-11,52.04,52.4,51.63,52.12,689906.0
2015-02-12,52.74,53.36,52.71,53.27,724801.0
2015-02-13,53.64,54.1,53.52,53.9,673241.0
2015-02-17,54.06,54.7,53.762,54.46,766966.0
2015-02-18,54.06,54.08,53.3,53.47,856278.0
2015-02-19,52.85,53.26,52.2,53.12,734880.0
2015-02-20,53.04,53.09,52.44,52.83,658908.0
2015-02-23,52.59,52.6,51.9,52.39,1017505.0
2015-02-24,51.86,52.32,51.47,52.28,1074547.0
2015-02-25,52.69,53.21,52.42,52.97,822843.0
2015-02-26,53.0,54.07,52.98,53.15,961058.0
2015-02-27,53.2,53.95,53.12,53.45,884095.0
2015-03-02,53.4,53.48,53.02,53.38,900968.0
2015-03-03,53.47,53.47,52.5399,52.7,837595.0
2015-03-04,52.49,52.5,51.86,52.47,954143.0
2015-03-05,52.38,52.85,52.11,52.14,957964.0
2015-03-06,51.82,52.07,50.82,51.19,1080643.0
2015-03-09,51.39,51.54,51.075,51.22,587642.0
2015-03-10,50.77,50.8,49.39,49.4,1177485.0
2015-03-11,49.57,49.57,48.86,49.13,927893.0
2015-03-12,49.69,50.32,49.68,49.73,812625.0
2015-03-13,49.48,49.54,48.66,49.14,907124.0
2015-03-16,49.25,50.28,49.19,49.91,716714.0
2015-03-17,49.79,49.8,49.0,49.6,892364.0
2015-03-18,49.38,50.52,49.09,50.23,1007926.0
2015-03-19,49.85,49.88,49.2,49.4,916097.0
2015-03-20,50.01,50.74,49.88,50.43,781783.0
2015-03-23,50.71,51.29,50.62,50.96,574484.0
2015-03-24,51.08,51.3,50.69,51.14,661010.0
2015-03-25,51.25,51.44,50.13,50.34,981272.0
2015-03-26,50.6,50.72,49.85,50.25,587451.0
2015-03-27,50.17,50.44,49.35,49.52,811620.0
2015-03-30,49.38,49.81,49.261,49.41,784522.0
2015-03-31,49.13,50.53,48.98,50.23,1175638.0
2015-04-01,50.33,50.46,49.71,50.3,898072.0
2015-04-02,49.87,50.36,49.84,50.23,666057.0
2015-04-06,50.41,51.1,50.36,50.59,980989.0
2015-04-07,50.6,51.2215,50.6,51.01,732273.0
2015-04-08,51.3,51.52,50.6,50.75,848331.0
2015-04-09,50.74,51.12,50.71,51.01,627618.0
2015-04-10,51.14,51.25,50.96,51.22,622600.0
2015-04-13,51.26,51.42,50.9001,51.07,650893.0
2015-04-14,51.49,51.96,51.41,51.75,827944.0
2015-04-15,51.73,53.38,51.63,53.21,968784.0
2015-04-16,53.32,54.01,53.06,53.95,1071771.0
2015-04-17,53.89,54.17,53.55,53.87,1539607.0
2015-04-20,54.05,54.48,53.96,54.18,1175401.0
2015-04-21,54.19,54.33,53.93,54.2,1205165.0
2015-04-22,54.4,54.43,53.6,54.41,837247.0
2015-04-23,54.04,55.16,53.98,54.98,757207.0
2015-04-24,55.09,55.3,54.78,54.97,473500.0
2015-04-27,55.16,55.34,54.97,55.31,712482.0
2015-04-28,55.32,56.03,55.16,56.0,668914.0
2015-04-29,55.75,56.26,55.73,56.03,575664.0
2015-04-30,55.62,55.7,54.95,55.17,809922.0
2015-05-01,54.88,55.1518,54.71,54.99,558052.0
2015-05-04,55.25,55.62,55.18,55.52,358489.0
2015-05-05,55.58,55.65,54.83,55.06,515197.0
2015-05-06,55.29,55.41,54.28,54.74,581548.0
2015-05-07,54.47,54.5,53.5401,53.96,971814.0
2015-05-08,54.3,54.5,54.0,54.1,906437.0
2015-05-11,54.28,54.5,53.84,54.15,619600.0
2015-05-12,54.17,54.66,54.11,54.17,573628.0
2015-05-13,54.51,54.72,54.0,54.37,507355.0
2015-05-14,54.73,54.74,54.03,54.32,616217.0
2015-05-15,54.1,54.17,53.71,54.07,432053.0
2015-05-18,54.1,54.1,53.34,53.59,401751.0
2015-05-19,53.15,53.56,52.72,53.37,652836.0
2015-05-20,53.25,53.38,52.7,52.83,781140.0
2015-05-21,52.63,53.4,52.63,53.22,624855.0
2015-05-22,52.87,52.87,52.43,52.52,457039.0
2015-05-26,52.11,52.16,51.2,51.66,827911.0
2015-05-27,51.65,52.06,51.5,51.74,536948.0
2015-05-28,51.58,51.99,51.06,51.96,686333.0
2015-05-29,51.9,52.75,51.69,52.67,1470615.0
2015-06-01,52.8,53.3484,52.14,52.56,1219461.0
2015-06-02,52.84,53.6599,52.55,53.33,648903.0
2015-06-03,53.16,53.69,53.0,53.59,630183.0
2015-06-04,53.22,53.63,52.622,53.05,699812.0
2015-06-05,52.75,53.58,52.74,53.32,570315.0
2015-06-08,53.3,53.3,52.23,52.61,697510.0
2015-06-09,52.71,53.75,52.47,53.54,692988.0
2015-06-10,54.13,54.35,53.97,54.05,596219.0
2015-06-11,54.08,54.1,53.36,53.84,544910.0
2015-06-12,53.46,53.6,52.82,53.39,1385309.0
2015-06-15,53.11,53.76,52.98,53.57,605725.0
2015-06-16,53.53,53.66,53.27,53.46,467852.0
2015-06-17,53.53,53.62,52.74,53.32,755684.0
2015-06-18,53.63,53.63,53.0,53.23,478305.0
2015-06-19,52.68,52.88,51.81,52.44,1770466.0
2015-06-22,52.65,53.27,52.6,52.87,521054.0
2015-06-23,52.97,53.5,52.85,53.47,533416.0
2015-06-24,53.33,53.69,53.1,53.49,481235.0
2015-06-25,53.74,54.15,53.63,53.95,588994.0
2015-06-26,53.72,54.21,53.64,54.07,477967.0
2015-06-29,53.23,53.23,51.8749,52.12,872856.0
2015-06-30,52.27,52.4,51.58,51.63,750244.0
2015-07-01,51.74,52.1,51.3,51.71,538857.0
2015-07-02,50.1717,50.419,49.7364,49.9738,800633.0
2015-07-06,50.23,51.04,50.047,50.54,754225.0
2015-07-07,50.13,50.61,49.76,50.53,948847.0
2015-07-08,50.17,50.3755,49.88,49.92,721016.0
2015-07-09,50.49,50.57,49.51,49.58,854141.0
2015-07-10,49.88,50.19,49.74,50.14,586004.0
2015-07-13,50.33,50.54,49.97,50.21,474002.0
2015-07-14,50.07,50.11,49.51,50.08,784251.0
2015-07-15,49.99,50.0,49.21,49.6,1007662.0
2015-07-16,49.8,50.39,49.65,50.08,531813.0
2015-07-17,50.08,50.1,49.27,49.55,491675.0
2015-07-20,49.59,49.7,48.99,49.02,791345.0
2015-07-21,49.07,49.27,48.62,48.82,1232568.0
2015-07-22,48.53,48.5914,48.11,48.32,922977.0
2015-07-23,48.4,48.55,47.8,48.02,910345.0
2015-07-24,47.88,48.18,47.61,47.79,871118.0
2015-07-27,47.64,47.64,46.615,46.86,929918.0
2015-07-28,47.19,47.77,46.53,47.5,993778.0
2015-07-29,47.61,49.05,47.5,48.89,1264467.0
2015-07-30,48.77,49.14,48.21,49.08,930060.0
2015-07-31,49.34,49.59,48.93,49.11,960815.0
2015-08-03,48.73,48.98,48.21,48.4,492301.0
2015-08-04,48.75,48.8,48.1,48.18,800159.0
2015-08-05,48.62,48.83,48.385,48.4,563690.0
2015-08-06,48.37,48.48,47.575,47.83,1019349.0
2015-08-07,47.64,47.96,47.24,47.58,606753.0
2015-08-10,47.6,48.63,47.57,48.48,723548.0
2015-08-11,48.03,48.04,47.02,47.52,881298.0
2015-08-12,47.62,47.81,47.09,47.7,674662.0
2015-08-13,47.47,47.47,46.66,46.75,710015.0
2015-08-14,46.71,47.05,46.71,46.94,476587.0
2015-08-17,46.86,46.86,46.15,46.73,698001.0
2015-08-18,46.64,46.65,46.22,46.45,729503.0
2015-08-19,46.28,46.28,45.22,45.71,1042415.0
2015-08-20,45.27,45.28,44.59,44.79,1058011.0
2015-08-21,44.32,44.69,43.7,43.71,1210028.0
2015-08-24,40.47,43.3,39.55,42.2,2943158.0
2015-08-25,43.74,43.77,42.56,42.59,1764907.0
2015-08-26,43.68,43.98,42.75,43.96,1995777.0
2015-08-27,44.71,45.75,44.44,45.34,1640945.0
2015-08-28,44.86,45.44,44.43,45.13,1766224.0
2015-08-31,44.71,45.85,43.57,45.64,1939338.0
2015-09-01,44.63,45.17,43.81,44.04,1632655.0
2015-09-02,44.36,44.68,43.735,44.0,1068559.0
2015-09-03,44.2,45.26,44.14,44.75,1166102.0
2015-09-04,44.31,44.49,43.82,44.08,860766.0
2015-09-08,44.97,45.39,44.82,45.05,1019742.0
2015-09-09,45.37,45.52,44.41,44.48,1012054.0
2015-09-10,44.3,44.72,44.0,44.38,1198384.0
2015-09-11,44.06,44.21,43.5,43.85,753764.0
2015-09-14,44.0,44.11,43.8,43.91,663003.0
2015-09-15,43.99,44.15,43.83,43.97,955626.0
2015-09-16,44.12,45.16,44.12,45.12,790605.0
2015-09-17,45.07,45.56,44.74,44.89,904518.0
2015-09-18,44.67,44.76,43.94,44.03,1069445.0
2015-09-21,44.3,44.67,44.15,44.64,677157.0
2015-09-22,43.99,44.09,43.58,43.82,925071.0
2015-09-23,43.89,43.94,42.81,43.08,852011.0
2015-09-24,42.71,43.3,42.48,43.02,878632.0
2015-09-25,43.52,43.75,43.33,43.39,796059.0
2015-09-28,43.06,43.28,42.7436,42.83,814157.0
2015-09-29,42.88,43.19,42.71,43.17,826687.0
2015-09-30,43.64,44.08,43.43,44.08,994534.0
2015-10-01,44.48,44.64,44.085,44.55,1058868.0
2015-10-02,43.66,43.68,42.78,43.48,1087928.0
2015-10-05,44.05,44.78,43.9601,44.66,968556.0
2015-10-06,44.66,45.64,44.5,45.59,1348763.0
2015-10-07,46.05,46.78,45.9,46.14,1288764.0
2015-10-08,46.17,46.62,46.0,46.6,835623.0
2015-10-09,46.79,46.99,46.35,46.58,647733.0
2015-10-12,46.6,46.74,46.17,46.22,445796.0
2015-10-13,45.99,46.59,45.81,46.29,682828.0
2015-10-14,46.44,46.63,45.98,46.17,574439.0
2015-10-15,46.45,46.67,46.175,46.51,537385.0
2015-10-16,46.51,46.81,46.32,46.67,487167.0
2015-10-19,46.49,46.75,46.33,46.38,523748.0
2015-10-20,46.58,47.23,46.35,46.78,480424.0
2015-10-21,46.89,47.01,46.11,46.14,518340.0
2015-10-22,46.38,47.25,46.34,47.04,533448.0
2015-10-23,47.14,47.349,46.95,47.09,576638.0
2015-10-26,47.23,47.53,46.86,46.94,474154.0
2015-10-27,46.59,47.17,46.54,46.92,644214.0
2015-10-28,47.11,47.9,47.03,47.83,756641.0
2015-10-29,47.59,47.945,47.37,47.87,657539.0
2015-10-30,47.79,47.84,46.97,46.98,806773.0
2015-11-02,47.06,47.39,46.9,47.23,588903.0
2015-11-03,47.04,47.55,46.61,47.45,697699.0
2015-11-04,47.32,47.51,46.57,46.81,1653728.0
2015-11-05,46.86,47.24,46.66,46.71,1374160.0
2015-11-06,46.53,46.66,45.98,46.38,724212.0
2015-11-09,46.41,46.41,45.5,45.93,701178.0
2015-11-10,45.75,45.82,45.49,45.77,655486.0
2015-11-11,45.91,46.14,45.591,45.89,550057.0
2015-11-12,45.41,45.47,44.96,45.04,708583.0
2015-11-13,44.84,44.93,44.09,44.3,652884.0
2015-11-16,44.26,45.1,44.12,45.09,594927.0
2015-11-17,45.33,45.74,45.2,45.48,817679.0
2015-11-18,45.56,45.8,45.375,45.56,596779.0
2015-11-19,45.74,45.9362,45.57,45.72,590635.0
2015-11-20,45.87,46.04,45.36,45.46,605842.0
2015-11-23,45.33,45.6,44.9499,44.98,619329.0
2015-11-24,44.97,45.59,44.8,45.37,786889.0
2015-11-25,45.49,45.56,45.18,45.22,547801.0
2015-11-27,45.33,45.49,45.23,45.44,416301.0
2015-11-30,45.53,45.77,45.45,45.55,780363.0
2015-12-01,45.29,45.86,45.0,45.51,1070573.0
2015-12-02,45.54,45.74,44.68,44.86,1294936.0
2015-12-03,45.12,45.12,44.27,44.43,844612.0
2015-12-04,44.38,44.48,44.03,44.44,828870.0
2015-12-07,43.94,43.99,42.67,42.93,1109129.0
2015-12-08,42.46,42.69,42.11,42.29,825343.0
2015-12-09,42.28,43.235,42.13,42.44,820191.0
2015-12-10,42.29,42.78,41.92,42.03,871105.0
2015-12-11,41.71,41.72,40.73,40.78,1121989.0
2015-12-14,40.91,41.1,40.17,40.5,1189728.0
2015-12-15,40.9,41.36,40.837,41.15,910716.0
2015-12-16,41.17,41.53,40.78,41.48,967499.0
2015-12-17,41.38,41.44,40.86,40.97,1013625.0
2015-12-18,40.72,40.93,40.24,40.32,910391.0
2015-12-21,40.64,40.84,40.1,40.3,741909.0
2015-12-22,40.37,40.59,39.84,40.45,801078.0
2015-12-23,40.77,41.5274,40.66,41.45,971973.0
2015-12-24,41.43,42.0533,41.41,41.83,532815.0
2015-12-28,41.72,41.72,41.16,41.37,520693.0
2015-12-29,41.8,42.15,41.79,42.08,816064.0
2015-12-30,41.79,41.8898,41.4,41.54,699569.0
2015-12-31,40.79,40.8,40.38,40.44,801559.0
2016-01-04,39.82,39.91,39.39,39.86,1184024.0
2016-01-05,39.92,40.26,39.63,40.14,1178185.0
2016-01-06,39.51,39.57,39.15,39.17,908341.0
2016-01-07,38.65,38.925,38.33,38.53,1072115.0
2016-01-08,39.12,39.13,38.4795,38.55,1007788.0
2016-01-11,38.89,38.92,37.7999,38.07,1161871.0
2016-01-12,38.34,38.58,37.34,37.91,1896434.0
2016-01-13,38.07,38.22,36.851,36.94,1208955.0
2016-01-14,37.06,37.41,36.67,37.32,1188082.0
2016-01-15,36.31,36.68,35.83,36.0,1569126.0
2016-01-19,36.7,36.86,36.25,36.55,1381743.0
2016-01-20,35.95,36.13,35.01,35.8,1877133.0
2016-01-21,36.13,37.16,35.9,36.91,1328548.0
2016-01-22,38.03,38.51,37.87,38.45,1390170.0
2016-01-25,38.41,38.41,37.04,37.08,1145433.0
2016-01-26,37.51,37.9,37.34,37.82,1384222.0
2016-01-27,37.76,39.105,37.71,38.47,1269615.0
2016-01-28,39.28,40.25,38.82,40.15,2217042.0
2016-01-29,40.56,40.9,39.7,40.84,1433636.0
2016-02-01,40.56,40.62,39.9,40.45,1113856.0
2016-02-02,39.72,39.75,39.17,39.59,1348533.0
2016-02-03,40.33,40.7389,39.43,40.5,1779998.0
2016-02-04,40.85,41.73,40.8,41.34,1325323.0
2016-02-05,41.21,41.2999,40.7,40.86,1107183.0
2016-02-08,40.39,40.46,39.565,39.98,1496285.0
2016-02-09,39.63,39.75,38.32,38.99,2066838.0
2016-02-10,39.39,39.58,37.74,37.78,1407104.0
2016-02-11,37.15,37.52,36.88,37.36,1673497.0
2016-02-12,37.92,39.005,37.82,38.98,1393163.0
2016-02-16,39.72,39.74,38.82,39.66,1183053.0
2016-02-17,40.26,41.09,40.14,41.02,1064732.0
2016-02-18,41.34,41.45,40.57,40.97,879605.0
2016-02-19,40.37,40.67,40.04,40.66,823362.0
2016-02-22,41.27,41.44,40.49,40.52,1227839.0
2016-02-23,40.35,40.76,39.67,39.8,1320746.0
2016-02-24,39.1,39.31,37.54,39.13,1839278.0
2016-02-25,39.4,39.7,38.75,39.55,1574822.0
2016-02-26,39.99,40.26,39.73,39.96,1062798.0
2016-02-29,40.145,40.38,39.72,40.0,1186419.0
2016-03-01,41.52,43.15,41.43,43.13,2265870.0
2016-03-02,42.78,43.23,42.18,43.02,1336375.0
2016-03-03,43.05,43.86,42.93,43.74,800772.0
2016-03-04,43.84,44.83,43.65,44.66,1365598.0
2016-03-07,44.52,45.75,44.46,45.61,1320133.0
2016-03-08,45.14,45.88,44.78,45.65,1265182.0
2016-03-09,45.71,47.14,45.71,46.64,1678780.0
2016-03-10,46.76,47.03,45.63,46.15,1335485.0
2016-03-11,46.9,47.13,46.61,47.08,961566.0
2016-03-14,46.78,47.09,46.65,46.78,1014464.0
2016-03-15,46.3,46.68,46.18,46.66,846068.0
2016-03-16,46.66,47.72,46.63,47.58,736855.0
2016-03-17,47.96,49.25,47.93,49.17,1199568.0
2016-03-18,49.15,49.29,48.52,48.73,1201712.0
2016-03-21,48.74,49.06,48.19,48.64,913931.0
2016-03-22,48.35,48.91,48.26,48.68,757225.0
2016-03-23,48.49,48.5,47.66,47.86,814695.0
2016-03-24,47.24,47.24,46.71,47.06,961002.0
2016-03-28,47.33,47.85,47.04,47.7,571896.0
2016-03-29,47.54,48.52,47.04,48.39,1099108.0
2016-03-30,48.83,49.5,48.69,49.02,870640.0
2016-03-31,49.07,49.63,48.795,48.86,1118125.0
2016-04-01,47.47,48.23,47.04,48.19,851831.0
2016-04-04,48.16,48.24,47.63,47.76,808688.0
2016-04-05,46.96,47.215,46.63,47.11,922865.0
2016-04-06,47.01,47.425,46.63,47.32,583697.0
2016-04-07,46.9,47.14,46.35,46.63,646455.0
2016-04-08,47.44,47.94,47.37,47.6,518008.0
2016-04-11,47.78,48.22,47.69,47.69,497624.0
2016-04-12,47.86,49.38,47.791,49.05,836242.0
2016-04-13,49.32,49.87,49.29,49.6,689995.0
2016-04-14,49.78,49.97,49.49,49.69,526523.0
2016-04-15,49.56,49.67,49.17,49.51,682667.0
2016-04-18,48.88,49.805,48.85,49.75,643333.0
2016-04-19,50.16,50.95,50.13,50.83,1122611.0
2016-04-20,50.76,51.85,50.57,51.59,933673.0
2016-04-21,51.37,51.48,50.93,51.08,636910.0
2016-04-22,51.42,51.91,51.38,51.55,667094.0
2016-04-25,51.3,51.44,50.96,51.19,657448.0
2016-04-26,51.52,51.7999,51.45,51.63,583657.0
2016-04-27,51.81,52.13,51.59,51.86,685884.0
2016-04-28,51.71,52.27,51.37,51.96,589355.0
2016-04-29,51.92,52.755,51.9,52.45,1254158.0
2016-05-02,52.53,52.89,51.86,52.0,598548.0
2016-05-03,50.91,50.91,49.52,49.88,1329867.0
2016-05-04,49.19,49.3314,48.22,48.73,992082.0
2016-05-05,48.92,48.96,48.05,48.1,1160382.0
2016-05-06,47.78,48.16,47.38,48.12,1073374.0
2016-05-09,47.64,47.86,47.4,47.62,851984.0
2016-05-10,47.82,48.56,47.82,48.29,942936.0
2016-05-11,48.23,49.23,48.23,48.85,896009.0
2016-05-12,49.43,49.59,48.4,49.04,664356.0
2016-05-13,48.61,48.9298,48.15,48.42,778828.0
2016-05-16,48.51,49.12,48.49,48.86,844297.0
2016-05-17,48.61,48.95,48.32,48.67,746133.0
2016-05-18,48.32,49.11,48.25,48.55,1270093.0
2016-05-19,47.99,48.09,47.29,47.88,1031958.0
2016-05-20,48.08,48.6,48.07,48.1,903644.0
2016-05-23,47.99,48.6401,47.6,48.29,512847.0
2016-05-24,48.2,48.96,48.17,48.5,996041.0
2016-05-25,48.87,49.73,48.73,49.67,845319.0
2016-05-26,50.19,50.55,49.64,49.77,1140512.0
2016-05-27,49.39,49.921,49.39,49.89,788424.0
2016-05-31,49.45,49.68,48.92,48.93,1688693.0
2016-06-01,48.69,49.77,48.36,49.69,938530.0
2016-06-02,49.3,50.055,49.08,49.99,992694.0
2016-06-03,50.37,50.73,49.94,50.56,947899.0
2016-06-06,50.81,51.51,50.75,51.43,1034301.0
2016-06-07,51.59,52.66,51.59,52.54,1684772.0
2016-06-08,52.72,53.165,52.37,52.66,1333421.0
2016-06-09,52.3,52.45,51.83,52.14,1371438.0
2016-06-10,51.73,51.83,50.88,51.13,1118648.0
2016-06-13,50.69,51.06,50.49,50.77,1086928.0
2016-06-14,50.47,50.66,50.07,50.25,1012399.0
2016-06-15,50.17,50.35,49.68,49.72,1042569.0
2016-06-16,49.13,49.84,48.561,49.57,1180716.0
2016-06-17,49.86,50.47,49.86,50.02,1359098.0
2016-06-20,51.12,51.38,50.67,50.8,1054609.0
2016-06-21,50.92,51.08,50.525,50.89,858223.0
2016-06-22,51.09,51.23,50.45,50.54,798185.0
2016-06-23,51.27,51.63,51.13,51.39,1040890.0
2016-06-24,48.84,49.84,48.44,49.26,1791420.0
2016-06-27,48.75,48.75,47.59,48.04,1553053.0
2016-06-28,48.61,48.99,48.37,48.94,861939.0
2016-06-29,49.45,49.9,49.27,49.76,1047587.0
2016-06-30,49.33,49.35,48.6,49.01,1305240.0
2016-07-01,49.02,49.51,48.8,49.41,594411.0
2016-07-05,49.01,49.33,48.62,48.65,753966.0
2016-07-06,48.4,48.78,47.91,48.7,730537.0
2016-07-07,49.02,49.14,48.09,48.32,687310.0
2016-07-08,48.62,49.05,48.49,48.6,754447.0
2016-07-11,48.93,49.14,48.69,48.74,659085.0
2016-07-12,49.32,49.8,49.3,49.58,670636.0
2016-07-13,49.68,50.25,49.47,50.05,735880.0
2016-07-14,50.59,50.89,50.54,50.55,661509.0
2016-07-15,50.7,50.92,50.58,50.76,668113.0
2016-07-18,50.68,50.79,50.44,50.61,423799.0
2016-07-19,50.31,50.39,50.14,50.35,475891.0
2016-07-20,50.26,50.65,50.2,50.49,557755.0
2016-07-21,50.49,50.69,50.18,50.25,464446.0
2016-07-22,50.4,50.46,49.965,50.23,482521.0
2016-07-25,50.04,50.09,49.61,49.77,442795.0
2016-07-26,49.85,50.35,49.79,50.23,598697.0
2016-07-27,50.26,50.69,49.9,50.28,700622.0
2016-07-28,50.28,50.53,49.82,50.44,712458.0
2016-07-29,50.33,51.05,50.33,50.77,473716.0
2016-08-01,50.63,50.63,49.92,49.96,537340.0
2016-08-02,50.35,50.43,49.85,50.12,783431.0
2016-08-03,50.26,50.55,50.07,50.25,564687.0
2016-08-04,50.31,50.48,49.92,50.28,535035.0
2016-08-05,49.9,50.41,49.82,50.36,547208.0
2016-08-08,50.45,50.86,50.43,50.65,531751.0
2016-08-09,50.76,51.17,50.72,50.98,500683.0
2016-08-10,51.37,51.48,51.025,51.09,538440.0
2016-08-11,51.31,51.74,51.29,51.59,523319.0
2016-08-12,51.59,51.67,51.33,51.53,427338.0
2016-08-15,51.67,51.86,51.53,51.69,445023.0
2016-08-16,51.85,51.89,51.5,51.75,453738.0
2016-08-17,51.68,52.02,51.485,51.89,538917.0
2016-08-18,51.97,52.11,51.84,52.09,597914.0
2016-08-19,51.63,51.74,51.2338,51.65,718465.0
2016-08-22,51.34,51.55,51.07,51.47,504973.0
2016-08-23,51.81,52.41,51.81,52.21,741229.0
2016-08-24,52.44,53.13,52.34,53.06,1114909.0
2016-08-25,52.95,53.27,52.81,53.25,791412.0
2016-08-26,53.43,54.08,52.89,53.0,955383.0
2016-08-29,52.82,53.02,52.75,52.86,702296.0
2016-08-30,53.33,53.74,53.24,53.46,1221945.0
2016-08-31,53.51,53.51,52.86,53.22,805742.0
2016-09-01,53.14,53.66,53.0,53.62,803844.0
2016-09-02,54.12,54.46,53.86,54.33,872345.0
2016-09-06,54.69,54.96,54.3,54.95,782783.0
2016-09-07,55.07,55.14,54.5,54.79,636639.0
2016-09-08,54.71,54.84,54.281,54.39,554537.0
2016-09-09,53.9,53.97,53.28,53.48,872622.0
2016-09-12,52.98,53.59,52.7391,53.35,857142.0
2016-09-13,52.71,52.71,51.87,52.09,942821.0
2016-09-14,52.2,52.57,51.86,52.18,713432.0
2016-09-15,52.37,53.34,52.29,53.26,775305.0
2016-09-16,52.85,53.12,52.51,52.9,820578.0
2016-09-19,53.26,53.7001,52.88,53.01,595578.0
2016-09-20,53.19,53.44,53.04,53.31,562326.0
2016-09-21,53.65,54.02,53.29,53.97,588362.0
2016-09-22,54.54,54.78,54.315,54.44,770195.0
2016-09-23,53.93,53.97,53.43,53.49,593752.0
2016-09-26,53.27,53.54,53.15,53.26,492608.0
2016-09-27,53.05,53.16,52.69,53.09,615126.0
2016-09-28,53.21,54.16,53.19,53.99,690725.0
2016-09-29,54.3,54.43,53.43,53.66,870567.0
2016-09-30,53.39,53.52,52.98,52.99,650995.0
2016-10-03,53.04,53.11,52.63,52.97,533260.0
2016-10-04,52.72,53.26,52.3,52.63,872632.0
2016-10-05,52.76,53.17,52.75,52.95,490740.0
2016-10-06,52.79,53.06,52.66,52.78,486606.0
2016-10-07,52.65,52.8,51.97,52.32,612971.0
2016-10-10,52.59,52.94,52.5,52.83,432533.0
2016-10-11,52.73,52.96,52.65,52.77,844274.0
2016-10-12,52.67,53.08,52.53,52.81,457942.0
2016-10-13,52.47,53.23,52.15,53.17,611907.0
2016-10-14,53.48,53.76,53.16,53.42,610041.0
2016-10-17,53.38,53.53,53.26,53.4,447571.0
2016-10-18,53.85,54.07,53.71,53.93,496872.0
2016-10-19,54.06,54.57,53.925,54.0,551786.0
2016-10-20,53.71,53.93,53.6,53.72,507107.0
2016-10-21,53.24,53.59,53.17,53.46,404855.0
2016-10-24,53.48,53.76,53.42,53.62,451285.0
2016-10-25,53.75,53.9736,53.6,53.77,374078.0
2016-10-26,53.52,54.06,53.49,53.63,494222.0
2016-10-27,53.84,54.16,53.63,53.96,547197.0
2016-10-28,53.85,54.13,53.5999,53.85,535098.0
2016-10-31,53.78,54.0501,53.64,53.76,509614.0
2016-11-01,54.25,54.31,53.4,53.79,815141.0
2016-11-02,53.53,53.74,53.0614,53.27,621043.0
2016-11-03,53.33,53.7,53.16,53.51,769514.0
2016-11-04,53.32,53.33,52.75,52.89,601417.0
2016-11-07,53.61,53.92,53.55,53.68,637041.0
2016-11-08,53.61,54.34,53.545,54.28,532692.0
2016-11-09,53.21,53.62,52.82,53.52,1421296.0
2016-11-10,53.38,53.47,52.64,53.2,1419252.0
2016-11-11,52.81,53.05,52.13,52.45,958056.0
2016-11-14,52.61,52.61,51.2559,51.58,1674587.0
2016-11-15,51.61,52.38,51.21,52.37,1182948.0
2016-11-16,52.14,52.74,51.93,52.52,1022672.0
2016-11-17,52.68,53.25,52.55,53.04,774622.0
2016-11-18,52.97,53.38,52.87,53.28,511878.0
2016-11-21,53.79,54.2585,53.79,54.2,658477.0
2016-11-22,54.49,54.51,53.8,54.02,624828.0
2016-11-23,53.64,54.09,53.541,53.82,578757.0
2016-11-25,53.97,53.99,53.63,53.94,210724.0
2016-11-28,54.38,54.46,53.81,53.94,618997.0
2016-11-29,54.54,55.37,54.49,54.88,1852752.0
2016-11-30,55.4,55.52,54.77,55.25,1354009.0
2016-12-01,55.51,55.99,55.4,55.64,1281979.0
2016-12-02,55.47,56.0866,55.46,56.01,681136.0
2016-12-05,56.08,56.36,55.86,55.99,680479.0
2016-12-06,56.14,56.2999,55.91,56.2,568667.0
2016-12-07,56.21,57.31,56.2,57.11,719066.0
2016-12-08,57.13,58.07,56.97,57.76,798613.0
2016-12-09,57.87,58.58,57.85,58.32,717752.0
2016-12-12,58.51,58.66,58.2,58.28,470435.0
2016-12-13,58.52,58.97,58.41,58.7,570672.0
2016-12-14,58.7,58.77,57.6,57.69,919021.0
2016-12-15,57.35,57.45,57.04,57.34,700709.0
2016-12-16,57.37,57.37,56.81,56.94,697498.0
2016-12-19,57.06,57.1,56.65,56.69,680852.0
2016-12-20,56.88,57.12,56.76,56.81,618549.0
2016-12-21,56.72,56.77,56.3,56.55,398372.0
2016-12-22,56.32,56.545,56.04,56.48,516528.0
2016-12-23,56.24,56.4,56.01,56.19,326910.0
2016-12-27,56.24,56.4,56.2,56.3,260733.0
2016-12-28,56.15,56.43,56.1,56.22,614189.0
2016-12-29,55.76,56.03,55.66,55.83,521833.0
2016-12-30,56.04,56.08,55.55,55.68,416638.0
2017-01-03,56.1,56.4,55.84,56.38,683582.0
2017-01-04,56.77,57.48,56.66,57.44,815128.0
2017-01-05,57.36,58.04,57.28,57.79,593242.0
2017-01-06,57.9,58.13,57.76,57.88,438607.0
2017-01-09,57.67,57.87,57.381,57.69,500492.0
2017-01-10,57.87,58.32,57.87,58.18,624062.0
2017-01-11,58.05,59.039,58.02,58.95,796199.0
2017-01-12,59.17,59.18,58.59,58.78,529781.0
2017-01-13,58.77,59.24,58.75,59.11,560455.0
2017-01-17,59.13,59.24,58.62,58.74,904295.0
2017-01-18,58.59,58.75,57.56,57.66,657183.0
2017-01-19,57.69,57.69,57.36,57.64,409975.0
2017-01-20,57.73,58.17,57.51,58.07,529221.0
2017-01-23,58.02,58.55,57.88,58.45,402035.0
2017-01-24,58.59,59.51,58.386,59.24,678810.0
2017-01-25,59.61,60.06,59.54,59.9,683304.0
2017-01-26,59.92,60.15,59.69,60.01,189164.0
2017-01-27,59.98,60.18,59.62,59.88,178031.0
2017-01-30,59.68,59.78,59.16,59.64,587736.0
2017-01-31,59.93,60.16,59.45,59.78,664864.0
2017-02-01,59.77,59.87,59.38,59.73,504439.0
2017-02-02,59.85,60.07,59.6139,59.7,487426.0
2017-02-03,60.02,60.5,59.81,60.18,396475.0
2017-02-06,59.92,60.0104,59.5541,59.78,409443.0
2017-02-07,59.52,60.11,59.44,60.06,480841.0
2017-02-08,59.96,60.47,59.65,60.44,545729.0
2017-02-09,60.64,60.925,60.63,60.73,501986.0
2017-02-10,60.98,61.54,60.98,61.36,409570.0
2017-02-13,61.54,61.81,61.51,61.57,558235.0
2017-02-14,61.62,61.96,61.44,61.76,574982.0
2017-02-15,61.73,62.35,61.68,62.34,536688.0
2017-02-16,62.49,62.89,62.42,62.69,624759.0
2017-02-17,62.44,62.62,62.22,62.47,515830.0
2017-02-21,62.51,62.58,62.14,62.29,836283.0
2017-02-22,61.92,62.3,61.78,62.2,542531.0
2017-02-23,62.48,62.71,62.21,62.26,634482.0
2017-02-24,61.88,62.02,61.16,61.29,841556.0
2017-02-27,61.32,61.32,60.45,60.96,1081462.0
2017-02-28,59.83,59.83,58.11,58.19,1824109.0
2017-03-01,58.56,59.08,58.25,59.06,1326954.0
2017-03-02,59.0,59.34,58.64,58.7,1198344.0
2017-03-03,58.68,59.84,58.64,59.8,943026.0
2017-03-06,59.73,60.07,59.46,59.78,730759.0
2017-03-07,59.77,59.93,59.54,59.62,718880.0
2017-03-08,59.61,59.66,58.79,58.88,741427.0
2017-03-09,58.82,58.94,58.38,58.56,726781.0
2017-03-10,58.94,59.1,58.06,58.66,1257326.0
2017-03-13,58.71,59.4,58.44,59.28,931754.0
2017-03-14,58.73,59.17,58.48,58.61,670412.0
2017-03-15,58.71,58.83,57.85,58.75,1210615.0
2017-03-16,58.9,59.44,58.77,58.8,502886.0
2017-03-17,58.87,59.26,58.33,58.37,617560.0
2017-03-20,58.14,58.25,57.62,57.87,724950.0
2017-03-21,58.32,58.615,56.9,57.1,1141888.0
2017-03-22,56.65,57.73,56.37,57.71,1153445.0
2017-03-23,57.68,58.41,57.59,57.99,795666.0
2017-03-24,58.11,58.29,57.69,58.14,753848.0
2017-03-27,57.69,58.79,57.57,58.59,919491.0
2017-03-28,58.58,59.325,58.58,59.03,898033.0
2017-03-29,59.05,59.67,59.01,59.47,1023958.0
2017-03-30,59.7,60.06,59.47,59.55,1314025.0
2017-03-31,58.74,59.03,58.42,58.57,1025539.0
2017-04-03,58.47,58.56,57.48,58.33,945533.0
2017-04-04,57.82,58.41,57.74,58.24,1007096.0
2017-04-05,58.54,58.85,58.18,58.18,1010735.0
2017-04-06,58.34,58.97,58.25,58.7,812111.0
2017-04-07,58.76,58.87,58.1,58.24,935602.0
2017-04-10,58.38,58.47,58.05,58.27,780544.0
2017-04-11,58.23,58.3,57.35,58.09,826668.0
2017-04-12,58.06,58.15,57.45,57.83,803994.0
2017-04-13,57.83,57.86,56.95,57.01,905515.0
2017-04-17,57.3,58.09,57.29,57.95,960549.0
2017-04-18,57.68,57.68,56.79,57.24,955874.0
2017-04-19,57.19,57.33,56.56,56.65,816137.0
2017-04-20,56.75,57.17,56.65,56.98,913400.0
2017-04-21,56.96,57.15,56.73,56.89,809770.0
2017-04-24,57.61,58.26,57.6,57.73,747674.0
2017-04-25,57.68,57.98,57.58,57.79,795114.0
2017-04-26,57.8,57.96,56.8,56.87,1274847.0
2017-04-27,56.99,56.99,54.59,55.32,2197554.0
2017-04-28,55.24,55.93,54.96,55.63,890085.0
2017-05-01,55.78,55.91,55.305,55.4,743116.0
2017-05-02,55.21,55.41,54.83,55.21,683818.0
2017-05-03,55.05,55.35,54.81,55.13,761529.0
2017-05-04,55.45,55.48,54.63,54.65,1041221.0
2017-05-05,54.8,56.23,54.76,56.19,1202713.0
2017-05-08,56.32,56.33,55.62,55.95,742194.0
2017-05-09,55.83,56.05,55.12,55.29,657679.0
2017-05-10,55.31,56.08,55.24,55.98,614724.0
2017-05-11,55.07,55.7,54.94,55.36,928639.0
2017-05-12,55.12,55.38,54.34,54.9,1021029.0
2017-05-15,55.36,55.6,55.22,55.48,1021683.0
2017-05-16,55.84,56.2,55.61,55.68,832571.0
2017-05-17,55.09,55.16,54.31,54.5,1372233.0
2017-05-18,54.42,54.95,53.86,54.66,1588043.0
2017-05-19,55.05,55.99,54.91,55.79,826164.0
2017-05-22,56.08,56.17,55.8,56.01,385013.0
2017-05-23,56.64,56.91,56.3,56.36,862999.0
2017-05-24,56.46,56.56,56.0658,56.37,833847.0
2017-05-25,56.66,56.8701,55.96,56.16,831247.0
2017-05-26,56.24,56.44,55.91,56.4,623061.0
2017-05-30,56.69,57.0198,56.48,56.87,995928.0
2017-05-31,57.07,57.09,56.09,56.49,1036659.0
2017-06-01,56.78,56.84,56.29,56.73,726204.0
2017-06-02,56.74,56.9,56.47,56.8,634856.0
2017-06-05,56.76,57.12,56.23,56.95,711042.0
2017-06-06,56.69,57.11,56.62,56.99,787890.0
2017-06-07,57.02,57.32,56.53,56.73,836113.0
2017-06-08,56.83,57.65,56.73,57.64,994950.0
2017-06-09,57.74,58.65,57.65,58.38,929980.0
2017-06-12,58.36,58.94,57.64,58.38,920621.0
2017-06-13,58.94,58.98,58.32,58.66,896765.0
2017-06-14,58.76,58.81,58.26,58.41,790612.0
2017-06-15,58.03,58.54,57.66,58.49,671235.0
2017-06-16,58.56,59.095,58.15,59.0,745988.0
2017-06-19,59.03,59.82,58.94,59.47,849893.0
2017-06-20,59.25,59.5856,59.03,59.41,911871.0
2017-06-21,59.4,59.88,59.14,59.31,965731.0
2017-06-22,59.41,60.54,59.41,60.2,1025398.0
2017-06-23,59.96,60.3,59.5,59.93,803528.0
2017-06-26,60.25,60.4,59.7,59.92,681697.0
2017-06-27,60.17,60.36,59.89,60.15,591160.0
2017-06-28,60.53,61.2,60.47,61.06,607996.0
2017-06-29,60.77,60.77,59.91,60.29,895558.0
2017-06-30,60.31,60.61,59.6,60.13,1087090.0
2017-07-03,60.18,61.035,60.17,60.82,306494.0
2017-07-05,60.03,60.87,59.56,60.69,848811.0
2017-07-06,60.55,60.83,60.33,60.44,532904.0
2017-07-07,60.88,60.94,60.43,60.78,508971.0
2017-07-10,60.66,61.06,60.35,60.87,467634.0
2017-07-11,60.74,60.88,60.43,60.85,582571.0
2017-07-12,60.82,62.16,60.8,61.75,714159.0
2017-07-13,61.62,61.84,61.41,61.7,592622.0
2017-07-14,61.58,62.2,61.47,62.02,496304.0
2017-07-17,61.94,62.25,61.55,61.67,461780.0
2017-07-18,62.11,62.12,61.3525,61.8,447200.0
2017-07-19,62.0,62.42,62.0,62.12,563569.0
2017-07-20,62.1,62.42,62.09,62.22,432332.0
2017-07-21,62.17,62.24,61.64,62.05,426889.0
2017-07-24,62.03,62.6,61.71,62.49,545352.0
2017-07-25,62.71,63.07,62.23,62.44,665628.0
2017-07-26,62.5,62.642,62.07,62.24,595662.0
2017-07-27,62.24,62.38,61.46,61.79,664603.0
2017-07-28,61.98,62.45,61.83,62.36,440024.0
2017-07-31,62.29,62.62,61.97,62.31,414132.0
2017-08-01,62.46,62.46,61.43,62.03,445565.0
2017-08-02,61.93,62.26,61.85,62.18,657000.0
2017-08-03,62.07,62.28,61.86,62.01,440100.0
2017-08-04,62.13,62.16,61.65,61.87,356464.0
2017-08-07,61.85,62.015,61.68,61.7,226989.0
2017-08-08,61.41,61.82,61.33,61.63,458879.0
2017-08-09,61.23,61.61,61.13,61.41,427633.0
2017-08-10,61.27,61.34,60.37,60.5,549992.0
2017-08-11,60.56,60.88,60.11,60.4,494870.0
2017-08-14,60.76,61.23,60.66,60.89,536998.0
2017-08-15,60.92,61.11,60.75,60.97,482117.0
2017-08-16,61.26,61.48,61.09,61.33,459625.0
2017-08-17,61.21,61.43,60.95,61.04,547306.0
2017-08-18,61.3,61.41,60.87,61.23,524869.0
2017-08-21,61.18,61.44,61.06,61.38,411093.0
2017-08-22,61.56,61.64,61.24,61.34,404910.0
2017-08-23,61.05,62.02,61.0,61.6,432426.0
2017-08-24,61.82,62.09,61.61,61.88,336233.0
2017-08-25,61.97,62.44,61.85,62.21,420711.0
2017-08-28,62.38,62.45,60.27,61.91,488988.0
2017-08-29,61.48,61.75,60.86,61.75,811296.0
2017-08-30,61.65,61.99,61.48,61.59,581277.0
2017-08-31,62.08,62.32,61.82,62.14,649268.0
2017-09-01,62.6,62.99,62.36,62.7,443404.0
2017-09-05,62.57,62.62,61.8,61.91,740112.0
2017-09-06,61.88,63.22,61.76,62.64,530364.0
2017-09-07,62.9,63.039,62.52,62.69,422066.0
2017-09-08,62.63,62.8,62.47,62.7,339397.0
2017-09-11,63.07,63.34,62.9,63.32,434523.0
2017-09-12,63.25,63.44,63.08,63.29,432768.0
2017-09-13,63.36,63.5,62.99,63.21,437810.0
2017-09-14,63.23,63.45,63.1,63.45,387151.0
2017-09-15,63.43,63.6,63.065,63.17,753399.0
2017-09-18,63.24,63.32,62.535,62.74,619611.0
2017-09-19,62.88,63.21,62.75,63.0,418850.0
2017-09-20,63.25,63.8575,62.91,63.22,654658.0
2017-09-21,63.34,64.49,63.34,64.31,602452.0
2017-09-22,64.39,64.93,64.35,64.63,929261.0
2017-09-25,64.61,64.83,64.21,64.4,652532.0
2017-09-26,64.46,64.46,63.83,64.13,719315.0
2017-09-27,64.32,64.66,64.03,64.07,701596.0
2017-09-28,64.4,64.595,64.07,64.37,776625.0
2017-09-29,64.39,64.54,64.13,64.25,1269213.0
2017-10-02,63.79,64.14,63.65,63.88,730768.0
2017-10-03,63.96,64.38,63.94,64.34,674149.0
2017-10-04,64.41,64.78,64.29,64.71,859113.0
2017-10-05,64.47,64.63,64.3,64.42,843159.0
2017-10-06,64.291,64.36,63.99,64.21,564240.0
2017-10-09,64.32,64.32,63.82,63.85,301214.0
2017-10-10,64.4,64.8307,64.32,64.55,1073763.0
2017-10-11,64.65,64.96,64.535,64.95,842042.0
2017-10-12,64.75,64.84,64.14,64.4,773243.0
2017-10-13,64.57,64.89,64.37,64.6,826395.0
2017-10-16,64.42,64.72,64.32,64.45,518408.0
2017-10-17,64.41,64.6,64.21,64.43,461106.0
2017-10-18,64.67,64.88,64.575,64.71,783626.0
2017-10-19,64.34,65.07,64.34,64.82,452944.0
2017-10-20,64.54,64.75,64.06,64.15,851969.0
2017-10-23,64.28,64.48,64.15,64.27,436959.0
2017-10-24,64.48,64.7,64.45,64.65,389933.0
2017-10-25,64.77,65.02,64.04,64.24,700137.0
2017-10-26,64.28,64.63,64.25,64.28,321702.0
2017-10-27,64.06,64.61,63.77,64.59,389071.0
2017-10-30,64.51,64.885,64.42,64.61,414822.0
2017-10-31,64.48,65.0161,64.445,64.52,698159.0
2017-11-01,64.82,64.85,64.51,64.59,493691.0
2017-11-02,64.77,65.4,64.73,65.33,621351.0
2017-11-03,65.54,65.62,65.33,65.53,428368.0
2017-11-06,65.48,65.85,65.41,65.82,539236.0
2017-11-07,65.42,65.53,65.18,65.53,337423.0
2017-11-08,65.72,65.86,65.52,65.8,366189.0
2017-11-09,65.47,65.99,65.38,65.94,332654.0
2017-11-10,65.84,65.9,65.2,65.59,294034.0
2017-11-13,65.06,65.6,65.06,65.34,402340.0
2017-11-14,65.19,65.31,64.91,65.29,464273.0
2017-11-15,64.9,65.255,64.7,65.16,365363.0
2017-11-16,65.51,65.95,65.5,65.85,339794.0
2017-11-17,65.68,66.35,65.49,66.26,441018.0
2017-11-20,66.19,66.55,66.07,66.28,444365.0
2017-11-21,66.58,66.78,65.78,65.82,670453.0
2017-11-22,66.08,66.35,65.88,66.15,549094.0
2017-11-24,66.14,66.29,65.98,66.16,168284.0
2017-11-27,66.19,66.31,65.38,65.44,621601.0
2017-11-28,64.52,64.55,63.44,63.81,1587280.0
2017-11-29,64.04,64.04,63.45,63.58,651186.0
2017-11-30,63.67,64.46,63.22,63.25,892045.0
2017-12-01,64.12,64.58,63.992,64.45,707213.0
2017-12-04,64.92,64.92,64.22,64.24,528313.0
2017-12-05,64.55,64.58,63.71,63.9,527931.0
2017-12-06,63.76,64.26,63.7,63.91,642352.0
2017-12-07,63.95,64.57,63.77,64.43,540172.0
2017-12-08,64.54,65.14,64.47,65.0,483839.0
2017-12-11,65.0,65.13,64.62,64.74,390597.0
2017-12-12,64.62,64.84,64.42,64.57,546230.0
2017-12-13,64.68,64.86,64.35,64.72,574282.0
2017-12-14,64.61,64.85,64.19,64.65,526040.0
2017-12-15,64.69,64.7,63.75,63.83,606740.0
2017-12-18,63.99,64.56,63.97,64.16,517382.0
2017-12-19,64.24,64.31,63.86,63.98,483465.0
2017-12-20,64.25,64.26,63.74,64.06,443034.0
2017-12-21,64.45,64.99,64.41,64.66,494292.0
2017-12-22,64.43,64.72,64.32,64.7,307866.0
2017-12-26,64.75,64.81,64.54,64.71,231641.0
2017-12-27,65.05,65.08,64.52,64.64,551595.0
2017-12-28,65.0,65.11,64.58,65.08,694021.0
2017-12-29,64.68,64.93,64.44,64.53,548562.0
2018-01-02,64.58,65.35,64.46,65.14,591864.0
2018-01-03,65.19,65.35,65.03,65.1,524953.0
2018-01-04,65.27,65.68,65.02,65.52,721991.0
2018-01-05,66.17,66.69,65.89,66.49,594738.0
2018-01-08,66.28,66.78,66.27,66.43,593370.0
2018-01-09,66.59,66.63,66.33,66.45,519178.0
2018-01-10,66.26,66.64,65.72,65.86,831708.0
2018-01-11,65.84,65.9,65.58,65.82,463080.0
2018-01-12,65.86,65.96,65.54,65.81,650599.0
2018-01-16,65.88,65.97,65.36,65.51,840841.0
2018-01-17,65.67,66.03,64.79,65.67,780748.0
2018-01-18,65.63,65.77,65.34,65.76,672683.0
2018-01-19,65.78,66.12,65.57,65.59,702407.0
2018-01-22,66.02,66.17,65.8,66.09,702491.0
2018-01-23,65.94,66.36,65.58,66.04,721307.0
2018-01-24,66.44,66.47,65.95,66.35,647096.0
2018-01-25,66.5,66.77,66.01,66.21,858697.0
2018-01-26,66.24,66.5,65.91,66.31,489282.0
2018-01-29,66.13,66.2,65.86,66.08,421753.0
2018-01-30,65.83,66.38,65.8,66.26,711899.0
2018-01-31,66.43,66.62,66.19,66.49,737484.0
2018-02-01,66.28,66.28,65.37,65.83,1269895.0
2018-02-02,65.02,65.35,64.37,64.39,852854.0
2018-02-05,63.73,63.83,62.15,62.29,1081590.0
2018-02-06,60.98,62.7,60.23,62.49,1230076.0
2018-02-07,62.61,62.66,61.77,61.77,824313.0
2018-02-08,61.9,61.91,60.45,60.46,1097293.0
2018-02-09,60.72,61.02,59.65,60.79,1266529.0
2018-02-12,61.65,61.67,60.74,61.09,760684.0
2018-02-13,61.0,61.19,60.55,61.03,572816.0
2018-02-14,60.76,62.45,60.41,62.18,771785.0
2018-02-15,62.78,62.81,61.72,62.05,733016.0
2018-02-16,61.85,61.87,61.39,61.52,699446.0
2018-02-20,61.31,61.51,60.72,61.03,673534.0
2018-02-21,61.12,61.8,61.08,61.51,786723.0
2018-02-22,61.58,61.7834,61.02,61.23,909315.0
2018-02-23,61.54,61.96,61.26,61.89,545358.0
2018-02-26,62.0,62.64,62.0,62.37,813343.0
2018-02-27,62.5,62.93,62.28,62.53,1052829.0
2018-02-28,62.65,62.78,61.94,61.96,1412009.0
2018-03-01,62.01,62.14,61.16,61.81,1035426.0
2018-03-02,61.08,61.55,60.86,61.22,1001556.0
2018-03-05,60.4,61.22,60.2,60.87,931925.0
2018-03-06,61.34,61.71,61.21,61.55,576651.0
2018-03-07,61.11,61.68,60.97,61.59,688516.0
2018-03-08,61.78,62.09,61.64,62.05,676255.0
2018-03-09,62.49,63.11,62.03,63.02,801407.0
2018-03-12,62.98,63.5,62.8,62.91,420617.0
2018-03-13,63.06,63.24,62.65,62.67,694231.0
2018-03-14,63.15,63.29,62.64,63.24,724269.0
2018-03-15,63.2,63.21,62.77,62.89,729989.0
2018-03-16,62.85,63.21,62.78,62.85,919873.0
2018-03-19,62.95,63.13,62.35,63.01,705152.0
2018-03-20,63.03,63.12,62.62,62.63,886846.0
2018-03-21,63.05,63.53,62.93,63.25,816359.0
2018-03-22,62.8,62.89,62.05,62.33,859584.0
2018-03-23,62.67,63.02,61.4,61.57,965640.0
2018-03-26,61.91,62.02,61.14,61.6,812776.0
2018-03-27,61.67,61.73,60.64,60.91,737965.0
2018-03-28,60.81,61.33,60.4,60.73,965602.0
2018-03-29,61.12,61.8,60.79,61.7,1032574.0
2018-04-02,60.98,60.98,59.59,60.26,932979.0
2018-04-03,60.6,60.8,60.06,60.52,707820.0
2018-04-04,59.76,60.35,59.52,60.19,806126.0
2018-04-05,60.58,61.06,60.39,60.99,834894.0
2018-04-06,60.56,60.96,60.0,60.35,704238.0
2018-04-09,60.61,61.27,60.41,60.88,595174.0
2018-04-10,61.65,61.91,61.44,61.55,553545.0
2018-04-11,61.27,61.75,61.19,61.31,454141.0
2018-04-12,61.33,61.45,60.92,61.04,443592.0
2018-04-13,61.44,61.44,60.54,60.66,479239.0
2018-04-16,60.91,61.04,60.55,60.83,437812.0
2018-04-17,61.2,61.2,60.73,60.85,483805.0
2018-04-18,60.91,61.36,60.7,60.87,460733.0
2018-04-19,60.93,60.99,60.13,60.32,510585.0
2018-04-20,60.06,60.52,60.06,60.28,449514.0
2018-04-23,60.21,60.41,60.1,60.32,420730.0
2018-04-24,60.69,60.92,60.32,60.44,664607.0
2018-04-25,60.25,60.61,60.03,60.46,597908.0
2018-04-26,60.7,61.43,60.53,61.04,822282.0
2018-04-27,61.19,61.8,61.17,61.72,528473.0
2018-04-30,61.69,62.09,61.45,61.46,727033.0
2018-05-01,61.39,61.46,60.89,61.36,820555.0
2018-05-02,61.43,61.74,61.27,61.42,629995.0
2018-05-03,61.37,61.59,60.68,61.22,878882.0
2018-05-04,60.85,61.65,60.72,61.39,512722.0
2018-05-07,61.39,61.78,61.31,61.55,377766.0
2018-05-08,61.3,61.48,60.96,61.46,594457.0
2018-05-09,61.97,62.28,61.46,62.18,493313.0
2018-05-10,62.64,62.88,62.3,62.69,637367.0
2018-05-11,62.69,62.8,62.52,62.57,537456.0
2018-05-14,62.86,63.17,62.75,62.84,532589.0
2018-05-15,62.37,62.69,62.11,62.56,627130.0
2018-05-16,62.61,63.15,62.61,63.11,578311.0
2018-05-17,63.09,63.09,62.7,62.95,615847.0
2018-05-18,62.44,62.48,61.85,62.35,657904.0
2018-05-21,62.52,62.74,62.52,62.65,215100.0
2018-05-22,63.09,63.27,62.64,62.69,542432.0
2018-05-23,62.11,62.61,61.92,62.56,726304.0
2018-05-24,62.45,62.52,61.66,62.26,535147.0
2018-05-25,61.81,62.25,61.73,61.79,478471.0
2018-05-29,60.79,60.91,58.88,59.13,1722516.0
2018-05-30,59.7,60.57,59.39,60.43,1116367.0
2018-05-31,60.23,60.36,59.74,60.33,654534.0
2018-06-01,59.29,59.8,59.22,59.38,1268322.0
2018-06-04,59.62,59.87,59.43,59.45,854753.0
2018-06-05,59.2,59.22,58.6,58.85,929158.0
2018-06-06,59.45,59.47,58.89,59.02,697939.0
2018-06-07,59.13,59.21,58.58,58.68,763769.0
2018-06-08,58.74,59.04,58.57,59.01,702684.0
2018-06-11,58.62,58.64,58.22,58.42,997495.0
2018-06-12,58.48,58.51,58.01,58.15,890452.0
2018-06-13,58.31,58.66,58.07,58.58,900079.0
2018-06-14,58.72,58.74,57.97,58.06,1061815.0
2018-06-15,57.7,57.85,57.51,57.68,1326954.0
2018-06-18,57.63,57.77,57.42,57.7,532924.0
2018-06-19,57.32,57.33,56.88,57.13,974481.0
2018-06-20,57.28,57.51,57.24,57.31,1004404.0
2018-06-21,57.36,57.78,57.3,57.71,668853.0
2018-06-22,57.81,58.05,57.68,57.99,628300.0
2018-06-25,57.85,57.87,56.94,57.05,752078.0
2018-06-26,57.11,57.25,56.74,56.96,851328.0
2018-06-27,57.02,57.29,56.5,56.56,892267.0
2018-06-28,56.77,56.8,56.39,56.6,987862.0
2018-06-29,56.6,57.35,56.12,57.22,1700987.0
2018-07-02,56.5,56.5,55.85,56.17,716092.0
2018-07-03,56.65,56.83,56.25,56.37,887898.0
2018-07-05,56.74,57.1601,56.59,57.02,889116.0
2018-07-06,56.98,57.39,56.89,57.29,781020.0
2018-07-09,57.7,57.7,57.28,57.33,893275.0
2018-07-10,57.45,57.46,57.14,57.33,1054348.0
2018-07-11,57.06,57.41,56.74,56.81,854061.0
2018-07-12,57.13,57.47,57.02,57.32,809320.0
2018-07-13,57.24,57.41,57.03,57.35,645253.0
2018-07-16,57.5,57.9,57.49,57.79,459505.0
2018-07-17,57.68,57.91,57.6,57.69,819411.0
2018-07-18,57.59,57.78,57.42,57.72,429444.0
2018-07-19,57.38,57.61,57.29,57.43,599243.0
2018-07-20,57.86,58.01,57.78,57.91,517203.0
2018-07-23,57.79,57.92,57.68,57.81,415561.0
2018-07-24,57.94,58.28,57.89,58.13,594172.0
2018-07-25,58.16,58.82,58.13,58.76,716625.0
2018-07-26,58.58,58.72,58.37,58.45,613244.0
2018-07-27,58.43,58.72,58.43,58.66,636003.0
2018-07-30,58.82,59.27,58.82,58.9,549692.0
2018-07-31,59.03,59.33,58.84,59.25,704974.0
2018-08-01,59.29,59.62,59.09,59.29,744277.0
2018-08-02,58.95,59.3,58.51,59.15,624052.0
2018-08-03,58.95,59.36,58.95,59.25,454029.0
2018-08-06,59.25,59.36,59.02,59.09,399659.0
2018-08-07,59.25,59.48,58.28,58.49,1002997.0
2018-08-08,58.47,58.97,58.32,58.87,568937.0
2018-08-09,58.89,59.06,58.8,59.02,595025.0
2018-08-10,58.53,58.57,57.94,58.13,700867.0
2018-08-13,58.02,58.38,57.94,58.01,407623.0
2018-08-14,58.39,58.825,58.26,58.77,611524.0
2018-08-15,58.21,58.33,57.8,58.1,605366.0
2018-08-16,58.36,58.59,58.17,58.21,601042.0
2018-08-17,58.57,59.43,58.46,59.29,798026.0
2018-08-20,59.28,59.67,59.28,59.54,566242.0
2018-08-21,59.73,59.98,59.4,59.4,615541.0
2018-08-22,59.58,60.03,59.55,59.99,600589.0
2018-08-23,59.72,60.0,59.5,59.54,622140.0
2018-08-24,59.78,59.98,59.6,59.74,416646.0
2018-08-27,59.99,60.6,59.94,60.46,703191.0
2018-08-28,60.46,60.47,59.23,59.44,1170590.0
2018-08-29,59.38,59.42,58.53,58.84,981325.0
2018-08-30,58.57,58.71,58.33,58.38,907982.0
2018-08-31,58.13,58.28,57.76,57.9,714024.0
2018-09-04,57.19,57.36,56.68,57.07,878357.0
2018-09-05,56.99,57.29,56.79,56.89,1006329.0
2018-09-06,56.79,57.48,56.56,57.23,1129801.0
2018-09-07,57.11,57.14,56.7,56.91,698873.0
2018-09-10,57.09,57.17,56.86,56.93,559933.0
2018-09-11,56.92,57.69,56.81,57.68,769982.0
2018-09-12,57.81,58.0,57.62,57.68,733775.0
2018-09-13,57.9,58.07,57.68,57.77,487440.0
2018-09-14,57.79,57.98,57.58,57.86,414559.0
2018-09-17,57.92,58.41,57.88,58.37,490039.0
2018-09-18,58.58,59.16,58.39,59.03,484801.0
2018-09-19,59.11,59.5,58.91,59.41,626169.0
2018-09-20,59.82,60.21,59.73,60.15,845534.0
2018-09-21,60.11,60.52,60.11,60.37,834090.0
2018-09-24,60.47,60.5,60.03,60.08,569103.0
2018-09-25,60.19,60.27,59.68,59.69,657462.0
2018-09-26,59.54,60.05,59.53,59.61,666991.0
2018-09-27,59.55,59.92,59.48,59.58,635463.0
2018-09-28,59.69,59.77,59.42,59.63,818374.0
2018-10-01,60.26,60.28,59.22,59.47,762928.0
2018-10-02,59.29,59.37,58.69,58.84,893239.0
2018-10-03,59.06,59.08,58.61,58.73,1830788.0
2018-10-04,58.51,58.71,57.72,58.08,684873.0
2018-10-05,58.11,58.45,57.95,58.11,746108.0
2018-10-08,58.16,58.18,57.75,57.92,331094.0
2018-10-09,57.85,57.91,57.46,57.54,650738.0
2018-10-10,57.42,57.57,56.61,56.61,748764.0
2018-10-11,56.11,56.29,55.15,55.29,1271347.0
2018-10-12,56.0,56.03,54.78,55.01,1126681.0
2018-10-15,55.23,55.28,54.57,54.75,713590.0
2018-10-16,55.11,55.47,54.87,55.44,780873.0
2018-10-17,55.44,55.56,54.97,55.47,662400.0
2018-10-18,55.16,55.25,54.33,54.61,792840.0
2018-10-19,54.69,54.92,54.23,54.23,984319.0
2018-10-22,54.37,54.42,53.95,54.09,643889.0
2018-10-23,53.55,54.27,53.07,54.04,824389.0
2018-10-24,53.89,54.06,52.94,52.98,892142.0
2018-10-25,53.45,53.97,52.96,53.66,923578.0
2018-10-26,52.94,53.62,52.63,53.45,856829.0
2018-10-29,54.0,54.13,52.71,52.94,892965.0
2018-10-30,53.0,53.53,52.76,53.38,910018.0
2018-10-31,53.93,54.25,53.68,53.71,614469.0
2018-11-01,54.15,54.19,53.54,54.01,935188.0
2018-11-02,54.26,54.58,53.8,54.27,1064312.0
2018-11-05,54.37,54.67,54.1,54.14,1309040.0
2018-11-06,54.01,54.25,53.65,54.21,556720.0
2018-11-07,54.53,54.6,54.04,54.16,713124.0
2018-11-08,54.17,54.54,54.08,54.28,586050.0
2018-11-09,54.12,54.17,53.2,53.59,1004960.0
2018-11-12,53.57,53.61,53.13,53.18,617033.0
2018-11-13,53.28,53.97,53.28,53.54,792489.0
2018-11-14,53.85,54.11,53.35,53.72,687716.0
2018-11-15,53.56,54.09,53.39,53.92,993482.0
2018-11-16,53.77,54.04,53.71,53.91,516219.0
2018-11-19,53.91,53.91,53.3,53.7,942452.0
2018-11-20,53.22,53.22,52.09,52.28,943214.0
2018-11-21,52.63,53.55,52.58,53.08,1098036.0
2018-11-23,52.69,52.96,52.6,52.8,455137.0
2018-11-26,53.35,53.44,52.93,52.99,1383086.0
2018-11-27,52.9,53.06,52.44,52.75,830335.0
2018-11-28,52.83,54.41,52.81,54.16,1621282.0
2018-11-29,54.26,54.93,54.23,54.7,1341828.0
2018-11-30,54.6,54.75,54.21,54.38,1129745.0
2018-12-03,55.38,55.51,54.59,54.89,941121.0
2018-12-04,54.74,54.8,53.82,54.05,970751.0
2018-12-06,53.0,53.49,52.36,53.48,1342321.0
2018-12-07,53.74,54.25,53.54,53.81,1341399.0
2018-12-10,53.72,53.87,53.37,53.58,1347422.0
2018-12-11,53.95,54.52,53.38,53.38,1380658.0
2018-12-12,54.05,54.46,53.71,54.1,1102956.0
2018-12-13,54.16,54.57,53.8,53.94,776384.0
2018-12-14,53.57,54.08,53.44,53.89,782013.0
2018-12-17,53.68,53.94,53.15,53.43,1154779.0
2018-12-18,53.37,53.6,52.61,52.78,1264655.0
2018-12-19,52.89,53.18,51.71,51.81,1157228.0
2018-12-20,51.74,51.97,51.18,51.33,1236583.0
2018-12-21,51.19,51.2,49.38,49.42,1467126.0
2018-12-24,49.07,49.7,48.8,49.12,936298.0
2018-12-26,49.22,50.34,48.34,50.33,956512.0
2018-12-27,49.87,50.17,49.21,50.16,1107393.0
2018-12-28,50.45,50.91,50.11,50.38,1084662.0
2018-12-31,50.03,50.14,49.62,49.87,915616.0
2019-01-02,49.51,50.48,49.3785,50.29,788871.0
2019-01-03,50.29,50.46,49.71,50.31,836293.0
2019-01-04,51.0,51.29,50.71,51.18,720948.0
2019-01-07,51.51,51.83,51.25,51.7,861731.0
2019-01-08,52.07,52.28,51.52,52.16,689606.0
2019-01-09,52.47,53.39,52.37,53.36,1424819.0
2019-01-10,53.2,53.81,52.97,53.77,870746.0
2019-01-11,53.59,53.8,53.34,53.77,598896.0
2019-01-14,53.59,54.03,53.55,53.62,581411.0
2019-01-15,53.74,54.01,53.38,53.96,485300.0
2019-01-16,54.24,54.76,54.05,54.52,583196.0
2019-01-17,54.21,55.26,54.18,55.1,731723.0
2019-01-18,55.59,55.79,55.18,55.24,708867.0
2019-01-22,54.96,55.26,54.72,55.25,701507.0
2019-01-23,55.37,55.45,54.71,54.97,786726.0
2019-01-24,54.94,55.14,54.63,55.05,591955.0
2019-01-25,55.55,55.69,55.25,55.62,550088.0
2019-01-28,55.18,55.68,55.16,55.68,421472.0
2019-01-29,55.67,56.22,55.67,56.08,544016.0
2019-01-30,56.43,56.92,56.27,56.66,489950.0
2019-01-31,56.55,57.0,56.5,56.94,906726.0
2019-02-01,56.99,57.0,56.41,56.41,626934.0
2019-02-04,56.48,56.71,56.26,56.65,549697.0
2019-02-05,56.67,56.8,56.3,56.78,499457.0
2019-02-06,56.61,56.9,56.48,56.55,588649.0
2019-02-07,56.3,56.39,55.9,56.25,564982.0
2019-02-08,56.17,56.38,55.63,56.13,589292.0
2019-02-11,56.22,56.27,55.71,55.98,878806.0
2019-02-12,56.37,56.47,56.23,56.35,779370.0
2019-02-13,56.47,56.59,56.25,56.29,444915.0
2019-02-14,55.96,56.05,55.51,55.94,1102778.0
2019-02-15,56.2,56.59,56.12,56.47,981677.0
2019-02-19,56.29,56.75,56.09,56.65,1015840.0
2019-02-20,56.74,57.57,56.71,57.41,642844.0
2019-02-21,57.26,57.47,56.96,57.1,631723.0
2019-02-22,57.23,57.4,57.09,57.35,511433.0
2019-02-25,57.51,57.62,57.15,57.18,959840.0
2019-02-26,55.49,55.93,55.07,55.51,1432237.0
2019-02-27,55.64,55.7,55.24,55.31,1011866.0
2019-02-28,55.02,55.63,54.9,55.56,1324457.0
2019-03-01,55.65,55.73,54.58,54.63,1289253.0
2019-03-04,54.77,55.04,54.51,54.69,837680.0
2019-03-05,54.71,54.71,54.01,54.26,915025.0
2019-03-06,54.13,54.39,54.0,54.09,928569.0
2019-03-07,54.1,54.22,53.57,53.74,1207208.0
2019-03-08,53.61,54.13,53.28,53.9,974845.0
2019-03-11,53.93,54.3,53.76,54.16,867710.0
2019-03-12,54.37,54.56,54.08,54.51,652808.0
2019-03-13,54.74,54.87,54.56,54.76,550949.0
2019-03-14,54.69,54.8,54.43,54.64,559178.0
2019-03-15,54.81,55.03,54.63,54.78,651261.0
2019-03-18,54.8,55.2,54.68,55.19,571033.0
2019-03-19,55.51,55.73,55.1,55.22,609377.0
2019-03-20,54.98,55.13,54.7,54.77,826096.0
2019-03-21,54.47,54.54,53.98,54.18,743424.0
2019-03-22,53.78,53.84,53.05,53.14,1219565.0
2019-03-25,53.07,53.2,52.5,52.8,853509.0
2019-03-26,53.17,53.26,52.63,52.76,2901483.0
2019-03-27,52.59,52.93,52.49,52.77,2832078.0
2019-03-28,52.67,53.15,52.67,53.06,803944.0
2019-03-29,53.55,53.59,53.19,53.28,1079103.0
2019-04-01,53.08,53.48,52.86,53.37,856682.0
2019-04-02,53.35,53.43,52.87,53.04,834002.0
2019-04-03,53.24,53.49,53.12,53.24,620068.0
2019-04-04,53.24,53.59,53.15,53.4,940981.0
2019-04-05,53.36,53.41,53.11,53.3,424514.0
2019-04-08,53.33,53.51,53.23,53.5,905072.0
2019-04-09,53.36,53.36,53.01,53.33,471443.0
2019-04-10,53.34,53.64,53.12,53.53,476436.0
2019-04-11,53.36,53.7,53.3,53.34,485477.0
2019-04-12,53.73,54.01,53.59,53.82,634809.0
2019-04-15,53.85,54.07,53.75,53.87,413240.0
2019-04-16,53.94,54.46,53.88,54.32,497336.0
2019-04-17,54.63,54.66,54.36,54.58,455827.0
2019-04-18,54.46,54.75,54.46,54.66,370710.0
2019-04-22,54.54,54.69,54.31,54.38,1425526.0
2019-04-23,54.17,54.48,53.98,54.46,604591.0
2019-04-24,54.2,54.25,53.77,53.77,633205.0
2019-04-25,53.74,54.2,53.63,54.05,436080.0
2019-04-26,54.1,54.56,54.02,54.55,527865.0
2019-04-29,54.53,54.98,54.52,54.72,460283.0
2019-04-30,54.74,55.16,54.64,55.06,415511.0
2019-05-01,55.08,55.33,54.72,54.76,419448.0
2019-05-02,54.79,54.86,54.25,54.27,572780.0
2019-05-03,54.46,54.88,54.4,54.67,389595.0
2019-05-06,54.09,54.68,53.75,54.65,419914.0
2019-05-07,54.05,54.17,53.83,54.1,500213.0
2019-05-08,54.08,54.13,53.73,53.73,435685.0
2019-05-09,53.49,53.7,53.26,53.57,562861.0
2019-05-10,53.69,54.04,53.14,53.95,565796.0
2019-05-13,53.48,53.48,52.57,52.77,611281.0
2019-05-14,52.87,53.24,52.74,52.99,515671.0
2019-05-15,52.7,53.08,52.64,52.92,439880.0
2019-05-16,53.14,53.35,52.99,53.12,493868.0
2019-05-17,52.75,53.13,52.69,53.08,341565.0
2019-05-20,52.75,53.4,52.75,53.17,1414869.0
2019-05-21,53.26,53.67,53.21,53.51,508572.0
2019-05-22,53.44,53.45,52.83,53.12,509365.0
2019-05-23,52.57,52.58,51.97,52.29,766031.0
2019-05-24,52.5,52.68,52.45,52.54,889249.0
2019-05-28,51.91,52.14,50.98,51.82,1258813.0
2019-05-29,51.67,51.94,51.33,51.61,729555.0
2019-05-30,51.72,51.73,51.07,51.39,760206.0
2019-05-31,50.89,51.03,50.57,50.7,774661.0
2019-06-03,50.86,51.63,50.8,51.38,909910.0
2019-06-04,51.81,52.3532,51.56,52.26,1242983.0
2019-06-05,52.45,52.45,51.88,52.1,453993.0
2019-06-06,52.24,52.52,52.14,52.37,475804.0
2019-06-07,52.76,53.23,52.69,52.99,1016870.0
2019-06-10,53.22,53.435,53.2,53.27,436433.0
2019-06-11,53.44,53.54,53.08,53.24,2453436.0
2019-06-12,53.18,53.28,52.63,52.65,508957.0
2019-06-13,52.74,52.88,52.55,52.72,525875.0
2019-06-14,52.53,52.8,52.33,52.64,399957.0
2019-06-17,52.67,52.97,52.6,52.63,331745.0
2019-06-18,52.89,53.33,52.85,53.18,429345.0
2019-06-19,53.37,53.68,53.37,53.64,504021.0
2019-06-20,54.14,54.37,53.79,54.12,471727.0
2019-06-21,54.06,54.26,53.94,54.09,525200.0
2019-06-24,54.2,54.52,54.14,54.35,473941.0
2019-06-25,54.49,54.49,54.08,54.14,485304.0
2019-06-26,54.25,54.54,54.07,54.22,509045.0
2019-06-27,54.35,54.59,54.13,54.17,1510475.0
2019-06-28,54.3,54.45,54.18,54.35,808526.0
2019-07-01,54.19,54.45,53.77,53.8,409484.0
2019-07-02,54.01,54.12,53.77,53.97,1449714.0
2019-07-03,54.09,54.51,54.08,54.46,1116591.0
2019-07-05,54.42,54.45,54.05,54.27,443574.0
2019-07-08,54.11,54.22,54.0,54.15,401666.0
2019-07-09,53.89,54.29,53.8,54.09,556019.0
2019-07-10,54.32,54.58,53.99,54.09,558881.0
2019-07-11,54.28,54.28,53.77,54.02,610129.0
2019-07-12,53.98,54.01,53.48,53.52,499553.0
2019-07-15,53.61,53.71,53.06,53.24,451708.0
2019-07-16,53.3,53.47,53.04,53.08,619930.0
2019-07-17,53.15,53.21,52.89,52.91,485177.0
2019-07-18,52.82,53.27,52.79,53.24,545261.0
2019-07-19,53.25,53.39,53.01,53.12,387610.0
2019-07-22,53.12,53.13,52.69,52.9,1363165.0
2019-07-23,52.93,53.22,52.87,53.11,589861.0
2019-07-24,53.0,53.6,52.99,53.47,503333.0
2019-07-25,53.57,54.17,53.3,53.73,1004026.0
2019-07-26,53.87,53.92,53.52,53.58,330574.0
2019-07-29,53.77,53.86,53.56,53.77,576557.0
2019-07-30,53.51,53.59,53.23,53.58,476503.0
2019-07-31,53.62,53.84,53.08,53.38,644455.0
2019-08-01,53.28,53.75,52.82,52.98,646070.0
2019-08-02,52.79,52.85,52.22,52.61,642663.0
2019-08-05,52.03,52.11,51.57,51.73,1458225.0
2019-08-06,51.99,52.08,51.14,51.58,911768.0
2019-08-07,51.03,52.04,50.83,51.87,1336092.0
2019-08-08,52.04,52.76,51.84,52.45,554159.0
2019-08-09,52.44,52.8,52.16,52.32,561751.0
2019-08-12,51.96,52.19,51.73,51.96,432237.0
2019-08-13,51.77,52.53,51.7,52.21,1201280.0
2019-08-14,51.63,51.63,50.69,50.84,861290.0
2019-08-15,50.78,50.91,50.36,50.61,607319.0
2019-08-16,51.0,51.34,50.89,51.02,782433.0
2019-08-19,51.25,51.54,50.36,51.4,452298.0
2019-08-20,51.26,51.42,50.89,51.02,604290.0
2019-08-21,51.43,51.51,51.13,51.27,475644.0
2019-08-22,51.43,51.71,51.3,51.53,960425.0
2019-08-23,51.3,51.72,50.8,50.98,773212.0
2019-08-26,51.1,51.44,50.99,51.23,796430.0
2019-08-27,51.52,52.22,51.26,51.48,1076605.0
2019-08-28,51.4,52.39,51.37,52.14,1093165.0
2019-08-29,52.44,53.27,52.39,53.0,1116601.0
2019-08-30,53.26,53.58,53.05,53.21,915829.0
2019-09-03,52.68,52.99,52.46,52.75,1811616.0
2019-09-04,53.19,53.81,53.11,53.71,644492.0
2019-09-05,54.02,54.31,54.0,54.11,682139.0
2019-09-06,54.24,54.84,54.19,54.68,552137.0
2019-09-09,54.9,55.24,54.88,55.14,1256838.0
2019-09-10,55.23,55.59,55.1,55.44,822842.0
2019-09-11,55.59,56.11,55.45,55.86,793826.0
2019-09-12,55.64,56.46,55.61,56.2,686388.0
2019-09-13,56.42,56.82,56.3,56.47,1267868.0
2019-09-16,56.14,56.39,55.86,56.22,674796.0
2019-09-17,56.1,56.62,55.95,56.45,492493.0
2019-09-18,56.33,56.57,56.02,56.18,708472.0
2019-09-19,56.12,56.52,56.12,56.21,615999.0
2019-09-20,56.31,56.67,56.15,56.26,885290.0
2019-09-23,56.25,56.46,56.07,56.45,924535.0
2019-09-24,56.61,57.15,56.6,56.83,1324959.0
2019-09-25,56.75,57.15,56.61,57.05,2763049.0
2019-09-26,57.36,57.52,57.21,57.35,1163490.0
2019-09-27,57.57,57.72,57.33,57.56,3050435.0
2019-09-30,57.0,57.17,56.82,56.85,725066.0
2019-10-01,56.77,56.97,56.12,56.41,851418.0
2019-10-02,55.98,56.04,55.27,55.48,2319021.0
2019-10-03,55.4,55.4,54.82,55.36,783461.0
2019-10-04,55.45,55.86,55.28,55.82,817343.0
2019-10-07,55.78,55.95,55.69,55.78,418485.0
2019-10-08,55.63,55.82,55.4,55.67,826966.0
2019-10-09,55.96,56.26,55.8,56.1,1522960.0
2019-10-10,56.17,56.58,56.11,56.26,640523.0
2019-10-11,56.7,57.34,56.7,56.93,706355.0
2019-10-14,56.8,56.91,56.52,56.84,778528.0
2019-10-15,57.04,57.66,56.92,57.24,611968.0
2019-10-16,57.25,57.59,57.25,57.37,457303.0
2019-10-17,57.61,57.64,57.32,57.43,475844.0
2019-10-18,57.51,57.68,57.45,57.59,542895.0
2019-10-21,57.77,57.84,57.16,57.56,1482678.0
2019-10-22,57.58,57.68,57.32,57.41,752463.0
2019-10-23,57.5,57.54,57.29,57.43,697328.0
2019-10-24,57.52,57.52,57.2,57.45,466389.0
2019-10-25,57.36,57.66,57.28,57.54,500685.0
2019-10-28,57.7,57.81,57.42,57.56,541063.0
2019-10-29,57.45,57.87,57.41,57.67,508100.0
2019-10-30,57.68,57.68,57.28,57.53,433132.0
2019-10-31,57.39,57.63,57.16,57.33,561585.0
2019-11-01,57.49,57.73,57.35,57.68,411912.0
2019-11-04,57.79,58.11,57.79,58.0,2226567.0
2019-11-05,58.05,58.2,57.91,57.98,535171.0
2019-11-06,57.9,58.06,57.76,58.0,473476.0
2019-11-07,58.07,58.22,57.94,57.99,385849.0
2019-11-08,57.71,57.87,57.59,57.83,390438.0
2019-11-11,57.71,57.97,57.67,57.86,1184167.0
2019-11-12,57.84,58.01,57.61,57.7,320753.0
2019-11-13,57.49,57.62,57.33,57.41,1005394.0
2019-11-14,57.31,57.46,57.21,57.45,430256.0
2019-11-15,57.52,57.61,57.39,57.48,711854.0
2019-11-18,57.4,57.84,57.37,57.75,567143.0
2019-11-19,57.79,57.87,57.58,57.62,411079.0
2019-11-20,57.44,57.51,57.22,57.3,695356.0
2019-11-21,57.43,57.46,57.12,57.29,1252858.0
2019-11-22,57.38,57.4,56.79,56.85,1179676.0
2019-11-25,56.94,57.09,56.72,56.99,851992.0
2019-11-26,56.84,57.27,56.3,56.6,1041878.0
2019-11-27,56.59,56.84,56.4,56.41,1161224.0
2019-11-29,56.34,56.43,56.1,56.12,438348.0
2019-12-02,56.27,56.35,55.91,56.14,749599.0
2019-12-03,55.74,55.78,55.32,55.6,946649.0
2019-12-04,55.81,56.24,55.62,56.23,756175.0
2019-12-05,56.44,56.84,56.21,56.82,1471046.0
2019-12-06,56.82,57.02,56.61,56.71,662420.0
2019-12-09,56.64,56.76,56.42,56.67,595031.0
2019-12-10,56.65,56.65,56.07,56.37,668471.0
2019-12-11,56.51,56.62,56.38,56.57,492792.0
2019-12-12,56.65,57.09,56.51,56.73,972679.0
2019-12-13,56.53,56.7,55.75,55.97,1271282.0
2019-12-16,56.42,56.59,56.28,56.28,682576.0
2019-12-17,56.25,56.59,56.06,56.58,770369.0
2019-12-18,56.67,56.69,55.94,56.13,805850.0
2019-12-19,56.08,56.3,55.84,55.89,702212.0
2019-12-20,55.87,56.19,55.86,55.98,617322.0
2019-12-23,55.99,56.05,55.7,55.76,813523.0
2019-12-24,55.76,55.79,55.5,55.77,267845.0
2019-12-26,55.82,55.86,55.62,55.84,253815.0
2019-12-27,56.03,56.13,55.95,56.1,588230.0
2019-12-30,56.21,56.34,55.97,56.19,674075.0
2019-12-31,56.27,56.56,56.21,56.49,623268.0
2020-01-02,56.6,56.78,56.51,56.72,738096.0
2020-01-03,56.38,56.73,56.29,56.65,794055.0
2020-01-06,55.86,55.95,55.54,55.86,1310202.0
2020-01-07,55.56,55.6,55.05,55.2,1425741.0
2020-01-08,55.17,55.93,55.17,55.55,764279.0
2020-01-09,55.64,55.71,55.17,55.33,870495.0
2020-01-10,55.33,55.33,54.95,55.15,783377.0
2020-01-13,55.23,55.35,55.03,55.34,786430.0
2020-01-14,55.29,55.46,55.11,55.17,685798.0
2020-01-15,55.17,55.39,54.99,55.37,628893.0
2020-01-16,55.49,55.64,55.35,55.63,591147.0
2020-01-17,55.64,55.72,55.36,55.47,562209.0
2020-01-21,55.52,55.72,55.47,55.53,505049.0
2020-01-22,55.66,55.88,55.49,55.82,717971.0
2020-01-23,55.68,55.97,55.5,55.93,574723.0
2020-01-24,55.95,56.09,55.56,55.79,637866.0
2020-01-27,54.99,55.58,54.99,55.53,811597.0
2020-01-28,55.67,55.67,55.37,55.58,567190.0
2020-01-29,55.58,55.68,55.26,55.27,545876.0
2020-01-30,54.99,55.24,54.675,55.11,776280.0
2020-01-31,54.7,54.76,54.37,54.62,913428.0
2020-02-03,54.73,54.88,54.33,54.35,491588.0
2020-02-04,54.99,55.05,54.82,54.94,569838.0
2020-02-05,55.21,55.27,54.915,55.15,626328.0
2020-02-06,55.25,55.75,55.21,55.66,1263247.0
2020-02-07,55.43,55.96,55.4,55.91,1119086.0
2020-02-10,55.8,55.97,55.75,55.85,719915.0
2020-02-11,56.0,56.12,55.88,55.93,494462.0
2020-02-12,56.05,56.34,55.99,56.3,507664.0
2020-02-13,56.14,56.36,56.12,56.27,534540.0
2020-02-14,56.3,56.52,56.26,56.4,575969.0
2020-02-18,56.18,56.39,56.11,56.31,558297.0
2020-02-19,56.47,56.59,56.36,56.4,489555.0
2020-02-20,56.37,56.59,56.18,56.26,655841.0
2020-02-21,56.12,56.33,56.02,56.16,671611.0
2020-02-24,55.12,55.43,54.88,54.99,1074735.0
2020-02-25,55.43,55.43,54.2,54.41,1352054.0
2020-02-26,54.63,55.2,54.31,54.42,1106604.0
2020-02-27,53.79,53.88,52.68,53.41,2363929.0
2020-02-28,52.15,52.85,51.22,52.35,2388389.0
2020-03-02,52.24,53.05,51.68,52.93,1867053.0
2020-03-03,52.96,53.34,51.99,52.09,1996453.0
2020-03-04,52.72,52.84,52.12,52.77,2995933.0
2020-03-05,51.92,52.01,50.74,51.19,2698149.0
2020-03-06,50.24,50.56,49.74,50.01,3020207.0
2020-03-09,45.56,47.94,43.32,43.39,3372872.0
2020-03-10,45.06,45.17,42.52,43.97,4336389.0
2020-03-11,42.92,43.87,42.36,42.54,4355364.0
2020-03-12,39.95,39.95,35.34,36.8,3681326.0
2020-03-13,38.6,42.83,38.19,42.81,4117270.0
2020-03-16,36.87,40.19,36.77,37.59,3167311.0
2020-03-17,38.08,39.27,35.92,37.92,2159322.0
2020-03-18,36.14,36.66,33.09,34.93,2719447.0
2020-03-19,34.24,35.21,33.18,35.04,1816995.0
2020-03-20,36.27,38.44,34.12,34.83,2305364.0
2020-03-23,34.25,34.99,31.94,32.16,3252399.0
2020-03-24,34.22,36.66,34.0,36.47,2795303.0
2020-03-25,37.24,41.46,36.38,39.95,3979202.0
2020-03-26,40.48,42.66,40.32,41.4,2686560.0
2020-03-27,39.78,40.19,38.51,38.74,1750245.0
2020-03-30,38.5,38.97,37.31,38.73,1829900.0
2020-03-31,38.52,41.01,38.51,40.6,2103712.0
2020-04-01,39.04,39.57,38.15,38.3,2991570.0
2020-04-02,38.5,39.62,38.09,38.84,1886670.0
2020-04-03,38.66,39.11,37.99,38.6,1526959.0
2020-04-06,39.26,39.63,38.71,39.18,2538078.0
2020-04-07,41.13,41.66,39.42,39.69,2251161.0
2020-04-08,39.87,40.47,39.1,40.2,1978278.0
2020-04-09,41.17,41.54,40.28,41.06,2069828.0
2020-04-13,41.02,41.11,39.81,40.18,2708002.0
2020-04-14,40.79,40.98,39.48,40.03,1723916.0
2020-04-15,38.5,38.94,38.05,38.12,1514515.0
2020-04-16,38.01,38.32,36.76,36.82,1786163.0
2020-04-17,38.54,38.93,37.99,38.84,1596709.0
2020-04-20,37.92,39.42,37.2,38.75,2099771.0
2020-04-21,37.65,38.45,37.03,37.08,1584412.0
2020-04-22,37.77,38.01,37.19,37.42,1309205.0
2020-04-23,37.78,38.16,37.43,37.54,1100228.0
2020-04-24,37.73,37.91,37.06,37.81,1167421.0
2020-04-27,38.08,38.93,37.83,38.77,1876383.0
2020-04-28,39.78,39.94,39.08,39.62,1653775.0
2020-04-29,40.72,41.73,40.54,41.64,1128906.0
2020-04-30,40.97,41.23,40.12,40.14,1361057.0
2020-05-01,39.11,39.11,38.49,38.65,1462624.0
2020-05-04,38.31,38.72,37.49,38.08,1980988.0
2020-05-05,38.61,38.8,37.77,37.82,1148362.0
2020-05-06,37.99,38.15,37.2,37.4,1583898.0
2020-05-07,37.88,38.31,37.42,37.45,1000504.0
2020-05-08,37.96,38.14,37.66,38.06,1126088.0
2020-05-11,37.65,38.18,37.22,38.08,1313452.0
2020-05-12,38.43,38.74,37.48,37.51,1135302.0
2020-05-13,37.47,37.61,35.34,35.81,3050065.0
2020-05-14,35.31,36.55,34.73,36.02,2477339.0
2020-05-15,35.81,36.02,35.29,35.44,1432330.0
2020-05-18,36.64,38.73,36.55,38.31,1522912.0
2020-05-19,37.97,38.0,36.64,36.65,2235211.0
2020-05-20,37.26,37.56,37.03,37.14,1048885.0
2020-05-21,37.08,37.32,36.29,36.86,1021770.0
2020-05-22,36.86,36.86,35.76,36.54,1375543.0
2020-05-26,38.63,40.77,38.33,40.45,2581093.0
2020-05-27,41.54,42.37,41.3,42.15,2131209.0
2020-05-28,42.4,42.53,41.32,41.6,2423482.0
2020-05-29,41.12,41.12,39.68,40.02,1592949.0
2020-06-01,40.27,41.8,40.27,41.42,1340788.0
2020-06-02,42.21,42.64,41.94,42.23,1112988.0
2020-06-03,43.1,44.01,43.01,43.7,1468294.0
2020-06-04,43.63,43.98,42.87,43.75,1301474.0
2020-06-05,45.76,46.05,44.77,45.04,1316378.0
2020-06-08,46.04,46.16,45.04,45.61,1764222.0
2020-06-09,44.83,45.7,44.39,45.29,1386312.0
2020-06-10,45.1,45.43,44.44,44.8,1585149.0
2020-06-11,42.85,43.5,41.8,42.09,2022494.0
2020-06-12,43.4,43.86,42.56,43.02,2116086.0
2020-06-15,41.82,43.48,41.7,42.76,1660991.0
2020-06-16,44.18,44.18,42.61,43.27,2005537.0
2020-06-17,43.45,43.56,42.76,43.0,1440677.0
2020-06-18,42.68,43.05,42.38,42.49,837628.0
2020-06-19,43.05,43.05,41.88,42.05,1164779.0
2020-06-22,42.0,42.13,41.61,41.91,929510.0
2020-06-23,42.47,42.63,41.75,41.87,4755735.0
2020-06-24,41.47,41.64,40.75,40.83,1377350.0
2020-06-25,40.7,41.21,40.56,41.1,1102814.0
2020-06-26,40.7,40.9,39.64,39.79,1281352.0
2020-06-29,40.1,41.035,39.98,40.72,978049.0
2020-06-30,40.41,41.42,40.2,41.24,1674145.0
2020-07-01,41.35,41.79,40.72,40.76,650891.0
2020-07-02,41.75,42.09,41.31,41.56,4471143.0
2020-07-06,41.76,41.98,41.23,41.55,1104833.0
2020-07-07,41.22,41.29,40.34,40.39,948741.0
2020-07-08,40.41,40.75,39.96,40.52,970804.0
2020-07-09,40.36,40.52,39.56,39.85,1098864.0
2020-07-10,39.81,40.91,39.81,40.88,1495677.0
2020-07-13,41.12,41.75,40.87,41.3,1552963.0
2020-07-14,41.14,41.38,40.92,41.24,1832040.0
2020-07-15,41.64,42.42,41.64,41.88,1232143.0
2020-07-16,41.52,42.49,41.52,42.08,916097.0
2020-07-17,42.0,42.16,41.65,41.67,863523.0
2020-07-20,41.52,41.71,41.23,41.38,790494.0
2020-07-21,41.96,42.3,41.76,41.95,1078818.0
2020-07-22,41.88,42.03,41.56,42.01,640922.0
2020-07-23,41.73,42.04,41.51,41.8,814969.0
2020-07-24,41.79,41.79,41.19,41.38,863651.0
2020-07-27,41.24,41.6,40.76,41.48,888584.0
2020-07-28,41.37,41.37,41.05,41.18,889591.0
2020-07-29,41.04,41.83,40.93,41.77,894796.0
2020-07-30,41.0,41.5,40.71,41.45,902025.0
2020-07-31,41.45,41.53,40.9,41.12,1010812.0
2020-08-03,41.18,41.38,40.9182,41.17,341632.0
2020-08-04,41.13,41.68,41.02,41.47,806525.0
2020-08-05,41.94,42.15,41.74,42.08,585515.0
2020-08-06,42.0,42.4,42.0,42.24,773101.0
2020-08-07,42.1,42.51,41.755,42.49,753682.0
2020-08-10,42.77,43.349,42.63,43.33,798221.0
2020-08-11,44.01,44.35,43.645,43.73,1014379.0
2020-08-12,44.19,44.49,44.185,44.28,920463.0
2020-08-13,44.2,44.445,43.86,44.02,717869.0
2020-08-14,43.5,43.72,43.31,43.52,995757.0
2020-08-17,43.51,43.96,43.105,43.33,688072.0
2020-08-18,43.56,43.61,43.11,43.28,1173048.0
2020-08-19,43.17,43.47,42.74,42.83,930772.0
2020-08-20,42.42,42.7,42.3,42.52,838552.0
2020-08-21,42.28,42.28,41.8593,42.13,885364.0
2020-08-24,42.52,42.72,42.22,42.6,1317736.0
2020-08-25,42.6,43.0,42.09,42.6,1391319.0
2020-08-26,42.59,43.58,42.59,43.12,1374260.0
2020-08-27,43.14,43.95,43.14,43.85,1188435.0
2020-08-28,44.11,44.24,43.13,43.38,983288.0
2020-08-31,43.47,43.47,43.0374,43.22,1157583.0
2020-09-01,43.09,43.11,42.31,42.53,1089217.0
2020-09-02,42.62,43.25,42.62,42.83,1196789.0
2020-09-03,43.05,43.15,41.99,42.16,2065292.0
2020-09-04,42.56,42.78,41.9,42.39,1493400.0
2020-09-08,42.0,42.0,41.27,41.42,1257211.0
2020-09-09,41.77,42.42,41.7,42.1,952838.0
2020-09-10,42.37,42.45,41.66,41.81,1083907.0
2020-09-11,41.83,42.2543,41.73,41.99,730400.0
2020-09-14,42.16,42.31,41.86,41.94,1034940.0
2020-09-15,42.16,42.36,41.99,42.11,855866.0
2020-09-16,42.12,42.345,41.7289,41.75,1481498.0
2020-09-17,41.46,41.98,41.33,41.96,880853.0
2020-09-18,41.78,41.92,41.51,41.58,1124019.0
2020-09-21,41.07,41.14,40.21,40.98,2056165.0
2020-09-22,41.08,41.64,40.649,40.84,1196859.0
2020-09-23,40.89,41.36,40.42,40.62,1475367.0
2020-09-24,40.4,41.04,40.155,40.61,1217438.0
2020-09-25,40.4,40.73,40.21,40.69,896426.0
2020-09-28,41.37,42.0,41.24,41.83,1103076.0
2020-09-29,41.72,41.83,41.08,41.39,1036180.0
2020-09-30,41.54,41.92,41.41,41.51,1099817.0
2020-10-01,41.79,41.84,41.31,41.73,3541319.0
2020-10-02,41.4,42.2199,41.16,42.06,1315059.0
2020-10-05,41.77,42.16,41.4845,42.02,3863272.0
2020-10-06,42.36,42.6531,41.87,42.0,1756889.0
2020-10-07,42.65,42.8,42.42,42.68,1328422.0
2020-10-08,42.95,43.13,42.76,42.99,922404.0
2020-10-09,43.4,43.4,42.75,42.98,1164968.0
2020-10-12,43.15,43.51,43.0545,43.49,870214.0
2020-10-13,43.25,43.37,42.44,42.74,1104281.0
2020-10-14,42.81,42.97,42.42,42.49,1065006.0
2020-10-15,42.03,42.63,41.8,42.47,948396.0
2020-10-16,42.57,42.79,42.37,42.61,828809.0
2020-10-19,42.93,42.93,42.16,42.35,853425.0
2020-10-20,42.71,42.72,42.28,42.33,804105.0
2020-10-21,42.29,42.58,42.17,42.34,664623.0
2020-10-22,42.3,43.07,42.3,42.94,961531.0
2020-10-23,43.32,43.64,43.23,43.53,835803.0
2020-10-26,43.28,43.28,42.51,42.93,1110654.0
2020-10-27,42.8,42.83,42.12,42.31,1185590.0
2020-10-28,41.5,41.63,40.76,40.78,1955320.0
2020-10-29,40.61,41.68,40.28,41.48,1149150.0
2020-10-30,41.32,41.67,41.02,41.56,991023.0
2020-11-02,42.0,42.07,41.52,42.04,986763.0
2020-11-03,42.73,43.12,42.5804,42.81,1456065.0
2020-11-04,42.54,43.33,42.05,42.94,1361207.0
2020-11-05,43.39,43.765,43.305,43.4,1110611.0
2020-11-06,43.58,43.65,43.13,43.31,701492.0
2020-11-09,45.09,46.97,45.09,45.95,3205621.0
2020-11-10,46.11,47.275,45.88,47.0,1633857.0
2020-11-11,47.45,47.45,46.9,47.07,984867.0
2020-11-12,46.4,46.77,46.04,46.35,1326406.0
2020-11-13,46.48,46.59,46.2333,46.27,997230.0
2020-11-16,47.3,47.55,47.02,47.41,1415850.0
2020-11-17,47.1,47.72,46.96,47.36,1273331.0
2020-11-18,47.65,48.41,47.45,48.06,1007322.0
2020-11-19,47.77,48.3,47.65,48.28,1067506.0
2020-11-20,48.28,48.595,48.07,48.51,804904.0
2020-11-23,49.03,49.15,48.665,48.84,1100132.0
2020-11-24,49.38,49.775,49.34,49.63,1482540.0
2020-11-25,49.34,49.825,49.18,49.73,1048865.0
2020-11-27,49.91,50.34,49.84,50.11,661668.0
2020-11-30,49.88,50.04,48.69,48.76,1194661.0
2020-12-01,49.78,50.79,49.64,50.25,1354295.0
2020-12-02,50.56,51.21,49.99,51.21,1880534.0
2020-12-03,51.3,51.88,51.3,51.68,1317482.0
2020-12-04,51.96,53.0,51.76,52.84,1526294.0
2020-12-07,52.54,52.8,52.32,52.52,1195704.0
2020-12-08,52.5,53.35,52.5,53.22,1200691.0
2020-12-09,53.59,53.72,53.1,53.36,826911.0
2020-12-10,53.23,53.77,53.07,53.68,650921.0
2020-12-11,53.13,53.845,53.09,53.8,854830.0
2020-12-14,54.39,54.49,53.39,53.41,757324.0
2020-12-15,53.84,54.08,53.63,53.69,877611.0
2020-12-16,53.52,53.62,53.1,53.43,800088.0
2020-12-17,53.61,53.69,53.3,53.54,584325.0
2020-12-18,53.47,53.47,53.0898,53.16,1026474.0
2020-12-21,52.44,53.04,52.11,52.82,1041027.0
2020-12-22,53.0,53.0,52.43,52.65,746361.0
2020-12-23,52.91,53.44,52.9,53.27,1068407.0
2020-12-24,53.53,53.53,53.17,53.49,369569.0
2020-12-28,53.78,54.1,53.475,53.54,521525.0
2020-12-29,53.77,53.9,53.54,53.63,584941.0
2020-12-30,53.88,54.2243,53.79,53.91,653207.0
2020-12-31,54.01,54.39,53.96,54.04,3109246.0
2021-01-04,53.61,53.82,52.77,52.96,3704098.0
2021-01-05,52.9,53.77,52.9,53.61,1598854.0
2021-01-06,53.45,54.2543,53.37,54.07,2256889.0
2021-01-07,54.25,54.4899,53.84,54.46,1064234.0
2021-01-08,54.05,54.34,53.34,53.54,1223122.0
2021-01-11,52.88,53.515,52.75,53.3,835722.0
2021-01-12,53.47,54.23,53.33,54.16,1003089.0
2021-01-13,54.11,54.55,54.0,54.34,1523661.0
2021-01-14,54.48,55.6,54.15,55.38,969700.0
2021-01-15,54.81,55.359,54.69,55.15,1520084.0
2021-01-19,55.28,55.85,55.19,55.57,995890.0
2021-01-20,55.82,56.02,55.56,55.84,858977.0
2021-01-21,55.86,55.93,55.24,55.39,1606321.0
2021-01-22,54.87,54.9,54.255,54.5,1132983.0
2021-01-25,54.3,54.89,54.21,54.87,1022230.0
2021-01-26,55.2,55.2,54.625,54.8,649202.0
2021-01-27,54.0,54.18,53.25,53.33,1681598.0
2021-01-28,53.57,54.42,53.0265,54.01,1852388.0
2021-01-29,53.71,53.88,52.97,53.29,1586180.0
2021-02-01,53.57,53.77,53.31,53.35,925660.0
2021-02-02,53.71,54.24,53.68,54.14,871673.0
2021-02-03,54.21,54.21,53.85,54.05,841703.0
2021-02-04,54.14,54.53,54.05,54.52,886466.0
2021-02-05,54.68,54.945,54.54,54.85,1217492.0
2021-02-08,55.0,55.6,54.96,55.59,1005368.0
2021-02-09,55.59,55.93,55.41,55.82,778632.0
2021-02-10,55.9,55.91,55.3,55.58,761363.0
2021-02-11,55.59,55.74,55.36,55.69,648737.0
2021-02-12,55.46,56.02,55.35,55.92,719455.0
2021-02-16,56.25,56.55,56.01,56.14,1340892.0
2021-02-17,55.83,56.11,55.65,55.95,800679.0
2021-02-18,55.9,56.123,55.6,56.04,803055.0
2021-02-19,56.45,56.9,56.19,56.67,998908.0
2021-02-22,56.52,57.51,56.52,57.18,1044740.0
2021-02-23,58.0,59.18,57.85,58.88,1678931.0
2021-02-24,59.25,61.35,58.88,61.2,2436531.0
2021-02-25,61.2,61.29,59.81,59.94,2842810.0
2021-02-26,59.51,59.85,58.28,58.29,2315781.0
2021-03-01,59.37,59.93,58.87,59.74,1417393.0
2021-03-02,60.09,61.16,59.93,60.76,2497435.0
2021-03-03,61.05,61.38,60.63,60.9,1088901.0
2021-03-04,60.79,61.37,59.79,60.22,2033405.0
2021-03-05,60.89,61.3399,60.64,61.23,2134481.0
2021-03-08,61.34,62.1,61.15,61.74,2262158.0
2021-03-09,61.7,62.19,61.49,61.72,1199576.0
2021-03-10,62.01,62.8992,61.89,62.79,1323404.0
2021-03-11,62.77,63.37,62.65,63.26,2260381.0
2021-03-12,63.88,63.88,63.21,63.61,1070683.0
2021-03-15,63.61,63.69,62.82,63.18,1135326.0
2021-03-16,63.18,63.6758,62.965,63.49,1955748.0
2021-03-17,63.49,63.98,63.4,63.7,2459985.0
2021-03-18,63.84,64.38,63.165,63.22,1582682.0
2021-03-19,63.03,63.17,62.24,62.94,1450674.0
2021-03-22,62.92,62.96,62.44,62.7,957847.0
2021-03-23,62.37,62.7,61.945,62.01,1040729.0
2021-03-24,62.1,62.7,62.06,62.2,1059273.0
2021-03-25,62.1,62.52,61.82,62.34,1104304.0
2021-03-26,62.89,63.38,62.85,63.24,1230393.0
2021-03-29,62.89,63.23,62.63,63.06,1256809.0
2021-03-30,63.13,63.135,62.775,63.0,984045.0
2021-03-31,63.17,63.28,62.35,62.55,1295770.0
2021-04-01,62.67,62.96,62.43,62.95,2959695.0
2021-04-05,62.43,62.79,62.22,62.56,4042490.0
2021-04-06,62.43,62.6,62.05,62.17,858370.0
2021-04-07,62.04,62.27,61.85,61.91,908384.0
2021-04-08,61.8,62.33,61.43,62.31,1089798.0
2021-04-09,62.3,62.57,62.19,62.5,651020.0
2021-04-12,62.45,62.68,62.099,62.47,1056458.0
2021-04-13,62.33,62.37,61.825,61.85,1257434.0
2021-04-14,61.81,62.3,61.63,62.03,2146941.0
2021-04-15,62.14,62.28,61.62,61.85,820326.0
2021-04-16,62.24,62.24,61.9627,62.08,1773681.0
2021-04-19,62.23,62.34,61.5,61.61,890966.0
2021-04-20,61.55,61.675,60.655,60.81,1473224.0
2021-04-21,60.65,62.09,60.505,62.06,1016061.0
2021-04-22,61.92,62.25,61.6177,61.99,1148845.0
2021-04-23,62.07,62.62,61.9,62.52,1057508.0
2021-04-26,62.78,63.36,62.68,62.93,1107138.0
2021-04-27,63.25,63.32,62.8,63.13,826866.0
2021-04-28,63.28,63.64,63.17,63.58,1653511.0
2021-04-29,64.0,64.12,63.64,63.96,1115522.0
2021-04-30,63.7,63.83,63.43,63.69,1253977.0
2021-05-03,63.89,64.39,63.77,63.95,878746.0
2021-05-04,63.74,63.87,63.27,63.68,1580635.0
2021-05-05,63.79,64.36,63.67,64.24,1016700.0
2021-05-06,64.55,65.17,64.29,65.16,1689519.0
2021-05-07,64.75,65.51,64.6,65.44,803644.0
2021-05-10,65.79,66.15,65.71,65.71,999414.0
2021-05-11,65.32,65.86,64.76,64.9,2235287.0
2021-05-12,65.1,65.48,64.38,64.48,1206670.0
2021-05-13,64.38,65.41,64.38,65.25,1531543.0
2021-05-14,65.71,66.04,65.65,65.84,1523204.0
2021-05-17,65.98,66.41,65.79,66.3,942113.0
2021-05-18,66.51,66.74,65.86,65.9,2060021.0
2021-05-19,65.33,65.7,64.825,65.39,1425619.0
2021-05-20,65.64,65.79,65.19,65.56,1411604.0
2021-05-21,65.83,65.99,65.21,65.53,3256580.0
2021-05-24,65.64,66.086,65.415,65.96,635948.0
2021-05-25,65.84,66.53,65.84,65.96,1323135.0
2021-05-26,65.9,66.42,65.68,66.3,1452643.0
2021-05-27,66.75,67.22,66.53,67.02,1469108.0
2021-05-28,67.18,67.465,66.935,67.3,1849735.0
2021-06-01,67.92,68.0,66.68,67.0,1369271.0
2021-06-02,67.5,68.02,67.32,68.0,1509888.0
2021-06-03,67.81,67.81,67.41,67.47,966346.0
2021-06-04,67.59,67.78,67.0,67.23,841965.0
2021-06-07,67.42,67.51,67.0,67.17,1562375.0
2021-06-08,67.33,67.33,66.9297,66.98,871265.0
2021-06-09,67.14,67.19,66.61,66.82,1083024.0
2021-06-10,67.3,67.39,66.78,66.79,1014145.0
2021-06-11,66.77,66.86,66.41,66.59,821312.0
2021-06-14,66.56,66.74,66.35,66.52,1642992.0
2021-06-15,66.53,66.775,66.41,66.65,761952.0
2021-06-16,66.7,67.09,66.52,66.8,1252697.0
2021-06-17,66.79,66.9,65.24,65.42,3087796.0
2021-06-18,64.87,64.94,63.68,63.7,4861708.0
2021-06-21,64.23,64.78,64.09,64.65,1279921.0
2021-06-22,64.66,64.84,64.12,64.73,1538371.0
2021-06-23,64.97,65.2,64.85,64.95,1226085.0
2021-06-24,65.11,65.2,64.61,65.11,1106408.0
2021-06-25,65.32,65.84,65.24,65.8,1293625.0
2021-06-28,65.57,65.57,64.81,65.0,1607821.0
2021-06-29,65.02,65.28,64.87,64.96,818913.0
2021-06-30,64.96,65.18,64.84,65.07,1032285.0
2021-07-01,65.39,65.69,65.1199,65.58,2682511.0
2021-07-02,64.96,65.141,64.46,65.01,2902511.0
2021-07-06,64.78,64.81,63.625,63.65,1423747.0
2021-07-07,63.46,63.89,63.14,63.24,1276131.0
2021-07-08,62.6,62.69,61.85,62.15,1457827.0
2021-07-09,62.67,63.48,62.67,63.4,1436523.0
2021-07-12,62.96,63.75,62.75,63.73,973142.0
2021-07-13,63.52,63.65,62.95,63.18,877531.0
2021-07-14,63.48,63.82,63.017,63.25,826206.0
2021-07-15,62.92,63.245,62.71,62.89,1025282.0
2021-07-16,63.1,63.11,62.2339,62.31,1014868.0
2021-07-19,61.38,61.38,60.04,60.29,2585371.0
2021-07-20,60.24,61.405,59.97,61.25,1216774.0
2021-07-21,61.69,62.35,61.69,62.11,843456.0
2021-07-22,62.11,62.13,61.25,61.57,876899.0
2021-07-23,61.9,62.3,61.67,62.0,1004168.0
2021-07-26,62.06,62.31,61.875,62.17,819904.0
2021-07-27,61.81,62.385,61.56,61.84,999221.0
2021-07-28,61.9,62.55,61.55,62.41,911534.0
2021-07-29,62.83,63.45,62.83,63.23,891228.0
2021-07-30,63.12,63.31,62.16,62.44,1160621.0
2021-08-02,62.55,63.52,61.95,61.97,748508.0
2021-08-03,62.11,62.475,61.68,62.39,865593.0
2021-08-04,62.02,62.59,62.01,62.23,688208.0
2021-08-05,62.73,63.07,62.64,62.97,599699.0
2021-08-06,63.14,63.45,63.06,63.35,1619592.0
2021-08-09,63.36,63.57,63.07,63.41,727925.0
2021-08-10,63.4,64.5,63.39,64.45,945036.0
2021-08-11,64.59,64.93,64.29,64.82,880773.0
2021-08-12,64.95,64.95,64.4095,64.76,533124.0
2021-08-13,64.83,64.9,64.53,64.69,452201.0
2021-08-16,64.36,64.52,63.9,64.45,825252.0
2021-08-17,64.07,64.17,63.48,63.77,1449999.0
2021-08-18,63.69,64.09,63.48,63.49,736512.0
2021-08-19,62.57,62.94,61.94,62.04,1551277.0
2021-08-20,61.75,62.4,61.49,62.31,952600.0
2021-08-23,62.87,63.53,62.83,63.45,1139088.0
2021-08-24,63.71,63.85,63.145,63.2,1135281.0
2021-08-25,63.23,64.046,63.1,64.02,1390472.0
2021-08-26,63.98,64.1,62.83,62.99,1139138.0
2021-08-27,63.01,63.285,62.54,62.95,1090947.0
2021-08-30,63.09,63.21,62.29,62.3,1023415.0
2021-08-31,62.49,62.62,61.8766,61.91,1626244.0
2021-09-01,62.26,62.455,61.8,61.82,838885.0
2021-09-02,61.95,62.45,61.85,62.41,790518.0
2021-09-03,62.58,62.58,62.26,62.38,643132.0
2021-09-07,62.29,62.505,61.75,61.77,925512.0
2021-09-08,61.65,61.9,61.2699,61.52,794681.0
2021-09-09,61.52,62.0801,61.46,61.73,731776.0
2021-09-10,62.28,62.28,61.55,61.55,723839.0
2021-09-13,62.0,62.33,61.61,61.93,1004511.0
2021-09-14,62.19,62.23,61.14,61.25,772488.0
2021-09-15,61.21,62.09,61.18,62.05,904817.0
2021-09-16,62.08,62.26,61.57,61.9,620559.0
2021-09-17,61.94,62.08,61.0,61.34,1303822.0
2021-09-20,60.31,60.35,59.05,59.98,2196217.0
2021-09-21,60.12,60.66,59.95,60.0,1181912.0
2021-09-22,60.36,60.97,60.27,60.44,1013320.0
2021-09-23,60.97,61.92,60.97,61.68,973547.0
2021-09-24,61.62,61.85,61.41,61.81,912046.0
2021-09-27,62.08,62.765,62.02,62.56,1525211.0
2021-09-28,62.57,62.65,61.86,62.07,1765212.0
2021-09-29,62.14,62.23,61.73,61.78,958574.0
2021-09-30,61.93,62.21,61.1,61.53,3244007.0
2021-10-01,61.57,62.4,61.1,62.18,1876235.0
2021-10-04,61.35,62.25,61.345,61.54,3145247.0
2021-10-05,61.73,62.2474,61.51,61.86,876539.0
2021-10-06,61.24,61.66,61.04,61.63,1052585.0
2021-10-07,62.09,62.18,61.675,61.98,1077526.0
2021-10-08,62.1,62.97,61.99,62.88,1062259.0
2021-10-11,63.17,63.62,62.72,62.74,438383.0
2021-10-12,62.74,63.24,62.55,62.99,836494.0
2021-10-13,63.01,63.285,62.31,63.17,923579.0
2021-10-14,63.74,64.09,63.59,63.91,855412.0
2021-10-15,64.17,64.49,64.09,64.45,775352.0
2021-10-18,64.3,64.72,64.23,64.57,822479.0
2021-10-19,64.8,65.46,64.73,65.42,934520.0
2021-10-20,65.5,66.47,65.39,66.42,1045030.0
2021-10-21,66.2,66.49,65.72,65.92,672278.0
2021-10-22,66.2,66.44,65.89,66.09,662582.0
2021-10-25,66.2,66.56,66.07,66.51,813823.0
2021-10-26,66.53,67.1,66.51,66.93,1047528.0
2021-10-27,66.74,67.26,66.58,66.81,1274145.0
2021-10-28,66.91,67.06,66.65,66.77,646003.0
2021-10-29,66.56,66.65,65.38,65.56,1570136.0
2021-11-01,66.18,66.315,65.6,66.27,947002.0
2021-11-02,66.14,66.52,65.84,66.27,605834.0
2021-11-03,66.15,66.98,66.03,66.9,946440.0
2021-11-04,66.76,66.86,65.99,66.56,1119528.0
2021-11-05,66.78,67.12,66.475,66.6,951230.0
2021-11-08,66.76,67.04,66.32,66.4,1004993.0
2021-11-09,66.21,66.665,65.89,66.55,762736.0
2021-11-10,66.66,67.05,66.17,66.19,865701.0
2021-11-11,66.1,66.17,65.54,65.67,801859.0
2021-11-12,65.7,66.49,65.48,66.45,862082.0
2021-11-15,66.76,66.8,66.15,66.26,810395.0
2021-11-16,66.23,66.32,65.83,65.83,722404.0
2021-11-17,65.83,65.93,65.17,65.46,748087.0
2021-11-18,65.35,65.69,65.01,65.67,758584.0
2021-11-19,65.41,65.44,64.95,65.27,885766.0
2021-11-22,65.46,65.49,64.79,64.8,1050731.0
2021-11-23,64.96,65.825,64.96,65.81,1138824.0
2021-11-24,65.81,65.865,65.52,65.74,728643.0
2021-11-26,64.78,64.89,63.94,64.27,1390115.0
2021-11-29,64.5,64.78,63.4,63.84,1566274.0
2021-11-30,63.67,63.78,62.11,62.43,1904016.0
2021-12-01,63.55,65.37,63.36,64.35,3084514.0
2021-12-02,64.73,66.27,64.67,66.1,2432019.0
2021-12-03,66.27,66.38,65.175,65.37,1683786.0
2021-12-06,66.07,66.81,65.81,66.42,1580240.0
2021-12-07,67.25,67.72,66.96,67.56,1782887.0
2021-12-08,67.74,67.97,67.165,67.56,1073469.0
2021-12-09,67.15,67.58,66.86,67.44,1111501.0
2021-12-10,67.74,67.9903,67.52,67.7,1269978.0
2021-12-13,67.33,67.5,66.77,67.0,1139796.0
2021-12-14,66.7,67.49,66.62,67.02,1072211.0
2021-12-15,67.03,67.74,66.56,67.48,1376359.0
2021-12-16,68.2,68.6,67.98,68.08,1588103.0
2021-12-17,68.06,68.28,67.14,67.76,3587932.0
2021-12-20,67.09,67.25,66.3,67.09,2684101.0
2021-12-21,67.78,68.17,67.61,67.89,2273526.0
2021-12-22,67.96,69.1,67.79,69.1,1328982.0
2021-12-23,69.29,69.9595,69.18,69.79,1365969.0
2021-12-27,70.0,70.91,69.72,70.91,855807.0
2021-12-28,70.88,71.54,70.88,71.26,1183508.0
2021-12-29,71.07,71.48,70.7,71.37,1319017.0
2021-12-30,71.66,71.87,71.38,71.73,1782678.0
2021-12-31,71.44,71.965,71.36,71.69,3672665.0
2022-01-03,70.73,71.77,70.68,71.43,3285507.0
2022-01-04,71.39,71.96,71.36,71.52,2650316.0
2022-01-05,71.76,71.98,70.69,70.7,1554120.0
2022-01-06,71.24,71.97,70.89,71.71,2460003.0
2022-01-07,71.92,72.545,71.75,72.42,2353347.0
2022-01-10,72.23,72.53,71.37,71.74,1426435.0
2022-01-11,71.89,73.0,71.79,72.99,1380138.0
2022-01-12,73.25,73.99,73.16,73.38,2829988.0
2022-01-13,73.68,74.24,73.61,73.63,2012747.0
2022-01-14,73.35,73.875,73.02,73.53,2133802.0
2022-01-18,73.94,74.02,73.355,73.75,1710148.0
2022-01-19,74.18,74.18,72.61,72.83,1730380.0
2022-01-20,72.75,73.73,72.68,72.75,1709040.0
2022-01-21,72.03,72.45,71.07,71.46,2984842.0
2022-01-24,69.75,70.47,68.74,70.38,2401537.0
2022-01-25,70.06,71.51,69.17,70.97,1691911.0
2022-01-26,71.98,72.41,70.97,71.42,2893038.0
2022-01-27,71.97,72.5,70.86,71.13,1697226.0
2022-01-28,71.06,71.06,69.835,70.72,1833438.0
2022-01-31,70.54,72.14,70.43,71.96,1513735.0
2022-02-01,72.17,72.95,71.87,72.7,1703274.0
2022-02-02,72.99,73.69,72.76,73.5,1325150.0
2022-02-03,73.21,73.6789,73.08,73.13,1462032.0
2022-02-04,73.12,73.38,72.58,73.18,1095065.0
2022-02-07,73.38,73.95,73.17,73.75,1142777.0
2022-02-08,73.91,74.56,73.83,74.36,1239293.0
2022-02-09,74.65,74.86,74.015,74.22,1238520.0
2022-02-10,73.87,74.2,73.115,73.24,1352330.0
2022-02-11,73.14,74.025,72.72,73.08,1563729.0
2022-02-14,72.9,73.06,72.25,72.66,1418593.0
2022-02-15,73.12,73.25,72.62,73.07,1233431.0
2022-02-16,73.01,73.71,72.87,73.15,1150580.0
2022-02-17,72.87,72.99,72.2473,72.42,1469476.0
2022-02-18,72.74,72.78,71.925,71.99,1227266.0
2022-02-22,71.5,72.2,70.99,71.82,1794844.0
2022-02-23,72.24,72.39,71.19,71.42,1837393.0
2022-02-24,68.48,69.4801,68.22,69.33,3158823.0
2022-02-25,70.17,72.316,69.89,72.21,3551612.0
2022-02-28,71.13,72.59,70.96,72.34,3385719.0
2022-03-01,72.48,73.56,70.91,71.28,2625318.0
2022-03-02,71.94,73.97,71.94,73.8,2176372.0
2022-03-03,73.84,74.44,73.4,74.01,1828465.0
2022-03-04,73.0,73.28,72.32,73.26,1754233.0
2022-03-07,72.7,73.38,71.855,71.93,2338989.0
2022-03-08,72.15,72.46,69.93,70.18,2115867.0
2022-03-09,71.51,72.715,70.99,72.32,1610626.0
2022-03-10,71.62,72.65,71.51,72.11,1261885.0
2022-03-11,72.53,73.47,71.955,72.01,1486351.0
2022-03-14,72.43,73.23,71.87,72.12,2261275.0
2022-03-15,72.46,72.46,71.4,71.92,1485111.0
2022-03-16,72.84,73.54,71.86,73.14,1834959.0
2022-03-17,72.88,73.53,72.86,73.52,1471370.0
2022-03-18,73.25,74.07,73.1,73.76,2434086.0
2022-03-21,74.06,74.37,73.47,73.77,1448474.0
2022-03-22,74.17,74.82,74.02,74.58,1432810.0
2022-03-23,74.08,74.16,72.34,72.37,2031860.0
2022-03-24,72.79,73.025,71.955,72.78,1966567.0
2022-03-25,72.97,73.87,72.85,73.8,1729564.0
2022-03-28,73.55,73.56,72.98,73.45,1187834.0
2022-03-29,74.0,74.22,73.33,73.73,1147895.0
2022-03-30,73.81,74.0,72.92,73.3,2197191.0
2022-03-31,72.82,73.25,71.6,71.72,1647992.0
2022-04-01,72.22,72.29,70.85,71.19,3245081.0
2022-04-04,70.9,71.05,70.1,70.9,3419215.0
2022-04-05,70.95,71.98,70.76,71.41,1518414.0
2022-04-06,70.92,71.27,70.045,70.2,1729047.0
2022-04-07,70.14,70.23,68.83,69.52,2009601.0
2022-04-08,69.52,70.145,69.4,69.65,989467.0
2022-04-11,69.59,69.94,68.76,68.81,1560794.0
2022-04-12,68.89,69.14,67.62,67.84,1195423.0
2022-04-13,67.5,67.92,66.97,67.84,1201487.0
2022-04-14,67.64,68.19,67.47,67.51,945424.0
2022-04-18,67.44,67.595,66.86,67.09,1201250.0
2022-04-19,67.36,68.11,67.17,68.04,1276877.0
2022-04-20,68.72,69.66,68.71,68.92,1343123.0
2022-04-21,69.5,70.03,68.515,68.73,1489342.0
2022-04-22,68.2,68.33,66.8375,66.9,1302487.0
2022-04-25,66.4,66.925,65.48,66.74,1712763.0
2022-04-26,65.88,66.32,65.13,65.16,1414187.0
2022-04-27,65.0,65.31,63.83,63.94,2485493.0
2022-04-28,64.02,65.0,63.745,64.21,3209600.0
2022-04-29,64.53,64.89,63.25,63.32,1581592.0
2022-05-02,63.35,63.55,62.51,63.44,1752074.0
2022-05-03,63.79,64.81,63.49,64.51,1489157.0
2022-05-04,64.6,65.526,64.08,65.49,1610972.0
2022-05-05,65.02,65.27,63.47,64.29,1964718.0
2022-05-06,63.84,64.15,63.15,63.72,1581503.0
2022-05-09,62.93,63.35,62.4,62.57,1732627.0
2022-05-10,63.02,63.53,61.64,62.14,1917922.0
2022-05-11,62.24,63.41,61.66,61.99,1924260.0
2022-05-12,61.52,61.85,60.91,61.66,1951894.0
2022-05-13,62.01,62.95,62.01,62.75,1661871.0
2022-05-16,62.74,63.61,62.41,63.39,1266159.0
2022-05-17,63.81,64.61,63.69,64.49,1716479.0
2022-05-18,64.21,64.21,62.35,62.58,1550274.0
2022-05-19,62.4,63.41,62.06,62.81,1445553.0
2022-05-20,63.23,63.54,61.68,62.55,1421840.0
2022-05-23,63.57,64.26,63.29,63.92,1261012.0
2022-05-24,63.92,63.92,62.42,63.59,2080282.0
2022-05-25,64.49,65.89,64.275,65.36,1766249.0
2022-05-26,65.78,66.54,65.6,66.05,1624559.0
2022-05-27,66.31,67.19,66.27,67.06,1445884.0
2022-05-31,67.03,67.91,66.82,67.71,1339243.0
2022-06-01,68.17,68.18,67.04,67.55,1126320.0
2022-06-02,67.39,68.59,67.19,68.4,1080375.0
2022-06-03,68.22,68.47,67.51,67.69,1128359.0
2022-06-06,68.25,68.45,67.24,67.27,871942.0
2022-06-07,66.97,68.07,66.83,68.07,827566.0
2022-06-08,68.02,68.02,66.81,67.26,896209.0
2022-06-09,66.98,67.07,65.605,65.61,1109660.0
2022-06-10,64.38,64.56,63.65,64.11,1547400.0
2022-06-13,62.68,63.27,62.26,62.87,2013241.0
2022-06-14,62.8,63.07,61.885,62.28,1366559.0
2022-06-15,62.64,63.45,61.65,62.81,1572058.0
2022-06-16,61.76,62.11,60.53,61.38,1814353.0
2022-06-17,61.16,61.72,60.4,60.86,1474788.0
2022-06-21,62.3,62.53,61.9553,62.07,1500975.0
2022-06-22,61.24,61.38,60.18,60.22,1837541.0
2022-06-23,60.23,60.33,57.93,58.22,2044344.0
2022-06-24,58.53,59.1,58.425,58.58,2018279.0
2022-06-27,58.85,59.975,58.75,59.68,1550351.0
2022-06-28,60.3,60.615,59.29,59.5,1294484.0
2022-06-29,59.76,59.91,59.16,59.55,3985755.0
2022-06-30,58.73,59.345,58.15,59.21,3959018.0
2022-07-01,57.93,58.92,57.42,58.79,4154208.0
2022-07-05,57.42,57.8113,56.3509,57.36,1768017.0
2022-07-06,57.42,57.65,56.66,57.33,1454283.0
2022-07-07,57.82,58.48,57.7554,58.06,1132778.0
2022-07-08,58.39,58.63,57.81,58.33,1837119.0
2022-07-11,57.85,58.11,57.52,58.0,930035.0
2022-07-12,57.56,58.165,57.31,57.57,1357535.0
2022-07-13,57.21,57.34,56.43,57.13,1382160.0
2022-07-14,55.81,55.81,54.23,54.75,1824900.0
2022-07-15,55.35,55.835,54.93,55.61,1432992.0
2022-07-18,56.43,57.42,56.315,56.51,1361353.0
2022-07-19,57.2,58.29,57.08,58.13,1349879.0
2022-07-20,57.84,58.23,57.68,58.18,1272011.0
2022-07-21,58.0,58.49,57.55,58.46,741032.0
2022-07-22,58.39,58.87,57.8197,58.13,705247.0
2022-07-25,58.66,59.265,58.55,58.96,1126759.0
2022-07-26,58.6,59.07,58.57,58.84,780309.0
2022-07-27,58.96,60.2,58.96,59.79,1357048.0
2022-07-28,59.96,60.385,59.27,60.21,1048343.0
2022-07-29,60.34,61.23,60.21,60.95,959096.0
2022-08-01,60.69,60.835,60.31,60.63,722142.0
2022-08-02,60.42,60.65,59.76,60.15,907134.0
2022-08-03,60.65,60.9455,60.16,60.76,768879.0
2022-08-04,60.63,60.91,60.49,60.77,610100.0
2022-08-05,60.45,60.83,60.1,60.67,810332.0
2022-08-08,61.14,61.4,60.825,60.9,891640.0
2022-08-09,60.93,60.93,60.03,60.34,753409.0
2022-08-10,61.1,62.53,60.92,62.13,944095.0
2022-08-11,62.62,62.86,62.275,62.4,781021.0
2022-08-12,62.66,63.02,62.42,62.97,935996.0
2022-08-15,62.21,62.89,61.94,62.84,835518.0
2022-08-16,62.84,63.75,62.7,63.54,855468.0
2022-08-17,62.9,63.445,62.73,63.24,665871.0
2022-08-18,63.3,63.42,62.98,63.24,965927.0
2022-08-19,62.91,63.02,62.175,62.52,741096.0
2022-08-22,61.8,62.1,61.53,61.84,1017779.0
2022-08-23,61.39,61.4,58.96,59.09,1846731.0
2022-08-24,58.43,58.45,57.36,57.86,2471149.0
2022-08-25,57.94,58.9,57.73,58.57,1799323.0
2022-08-26,58.76,58.9,57.14,57.36,1590608.0
2022-08-29,57.05,57.26,56.75,57.13,1090842.0
2022-08-30,57.38,57.44,55.82,56.16,1308534.0
2022-08-31,56.05,56.12,55.29,55.29,1664403.0
2022-09-01,54.91,55.01,53.665,54.26,2126460.0
2022-09-02,54.84,55.47,54.18,54.35,1588468.0
2022-09-06,54.73,54.92,53.54,53.76,1737248.0
2022-09-07,53.21,54.14,53.05,54.03,1732296.0
2022-09-08,54.03,55.6,53.73,55.45,1678860.0
2022-09-09,56.21,56.45,56.025,56.32,1615091.0
2022-09-12,56.87,57.25,56.405,56.68,1377692.0
2022-09-13,55.66,55.815,54.425,54.71,1792779.0
2022-09-14,54.88,55.02,54.24,54.52,1347836.0
2022-09-15,54.32,54.81,53.82,53.92,1837019.0
2022-09-16,53.28,53.6962,53.05,53.63,1477769.0
2022-09-19,53.15,54.045,52.91,54.02,1273527.0
2022-09-20,53.55,53.61,52.72,53.2,1356065.0
2022-09-21,53.24,53.32,52.21,52.22,1822708.0
2022-09-22,52.29,52.54,51.72,51.82,1271463.0
2022-09-23,51.08,51.11,50.27,50.94,2142955.0
2022-09-26,50.36,50.39,48.57,49.02,3078456.0
2022-09-27,49.22,49.6,48.41,48.64,2188976.0
2022-09-28,48.52,49.5,48.3,49.22,3959001.0
2022-09-29,48.74,48.78,47.66,48.25,2255383.0
2022-09-30,48.41,48.665,47.525,47.57,4562244.0
2022-10-03,47.49,48.34,47.35,48.08,3059343.0
2022-10-04,48.6,49.88,48.48,49.66,2281542.0
2022-10-05,48.75,49.01,48.12,48.89,1926770.0
2022-10-06,48.45,48.54,47.33,47.53,2235789.0
2022-10-07,47.43,47.68,46.85,47.18,1804293.0
2022-10-10,47.52,47.55,46.9,46.92,1056073.0
2022-10-11,46.73,47.14,46.04,46.42,1675215.0
2022-10-12,46.41,46.955,46.13,46.29,1506389.0
2022-10-13,45.56,48.23,45.26,47.9,2484458.0
2022-10-14,48.25,48.4,47.09,47.15,1667638.0
2022-10-17,48.2,48.49,47.98,48.18,1828129.0
2022-10-18,49.0,49.1,48.02,48.42,2870667.0
2022-10-19,47.78,47.85,46.73,47.13,4822277.0
2022-10-20,47.13,47.66,46.3523,46.43,2775275.0
2022-10-21,46.4,47.67,46.2,47.55,4047300.0
2022-10-24,47.65,47.65,46.82,47.13,2337450.0
2022-10-25,47.01,48.07,46.89,48.02,3678194.0
2022-10-26,48.01,48.59,47.85,48.16,6107872.0
2022-10-27,48.53,48.81,48.33,48.48,3210393.0
2022-10-28,48.46,48.93,48.39,48.64,2601782.0
2022-10-31,48.49,48.75,48.25,48.32,3502699.0
2022-11-01,49.01,49.1051,47.98,48.41,2007142.0
2022-11-02,48.45,49.055,47.74,47.81,1931717.0
2022-11-03,47.28,47.51,46.88,47.17,1762493.0
2022-11-04,48.17,49.02,48.138,48.85,1665917.0
2022-11-07,49.05,49.2,48.6,49.06,1171818.0
2022-11-08,49.12,49.92,48.97,49.48,1423471.0
2022-11-09,49.2,49.44,48.69,48.77,1604162.0
2022-11-10,50.16,52.11,50.0,51.81,4941652.0
2022-11-11,52.16,52.22,51.28,51.8,1479745.0
2022-11-14,51.66,51.85,51.28,51.44,1300718.0
2022-11-15,52.11,52.36,51.42,52.35,3086806.0
2022-11-16,52.35,52.37,51.36,51.62,1346993.0
2022-11-17,51.12,51.73,51.03,51.61,1143638.0
2022-11-18,51.73,51.97,51.35,51.55,985438.0
2022-11-21,51.4,52.21,51.16,52.15,1701958.0
2022-11-22,52.54,53.01,52.1429,52.72,1286476.0
2022-11-23,52.68,53.12,52.425,53.12,1277315.0
2022-11-25,53.26,53.495,53.13,53.36,477210.0
2022-11-28,53.01,53.31,52.6,52.87,2187396.0
2022-11-29,52.5,52.55,51.0,51.3,2081390.0
2022-11-30,51.63,52.2988,50.47,52.2,2306451.0
2022-12-01,52.36,52.44,51.52,52.23,1378859.0
2022-12-02,51.78,51.83,51.12,51.21,1184054.0
2022-12-05,51.21,51.34,49.8,49.97,1222954.0
2022-12-06,49.98,50.22,49.5118,50.06,1299242.0
2022-12-07,49.92,50.29,49.62,49.8,1055232.0
2022-12-08,50.15,50.35,49.7,50.18,1635361.0
2022-12-09,50.0,50.525,49.94,50.3,915659.0
2022-12-12,50.27,50.27,49.37,50.07,1372101.0
2022-12-13,51.0,51.112,49.645,49.91,1915172.0
2022-12-14,49.85,50.12,49.025,49.19,1693722.0
2022-12-15,48.75,48.8,47.59,47.96,1837340.0
2022-12-16,47.52,48.08,47.44,47.64,1387518.0
2022-12-19,47.83,48.0752,46.86,47.22,6041268.0
2022-12-20,47.53,48.47,47.26,47.99,2158740.0
2022-12-21,48.39,48.8,48.27,48.41,1058700.0
2022-12-22,48.05,48.27,47.475,48.25,1273124.0
2022-12-23,48.32,48.84,48.28,48.83,851452.0
2022-12-27,48.85,49.045,48.6,48.93,687093.0
2022-12-28,49.19,49.38,48.05,48.1,1665037.0
2022-12-29,48.31,49.225,48.26,49.21,1849769.0
2022-12-30,49.08,49.23,48.54,48.98,5014970.0
2023-01-03,48.29,48.47,47.62,47.67,3153004.0
2023-01-04,48.38,49.5,48.37,49.24,1790039.0
2023-01-05,49.09,49.13,48.56,48.96,1149538.0
2023-01-06,49.28,50.33,49.13,49.98,1946435.0
2023-01-09,50.32,50.65,50.11,50.26,1134715.0
2023-01-10,50.28,50.515,50.11,50.33,938369.0
2023-01-11,50.58,50.89,50.2401,50.44,1472604.0
2023-01-12,50.88,51.49,50.59,51.29,1132496.0
2023-01-13,50.75,51.71,50.57,51.65,1138013.0
2023-01-17,51.96,52.16,51.67,52.01,1266390.0
2023-01-18,52.15,52.55,51.26,51.26,1220714.0
2023-01-19,51.06,51.285,50.72,51.2,1140975.0
2023-01-20,51.31,51.69,50.84,51.67,1082369.0
2023-01-23,51.66,52.1819,51.35,52.04,1051120.0
2023-01-24,52.0,52.16,51.55,51.9,735872.0
2023-01-25,51.74,52.6134,51.71,52.37,1447394.0
2023-01-26,52.68,53.41,52.62,53.39,1053549.0
2023-01-27,53.34,53.62,52.97,53.31,1176530.0
2023-01-30,52.96,53.32,52.96,53.06,1140842.0
2023-01-31,53.15,54.14,52.92,54.13,1419919.0
2023-02-01,54.13,54.72,53.65,54.44,1537212.0
2023-02-02,54.6,55.25,54.2173,55.13,1202362.0
2023-02-03,54.75,55.125,54.35,54.74,1418338.0
2023-02-06,54.39,54.45,53.935,54.16,1069166.0
2023-02-07,53.93,55.18,53.73,55.04,2573206.0
2023-02-08,54.9,55.29,54.34,54.46,1231121.0
2023-02-09,54.87,55.0926,54.13,54.32,1268585.0
2023-02-10,54.5,55.1885,54.39,55.12,1048322.0
2023-02-13,55.06,55.73,55.02,55.57,685520.0
2023-02-14,55.59,55.91,55.05,55.44,897290.0
2023-02-15,54.86,55.25,54.75,54.99,865008.0
2023-02-16,54.59,54.99,54.19,54.58,815422.0
2023-02-17,54.46,54.46,53.935,54.14,1346561.0
2023-02-21,53.76,53.83,52.845,53.04,1101301.0
2023-02-22,52.99,53.1,52.435,52.79,1157317.0
2023-02-23,52.94,53.05,52.41,52.67,1308846.0
2023-02-24,52.0,52.46,51.605,52.44,1295610.0
2023-02-27,52.75,53.11,52.55,52.7,1153070.0
2023-02-28,51.63,51.7,49.36,49.48,3817018.0
2023-03-01,49.4,50.35,49.05,50.33,2472355.0
2023-03-02,50.28,50.6,49.82,50.59,1351189.0
2023-03-03,50.76,51.71,50.76,51.48,982577.0
2023-03-06,51.5,52.11,51.42,51.65,1118807.0
2023-03-07,51.38,51.45,49.9,50.21,1178963.0
2023-03-08,50.15,50.31,49.59,49.82,1031306.0
2023-03-09,49.73,49.755,48.515,48.67,1537629.0
2023-03-10,48.59,48.67,47.27,47.53,3161393.0
2023-03-13,47.19,48.19,46.36,47.88,4258623.0
2023-03-14,49.06,49.23,47.865,48.28,2783681.0
2023-03-15,47.04,47.48,46.36,47.4,2633768.0
2023-03-16,47.05,48.385,46.74,47.94,1996136.0
2023-03-17,47.7,48.02,47.42,47.92,2329119.0
2023-03-20,48.31,48.49,47.83,48.15,1743302.0
2023-03-21,48.82,48.95,48.34,48.58,2116151.0
2023-03-22,49.0,49.0839,48.44,48.44,2108205.0
2023-03-23,48.79,49.105,48.125,48.26,2088032.0
2023-03-24,47.64,48.06,46.99,48.05,2428097.0
2023-03-27,48.65,48.92,48.33,48.7,1386522.0
2023-03-28,48.5,49.16,48.5,49.03,1360626.0
2023-03-29,49.36,50.045,49.32,50.01,2986159.0
2023-03-30,50.3,50.64,49.955,50.11,1339151.0
2023-03-31,50.35,50.435,49.95,50.36,1273807.0
2023-04-03,49.62,50.298,49.56,50.21,1304232.0
2023-04-04,50.44,50.69,49.695,49.9,1464766.0
2023-04-05,49.69,50.15,49.55,50.13,1241317.0
2023-04-06,50.2,50.24,49.625,50.03,1043209.0
2023-04-10,49.76,50.2,49.68,50.05,1261458.0
2023-04-11,50.25,50.625,50.17,50.53,1153090.0
2023-04-12,50.8,51.08,50.48,50.61,870441.0
2023-04-13,50.83,51.37,50.63,51.34,1225397.0
2023-04-14,51.67,51.8,50.955,51.22,1077817.0
2023-04-17,51.22,51.35,50.79,51.32,1613694.0
2023-04-18,51.47,51.66,51.2304,51.54,993106.0
2023-04-19,51.27,51.49,51.06,51.27,1043252.0
2023-04-20,51.0,51.25,50.92,51.02,911447.0
2023-04-21,50.78,50.97,50.235,50.36,1816394.0
2023-04-24,50.24,50.36,49.79,50.01,1569592.0
2023-04-25,49.43,49.58,48.68,48.72,1331627.0
2023-04-26,48.67,49.19,48.57,48.81,1087455.0
2023-04-27,49.04,49.77,49.04,49.59,1050578.0
2023-04-28,49.2,49.96,49.14,49.91,917032.0
2023-05-01,49.89,50.29,49.8,49.81,970786.0
2023-05-02,49.56,49.56,48.15,48.38,1824107.0
2023-05-03,48.42,49.18,48.31,48.57,1362764.0
2023-05-04,48.46,48.66,47.85,48.49,1854239.0
2023-05-05,49.15,50.065,49.06,50.03,1963582.0
2023-05-08,50.42,50.79,50.17,50.32,1038809.0
2023-05-09,49.49,49.49,48.81,49.22,1493944.0
2023-05-10,49.53,49.65,48.98,49.44,905688.0
2023-05-11,49.0,49.42,48.76,49.34,696882.0
2023-05-12,49.52,49.65,48.74,49.08,714521.0
2023-05-15,49.19,49.85,49.16,49.84,877339.0
2023-05-16,49.64,50.04,49.02,49.1,973218.0
2023-05-17,49.46,49.8,49.04,49.8,1293543.0
2023-05-18,49.6,49.735,49.29,49.66,891928.0
2023-05-19,49.82,49.87,49.02,49.26,829976.0
2023-05-22,49.43,49.645,49.05,49.53,474413.0
2023-05-23,49.3,49.7,49.04,49.19,1691181.0
2023-05-24,48.59,48.86,47.85,48.29,2061948.0
2023-05-25,48.13,49.11,48.1,48.96,1558470.0
2023-05-26,49.08,49.43,48.98,49.06,1086946.0
2023-05-30,49.34,49.54,48.75,48.84,899788.0
2023-05-31,48.53,48.84,48.27,48.31,1080361.0
2023-06-01,48.58,49.17,48.15,48.76,1280952.0
2023-06-02,49.16,49.76,48.97,49.7,1482004.0
2023-06-05,49.8,49.81,49.01,49.05,887900.0
2023-06-06,49.05,49.62,48.98,49.61,845784.0
2023-06-07,49.59,49.87,49.4,49.67,805107.0
2023-06-08,49.7,49.79,49.28,49.66,612136.0
2023-06-09,49.57,49.95,49.46,49.54,722721.0
2023-06-12,49.42,49.74,49.165,49.24,759887.0
2023-06-13,49.35,49.97,49.35,49.89,1224213.0
2023-06-14,50.12,50.3246,49.625,49.71,961599.0
2023-06-15,49.72,50.5,49.72,50.46,959587.0
2023-06-16,50.62,50.71,50.12,50.16,1147775.0
2023-06-20,50.18,50.23,49.34,49.35,2520007.0
2023-06-21,49.37,49.46,48.74,49.01,2003742.0
2023-06-22,48.93,48.99,48.48,48.6,1245377.0
2023-06-23,48.26,48.26,47.86,47.99,1173580.0
2023-06-26,48.04,48.79,47.9,48.67,1438575.0
2023-06-27,48.99,49.055,48.59,49.04,1864854.0
2023-06-28,48.84,48.94,48.61,48.78,770722.0
2023-06-29,49.05,49.48,48.87,49.47,1948093.0
2023-06-30,49.74,50.21,49.71,50.04,1333701.0
2023-07-03,49.27,50.0459,49.222,49.69,1230361.0
2023-07-05,49.08,49.14,48.67,48.79,1793267.0
2023-07-06,48.3,48.31,47.34,47.36,2250864.0
2023-07-07,47.4,48.475,47.31,48.15,1779040.0
2023-07-10,48.08,48.39,47.75,47.84,900145.0
2023-07-11,47.85,48.26,47.63,48.2,797406.0
2023-07-12,48.68,49.085,48.62,49.05,1277469.0
2023-07-13,49.27,49.99,49.2,49.97,1461199.0
2023-07-14,50.14,50.28,49.3,49.39,1007748.0
2023-07-17,49.31,49.715,49.29,49.69,621444.0
2023-07-18,49.62,50.34,49.4624,50.33,1144563.0
2023-07-19,50.4,50.955,50.4,50.92,1547501.0
2023-07-20,50.94,51.03,50.76,51.01,2255105.0
2023-07-21,51.01,51.03,50.78,50.87,1292251.0
2023-07-24,50.91,51.355,50.675,50.95,1589394.0
2023-07-25,51.0,51.0,49.51,49.62,2494160.0
2023-07-26,49.44,50.03,49.32,49.77,1538549.0
2023-07-27,49.99,50.3519,49.6306,49.73,2194277.0
2023-07-28,50.15,50.32,49.825,49.91,794293.0
2023-07-31,50.05,50.62,50.0,50.36,1069897.0
2023-08-01,49.95,49.975,49.105,49.31,1887939.0
2023-08-02,48.84,48.89,48.2614,48.5,1920066.0
2023-08-03,48.19,48.2618,47.79,48.09,905647.0
2023-08-04,48.17,48.595,48.005,48.1,1243850.0
2023-08-07,48.26,48.655,48.22,48.46,483985.0
2023-08-08,47.68,47.77,47.21,47.57,1299971.0
2023-08-09,47.49,47.67,47.25,47.55,952630.0
2023-08-10,47.72,48.24,47.69,47.75,1083970.0
2023-08-11,47.56,48.08,47.53,48.03,876682.0
2023-08-14,47.87,47.87,47.5,47.69,1007011.0
2023-08-15,47.42,47.49,46.73,46.83,1611529.0
2023-08-16,46.72,46.97,46.59,46.66,962363.0
2023-08-17,46.87,47.08,46.34,46.35,862103.0
2023-08-18,46.13,46.23,45.95,46.06,1110685.0
2023-08-21,46.15,46.22,45.71,45.82,1178794.0
2023-08-22,45.94,45.965,45.305,45.44,1234220.0
2023-08-23,45.47,46.285,45.35,46.15,1019865.0
2023-08-24,45.99,46.27,45.89,45.95,1802220.0
2023-08-25,46.07,46.26,45.25,45.65,1164102.0
2023-08-28,45.93,46.29,45.76,46.19,1034153.0
2023-08-29,46.02,47.63,46.02,47.58,1932647.0
2023-08-30,47.69,48.0,47.455,47.63,1097718.0
2023-08-31,47.61,47.92,47.26,47.44,1167149.0
2023-09-01,47.75,48.205,47.69,48.14,1657309.0
2023-09-05,48.13,48.27,47.27,47.29,1905429.0
2023-09-06,47.1,47.39,46.815,47.15,1976060.0
2023-09-07,47.05,47.35,46.525,46.61,1213808.0
2023-09-08,46.62,46.79,46.38,46.52,1016668.0
2023-09-11,46.89,47.27,46.5,47.07,1932823.0
2023-09-12,47.07,47.49,46.97,47.29,1138617.0
2023-09-13,47.48,47.945,47.43,47.83,835054.0
2023-09-14,48.33,48.5,48.07,48.23,1565987.0
2023-09-15,48.21,48.485,48.01,48.44,1412380.0
2023-09-18,48.6,48.69,48.125,48.46,783993.0
2023-09-19,48.69,48.73,48.18,48.22,888056.0
2023-09-20,48.39,48.475,47.87,47.9,2202240.0
2023-09-21,47.55,47.97,47.02,47.03,1553445.0
2023-09-22,47.19,47.505,46.9291,46.97,776746.0
2023-09-25,46.88,47.0,46.35,46.48,2405297.0
2023-09-26,46.15,46.64,45.85,45.88,1353752.0
2023-09-27,46.05,46.09,45.46,45.55,1326171.0
2023-09-28,45.63,46.245,45.63,45.95,1531031.0
2023-09-29,46.14,46.24,45.42,45.59,2838610.0
2023-10-02,44.67,44.74,43.47,43.55,3000868.0
2023-10-03,43.2,43.3,41.96,42.41,3941905.0
2023-10-04,42.5,43.03,41.87,43.02,2593171.0
2023-10-05,42.93,43.595,42.93,43.54,3194730.0
2023-10-06,43.39,43.59,42.57,43.46,2704222.0
2023-10-09,43.08,43.68,42.94,43.54,800306.0
2023-10-10,43.65,44.35,43.65,44.31,1292078.0
2023-10-11,44.39,44.92,44.12,44.51,2075685.0
2023-10-12,44.56,44.56,43.56,43.73,1182141.0
2023-10-13,43.97,44.17,43.39,43.45,1039758.0
2023-10-16,43.81,44.19,43.34,44.15,1848290.0
2023-10-17,43.68,44.17,43.68,43.96,1643661.0
2023-10-18,43.6,43.64,42.75,42.76,1396097.0
2023-10-19,42.63,43.05,42.38,42.45,1755600.0
2023-10-20,42.55,42.58,41.26,41.33,2953280.0
2023-10-23,41.21,41.97,41.06,41.37,2231831.0
2023-10-24,41.5,41.5,40.73,40.91,1581811.0
2023-10-25,40.7,40.96,40.32,40.58,1986942.0
2023-10-26,40.48,40.885,40.29,40.58,2636957.0
2023-10-27,40.69,40.8,39.795,39.93,1693953.0
2023-10-30,40.32,40.78,40.31,40.64,1407609.0
2023-10-31,40.7,40.72,40.255,40.47,1881796.0
2023-11-01,40.61,40.86,40.205,40.76,1636176.0
2023-11-02,41.54,42.95,41.46,42.87,2243376.0
2023-11-03,43.48,43.75,43.22,43.3,1739626.0
2023-11-06,43.5,43.63,43.05,43.26,973808.0
2023-11-07,42.91,43.09,42.74,42.98,846784.0
2023-11-08,42.69,43.17,42.44,42.49,942257.0
2023-11-09,42.72,43.25,42.68,42.69,1116766.0
2023-11-10,42.78,42.8,42.36,42.75,1104106.0
2023-11-13,42.51,43.17,42.5,42.84,814293.0
2023-11-14,43.62,44.16,43.6,43.96,2141526.0
2023-11-15,44.21,44.62,43.95,44.21,1695080.0
2023-11-16,44.08,44.16,43.64,44.02,1074682.0
2023-11-17,44.48,44.645,44.34,44.54,977689.0
2023-11-20,44.46,44.55,44.2,44.43,942516.0
2023-11-21,44.42,44.67,44.062,44.08,1401860.0
2023-11-22,43.91,44.14,43.69,43.95,1246772.0
2023-11-24,43.95,44.36,43.86,44.22,758680.0
2023-11-27,44.02,44.28,43.66,44.22,1639509.0
2023-11-28,42.25,42.97,41.8,42.4,4050589.0
2023-11-29,42.57,44.12,42.42,43.94,2586648.0
2023-11-30,44.12,44.9,43.87,44.77,2773503.0
2023-12-01,44.76,45.22,44.57,45.21,1765222.0
2023-12-04,44.7,45.15,44.6,44.87,1543280.0
2023-12-05,44.54,44.6,44.08,44.33,1775990.0
2023-12-06,44.61,44.82,43.87,43.92,1561613.0
2023-12-07,44.0,44.43,43.83,44.24,1627939.0
2023-12-08,44.24,44.86,44.24,44.82,1329392.0
2023-12-11,44.85,44.95,44.465,44.91,2474845.0
2023-12-12,44.83,44.88,44.445,44.83,2262638.0
2023-12-13,44.8,46.04,44.36,45.99,3947824.0
2023-12-14,46.5,47.2587,46.46,47.12,2677796.0
2023-12-15,47.43,47.52,46.3,46.36,2285198.0
2023-12-18,46.59,46.73,46.29,46.57,1626724.0
2023-12-19,46.97,47.44,46.79,47.22,2536435.0
2023-12-20,47.31,47.63,46.51,46.63,2400230.0
2023-12-21,47.05,47.65,47.02,47.38,1623579.0
2023-12-22,47.59,47.935,47.57,47.75,1309250.0
2023-12-26,47.99,48.19,47.829,48.16,800735.0
2023-12-27,48.05,48.575,48.03,48.39,1096328.0
2023-12-28,48.4,48.7,48.31,48.56,1521702.0
2023-12-29,48.52,48.9,48.38,48.69,4882981.0
2024-01-02,47.5,47.87,47.23,47.49,4636279.0
2024-01-03,47.12,47.22,46.79,46.96,1445113.0
2024-01-04,47.05,47.54,46.93,47.24,1285349.0
2024-01-05,47.32,47.885,47.17,47.46,1412209.0
2024-01-08,47.36,48.15,47.29,48.07,1188380.0
2024-01-09,47.88,47.93,47.14,47.48,1839165.0
2024-01-10,47.49,47.7,47.43,47.58,1252789.0
2024-01-11,47.44,47.54,46.34,46.82,3194799.0
2024-01-12,47.03,47.49,46.755,46.91,2872051.0
2024-01-16,46.46,46.52,46.13,46.4,2993572.0
2024-01-17,45.89,46.17,45.65,45.86,3441582.0
2024-01-18,46.08,46.08,45.26,45.44,2181394.0
2024-01-19,45.58,46.25,45.35,46.18,3039485.0
2024-01-22,46.19,46.33,45.51,45.85,3059954.0
2024-01-23,45.87,46.02,45.105,45.41,1516801.0
2024-01-24,45.81,45.97,45.4,45.58,1244163.0
2024-01-25,45.63,45.96,45.37,45.92,1085867.0
2024-01-26,46.1,46.44,45.99,46.39,1272299.0
2024-01-29,46.35,46.8,46.0,46.79,1502290.0
2024-01-30,46.84,47.1888,46.49,46.94,1833929.0
2024-01-31,46.77,47.18,46.585,46.75,2830734.0
2024-02-01,46.82,47.445,46.38,47.39,2571558.0
2024-02-02,47.02,47.02,46.555,46.89,1673393.0
2024-02-05,46.55,46.64,46.025,46.22,2432034.0
2024-02-06,46.26,46.78,46.17,46.69,1702469.0
2024-02-07,46.91,46.91,46.39,46.46,2274614.0
2024-02-08,46.35,46.42,45.72,45.86,1898557.0
2024-02-09,45.89,47.01,45.88,47.0,1700628.0
2024-02-12,46.95,47.58,46.94,47.39,1782641.0
2024-02-13,46.69,46.87,45.85,46.3,2695729.0
2024-02-14,46.82,46.985,46.525,46.79,3237246.0
2024-02-15,46.99,47.48,46.82,47.25,2059154.0
2024-02-16,47.23,47.595,47.04,47.36,1471802.0
2024-02-20,47.34,47.61,47.2,47.43,3899446.0
2024-02-21,47.29,47.5,47.14,47.34,1224235.0
2024-02-22,47.52,47.76,47.33,47.38,1545271.0
2024-02-23,47.5,47.77,47.49,47.59,1876200.0
2024-02-26,47.49,47.71,47.005,47.29,1237076.0
2024-02-27,47.9,49.3,47.84,48.69,3556918.0
2024-02-28,48.35,48.58,47.81,47.98,1749233.0
2024-02-29,48.22,48.56,47.97,48.47,2520697.0
2024-03-01,48.7,49.01,48.445,48.66,1854245.0
2024-03-04,48.59,49.29,48.5,49.12,3497621.0
2024-03-05,49.05,49.625,48.94,49.46,1387310.0
2024-03-06,49.82,50.11,49.57,49.7,1811004.0
2024-03-07,49.93,50.25,49.635,50.15,1672645.0
2024-03-08,50.29,50.43,50.02,50.13,3550741.0
2024-03-11,49.96,50.09,49.72,49.93,2677957.0
2024-03-12,50.0,50.05,49.7325,49.99,1951197.0
2024-03-13,50.02,50.43,49.98,50.27,1117013.0
2024-03-14,50.27,50.35,49.15,49.49,1698270.0
2024-03-15,49.29,50.07,49.29,49.8,1509728.0
2024-03-18,49.88,49.9,49.48,49.69,1303718.0
2024-03-19,49.58,49.88,49.505,49.54,1283034.0
2024-03-20,49.32,50.37,49.102,50.33,1485293.0
2024-03-21,50.38,50.87,50.37,50.5,1299301.0
2024-03-22,50.48,50.63,50.1,50.22,1067591.0
2024-03-25,50.3,50.635,50.26,50.36,1017134.0
2024-03-26,50.68,50.77,50.375,50.4,933665.0
2024-03-27,50.49,51.16,50.43,51.16,1385550.0
2024-03-28,51.17,51.98,51.09,51.78,5002749.0
2024-04-01,51.0,51.02,50.135,50.36,5074763.0
2024-04-02,50.07,50.18,49.72,49.86,1597150.0
2024-04-03,49.86,50.42,49.76,50.28,1219861.0
2024-04-04,50.84,50.93,49.875,49.94,1242485.0
2024-04-05,49.72,50.27,49.61,49.96,1228279.0
2024-04-08,50.16,50.4375,50.045,50.41,3222644.0
2024-04-09,50.48,50.66,49.89,50.46,1500744.0
2024-04-10,49.73,49.86,48.8,49.02,2447579.0
2024-04-11,49.08,49.24,48.535,48.97,3855999.0
2024-04-12,48.55,48.805,48.05,48.19,3309737.0
2024-04-15,48.58,48.82,47.32,47.48,2014062.0
2024-04-16,47.11,47.26,46.31,46.38,2765869.0
2024-04-17,46.54,47.0199,46.25,46.62,1308882.0
2024-04-18,46.74,46.96,46.34,46.57,1219186.0
2024-04-19,46.57,47.095,46.5,46.74,1868872.0
2024-04-22,46.96,47.1,46.67,47.09,1884910.0
2024-04-23,47.17,47.34,46.88,47.29,1807548.0
2024-04-24,47.21,47.23,46.56,46.8,1745745.0
2024-04-25,46.46,46.46,45.6369,46.23,1892040.0
2024-04-26,46.25,46.62,46.16,46.56,1145238.0
2024-04-29,46.75,46.78,46.18,46.44,1897313.0
2024-04-30,46.01,46.22,45.84,45.9,1341794.0
2024-05-01,45.98,46.63,45.81,46.28,2188450.0
2024-05-02,46.55,46.58,45.99,46.3,1796519.0
2024-05-03,47.03,47.03,46.54,46.85,1572888.0
2024-05-06,47.11,47.445,46.94,47.42,1092484.0
2024-05-07,47.51,47.65,46.99,47.12,1304800.0
2024-05-08,46.93,47.82,46.88,47.8,1248589.0
2024-05-09,47.78,48.13,47.78,47.94,1038412.0
2024-05-10,48.14,48.3406,47.88,48.02,839706.0
2024-05-13,48.18,48.36,48.03,48.09,818521.0
2024-05-14,48.29,48.51,47.955,48.01,1023904.0
2024-05-15,48.32,48.64,48.19,48.52,759688.0
2024-05-16,48.66,48.76,48.245,48.25,927602.0
2024-05-17,48.43,48.51,48.17,48.39,1023295.0
2024-05-20,48.19,48.495,48.04,48.05,776119.0
2024-05-21,48.03,48.59,48.03,48.53,1240387.0
2024-05-22,48.31,48.31,47.52,47.61,1503057.0
2024-05-23,47.87,48.06,47.05,47.27,1707313.0
2024-05-24,47.42,47.91,47.42,47.78,1906310.0
2024-05-28,47.75,48.45,47.555,47.67,2726234.0
2024-05-29,47.11,47.11,46.29,46.31,2105530.0
2024-05-30,46.48,47.03,46.47,46.86,3705178.0
2024-05-31,47.1,47.35,46.59,47.33,2331928.0
2024-06-03,47.33,47.62,46.66,47.23,1918019.0
2024-06-04,47.0,47.28,46.625,47.21,1604166.0
2024-06-05,47.39,47.5,47.09,47.48,1346671.0
2024-06-06,47.48,47.54,47.145,47.33,1572568.0
2024-06-07,47.0,47.25,46.89,46.96,1504132.0
2024-06-10,46.81,46.88,46.35,46.4,1657836.0
2024-06-11,46.19,46.435,45.96,46.32,1127395.0
2024-06-12,46.98,47.55,46.91,47.34,1676385.0
2024-06-13,47.17,47.25,46.83,47.04,1229334.0
2024-06-14,46.63,46.64,46.07,46.35,1292037.0
2024-06-17,46.2,46.42,46.08,46.38,1954972.0
2024-06-18,46.43,46.65,46.075,46.25,2907339.0
2024-06-20,46.09,46.13,45.28,45.3,1824012.0
2024-06-21,45.25,45.63,45.09,45.12,2037658.0
2024-06-24,45.6,46.05,45.39,46.01,1725498.0
2024-06-25,45.79,45.89,45.4525,45.79,1378393.0
2024-06-26,45.52,45.57,45.27,45.49,931603.0
2024-06-27,45.55,45.69,45.36,45.57,1161133.0
2024-06-28,45.74,46.05,45.58,45.72,2912331.0
2024-07-01,45.91,46.22,45.45,45.46,1079990.0
2024-07-02,45.48,45.899,45.19,45.8,6451899.0
2024-07-03,45.14,45.75,45.13,45.42,844438.0
2024-07-05,45.59,45.74,45.17,45.21,1164464.0
2024-07-08,45.25,45.46,45.095,45.22,922172.0
2024-07-09,45.26,45.84,45.15,45.71,1496048.0
2024-07-10,45.78,46.37,45.78,46.33,2124994.0
2024-07-11,46.52,46.98,46.44,46.87,2209977.0
2024-07-12,47.01,47.255,46.96,47.06,2075266.0
2024-07-15,47.19,47.2703,46.93,47.15,1159504.0
2024-07-16,47.3,48.0,47.06,47.98,1583962.0
2024-07-17,47.82,48.01,47.29,47.41,2358188.0
2024-07-18,47.31,47.7446,47.105,47.33,2744363.0
2024-07-19,47.18,47.35,46.72,46.74,992032.0
2024-07-22,46.94,46.94,46.21,46.59,1184539.0
2024-07-23,46.55,46.55,45.91,46.13,1526272.0
2024-07-24,45.94,46.19,45.7,45.74,1222878.0
2024-07-25,45.71,45.82,45.37,45.55,2091163.0
2024-07-26,45.79,45.88,45.57,45.84,1490372.0
2024-07-29,45.9,46.03,45.615,45.95,1336950.0
2024-07-30,46.0,46.79,45.96,46.36,1201848.0
2024-07-31,46.62,47.05,46.34,46.67,1275946.0
2024-08-01,46.7,46.78,45.71,46.01,2048280.0
2024-08-02,45.62,45.79,45.13,45.67,2578901.0
2024-08-05,44.0,44.97,43.675,44.71,1956316.0
2024-08-06,44.73,45.58,44.55,45.39,1798045.0
2024-08-07,45.94,45.95,45.26,45.49,1345401.0
2024-08-08,45.65,45.98,45.49,45.94,1003977.0
2024-08-09,46.0,46.445,45.88,46.37,916446.0
2024-08-12,46.36,46.42,44.16,44.72,3303114.0
2024-08-13,45.01,45.53,44.89,45.51,1659945.0
2024-08-14,45.53,46.06,45.53,45.97,1023554.0
2024-08-15,46.4,46.69,46.18,46.44,1118370.0
2024-08-16,46.58,47.135,46.37,47.11,906866.0
2024-08-19,47.19,47.66,47.18,47.6,1213143.0
2024-08-20,47.42,47.69,47.18,47.5,950313.0
2024-08-21,47.63,47.74,47.46,47.62,1096608.0
2024-08-22,47.62,47.78,47.29,47.5,866978.0
2024-08-23,47.79,48.58,47.79,48.42,1600915.0
2024-08-26,48.58,48.82,48.51,48.59,1263152.0
2024-08-27,48.69,50.04,48.49,49.96,2433582.0
2024-08-28,49.83,49.9,48.765,48.91,1842493.0
2024-08-29,49.14,49.45,48.96,49.22,1611723.0
2024-08-30,49.3,50.04,49.3,49.88,1582297.0
2024-09-03,49.62,50.06,49.33,50.03,1575552.0
2024-09-04,49.97,50.965,49.885,50.83,1491924.0
2024-09-05,50.85,51.2,50.44,50.63,1503270.0
2024-09-06,50.77,51.11,50.0501,50.5,1289633.0
2024-09-09,50.85,51.37,50.68,51.29,1262959.0
2024-09-10,51.33,51.52,50.87,51.45,1390571.0
2024-09-11,51.45,51.785,50.9901,51.76,1376495.0
2024-09-12,51.71,51.91,51.34,51.73,1368342.0
2024-09-13,51.76,52.095,51.66,52.04,1273251.0
2024-09-16,52.13,52.72,52.09,52.64,967586.0
2024-09-17,52.71,53.0,52.51,52.56,1137262.0
2024-09-18,52.56,52.9,52.27,52.43,1368250.0
2024-09-19,53.0,53.32,52.79,53.08,1043280.0
2024-09-20,53.3,54.22,53.16,54.07,2746284.0
2024-09-23,54.37,54.41,53.72,53.93,3454517.0
2024-09-24,54.09,54.29,53.89,54.25,2732410.0
2024-09-25,54.17,54.29,53.905,53.92,1812911.0
2024-09-26,54.31,55.12,54.26,54.8,1326689.0
2024-09-27,54.83,54.93,54.33,54.44,882861.0
2024-09-30,54.54,54.64,54.065,54.49,8702563.0
2024-10-01,54.49,54.725,54.13,54.49,4667029.0
2024-10-02,53.57,53.57,53.035,53.2,1547296.0
2024-10-03,52.92,52.935,52.56,52.75,1175911.0
2024-10-04,53.03,53.32,52.7841,53.06,1008359.0
2024-10-07,52.93,53.03,52.41,52.76,1122237.0
2024-10-08,52.66,52.79,52.18,52.37,886521.0
2024-10-09,52.08,52.24,51.81,51.81,950871.0
2024-10-10,51.58,52.06,51.3359,52.05,1343267.0
2024-10-11,52.18,52.66,52.15,52.45,1077305.0
2024-10-14,52.28,52.735,52.23,52.39,694741.0
2024-10-15,52.5,52.86,52.18,52.83,1478652.0
2024-10-16,53.0,53.7,52.98,53.69,1368896.0
2024-10-17,53.69,53.92,53.32,53.51,794710.0
2024-10-18,53.5,53.64,53.325,53.54,804123.0
2024-10-21,53.35,53.51,52.815,52.9,834381.0
2024-10-22,52.7,52.76,52.35,52.59,1210089.0
2024-10-23,52.3,52.485,52.04,52.42,2948753.0
2024-10-24,52.49,52.71,52.04,52.44,2563828.0
2024-10-25,52.54,52.65,51.765,51.78,1159530.0
2024-10-28,51.79,52.13,51.75,51.98,1223005.0
2024-10-29,51.91,52.39,51.86,52.22,1690870.0
2024-10-30,52.03,52.48,51.72,52.25,2768633.0
2024-10-31,52.24,52.25,51.38,51.49,1264301.0
2024-11-01,51.71,51.965,51.45,51.9,1164836.0
2024-11-04,52.23,53.84,52.1,53.04,1857164.0
2024-11-05,53.09,53.27,52.91,53.13,1128931.0
2024-11-06,53.16,53.58,52.73,53.24,1731076.0
2024-11-07,53.6,54.15,53.455,54.1,1290622.0
2024-11-08,53.9,54.085,53.66,53.93,862597.0
2024-11-11,53.76,54.4302,53.76,54.06,1074459.0
2024-11-12,53.99,54.04,53.67,53.96,1256920.0
2024-11-13,53.94,54.12,53.52,53.57,773748.0
2024-11-14,53.86,53.95,53.38,53.81,987842.0
2024-11-15,53.79,54.27,53.755,53.93,927819.0
2024-11-18,53.9,55.4257,53.9,55.24,1725615.0
2024-11-19,55.44,56.175,55.32,56.13,1918835.0
2024-11-20,56.18,56.4399,55.8,56.3,1232242.0
2024-11-21,56.43,56.7147,56.05,56.22,1108510.0
2024-11-22,56.09,56.475,56.02,56.45,754658.0
2024-11-25,56.79,56.79,56.325,56.54,1122603.0
2024-11-26,55.85,56.445,55.34,56.22,1217365.0
2024-11-27,56.2,56.81,56.2,56.72,926267.0
2024-11-29,56.76,57.05,56.72,57.02,502317.0
2024-12-02,57.0,57.07,56.45,56.77,964650.0
2024-12-03,55.5,55.94,54.14,54.78,2322298.0
2024-12-04,54.93,55.51,54.93,55.31,1150530.0
2024-12-05,55.21,55.88,55.15,55.78,1341638.0
2024-12-06,55.53,56.38,55.51,55.77,1283559.0
2024-12-09,55.94,56.16,55.7,55.81,1072518.0
2024-12-10,55.74,55.98,55.445,55.83,669239.0
2024-12-11,56.11,56.11,55.62,55.84,640370.0
2024-12-12,55.69,55.77,55.17,55.25,758816.0
2024-12-13,55.46,55.53,55.1,55.42,862444.0
2024-12-16,55.42,55.43,54.91,54.94,762864.0
2024-12-17,54.39,54.89,54.39,54.74,821115.0
2024-12-18,54.79,54.79,53.26,53.43,1743325.0
2024-12-19,53.7,53.91,53.405,53.42,1181703.0
2024-12-20,53.3,53.89,52.76,53.61,1253994.0
2024-12-23,53.39,53.69,52.95,53.64,681104.0
2024-12-24,53.77,53.77,53.465,53.6,397040.0
2024-12-26,53.35,53.785,53.35,53.73,439289.0
2024-12-27,53.35,53.78,53.35,53.76,567889.0
2024-12-30,53.69,54.07,53.24,53.9,805591.0
2024-12-31,53.94,53.97,53.54,53.72,609675.0
2025-01-02,53.74,53.96,53.44,53.64,2164490.0
2025-01-03,53.52,54.15,53.32,53.39,7451751.0
2025-01-06,54.15,54.25,53.61,53.7,7678426.0
2025-01-07,53.06,53.06,51.99,52.01,1321273.0
2025-01-08,51.75,51.9,51.36,51.69,1335474.0
2025-01-10,51.8,51.8,51.22,51.31,1783890.0
2025-01-13,51.18,51.2,50.32,50.59,1671502.0
2025-01-14,50.52,51.3,50.52,51.27,967118.0
2025-01-15,52.05,52.28,51.45,51.79,1416503.0
2025-01-16,51.62,51.735,51.31,51.7,1091149.0
2025-01-17,51.51,51.775,50.79,50.88,2219214.0
2025-01-21,51.4,51.825,51.16,51.82,1661977.0
2025-01-22,51.77,51.8,51.32,51.45,3002436.0
2025-01-23,51.42,51.89,51.41,51.73,853145.0
2025-01-24,51.71,51.93,51.685,51.92,973880.0
2025-01-27,51.5,52.145,51.5,52.13,1307397.0
2025-01-28,52.13,52.375,51.905,52.17,1067053.0
2025-01-29,51.9,52.15,51.8,51.93,800454.0
2025-01-30,52.31,52.39,51.58,51.86,1979258.0
2025-01-31,51.63,51.89,50.795,51.17,1677761.0
2025-02-03,49.19,49.6,47.29,49.47,4798170.0
2025-02-04,50.47,50.69,50.09,50.18,2264618.0
2025-02-05,50.34,50.61,50.21,50.48,2063779.0
2025-02-06,50.71,50.94,50.54,50.93,1596161.0
2025-02-07,51.01,51.01,50.47,50.9,1056214.0
2025-02-10,50.86,50.98,50.35,50.61,944914.0
2025-02-11,50.45,50.98,50.45,50.97,1060052.0
2025-02-12,50.61,51.14,50.36,51.04,1350644.0
2025-02-13,51.1,51.35,50.95,51.17,1018901.0
2025-02-14,51.45,51.6,51.19,51.23,943636.0
2025-02-18,51.0,51.05,50.64,51.03,1155893.0
2025-02-19,50.7,50.88,50.335,50.87,1058808.0
2025-02-20,50.95,51.15,50.72,51.13,964712.0
2025-02-21,51.19,51.31,50.325,50.5,1511828.0
2025-02-24,50.54,51.017,50.36,50.63,1613772.0
2025-02-25,50.5,50.89,49.26,49.86,2195839.0
2025-02-26,49.78,50.75,49.7,50.37,1216316.0
2025-02-27,50.37,50.39,49.65,49.69,1288000.0
2025-02-28,49.92,49.92,49.16,49.63,2557755.0
2025-03-03,49.91,50.3861,48.9,49.35,1370254.0
2025-03-04,48.89,48.89,47.87,48.48,3241194.0
2025-03-05,48.73,49.19,48.4,48.58,1958241.0
2025-03-06,48.365,48.67,47.95,48.15,1231027.0
2025-03-07,47.945,48.425,47.68,48.34,1311653.0
2025-03-10,47.85,48.18,47.47,47.81,1304428.0
2025-03-11,47.79,48.13,47.03,47.53,1685429.0
2025-03-12,47.61,47.83,47.28,47.58,1341431.0
2025-03-13,47.63,47.68,47.04,47.21,886366.0
2025-03-14,47.43,48.03,47.43,47.95,1072811.0
2025-03-17,48.15,48.81,48.15,48.76,1169652.0
2025-03-18,48.78,48.83,48.23,48.35,1512820.0
2025-03-19,48.32,48.47,47.96,48.23,2712914.0
2025-03-20,47.94,48.1684,47.76,48.1,2619303.0
2025-03-21,47.73,48.03,47.55,48.0,2008362.0
2025-03-24,48.1,48.42,48.1,48.34,2841441.0
2025-03-25,48.63,48.88,48.52,48.75,1212794.0
2025-03-26,48.9,49.14,48.61,48.74,1123990.0
2025-03-27,48.6,48.62,48.01,48.34,1218651.0
2025-03-28,48.3,48.43,47.665,47.73,3683865.0
2025-03-31,47.21,47.56,46.59,47.43,7678511.0
2025-04-01,46.6,47.03,46.225,46.87,1999684.0
2025-04-02,46.56,47.53,46.4359,47.52,1782217.0
2025-04-03,47.43,48.63,47.43,48.37,3809669.0
2025-04-04,47.3,47.54,46.18,46.73,3802563.0
2025-04-07,45.0,46.58,44.505,44.56,5061947.0
2025-04-08,45.64,46.19,44.27,44.6,2457797.0
2025-04-09,44.31,46.895,44.09,46.49,3383788.0
2025-04-10,46.4,46.59,45.01,45.48,2658252.0
2025-04-11,45.71,46.555,45.67,46.06,2434454.0
2025-04-14,46.65,46.96,46.3107,46.87,2269666.0
2025-04-15,47.21,47.3,46.8,46.89,1354659.0
2025-04-16,46.98,47.365,46.66,47.11,1686843.0
2025-04-17,47.11,47.595,47.105,47.47,1308895.0
2025-04-21,47.37,47.69,47.055,47.46,2383990.0
2025-04-22,47.84,48.27,47.695,48.21,3666953.0
2025-04-23,48.69,48.97,48.25,48.47,3388396.0
2025-04-24,48.48,48.58,48.14,48.56,1868597.0
2025-04-25,48.56,48.84,48.22,48.8,1933979.0
2025-04-28,48.86,49.23,48.85,49.22,1212639.0
2025-04-29,49.09,49.61,49.09,49.51,1371959.0
2025-04-30,49.37,50.09,49.06,49.98,1971075.0
2025-05-01,49.95,50.1,49.56,49.83,1692029.0
2025-05-02,50.27,50.5,50.115,50.35,1191980.0
2025-05-05,50.34,50.46,50.185,50.27,960000.0
2025-05-06,50.21,50.24,49.85,50.0,1536680.0
2025-05-07,50.12,50.425,49.93,50.09,1465955.0
2025-05-08,50.21,50.25,50.005,50.09,943569.0
2025-05-09,50.31,50.42,50.12,50.25,878376.0
2025-05-12,50.72,50.82,50.32,50.55,1148416.0
2025-05-13,50.67,50.74,50.23,50.67,1589247.0
2025-05-14,50.55,51.15,50.55,51.04,1482799.0
2025-05-15,51.22,51.405,51.11,51.4,1341586.0
2025-05-16,51.38,51.595,51.12,51.48,3481980.0
2025-05-19,51.22,51.86,51.22,51.74,836488.0
2025-05-20,51.81,52.0,51.62,51.65,964075.0
2025-05-21,51.57,51.82,51.39,51.54,1921339.0
2025-05-22,51.37,51.74,51.34,51.62,1662180.0
2025-05-23,51.6,52.345,51.515,52.19,1542996.0
2025-05-27,51.0,53.03,51.0,52.73,2197054.0
2025-05-28,52.81,52.9333,51.99,52.19,1731019.0
2025-05-29,52.56,53.28,52.44,53.26,2621367.0
2025-05-30,53.28,53.925,53.23,53.52,2438457.0
2025-06-02,53.39,53.71,53.21,53.5,1822772.0
2025-06-03,53.41,53.65,53.27,53.32,1299797.0
2025-06-04,53.37,53.64,53.18,53.43,1321220.0
2025-06-05,53.42,53.81,53.42,53.63,1268791.0
2025-06-06,53.52,53.975,53.52,53.9,1312463.0
2025-06-09,53.8,54.25,53.8,54.07,1493104.0
2025-06-10,54.0,54.28,53.97,54.11,4314380.0
2025-06-11,54.25,54.295,53.715,53.85,3809602.0
2025-06-12,54.04,54.31,53.95,54.31,1006880.0
2025-06-13,53.99,54.6,53.9,54.31,2201319.0
2025-06-16,54.61,55.24,54.55,54.87,4790266.0
2025-06-17,54.74,54.875,54.265,54.4,2325421.0
2025-06-18,54.44,54.635,54.27,54.3,1642625.0
2025-06-20,54.62,54.8,54.11,54.17,1818583.0
2025-06-23,53.96,54.19,53.735,54.15,1582190.0
2025-06-24,54.47,54.87,54.34,54.35,1815853.0
2025-06-25,54.23,54.31,54.04,54.26,2712364.0
2025-06-26,54.42,55.12,54.42,55.1,1821073.0
2025-06-27,55.1,55.4,54.59,54.84,4053754.0
2025-06-30,54.85,55.4,54.81,55.27,1545721.0
2025-07-01,55.27,55.815,55.22,55.67,6969923.0
2025-07-02,54.61,55.13,54.29,55.13,2625046.0
2025-07-03,55.12,55.37,55.09,55.35,1156511.0
2025-07-07,54.99,55.295,54.65,54.84,2698707.0
2025-07-08,54.64,54.93,54.495,54.85,2589776.0
2025-07-09,55.04,55.105,54.735,54.79,1714649.0
2025-07-10,54.68,55.34,54.61,55.11,3502063.0
2025-07-11,54.85,54.87,54.405,54.55,3296832.0
2025-07-14,54.52,54.595,54.315,54.58,1992269.0
2025-07-15,54.6,54.72,54.325,54.5,1360433.0
2025-07-16,54.5,55.07,54.4,55.07,3643480.0
2025-07-17,54.63,55.105,54.57,55.05,1739560.0
2025-07-18,55.3,55.3,54.985,55.19,939681.0
2025-07-21,55.3,55.6603,55.3,55.56,1546609.0
2025-07-22,55.73,56.445,55.73,56.38,2296488.0
2025-07-23,56.5,56.84,56.5,56.83,1398185.0
2025-07-24,56.83,56.975,56.65,56.71,1464893.0
2025-07-25,56.56,56.68,56.33,56.62,872150.0
2025-07-28,56.37,56.69,56.235,56.25,1600723.0
2025-07-29,56.23,56.4,55.88,55.95,1213984.0
2025-07-30,55.88,56.455,55.84,56.0,1613491.0
2025-07-31,55.81,56.01,55.56,55.61,2191886.0
2025-08-01,55.38,55.69,55.21,55.44,1626320.0
2025-08-04,55.77,56.0,55.66,55.99,709711.0
2025-08-05,55.99,56.165,55.54,55.63,1762235.0
2025-08-06,55.95,56.03,55.57,55.58,1514303.0
2025-08-07,55.58,55.9,55.51,55.76,1293282.0
2025-08-08,55.84,56.19,55.84,56.0,907645.0
2025-08-11,56.0,56.18,55.92,56.06,967057.0
2025-08-12,56.21,56.62,56.14,56.41,1162725.0
2025-08-13,56.76,56.76,56.515,56.66,1711913.0
2025-08-14,56.58,56.64,56.35,56.64,1015859.0
2025-08-15,56.69,56.98,56.69,56.79,1150955.0
2025-08-18,56.71,56.91,56.635,56.86,1427994.0
2025-08-19,56.8,56.98,56.625,56.66,1090931.0
2025-08-20,56.87,56.92,56.63,56.71,1582444.0
2025-08-21,56.66,56.7992,56.54,56.61,1308899.0
2025-08-22,56.61,57.7,56.55,57.63,2135103.0
2025-08-25,57.55,57.66,57.23,57.32,2425469.0
2025-08-26,58.85,61.47,58.77,61.41,4831694.0
2025-08-27,61.18,62.34,61.06,61.73,3339691.0
2025-08-28,62.29,62.45,61.91,62.39,1988423.0
2025-08-29,62.01,62.685,61.99,62.46,2087976.0
2025-09-02,61.94,62.195,61.69,62.11,1822577.0
2025-09-03,61.97,62.88,61.97,62.85,1814632.0
2025-09-04,62.93,63.595,62.79,63.55,2446359.0
2025-09-05,63.96,64.04,63.23,63.44,2039026.0
2025-09-08,63.48,64.0,63.185,63.95,1896888.0
2025-09-09,64.0,64.2015,63.76,63.79,2004973.0
2025-09-10,63.9,64.11,63.67,63.88,1595850.0
2025-09-11,63.89,64.38,63.78,64.28,1572061.0
2025-09-12,64.19,64.19,63.3,63.38,1335620.0
2025-09-15,63.39,64.02,63.195,64.0,1214250.0
2025-09-16,63.99,64.86,63.94,64.8,2181263.0
2025-09-17,64.89,65.19,64.47,64.64,1645781.0
2025-09-18,64.3,64.8,64.25,64.64,1216058.0
2025-09-19,65.01,65.13,64.39,64.93,1520681.0
2025-09-22,64.88,64.96,64.41,64.44,2562489.0
2025-09-23,64.52,64.7,64.36,64.37,1358687.0
2025-09-24,64.22,64.51,63.9904,64.08,2154594.0
2025-09-25,63.97,64.4,63.805,64.37,2172089.0
2025-09-26,64.55,64.84,64.33,64.39,1193536.0
2025-09-29,64.11,64.895,64.04,64.77,1348076.0
2025-09-30,64.81,64.84,63.915,64.65,1784682.0
2025-10-01,64.73,64.87,64.53,64.59,1352986.0
2025-10-02,64.6,65.08,64.275,65.06,1758250.0
2025-10-03,64.99,65.52,64.87,65.25,2080371.0
2025-10-06,65.25,65.435,64.605,65.37,3072577.0
2025-10-07,64.52,64.59,64.1,64.18,1515018.0
2025-10-08,64.38,64.38,63.21,63.31,1699410.0
2025-10-09,63.35,63.6806,63.34,63.55,1796513.0
2025-10-10,63.85,64.165,63.39,63.43,1955271.0
2025-10-13,63.78,64.095,63.7,63.89,914090.0
2025-10-14,63.2,64.21,62.98,64.14,1514122.0
2025-10-15,64.35,64.64,64.19,64.51,1429416.0
2025-10-16,64.54,64.77,63.865,63.98,1710833.0
2025-10-17,64.14,64.14,63.68,63.75,1407536.0
2025-10-20,63.89,64.17,63.7375,64.06,866883.0
2025-10-21,63.99,64.47,63.99,64.34,1016297.0
2025-10-22,64.35,64.58,64.07,64.18,2163030.0
2025-10-23,64.12,64.5929,64.12,64.47,984714.0
2025-10-24,64.49,64.89,64.49,64.78,926842.0
2025-10-27,64.96,65.29,64.735,65.23,953500.0
2025-10-28,65.3,66.1,65.16,65.93,1352746.0
2025-10-29,65.9,66.01,64.845,65.29,1747851.0
2025-10-30,64.9,65.74,64.9,65.66,1401221.0
2025-10-31,65.21,65.66,65.09,65.6,1083504.0
2025-11-03,65.38,65.725,65.09,65.69,1518966.0
2025-11-04,65.35,65.77,64.804,65.75,1067652.0
2025-11-05,65.54,66.03,65.28,65.5,1435676.0
2025-11-06,65.52,65.88,65.24,65.86,1265742.0
2025-11-07,65.84,66.7,65.55,66.7,1437034.0
2025-11-10,66.78,67.24,66.665,67.23,1148145.0
2025-11-11,67.31,67.325,66.74,66.76,815450.0
2025-11-12,66.98,67.96,66.9,67.83,1187740.0
2025-11-13,67.75,68.1,66.85,67.27,1740627.0
2025-11-14,66.95,67.585,66.55,67.45,2269366.0
2025-11-17,67.52,67.905,66.99,67.34,1487081.0
2025-11-18,67.02,68.085,66.87,67.8,2048686.0
2025-11-19,67.53,67.61,66.49,66.85,1745753.0
2025-11-20,67.26,67.29,66.005,66.37,2199855.0
2025-11-21,66.73,66.73,65.992,66.68,1859038.0
2025-11-24,66.63,66.915,66.36,66.59,2054093.0
2025-11-25,67.16,67.88,66.96,67.85,1693755.0
2025-11-26,68.01,68.97,67.99,68.97,1333421.0
2025-11-28,69.07,69.425,68.97,69.29,688249.0
2025-12-01,69.29,69.29,68.37,68.57,1526065.0
2025-12-02,70.0,71.0,68.7658,70.55,3257826.0
2025-12-03,70.66,71.09,69.69,70.31,2394962.0
2025-12-04,70.22,70.91,70.155,70.49,2066675.0
2025-12-05,70.83,71.735,70.65,71.7,1584269.0
2025-12-08,71.74,72.42,71.26,71.7,2625882.0
2025-12-09,71.87,72.405,71.85,72.13,1429330.0
2025-12-10,72.3,73.04,72.22,72.65,1366922.0
2025-12-11,72.89,73.04,72.28,72.92,1532528.0
2025-12-12,73.04,73.38,72.62,72.77,1461654.0
2025-12-15,72.89,73.26,72.74,73.01,1126907.0
2025-12-16,72.83,73.25,72.775,72.83,2168948.0
2025-12-17,72.94,72.97,71.36,71.48,3767812.0
2025-12-18,71.82,72.35,71.71,72.04,2175148.0
2025-12-19,72.05,72.9,72.05,72.54,1680319.0
2025-12-22,72.69,73.36,72.39,73.01,2674305.0
2025-12-23,72.99,73.89,72.99,73.72,1649784.0
2025-12-24,73.89,74.41,73.85,74.08,1093360.0
2025-12-26,74.1,74.23,73.825,74.17,1150305.0
2025-12-29,74.02,74.525,73.9,73.92,1337803.0
2025-12-30,73.94,74.26,73.79,73.97,2247716.0
2025-12-31,73.97,74.13,73.67,73.69,3070173.0
2026-01-02,73.95,74.53,73.47,74.53,1765497.0
2026-01-05,74.5,74.97,73.86,74.72,7958018.0
2026-01-06,73.68,73.99,72.195,72.22,4600476.0
2026-01-07,72.09,72.685,71.74,72.03,1652939.0
2026-01-08,71.8,73.03,71.63,72.9,1550466.0
2026-01-09,72.75,72.98,72.215,72.29,1018405.0
2026-01-12,72.1,72.55,71.77,72.36,1065650.0
2026-01-13,72.24,72.905,72.24,72.67,1275203.0
2026-01-14,72.67,73.2,72.29,73.0,1842207.0
2026-01-15,72.8,73.55,72.8,73.55,2137406.0
2026-01-16,73.55,73.76,73.275,73.47,4786575.0
2026-01-20,73.43,73.86,72.93,73.28,1224902.0
2026-01-21,73.39,74.27,73.26,73.8,2650487.0
2026-01-22,74.11,74.61,73.89,74.4,1161797.0
2026-01-23,74.31,74.975,73.93,74.87,1228061.0
2026-01-26,75.0,75.47,74.74,75.09,1278532.0
2026-01-27,75.34,76.5,75.34,76.24,1187680.0
2026-01-28,76.19,76.52,74.71,75.26,1952839.0
2026-01-29,75.58,76.56,75.46,76.42,1611805.0
2026-01-30,76.28,76.42,74.24,74.72,1808118.0
2026-02-02,74.45,75.46,74.23,75.2,1624565.0
2026-02-03,75.43,75.805,75.03,75.36,1953907.0
2026-02-04,75.56,75.92,74.61,74.7,2168161.0
2026-02-05,74.56,75.5,73.72,75.3,2111852.0
2026-02-06,75.6,76.5,75.56,76.34,1702130.0
2026-02-09,76.5,77.72,76.46,77.63,1587541.0
2026-02-10,77.77,78.21,77.46,77.78,1415814.0
2026-02-11,78.08,78.275,76.98,77.19,1378437.0
2026-02-12,77.25,77.69,75.62,75.84,1550590.0
2026-02-13,75.6,76.01,75.01,75.7,1441632.0
2026-02-17,75.56,76.5,75.54,76.22,1083431.0
2026-02-18,76.68,76.79,75.81,75.95,1104943.0
2026-02-19,75.94,76.24,75.39,76.2,2359494.0
2026-02-20,76.28,77.33,76.15,77.29,1223396.0
2026-02-23,77.4,77.8,75.74,75.89,2827387.0
2026-02-24,76.81,76.95,74.9,75.38,2490274.0
2026-02-25,75.96,75.96,74.91,75.92,2105077.0
2026-02-26,76.05,76.89,75.16,76.77,2370978.0
2026-02-27,76.53,76.85,75.36,75.75,2982139.0
2026-03-02,74.47,75.72,74.0,75.56,1705452.0
2026-03-03,73.9,74.03,72.19,73.46,3006512.0
2026-03-04,73.46,74.48,73.36,74.38,1351945.0
2026-03-05,73.79,74.04,72.53,72.93,2431278.0
2026-03-06,72.09,72.41,71.28,72.08,2073383.0
2026-03-09,70.69,71.3,69.84,70.87,2934069.0
2026-03-10,70.9,72.4,70.9,71.54,1643485.0
2026-03-11,71.0,71.92,70.93,71.31,1587996.0
2026-03-12,70.59,70.675,69.79,69.9,2250007.0
2026-03-13,70.07,70.295,68.66,68.75,2299679.0
2026-03-16,69.4,70.16,69.38,70.02,1469123.0
2026-03-17,70.32,70.625,70.14,70.27,1023069.0
2026-03-18,70.0,70.67,69.725,69.79,2471639.0
2026-03-19,69.29,69.29,68.28,68.74,2080335.0
2026-03-20,68.84,69.115,67.69,68.14,2352141.0
2026-03-23,68.97,69.55,68.67,69.26,3182679.0
2026-03-24,68.52,69.58,68.17,69.39,1676872.0
2026-03-25,70.19,70.45,69.675,69.95,2033871.0
2026-03-26,69.5,70.13,68.51,68.57,3461899.0
2026-03-27,68.22,68.395,67.56,67.71,1964969.0
2026-03-30,67.91,68.175,67.05,67.39,2238957.0
2026-03-31,68.33,69.33,67.86,69.31,2203040.0
2026-04-01,70.23,70.46,69.73,70.19,3887014.0
2026-04-02,69.44,70.4,69.03,70.12,1563918.0
2026-04-06,70.3,70.66,70.06,70.27,9542911.0
2026-04-07,69.33,69.995,69.0101,69.9,8246053.0
2026-04-08,71.25,71.69,70.68,71.34,5265419.0
2026-04-09,70.89,72.2,70.89,72.18,3031762.0
2026-04-10,72.32,73.065,72.32,72.91,1576095.0
2026-04-13,72.655,73.75,72.12,73.71,2708886.0
2026-04-14,73.81,74.54,73.81,74.48,1730693.0
2026-04-15,74.45,75.39,74.45,75.36,2899859.0
2026-04-16,75.24,75.42,74.67,75.0,1412917.0
2026-04-17,75.5,76.985,75.5,76.56,4414879.0
2026-04-20,76.47,77.12,76.37,76.81,2626734.0
2026-04-21,76.9,77.2,75.85,75.88,2358485.0
2026-04-22,76.0,76.27,75.0,75.145,3051189.0
2026-04-23,75.0,75.51,74.365,74.96,1699892.0
