date,open,high,low,close,volume
2007-08-10,49.0,49.0,49.0,49.0,300.0
2007-08-13,49.0,49.5,49.0,49.5,1100.0
2007-08-14,49.5,49.5,49.5,49.5,0.0
2007-08-15,49.0,49.0,49.0,49.0,100.0
2007-08-16,47.0,47.0,47.0,47.0,200.0
2007-08-17,47.0,47.0,47.0,47.0,0.0
2007-08-20,47.0,47.0,47.0,47.0,0.0
2007-08-21,47.0,47.0,47.0,47.0,0.0
2007-08-22,47.0,47.0,47.0,47.0,0.0
2007-08-23,47.0,47.0,47.0,47.0,0.0
2007-08-24,47.0,47.0,47.0,47.0,0.0
2007-08-27,47.0,47.0,47.0,47.0,0.0
2007-08-28,47.0,47.0,47.0,47.0,0.0
2007-08-29,49.0,49.0,49.0,49.0,300.0
2007-08-30,49.0,49.0,49.0,49.0,0.0
2007-08-31,49.0,49.0,49.0,49.0,0.0
2007-09-04,49.0,49.0,49.0,49.0,0.0
2007-09-05,49.0,49.0,49.0,49.0,0.0
2007-09-06,49.0,49.0,49.0,49.0,0.0
2007-09-07,49.0,49.0,49.0,49.0,0.0
2007-09-10,49.0,49.0,49.0,49.0,0.0
2007-09-11,49.0,49.0,49.0,49.0,0.0
2007-09-12,49.0,49.0,49.0,49.0,0.0
2007-09-13,49.0,49.0,49.0,49.0,0.0
2007-09-14,49.0,49.0,49.0,49.0,0.0
2007-09-17,49.0,49.0,49.0,49.0,0.0
2007-09-18,49.0,49.0,49.0,49.0,0.0
2007-09-19,49.0,49.0,49.0,49.0,0.0
2007-09-20,49.0,49.0,49.0,49.0,0.0
2007-09-21,49.0,49.0,49.0,49.0,0.0
2007-09-24,49.0,49.0,49.0,49.0,0.0
2007-09-25,49.0,49.0,49.0,49.0,0.0
2007-09-26,49.0,49.0,49.0,49.0,0.0
2007-09-27,49.0,49.0,49.0,49.0,0.0
2007-09-28,49.0,49.0,49.0,49.0,0.0
2007-10-01,49.0,49.0,49.0,49.0,0.0
2007-10-02,49.0,49.0,49.0,49.0,0.0
2007-10-03,49.0,49.0,49.0,49.0,0.0
2007-10-04,49.0,49.0,49.0,49.0,0.0
2007-10-05,49.0,49.0,49.0,49.0,0.0
2007-10-08,49.0,49.0,49.0,49.0,0.0
2007-10-09,49.0,49.0,49.0,49.0,0.0
2007-10-10,49.0,49.0,49.0,49.0,0.0
2007-10-11,49.0,49.0,49.0,49.0,0.0
2007-10-12,49.0,49.0,49.0,49.0,0.0
2007-10-15,49.0,49.0,49.0,49.0,0.0
2007-10-16,49.0,49.0,49.0,49.0,0.0
2007-10-17,49.0,49.0,49.0,49.0,0.0
2007-10-18,49.0,49.0,49.0,49.0,0.0
2007-10-19,49.0,49.0,49.0,49.0,0.0
2007-10-22,49.0,49.0,49.0,49.0,0.0
2007-10-23,49.0,49.0,49.0,49.0,0.0
2007-10-24,49.0,49.0,49.0,49.0,0.0
2007-10-25,49.0,49.0,49.0,49.0,0.0
2007-10-26,49.0,49.0,49.0,49.0,0.0
2007-10-29,49.0,49.0,49.0,49.0,0.0
2007-10-30,49.0,49.0,49.0,49.0,0.0
2007-10-31,49.0,49.0,49.0,49.0,0.0
2007-11-01,49.0,49.0,49.0,49.0,0.0
2007-11-02,49.0,49.0,49.0,49.0,0.0
2007-11-05,49.0,49.0,49.0,49.0,0.0
2007-11-06,49.0,49.0,49.0,49.0,0.0
2007-11-07,49.0,49.0,49.0,49.0,0.0
2007-11-08,49.0,49.0,49.0,49.0,0.0
2007-11-09,49.0,49.0,49.0,49.0,0.0
2007-11-12,49.0,49.0,49.0,49.0,0.0
2007-11-13,51.0,51.0,49.5,49.5,2000.0
2007-11-14,49.0,49.0,49.0,49.0,0.0
2007-11-15,51.0,51.0,49.5,49.5,2000.0
2007-11-16,51.0,51.0,49.5,49.5,2000.0
2007-11-19,51.0,51.0,49.5,49.5,2000.0
2007-11-20,49.5,49.5,49.5,49.5,0.0
2007-11-21,51.0,51.0,49.5,49.5,2000.0
2007-11-23,51.0,51.0,49.5,49.5,2000.0
2007-11-26,51.0,51.0,49.5,49.5,2000.0
2007-11-27,51.0,51.0,49.5,49.5,0.0
2007-11-28,51.0,51.0,49.5,49.5,2000.0
2007-11-29,51.0,51.0,49.5,49.5,2000.0
2007-11-30,51.0,51.0,49.5,49.5,2000.0
2007-12-03,51.0,51.0,49.5,49.5,0.0
2007-12-04,51.0,51.0,49.5,49.5,0.0
2007-12-05,51.0,51.0,49.5,49.5,0.0
2007-12-06,51.0,51.0,49.5,49.5,0.0
2007-12-07,51.0,51.0,49.5,49.5,0.0
2007-12-10,51.0,51.0,49.5,49.5,0.0
2007-12-11,51.0,51.0,49.5,49.5,0.0
2007-12-12,51.0,51.0,49.5,49.5,0.0
2007-12-13,51.0,51.0,49.5,49.5,0.0
2007-12-14,51.0,51.0,49.5,49.5,0.0
2007-12-17,51.0,51.0,49.5,49.5,0.0
2007-12-18,51.0,51.0,49.5,49.5,0.0
2007-12-19,51.0,51.0,49.5,49.5,0.0
2007-12-20,51.0,51.0,49.5,49.5,0.0
2007-12-21,51.0,51.0,49.5,49.5,0.0
2007-12-24,51.0,51.0,49.5,49.5,0.0
2007-12-26,51.0,51.0,49.5,49.5,0.0
2007-12-27,51.0,51.0,49.5,49.5,0.0
2007-12-28,51.0,51.0,49.5,49.5,0.0
2007-12-31,51.0,51.0,49.5,49.5,0.0
2008-01-02,51.0,51.0,49.5,49.5,0.0
2008-01-03,51.0,51.0,49.5,49.5,0.0
2008-01-04,51.0,51.0,49.5,49.5,0.0
2008-01-07,51.0,51.0,49.5,49.5,0.0
2008-01-08,51.0,51.0,49.5,49.5,0.0
2008-01-09,51.0,51.0,49.5,49.5,0.0
2008-01-10,51.0,51.0,49.5,49.5,0.0
2008-01-11,51.0,51.0,49.5,49.5,0.0
2008-01-14,51.0,51.0,49.5,49.5,0.0
2008-01-15,51.0,51.0,49.5,49.5,0.0
2008-01-16,51.0,51.0,49.5,49.5,0.0
2008-01-17,51.0,51.0,49.5,49.5,0.0
2008-01-18,51.0,51.0,49.5,49.5,0.0
2008-01-22,51.0,51.0,49.5,49.5,0.0
2008-01-23,51.0,51.0,49.5,49.5,0.0
2008-01-24,51.0,51.0,49.5,49.5,0.0
2008-01-25,51.0,51.0,49.5,49.5,0.0
2008-01-28,51.0,51.0,49.5,49.5,0.0
2008-01-29,47.0,47.0,47.0,47.0,800.0
2008-01-30,44.0,44.0,44.0,44.0,184.0
2008-01-31,44.0,44.0,44.0,44.0,0.0
2008-02-01,44.0,44.0,44.0,44.0,0.0
2008-02-04,48.0,48.0,48.0,48.0,185.0
2008-02-05,48.0,48.0,48.0,48.0,0.0
2008-02-06,48.0,48.0,48.0,48.0,0.0
2008-02-07,48.0,48.0,48.0,48.0,0.0
2008-02-08,48.0,48.0,48.0,48.0,0.0
2008-02-11,48.0,48.0,48.0,48.0,0.0
2008-02-12,48.0,48.0,48.0,48.0,0.0
2008-02-13,48.0,48.0,48.0,48.0,0.0
2008-02-14,48.0,48.0,48.0,48.0,0.0
2008-02-15,48.0,48.0,48.0,48.0,0.0
2008-02-19,48.0,48.0,48.0,48.0,0.0
2008-02-20,48.0,48.0,48.0,48.0,0.0
2008-02-21,48.0,48.0,48.0,48.0,0.0
2008-02-22,48.0,48.0,48.0,48.0,0.0
2008-02-25,48.0,48.0,48.0,48.0,0.0
2008-02-26,48.0,48.0,48.0,48.0,0.0
2008-02-27,49.0,49.0,49.0,49.0,400.0
2008-02-28,49.0,49.0,49.0,49.0,0.0
2008-02-29,49.0,49.0,49.0,49.0,0.0
2008-03-03,49.0,49.0,49.0,49.0,0.0
2008-03-04,49.0,49.0,49.0,49.0,0.0
2008-03-05,49.0,49.0,49.0,49.0,0.0
2008-03-06,49.0,49.0,49.0,49.0,0.0
2008-03-07,49.0,49.0,49.0,49.0,0.0
2008-03-10,49.0,49.0,49.0,49.0,0.0
2008-03-11,49.0,49.0,49.0,49.0,0.0
2008-03-12,49.0,49.0,49.0,49.0,0.0
2008-03-13,49.0,49.0,49.0,49.0,0.0
2008-03-14,49.0,49.0,49.0,49.0,0.0
2008-03-17,45.0,45.0,45.0,45.0,200.0
2008-03-18,45.0,45.0,45.0,45.0,0.0
2008-03-19,45.0,45.0,45.0,45.0,0.0
2008-03-20,45.0,45.0,45.0,45.0,0.0
2008-03-24,45.0,45.0,45.0,45.0,0.0
2008-03-25,45.0,45.0,45.0,45.0,0.0
2008-03-26,45.0,45.0,45.0,45.0,0.0
2008-03-27,45.0,45.0,45.0,45.0,0.0
2008-03-28,45.0,45.0,45.0,45.0,0.0
2008-03-31,45.0,45.0,45.0,45.0,0.0
2008-04-01,45.0,45.0,45.0,45.0,0.0
2008-04-02,45.0,45.0,45.0,45.0,0.0
2008-04-03,45.0,45.0,45.0,45.0,0.0
2008-04-04,45.0,45.0,45.0,45.0,0.0
2008-04-07,45.0,45.0,45.0,45.0,0.0
2008-04-08,45.0,45.0,45.0,45.0,0.0
2008-04-09,45.0,45.0,45.0,45.0,0.0
2008-04-10,45.0,45.0,45.0,45.0,0.0
2008-04-11,45.0,45.0,45.0,45.0,0.0
2008-04-14,45.0,45.0,45.0,45.0,0.0
2008-04-15,45.0,45.0,45.0,45.0,0.0
2008-04-16,45.0,45.0,45.0,45.0,0.0
2008-04-17,45.0,45.0,45.0,45.0,0.0
2008-04-18,45.0,45.0,45.0,45.0,0.0
2008-04-21,45.0,45.0,45.0,45.0,0.0
2008-04-22,45.0,45.0,45.0,45.0,0.0
2008-04-23,45.0,45.0,45.0,45.0,0.0
2008-04-24,45.0,45.0,45.0,45.0,0.0
2008-04-25,45.0,45.0,45.0,45.0,0.0
2008-04-28,45.0,45.0,45.0,45.0,0.0
2008-04-29,45.0,45.0,45.0,45.0,0.0
2008-04-30,45.0,45.0,45.0,45.0,0.0
2008-05-01,45.0,45.0,45.0,45.0,0.0
2008-05-02,45.0,45.0,45.0,45.0,0.0
2008-05-05,50.0,50.0,50.0,50.0,100.0
2008-05-06,50.0,50.0,50.0,50.0,0.0
2008-05-07,50.0,50.0,50.0,50.0,0.0
2008-05-08,50.0,50.0,50.0,50.0,0.0
2008-05-09,50.0,50.0,50.0,50.0,0.0
2008-05-12,50.0,50.0,50.0,50.0,0.0
2008-05-13,50.0,50.0,50.0,50.0,0.0
2008-05-14,50.0,50.0,50.0,50.0,0.0
2008-05-15,50.0,50.0,50.0,50.0,0.0
2008-05-16,50.0,50.0,50.0,50.0,0.0
2008-05-19,50.0,50.0,50.0,50.0,0.0
2008-05-20,50.0,50.0,50.0,50.0,0.0
2008-05-21,50.0,50.0,50.0,50.0,0.0
2008-05-22,50.0,50.0,50.0,50.0,0.0
2008-05-23,50.0,50.0,50.0,50.0,0.0
2008-05-27,50.0,50.0,50.0,50.0,0.0
2008-05-28,50.0,50.0,50.0,50.0,0.0
2008-05-29,50.0,50.0,50.0,50.0,0.0
2008-05-30,50.0,50.0,50.0,50.0,0.0
2008-06-02,50.0,50.0,50.0,50.0,0.0
2008-06-03,50.0,50.0,50.0,50.0,0.0
2008-06-04,50.0,50.0,50.0,50.0,0.0
2008-06-05,50.0,50.0,50.0,50.0,0.0
2008-06-06,50.0,50.0,50.0,50.0,0.0
2008-06-09,50.0,50.0,50.0,50.0,0.0
2008-06-10,50.0,50.0,50.0,50.0,0.0
2008-06-11,50.0,50.0,50.0,50.0,0.0
2008-06-12,50.0,50.0,50.0,50.0,0.0
2008-06-13,50.0,50.0,50.0,50.0,0.0
2008-06-16,50.0,50.0,50.0,50.0,0.0
2008-06-17,50.0,50.0,50.0,50.0,0.0
2008-06-18,55.0,55.0,55.0,55.0,1095.0
2008-06-19,55.0,55.0,55.0,55.0,0.0
2008-06-20,55.0,55.0,55.0,55.0,0.0
2008-06-23,55.0,55.0,55.0,55.0,0.0
2008-06-24,55.0,55.0,55.0,55.0,0.0
2008-06-25,55.0,55.0,55.0,55.0,0.0
2008-06-26,55.0,55.0,55.0,55.0,0.0
2008-06-27,55.0,55.0,55.0,55.0,0.0
2008-06-30,55.0,55.0,55.0,55.0,0.0
2008-07-01,55.0,55.0,55.0,55.0,0.0
2008-07-02,55.0,55.0,55.0,55.0,0.0
2008-07-03,55.0,55.0,55.0,55.0,0.0
2008-07-07,55.0,55.0,55.0,55.0,0.0
2008-07-08,55.0,55.0,55.0,55.0,0.0
2008-07-09,55.0,55.0,55.0,55.0,0.0
2008-07-10,55.0,55.0,55.0,55.0,0.0
2008-07-11,55.0,55.0,55.0,55.0,0.0
2008-07-14,55.0,55.0,55.0,55.0,0.0
2008-07-15,55.0,55.0,55.0,55.0,0.0
2008-07-16,55.0,55.0,55.0,55.0,0.0
2008-07-17,55.0,55.0,55.0,55.0,0.0
2008-07-18,55.0,55.0,55.0,55.0,0.0
2008-07-21,55.0,55.0,55.0,55.0,0.0
2008-07-22,55.0,55.0,55.0,55.0,0.0
2008-07-23,55.0,55.0,55.0,55.0,0.0
2008-07-24,55.0,55.0,55.0,55.0,0.0
2008-07-25,55.0,55.0,55.0,55.0,0.0
2008-07-28,55.0,55.0,55.0,55.0,0.0
2008-07-29,55.0,55.0,55.0,55.0,0.0
2008-07-30,54.5,54.5,54.5,54.5,400.0
2008-07-31,54.5,54.5,54.5,54.5,0.0
2008-08-01,54.5,54.5,54.5,54.5,0.0
2008-08-04,54.5,54.5,54.5,54.5,0.0
2008-08-05,54.5,54.5,54.5,54.5,0.0
2008-08-06,54.5,54.5,54.5,54.5,0.0
2008-08-07,54.5,54.5,54.5,54.5,0.0
2008-08-08,54.5,54.5,54.5,54.5,0.0
2008-08-11,54.5,54.5,54.5,54.5,0.0
2008-08-12,51.55,52.0,46.5,46.5,1125.0
2008-08-13,48.0,48.0,48.0,48.0,525.0
2008-08-14,48.0,48.0,48.0,48.0,0.0
2008-08-15,48.0,48.0,48.0,48.0,0.0
2008-08-18,48.0,48.0,48.0,48.0,0.0
2008-08-19,48.0,48.0,48.0,48.0,0.0
2008-08-20,48.0,48.0,48.0,48.0,0.0
2008-08-21,48.0,48.0,48.0,48.0,0.0
2008-08-22,48.0,48.0,48.0,48.0,0.0
2008-08-25,48.0,48.0,48.0,48.0,0.0
2008-08-26,48.0,48.0,48.0,48.0,0.0
2008-08-27,48.0,48.0,48.0,48.0,0.0
2008-08-28,48.0,48.0,48.0,48.0,0.0
2008-08-29,48.0,48.0,48.0,48.0,0.0
2008-09-02,48.0,48.0,48.0,48.0,0.0
2008-09-03,48.0,48.0,48.0,48.0,0.0
2008-09-04,48.0,48.0,48.0,48.0,0.0
2008-09-05,48.0,48.0,48.0,48.0,0.0
2008-09-08,48.0,48.0,48.0,48.0,0.0
2008-09-09,48.0,48.0,48.0,48.0,0.0
2008-09-10,48.0,48.0,48.0,48.0,0.0
2008-09-11,48.0,48.0,48.0,48.0,0.0
2008-09-12,48.0,48.0,48.0,48.0,0.0
2008-09-15,48.0,48.0,48.0,48.0,0.0
2008-09-16,48.0,48.0,48.0,48.0,0.0
2008-09-17,48.0,48.0,48.0,48.0,0.0
2008-09-18,48.0,48.0,48.0,48.0,0.0
2008-09-19,48.0,48.0,48.0,48.0,0.0
2008-09-22,48.0,48.0,48.0,48.0,0.0
2008-09-23,48.0,48.0,48.0,48.0,0.0
2008-09-24,48.0,48.0,48.0,48.0,0.0
2008-09-25,48.0,48.0,48.0,48.0,0.0
2008-09-26,48.0,48.0,48.0,48.0,0.0
2008-09-29,48.0,48.0,48.0,48.0,0.0
2008-09-30,48.0,48.0,48.0,48.0,0.0
2008-10-01,48.0,48.0,48.0,48.0,0.0
2008-10-02,48.0,48.0,48.0,48.0,0.0
2008-10-03,48.0,48.0,48.0,48.0,0.0
2008-10-06,48.0,48.0,48.0,48.0,0.0
2008-10-07,48.0,48.0,48.0,48.0,0.0
2008-10-08,48.0,48.0,48.0,48.0,0.0
2008-10-09,48.0,48.0,48.0,48.0,0.0
2008-10-10,48.0,48.0,48.0,48.0,0.0
2008-10-13,48.0,48.0,48.0,48.0,0.0
2008-10-14,48.0,48.0,48.0,48.0,0.0
2008-10-15,48.0,48.0,48.0,48.0,0.0
2008-10-16,48.0,48.0,48.0,48.0,0.0
2008-10-17,48.0,48.0,48.0,48.0,0.0
2008-10-20,48.0,48.0,48.0,48.0,0.0
2008-10-21,48.0,48.0,48.0,48.0,0.0
2008-10-22,48.0,48.0,48.0,48.0,0.0
2008-10-23,48.0,48.0,48.0,48.0,0.0
2008-10-24,48.0,48.0,48.0,48.0,0.0
2008-10-27,48.0,48.0,48.0,48.0,0.0
2008-10-28,48.0,48.0,48.0,48.0,0.0
2008-10-29,48.0,48.0,48.0,48.0,0.0
2008-10-30,48.0,48.0,48.0,48.0,0.0
2008-10-31,48.0,48.0,48.0,48.0,0.0
2008-11-03,48.0,48.0,48.0,48.0,0.0
2008-11-04,48.0,48.0,48.0,48.0,0.0
2008-11-05,48.0,48.0,48.0,48.0,0.0
2008-11-06,48.0,48.0,48.0,48.0,0.0
2008-11-07,48.0,48.0,48.0,48.0,0.0
2008-11-10,48.0,48.0,48.0,48.0,0.0
2008-11-11,48.0,48.0,48.0,48.0,0.0
2008-11-12,48.0,48.0,48.0,48.0,0.0
2008-11-13,48.0,48.0,48.0,48.0,0.0
2008-11-14,48.0,48.0,48.0,48.0,0.0
2008-11-17,48.0,48.0,48.0,48.0,0.0
2008-11-18,48.0,48.0,48.0,48.0,0.0
2008-11-19,48.0,48.0,48.0,48.0,0.0
2008-11-20,48.0,48.0,48.0,48.0,0.0
2008-11-21,48.0,48.0,48.0,48.0,0.0
2008-11-24,48.0,48.0,48.0,48.0,0.0
2008-11-25,48.0,48.0,48.0,48.0,0.0
2008-11-26,48.0,48.0,48.0,48.0,0.0
2008-11-28,48.0,48.0,48.0,48.0,0.0
2008-12-01,48.0,48.0,48.0,48.0,0.0
2008-12-02,48.0,48.0,48.0,48.0,0.0
2008-12-03,48.0,48.0,48.0,48.0,0.0
2008-12-04,48.0,48.0,48.0,48.0,0.0
2008-12-05,48.0,48.0,48.0,48.0,0.0
2008-12-08,48.0,48.0,48.0,48.0,0.0
2008-12-09,48.0,48.0,48.0,48.0,0.0
2008-12-10,48.0,48.0,48.0,48.0,0.0
2008-12-11,48.0,48.0,48.0,48.0,0.0
2008-12-12,48.0,48.0,48.0,48.0,0.0
2008-12-15,48.0,48.0,48.0,48.0,0.0
2008-12-16,48.0,48.0,48.0,48.0,0.0
2008-12-17,48.0,48.0,48.0,48.0,0.0
2008-12-18,48.0,48.0,48.0,48.0,0.0
2008-12-19,48.0,48.0,48.0,48.0,0.0
2008-12-22,48.0,48.0,48.0,48.0,0.0
2008-12-23,48.0,48.0,48.0,48.0,0.0
2008-12-24,48.0,48.0,48.0,48.0,0.0
2008-12-26,48.0,48.0,48.0,48.0,0.0
2008-12-29,48.0,48.0,48.0,48.0,0.0
2008-12-30,48.0,48.0,48.0,48.0,0.0
2008-12-31,48.0,48.0,48.0,48.0,0.0
2009-01-02,48.0,48.0,48.0,48.0,0.0
2009-01-05,48.0,48.0,48.0,48.0,0.0
2009-01-06,48.0,48.0,48.0,48.0,0.0
2009-01-07,48.0,48.0,48.0,48.0,0.0
2009-01-08,48.0,48.0,48.0,48.0,0.0
2009-01-09,48.0,48.0,48.0,48.0,0.0
2009-01-12,48.0,48.0,48.0,48.0,0.0
2009-01-13,48.0,48.0,48.0,48.0,0.0
2009-01-14,42.0,42.0,42.0,42.0,100.0
2009-01-15,42.0,42.0,42.0,42.0,0.0
2009-01-16,42.0,42.0,42.0,42.0,0.0
2009-01-20,45.0,45.0,45.0,45.0,100.0
2009-01-21,45.0,45.0,45.0,45.0,0.0
2009-01-22,41.0,41.0,41.0,41.0,165.0
2009-01-23,41.0,41.0,41.0,41.0,0.0
2009-01-26,41.0,41.0,41.0,41.0,0.0
2009-01-27,41.0,41.0,41.0,41.0,0.0
2009-01-28,41.0,41.0,41.0,41.0,0.0
2009-01-29,41.0,41.0,41.0,41.0,0.0
2009-01-30,41.0,41.0,41.0,41.0,0.0
2009-02-02,43.0,43.0,43.0,43.0,166.0
2009-02-03,43.0,43.0,43.0,43.0,0.0
2009-02-04,43.0,43.0,43.0,43.0,0.0
2009-02-05,43.0,43.0,43.0,43.0,0.0
2009-02-06,43.0,43.0,43.0,43.0,0.0
2009-02-09,43.0,43.0,43.0,43.0,0.0
2009-02-10,43.0,43.0,43.0,43.0,0.0
2009-02-11,43.0,43.0,43.0,43.0,0.0
2009-02-12,43.0,43.0,43.0,43.0,0.0
2009-02-13,43.0,43.0,43.0,43.0,0.0
2009-02-17,43.0,43.0,43.0,43.0,0.0
2009-02-18,43.0,43.0,43.0,43.0,0.0
2009-02-19,43.0,43.0,43.0,43.0,0.0
2009-02-20,43.0,43.0,43.0,43.0,0.0
2009-02-23,43.0,43.0,43.0,43.0,0.0
2009-02-24,43.0,43.0,43.0,43.0,0.0
2009-02-25,43.0,43.0,43.0,43.0,0.0
2009-02-26,43.0,43.0,43.0,43.0,0.0
2009-02-27,43.0,43.0,43.0,43.0,0.0
2009-03-02,43.0,43.0,43.0,43.0,0.0
2009-03-03,43.0,43.0,43.0,43.0,0.0
2009-03-04,43.0,43.0,43.0,43.0,0.0
2009-03-05,43.0,43.0,43.0,43.0,0.0
2009-03-06,43.0,43.0,43.0,43.0,0.0
2009-03-09,43.0,43.0,43.0,43.0,0.0
2009-03-10,43.0,43.0,43.0,43.0,0.0
2009-03-11,43.0,43.0,43.0,43.0,0.0
2009-03-12,43.0,43.0,43.0,43.0,0.0
2009-03-13,43.0,43.0,43.0,43.0,100.0
2009-03-16,43.0,43.0,43.0,43.0,0.0
2009-03-17,43.0,43.0,43.0,43.0,0.0
2009-03-18,43.0,43.0,43.0,43.0,0.0
2009-03-19,43.0,43.0,43.0,43.0,0.0
2009-03-20,43.0,43.0,43.0,43.0,0.0
2009-03-23,43.0,43.0,43.0,43.0,0.0
2009-03-24,43.0,43.0,43.0,43.0,0.0
2009-03-25,43.0,43.0,43.0,43.0,0.0
2009-03-26,43.0,43.0,43.0,43.0,0.0
2009-03-27,43.0,43.0,43.0,43.0,0.0
2009-03-30,43.0,43.0,43.0,43.0,0.0
2009-03-31,43.0,43.0,43.0,43.0,0.0
2009-04-01,43.0,43.0,43.0,43.0,0.0
2009-04-02,43.0,43.0,43.0,43.0,0.0
2009-04-03,43.0,43.0,43.0,43.0,0.0
2009-04-06,43.0,43.0,43.0,43.0,0.0
2009-04-07,43.0,43.0,43.0,43.0,0.0
2009-04-08,43.0,43.0,43.0,43.0,0.0
2009-04-09,43.0,43.0,43.0,43.0,0.0
2009-04-13,43.0,43.0,43.0,43.0,0.0
2009-04-14,43.0,43.0,43.0,43.0,0.0
2009-04-15,43.0,43.0,43.0,43.0,0.0
2009-04-16,43.0,43.0,43.0,43.0,0.0
2009-04-17,43.0,43.0,43.0,43.0,0.0
2009-04-20,43.0,43.0,43.0,43.0,0.0
2009-04-21,43.0,43.0,43.0,43.0,0.0
2009-04-22,43.0,45.0,43.0,45.0,266.0
2009-04-23,43.0,45.0,43.0,45.0,0.0
2009-04-24,43.0,45.0,43.0,45.0,0.0
2009-04-27,43.0,45.0,43.0,45.0,0.0
2009-04-28,43.0,45.0,43.0,45.0,0.0
2009-04-29,43.0,45.0,43.0,45.0,0.0
2009-04-30,43.0,45.0,43.0,45.0,0.0
2009-05-01,43.0,45.0,43.0,45.0,0.0
2009-05-04,43.0,45.0,43.0,45.0,0.0
2009-05-05,43.0,45.0,43.0,45.0,0.0
2009-05-06,43.0,45.0,43.0,45.0,0.0
2009-05-07,43.0,45.0,43.0,45.0,0.0
2009-05-08,43.0,45.0,43.0,45.0,0.0
2009-05-11,43.0,45.0,43.0,45.0,0.0
2009-05-12,43.0,45.0,43.0,45.0,0.0
2009-05-13,43.0,45.0,43.0,45.0,0.0
2009-05-14,43.0,45.0,43.0,45.0,0.0
2009-05-15,43.0,45.0,43.0,45.0,0.0
2009-05-18,43.0,45.0,43.0,45.0,0.0
2009-05-19,43.0,45.0,43.0,45.0,0.0
2009-05-20,43.0,45.0,43.0,45.0,0.0
2009-05-21,43.0,45.0,43.0,45.0,0.0
2009-05-22,43.0,45.0,43.0,45.0,0.0
2009-05-26,43.0,45.0,43.0,45.0,0.0
2009-05-27,43.0,45.0,43.0,45.0,0.0
2009-05-28,43.0,45.0,43.0,45.0,0.0
2009-05-29,43.0,45.0,43.0,45.0,0.0
2009-06-01,43.0,45.0,43.0,45.0,0.0
2009-06-02,43.0,45.0,43.0,45.0,0.0
2009-06-03,43.0,45.0,43.0,45.0,0.0
2009-06-04,43.0,45.0,43.0,45.0,0.0
2009-06-05,45.0,45.0,45.0,45.0,150.0
2009-06-08,45.0,45.0,45.0,45.0,0.0
2009-06-09,43.0,43.0,43.0,43.0,237.0
2009-06-10,43.0,43.0,43.0,43.0,0.0
2009-06-11,43.0,43.0,43.0,43.0,0.0
2009-06-12,43.0,43.0,43.0,43.0,0.0
2009-06-15,43.0,43.0,43.0,43.0,0.0
2009-06-16,43.0,43.0,43.0,43.0,0.0
2009-06-17,43.0,43.0,43.0,43.0,0.0
2009-06-18,43.0,43.0,43.0,43.0,0.0
2009-06-19,43.0,43.0,43.0,43.0,0.0
2009-06-22,43.0,43.0,43.0,43.0,0.0
2009-06-23,43.0,43.0,43.0,43.0,0.0
2009-06-24,43.0,43.0,43.0,43.0,0.0
2009-06-25,43.0,43.0,43.0,43.0,0.0
2009-06-26,43.0,43.0,43.0,43.0,0.0
2009-06-29,43.0,43.0,43.0,43.0,0.0
2009-06-30,43.0,43.0,43.0,43.0,0.0
2009-07-01,43.0,43.0,43.0,43.0,0.0
2009-07-02,43.0,43.0,43.0,43.0,0.0
2009-07-06,43.0,43.0,43.0,43.0,0.0
2009-07-07,43.0,43.0,43.0,43.0,0.0
2009-07-08,43.0,43.0,43.0,43.0,0.0
2009-07-09,43.0,43.0,43.0,43.0,0.0
2009-07-10,43.0,43.0,43.0,43.0,0.0
2009-07-13,43.0,43.0,43.0,43.0,0.0
2009-07-14,43.0,43.0,43.0,43.0,0.0
2009-07-15,43.0,43.0,43.0,43.0,0.0
2009-07-16,43.0,43.0,43.0,43.0,0.0
2009-07-17,43.0,43.0,43.0,43.0,0.0
2009-07-20,43.0,43.0,43.0,43.0,0.0
2009-07-21,43.0,43.0,43.0,43.0,0.0
2009-07-22,43.0,43.0,43.0,43.0,0.0
2009-07-23,43.0,43.0,43.0,43.0,0.0
2009-07-24,43.0,43.0,43.0,43.0,0.0
2009-07-27,43.0,43.0,43.0,43.0,0.0
2009-07-28,43.0,43.0,43.0,43.0,0.0
2009-07-29,43.0,43.0,43.0,43.0,0.0
2009-07-30,43.0,43.0,43.0,43.0,0.0
2009-07-31,43.0,43.0,43.0,43.0,0.0
2009-08-03,43.0,43.0,43.0,43.0,0.0
2009-08-04,43.0,43.0,43.0,43.0,0.0
2009-08-05,43.0,43.0,43.0,43.0,0.0
2009-08-06,43.0,43.0,43.0,43.0,0.0
2009-08-07,43.0,43.0,43.0,43.0,0.0
2009-08-10,43.0,43.0,43.0,43.0,0.0
2009-08-11,43.0,43.0,43.0,43.0,0.0
2009-08-12,43.0,43.0,43.0,43.0,0.0
2009-08-13,43.0,43.0,43.0,43.0,0.0
2009-08-14,43.0,43.0,43.0,43.0,0.0
2009-08-17,43.0,43.0,43.0,43.0,0.0
2009-08-18,43.0,43.0,43.0,43.0,0.0
2009-08-19,43.0,43.0,43.0,43.0,0.0
2009-08-20,43.0,43.0,43.0,43.0,0.0
2009-08-21,43.0,43.0,43.0,43.0,0.0
2009-08-24,43.0,43.0,43.0,43.0,0.0
2009-08-25,43.0,43.0,43.0,43.0,0.0
2009-08-26,43.0,43.0,43.0,43.0,0.0
2009-08-27,43.0,43.0,43.0,43.0,0.0
2009-08-28,43.0,43.0,43.0,43.0,0.0
2009-08-31,43.0,43.0,43.0,43.0,0.0
2009-09-01,43.0,43.0,43.0,43.0,0.0
2009-09-02,43.0,43.0,43.0,43.0,0.0
2009-09-03,43.0,43.0,43.0,43.0,0.0
2009-09-04,43.0,43.0,43.0,43.0,0.0
2009-09-08,43.0,43.0,43.0,43.0,0.0
2009-09-09,43.0,43.0,43.0,43.0,0.0
2009-09-10,43.0,43.0,43.0,43.0,0.0
2009-09-11,43.0,43.0,43.0,43.0,0.0
2009-09-14,43.0,43.0,43.0,43.0,0.0
2009-09-15,43.0,43.0,43.0,43.0,0.0
2009-09-16,43.0,43.0,43.0,43.0,0.0
2009-09-17,43.0,43.0,43.0,43.0,0.0
2009-09-18,43.0,43.0,43.0,43.0,0.0
2009-09-21,43.0,43.0,43.0,43.0,0.0
2009-09-22,43.0,43.0,43.0,43.0,0.0
2009-09-23,43.0,43.0,43.0,43.0,0.0
2009-09-24,43.0,43.0,43.0,43.0,0.0
2009-09-25,43.0,43.0,43.0,43.0,0.0
2009-09-28,43.0,43.0,43.0,43.0,0.0
2009-09-29,43.0,43.0,43.0,43.0,0.0
2009-09-30,43.0,43.0,43.0,43.0,0.0
2009-10-01,43.0,43.0,43.0,43.0,0.0
2009-10-02,43.0,43.0,43.0,43.0,0.0
2009-10-05,43.0,43.0,43.0,43.0,0.0
2009-10-06,43.0,43.0,43.0,43.0,0.0
2009-10-07,43.0,43.0,43.0,43.0,0.0
2009-10-08,43.0,43.0,43.0,43.0,0.0
2009-10-09,43.0,43.0,43.0,43.0,0.0
2009-10-12,43.0,43.0,43.0,43.0,0.0
2009-10-13,43.0,43.0,43.0,43.0,0.0
2009-10-14,43.0,43.0,43.0,43.0,0.0
2009-10-15,43.0,43.0,43.0,43.0,0.0
2009-10-16,43.0,43.0,43.0,43.0,0.0
2009-10-19,43.0,43.0,43.0,43.0,0.0
2009-10-20,43.0,43.0,43.0,43.0,0.0
2009-10-21,43.0,43.0,43.0,43.0,0.0
2009-10-22,43.0,43.0,43.0,43.0,0.0
2009-10-23,43.0,43.0,43.0,43.0,0.0
2009-10-26,43.0,43.0,43.0,43.0,0.0
2009-10-27,43.0,43.0,43.0,43.0,0.0
2009-10-28,43.0,43.0,43.0,43.0,0.0
2009-10-29,43.0,43.0,43.0,43.0,0.0
2009-10-30,43.0,43.0,43.0,43.0,0.0
2009-11-02,43.0,43.0,43.0,43.0,0.0
2009-11-03,43.0,43.0,43.0,43.0,0.0
2009-11-04,43.0,43.0,43.0,43.0,0.0
2009-11-05,43.0,43.0,43.0,43.0,0.0
2009-11-06,43.0,43.0,43.0,43.0,0.0
2009-11-09,43.0,43.0,43.0,43.0,0.0
2009-11-10,43.0,43.0,43.0,43.0,0.0
2009-11-11,43.0,43.0,43.0,43.0,0.0
2009-11-12,43.0,43.0,43.0,43.0,0.0
2009-11-13,43.0,43.0,43.0,43.0,0.0
2009-11-16,43.0,43.0,43.0,43.0,0.0
2009-11-17,43.0,43.0,43.0,43.0,0.0
2009-11-18,43.0,43.0,43.0,43.0,0.0
2009-11-19,43.0,43.0,43.0,43.0,0.0
2009-11-20,43.0,43.0,43.0,43.0,0.0
2009-11-23,43.0,43.0,43.0,43.0,0.0
2009-11-24,43.0,43.0,43.0,43.0,0.0
2009-11-25,43.0,43.0,43.0,43.0,0.0
2009-11-27,43.0,43.0,43.0,43.0,0.0
2009-11-30,43.0,43.0,43.0,43.0,0.0
2009-12-01,43.0,43.0,43.0,43.0,0.0
2009-12-02,43.0,43.0,43.0,43.0,0.0
2009-12-03,43.0,43.0,43.0,43.0,0.0
2009-12-04,43.0,43.0,43.0,43.0,0.0
2009-12-07,43.0,43.0,43.0,43.0,0.0
2009-12-08,43.0,43.0,43.0,43.0,0.0
2009-12-09,43.0,43.0,43.0,43.0,0.0
2009-12-10,43.0,43.0,43.0,43.0,0.0
2009-12-11,43.0,43.0,43.0,43.0,0.0
2009-12-14,43.0,43.0,43.0,43.0,0.0
2009-12-15,43.0,43.0,43.0,43.0,0.0
2009-12-16,43.0,43.0,43.0,43.0,0.0
2009-12-17,43.0,43.0,43.0,43.0,0.0
2009-12-18,43.0,43.0,43.0,43.0,0.0
2009-12-21,45.0,45.0,45.0,45.0,500.0
2009-12-22,45.0,45.0,45.0,45.0,0.0
2009-12-23,45.0,45.0,45.0,45.0,0.0
2009-12-24,45.0,45.0,45.0,45.0,0.0
2009-12-28,45.0,45.0,45.0,45.0,0.0
2009-12-29,45.0,45.0,45.0,45.0,0.0
2009-12-30,45.0,45.0,45.0,45.0,0.0
2009-12-31,45.0,45.0,45.0,45.0,0.0
2010-01-04,45.0,45.0,45.0,45.0,0.0
2010-01-05,45.0,45.0,45.0,45.0,0.0
2010-01-06,45.0,45.0,45.0,45.0,0.0
2010-01-07,45.0,45.0,45.0,45.0,0.0
2010-01-08,45.0,45.0,45.0,45.0,0.0
2010-01-11,45.0,45.0,45.0,45.0,0.0
2010-01-12,45.0,45.0,45.0,45.0,0.0
2010-01-13,45.0,45.0,45.0,45.0,0.0
2010-01-14,45.0,45.0,45.0,45.0,0.0
2010-01-15,45.0,45.0,45.0,45.0,0.0
2010-01-19,45.0,45.0,45.0,45.0,0.0
2010-01-20,45.0,45.0,45.0,45.0,0.0
2010-01-21,45.0,45.0,45.0,45.0,0.0
2010-01-22,45.0,45.0,45.0,45.0,0.0
2010-01-25,45.0,45.0,45.0,45.0,0.0
2010-01-26,45.0,45.0,45.0,45.0,0.0
2010-01-27,45.0,45.0,45.0,45.0,0.0
2010-01-28,45.0,45.0,45.0,45.0,0.0
2010-01-29,45.0,45.0,45.0,45.0,0.0
2010-02-01,45.0,45.0,45.0,45.0,0.0
2010-02-02,45.0,45.0,45.0,45.0,0.0
2010-02-03,45.0,45.0,45.0,45.0,0.0
2010-02-04,45.0,45.0,45.0,45.0,0.0
2010-02-05,45.0,45.0,45.0,45.0,0.0
2010-02-08,45.0,45.0,45.0,45.0,0.0
2010-02-09,45.0,45.0,45.0,45.0,0.0
2010-02-10,45.0,45.0,45.0,45.0,0.0
2010-02-11,45.0,45.0,45.0,45.0,0.0
2010-02-12,45.0,45.0,45.0,45.0,0.0
2010-02-16,45.0,45.0,45.0,45.0,0.0
2010-02-17,45.0,45.0,45.0,45.0,0.0
2010-02-18,45.0,45.0,45.0,45.0,0.0
2010-02-19,45.0,45.0,45.0,45.0,0.0
2010-02-22,45.0,45.0,45.0,45.0,0.0
2010-02-23,45.0,45.0,45.0,45.0,0.0
2010-02-24,45.0,45.0,45.0,45.0,0.0
2010-02-25,45.0,45.0,45.0,45.0,0.0
2010-02-26,45.0,45.0,45.0,45.0,0.0
2010-03-01,45.0,45.0,45.0,45.0,0.0
2010-03-02,45.0,45.0,45.0,45.0,0.0
2010-03-03,45.0,45.0,45.0,45.0,0.0
2010-03-04,45.0,45.0,45.0,45.0,0.0
2010-03-05,45.0,45.0,45.0,45.0,0.0
2010-03-08,45.0,45.0,45.0,45.0,0.0
2010-03-09,45.0,45.0,45.0,45.0,0.0
2010-03-10,45.0,45.0,45.0,45.0,0.0
2010-03-11,45.0,45.0,45.0,45.0,0.0
2010-03-12,45.0,45.0,45.0,45.0,0.0
2010-03-15,45.0,45.0,45.0,45.0,0.0
2010-03-16,45.0,45.0,45.0,45.0,0.0
2010-03-17,45.0,45.0,45.0,45.0,0.0
2010-03-18,45.0,45.0,45.0,45.0,0.0
2010-03-19,45.0,45.0,45.0,45.0,0.0
2010-03-22,45.0,45.0,45.0,45.0,0.0
2010-03-23,45.0,45.0,45.0,45.0,0.0
2010-03-24,45.0,45.0,45.0,45.0,0.0
2010-03-25,45.0,45.0,45.0,45.0,0.0
2010-03-26,45.0,45.0,45.0,45.0,0.0
2010-03-29,45.0,45.0,45.0,45.0,0.0
2010-03-30,45.0,45.0,45.0,45.0,0.0
2010-03-31,45.0,45.0,45.0,45.0,0.0
2010-04-01,45.0,45.0,45.0,45.0,0.0
2010-04-05,45.0,45.0,45.0,45.0,0.0
2010-04-06,45.0,45.0,45.0,45.0,0.0
2010-04-07,45.0,45.0,45.0,45.0,0.0
2010-04-08,45.0,45.0,45.0,45.0,0.0
2010-04-09,45.0,45.0,45.0,45.0,0.0
2010-04-12,45.0,45.0,45.0,45.0,0.0
2010-04-13,45.0,45.0,45.0,45.0,0.0
2010-04-14,45.0,45.0,45.0,45.0,0.0
2010-04-15,45.0,45.0,45.0,45.0,0.0
2010-04-16,45.0,45.0,45.0,45.0,0.0
2010-04-19,45.0,45.0,45.0,45.0,0.0
2010-04-20,45.0,45.0,45.0,45.0,0.0
2010-04-21,45.0,45.0,45.0,45.0,0.0
2010-04-22,45.0,45.0,45.0,45.0,0.0
2010-04-23,45.0,45.0,45.0,45.0,0.0
2010-04-26,45.0,45.0,45.0,45.0,0.0
2010-04-27,45.0,45.0,45.0,45.0,0.0
2010-04-28,45.0,45.0,45.0,45.0,0.0
2010-04-29,45.0,45.0,45.0,45.0,0.0
2010-04-30,45.0,45.0,45.0,45.0,0.0
2010-05-03,45.0,45.0,45.0,45.0,0.0
2010-05-04,45.0,45.0,45.0,45.0,0.0
2010-05-05,45.0,45.0,45.0,45.0,0.0
2010-05-06,45.0,45.0,45.0,45.0,0.0
2010-05-07,45.0,45.0,45.0,45.0,0.0
2010-05-10,45.0,45.0,45.0,45.0,0.0
2010-05-11,45.0,45.0,45.0,45.0,0.0
2010-05-12,45.0,45.0,45.0,45.0,0.0
2010-05-13,45.0,45.0,45.0,45.0,0.0
2010-05-14,45.0,45.0,45.0,45.0,0.0
2010-05-17,45.0,45.0,45.0,45.0,0.0
2010-05-18,45.0,45.0,45.0,45.0,0.0
2010-05-19,45.0,45.0,45.0,45.0,0.0
2010-05-20,45.0,45.0,45.0,45.0,0.0
2010-05-21,45.0,45.0,45.0,45.0,0.0
2010-05-24,45.0,45.0,45.0,45.0,0.0
2010-05-25,45.0,45.0,45.0,45.0,0.0
2010-05-26,45.0,45.0,45.0,45.0,0.0
2010-05-27,45.0,45.0,45.0,45.0,0.0
2010-05-28,45.0,45.0,45.0,45.0,0.0
2010-06-01,45.0,45.0,45.0,45.0,0.0
2010-06-02,45.0,45.0,45.0,45.0,0.0
2010-06-03,45.0,45.0,45.0,45.0,0.0
2010-06-04,45.0,45.0,45.0,45.0,0.0
2010-06-07,45.0,45.0,45.0,45.0,0.0
2010-06-08,45.0,45.0,45.0,45.0,0.0
2010-06-09,45.0,45.0,45.0,45.0,0.0
2010-06-10,45.0,45.0,45.0,45.0,0.0
2010-06-11,45.0,45.0,45.0,45.0,0.0
2010-06-14,45.0,45.0,45.0,45.0,0.0
2010-06-15,45.0,45.0,45.0,45.0,0.0
2010-06-16,45.0,45.0,45.0,45.0,0.0
2010-06-17,45.0,45.0,45.0,45.0,0.0
2010-06-18,45.0,45.0,45.0,45.0,0.0
2010-06-21,45.0,45.0,45.0,45.0,0.0
2010-06-22,45.0,45.0,45.0,45.0,0.0
2010-06-23,45.0,45.0,45.0,45.0,0.0
2010-06-24,45.0,45.0,45.0,45.0,0.0
2010-06-25,45.0,45.0,45.0,45.0,0.0
2010-06-28,45.0,45.0,45.0,45.0,0.0
2010-06-29,45.0,45.0,45.0,45.0,0.0
2010-06-30,45.0,45.0,45.0,45.0,0.0
2010-07-01,45.0,45.0,45.0,45.0,0.0
2010-07-02,45.0,45.0,45.0,45.0,0.0
2010-07-06,45.0,45.0,45.0,45.0,0.0
2010-07-07,45.0,45.0,45.0,45.0,0.0
2010-07-08,45.0,45.0,45.0,45.0,0.0
2010-07-09,45.0,45.0,45.0,45.0,0.0
2010-07-12,45.0,45.0,45.0,45.0,0.0
2010-07-13,45.0,45.0,45.0,45.0,0.0
2010-07-14,45.0,45.0,45.0,45.0,0.0
2010-07-15,45.0,45.0,45.0,45.0,0.0
2010-07-16,45.0,45.0,45.0,45.0,0.0
2010-07-19,45.0,45.0,45.0,45.0,0.0
2010-07-20,45.0,45.0,45.0,45.0,0.0
2010-07-21,45.0,45.0,45.0,45.0,0.0
2010-07-22,45.0,45.0,45.0,45.0,0.0
2010-07-23,45.0,45.0,45.0,45.0,0.0
2010-07-26,45.0,45.0,45.0,45.0,0.0
2010-07-27,45.0,45.0,45.0,45.0,0.0
2010-07-28,45.0,45.0,45.0,45.0,0.0
2010-07-29,45.0,45.0,45.0,45.0,0.0
2010-07-30,45.0,45.0,45.0,45.0,0.0
2010-08-02,45.0,45.0,45.0,45.0,0.0
2010-08-03,45.0,45.0,45.0,45.0,0.0
2010-08-04,45.0,45.0,45.0,45.0,0.0
2010-08-05,45.0,45.0,45.0,45.0,0.0
2010-08-06,45.0,45.0,45.0,45.0,0.0
2010-08-09,45.0,45.0,45.0,45.0,0.0
2010-08-10,45.0,45.0,45.0,45.0,0.0
2010-08-11,45.0,45.0,45.0,45.0,0.0
2010-08-12,45.0,45.0,45.0,45.0,0.0
2010-08-13,45.0,45.0,45.0,45.0,0.0
2010-08-16,45.0,45.0,45.0,45.0,0.0
2010-08-17,45.0,45.0,45.0,45.0,0.0
2010-08-18,45.0,45.0,45.0,45.0,0.0
2010-08-19,45.0,45.0,45.0,45.0,0.0
2010-08-20,45.0,45.0,45.0,45.0,0.0
2010-08-23,45.0,45.0,45.0,45.0,0.0
2010-08-24,10.01,10.01,10.01,10.01,1906.0
2010-08-25,10.01,10.01,10.01,10.01,0.0
2010-08-26,10.0,10.0,10.0,10.0,2100.0
2010-08-27,10.0,10.0,10.0,10.0,0.0
2010-08-30,10.0,10.0,10.0,10.0,0.0
2010-08-31,10.0,10.0,10.0,10.0,0.0
2010-09-01,10.0,10.0,10.0,10.0,0.0
2010-09-02,9.0,10.0,9.0,10.0,2500.0
2010-09-03,10.0,10.0,10.0,10.0,0.0
2010-09-07,10.0,10.0,10.0,10.0,0.0
2010-09-08,10.0,10.0,10.0,10.0,0.0
2010-09-09,10.0,10.0,10.0,10.0,0.0
2010-09-10,10.0,10.0,10.0,10.0,0.0
2010-09-13,10.0,10.0,10.0,10.0,0.0
2010-09-14,10.0,10.0,10.0,10.0,0.0
2010-09-15,10.0,10.0,10.0,10.0,0.0
2010-09-16,10.0,10.0,10.0,10.0,0.0
2010-09-17,10.0,10.0,10.0,10.0,0.0
2010-09-20,10.0,10.0,10.0,10.0,0.0
2010-09-21,10.0,10.0,10.0,10.0,0.0
2010-09-22,10.0,10.0,10.0,10.0,0.0
2010-09-23,10.0,10.0,10.0,10.0,0.0
2010-09-24,10.0,10.0,10.0,10.0,0.0
2010-09-27,10.0,10.0,10.0,10.0,0.0
2010-09-28,10.0,10.0,10.0,10.0,0.0
2010-09-29,10.0,10.0,10.0,10.0,0.0
2010-09-30,10.0,10.0,10.0,10.0,0.0
2010-10-01,10.0,10.0,10.0,10.0,0.0
2010-10-04,10.0,10.0,10.0,10.0,0.0
2010-10-05,10.0,10.0,10.0,10.0,0.0
2010-10-06,10.0,10.0,10.0,10.0,0.0
2010-10-07,10.0,10.0,10.0,10.0,0.0
2010-10-08,10.0,10.0,10.0,10.0,0.0
2010-10-11,10.0,10.0,10.0,10.0,0.0
2010-10-12,10.0,10.0,10.0,10.0,0.0
2010-10-13,10.0,10.0,10.0,10.0,0.0
2010-10-14,10.0,10.0,10.0,10.0,0.0
2010-10-15,10.0,10.0,10.0,10.0,0.0
2010-10-18,10.0,10.0,10.0,10.0,0.0
2010-10-19,10.0,10.0,10.0,10.0,0.0
2010-10-20,10.0,10.0,10.0,10.0,0.0
2010-10-21,10.0,10.0,10.0,10.0,0.0
2010-10-22,10.0,10.0,10.0,10.0,0.0
2010-10-25,10.0,10.0,10.0,10.0,0.0
2010-10-26,10.0,10.0,10.0,10.0,0.0
2010-10-27,10.0,10.0,10.0,10.0,0.0
2010-10-28,10.0,10.0,10.0,10.0,5200.0
2010-10-29,10.0,10.0,10.0,10.0,0.0
2010-11-01,10.0,10.0,10.0,10.0,5700.0
2010-11-02,10.0,10.0,10.0,10.0,0.0
2010-11-03,10.01,10.01,10.01,10.01,6000.0
2010-11-04,10.01,10.01,10.01,10.01,900.0
2010-11-05,10.01,10.01,10.01,10.01,0.0
2010-11-08,10.01,10.01,10.01,10.01,0.0
2010-11-09,10.01,10.01,10.01,10.01,0.0
2010-11-10,10.01,10.01,10.01,10.01,0.0
2010-11-11,10.01,10.01,10.01,10.01,350.0
2010-11-12,10.01,10.01,10.01,10.01,0.0
2010-11-15,10.01,10.01,10.01,10.01,0.0
2010-11-16,10.01,10.01,10.01,10.01,0.0
2010-11-17,10.01,10.01,10.01,10.01,0.0
2010-11-18,10.01,10.01,10.01,10.01,0.0
2010-11-19,10.01,10.01,10.01,10.01,0.0
2010-11-22,10.5,10.5,10.5,10.5,9000.0
2010-11-23,10.5,10.5,10.5,10.5,0.0
2010-11-24,10.5,10.5,10.5,10.5,0.0
2010-11-26,10.5,10.5,10.5,10.5,0.0
2010-11-29,10.25,10.25,10.01,10.01,1300.0
2010-11-30,10.01,10.01,10.01,10.01,0.0
2010-12-01,10.01,10.01,10.01,10.01,11000.0
2010-12-02,10.01,10.01,10.01,10.01,0.0
2010-12-03,10.01,10.01,10.01,10.01,0.0
2010-12-06,10.01,10.01,10.01,10.01,0.0
2010-12-07,10.01,10.01,10.01,10.01,0.0
2010-12-08,10.01,10.01,10.01,10.01,0.0
2010-12-09,10.01,10.01,10.01,10.01,0.0
2010-12-10,10.01,10.01,10.01,10.01,0.0
2010-12-13,10.01,10.01,10.01,10.01,0.0
2010-12-14,10.01,10.01,10.01,10.01,0.0
2010-12-15,10.01,10.01,10.01,10.01,0.0
2010-12-16,10.01,10.01,10.0,10.0,700.0
2010-12-17,10.01,10.01,9.99,9.99,1300.0
2010-12-20,10.25,10.25,10.25,10.25,11500.0
2010-12-21,10.25,10.25,10.25,10.25,0.0
2010-12-22,10.25,10.25,10.25,10.25,0.0
2010-12-23,10.25,10.25,10.25,10.25,0.0
2010-12-27,10.25,10.25,10.25,10.25,0.0
2010-12-28,10.25,10.25,10.25,10.25,12000.0
2010-12-29,10.25,10.25,10.25,10.25,0.0
2010-12-30,10.25,10.25,10.25,10.25,0.0
2010-12-31,10.25,10.25,10.25,10.25,0.0
2011-01-03,10.25,10.25,10.25,10.25,0.0
2011-01-04,10.0,10.0,10.0,10.0,12600.0
2011-01-05,10.0,10.0,10.0,10.0,0.0
2011-01-06,10.25,10.25,10.25,10.25,13100.0
2011-01-07,10.25,10.25,10.25,10.25,0.0
2011-01-10,10.25,10.25,10.25,10.25,0.0
2011-01-11,10.25,10.25,10.25,10.25,0.0
2011-01-12,10.0,10.0,10.0,10.0,13300.0
2011-01-13,10.0,10.0,10.0,10.0,0.0
2011-01-14,10.0,10.0,10.0,10.0,0.0
2011-01-18,10.0,10.0,10.0,10.0,0.0
2011-01-19,10.0,10.0,10.0,10.0,0.0
2011-01-20,10.0,10.0,10.0,10.0,0.0
2011-01-21,10.25,10.25,10.25,10.25,15000.0
2011-01-24,10.25,10.25,10.25,10.25,0.0
2011-01-25,10.25,10.25,10.25,10.25,0.0
2011-01-26,10.25,10.25,10.25,10.25,0.0
2011-01-27,10.25,10.25,10.25,10.25,0.0
2011-01-28,10.25,10.25,10.25,10.25,0.0
2011-01-31,10.25,10.25,10.25,10.25,0.0
2011-02-01,10.25,10.25,10.25,10.25,0.0
2011-02-02,10.25,10.25,10.25,10.25,0.0
2011-02-03,10.25,10.25,10.25,10.25,0.0
2011-02-04,10.25,10.25,10.25,10.25,0.0
2011-02-07,10.25,10.25,10.25,10.25,0.0
2011-02-08,10.25,10.25,10.25,10.25,0.0
2011-02-09,10.25,10.25,10.25,10.25,0.0
2011-02-10,10.25,10.25,10.25,10.25,0.0
2011-02-11,10.25,10.25,10.25,10.25,0.0
2011-02-14,10.25,10.25,10.25,10.25,0.0
2011-02-15,10.25,10.25,10.25,10.25,0.0
2011-02-16,10.25,10.25,10.25,10.25,0.0
2011-02-17,10.25,10.25,10.25,10.25,0.0
2011-02-18,10.25,10.25,10.25,10.25,0.0
2011-02-22,10.25,10.25,10.25,10.25,0.0
2011-02-23,10.25,10.25,10.25,10.25,0.0
2011-02-24,10.25,10.25,10.25,10.25,0.0
2011-02-25,10.25,10.25,10.25,10.25,0.0
2011-02-28,10.25,10.25,10.25,10.25,0.0
2011-03-01,10.25,10.25,10.25,10.25,0.0
2011-03-02,10.25,10.25,10.25,10.25,0.0
2011-03-03,10.25,10.25,10.25,10.25,0.0
2011-03-04,10.25,10.25,10.25,10.25,0.0
2011-03-07,10.25,10.25,10.25,10.25,0.0
2011-03-08,10.25,10.25,10.25,10.25,0.0
2011-03-09,10.25,10.25,10.25,10.25,0.0
2011-03-10,10.25,10.25,10.25,10.25,350.0
2011-03-11,10.25,10.25,10.25,10.25,0.0
2011-03-14,10.25,10.25,10.25,10.25,0.0
2011-03-15,10.25,10.25,10.25,10.25,0.0
2011-03-16,10.25,10.25,10.25,10.25,0.0
2011-03-17,10.01,10.01,10.01,10.01,18650.0
2011-03-18,10.0,10.0,10.0,10.0,19150.0
2011-03-21,10.0,10.0,10.0,10.0,19650.0
2011-03-22,10.0,10.0,10.0,10.0,19850.0
2011-03-23,10.0,10.0,10.0,10.0,0.0
2011-03-24,10.0,10.0,10.0,10.0,0.0
2011-03-25,10.0,10.0,10.0,10.0,0.0
2011-03-28,10.0,10.0,10.0,10.0,0.0
2011-03-29,10.0,10.0,10.0,10.0,0.0
2011-03-30,10.0,10.0,10.0,10.0,0.0
2011-03-31,10.0,10.0,10.0,10.0,0.0
2011-04-01,10.0,10.0,10.0,10.0,0.0
2011-04-04,10.0,10.0,10.0,10.0,0.0
2011-04-05,10.0,10.0,10.0,10.0,0.0
2011-04-06,10.0,10.0,10.0,10.0,0.0
2011-04-07,10.0,10.0,10.0,10.0,0.0
2011-04-08,10.0,10.0,10.0,10.0,0.0
2011-04-11,10.0,10.0,10.0,10.0,0.0
2011-04-12,10.0,10.0,10.0,10.0,0.0
2011-04-13,10.0,10.0,10.0,10.0,0.0
2011-04-14,10.0,10.0,10.0,10.0,0.0
2011-04-15,10.0,10.0,10.0,10.0,0.0
2011-04-18,10.0,10.0,10.0,10.0,0.0
2011-04-19,10.0,10.0,10.0,10.0,0.0
2011-04-20,10.0,10.0,10.0,10.0,0.0
2011-04-21,10.0,10.0,10.0,10.0,0.0
2011-04-25,10.0,10.0,10.0,10.0,0.0
2011-04-26,10.0,10.0,10.0,10.0,0.0
2011-04-27,10.0,10.0,10.0,10.0,0.0
2011-04-28,10.0,10.0,10.0,10.0,0.0
2011-04-29,10.0,10.0,10.0,10.0,0.0
2011-05-02,10.0,10.0,10.0,10.0,0.0
2011-05-03,10.0,10.0,10.0,10.0,0.0
2011-05-04,10.0,10.0,10.0,10.0,0.0
2011-05-05,10.0,10.0,10.0,10.0,0.0
2011-05-06,10.0,10.0,10.0,10.0,0.0
2011-05-09,10.0,10.0,10.0,10.0,0.0
2011-05-10,10.0,10.0,10.0,10.0,0.0
2011-05-11,10.25,10.25,10.25,10.25,300.0
2011-05-12,10.25,10.25,10.25,10.25,0.0
2011-05-13,10.25,10.25,10.25,10.25,0.0
2011-05-16,10.25,10.25,10.25,10.25,0.0
2011-05-17,10.25,10.25,10.25,10.25,0.0
2011-05-18,10.25,10.25,10.25,10.25,0.0
2011-05-19,10.25,10.25,10.25,10.25,0.0
2011-05-20,10.25,10.25,10.25,10.25,0.0
2011-05-23,10.0,10.0,10.0,10.0,250.0
2011-05-24,10.0,10.0,10.0,10.0,0.0
2011-05-25,10.0,10.0,10.0,10.0,0.0
2011-05-26,10.0,10.0,10.0,10.0,0.0
2011-05-27,10.0,10.0,10.0,10.0,0.0
2011-05-31,10.0,10.0,10.0,10.0,0.0
2011-06-01,10.0,10.0,10.0,10.0,0.0
2011-06-02,10.0,10.0,10.0,10.0,0.0
2011-06-03,10.0,10.0,10.0,10.0,0.0
2011-06-06,10.0,10.0,10.0,10.0,0.0
2011-06-07,10.0,10.0,10.0,10.0,0.0
2011-06-08,10.0,10.0,10.0,10.0,0.0
2011-06-09,10.0,10.0,10.0,10.0,0.0
2011-06-10,10.0,10.0,10.0,10.0,0.0
2011-06-13,10.0,10.0,10.0,10.0,0.0
2011-06-14,10.0,10.0,10.0,10.0,0.0
2011-06-15,10.0,10.0,10.0,10.0,0.0
2011-06-16,10.0,10.0,10.0,10.0,0.0
2011-06-17,10.0,10.0,10.0,10.0,0.0
2011-06-20,10.0,10.0,10.0,10.0,0.0
2011-06-21,10.0,10.0,10.0,10.0,0.0
2011-06-22,10.0,10.0,10.0,10.0,0.0
2011-06-23,10.0,10.0,10.0,10.0,0.0
2011-06-24,10.0,10.0,10.0,10.0,0.0
2011-06-27,10.0,10.0,10.0,10.0,0.0
2011-06-28,10.0,10.0,10.0,10.0,0.0
2011-06-29,10.0,10.0,10.0,10.0,0.0
2011-06-30,10.0,10.0,10.0,10.0,0.0
2011-07-01,10.0,10.0,10.0,10.0,0.0
2011-07-05,10.0,10.0,10.0,10.0,0.0
2011-07-06,10.0,10.0,10.0,10.0,0.0
2011-07-07,10.0,10.0,10.0,10.0,0.0
2011-07-08,10.0,10.0,10.0,10.0,0.0
2011-07-11,10.0,10.0,10.0,10.0,0.0
2011-07-12,10.0,10.0,10.0,10.0,0.0
2011-07-13,10.0,10.0,10.0,10.0,0.0
2011-07-14,10.0,10.0,10.0,10.0,0.0
2011-07-15,10.11,10.11,10.0,10.0,1400.0
2011-07-18,10.01,10.01,10.01,10.01,300.0
2011-07-20,10.01,10.1,10.01,10.1,705.0
2011-07-21,10.01,10.1,10.01,10.1,0.0
2011-07-22,10.01,10.1,10.01,10.1,0.0
2011-07-25,10.01,10.1,10.01,10.1,0.0
2011-07-26,10.01,10.1,10.01,10.1,0.0
2011-07-27,10.01,10.1,10.01,10.1,0.0
2011-07-28,10.5,10.5,10.5,10.5,150.0
2011-07-29,10.5,10.5,10.5,10.5,0.0
2011-08-01,10.5,10.5,10.5,10.5,0.0
2011-08-02,10.5,10.5,10.5,10.5,0.0
2011-08-03,10.5,10.5,10.5,10.5,0.0
2011-08-04,10.5,10.5,10.5,10.5,150.0
2011-08-05,10.5,10.5,10.5,10.5,0.0
2011-08-08,10.5,10.5,10.5,10.5,0.0
2011-08-09,10.5,10.5,10.5,10.5,0.0
2011-08-10,10.5,10.5,10.5,10.5,0.0
2011-08-11,10.5,10.5,10.5,10.5,0.0
2011-08-12,10.5,10.5,10.5,10.5,0.0
2011-08-15,10.5,10.5,10.5,10.5,0.0
2011-08-16,10.5,10.5,10.5,10.5,0.0
2011-08-17,10.5,10.5,10.5,10.5,0.0
2011-08-18,10.5,10.5,10.5,10.5,0.0
2011-08-19,10.5,10.5,10.5,10.5,0.0
2011-08-22,10.5,10.5,10.5,10.5,0.0
2011-08-23,10.5,10.5,10.5,10.5,0.0
2011-08-24,10.05,10.05,10.05,10.05,750.0
2011-08-25,10.05,10.05,10.05,10.05,0.0
2011-08-26,10.05,10.05,10.05,10.05,0.0
2011-08-29,10.05,10.05,10.05,10.05,0.0
2011-08-30,10.05,10.05,10.05,10.05,0.0
2011-08-31,10.05,10.05,10.05,10.05,0.0
2011-09-01,10.05,10.05,10.05,10.05,0.0
2011-09-02,10.05,10.05,10.05,10.05,0.0
2011-09-06,10.05,10.05,10.05,10.05,0.0
2011-09-07,10.05,10.05,10.05,10.05,0.0
2011-09-08,10.05,10.05,10.05,10.05,0.0
2011-09-09,10.05,10.05,10.05,10.05,0.0
2011-09-12,10.05,10.05,10.05,10.05,0.0
2011-09-13,10.05,10.05,10.05,10.05,0.0
2011-09-14,10.05,10.05,10.05,10.05,0.0
2011-09-15,10.05,10.05,10.05,10.05,0.0
2011-09-16,10.05,10.05,10.05,10.05,0.0
2011-09-19,10.01,10.01,10.01,10.01,500.0
2011-09-20,10.01,10.01,10.01,10.01,0.0
2011-09-21,10.01,10.01,10.01,10.01,0.0
2011-09-22,10.01,10.01,10.01,10.01,0.0
2011-09-23,10.01,10.01,10.01,10.01,0.0
2011-09-26,10.01,10.01,10.01,10.01,0.0
2011-09-27,10.01,10.01,10.01,10.01,0.0
2011-09-28,10.01,10.01,10.01,10.01,0.0
2011-09-29,10.01,10.01,10.01,10.01,0.0
2011-09-30,10.01,10.01,10.01,10.01,0.0
2011-10-03,10.01,10.01,10.01,10.01,0.0
2011-10-04,10.01,10.01,10.01,10.01,0.0
2011-10-05,10.01,10.01,10.01,10.01,0.0
2011-10-06,10.01,10.01,10.01,10.01,0.0
2011-10-07,10.01,10.01,10.01,10.01,0.0
2011-10-10,10.01,10.01,10.01,10.01,0.0
2011-10-11,10.01,10.01,10.01,10.01,750.0
2011-10-12,10.01,10.01,10.01,10.01,0.0
2011-10-13,10.01,10.01,10.01,10.01,0.0
2011-10-14,10.01,10.01,10.01,10.01,0.0
2011-10-17,10.01,10.01,10.01,10.01,0.0
2011-10-18,10.01,10.01,10.01,10.01,0.0
2011-10-19,10.01,10.01,10.01,10.01,0.0
2011-10-20,10.01,10.01,10.01,10.01,0.0
2011-10-21,10.01,10.01,10.01,10.01,0.0
2011-10-24,10.01,10.01,10.01,10.01,0.0
2011-10-25,10.01,10.01,10.01,10.01,0.0
2011-10-26,10.01,10.01,10.01,10.01,0.0
2011-10-27,10.01,10.01,10.01,10.01,0.0
2011-10-28,10.01,10.01,10.01,10.01,0.0
2011-10-31,10.01,10.01,10.01,10.01,0.0
2011-11-01,10.01,10.01,10.01,10.01,0.0
2011-11-02,10.01,10.01,10.01,10.01,0.0
2011-11-03,10.01,10.01,10.01,10.01,0.0
2011-11-04,10.01,10.01,10.01,10.01,0.0
2011-11-07,10.01,10.01,10.01,10.01,0.0
2011-11-08,10.01,10.01,10.01,10.01,0.0
2011-11-09,10.01,10.01,10.01,10.01,0.0
2011-11-10,10.01,10.01,10.01,10.01,0.0
2011-11-11,10.01,10.01,10.01,10.01,0.0
2011-11-14,10.01,10.01,10.01,10.01,0.0
2011-11-15,10.01,10.01,10.01,10.01,0.0
2011-11-16,10.01,10.01,10.01,10.01,0.0
2011-11-17,10.01,10.01,10.01,10.01,0.0
2011-11-18,10.01,10.01,10.01,10.01,0.0
2011-11-21,10.01,10.01,10.01,10.01,0.0
2011-11-22,10.01,10.01,10.01,10.01,0.0
2011-11-23,10.01,10.01,10.01,10.01,0.0
2011-11-25,10.01,10.01,10.01,10.01,0.0
2011-11-28,10.01,10.01,10.01,10.01,0.0
2011-11-29,10.01,10.01,10.01,10.01,0.0
2012-01-06,10.25,10.25,10.25,10.25,400.0
2012-01-09,10.25,10.25,10.25,10.25,0.0
2012-01-10,10.25,10.25,10.25,10.25,0.0
2012-01-11,10.25,10.25,10.25,10.25,0.0
2012-01-12,10.25,10.25,10.25,10.25,0.0
2012-01-13,10.25,10.25,10.25,10.25,0.0
2012-01-17,10.25,10.25,10.25,10.25,500.0
2012-01-18,10.25,10.25,10.25,10.25,150.0
2012-01-19,10.25,10.25,10.25,10.25,0.0
2012-01-20,10.25,10.25,10.25,10.25,0.0
2012-01-23,10.25,10.25,10.25,10.25,0.0
2012-01-24,10.25,10.25,10.25,10.25,0.0
2012-01-25,10.25,10.25,10.25,10.25,0.0
2012-01-26,10.25,10.25,10.25,10.25,0.0
2012-01-27,10.25,10.25,10.25,10.25,0.0
2012-01-30,10.25,10.25,10.25,10.25,0.0
2012-01-31,10.25,10.25,10.25,10.25,0.0
2012-02-01,10.25,10.25,10.25,10.25,0.0
2012-02-02,10.25,10.25,10.25,10.25,0.0
2012-02-03,10.25,10.25,10.25,10.25,0.0
2012-02-06,10.25,10.25,10.25,10.25,0.0
2012-02-07,10.25,10.25,10.25,10.25,0.0
2012-02-08,10.25,10.25,10.25,10.25,0.0
2012-02-09,10.25,10.25,10.25,10.25,0.0
2012-02-10,10.25,10.25,10.25,10.25,0.0
2012-02-13,10.25,10.25,10.25,10.25,0.0
2012-02-14,10.25,10.25,10.25,10.25,0.0
2012-02-15,10.25,10.25,10.25,10.25,0.0
2012-02-16,10.25,10.25,10.25,10.25,0.0
2012-02-17,10.25,10.25,10.25,10.25,0.0
2012-02-21,10.1,10.1,10.01,10.01,799.0
2012-02-22,10.01,10.01,10.01,10.01,0.0
2012-02-23,10.0,11.0,10.0,11.0,3851.0
2012-02-24,10.0,11.0,10.0,11.0,0.0
2012-02-27,10.0,11.0,10.0,11.0,0.0
2012-02-28,10.0,11.0,10.0,11.0,0.0
2012-02-29,10.0,11.0,10.0,11.0,0.0
2012-03-01,10.0,11.0,10.0,11.0,0.0
2012-03-02,10.85,10.85,10.85,10.85,500.0
2012-03-05,10.85,10.85,10.85,10.85,0.0
2012-03-06,10.85,10.85,10.85,10.85,0.0
2012-03-07,10.85,10.85,10.85,10.85,0.0
2012-03-08,10.85,10.85,10.85,10.85,0.0
2012-03-09,10.85,10.85,10.85,10.85,0.0
2012-03-12,10.85,10.85,10.85,10.85,0.0
2012-03-13,10.85,10.85,10.85,10.85,0.0
2012-03-14,10.85,10.85,10.85,10.85,0.0
2012-03-15,10.85,10.85,10.85,10.85,0.0
2012-03-16,10.85,10.85,10.85,10.85,0.0
2012-03-19,10.85,10.85,10.85,10.85,0.0
2012-03-20,10.85,10.85,10.85,10.85,0.0
2012-03-21,10.85,10.85,10.85,10.85,0.0
2012-03-22,10.85,10.85,10.85,10.85,0.0
2012-03-23,10.85,10.85,10.85,10.85,0.0
2012-03-26,10.85,10.85,10.85,10.85,0.0
2012-03-27,10.85,10.85,10.85,10.85,0.0
2012-03-28,10.85,10.85,10.85,10.85,0.0
2012-03-29,10.85,10.85,10.85,10.85,0.0
2012-03-30,10.85,10.85,10.85,10.85,0.0
2012-04-02,10.85,10.85,10.85,10.85,0.0
2012-04-03,10.85,10.85,10.85,10.85,0.0
2012-04-04,10.5,10.5,10.5,10.5,1700.0
2012-04-05,10.5,10.5,10.5,10.5,0.0
2012-04-09,10.5,10.5,10.5,10.5,0.0
2012-04-10,10.5,10.5,10.5,10.5,0.0
2012-04-11,10.5,10.5,10.5,10.5,0.0
2012-04-12,10.5,10.5,10.5,10.5,0.0
2012-04-13,10.5,10.5,10.5,10.5,0.0
2012-04-16,10.5,10.5,10.5,10.5,0.0
2012-04-17,10.5,10.5,10.5,10.5,0.0
2012-04-18,11.0,11.0,11.0,11.0,600.0
2012-04-19,11.0,11.0,11.0,11.0,200.0
2012-04-20,10.72,10.72,10.72,10.72,200.0
2012-04-23,10.72,10.72,10.72,10.72,400.0
2012-04-24,10.72,10.72,10.72,10.72,0.0
2012-04-25,10.72,10.72,10.72,10.72,0.0
2012-04-26,11.0,11.0,11.0,11.0,101.0
2012-04-27,11.0,11.0,11.0,11.0,0.0
2012-04-30,11.0,11.0,11.0,11.0,0.0
2012-05-01,11.0,11.0,11.0,11.0,0.0
2012-05-02,11.0,11.0,11.0,11.0,0.0
2012-05-03,11.0,11.0,11.0,11.0,0.0
2012-05-04,11.0,11.0,11.0,11.0,5699.0
2012-05-07,11.0,11.0,11.0,11.0,0.0
2012-05-08,11.0,11.0,11.0,11.0,0.0
2012-05-09,11.0,11.0,11.0,11.0,0.0
2012-05-10,11.0,11.0,11.0,11.0,0.0
2012-05-11,11.0,11.0,11.0,11.0,0.0
2012-05-14,11.0,11.0,11.0,11.0,0.0
2012-05-15,11.0,11.0,11.0,11.0,0.0
2012-05-16,11.0,11.0,11.0,11.0,0.0
2012-05-17,11.0,11.0,11.0,11.0,0.0
2012-05-18,11.0,11.0,11.0,11.0,0.0
2012-05-21,11.0,11.0,11.0,11.0,0.0
2012-05-22,11.0,11.0,11.0,11.0,0.0
2012-05-23,11.0,11.0,11.0,11.0,0.0
2012-05-24,11.0,11.0,11.0,11.0,0.0
2012-05-25,11.0,11.0,11.0,11.0,0.0
2012-05-29,11.0,11.0,11.0,11.0,0.0
2012-05-30,11.0,11.0,11.0,11.0,0.0
2012-05-31,11.0,11.0,11.0,11.0,0.0
2012-06-01,11.0,11.0,11.0,11.0,0.0
2012-06-04,11.0,11.0,11.0,11.0,0.0
2012-06-05,11.0,11.0,11.0,11.0,0.0
2012-06-06,11.0,11.0,11.0,11.0,0.0
2012-06-07,9.9,9.9,9.9,9.9,700.0
2012-06-08,9.9,9.9,9.9,9.9,0.0
2012-06-11,9.9,9.9,9.9,9.9,0.0
2012-06-12,9.9,9.9,9.9,9.9,0.0
2012-06-13,9.9,9.9,9.9,9.9,0.0
2012-06-14,9.9,9.9,9.9,9.9,0.0
2012-06-15,9.9,9.9,9.9,9.9,0.0
2012-06-18,9.85,9.85,9.85,9.85,500.0
2012-06-19,9.85,9.85,9.85,9.85,0.0
2012-06-20,9.85,9.85,9.85,9.85,0.0
2012-06-21,9.85,9.85,9.85,9.85,0.0
2012-06-22,9.85,9.85,9.85,9.85,0.0
2012-06-25,9.85,9.85,9.85,9.85,0.0
2012-06-26,9.85,9.85,9.85,9.85,0.0
2012-06-27,9.85,9.85,9.85,9.85,0.0
2012-06-28,9.85,9.85,9.85,9.85,0.0
2012-06-29,9.85,9.85,9.85,9.85,0.0
2012-07-02,9.85,9.85,9.85,9.85,0.0
2012-07-03,9.3,9.3,9.3,9.3,100.0
2012-07-05,9.3,9.3,9.3,9.3,0.0
2012-07-06,9.3,9.3,9.3,9.3,0.0
2012-07-09,9.3,9.3,9.3,9.3,0.0
2012-07-10,9.3,9.3,9.3,9.3,0.0
2012-07-11,9.25,9.5,9.25,9.5,200.0
2012-07-12,9.25,9.5,9.25,9.5,0.0
2012-07-13,9.25,9.5,9.25,9.5,0.0
2012-07-16,9.25,9.5,9.25,9.5,0.0
2012-07-17,9.25,9.5,9.25,9.5,0.0
2012-07-18,9.25,9.5,9.25,9.5,0.0
2012-07-19,9.25,9.5,9.25,9.5,0.0
2012-07-20,9.25,9.5,9.25,9.5,0.0
2012-07-23,9.25,9.5,9.25,9.5,0.0
2012-07-24,9.25,9.5,9.25,9.5,0.0
2012-07-25,9.25,9.5,9.25,9.5,0.0
2012-07-26,9.25,9.5,9.25,9.5,0.0
2012-07-27,9.25,9.5,9.25,9.5,0.0
2012-07-30,9.25,9.5,9.25,9.5,0.0
2012-07-31,9.25,9.5,9.25,9.5,0.0
2012-08-01,9.25,9.5,9.25,9.5,0.0
2012-08-02,9.25,9.5,9.25,9.5,0.0
2012-08-03,9.25,9.5,9.25,9.5,0.0
2012-08-06,9.25,9.5,9.25,9.5,0.0
2012-08-07,9.25,9.5,9.25,9.5,0.0
2012-08-08,9.25,9.5,9.25,9.5,0.0
2012-08-09,9.25,9.5,9.25,9.5,0.0
2012-08-10,9.25,9.5,9.25,9.5,0.0
2012-08-13,9.25,9.5,9.25,9.5,0.0
2012-08-14,9.25,9.5,9.25,9.5,0.0
2012-08-15,9.9,9.9,9.9,9.9,200.0
2012-08-16,9.9,9.9,9.9,9.9,0.0
2012-08-17,9.9,9.9,9.9,9.9,500.0
2012-08-20,9.9,9.9,9.9,9.9,0.0
2012-08-21,9.9,9.9,9.9,9.9,0.0
2012-08-22,9.9,9.9,9.9,9.9,0.0
2012-08-23,10.38,10.38,10.38,10.38,150.0
2012-08-24,10.01,10.01,10.01,10.01,100.0
2012-08-27,10.01,10.01,10.01,10.01,0.0
2012-08-28,10.01,10.01,10.01,10.01,500.0
2012-08-29,10.01,10.01,10.01,10.01,0.0
2012-08-30,10.01,10.01,10.01,10.01,0.0
2012-08-31,10.01,10.01,10.01,10.01,0.0
2012-09-04,10.01,10.01,10.01,10.01,0.0
2012-09-05,10.01,10.01,10.01,10.01,0.0
2012-09-06,10.01,10.01,10.01,10.01,0.0
2012-09-07,10.01,10.01,10.01,10.01,0.0
2012-09-10,10.01,10.01,10.01,10.01,0.0
2012-09-11,10.01,10.01,10.01,10.01,0.0
2012-09-12,10.25,10.4,10.25,10.25,651.0
2012-09-13,10.25,10.4,10.25,10.25,0.0
2012-09-14,10.25,10.4,10.25,10.25,0.0
2012-09-17,10.25,10.4,10.25,10.25,0.0
2012-09-18,10.25,10.4,10.25,10.25,0.0
2012-09-19,10.25,10.4,10.25,10.25,0.0
2012-09-20,11.0,11.0,11.0,11.0,400.0
2012-09-21,11.0,11.0,11.0,11.0,0.0
2012-09-24,11.0,11.0,11.0,11.0,0.0
2012-09-25,11.0,11.0,11.0,11.0,0.0
2012-09-26,11.0,11.0,11.0,11.0,0.0
2012-09-27,11.0,11.0,11.0,11.0,0.0
2012-09-28,11.0,11.0,11.0,11.0,0.0
2012-10-01,11.0,11.0,11.0,11.0,0.0
2012-10-02,11.0,11.0,11.0,11.0,0.0
2012-10-03,11.0,11.0,10.5,11.0,2101.0
2012-10-04,11.0,11.0,11.0,11.0,949.0
2012-10-05,11.0,11.0,11.0,11.0,0.0
2012-10-08,11.0,11.0,11.0,11.0,0.0
2012-10-09,11.0,11.0,11.0,11.0,0.0
2012-10-10,11.0,11.0,11.0,11.0,0.0
2012-10-11,11.0,11.0,11.0,11.0,0.0
2012-10-12,11.0,11.0,11.0,11.0,0.0
2012-10-15,11.0,11.0,11.0,11.0,0.0
2012-10-16,11.0,11.0,11.0,11.0,0.0
2012-10-17,11.0,11.0,11.0,11.0,0.0
2012-10-18,11.0,11.0,11.0,11.0,0.0
2012-10-19,11.0,11.0,11.0,11.0,0.0
2012-10-22,11.0,11.0,11.0,11.0,0.0
2012-10-23,11.0,11.0,11.0,11.0,200.0
2012-10-24,11.0,11.0,11.0,11.0,0.0
2012-10-25,11.0,11.0,11.0,11.0,0.0
2012-10-26,11.0,11.0,11.0,11.0,0.0
2012-10-31,11.0,11.0,11.0,11.0,0.0
2012-11-01,11.0,11.0,11.0,11.0,0.0
2012-11-02,11.0,11.0,11.0,11.0,0.0
2012-11-05,10.1,10.1,10.1,10.1,178.0
2012-11-06,10.1,10.1,10.1,10.1,0.0
2012-11-07,10.1,10.1,10.1,10.1,0.0
2012-11-08,10.1,10.1,10.1,10.1,0.0
2012-11-09,10.5,10.5,10.5,10.5,100.0
2012-11-12,10.5,10.5,10.5,10.5,0.0
2012-11-13,10.5,10.5,10.5,10.5,0.0
2012-11-14,10.5,10.5,10.5,10.5,0.0
2012-11-15,10.5,10.5,10.5,10.5,0.0
2012-11-16,10.5,10.5,10.5,10.5,0.0
2012-11-19,10.0,10.0,10.0,10.0,200.0
2012-11-20,10.0,10.0,10.0,10.0,0.0
2012-11-21,10.0,10.0,10.0,10.0,0.0
2012-11-23,10.0,10.0,10.0,10.0,0.0
2012-11-26,10.0,10.0,10.0,10.0,0.0
2012-11-27,10.0,10.0,10.0,10.0,0.0
2012-11-28,10.5,10.5,10.5,10.5,100.0
2012-11-29,10.5,10.5,10.5,10.5,0.0
2012-11-30,10.5,10.5,10.5,10.5,0.0
2012-12-03,10.5,10.5,10.5,10.5,0.0
2012-12-04,10.5,10.5,10.5,10.5,0.0
2012-12-05,10.5,10.5,10.5,10.5,0.0
2012-12-06,10.5,10.5,10.5,10.5,0.0
2012-12-07,10.5,10.5,10.5,10.5,0.0
2012-12-10,10.5,10.5,10.5,10.5,0.0
2012-12-11,10.5,10.5,10.5,10.5,0.0
2012-12-12,10.5,10.5,10.5,10.5,0.0
2012-12-13,10.5,10.5,10.5,10.5,0.0
2012-12-14,10.5,10.5,10.5,10.5,0.0
2012-12-17,10.5,10.5,10.5,10.5,0.0
2012-12-18,10.5,10.5,10.5,10.5,0.0
2012-12-19,10.5,10.5,10.5,10.5,0.0
2012-12-20,10.5,10.5,10.5,10.5,0.0
2012-12-21,10.5,10.5,10.5,10.5,0.0
2012-12-24,10.5,10.5,10.5,10.5,0.0
2012-12-26,10.5,10.5,10.5,10.5,0.0
2012-12-27,10.0,10.5,10.0,10.5,200.0
2012-12-28,10.0,10.5,10.0,10.5,0.0
2012-12-31,10.0,10.5,10.0,10.5,0.0
2013-01-02,10.0,10.5,10.0,10.5,0.0
2013-01-03,10.0,10.5,10.0,10.5,0.0
2013-01-04,10.0,10.5,10.0,10.5,0.0
2013-01-07,10.0,10.5,10.0,10.5,0.0
2013-01-08,10.0,10.5,10.0,10.5,0.0
2013-01-09,10.0,10.5,10.0,10.5,0.0
2013-01-10,10.0,10.5,10.0,10.5,0.0
2013-01-11,10.0,10.5,10.0,10.5,0.0
2013-01-14,10.0,10.5,10.0,10.5,0.0
2013-01-15,10.0,10.5,10.0,10.5,0.0
2013-01-16,10.0,10.5,10.0,10.5,0.0
2013-01-17,10.0,10.5,10.0,10.5,0.0
2013-01-18,10.0,10.5,10.0,10.5,0.0
2013-01-22,10.0,10.5,10.0,10.5,0.0
2013-01-23,10.5,10.5,10.5,10.5,200.0
2013-01-24,10.5,10.5,10.5,10.5,0.0
2013-01-25,10.5,10.5,10.5,10.5,0.0
2013-01-28,10.5,10.5,10.5,10.5,0.0
2013-01-29,10.5,10.5,10.5,10.5,0.0
2013-01-30,10.5,10.5,10.5,10.5,0.0
2013-01-31,10.5,10.5,10.5,10.5,0.0
2013-02-01,10.5,10.5,10.5,10.5,0.0
2013-02-04,10.5,10.5,10.5,10.5,0.0
2013-02-05,10.5,10.5,10.5,10.5,100.0
2013-02-06,10.5,10.5,10.5,10.5,0.0
2013-02-07,10.5,10.5,10.5,10.5,0.0
2013-02-08,10.5,10.5,10.5,10.5,0.0
2013-02-11,10.5,10.5,10.5,10.5,0.0
2013-02-12,10.5,10.5,10.5,10.5,200.0
2013-02-13,10.5,10.5,10.5,10.5,0.0
2013-02-14,10.5,10.5,10.5,10.5,0.0
2013-02-15,10.5,10.5,10.5,10.5,0.0
2013-02-19,10.5,10.5,10.5,10.5,0.0
2013-02-20,10.5,10.5,10.5,10.5,0.0
2013-02-21,10.5,10.5,10.5,10.5,0.0
2013-02-22,10.5,10.5,10.5,10.5,0.0
2013-02-25,10.5,10.5,10.5,10.5,0.0
2013-02-26,10.5,10.5,10.5,10.5,0.0
2013-02-27,10.5,10.5,10.5,10.5,0.0
2013-02-28,10.5,10.5,10.5,10.5,0.0
2013-03-01,10.5,10.5,10.5,10.5,0.0
2013-03-04,10.5,10.5,10.5,10.5,0.0
2013-03-05,10.35,10.35,10.35,10.35,100.0
2013-03-06,10.35,10.35,10.35,10.35,0.0
2013-03-07,10.35,10.35,10.35,10.35,0.0
2013-03-08,10.35,10.35,10.35,10.35,0.0
2013-03-11,10.35,10.35,10.35,10.35,0.0
2013-03-12,10.35,10.35,10.35,10.35,0.0
2013-03-13,10.35,10.35,10.35,10.35,0.0
2013-03-14,10.35,10.35,10.35,10.35,900.0
2013-03-15,10.35,10.35,10.35,10.35,0.0
2013-03-18,10.35,10.35,10.35,10.35,0.0
2013-03-19,10.35,10.35,10.35,10.35,0.0
2013-03-20,10.35,10.35,10.35,10.35,0.0
2013-03-21,10.35,10.5,10.35,10.5,6400.0
2013-03-22,10.35,10.5,10.35,10.5,0.0
2013-03-25,10.5,10.5,10.5,10.5,700.0
2013-03-26,10.5,10.5,10.5,10.5,0.0
2013-03-27,10.5,10.5,10.5,10.5,0.0
2013-03-28,10.5,10.5,10.5,10.5,0.0
2013-04-01,11.0,11.0,10.5,10.5,525.0
2013-04-02,11.0,11.0,10.5,10.5,0.0
2013-04-03,11.0,11.0,10.5,10.5,0.0
2013-04-04,11.0,11.0,10.5,10.5,0.0
2013-04-05,10.5,10.5,10.5,10.5,2300.0
2013-04-08,10.5,10.5,10.5,10.5,0.0
2013-04-09,10.0,10.0,10.0,10.0,500.0
2013-04-10,10.0,10.0,10.0,10.0,500.0
2013-04-11,10.0,10.0,10.0,10.0,0.0
2013-04-12,10.0,10.0,10.0,10.0,0.0
2013-04-15,10.0,10.0,10.0,10.0,0.0
2013-04-16,10.0,10.0,10.0,10.0,0.0
2013-04-17,10.0,10.0,10.0,10.0,0.0
2013-04-18,10.0,10.0,10.0,10.0,0.0
2013-04-19,10.0,10.0,10.0,10.0,0.0
2013-04-22,10.0,10.0,10.0,10.0,0.0
2013-04-23,10.0,10.0,10.0,10.0,0.0
2013-04-24,10.0,10.0,10.0,10.0,0.0
2013-04-25,10.0,10.0,10.0,10.0,0.0
2013-04-26,10.0,10.0,10.0,10.0,0.0
2013-04-29,10.0,10.0,10.0,10.0,0.0
2013-04-30,10.0,10.0,10.0,10.0,0.0
2013-05-01,10.0,10.0,10.0,10.0,0.0
2013-05-02,9.55,9.55,9.55,9.55,106.0
2013-05-03,9.55,9.55,9.55,9.55,0.0
2013-05-06,9.55,9.55,9.55,9.55,0.0
2013-05-07,9.55,9.55,9.55,9.55,0.0
2013-05-08,9.55,9.55,9.55,9.55,0.0
2013-05-09,9.55,9.55,9.55,9.55,0.0
2013-05-10,9.55,9.55,9.55,9.55,0.0
2013-05-13,10.5,10.5,10.5,10.5,300.0
2013-05-14,10.5,10.5,10.5,10.5,0.0
2013-05-15,10.5,10.5,10.5,10.5,3094.0
2013-05-16,10.5,10.5,10.5,10.5,0.0
2013-05-17,10.5,10.5,10.5,10.5,0.0
2013-05-20,10.5,10.5,10.5,10.5,0.0
2013-05-21,10.5,10.5,10.5,10.5,0.0
2013-05-22,10.5,10.5,10.5,10.5,0.0
2013-05-23,10.5,10.5,10.5,10.5,1000.0
2013-05-24,10.0,10.0,10.0,10.0,100.0
2013-05-28,10.0,10.0,10.0,10.0,0.0
2013-05-29,10.0,10.0,10.0,10.0,0.0
2013-05-30,10.0,10.0,10.0,10.0,0.0
2013-05-31,10.0,10.0,10.0,10.0,0.0
2013-06-03,9.99,9.99,9.99,9.99,100.0
2013-06-04,9.99,9.99,9.99,9.99,0.0
2013-06-05,10.0,10.0,10.0,10.0,1500.0
2013-06-06,10.0,10.0,10.0,10.0,0.0
2013-06-07,10.0,10.0,10.0,10.0,0.0
2013-06-10,10.0,10.0,10.0,10.0,200.0
2013-06-11,10.0,10.0,10.0,10.0,0.0
2013-06-12,10.0,10.0,10.0,10.0,100.0
2013-06-13,10.0,10.0,10.0,10.0,0.0
2013-06-14,10.0,10.0,10.0,10.0,0.0
2013-06-17,10.0,10.0,10.0,10.0,0.0
2013-06-18,10.0,10.0,10.0,10.0,0.0
2013-06-19,10.0,10.0,10.0,10.0,0.0
2013-06-20,10.0,10.0,10.0,10.0,0.0
2013-06-21,10.0,10.0,10.0,10.0,0.0
2013-06-24,10.0,10.0,10.0,10.0,0.0
2013-06-25,10.0,10.0,10.0,10.0,0.0
2013-06-26,10.0,10.0,10.0,10.0,0.0
2013-06-27,10.0,10.0,10.0,10.0,0.0
2013-06-28,10.0,10.0,10.0,10.0,0.0
2013-07-01,10.0,10.0,10.0,10.0,0.0
2013-07-02,10.0,10.0,10.0,10.0,0.0
2013-07-03,10.0,10.0,10.0,10.0,0.0
2013-07-05,10.0,10.0,10.0,10.0,0.0
2013-07-08,10.0,10.0,10.0,10.0,0.0
2013-07-09,10.0,10.0,10.0,10.0,0.0
2013-07-10,10.0,10.0,10.0,10.0,0.0
2013-07-11,9.6,9.6,9.6,9.6,100.0
2013-07-12,9.5,9.5,9.5,9.5,100.0
2013-07-15,9.5,9.5,9.5,9.5,0.0
2013-07-23,9.75,9.75,9.75,9.75,100.0
2013-07-24,9.75,9.75,9.75,9.75,0.0
2013-07-25,9.75,9.75,9.75,9.75,0.0
2013-07-26,9.75,9.75,9.75,9.75,0.0
2013-07-29,9.75,9.75,9.75,9.75,0.0
2013-07-30,9.75,9.75,9.75,9.75,0.0
2013-07-31,9.75,9.75,9.75,9.75,0.0
2013-08-01,9.75,9.75,9.75,9.75,0.0
2013-08-02,9.8,9.8,9.8,9.8,100.0
2013-08-05,9.8,9.8,9.8,9.8,0.0
2013-08-06,9.8,9.8,9.8,9.8,0.0
2013-08-07,9.8,9.8,9.8,9.8,0.0
2013-08-08,9.8,9.8,9.8,9.8,0.0
2013-08-09,9.8,9.8,9.8,9.8,0.0
2013-08-12,9.8,9.8,9.8,9.8,0.0
2013-08-13,9.8,9.8,9.8,9.8,0.0
2013-08-14,9.8,9.8,9.8,9.8,0.0
2013-08-15,9.8,9.8,9.8,9.8,0.0
2013-08-16,9.8,9.8,9.8,9.8,0.0
2013-08-19,10.5,10.5,10.5,10.5,100.0
2013-08-20,10.5,10.5,10.5,10.5,0.0
2013-08-21,10.5,10.5,10.5,10.5,0.0
2013-08-22,10.5,10.5,10.5,10.5,0.0
2013-08-23,10.5,10.5,10.5,10.5,0.0
2013-08-26,10.5,10.5,10.5,10.5,0.0
2013-08-27,10.5,10.5,10.5,10.5,0.0
2013-08-28,10.5,10.5,10.5,10.5,0.0
2013-08-29,11.0,11.0,11.0,11.0,5400.0
2013-08-30,11.0,11.0,11.0,11.0,0.0
2013-09-03,11.0,11.0,11.0,11.0,5000.0
2013-09-04,11.0,11.0,11.0,11.0,0.0
2013-09-05,11.0,11.0,11.0,11.0,0.0
2013-09-06,14.49,18.0,14.0,14.0,1000.0
2013-09-09,14.49,18.0,14.0,14.0,0.0
2013-09-10,14.49,18.0,14.0,14.0,0.0
2013-09-11,14.49,18.0,14.0,14.0,0.0
2013-09-12,14.49,18.0,14.0,14.0,0.0
2013-09-13,14.49,18.0,14.0,14.0,0.0
2013-09-16,14.49,18.0,14.0,14.0,0.0
2013-09-17,14.0,14.0,14.0,14.0,100.0
2013-09-18,14.0,14.0,14.0,14.0,0.0
2013-09-19,14.0,14.0,14.0,14.0,0.0
2013-09-20,14.0,14.0,14.0,14.0,0.0
2013-09-23,14.0,14.0,14.0,14.0,0.0
2013-09-24,14.0,14.0,14.0,14.0,0.0
2013-09-25,14.0,14.0,14.0,14.0,0.0
2013-09-26,14.0,14.0,14.0,14.0,0.0
2013-09-27,14.0,14.0,14.0,14.0,0.0
2013-09-30,14.0,14.0,14.0,14.0,0.0
2013-10-01,14.0,14.0,14.0,14.0,0.0
2013-10-02,14.0,14.0,14.0,14.0,0.0
2013-10-03,14.0,14.0,14.0,14.0,0.0
2013-10-04,14.0,14.0,14.0,14.0,0.0
2013-10-07,14.0,14.0,14.0,14.0,0.0
2013-10-08,14.0,14.0,14.0,14.0,0.0
2013-10-09,14.0,14.0,14.0,14.0,0.0
2013-10-10,14.0,14.0,14.0,14.0,0.0
2013-10-11,14.0,14.0,14.0,14.0,0.0
2013-10-14,14.0,14.0,14.0,14.0,0.0
2013-10-15,14.0,14.0,14.0,14.0,0.0
2013-10-16,14.0,14.0,14.0,14.0,0.0
2013-10-17,14.0,14.0,14.0,14.0,0.0
2013-10-18,14.0,14.0,14.0,14.0,0.0
2013-10-21,14.0,14.0,14.0,14.0,0.0
2013-10-22,14.0,14.0,14.0,14.0,0.0
2013-10-23,14.0,14.0,14.0,14.0,0.0
2013-10-24,14.0,14.0,14.0,14.0,0.0
2013-10-25,14.0,14.0,14.0,14.0,0.0
2013-10-28,14.0,14.0,14.0,14.0,0.0
2013-10-29,14.0,14.0,14.0,14.0,0.0
2013-10-30,14.0,14.0,14.0,14.0,0.0
2013-10-31,14.0,14.0,14.0,14.0,0.0
2013-11-01,14.0,14.0,14.0,14.0,0.0
2013-11-04,14.0,14.0,14.0,14.0,0.0
2013-11-05,14.0,14.0,14.0,14.0,0.0
2013-11-06,14.0,14.0,14.0,14.0,0.0
2013-11-07,14.0,14.0,14.0,14.0,0.0
2013-11-08,14.0,14.0,14.0,14.0,0.0
2013-11-11,14.0,14.0,14.0,14.0,0.0
2013-11-12,14.0,14.0,14.0,14.0,0.0
2013-11-13,14.0,14.0,14.0,14.0,0.0
2013-11-14,14.0,14.0,14.0,14.0,0.0
2013-11-15,14.0,14.0,14.0,14.0,0.0
2013-11-18,14.0,14.0,14.0,14.0,0.0
2013-11-19,15.0,15.25,15.0,15.25,694.0
2013-11-20,15.0,15.25,15.0,15.25,0.0
2013-11-21,15.0,15.25,15.0,15.25,0.0
2013-11-22,15.0,15.25,15.0,15.25,100.0
2013-11-25,15.0,15.25,15.0,15.25,0.0
2013-11-26,15.0,15.25,15.0,15.25,0.0
2013-11-27,15.0,15.25,15.0,15.25,0.0
2013-11-29,15.0,15.25,15.0,15.25,0.0
2013-12-02,13.0,13.0,13.0,13.0,200.0
2013-12-03,12.0,12.0,12.0,12.0,100.0
2013-12-04,12.0,12.0,12.0,12.0,0.0
2013-12-05,12.0,12.0,12.0,12.0,0.0
2013-12-06,12.0,12.0,12.0,12.0,0.0
2013-12-09,12.0,12.0,12.0,12.0,0.0
2013-12-10,12.0,12.0,12.0,12.0,0.0
2013-12-11,12.0,12.0,12.0,12.0,0.0
2013-12-12,12.0,12.0,12.0,12.0,0.0
2013-12-13,12.0,12.0,12.0,12.0,100.0
2013-12-16,12.0,12.0,12.0,12.0,0.0
2013-12-17,12.0,12.0,12.0,12.0,0.0
2013-12-18,12.0,12.0,12.0,12.0,0.0
2013-12-19,12.0,12.0,12.0,12.0,0.0
2013-12-20,12.0,12.0,12.0,12.0,0.0
2013-12-23,12.0,12.0,12.0,12.0,0.0
2013-12-24,12.0,12.0,12.0,12.0,0.0
2013-12-26,12.0,12.0,12.0,12.0,0.0
2013-12-27,12.0,12.0,12.0,12.0,0.0
2013-12-30,12.0,12.0,12.0,12.0,0.0
2013-12-31,12.0,12.0,12.0,12.0,0.0
2014-01-02,12.0,12.0,12.0,12.0,0.0
2014-01-03,12.0,12.0,12.0,12.0,0.0
2014-01-06,12.0,12.0,12.0,12.0,650.0
2014-01-07,12.0,12.0,12.0,12.0,300.0
2014-01-08,12.0,12.0,12.0,12.0,0.0
2014-01-09,12.49,12.49,12.49,12.49,100.0
2014-01-10,12.49,12.49,12.49,12.49,0.0
2014-01-13,12.49,12.49,12.49,12.49,0.0
2014-01-14,12.49,12.49,12.49,12.49,0.0
2014-01-15,12.49,12.49,12.49,12.49,0.0
2014-01-16,12.2,12.4,12.2,12.4,225.0
2014-01-17,12.2,12.4,12.2,12.4,0.0
2014-01-21,12.2,12.4,12.2,12.4,0.0
2014-01-22,12.2,12.4,12.2,12.4,0.0
2014-01-23,12.2,12.4,12.2,12.4,50.0
2014-01-24,12.2,12.4,12.2,12.4,0.0
2014-01-27,12.2,12.4,12.2,12.4,0.0
2014-01-28,12.2,12.4,12.2,12.4,0.0
2014-01-29,12.2,12.4,12.2,12.4,0.0
2014-01-30,12.2,12.4,12.2,12.4,0.0
2014-01-31,12.2,12.4,12.2,12.4,0.0
2014-02-03,12.2,12.4,12.2,12.4,0.0
2014-02-04,12.2,12.4,12.2,12.4,0.0
2014-02-05,12.2,12.4,12.2,12.4,0.0
2014-02-06,12.2,12.4,12.2,12.4,0.0
2014-02-07,12.2,12.4,12.2,12.4,0.0
2014-02-10,12.2,12.4,12.2,12.4,0.0
2014-02-11,12.2,12.4,12.2,12.4,0.0
2014-02-12,12.2,12.4,12.2,12.4,0.0
2014-02-13,12.2,12.4,12.2,12.4,0.0
2014-02-14,12.2,12.4,12.2,12.4,0.0
2014-02-18,12.2,12.4,12.2,12.4,0.0
2014-02-19,12.2,12.4,12.2,12.4,0.0
2014-02-20,12.2,12.4,12.2,12.4,0.0
2014-02-21,12.2,12.4,12.2,12.4,0.0
2014-02-24,13.06,13.06,13.06,13.06,775.0
2014-02-25,14.0,14.0,14.0,14.0,500.0
2014-02-26,14.0,14.0,14.0,14.0,0.0
2014-02-27,14.0,14.0,14.0,14.0,0.0
2014-02-28,14.0,14.0,14.0,14.0,0.0
2014-03-03,14.0,14.0,14.0,14.0,0.0
2014-03-04,14.0,14.0,14.0,14.0,0.0
2014-03-05,14.0,14.0,14.0,14.0,0.0
2014-03-06,14.0,14.0,14.0,14.0,0.0
2014-03-07,14.01,14.01,14.01,14.01,225.0
2014-03-10,14.01,14.01,14.01,14.01,0.0
2014-03-11,14.01,14.01,14.01,14.01,0.0
2014-03-12,14.01,14.01,14.01,14.01,0.0
2014-03-13,14.0,14.0,14.0,14.0,375.0
2014-03-14,14.1,14.1,14.1,14.1,300.0
2014-03-17,14.1,14.1,14.1,14.1,0.0
2014-03-18,14.1,14.1,14.1,14.1,0.0
2014-03-19,14.2,14.2,14.2,14.2,4100.0
2014-03-20,14.11,14.29,14.11,14.29,9125.0
2014-03-21,14.29,14.29,14.29,14.29,0.0
2014-03-24,15.0,15.0,15.0,15.0,500.0
2014-03-25,15.0,15.0,15.0,15.0,0.0
2014-03-26,15.99,15.99,15.99,15.99,200.0
2014-03-27,15.99,15.99,15.99,15.99,0.0
2014-03-28,15.99,15.99,15.99,15.99,0.0
2014-03-31,15.99,15.99,15.99,15.99,0.0
2014-04-01,15.99,15.99,15.99,15.99,0.0
2014-04-02,15.99,15.99,15.99,15.99,0.0
2014-04-03,15.99,15.99,15.99,15.99,0.0
2014-04-04,15.25,15.25,15.25,15.25,3125.0
2014-04-07,15.25,15.25,15.25,15.25,0.0
2014-04-08,15.25,15.25,15.25,15.25,0.0
2014-04-09,15.25,15.25,15.25,15.25,0.0
2014-04-10,15.25,15.25,15.25,15.25,0.0
2014-04-11,15.25,15.25,15.25,15.25,0.0
2014-04-14,15.25,15.25,15.25,15.25,0.0
2014-04-15,15.25,15.25,15.25,15.25,0.0
2014-04-16,15.25,15.25,15.25,15.25,0.0
2014-04-17,15.25,15.25,15.25,15.25,0.0
2014-04-21,15.25,15.25,15.25,15.25,0.0
2014-04-22,15.25,15.25,15.25,15.25,0.0
2014-04-23,15.25,15.25,15.25,15.25,0.0
2014-04-24,15.25,15.25,15.25,15.25,0.0
2014-04-25,15.25,15.25,15.25,15.25,0.0
2014-04-28,15.25,15.25,15.25,15.25,0.0
2014-04-29,15.25,15.25,15.25,15.25,0.0
2014-04-30,15.25,15.25,15.25,15.25,0.0
2014-05-01,15.25,15.25,15.25,15.25,0.0
2014-05-02,15.3,15.3,15.3,15.3,500.0
2014-05-05,15.3,15.3,15.3,15.3,0.0
2014-05-06,15.3,15.3,15.3,15.3,0.0
2014-05-07,15.3,15.3,15.3,15.3,0.0
2014-05-08,15.3,15.3,15.3,15.3,0.0
2014-05-09,15.3,15.3,15.3,15.3,0.0
2014-05-12,15.3,15.3,15.3,15.3,0.0
2014-05-13,15.3,15.3,15.3,15.3,0.0
2014-05-14,15.3,15.3,15.3,15.3,0.0
2014-05-15,15.3,15.3,15.3,15.3,0.0
2014-05-16,15.3,15.3,15.3,15.3,0.0
2014-05-19,15.3,15.3,15.3,15.3,0.0
2014-05-20,15.3,15.3,15.3,15.3,0.0
2014-05-21,15.3,15.3,15.3,15.3,0.0
2014-05-22,15.3,15.3,15.3,15.3,0.0
2014-05-23,15.3,15.3,15.3,15.3,0.0
2014-05-27,15.3,15.3,15.3,15.3,0.0
2014-05-28,15.3,15.3,15.3,15.3,0.0
2014-05-29,15.3,15.3,15.3,15.3,0.0
2014-05-30,15.3,15.3,15.3,15.3,0.0
2014-06-02,15.3,15.3,15.3,15.3,0.0
2014-06-03,15.3,15.3,15.3,15.3,0.0
2014-06-04,15.3,15.3,15.3,15.3,0.0
2014-06-05,15.3,15.3,15.3,15.3,0.0
2014-06-06,15.3,15.3,15.3,15.3,0.0
2014-06-09,15.3,15.3,15.3,15.3,0.0
2014-06-10,15.3,15.3,15.3,15.3,0.0
2014-06-11,15.3,15.3,15.3,15.3,20.0
2014-06-12,15.3,15.3,15.3,15.3,0.0
2014-06-13,15.3,15.3,15.3,15.3,0.0
2014-06-16,15.3,15.3,15.3,15.3,0.0
2014-06-17,15.3,15.3,15.3,15.3,0.0
2014-06-18,15.3,15.3,15.3,15.3,0.0
2014-06-19,15.3,15.3,15.3,15.3,0.0
2014-06-20,15.3,15.3,15.3,15.3,0.0
2014-06-23,15.3,15.3,15.3,15.3,0.0
2014-06-24,15.3,15.3,15.3,15.3,0.0
2014-06-25,15.3,15.3,15.3,15.3,0.0
2014-06-26,15.3,15.3,15.3,15.3,0.0
2014-06-27,15.3,15.3,15.3,15.3,0.0
2014-06-30,15.3,15.3,15.3,15.3,0.0
2014-07-01,15.3,15.3,15.3,15.3,0.0
2014-07-02,15.3,15.3,15.3,15.3,0.0
2014-07-03,15.3,15.3,15.3,15.3,0.0
2014-07-07,15.3,15.3,15.3,15.3,0.0
2014-07-08,15.3,15.3,15.3,15.3,0.0
2014-07-09,16.0,16.0,16.0,16.0,100.0
2014-07-10,16.0,16.0,16.0,16.0,0.0
2014-07-11,16.0,16.0,16.0,16.0,60.0
2014-07-14,16.0,16.0,16.0,16.0,0.0
2014-07-15,16.0,16.0,16.0,16.0,0.0
2014-07-16,16.0,16.0,16.0,16.0,0.0
2014-07-17,16.0,16.0,16.0,16.0,0.0
2014-07-18,16.01,16.17,16.01,16.17,2480.0
2014-07-21,16.01,16.17,16.01,16.17,0.0
2014-07-22,16.01,16.17,16.01,16.17,0.0
2014-07-23,16.01,16.17,16.01,16.17,0.0
2014-07-24,16.01,16.17,16.01,16.17,0.0
2014-07-25,16.01,16.17,16.01,16.17,0.0
2014-07-28,16.01,16.17,16.01,16.17,0.0
2014-07-29,16.01,16.17,16.01,16.17,0.0
2014-07-30,16.01,16.17,16.01,16.17,0.0
2014-07-31,16.01,16.17,16.01,16.17,0.0
2014-08-01,16.01,16.17,16.01,16.17,0.0
2014-08-04,16.01,16.17,16.01,16.17,0.0
2014-08-05,16.01,16.17,16.01,16.17,0.0
2014-08-06,16.01,16.17,16.01,16.17,0.0
2014-08-07,16.01,16.17,16.01,16.17,0.0
2014-08-08,16.01,16.17,16.01,16.17,0.0
2014-08-11,16.01,16.17,16.01,16.17,0.0
2014-08-12,16.01,16.17,16.01,16.17,0.0
2014-08-13,16.01,16.17,16.01,16.17,0.0
2014-08-14,16.01,16.17,16.01,16.17,0.0
2014-08-15,16.17,16.17,16.17,16.17,0.0
2014-08-18,16.01,16.17,16.01,16.17,0.0
2014-08-19,16.01,16.17,16.01,16.17,0.0
2014-08-20,16.01,16.17,16.01,16.17,0.0
2014-08-21,16.01,16.17,16.01,16.17,0.0
2014-08-22,16.9,16.9,16.9,16.9,100.0
2014-08-25,16.9,16.9,16.9,16.9,0.0
2014-08-26,16.9,16.9,16.9,16.9,0.0
2014-08-27,16.9,16.9,16.9,16.9,0.0
2014-08-28,16.9,16.9,16.9,16.9,0.0
2014-08-29,16.9,16.9,16.9,16.9,201.0
2014-09-02,16.9,16.9,16.9,16.9,0.0
2014-09-03,17.0,17.0,17.0,17.0,825.0
2014-09-04,17.0,17.0,17.0,17.0,0.0
2014-09-05,17.0,17.0,17.0,17.0,0.0
2014-09-08,17.0,17.0,17.0,17.0,0.0
2014-09-09,17.0,17.0,17.0,17.0,0.0
2014-09-10,17.0,17.0,17.0,17.0,0.0
2014-09-11,17.0,17.0,17.0,17.0,0.0
2014-09-12,17.0,17.0,17.0,17.0,0.0
2014-09-15,17.0,17.0,17.0,17.0,0.0
2014-09-16,17.0,17.0,17.0,17.0,0.0
2014-09-17,17.0,17.0,17.0,17.0,0.0
2014-09-18,17.0,17.0,17.0,17.0,0.0
2014-09-19,17.0,17.0,17.0,17.0,0.0
2014-09-22,17.0,17.0,17.0,17.0,0.0
2014-09-23,17.0,17.0,17.0,17.0,0.0
2014-09-24,17.0,17.0,17.0,17.0,0.0
2014-09-25,17.0,17.0,17.0,17.0,0.0
2014-09-26,17.0,17.0,17.0,17.0,0.0
2014-09-29,17.0,17.0,17.0,17.0,0.0
2014-09-30,17.0,17.0,17.0,17.0,0.0
2014-10-01,17.0,17.0,17.0,17.0,0.0
2014-10-02,17.0,17.0,17.0,17.0,0.0
2014-10-03,17.0,17.0,17.0,17.0,0.0
2014-10-06,17.0,17.0,17.0,17.0,0.0
2014-10-07,17.0,17.0,17.0,17.0,0.0
2014-10-08,17.0,17.0,17.0,17.0,0.0
2014-10-09,17.0,17.0,17.0,17.0,0.0
2014-10-10,17.0,17.0,17.0,17.0,0.0
2014-10-13,17.0,17.0,17.0,17.0,0.0
2014-10-14,17.0,17.0,17.0,17.0,0.0
2014-10-15,17.25,17.25,17.25,17.25,1512.0
2014-10-16,17.25,17.25,17.25,17.25,0.0
2014-10-17,17.25,17.25,17.25,17.25,0.0
2014-10-20,17.25,17.25,17.25,17.25,0.0
2014-10-21,18.0,18.0,18.0,18.0,200.0
2014-10-22,18.0,18.0,18.0,18.0,0.0
2014-10-23,18.0,18.0,18.0,18.0,0.0
2014-10-24,18.0,18.0,18.0,18.0,0.0
2014-10-27,18.0,18.0,18.0,18.0,0.0
2014-10-28,18.0,18.0,18.0,18.0,0.0
2014-10-29,18.0,18.0,18.0,18.0,0.0
2014-10-30,18.0,18.0,18.0,18.0,0.0
2014-10-31,18.0,18.0,18.0,18.0,0.0
2014-11-03,18.0,18.0,18.0,18.0,0.0
2014-11-04,18.0,18.0,18.0,18.0,0.0
2014-11-05,18.0,18.0,18.0,18.0,225.0
2014-11-06,18.0,18.0,18.0,18.0,0.0
2014-11-07,18.0,18.0,18.0,18.0,50.0
2014-11-10,18.0,18.0,18.0,18.0,0.0
2014-11-11,18.0,18.0,18.0,18.0,300.0
2014-11-12,18.0,18.0,18.0,18.0,0.0
2014-11-13,18.0,18.0,18.0,18.0,0.0
2014-11-14,18.0,18.0,18.0,18.0,0.0
2014-11-17,18.0,18.0,18.0,18.0,0.0
2014-11-18,18.2,18.2,18.2,18.2,350.0
2014-11-19,18.2,18.2,18.2,18.2,0.0
2014-11-20,18.2,18.2,18.2,18.2,100.0
2014-11-21,18.2,18.2,18.2,18.2,0.0
2014-11-24,18.2,18.2,18.2,18.2,0.0
2014-11-25,18.2,18.2,18.2,18.2,0.0
2014-11-26,18.2,18.2,18.2,18.2,0.0
2014-11-28,18.2,18.2,18.2,18.2,0.0
2014-12-01,18.2,18.2,18.2,18.2,0.0
2014-12-02,18.2,18.2,18.2,18.2,100.0
2014-12-03,18.2,18.2,18.2,18.2,0.0
2014-12-04,18.2,18.2,18.2,18.2,6.0
2014-12-05,18.2,18.2,18.2,18.2,0.0
2014-12-08,18.2,18.2,18.2,18.2,0.0
2014-12-09,18.2,18.2,18.2,18.2,0.0
2014-12-10,18.2,18.2,18.2,18.2,0.0
2014-12-11,18.2,18.2,18.2,18.2,0.0
2014-12-12,18.2,18.2,18.2,18.2,0.0
2014-12-15,18.2,18.2,18.2,18.2,0.0
2014-12-16,18.2,18.2,18.2,18.2,0.0
2014-12-17,18.2,18.2,18.2,18.2,0.0
2014-12-18,18.2,18.2,18.2,18.2,0.0
2014-12-19,18.2,18.2,18.2,18.2,0.0
2014-12-22,18.2,18.2,18.2,18.2,0.0
2014-12-23,18.2,18.2,18.2,18.2,0.0
2014-12-24,18.2,18.2,18.2,18.2,0.0
2014-12-26,18.2,18.2,18.2,18.2,0.0
2014-12-29,18.2,18.2,18.2,18.2,0.0
2014-12-30,18.2,18.2,18.2,18.2,0.0
2014-12-31,18.2,18.2,18.2,18.2,0.0
2015-01-02,18.2,18.2,18.2,18.2,0.0
2015-01-05,17.4,17.4,14.4,14.4,1173.0
2015-01-06,15.0,15.0,15.0,15.0,450.0
2015-01-07,15.0,15.0,15.0,15.0,0.0
2015-01-08,15.0,15.0,15.0,15.0,0.0
2015-01-09,15.0,15.0,15.0,15.0,0.0
2015-01-12,15.0,15.0,15.0,15.0,0.0
2015-01-13,14.76,14.76,14.76,14.76,120.0
2015-01-14,14.76,14.76,14.76,14.76,0.0
2015-01-15,14.76,14.76,14.76,14.76,0.0
2015-01-16,14.76,14.76,14.76,14.76,0.0
2015-01-20,14.76,14.76,14.76,14.76,0.0
2015-01-21,14.76,14.76,14.76,14.76,0.0
2015-01-22,14.76,14.76,14.76,14.76,0.0
2015-01-23,14.76,14.76,14.76,14.76,0.0
2015-01-26,14.76,14.76,14.76,14.76,0.0
2015-01-27,14.76,14.76,14.76,14.76,0.0
2015-01-28,14.76,14.76,14.76,14.76,0.0
2015-01-29,14.76,14.76,14.76,14.76,0.0
2015-01-30,16.0,16.0,16.0,16.0,200.0
2015-02-02,16.0,16.0,16.0,16.0,0.0
2015-02-03,16.0,16.0,16.0,16.0,0.0
2015-02-04,16.0,16.0,16.0,16.0,0.0
2015-02-05,16.0,16.0,16.0,16.0,0.0
2015-02-06,16.0,16.0,16.0,16.0,0.0
2015-02-09,16.0,16.0,16.0,16.0,0.0
2015-02-10,16.0,16.0,16.0,16.0,0.0
2015-02-11,16.0,16.0,16.0,16.0,0.0
2015-02-12,16.0,16.0,16.0,16.0,50.0
2015-02-13,16.0,16.0,16.0,16.0,0.0
2015-02-17,16.0,16.0,16.0,16.0,0.0
2015-02-18,16.0,16.0,16.0,16.0,0.0
2015-02-19,16.0,16.0,16.0,16.0,0.0
2015-02-20,16.0,16.0,16.0,16.0,0.0
2015-02-23,16.0,16.0,16.0,16.0,0.0
2015-02-24,16.0,16.0,16.0,16.0,0.0
2015-02-25,16.0,16.0,16.0,16.0,0.0
2015-02-26,16.0,16.0,16.0,16.0,0.0
2015-02-27,16.0,16.0,16.0,16.0,0.0
2015-03-02,16.0,16.0,16.0,16.0,0.0
2015-03-03,16.0,16.0,16.0,16.0,0.0
2015-03-04,16.0,16.0,16.0,16.0,0.0
2015-03-05,16.0,16.0,16.0,16.0,0.0
2015-03-06,16.0,16.0,16.0,16.0,0.0
2015-03-09,16.0,16.0,16.0,16.0,0.0
2015-03-10,16.0,16.0,16.0,16.0,0.0
2015-03-11,16.0,16.0,16.0,16.0,0.0
2015-03-12,16.0,16.0,16.0,16.0,0.0
2015-03-13,16.0,16.0,16.0,16.0,0.0
2015-03-16,16.0,16.0,16.0,16.0,0.0
2015-03-17,16.0,16.0,16.0,16.0,0.0
2015-03-18,16.0,16.0,16.0,16.0,0.0
2015-03-19,16.0,16.0,16.0,16.0,0.0
2015-03-20,16.0,16.0,16.0,16.0,0.0
2015-03-23,16.0,16.0,16.0,16.0,0.0
2015-03-24,16.0,16.0,16.0,16.0,0.0
2015-03-25,16.0,16.0,16.0,16.0,0.0
2015-03-26,16.0,16.0,16.0,16.0,0.0
2015-03-27,16.0,16.0,16.0,16.0,0.0
2015-03-30,16.0,16.0,16.0,16.0,0.0
2015-03-31,16.0,16.0,16.0,16.0,0.0
2015-04-01,16.0,16.0,16.0,16.0,0.0
2015-04-02,16.75,16.75,16.75,16.75,200.0
2015-04-06,16.75,16.75,16.75,16.75,0.0
2015-04-07,16.75,16.75,16.75,16.75,0.0
2015-04-08,16.75,16.75,16.75,16.75,0.0
2015-04-09,16.75,16.75,16.75,16.75,0.0
2015-04-10,16.75,16.75,16.75,16.75,0.0
2015-04-13,16.75,16.75,16.75,16.75,0.0
2015-04-14,16.75,16.75,16.75,16.75,0.0
2015-04-15,16.75,16.75,16.75,16.75,0.0
2015-04-16,16.75,16.75,16.75,16.75,0.0
2015-04-17,16.75,16.75,16.75,16.75,0.0
2015-04-20,16.75,16.75,16.75,16.75,0.0
2015-04-21,16.75,16.75,16.75,16.75,0.0
2015-04-22,16.75,16.75,16.75,16.75,0.0
2015-04-23,16.75,16.75,16.75,16.75,0.0
2015-04-24,16.75,16.75,16.75,16.75,0.0
2015-04-27,16.75,16.75,16.75,16.75,0.0
2015-04-28,16.75,16.75,16.75,16.75,60.0
2015-04-29,16.75,16.75,16.75,16.75,0.0
2015-04-30,16.75,16.75,16.75,16.75,0.0
2015-05-01,16.75,16.75,16.75,16.75,0.0
2015-05-04,16.75,16.75,16.75,16.75,0.0
2015-05-05,16.75,16.75,16.75,16.75,0.0
2015-05-06,16.75,16.75,16.75,16.75,0.0
2015-05-07,16.75,16.75,16.75,16.75,0.0
2015-05-08,16.75,16.75,16.75,16.75,0.0
2015-05-11,16.75,16.75,16.75,16.75,0.0
2015-05-12,16.75,16.75,16.75,16.75,0.0
2015-05-13,16.75,16.75,16.75,16.75,0.0
2015-05-14,16.75,16.75,16.75,16.75,0.0
2015-05-15,16.75,16.75,16.75,16.75,0.0
2015-05-18,16.75,16.75,16.75,16.75,0.0
2015-05-19,16.75,16.75,16.75,16.75,0.0
2015-05-20,16.75,16.75,16.75,16.75,0.0
2015-05-21,16.75,16.75,16.75,16.75,0.0
2015-05-22,16.75,16.75,16.75,16.75,0.0
2015-05-26,16.75,16.75,16.75,16.75,0.0
2015-05-27,16.75,16.75,16.75,16.75,0.0
2015-05-28,16.75,16.75,16.75,16.75,0.0
2015-05-29,16.75,16.75,16.75,16.75,0.0
2015-06-01,16.0,16.0,16.0,16.0,100.0
2015-06-02,16.0,16.0,16.0,16.0,10.0
2015-06-03,16.0,16.0,16.0,16.0,0.0
2015-06-04,16.0,16.0,16.0,16.0,0.0
2015-06-05,16.0,16.0,16.0,16.0,0.0
2015-06-08,16.0,16.0,16.0,16.0,0.0
2015-06-09,16.0,16.0,16.0,16.0,0.0
2015-06-10,16.0,16.0,16.0,16.0,0.0
2015-06-11,16.0,16.0,16.0,16.0,0.0
2015-06-12,16.0,16.0,16.0,16.0,0.0
2015-06-15,16.0,16.0,16.0,16.0,0.0
2015-06-16,16.0,16.0,16.0,16.0,0.0
2015-06-17,16.0,16.0,16.0,16.0,0.0
2015-06-18,16.0,16.0,16.0,16.0,0.0
2015-06-19,16.0,16.0,16.0,16.0,0.0
2015-06-22,16.0,16.0,16.0,16.0,0.0
2015-06-23,16.0,16.0,16.0,16.0,0.0
2015-06-24,16.0,16.0,16.0,16.0,0.0
2015-06-25,16.0,16.0,16.0,16.0,0.0
2015-06-26,16.0,16.0,16.0,16.0,0.0
2015-06-29,16.0,16.0,16.0,16.0,0.0
2015-06-30,16.0,16.0,16.0,16.0,0.0
2015-07-01,16.0,16.0,16.0,16.0,0.0
2015-07-02,16.0,16.0,16.0,16.0,0.0
2015-07-06,16.0,16.0,16.0,16.0,0.0
2015-07-07,16.0,16.0,16.0,16.0,0.0
2015-07-08,16.0,16.0,16.0,16.0,0.0
2015-07-09,16.0,16.0,16.0,16.0,0.0
2015-07-10,16.0,16.0,16.0,16.0,0.0
2015-07-13,16.0,16.0,16.0,16.0,0.0
2015-07-14,16.0,16.0,16.0,16.0,140.0
2015-07-15,16.0,16.0,16.0,16.0,0.0
2015-07-16,16.0,16.0,16.0,16.0,0.0
2015-07-17,16.0,16.0,16.0,16.0,0.0
2015-07-20,17.0,17.0,17.0,17.0,100.0
2015-07-21,17.0,17.0,17.0,17.0,0.0
2015-07-22,17.0,17.0,17.0,17.0,0.0
2015-07-23,17.0,17.0,17.0,17.0,0.0
2015-07-24,17.0,17.0,17.0,17.0,0.0
2015-07-27,17.0,17.0,17.0,17.0,0.0
2015-07-28,17.0,17.0,17.0,17.0,0.0
2015-07-29,17.0,17.0,17.0,17.0,0.0
2015-07-30,17.0,17.0,17.0,17.0,0.0
2015-07-31,17.0,17.0,17.0,17.0,0.0
2015-08-03,17.0,17.0,17.0,17.0,0.0
2015-08-04,17.0,17.0,17.0,17.0,0.0
2015-08-05,17.0,17.0,17.0,17.0,0.0
2015-08-06,17.0,17.0,17.0,17.0,0.0
2015-08-07,17.0,17.0,17.0,17.0,0.0
2015-08-10,17.0,17.0,17.0,17.0,0.0
2015-08-11,17.0,17.0,17.0,17.0,0.0
2015-08-12,17.0,17.0,17.0,17.0,0.0
2015-08-13,17.0,17.0,17.0,17.0,0.0
2015-08-14,17.0,17.0,17.0,17.0,0.0
2015-08-17,17.0,17.0,17.0,17.0,0.0
2015-08-18,17.0,17.0,17.0,17.0,0.0
2015-08-19,16.99,16.99,16.99,16.99,300.0
2015-08-20,16.11,16.11,16.11,16.11,225.0
2015-08-21,16.11,16.11,16.11,16.11,0.0
2015-08-24,16.11,16.11,16.11,16.11,0.0
2015-08-25,16.11,16.11,16.11,16.11,0.0
2015-08-26,16.11,16.11,16.11,16.11,0.0
2015-08-27,16.11,16.11,16.11,16.11,3.0
2015-08-28,16.11,16.11,16.11,16.11,0.0
2015-08-31,16.11,16.11,16.11,16.11,0.0
2015-09-01,16.11,16.11,16.11,16.11,0.0
2015-09-02,16.11,16.11,16.11,16.11,0.0
2015-09-03,16.11,16.11,16.11,16.11,3.0
2015-09-04,16.11,16.11,16.11,16.11,0.0
2015-09-08,16.11,16.11,16.11,16.11,0.0
2015-09-09,16.11,16.11,16.11,16.11,0.0
2015-09-10,16.11,16.11,16.11,16.11,0.0
2015-09-11,16.11,16.11,16.11,16.11,0.0
2015-09-14,16.11,16.11,16.11,16.11,0.0
2015-09-15,16.11,16.11,16.11,16.11,0.0
2015-09-16,16.11,16.11,16.11,16.11,0.0
2015-09-17,16.11,16.11,16.11,16.11,0.0
2015-09-18,16.11,16.11,16.11,16.11,0.0
2015-09-21,16.11,16.11,16.11,16.11,0.0
2015-09-22,16.11,16.11,16.11,16.11,0.0
2015-09-23,16.11,16.11,16.11,16.11,0.0
2015-09-24,16.11,16.11,16.11,16.11,0.0
2015-09-25,16.11,16.11,16.11,16.11,0.0
2015-09-28,16.11,16.11,16.11,16.11,0.0
2015-09-29,16.11,16.11,16.11,16.11,0.0
2015-09-30,16.11,16.11,16.11,16.11,0.0
2015-10-01,16.11,16.11,16.11,16.11,0.0
2015-10-02,15.85,15.85,15.5,15.5,500.0
2015-10-05,15.85,15.85,15.5,15.5,0.0
2015-10-06,15.85,15.85,15.5,15.5,0.0
2015-10-07,15.2,15.2,14.75,14.75,2708.0
2015-10-08,15.2,15.2,14.75,14.75,65.0
2015-10-09,15.2,15.2,14.75,14.75,0.0
2015-10-12,15.2,15.2,14.75,14.75,0.0
2015-10-13,15.2,15.2,14.75,14.75,0.0
2015-10-14,15.2,15.2,14.75,14.75,0.0
2015-10-15,15.2,15.2,14.75,14.75,0.0
2015-10-16,15.2,15.2,14.75,14.75,0.0
2015-10-19,15.2,15.2,14.75,14.75,0.0
2015-10-20,15.2,15.2,14.75,14.75,0.0
2015-10-21,15.2,15.2,14.75,14.75,0.0
2015-10-22,15.2,15.2,14.75,14.75,0.0
2015-10-23,15.75,15.75,15.75,15.75,500.0
2015-10-26,15.75,15.75,15.75,15.75,0.0
2015-10-27,15.75,15.75,15.75,15.75,0.0
2015-10-28,15.75,15.75,15.75,15.75,0.0
2015-10-29,15.75,15.75,15.75,15.75,0.0
2015-10-30,15.75,15.75,15.75,15.75,0.0
2015-11-02,15.75,15.75,15.75,15.75,0.0
2015-11-03,15.75,15.75,15.75,15.75,0.0
2015-11-04,15.75,15.75,15.75,15.75,0.0
2015-11-05,15.75,15.75,15.75,15.75,0.0
2015-11-06,16.25,16.25,16.25,16.25,1000.0
2015-11-09,16.25,16.25,16.25,16.25,0.0
2015-11-10,16.25,16.25,16.25,16.25,0.0
2015-11-11,17.0,17.0,17.0,17.0,134.0
2015-11-12,17.0,17.0,17.0,17.0,0.0
2015-11-13,17.0,17.0,17.0,17.0,0.0
2015-11-16,17.0,17.0,17.0,17.0,0.0
2015-11-17,17.0,17.0,17.0,17.0,62.0
2015-11-18,17.0,17.0,17.0,17.0,62.0
2015-11-19,16.25,16.25,16.25,16.25,401.0
2015-11-20,16.25,16.25,16.25,16.25,100.0
2015-11-23,16.25,16.25,16.25,16.25,0.0
2015-11-24,16.25,16.25,16.25,16.25,0.0
2015-11-25,16.25,16.25,16.25,16.25,0.0
2015-11-27,16.25,16.25,16.25,16.25,0.0
2015-11-30,16.25,16.25,16.25,16.25,0.0
2015-12-01,16.25,16.25,16.25,16.25,0.0
2015-12-02,16.25,16.25,16.25,16.25,0.0
2015-12-03,16.25,16.25,16.25,16.25,0.0
2015-12-04,16.25,16.25,16.25,16.25,0.0
2015-12-07,16.25,16.25,16.25,16.25,0.0
2015-12-08,16.25,16.25,16.25,16.25,0.0
2015-12-09,16.25,16.25,16.25,16.25,0.0
2015-12-10,16.25,16.25,16.25,16.25,0.0
2015-12-11,16.25,16.25,16.25,16.25,0.0
2015-12-14,16.25,16.25,16.25,16.25,0.0
2015-12-15,16.25,16.25,16.25,16.25,0.0
2015-12-16,16.25,16.25,16.25,16.25,0.0
2015-12-17,16.25,16.25,16.25,16.25,0.0
2015-12-18,16.25,16.25,16.25,16.25,0.0
2015-12-21,16.25,16.25,16.25,16.25,0.0
2015-12-22,16.25,16.25,16.25,16.25,0.0
2015-12-23,16.25,16.25,16.25,16.25,0.0
2015-12-24,16.25,16.25,16.25,16.25,0.0
2015-12-28,16.25,16.25,16.25,16.25,0.0
2015-12-29,16.25,16.25,16.25,16.25,0.0
2015-12-30,16.25,16.25,16.25,16.25,0.0
2015-12-31,16.25,16.25,16.25,16.25,0.0
2016-01-04,16.25,16.25,16.25,16.25,0.0
2016-01-05,16.25,16.25,16.25,16.25,310.0
2016-01-06,16.25,16.25,16.25,16.25,0.0
2016-01-07,16.25,16.25,16.25,16.25,0.0
2016-01-08,16.5,16.5,16.5,16.5,135.0
2016-01-11,16.5,16.5,16.5,16.5,0.0
2016-01-12,16.5,16.5,16.5,16.5,0.0
2016-01-13,16.25,16.5,16.0,16.5,7001.0
2016-01-14,16.99,16.99,16.99,16.99,175.0
2016-01-15,16.99,16.99,16.99,16.99,0.0
2016-01-19,16.99,16.99,16.99,16.99,0.0
2016-01-20,16.99,16.99,16.99,16.99,0.0
2016-01-21,16.99,16.99,16.99,16.99,0.0
2016-01-22,16.99,16.99,16.99,16.99,0.0
2016-01-25,16.99,16.99,16.99,16.99,0.0
2016-01-26,16.99,16.99,16.99,16.99,0.0
2016-01-27,16.99,16.99,16.99,16.99,0.0
2016-01-28,16.99,16.99,16.99,16.99,0.0
2016-01-29,16.99,16.99,16.99,16.99,0.0
2016-02-01,16.99,16.99,16.99,16.99,0.0
2016-02-02,16.99,16.99,16.99,16.99,0.0
2016-02-03,16.99,16.99,16.99,16.99,0.0
2016-02-04,16.99,16.99,16.99,16.99,0.0
2016-02-05,16.99,16.99,16.99,16.99,0.0
2016-02-08,16.99,16.99,16.99,16.99,0.0
2016-02-09,16.99,16.99,16.99,16.99,0.0
2016-02-10,16.99,16.99,16.99,16.99,0.0
2016-02-11,16.99,16.99,16.99,16.99,0.0
2016-02-12,16.99,16.99,16.99,16.99,0.0
2016-02-16,16.75,16.75,16.25,16.25,375.0
2016-02-17,16.25,16.25,16.25,16.25,0.0
2016-02-18,16.25,16.25,16.25,16.25,0.0
2016-02-19,16.25,16.25,16.25,16.25,0.0
2016-02-22,16.95,16.95,16.95,16.95,325.0
2016-02-23,16.95,16.95,16.95,16.95,0.0
2016-02-24,16.95,16.95,16.95,16.95,0.0
2016-02-25,16.95,16.95,16.95,16.95,60.0
2016-02-26,16.95,16.95,16.95,16.95,0.0
2016-02-29,16.95,16.95,16.95,16.95,0.0
2016-03-01,16.95,16.95,16.95,16.95,0.0
2016-03-02,16.95,16.95,16.95,16.95,60.0
2016-03-03,16.95,16.95,16.95,16.95,0.0
2016-03-04,16.95,16.95,16.95,16.95,0.0
2016-03-07,17.1,17.1,17.1,17.1,100.0
2016-03-08,16.3,16.3,16.3,16.3,500.0
2016-03-09,16.3,16.3,16.3,16.3,0.0
2016-03-10,16.3,16.3,16.3,16.3,0.0
2016-03-11,16.3,16.3,16.3,16.3,0.0
2016-03-14,16.3,16.3,16.3,16.3,0.0
2016-03-15,16.95,16.95,16.95,16.95,100.0
2016-03-16,16.95,16.95,16.95,16.95,0.0
2016-03-17,17.0,17.1,17.0,17.1,1155.0
2016-03-18,17.1,17.1,17.1,17.1,65.0
2016-03-21,17.1,17.1,17.1,17.1,0.0
2016-03-22,17.1,17.1,17.1,17.1,0.0
2016-03-23,17.0,17.0,17.0,17.0,100.0
2016-03-24,17.0,17.0,17.0,17.0,0.0
2016-03-28,17.0,17.0,17.0,17.0,4.0
2016-03-29,16.5,16.5,16.5,16.5,100.0
2016-03-30,16.5,16.75,16.5,16.75,1135.0
2016-03-31,17.15,17.4,17.15,17.4,4286.0
2016-04-01,17.4,17.4,17.4,17.4,0.0
2016-04-04,17.4,17.4,17.4,17.4,0.0
2016-04-05,17.4,17.4,17.4,17.4,0.0
2016-04-06,17.4,17.4,17.4,17.4,0.0
2016-04-07,17.75,17.75,17.75,17.75,100.0
2016-04-08,17.7,17.7,17.7,17.7,100.0
2016-04-11,17.7,17.7,17.7,17.7,0.0
2016-04-12,17.7,17.7,17.7,17.7,0.0
2016-04-13,17.7,17.7,17.7,17.7,0.0
2016-04-14,17.7,17.7,17.7,17.7,100.0
2016-04-15,17.7,17.7,17.7,17.7,0.0
2016-04-18,17.7,17.9,17.7,17.9,300.0
2016-04-19,17.9,17.9,17.9,17.9,0.0
2016-04-20,17.9,17.9,17.9,17.9,0.0
2016-04-21,17.9,17.9,17.9,17.9,0.0
2016-04-22,17.9,17.9,17.9,17.9,0.0
2016-04-25,17.9,17.9,17.9,17.9,0.0
2016-04-26,17.9,17.9,17.9,17.9,0.0
2016-04-27,17.9,17.9,17.9,17.9,0.0
2016-04-28,17.9,17.9,17.9,17.9,0.0
2016-04-29,17.9,17.9,17.9,17.9,0.0
2016-05-02,17.9,17.9,17.9,17.9,0.0
2016-05-03,17.9,17.9,17.9,17.9,0.0
2016-05-04,17.9,17.9,17.9,17.9,0.0
2016-05-05,17.9,17.9,17.9,17.9,0.0
2016-05-06,17.9,17.9,17.9,17.9,0.0
2016-05-09,17.9,17.9,17.9,17.9,0.0
2016-05-10,17.9,17.9,17.9,17.9,0.0
2016-05-11,18.6,18.6,18.6,18.6,420.0
2016-05-12,18.6,18.6,18.6,18.6,0.0
2016-05-13,18.6,18.6,18.6,18.6,0.0
2016-05-16,18.6,18.6,18.6,18.6,0.0
2016-05-17,18.6,18.6,18.6,18.6,0.0
2016-05-18,18.6,18.6,18.6,18.6,0.0
2016-05-19,18.6,18.6,18.6,18.6,0.0
2016-05-20,18.6,18.6,18.6,18.6,0.0
2016-05-23,18.6,18.6,18.6,18.6,0.0
2016-05-24,18.6,18.6,18.6,18.6,0.0
2016-05-25,18.6,18.6,18.6,18.6,0.0
2016-05-26,18.6,18.6,18.6,18.6,0.0
2016-05-27,18.6,18.6,18.6,18.6,0.0
2016-05-31,18.6,18.6,18.6,18.6,0.0
2016-06-01,18.6,18.6,18.6,18.6,0.0
2016-06-02,18.6,18.6,18.6,18.6,0.0
2016-06-03,18.0,18.0,18.0,18.0,224.0
2016-06-06,18.0,18.0,18.0,18.0,0.0
2016-06-07,18.0,18.0,18.0,18.0,0.0
2016-06-08,18.0,18.0,18.0,18.0,0.0
2016-06-09,18.0,18.0,18.0,18.0,0.0
2016-06-10,18.0,18.0,18.0,18.0,0.0
2016-06-13,17.95,18.0,17.95,18.0,0.0
2016-06-14,17.95,17.95,17.95,17.95,100.0
2016-06-15,17.95,17.95,17.95,17.95,0.0
2016-06-16,17.95,17.95,17.95,17.95,0.0
2016-06-17,17.95,17.95,17.95,17.95,0.0
2016-06-20,17.95,17.95,17.95,17.95,0.0
2016-06-21,17.95,17.95,17.95,17.95,0.0
2016-06-22,17.95,17.95,17.95,17.95,0.0
2016-06-23,17.95,17.95,17.95,17.95,0.0
2016-06-24,17.95,17.95,17.95,17.95,0.0
2016-06-27,17.95,17.95,17.95,17.95,0.0
2016-06-28,20.0,21.5,20.0,20.0,1013.0
2016-06-29,20.0,20.0,20.0,20.0,0.0
2016-06-30,20.0,20.0,20.0,20.0,0.0
2016-07-01,20.0,20.0,20.0,20.0,0.0
2016-07-05,19.001,19.5,19.001,19.5,947.0
2016-07-06,19.5,19.5,19.5,19.5,4.0
2016-07-07,19.5,19.5,19.5,19.5,0.0
2016-07-08,19.5,19.5,19.5,19.5,20.0
2016-07-11,19.5,19.5,19.5,19.5,0.0
2016-07-12,19.5,19.5,19.5,19.5,0.0
2016-07-13,19.5,19.5,19.5,19.5,0.0
2016-07-14,19.5,19.5,19.5,19.5,0.0
2016-07-15,19.5,19.5,19.5,19.5,0.0
2016-07-18,19.5,19.5,19.5,19.5,0.0
2016-07-19,19.5,19.5,19.5,19.5,0.0
2016-07-20,19.0,19.0,19.0,19.0,500.0
2016-07-21,19.0,19.0,19.0,19.0,0.0
2016-07-22,18.95,18.95,18.95,18.95,135.0
2016-07-25,18.95,18.95,18.95,18.95,0.0
2016-07-26,18.95,18.95,18.95,18.95,0.0
2016-07-27,18.75,18.75,18.75,18.75,445.0
2016-07-28,18.75,18.75,18.75,18.75,0.0
2016-07-29,18.75,18.75,18.75,18.75,0.0
2016-08-01,18.7,18.7,18.7,18.7,3200.0
2016-08-02,18.7,18.7,18.7,18.7,0.0
2016-08-03,18.7,18.7,18.7,18.7,0.0
2016-08-04,18.7,18.7,18.7,18.7,108.0
2016-08-05,18.7,18.7,18.7,18.7,0.0
2016-08-08,18.7,18.7,18.7,18.7,0.0
2016-08-09,18.7,18.7,18.7,18.7,0.0
2016-08-10,18.7,18.7,18.7,18.7,0.0
2016-08-11,18.7,18.7,18.7,18.7,0.0
2016-08-12,18.7,18.7,18.7,18.7,0.0
2016-08-15,18.7,18.7,18.7,18.7,0.0
2016-08-16,18.66,18.66,18.66,18.66,100.0
2016-08-17,18.66,18.66,18.66,18.66,0.0
2016-08-18,18.31,18.31,18.25,18.25,230.0
2016-08-19,18.25,18.25,18.25,18.25,0.0
2016-08-22,18.25,18.25,18.25,18.25,0.0
2016-08-23,18.5,19.0,18.5,19.0,400.0
2016-08-24,19.1,19.2,19.1,19.2,200.0
2016-08-25,19.2,19.2,19.2,19.2,100.0
2016-08-26,19.2,19.2,19.2,19.2,0.0
2016-08-29,19.2,19.2,19.2,19.2,0.0
2016-08-30,19.3,19.55,19.3,19.55,200.0
2016-08-31,19.55,19.55,19.55,19.55,0.0
2016-09-01,19.55,19.55,19.55,19.55,0.0
2016-09-02,19.55,19.55,19.55,19.55,0.0
2016-09-06,19.55,19.55,19.55,19.55,0.0
2016-09-07,19.55,19.55,19.55,19.55,0.0
2016-09-08,19.55,19.55,19.55,19.55,0.0
2016-09-09,19.4,19.649,19.4,19.649,760.0
2016-09-12,19.649,19.649,19.649,19.649,50.0
2016-09-13,19.649,19.649,19.649,19.649,0.0
2016-09-14,19.649,19.649,19.649,19.649,0.0
2016-09-15,19.7,20.0,19.7,20.0,300.0
2016-09-16,20.0,21.0,20.0,21.0,868.0
2016-09-19,22.0,24.0,22.0,23.75,621.0
2016-09-20,23.75,23.75,23.75,23.75,0.0
2016-09-21,23.75,23.75,23.75,23.75,0.0
2016-09-22,23.5,23.5,23.5,23.5,200.0
2016-09-23,23.5,23.5,23.5,23.5,563.0
2016-09-26,23.5,23.5,23.5,23.5,0.0
2016-09-27,23.5,23.5,23.5,23.5,28.0
2016-09-28,23.5,23.5,23.5,23.5,0.0
2016-09-29,23.5,23.5,23.5,23.5,0.0
2016-09-30,23.5,23.5,23.5,23.5,1.0
2016-10-03,23.5,23.5,23.5,23.5,0.0
2016-10-04,23.5,23.5,23.5,23.5,0.0
2016-10-05,23.0,23.0,23.0,23.0,799.0
2016-10-06,23.0,23.0,23.0,23.0,0.0
2016-10-07,23.0,23.0,23.0,23.0,0.0
2016-10-10,23.0,23.0,23.0,23.0,0.0
2016-10-11,23.0,23.0,23.0,23.0,0.0
2016-10-12,23.0,23.0,23.0,23.0,0.0
2016-10-13,23.0,23.0,23.0,23.0,0.0
2016-10-14,23.0,23.0,23.0,23.0,0.0
2016-10-17,23.0,23.0,23.0,23.0,0.0
2016-10-18,23.0,23.0,23.0,23.0,0.0
2016-10-19,22.751,22.751,22.75,22.75,200.0
2016-10-20,22.75,22.75,22.75,22.75,0.0
2016-10-21,22.75,22.75,22.75,22.75,0.0
2016-10-24,22.75,22.75,22.75,22.75,0.0
2016-10-25,22.75,22.75,22.75,22.75,0.0
2016-10-26,22.75,22.75,22.75,22.75,0.0
2016-10-27,22.75,22.75,22.75,22.75,0.0
2016-10-28,22.75,22.75,22.75,22.75,0.0
2016-10-31,22.75,22.75,22.75,22.75,100.0
2016-11-01,22.75,22.75,22.75,22.75,0.0
2016-11-02,22.75,22.75,22.75,22.75,0.0
2016-11-03,22.75,22.75,22.75,22.75,0.0
2016-11-04,23.0,23.0,22.999,22.999,225.0
2016-11-07,23.5,23.5,23.5,23.5,250.0
2016-11-08,23.0,23.0,23.0,23.0,100.0
2016-11-09,23.0,23.0,23.0,23.0,0.0
2016-11-10,23.0,23.0,23.0,23.0,25.0
2016-11-11,23.0,23.0,23.0,23.0,25.0
2016-11-14,23.0,23.0,23.0,23.0,0.0
2016-11-15,23.0,23.0,23.0,23.0,0.0
2016-11-16,23.0,23.0,23.0,23.0,0.0
2016-11-17,23.5,23.5,23.5,23.5,100.0
2016-11-18,23.5,23.5,23.5,23.5,0.0
2016-11-21,23.0,23.0,23.0,23.0,1376.0
2016-11-22,23.0,23.0,23.0,23.0,0.0
2016-11-23,23.0,23.0,23.0,23.0,0.0
2016-11-25,23.0,23.0,23.0,23.0,0.0
2016-11-28,23.0,23.0,23.0,23.0,100.0
2016-11-29,23.0,23.0,23.0,23.0,0.0
2016-11-30,23.0,23.0,23.0,23.0,0.0
2016-12-01,23.0,23.0,23.0,23.0,0.0
2016-12-02,23.0,23.0,23.0,23.0,0.0
2016-12-05,23.0,23.0,23.0,23.0,0.0
2016-12-06,23.0,23.0,23.0,23.0,0.0
2016-12-07,22.8,22.8,22.8,22.8,407.0
2016-12-08,22.8,22.85,22.68,22.68,400.0
2016-12-09,22.0,22.0,22.0,22.0,900.0
2016-12-12,22.0,22.0,22.0,22.0,29.0
2016-12-13,22.0,22.0,22.0,22.0,0.0
2016-12-14,22.0,22.0,22.0,22.0,89.0
2016-12-15,22.0,22.0,22.0,22.0,2.0
2016-12-16,22.0,22.0,22.0,22.0,100.0
2016-12-19,22.0,22.0,22.0,22.0,84.0
2016-12-20,22.5,22.5,22.5,22.5,200.0
2016-12-21,22.5,22.5,22.5,22.5,0.0
2016-12-22,22.25,22.25,22.25,22.25,100.0
2016-12-23,22.25,22.25,22.25,22.25,0.0
2016-12-27,22.75,22.75,22.75,22.75,200.0
2016-12-28,22.75,22.75,22.75,22.75,0.0
2016-12-29,22.75,22.75,22.75,22.75,0.0
2016-12-30,22.75,22.75,22.75,22.75,0.0
2017-01-03,22.75,22.75,22.75,22.75,100.0
2017-01-04,22.75,22.75,22.75,22.75,0.0
2017-01-05,22.75,22.75,22.75,22.75,0.0
2017-01-06,22.75,22.75,22.75,22.75,0.0
2017-01-09,22.75,22.75,22.75,22.75,0.0
2017-01-10,22.75,22.75,22.75,22.75,0.0
2017-01-11,22.0,22.0,22.0,22.0,525.0
2017-01-12,22.0,22.0,21.75,21.75,200.0
2017-01-13,21.71,21.71,21.71,21.71,100.0
2017-01-17,21.75,21.75,21.75,21.75,812.0
2017-01-18,21.75,21.75,21.75,21.75,64.0
2017-01-19,21.5,21.5,21.5,21.5,600.0
2017-01-20,21.5,21.5,21.5,21.5,0.0
2017-01-23,21.5,21.5,21.5,21.5,0.0
2017-01-24,21.5,21.5,21.5,21.5,59.0
2017-01-25,21.5,21.5,21.5,21.5,0.0
2017-01-26,21.5,21.5,21.5,21.5,0.0
2017-01-27,21.5,21.5,21.5,21.5,0.0
2017-01-30,21.5,21.5,21.5,21.5,0.0
2017-01-31,21.5,21.5,21.5,21.5,0.0
2017-02-01,21.5,21.5,21.5,21.5,0.0
2017-02-02,21.5,21.5,21.5,21.5,0.0
2017-02-03,21.8,21.99,21.8,21.99,300.0
2017-02-06,21.99,21.99,21.99,21.99,30.0
2017-02-07,21.99,21.99,21.99,21.99,0.0
2017-02-08,21.99,21.99,21.99,21.99,0.0
2017-02-09,21.99,21.99,21.99,21.99,5.0
2017-02-10,21.25,21.25,20.75,20.75,1100.0
2017-02-13,20.75,20.75,20.75,20.75,0.0
2017-02-14,20.75,20.75,20.75,20.75,0.0
2017-02-15,20.75,20.75,20.75,20.75,0.0
2017-02-16,20.75,20.75,20.75,20.75,0.0
2017-02-17,20.75,20.75,20.75,20.75,0.0
2017-02-21,20.75,20.75,20.75,20.75,10.0
2017-02-22,20.75,20.75,20.75,20.75,400.0
2017-02-23,20.75,21.0,20.75,21.0,6800.0
2017-02-24,20.9,21.0,20.65,21.0,3000.0
2017-02-27,20.65,20.65,20.65,20.65,200.0
2017-02-28,20.65,20.65,20.65,20.65,0.0
2017-03-01,20.65,20.65,20.65,20.65,0.0
2017-03-02,20.65,20.65,20.65,20.65,0.0
2017-03-03,20.3,20.4,20.3,20.4,9300.0
2017-03-06,20.4,20.4,20.4,20.4,0.0
2017-03-07,20.4,20.4,20.4,20.4,0.0
2017-03-08,20.4,20.4,20.4,20.4,0.0
2017-03-09,20.5,20.5,20.5,20.5,700.0
2017-03-10,20.5,20.5,20.5,20.5,0.0
2017-03-13,20.5,20.5,20.5,20.5,0.0
2017-03-14,20.7,20.9,20.7,20.9,800.0
2017-03-15,20.9,20.9,20.9,20.9,95.0
2017-03-16,20.9,20.9,20.9,20.9,0.0
2017-03-17,20.9,20.9,20.9,20.9,0.0
2017-03-20,20.9,20.9,20.9,20.9,50.0
2017-03-21,20.9,20.9,20.9,20.9,0.0
2017-03-22,20.75,20.75,20.75,20.75,100.0
2017-03-23,20.75,20.75,20.75,20.75,0.0
2017-03-24,20.75,20.75,20.75,20.75,0.0
2017-03-27,20.75,20.75,20.75,20.75,0.0
2017-03-28,20.75,20.75,20.75,20.75,20.0
2017-03-29,20.75,20.75,20.75,20.75,0.0
2017-03-30,20.75,20.75,20.75,20.75,0.0
2017-03-31,20.75,20.75,20.75,20.75,1.0
2017-04-03,20.75,20.75,20.75,20.75,0.0
2017-04-04,21.1,21.1,21.1,21.1,300.0
2017-04-05,21.45,21.45,21.45,21.45,100.0
2017-04-06,21.45,21.45,21.45,21.45,0.0
2017-04-07,21.45,21.45,21.45,21.45,0.0
2017-04-10,21.45,21.45,21.45,21.45,0.0
2017-04-11,21.45,21.45,21.45,21.45,0.0
2017-04-12,21.45,21.45,21.45,21.45,0.0
2017-04-13,21.45,21.45,21.45,21.45,0.0
2017-04-17,21.5,21.5,21.4,21.4,200.0
2017-04-18,21.35,21.35,20.75,20.75,1500.0
2017-04-19,21.5,21.6,21.5,21.6,600.0
2017-04-20,21.6,21.6,21.6,21.6,0.0
2017-04-21,21.6,21.6,21.6,21.6,0.0
2017-04-24,21.6,21.6,21.6,21.6,0.0
2017-04-25,21.55,21.55,21.55,21.55,200.0
2017-04-26,21.55,21.55,21.55,21.55,0.0
2017-04-27,21.55,21.55,21.55,21.55,5.0
2017-04-28,21.55,21.55,21.55,21.55,0.0
2017-05-01,21.225,21.6,21.0,21.6,500.0
2017-05-02,21.6,21.6,21.6,21.6,30.0
2017-05-03,21.6,21.6,21.6,21.6,0.0
2017-05-04,21.6,21.6,21.6,21.6,0.0
2017-05-05,21.6,21.6,21.6,21.6,0.0
2017-05-08,21.6,21.6,21.6,21.6,500.0
2017-05-09,21.6,21.6,21.6,21.6,2200.0
2017-05-10,21.6,21.6,21.6,21.6,600.0
2017-05-11,21.6,21.6,21.0,21.6,4500.0
2017-05-12,21.6,21.6,21.6,21.6,0.0
2017-05-15,21.6,21.6,21.6,21.6,900.0
2017-05-16,21.6,21.6,21.6,21.6,0.0
2017-05-17,21.6,21.6,21.6,21.6,100.0
2017-05-18,21.9,21.9,21.9,21.9,360000.0
2017-05-19,22.0,22.0,22.0,22.0,100.0
2017-05-22,22.0,22.0,22.0,22.0,0.0
2017-05-23,21.9,21.9,21.9,21.9,1000.0
2017-05-24,21.9,21.9,21.9,21.9,0.0
2017-05-25,21.9,21.9,21.9,21.9,0.0
2017-05-26,21.9,21.9,21.9,21.9,0.0
2017-05-30,21.9,21.9,21.9,21.9,0.0
2017-05-31,21.9,21.9,21.9,21.9,200.0
2017-06-01,21.99,21.99,21.99,21.99,185.0
2017-06-02,22.0,22.02,21.85,21.85,500.0
2017-06-05,21.85,21.85,21.85,21.85,0.0
2017-06-06,22.0,22.0,22.0,22.0,1300.0
2017-06-07,22.0,22.0,22.0,22.0,0.0
2017-06-08,21.75,21.75,21.75,21.75,200.0
2017-06-09,22.0,22.0,22.0,22.0,300.0
2017-06-12,22.0,22.0,22.0,22.0,10000.0
2017-06-13,22.25,22.25,22.25,22.25,100.0
2017-06-14,22.25,22.25,22.25,22.25,0.0
2017-06-15,22.25,22.25,22.25,22.25,0.0
2017-06-16,22.25,22.25,22.25,22.25,0.0
2017-06-19,21.75,22.0,21.75,22.0,725.0
2017-06-20,22.0,22.0,22.0,22.0,5000.0
2017-06-21,21.76,21.76,21.75,21.75,2300.0
2017-06-22,21.75,21.75,21.75,21.75,0.0
2017-06-23,21.55,21.55,21.55,21.55,100.0
2017-06-26,21.55,21.55,21.55,21.55,0.0
2017-06-27,21.55,21.55,21.55,21.55,0.0
2017-06-28,22.0,22.0,22.0,22.0,6017.0
2017-06-29,22.0,23.0,22.0,23.0,1700.0
2017-06-30,23.0,23.0,22.11,22.11,700.0
2017-07-03,22.11,22.11,22.11,22.11,101.0
2017-07-05,22.1,22.1,22.0,22.0,2417.0
2017-07-06,22.0,22.0,22.0,22.0,500.0
2017-07-07,22.0,22.0,22.0,22.0,400.0
2017-07-10,22.0,22.0,22.0,22.0,1300.0
2017-07-11,22.0,22.0,22.0,22.0,500.0
2017-07-12,22.0,22.0,22.0,22.0,500.0
2017-07-13,22.0,22.0,22.0,22.0,1980.0
2017-07-14,22.0,22.0,22.0,22.0,2700.0
2017-07-17,22.0,22.0,22.0,22.0,0.0
2017-07-18,22.0,22.0,22.0,22.0,0.0
2017-07-19,22.0,22.5,22.0,22.5,1942.0
2017-07-20,22.5,22.5,22.5,22.5,0.0
2017-07-21,22.5,22.5,21.26,21.26,5500.0
2017-07-24,21.26,21.26,21.26,21.26,0.0
2017-07-25,21.26,21.5,21.26,21.5,1245.0
2017-07-26,21.5,21.5,21.5,21.5,0.0
2017-07-27,21.5,21.5,21.5,21.5,0.0
2017-07-28,21.5,21.5,21.5,21.5,0.0
2017-07-31,22.0,22.5,22.0,22.5,800.0
2017-08-01,22.0,22.0,22.0,22.0,1400.0
2017-08-02,22.0,22.0,22.0,22.0,0.0
2017-08-03,22.0,22.0,22.0,22.0,50.0
2017-08-04,22.5,23.0,22.5,23.0,1200.0
2017-08-07,22.49,22.49,22.49,22.49,100.0
2017-08-08,22.49,22.49,22.49,22.49,0.0
2017-08-09,22.49,22.49,22.49,22.49,1.0
2017-08-10,22.102,22.102,22.0,22.0,300.0
2017-08-11,22.0,22.0,22.0,22.0,0.0
2017-08-14,14.6667,14.6667,14.6667,14.6667,2.0
2017-08-15,14.6667,14.6667,14.6667,14.6667,2.0
2017-08-16,14.6667,14.6667,14.6667,14.6667,2.0
2017-08-17,14.6667,14.6667,14.6667,14.6667,40.0
2017-08-18,14.6667,14.6667,14.6667,14.6667,9.0
2017-08-21,14.6667,14.6667,14.6667,14.6667,1.0
2017-08-22,16.0,16.0,16.0,16.0,200.0
2017-08-23,20.0,20.0,20.0,20.0,500.0
2017-08-24,20.0,20.0,20.0,20.0,0.0
2017-08-25,20.0,20.0,20.0,20.0,0.0
2017-08-28,20.0,20.0,20.0,20.0,0.0
2017-08-29,15.25,19.45,15.25,15.25,1185.0
2017-08-30,15.5,15.5,15.5,15.5,1000.0
2017-08-31,15.5,15.5,15.5,15.5,2000.0
2017-09-01,15.5,15.5,15.5,15.5,0.0
2017-09-05,15.5,15.5,15.5,15.5,1400.0
2017-09-06,15.61,15.61,15.55,15.55,4050.0
2017-09-07,15.55,15.55,15.55,15.55,0.0
2017-09-08,16.5,16.5,16.5,16.5,100.0
2017-09-11,15.25,15.25,14.75,15.2,5938.0
2017-09-12,15.2,15.2,15.2,15.2,2300.0
2017-09-13,15.25,15.25,15.25,15.25,200.0
2017-09-14,15.25,15.25,15.25,15.25,0.0
2017-09-15,15.3,15.5,15.3,15.5,1350.0
2017-09-18,16.0,16.0,16.0,16.0,100.0
2017-09-19,16.0,16.0,16.0,16.0,500.0
2017-09-20,16.0,16.0,16.0,16.0,0.0
2017-09-21,16.0,16.0,16.0,16.0,300.0
2017-09-22,16.0,16.0,16.0,16.0,100.0
2017-09-25,16.0,16.0,16.0,16.0,0.0
2017-09-26,16.0,16.0,16.0,16.0,0.0
2017-09-27,16.8,16.8,16.8,16.8,100.0
2017-09-28,16.8,16.8,16.8,16.8,0.0
2017-09-29,16.8,16.8,16.8,16.8,2.0
2017-10-02,16.8,16.8,16.8,16.8,0.0
2017-10-03,16.8,16.8,16.8,16.8,0.0
2017-10-04,16.8,16.8,16.8,16.8,16.0
2017-10-05,15.75,15.75,15.75,15.75,500.0
2017-10-06,15.75,15.75,15.75,15.75,0.0
2017-10-09,16.25,16.25,16.25,16.25,100.0
2017-10-10,16.25,16.25,16.25,16.25,0.0
2017-10-11,16.25,16.25,16.25,16.25,100.0
2017-10-12,16.25,16.25,16.25,16.25,0.0
2017-10-13,16.0,16.0,15.99,16.0,9909.0
2017-10-16,16.0,16.0,16.0,16.0,0.0
2017-10-17,16.25,16.25,16.25,16.25,100.0
2017-10-18,16.0,16.0,16.0,16.0,1400.0
2017-10-19,16.0,16.0,16.0,16.0,0.0
2017-10-20,16.25,16.25,16.25,16.25,500.0
2017-10-23,16.25,16.25,16.25,16.25,500.0
2017-10-24,16.25,16.25,16.25,16.25,0.0
2017-10-25,16.25,16.25,16.25,16.25,0.0
2017-10-26,16.25,16.25,16.25,16.25,100.0
2017-10-27,16.25,16.25,16.25,16.25,123.0
2017-10-30,16.25,16.25,16.25,16.25,100.0
2017-10-31,16.1,16.1,16.1,16.1,1400.0
2017-11-01,16.1,16.1,16.1,16.1,0.0
2017-11-02,16.1,16.1,16.1,16.1,0.0
2017-11-03,16.1,16.1,16.1,16.1,15.0
2017-11-06,16.1,16.1,16.1,16.1,0.0
2017-11-07,16.1,16.1,16.1,16.1,0.0
2017-11-08,16.1,16.1,16.1,16.1,0.0
2017-11-09,16.2,16.2,16.2,16.2,3600.0
2017-11-10,16.2,16.2,16.2,16.2,0.0
2017-11-13,17.89,17.89,17.89,17.89,200.0
2017-11-14,17.89,17.89,17.89,17.89,0.0
2017-11-15,17.89,17.89,17.89,17.89,2.0
2017-11-16,17.89,17.89,17.89,17.89,0.0
2017-11-17,17.89,17.89,17.89,17.89,0.0
2017-11-20,17.89,17.89,17.89,17.89,3.0
2017-11-21,17.89,17.89,17.89,17.89,40.0
2017-11-22,17.89,17.89,17.89,17.89,0.0
2017-11-24,17.89,17.89,17.89,17.89,0.0
2017-11-27,17.89,17.89,17.89,17.89,0.0
2017-11-28,17.89,17.89,17.89,17.89,0.0
2017-11-29,16.251,16.251,16.251,16.251,600.0
2017-11-30,16.251,16.251,16.251,16.251,5.0
2017-12-01,16.251,16.251,16.251,16.251,0.0
2017-12-04,16.251,16.251,16.251,16.251,0.0
2017-12-05,16.251,16.251,16.251,16.251,0.0
2017-12-06,16.45,16.4501,16.45,16.45,7954.0
2017-12-07,16.45,16.451,16.45,16.45,5000.0
2017-12-08,16.45,16.45,16.45,16.45,0.0
2017-12-11,16.45,16.45,16.45,16.45,0.0
2017-12-12,17.0,17.0,16.99,17.0,3555.0
2017-12-13,17.0,17.0,17.0,17.0,99.0
2017-12-14,17.0,17.0,17.0,17.0,0.0
2017-12-15,17.0,17.0,17.0,17.0,100.0
2017-12-18,16.989,16.99,16.989,16.99,598.0
2017-12-19,16.99,16.99,16.99,16.99,0.0
2017-12-20,16.99,16.99,16.99,16.99,0.0
2017-12-21,16.99,16.99,16.99,16.99,200.0
2017-12-22,16.99,17.09,16.9899,17.09,570.0
2017-12-26,17.0,17.0,17.0,17.0,1000.0
2017-12-27,17.0,17.0,17.0,17.0,1000.0
2017-12-28,17.0,17.0,16.6,17.0,748.0
2017-12-29,17.0,17.0,17.0,17.0,1400.0
2018-01-02,17.0,17.0,17.0,17.0,3000.0
2018-01-03,17.1,17.1,17.1,17.1,200.0
2018-01-04,17.1,17.1,17.1,17.1,0.0
2018-01-05,17.1,17.3,17.1,17.1,2552.0
2018-01-08,17.1,17.1,17.1,17.1,0.0
2018-01-09,17.1,17.1,17.1,17.1,0.0
2018-01-10,17.1,17.1,17.0,17.0,2643.0
2018-01-11,17.0,17.0,17.0,17.0,171.0
2018-01-12,16.752,17.0,16.752,17.0,2800.0
2018-01-16,17.0,17.0,17.0,17.0,3186.0
2018-01-17,17.0,17.7,17.0,17.7,1723.0
2018-01-18,17.7,17.7,17.7,17.7,0.0
2018-01-19,17.5,17.75,17.5,17.75,279.0
2018-01-22,17.81,17.81,17.81,17.81,341.0
2018-01-23,18.25,18.25,18.25,18.25,2000.0
2018-01-24,18.25,18.25,18.25,18.25,0.0
2018-01-25,18.25,18.25,18.25,18.25,0.0
2018-01-26,18.25,18.25,18.25,18.25,0.0
2018-01-29,18.25,18.25,18.25,18.25,0.0
2018-01-30,17.85,17.85,17.85,17.85,100.0
2018-01-31,17.85,17.85,17.85,17.85,0.0
2018-02-01,17.85,17.85,17.85,17.85,0.0
2018-02-02,17.85,17.85,17.85,17.85,0.0
2018-02-05,17.85,17.85,17.85,17.85,0.0
2018-02-06,17.85,17.85,17.85,17.85,0.0
2018-02-07,17.85,17.85,17.85,17.85,0.0
2018-02-08,17.85,17.85,17.85,17.85,0.0
2018-02-09,17.85,17.85,17.85,17.85,0.0
2018-02-12,17.85,17.85,17.85,17.85,663.0
2018-02-13,17.85,17.85,17.85,17.85,2105.0
2018-02-14,17.85,17.85,17.85,17.85,1650.0
2018-02-15,17.85,17.85,17.85,17.85,0.0
2018-02-16,17.85,17.85,17.85,17.85,0.0
2018-02-20,17.85,17.85,17.85,17.85,500.0
2018-02-21,17.5,17.5,17.5,17.5,1500.0
2018-02-22,17.5,17.5,17.5,17.5,0.0
2018-02-23,17.59,17.59,17.59,17.59,2000.0
2018-02-26,17.59,17.59,17.59,17.59,0.0
2018-02-27,17.59,17.59,17.59,17.59,0.0
2018-02-28,17.55,17.76,17.55,17.76,21100.0
2018-03-01,17.76,17.76,17.76,17.76,0.0
2018-03-02,17.76,17.76,17.76,17.76,0.0
2018-03-05,17.76,17.76,17.76,17.76,0.0
2018-03-06,17.76,17.76,17.76,17.76,0.0
2018-03-07,17.76,17.76,17.76,17.76,0.0
2018-03-08,17.76,17.76,17.76,17.76,0.0
2018-03-09,17.998,18.0,17.998,18.0,400.0
2018-03-12,18.0,18.0,18.0,18.0,0.0
2018-03-13,18.0,18.0,18.0,18.0,0.0
2018-03-14,18.0,18.0,18.0,18.0,40.0
2018-03-15,18.0,19.999,18.0,19.999,1000.0
2018-03-16,20.0,20.0,20.0,20.0,200.0
2018-03-19,20.0,20.0,20.0,20.0,0.0
2018-03-20,20.0,21.0,18.0,21.0,688.0
2018-03-21,21.0,21.0,21.0,21.0,20.0
2018-03-22,21.0,21.0,21.0,21.0,0.0
2018-03-23,21.0,21.0,21.0,21.0,0.0
2018-03-26,21.0,21.0,21.0,21.0,0.0
2018-03-27,21.0,21.0,21.0,21.0,427.0
2018-03-28,18.0,18.0,18.0,18.0,0.0
2018-03-29,18.0,18.0,18.0,18.0,1.0
2018-04-02,18.0,18.0,18.0,18.0,0.0
2018-04-03,18.0,18.0,18.0,18.0,0.0
2018-04-04,18.0,18.0,18.0,18.0,0.0
2018-04-05,18.0,18.0,18.0,18.0,0.0
2018-04-06,18.0,18.0,18.0,18.0,0.0
2018-04-09,18.0,18.0,18.0,18.0,50.0
2018-04-10,17.5,17.5,17.5,17.5,200.0
2018-04-11,17.5,17.5,17.5,17.5,0.0
2018-04-12,17.55,17.55,17.55,17.55,500.0
2018-04-13,17.6,17.6,17.5,17.5,4599.0
2018-04-16,17.5,17.5,17.5,17.5,721.0
2018-04-17,17.5,17.5,17.15,17.15,5837.0
2018-04-18,17.2,17.2,17.2,17.2,1300.0
2018-04-19,17.2,17.2,17.2,17.2,0.0
2018-04-20,17.25,17.388,17.25,17.388,2750.0
2018-04-23,17.4,17.69,17.4,17.69,358.0
2018-04-24,17.69,17.69,17.69,17.69,0.0
2018-04-25,17.69,17.69,17.69,17.69,10.0
2018-04-26,18.0,18.0,18.0,18.0,300.0
2018-04-27,18.0,18.0,18.0,18.0,0.0
2018-04-30,18.0,18.0,18.0,18.0,0.0
2018-05-01,18.0,18.0,18.0,18.0,50.0
2018-05-02,18.0,18.0,18.0,18.0,10.0
2018-05-03,18.0,18.0,18.0,18.0,0.0
2018-05-04,18.0,18.0,18.0,18.0,10.0
2018-05-07,18.0,18.0,18.0,18.0,0.0
2018-05-08,18.0,18.0,18.0,18.0,0.0
2018-05-09,18.0,18.0,18.0,18.0,0.0
2018-05-10,18.0,18.0,18.0,18.0,0.0
2018-05-11,18.0,18.0,18.0,18.0,0.0
2018-05-14,18.0,18.0,18.0,18.0,0.0
2018-05-15,18.0,18.0,18.0,18.0,0.0
2018-05-16,18.0,18.0,18.0,18.0,0.0
2018-05-17,18.0,18.0,18.0,18.0,0.0
2018-05-18,18.0,18.0,18.0,18.0,0.0
2018-05-21,18.0,18.0,18.0,18.0,0.0
2018-05-22,18.0,18.0,18.0,18.0,56.0
2018-05-23,18.0,18.0,18.0,18.0,0.0
2018-05-24,18.0,18.0,18.0,18.0,0.0
2018-05-25,19.0,19.0,18.75,18.75,7909.0
2018-05-29,18.15,18.25,17.75,17.75,1750.0
2018-05-30,18.56,18.56,18.56,18.56,4655.0
2018-05-31,18.56,18.56,18.56,18.56,0.0
2018-06-01,18.56,18.56,18.56,18.56,0.0
2018-06-04,18.56,18.56,18.56,18.56,0.0
2018-06-05,18.56,18.56,18.56,18.56,0.0
2018-06-06,18.56,18.56,18.56,18.56,10.0
2018-06-07,18.56,18.56,18.56,18.56,40.0
2018-06-08,18.56,18.56,18.56,18.56,0.0
2018-06-11,18.56,18.56,18.56,18.56,0.0
2018-06-12,18.56,18.56,18.56,18.56,0.0
2018-06-13,18.25,18.25,18.25,18.25,500.0
2018-06-14,18.25,18.25,18.25,18.25,0.0
2018-06-15,18.25,18.25,18.25,18.25,0.0
2018-06-18,18.25,18.25,18.25,18.25,0.0
2018-06-19,18.3,18.3,18.3,18.3,100.0
2018-06-20,18.3,18.3,18.3,18.3,0.0
2018-06-21,18.1,18.1,18.1,18.1,3400.0
2018-06-22,18.1,18.1,18.1,18.1,1100.0
2018-06-25,18.1,18.1,17.96,17.96,1400.0
2018-06-26,18.0,18.15,18.0,18.15,1100.0
2018-06-27,18.0,18.0,18.0,18.0,9400.0
2018-06-28,18.0,18.0,18.0,18.0,0.0
2018-06-29,18.0,18.0,18.0,18.0,0.0
2018-07-02,18.5,20.5,18.5,20.5,350.0
2018-07-03,19.0,19.0,19.0,19.0,100.0
2018-07-05,21.0,22.5,21.0,22.5,1088.0
2018-07-06,25.0,25.0,25.0,25.0,700.0
2018-07-09,25.07,27.0,25.0,25.0,7014.0
2018-07-10,25.0,25.0,25.0,25.0,0.0
2018-07-11,27.0,27.0,27.0,27.0,100.0
2018-07-12,27.0,27.0,27.0,27.0,41.0
2018-07-13,24.0,24.0,24.0,24.0,200.0
2018-07-16,24.0,24.0,24.0,24.0,0.0
2018-07-17,22.05,22.05,22.05,22.05,937.0
2018-07-18,22.0,22.0,20.15,20.15,405.0
2018-07-19,20.15,20.15,20.15,20.15,0.0
2018-07-20,20.15,20.15,20.15,20.15,0.0
2018-07-23,20.502,20.502,20.502,20.502,1750.0
2018-07-24,21.0,21.0,20.51,20.51,1200.0
2018-07-25,20.35,20.35,20.35,20.35,900.0
2018-07-26,20.15,20.25,20.15,20.25,350.0
2018-07-27,20.25,20.25,20.25,20.25,700.0
2018-07-30,20.25,20.25,20.25,20.25,50.0
2018-07-31,20.15,20.15,20.1,20.1,966.0
2018-08-01,20.75,20.75,20.5,20.5,315.0
2018-08-02,20.5,20.5,20.5,20.5,0.0
2018-08-03,20.5,20.5,20.5,20.5,22.0
2018-08-06,20.5,20.5,20.5,20.5,0.0
2018-08-07,20.5,20.5,20.5,20.5,0.0
2018-08-08,20.699,20.699,20.699,20.699,100.0
2018-08-09,20.5,20.5,20.15,20.15,491.0
2018-08-10,20.15,20.15,20.15,20.15,484.0
2018-08-13,20.2,20.2,19.95,20.0,5063.0
2018-08-14,20.0,20.0,20.0,20.0,500.0
2018-08-15,20.0,20.0,20.0,20.0,0.0
2018-08-16,20.0,20.0,20.0,20.0,0.0
2018-08-17,20.0,20.0,20.0,20.0,0.0
2018-08-20,20.0,20.0,20.0,20.0,0.0
2018-08-21,20.0,20.0,20.0,20.0,0.0
2018-08-22,19.99,19.99,19.99,19.99,100.0
2018-08-23,20.0,20.0,20.0,20.0,100.0
2018-08-24,20.0,20.0,20.0,20.0,0.0
2018-08-27,19.8,19.8,19.8,19.8,200.0
2018-08-28,19.8,19.8,19.8,19.8,0.0
2018-08-29,19.8,19.8,19.8,19.8,0.0
2018-08-30,19.8,19.8,19.8,19.8,15.0
2018-08-31,19.8,19.8,19.8,19.8,0.0
2018-09-04,19.75,19.75,19.55,19.55,1100.0
2018-09-05,19.55,19.55,19.55,19.55,0.0
2018-09-06,19.55,19.55,19.55,19.55,0.0
2018-09-07,19.55,19.55,19.55,19.55,0.0
2018-09-10,19.55,19.55,19.55,19.55,25.0
2018-09-11,19.25,19.25,19.25,19.25,800.0
2018-09-12,19.2,19.2,19.2,19.2,350.0
2018-09-13,19.2,19.2,19.2,19.2,0.0
2018-09-14,19.2,19.2,19.2,19.2,0.0
2018-09-17,19.2,19.2,19.2,19.2,0.0
2018-09-18,19.2,19.2,19.2,19.2,0.0
2018-09-19,19.2,19.2,19.2,19.2,0.0
2018-09-20,19.2,19.2,19.2,19.2,0.0
2018-09-21,19.2,19.2,19.2,19.2,0.0
2018-09-24,19.2,19.2,19.2,19.2,0.0
2018-09-25,19.25,19.25,18.75,18.75,2000.0
2018-09-26,18.75,18.75,18.75,18.75,31.0
2018-09-27,18.75,18.75,18.75,18.75,0.0
2018-09-28,18.61,19.0,18.55,19.0,801.0
2018-10-01,19.0,19.0,19.0,19.0,0.0
2018-10-02,19.0,19.0,19.0,19.0,0.0
2018-10-03,19.0,19.0,19.0,19.0,0.0
2018-10-04,18.75,18.75,18.75,18.75,600.0
2018-10-05,18.74,18.74,18.6,18.6,628.0
2018-10-08,18.6,18.6,18.6,18.6,0.0
2018-10-09,18.6,18.6,18.6,18.6,0.0
2018-10-10,18.6,18.6,18.6,18.6,0.0
2018-10-11,18.6,18.6,18.6,18.6,142.0
2018-10-12,18.55,18.55,18.25,18.25,1000.0
2018-10-15,18.25,18.25,18.25,18.25,0.0
2018-10-16,18.25,18.25,18.25,18.25,0.0
2018-10-17,18.26,18.26,18.26,18.26,100.0
2018-10-18,19.049,19.049,18.6,18.6,300.0
2018-10-19,18.6,18.6,18.6,18.6,0.0
2018-10-22,18.6,19.05,18.6,19.05,900.0
2018-10-23,19.3,19.3,19.3,19.3,100.0
2018-10-24,19.3,19.3,19.3,19.3,0.0
2018-10-25,19.49,19.49,19.49,19.49,100.0
2018-10-26,19.49,19.49,19.49,19.49,0.0
2018-10-29,18.3,18.3,18.05,18.05,300.0
2018-10-30,18.75,18.75,18.0,18.0,800.0
2018-10-31,17.95,17.95,17.95,17.95,500.0
2018-11-01,17.85,17.85,17.7,17.7,1337.0
2018-11-02,17.62,17.65,17.57,17.65,3612.0
2018-11-05,17.6,17.6,17.47,17.5,1550.0
2018-11-06,17.5,17.6,17.5,17.6,1206.0
2018-11-07,18.1,18.1,18.1,18.1,100.0
2018-11-08,18.1,18.1,18.1,18.1,0.0
2018-11-09,18.1,18.1,18.1,18.1,0.0
2018-11-12,18.1,18.1,18.1,18.1,0.0
2018-11-13,18.1,18.1,18.1,18.1,0.0
2018-11-14,18.1,18.1,18.1,18.1,0.0
2018-11-15,18.1,18.1,18.1,18.1,25.0
2018-11-16,18.1,18.1,18.1,18.1,0.0
2018-11-19,18.1,18.1,18.1,18.1,0.0
2018-11-20,17.51,17.51,17.5,17.5,2237.0
2018-11-21,17.5,17.5,17.5,17.5,0.0
2018-11-23,17.51,17.51,17.51,17.51,100.0
2018-11-26,17.4,17.4,17.4,17.4,100.0
2018-11-27,17.4,17.4,17.4,17.4,600.0
2018-11-28,17.25,17.25,17.25,17.25,200.0
2018-11-29,17.25,17.25,17.25,17.25,0.0
2018-11-30,17.25,17.25,17.25,17.25,0.0
2018-12-03,17.25,17.25,17.25,17.25,0.0
2018-12-04,17.1,17.25,17.1,17.25,400.0
2018-12-06,17.01,17.01,17.01,17.01,100.0
2018-12-07,17.25,17.25,17.25,17.25,400.0
2018-12-10,17.25,17.25,17.25,17.25,0.0
2018-12-11,17.25,17.25,17.0,17.0,400.0
2018-12-12,17.0,17.0,17.0,17.0,35.0
2018-12-13,17.0,17.0,17.0,17.0,0.0
2018-12-14,17.25,17.25,17.25,17.25,301.0
2018-12-17,17.0,17.0,17.0,17.0,299.0
2018-12-18,17.25,17.25,17.25,17.25,818.0
2018-12-19,17.25,17.25,16.75,16.75,1200.0
2018-12-20,16.75,16.75,16.75,16.75,0.0
2018-12-21,16.8,16.8,16.8,16.8,100.0
2018-12-24,16.8,16.8,16.8,16.8,0.0
2018-12-26,16.8,16.8,16.8,16.8,0.0
2018-12-27,16.8,16.8,16.8,16.8,0.0
2018-12-28,17.01,17.01,17.01,17.01,700.0
2018-12-31,17.25,17.25,17.25,17.25,200.0
2019-01-02,17.15,17.15,17.0,17.0,300.0
2019-01-03,17.249,18.0,16.75,18.0,451.0
2019-01-04,18.0,18.0,18.0,18.0,0.0
2019-01-07,18.0,18.0,18.0,18.0,0.0
2019-01-08,18.0,18.0,18.0,18.0,0.0
2019-01-09,18.0,18.0,18.0,18.0,0.0
2019-01-10,16.61,16.61,16.5,16.5,350.0
2019-01-11,16.5,16.5,16.5,16.5,0.0
2019-01-14,16.5,16.5,16.5,16.5,0.0
2019-01-15,16.5,16.5,16.5,16.5,0.0
2019-01-16,16.5,16.5,16.5,16.5,0.0
2019-01-17,16.5,16.5,16.5,16.5,0.0
2019-01-18,16.5,16.5,16.5,16.5,0.0
2019-01-23,16.5,16.5,16.5,16.5,0.0
2019-01-24,17.0,17.0,17.0,17.0,499.0
2019-01-25,17.0,17.0,17.0,17.0,0.0
2019-01-28,17.0,17.0,17.0,17.0,0.0
2019-01-29,17.0,17.0,17.0,17.0,0.0
2019-01-30,16.5,16.5,16.5,16.5,769.0
2019-01-31,16.5,16.5,16.5,16.5,0.0
2019-02-01,16.75,16.75,16.75,16.75,870.0
2019-02-04,16.75,16.75,16.75,16.75,0.0
2019-02-05,16.75,16.75,16.75,16.75,0.0
2019-02-06,16.75,16.75,16.75,16.75,0.0
2019-02-07,16.75,16.75,16.75,16.75,0.0
2019-02-08,16.75,16.75,16.75,16.75,0.0
2019-02-11,16.75,16.75,16.75,16.75,0.0
2019-02-12,16.75,16.75,16.75,16.75,0.0
2019-02-13,18.0,18.5,18.0,18.5,10594.0
2019-02-14,18.5,18.5,18.5,18.5,0.0
2019-02-15,18.5,18.6,18.5,18.6,670.0
2019-02-20,18.6,18.6,18.6,18.6,0.0
2019-02-22,18.6,18.6,18.6,18.6,100.0
2019-02-26,17.2,17.2,16.8,16.8,688.0
2019-02-27,16.8,16.8,16.8,16.8,0.0
2019-02-28,16.8,16.8,16.8,16.8,18.0
2019-03-01,16.8,16.8,16.8,16.8,50.0
2019-03-04,16.8,16.8,16.8,16.8,0.0
2019-03-05,16.8,16.8,16.8,16.8,0.0
2019-03-06,16.8,16.8,16.8,16.8,0.0
2019-03-07,16.8,16.8,16.8,16.8,0.0
2019-03-08,16.8,16.8,16.8,16.8,0.0
2019-03-11,17.1,17.1,17.1,17.1,3000.0
2019-03-12,17.1,17.45,17.1,17.1,5240.0
2019-03-13,17.1,17.1,17.1,17.1,0.0
2019-03-14,17.1,17.1,17.1,17.1,0.0
2019-03-18,17.1,17.1,17.1,17.1,0.0
2019-03-20,17.1,17.1,17.1,17.1,0.0
2019-03-21,17.1,17.1,17.1,17.1,0.0
2019-03-22,17.1,17.1,17.1,17.1,0.0
2019-03-25,17.1,17.1,17.1,17.1,0.0
2019-03-26,17.1,17.1,17.1,17.1,0.0
2019-03-27,16.9575,16.9575,16.9575,16.9575,36.0
2019-03-28,17.1,17.1,17.1,17.1,0.0
2019-03-29,17.1,17.1,17.1,17.1,3.0
2019-04-01,17.1,17.1,17.1,17.1,0.0
2019-04-02,17.1,17.1,17.1,17.1,25.0
2019-04-03,17.1,17.1,17.1,17.1,0.0
2019-04-04,17.1,17.1,17.1,17.1,0.0
2019-04-05,17.1,17.1,17.1,17.1,0.0
2019-04-08,17.1,17.1,17.1,17.1,0.0
2019-04-09,17.1,17.1,17.1,17.1,0.0
2019-04-10,17.1,17.1,17.1,17.1,0.0
2019-04-11,17.1,17.1,17.1,17.1,0.0
2019-04-12,17.1,17.1,17.1,17.1,0.0
2019-04-15,17.45,17.85,17.45,17.85,2150.0
2019-04-17,17.85,17.85,17.85,17.85,0.0
2019-04-18,17.85,17.85,17.85,17.85,0.0
2019-04-22,17.85,17.85,17.85,17.85,760.0
2019-04-23,17.85,17.85,17.75,17.75,600.0
2019-04-24,18.0,18.95,18.0,18.95,1200.0
2019-04-25,19.3,19.3,19.3,19.3,416.0
2019-04-29,19.5,19.75,19.5,19.75,460.0
2019-04-30,19.75,19.75,19.75,19.75,0.0
2019-05-01,19.75,19.75,19.75,19.75,0.0
2019-05-02,19.85,19.85,19.85,19.85,100.0
2019-05-03,19.85,19.95,19.85,19.95,300.0
2019-05-06,19.95,20.5,19.95,20.5,866.0
2019-05-07,20.4,20.4,20.4,20.4,100.0
2019-05-08,20.0,20.0,20.0,20.0,650.0
2019-05-09,20.0,21.3,20.0,21.3,700.0
2019-05-10,21.3,21.3,21.3,21.3,0.0
2019-05-13,21.3,21.3,21.3,21.3,0.0
2019-05-14,21.5,22.5,21.5,22.5,1840.0
2019-05-15,22.5,22.5,22.5,22.5,25.0
2019-05-16,22.5,22.5,22.5,22.5,250.0
2019-05-17,22.5,22.5,22.5,22.5,50.0
2019-05-20,22.5,22.5,22.5,22.5,0.0
2019-05-21,22.5,22.5,22.5,22.5,0.0
2019-05-22,22.5,22.5,22.5,22.5,0.0
2019-05-23,22.5,22.5,22.5,22.5,0.0
2019-05-24,22.5,22.5,22.5,22.5,0.0
2019-05-28,22.5,22.5,22.5,22.5,0.0
2019-05-29,22.5,22.5,22.5,22.5,0.0
2019-05-30,22.5,22.5,22.5,22.5,14.0
2019-05-31,22.5,22.5,22.5,22.5,100.0
2019-06-03,22.5,22.5,22.5,22.5,50.0
2019-06-05,22.5,22.5,22.5,22.5,0.0
2019-06-06,22.5,22.5,22.5,22.5,25.0
2019-06-10,20.5,20.5,20.5,20.5,100.0
2019-06-11,20.5,20.5,20.5,20.5,700.0
2019-06-12,20.5,20.5,20.5,20.5,0.0
2019-06-13,20.5,20.5,20.5,20.5,0.0
2019-06-14,20.5,20.5,20.5,20.5,500.0
2019-06-17,20.5,20.5,20.5,20.5,0.0
2019-06-18,20.5,20.5,20.5,20.5,0.0
2019-06-20,20.5,20.5,20.5,20.5,100.0
2019-06-21,20.5,20.5,20.5,20.5,0.0
2019-06-24,20.5,20.5,20.5,20.5,0.0
2019-06-25,20.5,20.5,20.5,20.5,0.0
2019-06-26,20.5,20.5,20.5,20.5,0.0
2019-06-27,20.5,20.5,20.5,20.5,0.0
2019-06-28,20.5,20.5,20.5,20.5,41.0
2019-07-01,20.5,20.5,20.5,20.5,0.0
2019-07-02,20.5,20.5,20.5,20.5,7.0
2019-07-03,20.5,20.5,20.5,20.5,0.0
2019-07-05,20.5,20.5,20.5,20.5,3.0
2019-07-08,20.5,20.5,20.5,20.5,0.0
2019-07-09,20.5,20.5,20.5,20.5,0.0
2019-07-10,20.5,20.5,20.5,20.5,0.0
2019-07-11,20.5,20.5,20.5,20.5,0.0
2019-07-12,20.5,20.5,20.5,20.5,4.0
2019-07-15,20.5,20.5,20.5,20.5,0.0
2019-07-16,20.5,20.5,20.5,20.5,0.0
2019-07-17,20.5,20.5,20.5,20.5,0.0
2019-07-18,20.5,20.5,20.5,20.5,0.0
2019-07-19,20.5,20.5,20.5,20.5,0.0
2019-07-22,20.5,20.5,20.5,20.5,0.0
2019-07-23,20.5,20.5,20.5,20.5,0.0
2019-07-24,20.5,20.5,20.5,20.5,0.0
2019-07-25,20.5,20.5,20.5,20.5,0.0
2019-07-26,20.5,20.5,20.5,20.5,0.0
2019-07-29,19.62,19.62,19.62,19.62,220.0
2019-07-30,19.62,19.62,19.62,19.62,200.0
2019-07-31,19.62,19.62,19.62,19.62,200.0
2019-08-01,19.62,19.62,19.62,19.62,200.0
2019-08-02,19.62,19.62,19.62,19.62,200.0
2019-08-05,19.66,19.66,19.35,19.35,6600.0
2019-08-06,19.64,19.65,19.5,19.65,3862.0
2019-08-07,19.64,19.65,19.5,19.65,3900.0
2019-08-08,19.7,19.7,19.7,19.7,500.0
2019-08-09,19.75,19.75,19.75,19.75,600.0
2019-08-12,19.95,19.95,19.95,19.95,325.0
2019-08-13,20.7,20.7,20.7,20.7,891.0
2019-08-14,21.0,21.0,21.0,21.0,200.0
2019-08-15,21.0,21.0,19.75,20.0,12250.0
2019-08-16,20.0,20.0,20.0,20.0,1.0
2019-08-19,20.0,20.0,20.0,20.0,0.0
2019-08-20,20.0,20.0,20.0,20.0,0.0
2019-08-21,20.45,20.45,20.45,20.45,3026.0
2019-08-22,20.45,20.45,20.45,20.45,0.0
2019-08-23,20.0,20.4,20.0,20.4,490.0
2019-08-26,20.4,20.4,20.4,20.4,0.0
2019-08-27,20.5,20.5,20.5,20.5,2142.0
2019-08-28,20.5,20.5,20.5,20.5,0.0
2019-08-29,20.5,20.5,20.5,20.5,0.0
2019-08-30,20.5,20.5,20.5,20.5,0.0
2019-09-03,20.5,20.5,20.5,20.5,0.0
2019-09-04,20.5,20.5,20.5,20.5,0.0
2019-09-05,20.5,20.5,20.5,20.5,0.0
2019-09-06,20.5,20.5,20.5,20.5,0.0
2019-09-09,20.5,20.5,20.5,20.5,0.0
2019-09-10,20.5,20.5,20.5,20.5,0.0
2019-09-11,20.5,20.5,20.5,20.5,0.0
2019-09-12,20.5,20.5,20.5,20.5,0.0
2019-09-13,20.5,20.5,20.5,20.5,0.0
2019-09-16,20.5,20.5,20.5,20.5,0.0
2019-09-17,20.5,20.5,20.5,20.5,0.0
2019-09-18,20.5,20.5,20.5,20.5,0.0
2019-09-19,20.5,20.5,20.35,20.35,7801.0
2019-09-20,20.35,20.35,20.35,20.35,0.0
2019-09-23,20.35,20.35,20.35,20.35,50.0
2019-09-24,20.95,21.5,20.95,21.5,490.0
2019-09-25,21.0,21.0,21.0,21.0,1270.0
2019-09-26,20.0,20.0,20.0,20.0,610.0
2019-09-27,20.0,20.0,20.0,20.0,0.0
2019-09-30,20.0,20.0,20.0,20.0,2.0
2019-10-01,20.0,20.0,20.0,20.0,0.0
2019-10-02,20.0,20.0,20.0,20.0,0.0
2019-10-03,20.0,20.0,20.0,20.0,0.0
2019-10-04,20.0,20.0,20.0,20.0,5.0
2019-10-07,20.0,20.0,20.0,20.0,0.0
2019-10-08,20.0,20.0,20.0,20.0,0.0
2019-10-09,20.0,20.0,20.0,20.0,0.0
2019-10-10,20.5,20.5,20.5,20.5,200.0
2019-10-11,20.5,20.5,20.5,20.5,0.0
2019-10-14,20.5,20.5,20.5,20.5,424.0
2019-10-15,20.5,20.5,20.5,20.5,0.0
2019-10-16,20.8,21.0,20.8,21.0,2813.0
2019-10-17,20.99,21.0,20.99,21.0,4759.0
2019-10-18,21.0,21.0,21.0,21.0,1.0
2019-10-21,21.0,21.0,21.0,21.0,0.0
2019-10-22,21.0,21.0,21.0,21.0,0.0
2019-10-23,21.0,21.0,21.0,21.0,0.0
2019-10-24,20.8,20.8,20.8,20.8,1134.0
2019-10-25,20.8,20.8,20.8,20.8,13.0
2019-10-28,20.8,20.8,20.8,20.8,299.0
2019-10-29,20.8,20.8,20.8,20.8,0.0
2019-10-30,20.2,20.2,20.2,20.2,1450.0
2019-10-31,20.75,20.75,20.75,20.75,1450.0
2019-11-01,20.786,20.786,20.786,20.786,100.0
2019-11-04,20.3,20.3,20.3,20.3,200.0
2019-11-05,20.99,20.99,20.99,20.99,200.0
2019-11-06,20.985,21.0,20.985,21.0,10600.0
2019-11-07,20.25,20.25,20.25,20.25,3000.0
2019-11-08,20.25,20.25,20.25,20.25,0.0
2019-11-11,20.25,20.25,20.25,20.25,0.0
2019-11-12,20.25,20.25,20.25,20.25,0.0
2019-11-13,20.25,20.25,20.25,20.25,0.0
2019-11-14,20.35,20.5,20.35,20.5,2700.0
2019-11-15,20.5,20.5,20.5,20.5,45.0
2019-11-18,20.5,20.5,20.5,20.5,500.0
2019-11-19,20.7,20.9,20.56,20.56,1884.0
2019-11-20,20.56,20.56,20.56,20.56,0.0
2019-11-21,20.51,20.51,20.51,20.51,6448.0
2019-11-22,20.6,20.6,20.6,20.6,511.0
2019-11-25,20.6,20.6,20.6,20.6,0.0
2019-11-26,20.6,20.6,20.6,20.6,0.0
2019-11-27,20.64,20.64,20.64,20.64,1030.0
2019-11-29,20.64,20.64,20.64,20.64,0.0
2019-12-02,20.65,20.65,20.65,20.65,500.0
2019-12-03,20.9,20.9,20.9,20.9,100.0
2019-12-04,20.87,20.87,20.8,20.87,5325.0
2019-12-05,20.77,21.0,20.77,21.0,1000.0
2019-12-06,21.0,21.0,21.0,21.0,1000.0
2019-12-09,21.0,21.0,20.65,20.66,2306.0
2019-12-10,20.66,20.66,20.66,20.66,0.0
2019-12-11,20.7,20.7,20.66,20.66,1267.0
2019-12-12,21.0,23.0,21.0,22.4,4331.0
2019-12-13,22.4,22.4,22.4,22.4,155.0
2019-12-16,22.4,22.4,22.4,22.4,0.0
2019-12-17,22.4,22.4,22.4,22.4,0.0
2019-12-18,20.75,20.75,20.75,20.75,500.0
2019-12-19,20.75,20.75,20.75,20.75,25.0
2019-12-20,20.75,20.75,20.75,20.75,47.0
2019-12-23,21.5,21.5,21.5,21.5,4.0
2019-12-24,22.9999,22.9999,20.5746,20.71,9871.0
2019-12-26,20.8667,20.8667,20.8667,20.8667,602.0
2019-12-27,20.85,20.85,20.6,20.6,744.0
2019-12-30,20.5358,20.7477,20.3596,20.3596,8830.0
2019-12-31,20.5,20.95,20.435,20.95,7210.0
2020-01-02,20.95,21.33,20.7501,20.7501,5272.0
2020-01-03,20.9701,20.9701,20.87,20.87,614.0
2020-01-06,20.98,20.98,20.9233,20.9233,213.0
2020-01-07,21.0,21.25,21.0,21.25,2719.0
2020-01-08,20.9938,20.9938,20.75,20.8,1324.0
2020-01-09,20.9004,21.1711,20.9004,21.009,1209.0
2020-01-10,21.24,21.25,21.24,21.25,518.0
2020-01-13,21.25,21.25,21.25,21.25,1220.0
2020-01-14,21.09,21.4999,21.09,21.4999,1446.0
2020-01-15,21.3537,21.3537,21.3537,21.3537,227.0
2020-01-16,21.2939,21.5,21.2939,21.5,1009.0
2020-01-17,21.5,21.5,21.1946,21.1946,1050.0
2020-01-21,21.5,21.5,21.22,21.4087,2790.0
2020-01-22,21.4087,21.4087,21.4087,21.4087,3.0
2020-01-23,21.4087,21.4087,21.4087,21.4087,0.0
2020-01-24,21.3,21.3,21.3,21.3,106.0
2020-01-27,21.3,21.3,21.3,21.3,734.0
2020-01-28,21.174,21.5,21.174,21.5,1968.0
2020-01-29,21.5,21.5,21.5,21.5,0.0
2020-01-30,21.3,21.55,21.3,21.5,10904.0
2020-01-31,21.62,21.65,21.21,21.64,8050.0
2020-02-03,21.5,21.5,21.47,21.47,1552.0
2020-02-04,21.15,21.5,21.12,21.4573,5130.0
2020-02-05,21.1643,21.1643,21.1643,21.1643,573.0
2020-02-06,21.1958,21.25,21.16,21.185,1092.0
2020-02-07,21.185,21.185,21.185,21.185,2.0
2020-02-10,21.24,21.24,21.24,21.24,300.0
2020-02-11,21.06,21.06,21.06,21.06,7000.0
2020-02-12,21.05,21.05,21.0,21.0,2648.0
2020-02-13,20.42,20.42,20.4,20.4,502.0
2020-02-14,20.5,22.0,20.5,22.0,5257.0
2020-02-18,21.5,21.5,20.9506,20.9506,1542.0
2020-02-19,20.7544,20.99,20.4,20.4,7576.0
2020-02-20,20.52,20.52,20.52,20.52,5362.0
2020-02-21,20.52,20.52,20.52,20.52,5.0
2020-02-24,20.9,20.9,20.45,20.72,2034.0
2020-02-25,20.72,20.72,20.72,20.72,50.0
2020-02-26,20.31,20.75,20.31,20.5,6841.0
2020-02-27,20.3508,20.3508,20.3508,20.3508,1191.0
2020-02-28,20.1242,20.75,20.1242,20.21,8829.0
2020-03-02,20.25,20.49,20.25,20.4505,1025.0
2020-03-03,20.45,20.45,20.11,20.15,5144.0
2020-03-04,20.02,20.02,20.02,20.02,1500.0
2020-03-05,19.85,20.085,19.85,20.085,1829.0
2020-03-06,19.99,19.99,19.99,19.99,239.0
2020-03-09,19.8,19.8,19.75,19.75,650.0
2020-03-10,20.1768,20.1768,18.69,19.75,750.0
2020-03-11,19.02,19.98,19.02,19.98,1013.0
2020-03-12,17.25,17.25,17.25,17.25,734.0
2020-03-13,17.25,18.13,17.25,17.3,1500.0
2020-03-16,16.495,16.495,16.495,16.495,165.0
2020-03-17,16.95,17.0,16.65,16.65,1811.0
2020-03-18,16.52,16.65,16.08,16.1,5763.0
2020-03-19,16.1,16.11,16.0,16.0,1051.0
2020-03-20,15.76,16.05,15.26,16.05,1514.0
2020-03-23,16.05,16.05,16.05,16.05,40.0
2020-03-24,16.0,16.0,15.91,15.91,685.0
2020-03-25,15.82,15.82,14.82,15.5,4027.0
2020-03-26,15.41,15.5,15.33,15.46,6973.0
2020-03-27,15.7213,15.95,15.7,15.95,5847.0
2020-03-30,15.9579,15.99,15.9579,15.99,2580.0
2020-03-31,16.0,16.0,15.95,15.95,2545.0
2020-04-01,15.95,15.95,15.95,15.95,63.0
2020-04-02,15.8302,15.8302,15.8302,15.8302,115.0
2020-04-03,15.8707,15.8707,15.87,15.87,245.0
2020-04-06,15.99,15.99,15.79,15.94,6405.0
2020-04-07,15.9555,15.97,15.9555,15.97,997.0
2020-04-08,15.97,16.0,15.94,15.94,4841.0
2020-04-09,16.0,16.0,15.9812,16.0,1514.0
2020-04-13,15.25,15.95,15.25,15.89,1209.0
2020-04-14,15.9,15.9501,15.9,15.95,5594.0
2020-04-15,15.8601,15.93,15.8601,15.93,1983.0
2020-04-16,15.86,16.0,15.86,16.0,540.0
2020-04-17,16.0,16.0,15.9649,15.9649,573.0
2020-04-20,15.91,15.93,15.91,15.93,855.0
2020-04-21,16.0,16.1,15.98,15.98,4645.0
2020-04-22,16.1,16.1,16.1,16.1,100.0
2020-04-23,15.98,15.98,15.9,15.98,2263.0
2020-04-24,15.94,16.04,15.9,16.0,4367.0
2020-04-27,16.0,16.0,16.0,16.0,54.0
2020-04-28,15.9759,15.98,15.9578,15.98,1939.0
2020-04-29,15.99,16.0,15.5,15.5,3232.0
2020-04-30,15.71,15.76,15.71,15.76,2349.0
2020-05-01,16.0,16.0998,15.98,15.98,2006.0
2020-05-04,16.0545,16.1,16.02,16.1,781.0
2020-05-05,16.1,16.1,16.01,16.1,7177.0
2020-05-06,16.06,16.06,15.99,15.99,2002.0
2020-05-07,16.05,16.1,15.96,15.97,6352.0
2020-05-08,16.0,16.14,15.56,16.14,3440.0
2020-05-11,16.14,16.14,16.14,16.14,528.0
2020-05-12,15.2451,15.4314,14.9791,15.0899,4043.0
2020-05-13,15.0086,15.09,14.82,14.82,3785.0
2020-05-14,15.295,15.295,14.85,14.85,7072.0
2020-05-15,14.85,14.99,14.76,14.99,2051.0
2020-05-18,15.0,15.0,14.915,14.915,1608.0
2020-05-19,16.13,16.13,15.01,15.075,991.0
2020-05-20,15.3,15.3,15.0,15.0,508.0
2020-05-21,14.85,14.85,14.85,14.85,1662.0
2020-05-22,14.85,14.85,14.85,14.85,211.0
2020-05-26,14.75,14.775,14.55,14.775,885.0
2020-05-27,14.775,14.775,14.775,14.775,114.0
2020-05-28,14.9042,14.9042,14.6,14.6,613.0
2020-05-29,14.6,14.6,14.6,14.6,1278.0
2020-06-01,14.655,14.655,14.3,14.3,2783.0
2020-06-02,14.7173,14.99,14.31,14.31,3241.0
2020-06-03,14.85,15.5,14.85,15.49,12171.0
2020-06-04,15.215,15.6499,15.215,15.5,3696.0
2020-06-05,15.7463,15.7463,15.51,15.51,2351.0
2020-06-08,15.94,15.94,15.53,15.53,4304.0
2020-06-09,15.51,15.51,15.51,15.51,946.0
2020-06-10,15.68,15.6899,15.5,15.5,24174.0
2020-06-11,15.65,15.8,15.48,15.8,4961.0
2020-06-12,15.5469,15.6,15.0,15.1,28480.0
2020-06-15,16.0,16.0,15.16,15.31,3808.0
2020-06-16,15.85,15.85,15.85,15.85,268.0
2020-06-17,16.0,16.1,15.75,15.91,8181.0
2020-06-18,16.05,17.41,16.0,16.81,29473.0
2020-06-19,16.25,16.73,15.0,15.0,38649.0
2020-06-22,16.34,16.34,15.0,15.65,5874.0
2020-06-23,15.65,15.65,15.15,15.15,969.0
2020-06-24,15.72,15.72,15.15,15.3902,2232.0
2020-06-25,15.39,15.48,15.16,15.16,1810.0
2020-06-26,15.15,15.9,15.15,15.9,20429.0
2020-06-29,15.7202,15.7202,15.2,15.2,1360.0
2020-06-30,15.3,15.4761,15.2102,15.2102,1003.0
2020-07-01,15.54,15.7493,15.42,15.42,1254.0
2020-07-02,15.45,15.6,15.18,15.23,31164.0
2020-07-06,15.23,15.24,14.7,15.24,7216.0
2020-07-07,14.51,15.025,14.51,15.025,494.0
2020-07-08,15.06,15.06,15.025,15.025,1214.0
2020-07-09,15.0,15.24,15.0,15.24,1063.0
2020-07-10,15.24,15.24,15.24,15.24,112.0
2020-07-13,15.25,15.25,15.25,15.25,202.0
2020-07-14,15.25,15.31,15.25,15.31,429.0
2020-07-15,15.62,15.62,15.6,15.6,296.0
2020-07-16,15.6,15.6,15.6,15.6,32.0
2020-07-17,15.6,15.6,15.6,15.6,1.0
2020-07-20,15.7399,15.7399,15.02,15.02,2929.0
2020-07-21,15.12,15.59,15.12,15.5899,1620.0
2020-07-22,15.59,15.59,15.55,15.55,1229.0
2020-07-23,15.0006,15.48,15.0006,15.02,754.0
2020-07-24,15.02,15.02,15.0,15.0,378.0
2020-07-27,15.0001,15.3,15.0,15.075,1657.0
2020-07-28,15.15,15.15,15.145,15.1499,669.0
2020-07-29,15.1499,15.1499,15.1499,15.1499,113.0
2020-07-30,15.6,15.6,15.4164,15.4164,2581.0
2020-07-31,15.33,15.33,15.33,15.33,265.0
2020-08-03,15.6,15.6,15.33,15.4031,906.0
2020-08-04,15.33,15.3301,15.33,15.3301,594.0
2020-08-05,15.3,15.3,14.829,15.0,7263.0
2020-08-06,15.0244,15.0244,14.84,14.9,1487.0
2020-08-07,14.9,15.0,14.49,14.65,2967.0
2020-08-10,14.3607,14.535,14.32,14.32,2238.0
2020-08-11,14.625,14.625,14.5,14.625,1961.0
2020-08-12,14.6719,14.6719,14.43,14.45,3422.0
2020-08-13,14.75,14.75,13.4101,13.7,14858.0
2020-08-14,13.85,13.85,13.72,13.72,5921.0
2020-08-17,13.74,13.8,13.51,13.51,5129.0
2020-08-18,13.55,13.8,13.51,13.8,13186.0
2020-08-19,14.14,14.14,13.75,13.75,2392.0
2020-08-20,13.86,14.2,13.86,14.2,1735.0
2020-08-21,13.55,14.0,13.55,13.8,1852.0
2020-08-24,14.17,14.17,13.89,13.89,1481.0
2020-08-25,13.975,13.975,13.95,13.95,352.0
2020-08-26,13.95,14.0,13.95,14.0,2920.0
2020-08-27,14.0,14.42,14.0,14.42,2547.0
2020-08-28,14.05,14.05,13.9307,14.0,2505.0
2020-08-31,14.25,14.25,13.62,13.62,776.0
2020-09-01,13.7,13.9,13.6,13.9,735.0
2020-09-02,14.0,14.0,13.5201,13.83,1746.0
2020-09-03,13.665,13.8098,13.52,13.75,2105.0
2020-09-04,13.8,13.8,13.6798,13.6798,1814.0
2020-09-08,13.56,13.65,13.56,13.65,420.0
2020-09-09,14.0,14.0,13.755,13.81,2044.0
2020-09-10,13.84,13.89,13.57,13.58,5779.0
2020-09-11,13.5,13.76,13.5,13.61,3014.0
2020-09-14,13.75,13.75,13.6819,13.7131,5120.0
2020-09-15,13.75,13.7699,13.5899,13.61,6472.0
2020-09-16,13.75,13.85,13.7,13.745,1051.0
2020-09-17,13.61,13.63,13.61,13.62,1549.0
2020-09-18,13.675,14.37,13.6201,14.37,5790.0
2020-09-21,15.6,15.6,13.62,13.62,2903.0
2020-09-22,13.62,13.62,13.62,13.62,418.0
2020-09-23,13.62,13.62,13.62,13.62,90.0
2020-09-24,13.62,13.62,13.62,13.62,7.0
2020-09-25,13.74,14.0517,13.53,13.57,5529.0
2020-09-28,13.82,13.82,13.52,13.52,1425.0
2020-09-29,13.52,14.0,13.52,13.53,3878.0
2020-09-30,13.55,13.55,13.55,13.55,374.0
2020-10-01,13.55,13.7,13.5,13.5,2683.0
2020-10-02,13.605,13.64,13.605,13.64,327.0
2020-10-05,13.8,13.95,13.73,13.8,4685.0
2020-10-06,13.85,14.52,13.85,13.93,4500.0
2020-10-07,13.95,13.9937,13.95,13.9501,1754.0
2020-10-08,14.3461,14.44,14.3461,14.355,1651.0
2020-10-09,13.85,14.21,13.85,14.09,2445.0
2020-10-12,13.85,13.85,13.47,13.47,5901.0
2020-10-13,13.88,14.02,13.64,13.75,3266.0
2020-10-14,13.77,13.78,13.77,13.78,1707.0
2020-10-15,13.78,13.89,13.78,13.89,712.0
2020-10-16,13.8894,13.89,13.73,13.74,1292.0
2020-10-19,13.89,13.91,13.63,13.63,2671.0
2020-10-20,14.841,14.841,13.9391,14.3,2972.0
2020-10-21,13.8794,13.88,13.8794,13.88,1141.0
2020-10-22,13.98,14.38,13.98,14.14,2331.0
2020-10-23,14.14,14.14,14.14,14.14,106.0
2020-10-26,13.95,13.995,13.7,13.81,2742.0
2020-10-27,14.09,14.15,13.7,13.7,1855.0
2020-10-28,13.85,13.85,13.61,13.61,1651.0
2020-10-29,13.61,13.61,13.61,13.61,275.0
2020-10-30,13.63,13.63,13.61,13.61,1319.0
2020-11-02,14.0,14.2,13.77,14.09,8402.0
2020-11-03,14.32,14.4,13.95,14.1695,4872.0
2020-11-04,14.17,14.335,14.17,14.1701,1583.0
2020-11-05,14.41,14.41,13.98,14.015,4758.0
2020-11-06,14.14,14.39,14.0,14.3,3087.0
2020-11-09,14.14,14.4,14.0,14.21,3528.0
2020-11-10,14.5,15.409,14.32,14.55,3075.0
2020-11-11,14.19,14.62,14.17,14.52,996.0
2020-11-12,14.465,15.2,14.465,15.2,2453.0
2020-11-13,14.35,14.8,14.34,14.365,2034.0
2020-11-16,14.39,15.15,14.39,14.54,2266.0
2020-11-17,14.62,15.28,14.62,14.9,4137.0
2020-11-18,14.6461,15.12,14.5701,14.5701,3520.0
2020-11-19,14.64,15.14,14.62,14.65,3843.0
2020-11-20,14.81,15.09,14.65,14.65,1150.0
2020-11-23,14.71,15.72,14.66,15.0,10422.0
2020-11-24,15.15,15.385,15.15,15.15,2782.0
2020-11-25,15.0,15.36,15.0,15.36,1236.0
2020-11-27,15.2741,15.2741,15.2741,15.2741,262.0
2020-11-30,15.0,15.0,14.81,14.81,774.0
2020-12-01,14.99,15.29,14.99,15.21,1930.0
2020-12-02,15.62,15.62,15.25,15.25,1417.0
2020-12-03,15.75,15.85,15.71,15.85,3584.0
2020-12-04,16.04,16.3004,15.91,15.91,1518.0
2020-12-07,16.9254,16.9254,16.04,16.075,2962.0
2020-12-08,16.2412,16.2412,16.115,16.115,2169.0
2020-12-09,16.2,16.2699,16.075,16.075,419.0
2020-12-10,16.006,16.41,15.94,16.41,4857.0
2020-12-11,16.11,17.57,16.11,17.215,77211.0
2020-12-14,17.75,18.08,17.335,17.7,5675.0
2020-12-15,18.0,18.0,17.35,17.9,53375.0
2020-12-16,18.2,18.2,17.5,17.5,2978.0
2020-12-17,17.7,18.04,17.55,18.04,4574.0
2020-12-18,18.03,18.04,17.14,17.14,1327.0
2020-12-21,17.25,18.08,17.25,18.08,2781.0
2020-12-22,17.85,18.02,17.69,18.02,1355.0
2020-12-23,17.87,18.02,17.68,17.88,1975.0
2020-12-24,17.731,18.15,17.731,17.91,2865.0
2020-12-28,18.25,18.25,17.85,18.1,5594.0
2020-12-29,17.9999,18.1,17.75,17.75,7939.0
2020-12-30,17.72,18.1,17.72,18.0,496.0
2020-12-31,17.905,18.19,17.81,17.81,1215.0
2021-01-04,18.0,18.04,17.85,17.85,8290.0
2021-01-05,18.05,18.09,17.94,17.94,808.0
2021-01-06,17.8503,18.2,17.63,17.63,2114.0
2021-01-07,17.65,18.26,17.65,18.15,9885.0
2021-01-08,18.16,18.35,18.0,18.3,5324.0
2021-01-11,18.25,18.34,18.2,18.2,658.0
2021-01-12,17.75,18.75,17.75,18.75,6266.0
2021-01-13,18.75,19.0,18.7094,19.0,4420.0
2021-01-14,18.9,19.0,18.85,18.9,4469.0
2021-01-15,18.88,18.9,18.74,18.74,1034.0
2021-01-19,19.19,19.4,19.0,19.4,15993.0
2021-01-20,19.75,19.75,19.0,19.61,8933.0
2021-01-21,19.5,20.0,19.5,19.8,12602.0
2021-01-22,19.0,19.95,19.0,19.5,10675.0
2021-01-25,19.15,19.86,19.15,19.21,6301.0
2021-01-26,19.25,19.425,18.71,18.71,4843.0
2021-01-27,18.56,19.19,18.56,18.6,1560.0
2021-01-28,18.6,18.9999,18.0,18.6,1658.0
2021-01-29,18.6,18.83,18.6,18.83,2113.0
2021-02-01,18.99,19.74,18.99,19.46,7352.0
2021-02-02,19.04,19.35,18.85,19.05,17882.0
2021-02-03,19.16,19.16,19.0,19.05,35555.0
2021-02-04,19.15,19.24,19.005,19.23,19462.0
2021-02-05,19.6,19.65,19.1,19.35,9691.0
2021-02-08,19.35,19.65,19.3,19.63,37158.0
2021-02-09,19.69,19.85,19.51,19.82,24917.0
2021-02-10,19.93,24.33,19.6,21.24,176312.0
2021-02-11,22.25,22.68,20.04,20.13,49112.0
2021-02-12,20.157,20.5,20.0,20.29,22419.0
2021-02-16,20.5,20.5,19.44,19.9,29519.0
2021-02-17,19.56,20.5,19.56,19.75,22970.0
2021-02-18,20.26,20.26,19.11,19.7,15476.0
2021-02-19,19.41,20.24,19.41,20.02,23578.0
2021-02-22,19.85,20.115,19.66,19.8,37159.0
2021-02-23,19.8,20.0,19.8,19.9,21962.0
2021-02-24,19.9,20.1,19.5,19.95,40204.0
2021-02-25,20.275,20.275,19.85,19.95,31832.0
2021-02-26,19.779,20.495,19.72,19.97,23425.0
2021-03-01,20.0711,20.4,20.05,20.4,33841.0
2021-03-02,20.26,20.26,19.53,20.0,14729.0
2021-03-03,19.91,20.7,19.88,20.45,31221.0
2021-03-04,20.4,20.4,20.0,20.01,16518.0
2021-03-05,20.17,20.25,19.8,19.82,14401.0
2021-03-08,20.39,21.01,20.05,21.0,21750.0
2021-03-09,21.0,21.25,20.62,20.83,19439.0
2021-03-10,20.65,21.25,20.6,21.23,28943.0
2021-03-11,21.0,21.25,20.9701,21.25,17540.0
2021-03-12,21.25,21.72,21.24,21.5,15596.0
2021-03-15,21.74,21.75,20.9501,21.56,80221.0
2021-03-16,21.88,22.0,21.3,21.52,46272.0
2021-03-17,21.48,22.01,21.45,21.73,68381.0
2021-03-18,22.25,22.25,22.02,22.22,77174.0
2021-03-19,22.25,22.25,21.3,21.3,157081.0
2021-03-22,22.0,22.0,21.4,21.93,58723.0
2021-03-23,21.66,22.15,21.66,22.0,14051.0
2021-03-24,22.07,22.08,22.0,22.05,28209.0
2021-03-25,22.0758,22.22,21.955,22.22,19039.0
2021-03-26,22.25,22.4,22.09,22.3,76601.0
2021-03-29,22.29,22.29,22.0,22.01,5591.0
2021-03-30,22.0,22.27,21.9,22.2,12325.0
2021-03-31,22.2,22.2,21.8,21.94,23171.0
2021-04-01,22.0,22.25,21.75,22.13,24520.0
2021-04-05,22.38,22.38,22.02,22.15,17776.0
2021-04-06,22.0,22.23,22.0,22.14,11916.0
2021-04-07,22.0101,22.25,22.0101,22.195,21262.0
2021-04-08,22.01,22.4,22.01,22.39,39831.0
2021-04-09,22.4,22.4,22.36,22.4,17443.0
2021-04-12,22.4,22.4,22.24,22.35,26946.0
2021-04-13,22.31,22.37,22.215,22.29,21946.0
2021-04-14,22.3,22.4,22.21,22.25,18145.0
2021-04-15,22.26,22.45,22.26,22.4,13668.0
2021-04-16,22.4,22.88,22.2,22.87,27122.0
2021-04-19,22.88,23.75,22.65,23.27,48340.0
2021-04-20,23.1883,23.42,23.0001,23.11,178956.0
2021-04-21,23.32,23.32,23.1131,23.13,21390.0
2021-04-22,23.32,23.375,23.01,23.31,63324.0
2021-04-23,23.44,23.44,23.155,23.34,27070.0
2021-04-26,23.45,23.45,23.25,23.35,32654.0
2021-04-27,23.19,23.97,23.0,23.9,29551.0
2021-04-28,23.99,23.99,23.71,23.84,47867.0
2021-04-29,23.93,23.99,23.44,23.95,34909.0
2021-04-30,23.98,23.98,23.75,23.81,51461.0
2021-05-03,15.68,16.0,15.32,15.69,60071.0
2021-05-04,15.74,16.14,15.655,16.0,82002.0
2021-05-05,16.06,16.7,15.9,16.66,53284.0
2021-05-06,16.53,16.68,16.28,16.47,116614.0
2021-05-07,16.56,16.97,16.36,16.46,39255.0
2021-05-10,16.42,16.8,16.32,16.75,30727.0
2021-05-11,16.57,16.71,16.51,16.59,29753.0
2021-05-12,16.485,16.9,16.47,16.61,26889.0
2021-05-13,16.72,16.75,16.41,16.51,119178.0
2021-05-14,16.67,16.67,16.05,16.33,36642.0
2021-05-17,16.33,16.45,16.3,16.43,48695.0
2021-05-18,16.4,16.94,16.4,16.68,22931.0
2021-05-19,16.2202,16.8,16.2202,16.73,47509.0
2021-05-20,16.99,17.48,16.89,17.3,79080.0
2021-05-21,17.45,17.45,17.03,17.07,48362.0
2021-05-24,16.96,17.6,16.96,17.49,54049.0
2021-05-25,17.5,17.5,17.32,17.36,39447.0
2021-05-26,17.45,17.8,17.4,17.57,30151.0
2021-05-27,17.69,18.24,17.43,17.43,32997.0
2021-05-28,17.8,17.8,17.25,17.32,19060.0
2021-06-01,17.3585,17.46,17.05,17.32,44521.0
2021-06-02,17.18,17.43,16.95,16.97,46650.0
2021-06-03,16.95,17.22,16.37,16.55,71150.0
2021-06-04,16.84,17.6,16.72,17.55,42603.0
2021-06-07,17.25,17.63,16.8714,17.1,201673.0
2021-06-08,17.2,17.29,16.9,16.94,90337.0
2021-06-09,16.94,17.12,16.8601,16.95,78720.0
2021-06-10,17.05,17.1,16.5,16.94,71775.0
2021-06-11,16.98,17.1,16.875,17.08,75076.0
2021-06-14,17.08,17.47,16.94,17.32,94984.0
2021-06-15,17.43,17.65,17.24,17.5,75565.0
2021-06-16,17.5,17.78,17.35,17.75,188600.0
2021-06-17,17.69,17.75,17.19,17.32,189663.0
2021-06-18,17.01,17.33,16.82,17.17,196293.0
2021-06-21,17.09,17.6,17.09,17.38,240200.0
2021-06-22,17.35,17.72,16.81,17.04,185845.0
2021-06-23,16.97,17.26,16.94,16.94,82162.0
2021-06-24,17.03,17.47,16.85,17.39,132445.0
2021-06-25,17.43,17.64,16.54,16.9,2017643.0
2021-06-28,16.71,17.59,16.53,17.16,66987.0
2021-06-29,17.33,17.72,17.22,17.61,68860.0
2021-06-30,17.54,17.715,17.33,17.52,103109.0
2021-07-01,17.61,18.18,17.61,17.93,57166.0
2021-07-02,17.89,18.355,17.84,18.1,45719.0
2021-07-06,18.04,18.32,17.9014,18.16,56860.0
2021-07-07,18.175,18.58,18.05,18.2,25614.0
2021-07-08,18.2,18.2,17.25,17.45,44508.0
2021-07-09,17.51,18.71,17.51,18.11,49500.0
2021-07-12,18.19,18.24,17.99,18.22,32797.0
2021-07-13,18.09,18.23,17.83,18.03,33523.0
2021-07-14,18.09,18.36,17.91,18.26,57673.0
2021-07-15,17.95,18.68,17.02,17.97,144325.0
2021-07-16,18.22,18.27,17.4,17.64,98141.0
2021-07-19,17.34,17.5,16.7,16.9,100471.0
2021-07-20,16.93,17.35,16.59,16.77,162841.0
2021-07-21,17.03,17.31,16.82,16.97,46362.0
2021-07-22,16.97,17.17,16.41,16.67,82005.0
2021-07-23,16.74,16.74,16.36,16.49,46832.0
2021-07-26,16.27,16.9,16.27,16.7,30585.0
2021-07-27,16.61,16.9,16.545,16.84,38690.0
2021-07-28,17.0,17.24,16.68,16.98,51639.0
2021-07-29,17.03,17.39,16.984,17.25,47211.0
2021-07-30,17.04,17.4,16.85,17.13,66951.0
2021-08-02,17.21,17.42,16.92,17.13,35404.0
2021-08-03,17.13,17.46,17.13,17.43,47849.0
2021-08-04,17.36,17.45,17.08,17.08,23963.0
2021-08-05,17.27,17.5,17.1835,17.29,34976.0
2021-08-06,17.5,17.83,17.49,17.53,34316.0
2021-08-09,17.59,17.67,17.07,17.48,20741.0
2021-08-10,17.69,17.69,17.4801,17.6,18173.0
2021-08-11,17.81,17.81,17.09,17.6,67588.0
2021-08-12,17.42,17.9,17.42,17.9,43934.0
2021-08-13,17.91,17.93,17.66,17.86,17919.0
2021-08-16,17.72,17.965,17.48,17.71,57933.0
2021-08-17,17.66,17.83,17.05,17.4,44026.0
2021-08-18,17.42,17.7,17.42,17.6,36231.0
2021-08-19,17.34,17.57,17.11,17.57,32794.0
2021-08-20,17.38,17.8,17.24,17.8,59311.0
2021-08-23,17.86,17.86,17.45,17.45,27276.0
2021-08-24,17.55,17.55,17.16,17.2,19368.0
2021-08-25,17.34,17.53,17.25,17.28,20107.0
2021-08-26,17.41,17.44,17.2,17.27,29591.0
2021-08-27,17.42,17.8,17.34,17.8,45639.0
2021-08-30,17.65,17.65,17.29,17.3,24147.0
2021-08-31,17.43,17.75,17.37,17.75,35571.0
2021-09-01,17.75,17.84,17.5,17.74,53865.0
2021-09-02,17.77,17.8,17.53,17.78,29902.0
2021-09-03,17.81,18.0,17.6,17.94,20227.0
2021-09-07,18.0,18.0,17.51,17.64,24540.0
2021-09-08,17.55,17.87,17.55,17.63,24101.0
2021-09-09,17.642,18.0,17.63,17.73,60259.0
2021-09-10,17.73,17.73,17.19,17.28,55830.0
2021-09-13,17.38,17.51,17.11,17.17,18219.0
2021-09-14,17.2,17.25,16.9877,17.05,40747.0
2021-09-15,17.22,17.22,17.0,17.13,32033.0
2021-09-16,17.1,17.27,16.99,17.01,24355.0
2021-09-17,17.25,17.75,17.05,17.74,174352.0
2021-09-20,17.55,17.55,16.47,16.92,30286.0
2021-09-21,17.13,17.49,16.9,16.91,19434.0
2021-09-22,17.17,17.47,16.99,17.09,30572.0
2021-09-23,17.29,17.345,17.05,17.31,26743.0
2021-09-24,17.15,17.36,17.06,17.28,29842.0
2021-09-27,17.29,17.71,17.29,17.57,23845.0
2021-09-28,17.68,17.68,17.32,17.34,14415.0
2021-09-29,17.38,17.97,17.38,17.78,45162.0
2021-09-30,17.86,17.96,17.5,17.59,31050.0
2021-10-01,17.68,18.05,17.44,17.86,43630.0
2021-10-04,17.85,17.91,17.63,17.73,24386.0
2021-10-05,18.0162,18.0221,17.77,17.91,74953.0
2021-10-06,17.75,17.8828,17.75,17.83,38023.0
2021-10-07,18.01,18.24,17.8,18.24,75418.0
2021-10-08,18.12,18.19,17.91,17.95,19336.0
2021-10-11,18.16,18.23,18.02,18.11,16991.0
2021-10-12,18.23,18.23,18.0102,18.16,16485.0
2021-10-13,18.13,18.2,18.0,18.15,15987.0
2021-10-14,18.25,18.44,17.96,18.03,27400.0
2021-10-15,18.71,19.22,17.92,18.57,445031.0
2021-10-18,18.8007,18.94,18.63,18.87,47389.0
2021-10-19,19.1,19.1,18.645,18.71,29141.0
2021-10-20,18.55,18.775,18.26,18.35,47040.0
2021-10-21,18.41,18.4599,18.2,18.25,23624.0
2021-10-22,18.36,18.4,18.14,18.16,59195.0
2021-10-25,18.4,18.54,18.3204,18.5,24095.0
2021-10-26,18.5,18.6,18.19,18.23,36207.0
2021-10-27,18.22,18.55,18.14,18.19,26871.0
2021-10-28,18.15,18.48,18.09,18.15,38489.0
2021-10-29,18.15,18.64,18.115,18.35,45484.0
2021-11-01,18.27,18.84,18.2,18.81,61531.0
2021-11-02,18.84,18.84,18.57,18.7,59588.0
2021-11-03,18.62,18.98,18.5,18.82,78521.0
2021-11-04,18.73,18.79,18.32,18.68,85690.0
2021-11-05,18.9,18.9,17.89,18.14,184072.0
2021-11-08,18.25,18.86,18.25,18.55,42696.0
2021-11-09,18.59,18.68,18.175,18.35,37186.0
2021-11-10,18.2,18.35,18.1,18.29,46662.0
2021-11-11,18.24,18.56,18.11,18.46,32262.0
2021-11-12,18.27,18.445,18.27,18.4,40039.0
2021-11-15,18.31,18.58,18.15,18.58,39935.0
2021-11-16,18.44,18.81,18.42,18.5,138754.0
2021-11-17,18.63,18.63,18.25,18.46,60456.0
2021-11-18,18.295,18.56,18.15,18.33,53091.0
2021-11-19,18.15,18.56,18.15,18.22,26918.0
2021-11-22,18.37,18.49,18.06,18.29,77363.0
2021-11-23,18.27,18.78,18.27,18.68,49073.0
2021-11-24,18.65,18.91,18.43,18.5,43965.0
2021-11-26,18.02,18.4335,17.78,18.14,34418.0
2021-11-29,18.47,18.47,17.74,17.91,32415.0
2021-11-30,17.7,17.96,17.7,17.81,25522.0
2021-12-01,18.11,18.23,17.77,17.83,34253.0
2021-12-02,17.7175,18.31,17.7175,18.28,30452.0
2021-12-03,18.22,18.4,17.91,18.01,24826.0
2021-12-06,18.25,18.3681,18.15,18.22,51402.0
2021-12-07,18.37,18.49,18.11,18.11,36983.0
2021-12-08,18.0365,18.25,17.95,18.03,17026.0
2021-12-09,17.84,18.19,17.7,17.76,20570.0
2021-12-10,17.99,18.07,17.77,17.84,25660.0
2021-12-13,17.83,17.9,17.71,17.79,40805.0
2021-12-14,17.66,17.86,17.62,17.8,70064.0
2021-12-15,17.8,17.97,17.56,17.72,34486.0
2021-12-16,17.9,17.96,17.71,17.89,67424.0
2021-12-17,17.74,17.95,17.43,17.75,127705.0
2021-12-20,17.58,17.58,17.29,17.31,52774.0
2021-12-21,17.45,17.9,17.36,17.85,30272.0
2021-12-22,17.42,17.96,17.42,17.75,25578.0
2021-12-23,17.7389,17.84,17.7389,17.83,13458.0
2021-12-27,17.3,17.95,17.3,17.92,20979.0
2021-12-28,17.6923,17.92,17.6923,17.81,22049.0
2021-12-29,17.89,18.185,17.88,18.12,108257.0
2021-12-30,17.985,18.1,17.84,17.95,18608.0
2021-12-31,17.01,18.025,17.01,17.9,37128.0
2022-01-03,17.75,18.03,17.65,17.84,43277.0
2022-01-04,17.9647,18.07,17.85,17.85,11191.0
2022-01-05,17.74,17.98,17.55,17.93,23270.0
2022-01-06,17.75,18.05,17.75,17.91,46444.0
2022-01-07,17.92,18.3,17.89,18.15,18934.0
2022-01-10,18.01,18.3,17.965,18.25,17909.0
2022-01-11,18.14,18.26,18.04,18.2,11370.0
2022-01-12,18.25,18.37,17.87,18.1,47807.0
2022-01-13,18.08,18.3,17.91,18.02,112891.0
2022-01-14,18.14,18.28,17.75,17.88,170334.0
2022-01-18,17.71,17.98,17.71,17.9,182092.0
2022-01-19,17.9,18.02,17.795,17.98,42924.0
2022-01-20,18.07,18.09,17.87,17.9,31673.0
2022-01-21,18.0,18.25,17.68,17.71,689139.0
2022-01-24,17.5,18.0,17.49,17.91,178695.0
2022-01-25,17.81,18.12,17.445,18.09,117909.0
2022-01-26,18.0,18.4,17.92,18.12,138521.0
2022-01-27,18.36,18.5,17.73,17.94,82307.0
2022-01-28,18.02,18.48,17.7,18.22,57411.0
2022-01-31,18.03,18.3,17.95,18.24,88110.0
2022-02-01,18.21,18.325,17.84,18.23,55685.0
2022-02-02,18.08,18.19,17.88,17.98,84516.0
2022-02-03,17.98,17.98,17.13,17.42,84701.0
2022-02-04,17.57,17.74,17.24,17.7,54912.0
2022-02-07,17.63,17.89,17.26,17.59,63351.0
2022-02-08,17.52,17.7,17.52,17.59,34345.0
2022-02-09,17.57,17.73,17.175,17.3,61205.0
2022-02-10,17.33,17.45,16.84,17.18,94190.0
2022-02-11,17.26,17.2713,16.96,17.05,36803.0
2022-02-14,16.92,17.04,16.88,16.92,35330.0
2022-02-15,17.1,17.1,16.94,16.97,37050.0
2022-02-16,16.87,17.14,16.86,17.09,24121.0
2022-02-17,16.98,17.1,16.85,16.88,37184.0
2022-02-18,16.71,17.14,16.52,17.09,54107.0
2022-02-22,17.0,17.05,16.53,16.55,30379.0
2022-02-23,16.74,16.75,16.5,16.5,50217.0
2022-02-24,16.39,16.44,15.98,16.44,52620.0
2022-02-25,16.42,16.59,16.22,16.47,34126.0
2022-02-28,16.23,16.48,15.89,16.05,60117.0
2022-03-01,16.05,16.05,15.69,15.73,63757.0
2022-03-02,15.87,16.48,15.87,15.97,50468.0
2022-03-03,16.09,16.2011,15.75,15.79,30688.0
2022-03-04,15.62,15.78,15.47,15.65,38400.0
2022-03-07,15.66,15.72,14.9901,15.31,49352.0
2022-03-08,15.28,15.7,15.0739,15.27,62023.0
2022-03-09,15.56,15.82,15.45,15.53,33343.0
2022-03-10,15.31,15.49,15.23,15.35,37212.0
2022-03-11,15.36,15.56,15.36,15.41,33863.0
2022-03-14,15.22,15.59,15.06,15.1,51649.0
2022-03-15,15.19,15.19,15.06,15.09,16599.0
2022-03-16,15.23,15.23,15.06,15.12,33902.0
2022-03-17,15.06,15.179,14.91,15.07,27607.0
2022-03-18,15.05,15.09,14.86,14.99,84472.0
2022-03-21,14.91,15.34,14.88,15.18,125152.0
2022-03-22,15.15,15.43,15.15,15.3,31807.0
2022-03-23,15.15,15.71,15.01,15.05,33227.0
2022-03-24,15.165,15.36,15.075,15.26,19184.0
2022-03-25,15.5592,15.5592,15.13,15.22,32357.0
2022-03-28,15.15,15.25,15.0,15.17,26137.0
2022-03-29,15.32,15.54,15.09,15.32,59124.0
2022-03-30,15.41,15.41,15.0,15.04,38901.0
2022-03-31,15.17,15.485,15.0,15.17,57639.0
2022-04-01,15.38,15.38,14.91,15.09,39280.0
2022-04-04,15.1875,15.28,14.81,15.0,54376.0
2022-04-05,14.9105,14.99,14.8,14.85,31337.0
2022-04-06,14.77,14.9799,14.53,14.57,43489.0
2022-04-07,14.51,14.8,14.4,14.69,49822.0
2022-04-08,14.7,14.79,14.5,14.68,39304.0
2022-04-11,14.77,14.77,14.51,14.55,28630.0
2022-04-12,14.62,14.86,14.5,14.5,47341.0
2022-04-13,14.71,14.71,14.41,14.59,28177.0
2022-04-14,14.5,14.58,14.37,14.48,49317.0
2022-04-18,14.33,14.63,14.33,14.48,28237.0
2022-04-19,14.38,15.26,14.38,15.0,56696.0
2022-04-20,15.16,15.44,14.87,15.11,30222.0
2022-04-21,15.27,15.27,15.0,15.08,45842.0
2022-04-22,14.93,15.43,14.91,14.97,25952.0
2022-04-25,15.02,15.04,14.76,15.0,38848.0
2022-04-26,14.76,15.065,14.45,14.7,45147.0
2022-04-27,15.15,15.15,14.5673,14.58,26618.0
2022-04-28,14.86,14.86,14.46,14.57,19774.0
2022-04-29,14.71,14.71,14.5,14.57,51215.0
2022-05-02,14.73,14.95,14.54,14.65,21179.0
2022-05-03,14.51,14.75,14.49,14.63,40725.0
2022-05-04,14.52,15.0,14.5,14.97,39315.0
2022-05-05,14.78,14.98,14.5,14.66,39513.0
2022-05-06,14.71,14.89,14.34,14.7,151608.0
2022-05-09,14.29,14.545,13.82,14.15,227957.0
2022-05-10,14.31,14.65,14.18,14.34,68138.0
2022-05-11,14.42,14.5799,14.235,14.27,24613.0
2022-05-12,14.25,14.53,14.18,14.22,126763.0
2022-05-13,14.38,14.38,14.0,14.16,59736.0
2022-05-16,14.08,14.41,14.08,14.1,19995.0
2022-05-17,14.31,14.325,14.2,14.3,48527.0
2022-05-18,14.25,14.46,14.03,14.06,34040.0
2022-05-19,14.04,14.21,13.88,13.97,55004.0
2022-05-20,14.13,14.3,13.88,13.98,23552.0
2022-05-23,14.33,14.4898,14.1201,14.28,41235.0
2022-05-24,14.3,14.34,14.15,14.26,45650.0
2022-05-25,14.31,14.52,14.27,14.39,32129.0
2022-05-26,14.48,14.85,14.48,14.8,27621.0
2022-05-27,14.97,15.4,14.96,15.39,40212.0
2022-05-31,15.39,15.45,15.06,15.21,27570.0
2022-06-01,15.1,15.31,14.8954,15.08,41920.0
2022-06-02,15.01,15.17,14.94,15.01,51238.0
2022-06-03,14.82,15.25,14.82,15.0,124554.0
2022-06-06,15.25,15.34,14.91,15.33,53966.0
2022-06-07,15.44,15.65,15.32,15.43,20583.0
2022-06-08,15.41,15.42,15.09,15.38,24435.0
2022-06-09,15.2,15.4,15.05,15.31,28650.0
2022-06-10,15.1,15.25,15.03,15.18,14875.0
2022-06-13,14.96,15.25,14.77,14.82,27166.0
2022-06-14,14.76,15.06,14.57,14.67,22781.0
2022-06-15,14.99,15.04,14.65,14.8,25939.0
2022-06-16,14.705,14.84,14.56,14.84,28712.0
2022-06-17,14.75,15.64,14.66,15.3,170439.0
2022-06-21,15.32,15.35,15.17,15.25,22680.0
2022-06-22,15.0,15.34,15.0,15.09,27584.0
2022-06-23,15.27,15.45,15.18,15.45,29415.0
2022-06-24,15.87,16.09,15.44,15.95,195429.0
2022-06-27,16.16,16.16,15.28,15.61,36736.0
2022-06-28,15.55,15.71,15.34,15.56,22623.0
2022-06-29,15.41,15.45,15.13,15.3,31887.0
2022-06-30,15.15,15.49,15.04,15.32,44648.0
2022-07-01,14.75,15.45,14.7,15.3,50110.0
2022-07-05,15.22,15.39,15.09,15.13,22916.0
2022-07-06,14.97,15.26,14.88,14.94,43117.0
2022-07-07,15.2,15.2,14.81,14.86,24352.0
2022-07-08,14.85,16.12,14.76,14.83,16988.0
2022-07-11,14.92,14.92,14.66,14.69,22780.0
2022-07-12,14.75,14.8,14.59,14.59,19494.0
2022-07-13,14.45,14.78,14.4,14.58,25397.0
2022-07-14,14.55,14.55,14.31,14.49,11122.0
2022-07-15,14.96,14.96,14.56,14.78,24462.0
2022-07-18,14.86,14.92,14.57,14.7,12448.0
2022-07-19,14.84,14.84,14.63,14.69,32309.0
2022-07-20,14.57,15.03,14.5,14.91,33935.0
2022-07-21,14.71,15.18,14.6225,14.91,15604.0
2022-07-22,14.6305,15.0,14.57,14.73,16585.0
2022-07-25,14.79,14.91,14.62,14.73,11590.0
2022-07-26,14.75,14.89,14.5,14.5,23761.0
2022-07-27,14.66,14.81,14.52,14.79,20669.0
2022-07-28,14.93,14.95,14.63,14.94,17882.0
2022-07-29,14.96,15.1,14.64,14.94,26918.0
2022-08-01,14.85,15.09,14.71,14.99,36148.0
2022-08-02,14.89,14.99,14.75,14.81,14544.0
2022-08-03,14.83,14.98,14.77,14.86,19134.0
2022-08-04,14.74,14.97,14.74,14.93,13377.0
2022-08-05,14.8,14.98,14.74,14.93,20124.0
2022-08-08,14.77,14.9,14.73,14.78,21243.0
2022-08-09,14.66,14.98,14.66,14.83,16683.0
2022-08-10,14.95,15.75,14.7889,15.35,21705.0
2022-08-11,15.32,15.32,15.0,15.15,22106.0
2022-08-12,15.1,15.25,15.01,15.25,24207.0
2022-08-15,15.19,15.4,15.02,15.4,14719.0
2022-08-16,15.43,15.75,15.3,15.47,19405.0
2022-08-17,15.35,15.52,15.16,15.37,12523.0
2022-08-18,15.41,15.41,15.17,15.35,22962.0
2022-08-19,15.16,15.3,14.75,15.09,71032.0
2022-08-22,15.13,15.23,14.905,14.93,11131.0
2022-08-23,14.9,15.19,14.83,14.91,13411.0
2022-08-24,15.03,15.16,14.81,14.96,8231.0
2022-08-25,14.995,15.14,14.67,15.09,23153.0
2022-08-26,15.18,15.18,14.8,14.87,18975.0
2022-08-29,15.12,15.12,14.7,14.71,14192.0
2022-08-30,14.845,14.86,14.6,14.65,14957.0
2022-08-31,14.67,14.82,14.41,14.67,30624.0
2022-09-01,14.552,14.8375,14.5,14.55,41636.0
2022-09-02,14.58,14.71,13.75,14.41,66401.0
2022-09-06,14.61,14.61,14.215,14.33,33783.0
2022-09-07,14.44,14.5,14.2615,14.48,17289.0
2022-09-08,14.32,14.5,14.26,14.47,19545.0
2022-09-09,14.05,14.58,14.05,14.37,21267.0
2022-09-12,14.26,14.617,14.26,14.48,19111.0
2022-09-13,14.31,14.51,13.69,13.69,28209.0
2022-09-14,13.77,14.0587,13.26,13.51,27901.0
2022-09-15,13.46,13.67,13.25,13.3,18164.0
2022-09-16,13.15,13.49,12.87,13.1,131064.0
2022-09-19,13.0,13.21,12.58,13.05,19715.0
2022-09-20,13.04,13.165,12.83,13.03,58147.0
2022-09-21,13.975,13.975,13.02,13.16,16439.0
2022-09-22,13.5775,13.67,13.05,13.3,14788.0
2022-09-23,13.0965,13.56,13.0,13.26,24101.0
2022-09-26,13.19,13.6204,12.92,13.14,12408.0
2022-09-27,13.14,13.14,12.61,12.78,23430.0
2022-09-28,12.938,13.09,12.78,12.96,36595.0
2022-09-29,12.94,13.14,12.75,12.8,17182.0
2022-09-30,12.77,13.04,12.61,12.71,32835.0
2022-10-03,12.94,12.98,12.7,12.88,25043.0
2022-10-04,12.86,13.11,12.86,13.1,26685.0
2022-10-05,13.07,13.125,12.9,13.02,13209.0
2022-10-06,13.02,13.14,12.75,12.75,9697.0
2022-10-07,12.835,12.835,12.6,12.69,13239.0
2022-10-10,12.61,12.7,12.45,12.58,14027.0
2022-10-11,12.75,12.75,12.4,12.53,26133.0
2022-10-12,12.42,12.64,12.41,12.58,18869.0
2022-10-13,12.66,13.0,12.66,12.85,22410.0
2022-10-14,13.0,13.0,12.75,12.9,13644.0
2022-10-17,13.0,13.49,12.9,13.09,31377.0
2022-10-18,13.4137,13.45,13.14,13.2,25158.0
2022-10-19,13.185,13.19,13.02,13.09,10220.0
2022-10-20,13.02,13.24,12.8,12.93,36409.0
2022-10-21,13.5,13.5,12.79,13.13,25666.0
2022-10-24,13.36,13.36,13.04,13.18,9035.0
2022-10-25,12.97,13.24,12.86,13.23,16520.0
2022-10-26,13.23,13.36,12.99,13.17,17124.0
2022-10-27,13.34,13.38,12.99,13.19,29362.0
2022-10-28,13.1,13.35,13.0229,13.21,21856.0
2022-10-31,13.23,13.44,12.9132,13.05,32205.0
2022-11-01,13.29,13.29,12.74,12.9,27494.0
2022-11-02,12.93,13.125,12.485,12.65,38910.0
2022-11-03,12.56,12.97,12.56,12.92,23672.0
2022-11-04,13.2,13.2,12.83,13.04,13388.0
2022-11-07,13.25,13.255,12.87,13.02,20976.0
2022-11-08,13.02,13.02,12.8,12.94,19614.0
2022-11-09,13.01,13.14,12.76,12.89,24093.0
2022-11-10,13.2,13.6669,13.1398,13.45,28428.0
2022-11-11,13.51,13.625,13.09,13.25,19965.0
2022-11-14,13.09,13.29,12.88,13.0,16498.0
2022-11-15,13.07,13.2246,12.95,13.22,13555.0
2022-11-16,13.2,13.21,13.01,13.1,11745.0
2022-11-17,13.095,13.25,13.01,13.23,17681.0
2022-11-18,13.42,13.42,13.17,13.28,15438.0
2022-11-21,13.1,13.69,13.055,13.15,31913.0
2022-11-22,13.18,13.565,13.12,13.3,20767.0
2022-11-23,13.29,13.8696,13.01,13.22,20171.0
2022-11-25,13.16,13.16,13.16,13.16,1713.0
2022-11-28,13.01,13.12,12.75,12.88,14615.0
2022-11-29,12.91,13.0,12.5596,12.88,28471.0
2022-11-30,12.8,13.185,12.71,13.03,21078.0
2022-12-01,13.02,13.11,12.85,12.99,13770.0
2022-12-02,12.81,12.92,12.67,12.88,11787.0
2022-12-05,12.85,12.87,12.6,12.68,32299.0
2022-12-06,12.82,13.425,12.6,13.28,88611.0
2022-12-07,13.2,13.4838,13.01,13.22,16477.0
2022-12-08,13.28,13.59,13.2,13.59,30547.0
2022-12-09,13.42,13.57,13.22,13.54,13440.0
2022-12-12,13.4346,13.81,13.4346,13.76,18742.0
2022-12-13,13.95,13.95,13.12,13.26,44820.0
2022-12-14,13.49,13.49,12.77,12.89,20660.0
2022-12-15,13.04,13.09,12.175,12.22,36341.0
2022-12-16,12.19,12.45,11.71,12.03,113368.0
2022-12-19,12.14,12.43,12.06,12.31,21799.0
2022-12-20,11.98,12.92,11.98,12.57,9496.0
2022-12-21,12.51,12.8047,12.49,12.55,13801.0
2022-12-22,12.65,12.65,12.36,12.49,29229.0
2022-12-23,12.64,12.67,12.42,12.44,12276.0
2022-12-27,12.4,12.65,12.335,12.48,34826.0
2022-12-28,12.63,12.63,12.25,12.3,29679.0
2022-12-29,12.26,12.55,12.225,12.47,27201.0
2022-12-30,12.36,12.57,12.35,12.49,21504.0
2023-01-03,12.4,12.4,12.155,12.25,34520.0
2023-01-04,12.4,12.4,12.23,12.26,10200.0
2023-01-05,12.21,12.475,12.21,12.35,106781.0
2023-01-06,12.49,12.72,12.45,12.51,18550.0
2023-01-09,12.47,12.72,12.35,12.4,13122.0
2023-01-10,12.73,12.73,12.379,12.55,28812.0
2023-01-11,12.62,12.66,12.56,12.59,9609.0
2023-01-12,12.4789,12.725,12.44,12.65,22958.0
2023-01-13,12.44,12.7217,12.4,12.65,11994.0
2023-01-17,12.58,12.75,12.35,12.46,14918.0
2023-01-18,12.4815,12.4886,12.22,12.25,14976.0
2023-01-19,12.21,12.33,12.125,12.27,11801.0
2023-01-20,12.34,12.455,12.12,12.37,32394.0
2023-01-23,12.2749,12.5103,12.25,12.49,12071.0
2023-01-24,12.2,12.5,12.2,12.5,8248.0
2023-01-25,12.2501,12.48,12.25,12.46,31735.0
2023-01-26,12.48,12.52,12.415,12.52,5869.0
2023-01-27,12.58,12.58,12.305,12.39,12274.0
2023-01-30,12.4,12.54,12.39,12.43,12801.0
2023-01-31,12.54,12.7,12.4026,12.66,24612.0
2023-02-01,12.63,12.74,12.61,12.68,22097.0
2023-02-02,12.6,13.0,12.53,12.86,38270.0
2023-02-03,12.85,12.85,12.75,12.75,12125.0
2023-02-06,12.69,12.78,12.58,12.63,10965.0
2023-02-07,12.43,12.84,12.43,12.67,12263.0
2023-02-08,12.6501,12.82,12.5,12.52,9900.0
2023-02-09,12.26,12.61,12.26,12.39,19289.0
2023-02-10,12.31,12.555,12.31,12.36,7831.0
2023-02-13,12.26,12.52,12.25,12.39,11005.0
2023-02-14,12.29,12.63,12.23,12.23,14306.0
2023-02-15,12.39,12.495,12.21,12.22,13434.0
2023-02-16,12.3,12.345,12.1,12.31,15427.0
2023-02-17,12.85,12.85,12.28,12.33,21213.0
2023-02-21,12.42,12.425,12.18,12.18,18826.0
2023-02-22,12.2022,12.33,12.03,12.07,19932.0
2023-02-23,12.05,12.26,12.05,12.16,8405.0
2023-02-24,12.13,12.3,12.02,12.22,22531.0
2023-02-27,12.38,12.38,12.06,12.24,18600.0
2023-02-28,12.19,12.37,12.18,12.24,25164.0
2023-03-01,12.1,12.36,12.085,12.21,15417.0
2023-03-02,12.26,12.26,12.09,12.11,9900.0
2023-03-03,12.01,12.24,12.0,12.1,22216.0
2023-03-06,12.05,12.31,11.92,12.12,121300.0
2023-03-07,12.12,12.57,12.03,12.44,14650.0
2023-03-08,12.34,12.51,12.26,12.29,15563.0
2023-03-09,12.2795,12.2795,11.94,11.94,35306.0
2023-03-10,11.92,12.325,11.0325,11.48,32727.0
2023-03-13,11.05,11.72,10.26,10.45,42478.0
2023-03-14,11.0,11.06,10.37,10.45,38640.0
2023-03-15,10.23,10.46,10.18,10.33,30816.0
2023-03-16,10.12,10.72,10.12,10.34,42074.0
2023-03-17,10.32,10.52,10.11,10.38,84802.0
2023-03-20,10.6639,10.88,10.31,10.48,25268.0
2023-03-21,10.41,10.5,10.32,10.5,42144.0
2023-03-22,10.4,10.415,10.11,10.11,28805.0
2023-03-23,10.14,10.25,10.02,10.11,47763.0
2023-03-24,10.0,10.4,9.9,10.19,43363.0
2023-03-27,10.2,10.39,10.19,10.28,22620.0
2023-03-28,10.44,10.5,10.03,10.28,37444.0
2023-03-29,10.3,10.4,10.19,10.28,15568.0
2023-03-30,10.22,10.28,9.85,10.09,41391.0
2023-03-31,10.06,10.2,10.0,10.2,62617.0
2023-04-03,10.35,10.4,9.95,10.17,42437.0
2023-04-04,10.0,10.15,9.9,10.08,32629.0
2023-04-05,10.0,10.1,9.865,10.04,30664.0
2023-04-06,10.09,10.2,10.0,10.04,20646.0
2023-04-10,10.02,10.2,9.95,10.12,28959.0
2023-04-11,10.21,10.65,10.09,10.27,23255.0
2023-04-12,10.39,10.39,10.1,10.16,28615.0
2023-04-13,10.26,10.26,10.03,10.12,13166.0
2023-04-14,10.14,10.24,9.85,10.0,38240.0
2023-04-17,9.94,10.1,9.86,10.01,27346.0
2023-04-18,10.0,10.04,9.8076,10.01,35243.0
2023-04-19,9.95,10.08,9.95,10.01,17074.0
2023-04-20,10.02,10.07,9.94,10.06,9313.0
2023-04-21,10.0,10.08,9.9479,10.03,22583.0
2023-04-24,10.03,10.08,9.98,10.06,16572.0
2023-04-25,10.0,10.09,9.54,9.65,27057.0
2023-04-26,9.8,9.86,9.2,9.58,85380.0
2023-04-27,9.72,9.94,9.35,9.94,79901.0
2023-04-28,10.03,10.03,9.5,9.67,21740.0
2023-05-01,9.5,9.7399,8.83,8.94,22982.0
2023-05-02,8.95,9.11,7.7,7.78,50179.0
2023-05-03,7.8,7.9899,7.45,7.46,58324.0
2023-05-04,7.56,7.56,7.08,7.14,44878.0
2023-05-05,7.5,7.61,7.33,7.53,44999.0
2023-05-08,8.28,8.29,7.62,7.76,50432.0
2023-05-09,7.83,7.9,7.42,7.5,28280.0
2023-05-10,7.86,8.37,7.6,8.2,81181.0
2023-05-11,8.2,8.2,7.81,7.9,28314.0
2023-05-12,7.84,8.8299,7.76,7.88,41844.0
2023-05-15,7.9,7.99,7.81,7.88,31277.0
2023-05-16,7.9,7.9608,7.76,7.76,15230.0
2023-05-17,7.97,8.29,7.77,8.16,29551.0
2023-05-18,8.02,8.94,8.0,8.6,51045.0
2023-05-19,9.0,9.0185,8.51,8.69,42012.0
2023-05-22,8.63,9.0,8.6188,8.87,44717.0
2023-05-23,8.97,9.499,8.91,9.38,34563.0
2023-05-24,9.42,9.42,9.0,9.03,34717.0
2023-05-25,9.0,9.12,8.905,8.92,23709.0
2023-05-26,9.0,9.03,8.84,8.84,15641.0
2023-05-30,8.85,9.08,8.81,8.85,21009.0
2023-05-31,8.92,9.0,8.62,8.69,52519.0
2023-06-01,8.81,8.89,8.55,8.56,35683.0
2023-06-02,8.72,8.985,8.5601,8.89,36529.0
2023-06-05,8.82,8.9718,8.73,8.86,14713.0
2023-06-06,8.96,9.05,8.83,9.01,30400.0
2023-06-07,8.95,9.27,8.9132,9.2,72596.0
2023-06-08,9.43,9.44,8.945,9.27,44257.0
2023-06-09,9.18,9.49,9.18,9.33,13565.0
2023-06-12,9.29,9.45,9.06,9.17,20953.0
2023-06-13,9.3691,9.4511,9.16,9.18,30324.0
2023-06-14,9.25,9.42,9.0,9.11,27054.0
2023-06-15,9.16,9.33,8.9201,9.28,33741.0
2023-06-16,9.75,9.75,9.19,9.23,55122.0
2023-06-20,9.33,9.38,9.035,9.25,16404.0
2023-06-21,9.05,9.36,9.0363,9.15,21482.0
2023-06-22,9.07,9.28,9.02,9.09,19316.0
2023-06-23,8.96,9.2699,8.79,9.06,228053.0
2023-06-26,8.95,9.2,8.5372,8.87,45419.0
2023-06-27,8.8301,9.15,8.81,8.86,16240.0
2023-06-28,8.9,9.05,8.76,8.87,26401.0
2023-06-29,8.82,8.97,8.76,8.89,17700.0
2023-06-30,9.03,9.03,8.7602,8.85,19170.0
2023-07-03,8.9,8.9,8.8,8.85,5260.0
2023-07-05,8.83,8.94,8.76,8.77,57471.0
2023-07-06,8.78,8.88,8.705,8.82,38343.0
2023-07-07,8.87,8.9799,8.76,8.85,141665.0
2023-07-10,8.87,8.88,8.81,8.86,15669.0
2023-07-11,8.9,8.94,8.76,8.86,39652.0
2023-07-12,8.89,9.02,8.81,8.94,23299.0
2023-07-13,8.99,9.23,8.99,9.2,20712.0
2023-07-14,8.91,9.1,8.66,8.69,29335.0
2023-07-17,8.69,8.918,8.57,8.73,42680.0
2023-07-18,8.69,8.99,8.69,8.77,28736.0
2023-07-19,8.62,8.97,8.62,8.88,149122.0
2023-07-20,8.78,8.83,8.65,8.77,56399.0
2023-07-21,8.74,8.975,8.74,8.79,30125.0
2023-07-24,8.76,8.935,8.76,8.9,14911.0
2023-07-25,8.93,9.23,8.89,9.08,77246.0
2023-07-26,9.01,9.43,9.01,9.24,30260.0
2023-07-27,9.38,9.38,9.03,9.22,46828.0
2023-07-28,9.39,9.39,9.085,9.23,20397.0
2023-07-31,9.17,9.17,8.35,8.43,74860.0
2023-08-01,8.4,8.4,7.74,7.98,42054.0
2023-08-02,8.05,8.18,7.81,8.0,27136.0
2023-08-03,7.92,8.13,7.72,7.76,56258.0
2023-08-04,7.9,8.21,7.79,8.13,38381.0
2023-08-07,7.97,8.41,7.97,8.29,24761.0
2023-08-08,8.175,8.27,8.0828,8.25,19854.0
2023-08-09,8.24,8.38,7.97,8.04,21511.0
2023-08-10,8.06,8.06,7.835,8.0,27933.0
2023-08-11,7.9278,8.08,7.91,8.03,29943.0
2023-08-14,7.96,8.04,7.805,7.95,36920.0
2023-08-15,7.9,7.96,7.7,7.75,25095.0
2023-08-16,7.95,7.95,7.77,7.82,12446.0
2023-08-17,7.87,7.94,7.65,7.74,103682.0
2023-08-18,7.66,8.02,7.66,7.87,20803.0
2023-08-21,7.78,7.93,7.75,7.75,17534.0
2023-08-22,7.91,7.91,7.52,7.7,21343.0
2023-08-23,7.6897,7.85,7.63,7.75,15542.0
2023-08-24,7.71,7.9,7.6,7.75,34076.0
2023-08-25,7.71,8.0,7.6,7.76,42415.0
2023-08-28,7.87,8.0,7.74,7.74,20514.0
2023-08-29,7.75,7.98,7.75,7.94,10530.0
2023-08-30,7.83,8.0,7.75,7.9,38571.0
2023-08-31,7.85,8.0,7.83,7.92,22191.0
2023-09-01,7.935,8.48,7.87,8.07,74094.0
2023-09-05,8.1,8.23,8.0,8.14,12487.0
2023-09-06,8.03,8.13,7.85,8.01,24509.0
2023-09-07,7.94,8.1,7.58,7.73,193011.0
2023-09-08,7.72,7.9,7.65,7.65,30879.0
2023-09-11,7.76,7.85,7.2777,7.55,33772.0
2023-09-12,7.5,7.7,7.45,7.48,36982.0
2023-09-13,7.49,7.495,7.201,7.27,95229.0
2023-09-14,7.31,7.57,7.16,7.27,38247.0
2023-09-15,7.28,7.39,6.87,6.87,178907.0
2023-09-18,6.91,6.91,6.5,6.8,36915.0
2023-09-19,7.0,7.0,6.66,6.7,31757.0
2023-09-20,6.77,6.995,6.5,6.5,46665.0
2023-09-21,6.56,6.65,6.16,6.39,100449.0
2023-09-22,6.28,6.54,6.0,6.28,56055.0
2023-09-25,6.22,6.54,6.2,6.3,45289.0
2023-09-26,6.23,6.38,5.51,5.56,66237.0
2023-09-27,5.6,5.63,5.44,5.59,54903.0
2023-09-28,5.45,5.5,5.03,5.08,71985.0
2023-09-29,5.06,5.06,4.39,4.52,120421.0
2023-10-02,4.47,4.5,3.07,3.2,338638.0
2023-10-03,3.22,3.29,2.75,2.97,315982.0
2023-10-04,3.1,3.51,3.05,3.51,122493.0
2023-10-05,3.54,4.33,3.54,4.12,188583.0
2023-10-06,4.06,4.37,3.93,4.14,92640.0
2023-10-09,4.02,4.16,3.51,3.63,87110.0
2023-10-10,3.71,3.98,3.645,3.65,29774.0
2023-10-11,3.69,3.9299,3.68,3.71,29399.0
2023-10-12,3.73,3.91,3.6,3.61,84870.0
2023-10-13,3.65,3.84,3.61,3.77,50195.0
2023-10-16,3.81,3.88,3.58,3.59,61683.0
2023-10-17,3.63,3.9,3.5554,3.9,53123.0
2023-10-18,3.91,4.08,3.5703,3.6,89922.0
2023-10-19,3.64,3.72,3.25,3.25,54490.0
2023-10-20,3.25,3.25,2.92,2.97,152228.0
2023-10-23,2.93,3.06,2.79,2.86,127785.0
2023-10-24,2.93,3.03,2.75,2.99,123206.0
2023-10-25,2.99,3.06,2.82,2.98,86533.0
2023-10-26,3.0,3.14,2.83,3.09,140108.0
2023-10-27,3.12,3.24,3.0,3.12,128098.0
2023-10-30,3.28,3.395,3.15,3.38,109540.0
2023-10-31,3.51,3.51,3.02,3.15,197099.0
2023-11-01,3.1,3.1099,2.09,2.09,517008.0
2023-11-02,2.19,2.2694,2.09,2.15,365840.0
2023-11-03,2.29,2.38,2.0491,2.23,285437.0
2023-11-06,2.29,2.57,2.16,2.45,369742.0
2023-11-07,2.5,2.82,2.4,2.75,251813.0
2023-11-08,2.8,2.8455,2.64,2.78,122140.0
2023-11-09,2.74,2.88,2.5,2.56,169885.0
2023-11-10,2.76,2.76,2.51,2.65,137328.0
2023-11-13,2.64,2.72,2.28,2.6,183428.0
2023-11-14,2.59,2.98,2.59,2.98,191164.0
2023-11-15,3.1,3.2417,2.82,2.91,206610.0
2023-11-16,2.85,3.1,2.82,2.98,116439.0
2023-11-17,3.0,3.08,2.8708,2.97,120533.0
2023-11-20,2.91,3.05,2.9,3.01,184424.0
2023-11-21,3.02,3.03,2.92,2.99,98107.0
2023-11-22,2.99,2.99,2.91,2.91,54065.0
2023-11-24,2.91,2.94,2.9,2.91,15933.0
2023-11-27,2.92,2.92,2.75,2.75,54750.0
2023-11-28,2.76,2.81,2.66,2.67,44673.0
2023-11-29,2.6,2.87,2.6,2.75,96479.0
2023-11-30,2.77,2.8299,2.66,2.7,46307.0
2023-12-01,2.71,2.78,2.51,2.67,119654.0
2023-12-04,2.62,2.8,2.52,2.76,188283.0
2023-12-05,2.76,2.78,2.63,2.73,72742.0
2023-12-06,2.73,2.73,2.6,2.69,65341.0
2023-12-07,2.71,2.74,2.6,2.69,72410.0
2023-12-08,2.64,2.69,2.5,2.57,122738.0
2023-12-11,2.55,2.65,2.3,2.35,300773.0
2023-12-12,2.35,2.7,2.35,2.59,170067.0
2023-12-13,2.61,2.73,2.51,2.73,170008.0
2023-12-14,2.78,3.65,2.73,3.15,316514.0
2023-12-15,3.21,3.39,2.91,3.1,372234.0
2023-12-18,2.99,3.23,2.98,3.2,148328.0
2023-12-19,3.21,3.5,3.15,3.5,120909.0
2023-12-20,3.45,3.99,3.32,3.44,229830.0
2023-12-21,3.48,3.7499,3.42,3.54,136276.0
2023-12-22,3.51,3.98,3.25,3.64,219507.0
2023-12-26,3.67,3.71,3.38,3.45,104753.0
2023-12-27,3.46,3.55,3.36,3.47,70734.0
2023-12-28,3.45,3.54,3.2404,3.34,65618.0
2023-12-29,3.16,3.353,3.0,3.03,253656.0
2024-01-02,3.03,3.3,3.03,3.11,151020.0
2024-01-03,3.11,3.1199,2.9501,2.96,109631.0
2024-01-04,3.02,3.13,2.95,3.06,52189.0
2024-01-05,3.05,3.2,3.01,3.14,187889.0
2024-01-08,3.13,3.185,3.0801,3.16,57595.0
2024-01-09,3.12,3.1951,3.1,3.18,54984.0
2024-01-10,3.19,3.23,3.11,3.12,54395.0
2024-01-11,3.16,3.27,3.07,3.07,94881.0
2024-01-12,3.12,3.205,2.94,3.02,70221.0
2024-01-16,2.98,3.05,2.97,2.97,55198.0
2024-01-17,2.95,3.03,2.95,3.0,49477.0
2024-01-18,3.05,3.1499,2.9801,3.04,86992.0
2024-01-19,3.05,3.16,2.99,3.16,100493.0
2024-01-22,3.07,3.19,2.98,3.08,85167.0
2024-01-23,3.11,3.11,3.0,3.01,29392.0
2024-01-24,3.04,3.0464,2.975,3.03,57561.0
2024-01-25,3.03,3.12,2.98,3.12,60278.0
2024-01-26,3.12,3.16,3.02,3.03,85403.0
2024-01-29,3.01,3.05,2.95,3.03,76102.0
2024-01-30,2.98,3.0499,2.92,2.95,44538.0
2024-01-31,2.94,2.96,2.5,2.5,115577.0
2024-02-01,2.74,2.77,2.59,2.74,106071.0
2024-02-02,2.7,2.85,2.7,2.78,93121.0
2024-02-05,2.76,2.78,2.65,2.65,113769.0
2024-02-06,2.67,2.75,2.67,2.71,52601.0
2024-02-07,2.75,2.75,2.57,2.57,644467.0
2024-02-08,2.58,2.71,2.5,2.5,433873.0
2024-02-09,2.5,2.56,2.42,2.5,168577.0
2024-02-12,2.51,2.6361,2.51,2.57,152332.0
2024-02-13,2.57,2.58,2.42,2.42,276426.0
2024-02-14,2.5,2.5,2.33,2.36,205557.0
2024-02-15,2.39,2.58,2.39,2.52,319690.0
2024-02-16,2.52,2.57,2.46,2.48,509322.0
2024-02-20,2.46,2.515,2.44,2.45,76980.0
2024-02-21,2.45,2.54,2.41,2.45,204219.0
2024-02-22,2.45,2.5099,2.395,2.49,89775.0
2024-02-23,2.47,2.54,2.42,2.45,175821.0
2024-02-26,2.47,2.51,2.43,2.48,64537.0
2024-02-27,2.54,2.58,2.46,2.52,141937.0
2024-02-28,2.49,2.57,2.445,2.45,96312.0
2024-02-29,2.51,2.54,2.39,2.45,95497.0
2024-03-01,2.46,2.53,2.36,2.46,114737.0
2024-03-04,2.47,2.5099,2.33,2.36,91952.0
2024-03-05,2.36,2.54,2.36,2.47,84119.0
2024-03-06,2.52,2.7075,2.4,2.51,86921.0
2024-03-07,2.54,2.63,2.47,2.6,248649.0
2024-03-08,2.62,2.7,2.58,2.66,51500.0
2024-03-11,2.7,2.9,2.68,2.83,120563.0
2024-03-12,2.85,2.875,2.55,2.62,125357.0
2024-03-13,2.62,2.7563,2.56,2.6,72294.0
2024-03-14,2.58,2.61,2.5,2.51,91759.0
2024-03-15,2.51,2.63,2.5,2.57,138942.0
2024-03-18,2.55,2.65,2.51,2.51,87941.0
2024-03-19,2.53,2.58,2.46,2.48,82293.0
2024-03-20,2.5,2.87,2.49,2.76,120516.0
2024-03-21,2.72,2.8093,2.55,2.55,76952.0
2024-03-22,2.55,2.695,2.505,2.61,71015.0
2024-03-25,2.63,2.75,2.63,2.66,92341.0
2024-03-26,2.71,2.73,2.58,2.65,62247.0
2024-03-27,2.67,2.6804,2.58,2.63,52589.0
2024-03-28,2.6287,2.7,2.62,2.69,45894.0
2024-04-01,2.7,2.86,2.6,2.86,76190.0
2024-04-02,2.77,2.85,2.62,2.77,71420.0
2024-04-03,2.76,2.83,2.62,2.76,112440.0
2024-04-04,2.82,3.05,2.78,2.96,130037.0
2024-04-05,2.94,2.94,2.73,2.77,111426.0
2024-04-08,2.74,2.94,2.68,2.74,101750.0
2024-04-09,2.8,2.8884,2.68,2.77,54889.0
2024-04-10,2.68,2.73,2.61,2.7,116661.0
2024-04-11,2.7,2.702,2.59,2.6,59404.0
2024-04-12,2.62,2.67,2.59,2.6,75768.0
2024-04-15,2.62,2.62,2.55,2.55,109251.0
2024-04-16,2.54,2.58,2.54,2.57,64900.0
2024-04-17,2.6,2.6,2.54,2.55,49597.0
2024-04-18,2.58,2.5955,2.53,2.53,99207.0
2024-04-19,2.53,2.63,2.52,2.61,86297.0
2024-04-22,2.63,2.73,2.5717,2.7,65146.0
2024-04-23,2.67,2.7,2.63,2.7,30012.0
2024-04-24,2.7,2.7,2.53,2.59,53528.0
2024-04-25,2.59,2.59,2.53,2.57,56454.0
2024-04-26,2.53,2.55,2.51,2.51,38048.0
2024-04-29,2.52,2.57,2.5,2.5,66338.0
2024-04-30,2.52,2.57,2.5,2.5,59146.0
2024-05-01,2.54,2.5599,2.5,2.52,53461.0
2024-05-02,2.55,2.69,2.51,2.67,100048.0
2024-05-03,2.68,2.7,2.59,2.65,26839.0
2024-05-06,2.65,2.69,2.54,2.6,27197.0
2024-05-07,2.61,2.63,2.55,2.59,31215.0
2024-05-08,2.62,2.69,2.54,2.65,61291.0
2024-05-09,2.644,2.76,2.63,2.74,65158.0
2024-05-10,2.74,2.74,2.56,2.67,49351.0
2024-05-13,2.72,2.72,2.6,2.67,17444.0
2024-05-14,2.66,2.6934,2.63,2.68,20085.0
2024-05-15,2.68,2.93,2.64,2.79,140727.0
2024-05-16,2.8,2.9,2.68,2.9,58253.0
2024-05-17,2.9,3.0994,2.891,3.02,92425.0
2024-05-20,2.98,3.11,2.91,3.05,103895.0
2024-05-21,3.12,3.12,2.97,3.06,97001.0
2024-05-22,3.07,3.09,2.97,3.08,97190.0
2024-05-23,3.03,3.05,2.985,3.0,96562.0
2024-05-24,3.03,3.07,2.92,3.01,74294.0
2024-05-28,2.97,3.095,2.91,2.99,64368.0
2024-05-29,2.95,3.02,2.85,2.85,96785.0
2024-05-30,2.86,3.07,2.85,3.02,50819.0
2024-05-31,3.04,3.04,2.9,2.9,126672.0
2024-06-03,2.96,3.09,2.91,2.97,71312.0
2024-06-04,2.92,2.97,2.8,2.93,53204.0
2024-06-05,2.91,3.18,2.88,3.16,68073.0
2024-06-06,3.1,3.1253,2.91,3.06,52593.0
2024-06-07,3.0,3.02,2.87,2.92,44460.0
2024-06-10,2.9,3.1,2.89,3.01,83588.0
2024-06-11,2.97,3.08,2.8505,3.08,89297.0
2024-06-12,3.1,3.14,2.91,2.99,88391.0
2024-06-13,2.98,2.99,2.93,2.99,31646.0
2024-06-14,2.94,3.0,2.85,2.97,67728.0
2024-06-17,2.97,2.97,2.81,2.94,123168.0
2024-06-18,2.95,2.9559,2.82,2.83,79140.0
2024-06-20,2.86,2.94,2.82,2.86,153106.0
2024-06-21,2.87,2.91,2.75,2.83,202744.0
2024-06-24,2.86,2.93,2.78,2.8,177251.0
2024-06-25,2.81,2.83,2.73,2.73,111752.0
2024-06-26,2.72,2.86,2.72,2.75,275786.0
2024-06-27,2.77,2.91,2.66,2.85,209324.0
2024-06-28,2.84,2.899,2.61,2.61,2732318.0
2024-07-01,2.73,2.89,2.6304,2.85,728772.0
2024-07-02,2.84,2.85,2.72,2.75,283733.0
2024-07-03,2.75,2.77,2.72,2.75,73471.0
2024-07-05,2.75,2.7562,2.7,2.7,146325.0
2024-07-08,2.71,2.71,2.62,2.62,151025.0
2024-07-09,2.62,2.73,2.62,2.67,181394.0
2024-07-10,2.69,2.71,2.67,2.67,158267.0
2024-07-11,2.75,2.7916,2.7,2.74,221149.0
2024-07-12,2.73,2.79,2.71,2.74,129703.0
2024-07-15,2.77,2.82,2.72,2.73,170728.0
2024-07-16,2.73,2.92,2.73,2.91,158416.0
2024-07-17,2.87,2.9,2.81,2.81,99869.0
2024-07-18,2.81,2.9218,2.77,2.77,80573.0
2024-07-19,2.78,2.98,2.7701,2.93,153581.0
2024-07-22,2.9,2.9199,2.77,2.81,121864.0
2024-07-23,2.811,2.83,2.75,2.76,175836.0
2024-07-24,2.77,2.8299,2.75,2.78,177873.0
2024-07-25,2.75,2.81,2.75,2.77,39845.0
2024-07-26,2.78,2.81,2.75,2.79,109435.0
2024-07-29,2.77,2.81,2.76,2.79,64446.0
2024-07-30,2.77,2.825,2.75,2.75,85774.0
2024-07-31,2.77,2.85,2.75,2.78,142000.0
2024-08-01,2.79,2.79,2.65,2.66,109983.0
2024-08-02,2.65,2.66,2.57,2.57,116902.0
2024-08-05,2.56,2.6,2.51,2.54,89956.0
2024-08-06,2.53,2.56,2.5,2.51,80829.0
2024-08-07,2.53,2.5496,2.5,2.5,107433.0
2024-08-08,2.54,2.56,2.46,2.49,101161.0
2024-08-09,2.5,2.57,2.45,2.51,106396.0
2024-08-12,2.54,2.55,2.5,2.54,37051.0
2024-08-13,2.56,2.605,2.52,2.57,49526.0
2024-08-14,2.56,2.6,2.55,2.58,48998.0
2024-08-15,2.57,2.71,2.5601,2.61,81826.0
2024-08-16,2.63,2.71,2.59,2.67,58232.0
2024-08-19,2.67,2.838,2.67,2.77,64141.0
2024-08-20,2.7889,2.79,2.71,2.75,58698.0
2024-08-21,2.74,2.889,2.74,2.81,71447.0
2024-08-22,2.83,2.85,2.755,2.76,75109.0
2024-08-23,2.795,2.8906,2.7801,2.85,177389.0
2024-08-26,2.81,2.87,2.77,2.8,130230.0
2024-08-27,2.8,2.85,2.79,2.84,110349.0
2024-08-28,2.83,2.86,2.8,2.8,61429.0
2024-08-29,2.81,2.87,2.8,2.81,183472.0
2024-08-30,2.82,2.86,2.77,2.79,89193.0
2024-09-03,2.79,2.84,2.71,2.78,1099984.0
2024-09-04,2.785,2.8,2.72,2.76,279590.0
2024-09-05,2.8,2.81,2.71,2.71,107585.0
2024-09-06,2.75,2.79,2.7,2.79,141485.0
2024-09-09,2.79,2.83,2.68,2.69,196089.0
2024-09-10,2.69,2.745,2.675,2.68,84944.0
2024-09-11,2.71,2.725,2.66,2.66,165045.0
2024-09-12,2.73,2.7385,2.67,2.69,150966.0
2024-09-13,2.71,2.74,2.67,2.7,237218.0
2024-09-16,2.7,2.775,2.7,2.71,157073.0
2024-09-17,2.74,2.78,2.71,2.71,168678.0
2024-09-18,2.7142,2.8,2.67,2.76,806172.0
2024-09-19,2.76,2.85,2.76,2.83,966105.0
2024-09-20,2.82,2.84,2.76,2.83,3155142.0
2024-09-23,2.8,2.84,2.75,2.82,799764.0
2024-09-24,2.81,2.87,2.77,2.82,1099754.0
2024-09-25,2.83,2.85,2.77,2.8,157750.0
2024-09-26,2.83,2.84,2.77,2.79,128679.0
2024-09-27,2.83,2.8374,2.785,2.79,305790.0
2024-09-30,2.82,2.84,2.78,2.8,346081.0
2024-10-01,2.8,2.83,2.72,2.75,923258.0
2024-10-02,2.76,2.78,2.73,2.73,644727.0
2024-10-03,2.75,2.77,2.72,2.73,303808.0
2024-10-04,2.74,2.81,2.735,2.77,909561.0
2024-10-07,2.76,2.785,2.73,2.76,275093.0
2024-10-08,2.75,2.79,2.71,2.71,566948.0
2024-10-09,2.74,2.765,2.69,2.7,763179.0
2024-10-10,2.7,2.73,2.66,2.68,469454.0
2024-10-11,2.69,2.77,2.69,2.72,845452.0
2024-10-14,2.73,2.81,2.73,2.77,278725.0
2024-10-15,2.76,2.87,2.76,2.83,834843.0
2024-10-16,2.84,2.94,2.815,2.84,372681.0
2024-10-17,2.86,2.87,2.83,2.86,101632.0
2024-10-18,2.86,2.905,2.78,2.82,246410.0
2024-10-21,2.8,2.86,2.785,2.83,408051.0
2024-10-22,2.84,2.865,2.81,2.82,373892.0
2024-10-23,2.82,2.88,2.82,2.83,432140.0
2024-10-24,2.83,2.9,2.83,2.9,287422.0
2024-10-25,2.89,2.97,2.8601,2.94,462067.0
2024-10-28,2.95,2.98,2.91,2.93,417404.0
2024-10-29,2.93,3.03,2.9,2.96,451661.0
2024-10-30,3.09,3.09,2.8,2.88,1879256.0
2024-10-31,2.9,2.96,2.79,2.8,565206.0
2024-11-01,2.81,2.84,2.73,2.77,807041.0
2024-11-04,2.8,2.81,2.73,2.75,673528.0
2024-11-05,2.77,2.835,2.73,2.78,718650.0
2024-11-06,2.9,3.215,2.9,3.21,1216546.0
2024-11-07,3.14,3.225,3.11,3.12,237631.0
2024-11-08,3.1,3.23,3.06,3.22,284751.0
2024-11-11,3.27,3.62,3.27,3.55,619470.0
2024-11-12,3.55,3.68,3.545,3.6,471473.0
2024-11-13,3.64,3.68,3.5979,3.6,287746.0
2024-11-14,3.62,3.635,3.4907,3.54,233921.0
2024-11-15,3.53,3.58,3.415,3.45,230526.0
2024-11-18,3.48,3.51,3.42,3.45,181767.0
2024-11-19,3.43,3.59,3.42,3.58,549541.0
2024-11-20,3.58,3.6,3.5,3.56,283109.0
2024-11-21,3.56,3.69,3.56,3.6,583034.0
2024-11-22,3.64,3.65,3.53,3.55,346796.0
2024-11-25,3.57,3.63,3.54,3.55,216963.0
2024-11-26,3.52,3.54,3.46,3.5,114999.0
2024-11-27,3.48,3.51,3.46,3.46,123958.0
2024-11-29,3.48,3.56,3.48,3.53,132580.0
2024-12-02,3.56,3.605,3.515,3.55,496768.0
2024-12-03,3.52,3.57,3.47,3.51,182206.0
2024-12-04,3.55,3.6099,3.43,3.44,115377.0
2024-12-05,3.45,3.53,3.425,3.45,161425.0
2024-12-06,3.44,3.47,3.39,3.45,188617.0
2024-12-09,3.45,3.58,3.4365,3.48,184595.0
2024-12-10,3.46,3.5,3.43,3.43,154780.0
2024-12-11,3.47,3.49,3.41,3.41,108071.0
2024-12-12,3.41,3.4516,3.36,3.36,138810.0
2024-12-13,3.35,3.39,3.32,3.34,196151.0
2024-12-16,3.34,3.36,3.3,3.35,193563.0
2024-12-17,3.36,3.36,3.215,3.22,232781.0
2024-12-18,3.23,3.25,3.13,3.16,234090.0
2024-12-19,3.2,3.28,3.09,3.13,215766.0
2024-12-20,3.1,3.25,3.09,3.23,413243.0
2024-12-23,3.23,3.25,3.125,3.14,210849.0
2024-12-24,3.14,3.17,3.1,3.16,45263.0
2024-12-26,3.17,3.23,3.13,3.2,156063.0
2024-12-27,3.19,3.21,3.155,3.19,119819.0
2024-12-30,3.18,3.21,3.16,3.19,122708.0
2024-12-31,3.17,3.25,3.165,3.22,405151.0
2025-01-02,3.24,3.32,3.23,3.3,379898.0
2025-01-03,3.3,3.39,3.21,3.37,289926.0
2025-01-06,3.4,3.48,3.34,3.34,222372.0
2025-01-07,3.39,3.39,3.275,3.34,102732.0
2025-01-08,3.3,3.34,3.24,3.28,159227.0
2025-01-10,3.24,3.24,3.15,3.17,217857.0
2025-01-13,3.16,3.2,3.15,3.18,102759.0
2025-01-14,3.23,3.27,3.19,3.22,158597.0
2025-01-15,3.27,3.35,3.261,3.32,339295.0
2025-01-16,3.31,3.43,3.31,3.37,302826.0
2025-01-17,3.38,3.38,3.32,3.33,289040.0
2025-01-21,3.35,3.43,3.34,3.36,184471.0
2025-01-22,3.36,3.38,3.3015,3.32,119942.0
2025-01-23,3.33,3.425,3.3,3.38,223690.0
2025-01-24,3.38,3.4399,3.32,3.4,135815.0
2025-01-27,3.32,3.435,3.32,3.37,179746.0
2025-01-28,3.39,3.42,3.33,3.39,58410.0
2025-01-29,3.41,3.4352,3.38,3.39,321000.0
2025-01-30,3.45,3.46,3.32,3.37,78068.0
2025-01-31,3.45,3.45,3.32,3.37,143560.0
2025-02-03,3.32,3.39,3.26,3.35,168314.0
2025-02-04,3.33,3.53,3.3,3.48,145024.0
2025-02-05,3.52,3.55,3.46,3.52,222125.0
2025-02-06,3.5,3.63,3.41,3.58,201861.0
2025-02-07,3.58,3.61,3.45,3.55,137889.0
2025-02-10,3.59,3.59,3.51,3.52,105503.0
2025-02-11,3.48,3.62,3.44,3.56,158433.0
2025-02-12,3.51,3.61,3.51,3.57,131308.0
2025-02-13,3.59,3.83,3.58,3.79,261319.0
2025-02-14,3.73,3.825,3.69,3.79,234897.0
2025-02-18,3.8,3.81,3.73,3.73,99130.0
2025-02-19,3.71,3.7404,3.66,3.7,179682.0
2025-02-20,3.75,3.75,3.57,3.62,224192.0
2025-02-21,3.63,3.63,3.56,3.56,206180.0
2025-02-24,3.62,3.655,3.58,3.6,209468.0
2025-02-25,3.6,3.645,3.565,3.6,253526.0
2025-02-26,3.6,3.62,3.56,3.61,245206.0
2025-02-27,3.6,3.63,3.57,3.6,142082.0
2025-02-28,3.61,3.7,3.6,3.67,207995.0
2025-03-03,3.65,3.78,3.62,3.62,517135.0
2025-03-04,3.6,3.63,3.46,3.5,261066.0
2025-03-05,3.5,3.53,3.45,3.46,314386.0
2025-03-06,3.45,3.49,3.4,3.42,205780.0
2025-03-07,3.4,3.46,3.36,3.43,433990.0
2025-03-10,3.41,3.419,3.255,3.26,351425.0
2025-03-11,3.26,3.33,3.21,3.25,222141.0
2025-03-12,3.27,3.33,3.23,3.26,331031.0
2025-03-13,3.27,3.29,3.21,3.23,132419.0
2025-03-14,3.25,3.3,3.25,3.25,160960.0
2025-03-17,3.25,3.31,3.25,3.25,159825.0
2025-03-18,3.25,3.29,3.24,3.27,125027.0
2025-03-19,3.34,3.36,3.26,3.3,369212.0
2025-03-20,3.28,3.375,3.28,3.33,250216.0
2025-03-21,3.3,3.33,3.3,3.32,238652.0
2025-03-24,3.33,3.41,3.33,3.39,114460.0
2025-03-25,3.405,3.415,3.34,3.34,95782.0
2025-03-26,3.34,3.41,3.33,3.33,89085.0
2025-03-27,3.33,3.34,3.3,3.31,125626.0
2025-03-28,3.31,3.31,3.265,3.28,174067.0
2025-03-31,3.25,3.28,3.25,3.26,88878.0
2025-04-01,3.24,3.3126,3.2,3.2,231836.0
2025-04-02,3.21,3.31,3.21,3.3,274858.0
2025-04-03,3.2,3.355,3.11,3.11,335801.0
2025-04-04,3.06,3.08,2.975,3.05,393489.0
2025-04-07,2.97,3.09,2.92,3.02,166786.0
2025-04-08,3.07,3.2,3.015,3.04,201223.0
2025-04-09,3.03,3.23,2.98,3.17,198584.0
2025-04-10,3.14,3.19,3.02,3.1,169339.0
2025-04-11,3.09,3.12,3.0298,3.05,136981.0
2025-04-14,3.09,3.135,3.056,3.1,141103.0
2025-04-15,3.12,3.19,3.12,3.12,58022.0
2025-04-16,3.12,3.14,3.06,3.07,104613.0
2025-04-17,3.1,3.17,3.1,3.13,220331.0
2025-04-21,3.12,3.14,3.06,3.11,87592.0
2025-04-22,3.1,3.22,3.1,3.18,204438.0
2025-04-23,3.24,3.37,3.24,3.35,180589.0
2025-04-24,3.33,3.43,3.33,3.43,136664.0
2025-04-25,3.48,3.58,3.39,3.55,288480.0
2025-04-28,3.52,3.555,3.47,3.55,168170.0
2025-04-29,3.55,3.56,3.475,3.54,88650.0
2025-04-30,3.48,3.485,3.405,3.43,150378.0
2025-05-01,3.53,3.54,3.455,3.48,103782.0
2025-05-02,3.51,3.575,3.4932,3.54,165559.0
2025-05-05,3.53,3.55,3.5,3.5,91272.0
2025-05-06,3.485,3.515,3.45,3.47,80178.0
2025-05-07,3.5,3.5,3.44,3.49,134886.0
2025-05-08,3.515,3.6,3.5,3.56,484562.0
2025-05-09,3.55,3.55,3.51,3.55,77446.0
2025-05-12,3.6,3.66,3.55,3.57,128109.0
2025-05-13,3.5601,3.585,3.5,3.51,111239.0
2025-05-14,3.5,3.555,3.5,3.52,106008.0
2025-05-15,3.525,3.555,3.49,3.52,92882.0
2025-05-16,3.49,3.52,3.44,3.47,239707.0
2025-05-19,3.45,3.55,3.45,3.54,121984.0
2025-05-20,3.55,3.61,3.485,3.5,109381.0
2025-05-21,3.49,3.52,3.43,3.45,116868.0
2025-05-22,3.435,3.47,3.415,3.45,135044.0
2025-05-23,3.41,3.46,3.41,3.43,161903.0
2025-05-27,3.45,3.505,3.41,3.47,150159.0
2025-05-28,3.455,3.57,3.4423,3.51,357082.0
2025-05-29,3.5298,3.535,3.481,3.51,390733.0
2025-05-30,3.5,3.53,3.425,3.47,331250.0
2025-06-02,3.45,3.505,3.44,3.47,113224.0
2025-06-03,3.48,3.51,3.43,3.43,195606.0
2025-06-04,3.44,3.455,3.37,3.41,183233.0
2025-06-05,3.39,3.41,3.37,3.39,142991.0
2025-06-06,3.41,3.48,3.4,3.42,167405.0
2025-06-09,3.43,3.455,3.395,3.41,238619.0
2025-06-10,3.41,3.44,3.38,3.4,119558.0
2025-06-11,3.41,3.44,3.39,3.4,179591.0
2025-06-12,3.39,3.43,3.39,3.43,91226.0
2025-06-13,3.4,3.4,3.33,3.33,260012.0
2025-06-16,3.36,3.4,3.33,3.33,248793.0
2025-06-17,3.34,3.37,3.285,3.29,583157.0
2025-06-18,3.29,3.38,3.29,3.32,203104.0
2025-06-20,3.34,3.3683,3.29,3.29,228921.0
2025-06-23,3.29,3.34,3.25,3.26,441936.0
2025-06-24,3.28,3.33,3.26,3.29,316859.0
2025-06-25,3.29,3.305,3.25,3.27,350428.0
2025-06-26,3.27,3.39,3.26,3.34,375343.0
2025-06-27,3.35,3.7,3.33,3.64,14299699.0
2025-06-30,3.52,3.63,3.485,3.59,2745903.0
2025-07-01,3.59,3.63,3.53,3.58,3330376.0
2025-07-02,3.58,3.6,3.49,3.51,754542.0
2025-07-03,3.52,3.6,3.52,3.59,283845.0
2025-07-07,3.57,3.675,3.52,3.6,516154.0
2025-07-08,3.59,3.6226,3.57,3.59,325011.0
2025-07-09,3.63,3.63,3.55,3.59,382857.0
2025-07-10,3.58,3.6,3.56,3.58,171953.0
2025-07-11,3.59,3.59,3.54,3.55,362945.0
2025-07-14,3.53,3.74,3.53,3.74,402023.0
2025-07-15,3.7,3.75,3.64,3.68,344417.0
2025-07-16,3.69,3.805,3.625,3.76,421438.0
2025-07-17,3.84,4.05,3.81,3.97,784059.0
2025-07-18,4.0,4.0054,3.93,3.93,389711.0
2025-07-21,3.96,4.0,3.9,3.93,406779.0
2025-07-22,3.91,3.98,3.88,3.95,433940.0
2025-07-23,3.94,3.99,3.9109,3.95,313891.0
2025-07-24,3.8,3.9,3.75,3.81,255683.0
2025-07-25,3.8,3.8,3.69,3.75,231143.0
2025-07-28,3.75,3.76,3.67,3.7,201399.0
2025-07-29,3.73,3.73,3.64,3.66,282125.0
2025-07-30,3.66,3.715,3.575,3.61,283534.0
2025-07-31,3.59,3.72,3.59,3.67,1240149.0
2025-08-01,3.61,3.65,3.4,3.41,445833.0
2025-08-04,3.45,3.5,3.41,3.46,251140.0
2025-08-05,3.48,3.485,3.42,3.47,265617.0
2025-08-06,3.46,3.59,3.46,3.56,290748.0
2025-08-07,3.6,3.6405,3.5435,3.61,256468.0
2025-08-08,3.61,3.655,3.58,3.6,278274.0
2025-08-11,3.61,3.66,3.585,3.66,117255.0
2025-08-12,3.68,3.825,3.68,3.82,481384.0
2025-08-13,3.82,3.855,3.78,3.79,187238.0
2025-08-14,3.77,3.7966,3.685,3.74,209364.0
2025-08-15,3.74,3.74,3.675,3.7,245330.0
2025-08-18,3.71,3.71,3.655,3.66,259800.0
2025-08-19,3.65,3.7,3.635,3.64,476747.0
2025-08-20,3.65,3.695,3.65,3.69,226829.0
2025-08-21,3.63,3.71,3.63,3.67,165550.0
2025-08-22,3.69,3.91,3.67,3.84,1063057.0
2025-08-25,3.96,4.14,3.86,4.03,2585763.0
2025-08-26,4.06,4.09,3.87,3.88,309957.0
2025-08-27,3.87,4.045,3.87,3.98,704582.0
2025-08-28,4.01,4.015,3.93,3.98,297414.0
2025-08-29,3.99,4.05,3.945,4.01,221279.0
2025-09-02,4.0,4.05,3.96,4.05,561270.0
2025-09-03,4.04,4.0696,3.945,3.96,121458.0
2025-09-04,3.97,4.06,3.9637,4.04,208262.0
2025-09-05,4.04,4.17,4.015,4.06,269470.0
2025-09-08,4.08,4.22,4.03,4.17,325926.0
2025-09-09,4.18,4.22,4.15,4.16,252271.0
2025-09-10,4.14,4.2099,4.12,4.13,257737.0
2025-09-11,4.13,4.1899,4.07,4.08,439506.0
2025-09-12,4.06,4.15,4.05,4.12,246097.0
2025-09-15,4.13,4.2,4.12,4.2,192570.0
2025-09-16,4.21,4.245,4.165,4.18,271852.0
2025-09-17,4.18,4.255,4.14,4.15,508060.0
2025-09-18,4.18,4.35,4.15,4.34,318235.0
2025-09-19,4.34,4.355,4.231,4.3,1268383.0
2025-09-22,4.27,4.31,4.2401,4.29,272824.0
2025-09-23,4.31,4.37,4.28,4.31,194300.0
2025-09-24,4.32,4.345,4.295,4.34,140277.0
2025-09-25,4.33,4.405,4.25,4.35,282526.0
2025-09-26,4.37,4.383,4.25,4.32,137739.0
2025-09-29,4.31,4.31,4.245,4.26,189721.0
2025-09-30,4.24,4.26,4.19,4.23,236778.0
2025-10-01,4.2,4.305,4.16,4.27,230672.0
2025-10-02,4.27,4.29,4.16,4.21,235872.0
2025-10-03,4.25,4.2698,4.205,4.23,123793.0
2025-10-06,4.28,4.28,4.1684,4.23,123430.0
2025-10-07,4.26,4.265,4.21,4.23,155556.0
2025-10-08,4.26,4.26,4.21,4.22,92864.0
2025-10-09,4.21,4.21,4.14,4.19,98980.0
2025-10-10,4.19,4.24,4.12,4.12,241396.0
2025-10-13,4.18,4.18,4.07,4.1,165642.0
2025-10-14,4.05,4.19,4.0258,4.18,197523.0
2025-10-15,4.22,4.35,4.19,4.35,577527.0
2025-10-16,4.29,4.385,4.21,4.25,830509.0
2025-10-17,4.28,4.33,4.23,4.3,458936.0
2025-10-20,4.33,4.36,4.315,4.34,205336.0
2025-10-21,4.33,4.34,4.29,4.3,94052.0
2025-10-22,4.3,4.36,4.3,4.34,243331.0
2025-10-23,4.37,4.37,4.3,4.32,142130.0
2025-10-24,4.28,4.38,4.255,4.36,561989.0
2025-10-27,4.35,4.35,4.2803,4.3,149576.0
2025-10-28,4.34,4.495,4.32,4.39,323784.0
2025-10-29,4.42,4.545,4.35,4.38,706161.0
2025-10-30,4.38,4.545,4.38,4.48,304326.0
2025-10-31,4.46,4.505,4.37,4.48,236495.0
2025-11-03,4.52,4.6999,4.495,4.62,653674.0
2025-11-04,4.63,4.785,4.57,4.66,647187.0
2025-11-05,4.68,4.72,4.635,4.69,381413.0
2025-11-06,4.69,4.74,4.61,4.65,387343.0
2025-11-07,4.4,4.455,4.355,4.42,356426.0
2025-11-10,4.41,4.445,4.33,4.34,406780.0
2025-11-11,4.33,4.38,4.305,4.37,266995.0
2025-11-12,4.34,4.41,4.3,4.33,355723.0
2025-11-13,4.31,4.35,4.21,4.27,253222.0
2025-11-14,4.26,4.375,4.2363,4.32,687239.0
2025-11-17,4.31,4.33,4.07,4.09,182463.0
2025-11-18,4.09,4.17,4.06,4.1,405106.0
2025-11-19,4.09,4.15,4.05,4.05,233640.0
2025-11-20,4.1,4.18,4.04,4.05,235598.0
2025-11-21,4.05,4.17,4.05,4.06,341282.0
2025-11-24,4.09,4.16,4.085,4.1,234124.0
2025-11-25,4.13,4.33,4.13,4.29,367821.0
2025-11-26,4.3,4.345,4.23,4.32,216538.0
2025-11-28,4.31,4.33,4.265,4.33,112522.0
2025-12-01,4.3,4.52,4.29,4.43,906265.0
2025-12-02,4.45,4.51,4.36,4.39,1001556.0
2025-12-03,4.42,4.45,4.35,4.39,229779.0
2025-12-04,4.38,4.415,4.35,4.39,135715.0
2025-12-05,4.42,4.43,4.33,4.37,266697.0
2025-12-08,4.37,4.41,4.295,4.3,87255.0
2025-12-09,4.29,4.4,4.29,4.34,143299.0
2025-12-10,4.36,4.47,4.36,4.42,298820.0
2025-12-11,4.43,4.58,4.395,4.53,286519.0
2025-12-12,4.55,4.55,4.47,4.53,480685.0
2025-12-15,4.55,4.59,4.52,4.59,303236.0
2025-12-16,4.59,4.65,4.545,4.58,256946.0
2025-12-17,4.57,4.68,4.54,4.56,273511.0
2025-12-18,4.6,4.63,4.56,4.6,146453.0
2025-12-19,4.58,4.58,4.415,4.46,357173.0
2025-12-22,4.47,4.505,4.39,4.4,87507.0
2025-12-23,4.38,4.42,4.28,4.3,268361.0
2025-12-24,4.3,4.33,4.27,4.31,54549.0
2025-12-26,4.32,4.42,4.305,4.37,124441.0
2025-12-29,4.34,4.45,4.24,4.25,237052.0
2025-12-30,4.24,4.25,4.15,4.16,193878.0
2025-12-31,4.18,4.29,4.18,4.27,238191.0
2026-01-02,4.24,4.365,4.24,4.29,180263.0
2026-01-05,4.3,4.426,4.28,4.28,208796.0
2026-01-06,4.27,4.305,4.25,4.26,208688.0
2026-01-07,4.27,4.3,4.235,4.27,123688.0
2026-01-08,4.25,4.4,4.25,4.35,106397.0
2026-01-09,4.35,4.38,4.26,4.26,127038.0
2026-01-12,4.27,4.29,4.26,4.28,127971.0
2026-01-13,4.3,4.34,4.255,4.27,88276.0
2026-01-14,4.26,4.31,4.26,4.3,128664.0
2026-01-15,4.29,4.46,4.28,4.42,108820.0
2026-01-16,4.41,4.41,4.3,4.31,124221.0
2026-01-20,4.26,4.39,4.25,4.37,150958.0
2026-01-21,4.4,4.47,4.375,4.42,300695.0
2026-01-22,4.42,4.48,4.42,4.46,118166.0
2026-01-23,4.44,4.4694,4.28,4.33,112443.0
2026-01-26,4.33,4.34,4.29,4.31,114411.0
2026-01-27,4.29,4.32,4.26,4.28,149004.0
2026-01-28,4.31,4.37,4.255,4.28,168798.0
2026-01-29,4.25,4.36,4.25,4.36,143637.0
2026-01-30,4.35,4.44,4.25,4.25,175083.0
2026-02-02,4.27,4.365,4.27,4.29,219674.0
2026-02-03,4.29,4.37,4.26,4.36,269715.0
2026-02-04,4.35,4.4,4.315,4.36,193454.0
2026-02-05,4.35,4.4,4.27,4.32,139139.0
2026-02-06,4.36,4.39,4.28,4.3,267793.0
2026-02-09,4.29,4.355,4.264,4.33,159259.0
2026-02-10,4.33,4.35,4.31,4.32,140754.0
2026-02-11,4.35,4.42,4.27,4.29,210517.0
2026-02-12,4.31,4.32,4.23,4.26,308761.0
2026-02-13,4.27,4.3,4.22,4.27,128292.0
2026-02-17,4.27,4.314,4.25,4.26,121705.0
2026-02-18,4.24,4.355,4.235,4.29,895064.0
2026-02-19,4.27,4.28,4.215,4.22,140747.0
2026-02-20,4.2,4.27,4.185,4.26,389516.0
2026-02-23,4.26,4.27,4.09,4.1,270532.0
2026-02-24,4.11,4.165,4.06,4.08,193295.0
2026-02-25,4.08,4.2,4.05,4.19,127729.0
2026-02-26,4.18,4.3,4.12,4.22,200472.0
2026-02-27,4.16,4.17,4.01,4.06,488385.0
2026-03-02,4.01,4.0851,4.01,4.05,160424.0
2026-03-03,4.02,4.05,3.94,4.04,181232.0
2026-03-04,4.08,4.11,4.05,4.09,287931.0
2026-03-05,4.05,4.1,3.9575,4.0,200216.0
2026-03-06,3.96,4.0,3.92,3.99,268785.0
2026-03-09,3.95,3.985,3.865,3.97,278192.0
2026-03-10,3.95,4.065,3.95,3.99,143094.0
2026-03-11,3.96,4.01,3.945,3.96,169815.0
2026-03-12,3.91,3.975,3.89,3.96,210059.0
2026-03-13,3.95,3.95,3.755,3.87,811663.0
2026-03-16,3.9,3.98,3.894,3.96,265950.0
2026-03-17,3.99,4.04,3.965,3.98,295630.0
2026-03-18,3.95,3.99,3.92,3.92,310824.0
2026-03-19,3.9,4.01,3.89,3.97,233316.0
2026-03-20,3.95,3.97,3.91,3.95,366288.0
2026-03-23,4.0,4.115,4.0,4.05,215042.0
2026-03-24,4.01,4.085,3.95,4.03,159650.0
2026-03-25,4.06,4.06,4.0,4.01,143359.0
2026-03-26,3.97,4.02,3.95,3.98,123152.0
2026-03-27,3.95,3.985,3.95,3.98,119743.0
2026-03-30,4.01,4.04,3.96,4.03,181255.0
2026-03-31,4.09,4.27,4.09,4.2,629962.0
2026-04-01,4.24,4.255,4.19,4.2,163458.0
2026-04-02,4.17,4.215,4.06,4.12,1179662.0
2026-04-06,4.12,4.2098,4.05,4.07,1961664.0
2026-04-07,4.08,4.2,4.035,4.17,695073.0
2026-04-08,4.29,4.315,4.145,4.17,667387.0
2026-04-09,4.16,4.2798,4.14,4.23,482169.0
2026-04-10,4.25,4.26,4.16,4.18,2280603.0
2026-04-13,3.6,3.6199,3.48,3.485,961105.0
2026-04-14,3.52,3.53,3.44,3.48,446485.0
2026-04-15,3.48,3.53,3.45,3.51,540272.0
2026-04-16,3.51,3.51,3.46,3.48,393636.0
2026-04-17,3.52,3.6186,3.51,3.57,470988.0
2026-04-20,3.59,3.595,3.5401,3.575,286042.0
2026-04-21,3.57,3.58,3.54,3.545,129088.0
2026-04-22,3.52,3.56,3.515,3.525,200541.0
2026-04-23,3.53,3.56,3.51,3.52,169778.0
