date,open,high,low,close,volume
2010-05-26,20.0,20.01,20.0,20.0,261400.0
2010-05-27,20.0,20.01,20.0,20.0,66700.0
2010-05-28,20.0,20.01,20.0,20.01,42700.0
2010-06-01,20.0,20.02,20.0,20.0,42700.0
2010-06-02,20.0,20.05,20.0,20.04,106500.0
2010-06-03,20.04,20.04,20.03,20.04,39600.0
2010-06-04,20.04,20.19,20.03,20.03,65200.0
2010-06-07,20.05,20.08,20.0,20.04,70500.0
2010-06-08,20.05,20.05,20.0,20.0,139400.0
2010-06-09,20.0,20.02,20.0,20.02,21300.0
2010-06-10,20.02,20.02,20.0,20.0,16400.0
2010-06-11,20.0,20.01,20.0,20.0,11900.0
2010-06-14,20.01,20.01,20.0,20.0,11600.0
2010-06-15,20.0,20.01,20.0,20.0,74000.0
2010-06-16,20.0,20.01,20.0,20.01,17900.0
2010-06-17,20.0,20.01,20.0,20.0,18000.0
2010-06-18,20.0,20.01,20.0,20.0,11000.0
2010-06-21,20.0,20.01,20.0,20.01,17900.0
2010-06-22,20.0,20.01,20.0,20.0,10500.0
2010-06-23,20.01,20.01,20.0,20.01,10900.0
2010-06-24,20.01,20.01,20.0,20.01,8200.0
2010-06-25,20.0,20.01,20.0,20.01,35400.0
2010-06-28,20.03,20.03,20.0,20.01,16000.0
2010-06-29,20.0,20.0,20.0,20.0,18600.0
2010-06-30,20.01,20.01,20.0,20.0,24800.0
2010-07-01,20.0,20.01,20.0,20.0,11100.0
2010-07-02,20.0,20.01,20.0,20.01,30400.0
2010-07-06,20.0,20.1,20.0,20.01,20900.0
2010-07-07,20.07,20.1,20.0,20.01,4000.0
2010-07-08,20.0,20.01,19.55,19.7,530100.0
2010-07-09,19.7,19.7,19.4,19.65,149400.0
2010-07-12,19.66,19.66,19.29,19.36,44200.0
2010-07-13,19.36,19.46,19.05,19.05,72400.0
2010-07-14,19.0,19.0,18.66,18.86,22600.0
2010-07-15,18.84,18.9,18.68,18.9,44200.0
2010-07-16,18.88,18.9,18.84,18.9,9600.0
2010-07-19,18.85,19.15,18.85,19.07,33600.0
2010-07-20,19.03,19.12,18.93,19.0,32600.0
2010-07-21,19.0,19.25,18.97,19.25,33900.0
2010-07-22,18.9,19.17,18.9,19.1,36300.0
2010-07-23,19.03,19.09,18.81,19.01,33900.0
2010-07-26,19.03,19.1,18.27,18.59,105600.0
2010-07-27,18.64,18.77,18.6,18.64,62100.0
2010-07-28,18.69,18.94,18.69,18.93,52000.0
2010-07-29,18.87,18.93,18.77,18.79,28600.0
2010-07-30,18.75,18.89,18.63,18.71,36700.0
2010-08-02,18.7,19.03,18.67,18.81,54400.0
2010-08-03,18.82,19.14,18.82,19.03,31700.0
2010-08-04,19.12,19.33,19.12,19.33,28300.0
2010-08-05,19.27,19.31,19.15,19.3,14200.0
2010-08-06,19.33,19.52,19.3,19.36,32200.0
2010-08-09,19.36,19.37,19.01,19.33,26900.0
2010-08-10,19.35,19.5,19.24,19.45,26300.0
2010-08-11,19.45,19.46,19.22,19.34,16300.0
2010-08-12,19.38,19.47,19.25,19.42,19500.0
2010-08-13,19.44,19.5,19.3,19.48,30300.0
2010-08-16,19.37,19.72,19.26,19.72,133300.0
2010-08-17,19.63,19.82,19.58,19.73,52000.0
2010-08-18,19.66,19.84,19.4,19.8,52400.0
2010-08-19,19.85,19.85,19.46,19.6,51200.0
2010-08-20,19.65,19.65,19.14,19.42,30600.0
2010-08-23,19.37,19.38,19.08,19.24,53000.0
2010-08-24,18.9,19.12,18.83,18.97,64600.0
2010-08-25,19.05,19.14,18.75,18.84,57000.0
2010-08-26,18.9,18.9,18.62,18.8,69200.0
2010-08-27,18.83,18.94,18.8,18.89,11500.0
2010-08-30,18.85,18.95,18.65,18.65,62800.0
2010-08-31,18.84,18.92,18.77,18.91,40700.0
2010-09-01,18.82,18.99,18.8,18.85,36600.0
2010-09-02,18.92,19.47,18.92,19.22,59600.0
2010-09-03,19.22,19.23,19.12,19.19,20300.0
2010-09-07,19.29,19.81,19.1,19.3,20200.0
2010-09-08,19.62,19.64,19.03,19.35,57000.0
2010-09-09,19.45,19.5,19.2,19.3,55900.0
2010-09-10,19.4,19.47,19.08,19.22,50100.0
2010-09-13,19.34,19.5,19.27,19.5,55500.0
2010-09-14,19.35,19.6,19.32,19.6,44900.0
2010-09-15,19.49,19.49,19.33,19.49,51500.0
2010-09-16,19.25,19.48,19.25,19.48,32900.0
2010-09-17,19.5,19.51,19.33,19.42,55600.0
2010-09-20,19.62,19.62,19.4,19.5,51300.0
2010-09-21,19.5,19.5,19.21,19.36,32000.0
2010-09-22,19.31,19.4,19.27,19.27,59100.0
2010-09-23,19.36,19.4,19.01,19.19,70300.0
2010-09-24,19.2,19.2,19.1,19.15,67600.0
2010-09-27,19.28,19.4,19.15,19.19,21200.0
2010-09-28,19.12,19.2,19.05,19.2,17400.0
2010-09-29,19.18,19.26,18.96,19.03,121000.0
2010-09-30,19.13,19.2,19.1,19.2,70900.0
2010-10-01,19.27,19.4,19.26,19.4,48500.0
2010-10-04,19.38,19.38,19.18,19.3,41500.0
2010-10-05,19.24,19.37,19.0,19.04,108600.0
2010-10-06,19.14,19.25,19.09,19.17,36400.0
2010-10-07,19.07,19.26,19.07,19.14,80500.0
2010-10-08,19.19,19.29,19.1,19.29,39800.0
2010-10-11,19.37,19.5,19.25,19.5,61600.0
2010-10-12,19.43,19.61,19.31,19.61,52900.0
2010-10-13,19.6,19.68,19.45,19.65,57200.0
2010-10-14,19.68,19.75,19.65,19.72,39200.0
2010-10-15,19.75,19.83,19.68,19.7,46900.0
2010-10-18,19.26,19.49,19.26,19.4,47500.0
2010-10-19,19.25,19.5,19.25,19.5,45800.0
2010-10-20,19.5,19.75,19.41,19.65,69300.0
2010-10-21,19.7,19.75,19.3,19.52,72800.0
2010-10-22,19.5,19.58,19.2,19.34,72400.0
2010-10-25,19.48,19.48,19.2,19.2,92500.0
2010-10-26,19.23,19.38,19.2,19.33,52300.0
2010-10-27,19.39,19.44,19.22,19.44,46100.0
2010-10-28,19.47,19.61,19.42,19.51,52800.0
2010-10-29,19.61,19.67,19.29,19.58,69400.0
2010-11-01,19.54,19.75,19.48,19.7,77600.0
2010-11-02,19.79,19.89,19.71,19.8,89200.0
2010-11-03,19.71,19.88,19.67,19.84,62000.0
2010-11-04,19.81,19.95,19.56,19.82,73100.0
2010-11-05,19.89,19.95,19.73,19.92,62600.0
2010-11-08,19.9,19.95,19.77,19.84,40900.0
2010-11-09,19.68,19.99,19.68,19.84,48300.0
2010-11-10,19.76,19.95,19.76,19.83,62100.0
2010-11-11,19.7,19.97,19.7,19.83,76900.0
2010-11-12,19.51,19.87,19.51,19.81,35000.0
2010-11-15,19.73,19.95,19.7,19.8,40300.0
2010-11-16,19.55,19.76,19.34,19.73,84900.0
2010-11-17,19.5,19.59,19.23,19.35,98700.0
2010-11-18,19.33,19.8,19.33,19.71,61500.0
2010-11-19,19.8,19.8,19.34,19.53,56500.0
2010-11-22,19.48,19.74,19.24,19.42,63300.0
2010-11-23,19.02,19.41,18.33,19.25,137000.0
2010-11-24,19.15,19.43,18.99,19.26,104100.0
2010-11-26,19.34,19.45,19.2,19.43,12200.0
2010-11-29,19.6,19.66,19.35,19.6,100200.0
2010-11-30,19.7,19.77,19.62,19.65,49100.0
2010-12-01,19.67,19.83,19.6,19.65,50700.0
2010-12-02,19.66,19.76,19.53,19.66,47700.0
2010-12-03,19.59,19.82,19.59,19.69,54800.0
2010-12-06,19.58,19.94,19.56,19.61,53200.0
2010-12-07,19.72,19.8,19.7,19.77,50700.0
2010-12-08,19.71,19.95,19.71,19.89,94300.0
2010-12-09,20.18,20.18,19.76,19.9,77100.0
2010-12-10,19.97,19.97,19.79,19.97,52600.0
2010-12-13,19.97,19.97,19.76,19.8,61900.0
2010-12-14,19.76,19.95,19.76,19.95,61300.0
2010-12-15,19.9,19.98,19.63,19.76,83400.0
2010-12-16,19.83,19.84,19.62,19.68,55700.0
2010-12-17,19.6,19.85,19.6,19.79,53100.0
2010-12-20,19.79,19.85,19.76,19.85,48700.0
2010-12-21,19.85,19.95,19.77,19.77,56300.0
2010-12-22,19.89,20.0,19.73,19.83,82500.0
2010-12-23,19.9,19.99,19.84,19.86,64200.0
2010-12-27,19.95,20.09,19.87,19.88,71300.0
2010-12-28,19.99,20.06,19.76,19.88,71000.0
2010-12-29,19.62,19.96,19.62,19.82,33600.0
2010-12-30,19.98,20.05,19.88,19.95,58000.0
2010-12-31,20.03,20.03,19.95,19.96,27500.0
2011-01-03,20.04,20.05,19.81,19.96,63900.0
2011-01-04,20.03,20.03,19.83,19.94,50600.0
2011-01-05,19.99,20.0,19.93,20.0,62400.0
2011-01-06,20.03,20.05,19.98,20.03,82900.0
2011-01-07,19.88,20.05,19.88,20.05,77100.0
2011-01-10,20.03,20.09,19.97,20.09,83300.0
2011-01-11,20.12,20.2,19.97,20.2,126800.0
2011-01-12,20.42,20.8,20.07,20.15,134500.0
2011-01-13,20.39,20.58,20.0,20.06,101900.0
2011-01-14,20.24,20.24,20.02,20.11,65700.0
2011-01-18,20.19,20.23,19.81,20.17,72700.0
2011-01-19,20.15,20.2,20.07,20.15,68900.0
2011-01-20,20.18,20.26,20.06,20.19,74500.0
2011-01-21,20.25,20.31,20.05,20.06,113000.0
2011-01-24,20.26,20.26,19.93,19.95,123100.0
2011-01-25,20.14,20.25,19.88,19.9,145600.0
2011-01-26,20.08,20.12,19.88,19.99,123800.0
2011-01-27,20.13,20.25,20.06,20.07,107400.0
2011-01-28,20.2,20.22,20.06,20.2,81300.0
2011-01-31,20.2,20.29,19.98,20.07,103200.0
2011-02-01,19.99,20.19,19.99,20.18,83300.0
2011-02-02,20.17,20.3,20.13,20.29,73600.0
2011-02-03,20.3,20.47,20.16,20.47,88000.0
2011-02-04,20.5,20.56,20.34,20.47,91000.0
2011-02-07,20.52,20.6,20.42,20.51,56600.0
2011-02-08,20.57,20.57,20.14,20.44,90400.0
2011-02-09,20.44,20.57,20.32,20.54,97100.0
2011-02-10,20.45,20.59,20.45,20.59,71200.0
2011-02-11,20.6,20.75,20.57,20.7,110900.0
2011-02-14,20.69,20.75,20.54,20.55,69900.0
2011-02-15,20.58,20.7,20.58,20.7,73100.0
2011-02-16,20.7,20.75,20.53,20.73,118600.0
2011-02-17,20.81,20.84,20.58,20.58,124700.0
2011-02-18,20.51,20.52,20.32,20.37,85100.0
2011-02-22,20.43,20.43,20.0,20.17,67000.0
2011-02-23,20.22,20.32,20.03,20.08,84400.0
2011-02-24,20.15,20.5,20.15,20.28,72000.0
2011-02-25,20.45,20.45,20.22,20.37,76300.0
2011-02-28,20.49,20.63,20.4,20.47,98600.0
2011-03-01,20.59,20.64,20.42,20.42,46600.0
2011-03-02,20.52,20.66,20.48,20.66,63100.0
2011-03-03,20.79,20.79,20.4,20.57,82100.0
2011-03-04,20.67,20.71,20.6,20.7,58000.0
2011-03-07,20.78,20.84,20.64,20.7,62000.0
2011-03-08,20.8,20.83,20.36,20.67,76500.0
2011-03-09,20.73,21.06,20.65,21.04,172800.0
2011-03-10,20.95,21.21,20.94,21.04,157500.0
2011-03-11,21.23,21.31,21.06,21.22,74400.0
2011-03-14,21.22,21.27,21.08,21.17,111200.0
2011-03-15,21.17,21.21,21.01,21.05,114900.0
2011-03-16,21.02,21.15,21.0,21.11,39000.0
2011-03-17,21.13,21.21,21.07,21.18,110900.0
2011-03-18,21.1,21.29,21.06,21.1,107500.0
2011-03-21,21.25,21.27,20.82,20.94,96900.0
2011-03-22,20.88,21.04,20.56,20.7,95700.0
2011-03-23,20.56,20.65,20.33,20.56,118200.0
2011-03-24,20.63,20.68,20.51,20.52,69200.0
2011-03-25,20.63,20.63,20.37,20.48,126200.0
2011-03-28,20.55,20.68,20.16,20.16,128300.0
2011-03-29,20.15,20.34,19.9,19.93,130900.0
2011-03-30,20.02,20.19,20.02,20.1,38900.0
2011-03-31,20.14,20.19,19.92,19.92,65800.0
2011-04-01,20.05,20.17,19.99,20.11,46900.0
2011-04-04,20.19,20.19,20.04,20.1,39100.0
2011-04-05,20.15,20.34,20.1,20.34,47300.0
2011-04-06,20.35,20.59,20.35,20.59,33400.0
2011-04-07,20.63,20.7,20.55,20.7,54500.0
2011-04-08,20.69,20.69,20.61,20.68,39500.0
2011-04-11,20.68,20.94,20.68,20.91,74800.0
2011-04-12,20.95,20.95,20.59,20.68,71600.0
2011-04-13,20.78,20.99,20.41,20.63,74600.0
2011-04-14,20.56,20.92,20.49,20.92,42500.0
2011-04-15,21.0,21.12,20.91,21.1,81500.0
2011-04-18,20.7,21.17,20.7,20.99,74400.0
2011-04-19,21.12,21.26,20.97,21.11,84000.0
2011-04-20,21.07,21.27,21.07,21.15,60700.0
2011-04-21,21.29,21.29,21.15,21.29,67500.0
2011-04-25,21.42,21.62,21.16,21.35,92300.0
2011-04-26,21.46,21.46,21.0,21.14,105500.0
2011-04-27,21.24,21.5,21.04,21.41,75600.0
2011-04-28,21.6,21.6,20.99,21.13,128500.0
2011-04-29,20.99,21.26,20.99,21.26,60000.0
2011-05-02,21.45,21.53,21.35,21.48,70000.0
2011-05-03,21.59,21.61,21.27,21.39,52000.0
2011-05-04,21.28,21.5,21.15,21.29,75000.0
2011-05-05,21.35,21.4,21.04,21.08,49100.0
2011-05-06,21.29,21.44,21.08,21.24,33600.0
2011-05-09,21.18,21.57,21.18,21.24,63000.0
2011-05-10,21.35,21.36,21.19,21.35,30200.0
2011-05-11,21.4,21.4,20.91,20.96,68400.0
2011-05-12,21.07,21.18,20.96,21.1,69000.0
2011-05-13,21.16,21.16,21.0,21.1,20800.0
2011-05-16,21.1,21.2,21.02,21.1,49100.0
2011-05-17,21.0,21.02,20.71,20.84,78100.0
2011-05-18,20.84,21.09,20.73,20.91,35700.0
2011-05-19,21.02,21.1,20.92,20.97,32600.0
2011-05-20,20.87,20.95,20.82,20.86,25900.0
2011-05-23,20.71,20.89,20.61,20.63,71900.0
2011-05-24,20.73,20.73,20.34,20.47,68000.0
2011-05-25,20.38,20.61,20.35,20.46,61000.0
2011-05-26,20.52,20.52,20.11,20.15,70100.0
2011-05-27,20.2,20.32,20.19,20.32,46900.0
2011-05-31,20.32,20.55,20.32,20.55,50500.0
2011-06-01,20.5,20.6,20.48,20.55,44300.0
2011-06-02,20.64,20.7,20.44,20.65,37300.0
2011-06-03,20.51,20.71,20.49,20.6,38600.0
2011-06-06,20.6,20.7,20.51,20.58,33900.0
2011-06-07,20.67,20.7,20.42,20.46,51400.0
2011-06-08,20.31,20.5,20.31,20.45,40500.0
2011-06-09,20.55,20.55,20.26,20.31,52700.0
2011-06-10,20.34,20.37,20.25,20.3,38200.0
2011-06-13,20.17,20.42,20.17,20.42,42400.0
2011-06-14,20.55,20.75,20.55,20.7,71400.0
2011-06-15,20.62,20.77,20.58,20.58,21800.0
2011-06-16,20.74,20.79,20.6,20.65,6800.0
2011-06-17,20.75,20.75,20.53,20.53,9400.0
2011-06-20,20.66,20.81,20.6,20.72,33300.0
2011-06-21,20.74,20.84,20.67,20.72,52800.0
2011-06-22,20.7,20.81,20.49,20.55,64100.0
2011-06-23,20.64,20.7,20.3,20.5,111400.0
2011-06-24,20.5,20.67,20.4,20.49,46300.0
2011-06-27,20.59,20.6,20.19,20.24,119000.0
2011-06-28,19.45,20.35,19.45,20.29,32100.0
2011-06-29,20.4,20.7,20.4,20.61,21400.0
2011-06-30,20.73,20.77,20.4,20.57,52700.0
2011-07-01,20.7,20.7,20.44,20.64,37600.0
2011-07-05,20.55,20.8,20.55,20.77,26900.0
2011-07-06,20.85,21.0,20.85,21.0,65300.0
2011-07-07,21.0,21.0,20.93,20.99,24400.0
2011-07-08,20.97,21.1,20.9,21.05,35300.0
2011-07-11,20.91,21.03,20.7,20.92,45600.0
2011-07-12,20.91,21.69,20.9,21.27,63600.0
2011-07-13,21.17,21.33,21.1,21.11,51200.0
2011-07-14,21.2,21.2,20.57,20.77,59700.0
2011-07-15,20.92,20.92,20.46,20.63,35100.0
2011-07-18,20.59,20.59,20.29,20.35,13000.0
2011-07-19,20.45,20.47,20.15,20.23,47100.0
2011-07-20,20.3,20.5,20.25,20.39,80500.0
2011-07-21,20.4,20.48,20.21,20.38,40600.0
2011-07-22,20.32,20.55,20.3,20.55,27800.0
2011-07-25,20.34,20.57,20.16,20.33,41900.0
2011-07-26,20.33,20.33,19.78,19.83,86100.0
2011-07-27,19.9,19.95,19.76,19.89,38900.0
2011-07-28,19.97,19.99,19.64,19.72,69700.0
2011-07-29,19.56,19.56,18.7,19.2,244000.0
2011-08-01,19.75,19.75,19.4,19.68,67600.0
2011-08-02,19.68,19.68,19.35,19.54,55400.0
2011-08-03,19.64,19.64,19.27,19.35,37600.0
2011-08-04,19.29,19.3,18.94,19.02,67800.0
2011-08-05,19.15,19.29,17.77,18.7,137300.0
2011-08-08,17.56,18.04,17.11,17.58,260400.0
2011-08-09,17.58,18.15,17.34,18.05,94800.0
2011-08-10,17.46,18.19,17.27,18.03,130200.0
2011-08-11,18.02,18.32,17.9,18.23,48900.0
2011-08-12,18.94,19.09,18.15,18.49,57000.0
2011-08-15,18.49,18.62,18.4,18.6,42700.0
2011-08-16,18.45,18.47,18.36,18.37,19400.0
2011-08-17,18.52,18.59,18.4,18.48,79500.0
2011-08-18,18.11,18.21,17.93,17.97,44000.0
2011-08-19,17.8,18.01,17.69,17.87,32000.0
2011-08-22,17.95,17.95,17.3,17.54,93500.0
2011-08-23,17.54,17.85,17.54,17.72,56200.0
2011-08-24,17.72,17.73,17.42,17.63,71300.0
2011-08-25,17.74,17.74,17.4,17.57,80800.0
2011-08-26,17.42,17.54,17.38,17.54,57600.0
2011-08-29,17.62,17.7,17.6,17.68,26400.0
2011-08-30,17.52,17.72,17.52,17.59,52100.0
2011-08-31,17.75,17.95,17.75,17.82,41000.0
2011-09-01,17.96,18.33,17.85,18.33,28200.0
2011-09-02,17.76,18.44,17.76,18.31,46600.0
2011-09-06,18.17,18.27,18.07,18.27,43500.0
2011-09-07,18.45,18.45,18.32,18.41,62900.0
2011-09-08,18.47,18.5,18.23,18.26,46900.0
2011-09-09,18.22,18.29,18.09,18.12,26300.0
2011-09-12,18.01,18.25,17.83,17.93,43400.0
2011-09-13,17.88,17.88,17.73,17.88,90600.0
2011-09-14,17.87,18.09,17.7,17.92,72500.0
2011-09-15,17.78,17.89,17.71,17.83,55800.0
2011-09-16,17.83,18.04,17.83,17.99,23400.0
2011-09-19,17.9,18.04,17.75,17.91,37300.0
2011-09-20,18.04,18.1,17.87,17.96,36900.0
2011-09-21,18.04,18.19,17.92,18.08,41800.0
2011-09-22,17.91,18.04,17.72,17.96,63700.0
2011-09-23,17.91,18.2,17.76,18.11,57300.0
2011-09-26,18.27,18.27,17.78,17.93,64800.0
2011-09-27,17.97,18.32,17.97,18.17,92400.0
2011-09-28,18.25,18.32,18.0,18.3,99300.0
2011-09-29,18.32,18.32,18.11,18.25,44300.0
2011-09-30,18.2,18.38,17.67,17.67,117000.0
2011-10-03,17.75,18.07,17.73,17.99,74400.0
2011-10-04,17.69,17.79,17.12,17.42,68300.0
2011-10-05,17.38,17.93,17.32,17.92,27800.0
2011-10-06,17.96,18.08,17.68,18.08,32000.0
2011-10-07,18.15,18.15,17.71,17.79,49700.0
2011-10-10,17.97,18.46,17.8,18.46,70500.0
2011-10-11,18.19,18.4,18.19,18.26,22400.0
2011-10-12,18.27,18.32,18.14,18.17,38700.0
2011-10-13,18.07,18.29,18.07,18.19,14700.0
2011-10-14,18.25,18.63,18.2,18.43,57700.0
2011-10-17,18.16,18.16,17.82,17.82,15600.0
2011-10-18,17.77,17.92,17.76,17.82,60300.0
2011-10-19,17.87,17.91,17.66,17.78,34400.0
2011-10-20,17.9,17.97,17.72,17.93,30900.0
2011-10-21,17.96,18.25,17.96,18.25,40600.0
2011-10-24,18.31,18.35,18.25,18.26,63800.0
2011-10-25,18.17,18.18,18.01,18.06,38300.0
2011-10-26,18.03,18.35,18.02,18.35,73400.0
2011-10-27,18.47,18.86,18.47,18.75,64100.0
2011-10-28,18.75,18.83,18.6,18.64,52400.0
2011-10-31,18.7,18.85,18.64,18.72,32000.0
2011-11-01,18.68,18.68,18.38,18.38,32400.0
2011-11-02,18.31,18.4,18.25,18.38,20600.0
2011-11-03,18.41,18.67,18.41,18.67,32100.0
2011-11-04,18.72,18.72,18.49,18.61,16300.0
2011-11-07,18.72,18.9,18.46,18.58,65700.0
2011-11-08,18.75,18.75,18.48,18.69,24700.0
2011-11-09,18.54,18.83,18.53,18.7,23200.0
2011-11-10,18.64,18.8,18.61,18.61,26000.0
2011-11-11,18.85,19.11,18.63,18.85,59200.0
2011-11-14,18.86,19.09,18.77,18.9,28100.0
2011-11-15,18.9,18.9,18.71,18.77,41200.0
2011-11-16,18.55,18.77,18.5,18.54,58100.0
2011-11-17,18.63,18.76,18.39,18.41,52400.0
2011-11-18,18.59,18.95,18.39,18.92,51100.0
2011-11-21,18.66,18.83,18.48,18.55,33500.0
2011-11-22,18.55,18.9,18.55,18.9,50300.0
2011-11-23,18.78,18.82,18.57,18.57,28000.0
2011-11-25,18.55,18.69,18.44,18.57,8100.0
2011-11-28,18.66,18.99,18.63,18.94,83600.0
2011-11-29,18.81,18.96,18.77,18.84,36900.0
2011-11-30,19.01,19.05,18.71,19.0,62200.0
2011-12-01,19.0,19.74,18.9,19.63,95700.0
2011-12-02,19.63,19.64,19.33,19.56,35900.0
2011-12-05,19.49,19.54,19.02,19.37,56400.0
2011-12-06,19.49,19.49,19.11,19.11,16400.0
2011-12-07,19.1,19.2,18.95,19.17,32400.0
2011-12-08,19.02,19.02,18.9,18.93,18000.0
2011-12-09,19.1,19.1,18.66,18.77,57000.0
2011-12-12,18.65,18.71,18.51,18.57,28900.0
2011-12-13,18.52,18.64,18.47,18.54,54000.0
2011-12-14,18.27,18.48,18.27,18.41,17000.0
2011-12-15,18.37,18.55,18.34,18.55,84100.0
2011-12-16,18.45,18.79,18.39,18.76,60500.0
2011-12-19,18.84,19.05,18.55,18.6,147400.0
2011-12-20,18.69,18.7,18.55,18.6,68000.0
2011-12-21,18.55,18.55,18.4,18.4,74200.0
2011-12-22,18.5,18.86,18.4,18.83,92000.0
2011-12-23,18.83,18.93,18.73,18.85,40800.0
2011-12-27,18.83,18.83,18.38,18.54,119000.0
2011-12-28,18.37,18.46,18.2,18.41,88200.0
2011-12-29,18.39,18.49,18.19,18.43,92300.0
2011-12-30,18.37,18.56,18.29,18.36,57700.0
2012-01-03,18.55,18.56,18.4,18.55,40000.0
2012-01-04,18.59,18.7,18.45,18.7,41700.0
2012-01-05,18.69,19.09,18.6,19.0,62300.0
2012-01-06,18.89,19.06,18.83,18.99,79500.0
2012-01-09,19.1,19.1,18.9,19.09,51000.0
2012-01-10,19.09,19.14,19.06,19.14,42500.0
2012-01-11,19.14,19.15,19.03,19.08,46600.0
2012-01-12,19.03,19.34,18.95,19.31,55000.0
2012-01-13,19.33,19.33,18.83,19.01,59200.0
2012-01-17,19.01,19.21,18.96,19.06,53000.0
2012-01-18,19.06,19.24,18.66,18.86,58300.0
2012-01-19,18.82,19.01,18.79,18.95,32800.0
2012-01-20,19.03,19.29,18.9,19.11,50500.0
2012-01-23,19.21,19.31,19.21,19.25,32000.0
2012-01-24,19.09,19.35,19.09,19.22,47700.0
2012-01-25,19.35,19.42,19.25,19.31,34300.0
2012-01-26,19.38,19.4,19.19,19.3,33400.0
2012-01-27,19.45,19.7,19.22,19.62,41900.0
2012-01-30,19.73,19.84,19.32,19.43,67100.0
2012-01-31,19.48,19.48,19.04,19.15,50000.0
2012-02-01,19.23,19.3,19.07,19.12,59300.0
2012-02-02,19.32,19.32,19.03,19.17,55800.0
2012-02-03,19.35,19.35,19.12,19.19,39500.0
2012-02-06,19.25,19.28,19.21,19.27,19100.0
2012-02-07,19.2,19.59,19.2,19.59,42700.0
2012-02-08,19.63,19.8,19.6,19.8,27700.0
2012-02-09,19.8,19.8,19.5,19.65,55100.0
2012-02-10,19.38,19.79,19.38,19.77,32800.0
2012-02-13,19.8,19.8,19.58,19.77,27100.0
2012-02-14,19.77,19.89,19.63,19.78,57000.0
2012-02-15,19.89,19.89,19.71,19.75,12000.0
2012-02-16,19.9,19.9,19.38,19.49,59600.0
2012-02-17,19.51,19.63,19.4,19.43,34800.0
2012-02-21,19.5,19.94,19.46,19.88,49700.0
2012-02-22,19.89,19.95,19.5,19.58,44200.0
2012-02-23,19.71,19.89,19.7,19.86,35400.0
2012-02-24,19.86,19.86,19.57,19.59,43300.0
2012-02-27,19.6,19.71,19.53,19.53,33100.0
2012-02-28,19.59,19.6,19.31,19.56,43000.0
2012-02-29,19.59,19.61,19.34,19.48,48200.0
2012-03-01,19.58,19.8,19.57,19.8,55000.0
2012-03-02,19.78,19.8,19.7,19.75,47300.0
2012-03-05,19.77,19.8,19.62,19.8,397600.0
2012-03-06,19.77,19.77,19.56,19.75,133500.0
2012-03-07,19.78,19.8,19.5,19.75,29900.0
2012-03-08,19.81,19.89,19.54,19.61,70600.0
2012-03-09,19.78,19.78,19.22,19.36,123100.0
2012-03-12,19.36,19.59,19.29,19.58,49700.0
2012-03-13,19.53,19.62,19.36,19.49,45600.0
2012-03-14,19.37,19.56,19.32,19.51,30600.0
2012-03-15,19.57,19.59,19.2,19.41,31800.0
2012-03-16,19.4,19.57,19.3,19.57,61500.0
2012-03-19,19.59,19.66,19.12,19.35,262900.0
2012-03-20,19.3,19.34,19.2,19.21,131600.0
2012-03-21,19.2,19.36,19.1,19.35,197100.0
2012-03-22,19.4,19.42,19.22,19.3,49800.0
2012-03-23,19.39,19.61,19.37,19.5,40700.0
2012-03-26,19.54,19.8,19.35,19.69,57100.0
2012-03-27,19.79,19.9,19.58,19.9,60500.0
2012-03-28,19.9,19.9,19.55,19.76,109700.0
2012-03-29,19.81,19.91,19.6,19.89,104000.0
2012-03-30,19.88,19.95,19.8,19.95,88600.0
2012-04-02,19.95,20.12,19.94,20.0,59600.0
2012-04-03,20.06,20.22,20.06,20.2,56900.0
2012-04-04,20.13,20.16,19.98,20.16,25700.0
2012-04-05,20.26,20.34,20.06,20.33,28400.0
2012-04-09,20.14,20.14,19.92,20.03,37900.0
2012-04-10,19.94,19.99,19.56,19.6,41300.0
2012-04-11,19.6,19.86,19.51,19.84,33000.0
2012-04-12,19.79,19.8,19.57,19.65,32800.0
2012-04-13,19.64,19.67,19.43,19.56,27500.0
2012-04-16,19.68,19.82,19.4,19.63,20700.0
2012-04-17,19.74,20.49,19.54,19.61,18600.0
2012-04-18,19.53,19.72,19.47,19.72,8400.0
2012-04-19,19.73,19.79,19.69,19.71,15600.0
2012-04-20,19.78,19.78,19.48,19.49,35900.0
2012-04-23,19.55,19.6,19.48,19.53,31900.0
2012-04-24,19.57,19.67,19.23,19.26,68300.0
2012-04-25,19.31,19.34,19.14,19.23,67300.0
2012-04-26,19.24,19.35,19.12,19.21,82300.0
2012-04-27,19.24,19.27,19.18,19.21,35200.0
2012-04-30,19.25,19.39,19.24,19.37,37000.0
2012-05-01,19.44,19.44,19.33,19.36,35800.0
2012-05-02,19.38,19.45,19.38,19.4,36000.0
2012-05-03,19.44,19.45,19.3,19.31,26000.0
2012-05-04,19.3,19.38,19.25,19.38,21600.0
2012-05-07,19.37,19.45,19.3,19.37,31000.0
2012-05-08,19.36,19.36,19.26,19.33,21100.0
2012-05-09,19.18,19.39,19.18,19.33,39700.0
2012-05-10,19.4,19.62,19.31,19.45,50600.0
2012-05-11,19.55,19.67,19.43,19.66,56000.0
2012-05-14,19.63,19.64,19.42,19.45,29800.0
2012-05-15,19.55,19.64,19.32,19.36,62000.0
2012-05-16,19.37,19.48,19.22,19.38,12400.0
2012-05-17,19.48,19.67,19.16,19.22,37600.0
2012-05-18,19.5,19.5,19.25,19.39,24600.0
2012-05-21,19.28,19.43,19.25,19.41,24500.0
2012-05-22,19.43,19.53,19.18,19.29,25400.0
2012-05-23,19.37,19.39,19.16,19.33,29000.0
2012-05-24,19.31,19.44,19.1,19.35,19500.0
2012-05-25,19.24,19.35,19.16,19.2,17600.0
2012-05-29,19.2,19.37,19.1,19.33,19700.0
2012-05-30,19.3,19.46,19.29,19.35,28900.0
2012-05-31,19.35,19.35,19.18,19.27,38000.0
2012-06-01,19.23,19.24,19.05,19.08,29800.0
2012-06-04,19.08,19.09,18.83,18.95,17500.0
2012-06-05,18.98,19.04,18.6,18.75,38200.0
2012-06-06,18.72,18.77,18.63,18.7,51500.0
2012-06-07,18.68,18.88,18.61,18.7,47100.0
2012-06-08,18.68,18.78,18.56,18.74,44200.0
2012-06-11,18.74,18.8,18.7,18.8,25500.0
2012-06-12,18.77,18.92,18.77,18.87,21900.0
2012-06-13,18.73,19.0,18.72,18.88,49300.0
2012-06-14,18.84,19.0,18.81,18.96,16600.0
2012-06-15,18.89,18.97,18.78,18.85,25800.0
2012-06-18,18.86,18.86,18.71,18.72,28600.0
2012-06-19,18.68,19.0,18.68,18.94,28800.0
2012-06-20,18.91,19.09,18.8,18.95,18700.0
2012-06-21,18.99,18.99,18.9,18.94,21200.0
2012-06-22,18.93,19.13,18.92,19.12,25200.0
2012-06-25,19.11,19.11,18.99,18.99,15900.0
2012-06-26,18.99,19.04,18.99,19.01,33500.0
2012-06-27,19.0,19.06,18.99,19.03,23300.0
2012-06-28,19.01,19.06,18.98,19.02,23700.0
2012-06-29,19.2,19.2,19.02,19.05,29100.0
2012-07-02,19.14,19.35,19.13,19.26,38200.0
2012-07-03,19.17,19.33,19.04,19.18,22200.0
2012-07-05,19.22,19.27,19.2,19.25,15000.0
2012-07-06,19.12,19.38,19.12,19.34,27900.0
2012-07-09,19.34,19.36,19.27,19.32,26500.0
2012-07-10,19.43,19.51,19.24,19.51,26800.0
2012-07-11,19.55,19.73,19.47,19.68,14200.0
2012-07-12,19.41,19.6,19.36,19.43,42300.0
2012-07-13,19.38,19.52,19.38,19.42,95700.0
2012-07-16,19.47,19.54,19.37,19.52,15900.0
2012-07-17,19.44,19.55,19.44,19.48,13500.0
2012-07-18,19.52,19.52,19.29,19.35,33000.0
2012-07-19,19.33,19.59,19.24,19.57,45900.0
2012-07-20,19.35,19.39,19.24,19.24,26400.0
2012-07-23,19.19,19.48,19.18,19.39,34000.0
2012-07-24,19.37,19.55,19.32,19.44,108600.0
2012-07-25,19.42,19.42,18.86,19.4,55100.0
2012-07-26,19.59,19.59,19.24,19.47,35600.0
2012-07-27,19.5,19.53,19.38,19.45,97400.0
2012-07-30,19.5,19.63,19.36,19.56,91900.0
2012-07-31,19.6,19.62,19.5,19.56,92900.0
2012-08-01,19.65,19.93,19.54,19.77,66500.0
2012-08-02,19.98,19.98,19.53,19.8,23200.0
2012-08-03,19.84,19.88,19.75,19.8,18300.0
2012-08-06,19.8,19.9,19.58,19.65,16600.0
2012-08-07,19.62,19.62,19.41,19.44,26800.0
2012-08-08,19.6,19.6,19.38,19.51,45500.0
2012-08-09,19.59,19.69,19.4,19.6,20800.0
2012-08-10,19.52,19.61,19.45,19.59,121500.0
2012-08-13,19.45,19.72,19.45,19.7,44000.0
2012-08-14,19.75,19.85,19.67,19.85,100500.0
2012-08-15,19.88,19.97,19.76,19.79,69300.0
2012-08-16,19.87,19.95,19.66,19.71,44600.0
2012-08-17,19.68,19.89,19.68,19.8,26400.0
2012-08-20,19.88,19.92,19.65,19.92,47300.0
2012-08-21,19.97,19.98,19.82,19.97,37500.0
2012-08-22,19.97,19.97,19.66,19.68,53000.0
2012-08-23,19.77,19.86,19.55,19.75,49700.0
2012-08-24,19.84,19.84,19.55,19.75,48800.0
2012-08-27,19.81,19.87,19.61,19.86,47500.0
2012-08-28,19.8,19.94,19.8,19.93,51400.0
2012-08-29,20.05,20.2,19.93,20.15,68100.0
2012-08-30,20.27,20.27,19.76,20.07,70400.0
2012-08-31,20.23,20.23,19.86,19.99,57700.0
2012-09-04,20.11,20.15,20.0,20.07,44700.0
2012-09-05,20.24,20.24,19.62,19.89,56000.0
2012-09-06,20.3,20.3,19.87,20.05,71600.0
2012-09-07,20.25,20.25,19.93,20.0,69000.0
2012-09-10,19.93,20.04,19.93,20.0,30100.0
2012-09-11,20.02,20.19,20.0,20.13,40200.0
2012-09-12,20.18,20.27,20.04,20.24,55900.0
2012-09-13,20.3,20.35,20.18,20.33,48700.0
2012-09-14,20.3,20.3,20.08,20.09,69500.0
2012-09-17,20.15,20.35,20.15,20.29,47000.0
2012-09-18,20.23,20.52,20.11,20.4,55700.0
2012-09-19,20.49,20.58,20.24,20.37,89900.0
2012-09-20,20.42,20.42,20.0,20.03,84800.0
2012-09-21,20.1,20.16,19.91,19.99,70400.0
2012-09-24,20.03,20.04,19.7,19.94,78000.0
2012-09-25,19.92,20.01,19.8,19.81,79000.0
2012-09-26,19.94,20.1,19.72,20.09,50600.0
2012-09-27,20.02,20.16,19.75,20.02,39900.0
2012-09-28,20.12,20.24,19.95,20.2,78000.0
2012-10-01,20.26,20.51,20.17,20.37,47900.0
2012-10-02,20.37,20.43,20.15,20.3,72500.0
2012-10-03,20.36,20.48,20.22,20.3,45900.0
2012-10-04,20.38,20.55,20.23,20.55,70300.0
2012-10-05,20.55,20.66,20.55,20.62,41900.0
2012-10-08,20.68,20.74,20.53,20.6,78700.0
2012-10-09,20.6,20.6,20.34,20.57,42000.0
2012-10-10,20.7,20.7,20.2,20.27,65400.0
2012-10-11,20.53,20.55,20.13,20.25,60500.0
2012-10-12,20.43,20.43,20.0,20.16,39000.0
2012-10-15,20.21,20.33,20.01,20.15,89000.0
2012-10-16,20.29,20.33,20.01,20.33,34300.0
2012-10-17,20.3,20.44,20.1,20.24,55800.0
2012-10-18,20.27,20.32,20.07,20.13,50400.0
2012-10-19,20.17,20.4,20.17,20.34,33900.0
2012-10-22,20.33,20.47,20.24,20.3,34700.0
2012-10-23,20.36,20.5,20.26,20.48,57300.0
2012-10-24,20.53,20.63,20.27,20.33,34800.0
2012-10-25,20.5,20.56,20.03,20.29,54100.0
2012-10-26,20.17,20.44,20.1,20.34,54100.0
2012-10-31,20.28,20.45,20.01,20.25,61200.0
2012-11-01,20.17,20.41,20.17,20.33,65000.0
2012-11-02,20.35,20.46,20.16,20.4,34500.0
2012-11-05,20.41,20.58,20.34,20.44,25900.0
2012-11-06,20.46,20.51,20.36,20.47,33000.0
2012-11-07,20.42,20.42,20.0,20.11,36000.0
2012-11-08,20.16,20.25,20.02,20.2,28000.0
2012-11-09,20.21,20.21,19.8,20.02,38400.0
2012-11-12,19.92,20.11,19.92,20.02,21500.0
2012-11-13,20.0,20.13,19.91,20.0,27400.0
2012-11-14,19.84,19.98,19.22,19.39,54600.0
2012-11-15,19.28,19.44,18.3,19.0,164100.0
2012-11-16,19.12,19.76,19.02,19.74,79800.0
2012-11-19,19.83,19.98,19.53,19.65,44500.0
2012-11-20,19.74,19.78,19.53,19.68,39500.0
2012-11-21,19.78,20.05,19.78,19.95,30400.0
2012-11-23,20.05,20.08,20.0,20.04,14000.0
2012-11-26,20.06,20.06,19.57,19.63,52600.0
2012-11-27,19.68,19.82,19.64,19.65,77200.0
2012-11-28,19.72,20.02,19.65,20.02,65500.0
2012-11-29,19.95,20.13,19.86,20.13,67900.0
2012-11-30,20.2,20.2,19.92,19.93,69900.0
2012-12-03,20.05,20.12,19.84,19.96,57100.0
2012-12-04,20.02,20.07,19.76,19.86,52900.0
2012-12-05,19.94,20.13,19.83,20.04,43700.0
2012-12-06,20.09,20.09,19.84,19.95,33200.0
2012-12-07,19.95,20.03,19.74,19.85,25300.0
2012-12-10,19.95,20.13,19.65,19.76,73700.0
2012-12-11,19.94,20.2,19.9,20.16,61600.0
2012-12-12,20.21,20.4,20.04,20.3,53100.0
2012-12-13,20.3,20.59,20.19,20.59,40900.0
2012-12-14,20.52,20.52,20.13,20.39,60800.0
2012-12-17,20.37,20.59,20.29,20.48,56000.0
2012-12-18,20.43,20.74,20.17,20.68,65800.0
2012-12-19,20.49,20.74,20.37,20.6,90100.0
2012-12-20,20.74,20.9,20.46,20.56,48900.0
2012-12-21,20.71,20.71,20.17,20.33,83400.0
2012-12-24,20.5,20.7,20.2,20.55,43500.0
2012-12-26,20.59,20.59,19.99,19.99,53100.0
2012-12-27,19.8,20.01,19.7,19.89,7800.0
2012-12-28,19.94,20.0,19.61,19.82,31400.0
2012-12-31,19.92,20.33,19.77,20.33,31600.0
2013-01-02,20.4,20.6,20.3,20.42,26500.0
2013-01-03,20.52,20.57,20.26,20.36,46000.0
2013-01-04,20.47,20.47,20.09,20.16,52400.0
2013-01-07,20.12,20.53,20.01,20.53,40400.0
2013-01-08,20.6,20.63,20.37,20.47,39200.0
2013-01-09,20.63,20.63,20.24,20.56,45800.0
2013-01-10,20.7,20.7,20.39,20.52,50800.0
2013-01-11,20.65,20.85,20.55,20.67,51900.0
2013-01-14,20.62,20.84,20.49,20.77,70100.0
2013-01-15,20.64,20.75,20.56,20.73,54000.0
2013-01-16,20.63,20.9,20.63,20.86,36400.0
2013-01-17,20.85,21.0,20.65,21.0,95600.0
2013-01-18,21.0,21.28,20.93,21.13,100500.0
2013-01-22,21.44,21.61,21.09,21.31,72600.0
2013-01-23,21.4,21.4,21.18,21.31,82000.0
2013-01-24,21.31,21.35,21.17,21.35,79500.0
2013-01-25,21.4,21.58,21.22,21.5,128400.0
2013-01-28,21.59,21.63,21.26,21.44,132500.0
2013-01-29,21.59,21.59,21.32,21.35,56100.0
2013-01-30,21.43,21.53,21.33,21.53,37700.0
2013-01-31,21.8,21.87,21.22,21.38,66700.0
2013-02-01,21.58,21.58,21.37,21.56,45100.0
2013-02-04,21.67,21.7,21.3,21.5,42200.0
2013-02-05,21.46,21.7,21.25,21.5,77400.0
2013-02-06,21.8,21.8,21.24,21.44,79100.0
2013-02-07,21.48,21.54,21.2,21.39,30600.0
2013-02-08,21.65,21.65,21.29,21.41,43000.0
2013-02-11,21.27,21.27,20.96,21.06,99500.0
2013-02-12,21.43,21.43,20.7,20.73,83200.0
2013-02-13,20.61,20.99,20.6,20.99,67900.0
2013-02-14,21.45,21.45,20.8,20.94,46100.0
2013-02-15,20.95,21.4,20.78,21.28,43400.0
2013-02-19,21.45,21.97,21.21,21.74,118300.0
2013-02-20,21.57,21.75,21.27,21.6,84400.0
2013-02-21,21.7,21.7,20.94,21.0,58400.0
2013-02-22,20.81,21.03,20.6,20.69,175700.0
2013-02-25,20.6,20.66,20.38,20.42,171500.0
2013-02-26,20.58,20.58,20.24,20.43,78100.0
2013-02-27,20.34,20.38,20.12,20.36,106700.0
2013-02-28,20.31,20.57,20.31,20.51,64500.0
2013-03-01,20.64,20.64,20.4,20.48,87600.0
2013-03-04,20.57,20.63,20.41,20.49,54500.0
2013-03-05,20.59,20.84,20.55,20.84,51700.0
2013-03-06,20.94,20.97,20.73,20.88,56600.0
2013-03-07,20.96,20.96,20.77,20.94,44100.0
2013-03-08,20.96,21.17,20.72,21.14,51000.0
2013-03-11,21.38,21.45,21.18,21.19,53200.0
2013-03-12,21.25,21.41,21.15,21.41,39200.0
2013-03-13,21.65,21.66,21.19,21.37,57600.0
2013-03-14,21.26,21.26,20.78,21.02,55300.0
2013-03-15,21.19,21.19,20.63,20.65,51100.0
2013-03-18,20.55,21.05,20.55,21.05,38500.0
2013-03-19,21.05,21.05,20.88,21.05,44300.0
2013-03-20,21.05,21.26,20.75,21.26,54400.0
2013-03-21,21.36,21.49,21.12,21.49,51800.0
2013-03-22,21.5,21.5,21.18,21.25,39300.0
2013-03-25,21.41,21.41,20.89,20.99,63900.0
2013-03-26,21.24,21.31,21.16,21.23,49400.0
2013-03-27,21.39,21.39,21.0,21.14,51100.0
2013-03-28,21.28,21.28,20.71,20.77,45600.0
2013-04-01,20.96,21.13,20.83,20.87,40100.0
2013-04-02,20.94,21.07,20.82,20.92,26600.0
2013-04-03,20.92,20.92,20.51,20.58,41100.0
2013-04-04,20.58,20.71,20.38,20.46,53600.0
2013-04-05,20.4,20.53,20.18,20.24,51500.0
2013-04-08,20.46,20.6,20.35,20.4,46100.0
2013-04-09,20.67,20.72,20.31,20.46,74600.0
2013-04-10,20.53,20.65,20.34,20.57,40900.0
2013-04-11,20.74,20.96,20.7,20.77,61800.0
2013-04-12,21.09,21.09,20.45,20.53,88400.0
2013-04-15,20.67,20.96,20.26,20.49,87300.0
2013-04-16,20.71,20.87,20.65,20.81,46000.0
2013-04-17,20.79,21.05,20.75,20.95,18600.0
2013-04-18,20.95,21.29,20.95,21.27,46600.0
2013-04-19,21.38,21.57,21.35,21.46,51900.0
2013-04-22,21.47,21.7,21.33,21.6,51700.0
2013-04-23,21.75,21.75,21.47,21.7,77500.0
2013-04-24,21.72,21.92,21.63,21.8,82600.0
2013-04-25,21.98,22.0,21.78,21.95,70800.0
2013-04-26,21.9,22.13,21.57,21.97,74200.0
2013-04-29,21.95,21.95,21.67,21.83,49200.0
2013-04-30,21.89,21.89,21.45,21.71,67200.0
2013-05-01,21.7,21.72,21.22,21.32,50800.0
2013-05-02,21.32,21.47,21.08,21.28,51600.0
2013-05-03,21.43,21.53,21.26,21.29,43500.0
2013-05-06,21.25,21.44,21.14,21.3,26300.0
2013-05-07,21.3,21.53,21.3,21.48,55000.0
2013-05-08,21.61,21.61,21.25,21.45,53700.0
2013-05-09,21.33,21.55,21.25,21.4,43200.0
2013-05-10,21.47,22.21,21.36,21.9,68400.0
2013-05-13,22.06,22.12,21.69,21.73,29100.0
2013-05-14,21.83,21.92,21.61,21.8,36700.0
2013-05-15,21.82,21.82,21.31,21.44,39100.0
2013-05-16,21.56,21.82,21.34,21.82,52600.0
2013-05-17,21.82,21.82,21.43,21.65,47900.0
2013-05-20,21.65,21.78,21.5,21.66,41200.0
2013-05-21,21.69,21.74,21.55,21.69,30600.0
2013-05-22,21.54,21.78,21.52,21.7,106900.0
2013-05-23,21.75,21.84,21.7,21.84,57100.0
2013-05-24,21.83,21.95,21.54,21.56,61100.0
2013-05-28,21.6,21.6,21.08,21.08,60900.0
2013-05-29,21.01,21.1,20.26,20.31,76600.0
2013-05-30,20.42,20.44,20.19,20.25,41700.0
2013-05-31,20.44,20.46,19.88,20.16,74800.0
2013-06-03,20.36,20.36,19.52,19.87,59800.0
2013-06-04,19.94,20.31,19.84,20.01,72200.0
2013-06-05,20.12,20.3,19.81,19.91,49400.0
2013-06-06,19.93,20.25,19.91,20.07,92700.0
2013-06-07,20.2,20.2,19.71,20.01,63100.0
2013-06-10,20.09,20.09,19.57,19.59,45800.0
2013-06-11,19.31,19.67,18.89,19.54,114700.0
2013-06-12,19.45,19.75,19.34,19.72,80800.0
2013-06-13,19.57,19.69,19.38,19.63,89500.0
2013-06-14,19.8,19.88,19.43,19.6,76800.0
2013-06-17,19.74,19.75,19.57,19.63,62200.0
2013-06-18,19.7,19.73,19.56,19.61,53200.0
2013-06-19,19.7,19.71,19.58,19.66,44500.0
2013-06-20,19.63,19.65,19.0,19.25,125800.0
2013-06-21,19.45,19.97,19.39,19.97,75300.0
2013-06-24,19.81,19.93,19.43,19.81,66200.0
2013-06-25,20.0,20.0,19.67,19.88,49600.0
2013-06-26,20.12,20.6,20.04,20.47,73200.0
2013-06-27,20.59,20.59,20.01,20.16,52700.0
2013-06-28,20.29,20.35,19.91,20.02,44700.0
2013-07-01,20.19,20.22,19.91,20.0,40100.0
2013-07-02,19.95,20.32,19.88,20.05,64100.0
2013-07-03,20.0,20.01,19.59,19.86,36200.0
2013-07-05,19.91,19.91,19.08,19.29,44700.0
2013-07-08,19.2,19.56,19.2,19.23,121800.0
2013-07-09,19.42,19.51,19.22,19.34,44400.0
2013-07-10,19.27,19.64,19.24,19.58,28400.0
2013-07-11,19.82,20.04,19.6,20.04,33500.0
2013-07-12,20.18,20.19,19.75,19.95,29900.0
2013-07-15,20.01,20.13,19.83,20.1,30900.0
2013-07-16,19.94,19.94,19.42,19.48,44800.0
2013-07-17,19.43,19.8,19.43,19.7,41200.0
2013-07-18,19.79,19.83,19.6,19.74,44200.0
2013-07-19,19.82,19.82,19.26,19.3,70700.0
2013-07-22,19.42,19.51,19.4,19.42,38200.0
2013-07-23,19.26,19.79,19.26,19.74,50500.0
2013-07-24,19.83,19.84,19.64,19.83,20900.0
2013-07-25,19.82,19.93,19.74,19.8,30200.0
2013-07-26,19.66,19.93,19.47,19.6,35500.0
2013-07-29,19.49,19.6,19.36,19.39,55800.0
2013-07-30,19.55,19.55,19.24,19.33,40000.0
2013-07-31,19.38,19.44,19.22,19.28,70000.0
2013-08-01,19.4,19.41,19.25,19.28,78200.0
2013-08-02,19.27,19.32,19.22,19.22,57200.0
2013-08-05,19.22,19.26,19.1,19.14,81300.0
2013-08-06,19.04,19.17,18.98,19.16,43600.0
2013-08-07,19.03,19.18,18.99,19.07,46500.0
2013-08-08,19.19,19.5,19.05,19.38,59300.0
2013-08-09,19.48,19.65,19.41,19.63,36600.0
2013-08-12,19.58,19.71,19.5,19.63,37900.0
2013-08-13,19.69,19.71,19.54,19.6,43600.0
2013-08-14,19.67,19.67,19.41,19.44,50900.0
2013-08-15,18.84,19.22,18.82,19.05,89300.0
2013-08-16,19.14,19.14,18.66,18.84,102100.0
2013-08-19,18.9,18.97,18.71,18.87,52700.0
2013-08-20,18.98,18.98,18.76,18.91,62200.0
2013-08-21,18.95,19.08,18.82,19.0,44200.0
2013-08-22,19.13,19.5,19.11,19.42,53200.0
2013-08-23,19.35,19.5,19.31,19.49,32900.0
2013-08-26,19.55,19.66,19.36,19.56,30400.0
2013-08-27,19.47,19.87,19.34,19.79,90600.0
2013-08-28,19.85,19.98,19.67,19.92,30700.0
2013-08-29,19.91,20.1,19.9,20.04,36600.0
2013-08-30,20.11,20.16,19.87,20.03,36200.0
2013-09-03,20.22,20.35,19.98,20.22,67200.0
2013-09-04,20.19,20.27,19.98,20.2,42900.0
2013-09-05,20.25,20.3,19.74,19.82,60600.0
2013-09-06,19.71,19.85,19.61,19.62,94400.0
2013-09-09,19.67,19.88,19.16,19.18,119400.0
2013-09-10,19.22,20.0,19.22,19.86,44000.0
2013-09-11,19.9,20.15,19.84,20.05,37200.0
2013-09-12,19.98,20.02,19.59,19.78,38100.0
2013-09-13,19.87,19.94,19.74,19.74,37700.0
2013-09-16,19.84,19.84,19.58,19.61,73600.0
2013-09-17,19.52,19.71,19.24,19.24,64600.0
2013-09-18,19.2,19.49,19.2,19.43,34400.0
2013-09-19,19.4,19.4,18.98,19.15,49700.0
2013-09-20,19.15,19.2,19.01,19.03,59900.0
2013-09-23,19.09,19.38,19.01,19.38,64700.0
2013-09-24,19.48,19.67,19.3,19.43,104700.0
2013-09-25,19.49,19.49,19.23,19.44,54700.0
2013-09-26,19.45,19.45,19.12,19.27,54600.0
2013-09-27,19.3,19.3,19.12,19.22,28400.0
2013-09-30,19.05,19.25,19.05,19.15,29400.0
2013-10-01,19.19,19.33,19.11,19.33,17700.0
2013-10-02,19.23,19.39,19.18,19.35,23400.0
2013-10-03,19.36,19.51,19.21,19.42,31000.0
2013-10-04,19.32,19.44,19.21,19.21,25700.0
2013-10-07,19.16,19.16,19.06,19.06,37200.0
2013-10-08,19.08,19.08,18.8,18.8,49400.0
2013-10-09,18.89,19.02,18.72,18.86,44800.0
2013-10-10,19.14,19.38,19.02,19.37,55300.0
2013-10-11,19.21,19.3,19.06,19.29,25200.0
2013-10-14,19.14,19.38,19.11,19.38,22700.0
2013-10-15,19.21,19.21,19.04,19.08,32300.0
2013-10-16,18.98,19.59,18.98,19.55,97900.0
2013-10-17,19.47,20.0,19.33,19.69,66700.0
2013-10-18,19.57,19.65,19.33,19.36,29600.0
2013-10-21,19.48,19.48,18.96,19.35,62300.0
2013-10-22,19.3,19.45,19.21,19.28,33000.0
2013-10-23,19.26,19.43,19.21,19.26,30600.0
2013-10-24,19.34,19.45,19.32,19.34,32200.0
2013-10-25,19.31,19.36,19.21,19.25,35300.0
2013-10-28,19.27,19.41,19.2,19.2,34100.0
2013-10-29,19.18,19.29,19.18,19.25,42700.0
2013-10-30,19.23,19.33,19.21,19.28,28800.0
2013-10-31,19.24,19.37,19.23,19.31,39900.0
2013-11-01,19.39,19.39,19.06,19.12,53000.0
2013-11-04,19.08,19.13,18.97,19.01,53300.0
2013-11-05,18.93,19.1,18.86,18.92,102800.0
2013-11-06,18.9,18.96,18.88,18.91,50400.0
2013-11-07,18.88,18.94,18.82,18.82,53600.0
2013-11-08,18.95,18.95,18.75,18.88,55700.0
2013-11-11,18.82,18.89,18.68,18.85,43200.0
2013-11-12,18.78,18.83,18.71,18.79,42600.0
2013-11-13,18.8,18.89,18.75,18.89,61500.0
2013-11-14,18.86,18.9,18.75,18.85,35600.0
2013-11-15,18.82,18.91,18.8,18.9,39200.0
2013-11-18,18.78,18.83,18.75,18.82,73900.0
2013-11-19,18.76,18.8,18.61,18.61,64000.0
2013-11-20,18.49,18.7,18.43,18.64,59900.0
2013-11-21,18.72,18.72,18.51,18.62,48500.0
2013-11-22,18.55,18.86,18.51,18.79,46400.0
2013-11-25,18.8,18.86,18.55,18.8,74000.0
2013-11-26,18.8,18.83,18.75,18.75,47800.0
2013-11-27,18.65,18.78,18.56,18.62,65900.0
2013-11-29,18.69,18.7,18.56,18.7,34700.0
2013-12-02,18.78,18.78,18.6,18.68,28900.0
2013-12-03,18.56,18.68,18.56,18.64,44700.0
2013-12-04,18.52,18.63,18.52,18.6,38700.0
2013-12-05,18.55,18.57,18.48,18.49,41700.0
2013-12-06,18.52,18.55,18.48,18.49,62500.0
2013-12-09,18.5,18.53,18.4,18.46,63600.0
2013-12-10,18.42,18.46,18.31,18.36,80800.0
2013-12-11,18.37,18.45,18.27,18.33,72000.0
2013-12-12,18.14,18.41,18.14,18.39,70500.0
2013-12-13,18.34,18.49,18.34,18.44,94200.0
2013-12-16,18.27,18.44,18.25,18.32,118300.0
2013-12-17,18.3,18.45,18.16,18.45,69000.0
2013-12-18,18.37,18.53,18.35,18.49,94000.0
2013-12-19,18.29,18.47,18.28,18.43,61000.0
2013-12-20,18.4,18.61,18.4,18.61,100800.0
2013-12-23,18.75,19.07,18.73,19.0,115900.0
2013-12-24,18.96,19.14,18.96,19.12,62200.0
2013-12-26,19.2,19.2,19.02,19.12,57100.0
2013-12-27,19.12,19.12,18.98,19.0,36800.0
2013-12-30,19.0,19.02,18.88,18.93,51800.0
2013-12-31,18.9,18.9,18.74,18.85,60100.0
2014-01-02,18.76,18.84,18.68,18.8,60200.0
2014-01-03,18.85,18.85,18.7,18.7,48800.0
2014-01-06,18.75,18.82,18.7,18.76,41000.0
2014-01-07,18.74,18.9,18.74,18.89,50200.0
2014-01-08,18.84,19.03,18.8,19.02,43000.0
2014-01-09,19.09,19.09,18.89,18.95,36600.0
2014-01-10,18.93,19.1,18.93,19.09,59600.0
2014-01-13,19.02,19.06,18.97,19.06,19500.0
2014-01-14,19.2,19.2,19.02,19.04,54300.0
2014-01-15,18.98,19.1,18.98,19.08,35200.0
2014-01-16,19.01,19.24,19.01,19.24,47100.0
2014-01-17,19.26,19.44,19.19,19.42,46800.0
2014-01-21,19.3,19.37,19.26,19.29,82200.0
2014-01-22,19.21,19.22,18.94,19.01,52200.0
2014-01-23,19.04,19.18,19.04,19.08,83100.0
2014-01-24,19.03,19.06,18.91,18.91,62900.0
2014-01-27,18.95,19.0,18.79,18.85,59500.0
2014-01-28,18.79,18.93,18.78,18.79,61400.0
2014-01-29,18.78,18.89,18.75,18.75,46300.0
2014-01-30,18.83,18.84,18.75,18.77,64600.0
2014-01-31,18.75,18.81,18.7,18.74,42600.0
2014-02-03,18.85,18.85,18.69,18.72,52500.0
2014-02-04,18.7,18.79,18.65,18.67,42900.0
2014-02-05,18.65,18.79,18.63,18.79,25300.0
2014-02-06,18.79,18.88,18.7,18.88,29700.0
2014-02-07,18.86,19.05,18.84,19.0,36700.0
2014-02-10,18.95,19.09,18.95,19.07,46200.0
2014-02-11,18.97,19.01,18.85,18.85,55700.0
2014-02-12,18.84,18.9,18.81,18.81,30700.0
2014-02-13,18.79,18.81,18.7,18.74,41500.0
2014-02-14,18.67,18.82,18.67,18.82,29500.0
2014-02-18,18.92,19.18,18.8,19.14,105600.0
2014-02-19,18.95,19.11,18.87,18.88,49800.0
2014-02-20,18.85,19.03,18.85,18.98,39900.0
2014-02-21,18.98,19.07,18.94,19.05,34900.0
2014-02-24,19.06,19.12,18.77,19.03,89600.0
2014-02-25,19.0,19.03,18.9,18.96,47900.0
2014-02-26,18.91,19.16,18.9,18.98,52300.0
2014-02-27,18.93,19.0,18.89,18.97,33300.0
2014-02-28,18.93,19.12,18.93,19.08,51900.0
2014-03-03,19.08,19.08,18.97,19.05,39900.0
2014-03-04,19.05,19.05,18.97,19.02,48500.0
2014-03-05,19.01,19.06,19.0,19.0,24700.0
2014-03-06,19.01,19.04,18.97,19.03,39000.0
2014-03-07,18.99,19.18,18.98,19.14,47800.0
2014-03-10,19.17,19.32,19.04,19.22,58700.0
2014-03-11,19.11,19.15,19.09,19.15,49400.0
2014-03-12,19.07,19.18,19.0,19.06,57500.0
2014-03-13,19.06,19.08,19.01,19.03,34500.0
2014-03-14,19.03,19.06,19.01,19.06,32200.0
2014-03-17,19.05,19.09,19.02,19.08,23800.0
2014-03-18,19.06,19.14,19.02,19.12,33400.0
2014-03-19,19.08,19.19,19.07,19.19,28200.0
2014-03-20,19.11,19.19,19.0,19.16,48700.0
2014-03-21,19.19,19.38,19.19,19.31,35200.0
2014-03-24,19.34,19.36,19.21,19.3,63300.0
2014-03-25,19.25,19.25,19.06,19.14,59900.0
2014-03-26,19.17,19.17,18.95,18.95,47900.0
2014-03-27,19.0,19.0,18.9,18.9,37800.0
2014-03-28,18.85,19.01,18.85,18.94,47300.0
2014-03-31,18.95,18.96,18.77,18.77,43400.0
2014-04-01,18.76,18.78,18.63,18.63,43900.0
2014-04-02,18.62,18.63,18.5,18.52,70800.0
2014-04-03,18.5,18.58,18.45,18.45,40300.0
2014-04-04,18.45,18.52,18.35,18.38,48800.0
2014-04-07,18.35,18.4,18.31,18.36,60800.0
2014-04-08,18.33,18.43,18.31,18.32,49300.0
2014-04-09,18.31,18.38,18.19,18.32,49500.0
2014-04-10,18.3,18.34,18.23,18.29,74800.0
2014-04-11,18.19,18.24,18.1,18.14,86600.0
2014-04-14,18.14,18.14,18.0,18.04,101300.0
2014-04-15,18.01,18.09,17.93,17.98,66800.0
2014-04-16,17.93,18.06,17.91,17.98,92400.0
2014-04-17,17.96,18.1,17.96,18.04,59600.0
2014-04-21,18.04,18.11,17.95,18.08,56100.0
2014-04-22,18.06,18.22,18.06,18.21,55300.0
2014-04-23,18.24,18.35,18.23,18.26,67000.0
2014-04-24,18.23,18.28,18.2,18.25,52900.0
2014-04-25,18.25,18.39,18.24,18.32,46800.0
2014-04-28,18.26,18.42,18.26,18.37,43200.0
2014-04-29,18.37,18.44,18.34,18.38,44700.0
2014-04-30,18.35,18.39,18.22,18.25,59300.0
2014-05-01,18.31,18.41,18.27,18.34,46000.0
2014-05-02,18.32,18.37,18.22,18.31,37600.0
2014-05-05,18.26,18.35,18.2,18.32,77700.0
2014-05-06,18.25,18.3,18.25,18.29,53100.0
2014-05-07,18.24,18.4,18.23,18.4,67600.0
2014-05-08,18.32,18.41,18.28,18.37,56600.0
2014-05-09,18.33,18.4,18.32,18.38,38500.0
2014-05-12,18.32,18.5,18.3,18.46,54200.0
2014-05-13,18.4,18.44,18.36,18.36,51800.0
2014-05-14,18.34,18.44,18.33,18.38,46400.0
2014-05-15,18.35,18.37,18.24,18.25,47000.0
2014-05-16,18.26,18.39,18.25,18.35,40300.0
2014-05-19,18.31,18.37,18.21,18.22,68100.0
2014-05-20,18.16,18.16,18.03,18.04,98300.0
2014-05-21,18.06,18.16,18.0,18.03,119600.0
2014-05-22,18.02,18.22,18.02,18.19,43100.0
2014-05-23,18.14,18.2,18.11,18.11,33800.0
2014-05-27,18.1,18.14,18.09,18.1,44400.0
2014-05-28,18.07,18.18,18.06,18.17,44900.0
2014-05-29,18.12,18.13,18.08,18.09,49500.0
2014-05-30,18.07,18.13,18.06,18.1,40400.0
2014-06-02,18.05,18.13,18.01,18.02,87600.0
2014-06-03,17.99,18.08,17.86,17.88,129900.0
2014-06-04,17.85,17.99,17.8,17.94,55900.0
2014-06-05,17.83,18.03,17.83,17.98,58900.0
2014-06-06,17.96,18.27,17.96,18.1,110200.0
2014-06-09,18.16,18.26,18.08,18.08,93500.0
2014-06-10,18.11,18.18,18.03,18.05,154300.0
2014-06-11,18.04,18.07,17.93,17.95,97400.0
2014-06-12,17.93,18.02,17.93,17.94,43500.0
2014-06-13,17.92,17.98,17.87,17.92,71100.0
2014-06-16,17.89,17.96,17.8,17.89,89100.0
2014-06-17,17.84,17.9,17.84,17.88,41900.0
2014-06-18,17.81,17.99,17.8,17.96,66100.0
2014-06-19,17.89,17.93,17.85,17.92,43900.0
2014-06-20,17.88,17.94,17.8,17.82,62100.0
2014-06-23,17.8,17.91,17.8,17.81,58300.0
2014-06-24,17.77,17.9,17.77,17.88,75800.0
2014-06-25,17.85,17.9,17.81,17.89,66900.0
2014-06-26,17.87,17.92,17.85,17.87,48400.0
2014-06-27,17.9,17.94,17.8,17.93,39300.0
2014-06-30,17.87,17.93,17.73,17.91,95000.0
2014-07-01,17.93,17.95,17.83,17.86,50600.0
2014-07-02,17.82,17.88,17.71,17.78,51400.0
2014-07-03,17.73,17.87,17.73,17.78,60300.0
2014-07-07,17.77,17.86,17.77,17.8,29300.0
2014-07-08,17.8,17.81,17.73,17.76,50200.0
2014-07-09,17.76,17.78,17.69,17.75,56600.0
2014-07-10,17.75,17.81,17.71,17.71,33500.0
2014-07-11,17.72,17.97,17.72,17.97,56000.0
2014-07-14,17.98,17.99,17.9,17.99,44100.0
2014-07-15,17.93,17.98,17.88,17.92,60300.0
2014-07-16,17.94,18.05,17.92,18.0,83000.0
2014-07-17,17.96,18.09,17.96,18.07,79600.0
2014-07-18,18.0,18.05,17.97,18.01,30600.0
2014-07-21,18.02,18.08,18.02,18.08,31600.0
2014-07-22,17.99,18.0,17.93,17.98,29600.0
2014-07-23,17.99,18.09,17.99,18.09,34800.0
2014-07-24,18.08,18.1,18.01,18.04,49800.0
2014-07-25,18.01,18.05,17.87,17.91,39600.0
2014-07-28,17.92,17.99,17.91,17.97,45300.0
2014-07-29,17.93,17.94,17.89,17.89,35900.0
2014-07-30,17.91,17.97,17.9,17.93,26200.0
2014-07-31,17.86,17.89,17.68,17.75,62800.0
2014-08-01,17.83,17.84,17.69,17.7,59900.0
2014-08-04,17.71,17.75,17.61,17.62,35500.0
2014-08-05,17.59,17.63,17.54,17.6,47400.0
2014-08-06,17.49,17.57,17.39,17.5,131200.0
2014-08-07,17.48,17.62,17.48,17.55,106400.0
2014-08-08,17.49,17.57,17.48,17.52,51100.0
2014-08-11,17.56,17.68,17.56,17.65,60800.0
2014-08-12,17.64,17.7,17.47,17.52,68500.0
2014-08-13,17.53,17.62,17.52,17.62,39100.0
2014-08-14,17.61,17.65,17.61,17.64,21100.0
2014-08-15,17.62,17.66,17.6,17.63,20300.0
2014-08-18,17.64,17.67,17.58,17.62,45900.0
2014-08-19,17.62,17.67,17.62,17.67,29900.0
2014-08-20,17.59,17.61,17.47,17.52,96100.0
2014-08-21,17.56,17.6,17.52,17.55,59500.0
2014-08-22,17.53,17.61,17.53,17.54,57500.0
2014-08-25,17.55,17.6,17.53,17.55,86900.0
2014-08-26,17.55,17.6,17.55,17.6,68100.0
2014-08-27,17.6,17.66,17.6,17.66,57000.0
2014-08-28,17.61,17.68,17.55,17.68,48700.0
2014-08-29,17.67,17.73,17.66,17.73,35900.0
2014-09-02,17.7,17.75,17.69,17.71,50000.0
2014-09-03,17.7,17.7,17.61,17.66,37600.0
2014-09-04,17.64,17.72,17.62,17.72,35400.0
2014-09-05,17.65,17.67,17.6,17.65,38300.0
2014-09-08,17.63,17.65,17.59,17.61,25600.0
2014-09-09,17.59,17.67,17.58,17.6,63900.0
2014-09-10,17.55,17.55,17.43,17.47,85400.0
2014-09-11,17.44,17.59,17.44,17.57,58800.0
2014-09-12,17.58,17.61,17.5,17.52,61500.0
2014-09-15,17.52,17.53,17.48,17.5,67100.0
2014-09-16,17.5,17.53,17.5,17.5,85700.0
2014-09-17,17.5,17.55,17.5,17.54,25200.0
2014-09-18,17.54,17.54,17.45,17.53,67800.0
2014-09-19,17.42,17.46,17.27,17.31,73600.0
2014-09-22,17.28,17.3,17.21,17.26,121244.0
2014-09-23,17.26,17.33,17.25,17.302,55455.0
2014-09-24,17.23,17.28,17.17,17.28,71471.0
2014-09-25,17.26,17.3,17.22,17.27,62641.0
2014-09-26,17.27,17.29,17.21,17.27,59780.0
2014-09-29,17.21,17.31,17.21,17.27,41508.0
2014-09-30,17.27,17.27,17.1,17.17,83002.0
2014-10-01,17.11,17.22,17.11,17.2,53731.0
2014-10-02,17.15,17.18,16.9397,17.15,172457.0
2014-10-03,17.11,17.28,17.06,17.28,58052.0
2014-10-06,17.23,17.3,17.21,17.28,50869.0
2014-10-07,17.23,17.29,17.17,17.2,36183.0
2014-10-08,17.1,17.29,17.05,17.27,96235.0
2014-10-09,17.2,17.25,17.11,17.17,87529.0
2014-10-10,17.15,17.22,17.04,17.17,66921.0
2014-10-13,17.15,17.2,17.08,17.08,68639.0
2014-10-14,17.07,17.13,17.03,17.06,104899.0
2014-10-15,16.95,16.97,16.5,16.77,196053.0
2014-10-16,16.64,16.94,16.6,16.85,76910.0
2014-10-17,16.88,17.0,16.85,16.93,25732.0
2014-10-20,16.86,17.0,16.86,16.96,53817.0
2014-10-21,16.99,17.104,16.98,17.04,122222.0
2014-10-22,16.89,16.97,16.84,16.89,128211.0
2014-10-23,16.93,16.97,16.88,16.91,166712.0
2014-10-24,16.89,16.9299,16.88,16.91,73544.0
2014-10-27,16.91,16.96,16.91,16.91,71744.0
2014-10-28,16.93,17.01,16.93,16.979,84844.0
2014-10-29,16.97,17.02,16.96,16.98,72382.0
2014-10-30,16.97,17.02,16.96,17.0032,43950.0
2014-10-31,17.03,17.08,17.0,17.06,61506.0
2014-11-03,17.02,17.07,17.01,17.03,58152.0
2014-11-04,17.01,17.04,16.97,16.99,53877.0
2014-11-05,16.92,17.03,16.92,17.0,39586.0
2014-11-06,16.95,17.04,16.95,16.98,67921.0
2014-11-07,16.95,17.0,16.95,16.98,45565.0
2014-11-10,16.96,16.99,16.95,16.95,60038.0
2014-11-11,16.95,17.12,16.88,17.092,96262.0
2014-11-12,17.02,17.15,17.02,17.08,87355.0
2014-11-13,17.08,17.18,17.07,17.13,122312.0
2014-11-14,17.13,17.22,17.13,17.2,50511.0
2014-11-17,17.17,17.217,17.13,17.1384,62727.0
2014-11-18,17.04,17.09,17.0,17.02,80265.0
2014-11-19,17.05,17.09,17.0,17.06,105739.0
2014-11-20,17.01,17.1,16.98,17.021,103352.0
2014-11-21,17.19,17.22,17.02,17.2199,115637.0
2014-11-24,17.22,17.33,17.13,17.29,138358.0
2014-11-25,17.32,17.4,17.2,17.4,127348.0
2014-11-26,17.38,17.38,17.22,17.31,73908.0
2014-11-28,17.27,17.31,17.11,17.23,48252.0
2014-12-01,17.19,17.19,17.05,17.06,90404.0
2014-12-02,17.04,17.14,17.03,17.08,110743.0
2014-12-03,17.04,17.18,17.04,17.17,143741.0
2014-12-04,17.13,17.17,17.01,17.1,92908.0
2014-12-05,17.01,17.17,16.99,17.12,103843.0
2014-12-08,17.06,17.11,17.01,17.09,119606.0
2014-12-09,16.96,17.011,16.91,17.0033,102710.0
2014-12-10,16.97,17.03,16.97,17.004,74660.0
2014-12-11,16.95,16.98,16.78,16.79,143402.0
2014-12-12,16.74,16.75,16.49,16.52,209645.0
2014-12-15,16.55,16.64,16.46,16.51,201801.0
2014-12-16,16.45,16.498,16.21,16.32,189584.0
2014-12-17,16.33,16.54,16.31,16.51,154309.0
2014-12-18,16.59,16.73,16.48,16.72,145140.0
2014-12-19,16.65,16.7,16.52,16.65,153116.0
2014-12-22,16.62,16.72,16.54,16.55,218082.0
2014-12-23,16.58,16.74,16.58,16.72,266527.0
2014-12-24,16.75,16.87,16.75,16.83,93606.0
2014-12-26,16.83,16.948,16.81,16.91,156761.0
2014-12-29,16.91,16.94,16.78,16.83,89201.0
2014-12-30,16.77,16.96,16.77,16.86,92023.0
2014-12-31,16.85,16.93,16.72,16.74,266906.0
2015-01-02,16.8,17.06,16.8,16.89,100906.0
2015-01-05,16.83,16.88,16.73,16.77,68177.0
2015-01-06,16.81,16.81,16.57,16.57,83301.0
2015-01-07,16.64,16.67,16.6,16.6,90320.0
2015-01-08,16.67,16.7084,16.64,16.69,45974.0
2015-01-09,16.77,16.84,16.67,16.81,70121.0
2015-01-12,16.75,16.89,16.75,16.81,42658.0
2015-01-13,16.84,16.85,16.75,16.77,107665.0
2015-01-14,16.73,16.77,16.61,16.69,150710.0
2015-01-15,16.63,16.63,16.55,16.55,140648.0
2015-01-16,16.48,16.58,16.48,16.57,79212.0
2015-01-20,16.58,16.62,16.53,16.55,148867.0
2015-01-21,16.49,16.5909,16.46,16.58,109139.0
2015-01-22,16.58,16.63,16.57,16.59,54776.0
2015-01-23,16.54,16.59,16.51,16.53,44013.0
2015-01-26,16.55,16.6,16.52,16.54,105383.0
2015-01-27,16.5,16.57,16.5,16.56,30724.0
2015-01-28,16.53,16.57,16.52,16.52,26831.0
2015-01-29,16.51,16.54,16.49,16.53,53007.0
2015-01-30,16.5,16.56,16.5,16.55,34456.0
2015-02-02,16.56,16.63,16.55,16.63,50286.0
2015-02-03,16.6,16.65,16.54,16.65,58567.0
2015-02-04,16.61,16.69,16.57,16.57,53808.0
2015-02-05,16.6,16.7,16.6,16.66,58600.0
2015-02-06,16.65,16.71,16.64,16.68,48940.0
2015-02-09,16.67,16.81,16.67,16.81,54365.0
2015-02-10,16.81,16.86,16.76,16.86,59035.0
2015-02-11,16.84,16.87,16.8,16.82,33828.0
2015-02-12,16.82,16.88,16.82,16.85,40784.0
2015-02-13,16.87,16.9199,16.8401,16.85,61192.0
2015-02-17,16.84,16.9,16.82,16.86,50179.0
2015-02-18,16.74,16.7599,16.73,16.73,56429.0
2015-02-19,16.75,16.82,16.7116,16.8,108573.0
2015-02-20,16.79,16.85,16.76,16.85,52456.0
2015-02-23,16.85,17.14,16.848,17.14,64580.0
2015-02-24,17.16,17.17,17.03,17.16,50553.0
2015-02-25,17.17,17.28,17.146,17.23,46032.0
2015-02-26,17.22,17.26,17.08,17.12,66735.0
2015-02-27,17.13,17.15,17.02,17.1,64029.0
2015-03-02,17.1,17.12,17.02,17.1,60797.0
2015-03-03,17.06,17.16,17.06,17.14,37839.0
2015-03-04,17.15,17.21,17.12,17.2,53343.0
2015-03-05,17.21,17.21,17.12,17.13,50367.0
2015-03-06,17.13,17.17,17.11,17.15,56703.0
2015-03-09,17.19,17.19,17.134,17.14,64357.0
2015-03-10,17.14,17.2,17.13,17.13,45015.0
2015-03-11,17.13,17.23,17.13,17.18,40397.0
2015-03-12,17.17,17.2,17.01,17.02,46354.0
2015-03-13,17.03,17.27,17.03,17.25,92452.0
2015-03-16,17.27,17.3,17.14,17.14,91056.0
2015-03-17,17.16,17.2144,17.05,17.12,74749.0
2015-03-18,17.07,17.17,17.04,17.17,59915.0
2015-03-19,17.17,17.17,17.07,17.11,47449.0
2015-03-20,17.08,17.21,17.05,17.2,50532.0
2015-03-23,17.14,17.4,17.1295,17.37,80098.0
2015-03-24,17.37,17.37,17.26,17.36,25782.0
2015-03-25,17.33,17.39,17.32,17.33,33058.0
2015-03-26,17.31,17.39,17.3,17.37,22554.0
2015-03-27,17.33,17.38,17.3,17.32,34090.0
2015-03-30,17.29,17.34,17.28,17.29,37837.0
2015-03-31,17.3,17.308,17.23,17.25,105581.0
2015-04-01,17.21,17.2999,17.21,17.26,48573.0
2015-04-02,17.23,17.33,17.18,17.2,83229.0
2015-04-06,17.23,17.28,17.19,17.25,46903.0
2015-04-07,17.28,17.35,17.2749,17.34,20113.0
2015-04-08,17.38,17.44,17.343,17.4399,37143.0
2015-04-09,17.45,17.46,17.4,17.44,33252.0
2015-04-10,17.41,17.46,17.41,17.41,25174.0
2015-04-13,17.44,17.47,17.33,17.42,34417.0
2015-04-14,17.37,17.46,17.36,17.42,34023.0
2015-04-15,17.41,17.41,17.37,17.39,55526.0
2015-04-16,17.34,17.41,17.33,17.36,45235.0
2015-04-17,17.37,17.37,17.32,17.35,22144.0
2015-04-20,17.4,17.47,17.39,17.47,42404.0
2015-04-21,17.44,17.45,17.37,17.4299,17414.0
2015-04-22,17.41,17.44,17.3901,17.44,41788.0
2015-04-23,17.41,17.5499,17.41,17.54,43562.0
2015-04-24,17.56,17.56,17.4647,17.4647,15257.0
2015-04-27,17.46,17.53,17.45,17.45,37858.0
2015-04-28,17.47,17.52,17.44,17.48,39834.0
2015-04-29,17.41,17.49,17.4001,17.44,35286.0
2015-04-30,17.41,17.428,17.36,17.37,38320.0
2015-05-01,17.45,17.45,17.35,17.3804,71428.0
2015-05-04,17.36,17.3935,17.3,17.3,57520.0
2015-05-05,17.27,17.37,17.24,17.32,44281.0
2015-05-06,17.27,17.34,17.27,17.32,34563.0
2015-05-07,17.27,17.4,17.26,17.39,37979.0
2015-05-08,17.41,17.43,17.31,17.43,38493.0
2015-05-11,17.42,17.48,17.37,17.47,77515.0
2015-05-12,17.41,17.48,17.3545,17.46,40139.0
2015-05-13,17.36,17.56,17.33,17.49,66892.0
2015-05-14,17.47,17.6,17.47,17.51,43668.0
2015-05-15,17.54,17.6,17.54,17.57,62599.0
2015-05-18,17.65,17.65,17.56,17.63,56136.0
2015-05-19,17.6,17.6,17.53,17.57,62669.0
2015-05-20,17.55,17.605,17.54,17.55,57142.0
2015-05-21,17.58,17.7199,17.58,17.67,68731.0
2015-05-22,17.62,17.72,17.62,17.65,47582.0
2015-05-26,17.69,17.75,17.67,17.699,42152.0
2015-05-27,17.71,17.79,17.68,17.76,33458.0
2015-05-28,17.73,17.77,17.69,17.71,37615.0
2015-05-29,17.7,17.7199,17.64,17.64,31549.0
2015-06-01,17.72,17.72,17.63,17.69,57424.0
2015-06-02,17.67,17.7,17.633,17.67,19256.0
2015-06-03,17.62,17.74,17.62,17.65,44154.0
2015-06-04,17.67,17.67,17.61,17.64,45075.0
2015-06-05,17.64,17.75,17.57,17.75,39620.0
2015-06-08,17.7,17.81,17.54,17.75,43895.0
2015-06-09,17.75,17.79,17.73,17.77,37350.0
2015-06-10,17.73,17.79,17.72,17.76,33442.0
2015-06-11,17.81,17.84,17.7,17.72,54228.0
2015-06-12,17.7,17.77,17.68,17.76,53814.0
2015-06-15,17.7,17.77,17.698,17.71,23972.0
2015-06-16,17.7,17.7299,17.65,17.685,27074.0
2015-06-17,17.65,17.71,17.63,17.64,29638.0
2015-06-18,17.62,17.6688,17.58,17.6,39104.0
2015-06-19,17.48,17.54,17.441,17.5,40059.0
2015-06-22,17.53,17.54,17.43,17.463,35872.0
2015-06-23,17.43,17.5,17.41,17.49,18986.0
2015-06-24,17.49,17.53,17.44,17.48,36969.0
2015-06-25,17.43,17.48,17.35,17.35,23924.0
2015-06-26,17.37,17.4,17.16,17.22,43693.0
2015-06-29,17.16,17.2,17.05,17.109,63623.0
2015-06-30,17.22,17.22,17.0315,17.17,30093.0
2015-07-01,17.28,17.28,17.18,17.26,39139.0
2015-07-02,17.27,17.27,17.19,17.25,10522.0
2015-07-06,17.15,17.27,17.15,17.25,16651.0
2015-07-07,17.21,17.35,17.18,17.24,48972.0
2015-07-08,17.16,17.2799,17.05,17.08,34753.0
2015-07-09,17.12,17.17,17.05,17.05,38128.0
2015-07-10,17.07,17.15,17.04,17.09,117876.0
2015-07-13,17.2,17.2,17.13,17.1462,21869.0
2015-07-14,17.14,17.15,17.09,17.14,19976.0
2015-07-15,17.14,17.15,17.06,17.14,32378.0
2015-07-16,17.16,17.21,17.1101,17.15,53996.0
2015-07-17,17.12,17.159,17.1,17.1,34494.0
2015-07-20,17.09,17.1208,17.0699,17.07,15815.0
2015-07-21,17.06,17.06,16.97,17.02,26472.0
2015-07-22,16.85,16.922,16.84,16.85,20453.0
2015-07-23,16.86,16.96,16.79,16.91,21229.0
2015-07-24,16.94,16.94,16.86,16.86,26987.0
2015-07-27,16.89,16.89,16.7501,16.8032,24968.0
2015-07-28,16.85,16.86,16.68,16.71,108998.0
2015-07-29,16.74,16.81,16.7142,16.78,9391.0
2015-07-30,16.75,16.83,16.62,16.78,52238.0
2015-07-31,16.81,16.94,16.74,16.94,45396.0
2015-08-03,16.98,16.98,16.85,16.95,44219.0
2015-08-04,16.94,16.94,16.81,16.88,11292.0
2015-08-05,16.86,16.91,16.73,16.75,52781.0
2015-08-06,16.73,16.761,16.7,16.7,37688.0
2015-08-07,16.72,16.72,16.6,16.62,50798.0
2015-08-10,16.63,16.67,16.47,16.51,127109.0
2015-08-11,16.46,16.51,16.46,16.5,46583.0
2015-08-12,16.43,16.51,16.42,16.51,43705.0
2015-08-13,16.53,16.54,16.45,16.46,37418.0
2015-08-14,16.41,16.49,16.31,16.45,65237.0
2015-08-17,16.42,16.49,16.39,16.39,26747.0
2015-08-18,16.34,16.44,16.322,16.402,36472.0
2015-08-19,16.36,16.46,16.342,16.41,56541.0
2015-08-20,16.32,16.34,16.24,16.27,36501.0
2015-08-21,16.2,16.22,16.09,16.14,46216.0
2015-08-24,15.93,16.05,15.91,15.99,127172.0
2015-08-25,16.11,16.17,16.1,16.1,42271.0
2015-08-26,16.12,16.19,15.96,16.0229,50010.0
2015-08-27,16.03,16.1,15.9508,16.08,61143.0
2015-08-28,16.07,16.24,16.01,16.22,39751.0
2015-08-31,16.25,16.25,16.05,16.2201,52550.0
2015-09-01,16.15,16.2,16.11,16.17,47100.0
2015-09-02,16.2,16.2,16.15,16.17,12395.0
2015-09-03,16.15,16.19,16.14,16.1745,20325.0
2015-09-04,16.03,16.13,16.03,16.12,30664.0
2015-09-08,16.15,16.15,16.1,16.1,32259.0
2015-09-09,16.08,16.081,16.0,16.03,47133.0
2015-09-10,16.01,16.11,16.0,16.1,36357.0
2015-09-11,16.08,16.21,16.0317,16.21,40631.0
2015-09-14,16.21,16.22,16.14,16.22,60894.0
2015-09-15,16.25,16.35,16.22,16.34,56014.0
2015-09-16,16.32,16.4,16.25,16.4,84700.0
2015-09-17,16.41,16.47,16.31,16.37,34919.0
2015-09-18,16.3,16.54,16.3,16.49,29269.0
2015-09-21,16.45,16.51,16.435,16.4936,47571.0
2015-09-22,16.47,16.47,16.25,16.28,50217.0
2015-09-23,16.3,16.39,16.26,16.3,25154.0
2015-09-24,16.27,16.3081,16.2,16.2,43138.0
2015-09-25,16.23,16.33,16.21,16.33,17001.0
2015-09-28,16.31,16.31,16.03,16.03,31002.0
2015-09-29,16.03,16.104,15.89,15.89,53175.0
2015-09-30,16.03,16.03,15.82,15.86,49233.0
2015-10-01,15.96,16.007,15.86,15.87,36196.0
2015-10-02,15.86,15.87,15.76,15.79,28168.0
2015-10-05,15.81,15.9002,15.81,15.9,28819.0
2015-10-06,15.9,15.92,15.695,15.7204,45198.0
2015-10-07,15.79,15.89,15.74,15.8114,33994.0
2015-10-08,15.78,16.059,15.77,16.0,54022.0
2015-10-09,16.02,16.12,15.9,15.95,55530.0
2015-10-12,15.97,16.06,15.9,16.04,31857.0
2015-10-13,15.98,16.06,15.95,16.02,25770.0
2015-10-14,15.99,16.06,15.99,16.03,41936.0
2015-10-15,16.01,16.11,15.95,16.065,34318.0
2015-10-16,16.08,16.15,16.03,16.05,33397.0
2015-10-19,16.08,16.1599,16.0655,16.1,24150.0
2015-10-20,16.1,16.15,16.02,16.07,16109.0
2015-10-21,16.01,16.01,15.92,15.92,18806.0
2015-10-22,15.95,16.03,15.9,16.01,44627.0
2015-10-23,15.99,16.05,15.97,16.04,29583.0
2015-10-26,16.02,16.07,16.01,16.02,29290.0
2015-10-27,16.02,16.09,15.96,16.09,33374.0
2015-10-28,16.07,16.18,16.07,16.16,29785.0
2015-10-29,16.09,16.18,16.09,16.18,26083.0
2015-10-30,16.2,16.2,16.05,16.11,45988.0
2015-11-02,16.21,16.24,16.13,16.17,38363.0
2015-11-03,16.16,16.16,16.05,16.09,18687.0
2015-11-04,16.1,16.1,16.04,16.0794,20397.0
2015-11-05,16.06,16.09,15.96,15.98,33522.0
2015-11-06,15.91,15.9699,15.89,15.95,27800.0
2015-11-09,15.95,15.95,15.81,15.82,51555.0
2015-11-10,15.79,15.86,15.71,15.75,68717.0
2015-11-11,15.75,15.79,15.69,15.69,38641.0
2015-11-12,15.67,15.71,15.61,15.61,49540.0
2015-11-13,15.6,15.71,15.6,15.655,50057.0
2015-11-16,15.66,15.71,15.62,15.66,44472.0
2015-11-17,15.65,15.7,15.6,15.66,49820.0
2015-11-18,15.59,15.59,15.51,15.53,49176.0
2015-11-19,15.53,15.57,15.42,15.43,39111.0
2015-11-20,15.43,15.54,15.395,15.4822,56861.0
2015-11-23,15.5,15.53,15.4,15.4,62770.0
2015-11-24,15.44,15.4401,15.23,15.33,128888.0
2015-11-25,15.42,15.44,15.3,15.38,60430.0
2015-11-27,15.37,15.5,15.37,15.45,24517.0
2015-11-30,15.49,15.59,15.45,15.58,35762.0
2015-12-01,15.6,15.62,15.5,15.61,86883.0
2015-12-02,15.57,15.57,15.48,15.54,51024.0
2015-12-03,15.49,15.63,15.484,15.62,61916.0
2015-12-04,15.59,15.64,15.47,15.47,34870.0
2015-12-07,15.49,15.49,15.17,15.27,72866.0
2015-12-08,15.21,15.323,15.19,15.25,31308.0
2015-12-09,15.2,15.3399,15.19,15.26,46230.0
2015-12-10,15.28,15.28,15.09,15.1183,143243.0
2015-12-11,14.88,15.04,14.69,14.78,123290.0
2015-12-14,14.73,14.81,14.38,14.45,124825.0
2015-12-15,14.45,14.63,14.45,14.62,97666.0
2015-12-16,14.61,14.95,14.61,14.84,89854.0
2015-12-17,14.84,14.95,14.7801,14.85,80509.0
2015-12-18,14.83,14.9399,14.75,14.86,130977.0
2015-12-21,14.83,14.91,14.61,14.62,116167.0
2015-12-22,14.61,14.7399,14.6,14.65,95968.0
2015-12-23,14.65,15.38,14.65,15.22,151193.0
2015-12-24,15.38,15.39,15.03,15.11,70912.0
2015-12-28,15.12,15.17,14.71,14.73,121155.0
2015-12-29,14.7,14.86,14.64,14.76,112245.0
2015-12-30,14.71,15.12,14.71,14.88,123599.0
2015-12-31,14.88,14.9,14.7,14.85,120755.0
2016-01-04,14.7,14.79,14.5101,14.68,114258.0
2016-01-05,14.82,15.0,14.814,14.99,34496.0
2016-01-06,14.81,14.99,14.775,14.93,40312.0
2016-01-07,14.83,14.94,14.7601,14.81,56739.0
2016-01-08,14.81,14.81,14.73,14.74,30412.0
2016-01-11,14.76,14.7722,14.6,14.62,32228.0
2016-01-12,14.7,14.7099,14.41,14.55,77483.0
2016-01-13,14.56,14.56,14.35,14.36,42728.0
2016-01-14,14.3,14.32,14.16,14.18,68342.0
2016-01-15,13.93,14.1048,13.84,13.92,78944.0
2016-01-19,13.85,14.0799,13.79,13.88,60184.0
2016-01-20,13.84,13.87,13.66,13.83,105355.0
2016-01-21,13.86,14.11,13.76,14.0,78929.0
2016-01-22,14.1,14.23,14.01,14.15,63980.0
2016-01-25,14.09,14.12,13.91,13.9101,28554.0
2016-01-26,14.0,14.0842,13.86,14.0,49428.0
2016-01-27,13.9,14.12,13.85,13.99,50755.0
2016-01-28,13.95,14.1376,13.9401,14.06,34804.0
2016-01-29,14.12,14.1636,14.09,14.1,35987.0
2016-02-01,14.16,14.33,14.1,14.29,71091.0
2016-02-02,14.28,14.28,14.06,14.18,83696.0
2016-02-03,14.22,14.231,13.95,14.01,54946.0
2016-02-04,14.01,14.11,14.0,14.0,34658.0
2016-02-05,14.04,14.23,13.97,14.14,143511.0
2016-02-08,14.09,14.09,13.95,13.98,35609.0
2016-02-09,13.93,13.95,13.83,13.88,26914.0
2016-02-10,13.85,13.975,13.67,13.67,55933.0
2016-02-11,13.58,13.735,13.39,13.47,97650.0
2016-02-12,13.43,13.6,13.42,13.46,37819.0
2016-02-16,13.5,13.61,13.44,13.44,55328.0
2016-02-17,13.48,13.65,13.48,13.65,81025.0
2016-02-18,13.64,13.65,13.46,13.62,86136.0
2016-02-19,13.6,13.64,13.46,13.6,85749.0
2016-02-22,13.61,13.71,13.45,13.49,87077.0
2016-02-23,13.49,13.59,13.45,13.58,68264.0
2016-02-24,13.53,13.79,13.474,13.77,54106.0
2016-02-25,13.7,13.88,13.7,13.85,72674.0
2016-02-26,13.94,13.94,13.77,13.79,46223.0
2016-02-29,13.84,13.84,13.79,13.81,57860.0
2016-03-01,13.89,14.16,13.82,14.12,133743.0
2016-03-02,14.1,14.23,14.035,14.2,39975.0
2016-03-03,14.19,14.48,14.19,14.43,94044.0
2016-03-04,14.43,14.65,14.35,14.43,135334.0
2016-03-07,14.38,14.5,14.36,14.45,49631.0
2016-03-08,14.52,14.5879,14.45,14.52,19927.0
2016-03-09,14.57,14.6,14.52,14.54,40843.0
2016-03-10,14.59,14.6299,14.36,14.41,46713.0
2016-03-11,14.45,14.59,14.45,14.53,79062.0
2016-03-14,14.74,14.9995,14.67,14.9,552048.0
2016-03-15,15.05,15.09,14.89,15.03,345109.0
2016-03-16,15.01,15.11,15.0,15.04,218959.0
2016-03-17,15.09,15.15,15.045,15.14,140832.0
2016-03-18,15.15,15.23,15.11,15.2,177920.0
2016-03-21,15.19,15.1912,15.11,15.1504,163284.0
2016-03-22,15.12,15.1899,14.89,14.91,191409.0
2016-03-23,14.95,15.2,14.95,15.16,46649.0
2016-03-24,15.13,15.13,15.02,15.05,65109.0
2016-03-28,15.1,15.13,14.91,15.06,95920.0
2016-03-29,14.98,15.04,14.9,15.01,74820.0
2016-03-30,15.16,15.25,15.0508,15.23,96822.0
2016-03-31,15.3,15.35,15.19,15.3,88230.0
2016-04-01,15.35,15.35,15.274,15.32,80500.0
2016-04-04,15.38,15.38,15.22,15.26,50696.0
2016-04-05,15.26,15.36,15.2,15.36,81226.0
2016-04-06,15.35,15.3797,15.2601,15.37,67623.0
2016-04-07,15.29,15.3399,15.17,15.18,49529.0
2016-04-08,15.25,15.25,15.14,15.14,43864.0
2016-04-11,15.15,15.17,15.12,15.12,84493.0
2016-04-12,15.11,15.25,15.11,15.25,55866.0
2016-04-13,15.23,15.3399,15.15,15.23,50968.0
2016-04-14,15.2,15.2499,15.09,15.16,70329.0
2016-04-15,15.14,15.19,15.02,15.02,64999.0
2016-04-18,15.06,15.16,15.01,15.16,78580.0
2016-04-19,15.14,15.26,15.14,15.17,81487.0
2016-04-20,15.09,15.2127,15.09,15.17,42928.0
2016-04-21,15.21,15.36,15.21,15.3,83182.0
2016-04-22,15.32,15.3499,15.23,15.3,56288.0
2016-04-25,15.24,15.2841,15.14,15.18,96783.0
2016-04-26,15.18,15.455,15.18,15.35,84285.0
2016-04-27,15.37,15.4599,15.33,15.41,72578.0
2016-04-28,15.4,15.4799,15.35,15.41,87656.0
2016-04-29,15.43,15.51,15.35,15.51,55739.0
2016-05-02,15.64,15.64,15.43,15.49,99083.0
2016-05-03,15.52,15.52,15.35,15.41,55986.0
2016-05-04,15.42,15.5,15.37,15.48,39805.0
2016-05-05,15.52,15.55,15.4,15.41,42183.0
2016-05-06,15.41,15.4901,15.31,15.41,72684.0
2016-05-09,15.44,15.4404,15.33,15.36,74787.0
2016-05-10,15.34,15.44,15.33,15.44,48300.0
2016-05-11,15.42,15.52,15.39,15.39,43525.0
2016-05-12,15.4,15.5201,15.31,15.41,83524.0
2016-05-13,15.44,15.49,15.38,15.42,43075.0
2016-05-16,15.43,15.5,15.3986,15.41,64841.0
2016-05-17,15.4,15.45,15.38,15.41,52572.0
2016-05-18,15.44,15.53,15.4,15.53,147388.0
2016-05-19,15.43,15.44,15.2399,15.28,125780.0
2016-05-20,15.37,15.515,15.31,15.34,66900.0
2016-05-23,15.41,15.5,15.37,15.4,79792.0
2016-05-24,15.48,15.55,15.38,15.43,110641.0
2016-05-25,15.51,15.66,15.485,15.53,90892.0
2016-05-26,15.61,15.73,15.58,15.69,91049.0
2016-05-27,15.75,15.8501,15.65,15.68,55930.0
2016-05-31,15.74,15.7799,15.66,15.66,35127.0
2016-06-01,15.8,15.93,15.7815,15.87,87927.0
2016-06-02,15.94,16.02,15.926,15.97,65120.0
2016-06-03,16.0,16.09,15.95,16.09,94845.0
2016-06-06,16.15,16.15,15.93,16.025,54790.0
2016-06-07,15.99,16.1299,15.92,16.1299,92357.0
2016-06-08,16.13,16.17,16.07,16.15,66250.0
2016-06-09,16.18,16.37,16.14,16.22,49949.0
2016-06-10,16.23,16.2622,16.12,16.24,99095.0
2016-06-13,16.27,16.29,16.07,16.08,59169.0
2016-06-14,16.1,16.1,15.88,15.91,66660.0
2016-06-15,15.87,16.1599,15.87,16.03,68351.0
2016-06-16,16.01,16.0696,15.8774,16.03,40754.0
2016-06-17,16.04,16.0899,15.95,16.03,65641.0
2016-06-20,16.2,16.2,16.0,16.11,84188.0
2016-06-21,16.1,16.16,16.01,16.08,93014.0
2016-06-22,16.08,16.17,15.9801,16.01,93224.0
2016-06-23,16.06,16.16,16.025,16.16,62941.0
2016-06-24,15.88,16.15,15.88,16.02,77986.0
2016-06-27,16.02,16.02,15.6401,15.7,124318.0
2016-06-28,15.73,15.91,15.72,15.88,136409.0
2016-06-29,15.89,16.0499,15.79,15.83,81500.0
2016-06-30,15.83,15.9342,15.7785,15.89,98775.0
2016-07-01,16.01,16.24,15.92,16.19,104945.0
2016-07-05,16.2,16.2,15.94,15.94,105018.0
2016-07-06,16.04,16.14,16.01,16.13,37812.0
2016-07-07,16.17,16.23,16.15,16.2,104152.0
2016-07-08,16.19,16.24,16.04,16.09,54942.0
2016-07-11,16.2,16.24,16.04,16.07,53617.0
2016-07-12,16.08,16.2399,16.08,16.1,70931.0
2016-07-13,16.1,16.2399,16.03,16.13,123937.0
2016-07-14,16.23,16.23,16.0501,16.1,64619.0
2016-07-15,16.12,16.15,16.05,16.07,72735.0
2016-07-18,16.08,16.32,16.05,16.11,113732.0
2016-07-19,16.2,16.3,16.13,16.29,89819.0
2016-07-20,16.25,16.44,16.15,16.4,76541.0
2016-07-21,16.44,16.46,16.36,16.42,43939.0
2016-07-22,16.5,16.5,16.3,16.46,51133.0
2016-07-25,16.42,16.52,16.32,16.38,70319.0
2016-07-26,16.43,16.479,16.325,16.44,33082.0
2016-07-27,16.48,16.49,16.4,16.47,44950.0
2016-07-28,16.47,16.5,16.41,16.49,39771.0
2016-07-29,16.5,16.56,16.4322,16.53,136529.0
2016-08-01,16.63,16.63,16.4,16.41,67725.0
2016-08-02,16.41,16.47,16.34,16.46,68080.0
2016-08-03,16.47,16.63,16.415,16.6,57058.0
2016-08-04,16.57,16.61,16.5,16.51,60876.0
2016-08-05,16.51,16.589,16.5,16.5,57813.0
2016-08-08,16.6,16.6,16.42,16.43,77860.0
2016-08-09,16.51,16.52,16.43,16.47,90355.0
2016-08-10,16.43,16.45,16.12,16.23,218157.0
2016-08-11,16.26,16.36,16.25,16.35,69060.0
2016-08-12,16.4,16.45,16.29,16.38,63342.0
2016-08-15,16.46,16.47,16.341,16.39,74425.0
2016-08-16,16.43,16.43,16.36,16.38,41335.0
2016-08-17,16.46,16.49,16.34,16.37,78453.0
2016-08-18,16.43,16.52,16.4,16.48,64504.0
2016-08-19,16.54,16.54,16.4301,16.54,35231.0
2016-08-22,16.44,16.52,16.44,16.51,26393.0
2016-08-23,16.53,16.55,16.51,16.55,48068.0
2016-08-24,16.56,16.61,16.51,16.61,59440.0
2016-08-25,16.58,16.61,16.56,16.56,49700.0
2016-08-26,16.6,16.6,16.52,16.56,38648.0
2016-08-29,16.53,16.58,16.51,16.53,56291.0
2016-08-30,16.57,16.58,16.53,16.57,72059.0
2016-08-31,16.57,16.5899,16.5,16.51,50255.0
2016-09-01,16.59,16.59,16.48,16.52,128049.0
2016-09-02,16.57,16.58,16.48,16.52,50975.0
2016-09-06,16.55,16.59,16.51,16.56,36895.0
2016-09-07,16.57,16.59,16.5398,16.54,46233.0
2016-09-08,16.59,16.6,16.54,16.59,86886.0
2016-09-09,16.5,16.56,16.44,16.51,97403.0
2016-09-12,16.38,16.534,16.38,16.4,51944.0
2016-09-13,16.35,16.43,16.1,16.18,92178.0
2016-09-14,16.24,16.46,16.24,16.41,60223.0
2016-09-15,16.42,16.59,16.38,16.41,53200.0
2016-09-16,16.44,16.51,16.2201,16.49,38818.0
2016-09-19,16.58,16.58,16.31,16.31,78861.0
2016-09-20,16.44,16.52,16.409,16.45,52698.0
2016-09-21,16.36,16.57,16.36,16.5,61195.0
2016-09-22,16.56,16.77,16.54,16.75,96275.0
2016-09-23,16.64,16.72,16.53,16.6,91919.0
2016-09-26,16.59,16.64,16.5,16.52,63932.0
2016-09-27,16.6,16.64,16.541,16.62,96055.0
2016-09-28,16.64,16.76,16.64,16.76,39565.0
2016-09-29,16.79,16.79,16.67,16.76,55650.0
2016-09-30,16.8,16.925,16.77,16.85,84751.0
2016-10-03,16.91,16.91,16.8,16.84,77877.0
2016-10-04,16.76,16.87,16.76,16.82,51590.0
2016-10-05,16.87,16.95,16.81,16.95,23891.0
2016-10-06,16.94,16.94,16.78,16.88,40064.0
2016-10-07,16.9,17.0,16.8203,16.92,32130.0
2016-10-10,16.98,17.01,16.95,16.96,81340.0
2016-10-11,16.99,17.0,16.95,16.99,74491.0
2016-10-12,16.97,17.06,16.91,16.92,90254.0
2016-10-13,16.9,17.0,16.86,16.98,84341.0
2016-10-14,17.0,17.03,16.96,17.0,25665.0
2016-10-17,16.99,17.02,16.86,16.908,76004.0
2016-10-18,16.94,16.97,16.88,16.93,73884.0
2016-10-19,16.99,17.05,16.77,16.94,125383.0
2016-10-20,16.89,16.91,16.82,16.85,39463.0
2016-10-21,16.8,17.1,16.8,17.1,45630.0
2016-10-24,17.12,17.28,17.0601,17.21,59509.0
2016-10-25,17.26,17.32,17.19,17.25,78425.0
2016-10-26,17.24,17.29,17.15,17.1747,85457.0
2016-10-27,17.25,17.33,17.2,17.27,77869.0
2016-10-28,17.28,17.37,17.18,17.33,51575.0
2016-10-31,17.31,17.4699,17.27,17.34,73124.0
2016-11-01,17.36,17.385,17.18,17.2,89949.0
2016-11-02,17.19,17.2,17.04,17.1,109970.0
2016-11-03,17.02,17.17,17.02,17.05,62284.0
2016-11-04,17.12,17.12,16.97,16.97,61857.0
2016-11-07,17.11,17.17,17.04,17.09,47095.0
2016-11-08,17.15,17.35,17.0893,17.19,122244.0
2016-11-09,17.1,17.42,16.8618,17.39,122810.0
2016-11-10,17.4,17.45,17.15,17.18,106474.0
2016-11-11,16.95,17.51,16.91,17.36,134537.0
2016-11-14,17.53,17.72,17.34,17.46,143052.0
2016-11-15,17.61,17.61,17.37,17.4,92478.0
2016-11-16,17.51,17.65,17.42,17.46,99181.0
2016-11-17,17.55,17.67,17.46,17.5,89382.0
2016-11-18,17.4,17.52,17.3901,17.46,45305.0
2016-11-21,17.57,17.61,17.526,17.55,58993.0
2016-11-22,17.55,17.63,17.45,17.45,82391.0
2016-11-23,17.53,17.66,17.5001,17.6498,44428.0
2016-11-25,17.71,17.85,17.71,17.84,61965.0
2016-11-28,17.83,17.88,17.74,17.76,86903.0
2016-11-29,17.78,17.83,17.46,17.53,66068.0
2016-11-30,17.71,17.8,17.62,17.73,111230.0
2016-12-01,17.8,17.84,17.66,17.72,82929.0
2016-12-02,17.76,17.84,17.7558,17.8,37920.0
2016-12-05,17.88,17.9,17.81,17.8868,91393.0
2016-12-06,17.9,18.0,17.74,17.94,94435.0
2016-12-07,17.97,18.07,17.87,17.97,81188.0
2016-12-08,18.01,18.01,17.66,17.69,77198.0
2016-12-09,17.71,17.93,17.64,17.918,50443.0
2016-12-12,17.95,17.99,17.86,17.93,46296.0
2016-12-13,17.95,18.0,17.77,17.78,79406.0
2016-12-14,17.82,18.01,17.795,17.97,119076.0
2016-12-15,17.88,18.1,17.88,18.06,60146.0
2016-12-16,18.21,18.21,17.8,17.94,78146.0
2016-12-19,18.02,18.08,17.97,18.08,40173.0
2016-12-20,18.04,18.07,17.98,18.05,39711.0
2016-12-21,18.11,18.18,18.01,18.18,37071.0
2016-12-22,18.24,18.25,18.138,18.2,47524.0
2016-12-23,18.14,18.25,18.12,18.22,31304.0
2016-12-27,18.13,18.34,18.13,18.18,41440.0
2016-12-28,18.15,18.24,18.11,18.11,54538.0
2016-12-29,18.1,18.124,17.94,17.97,46587.0
2016-12-30,18.1,18.11,18.04,18.08,35424.0
2017-01-03,18.08,18.17,18.04,18.06,62803.0
2017-01-04,18.14,18.19,18.0,18.07,114161.0
2017-01-05,18.13,18.21,17.95,18.08,116092.0
2017-01-06,18.15,18.15,17.98,18.0,45430.0
2017-01-09,18.05,18.05,17.64,17.86,83023.0
2017-01-10,17.87,17.9499,17.83,17.92,45507.0
2017-01-11,17.93,17.9452,17.82,17.88,55599.0
2017-01-12,17.82,17.89,17.82,17.83,35977.0
2017-01-13,17.87,17.92,17.71,17.81,56219.0
2017-01-17,17.91,18.01,17.81,17.93,51155.0
2017-01-18,17.87,17.91,17.8,17.81,67730.0
2017-01-19,17.84,17.89,17.8,17.83,61275.0
2017-01-20,17.83,17.89,17.83,17.83,29634.0
2017-01-23,17.88,17.99,17.82,17.82,82679.0
2017-01-24,17.87,18.08,17.84,18.04,54152.0
2017-01-25,18.17,18.18,18.09,18.14,39162.0
2017-01-26,18.15,18.33,18.15,18.33,70922.0
2017-01-27,18.25,18.43,18.25,18.33,75264.0
2017-01-30,18.31,18.3899,18.207,18.27,64216.0
2017-01-31,18.27,18.29,18.19,18.25,52578.0
2017-02-01,18.34,18.39,18.15,18.21,96623.0
2017-02-02,18.13,18.31,18.13,18.2,49440.0
2017-02-03,18.2,18.33,18.195,18.33,101021.0
2017-02-06,18.34,18.34,17.98,18.09,143205.0
2017-02-07,18.1,18.12,18.03,18.04,46317.0
2017-02-08,18.02,18.05,17.96,17.96,87867.0
2017-02-09,18.05,18.05,17.9501,17.97,57515.0
2017-02-10,18.03,18.13,18.01,18.12,79165.0
2017-02-13,18.17,18.19,18.0501,18.17,101548.0
2017-02-14,18.18,18.25,18.1282,18.21,40214.0
2017-02-15,18.16,18.28,18.15,18.21,71611.0
2017-02-16,18.16,18.18,17.96,17.99,77252.0
2017-02-17,18.0,18.23,18.0,18.23,60465.0
2017-02-21,18.22,18.22,18.02,18.05,100670.0
2017-02-22,18.05,18.1,18.01,18.05,71240.0
2017-02-23,18.09,18.11,18.04,18.07,70067.0
2017-02-24,18.03,18.1,18.02,18.06,56106.0
2017-02-27,18.04,18.06,18.0,18.06,70607.0
2017-02-28,18.16,18.21,18.09,18.21,86129.0
2017-03-01,18.21,18.22,18.15,18.16,81778.0
2017-03-02,18.15,18.15,18.09,18.11,40699.0
2017-03-03,18.12,18.22,18.09,18.22,63211.0
2017-03-06,18.15,18.2,18.13,18.18,74097.0
2017-03-07,18.19,18.22,17.95,18.03,69144.0
2017-03-08,18.03,18.07,17.8,17.81,153253.0
2017-03-09,17.8,17.91,17.45,17.56,111564.0
2017-03-10,17.6,17.82,17.58,17.59,87527.0
2017-03-13,17.69,17.7489,17.63,17.67,87290.0
2017-03-14,17.63,17.72,17.6,17.66,52721.0
2017-03-15,17.69,17.85,17.54,17.85,89486.0
2017-03-16,17.86,17.93,17.7,17.91,56774.0
2017-03-17,17.92,18.04,17.8501,18.04,64989.0
2017-03-20,17.98,18.09,17.86,18.05,56896.0
2017-03-21,18.06,18.08,17.89,17.94,70085.0
2017-03-22,17.75,18.0,17.75,17.96,91066.0
2017-03-23,17.94,18.0599,17.93,18.03,42299.0
2017-03-24,18.04,18.16,18.03,18.16,27760.0
2017-03-27,18.13,18.15,17.93,17.97,102014.0
2017-03-28,17.98,18.15,17.98,18.13,36144.0
2017-03-29,18.18,18.2222,18.1667,18.21,64841.0
2017-03-30,18.22,18.22,18.08,18.08,58010.0
2017-03-31,18.03,18.1406,18.02,18.05,64312.0
2017-04-03,18.1,18.15,17.92,17.98,62720.0
2017-04-04,18.0,18.15,17.94,18.15,58022.0
2017-04-05,18.15,18.17,18.0902,18.13,72207.0
2017-04-06,18.17,18.17,18.0135,18.07,61630.0
2017-04-07,18.01,18.0545,17.99,18.01,55085.0
2017-04-10,18.13,18.13,18.036,18.1,63888.0
2017-04-11,18.1,18.12,18.04,18.1,82114.0
2017-04-12,18.12,18.13,18.01,18.1,51192.0
2017-04-13,18.1,18.1,18.04,18.04,36453.0
2017-04-17,18.1,18.1,18.03,18.05,36617.0
2017-04-18,18.04,18.1,18.0,18.0,35548.0
2017-04-19,17.98,18.04,17.94,18.04,59106.0
2017-04-20,18.05,18.2,18.0293,18.2,57137.0
2017-04-21,18.25,18.25,18.1,18.15,40371.0
2017-04-24,18.3,18.31,18.16,18.25,57143.0
2017-04-25,18.23,18.34,18.22,18.26,62407.0
2017-04-26,18.32,18.43,18.32,18.37,51139.0
2017-04-27,18.39,18.39,18.26,18.32,31035.0
2017-04-28,18.33,18.39,18.27,18.39,33009.0
2017-05-01,18.4,18.42,18.23,18.31,91984.0
2017-05-02,18.31,18.38,18.15,18.17,70463.0
2017-05-03,18.18,18.2699,18.15,18.26,46692.0
2017-05-04,18.23,18.2699,18.04,18.2,67609.0
2017-05-05,18.21,18.2799,18.17,18.24,42574.0
2017-05-08,18.25,18.27,18.15,18.27,58624.0
2017-05-09,18.37,18.38,18.1182,18.37,55983.0
2017-05-10,18.4,18.46,18.36,18.46,32239.0
2017-05-11,18.48,18.54,18.44,18.54,51263.0
2017-05-12,18.62,18.8,18.43,18.48,91490.0
2017-05-15,18.6,18.61,18.26,18.31,58864.0
2017-05-16,18.37,18.43,18.12,18.12,77415.0
2017-05-17,18.08,18.2526,18.08,18.11,72684.0
2017-05-18,18.22,18.23,18.06,18.23,54720.0
2017-05-19,18.3,18.3,17.97,18.1,58565.0
2017-05-22,18.15,18.15,17.97,18.05,47646.0
2017-05-23,18.1,18.35,18.038,18.32,68687.0
2017-05-24,18.25,18.33,18.2,18.26,69830.0
2017-05-25,18.24,18.25,18.05,18.06,74304.0
2017-05-26,18.08,18.3,18.04,18.3,57574.0
2017-05-30,18.28,18.32,18.11,18.14,42989.0
2017-05-31,18.12,18.24,17.96,17.96,148720.0
2017-06-01,17.97,18.14,17.79,17.88,269595.0
2017-06-02,17.87,17.96,17.81,17.96,61524.0
2017-06-05,17.95,17.97,17.84,17.89,35512.0
2017-06-06,17.88,17.96,17.88,17.93,23861.0
2017-06-07,17.96,17.98,17.92,17.97,23105.0
2017-06-08,17.96,17.96,17.85,17.88,24258.0
2017-06-09,17.95,17.95,17.84,17.87,19126.0
2017-06-12,17.97,17.97,17.7647,17.83,45910.0
2017-06-13,17.83,17.9,17.77,17.81,23627.0
2017-06-14,17.93,17.94,17.81,17.9,30083.0
2017-06-15,17.86,17.89,17.75,17.82,83120.0
2017-06-16,17.88,17.88,17.76,17.82,28718.0
2017-06-19,17.88,17.88,17.78,17.8137,20269.0
2017-06-20,17.84,17.84,17.76,17.78,15086.0
2017-06-21,17.79,17.82,17.6,17.63,32820.0
2017-06-22,17.74,17.74,17.55,17.59,46530.0
2017-06-23,17.65,17.65,17.5182,17.54,14856.0
2017-06-26,17.69,17.81,17.5601,17.75,79000.0
2017-06-27,17.81,17.81,17.65,17.7,52577.0
2017-06-28,17.7,17.85,17.7,17.8,45393.0
2017-06-29,17.88,17.88,17.71,17.79,23929.0
2017-06-30,17.93,17.9617,17.74,17.9,37231.0
2017-07-03,17.99,17.99,17.87,17.9,33368.0
2017-07-05,17.89,17.93,17.8,17.88,37354.0
2017-07-06,17.84,17.9,17.7,17.81,27446.0
2017-07-07,17.93,17.99,17.87,17.98,36617.0
2017-07-10,17.99,17.99,17.8782,17.93,40242.0
2017-07-11,17.88,17.97,17.88,17.97,20085.0
2017-07-12,17.97,18.0,17.92,17.95,41819.0
2017-07-13,17.94,17.95,17.84,17.93,41682.0
2017-07-14,17.91,18.01,17.84,18.0,20743.0
2017-07-17,18.0,18.0,17.77,17.79,48912.0
2017-07-18,17.83,18.0,17.8,17.92,29346.0
2017-07-19,17.95,17.985,17.89,17.9,22541.0
2017-07-20,17.87,17.87,17.61,17.61,52638.0
2017-07-21,17.69,17.8,17.68,17.73,32274.0
2017-07-24,17.67,17.74,17.65,17.65,31098.0
2017-07-25,17.72,17.8,17.71,17.71,20339.0
2017-07-26,17.72,17.7751,17.66,17.71,67235.0
2017-07-27,17.72,17.8,17.7,17.77,22254.0
2017-07-28,17.79,17.86,17.7434,17.85,23412.0
2017-07-31,17.88,17.92,17.85,17.9104,28791.0
2017-08-01,17.97,17.97,17.8,17.83,40167.0
2017-08-02,17.83,17.9,17.83,17.86,27293.0
2017-08-03,17.84,17.92,17.84,17.9,36590.0
2017-08-04,17.97,17.97,17.8,17.87,28717.0
2017-08-07,17.87,17.87,17.85,17.87,26905.0
2017-08-08,17.88,17.88,17.78,17.79,56793.0
2017-08-09,17.71,17.85,17.71,17.74,40978.0
2017-08-10,17.77,17.77,17.55,17.6,63439.0
2017-08-11,17.38,17.85,17.2,17.71,126576.0
2017-08-14,17.78,17.849,17.68,17.75,16473.0
2017-08-15,17.8,17.8,17.67,17.79,35018.0
2017-08-16,17.85,17.92,17.82,17.9,58359.0
2017-08-17,17.89,17.9181,17.64,17.66,65611.0
2017-08-18,17.67,17.8,17.66,17.78,23445.0
2017-08-21,17.81,17.82,17.68,17.82,17205.0
2017-08-22,17.82,17.85,17.5501,17.605,66958.0
2017-08-23,17.59,17.75,17.57,17.75,41292.0
2017-08-24,17.75,17.75,17.56,17.56,40645.0
2017-08-25,17.58,17.6109,17.56,17.59,15742.0
2017-08-28,17.6,17.63,17.54,17.63,21449.0
2017-08-29,17.62,17.73,17.5,17.55,76735.0
2017-08-30,17.53,17.61,17.5,17.5,51989.0
2017-08-31,17.53,17.57,17.49,17.53,38114.0
2017-09-01,17.59,17.61,17.56,17.6,20249.0
2017-09-05,17.57,17.57,17.45,17.47,29719.0
2017-09-06,17.45,17.51,17.45,17.46,47313.0
2017-09-07,17.48,17.5299,17.45,17.46,62948.0
2017-09-08,17.4,17.48,17.4,17.4,22266.0
2017-09-11,17.5,17.5,17.4,17.4,28810.0
2017-09-12,17.45,17.45,17.35,17.36,41340.0
2017-09-13,17.3,17.36,17.3,17.33,60095.0
2017-09-14,17.34,17.35,17.28,17.29,42554.0
2017-09-15,17.32,17.36,17.25,17.26,66049.0
2017-09-18,17.26,17.3,17.25,17.25,93005.0
2017-09-19,17.25,17.3,17.25,17.25,57437.0
2017-09-20,17.4,17.4,17.23,17.28,72625.0
2017-09-21,17.26,17.28,17.22,17.28,35864.0
2017-09-22,17.32,17.4,17.2964,17.4,28679.0
2017-09-25,17.36,17.47,17.36,17.47,47585.0
2017-09-26,17.43,17.47,17.36,17.42,40162.0
2017-09-27,17.47,17.5,17.433,17.48,41661.0
2017-09-28,17.47,17.52,17.43,17.5,55927.0
2017-09-29,17.54,17.58,17.51,17.58,39035.0
2017-10-02,17.63,17.63,17.5,17.52,43474.0
2017-10-03,17.54,17.55,17.38,17.44,54365.0
2017-10-04,17.44,17.46,17.4,17.44,22532.0
2017-10-05,17.49,17.5,17.4,17.42,34492.0
2017-10-06,17.5,17.55,17.48,17.53,47648.0
2017-10-09,17.6,17.6,17.543,17.6,27085.0
2017-10-10,17.69,17.69,17.53,17.53,93016.0
2017-10-11,17.58,17.61,17.47,17.48,51547.0
2017-10-12,17.49,17.56,17.4,17.41,56348.0
2017-10-13,17.45,17.48,17.39,17.48,31230.0
2017-10-16,17.48,17.5499,17.47,17.522,28755.0
2017-10-17,17.55,17.56,17.49,17.54,32827.0
2017-10-18,17.55,17.55,17.37,17.41,54606.0
2017-10-19,17.47,17.64,17.41,17.64,45634.0
2017-10-20,17.66,17.66,17.5672,17.6,36652.0
2017-10-23,17.53,17.6158,17.39,17.41,53454.0
2017-10-24,17.41,17.5,17.3801,17.4,67167.0
2017-10-25,17.43,17.45,17.32,17.4005,79361.0
2017-10-26,17.46,17.46,17.32,17.36,57878.0
2017-10-27,17.42,17.459,17.318,17.4,65175.0
2017-10-30,17.42,17.4705,17.35,17.41,55699.0
2017-10-31,17.49,17.52,17.33,17.33,52916.0
2017-11-01,17.43,17.4627,17.31,17.31,44820.0
2017-11-02,17.29,17.36,17.25,17.36,41402.0
2017-11-03,17.28,17.28,17.1,17.1,112388.0
2017-11-06,17.25,17.25,17.1454,17.19,68458.0
2017-11-07,17.27,17.46,17.24,17.4,46887.0
2017-11-08,17.45,17.45,17.32,17.37,78619.0
2017-11-09,17.35,17.36,17.24,17.35,38842.0
2017-11-10,17.33,17.36,17.2285,17.35,85334.0
2017-11-13,17.27,17.3826,17.27,17.33,57790.0
2017-11-14,17.33,17.38,17.2412,17.38,54657.0
2017-11-15,17.36,17.43,17.24,17.43,54624.0
2017-11-16,17.43,17.58,17.39,17.46,37071.0
2017-11-17,17.53,17.53,17.26,17.28,63695.0
2017-11-20,17.31,17.31,17.12,17.12,73499.0
2017-11-21,17.1,17.12,17.04,17.12,31616.0
2017-11-22,17.19,17.19,17.01,17.0399,54643.0
2017-11-24,17.11,17.26,17.11,17.26,20340.0
2017-11-27,17.33,17.33,17.15,17.29,102060.0
2017-11-28,17.34,17.34,17.2,17.26,43080.0
2017-11-29,17.25,17.31,17.1,17.11,76032.0
2017-11-30,17.2,17.26,17.18,17.26,63868.0
2017-12-01,17.28,17.28,17.16,17.19,45463.0
2017-12-04,17.23,17.34,17.23,17.3,78262.0
2017-12-05,17.39,17.41,17.33,17.35,88020.0
2017-12-06,17.37,17.47,17.35,17.37,81576.0
2017-12-07,17.34,17.395,17.25,17.29,45412.0
2017-12-08,17.45,17.45,17.32,17.37,53434.0
2017-12-11,17.49,17.56,17.36,17.42,127766.0
2017-12-12,17.55,17.55,17.4,17.45,73864.0
2017-12-13,17.52,17.52,17.37,17.41,56519.0
2017-12-14,17.37,17.47,17.33,17.34,56292.0
2017-12-15,17.37,17.48,17.37,17.41,47798.0
2017-12-18,17.46,17.57,17.38,17.38,80056.0
2017-12-19,17.48,17.57,17.44,17.55,128017.0
2017-12-20,17.32,17.47,17.27,17.3,78645.0
2017-12-21,17.4,17.46,17.19,17.2,78879.0
2017-12-22,17.2,17.44,17.2,17.44,71374.0
2017-12-26,17.43,17.72,17.43,17.72,50650.0
2017-12-27,17.68,17.95,17.6,17.69,45168.0
2017-12-28,17.59,17.84,17.59,17.8,90382.0
2017-12-29,17.91,18.0,17.87,18.0,74424.0
2018-01-02,18.09,18.09,17.86,17.98,81419.0
2018-01-03,18.07,18.17,17.86,18.05,65110.0
2018-01-04,18.1,18.16,17.88,18.1,52450.0
2018-01-05,18.05,18.22,17.69,17.73,91715.0
2018-01-08,17.79,17.79,17.58,17.65,58253.0
2018-01-09,17.59,17.63,17.46,17.48,76285.0
2018-01-10,17.5,17.55,17.37,17.45,59594.0
2018-01-11,17.43,17.77,17.43,17.47,45927.0
2018-01-12,17.57,17.62,17.49,17.57,40082.0
2018-01-16,17.63,17.63,17.54,17.54,23034.0
2018-01-17,17.59,17.76,17.56,17.75,72896.0
2018-01-18,17.84,17.84,17.6,17.63,51614.0
2018-01-19,17.64,17.78,17.59,17.73,67566.0
2018-01-22,17.76,17.97,17.7,17.87,90116.0
2018-01-23,17.95,18.15,17.88,18.07,77331.0
2018-01-24,18.16,18.2,18.02,18.18,32733.0
2018-01-25,18.24,18.3,18.09,18.22,109107.0
2018-01-26,18.19,18.19,17.94,17.95,55724.0
2018-01-29,18.09,18.09,17.98,18.09,52493.0
2018-01-30,18.04,18.08,17.96,18.05,38114.0
2018-01-31,18.1,18.14,17.85,18.06,82533.0
2018-02-01,18.09,18.35,18.01,18.35,134095.0
2018-02-02,18.23,18.23,17.95,17.95,46653.0
2018-02-05,18.0,18.08,17.8,17.84,51591.0
2018-02-06,17.8,18.17,17.72,17.77,61014.0
2018-02-07,17.9,18.03,17.9,17.97,31539.0
2018-02-08,17.99,18.0,17.8,17.8,64591.0
2018-02-09,17.83,17.94,17.7,17.82,44325.0
2018-02-12,17.97,17.97,17.74,17.78,30564.0
2018-02-13,17.8,18.14,17.79,18.05,48079.0
2018-02-14,18.03,18.03,17.81,17.98,39682.0
2018-02-15,17.96,18.06,17.92,17.96,26464.0
2018-02-16,18.03,18.17,17.99,18.14,25605.0
2018-02-20,18.05,18.12,17.94,18.12,45078.0
2018-02-21,18.17,18.29,18.14,18.24,43450.0
2018-02-22,18.25,18.3,18.12,18.21,73393.0
2018-02-23,18.28,18.28,18.02,18.1,50732.0
2018-02-26,18.03,18.08,17.93,18.06,30673.0
2018-02-27,18.05,18.09,17.86,18.0,57305.0
2018-02-28,18.03,18.03,17.86,17.88,37661.0
2018-03-01,17.98,18.07,17.93,17.94,30202.0
2018-03-02,17.95,18.04,17.93,17.99,41366.0
2018-03-05,17.98,18.05,17.97,18.05,17670.0
2018-03-06,18.13,18.23,18.09,18.23,38711.0
2018-03-07,18.14,18.19,18.01,18.04,32624.0
2018-03-08,18.04,18.22,18.0,18.01,40462.0
2018-03-09,18.1,18.17,18.08,18.13,35152.0
2018-03-12,18.18,18.18,17.97,18.05,30567.0
2018-03-13,18.09,18.12,18.04,18.11,29667.0
2018-03-14,18.21,18.38,18.18,18.26,25139.0
2018-03-15,18.37,18.37,18.1,18.11,39172.0
2018-03-16,18.15,18.3,18.07,18.14,39205.0
2018-03-19,18.14,18.14,18.03,18.05,18383.0
2018-03-20,18.07,18.18,18.03,18.04,27197.0
2018-03-21,18.0,18.0,17.91,17.93,20391.0
2018-03-22,17.9,17.97,17.87,17.92,29999.0
2018-03-23,18.01,18.02,17.9,17.91,43554.0
2018-03-26,18.12,18.23,17.97,18.18,51613.0
2018-03-27,18.21,18.37,18.16,18.23,41904.0
2018-03-28,18.31,18.4,18.22,18.4,37126.0
2018-03-29,18.48,18.48,18.26,18.46,44874.0
2018-04-02,18.51,18.51,18.31,18.45,43272.0
2018-04-03,18.45,18.49,18.29,18.32,30220.0
2018-04-04,18.29,18.4,18.16,18.19,36905.0
2018-04-05,18.3,18.4,18.25,18.4,70797.0
2018-04-06,18.41,18.41,18.17,18.18,38684.0
2018-04-09,18.25,18.27,18.18,18.24,20892.0
2018-04-10,18.24,18.29,18.18,18.24,35149.0
2018-04-11,18.23,18.26,18.17,18.22,29724.0
2018-04-12,18.28,18.28,18.15,18.18,42131.0
2018-04-13,18.3,18.3,18.06,18.06,31630.0
2018-04-16,18.09,18.26,18.08,18.25,29353.0
2018-04-17,18.25,18.28,18.15,18.15,42637.0
2018-04-18,18.1,18.14,17.93,17.99,118138.0
2018-04-19,18.01,18.11,17.97,18.1,44827.0
2018-04-20,18.02,18.02,17.92,17.97,19034.0
2018-04-23,18.02,18.03,17.93,17.99,30805.0
2018-04-24,18.02,18.02,17.83,17.83,54940.0
2018-04-25,17.88,17.88,17.76,17.86,49041.0
2018-04-26,17.9,17.9,17.75,17.79,57048.0
2018-04-27,17.91,17.91,17.74,17.76,44042.0
2018-04-30,17.8,17.81,17.66,17.74,55284.0
2018-05-01,17.82,18.0,17.76,18.0,63689.0
2018-05-02,18.13,18.13,17.88,17.96,52321.0
2018-05-03,17.97,17.97,17.86,17.87,26383.0
2018-05-04,17.9,17.93,17.76,17.81,50775.0
2018-05-07,17.85,18.08,17.82,17.95,56684.0
2018-05-08,17.96,18.13,17.96,18.13,18425.0
2018-05-09,18.25,18.25,17.94,18.23,43283.0
2018-05-10,18.16,18.18,18.02,18.14,26048.0
2018-05-11,18.14,18.35,18.1,18.28,39558.0
2018-05-14,18.3,18.43,18.25,18.3,61761.0
2018-05-15,18.26,18.32,18.04,18.04,46169.0
2018-05-16,18.08,18.12,17.88,17.9,55520.0
2018-05-17,17.87,17.97,17.87,17.94,63029.0
2018-05-18,17.99,17.99,17.84,17.94,46805.0
2018-05-21,17.96,18.04,17.95,18.02,52774.0
2018-05-22,17.9,17.99,17.86,17.89,50794.0
2018-05-23,17.9,17.9,17.78,17.8,59299.0
2018-05-24,17.85,17.85,17.78,17.78,59350.0
2018-05-25,17.77,17.82,17.72,17.73,62004.0
2018-05-29,17.79,17.83,17.72,17.83,30809.0
2018-05-30,17.92,17.92,17.84,17.92,41229.0
2018-05-31,17.98,18.0,17.86,17.99,63833.0
2018-06-01,18.08,18.08,17.99,18.07,54156.0
2018-06-04,18.07,18.09,17.95,17.96,31253.0
2018-06-05,17.99,18.05,17.96,18.05,33121.0
2018-06-06,18.02,18.18,18.0,18.16,23234.0
2018-06-07,18.25,18.3,18.15,18.22,42371.0
2018-06-08,18.25,18.28,18.02,18.03,22959.0
2018-06-11,18.11,18.11,18.0,18.01,25512.0
2018-06-12,18.15,18.15,17.93,18.0,43796.0
2018-06-13,17.98,18.0,17.8,17.84,102162.0
2018-06-14,17.81,17.9,17.78,17.81,52984.0
2018-06-15,17.77,18.01,17.77,18.0,52143.0
2018-06-18,18.01,18.01,17.89,17.89,40339.0
2018-06-19,17.9,17.93,17.85,17.91,30039.0
2018-06-20,18.0,18.01,17.92,17.96,52264.0
2018-06-21,17.91,17.91,17.82,17.9,37922.0
2018-06-22,17.97,18.03,17.94,18.03,40660.0
2018-06-25,18.03,18.05,17.86,17.96,33051.0
2018-06-26,17.99,18.1,17.96,18.09,40485.0
2018-06-27,18.15,18.2,18.15,18.19,93701.0
2018-06-28,18.16,18.16,17.89,18.01,80019.0
2018-06-29,18.0,18.04,17.92,18.02,41136.0
2018-07-02,18.09,18.09,17.86,17.89,40302.0
2018-07-03,17.95,17.98,17.89,17.9,22045.0
2018-07-05,17.93,18.0,17.9091,17.96,24695.0
2018-07-06,18.01,18.06,17.96,17.98,41566.0
2018-07-09,17.96,17.99,17.85,17.86,44559.0
2018-07-10,17.84,17.94,17.84,17.86,45639.0
2018-07-11,17.88,17.97,17.82,17.82,40029.0
2018-07-12,17.85,17.93,17.82,17.82,21017.0
2018-07-13,17.87,17.87,17.83,17.83,24645.0
2018-07-16,17.84,18.0,17.83,17.92,40166.0
2018-07-17,17.96,17.98,17.94,17.97,21857.0
2018-07-18,17.91,18.16,17.91,18.0,60674.0
2018-07-19,18.03,18.03,17.95,17.99,23190.0
2018-07-20,17.99,18.15,17.99,18.11,36676.0
2018-07-23,18.02,18.02,17.94,17.99,22866.0
2018-07-24,18.02,18.26,17.87,18.19,54989.0
2018-07-25,18.2,18.2,18.05,18.05,34532.0
2018-07-26,18.09,18.14,18.02,18.13,24761.0
2018-07-27,18.03,18.09,17.98,17.98,39073.0
2018-07-30,17.94,18.0,17.94,17.97,28202.0
2018-07-31,18.04,18.04,17.95,17.95,35197.0
2018-08-01,18.03,18.1,18.03,18.08,40971.0
2018-08-02,18.07,18.12,18.07,18.09,21565.0
2018-08-03,18.14,18.15,18.07,18.08,26427.0
2018-08-06,18.06,18.12,18.05,18.05,23408.0
2018-08-07,18.1,18.27,18.09,18.1,57477.0
2018-08-08,18.13,18.13,18.0,18.0,16741.0
2018-08-09,17.96,18.02,17.96,17.96,24372.0
2018-08-10,17.96,18.08,17.96,17.97,29483.0
2018-08-13,18.02,18.06,18.0,18.03,30529.0
2018-08-14,18.06,18.11,18.05,18.07,19758.0
2018-08-15,18.06,18.18,18.04,18.18,26259.0
2018-08-16,18.26,18.26,18.06,18.06,61470.0
2018-08-17,18.2,18.2,18.13,18.18,28078.0
2018-08-20,18.22,18.22,18.12,18.22,21468.0
2018-08-21,18.21,18.21,18.13,18.13,35292.0
2018-08-22,18.13,18.18,18.08,18.09,30076.0
2018-08-23,18.0,18.13,17.94,17.94,40648.0
2018-08-24,18.02,18.11,17.93,18.05,47126.0
2018-08-27,18.04,18.15,18.0,18.05,53017.0
2018-08-28,18.01,18.13,17.94,18.04,56098.0
2018-08-29,18.1,18.1,17.95,17.95,48101.0
2018-08-30,17.94,17.96,17.82,17.94,52283.0
2018-08-31,17.95,17.98,17.8,17.92,56808.0
2018-09-04,17.98,17.98,17.84,17.9,39829.0
2018-09-05,17.86,17.96,17.86,17.88,36583.0
2018-09-06,17.84,18.01,17.84,18.0,25982.0
2018-09-07,18.0,18.0,17.9,17.9,19122.0
2018-09-10,17.97,18.03,17.97,18.01,22377.0
2018-09-11,18.08,18.09,18.01,18.08,24924.0
2018-09-12,18.1,18.13,18.06,18.06,29556.0
2018-09-13,18.17,18.19,18.13,18.15,12281.0
2018-09-14,18.19,18.19,18.1,18.16,14335.0
2018-09-17,18.16,18.16,18.1,18.15,20566.0
2018-09-18,18.15,18.21,18.13,18.18,54462.0
2018-09-19,18.22,18.22,18.15,18.18,26930.0
2018-09-20,18.11,18.22,18.02,18.04,37867.0
2018-09-21,18.06,18.22,18.06,18.16,32059.0
2018-09-24,18.15,18.28,18.06,18.24,38867.0
2018-09-25,18.24,18.24,18.07,18.16,29815.0
2018-09-26,18.16,18.19,18.02,18.06,50940.0
2018-09-27,18.13,18.17,17.98,18.01,33008.0
2018-09-28,17.95,18.02,17.95,17.99,31827.0
2018-10-01,18.1,18.1,17.9,18.01,56741.0
2018-10-02,18.05,18.05,17.93,18.04,30745.0
2018-10-03,18.06,18.06,17.9,17.9,49399.0
2018-10-04,17.9,17.98,17.79,17.81,83163.0
2018-10-05,17.83,17.88,17.6,17.6,69543.0
2018-10-08,17.64,17.65,17.54,17.54,60373.0
2018-10-09,17.51,17.56,17.39,17.5,67747.0
2018-10-10,17.5,17.5,17.32,17.34,54944.0
2018-10-11,17.3,17.34,16.92,17.23,106663.0
2018-10-12,17.29,18.11,17.22,17.27,62991.0
2018-10-15,17.28,17.38,17.28,17.37,29637.0
2018-10-16,17.34,17.5,17.33,17.37,42928.0
2018-10-17,17.4,17.53,17.33,17.53,60119.0
2018-10-18,17.53,17.54,17.2,17.32,36809.0
2018-10-19,17.32,17.45,17.19,17.45,51069.0
2018-10-22,17.48,17.48,17.27,17.38,43647.0
2018-10-23,17.29,17.35,17.12,17.23,75510.0
2018-10-24,17.31,17.32,17.19,17.25,53819.0
2018-10-25,17.17,17.23,17.17,17.18,33537.0
2018-10-26,17.15,17.19,17.01,17.18,53993.0
2018-10-29,17.18,17.4,17.15,17.17,61129.0
2018-10-30,17.26,17.26,17.02,17.17,62325.0
2018-10-31,17.17,17.49,17.07,17.47,94776.0
2018-11-01,17.5,17.75,17.42,17.69,67071.0
2018-11-02,17.65,17.97,17.51,17.87,56870.0
2018-11-05,17.87,17.87,17.29,17.33,93163.0
2018-11-06,17.26,17.45,17.14,17.37,51586.0
2018-11-07,17.4,17.68,17.27,17.67,51677.0
2018-11-08,17.69,17.8,17.32,17.8,60735.0
2018-11-09,17.8,17.81,17.66,17.75,26787.0
2018-11-12,17.75,17.85,17.61,17.63,83732.0
2018-11-13,17.67,18.05,17.65,17.96,81770.0
2018-11-14,17.96,18.18,17.92,18.11,46291.0
2018-11-15,18.41,18.41,17.93,17.94,46654.0
2018-11-16,18.05,18.05,17.79,17.8,44822.0
2018-11-19,17.9,17.9,17.51,17.78,20305.0
2018-11-20,17.7,17.89,17.56,17.89,61821.0
2018-11-21,17.9,17.9,17.46,17.63,69811.0
2018-11-23,17.73,17.73,17.66,17.68,10247.0
2018-11-26,17.83,17.83,17.41,17.43,37229.0
2018-11-27,17.4,17.5,17.23,17.24,54368.0
2018-11-28,17.18,17.35,17.18,17.24,52536.0
2018-11-29,17.24,17.38,17.23,17.26,58083.0
2018-11-30,17.19,17.26,17.03,17.13,143758.0
2018-12-03,17.31,17.31,17.03,17.08,51579.0
2018-12-04,17.1,17.1,17.01,17.07,42148.0
2018-12-06,17.14,17.3,16.89,17.3,96195.0
2018-12-07,17.2,17.2,16.94,17.04,63956.0
2018-12-10,16.96,17.07,16.96,17.05,75647.0
2018-12-11,17.04,17.04,16.59,16.63,98818.0
2018-12-12,16.59,16.67,16.3,16.35,174976.0
2018-12-13,16.35,16.39,16.08,16.12,210384.0
2018-12-14,16.11,16.25,16.0,16.02,118404.0
2018-12-17,16.0,16.11,15.51,15.55,201865.0
2018-12-18,15.75,15.75,15.4,15.49,215825.0
2018-12-19,15.49,15.68,15.42,15.64,164041.0
2018-12-20,15.28,15.69,15.23,15.26,287269.0
2018-12-21,15.26,15.7,15.1,15.66,270733.0
2018-12-24,15.33,15.56,15.25,15.43,117753.0
2018-12-26,15.38,15.74,15.35,15.73,173380.0
2018-12-27,15.7,15.85,15.7,15.81,144160.0
2018-12-28,15.43,15.6199,15.43,15.59,204900.0
2018-12-31,15.59,15.65,15.22,15.33,240590.0
2019-01-02,15.13,15.67,15.13,15.63,92082.0
2019-01-03,15.75,15.76,15.51,15.58,61566.0
2019-01-04,15.52,15.89,15.52,15.81,139462.0
2019-01-07,15.95,16.11,15.86,16.08,71900.0
2019-01-08,16.16,16.18,15.91,16.09,116645.0
2019-01-09,16.09,16.25,15.94,16.09,160372.0
2019-01-10,16.07,16.08,15.98,16.05,47597.0
2019-01-11,16.01,16.12,15.97,16.11,65080.0
2019-01-14,16.05,16.09,15.99,16.0,28503.0
2019-01-15,16.06,16.06,15.94,16.0,74123.0
2019-01-16,16.11,16.13,16.0,16.08,88795.0
2019-01-17,16.04,16.12,16.0,16.12,54369.0
2019-01-18,16.1,16.17,16.01,16.01,79081.0
2019-01-22,16.01,16.02,15.79,15.83,80450.0
2019-01-23,15.86,16.07,15.83,16.0,78442.0
2019-01-24,16.07,16.08,15.91,16.07,73736.0
2019-01-25,16.07,16.18,15.96,16.1,89162.0
2019-01-28,16.07,16.17,16.03,16.12,66210.0
2019-01-29,16.12,16.29,16.08,16.09,63548.0
2019-01-30,16.22,16.23,16.1,16.2,73836.0
2019-01-31,16.26,16.35,16.23,16.35,52084.0
2019-02-01,16.36,16.5,16.36,16.45,97433.0
2019-02-04,16.49,16.57,16.37,16.55,118100.0
2019-02-05,16.55,16.64,16.42,16.46,73973.0
2019-02-06,16.47,16.62,16.33,16.4,107122.0
2019-02-07,16.45,16.49,16.25,16.29,72367.0
2019-02-08,16.31,16.47,16.2,16.35,71238.0
2019-02-11,16.4,16.65,16.36,16.5,88477.0
2019-02-12,16.54,16.58,16.43,16.51,67726.0
2019-02-13,16.5,16.55,16.44,16.46,90454.0
2019-02-14,16.52,16.57,16.44,16.45,73245.0
2019-02-15,16.57,16.74,16.52,16.7,189490.0
2019-02-19,16.74,16.74,16.57,16.61,85371.0
2019-02-20,16.59,16.75,16.52,16.59,86920.0
2019-02-21,16.66,16.66,16.4,16.5,60933.0
2019-02-22,16.46,16.92,16.46,16.84,177421.0
2019-02-25,16.87,17.03,16.82,16.92,145610.0
2019-02-26,16.93,16.97,16.76,16.94,105463.0
2019-02-27,16.94,16.97,16.78,16.78,60874.0
2019-02-28,16.85,16.9,16.75,16.9,92822.0
2019-03-01,17.04,17.04,16.78,16.85,61875.0
2019-03-04,16.93,16.93,16.73,16.73,46715.0
2019-03-05,16.76,16.82,16.69,16.82,38937.0
2019-03-06,16.89,16.9,16.8,16.9,36774.0
2019-03-07,16.89,16.9,16.79,16.88,41229.0
2019-03-08,16.87,16.9,16.83,16.9,31005.0
2019-03-11,16.9,16.95,16.86,16.86,32787.0
2019-03-12,16.86,16.9,16.75,16.75,35181.0
2019-03-13,16.91,16.91,16.73,16.76,79181.0
2019-03-14,16.79,16.79,16.62,16.64,92196.0
2019-03-15,16.7,16.7,16.58,16.63,55998.0
2019-03-18,16.71,16.71,16.52,16.61,79509.0
2019-03-19,16.7,16.7,16.48,16.56,78996.0
2019-03-20,16.55,16.64,16.5,16.64,103171.0
2019-03-21,16.6,16.62,16.27,16.35,98144.0
2019-03-22,16.4,16.44,16.31,16.38,69884.0
2019-03-25,16.37,16.6,16.34,16.6,42766.0
2019-03-26,16.62,16.67,16.46,16.47,49983.0
2019-03-27,16.45,16.57,16.35,16.35,102527.0
2019-03-28,16.33,16.44,16.32,16.39,74033.0
2019-03-29,16.39,16.42,16.32,16.42,94749.0
2019-04-01,16.42,16.84,16.42,16.73,94434.0
2019-04-02,16.61,16.75,16.61,16.69,73298.0
2019-04-03,16.75,16.77,16.64,16.7,96279.0
2019-04-04,16.68,16.73,16.64,16.7,50236.0
2019-04-05,16.7,16.83,16.69,16.72,34306.0
2019-04-08,16.79,16.89,16.72,16.75,82494.0
2019-04-09,16.83,16.86,16.71,16.76,61401.0
2019-04-10,16.8,17.0,16.8,16.93,75461.0
2019-04-11,17.0,17.0,16.8,16.88,59260.0
2019-04-12,16.96,17.0,16.84,16.87,53375.0
2019-04-15,16.85,16.92,16.8,16.84,34136.0
2019-04-16,16.95,17.03,16.85,17.01,66561.0
2019-04-17,16.99,16.99,16.87,16.92,69600.0
2019-04-18,17.02,17.03,16.93,16.94,38331.0
2019-04-22,16.88,17.06,16.86,17.01,70405.0
2019-04-23,16.94,16.98,16.76,16.76,106551.0
2019-04-24,16.79,16.79,16.57,16.61,103360.0
2019-04-25,16.64,16.64,16.49,16.57,112077.0
2019-04-26,16.63,16.63,16.51,16.56,98022.0
2019-04-29,16.62,16.68,16.55,16.68,111605.0
2019-04-30,16.72,16.74,16.63,16.73,66223.0
2019-05-01,16.84,16.94,16.81,16.85,99914.0
2019-05-02,16.85,16.89,16.72,16.77,54254.0
2019-05-03,16.82,16.94,16.75,16.94,47983.0
2019-05-06,16.91,16.94,16.82,16.9,39448.0
2019-05-07,16.87,16.87,16.69,16.7,60953.0
2019-05-08,16.71,16.84,16.66,16.74,37810.0
2019-05-09,16.77,16.77,16.6,16.72,74902.0
2019-05-10,16.74,16.8,16.68,16.75,82321.0
2019-05-13,16.68,16.75,16.63,16.73,35931.0
2019-05-14,16.75,16.92,16.73,16.9,40486.0
2019-05-15,16.73,16.99,16.73,16.85,34303.0
2019-05-16,16.94,17.0,16.84,16.9,70086.0
2019-05-17,16.9,16.93,16.82,16.83,40310.0
2019-05-20,16.81,16.95,16.81,16.9,30759.0
2019-05-21,16.9,16.92,16.85,16.91,61375.0
2019-05-22,16.72,16.95,16.7,16.72,71907.0
2019-05-23,16.68,16.89,16.58,16.64,78448.0
2019-05-24,16.65,16.72,16.62,16.69,39917.0
2019-05-28,16.79,16.83,16.67,16.74,36266.0
2019-05-29,16.75,16.9,16.69,16.9,81939.0
2019-05-30,16.89,16.9,16.54,16.67,86259.0
2019-05-31,16.67,16.69,16.57,16.6,47268.0
2019-06-03,16.69,16.74,16.44,16.47,34132.0
2019-06-04,16.5,16.8399,16.5,16.76,34434.0
2019-06-05,16.77,16.95,16.65,16.85,55644.0
2019-06-06,16.93,16.93,16.56,16.58,105100.0
2019-06-07,16.67,16.69,16.59,16.65,39480.0
2019-06-10,16.74,16.84,16.61,16.82,78202.0
2019-06-11,16.84,16.88,16.73,16.77,92212.0
2019-06-12,16.76,16.92,16.73,16.92,50018.0
2019-06-13,16.94,16.94,16.66,16.71,74870.0
2019-06-14,16.74,16.79,16.68,16.72,52143.0
2019-06-17,16.77,16.77,16.68,16.71,21726.0
2019-06-18,16.74,16.83,16.67,16.69,46301.0
2019-06-19,16.65,16.8,16.61,16.61,47217.0
2019-06-20,16.64,16.89,16.54,16.89,122252.0
2019-06-21,16.82,16.84,16.69,16.8,39539.0
2019-06-24,16.79,16.85,16.73,16.77,52480.0
2019-06-25,16.8,16.88,16.73,16.76,61853.0
2019-06-26,16.78,16.84,16.69,16.8,36976.0
2019-06-27,16.83,16.83,16.66,16.78,19159.0
2019-06-28,16.83,16.88,16.76,16.88,24548.0
2019-07-01,16.9,17.11,16.82,16.92,69633.0
2019-07-02,17.0,17.0,16.71,16.79,67103.0
2019-07-03,16.76,17.08,16.76,17.08,23942.0
2019-07-05,17.01,17.03,16.74,16.92,33778.0
2019-07-08,16.94,16.94,16.78,16.82,26395.0
2019-07-09,16.88,16.99,16.77,16.83,113094.0
2019-07-10,16.9,17.08,16.89,17.04,46739.0
2019-07-11,17.04,17.24,16.95,17.1,59016.0
2019-07-12,17.21,17.21,17.06,17.19,32074.0
2019-07-15,17.3,17.3,17.09,17.3,38293.0
2019-07-16,17.26,17.39,17.23,17.3,21519.0
2019-07-17,17.39,17.47,17.15,17.2,76409.0
2019-07-18,17.14,17.25,17.12,17.16,18274.0
2019-07-19,17.15,17.25,17.13,17.14,22770.0
2019-07-22,17.14,17.2,16.96,16.96,32766.0
2019-07-23,16.9,17.04,16.83,16.86,36865.0
2019-07-24,16.96,16.99,16.8,16.99,28535.0
2019-07-25,16.97,16.98,16.84,16.85,35948.0
2019-07-26,16.97,16.99,16.82,16.85,47935.0
2019-07-29,16.94,17.05,16.93,17.05,42460.0
2019-07-30,17.05,17.25,17.0,17.25,27877.0
2019-07-31,17.27,17.48,17.26,17.48,67083.0
2019-08-01,17.49,17.49,17.0,17.16,52887.0
2019-08-02,17.13,17.37,17.13,17.34,30185.0
2019-08-05,17.25,17.25,16.9,16.97,46240.0
2019-08-06,17.08,17.26,16.97,17.13,42752.0
2019-08-07,17.1,17.35,17.1,17.35,21366.0
2019-08-08,17.34,17.72,17.25,17.58,38803.0
2019-08-09,17.54,17.54,17.33,17.42,14121.0
2019-08-12,17.39,17.44,17.22,17.28,20832.0
2019-08-13,17.38,17.4,17.09,17.09,26739.0
2019-08-14,17.0,17.01,16.73,16.86,99636.0
2019-08-15,16.87,16.87,16.65,16.65,40145.0
2019-08-16,16.66,16.84,16.66,16.72,27548.0
2019-08-19,16.8,16.87,16.65,16.67,49259.0
2019-08-20,16.67,16.78,16.67,16.69,51116.0
2019-08-21,16.76,16.84,16.67,16.74,49028.0
2019-08-22,16.7,16.72,16.63,16.63,31559.0
2019-08-23,16.62,16.76,16.55,16.58,42384.0
2019-08-26,16.63,16.67,16.47,16.5,56818.0
2019-08-27,16.51,16.56,16.46,16.5,67452.0
2019-08-28,16.45,16.52,16.26,16.27,70822.0
2019-08-29,16.33,16.38,16.31,16.35,70647.0
2019-08-30,16.4,16.43,16.3,16.39,38023.0
2019-09-03,16.39,16.5,16.35,16.41,55303.0
2019-09-04,16.43,16.56,16.42,16.48,46523.0
2019-09-05,16.48,16.54,16.43,16.46,78148.0
2019-09-06,16.46,16.52,16.3,16.3,45035.0
2019-09-09,16.37,16.47,16.3,16.45,46529.0
2019-09-10,16.46,16.5,16.41,16.49,47830.0
2019-09-11,16.51,16.58,16.51,16.58,47416.0
2019-09-12,16.55,16.73,16.52,16.68,89674.0
2019-09-13,16.71,16.71,16.59,16.66,41629.0
2019-09-16,16.69,16.69,16.52,16.61,61763.0
2019-09-17,16.63,16.7,16.55,16.66,46184.0
2019-09-18,16.62,16.67,16.56,16.6,34228.0
2019-09-19,16.65,16.71,16.56,16.58,53888.0
2019-09-20,16.58,16.58,16.38,16.43,40654.0
2019-09-23,16.45,16.58,16.45,16.58,42159.0
2019-09-24,16.7,16.9,16.6,16.9,80081.0
2019-09-25,16.88,16.97,16.81,16.93,38733.0
2019-09-26,16.92,16.92,16.77,16.79,22430.0
2019-09-27,16.77,16.99,16.74,16.82,40919.0
2019-09-30,16.88,17.0,16.81,16.92,40294.0
2019-10-01,16.85,16.87,16.75,16.81,24977.0
2019-10-02,16.79,16.88,16.36,16.69,67979.0
2019-10-03,16.62,16.63,16.51,16.52,22102.0
2019-10-04,16.55,16.62,16.41,16.46,33614.0
2019-10-07,16.53,16.54,16.37,16.49,30684.0
2019-10-08,16.36,16.48,16.28,16.37,42908.0
2019-10-09,16.39,16.74,16.23,16.32,144887.0
2019-10-10,16.33,16.38,16.26,16.28,35994.0
2019-10-11,16.35,16.35,16.23,16.24,29516.0
2019-10-14,16.24,16.31,16.19,16.25,44787.0
2019-10-15,16.26,16.34,16.19,16.2,67446.0
2019-10-16,16.2,16.2,16.1,16.18,48186.0
2019-10-17,16.23,16.3,16.18,16.23,44802.0
2019-10-18,16.33,16.33,16.18,16.25,52062.0
2019-10-21,16.24,16.44,16.23,16.35,54572.0
2019-10-22,16.4,16.5,16.39,16.49,23464.0
2019-10-23,16.44,16.45,16.18,16.19,52167.0
2019-10-24,16.25,16.26,16.13,16.18,42076.0
2019-10-25,16.18,16.19,15.87,16.12,97492.0
2019-10-28,16.05,16.13,15.91,15.98,75073.0
2019-10-29,15.93,15.97,15.79,15.91,86867.0
2019-10-30,15.87,15.89,15.77,15.78,52601.0
2019-10-31,15.87,15.87,15.69,15.72,86823.0
2019-11-01,15.7,15.77,15.62,15.73,72670.0
2019-11-04,15.7,15.94,15.7,15.9,86871.0
2019-11-05,15.98,16.06,15.86,15.94,36570.0
2019-11-06,15.98,16.1,15.98,15.98,53266.0
2019-11-07,15.98,16.06,15.91,15.95,27404.0
2019-11-08,16.05,16.13,15.92,15.96,34342.0
2019-11-11,15.95,16.13,15.95,16.04,39629.0
2019-11-12,16.06,16.2,16.02,16.18,45706.0
2019-11-13,16.21,16.27,16.16,16.22,28505.0
2019-11-14,16.16,16.25,16.08,16.16,32410.0
2019-11-15,16.22,16.38,16.17,16.33,38205.0
2019-11-18,16.22,16.32,16.14,16.29,26876.0
2019-11-19,16.26,16.44,16.23,16.29,31574.0
2019-11-20,16.35,16.42,16.21,16.42,37541.0
2019-11-21,16.17,16.3,16.14,16.2,60968.0
2019-11-22,16.29,16.35,16.12,16.14,25472.0
2019-11-25,16.21,16.29,16.09,16.12,45782.0
2019-11-26,16.19,16.33,16.13,16.15,36856.0
2019-11-27,16.12,16.23,16.09,16.18,22042.0
2019-11-29,16.26,16.26,16.09,16.09,20515.0
2019-12-02,16.1,16.33,16.1,16.33,33242.0
2019-12-03,16.21,16.34,16.02,16.3,73131.0
2019-12-04,16.28,16.28,16.06,16.15,92848.0
2019-12-05,16.15,16.18,16.08,16.18,39105.0
2019-12-06,16.21,16.27,16.2,16.27,45430.0
2019-12-09,16.21,16.35,16.2,16.29,53408.0
2019-12-10,16.24,16.28,16.11,16.13,71673.0
2019-12-11,16.11,16.22,16.07,16.14,75140.0
2019-12-12,16.09,16.15,16.03,16.05,89312.0
2019-12-13,15.98,16.03,15.95,15.98,119450.0
2019-12-16,16.05,16.24,16.01,16.22,140488.0
2019-12-17,16.28,16.43,16.26,16.39,79981.0
2019-12-18,16.41,16.41,16.28,16.33,55163.0
2019-12-19,16.33,16.45,16.3,16.38,50829.0
2019-12-20,16.22,16.35,16.16,16.19,93269.0
2019-12-23,16.19,16.23,16.13,16.16,69023.0
2019-12-24,16.2,16.27,16.19,16.26,38863.0
2019-12-26,16.28,16.29,16.19,16.23,24078.0
2019-12-27,16.23,16.33,16.22,16.31,46957.0
2019-12-30,16.19,16.19,16.06,16.14,77185.0
2019-12-31,16.07,16.16,16.05,16.15,63947.0
2020-01-02,16.17,16.23,16.06,16.14,80925.0
2020-01-03,16.09,16.14,16.07,16.08,47415.0
2020-01-06,16.08,16.14,16.01,16.08,63454.0
2020-01-07,16.07,16.17,16.07,16.13,62319.0
2020-01-08,16.17,16.21,16.1,16.14,67259.0
2020-01-09,16.14,16.21,16.14,16.19,46038.0
2020-01-10,16.19,16.27,16.18,16.26,31492.0
2020-01-13,16.26,16.29,16.2,16.21,73176.0
2020-01-14,16.28,16.29,16.21,16.22,42973.0
2020-01-15,16.19,16.27,16.19,16.26,49922.0
2020-01-16,16.27,16.3,16.24,16.27,49472.0
2020-01-17,16.26,16.26,16.21,16.26,60357.0
2020-01-21,16.28,16.3,16.22,16.24,49341.0
2020-01-22,16.3,16.3,16.23,16.28,62092.0
2020-01-23,16.29,16.3,16.25,16.28,54874.0
2020-01-24,16.3,16.36,16.27,16.28,89628.0
2020-01-27,16.24,16.33,16.23,16.31,94628.0
2020-01-28,16.34,16.36,16.29,16.31,90170.0
2020-01-29,16.3,16.32,16.27,16.27,84996.0
2020-01-30,16.27,16.3,16.27,16.3,48125.0
2020-01-31,16.36,16.36,16.21,16.22,37465.0
2020-02-03,16.24,16.31,16.2,16.27,50371.0
2020-02-04,16.27,16.29,16.21,16.23,49861.0
2020-02-05,16.26,16.28,16.21,16.24,70887.0
2020-02-06,16.26,16.29,16.21,16.23,29024.0
2020-02-07,16.25,16.31,16.23,16.29,86732.0
2020-02-10,16.3,16.35,16.27,16.29,39286.0
2020-02-11,16.3,16.32,16.2,16.22,102131.0
2020-02-12,16.25,16.26,16.17,16.19,101893.0
2020-02-13,16.19,16.22,16.16,16.2,69812.0
2020-02-14,16.22,16.28,16.2,16.28,39983.0
2020-02-18,16.27,16.33,16.26,16.33,73629.0
2020-02-19,16.4,16.4,16.32,16.36,91837.0
2020-02-20,16.28,16.39,16.28,16.29,43144.0
2020-02-21,16.3,16.33,16.26,16.28,68325.0
2020-02-24,16.22,16.3,16.09,16.11,121315.0
2020-02-25,16.15,16.24,15.92,15.97,216067.0
2020-02-26,16.05,16.06,15.93,15.98,77329.0
2020-02-27,15.86,15.94,15.39,15.61,104409.0
2020-02-28,15.4,15.41,14.9,15.3,295389.0
2020-03-02,15.3,15.57,15.28,15.52,146619.0
2020-03-03,15.54,15.75,15.38,15.69,93992.0
2020-03-04,15.74,16.06,15.74,16.0,131386.0
2020-03-05,15.8,15.93,15.43,15.55,107894.0
2020-03-06,15.33,15.54,15.26,15.52,83141.0
2020-03-09,15.02,15.11,13.19,14.29,165750.0
2020-03-10,14.53,14.65,14.31,14.65,111335.0
2020-03-11,14.51,14.51,13.72,14.19,147698.0
2020-03-12,13.13,13.48,11.96,13.02,308920.0
2020-03-13,13.22,13.74,13.13,13.5,161466.0
2020-03-16,12.6,13.19,12.56,12.6,199044.0
2020-03-17,12.6,12.77,12.24,12.6,151975.0
2020-03-18,12.29,12.29,8.94,9.43,285280.0
2020-03-19,9.32,10.73,8.65,10.63,244572.0
2020-03-20,10.51,11.75,10.51,11.44,203184.0
2020-03-23,10.85,11.35,9.77,10.22,178970.0
2020-03-24,10.35,11.09,10.35,10.77,100856.0
2020-03-25,10.8,11.74,10.4,11.31,118386.0
2020-03-26,11.13,11.74,11.13,11.37,151335.0
2020-03-27,10.86,11.22,10.59,10.97,181610.0
2020-03-30,10.76,11.17,10.76,11.07,157466.0
2020-03-31,11.29,11.74,11.08,11.74,186109.0
2020-04-01,11.43,11.44,10.62,10.73,213911.0
2020-04-02,10.36,10.85,10.36,10.76,233078.0
2020-04-03,10.8,10.8,10.43,10.64,203252.0
2020-04-06,10.66,11.11,10.66,10.96,239072.0
2020-04-07,11.12,11.62,11.11,11.35,190627.0
2020-04-08,11.41,12.01,11.41,11.82,316763.0
2020-04-09,12.15,12.83,12.15,12.47,211406.0
2020-04-13,12.29,12.37,11.88,12.04,99153.0
2020-04-14,12.21,12.65,12.2,12.28,102200.0
2020-04-15,11.94,12.24,11.58,11.96,135847.0
2020-04-16,11.89,12.0,11.73,11.87,98847.0
2020-04-17,12.01,12.08,11.72,12.01,152015.0
2020-04-20,11.8,12.01,11.78,11.81,109269.0
2020-04-21,11.63,11.94,10.92,11.92,137569.0
2020-04-22,11.85,12.1,11.83,12.05,116927.0
2020-04-23,11.99,12.15,11.8,12.07,96602.0
2020-04-24,12.06,12.13,11.94,12.02,68623.0
2020-04-27,11.87,12.09,11.87,12.02,83097.0
2020-04-28,12.0,12.04,11.91,11.92,95858.0
2020-04-29,11.93,12.23,11.93,12.03,204858.0
2020-04-30,11.93,12.09,11.9,11.9,154333.0
2020-05-01,11.72,12.1,11.72,12.0,151615.0
2020-05-04,11.99,11.99,11.83,11.85,136860.0
2020-05-05,11.95,12.17,11.89,11.93,223918.0
2020-05-06,12.03,12.13,11.9,11.96,154949.0
2020-05-07,12.08,12.1,11.91,12.06,128466.0
2020-05-08,12.1,12.17,12.05,12.16,85507.0
2020-05-11,12.16,12.27,12.16,12.24,35203.0
2020-05-12,12.32,12.32,12.16,12.23,32244.0
2020-05-13,12.23,12.25,12.05,12.08,83038.0
2020-05-14,11.9,12.21,11.9,12.19,85736.0
2020-05-15,12.03,12.27,12.03,12.12,67482.0
2020-05-18,12.26,12.33,12.23,12.27,59167.0
2020-05-19,12.19,12.51,12.13,12.48,328912.0
2020-05-20,12.48,12.57,12.43,12.45,55760.0
2020-05-21,12.41,12.48,12.31,12.33,30111.0
2020-05-22,12.39,12.39,12.25,12.28,35619.0
2020-05-26,12.4,12.45,12.28,12.31,85374.0
2020-05-27,12.38,12.51,12.31,12.44,72774.0
2020-05-28,12.49,12.57,12.48,12.52,71205.0
2020-05-29,12.58,12.58,12.46,12.5,79589.0
2020-06-01,12.52,12.73,12.52,12.63,66888.0
2020-06-02,12.66,12.87,12.66,12.87,65760.0
2020-06-03,12.9,13.11,12.83,13.06,68152.0
2020-06-04,12.96,13.08,12.93,12.97,92604.0
2020-06-05,13.11,13.44,13.11,13.14,101617.0
2020-06-08,13.21,13.41,13.21,13.29,100102.0
2020-06-09,13.11,13.26,13.11,13.17,65205.0
2020-06-10,13.27,13.27,13.03,13.07,65456.0
2020-06-11,12.9,12.9,12.53,12.63,129030.0
2020-06-12,12.82,12.87,12.76,12.76,81746.0
2020-06-15,12.71,12.79,12.6,12.74,69446.0
2020-06-16,12.96,13.14,12.85,12.85,70417.0
2020-06-17,12.9,12.93,12.83,12.88,35333.0
2020-06-18,12.92,12.92,12.8,12.84,70101.0
2020-06-19,12.88,12.92,12.82,12.82,57443.0
2020-06-22,12.76,12.81,12.75,12.78,86092.0
2020-06-23,12.78,12.85,12.76,12.78,63968.0
2020-06-24,12.83,12.83,12.7,12.76,63333.0
2020-06-25,12.76,12.88,12.71,12.87,57199.0
2020-06-26,12.81,12.99,12.72,12.81,123860.0
2020-06-29,12.8,12.8,12.71,12.74,36486.0
2020-06-30,12.83,12.86,12.74,12.86,36335.0
2020-07-01,12.91,12.91,12.81,12.87,39635.0
2020-07-02,13.0,13.0,12.77,12.81,63842.0
2020-07-06,12.83,12.98,12.74,12.93,77136.0
2020-07-07,12.81,12.89,12.78,12.78,36853.0
2020-07-08,12.77,12.79,12.71,12.72,64373.0
2020-07-09,12.73,12.74,12.62,12.65,72466.0
2020-07-10,12.61,12.76,12.51,12.72,141257.0
2020-07-13,12.76,12.8,12.68,12.69,50202.0
2020-07-14,12.74,12.8,12.72,12.74,62189.0
2020-07-15,12.77,12.93,12.77,12.84,107674.0
2020-07-16,12.81,12.89,12.79,12.87,31688.0
2020-07-17,12.82,12.86,12.79,12.84,33811.0
2020-07-20,12.88,12.94,12.87,12.89,47256.0
2020-07-21,12.97,12.97,12.9,12.96,71806.0
2020-07-22,13.01,13.06,12.87,12.95,126337.0
2020-07-23,12.88,12.88,12.77,12.8,111329.0
2020-07-24,12.8,12.87,12.77,12.77,69250.0
2020-07-27,12.83,12.91,12.81,12.86,78895.0
2020-07-28,12.82,12.92,12.82,12.92,49207.0
2020-07-29,12.92,13.19,12.8997,13.16,86809.0
2020-07-30,13.13,13.1457,13.05,13.13,65121.0
2020-07-31,13.2,13.64,13.09,13.25,74658.0
2020-08-03,13.26,13.34,13.26,13.31,61767.0
2020-08-04,13.33,13.38,13.3194,13.37,29985.0
2020-08-05,13.4,13.46,13.355,13.4,31453.0
2020-08-06,13.42,13.44,13.32,13.38,53157.0
2020-08-07,13.38,13.43,13.36,13.36,16984.0
2020-08-10,13.38,13.45,13.38,13.4,21301.0
2020-08-11,13.41,13.54,12.78,12.78,22441.0
2020-08-12,13.15,13.43,13.12,13.43,71576.0
2020-08-13,13.43,13.52,13.42,13.42,30030.0
2020-08-14,13.44,13.47,13.38,13.47,22061.0
2020-08-17,13.46,13.58,13.46,13.555,48216.0
2020-08-18,13.52,13.58,13.4801,13.52,45046.0
2020-08-19,13.45,13.64,13.45,13.54,43628.0
2020-08-20,13.51,13.89,13.51,13.78,235998.0
2020-08-21,13.64,13.68,13.53,13.67,50409.0
2020-08-24,13.76,13.76,13.62,13.62,23832.0
2020-08-25,13.64,13.65,13.44,13.47,65807.0
2020-08-26,13.51,13.5899,13.32,13.41,47594.0
2020-08-27,13.49,13.51,13.37,13.42,49407.0
2020-08-28,13.33,13.42,13.28,13.28,85851.0
2020-08-31,13.36,13.395,13.3,13.33,69123.0
2020-09-01,13.36,13.45,13.27,13.43,81233.0
2020-09-02,13.54,13.58,13.42,13.52,82168.0
2020-09-03,13.52,13.569,13.4,13.445,44490.0
2020-09-04,13.35,13.45,13.35,13.37,42074.0
2020-09-08,13.3,13.42,13.2,13.42,65275.0
2020-09-09,13.48,13.54,13.4,13.5,22587.0
2020-09-10,13.48,13.65,13.48,13.59,43104.0
2020-09-11,13.59,13.78,13.58,13.72,57214.0
2020-09-14,13.8,13.98,13.7896,13.81,67354.0
2020-09-15,13.85,13.865,13.8,13.8,31218.0
2020-09-16,13.86,13.9,13.79,13.8699,36222.0
2020-09-17,13.83,13.96,13.825,13.96,50763.0
2020-09-18,14.0,14.0,13.91,13.95,30005.0
2020-09-21,13.92,14.08,13.82,13.94,90836.0
2020-09-22,13.9,13.91,13.81,13.83,43510.0
2020-09-23,13.77,13.81,13.57,13.58,56429.0
2020-09-24,13.59,13.66,13.51,13.61,52170.0
2020-09-25,13.54,13.76,13.54,13.76,71929.0
2020-09-28,13.74,13.77,13.68,13.7,29332.0
2020-09-29,13.71,13.71,13.62,13.69,31125.0
2020-09-30,13.75,13.77,13.69,13.76,33727.0
2020-10-01,13.8,13.8,13.66,13.75,33277.0
2020-10-02,13.7,13.81,13.67,13.81,32108.0
2020-10-05,13.82,13.86,13.65,13.86,30213.0
2020-10-06,13.82,13.8852,13.71,13.87,37815.0
2020-10-07,13.76,13.83,13.68,13.72,88485.0
2020-10-08,13.7,13.79,13.7,13.71,31125.0
2020-10-09,13.75,13.78,13.71,13.71,34640.0
2020-10-12,13.79,13.8126,13.74,13.78,32146.0
2020-10-13,13.75,13.8,13.7,13.74,34823.0
2020-10-14,13.72,13.74,13.65,13.66,44865.0
2020-10-15,13.66,13.66,13.52,13.53,32045.0
2020-10-16,13.53,13.59,13.32,13.48,62218.0
2020-10-19,13.59,13.59,13.36,13.4,48194.0
2020-10-20,13.43,13.45,13.28,13.38,95147.0
2020-10-21,13.36,13.44,13.36,13.4,52549.0
2020-10-22,13.29,13.38,13.28,13.35,80540.0
2020-10-23,13.35,13.43,13.32,13.43,42604.0
2020-10-26,13.33,13.35,13.2621,13.35,57613.0
2020-10-27,13.42,13.42,13.31,13.33,38766.0
2020-10-28,13.16,13.26,13.145,13.15,59340.0
2020-10-29,13.08,13.23,13.06,13.21,70877.0
2020-10-30,13.18,13.195,13.09,13.19,73151.0
2020-11-02,13.14,13.26,13.13,13.23,76873.0
2020-11-03,13.24,13.269,13.21,13.22,56606.0
2020-11-04,13.22,13.33,13.2,13.3,92652.0
2020-11-05,13.35,13.5,13.255,13.46,159928.0
2020-11-06,13.47,13.61,13.42,13.58,97229.0
2020-11-09,13.73,13.89,13.705,13.84,110041.0
2020-11-10,13.75,13.94,13.75,13.88,38135.0
2020-11-11,13.94,13.94,13.77,13.81,46234.0
2020-11-12,13.85,13.91,13.8,13.81,55441.0
2020-11-13,13.82,13.96,13.82,13.87,59868.0
2020-11-16,13.9,13.98,13.7902,13.82,47413.0
2020-11-17,13.8,13.92,13.8,13.86,65970.0
2020-11-18,13.93,14.07,13.91,13.93,70696.0
2020-11-19,13.9,13.99,13.8101,13.9,71350.0
2020-11-20,13.85,13.93,13.84,13.88,213664.0
2020-11-23,13.92,13.96,13.9,13.91,34847.0
2020-11-24,13.99,14.0462,13.95,13.99,98379.0
2020-11-25,14.01,14.085,13.95,14.01,66864.0
2020-11-27,13.99,14.17,13.99,14.17,79656.0
2020-11-30,14.2,14.2,14.06,14.15,42793.0
2020-12-01,14.11,14.26,14.04,14.26,78461.0
2020-12-02,14.19,14.34,14.15,14.32,67675.0
2020-12-03,14.27,14.45,14.27,14.43,60035.0
2020-12-04,14.4,14.45,14.3517,14.41,31609.0
2020-12-07,14.38,14.44,14.3,14.37,50699.0
2020-12-08,14.37,14.39,14.23,14.34,51446.0
2020-12-09,14.37,14.39,14.22,14.3,38030.0
2020-12-10,14.26,14.33,14.18,14.21,51687.0
2020-12-11,14.25,14.3729,14.21,14.24,83698.0
2020-12-14,14.31,14.32,14.25,14.3,37039.0
2020-12-15,14.37,14.43,14.337,14.43,232039.0
2020-12-16,14.48,14.49,14.38,14.42,103887.0
2020-12-17,14.42,14.45,14.32,14.35,37338.0
2020-12-18,14.4,14.4,14.26,14.3,63513.0
2020-12-21,14.17,14.29,14.17,14.27,40878.0
2020-12-22,14.28,14.2822,14.09,14.16,48749.0
2020-12-23,14.24,14.27,14.14,14.17,57331.0
2020-12-24,14.27,14.3,14.16,14.24,62483.0
2020-12-28,14.22,14.34,14.22,14.34,48411.0
2020-12-29,14.38,14.38,14.3,14.33,49956.0
2020-12-30,14.18,14.34,14.18,14.28,41194.0
2020-12-31,14.33,14.33,14.21,14.22,53324.0
2021-01-04,14.23,14.28,14.12,14.2,59577.0
2021-01-05,14.2,14.2599,14.175,14.22,65783.0
2021-01-06,14.27,14.37,14.12,14.3,36184.0
2021-01-07,14.4,14.42,14.32,14.39,14160.0
2021-01-08,14.48,14.48,14.42,14.44,19778.0
2021-01-11,14.47,14.49,14.34,14.46,22022.0
2021-01-12,14.49,14.53,14.45,14.49,72684.0
2021-01-13,14.54,14.67,14.5,14.59,55231.0
2021-01-14,14.73,14.73,14.5125,14.71,86912.0
2021-01-15,14.73,14.73,14.53,14.61,51258.0
2021-01-19,14.69,14.77,14.61,14.73,70316.0
2021-01-20,14.8,14.8,14.68,14.74,33523.0
2021-01-21,14.8,14.8,14.7106,14.8,44902.0
2021-01-22,14.81,14.84,14.72,14.78,53602.0
2021-01-25,14.75,14.77,14.66,14.72,34229.0
2021-01-26,14.72,14.744,14.63,14.71,18761.0
2021-01-27,14.68,14.75,14.6,14.62,59230.0
2021-01-28,14.69,14.71,14.62,14.66,59385.0
2021-01-29,14.73,14.73,14.57,14.64,29329.0
2021-02-01,14.72,14.75,14.68,14.74,26418.0
2021-02-02,14.74,14.75,14.71,14.75,40039.0
2021-02-03,14.75,14.82,14.71,14.77,26879.0
2021-02-04,14.83,14.91,14.74,14.8,39042.0
2021-02-05,14.89,14.95,14.82,14.87,56762.0
2021-02-08,14.94,14.98,14.85,14.87,34058.0
2021-02-09,14.88,15.07,14.8511,14.99,45614.0
2021-02-10,15.03,15.08,14.44,14.91,283932.0
2021-02-11,14.94,14.99,14.89,14.95,41928.0
2021-02-12,14.99,15.0207,14.82,14.84,34235.0
2021-02-16,14.91,14.91,14.71,14.74,49241.0
2021-02-17,14.7,14.82,14.7,14.79,64383.0
2021-02-18,14.74,14.84,14.73,14.77,34388.0
2021-02-19,14.85,14.85,14.72,14.79,51689.0
2021-02-22,14.83,14.91,14.72,14.91,45960.0
2021-02-23,14.96,14.98,14.81,14.85,42629.0
2021-02-24,14.86,15.0,14.845,14.91,62948.0
2021-02-25,14.88,14.99,14.69,14.79,66736.0
2021-02-26,14.94,14.9499,14.74,14.84,101102.0
2021-03-01,14.88,15.0,14.85,14.91,42453.0
2021-03-02,14.85,14.91,14.83,14.87,65611.0
2021-03-03,14.87,14.96,14.8,14.83,63168.0
2021-03-04,14.83,14.96,14.75,14.77,63531.0
2021-03-05,14.78,14.89,14.76,14.82,56306.0
2021-03-08,14.93,14.96,14.79,14.9,51932.0
2021-03-09,14.94,15.12,14.85,15.06,54650.0
2021-03-10,15.17,15.23,15.09,15.18,59738.0
2021-03-11,15.26,15.2799,15.15,15.17,68744.0
2021-03-12,15.21,15.24,15.13,15.15,65380.0
2021-03-15,15.11,15.25,15.08,15.22,137622.0
2021-03-16,15.21,15.31,15.1924,15.23,76699.0
2021-03-17,15.23,15.31,15.19,15.22,87936.0
2021-03-18,15.2,15.26,15.16,15.19,99732.0
2021-03-19,15.24,15.25,15.15,15.19,66173.0
2021-03-22,15.31,15.37,15.2205,15.29,121479.0
2021-03-23,15.27,15.32,15.23,15.26,100276.0
2021-03-24,15.33,15.3795,15.25,15.3,48480.0
2021-03-25,15.29,15.33,15.21,15.22,36708.0
2021-03-26,15.3,15.39,15.27,15.35,63330.0
2021-03-29,15.3,15.39,15.3,15.34,60766.0
2021-03-30,15.39,15.55,15.35,15.4,82456.0
2021-03-31,15.5,15.67,15.49,15.56,110164.0
2021-04-01,15.73,15.74,15.4,15.54,83384.0
2021-04-05,15.53,15.68,15.519,15.57,66750.0
2021-04-06,15.62,15.73,15.55,15.72,63547.0
2021-04-07,15.75,15.99,15.74,15.95,116555.0
2021-04-08,16.0,16.2,15.8578,16.16,86318.0
2021-04-09,16.2,16.2,15.89,16.0,70697.0
2021-04-12,15.99,16.14,15.93,15.995,79396.0
2021-04-13,16.08,16.1,15.93,15.99,86715.0
2021-04-14,16.1,16.1,15.92,16.04,57601.0
2021-04-15,16.12,16.12,16.02,16.11,60849.0
2021-04-16,16.11,16.11,15.98,16.0,40645.0
2021-04-19,16.05,16.11,16.011,16.04,41134.0
2021-04-20,16.08,16.1,15.87,15.93,46669.0
2021-04-21,15.96,16.02,15.86,15.88,59017.0
2021-04-22,15.73,15.94,15.73,15.83,40148.0
2021-04-23,15.8,15.9,15.75,15.83,47167.0
2021-04-26,15.83,15.83,15.74,15.77,52770.0
2021-04-27,15.78,15.86,15.72,15.72,61976.0
2021-04-28,15.72,15.84,15.7,15.76,70030.0
2021-04-29,15.76,15.8,15.71,15.76,47691.0
2021-04-30,15.82,15.88,15.72,15.88,41233.0
2021-05-03,16.04,16.08,15.9,16.07,44770.0
2021-05-04,16.09,16.93,16.0,16.93,41876.0
2021-05-05,16.14,16.17,16.0,16.01,41545.0
2021-05-06,16.02,16.02,15.79,15.88,86874.0
2021-05-07,15.96,15.965,15.83,15.91,37433.0
2021-05-10,16.06,16.06,15.79,15.84,48273.0
2021-05-11,15.83,15.87,15.8,15.8399,39083.0
2021-05-12,15.88,16.01,15.77,15.78,41648.0
2021-05-13,15.8,15.8402,15.64,15.76,55193.0
2021-05-14,15.78,15.84,15.65,15.81,42748.0
2021-05-17,15.94,16.1,15.8601,15.98,64159.0
2021-05-18,16.09,16.22,16.0,16.15,60717.0
2021-05-19,16.15,16.29,16.04,16.25,134282.0
2021-05-20,16.24,16.35,16.23,16.33,50256.0
2021-05-21,16.33,16.42,16.25,16.4,59621.0
2021-05-24,16.5,16.5,16.38,16.41,45685.0
2021-05-25,16.45,16.45,16.35,16.38,31862.0
2021-05-26,16.47,16.47,16.35,16.36,31045.0
2021-05-27,16.47,16.47,16.16,16.3,57587.0
2021-05-28,16.41,16.49,16.2601,16.44,49443.0
2021-06-01,16.46,16.49,16.39,16.4,38184.0
2021-06-02,16.48,16.49,16.3901,16.43,56790.0
2021-06-03,16.44,16.5,16.39,16.43,43421.0
2021-06-04,16.48,16.5,16.34,16.38,48100.0
2021-06-07,16.4,16.42,16.33,16.37,39774.0
2021-06-08,16.35,16.35,16.13,16.15,98930.0
2021-06-09,16.2,16.22,16.12,16.15,51794.0
2021-06-10,16.21,16.21,16.13,16.16,38235.0
2021-06-11,16.15,16.32,16.15,16.3,59480.0
2021-06-14,16.3,16.4,16.3,16.38,23848.0
2021-06-15,16.4,16.5,16.32,16.425,32287.0
2021-06-16,16.43,16.47,16.38,16.38,46003.0
2021-06-17,16.41,16.41,16.3,16.33,21453.0
2021-06-18,16.36,16.37,16.26,16.37,24027.0
2021-06-21,16.44,16.44,16.295,16.3,75536.0
2021-06-22,16.26,16.28,16.23,16.28,27127.0
2021-06-23,16.28,16.3,16.24,16.27,45207.0
2021-06-24,16.28,16.3,16.23,16.26,46872.0
2021-06-25,16.27,16.33,16.21,16.25,65124.0
2021-06-28,16.22,16.31,16.21,16.28,48991.0
2021-06-29,16.28,16.32,16.24,16.25,96212.0
2021-06-30,16.28,16.35,16.22,16.35,61559.0
2021-07-01,16.39,16.4599,16.31,16.36,59945.0
2021-07-02,16.4,16.42,16.32,16.37,49529.0
2021-07-06,16.41,16.49,16.345,16.46,44455.0
2021-07-07,16.48,16.5,16.35,16.36,52271.0
2021-07-08,16.4,16.46,16.3001,16.38,30874.0
2021-07-09,16.4,16.4,16.17,16.23,86626.0
2021-07-12,16.28,16.28,16.17,16.21,50578.0
2021-07-13,16.27,16.27,16.2,16.27,39164.0
2021-07-14,16.25,16.315,16.25,16.26,11165.0
2021-07-15,16.3,16.3,16.15,16.2,38067.0
2021-07-16,16.2,16.2,16.06,16.11,34932.0
2021-07-19,16.0,16.0944,15.86,15.96,64949.0
2021-07-20,16.1,16.12,16.0001,16.07,31982.0
2021-07-21,16.07,16.15,16.02,16.02,29941.0
2021-07-22,15.94,16.01,15.83,15.86,57511.0
2021-07-23,15.99,16.0475,15.9,16.0,54961.0
2021-07-26,15.99,16.25,15.86,16.06,42869.0
2021-07-27,16.09,16.26,16.03,16.26,41725.0
2021-07-28,16.22,16.26,16.18,16.2,53188.0
2021-07-29,16.2,16.29,16.18,16.25,32318.0
2021-07-30,16.32,16.32,16.19,16.27,34158.0
2021-08-02,16.27,16.35,16.27,16.3,45938.0
2021-08-03,16.35,16.37,16.3016,16.37,38600.0
2021-08-04,16.45,16.48,16.395,16.41,54595.0
2021-08-05,16.44,16.48,16.39,16.41,19810.0
2021-08-06,16.44,16.5,16.42,16.5,25995.0
2021-08-09,16.6,16.6,16.44,16.46,62920.0
2021-08-10,16.52,16.54,16.28,16.38,48403.0
2021-08-11,16.43,16.6,16.41,16.55,65560.0
2021-08-12,16.57,16.6,16.36,16.42,56740.0
2021-08-13,16.47,16.48,16.3914,16.44,24631.0
2021-08-16,16.51,16.51,16.41,16.46,32399.0
2021-08-17,16.46,16.48,16.34,16.38,27359.0
2021-08-18,16.38,16.45,16.36,16.41,31503.0
2021-08-19,16.41,16.4998,16.29,16.3,28699.0
2021-08-20,16.34,16.44,16.3,16.4,39102.0
2021-08-23,16.4,16.4,16.3,16.33,32448.0
2021-08-24,16.35,16.39,16.26,16.27,39476.0
2021-08-25,16.3,16.3,16.13,16.13,82127.0
2021-08-26,16.12,16.1827,16.02,16.02,42041.0
2021-08-27,16.08,16.16,16.0,16.03,44739.0
2021-08-30,16.03,16.09,16.0,16.09,43282.0
2021-08-31,16.2,16.29,16.15,16.2,57069.0
2021-09-01,16.27,16.37,16.19,16.36,55714.0
2021-09-02,16.36,16.36,16.1898,16.2,39686.0
2021-09-03,16.2,16.2,16.11,16.12,21527.0
2021-09-07,16.14,16.22,16.12,16.19,35648.0
2021-09-08,16.21,16.23,16.13,16.17,26400.0
2021-09-09,16.18,16.24,16.15,16.23,28535.0
2021-09-10,16.25,16.42,16.25,16.37,36229.0
2021-09-13,16.42,16.49,16.4,16.42,30402.0
2021-09-14,16.45,16.489,16.31,16.37,30867.0
2021-09-15,16.43,16.48,16.33,16.37,31408.0
2021-09-16,16.39,16.68,16.26,16.37,67349.0
2021-09-17,16.47,16.64,16.4563,16.52,88935.0
2021-09-20,16.52,16.53,16.09,16.53,78698.0
2021-09-21,16.55,16.55,16.43,16.44,33457.0
2021-09-22,16.44,16.52,16.3561,16.39,70132.0
2021-09-23,16.49,16.49,16.41,16.46,42105.0
2021-09-24,16.54,16.54,16.381,16.45,45443.0
2021-09-27,16.53,16.54,16.37,16.44,50781.0
2021-09-28,16.47,16.55,16.39,16.52,68417.0
2021-09-29,16.54,16.54,16.39,16.52,53447.0
2021-09-30,16.56,16.5649,16.35,16.42,83540.0
2021-10-01,16.48,16.48,16.35,16.35,37609.0
2021-10-04,16.35,16.45,16.32,16.32,23877.0
2021-10-05,16.33,16.39,16.3,16.38,24995.0
2021-10-06,16.38,16.47,16.34,16.41,35050.0
2021-10-07,16.56,16.589,16.4,16.49,38831.0
2021-10-08,16.54,16.54,16.39,16.43,11508.0
2021-10-11,16.5,16.58,16.44,16.54,51672.0
2021-10-12,16.57,16.57,16.4093,16.5,46266.0
2021-10-13,16.54,16.5574,16.48,16.54,32502.0
2021-10-14,16.54,16.65,16.5,16.62,49685.0
2021-10-15,16.7,16.7,16.57,16.61,71009.0
2021-10-18,16.61,17.53,16.61,17.04,301542.0
2021-10-19,17.06,17.06,16.81,16.83,73379.0
2021-10-20,16.88,17.0,16.45,16.54,133632.0
2021-10-21,16.45,16.566,16.44,16.5,32812.0
2021-10-22,16.5,16.57,16.48,16.57,23215.0
2021-10-25,16.56,16.62,16.47,16.49,29671.0
2021-10-26,16.48,16.62,16.47,16.5,41697.0
2021-10-27,16.47,16.64,16.47,16.58,43499.0
2021-10-28,16.57,16.6793,16.51,16.61,35441.0
2021-10-29,16.57,16.6599,16.44,16.48,89152.0
2021-11-01,16.51,16.55,16.44,16.5,49022.0
2021-11-02,16.54,16.56,16.42,16.55,48415.0
2021-11-03,16.56,16.62,16.53,16.53,67745.0
2021-11-04,16.56,16.63,16.38,16.63,46401.0
2021-11-05,16.73,16.9,16.69,16.79,168344.0
2021-11-08,16.87,16.9,16.805,16.87,65359.0
2021-11-09,16.9,16.9,16.7801,16.85,23259.0
2021-11-10,16.9,16.95,16.7712,16.9,32966.0
2021-11-11,16.81,16.85,16.71,16.72,65739.0
2021-11-12,16.65,16.8,16.62,16.65,41398.0
2021-11-15,16.65,16.85,16.65,16.79,33211.0
2021-11-16,16.83,16.9,16.81,16.9,48501.0
2021-11-17,16.9,16.9,16.74,16.77,27801.0
2021-11-18,16.85,16.85,16.59,16.7,66125.0
2021-11-19,16.61,16.6919,16.49,16.54,37509.0
2021-11-22,16.65,16.65,16.42,16.44,63943.0
2021-11-23,16.5,16.57,16.45,16.57,37657.0
2021-11-24,16.66,16.74,16.604,16.68,28200.0
2021-11-26,16.65,16.68,16.5801,16.61,41490.0
2021-11-29,16.61,16.61,16.42,16.46,58679.0
2021-11-30,16.46,16.49,16.37,16.38,46016.0
2021-12-01,16.56,16.56,16.42,16.44,22474.0
2021-12-02,16.44,16.51,16.39,16.42,20833.0
2021-12-03,16.42,16.51,16.36,16.48,25721.0
2021-12-06,16.43,16.46,16.22,16.24,50255.0
2021-12-07,16.35,16.38,16.15,16.31,38996.0
2021-12-08,16.31,16.36,16.27,16.31,18150.0
2021-12-09,16.31,16.37,16.29,16.32,24804.0
2021-12-10,16.24,16.45,16.2,16.44,44926.0
2021-12-13,16.44,16.49,16.43,16.47,29634.0
2021-12-14,16.39,16.5,16.39,16.46,38386.0
2021-12-15,16.54,16.54,16.44,16.52,26780.0
2021-12-16,16.65,16.87,16.5416,16.87,79350.0
2021-12-17,16.88,16.88,16.61,16.66,26759.0
2021-12-20,16.65,16.71,16.56,16.71,21007.0
2021-12-21,16.8,16.9,16.69,16.73,47595.0
2021-12-22,16.76,16.88,16.57,16.57,44768.0
2021-12-23,16.86,16.9,16.65,16.9,35184.0
2021-12-27,16.9,16.95,16.88,16.95,28858.0
2021-12-28,16.96,17.1,16.936,17.04,48103.0
2021-12-29,17.11,17.23,16.96,17.06,35014.0
2021-12-30,16.98,17.0399,16.9406,17.01,33405.0
2021-12-31,17.02,17.34,17.0,17.17,29615.0
2022-01-03,17.11,17.12,16.92,17.04,40317.0
2022-01-04,17.04,17.12,16.76,16.77,51155.0
2022-01-05,16.82,16.82,16.36,16.39,127650.0
2022-01-06,16.39,16.48,16.15,16.26,95897.0
2022-01-07,16.27,16.41,16.27,16.4,24001.0
2022-01-10,16.4,16.47,16.375,16.42,23999.0
2022-01-11,16.42,16.52,16.42,16.5,29357.0
2022-01-12,16.6,16.61,16.52,16.59,30699.0
2022-01-13,16.62,16.64,16.52,16.55,28234.0
2022-01-14,16.58,16.63,16.44,16.44,44656.0
2022-01-18,16.26,16.425,16.1,16.1,127862.0
2022-01-19,16.16,16.309,16.07,16.11,90766.0
2022-01-20,16.12,16.42,16.07,16.08,43067.0
2022-01-21,16.0,16.08,15.92,16.0,73674.0
2022-01-24,15.67,15.92,15.3507,15.52,113645.0
2022-01-25,15.46,15.6864,15.3617,15.58,39982.0
2022-01-26,15.6,15.95,15.6,15.72,34467.0
2022-01-27,15.69,16.01,15.69,15.92,42533.0
2022-01-28,15.92,15.9499,15.78,15.94,41329.0
2022-01-31,16.06,16.4,15.9,16.25,111480.0
2022-02-01,16.36,16.74,16.29,16.47,30122.0
2022-02-02,16.46,16.5437,16.39,16.46,22055.0
2022-02-03,16.35,16.5084,16.35,16.42,33001.0
2022-02-04,16.36,16.495,16.31,16.41,54591.0
2022-02-07,16.32,16.49,16.25,16.27,45833.0
2022-02-08,16.27,16.47,16.27,16.43,31708.0
2022-02-09,16.54,16.56,16.37,16.4,48414.0
2022-02-10,16.28,16.4191,16.2,16.27,38713.0
2022-02-11,16.23,16.2615,16.08,16.08,44933.0
2022-02-14,16.08,16.19,15.75,15.82,24401.0
2022-02-15,15.81,16.11,15.81,16.07,38682.0
2022-02-16,16.11,16.22,16.07,16.15,33959.0
2022-02-17,16.09,16.09,15.91,15.91,12194.0
2022-02-18,15.81,15.96,15.8,15.83,34911.0
2022-02-22,15.85,15.85,15.5,15.51,33898.0
2022-02-23,15.52,15.55,15.26,15.29,38589.0
2022-02-24,15.16,15.24,14.7,15.13,80326.0
2022-02-25,15.12,15.33,15.05,15.33,32720.0
2022-02-28,15.2,15.37,15.2,15.36,56370.0
2022-03-01,15.37,15.3799,15.28,15.36,37960.0
2022-03-02,15.29,15.52,15.29,15.43,23877.0
2022-03-03,15.45,15.5,15.16,15.45,37556.0
2022-03-04,15.35,15.4499,15.12,15.27,63220.0
2022-03-07,15.25,15.255,14.98,15.03,51020.0
2022-03-08,15.01,15.09,14.87,14.97,68732.0
2022-03-09,15.01,15.05,14.95,15.03,51894.0
2022-03-10,14.88,15.0088,14.86,14.89,39588.0
2022-03-11,14.86,14.95,14.64,14.65,51901.0
2022-03-14,14.64,14.685,14.22,14.42,158384.0
2022-03-15,14.38,14.5,14.331,14.44,49013.0
2022-03-16,14.44,14.63,14.42,14.56,49673.0
2022-03-17,14.6,14.74,14.51,14.7,34507.0
2022-03-18,14.62,14.79,14.62,14.74,45578.0
2022-03-21,14.73,14.77,14.68,14.69,51587.0
2022-03-22,14.75,14.85,14.71,14.8,43312.0
2022-03-23,14.72,14.81,14.58,14.58,51236.0
2022-03-24,14.61,14.67,14.54,14.57,70364.0
2022-03-25,14.58,14.59,14.5,14.52,78478.0
2022-03-28,14.52,14.7,14.51,14.67,31827.0
2022-03-29,14.79,14.81,14.74,14.8,56518.0
2022-03-30,14.8,14.93,14.765,14.93,95075.0
2022-03-31,14.97,15.3,14.95,15.28,138574.0
2022-04-01,15.27,15.79,15.17,15.7,166625.0
2022-04-04,15.71,15.82,15.485,15.79,82259.0
2022-04-05,15.64,15.73,15.49,15.57,59458.0
2022-04-06,15.56,15.56,15.28,15.38,21896.0
2022-04-07,15.26,15.46,15.17,15.36,58780.0
2022-04-08,15.39,15.44,15.3,15.38,10143.0
2022-04-11,15.31,15.38,15.07,15.07,36356.0
2022-04-12,15.01,15.2,14.93,14.97,70144.0
2022-04-13,15.0,15.05,14.9701,15.04,32974.0
2022-04-14,14.96,15.075,14.91,14.93,32385.0
2022-04-18,14.89,14.98,14.8706,14.9,18187.0
2022-04-19,14.85,15.07,14.85,15.03,29032.0
2022-04-20,14.95,15.1,14.945,15.04,62845.0
2022-04-21,15.05,15.0684,14.92,14.93,45807.0
2022-04-22,14.91,15.0,14.73,14.85,88387.0
2022-04-25,14.72,14.8,14.63,14.73,40943.0
2022-04-26,14.65,14.75,14.6,14.6,47628.0
2022-04-27,14.61,14.78,14.61,14.75,70267.0
2022-04-28,14.81,14.82,14.6,14.81,42826.0
2022-04-29,14.71,14.79,14.65,14.68,45433.0
2022-05-02,14.68,14.74,14.43,14.45,78588.0
2022-05-03,14.44,14.57,14.42,14.45,37268.0
2022-05-04,14.38,14.7,14.34,14.59,48301.0
2022-05-05,14.49,14.66,14.49,14.54,52160.0
2022-05-06,14.53,14.73,14.47,14.58,26916.0
2022-05-09,14.45,14.5,14.25,14.25,44876.0
2022-05-10,14.27,14.3,13.9,14.09,45383.0
2022-05-11,13.96,14.09,13.76,13.78,47350.0
2022-05-12,13.78,14.15,13.7,13.87,120138.0
2022-05-13,13.87,14.24,13.87,13.98,43895.0
2022-05-16,13.98,14.18,13.8502,13.93,27889.0
2022-05-17,14.03,14.09,13.8,13.92,46336.0
2022-05-18,13.92,14.15,13.87,13.98,44525.0
2022-05-19,13.97,14.09,13.82,13.82,50974.0
2022-05-20,13.75,14.1456,13.75,13.87,20085.0
2022-05-23,13.87,14.0,13.75,13.79,54188.0
2022-05-24,13.75,13.92,13.56,13.61,54325.0
2022-05-25,13.51,13.82,13.42,13.58,84159.0
2022-05-26,13.6,13.85,13.6,13.76,82468.0
2022-05-27,13.81,13.94,13.78,13.92,42516.0
2022-05-31,13.89,14.02,13.75,13.92,105473.0
2022-06-01,13.96,13.99,13.7844,13.81,48085.0
2022-06-02,13.79,13.9508,13.75,13.875,48548.0
2022-06-03,13.73,13.84,13.72,13.79,46900.0
2022-06-06,13.91,13.91,13.78,13.85,27148.0
2022-06-07,13.73,13.98,13.73,13.88,47293.0
2022-06-08,13.84,13.93,13.81,13.9,47691.0
2022-06-09,13.9,13.96,13.83,13.95,36931.0
2022-06-10,13.92,13.98,13.81,13.98,53882.0
2022-06-13,13.8,13.92,13.53,13.55,31500.0
2022-06-14,13.54,13.75,13.5,13.73,46313.0
2022-06-15,13.82,13.98,13.8,13.95,42587.0
2022-06-16,13.83,13.83,13.35,13.39,69025.0
2022-06-17,13.47,13.53,13.42,13.45,15181.0
2022-06-21,13.54,13.63,13.37,13.38,59823.0
2022-06-22,13.31,13.38,13.211,13.38,34365.0
2022-06-23,13.39,13.39,13.3,13.35,20015.0
2022-06-24,13.45,13.47,13.34,13.41,35129.0
2022-06-27,13.4,13.46,13.3,13.35,68979.0
2022-06-28,13.39,13.43,13.285,13.37,34261.0
2022-06-29,13.28,13.3498,13.27,13.27,36728.0
2022-06-30,13.29,13.33,13.13,13.3,50004.0
2022-07-01,13.29,13.43,13.29,13.4,20319.0
2022-07-05,13.28,13.455,13.17,13.3,49778.0
2022-07-06,13.26,13.295,13.14,13.15,50651.0
2022-07-07,13.21,13.2131,13.05,13.13,38490.0
2022-07-08,13.1,13.14,13.01,13.1,47851.0
2022-07-11,13.08,13.08,12.98,13.05,28101.0
2022-07-12,13.07,13.185,13.07,13.08,34104.0
2022-07-13,13.04,13.1461,13.04,13.11,23475.0
2022-07-14,13.02,13.02,12.88,13.0,55215.0
2022-07-15,13.04,13.08,13.02,13.07,59500.0
2022-07-18,13.14,13.14,13.01,13.03,49972.0
2022-07-19,13.04,13.14,13.01,13.12,28799.0
2022-07-20,13.15,13.19,13.03,13.04,122984.0
2022-07-21,12.99,13.23,12.985,13.23,57121.0
2022-07-22,13.25,13.33,13.13,13.19,54613.0
2022-07-25,13.24,13.24,13.1676,13.21,34501.0
2022-07-26,13.16,13.22,13.16,13.21,64276.0
2022-07-27,13.27,13.37,13.23,13.34,37085.0
2022-07-28,13.35,13.53,13.28,13.46,36506.0
2022-07-29,13.5,13.6428,13.4732,13.59,28725.0
2022-08-01,13.47,13.7,13.151,13.41,124361.0
2022-08-02,13.42,13.46,13.36,13.37,49228.0
2022-08-03,13.43,13.615,13.42,13.61,84053.0
2022-08-04,13.57,13.81,13.57,13.69,64464.0
2022-08-05,13.67,13.7835,13.67,13.69,24464.0
2022-08-08,13.76,13.85,13.76,13.79,15485.0
2022-08-09,13.76,13.84,13.76,13.77,30906.0
2022-08-10,13.85,13.94,13.85,13.9,25925.0
2022-08-11,13.95,14.06,13.95,14.01,31036.0
2022-08-12,14.0,14.1306,13.99,14.05,26691.0
2022-08-15,14.01,14.1099,13.97,14.05,45718.0
2022-08-16,14.06,14.1,13.98,14.02,25606.0
2022-08-17,14.04,14.07,13.9074,13.92,31996.0
2022-08-18,13.9,13.981,13.7509,13.94,76441.0
2022-08-19,13.94,13.97,13.89,13.91,26159.0
2022-08-22,13.89,13.92,13.7523,13.79,36190.0
2022-08-23,13.75,13.94,13.7332,13.81,56378.0
2022-08-24,13.85,13.92,13.82,13.85,31444.0
2022-08-25,13.9,13.92,13.79,13.81,15896.0
2022-08-26,13.81,13.81,13.62,13.62,33940.0
2022-08-29,13.63,13.67,13.52,13.53,47629.0
2022-08-30,13.58,13.69,13.45,13.61,83926.0
2022-08-31,13.72,13.72,13.52,13.57,40149.0
2022-09-01,13.52,13.52,13.28,13.36,35371.0
2022-09-02,13.26,13.348,13.21,13.21,122474.0
2022-09-06,13.19,13.32,13.12,13.14,59166.0
2022-09-07,13.12,13.3,13.12,13.25,37638.0
2022-09-08,13.21,13.37,13.21,13.245,19279.0
2022-09-09,13.27,13.385,13.265,13.36,60565.0
2022-09-12,13.39,13.43,13.26,13.32,53175.0
2022-09-13,13.2,13.3,13.13,13.13,57919.0
2022-09-14,13.18,13.31,13.15,13.17,38281.0
2022-09-15,13.16,13.254,13.13,13.15,56110.0
2022-09-16,13.12,13.1201,13.01,13.05,104953.0
2022-09-19,13.01,13.07,13.01,13.05,34071.0
2022-09-20,13.02,13.12,13.02,13.09,45511.0
2022-09-21,13.13,13.19,13.09,13.09,41024.0
2022-09-22,13.01,13.01,12.88,12.9,41941.0
2022-09-23,12.85,12.87,12.73,12.75,63883.0
2022-09-26,12.68,12.764,12.62,12.62,48464.0
2022-09-27,12.62,12.62,12.57,12.595,44019.0
2022-09-28,12.57,12.73,12.57,12.67,58675.0
2022-09-29,12.61,12.65,12.5,12.56,54343.0
2022-09-30,12.57,12.64,12.56,12.56,38143.0
2022-10-03,12.66,12.698,12.5,12.64,31536.0
2022-10-04,12.68,12.85,12.68,12.77,60957.0
2022-10-05,12.73,12.74,12.65,12.65,38597.0
2022-10-06,12.6,12.72,12.6,12.7,40047.0
2022-10-07,12.6,12.7,12.58,12.65,71409.0
2022-10-10,12.67,12.73,12.62,12.62,20514.0
2022-10-11,12.58,12.65,12.48,12.65,82987.0
2022-10-12,12.59,12.66,12.56,12.6,46471.0
2022-10-13,12.48,12.65,12.4,12.61,57645.0
2022-10-14,12.64,12.645,12.445,12.46,59659.0
2022-10-17,12.53,12.595,12.53,12.56,31098.0
2022-10-18,12.66,12.7,12.53,12.61,59142.0
2022-10-19,12.59,12.66,12.58,12.63,34987.0
2022-10-20,12.66,12.73,12.57,12.62,32904.0
2022-10-21,12.42,12.79,12.33,12.63,50389.0
2022-10-24,12.53,12.63,12.44,12.44,47059.0
2022-10-25,12.43,12.47,12.31,12.37,43416.0
2022-10-26,12.35,12.57,12.33,12.39,74724.0
2022-10-27,12.34,12.45,12.31,12.35,101959.0
2022-10-28,12.29,12.65,12.29,12.65,65835.0
2022-10-31,12.55,12.6043,12.46,12.52,57146.0
2022-11-01,12.58,12.59,12.44,12.53,50687.0
2022-11-02,12.45,12.575,12.42,12.52,34384.0
2022-11-03,12.45,12.61,12.41,12.56,55880.0
2022-11-04,12.62,13.02,12.62,12.84,57065.0
2022-11-07,12.81,12.85,12.77,12.8,40302.0
2022-11-08,12.8,12.8,12.7,12.74,26256.0
2022-11-09,12.75,12.75,12.6,12.62,35193.0
2022-11-10,12.79,12.8699,12.78,12.85,19734.0
2022-11-11,12.92,12.92,12.72,12.73,35735.0
2022-11-14,12.66,12.77,12.62,12.66,46052.0
2022-11-15,12.75,12.81,12.74,12.76,36929.0
2022-11-16,12.75,12.83,12.73,12.77,62218.0
2022-11-17,12.73,12.79,12.67,12.7,56303.0
2022-11-18,12.74,12.8087,12.71,12.76,49764.0
2022-11-21,12.67,12.6799,12.63,12.66,52819.0
2022-11-22,12.66,12.79,12.65,12.72,87485.0
2022-11-23,12.72,12.765,12.64,12.65,44321.0
2022-11-25,12.67,12.675,12.64,12.66,13535.0
2022-11-28,12.6,12.73,12.6,12.65,127255.0
2022-11-29,12.65,12.76,12.62,12.72,102047.0
2022-11-30,12.75,12.94,12.68,12.94,90753.0
2022-12-01,12.89,13.02,12.78,12.78,43273.0
2022-12-02,12.73,12.73,12.63,12.65,44859.0
2022-12-05,12.63,12.665,12.62,12.64,56756.0
2022-12-06,12.66,12.66,12.545,12.56,79263.0
2022-12-07,12.51,12.72,12.4701,12.61,70782.0
2022-12-08,12.58,12.6998,12.43,12.51,95037.0
2022-12-09,12.51,12.57,12.47,12.47,53630.0
2022-12-12,12.49,12.54,12.47,12.51,36054.0
2022-12-13,12.67,12.7,12.6,12.65,84950.0
2022-12-14,12.6,12.7,12.57,12.58,92795.0
2022-12-15,12.55,12.7,12.55,12.66,107238.0
2022-12-16,12.62,12.715,12.62,12.65,115275.0
2022-12-19,12.61,12.655,12.45,12.46,100732.0
2022-12-20,12.4,12.55,12.4,12.47,91890.0
2022-12-21,12.44,12.5087,12.42,12.43,61641.0
2022-12-22,12.41,12.45,12.34,12.41,45977.0
2022-12-23,12.45,12.53,12.41,12.48,44154.0
2022-12-27,12.45,12.5,12.3,12.33,108025.0
2022-12-28,12.3,12.35,12.24,12.25,47729.0
2022-12-29,12.31,12.39,12.2568,12.39,67336.0
2022-12-30,12.43,12.5,12.3703,12.43,117007.0
2023-01-03,12.46,12.61,12.46,12.57,97032.0
2023-01-04,12.57,12.65,12.57,12.61,59311.0
2023-01-05,12.54,12.67,12.54,12.59,75948.0
2023-01-06,12.6,12.79,12.6,12.75,78866.0
2023-01-09,12.72,12.88,12.7101,12.81,54884.0
2023-01-10,12.8,12.92,12.8,12.92,50800.0
2023-01-11,12.92,13.01,12.85,13.01,55996.0
2023-01-12,12.96,13.04,12.92,13.01,53504.0
2023-01-13,12.99,13.1,12.96,13.01,46045.0
2023-01-17,12.99,13.05,12.86,12.87,70319.0
2023-01-18,12.98,13.0325,12.87,12.9,60647.0
2023-01-19,12.88,12.94,12.87,12.9,82110.0
2023-01-20,12.9,12.99,12.9,12.92,45780.0
2023-01-23,12.87,12.94,12.8666,12.9,64417.0
2023-01-24,12.89,13.04,12.89,12.925,59495.0
2023-01-25,12.95,12.955,12.89,12.9,39779.0
2023-01-26,12.92,12.95,12.895,12.9,54569.0
2023-01-27,12.9,13.01,12.9,12.92,44513.0
2023-01-30,12.93,13.05,12.93,12.99,26893.0
2023-01-31,13.11,13.18,13.0757,13.15,53490.0
2023-02-01,13.14,13.2113,13.07,13.162,51191.0
2023-02-02,13.2,13.275,13.14,13.19,27587.0
2023-02-03,13.19,13.24,13.15,13.16,38105.0
2023-02-06,13.18,13.24,13.1,13.13,63557.0
2023-02-07,13.16,13.32,13.16,13.29,43159.0
2023-02-08,13.3,13.36,13.21,13.26,41392.0
2023-02-09,13.3,13.3,13.2,13.21,22241.0
2023-02-10,13.2,13.2843,13.18,13.24,21380.0
2023-02-13,13.27,13.33,13.254,13.3,35049.0
2023-02-14,13.31,13.33,13.25,13.32,59137.0
2023-02-15,13.32,13.35,13.23,13.27,34752.0
2023-02-16,13.28,13.3,13.2264,13.25,21427.0
2023-02-17,13.14,13.1487,13.04,13.08,35441.0
2023-02-21,12.94,13.05,12.9,12.9,26650.0
2023-02-22,12.84,12.96,12.84,12.89,49312.0
2023-02-23,12.92,13.0,12.89,12.98,25893.0
2023-02-24,12.97,13.08,12.9278,13.07,35657.0
2023-02-27,13.08,13.15,13.0347,13.15,28502.0
2023-02-28,13.23,13.23,13.08,13.08,50695.0
2023-03-01,13.13,13.15,13.03,13.05,27995.0
2023-03-02,13.04,13.09,13.04,13.09,24773.0
2023-03-03,13.08,13.16,13.056,13.12,35065.0
2023-03-06,13.15,13.1829,13.07,13.1,39251.0
2023-03-07,13.12,13.19,13.05,13.08,43878.0
2023-03-08,13.08,13.11,13.0,13.02,25129.0
2023-03-09,13.06,13.07,12.78,12.78,75312.0
2023-03-10,12.84,12.84,12.56,12.64,106531.0
2023-03-13,12.54,12.55,12.22,12.22,66842.0
2023-03-14,12.59,12.66,12.41,12.5,109817.0
2023-03-15,12.41,12.44,12.31,12.44,65083.0
2023-03-16,12.43,12.57,12.415,12.49,56292.0
2023-03-17,12.42,12.45,12.39,12.39,40011.0
2023-03-20,12.39,12.47,12.37,12.44,36692.0
2023-03-21,12.45,12.67,12.45,12.65,68682.0
2023-03-22,12.68,12.77,12.62,12.69,40371.0
2023-03-23,12.61,12.72,12.56,12.57,49331.0
2023-03-24,12.63,12.65,12.45,12.48,47755.0
2023-03-27,12.56,12.59,12.5127,12.52,36948.0
2023-03-28,12.57,12.59,12.44,12.47,37925.0
2023-03-29,12.53,12.61,12.3501,12.55,31972.0
2023-03-30,12.56,12.71,12.56,12.65,21453.0
2023-03-31,12.66,12.82,12.64,12.675,32890.0
2023-04-03,12.72,12.8,12.64,12.78,19100.0
2023-04-04,12.78,12.78,12.67,12.72,38845.0
2023-04-05,12.75,12.84,12.58,12.71,34518.0
2023-04-06,12.69,12.74,12.63,12.7,15612.0
2023-04-10,12.71,12.74,12.61,12.66,24586.0
2023-04-11,12.73,12.83,12.7,12.78,29966.0
2023-04-12,12.78,12.84,12.69,12.72,24616.0
2023-04-13,12.74,12.84,12.73,12.73,9865.0
2023-04-14,12.7,12.82,12.63,12.68,18811.0
2023-04-17,12.73,12.863,12.67,12.82,49271.0
2023-04-18,12.86,12.86,12.76,12.81,39011.0
2023-04-19,12.75,12.805,12.71,12.75,54279.0
2023-04-20,12.69,12.69,12.61,12.66,23036.0
2023-04-21,12.63,12.6542,12.55,12.6,33581.0
2023-04-24,12.58,12.65,12.54,12.63,33947.0
2023-04-25,12.56,12.57,12.47,12.5,35295.0
2023-04-26,12.43,12.56,12.4013,12.48,36791.0
2023-04-27,12.45,12.58,12.45,12.56,40431.0
2023-04-28,12.63,12.63,12.35,12.58,38699.0
2023-05-01,12.55,12.7384,12.54,12.62,38027.0
2023-05-02,12.58,12.68,12.38,12.48,43597.0
2023-05-03,12.5,12.58,12.45,12.4525,23215.0
2023-05-04,12.47,12.52,12.4114,12.48,18721.0
2023-05-05,12.55,12.67,12.4707,12.54,34702.0
2023-05-08,12.59,12.59,12.48,12.49,17868.0
2023-05-09,12.39,12.57,12.39,12.5,19723.0
2023-05-10,12.63,12.64,12.52,12.56,12765.0
2023-05-11,12.55,12.58,12.48,12.56,25881.0
2023-05-12,12.62,12.62,12.4117,12.5,24286.0
2023-05-15,12.64,12.64,12.42,12.49,39443.0
2023-05-16,12.52,12.54,12.4313,12.5,30269.0
2023-05-17,12.58,12.595,12.4676,12.57,20362.0
2023-05-18,12.58,12.62,12.45,12.51,16750.0
2023-05-19,12.51,12.55,12.4803,12.49,14840.0
2023-05-22,12.45,12.4605,12.38,12.41,11646.0
2023-05-23,12.37,12.52,12.3,12.3,60077.0
2023-05-24,12.35,12.43,12.19,12.23,27441.0
2023-05-25,12.24,12.34,12.19,12.2,37987.0
2023-05-26,12.22,12.33,12.2,12.25,31060.0
2023-05-30,12.27,12.3696,12.22,12.24,51349.0
2023-05-31,12.32,12.36,12.22,12.36,39098.0
2023-06-01,12.32,12.42,12.27,12.33,30256.0
2023-06-02,12.34,12.44,12.31,12.42,29862.0
2023-06-05,12.4,12.41,12.31,12.32,31715.0
2023-06-06,12.33,12.41,12.31,12.38,23842.0
2023-06-07,12.44,12.47,12.4,12.42,23259.0
2023-06-08,12.45,12.45,12.36,12.43,48925.0
2023-06-09,12.39,12.46,12.39,12.45,61479.0
2023-06-12,12.51,12.53,12.35,12.4,116872.0
2023-06-13,12.48,12.48,12.37,12.39,102014.0
2023-06-14,12.37,12.4439,12.26,12.37,171651.0
2023-06-15,12.39,12.4899,12.36,12.44,86386.0
2023-06-16,12.49,12.49,12.32,12.42,115463.0
2023-06-20,12.42,12.48,12.34,12.43,108575.0
2023-06-21,12.46,12.5194,12.41,12.46,68636.0
2023-06-22,12.38,12.5,12.36,12.5,69519.0
2023-06-23,12.5,12.53,12.4745,12.5,51406.0
2023-06-26,12.52,12.62,12.52,12.56,42490.0
2023-06-27,12.61,12.64,12.56,12.64,28716.0
2023-06-28,12.68,12.77,12.62,12.77,36271.0
2023-06-29,12.82,12.82,12.6731,12.78,30970.0
2023-06-30,12.89,12.89,12.75,12.82,49280.0
2023-07-03,12.84,12.89,12.81,12.83,19991.0
2023-07-05,12.83,12.91,12.81,12.84,34010.0
2023-07-06,12.77,12.8609,12.73,12.73,51686.0
2023-07-07,12.8,12.88,12.77,12.8,33793.0
2023-07-10,12.8,12.93,12.8,12.8692,46930.0
2023-07-11,12.87,12.94,12.84,12.94,49879.0
2023-07-12,12.98,13.08,12.9,12.99,65932.0
2023-07-13,13.0,13.04,12.92,13.04,50280.0
2023-07-14,13.01,13.02,12.93,12.99,51812.0
2023-07-17,12.97,13.1099,12.94,13.07,41531.0
2023-07-18,13.04,13.11,12.96,13.03,57409.0
2023-07-19,12.99,13.07,12.99,13.02,41313.0
2023-07-20,13.05,13.05,12.89,13.02,33251.0
2023-07-21,12.91,12.93,12.77,12.93,32495.0
2023-07-24,12.97,13.02,12.86,12.93,51880.0
2023-07-25,12.91,12.98,12.88,12.94,28632.0
2023-07-26,12.91,12.96,12.8701,12.93,18258.0
2023-07-27,12.92,13.03,12.89,12.95,33556.0
2023-07-28,12.95,13.05,12.93,12.97,29796.0
2023-07-31,13.05,13.1099,13.0,13.09,52211.0
2023-08-01,13.03,13.095,13.0201,13.07,32484.0
2023-08-02,13.03,13.08,12.98,13.01,19772.0
2023-08-03,12.99,13.0544,12.93,13.02,18047.0
2023-08-04,13.05,13.23,13.031,13.08,26184.0
2023-08-07,13.13,13.28,13.12,13.27,27695.0
2023-08-08,13.24,13.26,13.1418,13.23,13210.0
2023-08-09,13.21,13.2465,13.1,13.1,24085.0
2023-08-10,13.15,13.23,13.15,13.21,12172.0
2023-08-11,13.17,13.2595,13.15,13.21,21358.0
2023-08-14,13.2,13.36,13.155,13.26,49413.0
2023-08-15,13.29,13.299,13.08,13.14,29288.0
2023-08-16,13.11,13.29,13.11,13.16,24114.0
2023-08-17,13.13,13.2228,13.0713,13.13,33547.0
2023-08-18,13.13,13.16,13.09,13.12,14439.0
2023-08-21,13.14,13.26,13.1,13.2,13583.0
2023-08-22,13.2,13.25,13.11,13.18,38705.0
2023-08-23,13.12,13.29,13.06,13.27,37411.0
2023-08-24,13.3,13.3,13.13,13.19,17621.0
2023-08-25,13.15,13.2,13.04,13.06,59106.0
2023-08-28,13.07,13.1393,13.06,13.08,11027.0
2023-08-29,13.03,13.16,13.03,13.13,29565.0
2023-08-30,13.1,13.19,13.08,13.19,26680.0
2023-08-31,13.23,13.24,13.1,13.11,46424.0
2023-09-01,13.11,13.23,13.1,13.16,67431.0
2023-09-05,13.1,13.1878,13.05,13.12,38729.0
2023-09-06,13.09,13.2,13.08,13.12,31501.0
2023-09-07,13.09,13.18,13.09,13.15,36196.0
2023-09-08,13.17,13.2399,13.14,13.16,16402.0
2023-09-11,13.17,13.22,13.14,13.16,40656.0
2023-09-12,13.19,13.23,13.16,13.18,23428.0
2023-09-13,13.23,13.31,13.208,13.23,66154.0
2023-09-14,13.26,13.31,13.205,13.26,33899.0
2023-09-15,13.21,13.26,13.18,13.23,35019.0
2023-09-18,13.21,13.28,13.2,13.26,27343.0
2023-09-19,13.28,13.37,13.28,13.37,22781.0
2023-09-20,13.38,13.53,13.33,13.39,55640.0
2023-09-21,13.22,13.25,13.14,13.18,55340.0
2023-09-22,13.21,13.355,13.19,13.29,32721.0
2023-09-25,13.29,13.33,13.25,13.31,38904.0
2023-09-26,13.27,13.33,13.155,13.17,20611.0
2023-09-27,13.23,13.29,13.12,13.16,25605.0
2023-09-28,13.16,13.23,13.13,13.21,18520.0
2023-09-29,13.34,13.34,13.22,13.25,44765.0
2023-10-02,13.26,13.26,13.05,13.12,27068.0
2023-10-03,13.03,13.08,12.81,12.89,86066.0
2023-10-04,12.89,12.99,12.81,12.99,59589.0
2023-10-05,12.96,13.17,12.93,13.0,53549.0
2023-10-06,13.01,13.1,12.93,13.1,25823.0
2023-10-09,13.08,13.13,13.0,13.1,39604.0
2023-10-10,13.16,13.19,13.04,13.14,34257.0
2023-10-11,13.15,13.18,13.03,13.04,35865.0
2023-10-12,13.09,13.1,12.98,13.0,64276.0
2023-10-13,13.02,13.15,12.97,13.0,42170.0
2023-10-16,13.02,13.03,12.92,12.93,26196.0
2023-10-17,12.96,13.0,12.82,12.96,36284.0
2023-10-18,12.98,12.98,12.8,12.85,45991.0
2023-10-19,12.85,12.88,12.75,12.75,44654.0
2023-10-20,12.75,12.78,12.7,12.7,34570.0
2023-10-23,12.59,12.72,12.56,12.66,25167.0
2023-10-24,12.65,13.16,12.5837,12.85,122656.0
2023-10-25,12.82,12.82,12.57,12.64,43866.0
2023-10-26,12.67,12.67,12.51,12.53,56170.0
2023-10-27,12.5,12.6,12.5,12.56,38446.0
2023-10-30,12.64,12.65,12.55,12.65,72453.0
2023-10-31,12.73,12.8,12.6862,12.8,57763.0
2023-11-01,12.87,12.98,12.8693,12.94,34044.0
2023-11-02,13.0,13.12,13.0,13.0,79164.0
2023-11-03,13.12,13.1348,12.99,12.99,45184.0
2023-11-06,13.01,13.01,12.835,12.87,38958.0
2023-11-07,12.91,12.9399,12.9004,12.91,25963.0
2023-11-08,12.9,12.98,12.88,12.91,37753.0
2023-11-09,12.89,12.95,12.8618,12.87,35433.0
2023-11-10,12.86,12.94,12.86,12.91,21920.0
2023-11-13,12.91,13.0,12.8767,12.99,27920.0
2023-11-14,13.13,13.13,12.9201,13.04,59176.0
2023-11-15,13.06,13.06,12.92,12.96,48365.0
2023-11-16,13.0,13.02,12.91,12.95,30295.0
2023-11-17,13.07,13.08,12.94,13.04,43606.0
2023-11-20,13.04,13.1,13.015,13.05,22087.0
2023-11-21,12.9,12.99,12.9,12.95,43809.0
2023-11-22,12.96,13.085,12.9107,13.0,29495.0
2023-11-24,13.04,13.11,13.02,13.06,16655.0
2023-11-27,13.04,13.18,12.98,13.02,46743.0
2023-11-28,13.06,13.08,12.99,13.02,56469.0
2023-11-29,13.02,13.09,12.9,12.93,72724.0
2023-11-30,12.99,13.03,12.88,12.99,42924.0
2023-12-01,13.0,13.1,12.97,13.1,56760.0
2023-12-04,13.05,13.12,13.0,13.05,90474.0
2023-12-05,13.05,13.16,13.05,13.16,40253.0
2023-12-06,13.16,13.19,13.08,13.08,18148.0
2023-12-07,13.04,13.33,13.02,13.16,87770.0
2023-12-08,13.11,13.21,13.11,13.11,30042.0
2023-12-11,13.13,13.1899,13.09,13.11,44110.0
2023-12-12,13.11,13.19,13.1,13.16,65840.0
2023-12-13,13.17,13.27,13.145,13.23,62916.0
2023-12-14,13.3,13.4235,13.3,13.39,74411.0
2023-12-15,13.44,13.51,13.38,13.43,108076.0
2023-12-18,13.39,13.5,13.3,13.3,82511.0
2023-12-19,13.36,13.45,13.32,13.38,135513.0
2023-12-20,13.3,13.3334,13.2,13.25,57236.0
2023-12-21,13.3,13.4075,13.26,13.28,47312.0
2023-12-22,13.37,13.4,13.29,13.37,64025.0
2023-12-26,13.38,13.43,13.28,13.335,63362.0
2023-12-27,13.39,13.41,13.26,13.38,103422.0
2023-12-28,13.31,13.3999,13.3,13.34,43658.0
2023-12-29,13.4,13.41,13.33,13.35,58218.0
2024-01-02,13.3,13.43,13.3,13.36,43243.0
2024-01-03,13.39,13.39,13.28,13.29,37626.0
2024-01-04,13.36,13.365,13.27,13.3,36316.0
2024-01-05,13.42,13.42,13.26,13.3,89075.0
2024-01-08,13.37,13.4,13.34,13.39,71471.0
2024-01-09,13.4,13.42,13.3401,13.38,63595.0
2024-01-10,13.36,13.3999,13.31,13.39,57446.0
2024-01-11,13.36,13.41,13.31,13.39,56851.0
2024-01-12,13.37,13.39,13.29,13.36,63784.0
2024-01-16,13.39,13.48,13.39,13.46,40059.0
2024-01-17,13.48,13.5,13.36,13.39,48070.0
2024-01-18,13.43,13.49,13.345,13.42,45489.0
2024-01-19,13.48,13.5,13.36,13.39,23606.0
2024-01-22,13.49,13.51,13.33,13.4,66460.0
2024-01-23,13.44,13.4448,13.37,13.41,29676.0
2024-01-24,13.52,13.53,13.39,13.42,78798.0
2024-01-25,13.43,13.49,13.41,13.45,38078.0
2024-01-26,13.5,13.5,13.4,13.45,31171.0
2024-01-29,13.49,13.52,13.45,13.48,43491.0
2024-01-30,13.49,13.57,13.49,13.52,53404.0
2024-01-31,13.61,13.62,13.5,13.53,44475.0
2024-02-01,13.59,13.6,13.52,13.57,91248.0
2024-02-02,13.59,13.6,13.5,13.56,58280.0
2024-02-05,13.6,13.6,13.5133,13.57,74092.0
2024-02-06,13.62,13.668,13.5599,13.62,60642.0
2024-02-07,13.67,13.67,13.599,13.63,47091.0
2024-02-08,13.65,13.66,13.54,13.58,49143.0
2024-02-09,13.58,13.5871,13.53,13.58,47612.0
2024-02-12,13.6,13.73,13.59,13.72,345824.0
2024-02-13,13.7,13.76,13.61,13.72,172998.0
2024-02-14,13.78,13.9,13.78,13.9,130778.0
2024-02-15,13.93,13.99,13.88,13.92,159972.0
2024-02-16,13.91,14.0,13.83,13.93,197011.0
2024-02-20,13.88,13.96,13.86,13.96,101237.0
2024-02-21,13.88,13.99,13.875,13.99,68563.0
2024-02-22,14.04,14.04,13.99,14.03,63127.0
2024-02-23,14.12,14.16,14.0007,14.04,68323.0
2024-02-26,14.04,14.075,13.95,13.96,130353.0
2024-02-27,14.02,14.07,13.98,14.02,79178.0
2024-02-28,14.02,14.07,14.001,14.07,45431.0
2024-02-29,14.15,14.24,14.11,14.21,80667.0
2024-03-01,14.25,14.3,14.235,14.26,120249.0
2024-03-04,14.37,14.37,14.14,14.17,121650.0
2024-03-05,14.19,14.2,14.12,14.14,31696.0
2024-03-06,14.2,14.23,14.17,14.21,62879.0
2024-03-07,14.22,14.31,14.22,14.27,68903.0
2024-03-08,14.23,14.26,14.18,14.26,62102.0
2024-03-11,14.24,14.31,14.22,14.3,36307.0
2024-03-12,14.27,14.39,14.27,14.38,35430.0
2024-03-13,14.38,14.52,14.38,14.5,57755.0
2024-03-14,14.5,14.56,14.25,14.251,104711.0
2024-03-15,14.37,14.42,14.3,14.41,72518.0
2024-03-18,14.43,14.4798,14.37,14.4,27500.0
2024-03-19,14.4,14.5,14.4,14.5,58487.0
2024-03-20,14.37,14.4392,14.3607,14.42,53235.0
2024-03-21,14.37,14.51,14.37,14.4,35713.0
2024-03-22,14.43,14.43,14.28,14.29,31778.0
2024-03-25,14.29,14.33,14.25,14.25,28427.0
2024-03-26,14.3,14.33,14.25,14.25,70760.0
2024-03-27,14.35,14.35,14.27,14.29,59716.0
2024-03-28,14.32,14.35,14.285,14.33,50740.0
2024-04-01,14.35,14.4,14.32,14.33,58876.0
2024-04-02,14.32,14.32,14.23,14.25,51454.0
2024-04-03,14.22,14.26,14.13,14.15,105722.0
2024-04-04,14.18,14.25,14.1,14.11,51142.0
2024-04-05,14.14,14.148,14.1,14.13,46503.0
2024-04-08,14.11,14.2,14.11,14.18,58496.0
2024-04-09,14.16,14.21,14.13,14.13,56603.0
2024-04-10,14.15,14.21,14.09,14.178,82227.0
2024-04-11,14.17,14.19,14.16,14.16,17560.0
2024-04-12,14.16,14.2,14.08,14.09,59194.0
2024-04-15,14.09,14.21,14.06,14.16,152032.0
2024-04-16,14.14,14.18,14.09,14.17,34401.0
2024-04-17,14.15,14.23,14.15,14.226,30028.0
2024-04-18,14.25,14.33,14.18,14.28,63583.0
2024-04-19,14.25,14.31,14.23,14.288,54747.0
2024-04-22,14.24,14.29,14.22,14.29,32583.0
2024-04-23,14.3013,14.35,14.3013,14.33,38518.0
2024-04-24,14.35,14.36,14.15,14.294,54383.0
2024-04-25,14.26,14.26,14.09,14.13,58674.0
2024-04-26,14.12,14.165,14.08,14.1092,71935.0
2024-04-29,14.11,14.15,14.0,14.14,68431.0
2024-04-30,14.18,14.18,14.0,14.106,87294.0
2024-05-01,14.09,14.19,14.02,14.11,143588.0
2024-05-02,14.08,14.1256,13.99,14.1,68938.0
2024-05-03,14.11,14.17,14.04,14.17,51013.0
2024-05-06,14.23,14.23,14.09,14.14,40327.0
2024-05-07,14.12,14.28,14.12,14.2,35886.0
2024-05-08,14.25,14.31,14.2349,14.27,44692.0
2024-05-09,14.29,14.31,14.21,14.22,36295.0
2024-05-10,14.25,14.27,14.2301,14.26,20628.0
2024-05-13,14.23,14.28,14.23,14.26,12090.0
2024-05-14,14.28,14.37,14.1991,14.345,34679.0
2024-05-15,14.45,14.45,14.3299,14.4,32775.0
2024-05-16,14.47,14.47,14.35,14.37,23898.0
2024-05-17,14.43,14.43,14.35,14.39,28550.0
2024-05-20,14.37,14.3803,14.2998,14.3199,49499.0
2024-05-21,14.36,14.36,14.32,14.34,20601.0
2024-05-22,14.26,14.3,14.15,14.18,44116.0
2024-05-23,14.18,14.18,14.07,14.13,46780.0
2024-05-24,14.1,14.23,14.05,14.11,86847.0
2024-05-28,14.11,14.146,13.99,14.01,33336.0
2024-05-29,14.01,14.0499,13.88,13.93,47853.0
2024-05-30,13.98,14.04,13.91,13.95,36817.0
2024-05-31,14.04,14.12,13.97,14.11,49111.0
2024-06-03,14.07,14.14,13.96,13.99,59738.0
2024-06-04,13.98,14.05,13.92,13.99,31497.0
2024-06-05,13.98,14.03,13.92,14.03,51202.0
2024-06-06,13.99,14.1,13.98,14.06,34028.0
2024-06-07,14.04,14.33,14.01,14.15,79578.0
2024-06-10,14.18,14.18,14.06,14.085,41184.0
2024-06-11,14.07,14.1772,14.05,14.1772,33757.0
2024-06-12,14.22,14.2983,14.14,14.16,34052.0
2024-06-13,14.21,14.235,14.1101,14.13,36953.0
2024-06-14,14.11,14.11,14.05,14.05,26666.0
2024-06-17,14.02,14.1722,13.9993,13.9993,71123.0
2024-06-18,14.02,14.0414,13.9609,14.0,45012.0
2024-06-20,13.98,14.0633,13.91,13.93,41931.0
2024-06-21,13.83,13.89,13.81,13.86,23306.0
2024-06-24,13.82,13.8936,13.7471,13.75,83328.0
2024-06-25,13.77,13.89,13.77,13.85,70710.0
2024-06-26,13.9,13.95,13.81,13.95,47988.0
2024-06-27,13.9,14.0,13.9,14.0,41869.0
2024-06-28,14.12,14.18,14.01,14.01,59980.0
2024-07-01,14.08,14.14,14.06,14.14,45840.0
2024-07-02,14.12,14.2,14.1057,14.2,53723.0
2024-07-03,14.2,14.2299,14.1862,14.21,4584.0
2024-07-05,14.19,14.2386,14.11,14.1418,12954.0
2024-07-08,14.26,14.26,14.2,14.25,54702.0
2024-07-09,14.3,14.35,14.23,14.32,47175.0
2024-07-10,14.4,14.4,14.21,14.28,55480.0
2024-07-11,14.3,14.3,14.205,14.24,35721.0
2024-07-12,14.23,14.2919,14.18,14.2301,26096.0
2024-07-15,14.22,14.29,14.1,14.22,38014.0
2024-07-16,14.2,14.31,14.1,14.11,52813.0
2024-07-17,14.14,14.22,14.07,14.1,33620.0
2024-07-18,14.11,14.17,14.05,14.09,18726.0
2024-07-19,14.05,14.115,13.96,13.98,38814.0
2024-07-22,13.98,14.08,13.89,14.05,20504.0
2024-07-23,13.99,14.06,13.97,14.02,115813.0
2024-07-24,13.91,13.97,13.85,13.95,55090.0
2024-07-25,13.95,14.01,13.92,14.01,56408.0
2024-07-26,14.06,14.1,13.9721,14.04,33304.0
2024-07-29,14.09,14.3,13.98,14.23,103619.0
2024-07-30,14.23,14.4,14.23,14.27,54452.0
2024-07-31,14.39,14.39,14.29,14.29,54710.0
2024-08-01,14.36,14.45,14.31,14.32,52884.0
2024-08-02,14.25,14.36,14.05,14.14,77971.0
2024-08-05,13.92,13.99,13.795,13.84,70452.0
2024-08-06,13.84,13.91,13.76,13.82,85474.0
2024-08-07,13.89,14.03,13.86,13.89,31027.0
2024-08-08,13.92,14.04,13.9,13.98,45601.0
2024-08-09,13.94,14.15,13.94,14.08,39566.0
2024-08-12,14.16,14.1899,13.99,14.08,41759.0
2024-08-13,14.09,14.18,14.04,14.1,16764.0
2024-08-14,14.07,14.1699,14.03,14.1,23990.0
2024-08-15,14.1,14.22,14.1,14.16,18942.0
2024-08-16,14.16,14.26,14.16,14.24,37871.0
2024-08-19,14.23,14.38,14.194,14.27,36106.0
2024-08-20,14.27,14.375,14.21,14.27,17114.0
2024-08-21,14.21,14.4,14.21,14.32,33083.0
2024-08-22,14.37,14.4699,14.3333,14.38,24529.0
2024-08-23,14.27,14.34,14.27,14.32,13872.0
2024-08-26,14.41,14.47,14.3101,14.3301,85085.0
2024-08-27,14.39,14.42,14.29,14.32,40770.0
2024-08-28,14.37,14.37,14.11,14.17,70505.0
2024-08-29,14.17,14.32,14.12,14.29,56793.0
2024-08-30,14.3,14.42,14.28,14.28,55830.0
2024-09-03,14.26,14.39,14.25,14.34,30323.0
2024-09-04,14.28,14.43,14.22,14.26,30900.0
2024-09-05,14.23,14.32,14.1901,14.23,54891.0
2024-09-06,14.22,14.28,14.17,14.2,45577.0
2024-09-09,14.21,14.3,14.21,14.28,35044.0
2024-09-10,14.31,14.35,14.24,14.28,22227.0
2024-09-11,14.28,14.3319,14.2,14.29,50857.0
2024-09-12,14.35,14.38,14.25,14.25,31428.0
2024-09-13,14.3,14.34,14.19,14.21,79591.0
2024-09-16,14.21,14.309,14.17,14.18,51977.0
2024-09-17,14.21,14.32,14.17,14.23,72694.0
2024-09-18,14.27,14.29,14.17,14.26,39615.0
2024-09-19,14.32,14.3599,14.2227,14.31,37991.0
2024-09-20,14.31,14.459,14.31,14.39,48054.0
2024-09-23,14.29,14.365,14.09,14.13,107645.0
2024-09-24,14.17,14.18,14.02,14.11,62184.0
2024-09-25,14.15,14.18,14.03,14.12,52229.0
2024-09-26,14.12,14.16,14.03,14.04,56647.0
2024-09-27,14.05,14.16,14.0,14.11,65251.0
2024-09-30,14.12,14.13,14.04,14.12,82124.0
2024-10-01,14.16,14.16,14.0,14.04,98291.0
2024-10-02,14.06,14.08,13.96,14.06,45647.0
2024-10-03,14.01,14.1,13.96,14.08,66767.0
2024-10-04,14.17,14.186,14.1,14.17,56695.0
2024-10-07,14.23,14.33,14.1001,14.16,103189.0
2024-10-08,14.19,14.24,14.1404,14.19,89224.0
2024-10-09,14.19,14.2395,14.16,14.17,51064.0
2024-10-10,14.21,14.24,14.18,14.19,44360.0
2024-10-11,14.2,14.2299,14.15,14.16,53810.0
2024-10-14,14.18,14.24,14.17,14.19,29523.0
2024-10-15,14.26,14.27,14.19,14.25,92366.0
2024-10-16,14.25,14.27,14.16,14.203,56036.0
2024-10-17,14.27,14.27,14.15,14.23,26888.0
2024-10-18,14.24,14.27,14.13,14.21,60859.0
2024-10-21,14.21,14.24,14.15,14.21,41542.0
2024-10-22,14.17,14.3,14.17,14.277,61011.0
2024-10-23,14.28,14.29,14.19,14.21,50918.0
2024-10-24,14.18,14.18,14.04,14.053,41522.0
2024-10-25,14.12,14.15,14.01,14.08,62723.0
2024-10-28,14.17,14.17,14.05,14.08,53797.0
2024-10-29,14.07,14.1296,14.05,14.09,39803.0
2024-10-30,14.14,14.16,14.09,14.15,47137.0
2024-10-31,14.17,14.23,14.15,14.18,68941.0
2024-11-01,14.18,14.24,14.18,14.18,41857.0
2024-11-04,14.18,14.2325,14.1091,14.18,57633.0
2024-11-05,14.22,14.2369,14.11,14.17,27259.0
2024-11-06,14.3,14.3,14.1583,14.18,28098.0
2024-11-07,14.19,14.355,14.18,14.33,80696.0
2024-11-08,14.33,14.44,14.315,14.42,79648.0
2024-11-11,14.42,14.43,14.35,14.41,57406.0
2024-11-12,14.42,14.43,14.27,14.28,45686.0
2024-11-13,14.36,14.36,14.18,14.19,89144.0
2024-11-14,14.18,14.27,14.14,14.15,40773.0
2024-11-15,14.17,14.38,14.1501,14.36,66120.0
2024-11-18,14.37,14.52,14.3669,14.49,82637.0
2024-11-19,14.5,14.59,14.3759,14.59,76681.0
2024-11-20,14.6,14.6,14.4901,14.55,68631.0
2024-11-21,14.44,14.525,14.4101,14.42,43527.0
2024-11-22,14.42,14.58,14.42,14.58,34051.0
2024-11-25,14.58,14.6,14.42,14.4698,73257.0
2024-11-26,14.48,14.51,14.4549,14.47,24861.0
2024-11-27,14.45,14.63,14.45,14.61,64747.0
2024-11-29,14.68,14.7,14.6,14.65,43457.0
2024-12-02,14.67,14.76,14.62,14.76,64117.0
2024-12-03,14.8,14.8355,14.73,14.73,59060.0
2024-12-04,14.74,14.839,14.63,14.66,48577.0
2024-12-05,14.66,14.69,14.6,14.615,30001.0
2024-12-06,14.62,14.69,14.6,14.62,103647.0
2024-12-09,14.59,14.62,14.53,14.62,80653.0
2024-12-10,14.62,14.67,14.56,14.56,48728.0
2024-12-11,14.56,14.6388,14.51,14.6,31310.0
2024-12-12,14.59,14.61,14.51,14.53,54601.0
2024-12-13,14.62,14.62,14.56,14.6,44832.0
2024-12-16,14.65,14.65,14.5,14.525,54433.0
2024-12-17,14.5,14.5,14.41,14.43,65411.0
2024-12-18,14.49,14.54,14.265,14.265,85371.0
2024-12-19,14.35,14.36,14.25,14.25,79089.0
2024-12-20,14.34,14.56,14.3,14.51,69452.0
2024-12-23,14.41,14.585,14.36,14.54,56310.0
2024-12-24,14.54,14.55,14.5072,14.55,12428.0
2024-12-26,14.64,14.67,14.53,14.6,37597.0
2024-12-27,14.58,14.6408,14.4159,14.46,24474.0
2024-12-30,14.45,14.55,14.4001,14.51,37411.0
2024-12-31,14.55,14.55,14.28,14.34,62870.0
2025-01-02,14.38,14.46,14.31,14.4,34036.0
2025-01-03,14.47,14.53,14.28,14.36,74336.0
2025-01-06,14.36,14.45,14.35,14.35,35804.0
2025-01-07,14.4,14.42,14.3,14.31,40226.0
2025-01-08,14.31,14.32,14.25,14.3,160414.0
2025-01-10,14.25,14.29,14.17,14.26,76437.0
2025-01-13,14.23,14.43,14.2,14.33,70606.0
2025-01-14,14.33,14.41,14.28,14.29,38339.0
2025-01-15,14.35,14.35,14.28,14.28,90219.0
2025-01-16,14.32,14.3252,14.25,14.25,33379.0
2025-01-17,14.26,14.3117,14.23,14.26,29531.0
2025-01-21,14.55,14.55,14.26,14.31,73853.0
2025-01-22,14.44,14.44,14.2821,14.37,74410.0
2025-01-23,14.35,14.4,14.32,14.36,30871.0
2025-01-24,14.38,14.38,14.31,14.34,28737.0
2025-01-27,14.32,14.42,14.2,14.25,35751.0
2025-01-28,14.26,14.3,14.25,14.3,15843.0
2025-01-29,14.28,14.4,14.25,14.28,38359.0
2025-01-30,14.35,14.54,14.3493,14.53,42287.0
2025-01-31,14.59,14.65,14.46,14.6,51043.0
2025-02-03,14.59,14.64,14.54,14.63,38263.0
2025-02-04,14.65,14.68,14.59,14.64,27015.0
2025-02-05,14.67,14.68,14.6,14.62,33444.0
2025-02-06,14.66,14.67,14.54,14.57,43053.0
2025-02-07,14.59,14.59,14.5,14.567,18005.0
2025-02-10,14.61,14.6144,14.5,14.53,23975.0
2025-02-11,14.57,14.58,14.555,14.57,34625.0
2025-02-12,14.6,14.61,14.5102,14.55,36696.0
2025-02-13,14.61,14.62,14.41,14.45,62399.0
2025-02-14,14.52,14.54,14.41,14.44,40298.0
2025-02-18,14.47,14.48,14.39,14.41,65498.0
2025-02-19,14.41,14.43,14.33,14.375,89370.0
2025-02-20,14.4,14.42,14.34,14.36,23417.0
2025-02-21,14.31,14.38,14.15,14.18,156332.0
2025-02-24,14.21,14.23,14.09,14.18,81133.0
2025-02-25,14.24,14.24,14.1,14.15,96931.0
2025-02-26,14.13,14.18,14.05,14.055,74072.0
2025-02-27,14.08,14.16,14.01,14.03,143317.0
2025-02-28,14.09,14.13,14.01,14.13,163471.0
2025-03-03,14.13,14.19,14.07,14.14,54688.0
2025-03-04,14.08,14.13,14.03,14.13,130753.0
2025-03-05,14.08,14.16,14.08,14.13,70997.0
2025-03-06,14.12,14.15,14.0501,14.1,52422.0
2025-03-07,14.1,14.1619,14.1,14.15,26238.0
2025-03-10,14.11,14.14,14.07,14.1,62401.0
2025-03-11,14.1,14.12,14.03,14.1,75847.0
2025-03-12,14.17,14.17,14.05,14.1,39568.0
2025-03-13,14.1,14.1546,14.0707,14.1,22349.0
2025-03-14,14.15,14.2,14.1001,14.13,22011.0
2025-03-17,14.18,14.18,14.07,14.15,45307.0
2025-03-18,14.14,14.14,14.08,14.1,55008.0
2025-03-19,14.09,14.13,14.09,14.1,27893.0
2025-03-20,14.13,14.1355,14.09,14.1,22183.0
2025-03-21,14.11,14.14,14.085,14.11,79752.0
2025-03-24,14.03,14.13,14.03,14.1,72031.0
2025-03-25,14.14,14.23,14.11,14.15,26294.0
2025-03-26,14.16,14.16,14.09,14.15,17799.0
2025-03-27,14.15,14.16,14.07,14.16,26249.0
2025-03-28,14.19,14.24,14.1,14.21,41043.0
2025-03-31,14.26,14.27,14.11,14.13,62954.0
2025-04-01,14.16,14.1654,14.05,14.11,27255.0
2025-04-02,14.07,14.14,14.0399,14.12,56230.0
2025-04-03,14.03,14.11,14.0,14.05,96014.0
2025-04-04,13.85,14.09,13.51,13.98,377728.0
2025-04-07,13.66,14.0,13.51,13.75,89791.0
2025-04-08,13.85,13.9941,13.675,13.7,21933.0
2025-04-09,13.73,14.24,13.47,14.19,90590.0
2025-04-10,14.15,14.15,13.69,13.81,34595.0
2025-04-11,13.75,13.9,13.614,13.75,39240.0
2025-04-14,13.78,13.94,13.76,13.78,24592.0
2025-04-15,13.79,14.09,13.79,13.92,36446.0
2025-04-16,13.87,14.0343,13.73,13.7607,12660.0
2025-04-17,13.8,13.94,13.8,13.88,45378.0
2025-04-21,13.87,13.8955,13.72,13.81,43825.0
2025-04-22,13.88,13.96,13.78,13.85,30282.0
2025-04-23,13.85,14.04,13.8,14.01,34116.0
2025-04-24,14.09,14.14,13.89,13.93,26232.0
2025-04-25,14.05,14.05,13.9506,14.02,21093.0
2025-04-28,14.1,14.11,13.9806,14.06,19074.0
2025-04-29,14.01,14.11,13.97,14.07,32343.0
2025-04-30,14.09,14.13,14.0201,14.1,29354.0
2025-05-01,14.1,14.14,14.09,14.09,14354.0
2025-05-02,14.13,14.1497,14.09,14.11,29438.0
2025-05-05,14.03,14.2,14.03,14.15,34165.0
2025-05-06,14.15,14.18,14.03,14.1,54699.0
2025-05-07,14.06,14.17,14.06,14.11,11923.0
2025-05-08,14.14,14.24,14.06,14.13,49019.0
2025-05-09,14.1,14.23,14.1,14.13,13779.0
2025-05-12,14.15,14.238,14.15,14.15,30643.0
2025-05-13,14.15,14.24,14.15,14.16,41651.0
2025-05-14,14.14,14.25,14.14,14.19,29782.0
2025-05-15,14.19,14.27,14.17,14.26,37343.0
2025-05-16,14.23,14.3,14.22,14.25,32327.0
2025-05-19,14.19,14.25,14.18,14.19,26430.0
2025-05-20,14.15,14.23,14.14,14.18,44378.0
2025-05-21,14.13,14.21,14.1,14.13,17907.0
2025-05-22,14.09,14.11,14.0055,14.07,23579.0
2025-05-23,14.01,14.2,14.01,14.085,15533.0
2025-05-27,14.08,14.1699,14.05,14.05,50292.0
2025-05-28,14.06,14.11,14.055,14.07,45474.0
2025-05-29,14.07,14.1449,14.06,14.12,21706.0
2025-05-30,14.18,14.19,14.09,14.09,57632.0
2025-06-02,14.1,14.2286,14.0829,14.15,23909.0
2025-06-03,14.13,14.23,14.13,14.18,31742.0
2025-06-04,14.19,14.1948,14.11,14.145,14266.0
2025-06-05,14.12,14.25,14.111,14.2,25940.0
2025-06-06,14.17,14.23,14.14,14.14,22480.0
2025-06-09,14.13,14.2261,14.12,14.15,36769.0
2025-06-10,14.15,14.17,14.078,14.12,44177.0
2025-06-11,14.11,14.18,14.11,14.16,17055.0
2025-06-12,14.12,14.23,14.12,14.21,21641.0
2025-06-13,14.13,14.25,14.13,14.19,32300.0
2025-06-16,14.18,14.24,14.168,14.2,9763.0
2025-06-17,14.17,14.23,14.15,14.175,10056.0
2025-06-18,14.16,14.18,14.14,14.1638,20938.0
2025-06-20,14.14,14.2,14.1301,14.18,13851.0
2025-06-23,14.07,14.12,14.05,14.08,23886.0
2025-06-24,14.1,14.19,14.04,14.127,24891.0
2025-06-25,14.16,14.26,14.11,14.24,25684.0
2025-06-26,14.22,14.28,14.16,14.2416,18693.0
2025-06-27,14.23,14.2775,14.15,14.23,32866.0
2025-06-30,14.29,14.3,14.22,14.3,42839.0
2025-07-01,14.28,14.32,14.16,14.31,26176.0
2025-07-02,14.28,14.3395,14.2,14.28,51625.0
2025-07-03,14.27,14.33,14.25,14.29,42527.0
2025-07-07,14.29,14.3,14.18,14.275,50366.0
2025-07-08,14.27,14.35,14.256,14.325,20028.0
2025-07-09,14.31,14.33,14.26,14.26,28731.0
2025-07-10,14.29,14.31,14.17,14.27,38713.0
2025-07-11,14.17,14.27,14.15,14.2,77861.0
2025-07-14,14.2,14.27,14.2,14.27,17673.0
2025-07-15,14.24,14.3,14.23,14.26,18961.0
2025-07-16,14.28,14.31,14.2383,14.31,25095.0
2025-07-17,14.26,14.35,14.26,14.32,41174.0
2025-07-18,14.3,14.34,14.2593,14.28,25303.0
2025-07-21,14.3,14.33,14.261,14.305,37478.0
2025-07-22,14.3,14.33,14.2603,14.32,41725.0
2025-07-23,14.29,14.3099,14.22,14.28,24276.0
2025-07-24,14.16,14.215,14.1,14.12,44303.0
2025-07-25,14.07,14.21,14.07,14.2,43403.0
2025-07-28,14.15,14.29,14.1393,14.19,47233.0
2025-07-29,14.18,14.25,14.1,14.152,31585.0
2025-07-30,14.15,14.2699,14.1237,14.17,28251.0
2025-07-31,14.05,14.31,14.05,14.14,72366.0
2025-08-01,14.16,14.18,14.12,14.15,24910.0
2025-08-04,14.12,14.1755,14.12,14.15,14913.0
2025-08-05,14.11,14.24,14.11,14.19,24236.0
2025-08-06,14.15,14.2199,14.11,14.11,44494.0
2025-08-07,14.13,14.209,14.13,14.16,34880.0
2025-08-08,14.15,14.21,14.11,14.14,34008.0
2025-08-11,14.13,14.19,14.08,14.18,25723.0
2025-08-12,14.18,14.18,14.11,14.16,19931.0
2025-08-13,14.12,14.2389,14.12,14.23,23205.0
2025-08-14,14.13,14.19,14.13,14.16,29718.0
2025-08-15,14.15,14.27,14.15,14.25,30489.0
2025-08-18,14.21,14.28,14.21,14.27,24568.0
2025-08-19,14.23,14.35,14.23,14.31,21817.0
2025-08-20,14.23,14.3199,14.1818,14.23,33531.0
2025-08-21,14.23,14.24,14.17,14.2016,20866.0
2025-08-22,14.18,14.24,14.16,14.1735,29902.0
2025-08-25,14.24,14.28,14.17,14.22,57340.0
2025-08-26,14.18,14.25,14.18,14.245,47116.0
2025-08-27,14.29,14.29,14.17,14.215,58109.0
2025-08-28,14.18,14.28,14.18,14.26,37458.0
2025-08-29,14.26,14.275,14.195,14.27,49563.0
2025-09-02,14.27,14.31,14.22,14.24,17564.0
2025-09-03,14.23,14.3001,14.225,14.26,35945.0
2025-09-04,14.24,14.2701,14.22,14.23,24357.0
2025-09-05,14.25,14.31,14.25,14.28,14976.0
2025-09-08,14.28,14.32,14.2659,14.3,38594.0
2025-09-09,14.27,14.3099,14.22,14.24,31766.0
2025-09-10,14.22,14.28,14.12,14.15,44989.0
2025-09-11,14.15,14.21,14.11,14.11,22785.0
2025-09-12,14.11,14.15,14.1,14.125,60579.0
2025-09-15,14.09,14.19,14.09,14.12,66208.0
2025-09-16,14.12,14.16,14.11,14.11,58666.0
2025-09-17,14.09,14.15,14.06,14.1,51786.0
2025-09-18,14.08,14.16,14.0756,14.12,39792.0
2025-09-19,14.09,14.15,14.082,14.1,53119.0
2025-09-22,14.14,14.19,14.11,14.13,24589.0
2025-09-23,14.14,14.14,14.06,14.09,44914.0
2025-09-24,14.06,14.1,14.0175,14.05,54947.0
2025-09-25,14.0,14.0955,13.99,14.06,41759.0
2025-09-26,14.01,14.135,13.99,14.02,61928.0
2025-09-29,13.96,14.02,13.9243,14.01,58947.0
2025-09-30,14.02,14.1104,13.96,14.06,68438.0
2025-10-01,13.99,14.05,13.92,13.93,53306.0
2025-10-02,13.91,14.0,13.91,14.0,34581.0
2025-10-03,13.95,14.04,13.95,14.01,43026.0
2025-10-06,13.93,13.955,13.83,13.83,27752.0
2025-10-07,13.8,13.87,13.75,13.78,54449.0
2025-10-08,13.77,13.88,13.77,13.86,44277.0
2025-10-09,13.87,13.91,13.86,13.89,48151.0
2025-10-10,13.85,13.89,13.77,13.86,73554.0
2025-10-13,13.91,14.0005,13.829,13.95,45676.0
2025-10-14,13.89,13.9599,13.89,13.905,18025.0
2025-10-15,13.89,13.96,13.8,13.85,42443.0
2025-10-16,13.84,13.8618,13.75,13.85,67957.0
2025-10-17,13.84,13.86,13.71,13.85,179613.0
2025-10-20,13.78,13.8886,13.78,13.85,31866.0
2025-10-21,13.79,13.89,13.79,13.88,33141.0
2025-10-22,13.83,13.88,13.83,13.85,18986.0
2025-10-23,13.78,13.91,13.78,13.87,38032.0
2025-10-24,13.76,13.86,13.75,13.85,46305.0
2025-10-27,13.81,13.86,13.77,13.85,66547.0
2025-10-28,13.84,13.855,13.75,13.85,110741.0
2025-10-29,13.82,13.91,13.77,13.87,37884.0
2025-10-30,13.84,13.89,13.784,13.89,38309.0
2025-10-31,13.97,13.97,13.8185,13.87,28473.0
2025-11-03,13.87,13.88,13.78,13.85,59231.0
2025-11-04,13.8,13.88,13.8,13.85,20598.0
2025-11-05,13.79,13.89,13.77,13.85,23848.0
2025-11-06,13.82,13.87,13.77,13.85,27585.0
2025-11-07,13.83,13.94,13.78,13.86,24623.0
2025-11-10,13.82,13.9235,13.82,13.87,26014.0
2025-11-11,13.85,13.935,13.8307,13.85,12246.0
2025-11-12,13.84,13.91,13.84,13.85,36660.0
2025-11-13,13.82,13.99,13.81,13.85,44913.0
2025-11-14,13.81,13.99,13.81,13.99,28937.0
2025-11-17,13.94,13.94,13.785,13.86,24443.0
2025-11-18,13.81,13.92,13.7501,13.85,38882.0
2025-11-19,13.81,13.88,13.81,13.85,24819.0
2025-11-20,13.78,13.78,13.52,13.57,107205.0
2025-11-21,13.61,13.61,13.45,13.5,60388.0
2025-11-24,13.49,13.6299,13.46,13.55,91128.0
2025-11-25,13.57,13.64,13.56,13.62,57351.0
2025-11-26,13.58,13.64,13.5712,13.63,62229.0
2025-11-28,13.7,13.74,13.62,13.67,38251.0
2025-12-01,13.69,13.71,13.595,13.68,66834.0
2025-12-02,13.66,13.71,13.65,13.66,40427.0
2025-12-03,13.69,13.69,13.66,13.67,33294.0
2025-12-04,13.66,13.69,13.66,13.68,52121.0
2025-12-05,13.66,13.69,13.61,13.68,40530.0
2025-12-08,13.54,13.631,13.5,13.61,78167.0
2025-12-09,13.6,13.631,13.555,13.62,59473.0
2025-12-10,13.6,13.64,13.6,13.625,21945.0
2025-12-11,13.6,13.63,13.6,13.61,24976.0
2025-12-12,13.6,13.61,13.6,13.605,42208.0
2025-12-15,13.6,13.69,13.6,13.63,72799.0
2025-12-16,13.63,13.6654,13.6,13.64,63061.0
2025-12-17,13.61,13.6457,13.61,13.62,40022.0
2025-12-18,13.71,13.71,13.62,13.65,34462.0
2025-12-19,13.63,13.66,13.61,13.62,56915.0
2025-12-22,13.61,13.64,13.55,13.63,83097.0
2025-12-23,13.5,13.6,13.5,13.52,79656.0
2025-12-24,13.51,13.56,13.5,13.53,34808.0
2025-12-26,13.54,13.63,13.54,13.59,76831.0
2025-12-29,13.56,13.5899,13.55,13.55,63538.0
2025-12-30,13.54,13.59,13.52,13.58,43536.0
2025-12-31,13.55,13.5688,13.45,13.5,98297.0
2026-01-02,13.51,13.51,13.42,13.46,97731.0
2026-01-05,13.42,13.53,13.42,13.52,65355.0
2026-01-06,13.52,13.5461,13.51,13.53,32564.0
2026-01-07,13.52,13.58,13.52,13.57,39059.0
2026-01-08,13.54,13.71,13.52,13.71,98009.0
2026-01-09,13.62,13.6649,13.59,13.64,59698.0
2026-01-12,13.62,13.64,13.5874,13.63,35014.0
2026-01-13,13.65,13.65,13.61,13.64,42242.0
2026-01-14,13.62,13.63,13.56,13.61,64439.0
2026-01-15,13.68,13.72,13.54,13.64,36707.0
2026-01-16,13.6,13.62,13.55,13.62,60548.0
2026-01-20,13.52,13.573,13.52,13.54,39486.0
2026-01-21,13.52,13.6899,13.52,13.61,31891.0
2026-01-22,13.6,13.67,13.6,13.62,19602.0
2026-01-23,13.6,13.615,13.55,13.55,25215.0
2026-01-26,13.56,13.5702,13.5,13.52,61767.0
2026-01-27,13.5,13.545,13.5,13.53,42547.0
2026-01-28,13.52,13.56,13.52,13.52,34269.0
2026-01-29,13.51,13.52,13.46,13.5,32624.0
2026-01-30,13.59,13.662,13.4,13.41,56699.0
2026-02-02,13.4,13.4694,13.37,13.37,33497.0
2026-02-03,13.39,13.435,13.3,13.32,72384.0
2026-02-04,13.29,13.335,13.28,13.29,44316.0
2026-02-05,13.28,13.283,13.25,13.25,31238.0
2026-02-06,13.25,13.31,13.25,13.29,44352.0
2026-02-09,13.27,13.295,13.25,13.25,91520.0
2026-02-10,13.24,13.29,13.24,13.24,79074.0
2026-02-11,13.25,13.34,13.243,13.243,42706.0
2026-02-12,13.24,13.26,13.23,13.23,62416.0
2026-02-13,13.21,13.2499,13.2,13.2,61178.0
2026-02-17,13.19,13.2441,13.17,13.22,57791.0
2026-02-18,13.188,13.27,13.188,13.24,21484.0
2026-02-19,13.24,13.27,13.22,13.23,22400.0
2026-02-20,13.13,13.18,13.115,13.12,39213.0
2026-02-23,13.09,13.1065,13.06,13.06,25635.0
2026-02-24,13.06,13.11,13.04,13.05,45482.0
2026-02-25,13.07,13.09,13.03,13.03,28459.0
2026-02-26,13.03,13.066,12.97,13.0,40041.0
2026-02-27,13.05,13.0523,12.94,13.0,42763.0
2026-03-02,12.92,12.965,12.73,12.8,91936.0
2026-03-03,12.7,12.82,12.45,12.7,165197.0
2026-03-04,12.73,12.8,12.73,12.77,50272.0
2026-03-05,12.79,12.8261,12.72,12.8,38147.0
2026-03-06,12.77,12.79,12.6,12.69,64945.0
2026-03-09,12.62,12.7,12.6,12.66,48778.0
2026-03-10,12.64,12.74,12.64,12.7,23924.0
2026-03-11,12.73,12.73,12.65,12.71,46445.0
2026-03-12,12.65,12.715,12.65,12.68,82492.0
2026-03-13,12.68,12.9199,12.6208,12.81,234518.0
2026-03-16,12.72,12.89,12.71,12.86,93689.0
2026-03-17,12.87,12.94,12.8173,12.9,36649.0
2026-03-18,12.86,12.88,12.83,12.85,28683.0
2026-03-19,12.86,12.9,12.69,12.85,52131.0
2026-03-20,12.8,12.87,12.8,12.84,42746.0
2026-03-23,12.88,12.9,12.84,12.853,31719.0
2026-03-24,12.71,12.85,12.71,12.8,79536.0
2026-03-25,12.78,12.9,12.78,12.86,53103.0
2026-03-26,12.84,12.95,12.84,12.88,27755.0
2026-03-27,12.84,12.87,12.61,12.79,109904.0
2026-03-30,12.76,12.945,12.72,12.755,19986.0
2026-03-31,12.85,12.95,12.775,12.95,38921.0
2026-04-01,12.96,13.02,12.78,12.83,15771.0
2026-04-02,12.8,12.8,12.67,12.7,21098.0
2026-04-06,12.6,12.87,12.6,12.79,49135.0
2026-04-07,12.75,12.7699,12.67,12.69,36925.0
2026-04-08,12.76,12.835,12.76,12.77,57379.0
2026-04-09,12.73,12.8399,12.72,12.79,25848.0
2026-04-10,12.76,12.9,12.76,12.82,75846.0
2026-04-13,12.76,12.93,12.72,12.85,40442.0
2026-04-14,12.83,12.95,12.805,12.9,28026.0
2026-04-15,12.87,12.95,12.81,12.917,31090.0
2026-04-16,12.91,13.12,12.91,13.06,68092.0
2026-04-17,13.1,13.35,13.0753,13.31,65741.0
2026-04-20,13.25,13.3,13.16,13.28,12178.0
2026-04-21,13.18,13.3,13.01,13.18,28344.0
2026-04-22,13.09,13.29,13.01,13.13,24260.0
2026-04-23,13.01,13.1416,12.76,13.06,48856.0
