date,close,YesterdayClose,YesterdayOpenLogR,YesterdayHighLogR,YesterdayLowLogR,YesterdayVolumeLogR,YesterdayCloseLogR,MA10,MA20,MA30,DayOfWeek,DayOfMonth,MonthNumber,EMA10,EMA30,RSI,MACD,MACD_Signal,BollingerUpper,BollingerLower,Volatility_10,Volatility_20,Volatility_30,OBV,ZScore,insider_shares,insider_amount,insider_buy_flag,sentiment,num_articles,fear_greed,fear_greed_correlation,overnight_gap,abnormal_vol,volatility_5d,volatility_20d,momentum_5d,momentum_20d,skew_5d,intraday_range,sentiment_change
2024-08-07,16.43,16.67,0.016368962030235263,-0.0011737090549288167,0.029276460274445946,-0.9355269221521331,-0.014501764713526037,16.296,16.331,15.918000000000001,2,7,8,16.27300375933702,15.929087619676208,51.875000000000014,0.24482447324737677,0.3137103588782862,16.887148408818646,15.774851591181353,0.026188871729954367,0.020763516648706678,0.01852259413343457,23352821.0,0.3560200782028408,0.0,0.0,-1,0.0,0,16.557142857142857,-0.018598137643795528,-0.0023995200959809654,0.7442352912969014,0.5611338035134709,0.3296106083737629,0.030740276035131853,0.058634020618556715,1.2550418794259293,0.045039561777236885,0.0
2024-08-08,16.71,16.43,-0.01636896203023529,-0.012407840129794945,0.003064666817903166,-0.17577129359556817,0.01689841055812562,16.315,16.367,15.978000000000002,3,8,8,16.352457621275743,15.979469063568066,53.75375375375375,0.26281403171873663,0.3035310934463763,16.923420893322895,15.810579106677105,0.026716765496897034,0.020048379372354673,0.01864697456908687,25141036.0,1.2328796568066844,0.0,0.0,-1,0.0,0,17.65714285714286,-0.03618494894248173,-0.004260499087035927,0.4042401983684061,0.5662467417018254,0.31825815605476604,0.03982576228998136,0.045028142589118136,0.9824955061788755,0.028725314183123903,0.0
2024-08-09,16.72,16.71,0.019970406499142872,-0.0023809535057418476,0.0042809094967917296,-0.3851200231267008,0.0005982650492530659,16.325,16.403,16.052666666666667,4,9,8,16.419283508316518,16.027245253015288,51.87499999999996,0.2747111042336918,0.2977670956038394,16.95256825159194,15.853431748408054,0.02666818572102944,0.02004850527881371,0.017606265069614376,26357682.0,1.1536328711920332,0.0,0.0,-1,0.0,0,24.085714285714285,-0.024454662685115643,-0.0011968880909634693,-0.10732754948644778,0.5685357429067779,0.3182601547578404,0.035935563816604565,0.04499999999999993,1.0719774912761881,0.022123205741626868,0.0
2024-08-12,17.14,16.72,-0.0030003022806811656,0.021227212130573596,0.007890736597834173,0.1865140601980085,0.024809305513078212,16.389999999999997,16.447499999999998,16.137,0,12,8,16.550322870440787,16.099035881853013,57.45856353591157,0.31440583507323083,0.3010948434977177,17.082409856842464,15.812590143157532,0.027491077483370725,0.020486004864268274,0.01797624765832631,27823791.0,2.1814120305012867,0.0,0.0,-1,0.0,0,23.8,-0.0477080748640665,-0.004784688995215209,0.08569997052026146,0.4697197933896439,0.32520524536868023,0.09380982769623492,0.0547692307692309,0.8472946624616845,0.035000000000000094,0.0
2024-08-13,17.67,17.14,0.029021876942965822,0.03553382439439035,0.027425608529733487,0.35041149534264815,0.030453373161971265,16.516,16.4995,16.233999999999998,1,13,8,16.753900530360646,16.200388405604432,65.24999999999999,0.384201925217333,0.31771625984164076,17.33576928425562,15.663230715744382,0.02849060478725578,0.02094746523616596,0.01855177349383516,29905155.0,2.7993375388452475,0.0,0.0,-1,0.0,0,25.514285714285712,-0.07153490003290348,-0.0005834305717620515,0.5811894895925832,0.2950996405251918,0.3325307016723962,0.05998800239952007,0.06253758268190035,-0.6564968336248453,0.04301075268817213,0.0
2024-08-14,18.05,17.67,0.03442680775008801,0.021170707122966488,0.0358212764518175,-0.06862148075616901,0.02127739844728488,16.727,16.5835,16.331333333333333,2,14,8,16.989554979385982,16.319718185888018,67.74941995359626,0.46482049242177226,0.34713710635766704,17.666192063914337,15.500807936085662,0.025637087129768914,0.0208318404472804,0.01843776115775279,31848483.0,2.7089881765606596,0.0,0.0,-1,0.0,0,26.428571428571438,-0.09248768499420637,0.0033955857385398252,0.4346966511223355,0.18243609421904383,0.3306952150516829,0.09860012172854549,0.10262675626145379,-1.1964760811959436,0.028808864265927953,0.0
2024-08-15,18.7,18.05,0.022861324600873957,0.030404079173550293,0.021892538679831354,0.3054716159595406,0.035377839081650896,16.990000000000002,16.703,16.447333333333333,3,15,8,17.300544983133985,16.473284754540405,71.39917695473247,0.5745379397480832,0.3926172730357503,18.13108078792554,15.274919212074458,0.02657263813742629,0.02181902792291837,0.019231273206777255,34486094.0,2.7967605430794746,0.0,0.0,-1,0.0,0,32.37142857142857,-0.12654904314995716,0.004986149584487527,0.9285358636770016,0.2159833820856523,0.34636633039929715,0.11909036505086767,0.14653586756591053,-1.350115756445075,0.03689839572192501,0.0
2024-08-16,19.01,18.7,0.028798512866640858,0.024823033197012415,0.026302886211168528,0.00462643235444095,0.016441632639796873,17.276999999999997,16.8305,16.568666666666665,4,16,8,17.61135498620053,16.636943802634573,75.0,0.6786808065735634,0.44982997974331296,18.585210652410858,15.075789347589144,0.02627820135909739,0.021918842226485363,0.019303946031932254,37135936.0,2.4841702499560383,0.0,0.0,-1,0.0,0,33.74285714285715,-0.12636982665873242,-0.001604278074866181,0.8501401701392238,0.1214689921446464,0.3479508333464494,0.1369617224880384,0.15492102065613622,0.16321050307351678,0.035770647027880235,0.0
2024-08-19,19.18,19.01,0.013301606070101052,0.009345862418237599,0.022460837271332666,-0.4025683800011014,0.008902912954954248,17.628,16.9595,16.691666666666666,0,19,8,17.896563170527706,16.801011944400084,76.99805068226118,0.7661012201083537,0.5130842278163211,18.9990817424684,14.919918257531595,0.02114111494206299,0.021920165600333264,0.019306112467499144,38907622.0,2.1774072141993606,0.0,0.0,-1,0.0,0,39.88571428571429,-0.14029118019052184,-0.0047343503419252945,0.08347713571003543,0.17260874862991482,0.3479718412550081,0.11901983663943994,0.15542168674698775,-0.01645546622340153,0.022940563086548554,0.0
2024-08-20,19.68,19.18,0.02195592640141597,0.04348511193973889,0.018339523699613426,0.35310989611834437,0.02573482216881528,17.929000000000002,17.1135,16.833333333333332,1,20,8,18.22082441224994,16.9867531092775,86.24031007751934,0.8657485387454891,0.5836170900021547,19.478020870571527,14.74897912942847,0.015067774306533699,0.022225268741157957,0.01948036942649939,41429595.0,2.1708414858521876,0.0,0.0,-1,0.0,0,44.68571428571429,-0.13079257317216397,0.008342022940563094,0.6519102798284454,0.16127426840243875,0.3528152034640892,0.11375212224108644,0.18554216867469875,0.2597733835757026,0.0482723577235772,0.0
2024-08-21,19.75,19.68,0.008238975544552862,-0.014453279259077405,0.010844413014128657,-0.5841647237425033,0.0035505997230236056,18.261000000000003,17.2785,16.974333333333334,2,21,8,18.498856337295404,17.16502710222734,86.07843137254898,0.9395377651564019,0.6548012250330042,19.895185529041395,14.661814470958607,0.011603751775797989,0.021869566552278428,0.01949483027846099,42835775.0,1.8890309688114617,0.0,0.0,-1,0.0,0,50.22857142857144,-0.12956783788098808,-0.00914634146341462,-0.3193371999907246,0.207267030709538,0.34716860626862983,0.09418282548476453,0.20060790273556228,0.3998327284117735,0.02278481012658242,0.0
2024-08-22,20.28,19.75,0.0015372793188863979,0.01840390168127099,0.00307692550447932,0.40873057052779754,0.026481687375851548,18.618000000000002,17.4665,17.11733333333333,3,22,8,18.82270063960533,17.36599309563203,87.2302158273381,1.028922056331261,0.7296253912926556,20.37746854925242,14.55553145074758,0.01186476187354016,0.022170367320631195,0.01937020077238591,44951944.0,1.933033595105347,0.0,0.0,-1,0.0,0,46.77142857142858,-0.13898154542272603,-0.011139240506329057,0.23102827195233921,0.16323998020312222,0.35194367043206126,0.08449197860962587,0.22760290556900742,-0.18702682234929374,0.03747534516765276,0.0
2024-08-23,21.01,20.28,0.03768343383439494,0.03487036101918585,0.03323568743615856,-0.37008181005442464,0.03536333613392676,19.047,17.686,17.284333333333333,4,23,8,19.220391432404362,17.601090315268674,95.87628865979379,1.1454604946439702,0.8127924119629185,20.966772694607798,14.405227305392204,0.010793262405085075,0.02285220549304881,0.019964821103144965,46413535.0,2.026351905124822,0.0,0.0,-1,0.0,0,51.57142857142857,-0.13699730992596956,0.0,-0.38473392990897787,0.2146987781664018,0.362767515863708,0.10520778537611775,0.2641395908543924,-0.2992084818472452,0.03902903379343171,0.0
2024-08-26,21.15,21.01,0.041058652904982854,0.01698955447414724,0.03790541258908232,0.17905482653097232,0.006641390635377844,19.448,17.919,17.44766666666667,0,26,8,19.571229353785384,17.83005223041263,95.16129032258061,1.2348799492235116,0.8972099194150372,21.491101843305596,14.346898156694404,0.011937074230129971,0.022415160178628126,0.01993412421072685,48161724.0,1.8090189707525555,0.0,0.0,-1,0.0,0,52.94285714285714,-0.11804580988129203,0.0057115659209898825,-0.18460226977609126,0.22274013930539224,0.35582963658196903,0.10271115745568293,0.28259551243177694,-0.2664469238395402,0.018912529550827527,0.0
2024-08-27,20.93,21.15,-0.006171393904542318,0.0037365760429696623,-0.010546598237121165,0.9717052132755046,-0.010456369034378516,19.774,18.145000000000003,17.591,1,27,8,19.818278562188038,18.03004886070859,95.54655870445346,1.2733153629342766,0.9724310081188852,21.883198271331974,14.406801728668032,0.014999125277704766,0.022677481842873253,0.02004827354239044,43542228.0,1.4900226247269992,0.0,0.0,-1,0.0,0,52.28571428571429,-0.13728596210259747,-0.007092198581560217,2.0917880597418668,0.29657146682601176,0.3599938639045522,0.06351626016260159,0.27544180377818406,0.18311489391268063,0.03344481605351167,0.0
2024-08-28,20.99,20.93,-0.0033389012655145986,-0.00748716646863789,0.005766474412402121,-0.7967256368659303,0.0028625973746331593,20.067999999999998,18.3975,17.745,2,28,8,20.031318823608395,18.221013450340294,95.33898305084747,1.293704187204149,1.036685643935938,22.19040126420394,14.604598735796063,0.0155492750927293,0.020676595334619522,0.019578845429430978,45624709.0,1.3670274122171842,0.0,0.0,-1,0.0,0,51.08571428571429,-0.1424616992985656,0.0,-0.11986507128064466,0.29792449624229944,0.3282307752895296,0.06278481012658221,0.3168130489335006,0.2060711861005717,0.02000952834683174,0.0
2024-08-29,20.62,20.99,0.0028625973746331593,-0.014191345072846496,-0.022287744267355962,-0.11505228881178164,-0.017784655243727625,20.259999999999998,18.625,17.88866666666667,3,29,8,20.138351764770505,18.375786776124794,88.3858267716536,1.2654196000970224,1.082432435168155,22.37567993835782,14.874320061642182,0.016815440011237786,0.021835127922829652,0.02003863377049687,43768553.0,1.0638071137968033,0.0,0.0,-1,0.0,0,56.057142857142864,-0.14765678752878503,0.0,-0.3709344406583178,0.3278416163205367,0.3466219099745376,0.0167652859960552,0.283136278780336,1.0517011513705892,0.028128031037827267,0.0
2024-08-30,20.93,20.62,-0.022646113529972766,-0.002384928390150687,0.003916865846623576,-0.30312411411287116,0.014922057869094433,20.452,18.8645,18.037666666666667,4,30,8,20.2822878075395,18.540574726052228,88.12877263581494,1.2535679195988791,1.1166595320542998,22.558355352936932,15.170644647063067,0.01675479523715585,0.02174902867090927,0.020078570057829162,45139338.0,1.1183437371784197,0.0,0.0,-1,0.0,0,60.31428571428573,-0.1422865566153437,-0.0048496605237634055,-0.8443789185052419,0.20927337526476686,0.3452551267226374,-0.0038077106139934314,0.2967781908302354,-0.2615945954657613,0.021495461060678428,0.0
2024-09-03,21.09,20.93,0.0019474202843956288,0.014465075103186226,-0.016737554275685126,0.2182114538684575,0.007615458032774827,20.643,19.1355,18.187333333333335,1,3,9,20.429144569805047,18.705053775984343,87.17391304347832,1.2427602734012027,1.1418796803236804,22.632593379545778,15.638406620454223,0.016767143886711522,0.01940195159245116,0.02007878218566468,46844389.0,1.117785422277664,0.0,0.0,-1,0.0,0,56.34285714285714,-0.14578688824590755,-0.017677974199713377,-0.46894712837509434,0.2115495139270787,0.3079964331776363,-0.0028368794326240065,0.3458838544990428,-0.2949165788033162,0.051925082977714664,0.0
2024-09-04,21.8,21.09,0.027346391041001093,0.026700699859347626,0.04748954323527332,-0.21506274882303755,0.03311097530436004,20.855,19.392000000000003,18.360666666666663,2,4,9,20.678391011658675,18.90472772592084,88.03245436105482,1.2767684107289305,1.1688574264047304,22.8802032775145,15.903796722485506,0.017736999081559405,0.016352302681054528,0.02053991100541673,48219497.0,1.38065348170638,0.0,0.0,-1,0.0,0,56.62857142857143,-0.1372809386882468,0.0018966334755808037,-0.8330224429239971,0.29602051306233734,0.2595847575439502,0.0415671285236503,0.3077384523095379,-0.06643868490809997,0.03165137614678905,0.0
2024-09-05,22.09,21.8,0.035792805194489734,0.038215484114512956,0.03533607990680641,0.4318889808891401,0.013215047636982521,21.089,19.675,18.54866666666667,3,5,9,20.935047191357096,19.110229162958206,87.0897155361051,1.311996798541493,1.1974853008320832,23.06848912198821,16.28151087801179,0.017584892655533493,0.014967890850878015,0.020254202846943684,50337389.0,1.4233138302120596,0.0,0.0,-1,0.0,0,50.62857142857143,-0.13255705809602247,0.0045871559633026545,0.1621101137179404,0.2931739530467608,0.2376079010554932,0.052405907575035826,0.3444917833231893,-0.6175745547332834,0.03531009506564061,0.0
2024-09-06,22.05,22.09,0.018100041643617937,-0.00984094115933253,-0.000685479291093514,-0.3589272897666962,-0.0018124155391707447,21.266,19.942,18.733,4,6,9,21.137765883837623,19.299891797606065,85.3488372093024,1.3214549736249381,1.2222792353906542,23.190433468612163,16.693566531387837,0.01711771609831715,0.015420402642750382,0.02034434273413377,48858200.0,1.2978563485251904,0.0,0.0,-1,0.0,0,39.34285714285715,-0.13233921187810194,0.009506564056134035,-0.6653585163321871,0.2066298741910994,0.24479130305520422,0.06935014548981577,0.31956912028725304,0.8080934064950428,0.025986394557823145,0.0
2024-09-09,22.4,22.05,-0.011274076573218108,0.0036462310840480513,-0.00022859755500158156,0.13783756371659947,0.015748356968139112,21.405,20.226,18.925666666666668,0,9,9,21.367262995867144,19.499898778405676,85.93750000000007,1.3417261367401743,1.2461686156605583,23.275447922424412,17.176552077575586,0.014515582120696908,0.015092665576579234,0.02035982843431709,50555997.0,1.4258318589494703,0.0,0.0,-1,0.0,0,41.971428571428575,-0.13386226934492743,0.0,-0.4176543001460252,0.20709047063200509,0.23958863842016356,0.07023411371237454,0.3397129186602872,0.7400990298756603,0.029464285714285724,0.0
2024-09-10,22.93,22.4,0.015748356968139112,0.01934126225685369,0.021710486370901342,-0.15241748373358438,0.023385138008818983,21.583,20.5155,19.140333333333334,1,10,9,21.65139699661857,19.721195631411764,86.03104212860318,1.3845969780784344,1.2738542881441335,23.427648600893125,17.603351399106874,0.015496162663011442,0.015043800160044956,0.02020990556849009,52013776.0,1.6582258194238426,0.0,0.0,-1,0.0,0,39.6857142857143,-0.13921418484945866,0.0,-0.7426523123337222,0.20862469647173768,0.23881292398099585,0.08724513987671889,0.33780630105017506,-0.3039890388808472,0.02703881378107272,0.0
2024-09-11,22.87,22.93,0.018138077435302595,0.01211611533235842,0.00890874488910943,0.14665108596195664,-0.002620088835123204,21.776999999999997,20.7755,19.355666666666664,2,11,9,21.872961179051558,19.924344300352942,84.66666666666676,1.3976200363568054,1.298607437786668,23.54289265469552,18.00810734530448,0.014627851306782165,0.01501717147264526,0.02015256495610398,50325741.0,1.5136991828363775,0.0,0.0,-1,0.0,0,43.08571428571429,-0.1343372154746116,-0.00523331879633672,-0.4017751475883547,0.1827609996881592,0.2383902066733978,0.04908256880733952,0.2942840973401244,-0.09876201073868304,0.030607783121993845,0.0
2024-09-12,23.69,22.87,0.00043830813763297955,0.02085625714815659,0.004027356022153576,0.2640709835870155,0.03522701013600443,22.047000000000004,21.057499999999997,19.614,3,12,9,22.203331873769457,20.16728982936243,85.59498956158673,1.4573090986961894,1.3303477699685726,23.80486907642653,18.310130923573464,0.01666853926433776,0.015764704594251458,0.01915820615551941,52523935.0,1.9163788532002126,0.0,0.0,-1,0.0,0,42.97142857142857,-0.13232763420868637,-0.0021862702229995938,0.2699574264948466,0.26329445175374505,0.2502569270927206,0.0724309642372114,0.3124653739612189,0.19832218309117627,0.046390882228788524,0.0
2024-09-13,24.58,23.69,0.04456607223584046,0.03842654135974353,0.05244099469892914,-0.312554773322293,0.036880085967194595,22.443,21.351499999999998,19.897666666666666,4,13,9,22.63545335126592,20.451980808113245,86.06060606060613,1.558463673478368,1.3759709506705318,24.288546672746996,18.414453327253,0.014677914948585186,0.015883572942850147,0.01962382546440724,54132080.0,2.198466936162378,0.0,0.0,-1,0.0,0,48.62857142857143,-0.12948767191099111,0.007176023638666026,-0.4634495955443296,0.2609162779828949,0.252143903627615,0.11473922902494316,0.3144385026737968,-0.8380189211793855,0.03295362082994314,0.0
2024-09-16,24.38,24.58,0.04386848086569641,0.017279915596472857,0.01909564042819616,0.15702094211932047,-0.0081699800847633,22.788,21.62,20.17233333333333,0,16,9,22.952643651035753,20.7054014011382,82.23552894211585,1.6040011474703526,1.421576990030496,24.636515940791973,18.60348405920803,0.01683633803388273,0.016607739300999375,0.01997482406089262,52250518.0,1.8299256852429384,0.0,0.0,-1,0.0,0,50.31428571428571,-0.11642479275872447,0.014239218877135942,-0.03741232781466771,0.3404008207655047,0.26363968817662814,0.08839285714285716,0.28248290373487617,-0.388771522127062,0.03199343724364238,0.0
2024-09-17,24.31,24.38,-0.018624020080886247,-0.007197152218485779,-0.01825776857356499,0.2280996745905582,-0.0028753357250934637,23.11,21.8765,20.460333333333335,1,17,9,23.199435714483798,20.937956149451864,84.7736625514404,1.6158153946438993,1.4604246709531767,24.8918521222325,18.8611478777675,0.01768837314680731,0.016952934236116303,0.018542920560926816,49886880.0,1.6140735153666161,0.0,0.0,-1,0.0,0,54.62857142857143,-0.13271609108969729,0.003691550451189494,0.5934636630759318,0.3605194718850129,0.26911948788957896,0.06018316615787178,0.2674661105318039,0.567808667517671,0.04278074866310172,0.0
2024-09-18,24.53,24.31,-0.010269139329634129,0.010776396445266323,-0.008917363709953713,0.19984550950705163,0.009009069942366131,23.383000000000003,22.119,20.72233333333333,2,18,9,23.44135649366856,21.169700914003357,85.25896414342637,1.6242075781030145,1.4931812523831445,25.17045280326039,19.06754719673961,0.016381566414434542,0.016636744832837516,0.01609644635250935,52773388.0,1.5802308968527492,0.0,0.0,-1,0.0,0,55.17142857142858,-0.1337521010112876,-0.0037021801727684022,1.2615935425583509,0.3397161881454537,0.26410013671996146,0.07258417140358553,0.24644308943089444,0.2614067198196924,0.06204647370566661,0.0
2024-09-19,25.41,24.53,0.03129700672191478,0.028567781119555158,0.03862251812386963,1.3153570468558755,0.03524593906167467,23.715,22.402,21.021666666666665,3,19,9,23.799291676637914,21.443268596970885,93.30922242314651,1.682472592743597,1.531039520455235,25.575764823973902,19.2282351760261,0.018052738471392306,0.017406422627620353,0.01574998443749881,63528751.0,1.8955405752047207,0.0,0.0,-1,0.0,0,63.80000000000001,-0.11725378398878446,0.018752547900529853,3.984197090341373,0.33979461152497753,0.27631839292782545,0.07260447446179819,0.2865822784810126,0.26147266137902875,0.05194805194805196,0.0
2024-09-20,25.68,25.41,0.03576722385863114,0.015314234973042356,0.031017994423634274,0.18810411390761742,0.010569681489687642,24.078,22.672,21.320666666666668,4,20,9,24.141238644521927,21.71660610684373,93.26047358834248,1.7304868054364348,1.5709289774514752,26.0006671902065,19.343332809793502,0.017233580448760666,0.017094123559709386,0.01576147356258248,76510035.0,1.8073299781065795,0.0,0.0,-1,0.0,0,61.2,-0.12048661652555218,0.019283746556473767,3.1789293874948954,0.2702668123708968,0.2713607989176073,0.04475183075671274,0.26627218934911223,1.0999172215252477,0.03679906542056076,0.0
2024-09-23,26.03,25.68,0.007692345623155865,0.016952751075144604,0.012337373759840784,-0.4514249354916061,0.013537240184713542,24.441,22.923,21.631000000000004,0,23,9,24.484649800063394,21.994889583821557,93.48591549295779,1.7763043589087566,1.6120040537429317,26.47365657382722,19.372343426172776,0.017242618241406837,0.016147810119444002,0.015541897701691294,84775481.0,1.7500988537739626,0.0,0.0,-1,0.0,0,63.85714285714287,-0.09473992527444755,0.016355140186915956,1.4842317647518828,0.22399802153525208,0.2563385387660462,0.06767842493847431,0.2389338410280819,1.0783322626355394,0.041490587783326864,0.0
2024-09-24,26.2,26.03,-0.0030698412442886026,-0.013539131223220233,0.010069798490105333,-1.4101611283025788,0.006509691760576986,24.768,23.1755,21.933,1,24,9,24.796531654597324,22.26618703002662,92.80155642023351,1.8055197713567743,1.6507071972657004,26.908823480563342,19.442176519436657,0.017166458562211558,0.01614966448243628,0.015494163298857043,86793109.0,1.6202721332594596,0.0,0.0,-1,0.0,0,66.42857142857143,-0.1304688232418837,-0.000384172109104939,-0.39066043476592494,0.18846337137290758,0.2563679758659542,0.07774578362813656,0.23877068557919623,1.9799027465336123,0.01755725190839698,0.0
2024-09-25,26.45,26.2,0.0023032639740928683,0.0056635982991921135,0.004997127446554428,0.037650082263665736,0.009496747537257207,25.126,23.4515,22.225666666666665,2,25,9,25.097162262852354,22.536110447444262,92.74509803921573,1.8277766355669627,1.686121084925953,27.30023608781941,19.60276391218059,0.01630297790853289,0.015362589703337823,0.015194916913054425,88888149.0,1.558173868813576,0.0,0.0,-1,0.136414,1,65.74285714285715,-0.11798238938769849,-0.0045801526717557635,-0.32999017922599067,0.18749085207061206,0.24387355109372055,0.07827150428047291,0.2637362637362637,1.981967239603784,0.01814744801512289,0.136414
2024-09-26,26.16,26.45,0.015220994010355388,0.000692531229219827,-0.0017269504435897805,0.237304683167676,-0.011024631715310363,25.372999999999998,23.71,22.496,3,26,9,25.290405487788288,22.769909773415602,88.41121495327107,1.801251083189566,1.7091470845786758,27.55710964642005,19.862890353579953,0.016296737532999588,0.016084161310012546,0.015761695024318477,86232000.0,1.2736834793777518,0.0,0.0,-1,0.0,0,70.74285714285713,-0.12031450533332899,0.0011342155009452226,-0.170528424125726,0.1547520551534544,0.2553281452400404,0.029515938606847758,0.24630776560266798,-1.8661366838972249,0.020772171253822566,-0.136414
2024-09-27,26.12,26.16,-0.004921456081436046,-0.007113705322220094,-0.0034628737951593967,0.32225000621576344,-0.0015302221807675935,25.527,23.985,22.743333333333332,4,27,9,25.441240853644963,22.986044626743627,86.90476190476195,1.7567509941965689,1.7186678665022546,27.68560308029569,20.28439691970431,0.013403642934077666,0.014927243800653859,0.015320076317567604,82565904.0,1.1538659800442088,0.0,0.0,-1,0.0,0,67.31428571428572,-0.14750010291582286,0.007262996941896073,0.10662062540414051,0.15529022035654333,0.23696264913696438,0.017133956386292892,0.26673132880698347,-0.8006003329175988,0.017036753445635537,0.0
2024-09-30,26.1,26.12,-0.013371736965889308,-0.005700186439344495,-0.011825280767233649,0.049855528598730124,-0.0007659900795825345,25.699,24.243499999999997,22.979666666666667,0,30,9,25.561015243891333,23.18694497340533,84.98896247240624,1.7002708561627777,1.7149884644343594,27.76344183564373,20.723558164356266,0.012714089357459457,0.015174062743567578,0.015441333598577883,78712400.0,1.0548469757088952,0.0,0.0,-1,0.0,0,73.6857142857143,-0.13062418010054164,-0.004594180704441079,0.12690587706661233,0.12681090780841858,0.24088077838782168,0.002689204763734132,0.24701385570950807,-0.4957743122723037,0.022988505747126353,0.0
2024-10-01,25.38,26.1,0.0007689350628772567,-0.005349649747240487,-0.01631806581279661,-0.6005031579947587,-0.02797385204240618,25.806,24.458,23.18633333333333,1,1,10,25.528103381365632,23.328432394475954,74.18111753371868,1.5792078322769,1.6878323380028675,27.678961608620888,21.23703839137911,0.01662720349358906,0.017479174693384406,0.01695375314494227,76598616.0,0.5724998382671009,0.0,0.0,-1,0.0,0,70.31428571428572,-0.13027654593171317,-0.003065134099616929,-0.411276346854591,0.22156278953700104,0.27747329616809285,-0.0312977099236641,0.20341394025604553,-0.8558114214009771,0.03447596532702916,0.0
2024-10-02,25.08,25.38,-0.03480312152885845,-0.02876218475962266,-0.01538030917439467,0.01891650793460019,-0.011890746521521674,25.861,24.622,23.366333333333333,2,2,10,25.44663003929915,23.441436756122666,64.88222698072803,1.4424295904030444,1.638751788482903,27.597808426205024,21.646191573794976,0.017281322442424363,0.017117308277822096,0.017089004249810198,74444466.0,0.30781551390663603,0.0,0.0,-1,0.0,0,70.57142857142857,-0.13391377387580491,-0.009850275807722617,-0.41357192866035797,0.17191553535922688,0.2717288449076675,-0.05179584120982994,0.15045871559633017,-1.0824512656540293,0.020733652312599667,0.0
2024-10-03,25.07,25.08,-0.00799045402003424,-0.009508787969027188,-0.0036297680505787237,-0.6063995928180885,-0.0003988035945178234,25.826999999999998,24.771,23.543666666666663,3,3,10,25.37815185033567,23.54650535250185,56.464379947229574,1.3180314853405832,1.5746077278544393,27.501297072712468,22.040702927287533,0.012649807134743417,0.017133142044484052,0.017141681159180733,73269785.0,0.21902378535164457,0.0,0.0,-1,0.0,0,69.42857142857143,-0.13244710649902244,-0.005980861244019082,-0.6947822742797941,0.18603001909719408,0.27198019816109725,-0.04166666666666663,0.1349026708918062,-1.4985750319323767,0.01475867570801759,0.0
2024-10-04,25.05,25.07,0.009978131080734538,0.0035763995998304874,0.000347414392105603,-0.09899694537854374,-0.0007980846393282469,25.764,24.921,23.70266666666667,4,4,10,25.318487877547366,23.64350500717915,59.27977839335182,1.2039528390911833,1.5004767501017882,27.332943090888193,22.509056909111806,0.011952409081169235,0.01710880517694915,0.01684129650377891,72205823.0,0.1069676979422406,0.0,0.0,-1,0.0,0,71.4,-0.12781396831510444,0.004387714399680871,-0.7190847855745067,0.1878006038430531,0.2715938623659712,-0.04096477794793263,0.1360544217687074,-1.4893096744664953,0.018019960079840303,0.0
2024-10-07,24.94,25.05,-0.01198576074522244,-0.006366913668954662,-0.005613782650497452,0.10625676247315254,-0.004400887278983418,25.655,25.048000000000002,23.833666666666666,0,7,10,25.24967189981148,23.727149845425657,58.63013698630141,1.0920797932936104,1.4187973587401528,27.148391943373557,22.947608056626446,0.010539441612101977,0.017126789068903078,0.01605611995517865,71022583.0,-0.1028379492129795,0.0,0.0,-1,0.0,0,70.82857142857144,-0.13281455673272966,-0.006786427145708651,-0.6716807704853652,0.18028241989544716,0.27187934780026213,-0.0444444444444444,0.1133928571428573,-1.4674754210894077,0.017241379310344817,0.0
2024-10-08,24.84,24.94,0.006410278360919019,0.003586375631227653,0.0,0.0377230494754692,-0.004017683186612418,25.519,25.1435,23.956666666666663,1,8,10,25.175186099845757,23.798946629591743,54.390934844192614,0.9840074093405988,1.3318393688602421,26.997670547994893,23.289329452005106,0.009849488479753855,0.01669670511264239,0.016155540912748265,69793855.0,-0.32737010123281857,0.0,0.0,-1,0.0,0,71.17142857142856,-0.14324921901799317,0.004009623095428944,-0.6529740176325853,0.07280338007605243,0.26505197665339475,-0.02127659574468077,0.08329699084169206,-1.4129712868772524,0.020933977455716568,0.0
2024-10-09,24.38,24.84,-0.013671302597966303,-0.016443121628776477,-0.01803327556966086,0.3772445618191566,-0.018692133012152633,25.312,25.219,24.071666666666665,2,9,10,25.03060680896471,23.836433943811635,33.44051446945336,0.8514263973051506,1.235756774549224,26.783768689816686,23.654231310183317,0.009131050298822531,0.017399203306431556,0.016495416304163887,68002049.0,-1.072362970271718,0.0,0.0,-1,0.0,0,71.14285714285715,-0.16301643074000166,-0.005636070853462181,-0.48495814650275376,0.11799325594062014,0.2762037897568239,-0.027910685805422664,0.06602536073458665,-1.9109381095036158,0.022559474979491418,0.0
2024-10-10,24.2,24.38,-0.019624505508985302,-0.015074638691628606,-0.021739986636405875,0.00505249512757448,-0.00741049089048479,25.116,25.2445,24.17866666666667,3,10,10,24.879587389152945,23.859889818404437,25.49668874172184,0.7234905457411429,1.1333035287876079,26.718334597589454,23.770665402410543,0.009075342996702752,0.015755670161485907,0.01665144964088432,66201167.0,-1.4173910718452947,0.0,0.0,-1,0.0,0,70.28571428571429,-0.17254140380657054,-0.006562756357670228,-0.4749578437041516,0.10855100298743808,0.25011350991871556,-0.034702832070203415,0.021528070915998176,-1.6080130242102484,0.028925619834710717,0.0
2024-10-11,24.58,24.2,0.004531418670485014,0.011834457647002798,0.022979912399726472,-0.2845902263388177,0.015580470975248019,24.961999999999996,25.2445,24.310666666666666,4,11,10,24.825116954761498,23.9063485397977,26.22950819672124,0.645324388011602,1.0357077006324067,26.718334597589454,23.770665402410543,0.011651655130119294,0.01372579984955483,0.016203294721813952,67556011.0,-0.9017294085602675,0.0,0.0,-1,0.0,0,71.65714285714286,-0.1580742889037311,0.00537190082644624,-0.6041665692573267,0.19606488552944001,0.21789031768421913,-0.01876247504990025,0.0,0.8926761456798339,0.01790073230268502,0.0
2024-10-14,24.7,24.58,0.006554714168645068,0.005865119452398279,0.007202418212048782,-0.7326539601761408,0.00487013949604273,24.822,25.2605,24.436333333333334,0,14,10,24.802368417532133,23.957551859810753,25.0,0.5863016218359078,0.9458264848731069,26.70139847701067,23.81960152298933,0.012063005763898328,0.013623484972589412,0.016113851719426923,68207192.0,-0.7779868032934981,0.0,0.0,-1,0.0,0,74.22857142857143,-0.1705180642185926,-0.0036615134255492216,-0.7877487295046045,0.20491756298906105,0.2162661193649831,-0.009623095429029727,0.01312551271534046,0.18070815060236337,0.016599190283400816,0.0
2024-10-15,24.93,24.7,0.010560618050622922,0.012516620565246314,0.014857299852683248,0.636228122134302,0.009268653901534947,24.776999999999997,25.2915,24.56433333333333,1,15,10,24.825574159799018,24.020290449500383,24.49664429530202,0.551724792247132,0.867006146347912,26.67169487563745,23.91130512436255,0.010000419120041683,0.01372550234409863,0.016123803093976197,69437495.0,-0.5238390699473343,0.0,0.0,-1,0.0,0,71.14285714285715,-0.1789938227337582,0.002024291497975737,-0.5942695150215719,0.21756833756909427,0.21788559493151438,0.0036231884057971175,0.025503907856849084,-0.6087065796315145,0.014332129963898863,0.0
2024-10-16,25.41,24.93,0.008449054486527663,0.013557102490188194,0.008449054486527663,-0.03062003068867827,0.019070899796606325,24.810000000000002,25.3355,24.68466666666667,2,16,10,24.931833403471924,24.10994913017778,38.17034700315458,0.5566378198656494,0.8049324810514595,26.66878995543437,24.00221004456563,0.011268387575698393,0.014207989654168458,0.015463549775396537,70630697.0,0.11175363572844008,0.0,0.0,-1,0.0,0,69.02857142857142,-0.16950511790091335,0.0012033694344164114,-0.5750868853785334,0.16524677938006685,0.22554484353065002,0.0422477440525022,0.03587443946188329,-0.8295805308221964,0.019283746556473767,0.0
2024-10-17,25.08,25.41,0.017080852215360147,0.00039285013272875126,0.0006768542158285074,0.15398257058171594,-0.013072081567352888,24.811,25.319,24.784333333333333,3,17,10,24.958772784658844,24.172533057263088,34.97109826589595,0.5278188207648746,0.7495097489941427,26.656568886568024,23.981431113431974,0.012155543304335967,0.012095006366458718,0.015733180955183706,69238862.0,-0.3573647718634282,0.0,0.0,-1,0.0,0,68.57142857142857,-0.1658152132589676,-0.0007870916961825885,-0.4434625716947217,0.20000172468939043,0.19200227370835635,0.036363636363636376,-0.012987012987013102,-1.2345943957925194,0.019262360446570988,0.0
2024-10-18,25.21,25.08,-0.005133278794241989,0.0027456381241319763,0.004119318047664518,-0.18212888010247516,0.005170025435108657,24.827,25.2955,24.889666666666667,4,18,10,25.00445046017542,24.239466408407406,37.53501400560226,0.5095951739393172,0.7015268339831776,26.622839642410646,23.968160357589355,0.01225287946184093,0.011889008542546613,0.015690363978787217,70398948.0,-0.12882912145186726,0.0,0.0,-1,0.0,0,72.42857142857143,-0.1842687198435325,0.007177033492823098,-0.5631455142098686,0.1853416467938449,0.1887321596322049,0.025630593978844596,-0.01830218068535816,-0.7995179361101266,0.017850059500198447,0.0
2024-10-21,24.59,25.21,-0.0035693077751205618,-0.012613490053563995,-0.021766276481954512,-0.2169111062250554,-0.02490088497172726,24.791999999999998,25.223499999999998,24.962666666666667,0,21,10,24.929095831052614,24.262081478832734,38.61671469740637,0.4400513460966202,0.6492317364058662,26.539255136393702,23.907744863606293,0.014622657904416919,0.012494696932066543,0.01641004704562252,69465077.0,-0.9629451293442497,0.0,0.0,-1,0.0,0,69.8,-0.20626803273543873,-0.0015866719555731514,-0.9380373530270033,0.28116842229213834,0.19834716473621866,-0.00445344129554659,-0.055320783711102606,-0.45698468624432725,0.02724684831232215,0.0
2024-10-22,24.89,24.59,-0.032299941510109696,-0.006366913668954662,-0.01188782189927309,0.15974376805762322,0.012126260151399502,24.797,25.158,25.028000000000002,1,22,10,24.92198749813395,24.30259235116611,47.26224783861675,0.40448223486833257,0.6002818360983595,26.397279926748254,23.918720073251748,0.015178736529014114,0.012777829755265046,0.016047747477417846,70560704.0,-0.43250922445456796,0.0,0.0,-1,0.0,0,70.37142857142858,-0.188798057620381,-0.008946726311508698,-0.6877954025876414,0.28834674392091314,0.2028417589653158,-0.0016044925792217946,-0.04999999999999993,-0.5023788473591216,0.03214142225793494,0.0
2024-10-23,25.69,24.89,0.01668400856388152,0.026006193746924335,0.02162025881750415,0.15663657319126545,0.03163569474229169,24.927999999999997,25.12,25.122,2,23,10,25.061626134836867,24.392102522058618,57.27699530516431,0.435822877240831,0.5673900443268538,26.232607179934217,24.007392820065785,0.016586876298301533,0.014745061569824506,0.016872156609043953,71842117.0,1.024620387644277,0.0,0.0,-1,0.0,0,63.2,-0.17238192977212888,-0.004419445560466028,-0.42604028256812454,0.3508360696776638,0.2340705958805478,0.011019283746556585,-0.02873345935727778,0.1553249338464429,0.03620085636434409,0.0
2024-10-24,25.89,25.69,0.0399499436922569,0.012753796062570415,0.03878602503515645,-0.29025102672915,0.007754982641654048,25.097,25.1065,25.19533333333333,3,24,10,25.212239564866525,24.48874106902258,59.459459459459445,0.47136528505699715,0.5481850924728825,26.17150852479865,24.04149147520135,0.015973133479358005,0.014697822940536067,0.015789425441880618,72800711.0,1.4713497249200471,0.0,0.0,-1,0.0,0,62.94285714285714,-0.17296902742015322,0.0038925652004670247,-0.7194019057643718,0.32340287470362933,0.2333207058883111,0.03229665071770338,-0.010321100917431214,-0.6521072845296119,0.010814986481266805,0.0
2024-10-25,25.87,25.89,0.008494259567306801,0.002301496988279389,-0.005449604767564703,0.04133319605646529,-0.000772797565508449,25.226000000000003,25.094,25.238333333333333,4,25,10,25.33183237125443,24.577854548440477,60.68965517241377,0.4922447751117538,0.5369970290006568,26.113832803633755,24.074167196366247,0.015811788435016544,0.014695781006356125,0.014391781559490297,71801665.0,1.521818080836472,0.0,0.0,-1,0.0,0,58.74285714285715,-0.17717871397340856,0.00463499420625728,-0.627065692240086,0.32771602492576524,0.23328829118810898,0.02618008726695753,-0.009571209800918856,-0.35621763476041796,0.01855431001159646,0.0
2024-10-28,25.96,25.87,-0.00038454143907814804,0.0057306747089850745,0.012027303081984735,0.055796744596150916,0.0034728956379514375,25.351999999999997,25.087,25.291,0,28,10,25.446044667389984,24.667025222734644,62.90322580645161,0.5101732100536616,0.5316322652112577,26.079309374507723,24.094690625492277,0.015821544967023236,0.014720519246506638,0.014270800199333225,72858039.0,1.7595319008914752,0.0,0.0,-1,0.0,0,60.85714285714287,-0.1751172099318736,0.0050251256281406646,-0.6019199217491266,0.20296536456288763,0.23368099857597888,0.055713704758031835,-0.005363984674329525,1.4804681201517118,0.012326656394453015,0.0
2024-10-29,26.36,25.96,-0.005012541823544286,0.006076737271408155,-0.01554636829718047,0.6442377570069998,0.015290817798417145,25.494999999999997,25.136000000000003,25.359333333333332,1,29,10,25.612218364228166,24.776249401913056,73.13084112149531,0.550314596859387,0.5353687315408836,26.27514834300344,23.996851656996565,0.01611657314515627,0.013602326089374278,0.014436377979114389,74869940.0,2.14897384966183,0.0,0.0,-1,0.0,0,60.057142857142864,-0.1775215321663415,-0.003466872110939902,1.9169451398807262,0.20545634802780324,0.21593023250694052,0.059059863398955414,0.0386130811662726,1.1956136576162766,0.03338391502276172,0.0
2024-10-30,26.98,26.36,0.01876371343636866,0.02726592809768226,0.030664826766646693,-0.42902542850402925,0.023248141145303436,25.651999999999997,25.231,25.441,2,30,10,25.8609059343685,24.91842685985415,79.44915254237286,0.6249516993782969,0.5532853251083663,26.636296747084923,23.82570325291508,0.01656519893065344,0.01400426821474823,0.014887023537807404,76179976.0,2.489153986342082,0.0,0.0,-1,0.0,0,57.2,-0.17007812541492207,0.0,0.20813232483610997,0.1537991113805605,0.22231086593802182,0.05021409108602559,0.07575757575757591,0.559926060459435,0.030207561156412203,0.0
2024-10-31,26.6,26.98,0.010941440977547009,0.002575898388431817,0.005492958218970781,-0.02612539307749619,-0.014184634991956413,25.804000000000002,25.307499999999997,25.480666666666668,3,31,10,25.995286673574224,25.02691544954098,71.39830508474577,0.6459927147491982,0.5718268030365327,26.83698391708792,23.778016082912075,0.016708987059748014,0.014541746998563655,0.013875707474503198,74903722.0,1.6901125739993048,0.0,0.0,-1,0.0,0,40.45714285714286,-0.16091008041837776,-0.012231282431430757,0.0865180173125157,0.2313943097051273,0.2308430771197162,0.0274237157203554,0.061029118468288734,-0.13021873370475304,0.027819548872180525,0.0
2024-11-01,26.17,26.6,0.0029973795389742594,-0.015182665278343976,-0.012545308042933915,-0.07707500613658458,-0.01629749924559892,25.9,25.3635,25.497,4,1,11,26.027052732924364,25.100662839893175,64.6123260437376,0.6208141061110304,0.5816242636514323,26.934731833207064,23.792268166792933,0.01813197092168641,0.015149972810540629,0.014135799572992531,73722140.0,1.0265830706266224,0.0,0.0,-1,0.0,0,50.48571428571429,-0.1675435192751802,0.004887218045112744,-0.23056118616242766,0.2786941527763337,0.24049836255648463,0.011596443757247776,0.04471057884231544,0.048399689988954685,0.025219717233473448,0.0
2024-11-04,25.67,26.17,-0.022319821954751753,-0.02264247674975989,-0.027143969724154473,0.18210050101117253,-0.019290721659005455,26.008,25.4,25.485,0,4,11,25.962134054210843,25.137394269577488,56.981132075471706,0.5541264314673242,0.5761246972146107,26.963706797122605,23.836293202877393,0.01723493751917516,0.015833789164242693,0.014367038363708621,72304555.0,0.3453332817850928,0.0,0.0,-1,0.0,0,42.42857142857143,-0.15254570857151795,-0.0011463507833397453,0.4758823690764042,0.3168557913390925,0.2513536106424925,-0.011171032357472965,0.029270248596631854,0.6650556270694944,0.029606544604596725,0.0
2024-11-05,25.81,25.67,-0.02204691889298059,-0.006125593426682731,-0.006309169193264721,-0.3341695606818424,0.005439018847473276,26.1,25.448500000000003,25.471999999999998,1,5,11,25.934473317081597,25.180788187669265,54.032258064516114,0.5067315133679244,0.5622460604452735,26.99919118714648,23.897808812853526,0.017028256595648043,0.01579987790735153,0.014350549228061183,73319450.0,0.46624370215866706,0.0,0.0,-1,0.0,0,43.54285714285715,-0.15620210093282863,-0.0038955979742891084,-0.7453902719872129,0.28887725136094505,0.25081528612821463,-0.020864946889226132,0.039049919484702045,1.0868286808697079,0.029445951181712438,0.0
2024-11-06,25.15,25.81,0.026246199734537557,0.025774788806103177,-0.04338411493040378,1.0238403670096,-0.025904117184774287,26.046000000000003,25.487000000000002,25.42866666666667,2,6,11,25.79184180488494,25.178801852980925,50.66162570888469,0.411174452026593,0.5320317387615374,26.962399678231403,24.0116003217686,0.016097265273981247,0.016351852289490407,0.014931856688235424,70494119.0,-0.45682536735262624,0.0,0.0,-1,0.0,0,44.0,-0.15701529874004874,0.017047655947307297,3.266420649449316,0.18496720614198672,0.25957760779952266,-0.06782802075611571,0.03158326497128794,1.4481588650257065,0.09992842942345916,0.0
2024-11-07,26.31,25.15,-0.038839833316263894,-0.009396589907461764,0.04219670137311604,-0.5329127504719705,0.045091198506453205,26.088,25.5925,25.43366666666667,3,7,11,25.88605238581495,25.25178237859506,58.70253164556961,0.4241576723201206,0.510456925473254,26.97952066162998,24.205479338370022,0.022124954376459404,0.018959628134401343,0.017164219604040215,72152286.0,1.0345916536770494,0.0,0.0,-1,0.0,0,59.05714285714286,-0.13662407920794145,0.003976143141153138,0.7820960492898843,0.464189163652556,0.3009747659633367,-0.010902255639097858,0.08719008264462813,1.489996491733477,0.04637020144431771,0.0
2024-11-08,26.08,26.31,0.037696322614184985,0.006807152684015742,0.017695964099995912,-0.1819762953351676,-0.008780357993749148,26.108999999999998,25.6675,25.432333333333336,4,8,11,25.921315588394048,25.305215773524413,62.56323777403035,0.4111484269965828,0.49059522577791986,26.984448226612546,24.350551773387455,0.022371211840413376,0.01897772750547795,0.017241532863236902,70770003.0,0.626448316895541,0.0,0.0,-1,0.0,0,59.42857142857144,-0.142047406707863,-0.003420752565564419,0.17641577671755243,0.4526167233843541,0.301262084571869,-0.0034390523500192893,0.06102522375915376,1.3934003480947363,0.03642638036809814,0.0
2024-11-11,26.47,26.08,-0.001144819815933196,-0.00040532325083725567,0.0077247098805347395,0.12266005657109105,0.01484327918055764,26.160000000000004,25.756,25.444666666666667,0,11,11,26.02107639050422,25.380363142974453,63.12292358803986,0.4273816572759088,0.47795251207751765,27.036582104480125,24.475417895519875,0.022800868891459002,0.019159266351471825,0.017452159183123067,72332674.0,1.1151178788178657,0.0,0.0,-1,0.0,0,66.6,-0.1352386012904511,0.004217791411043059,0.4960429320821139,0.42768819513955825,0.3041439244106537,0.031164783794312312,0.07165991902834001,0.5704647339267505,0.0279523989421988,0.0
2024-11-12,25.91,26.47,0.002288330518012216,0.02043541297219095,-0.001162833503961535,0.35986725316868273,-0.021383021664991265,26.115,25.805,25.462333333333333,1,12,11,26.000880683139815,25.414533262782555,51.9031141868512,0.39055718917821736,0.4604734474976576,27.026121141453302,24.583878858546697,0.023368390824196297,0.019882164941148594,0.017130372306659668,70093149.0,0.1719731096867851,0.0,0.0,-1,0.0,0,66.71428571428571,-0.14678974831073957,-0.008311295806573436,1.7654617591149284,0.4710870084787771,0.315619583759078,0.0038744672607518016,0.03931006819093463,1.0004108044177795,0.05094558085681205,0.0
2024-11-13,26.8,25.91,0.007590169266675653,0.02110704267432875,0.01191176428381615,0.0468362055910008,0.03377289294279242,26.097,25.8745,25.51966666666667,2,13,11,26.14617510438712,25.50391821357078,57.03245749613602,0.42825246700278186,0.4540292513986825,27.15761258069422,24.591387419305782,0.02485891764007553,0.020830910306243205,0.01800624119555975,72440060.0,1.4425858087982637,0.0,0.0,-1,0.0,0,66.31428571428572,-0.14084459639539332,0.02084137398687762,1.7186246718589044,0.4487228283318195,0.33068044952047115,0.0656063618290259,0.054702872884691,-0.09334069283899617,0.05932835820895522,0.0
2024-11-14,26.22,26.8,0.012399181958718046,-0.029231164167069557,-0.002677377770716403,-0.2108977488594763,-0.02187940918125724,26.058999999999997,25.9315,25.558,3,14,11,26.159597812680367,25.5501170385017,52.48933143669984,0.4066376280675783,0.44455092673246166,27.166383757580352,24.696616242419648,0.025429669348349854,0.021263095172145727,0.01852894729869326,70539398.0,0.4672504569422626,0.0,0.0,-1,0.0,0,60.31428571428573,-0.14108375401941098,-0.000746268656716402,0.7955310095521732,0.38843005841259653,0.33754117157397434,-0.0034207525655644,0.045454545454545414,0.7626115620355178,0.03279938977879479,0.0
2024-11-15,27.18,26.22,-0.021132861927472803,0.009961344129672907,0.0,0.13528516333511983,0.03595893038744397,26.160000000000004,26.03,25.629,4,15,11,26.345125483102116,25.655270777953206,57.72151898734177,0.461650074735811,0.44797075633313155,27.334857322306874,24.72514267769313,0.02737004465019485,0.022596305625404756,0.01958650249625226,72715396.0,1.7626448199974838,0.0,0.0,-1,0.0,0,51.2,-0.14272420085672533,0.0,1.1845618394297213,0.45514087889282967,0.3587052314017849,0.04217791411042948,0.07814359381197922,-0.2638866816142279,0.04157468727005147,0.0
2024-11-18,27.45,27.18,0.040730457150059886,0.017828378346375025,0.034628977577318816,-0.49716837820043563,0.009884759232541925,26.338,26.173000000000002,25.712666666666667,0,18,11,26.54601175890173,25.77105976002074,57.014157014157014,0.5210284865159238,0.46258230236969,27.439692335842885,24.90630766415712,0.026144166973750212,0.021592655273948717,0.019577031290631302,74038948.0,2.0162749293817326,0.0,0.0,-1,0.0,0,50.285714285714285,-0.1397712421012631,0.00478292862398819,-0.4303286680326819,0.4521275284262908,0.3427727760024934,0.03702304495655451,0.11630744204961374,-0.09737785489925818,0.02550091074681236,0.0
2024-11-19,28.1,27.45,0.0007320644543630038,0.02175937463484766,0.006269613013595395,0.5602127043168772,0.023403408384160614,26.566999999999997,26.333499999999997,25.82133333333333,1,19,11,26.82855507546505,25.921313969051663,57.17948717948718,0.613464239488767,0.49275868979350546,27.723195536514883,24.94380446348511,0.026652284428892926,0.021923554386099834,0.019866923104663002,76356547.0,2.5422834766096716,0.0,0.0,-1,0.0,0,49.51428571428572,-0.13493866078771352,-0.004371584699453588,1.2985037650590294,0.37838083711677306,0.34802563656131696,0.0845233500578928,0.1289674568099639,-1.2974963977169045,0.040569395017793615,0.0
2024-11-20,27.66,28.1,0.02171638001710881,-0.0024730625570354315,0.011514337209770612,-0.18252946596506445,-0.01578225010308797,26.818,26.432,25.930666666666664,2,20,11,26.97972687992595,26.03348726137091,56.74300254452925,0.6437946529063652,0.5229658824160774,27.906336246729325,24.957663753270673,0.025383741742214725,0.021561805652558035,0.019760178345576127,74425616.0,1.6658343749252638,0.0,0.0,-1,0.0,0,49.51428571428572,-0.12998782121356986,-0.006049822064057,0.5284915873095543,0.3965966663929279,0.34228305344505194,0.03208955223880605,0.07668353444920206,-0.037080312516932855,0.027295733911785938,0.0
2024-11-21,28.35,27.66,-0.011523354015022315,0.012479290168904741,-0.001272843157573503,0.029845392862400687,0.024639703937148927,27.022000000000002,26.555,26.069,3,21,11,27.22886744721214,26.182939696121178,63.42364532019703,0.7152638411633809,0.5614254741655381,28.23505639003072,24.87494360996928,0.0227696287466786,0.02205940944010125,0.019975569782439154,76415045.0,2.1368330380472296,0.0,0.0,-1,0.0,0,56.60000000000001,-0.12513138267902352,-0.0018076644974692954,0.5620835352881665,0.3177788444422159,0.35018226868475094,0.08123569794050356,0.09501738122827352,-1.119747090977635,0.04038800705467371,0.0
2024-11-22,28.58,28.35,0.02503707318174515,0.0019195538570158182,0.025154039116385498,0.08107791531501216,0.008080142327960192,27.272,26.690499999999997,26.202333333333335,4,22,11,27.474527911355384,26.33758874798433,68.53503184713374,0.7814546428899511,0.6054313079104208,28.563942932424535,24.81705706757546,0.022026733054934015,0.02203119397556282,0.019889533471208986,78572492.0,2.0171417738939965,0.0,0.0,-1,0.0,0,60.71428571428572,-0.12416095678790232,-0.0014109347442681727,0.7997178595593838,0.2599028668047611,0.34973436207098185,0.05150846210448856,0.1047545419404714,-1.1063231737088473,0.017494751574527644,0.0
2024-11-25,28.96,28.58,0.015422668119551158,0.01625489706508175,0.01479421135527274,1.6718231370531842,0.013208395015794403,27.520999999999997,26.840500000000002,26.344333333333335,0,25,11,27.744613745654405,26.50677657069502,69.46847960444993,0.8547214574291182,0.6552893378141603,28.935028963501384,24.74597103649862,0.021986596731468803,0.02209956081316856,0.019943730025345816,90054126.0,2.0238440593887748,0.0,0.0,-1,0.0,0,62.88571428571429,-0.1203771161878577,0.005948215535339458,4.149164211468032,0.2607783119376709,0.35081965197235426,0.05500910746812382,0.11556240369799697,-1.2972490672953736,0.018991712707182223,0.0
2024-11-26,29.36,28.96,0.006586953959978477,0.012613086935770339,0.008356594590941272,-1.9194734793594919,0.013717636228799126,27.865999999999996,26.990499999999997,26.492,1,26,11,28.038320337353603,26.690855501617925,76.88378033205618,0.9342926487925212,0.7110900000098326,29.35272442001709,24.628275579982905,0.019220593604356715,0.022065562243553414,0.01999019238629655,91738300.0,2.006159939691806,0.0,0.0,-1,0.0,0,65.91428571428573,-0.1157483399371734,-0.0006906077348066151,-0.2586092003712803,0.23873244556067535,0.35027994141155266,0.04483985765124543,0.11380880121396064,-1.284078863610578,0.023160762942779283,0.0
2024-11-27,29.57,29.36,0.02153561266104794,0.009775907957708203,0.019231361927887592,-0.4779590743999048,0.007127130118071026,28.143,27.119999999999997,26.630666666666666,2,27,11,28.316807548743853,26.87660675957806,73.69186046511626,1.002739677367348,0.7694199354813357,29.748739942293508,24.491260057706487,0.017686739683797602,0.02166716933294081,0.019827838060042055,92782568.0,1.8640109358725216,0.0,0.0,-1,0.0,0,64.4,-0.11242841735782777,0.00715258855585834,-0.5389619222605796,0.11237563199980545,0.34395565001811984,0.06905278380332613,0.09599703484062272,1.3027313831435665,0.013865404125803183,0.0
2024-11-29,29.81,29.57,0.006740841163299142,0.006020085070937603,0.0059347355198145265,-0.11917073499548192,0.008083573825594152,28.502,27.280499999999996,26.788333333333338,4,29,11,28.58829708533588,27.065857936379476,77.06821480406384,1.0640843330613876,0.8283528149973461,30.155960420798323,24.40503957920167,0.013855264262611982,0.021211862460006215,0.019530436165534383,93709519.0,1.7593704171366935,0.0,0.0,-1,0.0,0,65.0,-0.10926414993325252,0.006763611768684453,-0.5813241600583967,0.050553136781765234,0.3367278774820993,0.051499118165784674,0.12067669172932316,0.552020309225352,0.013921502851392122,0.0
2024-12-02,28.96,29.81,-0.012846694596858993,-0.013596516632260247,-0.03247079792084807,0.7802660727352997,-0.028928340172464435,28.68,27.419999999999998,26.913333333333334,0,2,12,28.65587943345663,27.188060650161447,66.9387755102041,1.0322138002511814,0.8691250120481133,30.33899766502472,24.501002334975276,0.01656444985351195,0.022051793501977113,0.02052049389444786,91686863.0,1.055156719343905,0.0,0.0,-1,0.0,0,65.31428571428572,-0.12340290194414187,-0.014089231801408862,-0.11120669234984971,0.28165512758842143,0.3500613694150894,0.013296011196641144,0.10661062285059231,-2.079644074699264,0.03297306629834261,0.0
2024-12-03,28.9,28.96,-0.015429759227488175,-0.013098766854421354,-0.009831581769841249,-0.14346060295652083,-0.00207397239912926,28.825,27.5815,27.057,1,3,12,28.700264991009966,27.29850835015103,71.82481751824815,0.9906945645708021,0.8934389225526511,30.449796945649066,24.71320305435093,0.016721259573604937,0.021377902062881884,0.019806269780787734,89934525.0,0.9193608785868834,0.0,0.0,-1,0.0,0,59.57142857142858,-0.12446635563373963,-0.0006906077348066151,-0.24079314012386444,0.2661873087202207,0.339363674464081,-0.002071823204420009,0.1258278145695364,-1.6473770708995141,0.02941176470588228,0.0
2024-12-04,28.72,28.9,-0.0010371651750831577,-0.0010279253946059396,0.010383296289038797,-0.33080630950832024,-0.006247850938363027,28.887,27.726999999999997,27.184666666666665,2,4,12,28.703853174462697,27.390217488850965,65.63517915309444,0.932516307960011,0.9012543996341231,30.510916967908564,24.94308303209143,0.015710174205417184,0.021557040871371617,0.019879717019132995,88675743.0,0.7133833454422307,0.0,0.0,-1,0.0,0,57.48571428571429,-0.1270837471402226,0.00034602076124572883,-0.470038056600056,0.23550036008711625,0.34220741488862655,-0.021798365122615793,0.11274699728787296,-1.3722711142920614,0.018248607242339857,0.0
2024-12-05,28.83,28.72,-0.009034112867506121,-0.00481100584309154,-0.005457177952983049,0.15749729373403196,0.0038227674702874348,29.004,27.911,27.289333333333335,3,5,12,28.726788960924022,27.483106683118645,73.01587301587301,0.8850830150830689,0.8980201227239124,30.453770142973738,25.368229857026265,0.014388605807883755,0.02028626312767456,0.019206060473646164,90149245.0,0.7228337193901752,0.0,0.0,-1,0.0,0,54.91428571428572,-0.13080813390941465,-0.002437325905292489,-0.3419045505198851,0.22631513751280918,0.32203444359987743,-0.02502536354413265,0.14632206759443345,-1.4519491339317614,0.01873048907388147,0.0
2024-12-06,28.55,28.83,0.006609869255999737,-0.0003445305804968187,-0.01165061721997525,-0.0037811418582526183,-0.009759575548291537,29.024,28.022999999999996,27.378,4,6,12,28.69464551348329,27.55193851001422,63.727454909819656,0.8154975803209865,0.8815156142433274,30.46414813367091,25.58185186632908,0.012950596920052317,0.018377570246383618,0.019353156764475833,88681304.0,0.4317640480158164,0.0,0.0,-1,0.0,0,52.142857142857146,-0.13398391577393498,0.00034686090877563525,-0.33966375039403224,0.19450827635308512,0.29173488344130644,-0.0422676954042267,0.08513873052071474,-1.3127988604296263,0.030122591943957947,0.0
2024-12-09,28.2,28.55,-0.012210163906931396,-0.006742181300919104,-0.011608309654370501,0.19162502385888147,-0.012334958157951397,28.986,28.129,27.45566666666667,0,9,12,28.604709965577236,27.593748928722984,57.396449704142015,0.7237654296632776,0.8499655773273175,30.392559376873123,25.86544062312688,0.013267269230764529,0.018524715687028837,0.01955208520651204,86903310.0,0.0627330572596485,0.0,0.0,-1,0.0,0,49.25714285714287,-0.12948650803056524,-0.002101576182136682,-0.2094849131419273,0.101192300261749,0.294070744896332,-0.026243093922652005,0.0812883435582823,0.5875744178240119,0.03510638297872335,0.0
2024-12-10,27.86,28.2,-0.019493794681001014,-0.014677880146032453,-0.0059454278366364985,0.17698401613280618,-0.012130009592408224,28.875999999999998,28.198500000000003,27.519000000000002,1,10,12,28.4693081536541,27.61092641719247,47.47899159663863,0.6165249648498161,0.8032774548318172,30.329032673695213,26.067967326304792,0.012581777357382267,0.018674053401138983,0.019745453044698654,84781075.0,-0.31776090944703184,0.0,0.0,-1,0.0,0,46.971428571428575,-0.12588621341348646,-0.009219858156028299,-0.06679023601016143,0.10591535168724159,0.29644140761372184,-0.03598615916955017,0.05251227805062331,1.5831405692878044,0.026381909547738672,0.0
2024-12-11,28.07,27.86,-0.017328953488990727,-0.008307604120808925,-0.019340139392111474,-0.03654840985602561,0.007509422022131568,28.747000000000003,28.3065,27.576,2,11,12,28.396706671171536,27.640544067696183,54.525386313465795,0.5422308688865662,0.751068137642767,30.1479556598971,26.4650443401029,0.011734161811498632,0.01782554657536496,0.019620532323862707,86827146.0,-0.2568620088449102,0.0,0.0,-1,0.0,0,49.2,-0.12780019806341675,-0.014357501794687673,-0.09687555760579092,0.15034058297901207,0.28297177933328865,-0.02263231197771587,0.08336549594751053,0.6458253057268197,0.0366939793373709,0.0
2024-12-12,28.34,28.07,0.01983118893219226,0.01759369800699734,0.03044914848054279,-0.07304169312473253,0.00957284388874318,28.623999999999995,28.383499999999998,27.621333333333332,3,12,12,28.386396367322163,27.685670256877074,49.87834549878344,0.49938243622149514,0.7007309973585127,30.083038946766912,26.683961053233084,0.012026696383941802,0.016423901017151025,0.01926253325087373,88729096.0,-0.05119035381066087,0.0,0.0,-1,0.0,0,47.114285714285714,-0.13064400928499864,-0.002137513359458451,-0.15195982945453732,0.17432823585684049,0.26072134589353435,-0.0169961845300034,0.057462686567164134,0.5922226223203181,0.02437896965419911,0.0
2024-12-13,28.47,28.34,0.0056959926162640515,-0.005947192620673649,0.0035997762703443115,-0.21831807186073648,0.004576667027411673,28.49,28.496000000000002,27.683666666666667,4,13,12,28.40159702780904,27.736272175788233,48.6284289276808,0.47049112930474024,0.6546830237477583,29.85662524327245,27.135374756727554,0.011672538527345408,0.015372509049386734,0.019031227035633445,90258016.0,-0.038217723989113404,0.0,0.0,-1,0.0,0,49.114285714285714,-0.13677261144417024,-0.005998588567395841,-0.31168886130780943,0.17110438678238607,0.2440310158306034,-0.0028021015761822143,0.08581235697940515,-0.4866001662548848,0.01475237091675454,0.0
2024-12-16,28.17,28.47,0.009187343774627106,0.014283468753649763,0.003200002730671071,0.19723242199546973,-0.010593319401664827,28.411,28.545499999999997,27.750333333333334,0,16,12,28.359488477298303,27.76425461605996,39.94910941475826,0.41856214377959233,0.6074588477541252,29.769737249108147,27.321262750891847,0.008528806133721973,0.013666797705301558,0.018868532202427,88395750.0,-0.6134431872148068,0.0,0.0,-1,0.0,0,56.057142857142864,-0.13795945164484005,-0.0014049877063575394,-0.15399138567563725,0.16394560305459907,0.21695368768113682,-0.0010638297872339608,0.036423841059602724,-0.4880295034679353,0.026269080582179565,0.0
2024-12-17,28.35,28.17,-0.015240415487704521,-0.008859608024553826,-0.011424615514988228,-0.12119269240528344,0.0063694482854799285,28.356,28.590500000000002,27.83966666666667,1,17,12,28.3577632996077,27.80204464083029,36.38814016172507,0.3874660765586988,0.5634602935150399,29.706573474283225,27.47442652571678,0.009007579296613267,0.013579565179894407,0.018424786680859128,90045463.0,-0.4309752100406431,0.0,0.0,-1,0.0,0,51.4,-0.14520517778037767,-0.006034788782392677,-0.25791611363136047,0.12806371312851292,0.21556891427035615,0.017587939698492594,0.032786885245901676,-1.952872760342657,0.028395061728395052,0.0
2024-12-18,27.38,28.35,0.011010588948604358,0.010932863777558229,-0.021412540104906445,-0.07529765091868025,-0.03481421031345833,28.221999999999998,28.5545,27.892,2,18,12,28.179988154224482,27.77481595432511,25.503355704697938,0.28130857572684675,0.5070299499574012,29.778427672441083,27.33057232755892,0.013656042136682667,0.014766851940384716,0.019660193092466617,88515408.0,-1.9192310566154631,0.0,0.0,-1,0.0,0,33.12857142857143,-0.1217423016332142,-0.0014109347442681727,-0.2935465657906975,0.2883088690059082,0.23441650728941735,-0.024581403633772703,-0.025622775800711817,-1.4112484525751305,0.062454346238129926,0.0
2024-12-19,27.21,27.38,-0.0275756058232994,-0.03441350825389687,-0.0018358734732316375,0.2643077547091589,-0.006228267065147798,28.060000000000002,28.532000000000004,27.96066666666667,3,19,12,28.00362667163821,27.738376215336395,20.454545454545453,0.18136969529475166,0.44189789902487137,29.83889829669082,27.225101703309186,0.013325793524633775,0.014426913135570514,0.019026137427121736,86522467.0,-2.023110755209372,0.0,0.0,-1,0.0,0,19.51428571428572,-0.09740962601357957,0.0058436815193572,-0.08604558638385756,0.2587086470756679,0.22902014605830393,-0.03987297106563159,-0.01626898047722336,-1.2574300476427216,0.0286659316427783,0.0
2024-12-20,27.75,27.21,-0.01832224212574547,-0.0007147963134937593,-0.021921739828189325,2.1500137774179704,0.019651287397288494,27.98,28.502000000000002,28.008666666666667,4,20,12,27.95751273134035,27.739126136927595,35.20782396088018,0.14408003461097252,0.3823343261420916,29.853281652825125,27.15071834717488,0.015443291148931457,0.013987761238971814,0.017507185142729385,103631819.0,-1.1130174059979254,0.0,0.0,-1,0.0,0,27.600000000000005,-0.11205848406057398,-0.006247703050349199,3.539190746106644,0.3207150007140195,0.22204882582120886,-0.025289778714436162,-0.021164021164021163,-0.43256395293281674,0.048648648648648575,0.0
2024-12-23,28.1,27.75,0.009203083545483713,0.006414847371831041,0.02127838701890263,-2.4446199537909212,0.012533736147256657,27.97,28.477999999999998,28.076,0,23,12,27.983419507460287,27.762408321641946,40.86757990867582,0.14114277869506608,0.33409601665268657,29.84045289633641,27.115547103663587,0.015738058856166488,0.014176547024937692,0.01749261179985882,105116211.0,-0.554881568407136,0.0,0.0,-1,0.0,0,30.142857142857142,-0.12447185331345596,-0.01657657657657661,-0.3541905261231047,0.33698184859913605,0.22504570726558634,-0.002484913028043989,-0.01679496151154647,-1.2416779402744649,0.03407473309608539,0.0
2024-12-24,28.52,28.1,0.032092171750286974,0.014109581516319993,0.029620389286148956,-0.8751545839878949,0.014836019206394994,28.036,28.456,28.144333333333336,1,24,12,28.080979597012963,27.81128520411666,47.83549783549785,0.17073731860488195,0.30142427704312563,29.799763763698895,27.112236236301104,0.015802256413332067,0.014267137827105298,0.017492432950496465,105734902.0,0.09525483828173976,0.0,0.0,-1,0.0,0,34.51428571428571,-0.1277259594821159,0.0028469750889679106,-0.49929190660067907,0.35281169751904845,0.22648379166721835,0.005996472663139185,-0.015193370165745845,-1.3444106460993668,0.018934081346423534,0.0
2024-12-26,28.63,28.52,0.009535654101805858,0.006284936889178886,0.006760388672050678,0.23344795265481555,0.0038495235639284054,28.092000000000002,28.419500000000006,28.235000000000003,3,26,12,28.18080148846515,27.864105513528493,47.83549783549785,0.20075312829371583,0.2812900472932437,29.69794436718954,27.141055632810474,0.015713399963536816,0.013904417937800161,0.016905496896961726,106516276.0,0.32930646870891256,0.0,0.0,-1,0.0,0,34.17142857142857,-0.13567955511532934,-0.0024544179523141754,-0.4379118978409943,0.1634000382777312,0.22072579193114872,0.04565376186997816,-0.024863760217983644,-0.8154317542381143,0.018512050296891413,0.0
2024-12-27,28.48,28.63,-0.0014069647062433055,-0.005934735519814578,-0.0024853554423024536,0.6083107202359471,-0.005253032566248634,28.106,28.365,28.290999999999997,4,27,12,28.235201217835122,27.903840641687946,49.220489977728285,0.21001619140270122,0.2670352761151352,29.524319219469007,27.20568078053099,0.01562457331498406,0.013789873688307896,0.015928960160776363,105080638.0,0.19839229449275303,0.0,0.0,-1,0.0,0,33.82857142857143,-0.12732994752014867,-0.00768424729304921,-0.2574588714938934,0.15775772743367797,0.21890745834153433,0.04667401690554951,-0.03686168413933044,-0.7354586301072664,0.015098314606741563,0.0
2024-12-30,28.33,28.48,-0.004586354837724526,-0.005617992304223261,-0.01108143600646863,0.018482564264970597,-0.0052807727013498675,28.092000000000002,28.291000000000004,28.361333333333334,0,30,12,28.25243736004692,27.931334793837113,51.515151515151516,0.2029144181530178,0.2542111045227118,29.229955746952704,27.352044253047303,0.01565614161845803,0.013607624530028319,0.01535577537030987,103618219.0,0.08307100760939051,0.0,0.0,-1,0.0,0,28.6,-0.11701850062087031,-0.007022471910112334,-0.2581434080442858,0.15166156421368093,0.21601434264478264,0.02090090090090091,-0.04964776920496483,0.07965151583927577,0.020472996823155606,0.0
2024-12-31,28.42,28.33,-0.00247831601446709,0.007367161894858581,0.009277463576657694,0.24065498933637053,0.0031718088265294073,28.117,28.264,28.402666666666665,1,31,12,28.282903294583843,27.96286158133149,56.93069306930696,0.20221742294995337,0.2438123682081601,29.151608258778214,27.376391741221784,0.015263416572933935,0.012184042938241114,0.01395913554869238,105478536.0,0.35150641841646396,0.0,0.0,-1,0.0,0,26.314285714285717,-0.11329927799355882,-0.0042357924461700475,-0.14184544096304078,0.1321564659220423,0.19341568546751217,0.011387900355871894,-0.018646408839778972,0.8446164265902578,0.018673469387755083,0.0
2025-01-02,27.75,28.42,0.00917437627604123,-0.004905405772072708,-0.024854666796967687,-0.34741987322690643,-0.023857282476511074,28.057,28.2065,28.412666666666667,3,2,1,28.18601178647769,27.9491285760843,46.44444444444444,0.14591957858344884,0.22423381028321787,29.069280694217518,27.34371930578248,0.0169352592320693,0.013201937290859087,0.014594058631635425,104164206.0,-1.0582063392459458,0.0,0.0,-1,0.0,0,24.31428571428572,-0.08517065016445377,0.0017593244194228416,-0.29141954259241304,0.1756313732904011,0.20957425737529764,-0.026998597475455854,-0.03979238754325254,-1.4047055853204404,0.038918918918918854,0.0
2025-01-03,28.17,27.75,-0.02417465753553388,-0.007049729584447239,0.01449826047942542,0.12506378075184313,0.015021741695837781,28.136000000000003,28.179000000000002,28.415000000000003,4,3,1,28.183100552572654,27.963378345369183,48.17204301075271,0.1336529531842423,0.20611763886342277,29.007235918588893,27.35076408141111,0.013308868262071779,0.013692273444037367,0.014203561845532736,105653632.0,-0.021732938159296708,0.0,0.0,-1,0.0,0,28.885714285714283,-0.09132989848605264,0.0014414414414414107,-0.2449054094921786,0.22455550468757862,0.21735810249610046,-0.0160670625218301,-0.019150417827297983,-0.31847032614604787,0.017039403620873285,0.0
2025-01-06,27.75,28.17,0.012515807931830599,0.005995433229541273,-0.0021613841267255894,-0.30076966700358143,-0.01502174169583776,28.190000000000005,28.125,28.418000000000003,0,6,1,28.104354997559444,27.949612000506654,42.71255060728747,0.08901496515711926,0.18269710412216209,28.914443508194392,27.335556491805608,0.01422541901748696,0.01399115612900274,0.014175394322852726,104551087.0,-0.9500363131940797,0.0,0.0,-1,0.0,0,33.77142857142857,-0.07955729987609021,-0.0010649627263046196,-0.34969572929520604,0.2401650258187654,0.2221027180297103,-0.0256320224719101,-0.037460978147762725,0.18882746232455536,0.025585585585585616,0.0
2025-01-07,27.65,27.75,-0.012515807931830646,-0.013807972966334804,-0.008692557450532367,-0.25803875323873005,-0.0036101122240997856,28.18,28.080000000000002,28.39466666666667,1,7,1,28.02174499800318,27.930282194022357,44.51476793248943,0.04505055898023613,0.1551677950937769,28.87004330327605,27.289956696723955,0.01283201257279238,0.013875857661059506,0.013394026109613277,103699299.0,-1.0885479269729537,0.0,0.0,-1,0.0,0,34.31428571428572,-0.07492704540426028,0.0014414414414414107,-0.4112643584850513,0.24037710911696444,0.220272411593363,-0.024002823861630773,-0.031523642732049106,0.07885803074812817,0.02025316455696211,0.0
2025-01-08,28.33,27.65,-0.011945843414587301,0.011343616852054718,-0.004009482316851444,0.2650658714717463,0.02429558587408132,28.202999999999996,28.0865,28.386333333333333,2,8,1,28.0777913620026,27.956070439569302,49.80916030534348,0.0643371289672352,0.13700166186846857,28.882814537167295,27.290185462832707,0.014606706282256476,0.014789827748507053,0.014089769059827777,104809619.0,0.6115673860889017,0.0,0.0,-1,0.0,0,31.91428571428572,-0.08571036462367031,-0.006871609403254891,-0.327365117657305,0.3198464390657815,0.234781236936192,-0.003166783954961394,0.004609929078014163,0.21281261916244107,0.03494528768090371,0.0
2025-01-10,27.22,28.33,-0.00036423238428545543,-0.021966687312760497,-0.016571913036795272,0.047579999671123675,-0.039969316619105175,28.073,28.054499999999997,28.32833333333333,4,10,1,27.921829296183944,27.908582024113223,48.51301115241636,-0.009832505703549543,0.10763482835406495,28.936017232717347,27.172982767282647,0.01837161857886068,0.017055925731411563,0.015539823773957356,103645193.0,-1.8933265715693037,0.0,0.0,-1,0.0,0,25.62857142857143,-0.04882630648055374,-0.031062477938580975,-0.29767099379325346,0.4000072903839178,0.2707544271918146,-0.019099099099099126,-0.022972002871500363,-0.4572863811742056,0.030257163850110177,0.0
2025-01-13,27.13,27.22,-0.015788835423486844,-0.02088415278500183,-0.019876896671237147,0.05908073669253625,-0.00331187055247965,27.923000000000002,28.0075,28.254,0,13,1,27.777860333241406,27.858350925783338,49.24528301886791,-0.07501005416979467,0.07110585184929302,28.980977218395765,27.034022781604236,0.01814779853853505,0.01694148114266439,0.015252896930555591,102409899.0,-1.8028156867318808,0.0,0.0,-1,0.0,0,25.34285714285715,-0.042203657689613906,-0.00734753857457749,-0.2655965720370943,0.3655525199721368,0.26893767566748206,-0.03691870784522555,-0.03348770929818312,-0.013904383903989013,0.028750460744563257,0.0
2025-01-14,27.37,27.13,0.005904076190944844,0.009884759232541925,0.0239532410224928,-0.5410040521221304,0.008807396381747436,27.812,27.958999999999996,28.180666666666664,1,14,1,27.703703909015694,27.82684441444248,46.20000000000002,-0.1060749704419841,0.0356696873910376,28.95901894718828,26.958981052811712,0.018684625762570874,0.016915503669010745,0.01529300074228021,103129042.0,-1.1779776806350795,0.0,0.0,-1,0.0,0,25.142857142857142,-0.047844855022590504,0.0018429782528566426,-0.3932300084933337,0.373147290753367,0.26852529605761843,-0.013693693693693665,-0.03422724064925897,-0.8920824557093454,0.014979905005480458,0.0
2025-01-15,27.92,27.37,0.03328816761670252,0.026246338514994534,0.025450010783576137,-0.019870933151358555,0.019895754841584058,27.770999999999997,27.9315,28.117666666666665,2,15,1,27.74303047101284,27.832854452220385,48.26923076923078,-0.0853301046103141,0.011469728990767258,28.90217041400792,26.96082958599208,0.020130119135733957,0.017557425131359272,0.015728822686969596,103834036.0,-0.023694963468628434,0.0,0.0,-1,0.0,0,27.428571428571427,-0.061976391555158626,0.0266715381804896,-0.3843208200339039,0.4053885899445512,0.2787154833612731,0.009764918625678298,-0.019318580962416454,-1.3472372286149028,0.015866762177650477,0.0
2025-01-16,28.7,27.92,-0.003922272812337997,0.020720671092922312,0.006038622282057443,0.08490749264331116,0.027553844871403593,27.799,27.958,28.108999999999998,3,16,1,27.917024930828685,27.888799326270686,51.618705035971225,-0.005882359532961345,0.007999311286021538,28.983477552423764,26.932522447576233,0.022158783789077614,0.018518951452753944,0.01583134748690135,104601504.0,1.4471306529260386,0.0,0.0,-1,0.0,0,27.342857142857145,-0.0786020868161312,0.0025071633237821176,-0.35025273040276617,0.4175335073974244,0.29397924051399155,0.013060360042357999,0.018814341498047504,-1.2270852178044014,0.030139372822299598,0.0
2025-01-17,27.9,28.7,0.026442577123516747,0.003123375782268155,-0.0030506977451000804,0.7661389879429219,-0.028270433938255474,27.814,27.9355,28.075666666666667,4,17,1,27.91392948885983,27.889521950382257,44.160000000000004,-0.00738760359449131,0.00492192830991897,28.944375872600055,26.926624127399947,0.022727407779775635,0.01955919317627144,0.016619055107914824,102950340.0,-0.07037535729447607,0.0,0.0,-1,0.0,0,36.02857142857143,-0.065557254643921,0.001393728222996486,-0.10300850966206361,0.34764746438267596,0.31049256593691454,0.024981631153563555,-0.015873015873015928,-0.8466105166446058,0.037275985663082406,0.0
2025-01-21,27.93,27.9,-0.025371339742017832,-0.02100917608934332,-0.003741714712425021,-0.024411880373997465,0.001074691129765581,27.79,27.963,28.049333333333333,1,21,1,27.91685139997622,27.89213343745437,45.51386623164763,-0.00608957425700396,0.0027196277965343832,28.93751958474489,26.98848041525511,0.02216822542508715,0.01788915801380874,0.016593888536806205,104561684.0,-0.06772567840930559,0.0,0.0,-1,0.0,0,39.91428571428572,-0.06372331255469166,0.00430107526881724,-0.11530514026780392,0.34229157520398484,0.28398157961325665,0.029487652045705914,0.020087655222790435,-1.0680758437585207,0.01947368421052634,0.0
2025-01-22,28.25,27.93,-0.002143623543251342,0.0014144273928104849,-0.002749472883402724,-0.28982668149757873,0.01139207763536465,27.839999999999996,28.014999999999997,28.029999999999998,2,22,1,27.977423872707817,27.915221602779898,49.36507936507938,0.020523862679855398,0.006280474773198586,28.92948000755032,27.100519992449673,0.02184719432761211,0.01794285793863124,0.016725109342699877,105767603.0,0.51395328068355,0.0,0.0,-1,0.0,0,41.62857142857143,-0.06512083521678547,0.001074113856068784,-0.21746603843019846,0.34414860362781624,0.28483403949227587,0.0321519912312751,0.03822124219037115,-1.1656804520816528,0.023362831858407086,0.0
2025-01-23,28.71,28.25,0.003926473008181603,0.0157759625941674,0.010795354929346721,-0.20496099130231218,0.016152036540522653,27.945999999999998,28.063,28.035333333333334,3,23,1,28.110619532215487,27.966497628407,52.17391304347826,0.0778361125571081,0.020591602329980488,29.018760375165,27.107239624834996,0.02218259491461347,0.017773584875723704,0.016906003895267724,106750040.0,1.3538958442136808,0.0,0.0,-1,0.0,0,43.68571428571429,-0.0672623767686568,-0.0063716814159291936,-0.541912655062434,0.3356475761280323,0.2821469129235826,0.028295128939828107,0.034594594594594685,-1.145172428709145,0.02821316614420058,0.0
2025-01-24,28.9,28.71,0.018355615960429363,0.01416013989709789,0.021597582273203467,-0.22789379660417244,0.006596100985413765,28.003000000000004,28.103,28.058666666666667,4,24,1,28.25414325363085,28.026723587864616,59.28917609046849,0.1370085463634254,0.04387499113666947,29.129616312275562,27.07638368772444,0.021025919671293,0.017632571079102658,0.01677222986236944,107532265.0,1.5526735557774158,0.0,0.0,-1,0.0,0,45.8,-0.07195405246267089,-0.004179728317659386,-0.9926427980524155,0.27574691575164384,0.27990838829985265,0.006968641114982521,0.028469750889679624,-1.672409848380893,0.02110726643598614,0.0
2025-01-27,29.39,28.9,0.0066236951250012764,0.015314234973042575,0.007502434213237621,0.3419388833290775,0.016812885312439654,28.22,28.146499999999996,28.109666666666666,0,27,1,28.460662662061605,28.114676904776577,59.744408945686885,0.22089568343261234,0.07927912959585805,29.31186463685869,26.981135363141302,0.01552617152635672,0.017718373225942614,0.016832425556061476,108633383.0,2.1340959913661535,0.0,0.0,-1,0.0,0,37.971428571428575,-0.07592746621300704,-0.004152249134948009,-0.19184189094987444,0.10646650809923795,0.28127045515481647,0.053405017921146936,0.03050490883590462,-0.5806149006443723,0.028751275944198667,0.0
2025-01-28,29.63,29.39,0.014488007815014305,0.008742490114518567,0.015009338958979263,-0.04538579522448311,0.008132881154647767,28.47,28.196499999999997,28.16166666666667,1,28,1,28.673269450777674,28.212439685113573,65.46052631578945,0.3032471932909999,0.12407274233488644,29.52377302549596,26.869226974504034,0.015029531359632005,0.01777269152227009,0.016840043968586797,109685643.0,2.160068007807733,0.0,0.0,-1,0.0,0,40.62857142857143,-0.07648977739317506,-0.006464783940115729,-0.38673586392394255,0.07395053686621664,0.2821327313771557,0.0608664518438955,0.034928396786587435,0.06156498204811506,0.022612217347283217,0.0
2025-01-29,28.45,29.63,0.008864701760248249,-0.0023462387166596856,-0.031660323960760274,0.1618337405205486,-0.040639201013133945,28.578000000000003,28.195000000000004,28.165333333333333,2,29,1,28.63267500518173,28.22776615704173,55.58659217877095,0.2701807443961073,0.1532943427471306,29.52099118834841,26.869008811651597,0.021539642199071087,0.02003880814998979,0.01840924014992697,108448538.0,0.3846179405122763,0.0,0.0,-1,0.0,0,42.4,-0.06843555871058021,-0.005737428282146411,0.2050632722212779,0.37529417743260246,0.31810621761004376,0.0070796460176991705,-0.001053370786516905,-2.0229999309802644,0.05307557117750445,0.0
2025-01-30,28.79,28.45,-0.0247435303836054,-0.025145735369222034,0.004584737355478867,0.08595337559947364,0.011879944051744667,28.665,28.218,28.176,3,30,1,28.661279549694143,28.26403930820033,53.37243401759531,0.2683175067218073,0.17629897554206594,29.569562059247993,26.866437940752007,0.021014769223710934,0.020163759909088,0.018517222697239624,109796680.0,0.8464280216895986,0.0,0.0,-1,0.0,0,45.91428571428571,-0.07153311148959704,0.010193321616871675,0.5712025804783714,0.36578409578015886,0.3200897652927672,0.0027864855451060766,0.016237204376985614,-2.0664041012636796,0.022229940951719245,0.0
2025-01-31,28.29,28.79,0.002085506491021361,-0.006559664467292994,-0.00990107098271157,0.07383915340225762,-0.01751971931060874,28.624000000000002,28.2115,28.18,4,31,1,28.59377417702248,28.265714191542248,58.615136876006446,0.22391391587474274,0.18582196360860131,29.560219080421646,26.862780919578356,0.019964311510458268,0.020566332641795068,0.018699197519329514,108345225.0,0.11640674643003789,0.0,0.0,-1,0.0,0,43.771428571428565,-0.0709499907318666,0.0003473428273706691,1.0752798817853004,0.38095723506360873,0.32648040930491873,-0.02110726643598615,-0.00457424349049973,-0.999085840486151,0.025804171085189127,0.0
2025-02-03,28.86,28.29,-0.03605904981570252,0.0053545339091113165,-0.022471644377700287,-0.03952227675081822,0.019948168032249004,28.720000000000006,28.267000000000003,28.197,0,3,2,28.642178872109298,28.30405521144275,62.92974588938714,0.23204313767974938,0.19506619842283093,29.627063466010913,26.906936533989093,0.018577624138852562,0.020252899251741577,0.0190193800411461,109740434.0,0.8720181297704811,0.0,0.0,-1,0.0,0,37.4,-0.07517866654483162,-0.018027571580063555,0.8550787706102361,0.39253508731001097,0.3215048084889261,-0.01803334467505957,0.040000000000000036,-0.9076605849898128,0.05233194733194724,0.0
2025-02-04,28.62,28.86,0.033973543324681145,-0.003969971555700482,0.030615366356198884,-0.3644843256142553,-0.008350779217419963,28.789000000000005,28.289499999999997,28.238333333333333,1,4,2,28.638146349907604,28.324438746188385,59.34230194319881,0.21662252071581278,0.1993774628814273,29.657671657435273,26.92132834256472,0.01895005247475284,0.02014068745305931,0.017933358930554293,108771385.0,0.48312651150740465,0.0,0.0,-1,0.0,0,37.142857142857146,-0.07052405826445557,-0.004158004158004193,-0.5472012724619865,0.3791916454851719,0.3197235014080429,-0.03408707391157606,0.015974440894568565,-0.3621953053439478,0.01886443046820403,0.0
2025-02-05,29.34,28.62,0.004166672694845912,0.021557721074979056,0.015213209519604913,0.26412914853214714,0.024845998586530804,28.898000000000003,28.369,28.30933333333333,2,5,2,28.765756104469858,28.38995882707946,60.34985422740524,0.259508105479501,0.21140359140104203,29.78897627852637,26.94902372147363,0.020120071250357,0.020466305548500784,0.018369370125877537,110033374.0,1.3676284803964327,0.0,0.0,-1,0.0,0,38.62857142857143,-0.09342977578446282,0.008385744234800784,0.4683649401762323,0.29196439320795137,0.3248925284255667,0.03128295254833047,0.05729729729729738,-0.4619025914809912,0.02505112474437626,0.0
2025-02-06,29.4,29.34,0.01921816182756672,0.008427489621957236,0.005021220834657879,0.5035128329791553,0.002042901629800331,28.966999999999995,28.4565,28.36433333333333,3,6,2,28.881073176384426,28.4551227737195,55.700325732899024,0.29493689006097057,0.22811025113302774,29.90530749511223,27.007692504887768,0.019650773337303574,0.02040941539427109,0.018080997670410444,112121364.0,1.3024504679649158,0.0,0.0,-1,0.0,0,39.68571428571429,-0.045662248238820306,0.0027266530334015627,2.5927709794734266,0.2883644939491314,0.3239894252247275,0.021187912469607495,0.06329113924050622,0.05074410162601267,0.028571428571428567,0.0
2025-02-07,29.3,29.4,-0.0017009699627627641,-0.008089022873083607,0.0041365105517802755,-0.693681808766556,-0.0034071583216141975,29.006999999999998,28.504999999999995,28.404333333333334,4,7,2,28.957241689769074,28.50963098186663,62.867647058823565,0.3113561726810872,0.24475943544263964,30.000178215041757,27.009821784958234,0.01967591315689237,0.01982177030764358,0.017995706139674134,111077927.0,1.0634183831762156,0.0,0.0,-1,0.0,0,38.371428571428574,-0.06319321063005043,-0.001020408163265224,-0.41867044496396816,0.23408945165663722,0.3146608486744151,0.03570166136443986,0.034239322273208694,0.4013833961804302,0.016382252559726976,0.0
2025-02-10,28.5,29.3,-0.005805035936292717,-0.008837583012465107,-0.022965518704687955,0.4907247528749874,-0.027683428748416856,28.918,28.569,28.403666666666663,0,10,2,28.874106837083787,28.509009628197816,54.58937198067633,0.2568544006862332,0.24717842849135838,29.936731891239802,27.201268108760196,0.020773205028425307,0.018671589735852503,0.018555883522672168,109373473.0,-0.10089696736902573,0.0,0.0,-1,0.0,0,44.71428571428572,-0.04613563673301653,-0.003412969283276499,1.3382290403484733,0.3007110441665253,0.2964022981397515,-0.012474012474012475,0.047024246877296116,0.3190867462560027,0.030877192982456104,0.0
2025-02-11,27.62,28.5,-0.026723783611327608,-0.021394880944363575,-0.041687674756843505,0.17451753181326937,-0.031363939293458695,28.717000000000002,28.5935,28.369999999999997,1,11,2,28.64608741215946,28.451654168314086,45.347119645494836,0.14102703629498592,0.2259481500520839,29.867007795524536,27.31999220447546,0.02209462550950972,0.02008460323328172,0.019381500249598272,107344028.0,-1.5288481207906992,0.0,0.0,-1,0.0,0,45.4,-0.043692886284773365,-0.002456140350877203,1.8964978074565675,0.3646937644298137,0.3188331920200034,-0.034940600978336844,0.01806118687799496,0.3873448866944479,0.051412020275162985,0.0
2025-02-12,27.46,27.62,-0.04533150222465192,-0.029018313521985434,-0.023728856968563885,-0.40836542194634723,-0.005809747641321102,28.617999999999995,28.598000000000003,28.336000000000002,2,12,2,28.43043515540319,28.38767648003576,40.340030911901074,0.03590842275432138,0.1879402045925314,29.853817620013135,27.34218237998687,0.018816937317650308,0.020053729448614704,0.01938592573629944,105994983.0,-1.8123650789166346,0.0,0.0,-1,0.0,0,41.371428571428574,-0.024443331583551768,-0.016292541636495267,0.1602012185582821,0.23740185066597996,0.31834308588244165,-0.06407634628493519,0.003288271830471423,-0.47320910019816065,0.045120174799708694,0.0
2025-02-13,28.41,27.46,0.009888379419428146,0.025524249869388588,0.02372885696856387,0.3652144451615836,0.034010795526271564,28.580000000000002,28.622499999999995,28.338666666666665,3,13,2,28.42671967260261,28.389116707130228,46.611341632088525,0.028924797641213473,0.15613712320226786,29.841194296972084,27.403805703027906,0.021965492534307393,0.021042681571468033,0.02042399449988015,107938718.0,-0.348733887617203,0.0,0.0,-1,0.0,0,46.60000000000001,-0.007350384366743016,-0.000728332119446452,1.5272946083782073,0.41441226316800883,0.3340422141361575,-0.03367346938775506,0.017550143266475526,1.0867565099763417,0.04646251319957762,0.0
2025-02-14,28.14,28.41,0.03121329626612372,-0.00035007877129806733,0.027508068162764205,-0.6643824060903276,-0.009549144179853506,28.564999999999998,28.5945,28.329333333333334,4,14,2,28.374588823038497,28.373044661508924,41.08416547788872,0.0015852076222095945,0.1252267400862562,29.83129509429079,27.35770490570921,0.021453672527103278,0.020175336904426834,0.02049343104050105,106938489.0,-0.7349641053688376,0.0,0.0,-1,0.0,0,43.68571428571429,0.00901172195827368,-0.0035198873636044146,-0.9617736789706138,0.4137497392205176,0.3202735443963427,-0.03959044368600684,-0.019512195121951126,1.324988655112094,0.01954513148542989,0.0
2025-02-18,28.03,28.14,-0.01208259190993988,-0.008792038347575373,-0.006447013734217914,0.03314874071343818,-0.003916686509546093,28.482,28.601000000000006,28.33866666666667,1,18,2,28.31193630975877,28.350912747863187,38.372093023255815,-0.028627692906887603,0.09445585348762744,29.82371311779161,27.378286882208403,0.020215929705520268,0.019168641676710806,0.020026710593515316,105904548.0,-0.9339885075107626,0.0,0.0,-1,0.0,0,46.8,0.02914376491682128,-0.0060412224591329675,-0.7888971065992629,0.3757816150043737,0.30429275308490983,-0.016491228070175445,0.00465949820788536,0.9998911048784352,0.017124509454156275,0.0
2025-02-19,27.65,28.03,-0.005736838967994853,-0.001060258095436096,-0.010692970897047916,0.07564797619332551,-0.013649637208353247,28.384999999999998,28.587,28.32133333333333,2,19,2,28.191584253438993,28.305692570581694,43.42105263157893,-0.08228591761878334,0.059107499266345294,29.847878557530706,27.326121442469294,0.02044347150080395,0.01941941850774668,0.019990231419508165,104789357.0,-1.486265262270798,0.0,0.0,-1,0.0,0,47.62857142857143,0.038426841941267664,-0.007848733499821705,-0.5102350562730544,0.3093639409791952,0.3082737118618965,0.0010861694424328938,-0.010025062656641603,2.0340569080265745,0.026980108499095923,0.0
2025-02-20,27.87,27.65,-0.010846093309390212,-0.013169793480141185,-0.013308181202495016,0.22009962326789348,0.00792511352551317,28.238,28.568,28.325333333333333,3,20,2,28.133114389177354,28.27758337247965,42.28187919463089,-0.10583824846008127,0.026118349721059978,29.861296074702434,27.27470392529757,0.01840980855107728,0.01932318289399346,0.019854450196722342,106179109.0,-1.079412539252621,0.0,0.0,-1,0.0,0,44.22857142857144,0.0395492268136337,-0.005063291139240399,0.20434068411307665,0.30751108916675335,0.30674601885434444,0.014930808448652577,-0.013451327433628313,1.3937599896101143,0.026551847865087852,0.0
2025-02-21,27.31,27.87,0.015867624664625008,0.003398018113564747,-0.003317975394182291,0.08133065240512895,-0.020297906008243275,28.029000000000003,28.497999999999998,28.314,4,21,2,27.983457227508744,28.21515863877129,41.86046511627906,-0.16775716010543107,-0.01265675224423823,29.905447858246564,27.09055214175343,0.0187988556236773,0.01937234514327551,0.020192631187354062,104671604.0,-1.6881620062004143,0.0,0.0,-1,0.0,0,36.971428571428575,0.054460114690735605,0.0028704700394689016,0.4584801918713927,0.16848256419107474,0.3075264453673016,-0.038718760999648105,-0.04876349703935923,0.6782100042018577,0.033870377151226684,0.0
2025-02-24,27.75,27.31,-0.02060437974080529,-0.0012505584479272243,0.004789104751080851,-0.24620588617192582,0.01598290470682987,27.874000000000002,28.440499999999997,28.294666666666664,0,24,2,27.94101045887079,28.18514840401185,40.57724957555179,-0.17925765031069574,-0.04597693185752973,29.872546382664996,27.008453617334997,0.020196369777827326,0.019716068409482743,0.019890430912741376,105850113.0,-0.9643542393019354,0.0,0.0,-1,0.0,0,29.542857142857144,0.04474204071110905,0.002563163676309055,-0.5287324580517437,0.23669648631194629,0.31298288306056876,-0.013859275053304976,-0.03979238754325254,0.16576580655570475,0.027387387387387316,0.0
2025-02-25,28.87,27.75,0.014863423894109553,0.03374661177417542,0.01712557795431391,0.18149828551976593,0.03956715348240024,27.911,28.414499999999997,28.349666666666668,1,25,2,28.10991764816701,28.229332377946573,51.84638109305761,-0.09688045431413173,-0.05615763634885014,29.79179674209595,27.037203257904043,0.02310703641241745,0.021504112626442282,0.019857438382627476,107263160.0,0.661440612001783,0.0,0.0,-1,0.0,0,24.2,0.015961272977608333,0.0014414414414414107,0.11090531011803294,0.38476549785628944,0.3413672050481417,0.029967891544773417,-0.01769309288873766,0.4466920111324543,0.043297540699688254,0.0
2025-02-26,29.72,28.87,0.04089396026459184,0.028286090976847558,0.04018595413916094,0.4985616068100929,0.0290172261747147,28.121000000000002,28.419,28.436,2,26,2,28.402659893954823,28.325504482595182,52.75362318840579,0.036570402427500426,-0.03761202859358003,29.81349896680482,27.024501033195182,0.021526602969828976,0.022469005886241636,0.020438537025603557,109589532.0,1.8659031393633077,0.0,0.0,-1,0.0,0,21.25714285714286,-0.009229999333884862,0.002771042604779989,2.275581245026868,0.36664728795107565,0.3566844106910509,0.07486437613019903,0.0030374620317246137,-0.7669342845134287,0.03179676985195156,0.0
2025-02-27,30.18,29.72,0.02456623028372623,0.019136951429370018,0.02687827644138501,0.25952863511846963,0.015359233490144515,28.393,28.505499999999994,28.529666666666667,3,27,2,28.72581264050849,28.445149354685814,55.342465753424655,0.17740431694099712,0.0053912405133354005,30.107307860216462,26.903692139783526,0.02110727613038289,0.020583161635955423,0.020536819291925447,112605252.0,2.0907626208972565,0.0,0.0,-1,0.0,0,12.757142857142858,-0.02350830968653834,-0.001682368775235436,2.8506495859639394,0.36171563208414564,0.3267475613051007,0.08288482238966632,0.06080843585237261,-1.1183310063142846,0.024353876739562606,0.0
2025-02-28,29.79,30.18,-0.028373121885982167,-0.006448968195911746,-0.04880705620399355,0.6160860986075581,-0.013006686614511922,28.531,28.555500000000002,28.592,4,28,2,28.919301251325123,28.531913912448022,53.22793148880104,0.2546114657257519,0.0552352855558187,30.2541988828911,26.856801117108905,0.02020644399293876,0.02077436418603771,0.020499669943478648,107021144.0,1.453465369799905,0.0,0.0,-1,0.0,0,20.65714285714285,-0.008420710795790307,-0.04440026507620941,3.683382832413085,0.31714981445294227,0.3297828076904553,0.09080922738923469,0.034734282737061584,-0.8070928542391488,0.06545820745216513,0.0
2025-03-03,30.44,29.79,0.02228791041043643,0.027004341191674733,0.0420273692186146,-0.6048936135358766,0.021584766268294343,28.761000000000003,28.663,28.65,0,3,3,29.195791932902374,28.655016240677185,63.037634408602145,0.36405169379670355,0.11699856720399568,30.552373051124206,26.773626948875794,0.020147002360045324,0.02070813024690921,0.02026562972797854,110070807.0,1.8810472595051146,0.0,0.0,-1,0.0,0,12.342857142857143,-0.028310321286076138,-0.010070493454179279,1.1377063402125611,0.31794331238760287,0.3287313765027381,0.09693693693693706,0.0759985860728174,-1.082601453658111,0.05141261498028913,0.0
2025-03-04,30.54,30.44,0.0349860769633016,-0.004369292491965293,0.015190165493975238,-0.3171964729587526,0.003279766797001288,29.012,28.747000000000003,28.738,1,4,3,29.4401933996474,28.776628096117367,71.92192192192189,0.45362393295432923,0.1843236403540624,30.81425956407553,26.679740435924476,0.019797186688003898,0.020350746992739227,0.019455381004040876,112291534.0,1.734663639881933,0.0,0.0,-1,0.0,0,11.042857142857144,-0.023991223689288,0.00328515111695131,0.33302718625881905,0.26422222157232467,0.32305809322310153,0.05784551437478336,0.058212058212058215,-0.715555970448573,0.0320890635232481,0.0
2025-03-05,30.38,30.54,-0.004594691378310417,-0.0055293684543909075,0.00033830122864718663,-0.5248226286742544,-0.005252802622859625,29.285000000000004,28.835,28.819666666666667,2,5,3,29.611067326984234,28.880071444754957,71.92192192192189,0.5058685769330395,0.24863262766985783,31.02565479276202,26.644345207237983,0.018908848932205777,0.020271946689885172,0.019513242892938373,110977618.0,1.410537164600028,0.0,0.0,-1,0.0,0,11.514285714285714,-0.0187380568477945,-0.0045841519318926185,-0.5289405344570528,0.22733537574757223,0.3218071771955711,0.022207267833109112,0.061495457721872704,0.04867361093255299,0.02632982225148127,0.0
2025-03-06,29.02,30.38,-0.012578782206860073,-0.010491899523281877,-0.032681545948871966,0.05739402603925655,-0.04579924971158504,29.4,28.819,28.845333333333333,3,6,3,29.503600540259825,28.889099093480443,54.314002828854306,0.4325460777490342,0.2854153176856931,30.998772078862384,26.639227921137614,0.02559299691740786,0.022218800530694364,0.021291018644774392,109586085.0,0.18442295132516956,0.0,0.0,-1,0.0,0,17.2,0.021570902166259547,-0.011849901250822891,-0.4638279189056738,0.3887810632637536,0.35271252380620344,-0.038436050364479835,-0.010906612133605997,-0.7085110009594437,0.04962095106822885,0.0
2025-03-07,28.91,29.02,-0.034223228072003196,-0.026044877840385148,-0.009735820990081552,0.366263951133026,-0.003797691427787037,29.560000000000002,28.7945,28.851999999999997,4,7,3,29.395673169303493,28.89044753906235,55.57163531114326,0.36139544644818855,0.30061134343819224,30.95772833794859,26.631271662051407,0.024352296384178677,0.02222451218843071,0.021112621057822002,107579027.0,0.10678484372068685,0.0,0.0,-1,0.0,0,17.642857142857146,0.01959109330339115,-0.00034458993797374264,0.11870318423899776,0.38624973909963956,0.3528031935618692,-0.0295401141322591,-0.016666666666666607,-1.0927253696872243,0.032514700795572386,0.0
2025-03-10,27.96,28.91,-0.007265210991412413,-0.019471153146436857,-0.0344800461599611,0.23222657546506303,-0.03341263866264516,29.581,28.727500000000003,28.820666666666668,0,10,3,29.13464168397558,28.83041866557446,49.54838709677419,0.22574870743529019,0.28563881623761184,30.907745036928468,26.547254963071538,0.026880844524730774,0.023366461733044408,0.021929310080984265,105047313.0,-0.704049303633556,0.0,0.0,-1,0.0,0,17.071428571428573,0.0466090640108055,-0.0038049117952265454,0.5472094453536007,0.3316873975486518,0.370931080590857,-0.08147174770039423,-0.04573378839590447,-0.6771550879570489,0.047925608011444916,0.0
2025-03-11,28.74,27.96,-0.02425000222345982,0.0010343045224776985,0.01543185118926652,-0.31710585012617964,0.027514963285269367,29.568,28.739500000000003,28.799,1,11,3,29.062888650525473,28.824585203279337,56.687116564417174,0.17912235969088286,0.26433552492826606,30.917113130784944,26.561886869215062,0.0250863056113993,0.023489844286065494,0.022323428614732656,106891043.0,0.0004592183918500272,0.0,0.0,-1,0.0,0,15.114285714285716,0.02372771143965958,0.0053648068669527385,-0.11264645219724323,0.44993547094050207,0.3728897178993652,-0.05893909626719063,0.008421052631578885,0.3242774502441251,0.03270702853166323,0.0
2025-03-12,28.6,28.74,0.03735815817619898,0.016405015889732363,0.013442013504095966,-0.4302094107307268,-0.004883162825071886,29.456,28.7885,28.764666666666663,2,12,3,28.978727077702658,28.810095835325832,54.52292441140025,0.1293823737408104,0.23734489469077497,30.903242985503297,26.6737570144967,0.02283191692829081,0.02234271288358903,0.022275681458951847,105691931.0,-0.17827225463536456,0.0,0.0,-1,0.0,0,15.914285714285716,0.030796648189658774,0.015309672929714729,-0.677182020780808,0.45027829741607395,0.3546795714269724,-0.05859117840684658,0.0354815351194786,0.31147517683762815,0.036363636363636334,0.0
2025-03-13,28.89,28.6,-0.010334229070014175,-0.006802747322752523,0.000702493882068753,0.37124982682513835,0.010088796652336958,29.327000000000005,28.860000000000003,28.779333333333334,3,13,3,28.96259488175672,28.815250942724166,60.12820512820515,0.11207175940681324,0.21229026763398262,30.880203220626615,26.83979677937339,0.02239462058323604,0.022334948833490863,0.02110511210728247,107430098.0,0.029699982351965956,0.0,0.0,-1,0.0,0,15.185714285714289,0.02802508508216663,0.009790209790209706,-0.19091606691482219,0.3546581009118309,0.354556320952614,-0.004479669193659497,0.05207574654042246,-0.32594320886737715,0.028383523710626524,0.0
2025-03-14,29.49,28.89,0.012730259653240091,0.02294297665142997,0.02187967121375691,0.1482688634228249,0.020555708349040927,29.297000000000004,28.913999999999998,28.802666666666664,4,14,3,29.058486721437312,28.85878313996777,60.92964824120603,0.14509538909491226,0.19885129192616857,30.94128130107362,26.886718698926376,0.023435127777305175,0.021496500558813622,0.021327040842068455,109446067.0,0.5682487178221969,0.0,0.0,-1,0.0,0,22.057142857142857,0.01579444720499935,0.012461059190031133,0.0681954334953643,0.38289475578021803,0.34124636722069107,0.02006226219301266,0.03801478352692711,-1.0002458847839242,0.029501525940996982,0.0
2025-03-17,29.72,29.49,0.006814336419730188,-0.004680717338891521,0.004113821365622729,-0.19192130482772113,0.007768997022373448,29.225,28.993000000000002,28.85033333333333,0,17,3,29.17876186299416,28.914345518034366,56.01131541725601,0.18766267287795557,0.19661356811652597,31.016421802163904,26.9695781978361,0.022327292404433544,0.021353168426891025,0.02107224139100652,111109991.0,0.7185847253622776,0.0,0.0,-1,0.0,0,22.571428571428573,0.015566199265157935,-0.0013563919972871873,-0.30178764256713325,0.199972304923301,0.3389710401649797,0.06294706723891275,0.0561478322672353,-0.17749605483951447,0.02052489905787347,0.0
2025-03-18,29.4,29.72,0.007105426612190325,-0.00520790761292135,-0.010489306043414234,-0.3615788269894026,-0.010825545504922447,29.110999999999997,29.061499999999995,28.868333333333332,1,18,3,29.218986978813405,28.945678065257958,47.55351681957186,0.19334743740451898,0.19596034197412457,31.039912707729044,27.083087292270946,0.02238836979219608,0.021523541316666985,0.02090228400277875,109950942.0,0.3421935157185234,0.0,0.0,-1,0.0,0,22.228571428571428,0.021515725846891712,-0.002018842530282595,-0.7988464884775163,0.1989381904390286,0.34167562594394735,0.022964509394572064,0.04887620406707094,-0.01590660056582176,0.025850340136054355,0.0
2025-03-19,30.14,29.4,-0.009825591499257293,0.020835823347073085,0.00843451079988986,0.7458270946889868,0.024858518853713478,29.087,29.186,28.919,2,19,3,29.38644389175642,29.022731093305833,49.706744868035194,0.2546292621771329,0.20769412601472625,31.102843897221234,27.269156102778766,0.024133488493490913,0.02173359213548368,0.02128760900643786,112394431.0,0.9953862193817377,0.0,0.0,-1,0.0,0,21.6,0.007916318987114654,-0.001020408163265224,0.3878127930348174,0.22171705430815478,0.34501007931959415,0.05384615384615388,0.0900542495479204,-0.8693533484031928,0.037823490378234806,0.0
2025-03-20,29.84,30.14,0.02587944798782076,0.004936656397303946,0.013619549984755805,-0.29125753364241275,-0.010003417862789379,29.169,29.284499999999998,28.935666666666666,3,20,3,29.4689086387098,29.07545811954417,50.371471025260036,0.27580870594853124,0.22131704200148727,31.1172256090024,27.451774390997596,0.019010106614738224,0.0219535300711512,0.02092962695377345,110568355.0,0.6062009471263672,0.0,0.0,-1,0.0,0,21.685714285714287,0.015755397055483854,0.0,-0.24411356575757054,0.26594755861457525,0.3485014858094652,0.032883350640359854,0.07068532472192324,-0.04749152887557052,0.02982573726541557,0.0
2025-03-21,29.61,29.84,-0.006657814206867044,-0.015216965804860358,-0.005935742010167623,0.6685148730606457,-0.007737633222060172,29.238999999999997,29.3995,28.942666666666664,4,21,3,29.494561613489832,29.109944692476805,43.423137876386654,0.2709115897472252,0.23123595155063487,30.98213570965404,27.816864290345958,0.01920388141772622,0.02141663014723522,0.020984895530536993,107005065.0,0.26601194288231267,0.0,0.0,-1,0.0,0,22.685714285714287,0.01924302120004895,0.0033512064343164017,1.324519090032912,0.2465218992982902,0.33997846374379814,0.004069175991861629,0.08421823507872572,1.234520470181316,0.020432286389733212,0.0
2025-03-24,30.45,29.61,-0.004351471301502356,0.017839918128331016,0.009311842448512313,-0.524782418787902,0.027973852042406162,29.488,29.5345,28.981,0,24,3,29.668277683764405,29.196399873607337,49.361702127659576,0.3309960532391081,0.25118797188832953,30.979323427564957,28.089676572435046,0.016177823704748517,0.021942270135501755,0.02157710853723143,109113407.0,1.2672828838925219,0.0,0.0,-1,0.0,0,25.4,-0.008658179978822017,0.006754474839581199,-0.10993231159645762,0.3161607908469959,0.3483227398724231,0.0245625841184387,0.09729729729729719,0.6090137296547329,0.028571428571428487,0.0
2025-03-25,30.31,30.45,0.020585056218899615,0.003595362591734097,0.014720908190912003,0.4850136124063371,-0.004608303086194219,29.645,29.6065,29.041333333333334,1,25,3,29.78495446853451,29.26824504305203,49.502133712660026,0.3631306493852975,0.27357650738772316,31.055409208589438,28.157590791410563,0.015118772181501039,0.020362419704819796,0.02091979599489031,105689044.0,0.9710753383711035,0.0,0.0,-1,0.0,0,29.285714285714285,-0.009851903205309237,-0.0006568144499178842,1.0629746118488617,0.29933624988134416,0.3232433917828466,0.030952380952381064,0.04987876688604076,0.5791185668289721,0.017815902342461207,0.0
2025-03-26,29.84,30.31,0.001313629088737901,-0.0003687466083647318,-0.014047053717974005,-0.0823819100877628,-0.01562791573415159,29.769,29.6125,29.115333333333336,2,26,3,29.79496274698278,29.30513245962932,56.677524429967434,0.34667620876609817,0.2881964476633982,31.06437900032247,28.16062099967753,0.01625562194431435,0.019718221267850104,0.020257827794093717,102535479.0,0.3133869970561874,0.0,0.0,-1,0.0,0,28.88571428571429,-0.008814379571671443,0.005278785879247778,0.7501821715109749,0.275778207854015,0.31301705862765666,-0.00995355009953558,0.004037685060565233,1.939137693349205,0.031792895442359206,0.0
2025-03-27,29.93,29.84,-0.019887960769599203,-0.0032266159833693187,0.0016826522563404738,-0.46455427540194993,0.0030115465290474932,29.872999999999998,29.6,29.197666666666667,3,27,3,29.81951497480409,29.345446494491945,58.33333333333334,0.33701331416397196,0.2979598209635129,31.035519344861683,28.16448065513832,0.016130350379486777,0.019410761849219686,0.020193042288250255,104517227.0,0.4597639191435555,0.0,0.0,-1,0.0,0,28.342857142857145,-0.01248493593247481,0.0010053619302949443,-0.314789114820665,0.26708949942626525,0.30813629166801315,0.0030160857908847483,-0.00828363154406897,1.412433306362492,0.026729034413631832,0.0
2025-03-28,30.43,29.93,0.00467602722425736,-0.0032797667970012483,-0.010818225858717468,-0.04498843931765908,0.016567642044272066,29.967000000000002,29.631999999999998,29.265,4,28,3,29.930512252112436,29.415417688395692,71.78130511463846,0.3654881025621499,0.31146547728324037,31.113160284868624,28.150839715131372,0.01569686997006567,0.0195218551882262,0.019481620077129017,106411795.0,1.077533617600045,0.0,0.0,-1,0.0,0,26.371428571428574,-0.02368791815669549,0.0026729034413632423,-0.3269280032099212,0.2747143785512054,0.3098998437519753,0.027693346842283084,0.021483719368915688,0.21731455975879949,0.033519553072625684,0.0
2025-03-31,30.3,30.43,-0.010720370676607279,0.003934431304834522,0.008909882929012286,0.8185154245161254,-0.004281251393556255,30.025,29.625,29.337,0,31,3,29.997691842637444,29.47248751495081,65.53784860557772,0.3732619327594442,0.3238247683784811,31.091330902555047,28.158669097444953,0.01577235907218976,0.018937671051427525,0.01939390783322568,102116560.0,0.9206653134348174,0.0,0.0,-1,0.0,0,21.11428571428572,-0.012804406606918901,-0.024318107131120554,2.514286398414998,0.18844613752804484,0.3006262080769459,-0.0049261083743842304,-0.0045992115637319975,0.5888550768371961,0.02893399339933992,0.0
2025-04-01,30.78,30.3,0.021327032924821143,0.01558473101669833,0.006437412149370918,-0.5256103338778029,0.015717415895409724,30.163,29.636999999999993,29.428666666666665,1,1,4,30.139929689430634,29.556843159147533,70.33582089552239,0.41338944151505075,0.34173770300579503,31.138369199658303,28.135630800341684,0.01561433205579002,0.01925977125543513,0.019498519020025085,104655879.0,1.5226101617911671,0.0,0.0,-1,0.0,0,19.571428571428573,-0.01974378374471574,0.0009900990099009103,0.3976571596538906,0.21708057654998117,0.3057393902992297,0.015506433520290352,0.007858546168958869,-0.38825978789818705,0.03784925276153343,0.0
2025-04-02,30.79,30.78,0.010821551743178297,0.012804272245987968,0.019513800619715506,-0.16012520699081154,0.0003248335256756996,30.227999999999998,29.6575,29.533333333333335,2,2,4,30.258124291352335,29.636401665008982,68.7007874015748,0.44091510288750513,0.3615731829821371,31.2118470451738,28.103152954826196,0.013876346842242237,0.019211590054177285,0.019247581202816562,106819473.0,1.4572035293101075,0.0,0.0,-1,0.0,0,22.6,-0.017819884122954883,-0.0038986354775828783,-0.10255546868540848,0.15009008963792414,0.30497453744085,0.031836461126005355,0.013495720868992755,0.26625994425339633,0.03170834686586561,0.0
2025-04-03,30.4,30.79,-0.0029397375409249576,0.005357758946812914,-0.007701002080023646,-0.07696342605961815,-0.012747353524233064,30.284,29.726499999999998,29.617666666666665,3,3,4,30.283919874742818,29.68566607371808,59.34291581108829,0.4263450073486901,0.37452754785544773,31.284207830181554,28.168792169818442,0.014164363165246852,0.01632425557096074,0.0194600513871853,104816150.0,0.8647321236377189,0.0,0.0,-1,0.0,0,12.142857142857142,0.012640140228117125,-0.007145177005521236,-0.3463128539030257,0.20361091624221175,0.25913952347413693,0.015703307718008652,0.04755341144038594,0.014750968872678258,0.04535855263157888,0.0
2025-04-04,28.5,30.4,-0.02651796087505817,-0.04957822742617969,-0.06434888204665301,0.23937639198646019,-0.06453852113757118,30.172999999999995,29.706,29.657333333333334,4,4,4,29.959570806607758,29.609171488316917,40.672782874617745,0.2585041062017659,0.3513228595247114,31.3187700916186,28.0932299083814,0.024868644666737234,0.021849469634811297,0.022503812385998828,102271015.0,-1.4955634485875673,0.0,0.0,-1,0.0,0,5.385714285714286,0.0775132613709034,-0.020723684210526283,0.3036070467897024,0.4719383278471628,0.3468495775942077,-0.06342425238251725,-0.014181943964026278,-1.5529309986451143,0.06084210526315783,0.0
2025-04-07,27.75,28.5,-0.07713572888222726,-0.03704754428131436,-0.05683058648168713,-0.2670617508631681,-0.026668247082161294,29.903,29.6955,29.657333333333334,0,7,4,29.5578306599518,29.48922494068357,38.163558106169305,0.06422984910715002,0.2939042574411991,31.358097523850617,28.03290247614938,0.023018882763289544,0.021383068561401212,0.02289473306203279,100322394.0,-2.3403138427563306,0.0,0.0,-1,0.0,0,4.0,0.10109399759297744,-0.03298245614035092,-0.4117728104329527,0.47321712119379417,0.3394456900854677,-0.08415841584158423,-0.007510729613733891,-0.8435282828496887,0.07949549549549548,0.0
2025-04-08,27.32,27.75,0.037390860916561,-0.01279104163059971,-0.0007471050029987642,0.34448478692426016,-0.015616805489854155,29.604000000000003,29.6245,29.605666666666668,1,8,4,29.150952358142384,29.349274944510437,28.82882882882882,-0.1230132850736112,0.21052074893823702,31.558097410881295,27.690902589118707,0.02304541531308041,0.020572889991505534,0.02176413338140211,97572378.0,-2.383639931488795,0.0,0.0,-1,0.0,0,2.9,0.11548679934234465,0.03099099099099097,0.5406333962692776,0.37881979759253404,0.3265845040044802,-0.11241065627030544,-0.049408489909533726,-1.3856241140509051,0.06799414348462657,0.0
2025-04-09,29.09,27.32,-0.061630020454225484,0.023224247669917052,-0.010518504191220234,-0.10547866336376883,0.06277543780452104,29.529000000000003,29.649,29.584666666666667,2,9,4,29.139870111207404,29.33254752873557,45.38745387453874,-0.12711530433120544,0.14299353828434852,31.539885618182936,27.758114381817066,0.03284970026958829,0.025440103047711292,0.024310577100826056,100047100.0,-0.5912573395498961,0.0,0.0,-1,0.0,0,9.5,0.07197008211885217,-0.015373352855051307,0.1202991280205203,0.7382928993423741,0.40384911595260264,-0.055212731406300675,0.01713286713286699,1.1615670182316569,0.09659676864902024,0.0
2025-04-10,28.96,29.09,0.06546745757223003,-0.0017085259580644184,0.053669622760008306,-0.6931423315421945,-0.004478904989594564,29.432,29.652499999999996,29.544,3,10,4,29.107166454624238,29.308512204301017,45.95267745952678,-0.13925089999648677,0.08654465062818147,31.53772091404038,27.76727908595961,0.0328064998846223,0.0253782603716019,0.024132682708220894,98809733.0,-0.734661911336255,0.0,0.0,-1,0.0,0,5.614285714285715,0.07956150421572537,-0.012719147473358576,-1.4397806291292323,0.7390274300644989,0.4028673939042256,-0.047368421052631504,0.0024229837313949343,0.9828541527313065,0.04488950276243084,0.0
2025-04-11,29.27,28.96,0.007976459838980807,0.0027322421368730716,0.008553152641718324,0.09453352303693859,0.010647533186278871,29.316000000000003,29.641499999999997,29.526666666666664,4,11,4,29.136772553783466,29.306027545959015,42.133333333333326,-0.12244259574568161,0.044747201353408844,31.533269152490387,27.749730847509607,0.03246301288258795,0.025051362216175457,0.024118829804485143,100169780.0,-0.392754051952842,0.0,0.0,-1,0.0,0,8.385714285714286,0.08704474371722161,-0.0003453038674033689,-1.1965598701515556,0.566497856177326,0.397678046564401,0.027017543859649162,-0.007460155985079653,1.4747912280522266,0.03894772804919715,0.0
2025-04-14,29.92,29.27,0.018141863302131567,0.023593949186865238,0.029028091662778567,-0.19165806788066284,0.02196405240248206,29.278,29.6515,29.509333333333334,0,14,4,29.279177544004654,29.345638672026176,47.56554307116107,-0.056026487335554265,0.024592463615616227,31.54712682314584,27.755873176854156,0.03344944553893413,0.02549303079444216,0.02413119190470818,101292620.0,0.2832836048968965,0.0,0.0,-1,0.0,0,12.342857142857143,0.08097116490937946,0.007174581482746869,-1.4015110625494478,0.49292364548429146,0.404689317884432,0.07819819819819829,0.006729475100942128,1.1362096203764256,0.03375668449197854,0.0
2025-04-15,30.34,29.92,0.021809285821073943,0.014222167950590187,0.030719428708682366,-0.04717970041435026,0.013939820814109587,29.234,29.698500000000003,29.502666666666663,1,15,4,29.472054354185623,29.409791015766423,53.14070351758795,0.03015167722891121,0.025704306338275223,31.61437577885374,27.782624221146264,0.033354695579140704,0.02551203693819221,0.024265630162863372,102363715.0,0.6696676340715624,0.0,0.0,-1,0.0,0,13.114285714285716,0.06448311677938401,0.007018716577540016,-1.4467078332466214,0.4140274246844078,0.40499103106290185,0.11054172767203507,0.03197278911564627,1.4633059571224438,0.01763348714568227,0.0
2025-04-16,30.32,30.34,0.002982603702383557,0.003933141746837146,-0.003516119152015071,0.174028582628783,-0.0006594131462153183,29.187,29.7075,29.500666666666667,2,16,4,29.626226289788235,29.46851417603956,52.47148288973384,0.09573113177681236,0.039709671425982654,31.633771282200403,27.781228717799596,0.03335200552023869,0.024918059950596014,0.024245500116067967,101089016.0,0.6359436551432507,0.0,0.0,-1,0.0,0,11.142857142857142,0.0637496663177002,-0.003955174686882037,-1.099260837303263,0.17306057403882819,0.3955619387008529,0.04228257133035407,0.005972130059721303,-2.180568847271955e-05,0.025065963060686067,0.0
2025-04-17,30.61,30.32,0.00330360392957752,0.011335574349938817,0.016468807713268384,-0.2815631730391258,0.009519192183150239,29.208000000000006,29.746000000000002,29.55366666666667,3,17,4,29.805094237099464,29.542158422746688,51.171875,0.1691539963738613,0.06559853641555838,31.713754798588187,27.778245201411817,0.03323139680990988,0.024865444539441686,0.02275261027888677,102050908.0,0.8781581939171444,0.0,0.0,-1,0.0,0,16.057142857142857,0.0547506203109308,0.0,-1.3432910811968295,0.131087823350572,0.3947266949425903,0.056975138121546864,0.02580428954423586,-0.21616872530118134,0.020042469781117345,0.0
2025-04-21,29.58,30.61,0.003292726056975907,-0.010684821137383902,-0.038514808262790926,0.06531098358290328,-0.034228295674667446,29.316000000000003,29.7445,29.576,0,21,4,29.764168012172288,29.54459981482755,45.804195804195786,0.14258610970346908,0.08099605107314052,31.712736988297817,27.77626301170218,0.027915076727648654,0.026024378198124705,0.02365131871775207,101024097.0,-0.16715466783526314,0.0,0.0,-1,0.0,0,12.371428571428572,0.06204229428907212,-0.00620712185560267,-1.165079985803465,0.3448761622742301,0.41312419642397513,0.010591048855483454,-0.0010131712259372483,-1.4870746587178933,0.04834009465855308,0.0
2025-04-22,30.17,29.58,-0.015570962269688559,-0.0068853919476713175,0.020367302824433733,-0.0648754785903194,0.019749595888316072,29.558000000000003,29.7305,29.64966666666667,1,22,4,29.837955646322783,29.584948213870934,46.490218642117384,0.1672114280135233,0.09823912646121707,31.681515659922177,27.779484340077822,0.026093591384517036,0.025610618324776502,0.02299771486812751,101986408.0,0.45053456927919633,0.0,0.0,-1,0.0,0,13.600000000000003,0.06274020419153303,0.012508451656524713,-1.130887241910898,0.3369358001663939,0.40655596205971356,0.008355614973261982,-0.009195402298850519,-1.592492392307573,0.020550215445807006,0.0
2025-04-23,30.41,30.17,0.017213268436159296,0.012105497084900082,0.012853861976477775,0.07853982548040617,0.007923448518303568,29.866999999999997,29.735500000000002,29.705333333333332,2,23,4,29.941963710627732,29.638177361363134,47.869955156950674,0.2037445243759457,0.11934020604416282,31.69326967625448,27.777730323745523,0.02469399489844455,0.025649659613485403,0.022530597802468317,103027346.0,0.6890493893954093,0.0,0.0,-1,0.0,0,21.542857142857144,0.058394465767121276,0.009943652635067853,-0.9577492733008678,0.32565071621355796,0.4071757233044369,0.0023071852340144083,0.0032992411745298433,-1.5433386354330751,0.019894771456757658,0.0
2025-04-24,31.08,30.41,0.0019672137491689294,0.018526506529604993,-0.002820360942100476,0.5593075019440577,0.021793023810173357,30.066000000000003,29.797500000000003,29.788000000000004,3,24,4,30.148879399604503,29.73119817675906,53.69565217391305,0.2834927391969231,0.15217071267471488,31.8456557814926,27.749344218507407,0.016791411524762725,0.0257915049377281,0.02277638777934528,104848426.0,1.2523461463125338,0.0,0.0,-1,0.0,0,24.08571428571429,0.0740098033227773,0.003946070371588326,-0.003216876625742232,0.35820291831443096,0.4094274480199379,0.02506596306068598,0.041554959785522705,-1.8266858138901856,0.04069819819819823,0.0
2025-04-25,31.11,31.08,0.022349108340499347,-0.0033575856948460455,0.021715197280202984,-1.1554479984676205,0.0009647854100989033,30.281,29.8565,29.862,4,25,4,30.32362859967641,29.82015313309719,67.80354706684857,0.3451360101911689,0.1907637721780057,31.987052436390364,27.725947563609637,0.016472287427133723,0.02579281412483494,0.02273915288606986,105421914.0,1.1766901190413421,0.0,0.0,-1,0.0,0,34.51428571428572,0.06705976130670782,0.004504504504504523,-1.3411191038294634,0.3567553476428562,0.40944823072096403,0.01633453119895467,0.03942532576010693,-1.4712765997652106,0.016072002571520413,0.0
2025-04-28,31.59,31.11,0.005430455766576242,0.013679233502899244,0.012293910905717105,0.921411793183797,0.01531130390444815,30.512999999999998,29.914499999999997,29.932,0,28,4,30.55387794518979,29.934336801929632,77.19546742209633,0.42778944461468527,0.23816890666534163,32.17026664526566,27.65873335473433,0.016647284528603295,0.02575671983924106,0.022613576248456193,106862995.0,1.4855259993461576,0.0,0.0,-1,0.0,0,32.142857142857146,0.04764634391647846,0.009000321440051468,-0.32842863088093305,0.13876875743628522,0.4088752517003723,0.06795131845841795,0.03812027604337831,-0.6416609188779668,0.017410572966128433,0.0
2025-04-29,31.95,31.59,0.004767210681030133,0.020019436179998712,0.0009641652683282743,0.22032600344764156,0.011331566009550018,30.716,29.997000000000003,30.006333333333334,1,29,4,30.807718318791643,30.064379588901918,83.11874105865522,0.5163892642386401,0.29381297818000135,32.42615709877412,27.567842901225887,0.015942598540886036,0.02578813594383102,0.022651905758745535,108659278.0,1.6079651670001796,0.0,0.0,-1,0.0,0,32.74285714285714,0.04348788070776679,-0.0015827793605571608,0.2957327533888482,0.12547634086852424,0.4093739668998169,0.05899900563473648,0.054455445544554504,-0.022233917672437542,0.03630672926447575,0.0
2025-04-30,32.28,31.95,0.006636143803808342,0.0030921484130541224,0.005446113092590891,-0.3089571103921942,0.010275662578204297,30.910000000000004,30.072000000000003,30.102333333333334,2,30,4,31.075405897193164,30.207322841230827,78.73873873873875,0.606245085719074,0.3562993996878159,32.68835825649206,27.45564174350795,0.01579544364975828,0.025672536381272853,0.02254781255382692,109978131.0,1.6878422475371773,0.0,0.0,-1,0.0,0,32.371428571428574,0.04460328820321273,-0.006259780907668209,-0.37145593786801817,0.12227591678140902,0.40753888073463634,0.061492929957250864,0.04873294346978563,-0.2918072969197334,0.033767038413878556,0.0
2025-05-01,31.81,32.28,0.019339342599452268,-0.0006176652450850967,0.00795549144111468,0.13611051615215064,-0.014667137640695401,31.058999999999997,30.122999999999998,30.157999999999998,3,1,5,31.208968461339857,30.310721367603033,74.19354838709674,0.632243292454806,0.4114881782412139,32.836258673915424,27.409741326084575,0.017041490456022813,0.025959057676702868,0.022389224593561723,108466978.0,1.2435231599687777,0.0,0.0,-1,0.0,0,41.25714285714287,0.041333035822247385,0.0027881040892192162,-0.0015834530445110338,0.19058192688863695,0.41208726529282763,0.023487773487773422,0.03312763884378045,-1.3251854175640716,0.02577805721471225,0.0
2025-05-02,32.55,31.81,-0.01274694704007899,0.006859337145885881,0.002541932951811931,0.009645271670071537,0.022996662893525487,31.252999999999997,30.2305,30.248333333333335,4,2,5,31.452792377459883,30.455190956789934,75.94936708860756,0.7044385451115289,0.47007825161527694,33.15231972857911,27.30868027142089,0.017979234263813895,0.02613679128206001,0.02259593625088502,109992777.0,1.5877091781620478,0.0,0.0,-1,0.0,0,38.28571428571429,0.03499901089320945,0.004715498270984034,0.06492268267922746,0.22550853779278998,0.414908698809191,0.04628736740597872,0.07072368421052633,-1.4983938473724867,0.02956989247311824,0.0
2025-05-05,32.41,32.55,0.012128900048835727,0.002212763208674973,0.012089021031731447,-0.2867389679568093,-0.004310351501122212,31.536,30.426,30.341666666666665,0,5,5,31.62683012701263,30.5813076692551,71.42857142857137,0.7418058963940091,0.5244237805710235,33.38331314754286,27.46868685245714,0.012197323824659625,0.02113377698249624,0.02254800238255797,108847348.0,1.341758482119787,0.0,0.0,-1,0.0,0,53.057142857142864,0.020713750863452247,-0.006144393241167305,-0.5179246570143058,0.23434380470832267,0.3354883089551166,0.025957581513136985,0.1371929824561402,-0.30735841711693146,0.02005553841406969,0.0
2025-05-06,32.53,32.41,-0.010878118147183017,0.004733917369231114,-0.0023454001838990666,0.047841473202498624,0.00369572333180413,31.772,30.665,30.410999999999998,1,6,5,31.79104283119215,30.70702975510961,69.87295825771324,0.7722013323401775,0.5739792909248543,33.48095080698627,27.849049193013723,0.011684795463323863,0.019684996317015622,0.022045061056021244,110048908.0,1.3245970031671028,0.0,0.0,-1,0.0,0,54.65714285714286,0.023854643385276857,-0.012650416538105419,-0.34923822224459816,0.2278561850270512,0.31248962888427434,0.018153364632237823,0.17225225225225227,0.1705908840881748,0.0270519520442668,0.0
2025-05-07,32.66,32.53,0.01303961350780355,0.010607767297016195,0.01058870061488167,0.39965802916359233,0.003988347057058815,31.997000000000003,30.932,30.489333333333335,2,7,5,31.949035043702665,30.833027835425117,70.81850533807824,0.7975857755191988,0.6187005878437233,33.40419144208412,28.459808557915878,0.011739157415769415,0.018919870992120242,0.02200625244518413,111840812.0,1.3979499892963374,0.0,0.0,-1,0.0,0,54.142857142857146,0.03181912567633334,-0.003381494005533336,1.1084090054106288,0.22054459406165303,0.3003436408954503,0.011771995043370342,0.1954612005856513,0.5999713063724865,0.027250459277403574,0.0
2025-05-08,32.21,32.66,0.004309024826809585,-0.0052595109604757165,-0.004035392718119733,-0.11604268865187789,-0.013874124199211513,32.11,31.088,30.56833333333333,3,8,5,31.996483217574905,30.92186474926866,63.840830449827,0.7724871395424344,0.6494578981834656,33.46261664496071,28.713383355039287,0.012174341162544743,0.014364161693085764,0.02195909001948902,110245234.0,0.9449946393503552,0.0,0.0,-1,0.0,0,57.65714285714286,0.026843182297934445,-0.0030618493570114614,0.9487019681422503,0.21679044934358252,0.2280239977909526,0.012574662055957253,0.1072533516672396,0.6800464141653422,0.026265135051226438,0.0
2025-05-09,34.93,32.21,0.0067340321813441194,0.06186891806243315,0.010519898997380596,0.4211172374791004,0.08106909547563315,32.492000000000004,31.3865,30.735000000000003,4,9,5,32.52984990528856,31.18045412028359,85.80990629183401,0.960999750790922,0.7117662687049569,34.11007562966855,28.662924370331453,0.028203160389739863,0.02260692670948307,0.026542956879398037,112676357.0,2.6020940717781595,0.0,0.0,-1,0.0,0,60.02857142857143,0.0692172468326357,0.01769636758770569,2.631577875171679,0.628597659493235,0.35887383588453564,0.07311827956989259,0.20614640883977886,2.0443434667635465,0.07477526481534494,0.0
2025-05-12,34.75,34.93,0.05576771097177626,-0.0011943805678300218,0.03952845280796401,-0.2108274908594011,-0.005166486807939501,32.808,31.660500000000003,30.879,0,12,5,32.933513558872455,31.41074740284594,82.43626062322947,1.0833842781133498,0.7860898705866355,34.58289609693253,28.738103903067472,0.028671613344355733,0.022844876059756204,0.026524728979435294,110707357.0,2.1143608857422627,0.0,0.0,-1,0.0,0,64.4857142857143,0.06947699514952922,-0.0077297452046951945,1.3587571510121175,0.6302569029414535,0.36265116471724834,0.07219993829065108,0.18722241202596512,2.0432025269167347,0.03625899280575554,0.0
2025-05-13,34.63,34.75,0.005753755804414904,0.0054046497651891925,0.014392963985855966,-0.30608638886129064,-0.003459213596470465,33.076,31.896000000000004,31.023333333333333,1,13,5,33.24196563907746,31.618441118791363,80.40345821325653,1.1573506823903088,0.8603420329473702,34.98234616198135,28.80965383801866,0.028970450028820944,0.02277619572888619,0.026515522751180957,109257537.0,1.7716742429467793,0.0,0.0,-1,0.0,0,68.2,0.04262195565088298,0.003165467625899264,0.12631087799325086,0.6400534589243978,0.3615608982645862,0.06455579465109129,0.15741978609625673,2.099037361120387,0.027721628645682957,0.0
2025-05-14,34.19,34.63,-0.01415594923013241,-0.019297052992748802,-0.008431479060146149,0.0057174394808798545,-0.012787154763120803,33.267,32.088499999999996,31.137,2,14,5,33.41433552288156,31.784348143385472,73.17436661698956,1.1670126722666652,0.9216761608112293,35.24566245018214,28.931337549817854,0.029710673974044352,0.023158666933109993,0.026617563321592194,107799404.0,1.3312587066140755,0.0,0.0,-1,0.0,0,70.4,0.036311529880903366,-0.007507941091539275,0.10223940206978725,0.6656732702942202,0.3676324404047037,0.04684629516227812,0.12689518787079757,2.1712898694561567,0.016794384322901573,0.0
2025-05-15,34.98,34.19,0.003195354933749772,0.021280899470230364,0.008431479060146206,0.1291877486771295,0.022843265939246127,33.584,32.3215,31.276666666666664,3,15,5,33.699001791448545,31.990519230908994,75.90361445783131,1.224303260662488,0.9822015807814811,35.614038774099,29.028961225901003,0.029176810061847597,0.02339463121635558,0.026837700519132892,109458619.0,1.614863290852205,0.0,0.0,-1,0.0,0,69.14285714285714,0.0429327221086906,0.00848201228429363,0.5292390960505678,0.63386047411881,0.37137825727527224,0.08599813722446426,0.1536939313984167,1.679762019414151,0.029445397369925706,0.0
2025-05-16,35.51,34.98,0.014968615693921392,0.005364971219237109,0.011597694506829301,0.6833522876427015,0.015037877364540502,33.88,32.5665,31.447,4,16,5,34.028274193003355,32.217582506334224,76.06382978723403,1.2975160776602053,1.045264480157226,36.04668919630861,29.086310803691383,0.028875595893737515,0.023454783153499408,0.02670058400078888,112744704.0,1.69157470123873,0.0,0.0,-1,0.0,0,70.60000000000001,0.06967154669583032,0.0005717552887365102,2.9965712548282495,0.23890333265026173,0.3723331396746404,0.01660463784712274,0.16007840574975485,0.5109352579553008,0.023092086736130675,0.0
2025-05-19,35.25,35.51,0.013057239156648132,0.0017107296155386283,0.010894603170428419,-0.7015918311788657,-0.007348817696718778,34.164,32.85,31.672,0,19,5,34.25040615791183,32.413222344635244,72.23719676549867,1.319349298069696,1.10008144373972,36.22810909424629,29.471890905753714,0.029046674561256362,0.02168355242357788,0.023569433328640196,111115478.0,1.4209132583004858,0.0,0.0,-1,0.0,0,69.74285714285715,0.04062847923115162,-0.0014080540692761802,0.08624091196756101,0.24422550674613738,0.34421572351931373,0.014388489208633004,0.19168356997971614,0.5499846171291385,0.014207092198581508,0.0
2025-05-20,35.28,35.25,-0.007927561336649718,0.011160181136997465,-0.009166492141285553,0.45973124164105494,0.0008507018803128285,34.439,33.10549999999999,31.923,1,20,5,34.4376050382915,32.598175741755554,71.06741573033709,1.3238129402928678,1.1448277430503495,36.40213608450827,29.808863915491713,0.02911617847459014,0.02159746814234681,0.022737700293843165,113695599.0,1.319223562599785,0.0,0.0,-1,0.0,0,69.17142857142858,0.05301386980175579,-0.0019858156028368873,1.561820376125741,0.2389648631444902,0.3428491779197388,0.01876985272884779,0.16937354988399078,0.3317985609834713,0.034580498866213116,0.0
2025-05-21,34.17,35.28,0.012429538552103481,-0.009777979846017014,-0.019175485860989362,-0.1781795661580453,-0.03196816501139004,34.589999999999996,33.2935,32.15133333333333,2,21,5,34.38894957678395,32.69958375841649,65.20618556701034,1.223676899980049,1.1605975744362893,36.363993017158464,30.22300698284154,0.03176605588553985,0.023336764361889868,0.023487859494207113,111536574.0,0.5709180871618736,0.0,0.0,-1,0.0,0,66.22857142857143,0.01742649523723388,0.009637188208616676,0.762681183202176,0.33746596260233647,0.37045964943885323,-0.0005849663644339476,0.12364353830976649,-0.6971319079709613,0.0447761194029849,0.0
2025-05-22,33.98,34.17,-0.04068163379295591,-0.03761616171866143,-0.011357891844409742,-0.4759786703670638,-0.005575949883414657,34.767,33.4385,32.31433333333334,3,22,5,34.31459510827778,32.78219125787349,59.91678224687933,1.116121006287898,1.1517022608066112,36.33800467639196,30.538995323608034,0.031330516351589004,0.023160038796991897,0.020973661892184563,110195222.0,0.37351207218870375,0.0,0.0,-1,0.0,0,66.8,0.00960287129125274,0.0008779631255487601,-0.6017911849138918,0.26846908308922246,0.3676542180686886,-0.028587764436821095,0.0933075933075933,-0.6774352242799533,0.01765744555620958,0.0
2025-05-23,34.33,33.98,-0.0020488811499437642,0.005378310805895377,0.003997340432620394,0.016388597207952577,0.010247491225814859,34.707,33.5995,32.49333333333333,4,23,5,34.317395997681814,32.88204988639778,62.93800539083559,1.0470544684232408,1.1307727023299372,36.30576155035782,30.893238449642176,0.015341374443941196,0.02317451030289429,0.020907248298202053,111558738.0,0.5398591277353898,0.0,0.0,-1,0.0,0,64.08571428571429,0.008397469094191416,0.004414361389052552,-0.6977801712454826,0.24603909497260873,0.3678839461029746,-0.03323007603491979,0.10350369656059133,-1.1208820739374445,0.018933877075444177,0.0
2025-05-27,34.97,34.33,0.015986388993725398,0.01838034617301356,0.01306440599830512,-0.045700552141751796,0.018470943605683708,34.729,33.7685,32.68333333333333,1,27,5,34.436051270830575,33.01675634533986,65.36523929471032,1.0320643949575015,1.1110310408554502,36.366363697246534,31.170636302753472,0.01653250783889723,0.023260263457392773,0.0210201760600832,112861343.0,0.9249907924526317,0.0,0.0,-1,0.0,0,65.74285714285715,0.02440440811308633,0.01019516457908539,-0.7924758896452472,0.3037723461521495,0.3692452352286283,-0.007943262411347574,0.10699588477366251,-1.033201809418019,0.024157849585359065,0.0
2025-05-28,34.71,34.97,0.014598799421152631,0.007303225587108241,0.003929850047065819,-0.11515158860337729,-0.0074627212015894884,34.737,33.9065,32.843,2,28,5,34.48586013067956,33.12599787144696,62.701363073110315,0.9878178770574877,1.0863884080958577,36.388258926330025,31.424741073669978,0.01669229022827319,0.023383209910205333,0.020936230286896215,111700421.0,0.6475246177018489,0.0,0.0,-1,0.0,0,64.74285714285715,0.008353227900305654,0.006291106662853842,-0.9722838443619692,0.30551587058674595,0.37119694966094574,-0.016156462585034004,0.08638497652582156,-0.5970101768798183,0.027868049553442856,0.0
2025-05-29,34.84,34.71,-0.013158084577511199,-0.007582229941955668,-0.0002905709740044599,0.014192617930209301,0.003738322110607158,34.802,34.034499999999994,32.993,3,29,5,34.55024919782873,33.23657865393426,66.96774193548387,0.9522649883659327,1.0595637241498728,36.425452023555685,31.643547976444303,0.016060607407247112,0.02334170160579615,0.020870120353755923,112877937.0,0.6737901823743957,0.0,0.0,-1,0.0,0,64.45714285714287,0.006182818830219425,0.00057620282339372,-0.9191255464122257,0.1732256122586841,0.37053802575608175,0.019607843137255054,0.07930607187112759,0.3553846794523187,0.02037887485648682,0.0
2025-05-30,34.94,34.84,0.001151079263787531,-0.0008545791717920093,-0.001163128947646479,0.7979189109583317,0.002866152721608238,34.797999999999995,34.191,33.147,4,30,5,34.62111298004169,33.34647680529334,50.097465886939545,0.9215353463612601,1.0319580485921502,36.36915856558694,32.01284143441306,0.01428244626487015,0.022931139489414266,0.020848069215748007,115493099.0,0.6877368909991779,0.0,0.0,-1,0.0,0,61.91428571428571,0.00011487136899690026,-0.0020091848450057483,1.4804816275149177,0.15329357957454978,0.36402055420993684,0.028251912889935227,0.09839673058786547,0.024706902447581558,0.020606754436176475,0.0
2025-06-02,35.05,34.94,-0.001151079263787528,-0.001140576114524838,-0.0011644833921418468,-1.0384014935651609,0.0031433087746886522,34.751999999999995,34.315999999999995,33.294999999999995,0,2,6,34.69909243821592,33.45638152753248,52.96442687747032,0.895732517481683,1.004712942370057,36.38167333230283,32.25032666769716,0.013338766221927551,0.02252292084440599,0.020831934941178545,116418919.0,0.7106641582885037,0.0,0.0,-1,0.0,0,62.42857142857144,-0.006936428565325242,-0.006010303377218113,-1.2766416875284625,0.1478634306409443,0.3575402841185469,0.020972909991261224,0.0768049155145929,0.7423718279531066,0.020542082738944336,0.0
2025-06-03,34.48,35.05,0.008886399312208151,0.0,-0.0017492715830831258,0.3054787422612668,-0.01639616768510672,34.675,34.4195,33.458333333333336,1,3,6,34.659257449449385,33.522421428982,48.63883847549904,0.8198387624622825,0.9677381063885021,36.28034841996947,32.55865158003053,0.0140724884476312,0.022908760607604134,0.019950604476145238,115162327.0,0.06502410336140128,0.0,0.0,-1,0.0,0,54.57142857142857,-0.017787658615235177,-0.00028530670470750387,-0.7546512104700424,0.14044568056113785,0.36366530047460094,-0.014012010294538246,0.06386917618019128,-1.1304257534127384,0.02262180974477941,0.0
2025-06-04,34.63,34.48,-0.020761991448429128,-0.009459723688449665,-0.007027847373703138,0.23030427372291953,0.004340912618838417,34.61,34.5245,33.607,2,4,6,34.65393791318586,33.59387811098316,54.21455938697322,0.7630007633734408,0.9267906377854899,36.159749538336335,32.88925046166367,0.014197425495471063,0.02290975607504931,0.019758329708387787,116744355.0,0.12903229449290396,0.0,0.0,-1,0.0,0,54.88571428571429,-0.02101391110137253,-0.004640371229698278,-0.25787165963950565,0.14079358394326552,0.3636811030303901,-0.002304811293575293,0.06455579465109129,-2.212865305502623,0.01992492058908454,0.0
2025-06-05,34.97,34.63,0.020191052237944426,0.011170100388191578,0.007115383664846343,-0.2049176510202025,0.009770192660953808,34.69,34.64,33.759,3,5,6,34.71140374715206,33.68266016833909,49.89517819706501,0.7368969092340478,0.8888118920752015,36.02844858517764,33.25155141482236,0.009977893646083716,0.02295502311790627,0.0197715461516735,118033256.0,0.4753506950461214,0.0,0.0,-1,0.0,0,57.97142857142858,0.002866351981277587,0.011261911637308707,-0.695206093613302,0.15772146986280308,0.364399695058311,0.003731343283581934,0.07072872014696885,-1.7628397208141642,0.023934801258221224,0.0
2025-06-06,35.48,34.97,0.0014267372943809295,0.013297692057348192,0.013965574374788601,0.28618860111179073,0.014478606366094103,34.839999999999996,34.8035,33.90566666666667,4,6,6,34.85114852039714,33.798617576833344,49.68421052631578,0.748731246768898,0.8607957630139409,35.652407037249844,33.954592962750155,0.010231040714246622,0.02269531642656541,0.019594336433913853,119749226.0,1.593814093452715,0.0,0.0,-1,0.0,0,61.77142857142858,0.012265903305548968,0.002859593937660893,-0.002694490060672354,0.18673320340936886,0.3602769791436671,0.015455065827132186,0.10152126668736394,-1.4041904135508472,0.023252536640360647,0.0
2025-06-09,35.2,35.48,0.019204204987930025,0.011735256218420932,-0.001007556760299939,0.050985869968907534,-0.007923074837327211,34.927,34.81699999999999,34.042,0,9,6,34.91457606214311,33.889029346069904,49.47589098532498,0.7271344314840178,0.8340634967079563,35.68279686446873,33.95120313553126,0.01066865046523067,0.013038479199191358,0.01971738249432006,117943497.0,0.8847340888327763,0.0,0.0,-1,0.0,0,63.42857142857143,0.010143122952634163,0.007609921082299976,0.20430433204242388,0.202443703282574,0.2069794406132936,0.0042796005706136064,0.00772974520469516,-0.49429306033585596,0.03636363636363639,0.0
2025-06-10,35.25,35.2,-0.014084739881738972,-0.003896470279123235,0.006602578887669876,-0.11083098892012866,0.0014194466542260709,34.955,34.842,34.164,1,10,6,34.97556223266254,33.97683390438798,49.68684759916491,0.7059160214290898,0.808434001652183,35.728283784893975,33.95571621510602,0.009050874325803843,0.012972057538782143,0.019610518334535726,119559787.0,0.9206983292576179,0.0,0.0,-1,0.0,0,64.0,0.009045530660341507,0.0014204545454544646,-0.09025322836340824,0.1358685249867781,0.20592502944262897,0.02233178654292356,0.014388489208633004,-0.47698399780850254,0.025815602836879337,0.0
2025-06-11,35.9,35.25,0.0033984739591115514,0.012470717249257746,0.011945534537569745,0.0798383251382122,0.018271766235955448,35.074,34.9055,34.29566666666666,2,11,6,35.14364182672389,34.10090913636295,69.9769053117783,0.7330991358142214,0.7933670284845907,35.902853867411,33.90814613258901,0.010065686434966283,0.013507396519494622,0.019745788449240468,121310410.0,1.9942771216831805,0.0,0.0,-1,0.0,0,64.2,0.023276276758127084,0.0034042553191488637,0.11558400831893283,0.16815839754587375,0.21442327230313313,0.036673404562517886,0.036673404562517886,-0.6624002885503433,0.026183844011142196,0.0
2025-06-12,35.7,35.9,0.015430240216609794,0.0005506608068661296,0.007604599385219433,-0.28009327131902373,-0.005586606708639712,35.160000000000004,34.981,34.409666666666666,3,12,6,35.24479785822864,34.20407628885567,69.81566820276512,0.7300876255938604,0.7807111479064447,35.978911503300075,33.98308849669993,0.010456029361627617,0.013192182587826447,0.019785513907037294,119987441.0,1.441009543676535,0.0,0.0,-1,0.0,0,64.6,0.022550280780652243,0.0005571030640669395,-0.608072111156931,0.18783059032595487,0.20941940626527172,0.02087503574492433,0.04416496051477048,0.32473295261022506,0.01932773109243691,0.0
2025-06-13,35.4,35.7,-0.02138517061702279,-0.01469595282645596,-0.0164077231095201,0.056775909628925154,-0.008438868645864708,35.206,35.001999999999995,34.529333333333334,4,13,6,35.273016429459794,34.28123265731659,62.47086247086252,0.6954764694315401,0.7636642122114639,36.017347490425486,33.986652509574505,0.011003944723732726,0.012429312174619653,0.019622492015476535,118587186.0,0.7839680577399512,0.0,0.0,-1,0.0,0,59.54285714285715,0.020470860481629424,-0.01512605042016824,-0.45053865181433633,0.17839742821629745,0.19730921388978617,-0.0022547914317925244,0.012006861063464935,1.6508834523927909,0.020903954802259744,0.0
2025-06-16,35.2,35.4,0.014120539618018055,0.009175651752894403,-0.005720839401213655,0.11363113548727248,-0.005665737535677196,35.221000000000004,34.9865,34.617666666666665,0,16,6,35.259740715012555,34.34050796974778,52.98701298701306,0.6444793930145494,0.739827248372081,35.978388682207985,33.994611317792014,0.011195413722091064,0.012017280751328753,0.019339097351307122,117018426.0,0.43049185625294856,0.0,0.0,-1,0.0,0,61.114285714285714,0.014770850355834997,0.007344632768361526,-0.021197645267820812,0.17309799805961568,0.1907684178195559,0.0,-0.008729935229512709,1.6900448358619273,0.03607954545454554,0.0
2025-06-17,35.46,35.2,-0.006752980080306695,-0.010573276019532264,0.004293694874699436,0.5173897437217825,0.007359218042010368,35.319,34.997,34.71933333333333,1,17,6,35.29615149410118,34.41273326202212,59.74025974025979,0.617920664847226,0.71544593166711,36.00494945570733,33.98905054429267,0.009657089340831752,0.012019466607995603,0.019309074195103058,119650245.0,0.9186968600029403,0.0,0.0,-1,0.0,0,57.42857142857144,0.015460347046253188,0.006249999999999967,1.9963969431594764,0.18107741378771766,0.19080311721840862,0.005957446808510625,0.005957446808510625,1.0611761461503468,0.020868584320361025,0.0
2025-06-18,35.74,35.46,-0.0005648122149588059,0.010019566149349715,0.002319501534210883,0.039734717976747325,0.00786520908522015,35.43,35.02,34.82633333333333,2,18,6,35.37685122244642,34.498363374149726,61.25000000000004,0.612406895885961,0.6948381245108803,36.07503305011723,33.96496694988278,0.009782651322229583,0.012137092002861451,0.01932818076280464,122388744.0,1.3648861519930555,0.0,0.0,-1,0.0,0,54.285714285714285,0.016994197428733277,-0.0016920473773266293,2.1221466150485635,0.12467075859791917,0.19267036247449346,-0.004456824512534707,0.013038548752834389,0.5114696453413845,0.028503077783995596,0.0
2025-06-20,35.87,35.74,0.011515363870612695,0.002213002286284726,0.01467326078890135,0.4990707686032117,0.0036307818129091567,35.52,35.105000000000004,34.93333333333333,4,20,6,35.46651463654707,34.58685605968845,61.53846153846159,0.6114783658349907,0.6781661727757025,36.14551606629022,34.06448393370979,0.009509704784088436,0.0094873447369698,0.01932785672066935,126899572.0,1.470424195807896,0.0,0.0,-1,0.0,0,54.51428571428573,0.022953522631749528,0.001958589815332968,3.353827541439075,0.11983352779818623,0.15060692865815756,0.004761904761904523,0.0497512437810943,-0.4848207121096963,0.016169500975745703,0.0
2025-06-23,36.62,35.87,0.0022315211491744885,0.02105340919783248,0.005879899342879471,-0.5628725394550242,0.020693247702173508,35.634,35.237,35.080333333333336,0,23,6,35.67623924808396,34.71802663648274,66.80942184154183,0.6636115304294208,0.6752552443064462,36.344279263970286,34.12972073602972,0.01054988643404861,0.010131979775922109,0.0193081861024891,129468807.0,2.4980148098160586,0.0,0.0,-1,0.0,0,56.60000000000001,0.029475688084779062,0.0005575689991637337,0.9026330978616596,0.15176478432468407,0.16084019265495503,0.03446327683615813,0.07769276044732187,0.385980296845312,0.031130529765155672,0.0
2025-06-24,36.4,36.62,0.02095472317314452,-0.0005412720023895862,0.011243091574180377,-0.30910811829955503,-0.006025764603669655,35.754000000000005,35.340500000000006,35.12933333333333,1,24,6,35.807832112068695,34.826541047032244,72.22222222222236,0.6793442202919522,0.6760730395035475,36.47739281075896,34.203607189241055,0.010344263573648385,0.01023671674456353,0.01210682507798287,127582728.0,1.863852053550595,0.0,0.0,-1,0.0,0,57.885714285714286,0.023024318500912053,0.0008192244675041272,0.05400252969621281,0.15362972301163066,0.16250284048755487,0.03409090909090895,0.06029711622487621,0.3299045784237182,0.019642857142857042,0.0
2025-06-25,36.16,36.4,-0.011249947157881818,-0.008700435524729247,-0.02134418756068422,-0.2129319812372321,-0.006615239118719317,35.845,35.4,35.17633333333333,2,25,6,35.87186263714711,34.91257065690114,67.34693877551024,0.6647832881866194,0.6738150892401619,36.579027252931574,34.22097274706842,0.010814872405518454,0.009748347715011419,0.012136714064678554,126058378.0,1.2891983592581167,0.0,0.0,-1,0.0,0,59.25714285714286,0.015469274860362694,-0.004395604395604302,-0.3988574331180704,0.17987803855192622,0.15475022248622983,0.01974055273547637,0.03402916785816412,0.7879316063882615,0.032079646017699026,0.0
2025-06-26,36.16,36.16,0.003580777824118911,0.0057181912106093495,0.011217167530924924,-0.16074193057680142,0.0,35.870999999999995,35.4725,35.227333333333334,3,26,6,35.924251248574905,34.993049969359134,64.61916461916468,0.6457992725691994,0.6682119259059695,36.65120356971574,34.29379643028425,0.009277656309532152,0.009519961554989537,0.012105453010280254,126058378.0,1.1665358749457215,0.0,0.0,-1,0.0,0,63.00000000000001,0.01789556657022458,0.005807522123893829,-0.6869839628349907,0.177737332468625,0.15112470459238841,0.011751538891997537,0.04177470469605282,1.4912971282507077,0.026825221238938025,0.0
2025-06-27,36.07,36.16,-0.005790723474921996,-0.012293557366997611,-0.008119882216622942,1.1524759375092077,-0.002492040608528022,35.908,35.534000000000006,35.29,4,27,6,35.95075102156129,35.062530616497256,58.08219178082202,0.6163867330106072,0.657846887326897,36.70205551418073,34.365944485819284,0.009093316440407813,0.009564911320293782,0.011832276084598402,121948875.0,0.9177645985018882,0.0,0.0,-1,0.0,0,64.8,0.016818041243226698,0.0,2.2337213809167213,0.18032898099257166,0.1518382599953029,0.005575689991636601,0.035304247990814996,1.9362930361375672,0.022456334904352712,0.0
2025-06-30,36.74,36.07,-0.000829990364426747,0.010391124397510087,-0.0014066678363943924,-0.5529592644968465,0.018404584871531963,36.042,35.624,35.34866666666667,0,30,6,36.09425083582287,35.17075444769098,69.05940594059412,0.6397656637494791,0.6542306426114135,36.873865676992445,34.37413432300756,0.009934058462388214,0.010277281004862837,0.011577816061651145,124312846.0,1.7857918983509287,3860.0,139346.0,1,0.0,0,69.22857142857143,0.02845965622399469,0.0016634322151372963,0.39648802088058194,0.16427641371394147,0.1631467781567704,0.003276897870016615,0.051516886090440916,1.877136681309152,0.033750680457267146,0.0
2025-07-01,36.22,36.74,0.016470314672026826,0.002445321147859475,0.005334843482387638,-0.21976923886225103,-0.014254627331712342,36.144,35.6825,35.37233333333334,1,1,7,36.11711432021871,35.23844770913028,60.7538802660754,0.6093102315506016,0.6452465603992511,36.92876389027684,34.436236109723154,0.011122541196094212,0.010932861937963492,0.011640068059101592,122415277.0,0.8625781492884332,0.0,0.0,-1,0.0,0,67.54285714285714,0.01830841703886305,-0.0002721829069135851,-0.1601705193206913,0.19290553763893514,0.17355380283633043,-0.0049450549450549275,0.033380884450784576,1.1441498707186397,0.031474323578133644,0.0
2025-07-02,36.36,36.22,-0.021464775664520097,-0.008584913392164554,-0.00028007282076359215,-0.5929212189880827,0.003857816854010811,36.233999999999995,35.7765,35.40933333333333,2,2,7,36.161275352906216,35.310805921444455,55.75000000000003,0.5896735227731185,0.6341319528740247,36.92025696719077,34.63274303280923,0.011020564908060367,0.010085983999986973,0.011552227692945467,123464083.0,1.0203216535295252,0.0,0.0,-1,0.0,0,63.71428571428572,0.018542898719853887,-0.007454445057978908,-1.0778030650445167,0.18779019957991805,0.16011003234805213,0.005530973451327581,0.054524361948955935,0.41805359049387975,0.022964796479647793,0.0
2025-07-03,37.07,36.36,0.01023946956603674,0.019381239582387407,0.014322708861695933,-0.5345808236787489,0.019338747853362783,36.367,35.8985,35.469,3,3,7,36.32649801601418,35.42430231360933,65.18847006651882,0.6242068874315265,0.632146939785525,37.047857257453295,34.7491427425467,0.012196808839196414,0.010764305399914412,0.01203168204764419,124078594.0,2.0385306525070663,0.0,0.0,-1,0.0,0,77.62857142857145,0.03050213174854251,-0.0011001100110010766,-1.4238749628878629,0.22722189885137412,0.17087805074713927,0.025165929203539994,0.07045913947444404,-0.2899184190890948,0.02792015106555157,0.0
2025-07-07,36.82,37.07,0.027964357845733888,0.007488668321360983,0.010028245315430187,0.8370330558707474,-0.006766841357709114,36.461999999999996,35.991,35.55733333333333,0,7,7,36.41622564946614,35.51434732563454,65.91928251121081,0.624206453617667,0.6305588425519535,37.12337338086057,34.85862661913943,0.012639073582785914,0.010886205933673086,0.010419163338568255,122659378.0,1.4641813628115903,0.0,0.0,-1,0.0,0,75.08571428571429,0.0239583055136151,0.007553277582951204,-0.5962677077421195,0.2378912244483036,0.17281316172920816,0.02079290268921552,0.05290248784672591,-0.11883161718958954,0.025801195002715993,0.0
2025-07-08,35.7,36.82,-0.023020650990380555,-0.020458317833748758,-0.02856148671346977,0.06159303896767859,-0.03089048701933833,36.370000000000005,36.001999999999995,35.61466666666667,1,8,7,36.28600280410866,35.52632491752909,54.646840148698885,0.5277479205313966,0.6099966581478422,37.11762302631287,34.88637697368712,0.014675684141947783,0.01277399933610469,0.011960419311574573,121150000.0,-0.541401518034457,0.0,0.0,-1,0.0,0,74.62857142857142,-0.007317247021859287,-0.008690928843020106,-0.48906931263538517,0.2981884584010931,0.20278095294622317,-0.028307022318998287,0.006200676437429609,0.04611349498242217,0.03417366946778728,0.0
2025-07-09,36.04,35.7,-0.02048231028313248,-0.013969847850179247,-0.00028133352274459814,-0.26974159014733523,0.009478743954543739,36.333999999999996,36.044,35.67166666666667,2,9,7,36.24127502154345,35.559465245430445,55.31135531135531,0.4732832815546075,0.5826539828291952,37.0937999809475,34.99420001905249,0.015073092586624736,0.012773561789464514,0.011942032138394863,122302526.0,-0.0076204992809917,0.0,0.0,-1,0.0,0,75.91428571428571,0.0009383287244291754,0.0016806722689074276,-0.8119573906833117,0.30266764693713333,0.20277400710864177,-0.004969630038652695,0.023863636363636198,-0.9845157777683493,0.01997502774694791,0.0
2025-07-10,36.21,36.04,0.0019555810115489698,0.002756821846276691,0.004491866059088233,-0.21966465577613584,0.004705891037412714,36.339000000000006,36.092,35.713,3,10,7,36.23558865399009,35.60143522959623,54.392523364485974,0.43877926775166287,0.5538790398136888,37.074576634213656,35.10942336578634,0.015021895144636938,0.012797022250181547,0.011523706388725753,123227760.0,0.24018482811661016,0.0,0.0,-1,0.0,0,76.97142857142856,0.0006813125476969921,-0.005826859045505018,-0.9846654633446644,0.30356252634269415,0.2031464303768434,-0.004125412541254092,0.027234042553191617,-1.0163433926178784,0.01822700911350446,0.0
2025-07-11,36.65,36.21,0.004455590774076959,0.010421306639290353,0.0013995803544232636,0.43094383540570735,0.012078104555110563,36.388,36.12949999999999,35.77766666666666,4,11,7,36.310936171446436,35.66908456962228,56.8904593639576,0.44184559006842505,0.5314723498646361,37.138125432534416,35.12087456746557,0.01548463349472619,0.012428860414324254,0.011570807054944373,124651426.0,1.0320977108263427,0.0,0.0,-1,0.0,0,75.25714285714285,0.006615019740217804,-0.006075669704501487,-0.4685012399261375,0.2758878392003225,0.1973020424174231,-0.011329916374426818,0.02089136490250687,-1.4154126887987193,0.02703683492496599,0.0
2025-07-14,37.59,36.65,0.022800053713992394,0.02364524792431588,0.02903724592744713,-0.5505599787678213,0.025324629243426322,36.54,36.224000000000004,35.86933333333333,0,14,7,36.54349323118345,35.793014597388584,58.29059829059834,0.5141984569539986,0.5280175712825086,37.40296296982046,35.04503703017955,0.017154583236217574,0.01346326768933388,0.012356906247749124,125472350.0,2.3172907630984008,0.0,0.0,-1,0.0,0,76.11428571428573,0.02590413184683664,0.004638472032742202,-1.020426569681733,0.332057900035453,0.2137227488416119,0.020912547528517234,0.05294117647058827,-1.4395028336618838,0.02172652301143914,0.0
2025-07-15,37.09,37.59,0.019365855353431,0.0018589834061597866,0.005062794206605021,0.0782618895761532,-0.01339066607458716,36.575,36.3085,35.941,1,15,7,36.642858098241,35.87669107497642,55.62805872756937,0.5251393246625966,0.5274419219585262,37.48103257164834,35.13596742835166,0.01716254038057126,0.013717426338224165,0.012693292285360801,124584598.0,1.333012009894742,0.0,0.0,-1,0.0,0,73.4857142857143,0.0035325709150195537,-0.0013301409949455776,-0.914071637963782,0.22382752294580108,0.2177573923127312,0.03893557422969196,0.04774011299435044,-0.5243335503642506,0.018870315448908048,0.0
2025-07-16,37.33,37.09,-0.0045387876609702445,-0.0031889476931664983,0.0029666603393208816,-0.018351495852476456,0.006449901424992815,36.686,36.415,36.017,2,16,7,36.7677929894699,35.97045294110698,59.54323001631324,0.5468720349794438,0.5313279445627098,37.549928701677786,35.28007129832221,0.01634821332469835,0.01360927459300474,0.012717492496976448,125456207.0,1.6124360916193872,0.0,0.0,-1,0.0,0,72.94285714285715,0.004064356201056301,0.0075492046373684014,-0.8785270766526982,0.22335022368478283,0.2160405365824819,0.03579356270810208,0.06051136363636345,-0.31168665935993295,0.012590409858023007,0.0
2025-07-17,37.26,37.33,-0.0018749168476226595,-0.0023984022156562125,-0.0005392289157350825,-0.04007012423506607,-0.0018769277530500301,36.775999999999996,36.504999999999995,36.10966666666666,3,17,7,36.85728517320265,36.05364952555169,58.8709677419355,0.5520828816951635,0.5354789319892006,37.606033007773966,35.403966992226025,0.01642069373791289,0.013610809331489714,0.01226108326355506,124618833.0,1.3714393568026346,0.0,0.0,-1,0.0,0,74.17142857142858,0.0034029062697090873,-0.0008036431824270329,-0.8244962403392686,0.2325633947299835,0.21606489980063445,0.028997514498757093,0.050761421319796884,0.0802773879335641,0.010735373054213597,0.0
2025-07-18,37.83,37.26,0.008808277955576278,0.01693162141577995,0.008108889358488651,0.13008674031214745,0.01518207347149555,36.852000000000004,36.6095,36.21633333333333,4,18,7,37.03414241443853,36.16825278196771,63.17365269461076,0.5953439965670739,0.5474519449047752,37.798067913165994,35.420932086834,0.015984105646058178,0.013861658469853072,0.012474165943340722,125572541.0,2.0537320358059246,0.0,0.0,-1,0.0,0,73.94285714285715,0.015995838384558907,0.009930220075147734,-0.6415686019159845,0.2389464798765924,0.22004700642086011,0.03219645293315132,0.058477895914941236,-0.062143999869525665,0.019510970129526718,0.0
2025-07-21,37.85,37.83,0.0023888531599107546,0.0031430093971992214,0.005551427519943863,0.029443517390202546,0.0005285412385198995,36.955,36.7085,36.312333333333335,0,21,7,37.18248015726788,36.27675260248593,59.20398009950248,0.6240489270613878,0.5627713413360977,37.96558560190766,35.45141439809234,0.015697503900428223,0.013870817858457984,0.01241489731916464,126554747.0,1.8161054398646288,0.0,0.0,-1,0.0,0,73.28571428571429,0.022408084511403168,-0.002907745175786398,-0.5781483925055932,0.16771452081649063,0.2201924072073201,0.006916733173716327,0.055199330917201195,-0.15221089321400297,0.01717305151915452,0.0
2025-07-22,37.89,37.85,-0.00026514649499090337,-0.00603280518204332,-0.0007984032360244729,0.21420415495867276,0.0010562451470515976,37.174,36.772,36.39266666666667,1,22,7,37.31112012867372,36.3808330797449,65.04504504504507,0.6426177594764653,0.5787406249641712,38.13417473181571,35.409825268184285,0.010612090873295878,0.013199409129397858,0.012213002960856933,127771578.0,1.6414927892690545,0.0,0.0,-1,0.0,0,73.88571428571429,0.01758457116263426,-0.0036988110964333042,-0.21972440208891678,0.10898629151041402,0.20953412405629385,0.02156915610676724,0.03468050245767351,1.3128420370329592,0.011876484560569958,0.0
2025-07-23,38.1,37.89,0.00317712737467198,0.003938563578928439,0.001064396055786723,-0.3218675845234849,0.005527057102145793,37.38,36.857,36.489333333333335,2,23,7,37.45455283255122,36.49174707460008,65.48042704626337,0.6665948474429584,0.5963114694599287,38.329157028236686,35.38484297176331,0.010540549337951805,0.013092574159625336,0.012073237734626178,128653530.0,1.6886785528427442,0.0,0.0,-1,0.0,0,76.3714285714286,0.01925459472816027,-0.0015835312747427362,-0.5880872368116408,0.10801403897372322,0.2078381714882347,0.02062684168229323,0.04670329670329676,1.4740521077351596,0.014698162729658666,0.0
2025-07-24,37.86,38.1,0.006324131749468081,0.008090870184118132,0.002921260874416829,-0.10937583904647481,-0.006319136351478546,37.545,36.942,36.57633333333333,3,24,7,37.52827049936009,36.58002145688395,57.66990291262135,0.6586384935996961,0.6087768742878823,38.44077985462467,35.44322014537533,0.011200818672552086,0.013082138907807657,0.012183496496372707,127862954.0,1.22499644916816,0.0,0.0,-1,0.0,0,75.25714285714287,0.014303368707064697,-0.0007874015748031794,-0.6520262520361042,0.12645095994845043,0.2076725170011672,0.016103059581320522,0.04701327433628322,0.7239263611008862,0.020073956682514476,0.0
2025-07-25,37.35,37.86,-0.007911433670040394,-0.015320821817239696,-0.010128018343773334,0.02567887189367818,-0.013562234202350427,37.614999999999995,37.0015,36.62466666666667,4,25,7,37.495857681294616,36.62969749192369,54.89833641404807,0.6042152705760699,0.6078645535455198,38.46360050774015,35.53939949225985,0.012151846549972612,0.013549602900439453,0.012132741878205898,127051814.0,0.47671141368885595,0.0,0.0,-1,0.0,0,74.65714285714286,0.005266583159540527,-0.0023771790808239913,-0.5888399927483,0.11807292454748389,0.2150932778294536,-0.012688342585249757,0.032909292035398385,-0.7730285727578747,0.01486211512717545,0.0
2025-07-28,37.01,37.35,-0.007707679354144215,-0.009007027569860744,-0.016203433094916588,0.14504378973935714,-0.009144765180761752,37.557,37.048500000000004,36.66833333333333,0,28,7,37.407519921059226,36.65423313760604,64.1468682505399,0.5275678420467216,0.5918052112457602,38.44341218361486,35.65358781638515,0.009246610417305946,0.01373684250902608,0.012219466546066031,126114063.0,-0.05520060753965899,0.0,0.0,-1,0.0,0,73.8,-0.0010072295273815446,0.0034805890227575754,-0.42330538799391565,0.12209329530229379,0.21806561446886133,-0.022192866578599868,0.026060438037149858,0.2994556661953233,0.022031883274790703,0.0
2025-07-29,38.07,37.01,-0.0013349354538837342,0.017274176976414216,0.014997241164182286,0.34284605439999843,0.02823842399634145,37.655,37.114999999999995,36.757333333333335,1,29,7,37.527970844503,36.745572935179844,68.97196261682241,0.5460626733465475,0.5826567036659177,38.573355237929746,35.65664476207024,0.01231109422188008,0.014559860164144,0.013051210355437293,127435309.0,1.3096946137152428,0.0,0.0,-1,0.0,0,70.62857142857143,0.013294296744399097,0.011348284247500721,0.8199495533113292,0.26909338190081483,0.23113061470920657,0.004750593824228044,0.036200326619488354,1.4155209337904686,0.024024166009981616,0.0
2025-07-30,38.01,38.07,0.020886416895789413,0.022401881095190125,0.010007422233248124,-0.14126934550524595,-0.0015772873932487226,37.723,37.2045,36.851,2,30,7,37.61561250913882,36.82714887484566,67.17557251908391,0.5495436645547187,0.5760340958436779,38.65124553103719,35.757754468962816,0.01229868627424619,0.014095084139023478,0.012984418787880668,126288130.0,1.1135337662629892,0.0,0.0,-1,0.0,0,68.02857142857142,0.012170099545655172,0.003940110323089009,0.4881795395416695,0.26635809403500527,0.22375252404232251,-0.0023622047244095112,0.04942020982882389,1.8755450070470376,0.03696395685345965,0.0
2025-07-31,38.64,38.01,-0.003144656679471608,-0.008741539145775207,0.007143832471801215,-0.027083806171635652,0.01643872634315994,37.861000000000004,37.3185,36.957,3,31,7,37.80186478020449,36.9441070119524,68.32412523020255,0.5962647412613507,0.5800802249272126,38.842321719091856,35.794678280908144,0.01303551410826041,0.014441677592193402,0.013206584407586118,127404656.0,1.7344548688905266,0.0,0.0,-1,0.0,0,63.71428571428572,0.015349696614341959,0.002367797947908535,0.34802215466255365,0.2832026288378287,0.2292545245411069,0.020602218700475516,0.06270627062706269,0.6149543139695857,0.020574534161490726,0.0
2025-08-01,38.89,38.64,0.024628594153039578,0.014739132572283193,0.019580314884285983,0.1459608123075718,0.006449138823338715,37.967,37.409499999999994,37.062,4,1,8,37.99970754744004,37.06964849505224,63.713080168776315,0.6460175535954775,0.5932676906608656,39.08105112332582,35.73794887667417,0.012450029730514935,0.01394883591595726,0.013190726262512125,128696645.0,1.7714085789423035,0.0,0.0,-1,0.0,0,49.8,0.015556183422459081,0.010610766045548566,0.9812259183499755,0.23624832579194663,0.22143090547481262,0.041231593038821845,0.049096304289182546,0.3798432328761679,0.015942401645667202,0.0
2025-08-04,39.74,38.89,0.007144710158023264,0.014901147042099865,0.009632875409469365,0.2258437953614475,0.02162108895601497,38.156,37.5555,37.191,0,4,8,38.31612435699639,37.241929237306934,76.03143418467576,0.7454419216225503,0.6237025368532025,39.49833000312681,35.612669996873194,0.013767835129953346,0.01441057405759079,0.013637520809303263,130315998.0,2.2487814131800006,0.0,0.0,-1,0.0,0,56.885714285714286,0.019246952653735314,0.01131396245821542,2.1688055210511985,0.19136041514628044,0.22876077123638527,0.07376384760875454,0.07930472569255853,-0.29768184141743026,0.02102667337695016,0.0
2025-08-05,40.06,39.74,0.005578107769944623,0.005375348901572505,0.000655281180018976,-0.031024955473484085,0.008020093114001384,38.373,37.7735,37.30566666666666,1,5,8,38.633192655724315,37.423740254254874,76.4023210831721,0.8403705071523291,0.6670361309130279,39.81560701302077,35.73139298697923,0.013724610972318915,0.01194164722382909,0.013268969387083442,131885882.0,2.239353751219646,0.0,0.0,-1,0.0,0,55.02857142857143,0.022771155096543677,-0.004781077000503392,1.915355481490581,0.1449895358584987,0.1895677727922999,0.05227213028631472,0.12212885154061626,0.039621295150918376,0.025586620069895122,0.0
2025-08-06,39.65,40.06,0.013561232440752797,0.011281344464039979,0.01094297724871732,-0.034879611383641186,-0.01028738215681529,38.528000000000006,37.954,37.414,2,6,8,38.81806671831989,37.56736991527069,71.68784029038105,0.8724613304915962,0.7081211708287416,39.98911696288655,35.91888303711345,0.014618465350566216,0.012428676688473141,0.013390705349468277,130369811.0,1.666734670222041,0.0,0.0,-1,0.0,0,55.31428571428573,0.018712867080005545,0.0007488766849725695,1.5290565737731734,0.19424300486145293,0.19729912585995438,0.043146540384109366,0.10016648168701447,-0.8536643529991853,0.02648171500630528,0.0
2025-08-07,39.86,39.65,-0.014320053774748558,-0.003581356097120151,-0.005202067177579545,0.025203575279282804,0.005282366703791773,38.727999999999994,38.1365,37.53733333333333,3,7,8,39.00750913317082,37.71528153364032,69.7087378640776,0.9044132709369777,0.7473795908503889,40.16774307286193,36.105256927138065,0.014155269379343131,0.012429007482271109,0.013274218497249057,131924578.0,1.69699040260274,0.0,0.0,-1,0.0,0,54.71428571428572,0.022124772301020296,-0.0032786885245900494,1.4745654429706871,0.18091125369733269,0.19730437704870238,0.031573498964803326,0.10080088373377505,-0.20629369933631758,0.027847466131460098,0.0
2025-08-08,40.51,39.86,0.022022912087437254,0.02649242405084492,0.015149892082252354,0.08800171015323942,0.016175542429950517,39.044,38.3295,37.682333333333325,4,8,8,39.280689290776124,37.895585950824824,73.01038062283729,0.9709919904205506,0.7921020707644212,40.49512109724648,36.163878902753524,0.012851421530048751,0.012590543619540652,0.013465336555721612,133622368.0,2.013741002775079,0.0,0.0,-1,0.0,0,58.37142857142857,0.025254360517549423,0.013547415955845438,1.7940017480679684,0.19450305388275677,0.1998686837304936,0.04165595268706612,0.10532060027285128,-0.7496730930315398,0.039372994322389505,0.0
2025-08-11,40.38,40.51,0.0014840467724950225,-0.017501662090343522,-0.00489858418481208,-0.1799699691659219,-0.003214244329907638,39.381,38.469,37.826,0,11,8,39.480563965180465,38.05587072819097,71.20954003407152,1.0017189986721178,0.8340254563459606,40.78805516150483,36.14994483849517,0.012080256192538202,0.01173558823684852,0.013477720548474664,132204212.0,1.6480849888537876,0.0,0.0,-1,0.0,0,57.62857142857143,0.023155820544516658,-0.0012342631449024232,0.8059274813284079,0.1629153814461058,0.18629668778253697,0.01610468042274782,0.0742218675179569,-0.1412697644229659,0.026498266468548793,0.0
2025-08-12,40.54,40.38,0.0009881423728940327,0.001715056159702749,-0.0017643356813728589,0.04455722158312145,0.003954528139162526,39.628,38.64149999999999,37.952666666666666,1,12,8,39.67318869878402,38.21613713282381,70.96219931271473,1.027140797174951,0.8726485245117588,41.040528531454704,36.24247146854528,0.00990572115375649,0.011037159622765625,0.013188422409373155,133686986.0,1.5827239860701476,0.0,0.0,-1,0.0,0,62.25714285714286,0.023086229393597783,0.0029717682020801743,0.9199576762642715,0.15781561769780258,0.17520947725416788,0.011982026959560521,0.09301698571043393,0.21012272365314033,0.02984706462752839,0.0
2025-08-13,40.65,40.54,0.01883386965199698,0.011802777398626988,0.012287966715254037,0.45614139532780296,0.0027096949699656437,39.892,38.807500000000005,38.10033333333333,2,13,8,39.850790753550555,38.37316054360937,74.5166959578207,1.0441277812193306,0.9069443758532731,41.28267250860729,36.33232749139272,0.009612915492492548,0.011034085324515419,0.012768455709617498,136026764.0,1.48878511989996,0.0,0.0,-1,0.0,0,63.34285714285714,0.022880206280586183,0.018006906758756883,2.7442461052370515,0.11270655223384664,0.1751606742824114,0.02522068095838592,0.08893651218858833,1.0139160312508722,0.029640836408364134,0.0
2025-08-14,40.39,40.65,-0.017353484481562764,-0.004242687738790204,0.005960258687808123,-0.3004906009922036,-0.006416606418498012,40.067,38.964000000000006,38.23466666666666,3,14,8,39.94882879835954,38.503279218215226,77.9411764705882,1.0247970390179901,0.9305149084862165,41.42294628694938,36.50505371305063,0.009755520886415247,0.011212683386658128,0.012907004732491298,134294264.0,1.1598464005239595,0.0,0.0,-1,0.0,0,63.25714285714287,0.018968846337552008,-0.0022140221402213115,1.0687299935618693,0.13848151087298083,0.17799583062481739,0.01329653788258911,0.08400429414922184,0.9947033047906,0.01955929685565732,0.0
2025-08-15,40.45,40.39,-0.005686750397651004,-0.015054442569328074,-0.017239652448177392,-0.08394139919549612,0.0014844139291792483,40.223,39.095,38.34733333333334,4,15,8,40.03995083502144,38.628874107362634,83.33333333333336,1.0027595966777056,0.9449638461245145,41.578609427722185,36.61139057227781,0.009769978097832619,0.01090793722509218,0.012554345758994499,135887272.0,1.0911538544470138,0.0,0.0,-1,0.0,0,63.54285714285715,0.018516951732063663,-0.001485516216885424,0.6343349113290154,0.06922281771650679,0.17315813528578733,-0.0014811157738828795,0.06925720327782203,-0.7197334163932304,0.021384425216316488,0.0
2025-08-18,40.88,40.45,0.005686750397651002,0.017238644384169277,0.021935076866255714,-0.09938360460599677,0.0105743023909484,40.337,39.2465,38.48266666666667,0,18,8,40.19268704683573,38.77410803591989,81.01545253863137,1.0083683287851386,0.9576447426566393,41.77950965152793,36.713490348472064,0.007966620817597084,0.011000982825728199,0.012490460049812442,137329574.0,1.2897700559606329,0.0,0.0,-1,0.0,0,64.2,0.02042861853374999,0.0027194066749072787,0.18352860413939867,0.0967090145879994,0.17463518840501657,0.012382367508667613,0.08005284015852054,-0.2859950421246858,0.016878669275929493,0.0
2025-08-19,40.87,40.88,0.00785858661252131,-0.003399711870902948,-0.003705080192545574,0.004143792342792667,-0.0002446483192631581,40.418,39.3955,38.654999999999994,1,19,8,40.31583485650196,38.90932687231215,81.91964285714283,1.0004735368033835,0.9662105014859882,41.943080689285004,36.84791931071499,0.007796084235009043,0.011022606574207122,0.01075343388231732,135881283.0,1.157568830853264,0.0,0.0,-1,0.0,0,59.88571428571429,0.019621983298369894,0.0,0.16921415073744492,0.09725436183630906,0.17497845477034601,0.008140108534780532,0.07864871997888612,0.3683489563637535,0.017127477367262122,0.0
2025-08-20,41.73,40.87,0.0034188067487856823,0.021656284271503668,0.012786011413929368,0.5372918919110983,0.020823997027275304,40.626,39.577,38.84466666666666,2,20,8,40.57295579168342,39.09130578377589,82.80254777070058,1.0514907392472708,0.9832665490382448,42.25010267194016,36.903897328059834,0.00856456434052979,0.011673545223633444,0.011135125569270436,138359839.0,1.6108621809407204,0.0,0.0,-1,0.0,0,55.91428571428572,0.02299595957121251,0.003670173721556293,2.388931348348068,0.16992493056604224,0.18531178548119984,0.02656826568265669,0.09527559055118107,0.7548341895279715,0.02588066139468005,0.0
2025-08-21,42.48,41.73,0.01716054195922648,0.012537124590800409,0.019357004099149526,-0.2822399668192832,0.017813082330222257,40.888,39.808,39.053666666666665,3,21,8,40.919691102286436,39.309931217080674,84.45297504798461,1.1393077412845258,1.014474787487501,42.64953850099349,36.966461499006506,0.009476722829889305,0.011739567762376137,0.011385428004571301,140228900.0,1.8806713328471745,0.0,0.0,-1,0.0,0,52.60000000000001,0.02476432941228617,0.0,0.8704096447751157,0.15126365966979466,0.18635986079182962,0.051745481554840156,0.12202852614896975,-0.015499453518708002,0.019067796610169545,0.0
2025-08-22,42.47,42.48,0.020164364861872258,0.014005831188919168,0.009243036674760896,-0.01275311494778923,-0.0002354326085035751,41.084,40.064,39.24766666666667,4,22,8,41.20156544732526,39.51380662243031,81.23569794050341,1.1943289509571997,1.0504456201814407,42.895658617544235,37.232341382455765,0.008991730334056801,0.01093959617325969,0.011356702312692934,138383524.0,1.6993573908189612,0.0,0.0,-1,0.0,0,55.54285714285715,0.019846958425573834,0.0023540489642184894,0.7389508481013651,0.15784372663138987,0.17366070550751403,0.049938195302842825,0.13708165997322608,-0.040682434613492593,0.02407581822462917,0.0
2025-08-25,42.5,42.47,-0.0021159053386131423,-0.005345741957577099,0.005505089819841376,-0.2816204197135772,0.000706131605191405,41.296,40.338499999999996,39.41133333333334,0,25,8,41.43764445690248,39.70646425969287,79.9019607843137,1.2262193123707519,1.085600358619303,42.981745811696165,37.69525418830383,0.00868560897214753,0.01041030317622501,0.010685092497154726,139775971.0,1.63548920833282,0.0,0.0,-1,0.0,0,53.942857142857136,0.023764754823359917,0.00047092064987057044,-0.5868830468432285,0.16994513909039105,0.16525843966246315,0.03962818003913893,0.14833828694947315,0.6493388286344758,0.01317647058823518,0.0
2025-08-26,42.54,42.5,0.0032894766503987053,0.0020580066955202462,0.002594035177046528,0.06541285790335312,0.0009407338417199743,41.496,40.562,39.592999999999996,1,26,8,41.63807273746566,39.88927301713204,88.94878706199468,1.2404215121976563,1.1165645893349736,43.153017682605736,37.97098231739426,0.008784025463681533,0.009143930638733864,0.010187541880304917,141262547.0,1.5268132002949224,0.0,0.0,-1,0.0,0,55.4,0.04026716991179273,0.0030588235294118247,-0.3416195434754972,0.1665624746727763,0.1451553988542828,0.0408612674333253,0.11741528762805364,0.6490005419467879,0.012656323460272585,0.0
2025-08-27,42.73,42.54,0.003044855379725496,-0.0031072635682342325,-0.0021218916366422245,0.07219788088587864,0.004456439883842332,41.70399999999999,40.798,39.773,2,27,8,41.83660496701736,40.072545725704174,88.88888888888896,1.252569429301957,1.1437655573283703,43.267268802915005,38.328731197085,0.008753830932336323,0.008992722798308615,0.010181625402073529,142860420.0,1.564835709841915,0.0,0.0,-1,0.0,0,59.11428571428572,0.05468136799412201,0.005171603196991041,-0.08345946685152524,0.12053915038851581,0.14275504880199272,0.023963575365444578,0.12417784793475395,1.9534204770918604,0.011584366955300832,0.0
2025-08-28,42.72,42.73,-0.0021069889569357994,-0.0018680682607012692,0.001650749107314435,-0.39523240580392743,-0.00023405500399417396,41.937,41.002,39.955000000000005,3,28,8,41.99722224574147,40.24334922727165,86.22950819672144,1.247015011884507,1.1644154482395976,43.39351658554651,38.6104834144535,0.008048044668220736,0.008724829037467685,0.010150199539727017,141784215.0,1.4367452104518061,0.0,0.0,-1,0.0,0,64.42857142857143,0.06298289119801133,-0.00140416569155149,-1.6846830396757042,0.03081399542406025,0.13850236718816725,0.005649717514124353,0.10559006211180111,1.8243074904370753,0.008075842696629186,0.0
2025-08-29,42.79,42.72,0.003509185961628058,0.0018680682607012987,0.0016480286249164154,-0.08481035127655807,0.0016372357767859766,42.171,41.197,40.12033333333333,4,29,8,42.14136365560665,40.407649277125095,90.30100334448161,1.234036308644228,1.1783396203205239,43.497701037326344,38.89629896267366,0.008039378855962162,0.008750798940049013,0.00995917254093911,142772910.0,1.3847953073044474,0.0,0.0,-1,0.0,0,61.54285714285714,0.05436051302514452,0.0023408239700374867,-1.7835797260634736,0.028361152556760114,0.13891462661098383,0.007534730397927847,0.10028284906145535,1.4668235835086576,0.00829633091843898,0.0
2025-09-02,41.99,42.79,-0.011981818429560556,-0.004793929087514905,-0.020197906537872845,0.43549071413274604,-0.018872935732623483,42.282,41.3095,40.25833333333333,1,2,9,42.11384299095089,40.509736420536385,69.97245179063367,1.1459870533004874,1.1718691069165166,43.52882635582981,39.09017364417019,0.010876481500023728,0.009279184997269763,0.010785306299609233,141244663.0,0.6132491494208948,0.0,0.0,-1,0.0,0,62.45714285714286,0.06258726136494734,-0.011217574199579267,-0.21496419572140568,0.14739968927992428,0.14730249523282413,-0.0119999999999999,0.05661801711122294,-2.0373985829919494,0.023815194093831864,0.0
2025-09-03,41.99,41.99,-0.009260424719189352,-0.010130844097352267,0.0007198560598797079,0.16466872333637908,0.0,42.394,41.406,40.395,2,3,9,42.09132608350527,40.60523729663082,69.03409090909098,1.0639429124665014,1.1502838680265135,43.56354636468978,39.24845363531022,0.01086930640633712,0.009213677043510348,0.01079535659423831,141244663.0,0.5413556895533723,3850.0,161271.495,1,0.0,0,61.371428571428574,0.06315458792783173,-0.0016670635865682372,0.5350250408176447,0.1462116412670512,0.14626258870555936,-0.012929007992477648,0.04817773339990006,-1.9975832495695214,0.012860204810669186,0.0
2025-09-04,42.72,41.99,0.002263657367394876,0.011536325706087263,0.006097944405552525,-0.16880749866853564,0.017235699955837454,42.492999999999995,41.5595,40.549,3,4,9,42.20563043195885,40.741673600073995,79.19799498746869,1.0457722276254415,1.1293815399462992,43.6259281412995,39.4930718587005,0.01022844706033809,0.0092905216233708,0.011085742569485907,142766598.0,1.1231941501437415,0.0,0.0,-1,0.0,0,61.17142857142858,0.061077038395671635,0.0005953798523457627,-0.2653645772588549,0.20306315426770732,0.14748245859304335,-0.00023402761525859184,0.07742749054224474,-0.2613476132468044,0.01814138576779023,0.0
2025-09-05,42.73,42.72,0.02363842645940253,0.009783446309071029,0.002093408673014734,0.053502510456813465,0.00023405500399416936,42.518,41.702999999999996,40.711333333333336,4,5,9,42.30097035342087,40.86995272264987,78.93401015228426,1.020416024657365,1.1075884368885123,43.66865350054558,39.73734649945441,0.008641705671619322,0.00931586311845066,0.010942091606468992,144372178.0,1.044945103208626,0.0,0.0,-1,0.0,0,58.68571428571429,0.028943645994484075,0.007022471910112459,-0.03365077455897054,0.20305363849759828,0.1478847423560346,0.000234082397003732,0.07200200702458592,-0.29797629200378556,0.025909197285279725,0.0
2025-09-08,42.78,42.73,-0.0055944201853244365,0.0018527101177295087,0.014926267017275442,-0.4894203570947177,0.0011694539983261659,42.549,41.816500000000005,40.89233333333333,0,8,9,42.3880666527989,40.993181579253104,76.68539325842698,0.9929099850139238,1.0846527465135947,43.75405434558669,39.87894565441332,0.008637664933698823,0.008824557265030281,0.010446719925384974,145356369.0,0.9945527486180044,0.0,0.0,-1,0.0,0,58.22857142857144,0.024008808622177327,0.0011701380762931025,-1.5871470403924468,0.20285895897030914,0.14008550372111056,-0.00023369946249118811,0.056035546778573364,-0.262650535194111,0.012973352033660582,0.0
2025-09-09,42.93,42.78,-0.0037470769837885634,-0.0035927488376029946,-0.005994728502048859,0.4880498198122691,0.0035001785822096204,42.592,41.944,41.089666666666666,1,9,9,42.48659998865364,41.118137606398065,77.83783783783795,0.972010267515337,1.0621242507139432,43.818104979365025,40.06989502063498,0.00868096292560988,0.008712260128367497,0.010125638922591067,146959750.0,1.0522356120456717,0.0,0.0,-1,0.0,0,57.942857142857136,-0.002570784039160771,-0.003740065451145481,0.03325050657764945,0.11679924279672596,0.13830284194178438,0.022386282448201955,0.06315007429420505,2.0494490069031652,0.015257395760540441,0.0
2025-09-10,43.16,42.93,0.010967324957275608,0.010510000306550442,0.010204768634582733,0.07806718763361643,0.0053432581534646854,42.654,42.075,41.25933333333333,2,10,9,42.60903635435297,41.2498706640498,73.28990228013039,0.9629063832356408,1.0422806772182829,43.901558454983096,40.24844154501691,0.008787002765896744,0.008725084336868336,0.00909119522345608,148693318.0,1.1880265830419725,0.0,0.0,-1,0.0,0,57.94285714285714,0.017339608836721022,0.0037269974376893476,0.34704900816578327,0.10990256336381912,0.13850641994051116,0.02786377708978316,0.06462752836704477,1.7906551374994613,0.015639481000926884,0.0
2025-09-11,42.73,43.16,0.005323470505043059,-0.0006895759381401938,-0.01445808317523,-0.007105378819262614,-0.010012890734000272,42.654,42.178999999999995,41.416666666666664,3,11,9,42.63102974447061,41.3453628792724,54.54545454545457,0.9104984239482903,1.0159242265642845,43.89760285972943,40.46039714027056,0.009405587208765942,0.009207266596061388,0.009399658362465733,146972024.0,0.6412185303668663,0.0,0.0,-1,0.0,0,60.34285714285715,0.008152736244813033,0.003707136237256805,0.44503193028640264,0.09447099414326858,0.14616082600710378,0.000234082397003732,0.051168511685116824,-1.6138897187531154,0.029487479522583786,0.0
2025-09-12,42.67,42.73,-0.01535270908958543,-0.007964490649276198,0.006726085891903694,-0.386758289869564,-0.0014051524560248203,42.648999999999994,42.29299999999999,41.551,4,12,9,42.63811524547595,41.43082333867418,53.57142857142863,0.8542756817835837,0.9835945176081444,43.80158734896928,40.784412651030706,0.009416645826968098,0.00901803693392519,0.00913657643559925,145802826.0,0.499805331467995,0.0,0.0,-1,0.0,0,61.34285714285714,0.0130552285107054,-0.0016381933068102103,-1.0917327039590403,0.094996390802333,0.14315689824696884,-0.00140416569155144,0.05644961624164391,-1.3192819069912645,0.014764471525662117,0.0
2025-09-15,42.77,42.67,0.0007029877266662111,-0.0052286181977731555,0.0008229001816271227,-0.38119309317451777,0.002340825038908607,42.647000000000006,42.409000000000006,41.68033333333334,0,15,9,42.66209429175305,41.51722183295327,54.703832752613316,0.8084683973891913,0.9485692935643539,43.65479123029109,41.16320876970892,0.009433541748235016,0.009013554404056889,0.009119071113435193,146601442.0,0.5795513585621381,0.0,0.0,-1,0.0,0,64.45714285714287,0.025248621462807663,0.0004687133817669562,-1.8504222915593938,0.09646833154684506,0.14308574029131318,-0.0002337540906965918,0.057354758961681185,-1.4255130526345159,0.00865092354454067,0.0
2025-09-16,42.29,42.77,-0.0014064699927516019,-0.0010490122763937456,-0.007312215621377024,0.6767280736015517,-0.011286270754420196,42.677,42.4795,41.76533333333334,1,16,9,42.594440784161584,41.56707848889177,46.223564954682764,0.7250755859988303,0.9038705520512493,43.50022162295869,41.45877837704131,0.007971146458334324,0.009337064583978526,0.00878093319057823,145030221.0,-0.3713059383433318,0.0,0.0,-1,0.0,0,64.37142857142858,0.02468634438287608,-0.0032733224222586056,0.15755978850497754,0.11693486450709815,0.14822130518733564,-0.014907989750757022,0.03449119373776899,-0.17475512702298995,0.015015370063844834,0.0
2025-09-17,42.04,42.29,-0.0035248538434356903,-0.0039728960879934485,-0.005102960103326762,-0.016384552397357772,-0.005929105475646884,42.682,42.538,41.83133333333333,2,17,9,42.49363336885947,41.59758955412455,39.762611275964396,0.6315333481744929,0.8494031112758981,43.261022894007944,41.81497710599205,0.008246626899050946,0.009485214312436976,0.008825199463670509,143484534.0,-1.3775497404775836,0.0,0.0,-1,0.0,0,63.77142857142858,0.012743536947335368,0.004492787893118887,0.07791781147545371,0.09076795307544606,0.1505731092171525,-0.025949953660797,0.028627355028137957,0.3777294249849127,0.016175071360608938,0.0
2025-09-18,42.64,42.04,-0.011601882237581355,0.007930070711807433,-0.004650893840572224,-0.1273053256900162,0.01417123384883881,42.674,42.5835,41.931000000000004,3,18,9,42.520245483612285,41.664841840955226,48.98989898989901,0.598911556737491,0.7993048003682167,43.198959605751874,41.96804039424813,0.007553333579993293,0.008848842099319897,0.008821689822122022,144845457.0,0.18360262630388863,0.0,0.0,-1,0.0,0,66.54285714285714,0.03326677511923737,-0.0011893434823976488,-0.3224095999059774,0.15294745002237617,0.14047101351407498,-0.0021062485373273265,0.02180685358255463,0.8039934281242015,0.02849437148217644,0.0
2025-09-19,42.22,42.64,0.011601882237581433,-0.007812995256542858,0.007146290536818253,1.0922000335243927,-0.009898737437414548,42.623000000000005,42.570499999999996,42.009666666666675,4,19,9,42.46565539568278,41.70065849637747,43.387470997679806,0.5330236967029407,0.7460485796351616,43.20582751603251,41.935172483967484,0.008144597659167988,0.008224343634835998,0.009083524439626572,140788784.0,-1.1033679201832685,0.0,0.0,-1,0.0,0,66.22857142857144,0.019766646081543455,-0.0037523452157599366,3.8014790816523676,0.16754997927704057,0.13055740772707838,-0.010546051089758701,-0.006120527306967993,1.1201621481130575,0.013737565135007066,0.0
2025-09-22,42.11,42.22,-0.00922319415120403,-0.010118923851338196,-0.008462001509467885,-1.2454813385110397,-0.002608800246338172,42.556,42.552499999999995,42.063,0,22,9,42.40099077828591,41.72706762564344,51.657458563535876,0.4665528810439241,0.6901494399169141,43.21942933421657,41.88557066578342,0.00811149818113381,0.008240804075164343,0.008701652769867977,139621264.0,-1.3269771692372394,0.0,0.0,-1,0.0,0,66.51428571428572,0.010285308428157256,-0.00307910942681183,-0.5604043166370319,0.16295066505661396,0.13081870911655488,-0.015431377133504842,-0.008476571697668911,1.66844490354721,0.011992400854903884,0.0
2025-09-23,42.92,42.11,-0.001188636773728941,0.02083164856534932,0.005609610699833352,0.532067170499875,0.019052675588661385,42.555,42.573499999999996,42.147666666666666,1,23,9,42.49535609132483,41.80403100463419,60.496613995485326,0.47377314933336834,0.6468741818002051,43.25964176837753,41.887358231622464,0.010402027929250355,0.009339257768297905,0.009245904546263898,141608906.0,1.0099953565553876,0.0,0.0,-1,0.0,0,56.771428571428565,0.02942531784188925,-0.0016623129897886555,0.6365666113364719,0.20492868654107466,0.14825612090906606,0.014897138803499743,0.009882352941176453,0.5132093956759071,0.027027027027027112,0.0
2025-09-24,42.09,42.92,0.018383737152786496,-0.007323485216540165,-0.00047619048518866207,-0.7228498017362349,-0.0195277349800184,42.448,42.551,42.199333333333335,2,24,9,42.42165498381122,41.82248061723844,43.04635761589409,0.4078201042685947,0.599063366293883,43.27047056557812,41.83152943442188,0.01182906657343287,0.010339906017252539,0.010027658943364574,140644170.0,-1.2814978737304341,0.0,0.0,-1,0.0,0,54.57142857142857,0.0246546257269882,-0.0023299161230196045,-0.8488785434137349,0.2573045348281028,0.16414091940858333,0.0011893434823977422,-0.01057827926657251,0.0722176959124576,0.020551199809930976,0.0
2025-09-25,41.71,42.09,-0.019692871526010177,-0.010673962112934013,-0.008130126083250288,0.038970075123481655,-0.009069274573625444,42.346,42.5,42.23466666666666,3,25,9,42.292263168572816,41.815223803223056,39.591836734693935,0.3211865777447045,0.5434880085840473,43.30550735891091,41.69449264108909,0.011766586897915952,0.010439900606769153,0.010198283049542591,139641096.0,-1.961496667313199,0.0,0.0,-1,0.0,0,50.65714285714286,0.014334062205597537,-0.0024946543121882624,-0.7370946021816543,0.22950756280775092,0.165728284306461,-0.021810506566604104,-0.023870816756377145,1.2970586861390137,0.017981299448573483,0.0
2025-09-26,42.15,41.71,-0.0015493716227397017,-0.001652307705079737,-0.0019226153483056009,0.248144582747007,0.0104937762390106,42.294000000000004,42.4715,42.29333333333334,4,26,9,42.266397137923214,41.83682226753125,44.045368620037785,0.2847507768756188,0.4917405622423617,43.28453265940528,41.65846734059472,0.012460150051335838,0.010763419399457226,0.010248889980462243,140926681.0,-0.790866138723558,0.0,0.0,-1,0.0,0,51.28571428571428,0.01401751918393548,0.005034763845600596,-0.3438397727363944,0.2437739759964248,0.17086398592591204,-0.001657981999052538,-0.013342696629213502,0.11248810407190937,0.01803084223013044,0.0
2025-09-29,41.79,42.15,0.0038095284166676487,0.003231249199878956,0.004200930381417685,-0.25023434755580143,-0.008577607988040388,42.196,42.421499999999995,42.338,0,29,9,42.17977947648263,41.83380147607762,39.636363636363626,0.22424123742689517,0.4382406972792684,43.27409418371329,41.5689058162867,0.012595189713731154,0.010891100466759797,0.010410685975812958,139925701.0,-1.4813612667391953,0.0,0.0,-1,0.0,0,50.97142857142857,0.025213822887007274,-0.001660735468564657,-0.7627951712440241,0.2509427142085794,0.17289086003319545,-0.007599145096176652,-0.023369946249123585,0.4204956811967968,0.017276860492940926,0.0
2025-09-30,42.01,41.79,-0.009071439624698497,-0.009749018318310662,-0.003719929891143344,0.37007149119706667,0.005250608721466555,42.168,42.4225,42.37566666666667,1,30,9,42.148910480758516,41.84516912278229,39.52641165755922,0.1918278804522302,0.3889581339138608,43.273007588379556,41.57199241162044,0.01236628834036191,0.01014915929253896,0.010287360846258002,141374958.0,-0.9700089820149033,0.0,0.0,-1,0.0,0,51.40000000000001,0.01935688168187823,-0.00215362526920307,-0.09889722116000632,0.19089572189953521,0.16111290902662995,-0.021202236719478185,0.000476303881876472,0.10189513919132412,0.01106879314448932,0.0
2025-10-01,41.94,42.01,0.00669218558773108,0.0015444018513739856,0.0018016940793496635,-0.21901599649649597,-0.0016676597075168183,42.158,42.42,42.41133333333333,2,1,10,42.110926756984234,41.85128724389311,42.30019493177389,0.15866268190566757,0.34289904351222217,43.276135749194665,41.56386425080534,0.012235686673356961,0.010156623598799217,0.010296373403853584,140210757.0,-1.1213175023973114,0.0,0.0,-1,0.0,0,52.48571428571428,0.03223661754901006,-0.0007141156867412792,-0.46986069648499784,0.13606954246188477,0.16123140121507554,-0.0035637918745546893,-0.001190759704691735,0.3713498447006087,0.010848831664282268,0.0
2025-10-02,41.32,41.94,-0.00477555826406715,-0.008104931137354984,-0.022205608147298366,0.164362057376091,-0.01489338122233607,42.025999999999996,42.35,42.397666666666666,3,2,10,41.96712189207801,41.81701064751291,38.13708260105447,0.08141174080046198,0.29060158296987015,43.32371778035833,41.37628221964167,0.011869223411540739,0.009797569988129955,0.009953054322824171,138838582.0,-2.1156027357761924,0.0,0.0,-1,0.0,0,54.54285714285715,0.031058486456414517,-0.003814973772055236,-0.15396089773318497,0.16196960242712938,0.15553160184805148,-0.009350275713258194,-0.03277153558052426,-0.08425167223575022,0.02492739593417234,0.0
2025-10-03,40.9,41.32,-0.011071111876981926,-0.0037168078278118346,0.0018387991696570834,-0.2794549145123523,-0.01021658120268181,41.894,42.258500000000005,42.345,4,3,10,41.773099729882006,41.75784867025401,34.44259567387685,-0.013544543436381673,0.2297723576886198,43.4096326230222,41.10736737697781,0.011889575629306962,0.009968477578238067,0.009488508184066458,137800949.0,-2.360284076448787,0.0,0.0,-1,0.0,0,52.57142857142857,0.015085953299251291,0.0,-0.5970379143482778,0.12464454621425931,0.15824467573164805,-0.029655990510083052,-0.04282705359232386,0.6268833848036699,0.019559902200488928,0.0
2025-10-06,41.0,40.9,-0.00875066352018542,-0.006144967827287812,-0.01319133965327305,0.6156928761874183,0.002442003655551809,41.783,42.1695,42.296,0,6,10,41.63253614263073,41.708955207656984,38.543516873889885,-0.07980893087622576,0.1678560999756507,43.42167242801069,40.91732757198931,0.012019837605448447,0.009994792339030757,0.009510684199157746,139721544.0,-1.8679536042140308,0.0,0.0,-1,0.0,0,53.971428571428575,-0.08527078496269859,0.0014669926650367304,0.618136839455202,0.13443024401154927,0.15866240960885372,-0.018904044029672162,-0.041608228143992565,-0.412405595451438,0.026341463414634104,0.0
2025-10-07,41.05,41.0,-0.0004884004981089855,0.0007249003579485184,0.014048290186220202,-0.4978208599131712,0.0012187691941294254,41.596000000000004,42.0755,42.24766666666666,1,7,10,41.52662048033422,41.66644196845331,40.883977900552466,-0.12682736626782543,0.10891940672695549,43.36887542886685,40.782124571133146,0.00946067193584563,0.009940512016096444,0.009514560890857114,140888985.0,-1.5857731283769019,0.0,0.0,-1,0.0,0,51.85714285714285,-0.13869294054649833,-0.001463414634146397,-0.4436992251749937,0.11952440532222926,0.1578007361954429,-0.022851701975720062,-0.04379221989284887,-0.6473073342584253,0.01315468940316685,0.0
2025-10-08,40.18,41.05,0.003170347735323783,-0.002176279422595406,-0.020522416384993723,0.101170553705239,-0.021421476511648798,41.404999999999994,41.9265,42.169,2,8,10,41.28178039300072,41.57054248661762,28.421052631578917,-0.23162155506447135,0.04081121436867012,43.37153906339357,40.481460936606425,0.00979825822674078,0.010628683555559022,0.010184464162219171,139597252.0,-2.4172356917445064,0.0,0.0,-1,0.0,0,52.942857142857136,-0.17392497924817302,0.00048721071863588617,-0.23232633746888937,0.16220723749658414,0.16872512071206563,-0.0419647114926085,-0.06904541241890638,-0.029082376204027125,0.03185664509706324,0.0
2025-10-09,40.54,40.18,-0.022157479597276396,-0.015613881489540064,-0.0007497188905460192,-0.09728924823797985,0.008919781637065674,41.288,41.817,42.096,3,9,10,41.14691123063696,41.50405587457777,35.10638297872339,-0.28236775363659916,-0.023824579232383736,43.33569888911068,40.29830111088932,0.010517643079836636,0.010864304355206557,0.010312797380487973,140769233.0,-1.6817026853134578,0.0,0.0,-1,0.0,0,48.62857142857143,-0.09079915740122625,-0.00024888003982075687,-0.3664570914159249,0.18950566806394875,0.17246548494955494,-0.018877057115198492,-0.0512520477416335,-0.7748334881379813,0.016526887025160378,0.0
2025-10-10,40.56,40.54,0.010154886026477862,0.0022104884353907543,0.004987541511039188,-0.2803773556866892,0.0004932182590737505,41.129000000000005,41.7115,42.024,4,10,10,41.04020009779387,41.443149043959856,36.03603603603605,-0.31731286358755995,-0.08252223610341898,43.273243627453404,40.1497563725466,0.009535340745058837,0.010883299054700288,0.010317218569129082,141654663.0,-1.4746338384330722,0.0,0.0,-1,0.0,0,30.14285714285714,-0.10551680372477179,0.000986679822397611,-0.7527684336238631,0.18171131052101103,0.17276701645608786,-0.00831295843520774,-0.049449261776423725,-1.7288076457788295,0.013806706114398302,0.0
2025-10-13,41.29,40.56,-0.0012328937574514656,0.013161291612463094,0.002484473327661744,-0.09452081861751788,0.017837980615071098,41.079,41.6375,41.974000000000004,0,13,10,41.08561826183135,41.43326846047858,35.100548446069425,-0.2828417917418804,-0.12258614723111128,43.12663079556914,40.148369204430864,0.011548798938795493,0.011774608077515937,0.010913579251524853,142460235.0,-0.4667152153913937,0.0,0.0,-1,0.0,0,29.74285714285714,-0.10941538103672001,-0.0007396449704142291,-0.8682293162843701,0.23058046198682333,0.18691610855015706,0.007073170731707323,-0.034603694178162336,-0.9206103524571246,0.024218939210462583,0.0
2025-10-14,41.49,41.29,0.020271789559956448,0.014184634991956602,0.020872458170441553,0.42440721243421936,0.004832094446777756,41.027,41.597500000000004,41.95733333333333,1,14,10,41.15914221422565,41.436928559802546,43.80165289256197,-0.2366568574839576,-0.14540028928168053,43.05548527174597,40.139514728254035,0.011523608406658841,0.011637519023178762,0.010443257258302719,143691700.0,-0.14746376672415637,0.0,0.0,-1,0.0,0,28.285714285714285,-0.08048496624863297,0.0016953257447323877,-0.2325773530662834,0.2317399303584244,0.18473988727868595,0.010718635809987997,-0.018917001655237575,-1.1503531324720675,0.017835623041696842,0.0
2025-10-15,42.73,41.49,0.003138204144602898,0.02452374727752572,0.005573745194318271,0.12796981756077835,0.02944881531115694,41.106,41.632,41.982,2,15,10,41.44475272073007,41.520352523686256,58.94736842105262,-0.09885775676924169,-0.13609178277919276,43.16480753761358,40.09919246238642,0.015131980759221578,0.013438212597478738,0.011813114184875665,145091283.0,1.4326651886243595,0.0,0.0,-1,0.0,0,27.41428571428571,-0.09360885631649014,0.0,0.019218460641564766,0.1857753875078239,0.2133250115888644,0.0634644101543056,0.016412940057088488,0.8586315535311795,0.03627428036508302,0.0
2025-10-16,42.47,42.73,0.033186264184012576,0.008579443300485963,0.018674231915709723,-0.024308071975397808,-0.006103305330753785,41.221000000000004,41.6235,41.97366666666667,3,16,10,41.63116131696096,41.58162010280328,52.898550724637694,-0.010509654992532091,-0.11097535722186064,43.13450210735049,40.11249789264951,0.01428842525922725,0.01313967740350183,0.011437777277247279,143725311.0,1.1204484704317403,0.0,0.0,-1,0.0,0,23.11428571428572,-0.08925422545551756,0.003744441844137695,-0.0294472011057733,0.22915061804250897,0.20858591230368445,0.0476073014306857,-0.00398686679174487,0.64433442046485,0.02684012243936907,0.0
2025-10-17,43.39,42.47,-0.0037374488728555864,0.0020786742733040755,0.011320875624482293,0.2711735979433954,0.021431055485079606,41.47,41.682,41.995666666666665,4,17,10,41.95095016842261,41.69828977359016,63.15789473684213,0.13221902480394476,-0.06233648081669957,43.370420002623675,39.99357999737633,0.014610798414654971,0.01378480195495541,0.012110752270344315,145516787.0,2.023193278148682,0.0,0.0,-1,0.0,0,22.32857142857143,-0.10526984918995484,0.006121968448316412,1.606690345198577,0.2264194025066025,0.21882694707053404,0.06977317554240625,0.027711984841307435,-0.5053396692885345,0.017285088730122147,0.0
2025-10-20,43.36,43.39,0.021531101465864334,0.00803401543836247,0.010266072430598674,-0.5920614333610675,-0.000691642678868617,41.706,41.7445,42.015,0,20,10,42.20714104689122,41.80549688497144,61.460101867572185,0.24014355712535007,-0.0018404732282896394,43.585294736833646,39.90370526316636,0.014729321607562221,0.013761734900494088,0.012112402076554837,144525768.0,1.7552201423378935,0.0,0.0,-1,0.0,0,29.85714285714286,-0.1804830301309632,0.006222631942843881,-0.8334493390732031,0.24219336554627832,0.21846076893303343,0.050133204165657475,0.02968416053194023,0.4862738397601166,0.015221402214022225,0.0
2025-10-21,42.09,43.36,-0.004131288868789098,-0.0051573090071448105,-0.03327740685382567,0.09874983851762291,-0.0297271743489114,41.809999999999995,41.703,41.986999999999995,1,21,10,42.18584267472918,41.823851924650704,51.05782792665731,0.22065259461790276,0.04265814034094884,43.46807760377979,39.937922396220216,0.018451945505269785,0.014724169621394246,0.01325924463297431,143431891.0,0.43850763181320584,0.0,0.0,-1,0.0,0,28.542857142857148,-0.1069104912689848,0.0027675276752766936,-0.44629554874326305,0.3731280619246448,0.23373894648084745,0.014461315979754197,-0.019338303821062386,-0.29425288564642493,0.04383464005702064,0.0
2025-10-22,43.11,42.09,-0.02846005006509808,-0.009118779640735378,0.011690458798744707,0.21681628583057894,0.0239448059765639,42.103,41.754000000000005,41.98533333333333,2,22,10,42.35387127932387,41.906829219834535,61.94926568758346,0.28423485938137816,0.09097348414903471,43.62209669534381,39.8859033046562,0.017494365357214416,0.015067697411447744,0.013978763524646802,144790613.0,1.4517449802034328,0.0,0.0,-1,0.0,0,26.37142857142857,-0.12806999770911864,0.004038964124495001,0.4310080420058885,0.3489317457205508,0.23919228108637444,0.008893049379826934,0.024233784746970688,-0.48621168761280703,0.022268615170494103,0.0
2025-10-23,43.5,43.11,0.020841405341526228,0.014276088647880068,0.015066198354644183,-0.3316705835680184,0.00900594933559516,42.399,41.8435,42.010999999999996,3,23,10,42.5622583194468,42.00961443145811,67.42627345844508,0.36192199149657256,0.1451631856185423,43.86771420751146,39.819285792488536,0.01749535797231618,0.014956906551574152,0.013939759428175163,145765800.0,1.6366844910514449,0.0,0.0,-1,0.0,0,27.571428571428573,-0.10928324348172516,0.0009278589654372338,-0.9447026014132235,0.3434291796899541,0.23743353070978726,0.024252413468330625,0.042915368017262034,-1.1790049531789935,0.021609195402298963,0.0
2025-10-24,44.31,43.5,0.013351947895392251,0.019134464338220854,0.01760119547700882,0.07167654667255735,0.018449447116759686,42.774,41.951499999999996,42.065666666666665,4,24,10,42.88002953409283,42.15802640362211,70.2570379436965,0.48327889567232063,0.21278632762929797,44.25569548695455,39.64730451304544,0.01766044663082629,0.015298770906735632,0.014310565248685063,146813451.0,2.047135334959988,0.0,0.0,-1,0.0,0,32.45714285714286,-0.12817336794491188,0.005287356321839009,-0.6347693161571332,0.3346955606061026,0.2428604591050357,0.021203042175616638,0.05124555160142363,-1.2228277062136015,0.023132475739110776,0.0
2025-10-27,44.39,44.31,0.013627283332133068,0.005013764207007116,0.00914083147066091,-0.03831749964298531,0.0018038336345458112,43.083999999999996,42.0815,42.11966666666667,0,27,10,43.15456961880322,42.302024700162626,70.36585365853664,0.5792334058308555,0.2860757432696095,44.627971449300325,39.53502855069967,0.017487557085435274,0.015075049880391933,0.01430962296375398,147821718.0,1.813097100016016,0.0,0.0,-1,0.0,0,37.34285714285715,-0.11388626121844943,0.00045136538027524306,-0.7769982853459678,0.3327740670501591,0.23930899791246635,0.02375461254612543,0.06221584111031353,-1.3581320475275482,0.019128182022978148,0.0
2025-10-28,44.09,44.39,0.014333952025653924,0.004251245976469761,-0.014550293933750813,0.22220069786361954,-0.0067812194760975076,43.34400000000001,42.185500000000005,42.17966666666667,1,28,10,43.324647869929905,42.417377945313426,75.62254259501972,0.6238788664299264,0.3536363679016729,44.884977337325374,39.486022662674635,0.0180519982071571,0.015224439844953783,0.014197252719024283,146562572.0,1.411013883070395,0.0,0.0,-1,0.0,0,39.34285714285714,-0.09673138799773956,0.013066005857175001,0.1528299686983455,0.19826517076716899,0.2416804900800628,0.0475172249940603,0.0495120209473936,-0.12607233590335415,0.03799047403039231,0.0
2025-10-29,44.56,44.09,-0.02522088196442397,-0.001556766688251153,0.011474595205628326,0.4083132460165063,0.010603596249182286,43.527,42.316500000000005,42.26366666666667,2,29,10,43.54925734812446,42.55561162626095,75.96899224806208,0.6892406504727262,0.4207572244158836,45.21291720606258,39.42008279393743,0.01618090666972259,0.015294993811826722,0.014221798602228275,148456678.0,1.5491552772881367,0.0,0.0,-1,0.0,0,42.114285714285714,-0.09456861629320157,-0.005443411204354774,2.0382765355030146,0.15233942055205463,0.2428004995821921,0.03363488749710042,0.062470195517405847,-0.35745270900849624,0.024798025134649838,0.0
2025-10-30,45.3,44.56,0.01268995048581884,0.011727095342328589,0.013260238496712633,0.49637017830476177,0.016470436869959557,43.809999999999995,42.5155,42.352333333333334,3,30,10,43.867574193920014,42.732668940695724,78.01418439716315,0.7916267701589916,0.49493113356450524,45.65992179439225,39.37107820560776,0.016150647983634362,0.014965416434579855,0.014297229888261093,151568216.0,1.7710728280575254,0.0,0.0,-1,0.0,0,37.05714285714286,-0.12111099999513969,-0.003366247755834957,3.3972241973140904,0.1683664399019337,0.23756862091450334,0.04137931034482745,0.09632139399806383,-0.6461398841311413,0.02317880794701996,0.0
2025-10-31,45.32,45.3,0.015860937885792643,0.008978490184683352,0.004493379836162501,-0.5217818581298522,0.00044140367081732046,44.003,42.7365,42.45566666666666,4,31,10,44.13165161320728,42.89959352516697,76.00000000000006,0.864417869398558,0.5688284807313159,46.02103008735391,39.45196991264609,0.015323081510374799,0.01459370340002324,0.014122572720599295,153414796.0,1.5731321871259383,0.0,0.0,-1,0.0,0,34.45714285714286,-0.10069299419269814,-0.003973509933774828,0.8821095228814387,0.14527313899007227,0.23166785942339557,0.02279395170390419,0.10806845965770173,0.2411495418087023,0.02780229479258601,0.0
2025-11-03,45.75,45.32,-0.0031076606586339,-0.001527217488941392,0.0017917138051866512,-0.31100575671845954,0.009443355561724782,44.242,42.974000000000004,42.577,0,3,11,44.42589677444232,43.083490717091685,76.69172932330831,0.9458990113167545,0.6442425868484036,46.41313330575205,39.53486669424796,0.015280343637816886,0.014607544762467521,0.014145552634906402,154767803.0,1.6143602199758063,0.0,0.0,-1,0.0,0,32.6,-0.10854710137977701,-0.00750220653133282,0.0010134816569485354,0.14635989280439132,0.23188758424039885,0.03063753097544497,0.11585365853658547,-0.5321204902911176,0.0242622950819672,0.0
2025-11-04,45.98,45.75,0.012373114104423894,0.0078295310797048,0.012452907200575132,-0.19407888762746575,0.005014727613505121,44.631,43.2205,42.678999999999995,1,4,11,44.70846099727099,43.27036228373093,73.31420373027265,1.0173056152547488,0.7188551925296727,46.78347613623281,39.657523863767196,0.009276804478282896,0.014572253334884148,0.013812456316848557,155882130.0,1.5489859569576905,0.0,0.0,-1,0.0,0,20.94285714285714,-0.10865156909453884,-0.004590163934426248,-0.4585490522611499,0.09667372233420128,0.23132735019561054,0.04286686323429323,0.12009744214372708,0.005948630078125777,0.019791213571117804,0.0
2025-11-05,47.09,45.98,0.015037877364540502,0.021856451779684993,0.010333168780674739,0.4023465624428362,0.02385414492042782,45.029,43.566,42.84566666666667,2,5,11,45.14146808867626,43.51679052349023,79.53964194373407,1.1502047423827548,0.8051251025002891,47.226350285221656,39.90564971477835,0.00925980118946593,0.013651171574790701,0.013734760450170512,157548416.0,1.9254987776595278,0.0,0.0,-1,0.0,0,23.057142857142857,-0.1351687907913829,0.005437146585471945,0.5745775600133132,0.14922499142728954,0.21670563054942102,0.056777378815080715,0.1719761075161772,0.4526671720412335,0.03100445954555109,0.0
2025-11-06,47.92,47.09,0.011826823155899084,0.021596394438001862,0.022919922229423118,0.36763687926339833,0.017472289551730698,45.471,43.934999999999995,43.05266666666667,3,6,11,45.64665570891694,43.8008685542328,79.30142302716693,1.3074310699915088,0.9055862959985332,47.79351621331527,40.07648378668472,0.009662744252471924,0.013817932778998248,0.01373575060668109,159955062.0,2.065560842402708,0.0,0.0,-1,0.0,0,24.342857142857145,-0.1518379167492737,-0.006583138670630755,1.7282148148748582,0.1517307465200415,0.21935288259742197,0.05783664459161164,0.18204242723236308,0.37618717408623015,0.029841402337228706,0.0
2025-11-07,49.42,47.92,0.03538612678853835,0.03645653701061517,0.015484454042796839,0.17780885812931654,0.03082224675327009,45.982,44.378,43.294999999999995,4,7,11,46.33271830729567,44.16339316363714,82.93478260869571,1.5353727104827897,1.0315435788953846,48.62035088749472,40.13564911250528,0.011593297291257854,0.014576280684220481,0.014538167811505512,162830034.0,2.3769839571085094,0.0,0.0,-1,0.0,0,20.428571428571427,-0.22266267728540098,0.011373121869783006,2.1190906314729636,0.16919104340298063,0.23139128238433085,0.0904677846425419,0.2184418145956608,0.15300034363082446,0.0503844597329017,0.0
2025-11-10,49.34,49.42,0.023552090319083566,0.010148331051815136,0.0361721774935618,-0.16183177276018543,-0.0016200894592533232,46.477000000000004,44.7805,43.54666666666666,0,10,11,46.87949679687827,44.4973677982412,95.25593008739081,1.690080574565897,1.1632509780294873,49.30723682864214,40.25376317135787,0.011941501390844378,0.014671469293740077,0.014362824796216625,160384628.0,2.014475403628752,20010.0,994104.804,1,0.0,0,29.942857142857143,-0.2121766359643712,0.004046944556859485,1.2981099124903706,0.21466035978048598,0.23290235471494017,0.07846994535519136,0.19496246064422396,-0.1880285450950619,0.025334414268342115,0.0
2025-11-11,49.17,49.34,-0.004241145405996345,-0.017878129113756244,-0.006313023715872362,-0.14360247495979478,-0.003451429677362626,46.985,45.164500000000004,43.785333333333334,1,11,11,47.29595192471858,44.79882794029016,92.31843575418998,1.7784690085390906,1.286294584131408,49.81717540465141,40.5118245953486,0.011439000832764808,0.01491159094771107,0.01445861427967556,158266339.0,1.7218050483365315,1500.0,74029.65,1,0.0,0,30.457142857142856,-0.1996663386937689,0.0014187271990270202,0.7163815438417593,0.24629094316742453,0.23671416779979268,0.0693779904306222,0.1851048445408532,-0.18925877717206893,0.013524506813097399,0.0
2025-11-12,47.87,49.17,-0.007720477194516693,0.0076297930616078145,-0.025867971082223898,-0.07362188513675474,-0.026794678019430467,47.315999999999995,45.4215,43.983,2,12,11,47.40032430204247,44.99696807317466,77.07558859975215,1.723748049303957,1.3737852771659178,50.07580315887698,40.767196841123024,0.01647649213366346,0.015967801568284076,0.015540667785824538,156298400.0,1.0521446138849224,0.0,0.0,-1,0.0,0,34.57142857142858,-0.15843737853235276,-0.0028472645922310467,0.43887017617972995,0.3498949019674844,0.25348099160464094,0.016564026332554604,0.12029019424292064,-0.11316359040833116,0.04794234384792134,0.0
2025-11-13,48.24,47.87,-0.0247792979709364,-0.03190679113475319,-0.007575793808457656,0.024667589193525068,0.0076995490145125136,47.61,45.71,44.21366666666666,3,13,11,47.55299261076202,45.20619593942146,75.75360419397114,1.6907473199966248,1.4371776857320593,50.308970136431064,41.11102986356894,0.016156145426601043,0.01572278835141701,0.015113362934999965,158315487.0,1.100246326871501,0.0,0.0,-1,0.0,0,24.542857142857144,-0.175743941048449,-0.0008355964069354324,0.4649173299019024,0.3312545039734698,0.2495915273661158,0.006677796327211993,0.1358606074876385,0.21652054262488613,0.022491708126036354,0.0
2025-11-14,48.32,48.24,0.006252625622812673,0.01017010152591207,0.009146886040498653,0.26077117283634543,0.0016570012076293867,47.91,45.9565,44.461000000000006,4,14,11,47.692448499714374,45.40708652397492,75.75360419397114,1.6520060384025967,1.4801433562661668,50.560376055764024,41.35262394423597,0.016110587333913882,0.015339575045376355,0.014848430907117077,160933526.0,1.0267435401702072,0.0,0.0,-1,0.0,0,22.057142857142853,-0.1803297264280885,-0.002280265339966821,1.271553806599146,0.20670095562048316,0.243508204724869,-0.022258195062727637,0.11362064991933618,-1.6285110940759744,0.023696192052980198,0.0
2025-11-17,47.91,48.32,0.009717847591430007,-0.0012272449893772704,-6.279632015628515e-05,-0.12762431945809677,-0.008521302731528844,48.126000000000005,46.184000000000005,44.69133333333333,0,17,11,47.73200331794812,45.568564812750736,74.67700258397926,1.570120350106393,1.498138755034212,50.696408156230575,41.671591843769434,0.016736405778971515,0.015602080921304148,0.01506306852127169,158629170.0,0.7650017198097623,0.0,0.0,-1,0.0,0,11.642857142857142,-0.14977840548660798,0.00579470198675499,0.7263720990095885,0.20657997048507803,0.24767535631725773,-0.028982569922983537,0.10493542435424352,-1.1181293190104569,0.022709246503861427,0.0
2025-11-18,49.16,47.91,-0.011173300598125189,0.0186542311098515,-0.0017179614960475419,-0.166031289056867,0.025756033802803387,48.444,46.5375,44.96166666666667,1,18,11,47.991639078321185,45.8002703087023,76.99530516431918,1.5877868866252456,1.5160683813524187,50.80031782269295,42.27468217730705,0.018049196557770434,0.014007025321781854,0.015507759304151832,160581005.0,1.2304067915073518,0.0,0.0,-1,0.0,0,8.9,-0.18431244645451553,0.0031308703819663054,0.13285286751369674,0.30885614587020294,0.22235463365531558,-0.00020337604230236117,0.16797339035400305,-0.07744682127936262,0.04251423921887721,0.0
2025-11-19,49.49,49.16,0.021816053530564077,0.007451078829612014,0.027914559317823058,-0.4462930265585918,0.006690344265960649,48.684,46.8565,45.272000000000006,2,19,11,48.26406833680824,46.03831738556022,75.8323057953144,1.6098585390360256,1.5348264128891402,50.99233708831084,42.72066291168915,0.017005996593868096,0.013468354078864913,0.014623142347508061,161830172.0,1.2735027728452326,0.0,0.0,-1,0.0,0,7.857142857142857,-0.17550768976630654,-0.0008136696501220332,-0.9510623612334688,0.19970533844753077,0.21380349277223382,0.03384165448088572,0.14799350498724206,0.7500479750506456,0.022475247524752426,0.0
2025-11-20,49.23,49.49,0.01575471891858591,0.012831978815378241,0.0017317785614693452,0.26296257658528305,-0.005267435193685591,48.815000000000005,47.143,45.561666666666675,3,20,11,48.43969227557038,46.24423239294343,73.41317365269452,1.588064437203606,1.5454740177520334,51.089356614183586,43.196643385816415,0.016671290589322173,0.013731584367622262,0.014789248073896175,160205283.0,1.0576844436709627,0.0,0.0,-1,0.0,0,5.171428571428572,-0.15079493582223036,0.008284501919579643,-0.4394116030606144,0.21624296003498034,0.21798214406178384,0.020522388059701413,0.13172413793103432,1.2736648161730881,0.034023969124517515,0.0
2025-11-21,48.0,49.23,-0.04383253367312631,-0.05087895835510543,-0.038069213533640886,1.4724395860201238,-0.025302182862218272,48.673,47.3275,45.809666666666665,4,21,11,48.35974822546667,46.35750772243095,62.29508196721309,1.4547720276516714,1.5273336197319611,51.055148475633054,43.59985152436695,0.01544529559098435,0.015068341583719953,0.015845826980885977,153120997.0,0.36081728435286053,0.0,0.0,-1,0.0,0,5.6571428571428575,-0.09785898357955583,-0.029859841560024355,3.7950240121395664,0.3014700428260506,0.23920250700417695,-0.0066225165562914245,0.08327691266079884,0.4162972038094844,0.020625000000000043,0.0
2025-11-24,48.8,48.0,0.012277752814956761,0.014302776839613488,0.01490215425210645,-0.7643230540679222,0.016529301951210506,48.61899999999999,47.548,46.059999999999995,0,24,11,48.439794002654544,46.515087869370895,64.50617283950615,1.397579717858541,1.5013828393572772,51.059482517923,44.036517482077,0.016637523334795526,0.015312885375936999,0.015812173178442565,156419788.0,0.713089126093978,0.0,0.0,-1,0.0,0,13.685714285714283,-0.12303073704527709,0.007291666666666696,0.7729693375482276,0.31564184887617464,0.24308451935740266,0.018576497599666064,0.09934669970714127,-0.6138659345318067,0.01998975409836059,0.0
2025-11-25,48.79,48.8,0.007212808189240784,0.0035566735242311773,0.004158010148663677,-0.5441397659605546,-0.00020493903135566924,48.581,47.783,46.30333333333333,1,25,11,48.50346782035372,46.661856393927614,59.86078886310901,1.3360463729453116,1.4683155460748842,50.93027016216892,44.635729837831086,0.0166156030048951,0.01512013124504614,0.015848498371978586,154505365.0,0.6399196434449291,0.0,0.0,-1,0.0,0,15.028571428571428,-0.11329778412011576,-0.002049180327868736,-0.3405796387460221,0.2465332346226247,0.24002464239029703,-0.0075264442636289175,0.10660013608527996,-0.7460225530214148,0.01947120311539241,0.0
2025-11-26,50.5,48.79,0.006141268022082429,0.030259797980353647,0.01441837542427167,0.24039125538210018,0.03444796245356823,48.844,48.08,46.56233333333333,2,26,11,48.86647367119849,46.90947856206132,63.57894736842102,1.4090211440481042,1.4564566656695281,51.063477307119946,45.09652269288005,0.017371908718396768,0.016504858753947037,0.01614713623684665,156940026.0,1.622268079079918,0.0,0.0,-1,0.0,0,17.657142857142862,-0.14662569925178057,0.004304160688665727,0.05145036610260907,0.3609082964064001,0.2620065101231476,0.020408163265306145,0.13330341113105915,0.18322577526861109,0.03485148514851481,0.0
2025-11-28,50.78,50.5,0.03232888711536007,0.004922723340715537,0.02763108122365752,-1.1595933634585243,0.00552923999521824,49.098,48.354,46.83933333333333,4,28,11,49.2143875491624,47.15918962257349,58.21256038647341,1.4724740713332167,1.4596601468022659,51.268229337504735,45.43977066249526,0.017354455478067632,0.016329419858593198,0.01599306431323704,157703569.0,1.664934168892301,0.0,0.0,-1,0.0,0,21.77142857142857,-0.14782245220157375,0.002178217821782167,-1.1538488975279948,0.3509918928782088,0.2592215039987827,0.03148486695104613,0.12097130242825616,-0.25790140135761785,0.012603387160299202,0.0
2025-12-01,50.43,50.78,-0.007138638286801466,-0.003936238107316837,-0.00338746961366478,0.7443670972130146,-0.006916340187898433,49.309000000000005,48.6095,47.074,0,1,12,49.435407994769236,47.37020964692359,56.37426900584791,1.477487344034273,1.4632255862486674,51.2904069557255,45.92859304427449,0.017758638148243057,0.01653833091794055,0.01588416194849268,156096228.0,1.3581224787470028,0.0,0.0,-1,0.0,0,22.085714285714285,-0.13663984332181783,-0.010437179992122906,-0.488871986982862,0.26098928500297613,0.2625378642537676,0.05062499999999992,0.11275375110326569,0.9315270789481427,0.012095974618282757,0.0
2025-12-02,50.44,50.43,0.009901070982711537,0.0035433107938136867,0.001196888233845951,-0.1087034931292102,0.0001982750080847896,49.562,48.84400000000001,47.309999999999995,1,2,12,49.618061086629375,47.56826063744465,57.56853396901069,1.4653753799791573,1.4636555449947655,51.28115450992697,46.406845490073046,0.01726264871180483,0.016550450662604653,0.01587371409233357,157538007.0,1.3097241012001493,0.0,0.0,-1,0.0,0,23.257142857142856,-0.13200899741379035,0.006345429307951622,-0.6215417279542668,0.2608026994176829,0.26273025923577653,0.03360655737704921,0.10251366120218575,1.8359097316570434,0.014472640761300634,0.0
2025-12-03,50.31,50.44,-0.006325381833262824,-0.006604588057378902,-0.00961545869944187,0.3810670187845726,-0.002580646593491514,49.677,49.060500000000005,47.583999999999996,2,3,12,49.74386816178767,47.74514704793209,66.89750692520778,1.4288161445516039,1.4566876649061333,51.174259185605344,46.946740814394666,0.015738070723433892,0.016637425363998662,0.014569362109048247,155427465.0,1.182253880677677,0.0,0.0,-1,0.0,0,24.77142857142857,-0.12627824340662697,-0.00019825535289448871,-0.14575001134321655,0.2652872504631641,0.26411093981723244,0.03115392498462799,0.09417137886037419,1.8440843544875367,0.01739216855495925,0.0
2025-12-04,49.97,50.31,-0.0049696951503577155,0.009057854583906191,0.0038171819328077588,-0.09672807176433071,-0.006781039147113601,49.725,49.2045,47.81266666666667,3,4,12,49.78498304146263,47.888685948065515,62.03059805285115,1.356767556743101,1.436703643273527,51.137727190067196,47.27127280993281,0.015905972334170206,0.016159106544770003,0.014333602698901176,153511509.0,0.7919400305697017,0.0,0.0,-1,0.0,0,36.02857142857143,-0.12280502584793426,-0.0025839793281654255,-0.31065698762695315,0.0827208454562583,0.2565178639587459,-0.010495049504950504,0.061159481843278796,0.7263301986777945,0.02291374824894943,0.0
2025-12-05,50.11,49.97,-0.006598044530428873,-0.013717094735083356,-0.005227193245073634,-0.364823509783542,0.0027977636155195914,49.813,49.31400000000001,48.033,4,5,12,49.844077033923966,48.03199653206129,62.344827586206875,1.2960255855912166,1.4085680317370648,51.18807127876417,47.439928721235844,0.01575289201504025,0.015793397725812622,0.014318646062242958,154841794.0,0.8494874330766189,0.0,0.0,-1,0.0,0,38.142857142857146,-0.127492122114842,-0.00240144086451866,-0.72210397039854,0.0676829014161343,0.25071241643539965,-0.013194170933438443,0.045701168614357135,0.2068878119531684,0.014168828577130331,0.0
2025-12-08,49.84,50.11,0.009384115984337764,0.005145720554227402,-0.00020159258207567225,0.4162636652353101,-0.005402714492435476,49.997,49.334999999999994,48.217333333333336,0,8,12,49.8433357550287,48.1486419170896,63.572433192686404,1.2121277382717537,1.3692799730440028,51.223430147251044,47.446569852748944,0.013021035470910824,0.014315762895999546,0.014191377519009873,152824702.0,0.5348357742912838,0.0,0.0,-1,0.0,0,40.77142857142858,-0.12054768030667304,0.0041907802833765885,-0.15237237216285587,0.06237026913624251,0.22725569070588372,-0.01169938528653569,0.008498583569405138,0.26507350358708304,0.019654895666131576,0.0
2025-12-09,49.44,49.84,-0.0019892586627461638,0.004348021638023533,-0.005863933494847069,-0.06106852135168512,-0.008058061329762535,50.06099999999999,49.339999999999996,48.385666666666665,1,9,12,49.77000198138711,48.231955341793494,52.23642172523962,1.1006735531836043,1.315558689071923,51.22901533804318,47.45098466195681,0.012655327180135966,0.014437312715945153,0.01435693602310858,150927105.0,0.10587526526236729,0.0,0.0,-1,0.0,0,40.94285714285714,-0.11641697495883517,0.007624398073836185,-0.22472551972653476,0.0682910715917843,0.22918523427876825,-0.019825535289452856,0.0020267531414672746,1.1844564496981445,0.030137540453074332,0.0
2025-12-10,48.12,49.44,-0.017272974132306607,-0.025923685009791544,-0.02567666992771193,0.015161694804625297,-0.027061922042957192,49.994,49.2875,48.519999999999996,2,10,12,49.470001621134905,48.224732416516495,40.55172413793101,0.8955094645455048,1.2315488441666396,51.25321535123967,47.321784648760335,0.015480654653551681,0.015633140090452764,0.01528903150024264,149000518.0,-1.1878627282060228,0.0,0.0,-1,0.0,0,36.371428571428574,-0.10871239409697937,-0.001618122977346244,-0.19420445907130046,0.17232854186791335,0.2481684053422309,-0.043530113297555295,-0.021354484441732824,-1.336850363884492,0.029925187032418907,0.0
2025-12-11,46.7,48.12,-0.01964056587454635,-0.02144033123786929,-0.043591466140945695,0.5883558459224069,-0.029953726431626342,49.614,49.229,48.59133333333333,3,11,12,48.96636496274674,48.12636258319286,34.95838287752676,0.6112867801191157,1.1074964313571347,51.428118483678674,47.029881516321325,0.01163294691993251,0.015909151450838384,0.016322069770059025,145530687.0,-2.3000124993442816,0.0,0.0,-1,0.0,0,43.74285714285714,-0.09646994203889674,0.00581878636741482,0.9361953703524678,0.2233661179325625,0.25254994985388474,-0.06543926355813479,-0.024441194902861785,-0.253616255324667,0.05224839400428276,0.0
2025-12-12,47.25,46.7,-0.0391876558484403,-0.02381064869371856,0.0056350387515312,-0.30078771200804577,0.011708489264900002,49.260999999999996,49.1795,48.656333333333336,4,12,12,48.654298605883696,48.069823061696546,45.148771021992225,0.42551360251874115,0.971099865589456,51.51282358393826,46.84617641606174,0.012553762667796002,0.016052714848149022,0.016193214910430336,148099177.0,-1.653864053217451,0.0,0.0,-1,0.0,0,39.285714285714285,-0.09632883429970972,-0.00342612419700222,0.22379989679553378,0.26876593427277407,0.2548289481338178,-0.05707443624027142,-0.020522388059701524,0.32347197605285355,0.02201058201058199,0.0
2025-12-15,47.2,47.25,0.015775215223697105,0.01925954443782367,0.013097342349849017,0.06006652785793741,-0.0010587613482419878,48.938,49.1235,48.71900000000001,0,15,12,48.3898806775412,48.0137054448129,38.53868194842409,0.27112705479743937,0.8311053034310527,51.59343948359583,46.65356051640417,0.012699581039738667,0.01604129218085248,0.01619901254485941,145371679.0,-1.5575280388648969,0.0,0.0,-1,0.0,0,49.31428571428573,-0.09361770360475088,0.000634920634920659,0.3410149121761561,0.27668062453096,0.2546476189119637,-0.052969502407704705,-0.023178807947019764,0.12061352609581516,0.028601694915254116,0.0
2025-12-16,47.62,47.2,0.004642337942752734,-0.0037390986645790313,0.004469518986706061,0.14081389035299602,0.008858948467206806,48.656000000000006,49.108999999999995,48.781333333333336,1,16,12,48.249902372533704,47.98830509353465,42.08389715832203,0.1805834398613939,0.701000930717121,51.612117214488315,46.605882785511675,0.01348497641192837,0.01608809876438911,0.016189316698556527,148511603.0,-1.1897165593217134,0.0,0.0,-1,0.0,0,46.4,-0.09555514154098879,0.00635593220338977,0.6180600119385035,0.3109614907079388,0.2553906503905147,-0.0368122977346278,-0.006053016071801309,-0.3733462956345709,0.020159596808063708,0.0
2025-12-17,47.63,47.62,0.0033627606300004253,0.004568114256100146,0.002650974459569387,-0.43003384002317363,0.00020997375405237516,48.388,49.0325,48.836333333333336,2,17,12,48.13719285025485,47.96518863588725,24.780316344463955,0.10838450006978206,0.5824776445876532,51.62111373183132,46.443886268168676,0.013584076355507515,0.014857560236278907,0.016176627288706516,150554083.0,-1.083591563124247,0.0,0.0,-1,0.0,0,37.68571428571429,-0.09558082331177883,0.0008399832003359754,-0.21659828667412243,0.2597694572761896,0.2358564568461363,-0.01018287614297575,-0.03112286411716836,-1.6261610727218248,0.022149905521729994,0.0
2025-12-18,47.67,47.63,0.007525119122511278,0.003618884164565893,0.008961105772066807,-0.020330311442333583,0.0008394544039652487,48.158,48.9415,48.855666666666664,3,18,12,48.05224869566305,47.9461442077655,21.467889908256836,0.053774111343365405,0.4767369379387956,51.58967136510111,46.293328634898884,0.013710030364371987,0.014744833912232018,0.01559102436335659,152555458.0,-0.9602852872411796,0.0,0.0,-1,0.0,0,42.371428571428574,-0.09547260589074316,0.008188116733151387,-0.28090830885310825,0.09199244267497196,0.234066981928305,0.020770877944325417,-0.036775106082036824,0.682459423079011,0.016886930983847276,0.0
2025-12-19,48.13,47.67,-0.00962551897052607,0.006583708587010998,-0.00526150850760246,0.9307379616865836,0.009603414098283644,47.96,48.8865,48.86266666666667,4,19,12,48.066385296451585,47.95800587178063,29.31654676258991,0.047070540559495555,0.39080365846293563,51.555055887799604,46.21794411220039,0.014280808853412206,0.01493479069841919,0.015355589123784217,157631706.0,-0.5669733232559557,0.0,0.0,-1,0.0,0,44.2,-0.1017484766221944,-0.0023075309418921636,1.7900164707024322,0.08149592810431032,0.23708245242490697,0.018624338624338765,-0.022344099126548778,0.5387365113753775,0.028568460419696653,0.0
2025-12-22,48.5,48.13,0.00941725072026785,-0.000923219022336806,0.00506837482910701,-1.1332948059710979,0.007658114628419411,47.826,48.911500000000004,48.832,0,22,12,48.14522433346038,47.992973234891565,33.614864864864856,0.0707977082865483,0.3268024684276582,51.55433161540091,46.268668384599096,0.01472424725888426,0.013928873256961653,0.014276787382652225,159266109.0,-0.31140841331094843,35570.0,1720709.421,1,0.0,0,54.88571428571429,-0.09854754115417283,-0.002493247454809984,-0.6704574930088604,0.07241882674488127,0.22111400808755285,0.02754237288135597,0.01041666666666674,-0.5150114241774622,0.02245773195876285,0.0
2025-12-23,48.35,48.5,0.010360639714276214,-0.0010267995562786335,0.0073046466029444935,-0.12664976436214215,-0.0030975760441341693,47.717,48.888999999999996,48.799,1,23,12,48.18245627283122,48.01600721973727,33.50168350168346,0.0766147461549096,0.2767649239731085,51.543465155761524,46.23453484423847,0.014605285819792625,0.013421596522499066,0.014283207221303305,157826131.0,-0.40610817499720664,19208.0,929690.2496,1,0.0,0,58.57142857142857,-0.09740761919780119,0.00020618556701026825,-0.7913869806336032,0.08539327419977763,0.21306123957589113,0.015329693406131994,-0.009221311475409721,0.3175417153994615,0.014270941054808787,0.0
2025-12-24,48.4,48.35,-0.002476781451897916,-0.002983694790288992,0.00041467016083892,-1.0370199015409147,0.001033591823282692,47.745000000000005,48.8695,48.77333333333333,2,24,12,48.222009677771,48.04078094749616,36.10619469026545,0.08428775592465598,0.238269490363418,51.53274278000661,46.2062572199934,0.01178169154899588,0.013425294405787321,0.014275595564437823,158336617.0,-0.35257769477466766,0.0,0.0,-1,0.0,0,58.0,-0.09686724552355204,0.0008273009307135294,-1.5965489355130704,0.0838475829000547,0.21311994165323953,0.016166281755196188,-0.00799344127895063,0.2212433484394166,0.010849173553719048,0.0
2025-12-26,47.95,48.4,0.0022706171382103272,0.00030907124338129587,-0.007106455901791419,0.21353725690023917,-0.009341012393138736,47.870000000000005,48.742000000000004,48.776,4,26,12,48.17255337272172,48.03492411217383,31.879194630872448,0.053441393141127946,0.20130387091896,51.319347473662454,46.164652526337555,0.006650261319218354,0.010653105778598166,0.013521723352583786,157704610.0,-0.6145853503210862,0.0,0.0,-1,0.0,0,54.85714285714285,-0.09659589923821062,0.0020661157024793684,-1.3198876407628752,0.12350994586691566,0.16911281148381518,0.005873715124816492,-0.05049504950495043,-0.3156797929806401,0.01835245046923884,0.0
2025-12-29,48.3,47.95,-0.007034996942871957,-0.0010306091811943788,0.0023053557312745056,0.29966562381032064,0.007272759329079657,47.975,48.617999999999995,48.778000000000006,0,29,12,48.19572548677232,48.05202578235617,37.25165562913898,0.056585224086894925,0.172360141552547,51.01481016089357,46.22118983910642,0.006096167472792118,0.010730077897536877,0.013513631077593395,158557445.0,-0.26535268014838675,0.0,0.0,-1,0.0,0,47.885714285714286,-0.1084936831053133,0.00437956204379549,-1.1188625492550988,0.11414741415430152,0.17033470599140027,0.0035321005609805223,-0.048838125246159936,-0.4946992196661102,0.014906832298136623,0.0
2025-12-30,47.74,48.3,0.006416248856719113,-0.0004104781302703951,-0.003943288942218438,0.2443296463880011,-0.011661939747842862,48.028999999999996,48.4835,48.75866666666666,1,30,12,48.11286630735916,48.03189508672029,36.290322580645125,0.01373112896934714,0.14063433903590705,50.750566502401306,46.21643349759869,0.00747879494090198,0.010883057982788057,0.013677550503884783,157468575.0,-0.6559137098205746,0.0,0.0,-1,0.0,0,46.114285714285714,-0.09778467233132532,0.003519668737060077,-0.8531375055134724,0.12188067524610698,0.17276318955812078,-0.015670103092783494,-0.05334126511996817,0.3367208558764875,0.018602848764139115,0.0
2025-12-31,47.06,47.74,-0.015594452627569215,-0.01183160857012107,-0.01507672652503735,0.30289971061186843,-0.014346237611467631,47.973,48.3145,48.730333333333334,2,31,12,47.92143606965749,47.96919217789963,40.46762589928056,-0.07424551112524824,0.097658369003676,50.468580338626566,46.16041966137344,0.008349252217127618,0.011157674010156942,0.013835705763638132,155994486.0,-1.1647662136871537,0.0,0.0,-1,0.0,0,43.25714285714286,-0.09539166180597247,-0.00041893590280693603,-0.490850947479339,0.14515273440298002,0.17712258384482424,-0.02668045501551186,-0.06701030927835039,0.7009629910529009,0.02188695282617937,0.0
2026-01-02,47.24,47.06,-0.01882657403426497,-0.012393814773812744,-0.022657134909265263,0.10020481751582187,0.003817608029945147,47.934,48.161,48.666333333333334,4,2,1,47.797538602447034,47.922147521260946,56.25000000000003,-0.12796800110107398,0.052533094982726,50.14735238300461,46.174647616995394,0.008491755368091073,0.01127382391064901,0.012927271123423515,157623940.0,-0.9273279080591641,0.0,0.0,-1,0.0,0,45.22857142857142,-0.11407986005643014,-0.004887377815554696,-0.32027404028173684,0.15398189174763513,0.17896640635386568,-0.023966942148760273,-0.06102166567282852,0.5334913081452903,0.031541066892464054,0.0
2026-01-05,46.71,47.24,0.009246040681897275,-0.0009516257657091045,-0.01739174271186922,0.2470695203328411,-0.011282716815144882,47.83800000000001,47.998000000000005,48.57366666666667,0,5,1,47.599804311093024,47.84394445537315,43.72093023255811,-0.21087914850547662,-0.00014935371491452132,49.89220834734523,46.10379165265478,0.009071187074931344,0.011393876308652835,0.012961100214310545,155537802.0,-1.359934879185979,0.0,0.0,-1,0.0,0,47.60000000000001,-0.10672641774865098,0.0005292125317527218,0.10272162238705955,0.15806664507509996,0.1808721790903561,-0.025860271115745626,-0.06523914348609161,0.613127890419845,0.04784842646114321,0.0
2026-01-06,47.13,46.71,-0.019117365473978215,-0.0022239882081774927,0.017719057100258617,0.2465309767599406,0.008951466421622836,47.738,47.849000000000004,48.50366666666666,1,6,1,47.51438534543975,47.79788352276843,49.25053533190577,-0.23993056999320572,-0.04810559697057276,49.496452898454486,46.20154710154552,0.008979249980873464,0.011649693281664224,0.01309215935602929,158207180.0,-0.8728625876642835,0.0,0.0,-1,0.0,0,52.85714285714285,-0.07876434836480571,-0.007278955255833942,0.5903237674901775,0.1667090592137236,0.18493314764078084,-0.024223602484471973,-0.059469167830772274,0.6865020226710521,0.028113727986420447,0.0
2026-01-07,47.35,47.13,0.020914121228717948,0.01452295236345052,0.024035214240532995,-0.6131702351102308,0.004657078696447794,47.623,47.7245,48.482,2,7,1,47.48449710081434,47.76898781162208,46.979865771812115,-0.24240754614463356,-0.08696598680538492,49.09077769389558,46.358222306104416,0.008660097588138425,0.011757516660623154,0.012345839795358702,159652998.0,-0.548204807372957,0.0,0.0,-1,0.0,0,48.57142857142857,-0.08672592822204414,0.004667939741141499,-0.5338633648104273,0.16522016481939134,0.18664479071824489,-0.008169250104734016,-0.0499598715890851,-0.48889124747966606,0.019005279831045305,0.0
2026-01-08,47.34,47.35,-0.00444492212410218,-0.005143834092490289,-0.008234019680650878,0.26055614745196387,-0.00021121554624928997,47.522000000000006,47.6195,48.43333333333333,3,8,1,47.45822490066627,47.74131117861421,46.756152125279634,-0.24238343861489398,-0.11804947716728673,48.72938809298142,46.50961190701859,0.008681031657970701,0.011693649245994316,0.011919403801160787,157776830.0,-0.5036543805947088,0.0,0.0,-1,0.0,0,48.371428571428574,-0.09039153922635305,-0.004435058078141517,-0.12967464576380572,0.12189735374696171,0.18563092694231353,0.005949851253718608,-0.04247572815533973,-1.2820688014392558,0.02195606252640474,0.0
2026-01-09,47.28,47.34,0.0,0.020698336966317888,0.012272711534364076,-0.39480691713767685,-0.0012682309879951648,47.410000000000004,47.5775,48.383,4,9,1,47.4258203732724,47.711549167090716,45.657015590200416,-0.2443886713068224,-0.14331731599519387,48.67109619219048,46.48390380780952,0.008619741167026641,0.010160409785105616,0.011918712665627407,156512649.0,-0.5440765103691613,0.0,0.0,-1,0.0,0,54.114285714285714,-0.10223683523852405,-0.0042247570764681625,-0.6637839671425035,0.12036873103290432,0.16129150505938009,0.0008467400508043177,-0.0174563591022443,-0.6865199098968328,0.03087986463620983,0.0
2026-01-12,47.54,47.28,0.0014838370502102199,-0.010965249000578811,0.0010601082303109894,-0.12151642053282426,0.005484088834205169,47.369,47.6195,48.28433333333333,0,12,1,47.446580305404694,47.70048147889132,43.12354312354305,-0.22243392573716392,-0.1591406379435879,48.63276933084776,46.60623066915225,0.008555790012134924,0.007670011751812225,0.009886488915812067,157632178.0,-0.15691780572000316,0.0,0.0,-1,0.0,0,58.0,-0.12796172120264213,-0.0014805414551607504,-0.7177569874875245,0.06735626550207596,0.12175766188942808,0.017769214301006198,0.017987152034261156,0.04335505260856666,0.0185107278081616,0.0
2026-01-13,47.74,47.54,0.006965727373852406,0.0051872717206901744,-0.0038216607022569576,0.19011301497226188,0.00419815897863624,47.313,47.644000000000005,48.183,1,13,1,47.499929340785656,47.70303106089833,40.77669902912619,-0.1867436387439838,-0.1646612381036671,48.643250245246975,46.644749754753036,0.00828098814033524,0.007283025152415031,0.009854425016796868,158986121.0,0.19214406092293665,0.0,0.0,-1,0.0,0,59.085714285714296,-0.113622166312682,0.0,-0.4365166520331593,0.04900666459428613,0.11561444007311077,0.012942923827710562,0.010370370370370363,-0.5708602093101204,0.027440301633850066,0.0
2026-01-14,47.66,47.74,0.004407604994691395,-0.006644542718668613,-0.0008512449971353803,-0.18199884786758763,-0.0016771492400880661,47.305,47.667,48.09066666666667,2,14,1,47.52903309700644,47.70025486342103,41.481481481481396,-0.16303479692603418,-0.1643359498681405,48.64415160704593,46.689848392954076,0.007440306797541132,0.007291467230201491,0.009811198829641371,157857471.0,-0.014327357084673963,0.0,0.0,-1,0.0,0,58.62857142857143,-0.12039899518406377,0.0002094679514033936,-0.5854473626091351,0.052537995476813266,0.11574845390334057,0.006546990496304028,0.009745762711864225,0.580704924204155,0.021611414183801955,0.0
2026-01-15,47.98,47.66,0.001883042715637051,0.011187189390564376,0.01458337163169229,0.5844062277686107,0.006691785740952538,47.397000000000006,47.685,48.00866666666666,3,15,1,47.611027079368895,47.71830293674871,45.13888888888886,-0.11707448157662981,-0.1548836562098384,48.67172237869936,46.69827762130065,0.005797267048698641,0.007174649223975723,0.009929164140009649,159882185.0,0.5979392103964393,0.0,0.0,-1,0.0,0,63.65714285714286,-0.11418071933064891,0.0037767519932859176,0.37086126835244687,0.06204667564606042,0.11389402554457391,0.013519222644697848,0.007559848803023961,-0.3862781349360912,0.018340975406419397,0.0
2026-01-16,48.01,47.98,0.005212145647194991,-0.002475248788542877,-0.003994539107369342,0.03289952564936016,0.0006250651313004577,47.474000000000004,47.704,47.932,4,16,1,47.68356761039273,47.737122102119756,50.7692307692307,-0.07733834298007736,-0.1393745935638862,48.70084555103893,46.70715444896107,0.005770717282998401,0.0071746677580962,0.009935699347699195,161974619.0,0.613936631770245,0.0,0.0,-1,0.0,0,63.77142857142858,-0.12992562652892445,0.002292621925802554,0.438087651618963,0.05554527314193888,0.11389431976461523,0.01543993231810492,0.007978165022044736,-0.56295252418902,0.019787544261612226,0.0
2026-01-20,47.4,48.01,-0.013608500600101355,-0.0022743729435971685,-0.0018977338325871407,-0.47092795641317825,-0.012787093841818167,47.54299999999999,47.6905,47.84633333333333,1,20,1,47.632009863048594,47.715372289079774,39.182692307692335,-0.09398566068385605,-0.13029680698788018,48.696554827424436,46.684445172575565,0.00614551590996368,0.007749454453083132,0.010101966546909374,160668056.0,-0.5775033170780574,0.0,0.0,-1,0.0,0,50.85714285714287,-0.1314742488566894,-0.011872526556967305,-0.340958380564568,0.11927177903397138,0.12301877567568016,-0.002944888514934796,-0.005663939584644506,-1.270654905461771,0.019620253164556956,0.0
2026-01-21,48.64,47.4,0.006513312237269375,0.009989270027109195,-0.00042220815488917986,0.8506622141498936,0.025824008956880747,47.694,47.716,47.797333333333334,2,21,1,47.815280797039755,47.77502568978431,59.297520661156994,-0.0070399903869997615,-0.1056454436677041,48.79235642697448,46.63964357302552,0.009792111319552802,0.009534082196672499,0.01129173256565615,163726977.0,1.7169033915601077,0.0,0.0,-1,0.0,0,53.85714285714285,-0.12319970920959294,0.007383966244725769,2.4033636358395594,0.22742345190467608,0.151348862829863,0.018852115626309063,0.010596301682942011,0.9144627041147119,0.029502467105263205,0.0
2026-01-22,46.49,48.64,0.02011055647490235,0.00020491803350401774,-0.023932766211628136,-0.24539826505453788,-0.04520900195541812,47.608000000000004,47.6155,47.68566666666666,3,22,1,47.57432065212343,47.69212080657242,45.48335974643424,-0.11034990693063662,-0.10658633632029062,48.75701284659522,46.47398715340478,0.017854653189292594,0.013662024375838694,0.013771519667230404,161333699.0,-1.97194451793865,0.0,0.0,-1,0.0,0,54.771428571428565,-0.1368733906568161,0.0016447368421052282,1.2387767514592471,0.4151361839954559,0.2168779134250297,-0.024548887956357457,-0.04144329896907217,-0.7286714694243611,0.0551731555173155,0.0
2026-01-23,46.24,46.49,-0.05073170290898097,-0.045374224584691515,-0.009342816465471318,-0.4308695085157613,-0.005392011338371389,47.498000000000005,47.510000000000005,47.579,4,23,1,47.331716897191896,47.59843559324517,42.163009404388724,-0.20997619588157335,-0.12726430823254717,48.751340531757535,46.268659468242475,0.017881972738678205,0.013680967495245956,0.013741503264365835,159778203.0,-2.04617503015373,0.0,0.0,-1,0.0,0,54.885714285714286,-0.13224549829042204,-0.0038718003871800323,-0.034218815596607194,0.4029203161480883,0.21717862612307423,-0.03626511046269265,-0.04364012409513962,-0.3564980465968663,0.01794982698961934,0.0
2026-01-26,46.23,46.24,0.0010790979788902486,0.004705891037412714,0.005876608488984971,-0.0008528247601946189,-0.0002162863639881123,47.393,47.4015,47.516,0,26,1,47.131404734066095,47.510149425939034,45.90443686006824,-0.2864358103487561,-0.15909860865578895,48.69360191874158,46.10939808125842,0.01789116584947098,0.013668557308191014,0.012936158957076843,158224033.0,-1.8133244491130591,0.0,0.0,-1,0.0,0,57.65714285714286,-0.11881347069532676,0.0025951557093425053,-0.1243113236909114,0.4019469496076678,0.21698162051104722,-0.037075609248073294,-0.04483471074380174,-0.3293196894256723,0.01687216093445817,0.0
2026-01-27,45.69,46.23,0.005592615136059987,-0.0017086719236165952,-0.01541772380262091,0.8228720427308034,-0.01174948242495392,47.208,47.2885,47.48233333333334,1,27,1,46.86933114605407,47.39272043071716,37.95986622073576,-0.38615276401564813,-0.20450943972776078,48.76128861883983,45.81571138116017,0.017905525217519525,0.01374385997733143,0.011966454458123553,154685141.0,-2.1707120486294906,0.0,0.0,-1,0.0,0,64.97142857142858,-0.11767020507957393,0.008436080467229086,2.5127642743728447,0.40113848570358035,0.21817701332467673,-0.03607594936708858,-0.047132429614181515,-0.36994449611325547,0.030750711315386325,0.0
2026-01-28,46.33,45.69,-0.0025773210143004033,0.006711077118747355,0.01574319166554274,0.5357158534433717,0.01391024385337686,47.06699999999999,47.190000000000005,47.45166666666667,2,28,1,46.7712709376806,47.3241578222838,42.031249999999986,-0.40882385006218414,-0.24537232179464546,48.64130068704085,45.73869931295916,0.018646285228449355,0.014068980523815063,0.012052986472478783,160731943.0,-1.1851437922950647,0.0,0.0,-1,0.0,0,65.54285714285713,-0.13560459891137955,0.01772816808929749,3.4696144403048628,0.3427559326822349,0.22333814199735535,-0.04749177631578949,-0.040786749482401685,-1.1579686434313614,0.021584286639326572,0.0
2026-01-29,47.22,46.33,0.007285226136205976,0.016531042414991936,-0.0022805026987251066,-0.41335468326662067,0.019027832228809875,47.023,47.164,47.45233333333333,3,29,1,46.852858039920484,47.317437962781625,49.17582417582415,-0.3509299847133249,-0.26648385437838135,48.59226210184743,45.73573789815257,0.0199169857697536,0.014636334500379163,0.012581942514240288,164731465.0,0.07841697952716442,0.0,0.0,-1,0.0,0,63.82857142857143,-0.12035348957822553,0.011007986186056662,1.4998126457415766,0.20694799033802538,0.23234460716134842,0.015702301570230004,-0.010892333472978688,0.2676529319925131,0.04002541296060992,0.0
2026-01-30,46.91,47.22,0.003410062980541964,0.003336116522010393,0.010382961545054505,1.8466297534352047,-0.006586659317000289,46.916,47.1565,47.428666666666665,4,30,1,46.863247487207666,47.291151642602166,47.54316069057102,-0.3263016858250296,-0.278447420667711,48.588631646402064,45.72436835359794,0.019806663396122717,0.014353280004869741,0.01252532466785325,139380809.0,-0.34424209620573065,0.0,0.0,-1,0.0,0,58.60000000000001,-0.13532013868464304,-0.004659042778483669,4.138425166409766,0.2101910119219475,0.22785125634576775,0.014489619377162422,-0.003187420314492262,0.2914254758126323,0.03346834363675123,0.0
2026-02-02,47.58,46.91,-0.00661759272721298,-0.004799174573770694,-0.0030172436683299276,-1.9389772966245156,0.014181632534444983,46.873000000000005,47.173500000000004,47.427,0,2,2,46.993566125897175,47.3097870204988,50.251889168765736,-0.2498401788803477,-0.2727259723102384,48.61782501080498,45.72917498919503,0.020473151771781942,0.014688845709038442,0.012810169619064499,143027526.0,0.5628926965315604,0.0,0.0,-1,0.0,0,63.40000000000001,-0.12658146981088098,-0.0046898315924109755,0.0323203349453628,0.22133452530834918,0.23317819675628368,0.029201817001946795,0.0071972904318373665,-0.5804862835838381,0.031105506515342666,0.0
2026-02-03,48.18,47.58,0.028087581810261636,0.008435353324335733,0.00021581957567330022,-0.1637961386067847,0.01253149231191382,46.951,47.247,47.444,1,3,2,47.20928137573405,47.36592979336985,52.63788968824937,-0.13922401043217292,-0.2460255799346253,48.74077797264976,45.75322202735024,0.020389890429965807,0.014657865669663744,0.013013984048445516,146123279.0,1.2491816281705987,0.0,0.0,-1,0.0,0,43.34285714285714,-0.13721577606867008,0.009247583018074924,-0.08141925301148917,0.1583327519545312,0.23268640387752904,0.05449770190413661,0.031470777135516936,-1.8694393327935799,0.03891656288916563,0.0
2026-02-04,46.82,48.18,0.004363643287773272,0.003085559349652485,0.005380406824475272,-0.11800126162870837,-0.02863353512396064,46.769,47.2315,47.400333333333336,2,4,2,47.138502943782406,47.33070851637825,45.634095634095665,-0.15946235127270114,-0.22871293420224048,48.73677878166172,45.726221218338274,0.02043047738397401,0.015980225146339493,0.013896832193064784,143372099.0,-0.5467425768743385,0.0,0.0,-1,0.0,0,47.22857142857144,-0.1387834986933943,0.0010377750103776912,-0.1474061299497152,0.31212129079665957,0.25367820979221034,0.01057630045326996,-0.006577551453426755,-1.168618536757414,0.03788979068774015,0.0
2026-02-05,48.17,46.82,-0.04040740081614065,-0.0008067102176055684,-0.01111542227281842,0.12161162703311171,0.02842595857936476,46.937,47.2725,47.389333333333326,3,5,2,47.32604786309469,47.38485635403127,50.89201877934275,-0.06580905875433984,-0.19613215911266038,48.83495252559286,45.71004747440714,0.01709105800309534,0.01723277428806139,0.01484729339343308,146479049.0,1.1488349057638751,0.0,0.0,-1,0.0,0,47.22857142857144,-0.1312835327357888,-0.010679196924391286,-0.09619213770395678,0.35019807166817707,0.2735618109955115,0.020118593816179642,0.017317845828933587,-0.7258061968614141,0.04670957027195349,0.0
2026-02-06,48.77,48.17,0.045989964678697724,0.024595198283968923,0.04176349365589568,-0.29114719564462327,0.012378949079831838,47.190000000000005,47.344,47.403333333333336,4,6,2,47.58858461525929,47.47422046022281,53.38680926916223,0.05617923662335045,-0.14566987996545822,49.04425880382801,45.643741196171995,0.016970030800623287,0.01741766006463599,0.015010441658929079,148801201.0,1.6773916968281166,0.0,0.0,-1,0.0,0,46.8472049689441,-0.1318877524194556,0.006850736973219811,-0.24986327453041413,0.3392710050314245,0.2764967817101282,0.03965039437220219,0.030207013096746893,-1.622771129394124,0.030516711092885018,0.0
2026-02-09,49.38,48.77,0.003909872251171965,0.0008415886541189814,0.011293193493948786,-0.264000723952355,0.012430114195072194,47.505,47.449,47.436,0,9,2,47.91429650339396,47.597173978918114,58.82352941176471,0.1997748613594439,-0.07658093170047779,49.37676827609295,45.52123172390704,0.016973233404711387,0.017568576742203062,0.015172501610623926,150584551.0,2.003352813662439,0.0,0.0,-1,0.0,0,51.5714285714286,-0.1369747647033168,-0.001640352675825413,-0.3580595690710015,0.3374262853095322,0.27889250969533574,0.03783102143757899,0.04441624365482233,-1.572824757453721,0.019935196435803985,0.0
2026-02-10,50.47,49.38,0.01346409568488115,0.02076337319350419,0.008493107404895086,0.013447737552672097,0.021833616435137416,47.983,47.5955,47.519999999999996,1,10,2,48.37896986641324,47.78251759318147,58.26558265582654,0.3969534863081279,0.018125951901243345,49.950396131354466,45.240603868645536,0.01624276020769703,0.018108888006174367,0.01553080586348835,152392045.0,2.441296634469112,0.0,0.0,-1,0.0,0,51.6571428571429,-0.12920791084913116,-0.0006075334143378116,-0.36106865446250225,0.3525639770946265,0.28746968510554605,0.04753009547530085,0.061632309633992355,-1.6964105254928254,0.031900138696255194,0.0
2026-02-11,51.53,50.47,0.036606434590001284,0.030166732392410783,0.03509131981127019,0.17247244291536304,0.020785061987961973,48.503,47.785,47.62766666666666,2,11,2,48.951884436156284,48.024290651685895,75.25050100200397,0.6314728820792297,0.1407953379368406,50.725909275787934,44.84409072421206,0.016576039127786334,0.018544589287515068,0.015894580262249044,154539780.0,2.546831370033767,0.0,0.0,-1,0.0,0,53.8,-0.12408447637007824,0.014265900534971248,-0.3045170883089344,0.11067721861720003,0.29438622852358415,0.10059803502776599,0.079388353581902,0.2646865067995945,0.027362701339025745,0.0
2026-02-12,51.7,51.53,0.012617851574527427,0.003827023423301811,0.006775027142275744,0.34280897998200655,0.0032936191742505296,48.951,47.987,47.75966666666667,3,12,2,49.45154181140059,48.26143319028681,77.57575757575754,0.8215781308220755,0.27695189651388763,51.407619211410136,44.56638078858987,0.016444154402272877,0.018497875879840888,0.01567730268862514,157565723.0,2.170951965430454,0.0,0.0,-1,0.0,0,38.1117647058824,-0.12552947026989456,0.006015913060353237,-0.1552623365627514,0.12115276831857169,0.2936446761659946,0.07328212580444271,0.08476710029374757,-0.5155047301843009,0.02446808510638299,0.0
2026-02-13,51.8,51.7,-0.004059153152461516,0.0020986366569212054,0.0059515273969469925,-0.1974097818648795,0.0019323677510538603,49.440000000000005,48.178,47.91766666666667,4,13,2,49.87853420932775,48.489727823171535,77.87787787787788,0.9691354837593735,0.4153886139629848,52.00002261140611,44.355977388593885,0.015741873860818937,0.018495110337754875,0.015346298633014533,160049581.0,1.895331539479028,0.0,0.0,-1,0.0,0,37.7739130434783,-0.12061231543861921,-0.0013539651837524232,-0.26469060072549133,0.15053110413926848,0.2936007745463953,0.06212835759688318,0.07961650687786581,-0.050301074148253334,0.020656370656370663,0.0
2026-02-17,53.0,51.8,0.007717576410654472,0.010710495258813176,0.008716762214416881,-0.3438136271213273,0.022901764286684414,49.982,48.427499999999995,48.10966666666666,1,17,2,50.44607344399543,48.780713124902405,84.31924882629107,1.16942531316883,0.5661959538041539,52.81326105140193,44.04173894859806,0.01624807117383869,0.01895950397182934,0.015768749663873656,161810788.0,2.085156918678174,0.0,0.0,-1,0.0,0,40.8734693877551,-0.12280791376574182,0.004440154440154517,-0.40065664068332757,0.16984507577421237,0.30097279494361073,0.07330903199675975,0.10393667985836297,-0.5945659766825893,0.022358490566037646,0.0
2026-02-18,52.27,53.0,0.017338721496742964,0.0011683565192930237,0.004810014083784878,0.12918623211310143,-0.013869320827291256,50.391,48.671,48.294999999999995,2,18,2,50.77769645417807,49.005828407166774,77.65363128491622,1.2547871417583707,0.7039141913949973,53.34768303507095,43.99431696492905,0.017999100544465085,0.01901379899691785,0.015860185284618106,159806707.0,1.5391250478215928,0.0,0.0,-1,0.0,0,41.9102040816327,-0.12764730708160843,-0.0011320754716981562,-0.36159617862006777,0.2418238238886512,0.30183470174648397,0.03566475133742819,0.10274261603375545,-0.29760802330195724,0.019074038645494545,0.0
2026-02-19,52.17,52.27,-0.011398299696955261,-0.00845419089674191,-0.0030757425247189113,-0.05350857313873988,-0.0019149756905291835,50.926,48.847500000000004,48.463,3,19,2,51.03084255341842,49.20996850993021,74.87437185929649,1.2993892907472286,0.8230092112654437,53.778774522985586,43.91622547701442,0.013396037768579554,0.018401667242662536,0.015863911956998406,157907043.0,1.3475218159172484,0.0,0.0,-1,0.0,0,39.5551020408163,-0.12610206137087324,0.0013392003061029325,-0.36944002949066373,0.21184283071407112,0.2921174113982924,0.012419949543954978,0.07257401315789469,0.7609065814736157,0.013609354034885966,0.0
2026-02-20,51.93,52.17,0.0007639419775660304,0.000569638295095708,-0.004244652330945619,-0.023960540585614063,-0.004610959178073866,51.302,49.1195,48.61566666666667,4,20,2,51.19432572552415,49.385454412515365,75.40485829959515,1.3003808400604626,0.9184835370244475,54.10310036836552,44.13589963163449,0.012586848261356764,0.014746850797967555,0.01593078584008981,156052355.0,1.1278994270247897,0.0,0.0,-1,0.0,0,44.4081632653061,-0.13548769808932462,0.004025301897642339,-0.3722648132198842,0.2174152045938917,0.23409899899677938,0.004448742746615109,0.11701441170144111,1.2246798997521635,0.01848642403235126,0.0
2026-02-23,52.71,51.93,-0.0021022463547353196,0.0011383040500602814,0.006936443996657169,0.11048118410843115,0.014908533010887959,51.696000000000005,49.443,48.794666666666664,0,23,2,51.46990286633794,49.59994122461115,75.67567567567568,1.3485607622852456,1.0044989820766073,54.47927723830276,44.40672276169724,0.012721823722516451,0.014648970619946362,0.016060318039163714,158123699.0,1.297386877415427,0.0,0.0,-1,0.0,0,36.969416498994,-0.14444614035353945,0.006547275178124464,-0.3361645895579304,0.23979579166850562,0.23254519934081855,0.01756756756756772,0.1399221453287196,0.37135589385368983,0.012521343198634105,0.0
2026-02-24,52.5,52.71,0.00838259814228497,0.0024618893222181667,-0.007516658692365867,0.1891836649966447,-0.00399202126953745,52.008,49.7565,48.968666666666664,1,24,2,51.65719325427649,49.78704179076527,72.5,1.3541882140307564,1.0744368284674373,54.730869148047454,44.78213085195255,0.01311686898711984,0.014765969637425833,0.016096987720066087,155620971.0,1.1030544450352586,0.0,0.0,-1,0.0,0,43.2857142857143,-0.14365164393411117,0.0,-0.26292483255906157,0.1662847683525258,0.234402501164156,-0.009433962264150941,0.13562621674237518,1.1150599176358074,0.02247619047619047,0.0
2026-02-25,52.92,52.5,-0.001898975124399702,0.006034338506867332,0.015929710226647565,-0.4327200332028735,0.007968169649176881,52.253,50.118,49.148,2,25,2,51.88679448077168,49.98916812684494,85.21939953810623,1.3766691153808708,1.1348832858501239,54.894991345583854,45.34100865441615,0.011928308745872982,0.014134054454952702,0.016113506290709234,157244596.0,1.1731233311068656,0.0,0.0,-1,0.0,0,45.8,-0.1429774677314998,0.0020952380952380845,-0.41274871937127433,0.13723408991973648,0.2243711586290966,0.01243543141381287,0.15824031516743275,0.9083035365412494,0.012660619803476844,0.0
2026-02-26,53.19,52.92,0.011528049806827296,0.006558629337980309,0.003705995594317656,0.35669594610482014,0.005089069507471228,52.419000000000004,50.461,49.32966666666667,3,26,2,52.123740938813185,50.19567340898397,83.11345646437992,1.400132281790441,1.1879330850381873,55.0751334363469,45.846866563653094,0.010505692113135567,0.014057230415869369,0.01611529386029029,159564109.0,1.1828873341645707,0.0,0.0,-1,0.0,0,42.1730382293763,-0.14312601388170207,0.005668934240362758,-0.24354857214819664,0.1319419499201624,0.22315161481634055,0.019551466359976954,0.14806820634578033,0.2432741768286146,0.015510434292160102,0.0
2026-02-27,52.24,53.19,-0.008680937700429325,0.020886074814701557,-0.015966685580669857,0.7840288120922495,-0.018021923786050487,52.473,50.712,49.48233333333334,4,27,2,52.14487894993806,50.32756544711404,71.87894073139977,1.3267757052533184,1.2157016090812136,55.12559908035365,46.298400919646355,0.012441633093383335,0.014790411100299538,0.016567284426004643,154483729.0,0.6924054370056482,0.0,0.0,-1,0.0,0,38.030583501006,-0.1397340712750042,-0.00808422635833803,0.2797707336247411,0.2012099583064581,0.23479049735881066,0.005969574427113544,0.10631088521812804,-0.8507224509011507,0.05340735068912709,0.0
2026-03-02,52.9,52.24,-0.009904842880938194,-0.02425371129953962,-0.003475577933859702,-0.6379355280719449,0.01255485389607811,52.583000000000006,51.0115,49.64633333333333,0,2,3,52.28217368631295,50.49352896665507,72.05513784461154,1.3068322255703535,1.2339277323790416,55.14270232275934,46.880297677240655,0.012969375336024665,0.014610753733356631,0.016645694026430596,157168111.0,0.9142616858031881,0.0,0.0,-1,0.0,0,33.6460317460318,-0.14282908135827085,0.0,0.2265466499203353,0.1913997999101037,0.23193852507402102,0.003604629102637036,0.12769132381155401,-1.0600728310658147,0.03137996219281657,0.0
2026-03-03,52.37,52.9,-0.00720429608438422,-0.009603689291121561,-0.0056250754469702735,-0.1959233448010622,-0.010069430572857413,52.52,51.251,49.791666666666664,1,3,3,52.29814210698332,50.61459161396765,62.80323450134771,1.2340351149860282,1.233949208900439,55.08960117065599,47.412398829344006,0.011115836120092797,0.014904452851294962,0.016819280093926695,154961347.0,0.5830248834154186,0.0,0.0,-1,0.0,0,33.2023483365949,-0.1384413508274426,-0.019565217391304283,-0.2834134059595089,0.20516009521400588,0.23660085403208414,-0.0024761904761905207,0.10067255149222354,-0.614225511148034,0.027496658392209373,0.0
2026-03-04,51.87,52.37,0.005288219621564382,-0.012375217427653589,-0.001947041113539745,0.33275187168796944,-0.009593319928087513,52.48,51.435500000000005,49.94066666666666,2,4,3,52.2202980875318,50.69558570338909,52.478134110787146,1.1230512236167058,1.2117696118436923,54.99734148114921,47.873658518850796,0.010652820299362301,0.015124087247994675,0.016726963016665902,151883350.0,0.24397492269072227,0.0,0.0,-1,0.0,0,37.1583011583012,-0.12239075443174978,-0.004391827382088923,0.8415895593748156,0.19741799220575945,0.240087441990223,-0.019841269841269882,0.07658779576587782,0.4744785858151942,0.017158280316175063,0.0
2026-03-05,52.12,51.87,-0.017021687569430635,-0.00038321518001068757,-0.007826297039628874,0.010337556090378853,0.004808163893335574,52.475,51.7005,50.056666666666665,3,5,3,52.20206207161693,50.787483399944634,53.0259365994236,1.0432427477733128,1.1780642390296163,54.52978650109107,48.87121349890893,0.010780807567837728,0.013111573284529216,0.01615852637732499,154993331.0,0.29654119498907294,0.0,0.0,-1,0.0,0,28.3333333333333,-0.12318878185242696,-0.011760169654906486,0.8466133015020649,0.1966121127325742,0.2081397732459758,-0.020116563263771425,0.11319948739854757,0.4884200132891399,0.02436684574059868,0.0
2026-03-06,51.51,52.12,0.0015594545070694923,-0.0017262879514820838,0.006168326210718919,-0.30140188844081445,-0.011772788679150464,52.43299999999999,51.86749999999999,50.224000000000004,4,6,3,52.07623260405021,50.834097374141756,48.05369127516779,0.9201649647305032,1.1264843841697938,54.16336241106021,49.57163758893977,0.011334229960272158,0.012422918100300823,0.01384847544769627,152692628.0,-0.311429812411888,0.0,0.0,-1,0.0,0,25.1473684210526,-0.1255228250136673,-0.014965464313123447,-0.1330446043751376,0.17265663747681753,0.19720771110671362,-0.013973966309341557,0.06933776209258857,0.8671070842982856,0.01679285575616389,0.0
2026-03-09,52.19,51.51,0.00718101096513579,0.004883430014217994,-0.010104564318035742,0.12671348677660293,0.01311494207782795,52.38099999999999,52.0385,50.422333333333334,0,9,3,52.09691758513199,50.92157496290681,44.15584415584413,0.867495306053307,1.0746865685464966,53.81328568016512,50.263714319834875,0.011064344727244747,0.012452504069010278,0.01385244896053247,155304137.0,0.17072483927851276,0.0,0.0,-1,0.0,0,27.6730983302412,-0.13101380428746717,0.0038827412152980557,0.2505802092533385,0.17586123769869427,0.19767737379972655,-0.013421550094517953,0.07012507689153158,0.8976197090231612,0.031327840582487027,0.0
2026-03-10,52.98,52.19,0.005400205987494426,0.025370342663159854,0.023002963572720542,0.31696079428100976,0.015023578188601864,52.428999999999995,52.218500000000006,50.647333333333336,1,10,3,52.257478024198896,51.05437657820315,55.07868383404859,0.8793638605819538,1.035622026953588,53.5269868722038,50.91001312779621,0.01208422926812895,0.012566321949450008,0.01396924329724274,158889605.0,1.1639398394841378,0.0,0.0,-1,0.0,0,26.0515769944341,-0.13847115014500996,-0.0038321517532093454,1.3476081004988996,0.19865516828350457,0.1994841766381026,0.011647890013366524,0.07290400972053446,-0.24135246535393243,0.03397508493771229,0.0
2026-03-11,52.8,52.98,0.00670950470637536,-0.010673259266299728,0.005956401508944859,-0.24002624591271898,-0.003403293131707807,52.416999999999994,52.335,50.88433333333333,2,11,3,52.35611838343546,51.16699744412553,54.45544554455443,0.8642823707046148,1.0013540957037934,53.37545536589218,51.29454463410782,0.011884004166036027,0.011866703103318391,0.013714928075849281,156069250.0,0.8938394000232077,0.0,0.0,-1,0.0,0,25.1274725274725,-0.13621612144335846,-0.012080030200075377,0.3335291325342858,0.17923877251499784,0.18837807176171328,0.017929438982070556,0.04616603923122642,-0.44047979902708584,0.01742424242424232,0.0
2026-03-12,52.13,52.8,0.0013365157120750189,-0.004055652812053357,-0.013500687218902576,0.02602562431548541,-0.012770591932201128,52.311,52.364999999999995,51.077666666666666,3,12,3,52.31500595008355,51.229126641278725,51.33333333333336,0.7891697234137709,0.958917221245789,53.34028403419782,51.38971596580217,0.012331477562092371,0.011460306866649773,0.013968954276445827,153174530.0,-0.4819108931548962,0.0,0.0,-1,0.0,0,22.5294755877034,-0.12737309025250165,-0.0073863636363636475,0.38206323841513723,0.2119239981943551,0.181926731505847,0.00019186492709133418,0.011643702697457847,0.3238231047186263,0.026951851141377346,0.0
2026-03-13,52.16,52.13,0.006087140728303565,0.008094923721321073,0.006194367464273511,0.05773324183907854,0.0005753188383828637,52.303,52.388,51.242333333333335,4,13,3,52.28682305006836,51.28918298700268,45.92592592592588,0.7237205584603785,0.911877888688707,53.317891900900946,51.45810809909905,0.010992718344692802,0.01144323189386205,0.01368220646914731,156241290.0,-0.4903795802051792,0.0,0.0,-1,0.0,0,19.9685352622062,-0.11838602444180178,0.011509687320161026,0.5985085934829543,0.18502361855017874,0.18165567471600996,0.0126189089497184,0.008897485493229995,-0.15256161653562025,0.02904524539877302,0.0
2026-03-16,52.7,52.16,0.0020839261117462393,0.004023020816311522,0.013417874300631634,-0.03307264768593692,0.010299537928919206,52.283,52.43300000000001,51.43533333333334,0,16,3,52.361946131874106,51.38020343945412,51.412429378531094,0.7072721180158723,0.8709567345541401,53.32959237936176,51.53640762063825,0.010719393829549017,0.011651506522209214,0.013605218146517497,159208283.0,0.5955883769390504,0.0,0.0,-1,0.0,0,19.9685352622062,-0.12274459855807192,0.013036809815951051,0.43819808969314017,0.17557125126125958,0.18496193194207594,0.009771986970684043,0.01737451737451745,-0.14582381121158014,0.01954459203036042,0.0
2026-03-17,53.03,52.7,0.0009458054237639527,-0.0034044814865434245,-0.0018104726466118797,-0.23437442330049352,0.00624233560172206,52.349000000000004,52.4345,51.617,1,17,3,52.483410471533354,51.486641927231275,50.786838340486405,0.7126498684594509,0.8392953613352023,53.33517752275314,51.53382247724686,0.010312477353394191,0.01051054507022118,0.01347387868819468,161555369.0,1.3223378733371927,0.0,0.0,-1,0.0,0,19.9685352622062,-0.12715359799633058,0.003605313092979084,-0.39846854194630477,0.14177324121041254,0.16684973039724693,0.0009437523593809338,0.0005660377358491786,-0.5488893594464257,0.01778238732792768,0.0
2026-03-18,52.57,53.03,0.004150949356419239,-0.0024013218803033837,0.002381520534976412,0.22457528123963208,-0.008712176317682015,52.419,52.4495,51.76333333333333,2,18,3,52.49915402216365,51.556535996442165,45.6824512534819,0.6720466829840817,0.8058456256649782,53.34863350100211,51.55036649899789,0.01021364495210361,0.010214458300510057,0.013549183714729946,158617308.0,0.2680358364262906,0.0,0.0,-1,0.0,0,19.9685352622062,-0.1076518612777936,0.0015085800490288194,0.3196541370709604,0.1546242879871071,0.16214949864233444,-0.00435606060606053,0.0057394298832982305,-0.17465543599649355,0.013125356667300834,0.0
2026-03-19,51.12,52.57,-0.013649501014179385,-0.009815103332659173,-0.033868742738523985,-0.1547039754555427,-0.027969804762077423,52.318999999999996,52.397000000000006,51.906666666666666,3,19,3,52.248398745406625,51.52837238376848,42.70833333333329,0.5169069031046973,0.748057881152922,53.47054994000139,51.32345005999862,0.013586750646601588,0.011973174488930849,0.013498323619709214,156100363.0,-2.3790230010135622,0.0,0.0,-1,0.0,0,19.9685352622062,-0.07711607772324364,-0.003424006087121927,-0.29113320304767326,0.23944225998745716,0.1900682526101634,-0.01937464032227132,-0.020126509488211708,-1.1648245913983466,0.037558685446009425,0.0
2026-03-20,48.11,51.12,-0.03417144743831054,-0.03768926123494869,-0.05919847389466366,1.120334467530563,-0.06068575435791702,51.979,52.205999999999996,51.90466666666667,4,20,3,51.49596260987815,51.30783222997697,26.12163509471584,0.1493540054430298,0.6283171060109436,54.40193308305513,50.010066916944865,0.022593254178045814,0.017650695063787837,0.016808300474442733,148383713.0,-3.730532621059076,0.0,0.0,-1,0.0,0,19.9685352622062,-0.041720784968953054,-0.00958528951486688,3.5908832275905125,0.45013553003673307,0.2801960976373078,-0.07764570552147232,-0.07356056229539765,-0.978193506503269,0.06007067137809188,0.0
2026-03-23,48.07,48.11,-0.026417385745783048,-0.028570517858092313,0.0016694494695409857,-0.8969068820151371,-0.0008317738054929898,51.56699999999999,51.974000000000004,51.88133333333333,0,23,3,50.87306031717303,51.09893982804297,27.46331236897275,-0.14350771216020064,0.4739521423767148,54.82766172892845,49.12033827107156,0.021644710220205036,0.017115436185897344,0.01664569040318835,145236638.0,-2.73613369126688,0.0,0.0,-1,0.0,0,19.9685352622062,-0.03034316642115398,0.024942839326543398,0.05526478621428242,0.41497720909661856,0.2716991263696814,-0.08785578747628087,-0.08802883703282116,-1.155270815940893,0.02870813397129192,0.0
2026-03-24,48.25,48.07,-0.03445415574893545,-0.015523187527184281,-0.015761595601118093,-0.21771239682010352,0.0037375458791256543,51.094,51.7615,51.843666666666664,1,24,3,50.3961402595052,50.91513725849181,30.368763557483717,-0.35696338592729404,0.30776903671591305,55.05005927501029,48.472940724989705,0.02056613633742135,0.017213578798601685,0.01648850435953359,147768009.0,-2.135585650946799,0.0,0.0,-1,0.0,0,19.9685352622062,-0.028757778743274846,-0.008945288121489488,-0.4240318415162232,0.4060155189200551,0.2732570920470843,-0.09013765792947392,-0.080952380952381,-1.2341418325181155,0.028393782383419636,0.0
2026-03-25,47.94,48.25,0.018921450250234586,0.006360953016527812,0.01179209284367522,-0.186118243083487,-0.006445598778756732,50.608000000000004,51.5125,51.75933333333333,2,25,3,49.94956930323153,50.72319291923428,27.47844827586205,-0.5448621230846626,0.13724280475579792,55.16565076698308,47.85934923301693,0.02049482756641435,0.016981965734235212,0.01594695846208252,145666527.0,-1.9558459137728548,2000.0,97100.0,1,0.0,0,19.9685352622062,-0.035794466246224434,0.0062176165803108216,-0.7913485375642204,0.40972299160071635,0.2695803486348406,-0.08807304546319195,-0.0941043083900227,-1.2686250161105064,0.023362536503963235,0.0
2026-03-26,47.41,47.94,-0.01871156463712279,-0.017122646282231275,-0.010839358954851054,-0.5339503750108576,-0.011117052092211348,50.136,51.2235,51.622,3,26,3,49.4878294299167,50.5094385373482,27.717391304347814,-0.7281461807084213,-0.03583499233704593,55.216579671525636,47.230420328474366,0.020472322148764394,0.016870613637315762,0.015447261203141856,144434461.0,-1.9100545512246105,0.0,0.0,-1,0.0,0,19.9685352622062,-0.015886534299272694,-0.006049228201919048,-1.37396441148582,0.4020878774864865,0.26781268889635407,-0.07257433489827858,-0.10866704267719496,-1.96822130683526,0.016979540181396326,0.0
2026-03-27,47.13,47.41,-0.0039953790925935624,-0.006261761223976334,-0.00349780419155623,0.03364963950267542,-0.005923435978387377,49.632999999999996,50.967999999999996,51.46966666666666,4,27,3,49.05913316993185,50.29141024461606,21.25,-0.8857830215166871,-0.2058245981729742,55.324607081566036,46.61139291843396,0.020227776226413058,0.016623210183801664,0.015416278312797392,143160231.0,-1.7619215725189399,0.0,0.0,-1,0.0,0,19.9685352622062,-0.006785699492107928,0.0010546298249315392,-1.230256466641705,0.09024256156231786,0.26388528082737306,-0.02036998545001034,-0.09781776416539045,0.364281295078666,0.014215998302567251,0.0
2026-03-30,46.93,47.13,0.00567288001018752,-0.0006283380665414447,-0.008637750319573985,0.4355427261162062,-0.004252611129313244,49.056,50.6695,51.30733333333333,0,30,3,48.672018048126056,50.074545067544065,13.154689403166856,-1.0151476914204096,-0.3676892168224613,55.27946392268038,46.05953607731962,0.019099135633823164,0.016101139297007412,0.015389842461121342,141190524.0,-1.6223554295521412,0.0,0.0,-1,0.0,0,19.9685352622062,-0.00813930159567889,0.01273074474856767,-0.6541651046463188,0.0856011791128177,0.2555976624281458,-0.02371541501976282,-0.1128544423440454,0.9714572463663018,0.022267206477732678,0.0
2026-03-31,47.16,46.93,-0.012438233509820094,0.003242171955777497,0.00021417862579202278,0.3079584859852742,0.00488894586284386,48.469,50.409,51.11266666666667,1,31,3,48.397105675739496,49.88650990189606,15.859564164648873,-1.0865855645196731,-0.5114684863619037,55.19963955734668,45.61836044265332,0.018963992509489346,0.016242496970565963,0.014655864666859994,143870595.0,-1.3563950955222681,0.0,0.0,-1,0.0,0,19.9685352622062,-0.00604896012036838,0.004474749627104216,-0.12708404015301095,0.09293322760039786,0.25784164592902525,-0.02259067357512956,-0.09948443765514614,1.1589036763887792,0.02523324851569122,0.0
2026-04-01,47.52,47.16,0.009080412936205018,-0.0013583409434039454,0.006455188469280577,-0.4670500885322626,0.007604599385219433,47.964,50.1915,50.95433333333334,2,1,4,48.23763191651413,49.73383184370922,21.006289308176108,-1.1014547179220031,-0.6294657326739236,55.09647609844427,45.286523901555725,0.019911081324183587,0.01644778554197537,0.014673540024940434,145550594.0,-1.089301944140899,0.0,0.0,-1,0.0,0,19.9685352622062,-0.012341332424004313,0.008693808312129002,-0.8305871167928582,0.12356825700940449,0.26110050097074333,-0.008760951188986121,-0.08386350491613637,0.1906547814112064,0.01731060606060609,0.0
2026-04-02,48.09,47.52,-0.005269271334004083,0.014738201386946164,0.0035598110708547643,0.19893390569739441,0.011923580235181686,47.661,49.989999999999995,50.818333333333335,3,2,4,48.2107897498752,49.62777817637314,26.03062426383987,-1.0550820635458038,-0.7145889988482996,54.892510635002196,45.08748936499779,0.019931397736305933,0.01673155992830932,0.014928657907477,147600363.0,-0.7751130559247171,0.0,0.0,-1,0.0,0,19.9685352622062,-0.017464746547088402,-0.0042087542087542685,-0.5070358456974298,0.12237301024725687,0.26560527969888087,0.014342965619067893,-0.0773215656178049,-0.14905648235072252,0.02838427947598257,0.0
2026-04-06,47.14,48.09,0.0031648934530406816,-0.013379860443542297,-0.0067010834173853095,0.0687842733833579,-0.01995235778158631,47.564,49.771499999999996,50.65866666666667,0,6,4,48.01610070444334,49.46727635854262,18.764044943820224,-1.0825099603901336,-0.7881731911566665,54.777215785610466,44.76578421438953,0.00947364898030285,0.017024006076536615,0.015251548297485379,145404640.0,-1.0513980867889299,0.0,0.0,-1,0.0,0,19.9685352622062,0.005356196164381276,-0.012892493241838313,-0.39233264595384926,0.199912669103886,0.27024771837940986,0.00021217907914272693,-0.08483789555426124,-1.1890478323283171,0.02195587611370379,0.0
2026-04-07,47.6,47.14,-0.009312236606269996,-0.003451705743867202,0.0012798636559353742,0.10164363131762813,0.00971086372938934,47.516999999999996,49.542,50.48833333333334,1,7,4,47.940446030908184,49.346806916056,19.933554817275777,-1.0549676008192819,-0.8415320730891896,54.501510162569055,44.58248983743095,0.010183331768354774,0.016854464633309113,0.015065016756106744,147835281.0,-0.7831418572974688,0.0,0.0,-1,0.0,0,19.9685352622062,0.006819550233422959,-0.0023334747560458087,-0.2082573153262148,0.20535794013631187,0.2675563314052162,0.014276582143618155,-0.08794788273615628,-2.011538354076071,0.017016806722689123,0.0
2026-04-08,48.4,47.6,0.032837834949491516,0.02820289191476936,0.02733559607716426,0.42801780863222455,0.016667052485211643,47.532,49.313,50.351666666666674,2,8,4,48.02400129801579,49.285722598891105,27.74813233724653,-0.9575487424567086,-0.8647354069626935,54.02066497041564,44.60533502958437,0.011590785986873946,0.016960415928094892,0.015503406876742298,151564403.0,-0.3878780693773097,0.0,0.0,-1,0.0,0,19.9685352622062,-0.0028817363018656217,0.021008403361344536,0.760843709314739,0.22870883865373132,0.269238256067747,0.026293469041560602,-0.08644771611929025,-1.9188660020492156,0.018078512396694217,0.0
2026-04-09,49.11,48.4,-0.005571045049455472,0.019568911726962332,-0.0012453301733963897,-0.4957918448496665,0.014562866328567205,47.649,49.1285,50.224666666666664,3,9,4,48.22145560746746,49.27438565702717,38.354577056778695,-0.8136730130563308,-0.854522928181421,53.54071402830522,44.71628597169479,0.0121238130724694,0.017487909177672397,0.01570695742150477,153835768.0,-0.008385812601710601,0.0,0.0,-1,0.0300835,2,19.9685352622062,-0.010288190317135548,-0.0014462809917355432,-0.31087066940544084,0.2385000910142936,0.2776119518076314,0.0334595959595958,-0.06988636363636358,-2.0622556141610717,0.03879047037263289,0.0300835
2026-04-10,49.23,49.11,0.015806548943482268,-0.004505188578133815,0.01668249995993606,0.09656634391759966,0.0024405137189560232,47.831,48.98350000000001,50.092666666666666,4,10,4,48.40482731520065,49.27152206625122,59.75609756097558,-0.6821045867391575,-0.8200392598929682,53.16496423611266,44.80203576388735,0.011162636626894736,0.017395024215281014,0.015670828472030666,156337410.0,0.11790128341700325,0.0,0.0,-1,0.302916,1,19.9685352622062,0.0033021616906377927,-0.00020362451639173307,-0.12396344290473457,0.2347377500739771,0.2761374487414803,0.023705552089831494,-0.05563015538077898,-1.5416782657627817,0.017672151127361313,0.27283250000000003
2026-04-13,48.13,49.23,0.005281344796657453,-0.00947683269618083,-0.02827592450080213,-0.3116706088953244,-0.022597510455091143,47.931,48.782,49.95566666666666,0,13,4,48.354858712436894,49.19787548133179,50.441176470588246,-0.6589999269551683,-0.7878313933054083,52.69898917671735,44.865010823282645,0.013681797387584071,0.017914360264169434,0.01584325339838527,154505651.0,-0.3329087575097186,0.0,0.0,-1,0.0,0,19.9685352622062,0.013044195125280026,0.002640666260410371,-0.5750278818625161,0.25188543702457833,0.2843816529348581,0.02100127280441244,-0.07726226993865015,-1.6257009591562546,0.03667151464782881,-0.302916
2026-04-14,48.82,48.13,-0.027731057054283453,-0.006912001497165769,0.0015745555134657988,-0.01080797286964498,0.014234381649795905,48.12,48.588,49.81966666666667,1,14,4,48.43942985563018,49.173496418020065,53.89876880984953,-0.5783452798086799,-0.7459341706060627,52.04529800186198,45.13070199813802,0.013970096124666861,0.018101816065943393,0.015902643544837034,156317719.0,0.13420885319984124,0.0,0.0,-1,0.0,0,19.9685352622062,0.005849761975534177,-0.002493247454809984,-0.5433461283228529,0.26013491807996747,0.2873574215347188,0.025630252100840245,-0.07362428842504753,-1.674628241746175,0.027652601392871803,0.0
2026-04-15,49.48,48.82,0.01283130187284561,0.012971401980053941,0.014577517618157424,0.20452744238119447,0.013428482559473003,48.352,48.4105,49.723333333333336,2,15,4,48.628624427333776,49.193270842663935,60.05221932114884,-0.45591391489551825,-0.6879301194639539,51.20939056968066,45.61160943031934,0.014290941951620301,0.01838169057464564,0.01610071993668846,158541027.0,0.7642313790939127,0.0,0.0,-1,0.0,0,19.9685352622062,0.002564064232032771,-0.003891847603441166,-0.23487127612917558,0.2517927250148361,0.291800291624714,0.022314049586776852,-0.06694323967565541,-1.7427394866278991,0.026071139854486645,0.0
2026-04-16,50.58,49.48,0.01550735013683906,0.023188579434389983,0.019044294213752515,0.026071411853921166,0.021987693717531894,48.658,48.311,49.68033333333334,3,16,4,48.98341998600036,49.28273723991143,69.25880923450794,-0.2670470174291282,-0.6037534990569888,50.57828588033195,46.04371411966805,0.015309709491612204,0.019187040350720073,0.01660826946553061,160823062.0,2.0015120454662716,0.0,0.0,-1,-0.1320585,2,19.9685352622062,-0.007518911652218298,-0.0018189167340338785,-0.16761002007553655,0.27558503055685935,0.304584822980201,0.029932803909590744,-0.03785428951873693,-1.4072240675571688,0.030150257018584533,-0.1320585
2026-04-17,49.59,50.58,0.02834521105310709,0.004710971515651848,-0.0012177797323915927,0.14912519151491574,-0.019767040740776468,48.80800000000001,48.234500000000004,49.596,4,17,4,49.09370726127302,49.30256064378811,63.75838926174499,-0.1950054650844777,-0.5220038922624867,50.18364799200359,46.285352007996416,0.017162551996604103,0.018696805107939272,0.016922669348668918,158174034.0,1.3908641165893634,0.0,0.0,-1,0.0,0,19.9685352622062,0.011187160536633932,0.004547251878212811,0.09867921122791543,0.33218413436655037,0.2968025797622968,0.007312614259597838,-0.029929577464788637,-0.4936782530803643,0.03680177455132074,0.1320585
2026-04-20,50.225,49.59,-0.020078201575033407,-0.011324034159237883,0.003041673236280758,-0.488085144406827,0.012723710199955463,49.116499999999995,48.34025,49.55316666666667,0,20,4,49.29939685013247,49.362072860317916,67.57333333333337,-0.08568509826078241,-0.43474013346214585,50.481033120359406,46.19946687964059,0.015310505621181709,0.013129441843452824,0.01700530070010083,159800009.0,1.760804242219154,0.0,0.0,-1,0.0,0,19.9685352622062,0.002055624309269514,0.0042347247428915855,-0.985301507391654,0.25772100170415124,0.20842342782516962,0.04352794514855596,0.04396175431303262,-1.9131754552818547,0.02190144350423099,0.0
2026-04-21,49.525,50.225,0.007202912294058016,-0.006557400546159164,-0.008335923028511832,0.4109089370603142,-0.014035318116383593,49.309000000000005,48.413,49.46433333333333,1,21,4,49.34041560465383,49.37258428868451,62.01117318435756,-0.05489922569793748,-0.3587719519093042,50.61318037537953,46.212819624620465,0.016529352053224627,0.013608874075953799,0.01696210953730836,157347733.0,1.0108262144717857,0.0,0.0,-1,0.0,0,19.9685352622062,0.019063313005954617,-0.0012941762070682893,0.4973921778663766,0.29411109050219075,0.2160341785714061,0.01444080294961081,0.030268358643644744,-0.4703264249276384,0.023826350328117106,0.0
2026-04-22,47.77,49.525,-0.011731221918805467,-0.004796172263492944,-0.03152480051640409,-0.183634505554283,-0.03607976518274408,49.245999999999995,48.388999999999996,49.29066666666666,2,22,4,49.054885494716764,49.26919175393067,51.112099644128115,-0.17015360787009115,-0.3210482831014616,50.60706601391842,46.17093398608157,0.019964613080041153,0.015907021942338062,0.017736380917111758,155306851.0,-0.558143893027305,0.0,0.0,-1,0.0,0,19.9685352622062,0.03717783942003355,0.0010095911155982688,-0.20164058435429497,0.37744226083194204,0.25251614495444485,-0.034559417946644966,-0.009948186528497382,0.18446343206977642,0.051496755285744204,0.0
2026-04-23,50.58,47.77,-0.025641120779300194,0.016292830109963696,0.008915051965965148,0.20474138405754835,0.057158413839948415,49.393,48.521,49.21666666666667,3,23,4,49.332179041131894,49.353760027870635,59.23590504451038,-0.034354008627538235,-0.2637094282066769,50.93235602819896,46.10964397180104,0.02735974220253851,0.02060037287808464,0.02105151295414678,157811437.0,1.7077527962868777,0.0,0.0,-1,0.0,0,19.9685352622062,0.0019322421323684261,0.011513502198032178,0.5998073059463769,0.5862747083767627,0.3270207813036712,0.0,0.05506883604505641,1.1758532444633194,0.056445235270858124,0.0
