date,close,YesterdayClose,YesterdayOpenLogR,YesterdayHighLogR,YesterdayLowLogR,YesterdayVolumeLogR,YesterdayCloseLogR,MA10,MA20,MA30,DayOfWeek,DayOfMonth,MonthNumber,EMA10,EMA30,RSI,MACD,MACD_Signal,BollingerUpper,BollingerLower,Volatility_10,Volatility_20,Volatility_30,OBV,ZScore,insider_shares,insider_amount,insider_buy_flag,sentiment,num_articles,fear_greed,fear_greed_correlation,overnight_gap,abnormal_vol,volatility_5d,volatility_20d,momentum_5d,momentum_20d,skew_5d,intraday_range,sentiment_change
2021-11-04,9.75,9.75,0.0,0.0,0.0,-3.667826044916104,0.0,9.761999999999999,9.761,9.742833333333333,3,4,11,9.759479568134887,9.740352608705411,59.09090909090909,0.01357396931020105,0.015098189033123616,9.850419178444502,9.671580821555496,0.0030666277975577583,0.004383252064078424,0.003640005164558445,1978923.0,-0.24603223137028318,0.0,0.0,-1,0.0,0,72.0,0.013822662564829204,0.0,-0.5969868532792172,0.05086837961920006,0.06958196937157238,-0.0030674846625766694,0.0030864197530864335,0.6115909306448114,0.0,0.0
2021-11-05,9.75,9.75,-0.0020533888118420846,0.0,-0.0020533888118420846,2.448767603172127,0.0,9.766,9.757,9.744833333333334,4,5,11,9.75775601029218,9.740975021046998,59.09090909090909,0.011934105609389789,0.014465372348376852,9.840376129361909,9.67362387063809,0.0030666277975577583,0.003511367294712795,0.003633060123084396,1978923.0,-0.16791376749129058,0.0,0.0,-1,0.0,0,73.0,0.013556899447167021,-0.0020512820512820075,-0.5442836618277344,0.04595714763969416,0.05574122774169422,0.0,-0.008138351983723258,0.00868500690143101,0.0020512820512820075,0.0
2021-11-08,9.75,9.75,0.0010272214565300948,0.0,0.0010272214565300948,3.0300177515205413,0.0,9.764,9.753,9.746833333333335,0,8,11,9.756345826602692,9.741557277753643,57.14285714285714,0.010513310908075724,0.013674960060316627,9.828977836103384,9.677022163896616,0.0023038844451685222,0.003511367294712795,0.003633060123084396,1978923.0,-0.07897039857565875,0.0,0.0,-1,0.0,0,74.0,0.0012714966836751397,-0.0010256410256410037,0.4753872837046451,0.029006315586187652,0.05574122774169422,-0.004085801838610736,-0.008138351983723258,-2.236067977499776,0.0010256410256410037,0.0
2021-11-09,9.73,9.75,0.002051282770557361,0.003061974035819641,-0.0010272214565300254,-0.9305775233340163,-0.0020533888118420846,9.76,9.748,9.748166666666666,1,9,11,9.751555676311293,9.740811646930826,52.17391304347826,0.007684901259946031,0.012476948300242508,9.815309184483207,9.680690815516792,0.0023740993750057666,0.0035289025449131892,0.0036564188871908805,1973822.0,-0.5348452856233857,0.0,0.0,-1,0.0,0,77.0,-0.02974493598830294,0.0010256410256410037,-0.23391127451601612,0.029021247802108834,0.05601959120893945,-0.006128702757916105,-0.010172939979654072,-1.2524200058303814,0.005128468653648424,0.0
2021-11-10,9.72,9.73,-0.004106781952653359,-0.006143640573227754,-0.0010282777255659324,-2.891744980279689,-0.0010282777255659324,9.756,9.742500000000001,9.748666666666669,2,10,11,9.74581828061833,9.739468960032063,52.17391304347826,0.004583612774830215,0.01089828119516005,9.798648299875884,9.686351700124119,0.0023742210347313165,0.0035286419391996147,0.0036525482741994854,1973539.0,-0.801449021599516,0.0,0.0,-1,0.0,0,73.0,-0.032356393730265144,-0.0010277492291880562,-0.6616896773306629,0.014566406826239392,0.056015454221489284,-0.003076923076922977,-0.011190233977619424,-1.2550968663383464,0.0,0.0
2021-11-11,9.73,9.72,0.0010282777255660649,0.0030816665374081144,-0.001029336169114132,4.210267473421207,0.0010282777255660649,9.751000000000001,9.743500000000001,9.749333333333333,3,11,11,9.742942229596816,9.738858059384834,54.166666666666664,0.002899314243475004,0.009298487804823041,9.797896207298173,9.689103792701829,0.002276810010833774,0.0022311610912883724,0.0036559675823069674,1992606.0,-0.4963581348971807,0.0,0.0,-1,0.0,0,72.0,-0.028305692173465298,0.0010288065843621179,0.9133342710736944,0.01858366140794538,0.03541858429483508,-0.002051282051282022,0.002059732234809486,-0.3999316659288225,0.004110996916752225,0.0
2021-11-12,9.73,9.73,-0.0010282777255659324,-0.001026167355312006,0.0010293361691140592,0.40973910346699416,0.0,9.749,9.744499999999999,9.750333333333334,4,12,11,9.740589096942848,9.738286571682586,38.888888888888886,0.0015466665138532676,0.007748123546629087,9.79700563879497,9.691994361205028,0.0020932107568618435,0.0022311610912883724,0.003650065206001946,1992606.0,-0.5523216299346221,0.0,0.0,-1,0.0,0,74.0,-0.028953384171837127,-0.0010277492291880562,1.5395696893842008,0.01858366140794538,0.03541858429483508,-0.002051282051282022,0.002059732234809486,-0.3999316659288225,0.0020554984583761125,0.0
2021-11-15,9.74,9.73,0.0,0.0,0.0,-1.818468178158698,0.0010272214565300948,9.744,9.746,9.751333333333333,0,15,11,9.740481988407785,9.738397115445,42.10526315789474,0.0012669947426253714,0.006451897785828344,9.796010525208038,9.695989474791963,0.0015442749093023682,0.00224042566061712,0.0036500375790811767,1997267.0,-0.23994948963407153,0.0,0.0,-1,0.0,0,71.0,-0.022583189899425652,-0.0010277492291880562,-0.45654516700835346,0.02125294679023682,0.035565654773522984,-0.0010256410256409554,0.003089598352214118,-0.5384590942116569,0.0020533880903490323,0.0
2021-11-16,9.77,9.74,0.0051308475823436134,0.003075348400247492,0.0051308475823436134,-0.5737682415099994,0.003075348400247492,9.742,9.7485,9.753333333333332,1,16,11,9.745848899606369,9.740436011222743,52.38095238095237,0.003426602389183131,0.005846838706499302,9.798034676848964,9.698965323151036,0.001919145152848994,0.0023276877788753177,0.0036899583164731803,1999893.0,0.8680787427181682,0.0,0.0,-1,0.0,0,72.0,-0.01210618675362571,0.003080082135523548,-0.5518505909276049,0.024181013916057346,0.03695089795625038,0.004110996916752319,0.005144032921810648,0.5485395037853097,0.0,0.0
2021-11-17,9.74,9.77,-0.004102569856777578,-0.0030753484002475373,-0.010288156589488331,3.7296587973057482,-0.0030753484002475373,9.741000000000001,9.7495,9.753333333333334,2,17,11,9.744785463314301,9.740407881466437,40.90909090909091,0.002686390689031981,0.005214749103005838,9.797392423310283,9.701607576689716,0.0017059294448521398,0.0024440395030745467,0.003695698340076857,1890481.0,-0.3967224601875355,0.0,0.0,-1,0.0,0,69.0,-0.025069432244838354,-0.004094165813715368,3.780201924140187,0.03565291214573836,0.038797924317318794,0.002057613168724215,0.002057613168724215,-0.8430221163001836,0.007186858316221795,0.0
2021-11-18,9.74,9.74,0.0010272214565300948,0.0,0.007212808189240784,-8.384000027300289,0.0,9.74,9.751000000000001,9.754,3,18,11,9.743915379075336,9.74038156653312,47.368421052631575,0.002075838608412539,0.0045869670040871785,9.79543801123037,9.706561988769632,0.0017059294448521398,0.002429691056259589,0.0036751886230251946,1890481.0,-0.4950716602944494,0.0,0.0,-1,0.0,0,70.0,-0.02493209423853597,0.0,-0.5568223375616155,0.035279954221083584,0.03857014978548431,0.0010277492291881352,0.003089598352214118,-0.4170013995174453,0.0,0.0
2021-11-19,9.73,9.74,-0.004115232145106655,-0.0010272214565300254,-0.004115232145106655,3.8312466954008584,-0.0010272214565300254,9.738000000000001,9.751999999999999,9.750666666666667,4,19,11,9.741385310152546,9.739711788047112,31.25,0.0007761087605349104,0.003824795355376725,9.793345781939825,9.710654218060172,0.0017298823398375811,0.002443987940157913,0.0030026414305867836,1889328.0,-1.0641956188912602,0.0,0.0,-1,0.0,0,62.0,-0.027156794986150305,-0.004106776180698247,-0.5136984628526235,0.03639556536796728,0.03879710578139308,0.0,0.002059732234809486,0.0048078818905866695,0.003083247687564351,0.0
2021-11-22,9.73,9.73,0.002059732963010784,0.0,0.002059732963010784,4.5449910416881,0.0,9.736,9.75,9.747333333333332,0,22,11,9.739315253761173,9.73908522107633,31.25,-0.00025104264461717207,0.003009627755377946,9.791548956538989,9.708451043461011,0.0017298823398375811,0.0019828660638550625,0.0030026414305867836,1889328.0,-0.9627197246810364,0.0,0.0,-1,0.0,0,60.0,-0.02717695258939537,-0.0010277492291880562,2.7992378237374886,0.03528534482743751,0.031477022928660094,-0.0010266940451745254,-0.004094165813715356,0.42836181639265514,0.0010277492291880562,0.0
2021-11-23,9.74,9.73,0.0,0.0010272214565300948,0.0,-2.298045186471152,0.0010272214565300948,9.737,9.7485,9.744333333333334,1,23,11,9.739439753077324,9.739144239071406,46.15384615384615,-0.00025520921395560947,0.002356660361511235,9.78916551623343,9.70783448376657,0.0016360171996140256,0.0020016389704229287,0.0030124588711480057,1900234.0,-0.4180446130922248,0.0,0.0,-1,0.0,0,60.0,0.0031466727009648752,-0.0010277492291880562,-0.21990188053839546,0.02466258468539548,0.03177503358164665,-0.003070624360286489,-0.003070624360286489,-1.1123190944718084,0.0020533880903490323,0.0
2021-11-24,9.74,9.74,0.0020554991820959595,0.0,0.0020554991820959595,-9.297068375486006,0.0,9.739,9.747499999999999,9.741333333333333,2,24,11,9.739541616154174,9.739199449453897,46.15384615384615,-0.0002555652530205066,0.0018342152386048867,9.787957905349487,9.707042094650511,0.0015886207574505344,0.00199123669690769,0.0030124588711480057,1900234.0,-0.3707557242626042,0.0,0.0,-1,0.0,0,56.0,0.003619658373851612,0.0,-0.5531153732621705,0.011530535192353492,0.031609902608900675,0.0,-0.002049180327868827,0.002179065102819573,0.0,0.0
2021-11-26,9.74,9.74,-0.002055499182095999,0.0,-0.002055499182095999,9.601976972147813,0.0,9.74,9.7455,9.742333333333333,4,26,11,9.739624958671596,9.739251097876227,46.15384615384615,-0.00025293177647078835,0.0014167858355897517,9.783042957851178,9.707957042148822,0.0015625647970547247,0.0019264604530340136,0.0020048046483240618,1900234.0,-0.29299769196672926,0.0,0.0,-1,0.0,0,31.0,0.003619658373851612,-0.0020533880903490323,-0.10832198630315111,0.011530535192353492,0.030581611615972962,0.0,-0.004089979550102152,0.002179065102819573,0.0020533880903490323,0.0
2021-11-29,9.74,9.74,0.0020554991820959595,0.0,0.0020554991820959595,-6.167989767662667,0.0,9.741,9.745,9.743333333333334,0,29,11,9.739693148004033,9.739299414142279,46.15384615384615,-0.0002479860979605064,0.0010838314488797003,9.782556974263033,9.707443025736966,0.0015625647970547247,0.001804672805538728,0.0020048046483240618,1900234.0,-0.2662621309683251,0.0,0.0,-1,0.0,0,38.0,-0.013625450762291427,0.0,-0.5302077141327493,0.007296295724276116,0.028648292647780217,0.0010277492291881352,-0.0010256410256409554,2.2360679775007015,0.0,0.0
2021-11-30,9.74,9.74,0.0,0.0,0.0,1.3535045382968998,0.0,9.741,9.7425,9.744333333333335,1,30,11,9.739748939276026,9.739344613229875,54.54545454545455,-0.00024128522621680304,0.0008188081138603997,9.773534785237558,9.711465214762441,0.0015284704777368556,0.0015182948132703073,0.0020048046483240618,1900234.0,-0.16110954084991813,0.0,0.0,-1,0.0,0,24.0,-0.01335600288153537,0.0,-0.48735208452245105,0.007296295724276116,0.0241021829567549,0.0010277492291881352,-0.005107252298263476,2.2360679775007015,0.0,0.0
2021-12-01,9.74,9.74,-0.0010272214565300254,0.0,-0.0010272214565300254,4.261622980694915,0.0,9.738000000000001,9.74,9.745,2,1,12,9.739794586680384,9.739386896247304,60.0,-0.00023328556628854358,0.0006083893778306111,9.761521103474063,9.718478896525937,0.001085094855540604,0.0015182948132703073,0.001997220793248869,1900234.0,0.0,0.0,0.0,-1,0.0,0,25.0,-0.013130760060307712,-0.0010266940451745161,-0.24487714315722894,0.0,0.0241021829567549,0.0,-0.005107252298263476,0.0,0.0010266940451745161,0.0
2021-12-02,9.74,9.74,0.0010272214565300948,0.0,0.0010272214565300948,-5.958072270118645,0.0,9.738,9.739500000000001,9.745666666666667,3,2,12,9.739831934556678,9.739426451328123,55.55555555555556,-0.00022435950148746997,0.0004418396019669949,9.760501253095551,9.718498746904451,0.0004842369747175533,0.0012215939470159825,0.001997220793248869,1900234.0,0.04761620630197183,0.0,0.0,-1,0.0,0,22.0,-0.012841612000343809,0.0,-0.5015415568923507,0.0,0.019392202721436623,0.0,-0.0010256410256409554,0.0,0.0,0.0
2021-12-03,9.74,9.74,0.0,0.0,0.0,0.4353180712578455,0.0,9.738,9.739,9.746666666666666,4,3,12,9.739862491910008,9.739463454468245,55.55555555555556,-0.0002148093424381159,0.00031050981308597273,9.759416711421471,9.71858328857853,0.0004842369747175533,0.0012215939470159825,0.001986498942754903,1900234.0,0.09795896894030419,0.0,0.0,-1,0.0,0,20.0,-0.013331775149678076,0.0,-0.5011348920570783,0.0,0.019392202721436623,0.0,-0.0010256410256409554,0.0,0.0,0.0
2021-12-06,9.75,9.74,-0.0010272214565300254,0.002563446674198548,-0.0010272214565300254,6.086841569598071,0.0010261673553119532,9.74,9.739,9.748,0,6,12,9.741705675199098,9.740143231599326,55.55555555555556,0.000592841743340955,0.0003669761991369692,9.759416711421471,9.71858328857853,0.00043311474278202075,0.001245176733887261,0.001993463965916072,1915195.0,1.077548658343868,0.0,0.0,-1,0.0,0,21.0,-0.015467961095026593,-0.0010266940451745161,-0.06589328423082622,0.007288804660902889,0.019766567857136076,0.0010266940451744144,0.0,2.236067977500706,0.0035897435897436045,0.0
2021-12-07,9.75,9.75,0.0020533888118420066,-0.001537279318886478,0.0020533888118420066,-6.617469820660241,0.0,9.742,9.739,9.747333333333334,1,7,12,9.743213734253807,9.740779152141306,33.33333333333333,0.0012188607792840145,0.0005373531151663783,9.759416711421471,9.71858328857853,0.00043311474278202075,0.001245176733887261,0.0016348065235354885,1915195.0,1.077548658343868,0.0,0.0,-1,0.0,0,37.0,-0.015347761351618675,0.0,-0.5036227482057005,0.007288804660902889,0.019766567857136076,0.0010266940451744144,0.0,2.236067977500706,0.0,0.0
2021-12-08,9.76,9.75,0.0010251154152453505,0.0010251154152453505,0.0010251154152453505,3.1548704948922883,0.0010251154152453505,9.744,9.7405,9.746999999999998,2,8,12,9.746265782571296,9.742019206841867,75.0,0.0024931621803272463,0.000928514928198552,9.762480852912054,9.718519147087948,0.0004326702942304156,0.0011658543912738783,0.0016469356449579778,1915664.0,1.7742714605315326,0.0,0.0,-1,0.0,0,41.0,-0.014825636707715577,0.0010256410256410037,-0.481270285233483,0.008922350173557685,0.018507364705339643,0.002053388090349051,0.0030832476875641834,0.6085826220965445,0.0,0.0
2021-12-09,9.75,9.76,-0.001025115415245297,-0.001025115415245297,-0.0024620447397749276,1.1197101176327455,-0.001025115415245297,9.745000000000001,9.742,9.746666666666666,3,9,12,9.746944731194697,9.742534096723038,60.0,0.002665413566557362,0.001275894655870314,9.762104987598116,9.721895012401886,0.0005821606518005891,0.0011656859765929147,0.0016469574095337987,1914227.0,0.7958224257496269,0.0,0.0,-1,0.0,0,36.0,-0.012447763816584256,-0.0010245901639344044,-0.4538509713210152,0.013620136396323835,0.01850469120516187,0.0010266940451744144,0.0030864197530864335,-0.5103641238941988,0.0014358974358973688,0.0
2021-12-10,9.75,9.75,-0.0020533888118420846,0.0,-0.0006164594873123687,2.9721437832769033,0.0,9.745999999999999,9.743,9.745666666666667,4,10,12,9.747500234613842,9.743015767902197,75.0,0.0027699932729579047,0.001574714379287832,9.762574419397302,9.723425580602699,0.0005821606518005891,0.0011476448069658246,0.0015994375582980595,1914227.0,0.7152191702773588,0.0,0.0,-1,0.0,0,42.0,-0.012320161357256842,-0.0020512820512820075,0.34582182591890875,0.013620136396323835,0.0182182965159978,0.0010266940451744144,0.0020554984583760483,-0.5103641238941988,0.0020512820512820075,0.0
2021-12-13,9.79,9.75,0.006147560344505219,0.004094171532663147,0.006147560344505219,-3.757821433720676,0.004094171532663147,9.751000000000001,9.746,9.747000000000002,0,13,12,9.75522746468405,9.7460470086827,87.5,0.006011245256344111,0.0024620205546990884,9.773834094957623,9.718165905042378,0.0013886384355553192,0.0014539704515663214,0.0016748282724214447,1914882.0,3.161590133754117,0.0,0.0,-1,0.0,0,35.0,-0.019955710521838258,0.004102564102564015,-0.44639679314863784,0.03131427807604752,0.02308106537088462,0.004102564102564044,0.006166495375128367,1.5180912294520623,0.0,0.0
2021-12-14,9.81,9.79,0.0,0.0020408170348527664,0.0,2.981277154874478,0.0020408170348527664,9.758000000000001,9.749500000000001,9.747666666666667,1,14,12,9.765186107468768,9.750173008122527,88.88888888888911,0.010077625069465412,0.003985141457652353,9.789222723180153,9.70977727681985,0.0014535323829079916,0.0014974718501725068,0.0015437889217136684,1927794.0,3.046115429982823,0.0,0.0,-1,0.0,0,31.0,-0.023556036459805318,0.0,-0.08618017990795789,0.031299632139439336,0.02377162866525737,0.006153846153846176,0.007186858316221789,0.5948574662687988,0.0020387359836902498,0.0
2021-12-15,9.81,9.81,0.0020408170348527664,0.0,0.0020408170348527664,-2.857911765213643,0.0,9.764999999999999,9.7515,9.748333333333333,2,15,12,9.773334087928992,9.754032814050106,88.88888888888911,0.013148690449323652,0.005817851255986613,9.798861987867296,9.704138012132704,0.0014535323829079916,0.0013544742870800924,0.0015437889217136684,1927794.0,2.470335500440235,0.0,0.0,-1,0.0,0,37.0,-0.023487149385164333,0.0,-0.454113821861298,0.03254234379988674,0.02150161272507259,0.0051229508196721785,0.004094165813715467,0.942242636289806,0.0,0.0
2021-12-16,9.79,9.81,-0.004085807522580405,-0.002040817034852787,-0.004085807522580405,-0.014956091153650104,-0.002040817034852787,9.77,9.754000000000001,9.749666666666664,3,16,12,9.776364253760084,9.756353277659777,72.727272727272,0.013809511582271838,0.007416183321243658,9.804010525208042,9.70398947479196,0.0016891965119414057,0.0012377490635394135,0.0013915383410445545,1927064.0,1.4396969378041748,0.0,0.0,-1,0.0,0,33.0,-0.022195485779161476,-0.004077471967380318,-0.3887012887414457,0.03704910518761665,0.019648657245770237,0.004102564102564044,0.005133470225872516,0.4144808239799714,0.0020429009193053704,0.0
2021-12-17,9.78,9.79,-0.0020491810449355693,0.0020408170348527664,-0.007190580545354254,0.6133327573298155,-0.0010219724956930802,9.774000000000001,9.756,9.750666666666666,4,17,12,9.777025298530978,9.757878872649469,66.66666666666617,0.013372154788056534,0.008607377614606233,9.806845483161242,9.705154516838759,0.001753359023741408,0.0012695667306927365,0.0014074224598836615,1925716.0,0.9440366580406143,0.0,0.0,-1,0.0,0,32.0,-0.022204685314984308,-0.004085801838610741,-0.36647938016800524,0.03912711415810798,0.020153747053285764,0.003076923076922977,0.004106776180698102,0.6087754964297374,0.01124744376278131,0.0
2021-12-20,9.78,9.78,0.003072199036970059,-0.0030627895305458783,0.0082135985373888,-2.137473089252021,0.0,9.777000000000001,9.758500000000002,9.751666666666665,0,20,12,9.777566153343527,9.759306042155956,66.66666666666617,0.012877107102697849,0.009461323512224557,9.808877522138824,9.70812247786118,0.0017433512876898478,0.001237463413330735,0.0014074224598836615,1925716.0,0.8535552797039705,0.0,0.0,-1,0.0,0,29.0,-0.02059651590346443,0.0,-0.41290702824574416,0.02403071713524279,0.01964412268928553,-0.0010214504596527396,0.005138746145940232,0.5553104768820007,0.0,0.0
2021-12-21,9.78,9.78,0.0,0.0,0.0,-1.0615710169877606,0.0,9.780000000000001,9.761,9.752666666666666,1,21,12,9.77800867091743,9.76064113621041,66.66666666666617,0.01234250157026473,0.010037559123832591,9.810375041638945,9.711624958361053,0.0017433512876898478,0.001237463413330735,0.0014074224598836615,1925716.0,0.7696196041286201,0.0,0.0,-1,0.0,0,34.0,-0.0206090690814764,0.0,-0.6140835195251637,0.014477292774002896,0.01964412268928553,-0.003058103975535298,0.005138746145940232,-1.2551133503520084,0.0,0.0
2021-12-22,9.78,9.78,0.0,0.0,0.0,7.218390092122827,0.0,9.782,9.763000000000002,9.754333333333333,2,22,12,9.778370730750623,9.761890095164578,66.66666666666617,0.011782995793339524,0.010386646457733979,9.81203274952847,9.713967250471534,0.0017265708842253448,0.0012250512106330171,0.0013476954540142692,1925716.0,0.6934141023491843,0.0,0.0,-1,0.0,0,39.0,-0.02164258372287536,0.0,3.828550755612054,0.014477292774002896,0.019447085079921416,-0.003058103975535298,0.004106776180698102,-1.2551133503520084,0.0,0.0
2021-12-23,9.78,9.78,0.0,0.0,0.0,-7.929886411350969,0.0,9.785,9.765,9.756333333333334,3,23,12,9.778666961523236,9.763058476121703,66.66666666666617,0.011210357412064553,0.010551388648600096,9.813340894750398,9.716659105249603,0.0016750584548258802,0.0012250512106330171,0.0013290871839527845,1925716.0,0.6205925677399858,0.0,0.0,-1,0.0,0,50.0,-0.02584488842360006,0.0,-0.4557823926533755,0.007251578896548022,0.019447085079921416,-0.0010214504596527396,0.004106776180698102,-2.2360679774988608,0.0,0.0
2021-12-27,9.8,9.78,-0.0040983663922821365,0.004081638319648678,-0.0040983663922821365,5.924750822423404,0.002042901629800331,9.790000000000001,9.767999999999999,9.758666666666668,0,27,12,9.782545695791738,9.765441800242884,69.23076923076913,0.012229397342267134,0.010886990387333503,9.817246960900148,9.71875303909985,0.0017560783226191578,0.0012905737978987915,0.001363289063621392,1935819.0,1.2995725793063229,0.0,0.0,-1,0.0,0,56.0,-0.01722827909835702,-0.004089979550102162,0.1336319090174862,0.014517987197791293,0.020487223906898014,0.002044989775051187,0.006160164271047375,2.2360679774999057,0.008163265306122455,0.0
2021-12-28,9.8,9.8,0.006141268022082649,-0.0020387366898482057,0.006141268022082649,-7.1411461467478965,0.0,9.791,9.771,9.761,1,28,12,9.785719205647784,9.767671361517538,69.23076923076913,0.012888424098496998,0.011287277129566203,9.820375041638954,9.721624958361048,0.0012224572337953,0.0012905737978987915,0.001363289063621392,1935819.0,1.1746825536698462,0.0,0.0,-1,0.0,0,62.0,-0.01769714042281703,0.0,-0.44502848774185216,0.014517987197791293,0.020487223906898014,0.002044989775051187,0.006160164271047375,2.2360679774999057,0.0,0.0
2021-12-29,9.8,9.8,0.0,0.0,0.0,1.791759469228055,0.0,9.79,9.774000000000001,9.763,2,29,12,9.788315713711821,9.76975708012931,66.66666666666666,0.013257878974762605,0.011681397498605483,9.822731271706285,9.725268728293717,0.001015366721121599,0.0012905737978987915,0.0013556998710134375,1935819.0,1.0670766056223109,0.0,0.0,-1,0.0,0,64.0,-0.017992756611266026,0.0,-0.4424866557864516,0.014517987197791293,0.020487223906898014,0.002044989775051187,0.006160164271047375,2.2360679774999057,0.0,0.0
2021-12-30,9.8,9.8,0.0,0.0,0.0,-0.9267620317414506,0.0,9.789,9.777,9.764000000000001,3,30,12,9.79044012940058,9.771708236250001,72.72727272727244,0.013396250983518598,0.012024368195588107,9.824284135539212,9.729715864460786,0.001015366721121599,0.0012905737978987915,0.001242400953311294,1935819.0,0.9728421483322689,0.0,0.0,-1,0.0,0,63.0,-0.01829730146256255,0.0,-0.4177962263228255,0.014517987197791293,0.020487223906898014,0.002044989775051187,0.006160164271047375,2.2360679774999057,0.0,0.0
2021-12-31,9.79,9.8,-0.009226103373292691,-0.0010209291341073447,-0.01025650016718922,5.807984424699153,-0.0010209291341073447,9.789,9.779499999999999,9.765666666666668,4,31,12,9.7903601058732,9.772888350040324,66.66666666666568,0.012554277474899678,0.012130350051450422,9.82373620807969,9.735263791920307,0.000834437672316994,0.0013231456479354117,0.0011112822329741921,1929493.0,0.47472423409730535,0.0,0.0,-1,0.0,0,62.0,-0.022042345227226468,-0.00918367346938774,-0.07633854642852829,0.017771762370246153,0.021004285996527136,0.0010224948875254825,0.005133470225872516,1.296144506611018,0.009193054136874348,0.0
2022-01-03,9.73,9.79,0.003084835351210095,0.0020408170348527664,0.0030880106885767668,4.028755853409324,-0.006147560344505183,9.784,9.779,9.765333333333333,0,3,1,9.779385541168981,9.77012135971514,28.57142857142965,0.00696521814506923,0.011097323670174184,9.825294253366303,9.732705746633696,0.002112897121836213,0.0019479436766461316,0.001599806204275931,1574029.0,-2.116893412764952,0.0,0.0,-1,0.0,0,65.0,-0.04391324860641109,-0.005107252298263426,4.146315909930621,0.042284242858045655,0.03092264721819889,-0.0071428571428571175,-0.0010266940451745254,-2.092520857998517,0.008221993833504632,0.0
2022-01-04,9.77,9.73,0.003075348400247492,-0.002040817034852787,-0.0010282777255659324,-0.48925006798506143,0.004102569856777684,9.783,9.78,9.766666666666667,1,4,1,9.777679079138256,9.7701135300561,37.499999999999865,0.005697832993265095,0.010017425534792367,9.824485361282422,9.735514638717577,0.00257306301625688,0.0021493137227030683,0.0017570297399473944,1791959.0,-0.449586098065519,0.0,0.0,-1,0.0,0,64.0,-0.031079173507030516,0.004110996916752225,2.0172073986234524,0.058140858380907115,0.03411929759838456,-0.003061224489796066,0.0020512820512819108,-0.5330725904991208,0.007164790174001894,0.0
2022-01-05,9.78,9.77,0.0,-0.0010219724956930802,0.004106781952653281,-2.929726468004428,0.0010230179920344864,9.783000000000001,9.7815,9.768333333333334,2,5,1,9.778101064749482,9.770751366826675,41.17647058823505,0.00543765564648524,0.009101471557130942,9.823690046219538,9.739309953780461,0.0025976924317618146,0.0021588550463827504,0.0017641755740952485,1803599.0,-0.071106819470865,0.0,0.0,-1,0.0,0,51.0,-0.02603362652502178,0.0,-0.27184308022402254,0.059258106122073745,0.03427076141619342,-0.0020408163265307477,0.003076923076922977,-0.745055767331531,0.002044989775051081,0.0
2022-01-06,9.785,9.78,0.0,0.0005111168013137684,0.0010240656296901303,-1.9115419250738894,0.0005111168013137684,9.7835,9.782749999999998,9.769833333333334,3,6,1,9.779355416613212,9.771670633483017,48.38709677419388,0.005570705809020637,0.008395318407508881,9.823721748931831,9.741778251068165,0.002602652069173625,0.002150997014361138,0.001758049694818057,1805320.0,0.10983177719581178,0.0,0.0,-1,0.0,0,52.0,-0.020777151644133688,-0.0010224948875255406,-0.38261891726053787,0.05958733929183203,0.03414601902505201,-0.001530612244898033,0.0025614754098362003,-0.8635129810721384,0.001532958610117585,0.0
2022-01-07,9.82,9.785,0.0,0.003570521518334907,-0.0020491810449355693,1.2384668591121657,0.003570521518334907,9.7875,9.786249999999999,9.7725,4,7,1,9.786745340865355,9.774788657129275,61.11111111111128,0.00840348635449395,0.008396951996905896,9.827401197462995,9.745098802537003,0.002830223744379533,0.002264105142084703,0.0018651913893944223,1811258.0,1.6402924862806196,0.0,0.0,-1,0.0,0,49.0,-0.013706335075332518,-0.001532958610117585,-0.33866945700744555,0.0647993015825286,0.03594155488835211,0.00306435137895833,0.007179487179487243,-1.462077398942319,0.007128309572301455,0.0
2022-01-10,9.8,9.82,0.0020449904877276478,-0.0020387366898482057,0.004094171532663147,-0.4170680331132927,-0.0020387366898482057,9.7875,9.788749999999999,9.7745,0,10,1,9.789155278889835,9.776415195379,55.000000000000306,0.008931693490069392,0.008503900295538595,9.826568820154806,9.75093117984519,0.0028626643044991364,0.002326110743468069,0.0019120003019222557,1807345.0,0.5949418809974063,0.0,0.0,-1,0.0,0,51.0,-0.020584651005151326,-0.0030549898167007267,-0.3466639828948843,0.03954610795513569,0.03692586329527244,0.007194244604316502,0.00512820512820511,-0.3739447444566496,0.0010204081632654656,0.0
2022-01-11,9.8,9.8,0.0010209291341073648,0.0,0.0010209291341073648,-7.173447333542303,0.0,9.7875,9.78925,9.776499999999999,1,11,1,9.791127046364409,9.77793679567713,55.000000000000306,0.009243745308653573,0.008651869298161592,9.827401360602165,9.751098639397833,0.0028626643044991364,0.0021429482925303376,0.0019120003019222557,1807345.0,0.5635447769268417,0.0,0.0,-1,0.0,0,56.0,-0.026030432516056017,0.0,-0.3895159516333618,0.032104271767827645,0.034018249527034604,0.003070624360286711,0.0010214504596528506,0.3613749713780056,0.0,0.0
2022-01-12,9.76,9.8,-0.004089985251525166,-0.004089985251525166,-0.004089985251525166,3.628775530044231,-0.004089985251525166,9.7835,9.78675,9.777166666666666,2,12,1,9.785467583389062,9.776779583052798,45.83333333333346,0.006192005333939932,0.00815989650531726,9.825720299081906,9.747779700918093,0.0031407273111359506,0.002277061095493895,0.0020662034660170105,1807232.0,-1.3728403748597051,0.0,0.0,-1,0.0,0,55.0,-0.031073032810365667,-0.0040816326530613185,-0.38032892594975615,0.04562300529398792,0.03614722427266287,-0.002044989775051076,-0.0050968399592253855,0.17604235828537243,0.0,0.0
2022-01-13,9.73,9.76,-0.001025115415245297,-0.001025115415245297,-0.003078504227087386,4.360106723264996,-0.003078504227087386,9.7765,9.78275,9.776833333333334,3,13,1,9.775382568227414,9.77376154543649,40.74074074074098,0.0013373144097759138,0.0067953800862089915,9.827644613438544,9.737855386561456,0.003245411569154782,0.0023612607997894755,0.00214454310498242,1798388.0,-2.349947842727679,0.0,0.0,-1,0.0,0,52.0,-0.036217082291261,-0.0010245901639344044,-0.2888699609233063,0.04811312211332219,0.03748385314085057,-0.00562084823709752,-0.008154943934760461,1.0648379956105305,0.0020554984583761125,0.0
2022-01-14,9.73,9.73,-0.0020533888118420846,-0.0020533888118420846,0.0,-4.693045387304898,0.0,9.7705,9.77975,9.7765,4,14,1,9.767131192186065,9.770938219924458,35.99999999999994,-0.00248145841582037,0.004940012385803119,9.830270970112018,9.729229029887982,0.0032506693696680968,0.0023309076048646056,0.00214454310498242,1798388.0,-1.9694792039698243,0.0,0.0,-1,0.0,0,55.0,-0.04635328535152797,0.0,-0.38534170321018274,0.029008430712918115,0.03700201110924573,-0.009164969450101812,-0.006128702757916105,-0.05150342347752831,0.0,0.0
2022-01-18,9.7,9.73,-0.002057613894680154,-0.0010282777255659324,-0.0030880106885767277,4.204324023736222,-0.0030880106885767277,9.7675,9.775749999999999,9.775166666666667,1,18,1,9.754925520879507,9.766361560574493,32.14285714285697,-0.007838258112046859,0.0023843582862331236,9.837588073776821,9.713911926223176,0.0027855556982601727,0.0024085737831171976,0.0022156574469655316,1792963.0,-2.449946946063891,0.0,0.0,-1,0.0,0,53.0,-0.06440143656188142,-0.0020554984583761125,-0.32879203904955934,0.030378238488110564,0.03823492346686876,-0.010204081632653184,-0.008179959100204526,0.39055767637500777,0.002061855670103232,0.0
2022-01-19,9.7,9.7,-0.001030396793896522,-0.002059732963010727,0.0,-8.59877317840866,0.0,9.760499999999999,9.77175,9.7735,2,19,1,9.744939062537778,9.762080169569687,32.14285714285697,-0.011945856072200556,-0.00048168458545361226,9.842182872110193,9.701317127889808,0.0023269841289161215,0.0024085737831171976,0.0022050020322538885,1792963.0,-2.0374009422119883,0.0,0.0,-1,0.0,0,44.0,-0.062328707566288076,0.0,-0.3887011616274184,0.030378238488110564,0.03823492346686876,-0.010204081632653184,-0.008179959100204526,0.39055767637500777,0.0,0.0
2022-01-20,9.7,9.7,0.0,0.0,0.0,4.276666119016055,0.0,9.7525,9.76775,9.771833333333335,3,20,1,9.736768323894545,9.758074997339385,32.14285714285697,-0.015027924490301103,-0.003390932566423111,9.844969782030569,9.69053021796943,0.0022635970227554664,0.0024085737831171976,0.0022050020322538885,1792963.0,-1.7547317078201592,0.0,0.0,-1,0.0,0,39.0,-0.06267026395266824,0.0,-0.3879265492568596,0.02676715387031573,0.03823492346686876,-0.006147540983606592,-0.008179959100204526,-0.6085986431648538,0.0,0.0
2022-01-21,9.7,9.7,0.0,0.0,0.0,0.6359887667199967,0.0,9.744,9.763749999999998,9.769833333333334,4,21,1,9.730083174095535,9.754328223317488,33.33333333333333,-0.017271392060148827,-0.006167024465168255,9.846395406151224,9.681104593848772,0.002235824458448011,0.0024085737831171976,0.0021937629914966458,1792963.0,-1.542735476025082,0.0,0.0,-1,0.0,0,26.0,-0.036237128057986345,0.0,-0.34650916521656455,0.02188888717282635,0.03823492346686876,-0.0030832476875644055,-0.008179959100204526,-2.2360679774997574,0.0,0.0
2022-01-24,9.7,9.7,0.0,0.0,0.0,0.28030196515415834,0.0,9.732000000000001,9.75975,9.768166666666668,0,24,1,9.724613506078164,9.750823176651844,42.85714285714261,-0.018832269591396056,-0.008700073490413815,9.846714905202319,9.672785094797682,0.0016564307212350875,0.0024085737831171976,0.0021885037017966135,1792963.0,-1.3741175215679455,0.0,0.0,-1,0.0,0,23.0,-0.0736088769769566,0.0,-0.34611688489257764,0.02188888717282635,0.03823492346686876,-0.0030832476875644055,-0.008179959100204526,-2.2360679774997574,0.0,0.0
2022-01-25,9.7,9.7,-0.004132237284910383,0.0,-0.004132237284910383,3.138629392740543,0.0,9.722,9.75475,9.7665,1,25,1,9.72013832315486,9.747544262029145,29.411764705882476,-0.01984056657922295,-0.010928172108175642,9.843452637473431,9.666047362526568,0.001671034588605648,0.0023414367815879356,0.0021885037017966135,1792963.0,-1.2344616024839041,0.0,0.0,-1,0.0,0,20.0,-0.07332594843733779,-0.004123711340206098,-0.2984928001730072,0.0,0.03716915660796682,0.0,-0.010204081632653184,0.0,0.004123711340206098,0.0
2022-01-26,9.7,9.7,0.00413223728491037,0.0,0.00413223728491037,-5.846679593842754,0.0,9.712,9.74975,9.763499999999999,2,26,1,9.716476809853976,9.744476890285329,25.000000000000284,-0.02040443952889781,-0.012823425592320076,9.838985053296607,9.660514946703394,0.001671034588605648,0.0023414367815879356,0.002035188472334479,1792963.0,-1.1150326729707605,0.0,0.0,-1,0.0,0,19.0,-0.07299925975395695,0.0,-0.3443640078463327,0.0,0.03716915660796682,0.0,-0.010204081632653184,0.0,0.0,0.0
2022-01-27,9.67,9.7,-0.0030975760441341693,-0.0030975760441341693,-0.0030975760441341693,2.8134107167600364,-0.0030975760441341693,9.703,9.74325,9.758833333333333,3,27,1,9.708026480789616,9.739671929621759,18.918918918918934,-0.023006853497685498,-0.01486011117339316,9.835945029106519,9.65055497089348,0.0014893663092667294,0.0024071829702544787,0.0020467759987579455,1792763.0,-1.5804515237990975,0.0,0.0,-1,0.0,0,18.0,-0.06145061543229471,-0.0030927835051545735,-0.34237617670987724,0.021956584762019365,0.03821284499713885,-0.003092783505154628,-0.013265306122449028,-2.2360679774997574,0.0,0.0
2022-01-28,9.66,9.67,0.0,0.0020661164374719087,-0.0010346612407763304,2.473592889887727,-0.0010346612407763304,9.696,9.73625,9.753833333333334,4,28,1,9.699294393373322,9.734531805130032,0.0,-0.025581316253886044,-0.017004352189491735,9.831995001243738,9.640504998756262,0.001288517930908374,0.0024032564814502645,0.0020471738368564403,1790390.0,-1.5927724478459244,0.0,0.0,-1,0.0,0,23.0,-0.057977346498611394,0.0,-0.31975519681156545,0.02133992392426198,0.038150513919729075,-0.00412371134020606,-0.014285714285714346,-1.7116120849282055,0.003105590062111735,0.0
2022-01-31,9.66,9.66,-0.0010346612407763304,-0.0031007776782481593,0.0,-4.727387818712341,0.0,9.689,9.72975,9.749500000000001,0,31,1,9.692149958214536,9.729723301573257,0.0,-0.027306820507273954,-0.01906484585304818,9.82775510190804,9.63174489809196,0.001288517930908374,0.0024072916040239352,0.002028479788763943,1790390.0,-1.4233952853892564,0.0,0.0,-1,0.0,0,29.0,-0.04390086125147937,0.0,-0.34193819213817417,0.02133992392426198,0.03821456950476665,-0.00412371134020606,-0.01327885597548506,-1.7116120849282055,0.0,0.0
2022-02-01,9.72,9.66,0.0031007776782481854,0.007220247973487097,0.0031007776782481854,5.879867694645737,0.006191970247921201,9.690999999999999,9.729249999999999,9.7475,1,1,2,9.697213602175529,9.729095991794338,30.000000000000085,-0.02356119768007403,-0.019964116218453353,9.827351719497806,9.631148280502192,0.002328067079357165,0.0025124148040129696,0.0023601159347706978,1797903.0,-0.1885797730630962,0.0,0.0,-1,0.0,0,30.0,-0.06736448640543106,0.003105590062111735,-0.12438395879808128,0.05518797751177542,0.039883348569932406,0.0020618556701033075,-0.0010277492291880241,1.4687261069511988,0.0041152263374486546,0.0
2022-02-02,9.72,9.72,0.0030911925696728796,-0.0010282777255659324,0.0030911925696728796,-7.31495221993506,0.0,9.693000000000001,9.72675,9.7455,2,2,2,9.701356583598159,9.728509153614059,37.500000000000284,-0.020358089223663,-0.02004291081949528,9.823010337790723,9.630489662209275,0.002328067079357165,0.002314586874181134,0.0023601159347706978,1797903.0,-0.1402446771934959,0.0,0.0,-1,0.0,0,28.800000000000004,-0.06039185628173127,0.0,-0.7363426647253558,0.05518797751177542,0.036742927541625774,0.0020618556701033075,-0.0051177072671442225,1.4687261069511988,0.0,0.0
2022-02-03,9.76,9.72,-0.0051573090071448105,0.004106781952653281,-0.0051573090071448105,3.7376696182833684,0.004106781952653281,9.699000000000002,9.725750000000001,9.744833333333332,3,3,2,9.712019022943949,9.73054082112283,58.823529411764525,-0.014425647108543771,-0.018919458077304982,9.820077257878902,9.631422742121101,0.0026311213711342008,0.002500198253377906,0.002488392554000087,1798113.0,0.7261951798486298,0.0,0.0,-1,0.0,0,26.057142857142857,-0.06856012725882607,-0.0051440329218107725,-0.6386682436925312,0.049767258555783365,0.03968941684077597,0.009307135470527417,-0.002044989775051076,0.7697214890076134,0.009221311475409822,0.0
2022-02-04,9.76,9.76,0.009264090959798172,0.0,0.009264090959798172,-2.70805020110221,0.0,9.705,9.7245,9.744166666666668,4,4,2,9.72074283695414,9.732441413308454,58.823529411764525,-0.009613327535632266,-0.01705823196897044,9.816145771143171,9.63285422885683,0.0026311213711342008,0.0024962368878623446,0.002488392554000087,1798113.0,0.7747220533403625,0.0,0.0,-1,0.0,0,27.6,-0.06845018410439227,0.0,-0.6689546937625457,0.04640878658706611,0.039626532112737554,0.010351966873705987,-0.0025549310168625494,0.8913002599411826,0.0,0.0
2022-02-07,9.68,9.76,-0.006166514915664015,-0.006166514915664015,-0.00823049913651548,5.87030528268579,-0.00823049913651548,9.703,9.7175,9.740833333333333,0,7,2,9.713335048417022,9.729058096320813,45.454545454545524,-0.012115204479524522,-0.016069626471081257,9.799289202736153,9.635710797263846,0.003843261386373052,0.002928190928421622,0.0028973709441924775,1793152.0,-0.9169914547515997,0.0,0.0,-1,0.0,0,27.914285714285715,-0.05000282678858271,-0.0061475409836066084,1.0712156086782763,0.08759541891305458,0.04648358992751368,0.0020703933747412417,-0.014256619144602856,-0.985563352362131,0.0020661157024792947,0.0
2022-02-08,9.68,9.68,-0.0020639842208514825,-0.0020639842208514825,0.0,-7.816215431741104,0.0,9.701,9.711500000000001,9.736833333333331,1,8,2,9.707274130523018,9.725893057848504,45.454545454545524,-0.013937299469988673,-0.015643161070862742,9.784991854185236,9.638008145814766,0.003843261386373052,0.0029151436500421753,0.0028632167428231086,1793152.0,-0.8572378625964611,0.0,0.0,-1,0.0,0,28.0,-0.04990739078981819,0.0,-0.6042799791397483,0.07134245084642706,0.04627647080424421,-0.004115226337448652,-0.01224489795918382,-1.2873630339138893,0.0,0.0
2022-02-09,9.68,9.68,0.0,0.0,0.0,2.3513752571634776,0.0,9.699000000000002,9.705499999999999,9.732833333333334,2,9,2,9.702315197700651,9.722932215406665,45.454545454545524,-0.015206037146619167,-0.015555736286014029,9.767220933922092,9.643779066077906,0.003843261386373052,0.0029151436500421753,0.0028632167428231086,1793152.0,-0.8262998752477217,0.0,0.0,-1,0.0,0,32.0,-0.04863217984245914,0.0,-0.5980185807758347,0.07134245084642706,0.04627647080424421,-0.004115226337448652,-0.01224489795918382,-1.2873630339138893,0.0,0.0
2022-02-10,9.68,9.68,0.0,0.0,0.0,9.498479482827143,0.0,9.7,9.7015,9.728833333333334,3,10,2,9.698257889027804,9.72016239505785,45.454545454545524,-0.01602677421923282,-0.015649943872657786,9.758541074766619,9.64445892523338,0.003706592903559089,0.002800044275721677,0.0028632167428231086,1793152.0,-0.753842738341301,0.0,0.0,-1,0.0,0,33.0,-0.049870731172802066,0.0,4.244203569046912,0.05819094868622589,0.04444932488117718,-0.008196721311475419,-0.008196721311475419,-2.2360679774997894,0.0,0.0
2022-02-11,9.71,9.68,0.003094381014748023,0.003094381014748023,0.003094381014748023,-6.167977100722471,0.003094381014748023,9.705000000000002,9.7005,9.725833333333332,4,11,2,9.700392818295477,9.719506756667021,52.00000000000031,-0.014093998145417785,-0.015338754727209785,9.756120897246728,9.644879102753272,0.0037943066557892136,0.002830750589833664,0.002933442447417326,1793739.0,0.34159822909220966,0.0,0.0,-1,0.0,0,28.0,-0.054618488334449614,0.003099173553719126,-0.23595802576474953,0.06715973090900099,0.04493677250609568,-0.0051229508196720674,-0.0020554984583761593,-1.632429334540961,0.0,0.0
2022-02-14,9.71,9.71,0.0,0.0,0.0,-6.375024819828097,0.0,9.709999999999999,9.6995,9.723166666666666,0,14,2,9.70213957860539,9.718893417527214,52.00000000000031,-0.012419099533223843,-0.014754823688412598,9.753585701972883,9.645414298027118,0.0037943066557892136,0.002830750589833664,0.0029307557309370983,1793739.0,0.38827267159313117,0.0,0.0,-1,0.0,0,25.0,-0.054392988692657025,0.0,-0.24529989895734017,0.02200194960656999,0.04493677250609568,0.0030991735537191367,-0.0020554984583761593,2.2360679774998227,0.0,0.0
2022-02-15,9.71,9.71,0.0,0.0,0.0,1.0986122886681098,0.0,9.709,9.7,9.7225,1,15,2,9.703568746131683,9.718319648654491,52.00000000000031,-0.01096532883098078,-0.013996924716926235,9.754289671403106,9.645710328596893,0.0032254148612614717,0.002742252008322144,0.0027138126084280466,1793739.0,0.3683941988062675,0.0,0.0,-1,0.0,0,29.0,-0.05979835182295023,0.0,-0.24068583932954862,0.02200194960656999,0.04353190107772691,0.0030991735537191367,0.0010309278350517648,2.2360679774998227,0.0,0.0
2022-02-16,9.67,9.71,-0.004127972838030719,-0.004127972838030719,-0.004127972838030719,3.58351893845611,-0.004127972838030719,9.703999999999999,9.6985,9.719166666666666,2,16,2,9.697465337744104,9.715202251967105,50.0,-0.012892256869612595,-0.013775991147463506,9.754422879227175,9.642577120772824,0.0034655987196744883,0.002896953096256339,0.0026930301723762386,1793631.0,-1.0192608246876438,0.0,0.0,-1,0.0,0,32.0,-0.05346388201381529,-0.004119464469619044,-0.23909488760090863,0.04075659367366833,0.04598770471507701,-0.0010330578512396382,-0.003092783505154628,-0.589822060381147,0.0,0.0
2022-02-17,9.67,9.67,0.0,0.0,0.0,-0.6567795363890705,0.0,9.695,9.697,9.7155,3,17,2,9.692471639972448,9.712285977646646,51.99999999999994,-0.014255038018173849,-0.013871800521605575,9.754344756104077,9.639655243895922,0.00307798225846022,0.002896953096256339,0.0026816274947196526,1793631.0,-0.9416728515156847,0.0,0.0,-1,0.0,0,32.0,-0.05391855428891543,0.0,-0.23991421606623015,0.04075659367366833,0.04598770471507701,-0.0010330578512396382,-0.003092783505154628,-0.589822060381147,0.0,0.0
2022-02-18,9.67,9.67,0.0,0.0,0.0,-0.8898574748059995,0.0,9.686,9.695500000000001,9.711666666666666,4,18,2,9.688385887250185,9.70955785005654,51.99999999999994,-0.01516029347054193,-0.014129499111392847,9.754070695025705,9.636929304974297,0.00307798225846022,0.002896953096256339,0.002677432361140795,1793631.0,-0.8707426124552633,0.0,0.0,-1,0.0,0,29.0,-0.057313486145377755,0.0,-0.24034681441592035,0.029245296559092946,0.04598770471507701,-0.004119464469619083,-0.003092783505154628,-2.2360679774997756,0.0,0.0
2022-02-22,9.67,9.67,0.0,0.0,0.0,-0.496436886313891,0.0,9.684999999999999,9.693999999999999,9.706666666666667,1,22,2,9.685042998659242,9.707005730698052,36.8421052631578,-0.01569677231817579,-0.014442953752749437,9.753612785629684,9.634387214370314,0.001714991573585373,0.002896953096256339,0.0025722402894589446,1793631.0,-0.8051963935752703,0.0,0.0,-1,0.0,0,28.0,-0.05925872293720465,0.0,-0.24034998475307257,0.029245296559092946,0.04598770471507701,-0.004119464469619083,-0.003092783505154628,-2.2360679774997756,0.0,0.0
2022-02-23,9.71,9.67,0.004127972838030591,0.004127972838030591,0.004127972838030591,3.18398856586776,0.004127972838030591,9.688,9.694500000000001,9.703666666666665,2,23,2,9.689580635266651,9.707198909362695,47.8260869565218,-0.012747326716540996,-0.01410382834550775,9.754491227428899,9.634508772571104,0.002178543248636853,0.00305181345114681,0.0026900985785306038,1793969.0,0.5167422192976633,0.0,0.0,-1,0.0,0,18.814285714285717,-0.0737874231366706,0.004136504653567831,-0.23195394109037135,0.04633657100053567,0.04844603663697736,0.0,0.0010309278350517648,0.00875670923769577,0.0,0.0
2022-02-24,9.72,9.71,0.0010293361691140592,0.0010293361691140592,0.0010293361691140592,0.7617454969026975,0.0010293361691140592,9.692,9.6955,9.701,3,24,2,9.695111428854531,9.708024786178006,40.000000000000355,-0.009493518034732418,-0.013181766283352684,9.756534933914105,9.634465066085893,0.0021865030778449313,0.0030594985276394303,0.002700662025796384,1794693.0,0.8028189244697178,0.0,0.0,-1,0.0,0,21.0,-0.07670930057282892,0.0010298661174047154,-0.22637681827266143,0.02843378461528577,0.048568033444213246,0.005170630816959676,0.0020618556701033075,1.9268759986214594,0.0,0.0
2022-02-25,9.71,9.72,0.0,0.0015420203518151968,-0.001029336169114132,4.37276425773388,-0.001029336169114132,9.695,9.697500000000002,9.699333333333332,4,25,2,9.697818441790071,9.708152219327813,38.0952380952385,-0.007633770286478381,-0.012072167083977825,9.757631434987776,9.637368565012228,0.002231911560496226,0.002979638868365456,0.002607999595597043,1737307.0,0.4157559187649806,0.0,0.0,-1,0.0,0,28.142857142857142,-0.07354558804259897,0.0,0.6288893203632306,0.031555801052407274,0.047300300654861516,0.004136504653567741,0.004136504653567741,1.5229372607508334,0.002574665293511697,0.0
2022-02-28,9.72,9.71,0.0,-0.0015420203518152259,0.0010293361691140592,-3.3427502854085227,0.0010293361691140592,9.696,9.700500000000002,9.699000000000002,0,28,2,9.701851452373694,9.708916592274406,64.28571428571438,-0.005291987631450112,-0.010716131193472284,9.758710145616005,9.642289854383998,0.0020317077232389364,0.002969984819178251,0.0025574598054653452,1739335.0,0.6699862985615996,0.0,0.0,-1,0.0,0,25.47142857142857,-0.07457260100340823,0.0010298661174047154,-0.2485958144053347,0.030689466991031783,0.047147047375096736,0.005170630816959676,0.006211180124223725,1.153509942098963,0.0,0.0
2022-03-01,9.72,9.72,0.0,0.0,0.0,-5.1298987149230735,0.0,9.697,9.703500000000002,9.698666666666666,1,1,3,9.705151188305749,9.709631650837348,64.28571428571438,-0.0033969500797148555,-0.009252294970720798,9.759045145223501,9.647954854776502,0.0020317077232389364,0.002969984819178251,0.0025574598054653452,1739335.0,0.5941113281316386,0.0,0.0,-1,0.0,0,22.97142857142857,-0.07405624446647027,0.0,-0.2805522422256861,0.030689466991031783,0.047147047375096736,0.005170630816959676,0.006211180124223725,1.153509942098963,0.0,0.0
2022-03-02,9.72,9.72,0.0,0.0,0.0,1.8458266904983307,0.0,9.698,9.703500000000002,9.699333333333334,2,2,3,9.707850972250156,9.710300576589779,64.28571428571438,-0.0018735223673331802,-0.0077765404500432745,9.759045145223501,9.647954854776502,0.0020317077232389364,0.0026256461762680216,0.0024916824990844485,1739335.0,0.5941113281316386,0.0,0.0,-1,0.0,0,17.82857142857143,-0.07331731073336595,0.0,-0.2732729088865053,0.013672204758512498,0.04168084087951709,0.001029866117404632,0.0,-0.5109856635889818,0.0,0.0
2022-03-03,9.72,9.72,0.0,0.0,0.0,-4.330733340286331,0.0,9.703,9.703500000000002,9.7,3,3,3,9.71005988638649,9.71092634584205,64.28571428571438,-0.0006586029645578861,-0.006352952952946198,9.759045145223501,9.647954854776502,0.0013992112294624976,0.0026256461762680216,0.0024916824990844485,1739335.0,0.5941113281316386,0.0,0.0,-1,0.0,0,21.0,-0.07275836609229419,0.0,-0.27447200766280017,0.011554272800433234,0.04168084087951709,0.0,0.0,0.0021835510811983472,0.0,0.0
2022-03-04,9.73,9.72,0.0020554991820959595,0.0020554991820959595,0.0010282777255660649,8.46779284112111,0.0010282777255660649,9.709,9.702,9.700999999999999,4,4,3,9.713685361588947,9.712156904174822,58.33333333333309,0.0010984832110008114,-0.0048626657201567966,9.75251315618107,9.65148684381893,0.0013948106206343434,0.0024565021717098037,0.00249773465452408,1744094.0,1.1086220745989828,0.0,0.0,-1,0.0,0,18.0,-0.0757439621399738,0.0020576131687242358,-0.20290262606801407,0.008949902491085302,0.038995763048605366,0.002059732234809486,-0.0030737704918032405,0.6085826344839996,0.0010277492291880562,0.0
2022-03-07,9.73,9.73,-0.0010272214565300254,-0.0010272214565300254,0.0,-3.785661613996891,0.0,9.715,9.700500000000002,9.702,0,7,3,9.716651659481865,9.713308071647415,58.33333333333309,0.0024625993518405664,-0.003397612705757324,9.745209589222291,9.655790410777712,0.0013948106206343434,0.0024565021717098037,0.00249773465452408,1744094.0,1.3196274228031646,0.0,0.0,-1,0.0,0,16.9,-0.07920593165087764,0.0,-0.27669242565574076,0.007303802201358855,0.038995763048605366,0.0010288065843622185,-0.0030737704918032405,2.236067977500695,0.0,0.0
2022-03-08,9.73,9.73,0.0,0.0,0.0,3.6166571673249814,0.0,9.721,9.703,9.703000000000001,1,8,3,9.719078630485162,9.714384970250807,58.33333333333309,0.003503287503759722,-0.002017432663853915,9.748468323270794,9.657531676729205,0.0013948106206343434,0.001565821603094383,0.00249773465452408,1744094.0,1.1876400121111936,0.0,0.0,-1,0.0,0,16.67142857142857,-0.078078534191947,0.0,-0.2139281107469888,0.007303802201358855,0.024856647355681338,0.0010288065843622185,0.005165289256198413,2.236067977500695,0.0,0.0
2022-03-09,9.73,9.73,0.0,0.0,0.0,-8.2987883944492,0.0,9.723,9.705499999999999,9.704,2,9,3,9.721064334033315,9.715392391524949,87.50000000000028,0.0042787179646204265,-0.0007582025381590467,9.75114162458482,9.659858375415178,0.0006509723264043765,0.001565821603094383,0.00249773465452408,1744094.0,1.0735814170887106,0.0,0.0,-1,0.0,0,18.028571428571432,-0.07748700147485874,0.0,-0.27761075810383823,0.007303802201358855,0.024856647355681338,0.0010288065843622185,0.005165289256198413,2.236067977500695,0.0,0.0
2022-03-10,9.73,9.73,0.0,0.0,0.0,7.774015077250727,0.0,9.724,9.708000000000002,9.705000000000002,3,10,3,9.722689000572712,9.716334817878177,87.50000000000028,0.004837488633789633,0.00036093569623068926,9.753236222095559,9.662763777904445,0.0005841848807292939,0.001565821603094383,0.00249773465452408,1744094.0,0.9726718536983575,0.0,0.0,-1,0.0,0,17.0,-0.07694135757772597,0.0,-0.24192029262111983,0.007303802201358855,0.024856647355681338,0.0010288065843622185,0.005165289256198413,2.236067977500695,0.0,0.0
2022-03-11,9.73,9.73,0.0,0.0,0.0,-4.638520861321577,0.0,9.726,9.7105,9.707,4,11,3,9.724018273195854,9.717216442531198,87.50000000000028,0.005220143846001335,0.0013327773261848186,9.754736208079674,9.666263791920326,0.00043400638481034366,0.001565821603094383,0.002423890530221571,1744094.0,0.8816307204667859,0.0,0.0,-1,0.0,0,19.057142857142857,-0.07389183283265938,0.0,-0.28351647175187394,0.0,0.024856647355681338,0.0,0.005165289256198413,0.0,0.0,0.0
2022-03-14,9.73,9.73,0.0,0.0,0.0,0.083381608939051,0.0,9.727,9.711500000000001,9.709333333333332,0,14,3,9.725105859887517,9.718041188174347,87.50000000000028,0.0054604561194331325,0.0021583130848344817,9.756584715580255,9.666415284419747,0.0003253372078363042,0.0014161315634890065,0.002412929833990505,1744094.0,0.8206772411403136,0.0,0.0,-1,0.0,0,17.5,-0.07262024395683693,0.0,-0.2809821172296337,0.0,0.022480391644445926,0.0,0.002059732234809486,0.0,0.0,0.0
2022-03-15,9.73,9.73,0.0,0.0,0.0,-3.2188758248682006,0.0,9.728000000000002,9.7125,9.711666666666668,1,15,3,9.725995703544331,9.718812724421163,75.0,0.005586507545974229,0.0028439519770624313,9.758325756949615,9.666674243050386,0.0003253372078363042,0.0014161315634890065,0.002412929833990505,1744094.0,0.7637626158250443,0.0,0.0,-1,0.0,0,21.857142857142858,-0.07129997610565601,0.0,-0.28294483109684265,0.0,0.022480391644445926,0.0,0.002059732234809486,0.0,0.0,0.0
2022-03-16,9.73,9.73,0.0,0.0,0.0,0.0,0.0,9.729,9.7135,9.712,2,16,3,9.726723757445361,9.719534484135927,66.66666666666666,0.005621601882484839,0.0033994819581469127,9.759964474261809,9.667035525738191,0.0003253372078363042,0.0014161315634890065,0.0021335179789664207,1744094.0,0.7102200234540458,0.0,0.0,-1,0.0,0,25.0,-0.07115396473384468,0.0,-0.28293206289061557,0.0,0.022480391644445926,0.0,0.002059732234809486,0.0,0.0,0.0
2022-03-17,9.74,9.73,0.0010272214565300948,0.0010272214565300948,0.0,9.863134198186913,0.0010272214565300948,9.731,9.717,9.712666666666667,3,17,3,9.729137619728023,9.720854839998127,99.99999533333354,0.006382754403881918,0.0039961364472939145,9.76009109078764,9.673908909212361,0.000433560105367851,0.0010207266470344146,0.002141149719204534,1763303.0,1.0675060472870468,0.0,0.0,-1,0.0,0,33.62857142857143,-0.07199491054942414,0.0010277492291880562,1.1123559684178785,0.007296295724276114,0.016203533187779198,0.0010277492291881352,0.007238883143743546,2.2360679775006975,0.0010266940451745161,0.0
2022-03-18,9.74,9.74,0.0,0.0,0.0010272214565300948,-9.863134198186913,0.0,9.732000000000001,9.720500000000001,9.712,4,18,3,9.73111259795929,9.722090011611153,99.99999300000049,0.0069063610300048595,0.004578181363836103,9.758599592483044,9.682400407516958,0.0003250028427717175,0.0010207266470344146,0.0020002911256281706,1763303.0,1.023632996005286,0.0,0.0,-1,0.0,0,38.0,-0.05471720758250243,0.0,-0.34590992660034114,0.007296295724276114,0.016203533187779198,0.0010277492291881352,0.007238883143743546,2.2360679775006975,0.0,0.0
2022-03-21,9.74,9.74,0.0,0.0,0.0,2.0794415416798357,0.0,9.733,9.724,9.711333333333332,0,21,3,9.732728489239419,9.723245494733014,99.99999300000049,0.007237889172635903,0.005110122925596063,9.75471087583809,9.693289124161911,0.0003250028427717175,0.0010207266470344146,0.0020002911256281706,1763303.0,1.041976144500306,0.0,0.0,-1,0.0,0,40.0,-0.06536397267510041,0.0,-0.3452384728790784,0.007296295724276114,0.016203533187779198,0.0010277492291881352,0.007238883143743546,2.2360679775006975,0.0,0.0
2022-03-22,9.74,9.74,0.0,0.0,0.0,-1.3862943611198906,0.0,9.734,9.727500000000001,9.713333333333335,1,22,3,9.73405058210498,9.724326430556692,99.99999300000049,0.007415150376434809,0.005571128415763813,9.745709309360167,9.709290690639834,0.0003250028427717175,0.0010207266470344146,0.001282469018738737,1763303.0,1.3729241184009946,0.0,0.0,-1,0.0,0,44.0,-0.06610903175306337,0.0,-0.34564272381984135,0.007296295724276114,0.016203533187779198,0.0010277492291881352,0.007238883143743546,2.2360679775006975,0.0,0.0
2022-03-23,9.74,9.74,0.0,0.0,0.0,0.0,0.0,9.735,9.729000000000001,9.715333333333335,2,23,3,9.735132294449528,9.725337628585294,99.99999300000049,0.007469527098766804,0.005950808152364411,9.74604483252471,9.711955167475292,0.0003250028427717175,0.000503554513025626,0.001282469018738737,1763303.0,1.290713767243289,0.0,0.0,-1,0.0,0,45.0,-0.0665048650431856,0.0,-0.34421376551779304,0.007296295724276114,0.00799368007818025,0.0010277492291881352,0.003089598352214118,2.2360679775006975,0.0,0.0
2022-03-24,9.74,9.74,0.0,0.0,0.0,1.7047480922384253,0.0,9.736,9.73,9.717333333333334,3,24,3,9.73601733182234,9.726283588031405,99.99998600000195,0.007427007127958518,0.006246047947483234,9.747167901505753,9.712832098494248,0.0003250028427717175,0.00046009665049871653,0.001282469018738737,1763303.0,1.16496474500964,0.0,0.0,-1,0.0,0,46.0,-0.06677905342778914,0.0,-0.34052002834116,0.0,0.007303807897640437,0.0,0.002057613168724215,0.0,0.0,0.0
2022-03-25,9.74,9.74,0.0,0.0,0.0,-1.2992829841302609,0.0,9.737,9.7315,9.719333333333335,4,25,3,9.736741453309188,9.727168517835832,99.99998600000195,0.007309055502648931,0.006458649458516374,9.746403196407615,9.716596803592386,0.0003250028427717175,0.00037690119249008606,0.001282469018738737,1763303.0,1.1406948908835501,0.0,0.0,-1,0.0,0,49.0,-0.07016418567142885,0.0,-0.37232055824584526,0.0,0.005983120945034717,0.0,0.003089598352214118,0.0,0.0,0.0
2022-03-28,9.76,9.74,0.002051282770557361,0.002051282770557361,0.0,7.0317412587631285,0.002051282770557361,9.74,9.7335,9.721000000000002,0,28,3,9.740970279980244,9.729286677975455,99.99999533333354,0.008728790776233453,0.0069126777220597894,9.752166040089898,9.7148339599101,0.0006930873289131593,0.0005373684500489282,0.001213496838197203,1766699.0,2.83938102268851,0.0,0.0,-1,0.0,0,51.0,-0.06629131828043759,0.0020533880903490323,0.3854968822375173,0.014577609321806234,0.008530459687450193,0.002053388090349051,0.00411522633744843,2.2360679774999044,0.0020491803278688088,0.0
2022-03-29,9.76,9.76,0.0,0.0,0.002051282770557361,-4.696366342946091,0.0,9.742999999999999,9.7355,9.722666666666667,1,29,3,9.744430229074744,9.7312681826222,99.99999533333354,0.009741645582872493,0.007478471294222331,9.756501253095593,9.714498746904408,0.0006930873289131593,0.0005373684500489282,0.001213496838197203,1766699.0,2.333194108797306,0.0,0.0,-1,0.0,0,52.0,-0.06719504246997723,0.0,-0.3803087099061056,0.014577609321806234,0.008530459687450193,0.002053388090349051,0.00411522633744843,2.2360679774999044,0.0,0.0
2022-03-30,9.77,9.76,0.0010240656296901303,0.0010240656296901303,0.0010240656296901303,1.2104036946562264,0.0010240656296901303,9.747,9.738,9.724666666666668,2,30,3,9.74907927833388,9.733767009549801,99.99999650000012,0.011221897689695837,0.008227156573317032,9.762793887192442,9.713206112807557,0.0007177709565702456,0.0005648813156693989,0.00122287308170402,1766803.0,2.5812814063099574,0.0,0.0,-1,0.0,0,52.0,-0.05820909738499897,0.0010245901639344044,-0.3640626990800783,0.014573882478308976,0.008967212889169218,0.0030800821355234653,0.005144032921810648,1.260474779572752,0.0,0.0
2022-03-31,9.77,9.77,0.0010230179920344864,0.0010230179920344864,0.0,3.2929837970219227,0.0,9.75,9.7405,9.728,3,31,3,9.752883045909538,9.736104621836912,99.99999650000012,0.012253754494874869,0.0090324761576286,9.76762543960364,9.713374560396362,0.0006927235010557384,0.0005648813156693989,0.0009122457882210812,1766803.0,2.1750799567532977,0.0,0.0,-1,0.0,0,59.0,-0.05619996022548619,0.001023541453428842,0.21818722871550275,0.014573882478308976,0.008967212889169218,0.0030800821355234653,0.005144032921810648,1.260474779572752,0.001023541453428842,0.0
2022-04-01,9.78,9.77,0.0,0.0,0.0010230179920344864,3.8488625818967632,0.0010230179920344864,9.754000000000001,9.743,9.731666666666666,4,1,4,9.757813401198712,9.738936581718402,99.99999720000008,0.013720266185600849,0.00997003416322305,9.774854934344805,9.711145065655195,0.0007173700710256691,0.0005645036593630021,0.0009180813763907013,1898234.0,2.323031000441079,0.0,0.0,-1,0.0,0,59.8,-0.05763348366589253,0.001023541453428842,4.202026442100975,0.013631137685871429,0.008961217781162531,0.004106776180698102,0.005138746145940232,0.5184908156085964,0.0,0.0
2022-04-04,9.78,9.78,0.0,0.0,0.0,-10.399942916940168,0.0,9.758,9.7455,9.735333333333333,0,4,4,9.761847328253491,9.741585834510763,99.99999720000008,0.014712886271661674,0.010918604584910776,9.78072857691684,9.71027142308316,0.0007173700710256691,0.0005645036593630021,0.0009180813763907013,1898234.0,1.9586371644497786,0.0,0.0,-1,0.0,0,61.65714285714286,-0.0526115656010526,0.0,-0.2784638149457628,0.008904076013271181,0.008961217781162531,0.002049180327868827,0.005138746145940232,0.6085826139015882,0.0,0.0
2022-04-05,9.78,9.78,0.0,0.0,0.0,6.163314804034641,0.0,9.762,9.748000000000001,9.739,1,5,4,9.765147814025584,9.744064167768133,99.99999720000008,0.015322911851660237,0.011799466038260669,9.785612987678622,9.71038701232138,0.0007173700710256691,0.0005645036593630021,0.0009180813763907013,1898234.0,1.7015399187864517,0.0,0.0,-1,0.0,0,47.91428571428571,-0.05327121236794063,0.0,-0.21007530597319723,0.008904076013271181,0.008961217781162531,0.002049180327868827,0.005138746145940232,0.6085826139015882,0.0,0.0
2022-04-06,9.77,9.78,-0.0010230179920346257,-0.0010230179920346257,-0.0010230179920346257,-2.2265991860161236,-0.0010230179920346257,9.765,9.75,9.741000000000001,2,6,4,9.766030029657294,9.745737447266965,80.0,0.01482851124508855,0.012405275079626245,9.787836212117169,9.712163787882831,0.0008440169278969179,0.0006313023038878398,0.0006265999326083801,1898029.0,1.0571882797392649,0.0,0.0,-1,0.0,0,46.4,-0.04226784077626203,-0.0010224948875255406,-0.2681965542629969,0.01148335138446608,0.010021613389136094,0.0,0.004110996916752319,0.002170148215840677,0.0,0.0
2022-04-07,9.77,9.77,0.0,0.0,0.0,-2.6839526495231496,0.0,9.767999999999999,9.751999999999999,9.742666666666667,3,7,4,9.766751842446876,9.747302773249743,80.0,0.01427217445936968,0.012778654955574932,9.789612987678623,9.714387012321374,0.0008440169278969179,0.0006313023038878398,0.0006078111328332616,1898029.0,0.9571162043173912,0.0,0.0,-1,0.0,0,46.82857142857142,-0.04971639575394079,0.0,-0.27041065763071237,0.01148335138446608,0.010021613389136094,0.0,0.004110996916752319,0.002170148215840677,0.0,0.0
2022-04-08,9.78,9.77,0.0020449904877276478,0.0020449904877276478,0.0010230179920344864,7.785928688743164,0.0010230179920344864,9.772,9.7545,9.745000000000001,4,8,4,9.769160598365625,9.74941227174976,83.33333333333333,0.01447137299523682,0.01311719856350731,9.792599592483064,9.716400407516936,0.0008643464235715215,0.0006548289966649167,0.0005830826217000585,1931720.0,1.3385969947754108,0.0,0.0,-1,0.0,0,46.0,-0.01364996875857632,0.002047082906857684,0.8053710477393206,0.01148335138446608,0.010395088058695883,0.0,0.005138746145940232,0.002170148215840677,0.0010224948875255406,0.0
2022-04-11,9.78,9.78,-0.0010219724956930802,-0.0010219724956930802,0.0,-6.898625493742261,0.0,9.774,9.757000000000001,9.746999999999998,0,11,4,9.771131398662783,9.751385673572356,83.33333333333333,0.014462524292623513,0.013386263709330552,9.794891812752779,9.719108187247224,0.0006472713573270251,0.0006548289966649167,0.000564989359040667,1931720.0,1.213982563993961,0.0,0.0,-1,0.0,0,43.0,-0.013553606133888334,0.0,-0.32176728890490547,0.01148335138446608,0.010395088058695883,0.0,0.005138746145940232,0.002170148215840677,0.0,0.0
2022-04-12,9.78,9.78,0.0,0.0,0.0,-2.833213344056216,0.0,9.776,9.7595,9.749,1,12,4,9.772743871633185,9.753231759148333,83.33333333333333,0.01429077645675747,0.013567166258815936,9.7964779450627,9.722522054937299,0.0006472713573270251,0.0006548289966649167,0.000564989359040667,1931720.0,1.1087690224667557,0.0,0.0,-1,0.0,0,42.0,-0.013460924667549853,0.0,-0.3228426419115303,0.01148335138446608,0.010395088058695883,0.0,0.005138746145940232,0.002170148215840677,0.0,0.0
2022-04-13,9.82,9.78,0.004081638319648678,0.004081638319648678,0.004081638319648678,3.912023005428146,0.004081638319648678,9.780999999999999,9.764,9.752333333333333,2,13,4,9.781335894972607,9.757539387590375,90.00000000000017,0.017184241526017274,0.014290581312256205,9.807237410702056,9.720762589297943,0.0013845505723605342,0.0010745982558399104,0.0009049315533223571,1931820.0,2.590349379887227,0.0,0.0,-1,0.0,0,41.8,-0.014183368464592559,0.004089979550102344,-0.31974630340325005,0.028113962300522828,0.01705871846553699,0.005117707267144445,0.009249743062692772,1.9239097538505288,0.0,0.0
2022-04-14,9.82,9.82,0.0,0.0,0.0,0.16551443847757333,0.0,9.786,9.767999999999999,9.755666666666666,3,14,4,9.788365732250314,9.761569104520028,90.00000000000017,0.01925536952585105,0.015283538954975175,9.816384425506426,9.719615574493572,0.0013845505723605342,0.001070636800889984,0.0009049315533223571,1931820.0,2.149451996411284,0.0,0.0,-1,0.0,0,39.85714285714285,-0.051529743283771835,0.0,-0.2873348655687738,0.028113962300522828,0.016995832317772044,0.005117707267144445,0.008213552361396204,1.9239097538505288,0.0,0.0
2022-04-18,9.81,9.82,-0.0010188487891027657,-0.0010188487891027657,-0.0010188487891027657,6.74336021377248,-0.0010188487891027657,9.788999999999998,9.7715,9.758333333333333,0,18,4,9.792299235477529,9.764693678421962,77.77777777777821,0.019860892949926878,0.016199009753965515,9.821457876993447,9.721542123006552,0.0014496710472433015,0.0011144603973749748,0.0009282119816010282,1831708.0,1.5412984825215943,0.0,0.0,-1,0.0,0,37.6,-0.05002060491890988,-0.0010183299389001819,2.3965975021484436,0.031627663619507806,0.017691510344906427,0.0030674846625768915,0.007186858316221789,1.9461266051129247,0.0,0.0
2022-04-19,9.81,9.81,0.0,0.0,0.0,-8.741456115998364,0.0,9.791999999999998,9.775,9.761,1,19,4,9.795517556299796,9.767616666910868,77.77777777777821,0.02010897092662489,0.01698100198849739,9.825471461451608,9.724528538548393,0.0014496710472433015,0.0011144603973749748,0.0009282119816010282,1831708.0,1.3869223911242663,0.0,0.0,-1,0.0,0,39.0,-0.04988109882513619,0.0,-0.37948088793568213,0.031627663619507806,0.017691510344906427,0.0030674846625768915,0.007186858316221789,1.9461266051129247,0.0,0.0
2022-04-20,9.81,9.81,0.0,0.0,0.0,-0.4700036292457356,0.0,9.794999999999998,9.7785,9.763666666666667,2,20,4,9.79815072788165,9.770351075497265,75.00000000000055,0.02007417195194172,0.017599635981186256,9.828457876993452,9.728542123006546,0.0014496710472433015,0.0011144603973749748,0.0009282119816010282,1831708.0,1.261062394790289,0.0,0.0,-1,0.0,0,43.31428571428571,-0.052287210290448506,0.0,-0.3796600702084926,0.031627663619507806,0.017691510344906427,0.0030674846625768915,0.007186858316221789,1.9461266051129247,0.0,0.0
2022-04-21,9.81,9.81,0.0,0.0,0.0,-2.3025850929940455,0.0,9.799,9.782,9.766333333333334,3,21,4,9.800305140994077,9.772909070626474,75.00000000000055,0.019818142305659592,0.018043337246080923,9.830384425506438,9.733615574493562,0.0013798352037681046,0.0011144603973749748,0.0009282119816010282,1831708.0,1.1573972288366001,0.0,0.0,-1,0.0,0,38.94285714285714,-0.05209996532646575,0.0,-0.37993421816868445,0.0072294253968635345,0.017691510344906427,-0.0010183299389001643,0.007186858316221789,-2.2360679774988568,0.0,0.0
2022-04-22,9.81,9.81,0.0,0.0,0.0,1.6094379124341003,0.0,9.803,9.7855,9.769,4,22,4,9.802067842631516,9.775302033811863,71.42857142857216,0.01939170150238212,0.01831301009734116,9.83114162458487,9.739858375415132,0.0013798352037681046,0.0011144603973749748,0.0009282119816010282,1831708.0,1.0735814170875213,0.0,0.0,-1,0.0,0,31.0,-0.047470586152274875,0.0,-0.3797859636649217,0.0072294253968635345,0.017691510344906427,-0.0010183299389001643,0.007186858316221789,-2.2360679774988568,0.0,0.0
2022-04-25,9.81,9.81,0.0,0.0,0.0,4.456670177669648,0.0,9.806000000000001,9.789,9.771666666666667,0,25,4,9.803510053062148,9.777540612275615,71.42857142857216,0.018836607408616146,0.01841772955959616,9.8304982561461,9.7475017438539,0.0013671310370145504,0.0011144603973749748,0.0009282119816010282,1831708.0,1.0120907214061081,0.0,0.0,-1,0.0,0,29.0,-0.04694745349655428,0.0,-0.3686509190907326,0.0,0.017691510344906427,0.0,0.007186858316221789,0.0,0.0,0.0
2022-04-26,9.81,9.81,0.0,0.0,0.0,-6.066108090103747,0.0,9.809000000000001,9.791500000000001,9.774333333333335,1,26,4,9.804690043414483,9.779634766322351,71.42857142857216,0.018187042435910072,0.018371592134858943,9.83164447592606,9.751355524073942,0.0013671310370145504,0.0010423743072657573,0.0009282119816010282,1831708.0,0.921671018153221,0.0,0.0,-1,0.0,0,17.0,-0.07868052393885992,0.0,-0.3752549910462652,0.0,0.016547179140410533,0.0,0.0051229508196721785,0.0,0.0,0.0
2022-04-27,9.81,9.81,0.0,0.0,0.0,2.70805020110221,0.0,9.812000000000001,9.794,9.777,2,27,4,9.805655490066394,9.781593813656393,83.33333333333383,0.017470864267142616,0.018191446561315678,9.83205812728763,9.755941872712372,0.0013671310370145504,0.0010423743072657573,0.0009282119816010282,1831708.0,0.8408190912326428,0.0,0.0,-1,0.0,0,16.0,-0.07808442351655788,0.0,-0.37484182669340826,0.0,0.016547179140410533,0.0,0.0051229508196721785,0.0,0.0,0.0
2022-04-28,9.81,9.81,0.0,0.0,0.0,2.5952547069568657,0.0,9.811000000000002,9.796000000000001,9.779666666666666,3,28,4,9.806445400963412,9.783426470839851,83.33333333333383,0.01671065784697312,0.017895288818447166,9.8329352206752,9.759064779324802,0.0003220242016464902,0.0010276887829446914,0.0009282119816010282,1831708.0,0.7580840045934706,0.0,0.0,-1,0.0,0,24.0,-0.07362846692964477,0.0,-0.369844287770841,0.0,0.016314053669053745,0.0,0.004094165813715467,0.0,0.0,0.0
2022-04-29,9.79,9.81,-0.0010198879007454116,-0.0010198879007454116,-0.0030627895305458783,5.2680889371712025,-0.002040817034852787,9.808,9.797,9.781333333333334,4,29,4,9.803455328060972,9.783850569495344,57.142857142856776,0.01432917808362788,0.01718206667148331,9.832003759196759,9.761996240803242,0.0006879014036382679,0.0011436432401335849,0.0010077155032830968,1792705.0,-0.3999570423653004,0.0,0.0,-1,0.0,0,14.328571428571427,-0.07123302593472501,-0.0010193679918450342,0.6486191814038923,0.014473589683425115,0.01815477361184153,-0.0020387359836901986,0.0020470829068577334,-2.236067977499673,0.0020429009193055517,0.0
2022-05-02,9.8,9.79,0.0,0.0,0.002042901629800331,-1.5116438318865968,0.0010209291341073648,9.807,9.798,9.783333333333333,0,2,5,9.80282708659534,9.784892468237581,62.50000000000028,0.013097771681191972,0.016365207673425045,9.832089665049219,9.763910334950781,0.0007525009021018462,0.0011435547369519727,0.0010189260514423199,1801307.0,0.1173376152046712,0.0,0.0,-1,0.0,0,13.27142857142857,-0.059815136454860245,0.0010214504596528667,-0.025752735720473756,0.01773551193424707,0.01815336866738883,-0.0010193679918449883,0.002044989775051187,-1.2903196571099251,0.0,0.0
2022-05-03,9.8,9.8,0.0,0.0,0.0,-2.662820358127535,0.0,9.806000000000001,9.799,9.785333333333334,1,3,5,9.802313070850731,9.785867147706126,62.50000000000028,0.011983732229925437,0.015488912584725123,9.832023117899428,9.76597688210057,0.0007525009021018462,0.0011435547369519727,0.0010189260514423199,1801307.0,0.0605636332127515,0.0,0.0,-1,0.0,0,30.485714285714288,-0.0882564440751762,0.0,-0.358895449019708,0.01773551193424707,0.01815336866738883,-0.0010193679918449883,0.002044989775051187,-1.2903196571099251,0.0,0.0
2022-05-04,9.81,9.8,0.0010198879007453808,0.002038736689848309,0.000979112349760076,4.954041426752295,0.0010198879007453808,9.806000000000001,9.8005,9.787666666666667,2,4,5,9.803710694332416,9.787424105918635,40.00000000000071,0.011772063346683126,0.014745542737116726,9.832601811721453,9.768398188278546,0.0008327356054521029,0.0011613528111975068,0.0010288223081367865,1886355.0,0.5918669066052746,0.0,0.0,-1,0.0,0,22.4,-0.09319517571428922,0.0010204081632652843,2.4391104943879314,0.019828900330040953,0.01843590433700611,0.0,0.0030674846625768915,-1.3591600739493592,0.0010601427115189226,0.0
2022-05-05,9.84,9.81,0.003053437486890248,0.0020345886977874567,0.0030942130378755796,-5.653877595463037,0.003053437486890248,9.809000000000001,9.804,9.791,3,5,5,9.810308749908339,9.790816099085175,62.49999999999944,0.0138652337276568,0.01456948093522474,9.837340350138817,9.770659649861184,0.001276102023040253,0.001294622240961809,0.0011488042009668233,1886653.0,2.159545406698455,0.0,0.0,-1,0.0,0,13.0,-0.08040204973860447,0.0030581039755351027,-0.44664148292893024,0.02939873195855451,0.020551490948148506,0.003058103975535076,0.007164790174002178,-0.2684094283980111,0.0,0.0
2022-05-06,9.81,9.84,0.0,0.0,-0.0030534374868902317,3.5618465553068406,-0.0030534374868902317,9.809000000000001,9.806000000000001,9.793333333333331,4,6,5,9.810252613561367,9.792053770111938,50.0,0.012954011277107824,0.014246387003601358,9.835307803882783,9.776692196117219,0.0016629319879782481,0.0015018765838127558,0.0013043479440038885,1876155.0,0.27296484008134375,0.0,0.0,-1,0.0,0,12.0,-0.057331973094246216,0.0,-0.11781255737963633,0.035398894873365255,0.023841551644078845,0.0020429009193054792,0.004094165813715467,-0.8430454903085733,0.0030581039755351027,0.0
2022-05-09,9.8,9.81,-0.004073325387635786,-0.004073325387635786,-0.0010198879007454116,-0.03174255276963943,-0.0010198879007454116,9.808,9.807,9.795333333333332,0,9,5,9.808388502004753,9.792566430104717,45.454545454545595,0.01129474569588318,0.013656058742057723,9.833832815730196,9.780167184269805,0.0016939704378562675,0.0015127351546571025,0.0013239341515646048,1865985.0,-0.5217491947460678,0.0,0.0,-1,0.0,0,8.185714285714285,-0.04861159634053511,-0.0010193679918450342,-0.08990543627663487,0.03613620406532056,0.024013926112365153,0.0,0.002044989775051187,0.00477366837025477,0.0,0.0
2022-05-10,9.8,9.8,0.0,0.0,0.0,-9.227197489042606,0.0,9.806999999999999,9.808,9.796666666666665,1,10,5,9.80686331982207,9.793046015259252,45.454545454545595,0.009866036243973753,0.012898054242440931,9.831929721664869,9.78407027833513,0.0016939704378562675,0.0015127351546571025,0.0012773700706916796,1865985.0,-0.6686245759175693,0.0,0.0,-1,0.0,0,7.0,-0.04811664128547302,0.0,-0.4424251014776604,0.03613620406532056,0.024013926112365153,0.0,0.002044989775051187,0.00477366837025477,0.0,0.0
2022-05-11,9.8,9.8,0.0,0.0,0.0,4.07753744390572,0.0,9.806000000000001,9.809000000000001,9.798,2,11,5,9.805615443490783,9.793494659436076,45.454545454545595,0.00863424352530906,0.012045292099014558,9.829416711421628,9.788583288578375,0.0016939704378562675,0.0015127351546571025,0.0012773700706916796,1865985.0,-0.8816307204565219,0.0,0.0,-1,0.0,0,4.028571428571429,-0.02628462798799711,0.0,-0.44049867564474227,0.03503390553701895,0.024013926112365153,-0.0010193679918449883,0.002044989775051187,0.4283165870238057,0.0,0.0
2022-05-12,9.79,9.8,-0.0010209291341073447,-0.0010209291341073447,-0.0010209291341073447,3.0517601050236536,-0.0010209291341073447,9.803999999999998,9.807500000000001,9.798666666666668,3,12,5,9.802776271947003,9.793269197536974,41.666666666666295,0.006773047024644541,0.010990843084140554,9.828898475105783,9.78610152489422,0.001717796970234817,0.0012039767049580573,0.001282931232702145,1864737.0,-1.6356305683925343,0.0,0.0,-1,0.0,0,3.0,-0.006253120812273671,-0.0010204081632654656,-0.4016193844907177,0.019758381830241634,0.019112537673804036,-0.005081300813008172,-0.003054989816700715,-1.3549927097397456,0.0,0.0
2022-05-13,9.79,9.79,0.0,0.0,0.0,3.012694962033664,0.0,9.804,9.806000000000001,9.799333333333333,4,13,5,9.800453313411182,9.793058281566847,41.666666666666295,0.005237658917005561,0.009840206250713556,9.827908902300448,9.784091097699553,0.0015920632023349317,0.0012039767049580573,0.001282931232702145,1864737.0,-1.460593486664563,0.0,0.0,-1,0.0,0,11.0,-0.015243875189609443,0.0,0.3926234781882044,0.008867751344141922,0.019112537673804036,-0.0020387359836901986,-0.003054989816700715,-0.6085825976608547,0.0,0.0
2022-05-16,9.79,9.79,0.0,0.0,0.0,3.6735240469832373,0.0,9.803,9.805000000000001,9.799666666666667,0,16,5,9.798552710972784,9.792860973078662,41.666666666666295,0.003975031095727388,0.008667171219716323,9.827941573387285,9.782058426612718,0.0015515805611658103,0.0011868343836637565,0.0012702169204276026,1864737.0,-1.307669683049401,0.0,0.0,-1,0.0,0,11.0,-0.01459410618804481,0.0,4.230515812577373,0.007244179326246032,0.018840411759569516,-0.0010204081632654294,-0.0020387359836901986,-2.2360679774988528,0.0,0.0
2022-05-17,9.79,9.79,0.0,0.0,0.0,-13.815516557946275,0.0,9.802,9.804,9.8,1,17,5,9.796997672614095,9.79267639417036,41.666666666666295,0.0029404932745471513,0.007521835630682489,9.82775311613928,9.78024688386072,0.0015515805611658103,0.0011868343836637565,0.0012702169204276026,1864737.0,-1.1787927039053934,0.0,0.0,-1,0.0,0,15.2,-0.024139858459994373,0.0,-0.2656221483657531,0.007244179326246032,0.018840411759569516,-0.0010204081632654294,-0.0020387359836901986,-2.2360679774988528,0.0,0.0
2022-05-18,9.75,9.79,-0.0010219724956930802,-0.0010219724956930802,-0.004094171532663115,6.639875833826536,-0.004094171532663115,9.796000000000001,9.801,9.799,2,18,5,9.788452641229714,9.789923078417434,31.25000000000007,-0.0010944351411872333,0.005798581476308545,9.834654592241737,9.767345407758263,0.0019344917809954072,0.0014831279567577092,0.0014763905320936753,1863972.0,-3.030789951854068,0.0,0.0,-1,0.0,0,6.0,-0.022511684438982334,-0.0010214504596526852,-0.26236921886361486,0.028085245274811266,0.02354392641640954,-0.005102040816326592,-0.006116207951070374,-1.9250898297388295,0.0030769230769230114,0.0
2022-05-19,9.75,9.75,-0.0030721990369701403,-0.0030721990369701403,0.0,0.878188347406542,0.0,9.787,9.798,9.798333333333334,3,19,5,9.781461251915221,9.787347395938891,35.71428571428608,-0.004243231647631518,0.0037902188515205326,9.83831455268144,9.75768544731856,0.0014776970707044374,0.0014831279567577092,0.0014661590774287076,1863972.0,-2.381274096194891,0.0,0.0,-1,0.0,0,13.714285714285714,0.006692168218460961,0.0,-0.257974492508544,0.029006315586187638,0.02354392641640954,-0.004085801838610736,-0.006116207951070374,-2.236067977499775,0.0,0.0
2022-05-20,9.75,9.75,0.0,0.0,0.0,1.005111081860707,0.0,9.781,9.795,9.797666666666665,4,20,5,9.775741024294271,9.78493788652348,30.769230769230347,-0.006661881541312198,0.0016997987729539866,9.840189658807825,9.749810341192175,0.0012919343813374388,0.0014831279567577092,0.0014661590774287076,1863972.0,-1.9916060969333034,0.0,0.0,-1,0.0,0,12.657142857142858,0.006914320405758682,0.0,-0.24483830912028198,0.029006315586187638,0.02354392641640954,-0.004085801838610736,-0.006116207951070374,-2.236067977499775,0.0,0.0
2022-05-23,9.79,9.75,0.003072199036970059,0.004094171532663147,0.003072199036970059,-2.5021519137442585,0.004094171532663147,9.78,9.794,9.798,0,23,5,9.778333565331677,9.785264474489706,47.05882352941128,-0.005290033092869351,0.0003018323997893192,9.838674259632297,9.749325740367704,0.001956905470679559,0.001781352743314335,0.0016423348835783085,1864384.0,-0.17907403649996126,0.0,0.0,-1,0.0,0,17.885714285714283,-0.0028314950599567104,0.0030769230769230114,-0.26560643867334427,0.04595714763969416,0.028278098136554443,0.0,-0.0020387359836901986,0.008685006901431237,0.0010214504596526852,0.0
2022-05-24,9.79,9.79,0.0010219724956929677,0.0,0.0010219724956929677,-1.6389967146756448,0.0,9.779,9.793,9.798333333333336,1,24,5,9.78045473527137,9.785569992264563,43.74999999999952,-0.00415493777750342,-0.0005895216356692288,9.837057378855176,9.748942621144822,0.001956905470679559,0.001781352743314335,0.0016423348835783085,1864384.0,-0.13618604092910752,0.0,0.0,-1,0.0,0,16.0,-0.0022412573172259443,0.0,-0.26711894487487003,0.04595714763969416,0.028278098136554443,0.0,-0.0020387359836901986,0.008685006901431135,0.0,0.0
2022-05-25,9.81,9.79,0.0020408170348527664,0.0020408170348527664,0.0020408170348527664,1.410986973710262,0.0020408170348527664,9.78,9.793,9.799333333333333,2,25,5,9.785826601585665,9.787146121795882,40.000000000000234,-0.0016228267722748768,-0.0007961826629903585,9.837057378855176,9.748942621144822,0.0020718076049173932,0.0018448597915250568,0.0016826750997329368,1864712.0,0.7717208985983028,0.0,0.0,-1,0.0,0,17.571428571428573,-0.018502022901648884,0.0020429009193055517,-0.26607904192662474,0.02911049782859704,0.0292862412729466,0.006153846153846176,0.0,1.2631482335778734,0.0,0.0
2022-05-26,9.81,9.81,0.0,0.0,0.0,-2.902641850487979,0.0,9.782,9.793,9.799000000000001,3,26,5,9.790221764933724,9.788620565550987,50.0,0.0003795146337850497,-0.0005610432036352768,9.837057378855176,9.748942621144822,0.0020350820841565347,0.0018448597915250568,0.0015048345901943546,1864712.0,0.7717208985983028,0.0,0.0,-1,0.0,0,24.11428571428572,-0.018129785301664432,0.0,-0.2674292653311762,0.02911049782859704,0.0292862412729466,0.006153846153846176,0.0,1.2631482335778734,0.0,0.0
2022-05-27,9.81,9.81,0.0,0.0,0.0,-2.890371757896165,0.0,9.783999999999999,9.794,9.798666666666668,4,27,5,9.793817807673046,9.789999883902537,54.545454545454405,0.0019439756825914145,-6.003942638993856e-05,9.838674259632297,9.749325740367704,0.0020350820841565347,0.0017814214733553673,0.0015048345901943546,1864712.0,0.7162961459996089,0.0,0.0,-1,0.0,0,29.542857142857144,-0.018103895493797588,0.0,-0.25831990016371287,0.02911049782859704,0.028279189192131467,0.006153846153846176,0.0020429009193054792,1.2631482335778734,0.0,0.0
2022-05-31,9.81,9.81,0.0,0.0,0.0,8.45638105201948,0.0,9.786,9.7945,9.798666666666668,1,31,5,9.796760024459763,9.791290213973342,54.545454545454405,0.0031475394594888684,0.0005814763507858228,9.839678010487278,9.74932198951272,0.0020350820841565347,0.0017683147970473999,0.001493279921344336,1864712.0,0.6861745275111593,0.0,0.0,-1,0.0,0,40.057142857142864,-0.018129219222430368,0.0,-0.23626509302814389,0.014503157793094888,0.028071127155978443,0.0020429009193054792,0.0010204081632652073,2.2360679774999124,0.0,0.0
2022-06-01,9.81,9.81,0.0,0.0,0.0,-6.153795959025435,0.0,9.788,9.795,9.798666666666668,2,1,6,9.799167292739805,9.792497296942804,54.545454545454405,0.004054633137007713,0.001276107708030201,9.840653154615268,9.749346845384732,0.0020350820841565347,0.0017683147970473999,0.001493279921344336,1864712.0,0.6571287406712653,0.0,0.0,-1,0.0,0,40.0,-0.018396962125109467,0.0,-0.2572042433505888,0.014503157793094888,0.028071127155978443,0.0020429009193054792,0.0010204081632652073,2.2360679774999124,0.0,0.0
2022-06-02,9.81,9.81,0.0,0.0,0.0,-2.3025850929940455,0.0,9.794,9.795,9.798666666666668,3,2,6,9.80113687587802,9.793626503591655,60.00000000000071,0.004719112421252447,0.0019647086506746504,9.840653154615268,9.749346845384732,0.001383546262658401,0.0017535770463749558,0.001493279921344336,1864712.0,0.6571287406712653,0.0,0.0,-1,0.0,0,44.82857142857143,-0.018693708473936966,0.0,-0.23788505266770435,0.0,0.02783717261699587,0.0,0.0,0.0,0.0,0.0
2022-06-03,9.81,9.81,0.0,0.0,0.0,1.3862943611198906,0.0,9.8,9.7935,9.798666666666666,4,3,6,9.802748352991106,9.794682858198646,60.00000000000071,0.00518593679014856,0.0026089542785694324,9.834679964469313,9.752320035530687,0.001383546262658401,0.0015995879346342222,0.001493279921344336,1864712.0,0.801360574863852,0.0,0.0,-1,0.0,0,35.45714285714286,-0.01894983725795011,0.0,-0.23779727349444377,0.0,0.025392671251329567,0.0,-0.0030487804878047697,0.0,0.0,0.0
2022-06-06,9.785,9.81,-0.0025516727292321587,-0.0025516727292321587,-0.0025516727292321587,10.97907427581822,-0.0025516727292321587,9.8035,9.79225,9.797833333333333,0,6,6,9.799521379719994,9.794058157669701,48.0000000000004,0.0034982813892519005,0.0027868197007059263,9.832834544634224,9.751665455365774,0.0017063621951922826,0.0015551843251178905,0.001564146995964063,1630175.0,-0.3572788639291548,0.0,0.0,-1,0.0,0,42.8,-0.026233151848940487,-0.0025484199796126763,0.7524599677971245,0.018091987104280432,0.02468778580276656,-0.0025484199796126372,-0.0025484199796126372,-2.236067977499728,0.0,0.0
2022-06-07,9.785,9.785,0.0,0.0,0.0,-10.75593072450401,0.0,9.803,9.7915,9.797,1,7,6,9.796881128861813,9.793473760400689,48.0000000000004,0.0021361777972188634,0.0026566913200085137,9.832035884038051,9.750964115961947,0.0010874196576480602,0.001541018994973647,0.001564146995964063,1630175.0,-0.3207035027975434,0.0,0.0,-1,0.0,0,45.0,-0.022899769147135176,0.0,-0.28134425492599385,0.018091987104280432,0.024462918157961786,-0.0025484199796126372,-0.001530612244898033,-2.236067977499728,0.0,0.0
2022-06-08,9.785,9.785,0.0,0.0,0.0,-0.916290731874155,0.0,9.8025,9.79075,9.796166666666666,2,8,6,9.79472092361421,9.79292706618129,70.58823529411752,0.0010446587117556305,0.0023342847983579373,9.831178624565027,9.750321375434972,0.0010874196576480602,0.001541018994973647,0.001564146995964063,1630175.0,-0.2844519229562384,0.0,0.0,-1,0.0,0,48.0,-0.022910033293766535,0.0,-0.28135797990326183,0.018091987104280432,0.024462918157961786,-0.0025484199796126372,-0.001530612244898033,-2.236067977499728,0.0,0.0
2022-06-09,9.81,9.785,0.0005108556943792623,0.002551672729232277,-0.00255820042303844,13.494095195542085,0.002551672729232277,9.8025,9.79125,9.796166666666666,3,9,6,9.797498937502535,9.794028545782497,77.2727272727272,0.0021718769928114057,0.002301803237248631,9.832401197463028,9.750098802536971,0.0012028721486534398,0.0016496717604435273,0.0016367415508773632,3080419.0,0.9112736034885371,0.0,0.0,-1,0.0,0,47.05714285714286,-0.01514537424904718,0.0005109862033724073,3.43043957322511,0.028642500416789136,0.026187727338118163,0.0,0.0010204081632652073,0.005412904991358919,0.0050968399592253525,0.0
2022-06-10,9.82,9.81,0.0030596658239557145,0.001018848789102848,0.006128721941373546,-9.383221331368775,0.001018848789102848,9.8035,9.792750000000002,9.7965,4,10,6,9.801590039774801,9.79570412347395,79.16666666666654,0.0038279952814690432,0.0026070416460927137,9.835850250335202,9.749649749664801,0.0012452570113113415,0.0016429026383867524,0.001647261034150631,3080541.0,1.2644938156075234,0.0,0.0,-1,0.0,0,40.00000000000001,-0.012589826508165378,0.0010193679918450342,-0.3551681673513585,0.02953974904605738,0.02608027085677935,0.0010193679918450993,0.00306435137895833,-0.4773750449767424,0.0,0.0
2022-06-13,9.82,9.82,0.0,0.0,0.0,0.36646295030489523,0.0,9.8045,9.794250000000002,9.797500000000001,0,13,6,9.804937305270292,9.797271599378856,68.75000000000028,0.005081899977351867,0.003102013312344544,9.839003711989644,9.74949628801036,0.0012452570113113415,0.0016429026383867524,0.0016001269161105116,3080541.0,1.1507425353212482,0.0,0.0,-1,0.0,0,25.085714285714293,-0.012319243476033163,0.0,-0.35134670413392055,0.017768923381812313,0.02608027085677935,0.0035769034236075026,0.00306435137895833,1.5338003560581923,0.0,0.0
2022-06-14,9.8,9.82,-0.0020387366898482057,-0.0020387366898482057,-0.0020387366898482057,-0.10157979281792022,-0.0020387366898482057,9.803500000000001,9.794749999999999,9.797500000000001,1,14,6,9.804039613402965,9.797447625225383,55.00000000000071,0.004410948955865024,0.0033638004410486404,9.839527226354583,9.749972773645414,0.0014184124013074514,0.00171452704530572,0.001636607649472866,3080382.0,0.23449420285338518,0.0,0.0,-1,0.0,0,20.0,-0.006551205732463306,-0.0020366598778003638,-0.260345245004514,0.026612773535612727,0.02721727306783985,0.0015329586101175963,0.0010214504596528506,-0.10860161736079939,0.0,0.0
2022-06-15,9.8,9.8,0.0010198879007453808,0.0010198879007453808,0.0,3.54487108704225,0.0,9.8025,9.79525,9.797500000000001,2,15,6,9.80330513823879,9.797612294565681,43.750000000000135,0.0038350078540645427,0.003458041923651821,9.840027226354584,9.750472773645415,0.0014184124013074514,0.00171452704530572,0.001636607649472866,3080382.0,0.21216142162923293,0.0,0.0,-1,0.0,0,29.0,-0.005270703494326479,0.0010204081632652843,-0.24481978843136987,0.026612773535612727,0.02721727306783985,0.0015329586101175963,0.0010214504596528506,-0.10860161736079939,0.0010204081632652843,0.0
2022-06-16,9.8,9.8,-0.0010198879007454116,-0.0010198879007454116,0.0,-4.113965618932217,0.0,9.8015,9.79775,9.797166666666667,3,16,6,9.802704204013553,9.797766340077574,43.750000000000135,0.003340068154887632,0.0034344471698989835,9.837150106866131,9.75834989313387,0.0014184124013074514,0.0014122665388414943,0.0016252613031294157,3080382.0,0.11421288818555202,0.0,0.0,-1,0.0,0,17.700000000000003,-0.005295523126659203,0.0,-0.2613504716567603,0.017712917158865325,0.022419036280275213,-0.0010193679918449883,0.00512820512820511,-1.2917797683339676,0.0,0.0
2022-06-17,9.89,9.8,0.0,0.00914175995809451,0.0,5.700332084455848,0.00914175995809451,9.8095,9.80475,9.798833333333333,4,17,6,9.81857616692018,9.803716898782248,73.52941176470591,0.010093718611031477,0.0047663014581254826,9.856302221862473,9.753197778137528,0.0032637649096211915,0.0024419877359614624,0.0022799024860589013,3107289.0,3.307325927771768,0.0,0.0,-1,0.0,0,16.92857142857143,-0.04307042561741312,0.0,-0.18298015232015258,0.07022199452631782,0.03876535352414214,0.007128309572301372,0.014358974358974486,2.001749676137385,0.009100101112234565,0.0
2022-06-21,9.79,9.89,0.00914175995809451,0.0,-0.0010209291341073447,0.06513762806820936,-0.01016268909220192,9.81,9.80675,9.798166666666667,1,21,6,9.813380500207417,9.80283193757049,46.29629629629606,0.007292804083952831,0.005271601983290952,9.852087912565532,9.761412087434467,0.004693426187482798,0.0034405124093902996,0.0029032789177011967,3078571.0,-0.738895950526575,0.0,0.0,-1,0.0,0,19.0,-0.005697461860075141,0.0,-0.1812033489958545,0.1091097820520782,0.05461644130727027,-0.003054989816700715,0.004102564102564044,0.08916699902129147,0.010214504596527214,0.0
2022-06-22,9.7901,9.79,-0.01016268909220192,-0.01015247463977284,0.0,-3.7975806567499686,1.0214452428898288e-05,9.81051,9.806755,9.797836666666667,2,22,6,9.809147681987886,9.802010522243362,46.316179192891596,0.005023223709930136,0.005221926328618789,9.852085156106526,9.761424843893476,0.004693412546052274,0.0033162978676444625,0.0028976754301255373,3079215.0,-0.7348309130399154,0.0,0.0,-1,0.0,0,26.0,-0.005705165610319982,0.0,-0.2676348517464763,0.10836851759220718,0.05264459658720626,-0.0010102040816326596,1.021450459659512e-05,-0.2050498572464638,1.0214400261646285e-05,0.0
2022-06-23,9.8,9.7901,0.0010209291341073648,0.0010107146816784169,0.0010209291341073648,-0.581594694654198,0.0010107146816784169,9.812009999999999,9.807255000000001,9.797836666666667,3,23,6,9.807484467080997,9.80188081113089,48.21428571428577,0.003977561323329937,0.00497305332756102,9.852024137630973,9.76248586236903,0.004702811902327612,0.003323905759664711,0.0029039068691268533,3079575.0,-0.3241072034848167,0.0,0.0,-1,0.0,0,26.742857142857144,-0.007119672428440496,0.0010112256258873779,-0.268555182635306,0.10871361393457932,0.052765368128928326,0.0,0.0010214504596528506,-0.34861342745526136,0.0,0.0
2022-06-24,9.8,9.8,0.0,0.0,0.0,-2.7950615780918397,0.0,9.811010000000001,9.806755,9.797836666666665,4,24,6,9.80612365488445,9.801759468477284,48.21428571428577,0.0031129818315687174,0.00460103902836256,9.851618323433337,9.761891676566664,0.004627228679792133,0.003290869000886521,0.0029039068691268533,3079575.0,-0.30113685224580433,0.0,0.0,-1,0.0,0,30.85714285714286,-0.007092702897478085,0.0,-0.26954466587304293,0.10871361393457932,0.05224092584182399,0.0,-0.0010193679918449883,-0.34861342745526136,0.0,0.0
2022-06-27,9.83,9.8,0.003056548482548874,0.003056548482548874,0.003056548482548874,2.4264104431063918,0.003056548482548874,9.81201,9.807755,9.79917,0,27,6,9.810464808541822,9.803581438252944,57.8947368421052,0.004793291553617962,0.004639489533413641,9.85379893668306,9.761711063316941,0.004725737620783703,0.0033635020774534126,0.00294951088877666,3079824.0,0.9662510029549278,0.0,0.0,-1,0.0,0,30.0,-0.008826464161827264,0.0030612244897958527,-0.26888435645418435,0.08147269779101401,0.05339394018714504,-0.006066734074823055,0.0020387359836899765,-1.8928885407351106,0.0,0.0
2022-06-28,9.83,9.83,0.0,0.0,0.0,-5.517452896464707,0.0,9.813010000000002,9.808755000000001,9.800503333333333,1,28,6,9.814016661534216,9.805285861591464,57.8947368421052,0.006055149124412296,0.004922621451613372,9.85586072543154,9.761649274568462,0.004725737620783703,0.0033635020774534126,0.00294951088877666,3079824.0,0.9020134943415671,0.0,0.0,-1,0.0,0,28.142857142857142,-0.020203328172956444,0.0,-0.26964771575366114,0.021090027374238065,0.05339394018714504,0.0040858018386109585,0.0020387359836899765,1.724380137895079,0.0,0.0
2022-06-29,9.83,9.83,0.0,0.0,0.0,1.0986122886681098,0.0,9.81601,9.809755000000001,9.801836666666667,2,29,6,9.816922723073448,9.806880322133951,57.8947368421052,0.0069747794248993245,0.005333053046270563,9.857811566449946,9.761698433550055,0.0046663690423704085,0.0033635020774534126,0.00294951088877666,3079824.0,0.8425487501728264,0.0,0.0,-1,0.0,0,26.542857142857144,-0.020296453755246285,0.0,-0.2688644146690178,0.021114740520053712,0.05339394018714504,0.004075545704333994,0.0020387359836899765,1.7224394395357767,0.0,0.0
2022-06-30,9.83,9.83,0.0,0.0,0.0,2.3978952727983707,0.0,9.81901,9.810755,9.803170000000001,3,30,6,9.819300409787365,9.808371914254343,53.84615384615374,0.007615802829269214,0.005789603002870293,9.859657931781774,9.761852068218227,0.0046663690423704085,0.0033635020774534126,0.00294951088877666,3079824.0,0.7870693759580526,0.0,0.0,-1,0.0,0,24.0,-0.02041136908472385,0.0,-0.26877591866278056,0.02173253797873307,0.05339394018714504,0.003061224489795844,0.0020387359836899765,2.23606797749985,0.0,0.0
2022-07-01,9.83,9.83,0.0,0.0,0.0,-3.4965075614664802,0.0,9.82201,9.811755000000002,9.805836666666668,4,1,7,9.821245789826024,9.809767274625031,51.99999999999994,0.008031239367403131,0.0062379302757768615,9.8614051645729,9.762104835427103,0.0046663690423704085,0.0033635020774534126,0.0028399457916464003,3079824.0,0.7349421762020576,0.0,0.0,-1,0.0,0,24.0,-0.020527947329842713,0.0,-0.26887745250230843,0.02173253797873307,0.05339394018714504,0.003061224489795844,0.0020387359836899765,2.23606797749985,0.0,0.0
2022-07-05,9.78,9.83,-0.004077477616656262,-0.004077477616656262,-0.005099450112349249,9.620394932418154,-0.005099450112349249,9.81101,9.810255000000002,9.806836666666667,1,5,7,9.8137465553122,9.807846805294384,43.33333333333323,0.004276595750642542,0.0058456633707499985,9.861900980125936,9.758609019874067,0.0037438602652502474,0.003558674023674056,0.0030041023453198463,3064755.0,-1.1716303931584688,0.0,0.0,-1,0.0,0,22.0,-0.0007601430749459111,-0.004069175991861742,-0.22496651212480384,0.03611035472899093,0.05649219878272282,-0.0050864699898270915,-0.003058103975535298,-2.236067977499778,0.0010224948875255406,0.0
2022-07-06,9.78,9.78,-0.0010219724956930802,-0.0010219724956930802,0.0,-6.912344731315945,0.0,9.81001,9.810005,9.807836666666669,2,6,7,9.807610817982708,9.806050237210876,46.428571428571225,0.0012861872674196917,0.004933768150083937,9.862211088574238,9.757798911425763,0.002004583398528368,0.00351350528664081,0.0030041023453198463,3064755.0,-1.1494827833092127,0.0,0.0,-1,0.0,0,22.0,0.05448227455693786,0.0,-0.23618087949689515,0.03611035472899093,0.05577516731137377,-0.0050864699898270915,-0.0005109862033726431,-2.236067977499778,0.0,0.0
2022-07-07,9.79,9.78,0.0010219724956929677,0.0010219724956929677,0.0010219724956929677,4.932072971593153,0.0010219724956929677,9.809999999999999,9.810255000000002,9.807836666666667,3,7,7,9.80440885107676,9.80501473803598,48.27586206896526,-0.0002736619689205355,0.0038922821262830434,9.862002788155227,9.758507211844776,0.002036100254386624,0.0035212374236012135,0.002914117226784514,3066835.0,-0.7828353915048379,0.0,0.0,-1,0.0,0,27.0,0.018412781101448342,0.0010224948875255406,-0.23013614428995885,0.03857088440311074,0.055897911180375674,-0.00406917599186174,0.00051098620337231,-2.0409740012482476,0.0,0.0
2022-07-08,9.79,9.79,0.0,0.0,0.0,1.1096092916754459,0.0,9.809000000000001,9.810505000000001,9.807836666666667,4,8,7,9.801789059971894,9.804046045259465,48.27586206896526,-0.001492647416551307,0.0028152962177161733,9.861785260899351,9.75922473910065,0.002005221441090048,0.0035212374236012135,0.002914117226784514,3066835.0,-0.7997229202966739,0.0,0.0,-1,0.0,0,31.342857142857145,0.012852247193809474,0.0,-0.2180877241926693,0.03857088440311074,0.055897911180375674,-0.00406917599186174,0.00051098620337231,-2.0409740012482476,0.0,0.0
2022-07-11,9.79,9.79,0.0010209291341073648,0.0010209291341073648,0.0,0.9173363096510792,0.0,9.807999999999998,9.809505,9.807170000000001,0,11,7,9.799645594522458,9.803139848791112,25.0,-0.0024306827682085697,0.001766100420531225,9.861600276076476,9.757409723923523,0.002005221441090048,0.0034708541293570956,0.002888589473843136,3066835.0,-0.748820295005908,0.0,0.0,-1,0.0,0,30.0,0.009926165145221988,0.0010214504596528667,1.1717189612714833,0.03857088440311074,0.0550981011795629,-0.00406917599186174,-0.0020387359836901986,-2.0409740012482476,0.0010214504596528667,0.0
2022-07-12,9.8,9.79,0.0,0.0,0.0010209291341073648,-1.8426228431442695,0.0010209291341073648,9.805,9.808505,9.806836666666666,1,12,7,9.79971003188201,9.802937277901364,54.54545454545514,-0.0023401898640305063,0.0009448423636188787,9.86051979445423,9.75649020554577,0.0017331839093875758,0.003470889391519955,0.0028953817500522562,3069336.0,-0.3270223439019262,0.0,0.0,-1,0.0,0,30.314285714285717,-0.009029651256447821,0.0010214504596528667,-0.3014409167944513,0.008885876555844484,0.0550986609490446,0.002044989775051187,-0.0020366598778003286,0.6085826057572116,0.0,0.0
2022-07-13,9.8,9.8,0.0,0.0,0.0,-2.3479823789461083,0.0,9.802,9.807505,9.806503333333332,2,13,7,9.799762753358007,9.802747776101278,54.50409463148312,-0.0022426220346716264,0.00030734948396077776,9.859358050461045,9.755651949538956,0.0017331839093875758,0.003470889391519955,0.0028953817500522562,3069336.0,-0.28947187998662877,0.0,0.0,-1,0.0,0,27.0,0.00316571614620018,0.0,-0.5516111396443952,0.008885876555844484,0.0550986609490446,0.002044989775051187,-0.0020366598778003286,0.6085826057572116,0.0,0.0
2022-07-14,9.81,9.8,0.0010198879007453808,0.0010198879007453808,0.0010198879007453808,2.4024493603656216,0.0010198879007453808,9.8,9.808005,9.806503333333332,3,14,7,9.801624070929277,9.803215661514098,54.545454545454405,-0.0013429022591360251,-2.2700864658582807e-05,9.859746074999613,9.756263925000386,0.0017824256602229607,0.003448176921544498,0.0029017322730870085,3071977.0,0.07711474877612146,0.0,0.0,-1,0.0,0,26.0,0.0021559194384542864,0.0010204081632652843,-0.30197429125669506,0.008876804697702407,0.054738111665754124,0.0020429009193054792,0.0010204081632652073,0.6085826017035337,0.0,0.0
2022-07-15,9.81,9.81,0.0,0.0,0.0,-0.06249592860533115,0.0,9.798,9.808505,9.806503333333332,4,15,7,9.803146967123952,9.803653360771253,54.545454545454405,-0.0006226898736407804,-0.00014269866645502235,9.860113464218168,9.756896535781832,0.0017824256602229607,0.003448176921544498,0.0029017322730870085,3071977.0,0.05793623285050102,0.0,0.0,-1,0.0,0,33.0,0.03381061550831881,0.0,-0.30217597524682005,0.008876804697702408,0.054738111665754124,0.0020429009193054792,0.0010204081632652073,0.6085826017035337,0.0,0.0
2022-07-18,9.81,9.81,0.0,0.0,0.0,-3.028925240909755,0.0,9.796000000000001,9.809004999999999,9.806503333333332,0,18,7,9.804392973101415,9.804062821366657,37.50000000000056,-5.132472975155622e-05,-0.00012442387911432913,9.860460058571942,9.757549941428056,0.0017824256602229607,0.003448176921544498,0.0029017322730870085,3071977.0,0.03867452598893563,0.0,0.0,-1,0.0,0,35.885714285714286,0.05623982228651148,0.0,-0.5640611275108767,0.008876804697702408,0.054738111665754124,0.0020429009193054792,0.0010204081632652073,0.6085826017035337,0.0,0.0
2022-07-19,9.81,9.81,0.0,0.0,0.0,-4.787491742782046,0.0,9.799000000000001,9.805005,9.806503333333334,1,19,7,9.80541243253752,9.804445865149454,37.50000000000056,0.00039691092121252325,-2.0156919048958656e-05,9.839636927769947,9.770373072230052,0.0004934080362925227,0.002698851751533765,0.0029017322730870085,3071977.0,0.2884621400911692,0.0,0.0,-1,0.0,0,39.0,0.057378486810699895,0.0,-0.5156494558454591,0.007244179326244605,0.042842943359936554,0.0010204081632652073,-0.008088978766430777,2.2360679775014147,0.0,0.0
2022-07-20,9.81,9.81,0.0,0.0,0.0,0.0,0.0,9.802,9.806005,9.807336666666666,2,20,7,9.806246535712514,9.804804196430135,37.50000000000056,0.0007435694976525298,0.00013258836429133904,9.839961038142372,9.77204896185763,0.0004934080362925227,0.0014360719572398825,0.002861454690425881,3071977.0,0.23530424740657852,0.0,0.0,-1,0.0,0,44.0,0.08212573785097071,0.0,-0.5147365182669029,0.007244179326244605,0.02279693558190307,0.0010204081632652073,0.0020429009193054792,2.2360679775014147,0.0,0.0
2022-07-21,9.8,9.81,-0.0010198879007454116,-0.0010198879007454116,-0.0010198879007454116,7.736307096548285,-0.0010198879007454116,9.803,9.8065,9.807836666666667,3,21,7,9.8051108019466,9.804494248273354,33.33333333333398,0.00020897357323690358,0.00014786540608045193,9.839761325732509,9.77323867426749,0.0005791906474573205,0.0014578626361503944,0.0028685916903501843,3069687.0,-0.3908443128378483,0.0,0.0,-1,0.0,0,48.2,0.07544611477054065,-0.0010193679918450342,-0.04684824197275831,0.007236794841712449,0.02314285188568192,-0.0010193679918449883,0.001011225625887402,-2.2360679774981596,0.0,0.0
2022-07-22,9.82,9.8,0.002038736689848309,0.002038736689848309,0.0010198879007453808,2.5009347165420066,0.002038736689848309,9.806000000000001,9.807500000000001,9.809003333333333,4,22,7,9.807817928865399,9.805494619352492,45.454545454545595,0.0013831907427324097,0.00039493047341084356,9.841138949855472,9.77386105014453,0.0008399901646887941,0.0015107528577954091,0.0028913495717746212,3097611.0,0.7431861014511771,0.0,0.0,-1,0.0,0,42.0,0.08322228211615922,0.0020408163265305686,3.276222929857162,0.017740021860324466,0.023982458125240684,0.0010193679918450993,0.0020408163265306367,1.2946877408167723,0.0010183299389001819,0.0
2022-07-25,9.855,9.82,0.0,0.0035578182383089792,0.001018848789102848,-0.32653041546484435,0.0035578182383089792,9.812500000000002,9.81025,9.810503333333335,0,25,7,9.816396487253506,9.80868851487814,89.47368421052661,0.005079421394130534,0.0013318286575547816,9.849783463506917,9.770716536493083,0.0013165405283783005,0.0016967264914055492,0.0029262800583700756,3117756.0,2.2639048558025414,0.0,0.0,-1,0.0,0,42.2,0.09574057336142357,0.0,1.8789223232692276,0.02938037615580553,0.02693469803492553,0.004587155963302836,0.0056122448979591955,0.7335665229285493,0.003551496702181648,0.0
2022-07-26,9.83,9.855,0.0030503328176228754,-0.000507485420686068,0.0010178117927006245,2.1522584811852803,-0.0025400064456083974,9.8155,9.81025,9.810836666666667,1,26,7,9.818869853207413,9.810063449402133,70.83333333333346,0.005923141461245507,0.0022500912182929268,9.849783463506917,9.770716536493083,0.0016479525459695958,0.0016755948274599789,0.002961939741255855,2944423.0,0.9991535397117327,0.0,0.0,-1,0.0,0,42.0,0.08426967899635432,-0.0005073566717403127,4.1545947387161535,0.03847970477966731,0.026599243269391715,0.0020387359836899765,0.0,0.2093423801714742,0.0020345879959307806,0.0
2022-07-27,9.83,9.83,-0.0020325210249222464,-0.0020325210249222464,0.0,-9.665074606012357,0.0,9.8185,9.81025,9.81117,2,27,7,9.820893516260611,9.811349678472965,68.18181818181841,0.006516675514269821,0.003103408077488306,9.849783463506917,9.770716536493083,0.0016479525459695958,0.0016755948274599789,0.002961939741255855,2944423.0,0.9991535397117327,0.0,0.0,-1,0.0,0,46.62857142857143,0.08297934417588146,0.0,-0.3520106806759241,0.03847970477966731,0.026599243269391715,0.0020387359836899765,0.0,0.2093423801714742,0.0,0.0
2022-07-28,9.83,9.83,0.0,0.0,0.0,1.8067973465925955,0.0,9.8205,9.81025,9.812170000000002,3,28,7,9.822549240576862,9.812552925023097,68.18181818181841,0.006907430963057237,0.0038642126546020923,9.849783463506917,9.770716536493083,0.0016303627847229093,0.0016755948274599789,0.002935970660298457,2944423.0,0.9991535397117327,0.0,0.0,-1,0.0,0,48.48571428571429,0.08154378068775754,0.0,-0.35064860033462336,0.036735550195103925,0.026599243269391715,0.003061224489795844,0.0,-0.1054980713632524,0.0,0.0
2022-07-29,9.83,9.83,0.0,0.0,0.0,3.1270223503355,0.0,9.8225,9.81025,9.813170000000001,4,29,7,9.823903924108341,9.813678542763544,68.18181818181841,0.007134861232470868,0.004518342370175847,9.849783463506917,9.770716536493083,0.0016303627847229093,0.0016755948274599789,0.002935970660298457,2944423.0,0.9991535397117327,0.0,0.0,-1,0.0,0,52.0,0.06917264796247193,0.0,-0.3148176715787456,0.03453149803489714,0.026599243269391715,0.0010183299389001643,0.0,0.6979057870718184,0.0,0.0
2022-08-01,9.83,9.83,0.0,0.0,0.0,-0.6359160526679741,0.0,9.8245,9.81025,9.814169999999999,0,1,8,9.825012301543188,9.814731540004606,64.99999999999974,0.0072317383810727165,0.005061021572355221,9.849783463506917,9.770716536493083,0.0016303627847229093,0.0016755948274599789,0.002935970660298457,2944423.0,0.9991535397117327,0.0,0.0,-1,0.0,0,59.08571428571429,0.0642960311875466,0.0,-0.3347063044898693,0.018009375291019352,0.026599243269391715,-0.0025367833587012223,0.0,-2.2360679774996823,0.0,0.0
2022-08-02,9.83,9.83,0.001016776905086811,0.001016776905086811,0.0,2.660976733147237,0.0,9.8265,9.81275,9.81217,1,2,8,9.825919155808062,9.815716601939794,64.99999999999974,0.007225226307969734,0.005493862519478124,9.850513112048528,9.77498688795147,0.0016303627847229093,0.0011735096739108654,0.0023836703993166068,2944423.0,0.9135899593144333,0.0,0.0,-1,0.0,0,57.0,0.062124387928838704,0.0010172939979653903,-0.0498703198949344,0.0,0.018628888549779916,0.0,0.005112474437627856,0.0,0.0010172939979653903,0.0
2022-08-03,9.83,9.83,-0.002034588697787463,0.0,-0.0010178117927006035,-0.16449742104795415,0.0,9.828500000000002,9.81525,9.813503333333333,2,3,8,9.826661127479323,9.816638111492066,61.111111111110894,0.007137785495048732,0.005822647114592246,9.850415024489958,9.780084975510043,0.0016303627847229093,0.0011735096739108654,0.0014759644223401262,2944423.0,0.838901733409097,0.0,0.0,-1,0.0,0,60.0,0.06352292478666205,-0.0010172939979653903,-0.10867501234048278,0.0,0.018628888549779916,0.0,0.005112474437627856,0.0,0.0020345879959307806,0.0
2022-08-04,9.845,9.83,0.0,0.0010157441198354218,0.0,-0.6408768664117998,0.0015247779320136992,9.833,9.818,9.815333333333333,3,4,8,9.829995467937628,9.818467910750643,66.66666666666666,0.008184516647375517,0.006295021021148901,9.853451968990088,9.782548031009911,0.001616625238486883,0.0011960082875371561,0.0014972644459796418,2949597.0,1.523187612374908,0.0,0.0,-1,0.0,0,61.51428571428571,0.0748261131305426,-0.0010172939979653903,-0.23431741559696745,0.010833106418697894,0.018986042968773282,0.0015259409969481386,0.005617977528090012,2.2360679775002756,0.003047232097511362,0.0
2022-08-05,9.83,9.845,0.0020345886977874567,0.001014713430546605,0.0010178117927006245,2.8945506189711314,-0.0015247779320136923,9.834,9.82,9.816333333333334,4,5,8,9.829996291948968,9.819211916508667,58.33333333333309,0.007714753115466877,0.006578967440012497,9.853245498310386,9.786754501689614,0.0016221502696598085,0.0012615648880225437,0.0015205200250207722,2856075.0,0.6015852075151975,0.0,0.0,-1,0.0,0,63.31428571428573,0.06549103089890147,-0.0005078720162519838,1.7822733849582957,0.017115599454133584,0.02002672173887219,0.0,0.0040858018386109585,0.0032345402533513765,0.003051881993896171,0.0
2022-08-08,9.845,9.83,0.0010157441198354218,-0.0010147134305464591,0.0015247779320136992,-2.746437233506914,0.0015247779320136992,9.833,9.822750000000001,9.817833333333335,0,8,8,9.832724238867337,9.820875663830689,62.96296296296287,0.008455368546416153,0.006954247661293229,9.854617323637244,9.790882676362758,0.0012161851461753598,0.0012942560622411132,0.0015423220636092423,2862075.0,1.3964147258351247,0.0,0.0,-1,0.0,0,64.0,0.07739998857536107,0.0020345879959307806,-0.28468364140100105,0.02025365489145951,0.020545678041166318,0.0015259409969481386,0.005617977528090012,-0.5103816886664992,0.0005078720162518034,0.0
2022-08-09,9.85,9.845,0.0,0.0,0.0005077430929086551,2.490557321296815,0.0005077430929086551,9.834999999999999,9.82525,9.8185,1,9,8,9.835865286346003,9.822754653260967,64.28571428571392,0.009338125723983737,0.007431023273831331,9.857445946132703,9.793054053867298,0.0008706157413303481,0.0012838436945579058,0.001443645601330294,2934483.0,1.5374606416588366,0.0,0.0,-1,0.0,0,64.0,0.07611066984650335,0.0005078720162518034,1.164825511691986,0.02009106988008131,0.020380386828471524,0.0020345879959307034,0.005102040816326481,-0.9176648773026914,0.0,0.0
2022-08-10,9.84,9.85,0.0,0.0,-0.0010157441198354164,-1.008952780372599,-0.0010157441198354164,9.836,9.82725,9.818833333333334,2,10,8,9.836617052464911,9.823867256276388,64.28571428571392,0.009125606410409048,0.007769939901146875,9.857767466957224,9.796732533042775,0.0009523535076121022,0.0013141798240023548,0.0014571490293162992,2908083.0,0.8355870438311126,0.0,0.0,-1,0.0,0,65.11428571428571,0.0631922353725891,0.0,0.08261987917524796,0.02253197416577072,0.02086195795397318,0.0010172939979653517,0.004081632653061051,-0.33875255770297247,0.0010162601626016044,0.0
2022-08-11,9.86,9.84,1.0152232729842126e-05,0.001014713430546605,0.0010258963525652828,-3.3395038126568153,0.0020304575503819213,9.839,9.82975,9.819833333333333,3,11,8,9.840868497471291,9.826198401032752,64.28571428571392,0.010450548755494893,0.008306061672016479,9.862432684937879,9.797067315062122,0.0011287070252807194,0.0013657275543403383,0.0015020296246038094,2909019.0,1.851133103507037,0.0,0.0,-1,0.0,0,65.0,0.07947487088087851,0.001026422764227597,-0.5013587199091041,0.02459654842581804,0.021680252804717925,0.001523616048755505,0.0050968399592252744,-0.16199367013297916,0.0010040567951318479,0.0
2022-08-12,9.85,9.86,0.0010045611978166677,0.0,-1.0152232729894992e-05,6.8376319610890395,-0.0010147134305464591,9.841000000000001,9.831750000000001,9.8205,4,12,8,9.842528770658328,9.827733988062896,47.826086956521394,0.010571793626937165,0.008759208063000616,9.86423886448926,9.799261135510744,0.0012023547343119518,0.0013942298770200296,0.0015157707400316569,2036406.0,1.1234618560480782,0.0,0.0,-1,0.0,0,68.0,0.06621710470342636,0.0,4.142570508233477,0.022375538920900113,0.022132713150306998,0.0020345879959307034,0.004077471967380175,-0.008824970684226245,0.0010152284263959175,0.0
2022-08-15,9.85,9.85,-0.0010147134305464591,-0.0010147134305464591,0.0,-10.213511534766905,0.0,9.843,9.83375,9.821166666666667,0,15,8,9.843887175993176,9.829170504962065,61.111111111110894,0.010546309766933604,0.009116628403787214,9.865518074010362,9.801981925989638,0.0012023547343119518,0.0013942298770200296,0.0015157707400316569,2036406.0,1.0230396715078884,0.0,0.0,-1,0.0,0,66.0,0.06872376555195263,0.0,-0.34007031397216864,0.02007379022326096,0.022132713150306998,0.000507872016251909,0.004077471967380175,0.9214698532092178,0.0,0.0
2022-08-16,9.85,9.85,0.0,0.001014713430546605,0.0,3.544575964507503,0.0,9.844999999999999,9.83575,9.823500000000001,1,16,8,9.84499859853987,9.83051434335161,61.111111111110894,0.010406157913461556,0.009374534305722083,9.866232954685003,9.805267045314999,0.0012023547343119518,0.0013942298770200296,0.0011625496665630904,2036406.0,0.9349487375650894,0.0,0.0,-1,0.0,0,67.0,0.06626772536885546,0.0,-0.3348611417641589,0.019748335827225204,0.022132713150306998,0.0,0.004077471967380175,1.362484270220575,0.0010152284263959175,0.0
2022-08-17,9.85,9.85,0.0,-0.0010147134305464591,0.0,-7.010311867307229,0.0,9.847,9.83775,9.825833333333332,2,17,8,9.845907944259894,9.831771482490215,61.111111111110894,0.010177763636088244,0.009535180171795317,9.86630742137872,9.80919257862128,0.0012023547343119518,0.0013942298770200296,0.0011625496665630904,2036406.0,0.8579205970695988,0.0,0.0,-1,0.0,0,67.0,0.06400713643512951,0.0,-0.3405488941880051,0.01766345278635773,0.022132713150306998,0.00101626016260159,0.004077471967380175,1.296126796029142,0.0,0.0
2022-08-18,9.89,9.85,0.004052690450623289,0.004052690450623289,0.004052690450623289,5.356586274672012,0.004052690450623289,9.8515,9.84225,9.829166666666667,3,18,8,9.853924681667186,9.835528161039234,73.07692307692312,0.013073719531181638,0.010242888043672582,9.873951734968495,9.810548265031505,0.0016831501112596283,0.0016062093816928851,0.0013503910220029785,2036618.0,3.012453422341377,0.0,0.0,-1,0.0,0,66.37142857142858,0.09496196833055981,0.00406091370558385,-0.33886745894700837,0.03141300480201819,0.02549778346474918,0.0030425963488844854,0.009183673469387754,1.9444992479889318,0.0,0.0
2022-08-19,9.88,9.89,0.0,0.0030287756621605686,-0.0010116338748442624,3.8784467098945417,-0.0010116338748442624,9.8565,9.84525,9.832166666666668,4,19,8,9.858665648636789,9.838397311939929,67.85714285714303,0.014395921790514521,0.011073494793040971,9.879351242453245,9.811148757546755,0.0016228505819029632,0.0015928805829373983,0.0013716131392642861,2026368.0,2.038048909663324,0.0,0.0,-1,0.0,0,63.71428571428572,0.08430356983387662,0.0,-0.2824420292265405,0.03140299368609489,0.025286195344055705,0.0030456852791880262,0.006109979633401208,1.946111283986365,0.00404858299595133,0.0
2022-08-22,9.88,9.88,-0.0010116338748442624,-0.004040409537004863,0.0,-7.6255950721324535,0.0,9.86,9.8465,9.835166666666668,0,22,8,9.862544621611917,9.841081356330902,67.85714285714303,0.01526777915277755,0.011912351664988288,9.883789761541241,9.80921023845876,0.001587935439119887,0.0013964187393860205,0.0013716131392642861,2026368.0,1.7967398350323003,0.0,0.0,-1,0.0,0,60.31428571428573,0.08215504130801084,0.0,-0.3293387083222275,0.03140299368609489,0.02216746026315436,0.0030456852791880262,0.0025367833587011113,1.946111283986365,0.0,0.0
2022-08-23,9.88,9.88,0.0,0.0,0.0,-1.6094379124341003,0.0,9.863000000000001,9.849,9.837833333333334,1,23,8,9.865718326773386,9.843592236567618,67.85714285714303,0.015776866497539288,0.012685254631498489,9.888283048440135,9.809716951559865,0.001590660413571017,0.0012491099896136068,0.0013659065838159373,2026368.0,1.578288917533594,0.0,0.0,-1,0.0,0,57.42857142857144,0.08031784898930851,0.0,-0.28680449710578526,0.03140299368609489,0.019829006356104465,0.0030456852791880262,0.0050864699898272026,1.946111283986365,0.0,0.0
2022-08-24,9.84,9.88,-0.003041056575779046,-0.003041056575779046,-0.005073577600701339,6.932447891572509,-0.00405680069561443,9.863000000000001,9.849499999999999,9.839166666666667,2,24,8,9.861042267360043,9.843360479369707,48.48484848484826,0.012805047562551408,0.012709213217709073,9.888011789035955,9.810988210964043,0.00208337633820923,0.0015774237088683942,0.0015773388412990022,2025343.0,-0.49335542377059505,0.0,0.0,-1,0.0,0,57.51428571428571,0.07199883370642295,-0.0030364372469636777,-0.2818028981637919,0.04608045614588171,0.02504082507505754,-0.0010152284263958977,0.0010172939979653517,0.33750887967745213,0.002032520325203209,0.0
2022-08-25,9.84,9.84,-0.0010157441198354164,-0.0010157441198354164,0.001016776905086811,-4.9865377425171955,0.0,9.861,9.85,9.840166666666669,3,25,8,9.857216400567307,9.843143674249081,53.33333333333326,0.010330772926165466,0.012233525159400353,9.887696851746428,9.812303148253571,0.001958678662491571,0.0015774237088683942,0.0015686098107838555,2025343.0,-0.5305482838336631,0.0,0.0,-1,0.0,0,58.0,0.07455577336853733,0.0,-0.28703546540869357,0.027829408002785033,0.02504082507505754,-0.005055611729019249,0.0010172939979653517,-1.9250844722029392,0.0,0.0
2022-08-26,9.84,9.84,0.004056800695614469,0.004056800695614469,0.0,7.455050582529519,0.0,9.86,9.8505,9.841166666666668,4,26,8,9.854086145918705,9.842940856555593,48.148148148147854,0.008274509060891333,0.01144172193969855,9.88733533772448,9.81366466227552,0.00193805900392466,0.0015774237088683942,0.0015686098107838555,2025343.0,-0.570104722727848,0.0,0.0,-1,0.0,0,55.0,0.07171529722747896,0.004065040650406598,-0.22756867275119133,0.02874208801505935,0.02504082507505754,-0.004048582995951455,0.0010172939979653517,-2.2360679774997636,0.004065040650406598,0.0
2022-08-29,9.84,9.84,-0.004046638145627381,-0.004046638145627381,0.0,-0.7846464493007878,0.0,9.859,9.851,9.842166666666666,0,29,8,9.85152502847894,9.842751123874587,46.15384615384626,0.006569179718459495,0.010467213495450739,9.886923896166797,9.815076103833205,0.00193805900392466,0.0015774237088683942,0.0015686098107838555,2025343.0,-0.6124057339954143,0.0,0.0,-1,0.0,0,54.0,0.07351528871883105,1.0162601625992575e-05,-0.2628262391557893,0.02874208801505935,0.02504082507505754,-0.004048582995951455,0.0010172939979653517,-2.2360679774997636,1.0162601625992575e-05,0.0
2022-08-30,9.84,9.84,-1.0162549987156568e-05,-1.0162549987156568e-05,0.0,-2.946433359303525,0.0,9.858,9.8515,9.843166666666667,1,30,8,9.849429568755497,9.84257363201171,50.0,0.005158233028879522,0.009405417402136495,9.886458622157791,9.816541377842208,0.00193805900392466,0.0015774237088683942,0.0015686098107838555,2025343.0,-0.6579206667867389,0.0,0.0,-1,0.0,0,49.8,0.07282276611142459,0.0,-0.2866881319904671,0.02874208801505935,0.02504082507505754,-0.004048582995951455,0.0010172939979653517,-2.2360679774997636,0.0,0.0
2022-08-31,9.85,9.84,0.0010157441198354218,0.001523229540521638,0.0010157441198354218,4.12306605385624,0.0010157441198354218,9.858,9.852500000000001,9.844500000000002,2,31,8,9.849533283527224,9.843052752527084,45.454545454545595,0.004791727981157123,0.00848267951794062,9.885982124060346,9.819017875939656,0.0019702556799855828,0.0015919609780217139,0.0015772589118242758,2043250.0,-0.1493334171688481,0.0,0.0,-1,0.0,0,52.08571428571429,0.07607603773329953,0.0010162601626016044,-0.19799966156236706,0.007214731442805051,0.025271597068587705,0.00101626016260159,0.0020345879959307034,2.236067977501434,0.0005076142131980489,0.0
2022-09-01,9.86,9.85,0.0005074854206861582,0.0005072280098604675,0.0005074854206861582,0.481448744998822,0.001014713430546605,9.855,9.85325,9.846499999999999,3,1,9,9.85143632288591,9.84414612333179,54.545454545454405,0.0052476943627866035,0.007835682486909818,9.886696736919163,9.819803263080836,0.001436038396228259,0.0015719020502259595,0.0015695523683773786,2072231.0,0.4036268181445775,0.0,0.0,-1,0.0,0,49.371428571428574,0.07864027916024192,0.0005076142131980489,-0.1471909780012786,0.008831721847959167,0.024953171461502704,0.00203252032520318,0.001523616048755505,0.6085825816200784,0.0005070993914806294,0.0
2022-09-02,9.86,9.86,0.005565407737213151,0.005058179727352745,0.0005072280098604675,-0.7790267948731813,0.0,9.853,9.85475,9.847833333333334,4,2,9,9.85299335508847,9.845168954084578,54.545454545454405,0.005545130196111359,0.007377572028750127,9.886451734968507,9.823048265031492,0.0014160834394085543,0.0015264961570430563,0.0015309786373949145,2072231.0,0.33121215638296697,0.0,0.0,-1,0.0,0,42.457142857142856,0.08327503585500755,0.005070993914807375,-0.2074551126371359,0.008831721847959167,0.024232375252990355,0.00203252032520318,0.003051881993896277,0.6085825816200784,0.005070993914807375,0.0
2022-09-06,9.86,9.86,-0.0050581797273526385,-0.0050581797273526385,0.0,-7.0974736541640295,0.0,9.851,9.855500000000001,9.848,1,6,9,9.85426729052693,9.846125795756542,54.545454545454405,0.005714971601751273,0.007045051943350356,9.88693916431213,9.824060835687872,0.0014160834394085543,0.0014920332723131534,0.001387386138118904,2072231.0,0.28626715108087847,0.0,0.0,-1,0.0,0,40.0,0.08308282209499163,0.0,-0.2744345042853309,0.008831721847959167,0.023685293918247103,0.00203252032520318,0.001523616048755505,0.6085825816200784,0.0,0.0
2022-09-07,9.88,9.86,0.0020263431452324674,0.0020364645515006854,0.0020263431452324674,7.1844223631249875,0.0020263431452324674,9.850999999999999,9.857000000000001,9.849666666666668,2,7,9,9.858945964976579,9.848311228288377,61.53846153846175,0.007378351944041128,0.007111711943488511,9.89015037508739,9.823849624912611,0.0015835572354060946,0.0015526420176974456,0.0013473080536996692,2086737.0,1.3876162751925751,0.0,0.0,-1,0.0,0,39.62857142857143,0.08389053161694802,0.002028397565923058,-0.18450914307846,0.013473088276861804,0.02464742792362193,0.004065040650406582,0.0030456852791880262,0.5085258428658916,1.0121457489854953e-05,0.0
2022-09-08,9.88,9.88,0.0015170672947524924,0.0015069458884843098,0.0,-0.4282302054979734,0.0,9.855,9.859,9.851333333333335,3,8,9,9.862773971344474,9.850355665172998,44.44444444444466,0.008597486378098651,0.00740886683041054,9.892654592241787,9.825345407758213,0.0007094287688152391,0.0015288444076383954,0.0013473080536996692,2086737.0,1.247972333114528,0.0,0.0,-1,0.0,0,40.0,0.08361392740041228,0.001518218623481659,-0.20605625842168457,0.014402023373116978,0.024269652575538314,0.0030456852791880262,0.004065040650406582,1.2564585116572955,0.001518218623481659,0.0
2022-09-09,9.88,9.88,-0.0015170672947524663,-0.0015170672947524663,0.0,-5.222261797701059,0.0,9.859,9.86,9.853,4,9,9,9.86590597655457,9.852268202903772,50.0,0.00945467163124114,0.00781802779057666,9.894943563521664,9.825056436478334,0.0007094287688152391,0.0014672099017933203,0.0013473080536996692,2086737.0,1.1447029429383495,0.0,0.0,-1,0.0,0,43.0,0.08323731661689299,0.0,-0.2542949274867436,0.014400194198215024,0.023291235127659758,0.0020283975659229903,0.0020283975659229903,2.236067977499998,0.0,0.0
2022-09-12,9.885,9.88,0.0005059448628037495,0.0005059448628037495,0.0,5.356493780568446,0.0005059448628037495,9.8635,9.861749999999999,9.854833333333334,0,12,9,9.86937761718101,9.854379931748692,52.94117647058763,0.010417370372236334,0.008337896306908595,9.898063691777896,9.825436308222102,0.0006951563956537878,0.0014455404844685453,0.0013482738358347064,2097548.0,1.2805087481715505,0.0,0.0,-1,0.0,0,47.0,0.0838694341789528,0.0005060728744938264,0.5588006407083953,0.013942929982450369,0.022947243791877583,0.002535496957403627,0.0035532994923856975,1.9256688331288718,0.0005058168942841685,0.0
2022-09-13,9.9,9.885,0.0005056890120406605,0.001516300517964008,0.0010116338748442258,0.9233878629126857,0.001516300517964008,9.869499999999999,9.86425,9.857166666666668,1,13,9,9.874945323148099,9.857323161958455,59.999999999999645,0.012249486247691621,0.0091202142950652,9.90388982580042,9.82461017419958,0.0007480232555619959,0.001475205288818204,0.0013693210864831218,2124768.0,1.803741529036809,0.0,0.0,-1,0.0,0,36.0,0.08282848402990992,0.0005058168942843481,2.125552977219149,0.014613064482779605,0.023418157961881087,0.0040567951318459805,0.005076142131979822,0.57042646348422,0.0010101010101009886,0.0
2022-09-14,9.91,9.9,0.0010106115059234598,0.0010095912013522745,0.0010106115059234598,-3.5233525622586956,0.0010095912013522745,9.8765,9.86725,9.859833333333334,2,14,9,9.881318900757536,9.860721667638554,99.99999800000003,0.01434303018147709,0.010164777472347578,9.911196738098381,9.82330326190162,0.0007245804229772117,0.0014833119645896115,0.001375684661298322,2125571.0,1.945536886232513,0.0,0.0,-1,0.0,0,41.0,0.08316291547753324,0.0,-0.7393037230701056,0.01046542741233044,0.02354684745018455,0.0030364372469635637,0.006091370558375608,0.5428471605448455,0.0010090817356205638,0.0
2022-09-15,9.9,9.91,0.0,-0.0010095912013523254,0.0,3.5796023259940113,-0.0010095912013523254,9.881499999999999,9.86975,9.862166666666667,3,15,9,9.884715464256166,9.863255753597358,87.50000000000028,0.015022097022121983,0.011136241382302459,9.915227004021274,9.824272995978726,0.0008927963715303039,0.0015111239094525823,0.001394746705303512,2096776.0,1.3303426930168922,0.0,0.0,-1,0.0,0,40.0,0.08214701406851038,-0.0010090817356205638,1.9401549865973116,0.015426807199898678,0.023988348387691316,0.002024291497975561,0.005076142131979822,-0.5873618980854477,0.0,0.0
2022-09-16,9.9,9.9,0.0,0.0,0.0,-4.959689342539568,0.0,9.8855,9.87025,9.864,4,16,9,9.887494470755044,9.865626350139465,87.50000000000028,0.015382937458271684,0.011985580597496305,9.916869964099575,9.823630035900425,0.000886258078015512,0.0012169002085998298,0.0013738058001399472,2096776.0,1.276277259092567,0.0,0.0,-1,0.0,0,35.285714285714285,0.08339158810470144,0.0,-0.8710724201505583,0.015426807199898678,0.019317691934026642,0.002024291497975561,0.0010111223458038054,-0.5873618980854477,0.0,0.0
2022-09-19,9.9,9.9,0.0,0.0,0.0,-1.842531794601478,0.0,9.889500000000002,9.87125,9.866333333333333,0,19,9,9.889768203345037,9.867844004969177,87.50000000000028,0.01549034307111441,0.012686533092219926,9.91957728334806,9.82292271665194,0.000886258078015512,0.0011911731793411058,0.0013360445370740976,2096776.0,1.1898041027027801,0.0,0.0,-1,0.0,0,36.31428571428571,0.08344532865477562,0.0,-0.8220392504440857,0.01563469064167674,0.018909288005680244,0.0015174506828528056,0.002024291497975561,-0.07755078657599558,0.0,0.0
2022-09-20,9.9,9.9,0.0,0.0,0.0,6.562841260575223,0.0,9.8935,9.872250000000001,9.868166666666667,1,20,9,9.891628530009577,9.869918585293746,87.50000000000028,0.015397964641620021,0.013228819402099946,9.922141988598673,9.82235801140133,0.000886258078015512,0.0011911731793411058,0.0013141654590952006,2096776.0,1.1124030442329578,0.0,0.0,-1,0.0,0,36.114285714285714,0.08357786315530778,0.0,1.2228700404435775,0.011332635919992897,0.018909288005680244,0.0,0.002024291497975561,0.0021416657177327904,0.0,0.0
2022-09-21,9.9,9.9,0.0020181641562371953,0.0020181641562371953,0.0,1.2738124383201517,0.0,9.895500000000002,9.87325,9.869833333333332,2,21,9,9.89315061546238,9.871859321726408,85.71428571428608,0.015150112998664866,0.01361307812141293,9.924577124254382,9.821922875745619,0.0006821077595845133,0.0011911731793411058,0.00131315431634114,2096776.0,1.0423338688302228,0.0,0.0,-1,0.0,0,27.0,0.08405531161848442,0.0020202020202019773,3.5545256127607097,0.007163769666720523,0.018909288005680244,-0.0010090817356205317,0.002024291497975561,-2.2360679774981094,0.0020202020202019773,0.0
2022-09-22,9.9,9.9,-0.0020181641562371246,-0.0020181641562371246,0.0,0.6160009713832917,0.0,9.897499999999999,9.87625,9.871833333333335,3,22,9,9.894395958105584,9.873674849356963,83.33333333333383,0.014783276378130594,0.013847117772756466,9.92639452795894,9.82610547204106,0.0006821077595845133,0.0006853417390161681,0.0012945161994159973,2096776.0,0.947261883468005,0.0,0.0,-1,0.0,0,24.0,0.08460019672240449,0.0,3.6166144941138465,0.0,0.010879462827175881,0.0,0.0060975609756097615,0.0,0.0,0.0
2022-09-23,9.9,9.9,0.0,0.0,0.0,-9.210340371976182,0.0,9.8995,9.87925,9.873166666666666,4,23,9,9.895414874813659,9.875373246172643,83.33333333333383,0.014327398383375822,0.013943173894880338,9.927402717582094,9.831097282417907,0.0006821077595845133,0.0006853417390161681,0.0012478346033946537,2096776.0,0.8618412850582743,0.0,0.0,-1,0.0,0,21.0,0.08519658635568082,0.0,-0.5943327715001432,0.0,0.010879462827175881,0.0,0.0060975609756097615,0.0,0.0,0.0
2022-09-26,9.89,9.9,-0.0010106115059235032,-0.0010106115059235032,-0.0010106115059235032,10.732868720419352,-0.0010106115059235032,9.9,9.88175,9.874500000000001,0,26,9,9.894430352120265,9.876316907709892,71.42857142857216,0.013009233021291422,0.013756385720162554,9.926385954353718,9.837114045646283,0.0007699687386595256,0.0007436768653165275,0.0012477046068073653,1409206.0,0.3696571573052111,0.0,0.0,-1,0.0,0,17.62857142857143,0.09100414936614426,-0.0010101010101009886,4.132364600529741,0.0071710057976974335,0.011805504248517645,-0.0010101010101010166,0.005081300813008172,-2.2360679774981143,0.0,0.0
2022-09-27,9.92,9.89,0.0030287756621605686,0.0030287756621605686,0.0030287756621605686,-8.758787694397343,0.0030287756621605686,9.902000000000001,9.88575,9.876833333333334,1,27,9,9.899079379007489,9.87913517172861,75.0,0.014221391406879391,0.013849386857505922,9.92894783132975,9.842552168670249,0.0011474801637465608,0.0009654579007002809,0.0013546429569142276,1409314.0,1.5857277527916742,0.0,0.0,-1,0.0,0,16.514285714285716,0.06778354735907792,0.003033367037411462,-0.35629449894643206,0.02433891141158304,0.015326169039332614,0.002020202020202033,0.008130081300812941,1.7496413433452678,0.0,0.0
2022-09-28,9.92,9.92,0.0,0.0,0.0,-3.58351893845611,0.0,9.903,9.88975,9.879166666666666,2,28,9,9.902883128278855,9.881771612262249,75.0,0.01500902100918644,0.014081313687842026,9.929812451248205,9.849687548751794,0.001112405232201987,0.0009654579007002809,0.0013546429569142276,1409314.0,1.5101422432985052,0.0,0.0,-1,0.0,0,17.0,0.06878954749525344,0.0,-0.35687374299211966,0.02433891141158304,0.015326169039332614,0.002020202020202033,0.008130081300812941,1.7496413433452678,0.0,0.0
2022-09-29,9.92,9.92,0.0,0.0,0.0,1.8458266904983307,0.0,9.905000000000001,9.89325,9.881499999999999,3,29,9,9.905995286773607,9.884237959858234,75.0,0.015455066754478608,0.014356064301169345,9.930845492451176,9.855654507548824,0.0010441508560938922,0.0009583318564267036,0.0013546429569142276,1409314.0,1.4230429371148166,0.0,0.0,-1,0.0,0,13.257142857142858,0.06574808130209821,0.0,-0.35029526120531845,0.02433891141158304,0.015213046593455485,0.002020202020202033,0.007106598984771617,1.7496413433452678,0.0,0.0
2022-09-30,9.9,9.92,-0.0020181641562371246,-0.0020181641562371246,-0.0020181641562371246,4.657962356499378,-0.0020181641562371246,9.905,9.89525,9.881833333333335,4,30,9,9.90490523463295,9.885254865673833,57.89473684210566,0.01403296508193641,0.014291444457322758,9.92950523394529,9.860994766054711,0.0012599114084951054,0.0010802996051680629,0.001209723306349635,1407311.0,0.2773298823523463,0.0,0.0,-1,0.0,0,16.45714285714286,0.0769945693439707,-0.0020161290322580215,-0.3278354238319114,0.030000704999433376,0.01714922458029577,0.0,0.0040567951318459805,1.149660751397721,0.0,0.0
2022-10-03,9.91,9.9,0.0010095912013522745,0.0015140048312150113,0.0,4.637425183969574,0.0010095912013522745,9.906,9.89775,9.882833333333332,0,3,10,9.905831555608778,9.886851325952941,55.55555555555556,0.013556583827584845,0.014144472331375177,9.92826746695728,9.86723253304272,0.0012997103371165679,0.0010938362602885782,0.0012057648880932988,1614177.0,0.8028189244636833,0.0,0.0,-1,0.0,0,20.0,0.06798437494844313,0.0010101010101009886,0.9204220344686149,0.029124828555417814,0.017364112318490967,0.002022244691607611,0.005070993914807476,0.27223770617062987,0.001513622603430756,0.0
2022-10-04,9.91,9.91,0.0,-0.0005044136298625718,0.0010095912013522745,-10.29391637058008,0.0,9.907,9.900250000000002,9.883833333333333,1,4,10,9.906589454589,9.888344788794686,50.0,0.013028859667310044,0.013921349798562152,9.925480516193364,9.87501948380664,0.0012997103371165679,0.0010938362602885782,0.0012057648880932988,1614177.0,0.7728736047472163,0.0,0.0,-1,0.0,0,27.88571428571429,0.06950089841157525,0.0,-0.3948529635882552,0.017538748429976405,0.017364112318490967,-0.0010080645161290036,0.005070993914807476,-1.2903520393242949,0.0,0.0
2022-10-05,9.9,9.91,-0.0010095912013523254,-0.0010095912013523254,-0.0010095912013523254,3.5471512942852352,-0.0010095912013523254,9.907,9.901250000000001,9.8845,2,5,10,9.905391371936455,9.889096737904707,50.0,0.011669202736413808,0.013470920386132484,9.924617769076105,9.877882230923897,0.0013468044177183704,0.0010441735325598172,0.0012226580968609105,1613934.0,-0.10698496685153432,0.0,0.0,-1,0.0,0,29.0,0.07170198476139938,-0.0010090817356205638,-0.3881779000874338,0.018257742107397792,0.01657574095649449,-0.002016129032258007,0.002024291497975561,-0.40184991972036177,0.0,0.0
2022-10-06,9.91,9.9,0.0010095912013522745,0.0010095912013522745,0.0010095912013522745,0.8682410342324468,0.0010095912013522745,9.908000000000001,9.902750000000001,9.886833333333334,3,6,10,9.906229304311646,9.890445335459242,55.55555555555556,0.011268682887573434,0.013030472886420674,9.924142325235062,9.88135767476494,0.0013840987910549876,0.0010632530684152775,0.0009548213657866768,1614513.0,0.6778131802256562,0.0,0.0,-1,0.0,0,23.142857142857142,0.07211832019332214,0.0010101010101009886,-0.3828241010314551,0.020882101760504767,0.016878619198519015,-0.0010080645161290036,0.0030364372469635637,-0.5394463886530747,0.0,0.0
2022-10-07,9.92,9.91,0.0020161297151844956,0.0020161297151844956,0.0010085729548847497,0.8495159758992251,0.0010085729548847497,9.91,9.90475,9.8895,4,7,10,9.908733067164075,9.89235208801026,60.0,0.011624188044322636,0.012749215918001069,9.924611361590431,9.884888638409569,0.0014123457854945264,0.001079471725388187,0.0009639237890445419,1615867.0,1.5356449688068343,0.0,0.0,-1,0.0,0,19.0,0.06856771982181924,0.0020181634712411276,-0.37838573549082516,0.014332968144122264,0.017136082396217712,0.002020202020202033,0.004048582995951344,-1.257346175841941,0.0010080645161290108,0.0
2022-10-10,9.92,9.92,-0.0010075567602998278,-0.0010075567602998278,0.0,-5.264908304416907,0.0,9.913,9.906500000000001,9.892166666666666,0,10,10,9.91078160040697,9.894135824267662,60.0,0.011770248346113732,0.012553422403623603,9.925166040090149,9.887833959909853,0.0013507441433498163,0.0010779137847486302,0.0009639237890445419,1615867.0,1.4464771247463581,0.0,0.0,-1,0.0,0,19.0,0.06637516308687344,0.0,-0.3830181591022714,0.013406055114951989,0.017111350855279702,0.0010090817356205317,0.0035407182599898057,-0.5116240630216431,0.0,0.0
2022-10-11,9.91,9.92,-0.0010085729548847744,0.0,-0.0010085729548847744,9.619209204645612,-0.0010085729548847744,9.912,9.907,9.8945,1,11,10,9.910639491242067,9.8951593194762,54.54545454545455,0.010952828373488543,0.012233303597596593,9.925467610337952,9.888532389662048,0.0010031766457976813,0.00106044156661122,0.0009908684747545293,1510509.0,0.32489314481961573,0.0,0.0,-1,0.0,0,16.0,0.07161741716070671,-0.0010080645161290108,0.2593836503212044,0.016018686552069093,0.016833987991014144,0.0,0.0010101010101009056,0.0005045435651132377,0.0010090817356205638,0.0
2022-10-12,9.91,9.91,0.0,-0.0010085729548847744,0.0,-10.466507065032815,0.0,9.911,9.907,9.896833333333332,2,12,10,9.910523220107146,9.896116782735799,54.54545454545455,0.010187581063041407,0.011824159090685557,9.925467610337952,9.888532389662048,0.0010031766457976813,0.0010361347893349886,0.0009908684747545293,1510509.0,0.32489314481961573,0.0,0.0,-1,0.0,0,15.942857142857145,0.07203037735583939,0.0,-0.40723392716983897,0.013400266392021937,0.016448129863936078,0.0010101010101009056,0.0,-0.5103944298212455,0.0,0.0
2022-10-13,9.91,9.91,0.0,0.0,0.0,3.028522096376982,0.0,9.91,9.9075,9.898833333333332,3,13,10,9.910428089178575,9.897012474172199,54.54545454545455,0.009471930537046092,0.011353713379957664,9.925709309360432,9.88929069063957,0.0010031766457976813,0.001008587964275983,0.0009806201335295708,1510509.0,0.27458482367617315,0.0,0.0,-1,0.0,0,19.0,0.06571970614904128,0.0,-0.3965869658940399,0.011321206123304645,0.016010837572842895,0.0,0.0010101010101009056,0.002139505692766794,0.0,0.0
2022-10-14,9.91,9.91,0.0,0.0,0.0,-0.9082585601768909,0.0,9.911,9.908,9.900500000000001,4,14,10,9.91035025478247,9.897850379064314,60.0,0.008803293452151806,0.010843629394396492,9.925888543820431,9.890111456179568,0.0007446738164012975,0.001008587964275983,0.000969070372038562,1510509.0,0.22360679774463518,0.0,0.0,-1,0.0,0,16.45714285714286,0.06590725773950103,0.0,-0.39675537015683787,0.007156548124717969,0.016010837572842895,-0.0010080645161290036,0.0010101010101009056,-2.236067977498104,0.0,0.0
2022-10-17,9.93,9.91,0.0020161297151844956,0.0020161297151844956,0.0020161297151844956,2.1972245773362196,0.0020161297151844956,9.913,9.9095,9.902833333333332,0,17,10,9.91392293573111,9.899924548156939,55.55555555555556,0.009774551651144492,0.010629813845746093,9.92947366687508,9.88952633312492,0.0009272332215502679,0.0011000328297171302,0.0010253444267095417,1510734.0,2.052702703836291,0.0,0.0,-1,0.0,0,23.4,0.06141844492023965,0.0020181634712411276,-0.3955642005055412,0.01754315897399672,0.017462479808629132,0.0010080645161290036,0.003030303030302939,1.2946716193545384,0.0,0.0
2022-10-18,9.93,9.93,0.0,0.0,0.0,-1.2729656758128873,0.0,9.915,9.911,9.905166666666666,1,18,10,9.916846038325453,9.90186489988875,55.55555555555556,0.010424118027550833,0.01058867468210704,9.932423056934917,9.889576943065082,0.0009272332215502679,0.0011000328297171302,0.0010253444267095417,1510734.0,1.7737898057893011,0.0,0.0,-1,0.0,0,28.800000000000004,0.06167441755574841,0.0,-0.3885176343866394,0.01432753933343974,0.017462479808629132,0.0020181634712410634,0.003030303030302939,2.2360679774999994,0.0,0.0
2022-10-19,9.93,9.93,0.0,0.0,0.0,8.334764962266323,0.0,9.918000000000001,9.9125,9.906833333333333,2,19,10,9.919237667720823,9.903680067637863,55.55555555555556,0.010814244185388233,0.01063378858276328,9.93486067977535,9.89013932022465,0.0008306672754679168,0.0011000328297171302,0.0009683948405351679,1510734.0,1.5652475842252382,0.0,0.0,-1,0.0,0,29.428571428571427,0.062084190073842895,0.0,1.16092757685849,0.01432753933343974,0.017462479808629132,0.0020181634712410634,0.003030303030302939,2.2360679774999994,0.0,0.0
2022-10-20,9.95,9.93,0.002012073113420235,0.002012073113420235,0.002012073113420235,-6.77078942390898,0.002012073113420235,9.922,9.915000000000001,9.909166666666666,3,20,10,9.92483081904431,9.906668450370905,77.77777777777777,0.012592100928019434,0.011025451051814511,9.942144835701825,9.887855164298177,0.0009739543164019319,0.0011750333965757523,0.001024485633870025,1511035.0,2.5787593916176723,0.0,0.0,-1,0.0,0,39.08571428571429,0.06461894064259698,0.002014098690835808,-0.38295345313549195,0.01752992388383729,0.018653076897209856,0.004036326942482349,0.005050505050504972,0.6085883498802008,0.0,0.0
2022-10-21,9.95,9.95,0.0005023863456583357,0.0005023863456583357,0.0,2.3052393745789184,0.0,9.925,9.9175,9.9115,4,21,10,9.929407033763525,9.909464034217944,75.0,0.013841508906685007,0.01158866262278861,9.947848848933608,9.887151151066393,0.0009563352655715045,0.0011750333965757523,0.001024485633870025,1511035.0,2.1417616247059184,0.0,0.0,-1,0.0,0,43.0,0.06420095699466642,0.0005025125628141489,-0.36749881174501325,0.01752992388383729,0.018653076897209856,0.004036326942482349,0.005050505050504972,0.6085883498802008,0.0005025125628141489,0.0
2022-10-24,9.95,9.95,-0.0005023863456582405,-0.0005023863456582405,-0.0010055305020187607,4.755627601390395,0.0,9.928,9.9205,9.913666666666668,0,24,10,9.933151209442883,9.912079257816787,75.0,0.014662651808412974,0.012203460459913483,9.951262246171076,9.889737753828925,0.0009563352655715045,0.0011390621880522432,0.0010240494496750452,1511035.0,1.9179353702550308,0.0,0.0,-1,0.0,0,47.0,0.06354804200741893,0.0,2.947427377308247,0.014298682255226527,0.018082051664539942,0.002014098690835908,0.006066734074822833,2.2360679775000016,0.0010050251256281193,0.0
2022-10-25,9.96,9.95,0.0,0.0010045204260057121,0.0010055305020187962,-2.8417990782623623,0.0010045204260057121,9.933,9.9225,9.915666666666665,1,25,10,9.938032807725994,9.9151709186028,87.50000000000028,0.01593662243730698,0.012950092855392184,9.95796681176619,9.88703318823381,0.0008564932713191853,0.0009592856290783068,0.0010057549895198,1531494.0,2.1146530027685833,0.0,0.0,-1,0.0,0,51.371428571428574,0.06692101203809168,0.0,-0.2649270515956899,0.014295096393232731,0.015228187264916105,0.0030211480362538623,0.0040322580645162365,1.2604234467512745,0.001004016064257185,0.0
2022-10-26,9.95,9.96,0.0,-0.0010045204260055874,0.0,2.2802594164780516,-0.0010045204260055874,9.937,9.924000000000001,9.917,2,26,10,9.940208660866722,9.917417956112299,74.99999999999889,0.015955412845274353,0.013551156853368619,9.961500877182942,9.88649912281706,0.0009730235475807721,0.0009959640836589875,0.001017106279317864,1331421.0,1.3866342311493998,0.0,0.0,-1,0.0,0,53.8,0.06064503413592251,-0.001004016064257185,1.3239364166433,0.01820831906338916,0.01581043968068406,0.002014098690835908,0.003024193548387011,0.4095579368483915,0.0,0.0
2022-10-27,9.95,9.95,0.0,0.0,0.0,-9.161915141210455,0.0,9.940999999999999,9.9255,9.918666666666667,3,27,10,9.941988904345498,9.919520023459894,71.42857142857034,0.01578830660826469,0.013998586804347833,9.964689149948686,9.886310850051313,0.0009730235475807721,0.0009959640836589875,0.0009944059127735994,1331421.0,1.2503460795694337,0.0,0.0,-1,0.0,0,54.0,0.05956481090159157,0.0,-0.5363223874382974,0.011275716566044527,0.01581043968068406,0.0,0.003024193548387011,0.0021309089887543114,0.0,0.0
2022-10-28,9.965,9.95,0.0005023863456583357,0.00150640249425679,0.0,5.948034989180646,0.00150640249425679,9.9465,9.928749999999999,9.920833333333333,4,28,10,9.946172739919044,9.92245421549474,76.47058823529325,0.01667404039285003,0.014533677522048274,9.969773100039596,9.887726899960402,0.0010192761394339897,0.0008993158132502686,0.0010232735020645315,1339464.0,1.7672969602497597,0.0,0.0,-1,0.0,0,57.114285714285714,0.056154563363669266,0.0005025125628141489,-0.46521107618055557,0.015544967415325163,0.014276195951808101,0.001507537688442362,0.006565656565656441,-0.07982104769163781,0.0015052684395384414,0.0
2022-10-31,9.965,9.965,0.0010040161485984859,0.0,0.00150640249425679,-8.299410246344124,0.0,9.95,9.9315,9.923,0,31,10,9.94959587811558,9.925199104817661,86.6666666666651,0.017177973809344493,0.015062536779507519,9.97455443311139,9.88844556688861,0.00088859965294208,0.000887254910073193,0.0010232735020645315,1339464.0,1.5561696010874926,0.0,0.0,-1,0.0,0,64.05714285714286,0.05989532789724125,0.0,-0.4666281157576722,0.015544967415325163,0.014084735049447876,0.001507537688442362,0.0055499495459132575,-0.07982104769163781,0.0,0.0
2022-11-01,9.975,9.965,-0.0004918419580105562,0.0010030091111691661,-0.0005018820682510916,9.997251082348292,0.0010030091111691661,9.9545,9.93475,9.9255,1,1,11,9.954214809367294,9.928412065797168,88.23529411764558,0.01817475385008116,0.015684980193622248,9.980687600698248,9.88881239930175,0.0009009756266388112,0.0008990538289416837,0.0010322417053428587,1383396.0,1.752377111046387,0.0,0.0,-1,0.0,0,63.0,0.06507857318463976,-0.0004917210235824625,-0.058317098671342785,0.015540658397044937,0.014272037079840599,0.0015060240963853389,0.006559031281533789,-0.07933698588408573,0.0015037593984961195,0.0
2022-11-02,9.97,9.975,0.0009934722669996934,-0.0005013788021801137,0.001003512377240109,1.564478832403615,-0.0005013788021801137,9.958499999999999,9.93825,9.927833333333334,2,2,11,9.957084844027785,9.931095158326384,83.333333333333,0.01834972677259472,0.016217929509416744,9.983703851669537,9.892796148330463,0.0009419656221475618,0.0008658834688377,0.0010404872282396985,1173393.0,1.397021323113937,0.0,0.0,-1,0.0,0,55.0,0.06487986615720615,-0.0005012531328319804,1.4011054127436218,0.013097923670395112,0.013745473937439003,0.0020100502512563345,0.007070707070707005,0.5209673849967336,0.0,0.0
2022-11-03,9.97,9.97,0.0,0.0,0.0,-7.600916745154328,0.0,9.9605,9.94125,9.930166666666667,3,3,11,9.95943305420455,9.933605148111779,83.333333333333,0.01827770012473451,0.0166298836324803,9.98677327340021,9.89572672659979,0.0007560681353158957,0.0008549100989442629,0.0010404872282396985,1173393.0,1.2630901889347996,0.0,0.0,-1,0.0,0,55.51428571428572,0.08244959883896562,0.0,-0.5636096583319645,0.013097923670395112,0.013571277090744856,0.0020100502512563345,0.006054490413723634,0.5209673849967336,0.0,0.0
2022-11-04,9.97,9.97,0.0,0.0,0.0,-2.169053700369523,0.0,9.9625,9.94375,9.932500000000001,4,4,11,9.96135431707645,9.935953203072309,78.57142857142838,0.018012976111457135,0.016906502128275668,9.989847722286656,9.897652277713343,0.0007560681353158957,0.000840654307488048,0.0010404872282396985,1173393.0,1.1388849035432151,0.0,0.0,-1,0.0,0,56.0,0.0630533547283887,0.0,-0.5636442368143358,0.008723178473215153,0.013344973417131591,0.0005017561465128217,0.00504032258064524,1.2946636919543835,0.0,0.0
2022-11-07,9.98,9.97,0.0010025063496255707,0.0010025063496255707,0.0010025063496255707,10.127906956271056,0.0010025063496255707,9.9655,9.94675,9.9355,0,7,11,9.964744441244369,9.938794931906354,81.24999999999972,0.018398015974426585,0.01720480489750585,9.994131430962119,9.89936856903788,0.0007921001850802219,0.0008546468639906222,0.0010221447077034512,1473776.0,1.4035034115615186,0.0,0.0,-1,0.0,0,59.65714285714286,0.05986538056993759,0.0010030090270812223,1.90067154766582,0.010681881531580015,0.013567098365402578,0.0015052684395384652,0.006048387096774244,0.16615391797268075,0.0,0.0
2022-11-08,9.98,9.98,0.0,0.0,0.0,-1.0987587790582691,0.0,9.9675,9.95025,9.9375,1,8,11,9.967518179199937,9.941453323396269,81.24999999999972,0.018490021383028576,0.0174618481946104,9.996530040031116,9.903969959968885,0.0007558301707050262,0.0008013912108934732,0.0008832906106715566,1473776.0,1.2856514376391412,0.0,0.0,-1,0.0,0,57.0,0.05840194593149328,0.0,0.21209783968586055,0.008719896273130356,0.01272169108138228,0.0005012531328321135,0.007063572149344166,1.2939487691938907,0.0,0.0
2022-11-09,9.98,9.98,0.0,0.0,0.0,-0.0004495931258011372,0.0,9.970500000000001,9.95375,9.9395,2,9,11,9.969787601163583,9.943940205757801,75.0,0.01835139289822152,0.017639757135332626,9.997744616895801,9.909755383104198,0.0006350230696975108,0.0008013912108934732,0.0008832906106715566,1473776.0,1.1933278138174428,0.0,0.0,-1,0.0,0,54.0,0.05718892230455682,0.0,0.17122888999197874,0.007120657712858505,0.01272169108138228,0.0010030090270811698,0.007063572149344166,2.2360679775014995,0.0,0.0
2022-11-10,9.99,9.98,0.0010015023370896004,0.0010015023370896004,0.0010015023370896004,-5.323289828021839,0.0010015023370896004,9.9745,9.95775,9.941833333333333,3,10,11,9.973462582770203,9.94691180538633,78.57142857142838,0.01883136895259696,0.017878079498785494,9.999485381935266,9.916014618064736,0.0006607345077627301,0.0008094872082507321,0.0008942883670129599,1474264.0,1.5454512935821192,0.0,0.0,-1,0.0,0,60.34285714285714,0.05186072788569278,0.0010020040080160107,-0.6790866745781146,0.008716621606861529,0.012850211055116339,0.0020060180541623396,0.008072653884964698,0.6085825308091615,0.0,0.0
2022-11-11,9.99,9.99,0.0,0.0,0.0,-4.110873864173311,0.0,9.977,9.96175,9.944833333333332,4,11,11,9.976469385902893,9.949691688909793,78.57142857142838,0.018992816072662677,0.018101026813560933,9.99934549245124,9.92415450754876,0.0005415706971174288,0.0008094872082507321,0.0007888390370954886,1474264.0,1.5028397373242752,0.0,0.0,-1,0.0,0,63.0,0.04973646411772607,0.0,-0.6831738133016084,0.008716621606861529,0.012850211055116339,0.0020060180541623396,0.008072653884964698,0.6085825308091615,0.0,0.0
2022-11-14,10.0,9.99,0.001000500333583622,0.001000500333583622,0.001000500333583622,3.1675825304806504,0.001000500333583622,9.9805,9.965250000000001,9.947833333333334,0,14,11,9.980747679375094,9.952937386399483,78.57142857142784,0.019700584430859536,0.018420938337020652,10.003428941564264,9.927071058435738,0.0005811421405719857,0.0007307541203905343,0.0007885590634102362,1474454.0,1.8203752422788642,0.0,0.0,-1,0.0,0,62.0,0.053828112250581824,0.0010010010010009797,-0.6815977662532685,0.008707891882650781,0.011600362032534646,0.002004008016031955,0.007049345417925457,0.6085825269826253,0.0,0.0
2022-11-15,10.0,10.0,0.0,0.0,0.0,1.677588323888074,0.0,9.983,9.96875,9.950833333333332,1,15,11,9.984248101306894,9.955973684051129,91.66666666666815,0.0200305957151361,0.018742869812643743,10.00614898675829,9.93135101324171,0.0005411832847682155,0.0007307541203905343,0.0007885590634102362,1474454.0,1.6711682699838013,0.0,0.0,-1,0.0,0,66.91428571428573,0.051350919423196764,0.0,-0.6751411447277536,0.008707891882650781,0.011600362032534646,0.002004008016031955,0.007049345417925457,0.6085825269826253,0.0,0.0
2022-11-16,10.0,10.0,0.0,0.0,0.0,-2.299639582764289,0.0,9.986,9.97225,9.954166666666667,2,16,11,9.987112082887458,9.958814091531702,91.66666666666815,0.020060882667602087,0.01900647238363541,10.0074150244901,9.9370849755099,0.0004840144747571407,0.0007307541203905343,0.000751363384223764,1474454.0,1.5782727526785814,0.0,0.0,-1,0.0,0,65.08571428571427,0.011614779707863962,0.0,-0.6073532378947365,0.008707891882650781,0.011600362032534646,0.002004008016031955,0.007049345417925457,0.6085825269826253,0.0,0.0
2022-11-17,10.0,10.0,0.0,0.0,0.0,0.019418085857101516,0.0,9.989,9.97475,9.957166666666666,3,17,11,9.989455340544284,9.961471246916753,88.88888888889065,0.019855997713920104,0.01917637744969235,10.010361204623797,9.939138795376204,0.0004840144747571407,0.0006199619382987035,0.0007426653189227115,1474454.0,1.4180930000400285,0.0,0.0,-1,0.0,0,61.0,0.00901778249122571,0.0,-0.607210903050409,0.007106402141862946,0.009841590666383638,0.0010010010010010895,0.005025125628140836,2.236067977501511,0.0,0.0
2022-11-18,10.01,10.0,0.002496880198587146,0.002496880198587146,0.0009995003330834232,0.6737290947028437,0.0009995003330834232,9.993,9.97775,9.960166666666664,4,18,11,9.993190733172595,9.964602134212448,90.90909090909238,0.020266916935804957,0.019394485346914875,10.014667404254139,9.940832595745862,0.0005171747285600094,0.0006387084541739357,0.0007423688129207067,1474658.0,1.747143422001776,0.0,0.0,-1,0.0,0,60.34285714285715,0.011852679846796773,0.0025000000000000356,-0.604542325309832,0.008699179626645182,0.010139182380112372,0.002002002002001957,0.0060301507537690036,0.6085825231675706,0.0014985014985015553,0.0
2022-11-21,10.02,10.01,-0.0004988775359142007,-0.0004988775359142007,0.0009985023295896,1.5956173568154681,0.0009985023295896,9.997,9.98125,9.963500000000002,0,21,11,9.998065145323032,9.96817619006971,90.90909090909238,0.021155620976474054,0.01974671247282671,10.02030124837981,9.942198751620188,0.0005166572927396076,0.000652849754285411,0.0007507429890639178,1475664.0,1.984571638945764,0.0,0.0,-1,0.0,0,60.0,0.04215866299903241,0.0009990009990009777,-0.5470663848406623,0.008690484786468312,0.010363668559972932,0.0020000000000000018,0.007035175879396949,0.6085825193639464,0.0,0.0
2022-11-22,10.015,10.02,-0.0009985023295895493,-0.0004991265389370107,-0.0009985023295895493,4.600217584224505,-0.0004991265389370107,10.000499999999999,9.984,9.967,1,22,11,10.001144209809752,9.971197081032956,90.90909090909238,0.02121194897441825,0.02003975977314502,10.024470912231678,9.943529087768322,0.0005798388007114355,0.0006601062250913565,0.0007246467309873776,1375561.0,1.5319644797003866,0.0,0.0,-1,0.0,0,60.0,0.03733501311966714,-0.0009980039920159467,0.5274688553388728,0.010640085287835707,0.010478861462864126,0.0015000000000000568,0.005522088353413723,0.166669194691329,0.0004992511233151054,0.0
2022-11-23,10.01,10.015,0.0,-0.00049937579065239,0.0,-6.693673369279153,-0.00049937579065239,10.003499999999999,9.986999999999998,9.970333333333334,2,23,11,10.002754353480706,9.973700495159864,83.33333333333333,0.02061548858563711,0.02015490553564344,10.025716241662165,9.948283758337832,0.000632457250782582,0.0006168388152451884,0.0007385990075539365,1375437.0,1.1881318543621366,0.0,0.0,-1,0.0,0,64.0,0.04619985807742434,-0.0004992511233151054,-0.524242488097178,0.012026860759586255,0.009792012624902917,0.0009999999999998899,0.0060301507537690036,0.3158235863316569,0.0,0.0
2022-11-25,10.015,10.01,0.0,0.0004993757906523972,0.0,2.3506069129074683,0.0004993757906523972,10.006,9.99025,9.973833333333333,4,25,11,10.00498083466603,9.9763649793431,84.61538461538483,0.020312102371224938,0.02018634490275974,10.026737200351578,9.953762799648421,0.0005889856231953856,0.0006141237084621191,0.0007364137402711124,1376738.0,1.3566401237430206,0.0,0.0,-1,0.0,0,63.08571428571429,0.04732150128163387,0.0,-0.5109454748463346,0.012025946574912653,0.009748911640917,0.0015000000000000568,0.006532663316582976,-0.3148408010436224,0.0004992511233151054,0.0
2022-11-28,10.02,10.015,0.0009985023295896,0.0004991265389369735,0.0009985023295896,0.437982150678754,0.0004991265389369735,10.009,9.993,9.9775,0,28,11,10.00771159199948,9.979180141966125,83.33333333333333,0.020241790067954568,0.020197433935798707,10.029763826615183,9.956236173384818,0.0005865826438075858,0.0005500509962068122,0.000733829735267815,1378754.0,1.4688351287593602,0.0,0.0,-1,0.0,0,59.0,0.04822778762419275,0.0004992511233149281,-0.4977114371721284,0.010634765912519759,0.008731788866199346,0.0009990009990010762,0.005519317611640817,-0.16511765975674897,0.0,0.0
2022-11-29,10.03,10.02,0.0,0.001495886591582708,0.0,6.9310662755595995,0.0009975063171253381,10.012,9.99625,9.980833333333333,1,29,11,10.011764029817755,9.98245884248444,85.71428571428571,0.020753747208493323,0.02030869659033763,10.03406882015502,9.958431179844979,0.0005861853473858343,0.0005687057941529348,0.0006761053446279889,3442301.0,1.7848256429818279,0.0,0.0,-1,0.0,0,58.0,0.05157184806334682,0.0,4.180331816454645,0.01063004754134879,0.009027924602940938,0.0009980039920158834,0.006522829904666239,-0.1664958047268073,0.0014955134596211933,0.0
2022-11-30,10.03,10.03,0.0009975063171253381,0.0004981320152814772,0.0,-2.7373163947183468,0.0,10.015,9.998999999999999,9.984166666666669,2,30,11,10.015079660759982,9.985526013937058,85.71428571428571,0.020918343290583508,0.020430625930386807,10.038283048440263,9.959716951559734,0.0005861853473858343,0.0005496684764417885,0.0006761053446279889,3442301.0,1.578288917528423,0.0,0.0,-1,0.0,0,73.0,0.04924635411641872,0.0,-0.037383228270658514,0.009034227422975709,0.008725716553180428,0.0014977533699449541,0.005513784461152804,-0.4062204020479345,0.0019940179461614732,0.0
2022-12-01,10.03,10.03,-0.0009975063171254136,-0.0009965122897389732,0.0,-1.9501631286091632,0.0,10.018,10.001999999999999,9.9875,3,1,12,10.017792449712712,9.988395303360473,83.33333333333333,0.0208089146564312,0.020506283675595684,10.041121941616092,9.962878058383906,0.0005861853473858343,0.0005231963041498309,0.0006761053446279889,3442301.0,1.4314217977607813,0.0,0.0,-1,0.0,0,75.0,0.04705426399621413,-0.0009970089730807366,-0.2663255580701583,0.00662823820187797,0.008305483845891382,0.0019980019980019303,0.006018054162487241,0.510414041517949,0.0009970089730807366,0.0
2022-12-02,10.04,10.03,0.0019940186068644495,0.0009965122897388542,0.0019940186068644495,1.451831298433388,0.0009965122897388542,10.022,10.005500000000001,9.9905,4,2,12,10.021830186128582,9.991724638627542,85.71428571428571,0.021283762140711815,0.02066177936861891,10.045090004055021,9.965909995944982,0.0006136806969605939,0.0005403080283174575,0.0006113685227927782,3523470.0,1.7428641811732013,0.0,0.0,-1,0.0,0,68.0,0.05186384041151216,0.0009970089730807366,-0.13993761867357168,0.00791746501048121,0.008577124045797824,0.0024962556165750716,0.007021063189568633,-0.0009957649522289885,0.0,0.0
2022-12-05,10.05,10.04,0.0009955202415018415,0.0014929089610323419,0.0,-1.4100941742322017,0.0009955202415018415,10.026,10.0095,9.993833333333333,0,5,12,10.02695197046884,9.99548433936125,85.71428571428608,0.022210964447305415,0.020971616384356212,10.050139622874635,9.968860377125363,0.0006132486369832641,0.000552120520112051,0.0006214551913336052,3543285.0,1.993128731776635,0.0,0.0,-1,0.0,0,65.0,0.05638100845418338,0.0009960159362551358,-0.2763156252960874,0.008668832514521961,0.008764641539712736,0.0029940119760480943,0.008024072216650024,-0.608573057636103,0.0014925373134328922,0.0
2022-12-06,10.05,10.05,0.0,-0.0004973887195305193,0.0009955202415018415,-8.284756593190435,0.0,10.029,10.013,9.997166666666665,1,6,12,10.031142521292688,9.999001478757298,85.71428571428608,0.022684288596947155,0.021314150826874403,10.054977437549026,9.971022562450974,0.0005853935137673101,0.0005398652983696224,0.0006214551913336052,3543285.0,1.7628517680141007,0.0,0.0,-1,0.0,0,61.82857142857144,0.05514378502615826,0.0,-0.287038057051298,0.008664504240253251,0.008570095925758229,0.001994017946161719,0.007014028056112176,0.6085825080212212,0.0,0.0
2022-12-07,10.05,10.05,0.0,0.0,0.0,-1.6094379124341003,0.0,10.0325,10.016499999999999,10.000166666666667,2,7,12,10.034571153784928,10.002291705934248,85.71428571428608,0.022796616194563413,0.021610643900412205,10.058565112435785,9.974434887564213,0.0005282793004126053,0.0005398652983696224,0.0006110125712861331,3543285.0,1.5927688319455418,0.0,0.0,-1,0.0,0,58.42857142857143,0.05438793235728016,0.0,-0.27554913674977566,0.008664504240253251,0.008570095925758229,0.001994017946161719,0.007014028056112176,0.6085825080212212,0.0,0.0
2022-12-08,10.05,10.05,0.0,0.0009945301665083635,-0.0009955202415018161,15.408730873195525,0.0,10.0365,10.02,10.0035,3,8,12,10.037376398551304,10.005369660390103,85.71428571428608,0.02262483164916773,0.021813481450163312,10.060910685774639,9.97908931422536,0.00045813682766753796,0.0005398652983696224,0.0005627071112279338,3543285.0,1.4666094900124094,0.0,0.0,-1,0.0,0,55.0,0.051908765475309565,0.0,3.9067249198395975,0.008664504240253251,0.008570095925758229,0.001994017946161719,0.007014028056112176,0.6085825080212212,0.0019900497512439154,0.0
2022-12-09,10.05,10.05,0.0,-0.0009945301665083472,0.0009955202415018415,-4.273062140069872,0.0,10.040000000000001,10.023,10.006833333333333,4,9,12,10.039671598814703,10.00824903713913,83.33333333333383,0.02223240977856733,0.021897267115844117,10.063444894284808,9.982555105715191,0.0004729497066085309,0.0005223518921083672,0.0005627071112279338,3543285.0,1.33514998505717,0.0,0.0,-1,0.0,0,52.0,0.05235873281426686,0.0,-0.2593950231435797,0.007071011692950238,0.008292079220296693,0.0009960159362552012,0.006006006006006093,2.2360679775015355,0.0,0.0
2022-12-12,10.06,10.05,0.0009945301665083635,0.001988072225386115,0.0009945301665083635,0.5164097932371514,0.0009945301665083635,10.044,10.0265,10.01,0,12,12,10.043367671757485,10.011587808936605,83.33333333333383,0.022469316748571444,0.022011677042389585,10.067035884038248,9.985964115961753,0.0005145978621507541,0.0005394235316014114,0.0005328220340469465,3658215.0,1.6528565144103524,0.0,0.0,-1,0.0,0,57.0,0.054378751175673055,0.0009950248756218692,-0.2248313222281029,0.007063975860418184,0.008563083095721154,0.0009950248756218638,0.00700700700700696,2.236067977501542,0.0009940357852882492,0.0
2022-12-13,10.075,10.06,-0.0009845799672555634,0.000992555912751643,-0.0009945301665083472,-1.5796079814719022,0.0014899431611533564,10.0485,10.030249999999999,10.013666666666667,1,13,12,10.049119004165215,10.015678918037471,92.85714285714177,0.023595448229357885,0.022328431279783248,10.074196738098511,9.986303261901487,0.0005956465607623376,0.0005801737355426301,0.0005704956401713945,3681897.0,2.036556155757767,0.0,0.0,-1,0.0,0,59.17142857142858,0.04508034080828001,-0.0009840954274353895,-0.30442940198268464,0.011160801507852635,0.009209972528742928,0.0024875621890545485,0.00749999999999984,0.8826974996513139,0.0029776674937964627,0.0
2022-12-14,10.06,10.075,0.000984579967255594,-0.001986097971629403,0.0009945301665083635,-4.720612411414836,-0.0014899431611533898,10.0515,10.033249999999999,10.0165,2,14,12,10.051097367044267,10.018538342680214,81.25000000000111,0.023012269780068095,0.022465198979840218,10.07669082484465,9.989809175155347,0.0008512634296362211,0.000711350339680615,0.0006503641032144146,3681686.0,1.231560408701363,0.0,0.0,-1,0.0,0,60.0,0.03662645372693458,-0.0014888337468981433,-0.3245859874735341,0.018153667665021602,0.011292336563017376,0.0009950248756218638,0.006000000000000005,-0.6045039028416904,0.0,0.0
2022-12-15,10.07,10.06,-0.0009945301665083472,0.0009935420588777356,-0.0009945301665083472,0.8627499649461252,0.0009935420588777356,10.0555,10.03675,10.019833333333333,3,15,12,10.054534209399854,10.021858449604073,82.35294117647145,0.023090836296663753,0.022590326443204925,10.080190824844653,9.993309175155346,0.0008702907717693817,0.0007239461491415196,0.0006454607336075423,3682186.0,1.5308180781052938,0.0,0.0,-1,0.0,0,60.142857142857146,0.038600265295883826,-0.0009940357852882492,-0.3243563462189244,0.018824865594555516,0.011492288839388024,0.0019900497512437276,0.007000000000000117,-1.2628513814962592,0.001986097318768577,0.0
2022-12-16,10.06,10.07,0.0009945301665083635,-0.0009935420588777898,0.0009945301665083635,-1.5141277326297755,-0.0009935420588777898,10.057500000000001,10.03975,10.022833333333333,4,16,12,10.055527989508972,10.024319194790907,72.22222222222321,0.022091527028507585,0.02249056656026546,10.080721748932069,9.99877825106793,0.0009427229810424396,0.0007809585363521388,0.000687235029907331,3682076.0,0.9884859947558243,0.0,0.0,-1,0.0,0,44.0,0.12588636371597217,-0.0009930486593842886,-0.32469219784902903,0.021305134490679813,0.01239733242864453,0.0009950248756218638,0.006000000000000005,-0.5777905460911555,0.0,0.0
2022-12-19,10.06,10.06,0.0,0.0,0.0,2.2888549001821437,0.0,10.0585,10.04225,10.025833333333333,0,19,12,10.056341082325522,10.026621182223751,68.75000000000111,0.021056837122930716,0.022203820672798514,10.081650106866338,10.00284989313366,0.0009008975513776801,0.0007656062100393281,0.000687235029907331,3682076.0,0.9010127845701879,0.0,0.0,-1,0.0,0,39.971428571428575,0.05033772389628269,0.0,-0.3238953773451594,0.020101975436893117,0.012153621803824469,0.0,0.004995004995005159,0.0011009453500915953,0.0,0.0
2022-12-20,10.06,10.06,0.0,0.0,0.0,-4.79211068863834,0.0,10.0595,10.04425,10.028500000000001,1,20,12,10.057006340084518,10.028774654338347,68.75000000000111,0.020006218682690147,0.02176430027477684,10.082949245199018,10.005550754800982,0.0009008975513776801,0.0007464787168095868,0.0006761544980325269,3682076.0,0.8139693639502936,0.0,0.0,-1,0.0,0,38.31428571428573,0.04954469384843492,0.0,-0.32477355521156837,0.015366616259521947,0.011849982262084665,-0.0014888337468981216,0.003992015968063978,0.08290395548899603,0.0,0.0
2022-12-21,10.06,10.06,0.00019878739753355452,0.0009935420588777356,0.0,7.771582441320551,0.0,10.060500000000001,10.0465,10.031166666666667,2,21,12,10.057550641887333,10.03078919276813,68.75000000000111,0.01895509348098834,0.021202458916019143,10.083220853103626,10.009779146896374,0.0009008975513776801,0.0007300625816515832,0.0006761544980325269,3682076.0,0.7352770351987045,0.0,0.0,-1,0.0,0,38.54285714285714,0.0567790000846548,0.00019880715705754387,-0.30273099883739085,0.011152484611497223,0.011589384195383256,0.0,0.0044932601098353064,0.0021076203752006975,0.0009940357852882492,0.0
2022-12-22,10.07,10.06,0.0017873105740958803,0.000992555912751643,0.0009935420588777356,1.9537282864738335,0.0009935420588777356,10.0625,10.0495,10.034166666666666,3,22,12,10.059814161544182,10.033318922266963,68.75000000000111,0.0187132706764519,0.020704621268105697,10.083357285619202,10.015642714380798,0.0009425372588154766,0.0007285131001479654,0.0006869203078985485,3832699.0,1.2109653579773718,0.0,0.0,-1,0.0,0,37.0,0.05266954094625977,0.0019880715705764985,-0.19842836532828992,0.011152484611497223,0.011564786939065253,0.0,0.005994005994006013,0.0021076203752006975,0.0009930486593842886,0.0
2022-12-23,10.07,10.07,-0.000992555912751628,-0.000992555912751628,0.0,-0.40212789981262015,0.0,10.064499999999999,10.05225,10.036833333333332,4,23,12,10.061666132172512,10.035685443411031,64.28571428571465,0.0183105517193205,0.020225807358348658,10.083110466961461,10.02138953303854,0.0009425372588154766,0.0007298422045280793,0.0006758570699089264,3832699.0,1.1503390419961135,0.0,0.0,-1,0.0,0,39.51428571428572,0.07402279648933639,0.0,-0.24597340934985218,0.007056954015626404,0.011585885817002622,0.0009940357852882276,0.005491762356465202,2.236067977501548,0.0,0.0
2022-12-27,10.07,10.07,0.0,0.0,-0.0009935420588777898,-4.7496179814090045,0.0,10.0655,10.05475,10.0395,1,27,12,10.063181380868418,10.037899285771612,64.28571428571465,0.017786363912801306,0.019737918669239192,10.082560448623827,10.026939551376174,0.0009007883949637951,0.0007302748498544126,0.0006758570699089264,3832699.0,1.0967101039092826,0.0,0.0,-1,0.0,0,39.94285714285714,0.07334278200634763,0.0,-0.33203683784723864,0.007056954015626404,0.011592753848638856,0.0009940357852882276,0.004990019960079861,2.236067977501548,0.0009930486593842886,0.0
2022-12-28,10.07,10.07,0.0,0.0,0.0009935420588777356,4.7156688548460775,0.0,10.065000000000001,10.05675,10.041833333333333,2,28,12,10.064421129801431,10.039970299592799,64.28571428571465,0.017172981854555402,0.019224931306302435,10.082761131220986,10.030738868779013,0.0007567915415701343,0.0007102352536760086,0.0006629111193540061,3832699.0,1.0187945989300282,0.0,0.0,-1,0.0,0,35.0,0.07291464159168981,0.0,-0.1743333704567538,0.007056954015626404,0.011274635121465551,0.0009940357852882276,0.003988035892323216,2.236067977501548,0.0,0.0
2022-12-29,10.08,10.07,0.0004964011022757588,0.000992555912751643,0.0004964011022757588,-0.3169954262514264,0.000992555912751643,10.067,10.059250000000002,10.044500000000001,3,29,12,10.067253651655715,10.042552860909392,68.75000000000043,0.01729442916670365,0.01883883087838268,10.084017338425008,10.034482661574996,0.0006283366673389734,0.000730008204840772,0.0006755604002233229,3903630.0,1.6755938521878797,0.0,0.0,-1,0.0,0,37.142857142857146,0.06829342927153591,0.0004965243296920561,-0.19560326238851072,0.008638678570827407,0.011588520990272286,0.001988071570576455,0.004985044865403854,0.6085824967797773,0.0004960317460318235,0.0
2022-12-30,10.08,10.08,0.0004961548104759053,0.0009915717222950275,0.0004961548104759053,0.06141795323222678,0.0,10.068,10.06175,10.047166666666667,4,30,12,10.069571169536493,10.044968805366851,68.75000000000043,0.017192492682868377,0.01850956323927982,10.084057657406701,10.039442342593299,0.0005638742677031943,0.000730008204840772,0.0006755604002233229,3903630.0,1.63620945644597,0.0,0.0,-1,0.0,0,36.51428571428571,0.06760462937726847,0.0,-0.19418754696256282,0.007049946116902235,0.011588520990272286,0.0009930486593843213,0.004985044865403854,2.2360679775015533,0.000992063492063471,0.0
2023-01-03,10.08,10.08,0.0,-0.0009915717222950518,0.0,-5.022290779639229,0.0,10.07,10.06375,10.049833333333334,1,3,1,10.071467320529857,10.047228882439958,64.28571428571465,0.016916702073793033,0.018190991006182464,10.084994194253989,10.042505805746012,0.000418914247829728,0.0007100016478822703,0.0006755604002233229,3903630.0,1.5298297318994958,0.0,0.0,-1,0.0,0,36.6,0.013359287491688868,0.0,-0.25892156724952986,0.007049946116902235,0.01127092674445522,0.0009930486593843213,0.003984063745019917,2.2360679775015533,0.0,0.0
2023-01-04,10.08,10.08,0.0004959087629526466,0.0004959087629526466,0.0,-0.9102726595485919,0.0,10.072,10.06525,10.052166666666668,2,4,1,10.073018716797154,10.049343148088994,54.54545454545543,0.01650784388065496,0.017854361581076963,10.08664232523535,10.043857674764652,0.000418914247829728,0.000685674518863431,0.0006626348510308336,3903630.0,1.3789992287164803,0.0,0.0,-1,0.0,0,39.85714285714285,0.011356008566702016,0.0004960317460318235,-0.25823464038843585,0.007049946116902235,0.01088474554347903,0.0009930486593843213,0.0029850746268655914,2.2360679775015533,0.0004960317460318235,0.0
2023-01-05,10.08,10.08,-0.0004959087629525672,0.0004956629593424123,0.0,3.7775769088752233,0.0,10.074000000000002,10.06675,10.054166666666667,3,5,1,10.074288041015853,10.051321009502608,75.0,0.01599938981046911,0.017483367226955395,10.087845023110386,10.045654976889615,0.000418914247829728,0.000685674518863431,0.0006477224126783996,3903630.0,1.2562204772817802,0.0,0.0,-1,0.0,0,44.17142857142858,0.019293044068767397,0.0,-0.2508429924732768,0.007049946116902235,0.01088474554347903,0.0009930486593843213,0.0029850746268655914,2.2360679775015533,0.000992063492063471,0.0
2023-01-06,10.08,10.08,0.0004959087629526466,0.0,0.0,-0.9938009972448775,0.0,10.076,10.06825,10.056333333333333,4,6,1,10.07532657901297,10.053171266954054,66.66666666666666,0.015418699130858471,0.01707043360773601,10.088582758117369,10.047917241882633,0.000418914247829728,0.000685674518863431,0.0006354648539020866,3903630.0,1.155770400864867,0.0,0.0,-1,0.0,0,45.0,0.017779789482015466,0.0004960317460318235,-0.2560414343993891,0.0,0.01088474554347903,0.0,0.0029850746268655914,0.0,0.000992063492063471,0.0
2023-01-09,10.11,10.08,0.0024758616262047692,0.001980198666862501,0.00297177038915748,4.9415629562698795,0.00297177038915748,10.08,10.071250000000001,10.059666666666667,0,9,1,10.081630837374247,10.056837636827987,99.99999720000008,0.01718119276785046,0.017092585439758903,10.097180067895797,10.045319932104205,0.0009584924191976389,0.0009307376422849948,0.0007968917744321958,4356634.0,2.9888082172186996,0.0,0.0,-1,0.0,0,47.2,0.01619849357095886,0.0029761904761904127,3.7761461040867337,0.021128856368213156,0.014775002023996146,0.0029761904761904656,0.005970149253731183,2.236067977499856,0.0,0.0
2023-01-10,10.14,10.11,0.04732896808564149,0.04732896808564149,0.0,-3.0996310306945856,0.00296296513065727,10.087,10.07575,10.063833333333333,1,10,1,10.09224341239711,10.062202950581021,99.99999825000003,0.02075942917554663,0.01782595418691645,10.114313003814358,10.03718699618564,0.0012399567951837823,0.0011015573720043511,0.0009309161595223653,4377049.0,3.3322093013967122,0.0,0.0,-1,0.0,0,49.0,0.024779384102275485,0.04846686449060339,-0.3519311766656067,0.025839112160673684,0.017486681167160262,0.005952380952380931,0.008955223880596996,0.6085974150503123,0.048323471400394495,0.0
2023-01-11,10.13,10.14,-0.045352682857429376,-0.045352682857429376,0.000988630826939435,2.057990973880723,-0.0009866799024450975,10.093,10.07925,10.067499999999999,2,11,1,10.099108246506725,10.066576953769344,88.88888888888911,0.022528595259345252,0.01876648240140221,10.124003711989854,10.034496288010146,0.0013367007684595344,0.0011381052769440223,0.0009651010204348323,4217195.0,2.2679682977585105,0.0,0.0,-1,0.0,0,54.0,0.017985745818274022,-0.0009861932938855806,0.9446661769532692,0.029400461282868034,0.018066861171625058,0.004960317460317443,0.006958250497017815,0.38355691651336193,0.0009871668311946262,0.0
2023-01-12,10.1206,10.13,0.04535268285742944,0.04535268285742944,-0.0004941932396106391,-1.7655443697842719,-0.0009283676212191649,10.09806,10.08153,10.07052,3,12,1,10.103015838050958,10.070062311590677,80.48289738430506,0.022908100364780637,0.019594805994077896,10.129874252366449,10.033185747633553,0.0014126492263266466,0.001138703512888445,0.0009853484718358317,4189845.0,1.6163245096376302,0.0,0.0,-1,0.0,0,56.0,0.02078743442788771,0.04639684106614006,-0.3038478090326363,0.031995433187535845,0.01807635787283075,0.004027777777777741,0.0045260545905707605,0.449361559952718,0.0479220599569195,0.0
2023-01-13,10.13,10.1206,-0.04239555896768562,-0.020010196006885375,0.0004941932396105783,-1.145163644569502,0.000928367621219191,10.103060000000001,10.08503,10.073853333333334,4,13,1,10.10792204931442,10.07392925922999,80.36437246963513,0.023694230001632732,0.020414690795588865,10.136823805766891,10.033236194233108,0.0014103131162432154,0.0010734891218634308,0.0009901687142698662,4198547.0,1.7365010867283133,0.0,0.0,-1,0.0,0,61.0,0.023468009217836747,0.003893049819180735,-0.48445251604131384,0.031190938930099305,0.01704111150950249,0.004960317460317443,0.006958250497017815,0.03941860642526897,0.026653504442250873,0.0
2023-01-17,10.14,10.13,0.017561426929947208,0.03359672498333769,0.000987654401272632,0.4565400380445797,0.0009866799024451063,10.109060000000001,10.08853,10.07752,1,17,1,10.113754403984524,10.078191887666765,82.1691176470583,0.02483784461738381,0.021299321559947855,10.145271597105955,10.031788402894046,0.001406294524237222,0.001073272399473491,0.0009951722663255917,4212284.0,1.8141893293517692,0.0,0.0,-1,0.0,0,64.0,0.027647351836460398,0.020730503455083815,-0.4446660385848742,0.02597896787842571,0.01703767114821857,0.0029673590504453173,0.006951340615690249,0.5705090383062327,0.06065088757396434,0.0
2023-01-18,10.125,10.14,-0.01854616359248664,-0.05696682460667735,-0.000987654401272652,-0.5970894657669352,-0.0014803851704343308,10.113560000000001,10.09178,10.080353333333333,2,18,1,10.11579905780552,10.081211765881813,72.21324717285884,0.02425420541756118,0.02189029833147052,10.149084343548314,10.034475656451686,0.0015465889736456808,0.0011100999022855243,0.0010424423918201189,4204723.0,1.1594234552915623,0.0,0.0,-1,0.0,0,58.0,0.017879551577868087,0.0009861932938855806,-0.5076710009255645,0.018482954865413834,0.0176222896313076,-0.0014792899408284654,0.006461232604373812,0.44979352016291635,0.002962962962963075,0.0
2023-01-19,10.14,10.125,-0.0009857073247591882,-0.0009857073247591882,0.0019743343037178294,3.9740728153094285,0.001480385170434425,10.11956,10.095780000000001,10.083353333333331,3,19,1,10.120199229113606,10.085004555179761,75.21613832852975,0.024717118233454016,0.02245566231186722,10.154884175647556,10.036675824352447,0.0015698357422307262,0.001136549151370722,0.001057573444894919,4606974.0,1.4963409781294656,0.0,0.0,-1,0.0,0,55.42857142857144,0.021648925555092898,0.0014814814814815376,2.4900784474416002,0.020827104743999358,0.018042158443970616,0.000987166831194486,0.007952286282306265,-0.581355938609521,0.0,0.0
2023-01-20,10.13,10.14,0.0,0.0,-0.0009866799024450975,-5.3114573577464075,-0.0009866799024450975,10.124559999999999,10.09928,10.086020000000001,4,20,1,10.121981187456585,10.08790748710365,68.01152737752143,0.02400040185577801,0.02276461022064938,10.157749950897232,10.040810049102769,0.001640727136093236,0.0011753967927301795,0.0010821888428540632,4604989.0,1.0507961620831496,0.0,0.0,-1,0.0,0,58.54285714285714,0.01553461614679649,0.0,-0.6149347136274473,0.0210286565250279,0.018658845632321924,0.0009287986878250276,0.006958250497017815,-0.5626281631832049,0.0009871668311944508,0.0
2023-01-23,10.14,10.13,0.0,0.0009857073247591282,0.0009669558420492606,7.206758789673731,0.0009866799024451063,10.13056,10.103280000000002,10.089020000000001,0,23,1,10.125257335191751,10.091268294387286,70.16129032258038,0.023963083874912527,0.02300430495150201,10.16138008062345,10.045179919376553,0.0016372529754807616,0.001180754409720906,0.001088844403500858,7281790.0,1.2640257846795189,0.0,0.0,-1,0.0,0,63.0,0.025910721434139132,0.0009871668311944508,4.148419375266623,0.021162136939634486,0.018743895165386305,0.000987166831194486,0.007952286282306265,-0.5774905821242227,0.0010059171597634217,0.0
2023-01-24,10.14,10.14,0.0,-0.0009857073247591882,1.97240603959174e-05,-13.701520694126911,0.0,10.13356,10.10678,10.09202,1,24,1,10.12793781970234,10.094412275394559,70.16129032258038,0.023660762563695314,0.02313559647394067,10.164872470750737,10.048687529249264,0.0014111736093800212,0.0011751988971280692,0.001088844403500858,7281790.0,1.1436938236812422,0.0,0.0,-1,0.0,0,63.0,0.03501111270923882,0.0,-0.3467565396911561,0.019969978950209823,0.0186557041370295,0.0,0.006951340615690249,0.0010947366443113285,0.0,0.0
2023-01-25,10.14,10.14,0.0,0.0,0.0,3.5361166995615263,0.0,10.13356,10.110280000000001,10.09502,2,25,1,10.130130943392825,10.097353418917491,70.16129032258038,0.02315426281771238,0.02313932974269501,10.167469973357768,10.053090026642234,0.0010541435958703951,0.0011751988971280692,0.001088844403500858,7281790.0,1.0393430265853665,0.0,0.0,-1,0.0,0,63.0,0.025184350257742644,0.0,-0.3373644533928064,0.015272415894130906,0.0186557041370295,0.001481481481481639,0.006951340615690249,-0.07910514039505138,0.0,0.0
2023-01-26,10.14,10.14,0.0,0.0,0.0,0.36248328553447934,0.0,10.13456,10.11378,10.097686666666668,3,26,1,10.131925317321402,10.100104811245396,70.16129032258038,0.022493566289462308,0.02301017705204847,10.169128830635005,10.058431169364995,0.0009961117331302371,0.0011751988971280692,0.0010820069615763179,7281790.0,0.9474454906882251,0.0,0.0,-1,0.0,0,68.02857142857144,0.022392907876831267,0.0,-0.33722115352973653,0.011075457041834713,0.0186557041370295,0.0,0.006951340615690249,0.0020930635557904927,0.0,0.0
2023-01-27,10.14,10.14,0.0009857073247591282,0.0009857073247591282,0.0,2.565988318593956,0.0,10.136500000000002,10.117280000000001,10.099853333333334,4,27,1,10.133393441444783,10.102678694390855,70.16129032258038,0.02171958962157916,0.022752059565954608,10.169750326451489,10.064809673548513,0.0009308908997307599,0.0011751988971280692,0.0010577013630966713,7281790.0,0.8660132892828806,0.0,0.0,-1,0.0,0,69.2,0.019706017924760635,0.0009861932938855806,-0.3255597545255724,0.0070081892790923835,0.0186557041370295,0.000987166831194486,0.006951340615690249,2.2360679775015853,0.0009861932938855806,0.0
2023-01-30,10.15,10.14,0.0,0.0,0.0009857073247591282,-0.3915437695895564,0.0009857073247591282,10.1385,10.12078,10.102853333333334,0,30,1,10.13641281572755,10.105731681849509,65.52795031055894,0.02166340175219439,0.022534328003202566,10.172105979879175,10.069454020120824,0.0009361013746274238,0.001175001555457176,0.0010159265473856532,7283092.0,1.1386046625426949,0.0,0.0,-1,0.0,0,67.0,0.026511426447578187,0.0009861932938855806,-0.3202616752905016,0.007001277849822212,0.018652571435122542,0.0009861932938854956,0.00694444444444442,2.236067977501591,0.0,0.0
2023-01-31,10.145,10.15,0.0,0.0,-0.0004927322100183061,5.8354999471361895,-0.0004927322100183061,10.139,10.124030000000001,10.105353333333335,1,31,1,10.137974121958903,10.108265121730186,52.40847784200331,0.02097364314509953,0.02222219103158196,10.172643496068803,10.0754165039312,0.0009141315558919727,0.0011877464195753898,0.001017032898843478,6837501.0,0.8627233873622339,0.0,0.0,-1,0.0,0,70.0,0.019907126798013076,0.0,0.3892455271489334,0.008572667558798147,0.018854889880823164,0.0004930966469427478,0.0064484126984125645,1.2946390399485719,0.0004928536224742023,0.0
2023-02-01,10.15,10.145,0.04338029563022496,0.04338029563022496,0.0004927322100183467,-1.5801923246515819,0.0004927322100183467,10.1415,10.12753,10.108353333333334,2,1,2,10.140160645239103,10.110957694521787,60.1214574898779,0.020593078502562534,0.021896368525778077,10.172757709252648,10.082302290747352,0.0007446451775103719,0.0011858229701332977,0.000990347480724277,6929264.0,0.9936386507872642,0.0,0.0,-1,0.0,0,82.17142857142858,0.02437494388133426,0.0448496796451454,-0.20758398980144882,0.008922038740594595,0.018824356067524077,0.0009861932938854956,0.00694444444444442,0.4062346584631026,0.04433497536945805,0.0
2023-02-02,10.1501,10.15,-0.044366002954984225,-0.04239555896768562,-0.0009857073247591882,-1.4067610930210337,9.852168215882782e-06,10.14251,10.131035,10.111356666666667,3,2,2,10.141967800650175,10.11348300455264,66.48044692737409,0.020068213571768467,0.021530737534976155,10.171352021350271,10.09071797864973,0.0006060680983548639,0.0011856733802420455,0.0009902470874260574,6951740.0,0.9457543916434006,0.0,0.0,-1,0.0,0,75.0,0.022472291294314207,-0.0009852216748768262,-0.3252117332141578,0.008908577841385046,0.01882198140161866,0.0009960552268244438,0.006954365079365088,0.3931017946089383,0.001970423936709941,0.0
2023-02-03,10.16,10.1501,0.0019704439872987385,0.03766741777173982,0.0019704439872987385,0.9457683222970888,0.0009748844943235283,10.14551,10.135035,10.11469,4,3,2,10.145246382350143,10.116484101033116,66.666666666666,0.020218040608082077,0.02126819814959734,10.169478991150097,10.100591008849904,0.0005279531745327552,0.0011906874347161233,0.0009961289941349662,7009611.0,1.449599722123379,0.0,0.0,-1,0.0,0,76.0,0.024208860683327945,0.0009753598486714436,-0.2706034435972024,0.010140108167918917,0.018901577048809903,0.0019723865877712132,0.007936507936507908,-0.5597251588488393,0.0383858267716536,0.0
2023-02-06,10.15,10.16,-0.0009847366625394926,-0.038652154434279225,-0.0009847366625394926,-6.312011324371654,-0.0009847366625394926,10.146510000000001,10.138535000000001,10.117690000000001,0,6,2,10.146110676468298,10.118646417095496,55.55555555555534,0.019307300643845338,0.02087601864844694,10.161865330383899,10.115204669616103,0.000603768541056543,0.0012276819444862576,0.0010232210901739032,7009506.0,0.9828407751921093,0.0,0.0,-1,0.0,0,75.0,0.020855549529948267,-0.000984251968503916,-0.36683682360104897,0.012311051042849873,0.019488846685169054,0.0,0.00694444444444442,-0.024270013182825328,0.0,0.0
2023-02-07,10.17,10.15,0.0,0.03396821612022447,0.0,5.663720773050609,0.0019685045726721534,10.149510000000001,10.141535000000001,10.121023333333333,1,7,2,10.1504541898377,10.121959551476433,73.6842105263156,0.019969173314098754,0.020694649581577306,10.164846372874539,10.118223627125463,0.0008423570574422635,0.0011311102569420528,0.0010609752681541944,7039769.0,2.442155608183027,0.0,0.0,-1,0.0,0,76.34285714285714,0.03353858694450374,0.0,-0.28169737349455054,0.01744610390755377,0.017955818671578253,0.002464268112370771,0.005934718100890191,0.000896431734671424,0.03448377581120942,0.0
2023-02-08,10.18,10.17,0.0068728792877620504,0.014117970547413284,0.0019685045726721534,0.17022632189616124,0.0009828010619080778,10.15351,10.143535000000002,10.12469,2,8,2,10.155826155321753,10.125704096542469,72.22222222222179,0.02105788639405226,0.020767296944072297,10.17247575800177,10.114594241998233,0.0008611731233527651,0.0009583481984306801,0.001065607740538454,7075648.0,2.519975461442292,0.0,0.0,-1,0.0,0,74.62857142857142,0.04003304861705564,0.004916420845624455,-0.27369569687615575,0.017790137518793516,0.015213306014726162,0.002955665024630516,0.0039447731755424265,-0.40325146146664764,0.0471512770137525,0.0
2023-02-09,10.17,10.18,-0.003921573653181802,-0.04513488103305745,-0.000983767910132727,-2.6722969130691028,-0.0009828010619080888,10.15651,10.145534999999999,10.128023333333335,3,9,2,10.158403217990525,10.128561896765536,72.22222222222179,0.02087317001630673,0.020788471558519185,10.176024499487204,10.115045500512794,0.0009613251366662362,0.000958096693539361,0.0010919066924395342,7073169.0,1.6048147992897328,0.0,0.0,-1,0.0,0,72.62857142857143,0.03576975271937981,0.0,-0.31562311694931355,0.020946273293464008,0.015209313498350483,0.0019605718170263575,0.0039486673247777215,-0.15871257685086732,0.0019665683382497122,0.0
2023-02-10,10.17,10.17,0.003921573653181865,0.00489956884115848,0.0009837679101327482,2.1695491691449624,0.0,10.159510000000001,10.148005000000001,10.131356666666669,4,10,2,10.16051172381043,10.131235322780663,68.74999999999957,0.020490578324153574,0.020728892911646063,10.17798888865675,10.118021111343252,0.0009613251366662362,0.0009225360114935543,0.0010919066924395342,7073169.0,1.4671212431311502,0.0,0.0,-1,0.0,0,72.0,0.02082820611159105,0.004916420845624455,-0.2829995969265136,0.020373092512142647,0.014644805171480218,0.0009842519685039353,0.0048811335296325975,0.5438680924380616,0.005899705014749312,0.0
2023-02-13,10.18,10.17,-0.003921573653181802,-0.004899568841158536,0.0009828010619080778,-3.9098136700914687,0.0009828010619080778,10.162510000000001,10.150504999999999,10.13469,0,13,2,10.164055046753989,10.134381430988363,72.22222222222179,0.020755036932021298,0.020734121715721112,10.18244214056395,10.118567859436048,0.0009610934380721034,0.0009247428037803016,0.0010917036715946662,7073604.0,1.8470657973239188,0.0,0.0,-1,0.0,0,71.82857142857144,0.03917167141135919,0.0009832841691248561,-0.31775957329835003,0.017810690346269146,0.014679836912995672,0.002955665024630516,0.004935834155972207,-0.3995575708055194,0.0,0.0
2023-02-14,10.2042,10.18,0.00489956884115848,0.00489956884115848,0.0023743891219090967,-0.07889394246966308,0.0023743891219090967,10.16843,10.153715000000002,10.13883,1,14,2,10.171354129162353,10.138885854795566,78.1085814360768,0.022656193540100844,0.02111853608059706,10.193216167205032,10.114213832794972,0.001115626499163587,0.0010296199311566653,0.0011515802104949799,7074006.0,2.556126999384958,0.0,0.0,-1,0.0,0,73.25714285714287,0.06292071861463984,0.004911591355599284,-0.31658769391856595,0.019906357629560195,0.016344709696535883,0.0033628318584071337,0.006331360946745468,0.03849474206213011,0.0025283706709002436,0.0
2023-02-15,10.18,10.2042,-0.002936859673309825,0.008759180089881554,-0.0033571901838171394,4.574762267130141,-0.002374389121909016,10.171429999999999,10.156465,10.142163333333334,2,15,2,10.172926105678288,10.141538380292626,64.45086705202274,0.021957029132867234,0.021286234691051096,10.195199522885813,10.117730477114188,0.0014567859385879469,0.0011263031819636455,0.001257178783758193,7035010.0,1.2151950377382585,0.0,0.0,-1,0.0,0,73.65714285714284,0.035182574507370695,-0.00041159522549546947,-0.2549826392793323,0.02884541870999121,0.01787950872201921,0.0,0.005432098765432158,0.003182199343093549,0.014734774066797678,0.0
2023-02-16,10.18,10.18,-0.001962709167848706,-0.013658748931040016,0.0009828010619080778,-10.571214355749163,0.0,10.174420000000001,10.158465,10.145496666666666,3,16,2,10.174212268282236,10.144019775112458,64.45086705202274,0.021159028196910512,0.021260793392222983,10.19774677694598,10.11918322305402,0.0014570043743412755,0.0010906917892791162,0.001257178783758193,7035010.0,1.0964371611607455,0.0,0.0,-1,0.0,0,70.0,0.034779551340007694,0.0,-0.2868612992922806,0.027548948314162044,0.017314195388715637,0.000983284169124854,0.0039447731755424265,-0.4895381501511173,0.0,0.0
2023-02-17,10.18,10.18,-0.0009828010619080888,0.0,-0.001966568972040827,11.410372116639888,0.0,10.17642,10.160965000000001,10.14883,4,17,2,10.175264583140011,10.146341079943912,61.68224299065387,0.020292685261937393,0.02106717176616587,10.198962300458575,10.122967699541427,0.001438944027467199,0.0010561085146810441,0.001257178783758193,7035010.0,1.0019132817475473,0.0,0.0,-1,0.0,0,69.0,0.005299969431615241,-0.000982318271119822,-0.14352861322277977,0.027548948314162044,0.0167652029240631,0.000983284169124854,0.004935834155972207,-0.4895381501511173,0.001964636542239644,0.0
2023-02-21,10.18,10.18,0.0009828010619080778,0.0,0.0019665689720408473,-7.332834672734168,0.0,10.179419999999999,10.162965,10.152163333333334,1,21,2,10.176125568023645,10.148512623173337,64.18152350081041,0.019382670879698694,0.020730271588872435,10.200524287869941,10.125405712130059,0.0013816423452973085,0.001042665405600196,0.001257178783758193,7035010.0,0.9070992005486239,0.0,0.0,-1,0.0,0,65.91428571428573,0.011613836594657433,0.0,-0.42279805805962833,0.0266524881038352,0.01655180018321047,0.0,0.0039447731755424265,0.005036831665695624,0.0,0.0
2023-02-22,10.18,10.18,0.004889793622315634,0.00489956884115848,0.0,6.810067699129323,0.0,10.18042,10.164965,10.154496666666667,2,22,2,10.176830010201163,10.150544066839574,62.66891891891871,0.018448811510371144,0.020273979573172177,10.201624530246974,10.128305469753027,0.00125060613755765,0.001042665405600196,0.0011543775256814383,7035010.0,0.8202505541510668,0.0,0.0,-1,0.0,0,64.17142857142859,0.011165914831601849,0.004901768172888108,0.088402285629692,0.016836494472983684,0.01655180018321047,-0.002371572489759166,0.0039447731755424265,-2.236067977499661,0.004911591355599284,0.0
2023-02-23,10.18,10.18,-0.00488979362231571,-0.004899568841158536,0.0,-10.887605143035042,0.0,10.180420000000002,10.166965,10.155830000000002,3,23,2,10.17740637198277,10.152444449624118,62.63736263736251,0.017506912443113976,0.01972056614716054,10.2022276998404,10.1317023001596,0.0012113939201507124,0.001042665405600196,0.0010324939416474414,7035010.0,0.7393081107797776,0.0,0.0,-1,0.0,0,62.0,0.010639882368928088,0.0,-0.4523956488535877,0.0,0.01655180018321047,0.0,0.0039447731755424265,0.0,0.0,0.0
2023-02-24,10.18,10.18,0.0,0.0,0.0,0.6931471805599453,0.0,10.18142,10.168965,10.157496666666669,4,24,2,10.177877940713175,10.154222227067724,59.22509225092235,0.016569448359730288,0.01909034258967449,10.202271315191165,10.135658684808835,0.0011616336959203166,0.001042665405600196,0.0010111515300218975,7035010.0,0.6626370966985285,0.0,0.0,-1,0.0,0,60.0,0.026517525073321627,0.0,-0.45228578432698385,0.0,0.01655180018321047,0.0,0.0039447731755424265,0.0,0.0,0.0
2023-02-27,10.22,10.18,0.00489956884115848,0.00489956884115848,0.0009818361122566383,7.289951760150947,0.003921573653181865,10.18642,10.172965,10.16081,0,27,2,10.185536496947144,10.158465954353678,75.28901734104042,0.018837025521071027,0.019039679175953797,10.2105635036101,10.1353664963899,0.0016753989584355447,0.0013332179031141603,0.0012011891705224298,7037941.0,2.501961274191067,0.0,0.0,-1,0.0,0,61.0,0.04497997760542603,0.004911591355599284,-0.4232864086281082,0.027895071668840532,0.021164178090594444,0.003929273084479545,0.007889546351084853,2.2360679774998187,0.003913894324853319,0.0
2023-02-28,10.19,10.22,-0.001956947786960924,-0.001956947786960924,0.0,0.6802703608629463,-0.002939737540925069,10.18742,10.174965,10.16281,1,28,2,10.186348042956753,10.160500408911506,56.738544474393294,0.01800578796347807,0.018832900933458654,10.2116647074423,10.138265292557701,0.001978536730934915,0.001517202238166238,0.0013342015840762558,7032154.0,0.819352580596887,0.0,0.0,-1,0.0,0,61.0,0.02761168268814554,-0.0009784735812132864,-0.39707705799899423,0.038769511286968296,0.024084838864670735,0.0009823182711197198,0.003940886699507207,0.6036730076932737,0.001962708537782272,0.0
2023-03-01,10.2,10.19,0.042192259978859954,0.042192259978859954,0.0,-2.153110961050689,0.0009808730555918924,10.187,10.177715000000001,10.16481,2,1,3,10.188830216964615,10.163048769626894,56.738544474393294,0.017947060099682943,0.018655732766703514,10.213182481029262,10.14224751897074,0.001844739776854294,0.001517700857374903,0.0013340834061739474,7032826.0,1.2566440780845523,0.0,0.0,-1,0.0,0,65.0,0.032700387188557715,0.04514229636898929,-0.735842217878194,0.03907729446601441,0.024092754199221016,0.0019646365422396617,0.005421389847215297,0.20341314399443822,0.045098039215686364,0.0
2023-03-02,10.2,10.2,-0.04317217186520878,-0.04317217186520878,0.0009808730555918924,2.4578830736036643,0.0,10.189,10.180215,10.167309999999999,3,2,3,10.190861086607413,10.165432719973547,60.838150289016916,0.01769652333916305,0.018463890881195422,10.21448551978524,10.14594448021476,0.0016542468578569446,0.0015179182348011016,0.0012967852502709743,7032826.0,1.154636703731583,0.0,0.0,-1,0.0,0,52.0,0.0324107853784573,0.0,-0.42255715486048356,0.03907729446601441,0.02409620495888318,0.0019646365422396617,0.004926108374384119,0.20341314399443822,0.0,0.0
2023-03-03,10.19,10.2,-0.000980873055591948,-0.000980873055591948,-0.000980873055591948,-4.286010187002594,-0.000980873055591948,10.190000000000001,10.182210000000001,10.168976666666667,4,3,3,10.190704525406066,10.167017705781706,56.738544474393294,0.01650084327506285,0.01807128135996891,10.213625577765667,10.150794422234336,0.001695783703363957,0.0015420136531667523,0.001293853778055067,7032718.0,0.495932308366574,0.0,0.0,-1,0.0,0,55.6857142857143,0.02863098853051398,-0.0009803921568627243,-0.6750120974098422,0.04030232091928141,0.024478707867272603,0.0009823182711197198,0.003930995753736344,0.5078594589732502,0.0,0.0
2023-03-06,10.19,10.19,0.0,0.0,0.0,0.6791609385852054,0.0,10.190999999999999,10.18371,10.170976666666665,0,6,3,10.19057642987769,10.168500434440952,53.61271676300564,0.015376013102049058,0.017532227708384942,10.21348232201105,10.15393767798895,0.001695783703363957,0.00153149951574341,0.0012760074650389477,7032718.0,0.4225401026944088,0.0,0.0,-1,0.0,0,55.25714285714285,0.028447283706737915,0.0,-0.5955274859730161,0.023570718216454425,0.024311801110037477,-0.0029354207436400603,0.0029527559055118058,-1.1141370569842837,0.0,0.0
2023-03-07,10.2,10.19,0.0009808730555918924,0.0009808730555918924,0.0009808730555918924,-0.04317217186520878,0.0009808730555918924,10.193,10.186209999999999,10.172976666666667,1,7,3,10.192289806263563,10.17053266447702,48.309178743961034,0.015117231478154025,0.017049228462338757,10.212223591589847,10.160196408410151,0.001717641755958225,0.0015179884149887609,0.0012758838854205008,7032922.0,1.0602149997143595,0.0,0.0,-1,0.0,0,48.51428571428571,0.02680917214006281,0.0009813542688910488,-0.596182641300412,0.013028445862914758,0.024097319034824243,0.0009813542688910104,0.004926108374384119,-0.5110447489634766,0.0,0.0
2023-03-08,10.18,10.2,-0.001962709167848706,-0.001962709167848706,-0.001962709167848706,2.0090032984150765,-0.001962709167848706,10.193,10.18671,10.17431,2,8,3,10.190055296033824,10.171143460317213,50.0,0.013146764604980987,0.016268735690867203,10.211778991120994,10.161641008879005,0.0018495589430677767,0.0015374524177322226,0.0013351920405098212,7031401.0,-0.5353226994747767,0.0,0.0,-1,0.0,0,49.82857142857143,0.025806144424477703,-0.0019607843137254485,-0.4845800901990953,0.017749516279968902,0.024406300499486718,-0.0019607843137254832,0.000983284169124854,-0.4037138053867624,0.0,0.0
2023-03-09,10.1901,10.18,0.0009818361122566383,0.0010014630050260744,0.0009818361122566383,-0.11482882375895198,0.0009916496067931104,10.19401,10.187214999999998,10.175980000000001,3,9,3,10.190063424027674,10.172366462877394,53.88162951575692,0.012258828854147197,0.015466754323523204,10.212121247367472,10.162308752632525,0.0018758900717353198,0.0015377365694832566,0.0013440648303808854,7032757.0,0.23166878232877292,0.0,0.0,-1,0.0,0,37.54285714285714,0.030483234827211953,0.000982318271119822,-0.42816608763755293,0.02033852759272111,0.024410811268693752,-0.0009705882352941675,0.0009921414538309747,-0.5370458540716873,1.962689276859994e-05,0.0
2023-03-10,10.21,10.1901,0.0019607849419408453,0.0682533257175769,-0.0009818361122567018,3.7737437391565463,0.0019509714474044229,10.19701,10.189215,10.178313333333332,4,10,3,10.193688256022643,10.174794433014336,60.00000000000024,0.013010915330227135,0.014975586524863992,10.214717633507634,10.163712366492367,0.0019638258883720363,0.0015736043323246864,0.00138252972419974,7091801.0,1.6300277376278651,0.0,0.0,-1,0.0,0,26.885714285714283,0.010871324335724268,0.0019528758304630557,1.7440111315944236,0.02358993178685763,0.024980194352069753,0.001962708537782243,0.003933136676499638,-1.1288149053505532,0.07149853085210582,0.0
2023-03-13,10.21,10.21,0.0,-0.06631216766840516,0.002942621054197578,-8.42108885019535,0.0,10.19601,10.191215000000001,10.180646666666666,0,13,3,10.19665402765489,10.177065759916637,60.00000000000024,0.013451884331939112,0.014670846086279016,10.216646540716074,10.16578345928393,0.001492680242110623,0.0015736043323246864,0.00138252972419974,7091801.0,1.4772994062548277,0.0,0.0,-1,0.0,0,23.0,0.013083176119094918,0.0,-0.5096803736829414,0.02358993178685763,0.024980194352069753,0.001962708537782243,0.003933136676499638,-1.1288149053505532,0.0,0.0
2023-03-14,10.21,10.21,0.0,0.0,0.0,-0.9555114450274363,0.0,10.19801,10.192715,10.182646666666667,1,14,3,10.199080568081275,10.179190549599435,60.00000000000024,0.013644075038900638,0.014465491876803342,10.218889417000167,10.166540582999833,0.0011127190594197572,0.001563086048253651,0.0013756434434812983,7091801.0,1.3207553008642772,0.0,0.0,-1,0.0,0,25.0,0.016190437692285592,0.0,-0.5089336761786272,0.023071347080336552,0.024813221768843204,0.0009803921568629637,0.0029469548133596035,-0.5621664963021092,0.0,0.0
2023-03-15,10.015,10.21,0.024190826460202697,0.02803619600731923,-0.02178303951611205,9.009007234925821,-0.0192836630587926,10.17951,10.183254999999999,10.178313333333332,2,15,3,10.165611373884678,10.1685976109156,26.086956521739424,-0.001916391786574323,0.01118911514412781,10.266498598774179,10.100011401225819,0.006169144562203982,0.004523901032450149,0.0037838654557533708,7050919.0,-4.042472994384417,0.0,0.0,-1,0.0,0,22.685714285714287,0.13074910964625294,0.024485798237022526,0.9757575812823598,0.14140283766923728,0.07181470252638862,-0.016208251473477375,-0.018541384919934845,-2.1892814545363866,0.05095356964553161,0.0
2023-03-16,10.0,10.015,-0.04297536298005818,-0.04682073252717489,0.001000500333583622,-3.2900077944647608,-0.0014988761237359858,10.159510000000001,10.174254999999999,10.173313333333333,3,16,3,10.135500214996554,10.157720345695239,25.00000000000024,-0.015282382697852981,0.005894815575731652,10.291114708512891,10.057395291487106,0.006138386152474882,0.004513407563909502,0.003784708184627638,7049396.0,-2.9822939354803326,0.0,0.0,-1,0.0,0,32.57142857142857,0.13810337423354185,0.0004992511233149281,-0.45465380256447957,0.13777654878126086,0.07164812387749443,-0.018655361576431995,-0.017681728880157177,-2.124138593106606,0.0019999999999999575,0.0
2023-03-17,10.0441,10.0,-0.0019980026626729977,0.002989538848366207,0.0,0.008499560812455583,0.004400304444482253,10.14492,10.16746,10.16978,4,17,3,10.11888199408809,10.150390000811676,25.84454820104378,-0.022062205973666593,0.00030341126585200356,10.297925392063755,10.036994607936245,0.0064622155991500944,0.004663968272487075,0.003888550380417235,7050932.0,-1.8910762164378119,0.0,0.0,-1,0.0,0,27.000000000000004,0.11140237625485194,0.0,-0.45781165151686715,0.14507131495256398,0.074038201030178,-0.016248775710088204,-0.013349705304518622,-1.8945568908043615,0.004978046813552305,0.0
2023-03-20,10.01,10.0441,0.005982071677547469,0.012852376617291803,0.0009995003330834232,-0.3784885204099622,-0.003400804111398724,10.12692,10.15896,10.16478,0,20,3,10.099085267890255,10.141332581404471,25.55676262900613,-0.029842840096042877,-0.005725839006526973,10.306958711232053,10.010961288767948,0.006468380086714254,0.004700274055385603,0.003919220724865894,7049880.0,-2.0129905018759415,0.0,0.0,-1,0.0,0,30.428571428571438,0.12409217122281486,0.0015830188867096352,-0.4235294970497167,0.1422735441660861,0.07461453746639604,-0.019588638589618124,-0.016699410609037346,-1.6484622816924754,0.016983016983016977,0.0
2023-03-21,10.18,10.01,-0.003984069014874459,0.0009818361122566383,-0.0009995003330834993,-0.08735709868710961,0.016840417795247448,10.12492,10.158959999999999,10.16578,1,21,3,10.113797037364753,10.143827253571924,48.10677773570622,-0.022037435603932565,-0.008988158326008092,10.30695871123205,10.010961288767946,0.00878629860568772,0.0061643655757405635,0.005050381029793593,7050844.0,0.28432680021127654,0.0,0.0,-1,0.0,0,43.0,0.0808266882681563,0.0009990009990009777,-0.4312108978802575,0.20774670959293792,0.09785626982338216,-0.0029382957884428462,0.0,-0.1777743691714027,0.018664047151276966,0.0
2023-03-22,10.26,10.18,0.015841915465657923,0.006845992507990059,0.01439588028373234,2.9468928343116416,0.007827828620246696,10.13292,10.16296,10.16878,2,22,3,10.140379394207525,10.15132226947051,54.9325879644854,-0.00928918495508313,-0.0090483636518231,10.317531453754638,10.008388546245362,0.009105749757152877,0.006408765836366233,0.005236142676454792,7069205.0,1.2556005348055757,0.0,0.0,-1,0.0,0,41.0,0.0663591929248052,0.0,0.719369572742056,0.12914259559813543,0.1017360036832315,0.024463305042436323,0.007858546168958647,0.7581778516239863,0.011208576998050702,0.0
2023-03-23,10.26,10.26,0.007827828620246696,0.0,0.011271866464845324,-5.555304251880871,0.0,10.13991,10.16696,10.171446666666668,3,23,3,10.1621285952607,10.158333735956285,55.850885991307265,0.0008046203675782237,-0.007077766847942835,10.327416577500554,10.006503422499446,0.009109076110310692,0.006408765836366233,0.005234840787126194,7069205.0,1.159690695754486,0.0,0.0,-1,0.0,0,38.34285714285715,0.06613998211654835,0.0,-0.4598930926188358,0.12485526129136143,0.1017360036832315,0.026000000000000023,0.007858546168958647,0.770732298198483,0.0,0.0
2023-03-24,10.26,10.26,0.0,0.0,0.0,0.40075921707075174,0.0,10.14491,10.17096,10.174446666666666,4,24,3,10.17992339612239,10.164892849765558,55.850885991307265,0.00870370293812428,-0.003921472890729413,10.336687352505416,10.005232647494582,0.009100668028197546,0.006408765836366233,0.00522977981277899,7069205.0,1.0745359610700413,0.0,0.0,-1,0.0,0,37.0,0.06593726908850966,0.0,-0.45804650016543164,0.1303535514850808,0.1017360036832315,0.0214952061409186,0.007858546168958647,1.1131562442589478,0.0,0.0
2023-03-27,10.26,10.26,-0.005865119452398134,0.0,-0.005865119452398134,3.9476086727757944,0.0,10.14991,10.17296,10.177446666666667,0,27,3,10.194482778645591,10.171028794941973,55.100306018361124,0.014793255345953327,-0.00017852724339286483,10.34210931927312,10.003810680726879,0.009100668028197546,0.006355238742627841,0.00522977981277899,7069205.0,1.0291498703516393,0.0,0.0,-1,0.0,0,40.0,0.06564531527251762,-0.005847953216374317,-0.11922827079968601,0.1195232805415241,0.10088628741261656,0.024975024975024906,0.003913894324853118,1.3574709703717966,0.005847953216374317,0.0
2023-03-28,10.26,10.26,0.020379162336652264,0.01739174271186924,0.005865119452398058,-1.121076868053061,0.0,10.15491,10.17646,10.180113333333333,1,28,3,10.206395000710028,10.176768872687653,57.0397747272087,0.019395688083186258,0.00373631582192296,10.349935427048063,10.002984572951938,0.009100668028197546,0.006312414730553947,0.005228476130306139,7069205.0,0.9631335275728004,0.0,0.0,-1,0.0,0,39.0,0.05969998572176738,0.014619883040935708,-0.3443880286925076,0.05579014333767752,0.10020647729607925,0.007858546168958647,0.006869479882237517,2.2360679774997974,0.01754385964912278,0.0
2023-03-29,10.5,10.26,-0.031222048261359988,0.031119908713804472,-0.016708005377105914,1.3230213331351652,0.023122417420854212,10.20341,10.191460000000001,10.189973333333334,2,29,3,10.25977772785366,10.197622493804579,69.4148602931963,0.04192584834075497,0.011374222325689362,10.417440524545192,9.96547947545481,0.008835296467596104,0.008149887703634406,0.006716046097973921,7075926.0,2.7306777928847454,0.0,0.0,-1,0.0,0,41.0,0.03047343386111599,-0.016569200779727088,-0.0465563841961542,0.16606539742034016,0.1293754564615195,0.023391812865497075,0.02941176470588247,2.2360679774997902,0.06476190476190473,0.0
2023-03-30,10.25,10.5,0.04930916675250393,-0.015910490050275682,0.015732871218899706,-2.107353137109963,-0.02409755157906053,10.22841,10.19396,10.192306666666667,3,30,3,10.257999959152993,10.201001687752672,51.945146858587776,0.03915687591188721,0.01693075304292893,10.421439640731657,9.966480359268344,0.012607365058432912,0.009923670385184668,0.008085305856089695,7075109.0,0.4927034333248848,0.0,0.0,-1,0.0,0,45.0,0.04104348985395167,0.00952380952380949,-0.40397734084467846,0.26492306904288726,0.15753338359305114,-0.0009746588693957392,0.004901960784313708,-0.037543042645631,0.0341463414634146,0.0
2023-03-31,10.15,10.25,-0.04338029563022505,-0.04338029563022505,-0.009804000096620856,-0.8915085630349365,-0.009804000096620856,10.238999999999999,10.19196,10.191306666666666,4,31,3,10.238363602943357,10.197711256284759,47.34089700407727,0.02856401288742738,0.019257405011828623,10.420288013358514,9.963631986641486,0.013158225836075383,0.010173725110360644,0.00828974544559205,7074774.0,-0.3675414101213692,0.0,0.0,-1,0.0,0,49.0,0.042204807139028716,-0.009756097560975575,-0.4359026210000783,0.2736396924865142,0.16150287929488452,-0.010721247563352798,-0.003925417075564153,0.46131164289024296,0.0,0.0
2023-04-03,10.38,10.15,0.04338029563022496,0.04338029563022496,0.004914014802428941,2.727169734934404,0.02240717224994619,10.276,10.20146,10.197973333333332,0,3,4,10.264115675135473,10.20947182039542,56.258283021646285,0.03828682376128434,0.023063288761719765,10.444764093028143,9.958155906971859,0.014657476625856364,0.011381138711424054,0.009270255998289484,7079896.0,1.46762841329882,0.0,0.0,-1,0.0,0,61.48571428571428,0.05447421940853278,0.04433497536945805,-0.14398621811642215,0.32644704326917073,0.18066997600294896,0.011695906432748648,0.01864573110893053,-0.1313612333497893,0.03853564547206169,0.0
2023-04-04,10.33,10.38,-0.028710105882431253,-0.019048194970694363,0.00974646616037053,-0.924524458061098,-0.004828594606195445,10.291,10.20796,10.202973333333334,1,4,4,10.27609464329266,10.217247831982812,62.98219584569729,0.04147948955976055,0.026746528921327922,10.457953931715899,9.957966068284101,0.014077484546793452,0.01145486453947352,0.009324182262657032,7077864.0,0.9763436989237841,0.0,0.0,-1,0.0,0,50.22857142857144,0.05807181694445297,-0.007707129094412337,-0.35086857113804465,0.33053408781846716,0.18184033724027612,0.006822612085769952,0.012745098039215863,0.0876588717528119,0.009690222652468654,0.0
2023-04-05,10.25,10.33,-0.0009713453896320032,-0.007722046093910278,-0.004856480866178607,-0.06927412588340538,-0.00777457754713004,10.290000000000001,10.211459999999999,10.205306666666667,2,5,4,10.271350162693993,10.219360875080696,59.77937724925675,0.037126398780106484,0.028822502893083638,10.46176557661436,9.961154423385638,0.01416533558078772,0.01159757369549463,0.009445764684274988,7075968.0,0.30794359855097275,0.0,0.0,-1,0.0,0,52.62857142857143,0.05636043892322753,-0.0038722168441433615,-0.3610863311207189,0.2690009073486435,0.18410577486013877,-0.023809523809523836,0.006876227897838927,1.140812779405611,0.006829268292682955,0.0
2023-04-06,10.48,10.25,0.02020270731751947,0.019184941507545617,0.004866189651172906,1.20665906650855,0.02219097330847894,10.312000000000001,10.225955,10.215306666666665,3,6,4,10.309286496749632,10.236176302494846,64.8862782596817,0.05164034305496301,0.03338607092545952,10.503180566338347,9.948729433661654,0.01584440474084929,0.012602551517888111,0.01027550345570548,7082305.0,1.8327674705870725,0.0,0.0,-1,0.0,0,55.0,0.055803996948048044,0.024390243902439025,-0.08921026336043794,0.26223587286297745,0.2000593032072691,0.022439024390243922,0.028449181067899287,0.5578710299477196,0.02098282442748083,0.0
2023-04-10,10.19,10.48,-0.03390155167568134,-0.018700562713865894,-0.019608471388376424,2.959638117835193,-0.028061831658262693,10.305,10.224955,10.215639999999999,0,10,4,10.287598042795153,10.233197186204857,55.23255813953487,0.039289269845180996,0.034566710709403814,10.502566909914458,9.94734309008554,0.018476200086944984,0.014185450213479894,0.011534978644765725,6960058.0,-0.251826371647894,0.0,0.0,-1,0.0,0,57.91428571428572,0.0374514548743732,-0.031488549618320615,3.9972995783051486,0.3424223443380686,0.22518704100213544,0.003940886699507207,-0.0019588638589619345,-0.17726346126322967,0.022080471050049035,0.0
2023-04-11,10.2,10.19,0.003933141746836925,-0.012180418556871072,0.004938281640582577,-2.1679152613794064,0.0009808730555918924,10.299000000000001,10.224454999999999,10.214973333333335,1,11,4,10.271671125923305,10.231055432256158,50.64102564102563,0.02996248291620418,0.03364586515076389,10.502216302105612,9.946693697894386,0.018481937879146426,0.014187156104830798,0.011513744120697753,6974045.0,-0.17608644411309016,0.0,0.0,-1,0.0,0,58.48571428571428,0.041036062248511265,0.0,0.08731363819553668,0.28583421596752917,0.22521412118780457,-0.017341040462427904,-0.0009794319294810228,0.2002930923557733,0.004901960784313621,0.0
2023-04-12,10.18,10.2,0.0,-0.000980873055591948,0.0019685045726721534,-0.3126082625206254,-0.001962709167848706,10.291,10.222955,10.214640000000001,2,12,4,10.255003648482704,10.22776153340092,47.33333333333333,0.0207182768275036,0.031060347486111833,10.501368236792166,9.944541763207836,0.01848723824128427,0.014194268721304951,0.011506551999858967,6963813.0,-0.3085700988568066,0.0,0.0,-1,0.0,0,60.74285714285714,0.039478584995323904,-0.0009803921568627243,-0.06672627218152745,0.2856377793909713,0.22532703047397412,-0.014520813165537327,-0.0029382957884428462,0.042323383512251754,0.001964636542239644,0.0
2023-04-13,10.1525,10.18,-0.003686866656317642,-0.003686866656317642,-0.0017222294821527396,-3.9005565499933095,-0.002705030544060876,10.25625,10.22983,10.213056666666667,3,13,4,10.236366621485848,10.222905950600861,46.48117839607202,0.01104582730698489,0.027057443450286447,10.492994740079462,9.966665259920537,0.01644933614736521,0.013492370782639361,0.011515707852228406,6963606.0,-0.5876927127596978,0.0,0.0,-1,0.0,0,63.17142857142856,0.03319407610647666,-0.002701375245579554,-0.3658998064999297,0.2823533269143685,0.214184746125226,-0.009512195121951228,0.013729405891163227,-0.23109576120666273,0.0,0.0
2023-04-14,10.2,10.1525,0.003520022512896063,0.004667739711909505,0.0017222294821527008,4.564247542280493,0.004667739711909505,10.25125,10.23983,10.213056666666667,4,14,4,10.22975450848842,10.22142814733629,48.09523809523808,0.007130992756071208,0.0230721533114434,10.480457461354545,9.999202538645454,0.01488308753475076,0.013508444147067455,0.011548623079081683,6983476.0,-0.33105115913028565,0.0,0.0,-1,0.0,0,65.71428571428571,0.03851420555586723,0.0035262250677173166,0.3314659625169339,0.20351303214793162,0.2144399028752791,-0.026717557251908497,0.020000000000000018,-1.9442892861692602,0.002941176470588173,0.0
2023-04-17,10.0501,10.2,-0.013657418386874318,-0.014805135585887705,-0.011859625356130993,-2.2826541890938623,-0.014805135585887705,10.24126,10.24013,10.208393333333333,0,17,4,10.197090052399615,10.210374718475885,43.91558930952521,-0.007975284943430694,0.016862665660468585,10.479742811361287,10.000517188638714,0.015304552842473257,0.01392937962669876,0.011858741030965502,6981449.0,-1.586142234385569,0.0,0.0,-1,0.0,0,67.08571428571429,0.01828438975800638,-0.014696078431372434,-0.3332511707614787,0.11568839193702059,0.22112204645792785,-0.013729146221786004,0.0005973656176263553,-1.3445854457674662,0.0,0.0
2023-04-18,10.08,10.0501,0.006931079154981727,0.006931079154981727,0.0029706779388849348,-0.9942389399216439,0.0029706779388849348,10.21126,10.24363,10.204726666666666,1,18,4,10.17580095196332,10.201963446316151,44.871210394346946,-0.017334616076166043,0.01002320931314166,10.47081169032977,10.01644830967023,0.013038032529495331,0.013917550752127167,0.011874567344830639,6982199.0,-1.4405210187711774,0.0,0.0,-1,0.0,0,65.4857142857143,0.021519422723265392,0.006955154675077734,-0.38012040811902237,0.12049440475246856,0.2209342688954906,-0.0117647058823529,0.006993006993007089,-1.3242627394158382,0.003968253968253884,0.0
2023-04-19,10.08,10.08,-0.003960401216096794,-0.003960401216096794,0.0,-4.422848629194137,0.0,10.18626,10.23863,10.200726666666666,2,19,4,10.158382597060896,10.1940948368764,36.13678373382625,-0.024469879885845813,0.0031245914733441654,10.47588656643353,10.00137343356647,0.01304633850946796,0.013362132664632988,0.011872285739835493,6982199.0,-1.3372021890440873,0.0,0.0,-1,0.0,0,67.25714285714287,0.027882800751598446,0.0,-0.40561459205021794,0.12168230673922127,0.21211728009643033,-0.00982318271119842,-0.00982318271119842,-1.5301201270990534,0.0,0.0
2023-04-20,10.15,10.08,0.0059347355198145265,0.006920442844573757,0.0059347355198145265,7.179307969504034,0.006920442844573757,10.17626,10.23313,10.199726666666665,3,20,4,10.15685848850437,10.191250008690826,46.25412046748578,-0.024197281675355953,-0.0023397831563958587,10.473381763562259,9.99287823643774,0.013200006109370851,0.013333900082252426,0.011941136347261258,6994007.0,-0.6920240564931928,0.0,0.0,-1,0.0,0,64.05714285714285,0.03408185006657073,0.0059523809523810015,0.045266457705738596,0.1363127346888729,0.21166910174534168,-0.0002462447672986201,-0.010721247563352798,-1.772224465850783,0.0009852216748768262,0.0
2023-04-21,10.15,10.15,0.0009857073247591282,0.0,0.0009857073247591282,-5.249398161795162,0.0,10.14326,10.227630000000001,10.19839,4,21,4,10.155611490594483,10.188588717807548,50.0,-0.023707955081093246,-0.006613417541335337,10.470315814648524,9.984944185351479,0.010402238734518772,0.013333900082252426,0.011939583412500466,6994007.0,-0.6397572112933836,0.0,0.0,-1,0.0,0,63.51428571428572,0.03394001450527454,0.0,-0.39225505684338546,0.1300567324967442,0.21166910174534168,-0.004901960784313597,-0.010721247563352798,-1.5448710637260779,0.0,0.0
2023-04-24,10.18,10.15,0.0029513056345803197,0.0029513056345803197,0.0029513056345803197,0.48798613179616795,0.0029513056345803197,10.14226,10.22363,10.197390000000002,0,24,4,10.16004576503185,10.188034606981255,40.336296868960126,-0.02066124102483613,-0.009422982238035496,10.466706215901269,9.980553784098731,0.0059227843272689415,0.013355562150806096,0.011946821666170334,6994108.0,-0.35898205703285846,0.0,0.0,-1,0.0,0,63.48571428571429,0.03963999920504727,0.0029556650246304788,-0.39079149943456754,0.04535935863077391,0.21201297642299913,0.012925244524929935,-0.007797270955165692,0.8821046064725352,0.0,0.0
2023-04-25,10.18,10.18,0.0,0.0,0.0,-3.228826155721369,0.0,10.14026,10.219629999999999,10.196390000000001,1,25,4,10.163673807753332,10.187516245240529,42.38424045491467,-0.0180387586044084,-0.011146137511310078,10.462819128046542,9.976440871953455,0.005911321240544776,0.013355562150806096,0.011946821666170334,6994108.0,-0.3259191750744251,0.0,0.0,-1,0.0,0,57.0,0.039522087708911705,0.0,-0.38300219090453863,0.048513980927476594,0.21201297642299913,0.009920634920634885,-0.007797270955165692,1.4596589249054475,0.0,0.0
2023-04-26,10.03,10.18,-0.015841915465657976,-0.014844409148532564,-0.015841915465657976,4.330733340286331,-0.014844409148532564,10.12526,10.20813,10.19039,2,26,4,10.139369479070908,10.177353906837913,39.57148274554413,-0.027744349202599494,-0.014465779849567963,10.464667397294358,9.951592602705643,0.007504332416193632,0.013738677581899969,0.012244760650305535,6993804.0,-1.3887254012763688,0.0,0.0,-1,0.0,0,52.0,0.044366040085229985,-0.015717092337917498,-0.3687354197329837,0.13027740477138516,0.21809474534763326,-0.004960317460317554,-0.022417153996101447,-1.5471962533803882,0.0009970089730807366,0.0
2023-04-27,10.03,10.03,0.0009975063171253381,0.0,0.0009975063171253381,-2.6725052636827984,0.0,10.11301,10.18463,10.19089,3,27,4,10.119484119239834,10.16784720317095,22.720659553831098,-0.03503226948092397,-0.018579077775839167,10.413172992385364,9.956087007614636,0.007503215645613892,0.01248774076300847,0.011731233234776362,6993804.0,-1.3531808469477602,0.0,0.0,-1,0.0,0,58.0,0.044812406817479465,0.0,-0.36561849736491653,0.11171527449741393,0.19823673897578634,-0.011822660098522286,-0.04476190476190478,-2.041758451660765,0.0,0.0
2023-04-28,10.03,10.03,0.0,0.0,0.0,-3.044522437723423,0.0,10.09601,10.17363,10.19189,4,28,4,10.103214279378046,10.158953835224438,35.04113687359751,-0.04034295038866098,-0.02293185229840353,10.40996995229894,9.937290047701058,0.007237953919374934,0.011408829672322972,0.01172731313960764,6993804.0,-1.2154525597798642,0.0,0.0,-1,0.0,0,59.0,0.044562395399351765,0.0,-0.36464642213262655,0.11171527449741395,0.18110955637956666,-0.011822660098522286,-0.02146341463414636,-2.041758451660765,0.0,0.0
2023-05-01,10.18,10.03,0.014844409148532495,0.014844409148532495,0.014844409148532495,4.653960350157523,0.014844409148532495,10.108999999999998,10.17513,10.19642,0,1,5,10.117175319491128,10.160311652306731,48.51807943094253,-0.03207817958545078,-0.02476111775581298,10.41121915443565,9.93904084556435,0.0073743752218771805,0.011746305563230442,0.01201343927159971,6993909.0,0.04125560118711667,0.0,0.0,-1,0.0,0,59.0,0.04810507466740505,0.014955134596211402,-0.3603203749223999,0.16663695288794908,0.18646682006449342,0.0,0.002955665024630516,0.0314877233998088,0.0,0.0
2023-05-02,10.18,10.18,0.0,0.0,0.0,-3.2676659890376327,0.0,10.119,10.16513,10.202086666666668,1,2,5,10.12859798867456,10.161581868286943,50.0,-0.02523736850503866,-0.02485636790565812,10.380735840170955,9.949524159829044,0.007359713843102101,0.01049321792555665,0.0119912787234563,6993909.0,0.1379368943643612,0.0,0.0,-1,0.0,0,55.0,0.04797086530796341,0.0,-0.35366572938261426,0.16663695288794908,0.16657467050296781,0.0,-0.019267822736030893,0.03148772339980878,0.0,0.0
2023-05-03,10.18,10.18,0.0,0.0,0.0,-0.6931471805599453,0.0,10.129,10.157630000000001,10.202086666666668,2,3,5,10.13794380891555,10.162770134849076,52.191933684042716,-0.019590153345113492,-0.023803124993549193,10.35905749616316,9.956202503836842,0.007359713843102101,0.010454269495075129,0.011586747792957382,6993909.0,0.22211466086912626,0.0,0.0,-1,0.0,0,54.0,0.04821833536430218,0.0,-0.3495661021000491,0.10617092332581558,0.16595638333690546,0.014955134596211339,-0.014520813165537327,2.23606797749979,0.0,0.0
2023-05-04,10.05,10.18,-0.012852376617291881,-0.012852376617291881,-0.012852376617291881,3.912023005428146,-0.012852376617291881,10.119,10.147630000000001,10.195086666666667,3,4,5,10.12195402547636,10.15549464227817,39.433643279797195,-0.025312817782834784,-0.024105063551406312,10.349606508274526,9.945653491725476,0.008187913092371383,0.010690762650780434,0.011719631279892024,6993809.0,-0.966746091751447,0.0,0.0,-1,0.0,0,49.6,0.05479229855648587,-0.01277013752455786,-0.3422828458023451,0.15589737043008922,0.16971059579749617,0.001994017946161719,-0.019512195121951126,0.33263503726786564,0.0,0.0
2023-05-05,10.06,10.05,0.0,0.012852376617291803,0.0,1.8115620965242347,0.0009945301665083635,10.11,10.12663,10.188419999999999,4,5,5,10.110689657207931,10.149333697615061,50.86857343393578,-0.028710200829108246,-0.0250260910069467,10.258149958061324,9.995110041938677,0.00820689161850419,0.009194237340165029,0.011722861858799906,6994421.0,-1.0132302501029211,0.0,0.0,-1,0.0,0,53.885714285714286,0.054572164280326324,0.0,-0.3121959827666592,0.15588169191954107,0.14595399298188386,0.0029910269192423566,-0.040076335877862634,0.23150101872953346,0.012922465208747416,0.0
2023-05-08,10.08,10.06,0.00298062813813772,-0.009871748479154117,0.00298062813813772,-0.2811673914305873,0.0019860979716293243,10.1,10.121129999999999,10.18242,0,8,5,10.105109719533761,10.144860555833445,50.0,-0.029449344801783184,-0.025910741765914,10.25067716434374,9.991582835656258,0.008162491418316228,0.006955396750883311,0.011731925075095222,6994883.0,-0.6349810929224862,0.0,0.0,-1,0.0,0,57.142857142857146,0.05481657297671922,0.0019880715705764985,-0.43762549159283265,0.0968415504515959,0.1104135004357435,-0.00982318271119842,-0.01079489695780167,-2.132637646117634,0.0,0.0
2023-05-09,10.18,10.08,0.005737477406935039,0.009871748479154091,0.005737477406935039,1.3045817895809495,0.009871748479154091,10.1,10.12013,10.179753333333334,1,9,5,10.118726134163987,10.147127616747415,57.57575757575757,-0.02171563315870273,-0.025071720044471744,10.24740253972657,9.992857460273429,0.00886437941625626,0.00733384867814654,0.01188598747299848,6996586.0,0.9408156720785649,0.0,0.0,-1,0.0,0,59.0,0.05741588953372556,0.005753968253968237,-0.13557616241807469,0.12955834061833424,0.11642123853213315,0.0,-0.0019607843137254832,-0.857402823831085,0.004125736738703322,0.0
2023-05-10,10.245,10.18,0.004134271072218982,0.00636477056848626,0.0031514700103109326,1.8794067762868107,0.00636477056848626,10.121500000000001,10.123380000000001,10.179253333333332,2,10,5,10.141685018861445,10.153441964054034,57.251908396946504,-0.010223800581830034,-0.022102136151943404,10.260061552291717,9.986698447708285,0.007339018023666747,0.007457153625189151,0.011946567020242809,7007740.0,1.77961104422385,0.0,0.0,-1,0.0,0,59.971428571428575,0.05944898488411044,0.0,1.6216630143005593,0.13718101425512547,0.11837864388392556,0.006385068762278845,0.006385068762278845,-1.3018942475181963,0.007320644216691,0.0
2023-05-11,10.35,10.245,0.006852694462040528,0.024585475472614745,0.007347571630394322,0.3004432277533161,0.010196738020515085,10.1535,10.133255,10.174253333333333,3,11,5,10.179560469977545,10.166123127663452,63.157894736842096,0.007272350873915201,-0.01622723874677168,10.303268689541785,9.963241310458216,0.007711968281451483,0.007735771237538305,0.011282472710754624,7022803.0,2.5497358546145663,0.0,0.0,-1,0.0,0,59.057142857142864,0.062077873250038974,0.00048804294777948093,1.9700634843188485,0.06858973536368188,0.12280156136287633,0.02985074626865658,0.019453336616596983,-0.1663375674659096,0.024637681159420367,0.0
2023-05-12,10.54,10.35,0.024097551579060524,0.049243576101933285,0.02363264071734292,-2.1356280414166844,0.01819102340183818,10.2045,10.150255,10.18392,4,12,5,10.245094929981628,10.190244216201295,69.56521739130436,0.03605398120677883,-0.005770994756061579,10.39840763108785,9.90210236891215,0.008957293157472422,0.008631662723305978,0.010887518567027526,7024583.0,3.1411716111285193,0.0,0.0,-1,0.0,0,57.34285714285715,0.06278257691550858,0.01449275362318844,-0.11468233227774595,0.0956604696755681,0.13702339780112488,0.04771371769383692,0.033333333333333215,0.5590087403446439,0.05123339658444015,0.0
2023-05-15,10.46,10.54,0.009478743954543739,-0.03599834935191269,-0.0028639637714288615,2.424056698279621,-0.007619084476439293,10.2325,10.17075,10.194253333333334,0,15,5,10.284168579075876,10.20764781515605,64.00000000000011,0.051811053619058356,0.0057454149189624095,10.449851471832345,9.891648528167655,0.009012567185349988,0.008048846740032697,0.010820792920121329,7004484.0,2.0727228566802545,0.0,0.0,-1,0.0,0,57.0,0.061274516772619206,0.005692599620493406,2.790265536659577,0.15065104929429668,0.1277714808899968,0.037698412698412787,0.04078566382424054,-1.0160524159245834,0.017208413001912018,0.0
2023-05-16,10.52,10.46,-0.007575793808457656,-0.011342276603934607,0.005719748672786909,-1.1596443520526416,0.005719748672786909,10.266499999999999,10.19275,10.19892,1,16,5,10.327047019243897,10.227799569016952,76.92307692307709,0.06835222370139604,0.01826677667544914,10.50866929349129,9.876830706508711,0.009000379222491592,0.008089458411906284,0.010071040565407965,7010787.0,2.0717316526223652,0.0,0.0,-1,0.0,0,55.28571428571429,0.061225335323653575,0.005736137667303892,0.4648464918040009,0.14927557648288187,0.1284161711946212,0.03339882121807469,0.043650793650793496,-0.6079478087441367,0.0,0.0
2023-05-17,10.5,10.52,-0.006676228898743821,0.0855932299424489,-0.007633624855071095,0.9458972833919604,-0.0019029501460860756,10.2985,10.213750000000001,10.204586666666666,2,17,5,10.358493015745008,10.24536088714489,75.26881720430126,0.07893744557557802,0.030400910455474918,10.553081773684129,9.874418226315873,0.0090980152278014,0.008127375343320574,0.010031994308467603,6994556.0,1.6871393851049115,0.0,0.0,-1,0.0,0,60.0,0.05994340769839171,-0.00665399239543729,1.799751941178056,0.16123532891934192,0.12901808382062663,0.024890190336749773,0.04166666666666674,0.09574129035696495,0.09715238095238106,0.0
2023-05-18,10.7,10.5,0.0009564802259570362,-0.06862769578415213,0.0019138761822844192,-3.0088173258367115,0.018868484304382736,10.3635,10.241249999999999,10.219586666666665,3,18,5,10.420585194700461,10.274692442812961,79.6460176991152,0.10228555450177979,0.04477783926473589,10.642352100140203,9.840147899859796,0.008457996029401898,0.008920927409606259,0.010448097109559925,6995357.0,2.287447509447829,0.0,0.0,-1,0.0,0,64.0,0.07273755908424005,-0.0038095238095237284,-0.4580254548386288,0.18907877865471,0.14161533233926682,0.033816425120772875,0.054187192118226424,-0.03443364375953523,0.02242990654205593,0.0
2023-05-19,10.9,10.7,0.022685282831083446,0.01851904776723753,0.021750266400176823,1.84759921681175,0.01851904776723753,10.447500000000002,10.278749999999999,10.233586666666667,4,19,5,10.50775152293674,10.315034865857287,80.50847457627137,0.13536700104508093,0.06289567162080491,10.773287263776147,9.78421273622385,0.00905088646130893,0.009580154396955665,0.010208608169430115,7000439.0,2.5124496999733026,0.0,0.0,-1,0.0,0,65.45714285714287,0.08692507530027173,0.0,0.17025115178038458,0.19038353282465117,0.15208023633567994,0.034155597722960174,0.07389162561576357,-0.027907284023014945,0.019266055045871637,0.0
2023-05-22,11.01,10.9,0.028105973510564725,0.010041161499490497,0.029040989941471147,-1.07469747149915,0.010041161499490497,10.5405,10.32025,10.26092,0,22,5,10.599069427857332,10.35987132612456,82.17054263565907,0.16851779818248147,0.08402009693314022,10.910026719570562,9.730473280429438,0.008803401835183484,0.009686631326107328,0.008725768057270742,7002174.0,2.339020775530888,0.0,0.0,-1,0.0,0,67.85714285714286,0.09639786904660284,0.009633027522935819,-0.37001027506917555,0.14124613512864392,0.15377050518508678,0.052581261950286784,0.08153241650294696,-0.40379633633644635,0.00045413260672107225,0.0
2023-05-23,10.53,11.01,-0.012343013845307053,-0.012797249601470597,-0.044121388832541006,1.3076315846687772,-0.04457562458870455,10.5755,10.33775,10.27192,1,23,5,10.586511350065088,10.370847369600396,59.88700564971754,0.15427961590343564,0.09807200072719931,10.93076615314828,9.74473384685172,0.018755217610093876,0.014390562389366677,0.012141532132311672,6995759.0,0.6483803146992148,0.0,0.0,-1,0.0,0,65.0,0.05148807158992501,-0.012715712988192605,0.32114528880254817,0.4137457690451432,0.22844309585174205,0.000950570342205248,0.03438113948919441,-1.6992559252754669,0.03228869895536561,0.0
2023-05-24,10.57,10.53,-0.025152700015096553,-0.025152700015096553,-0.005236860337682712,2.3318638690475275,0.003791473736262217,10.608,10.364749999999999,10.28492,2,24,5,10.58350928641689,10.383695926400371,65.4761904761905,0.14455705581696598,0.10736901174515265,10.947858503038532,9.781641496961466,0.018729548038808712,0.013857212067952708,0.012136443120860888,7061815.0,0.7039856182184264,0.0,0.0,-1,0.0,0,61.82857142857143,0.05280275930094037,0.006647673314340009,3.8720935999746664,0.413669532822869,0.21997642197891568,0.006666666666666599,0.05383848454636109,-1.917915749314819,0.011825922421948912,0.0
2023-05-25,10.52,10.57,-0.00947874395454377,0.08149303425118301,-0.0009551099102383491,-0.3170751704463662,-0.004741592572582552,10.625,10.38925,10.29717,3,25,5,10.571962143432,10.392489737600346,63.37209302325581,0.13130368759176037,0.1121559469144742,10.95402545607925,9.82447454392075,0.018710004382514505,0.01394612770826942,0.01216527968617465,7013708.0,0.46301587150292917,0.0,0.0,-1,0.0,0,62.6857142857143,0.05027001907204523,-0.006622516556291418,2.180198234821514,0.3838807821267245,0.2213879140105682,-0.016822429906542036,0.048853439680957234,-1.5646337168376554,0.09838403041825097,0.0
2023-05-26,10.48,10.52,0.03371105734231166,-0.057260720863415084,-0.0033500868852819744,-1.5960578528157794,-0.0038095284166676188,10.619000000000002,10.41175,10.306503333333334,4,26,5,10.555241753717091,10.39813556098097,61.49425287356325,0.11623277302680712,0.1129713121369408,10.95156746427556,9.87193253572444,0.017820981379224384,0.01400751557528569,0.012181587153581037,7003957.0,0.2528632529204776,0.0,0.0,-1,0.0,0,65.71428571428571,0.04757358526886302,0.03231939163498097,-0.04788524816869647,0.33311304237167394,0.22236241618841873,-0.038532110091743066,0.04486540378863424,-1.7718997238919583,0.04103053435114501,0.0
2023-05-30,10.775,10.48,-0.01858789576809085,0.008253141756720482,9.587681746459116e-06,1.2031007187036813,0.02775995709691538,10.6505,10.4415,10.330666666666668,1,30,5,10.595197798495802,10.422449395756392,65.37467700258402,0.12663324995709502,0.11570369970097165,10.992996528595318,9.89000347140468,0.01970820449157522,0.014916499205504285,0.012777851090829554,7036432.0,1.2094364432336049,0.0,0.0,-1,0.0,0,66.08571428571429,0.06588511160277774,0.017175572519083943,1.1422715219352007,0.4095834607045486,0.23679208397674134,-0.021344232515894568,0.058447937131630656,-0.6814639601529544,0.048250580046403695,0.0
2023-05-31,10.83,10.775,0.019508282395419595,-0.006872879287761952,0.03762420431847163,-3.1284062311756142,0.005091425023087667,10.6815,10.474,10.355666666666666,2,31,5,10.6378891078602,10.448742983126948,65.19480519480524,0.13772612219641367,0.12010818420006006,11.037098570412017,9.910901429587984,0.019699998884676228,0.014907016263686585,0.01278704431859261,7037854.0,1.2644322635716019,0.0,0.0,-1,0.0,0,64.17142857142858,0.06845149679566948,0.008816705336426808,-0.6126076298326643,0.21104839494524372,0.23664154694225975,0.028490028490028463,0.06385068762278978,1.6499295598498234,0.0041551246537396055,0.0
2023-06-01,10.83,10.83,-0.018570635819456064,-0.0023014969882792745,-0.014883995699237216,0.46551042755394817,0.0,10.714500000000001,10.506499999999999,10.380666666666666,3,1,6,10.672818360976526,10.473340210021984,63.186813186813225,0.1448475905070321,0.12505606546145448,11.073171723403702,9.939828276596296,0.01965565482200298,0.014907016263686585,0.01278704431859261,7037854.0,1.1417545172605559,0.0,0.0,-1,0.0,0,68.05714285714286,0.06762080029940498,-0.014773776546629746,-0.5738280581469063,0.21489666316004113,0.23664154694225975,0.024597918637653704,0.06385068762278978,1.8138402272576537,0.016620498614958422,0.0
2023-06-02,10.95,10.83,0.020877081563056617,0.0218787213758071,0.010720214527457826,2.7053976796530788,0.01101939524961048,10.7395,10.5515,10.407333333333334,4,2,6,10.723215022617156,10.504092454536696,61.714285714285744,0.15834905325173665,0.13171466301951093,11.108390804755398,9.994609195244603,0.019098890074846313,0.014510397869170124,0.012858988377715808,7071739.0,1.4311602798865772,0.0,0.0,-1,0.0,0,75.42857142857143,0.0823696457598331,0.0060110803324099045,1.1005497658870955,0.1987623163902655,0.2303454251185542,0.040874524714828775,0.08955223880596996,1.237320348623662,0.02785388127853879,0.0
2023-06-05,10.9,10.95,0.008672621538811357,-0.0090580329467456,0.010606509393978319,-3.1102007552974738,-0.004576667027411755,10.7395,10.593499999999999,10.432333333333332,0,5,6,10.755357745777673,10.529634876824652,62.79069767441861,0.16313397074970482,0.13799852456554973,11.120198755407142,10.066801244592856,0.018304781564682824,0.014631831666450571,0.012917869270339591,7070228.0,1.1638531394025187,0.0,0.0,-1,0.0,0,69.0,0.07862140215827354,0.003652968036529765,-0.7013789331095936,0.20169811175810118,0.23227312688872798,0.040076335877862634,0.08349900596421467,1.1738562703170599,0.00825688073394494,0.0
2023-06-06,11.25,10.9,0.023382360234899233,0.023382360234899233,0.031605339415331044,-2.0172220542136636,0.031605339415331044,10.7635,10.652,10.467999999999998,1,6,6,10.845292701090822,10.576110046061773,68.15920398009953,0.19294398906578003,0.1489876174655958,11.198100048670538,10.10589995132946,0.020788855313098372,0.01589639921279272,0.014007131491079863,7070429.0,2.190074882636657,0.0,0.0,-1,0.0,0,73.0,0.11035051736878669,0.03211009174311923,-0.7730978004811956,0.22705243346620077,0.2523475143507148,0.044083526682134444,0.1160714285714286,1.3800000688677918,0.0,0.0
2023-06-07,11.25,11.25,0.0,0.0,0.0,-5.303304908059076,0.0,10.8355,10.705499999999999,10.503666666666666,2,7,6,10.918875846347035,10.619586817283595,68.84422110552765,0.21410062462321022,0.1620102188971187,11.266353672632475,10.144646327367523,0.013306363380451826,0.015910136205046436,0.014007131491079863,7070429.0,1.941682925759529,0.0,0.0,-1,0.0,0,74.0,0.10855490945260403,0.0,-0.7767019649886386,0.2349636378195208,0.2525655823423069,0.03878116343490312,0.10510805500982312,1.5110407581117267,0.0,0.0
2023-06-08,11.25,11.25,0.0,0.0,0.0,0.0,0.0,10.9035,10.755749999999999,10.544333333333332,3,8,6,10.9790802379203,10.660258635523364,65.36312849162013,0.22823644308417812,0.17525546373453058,11.322933948626037,10.18856605137396,0.013452269841080881,0.015947658563863307,0.013600575820411716,7070429.0,1.7428208298111614,0.0,0.0,-1,0.0,0,75.0,0.1069390369350657,0.0,-0.7350637667454683,0.2349636378195208,0.2531612313225107,0.03878116343490312,0.0980966325036603,1.5110407581117267,0.0,0.0
2023-06-09,11.25,11.25,0.0,0.0,0.0,0.0,0.0,10.9765,10.800749999999999,10.585,4,9,6,11.028338376480244,10.6983064654896,61.0062893081761,0.23671052942158433,0.18754647687194134,11.375153809912664,10.226346190087334,0.013098469649296741,0.015928393383248075,0.013600575820411716,7070429.0,1.5642305717585936,0.0,0.0,-1,0.0,0,76.0,0.1049411332202408,0.0,-0.6849973897967679,0.23814079128703644,0.25285540606128687,0.027397260273972712,0.08695652173913038,2.135142635766173,0.0,0.0
2023-06-12,10.95,11.25,-0.0316053394153311,-0.0022246950221111624,-0.0316053394153311,7.780720886117918,-0.027028672387919374,11.0235,10.821250000000001,10.615666666666666,0,12,6,11.014095035302017,10.71454475803866,48.314606741573016,0.21672059103155483,0.19338129970386403,11.38564884180574,10.256851158194262,0.01666601472970753,0.01698363549970223,0.014693361146960016,7068035.0,0.4562376477884869,0.0,0.0,-1,0.0,0,78.0,0.06168424072950456,-0.03111111111111108,-0.5581460025820515,0.3307314687713486,0.2696068553398818,0.004587155963302614,0.03889943074003788,0.3901281541290103,0.02968036529680359,0.0
2023-06-13,11.0,10.95,0.009132483563272474,-0.020248160829947424,0.009132483563272474,-2.976699841384662,0.0045558165358608824,11.046000000000001,10.84825,10.642999999999999,1,13,6,11.01153230161074,10.732961225261972,67.40740740740745,0.20257781205325465,0.19522060217374218,11.391139685411686,10.305360314588315,0.014475729290454847,0.016837454379640314,0.014524175688964051,7068157.0,0.5590454343774259,0.0,0.0,-1,0.0,0,79.0,0.06624444124178029,0.004566210045662165,-0.6228094778825919,0.1998983415874506,0.26728630199954156,-0.022222222222222254,0.05162523900573612,-2.0919910030666076,0.0,0.0
2023-06-14,10.95,11.0,-0.004555816535860802,-0.004555816535860802,-0.004555816535860802,1.6045077463262418,-0.004555816535860802,11.058,10.86975,10.668666666666667,2,14,6,11.000344610408787,10.746963726857976,63.97058823529409,0.18520010416936117,0.193216502572866,11.391553300306361,10.347946699693638,0.014579119773881197,0.01689530877425215,0.01457679981732733,7067550.0,0.3075871691608051,0.0,0.0,-1,0.0,0,79.0,0.05818096857678165,-0.00454545454545461,-0.5774973064030474,0.19613557156759606,0.26820471204191226,-0.026666666666666727,0.040874524714828775,-1.8650722527377444,0.0,0.0
2023-06-15,10.95,10.95,0.0045558165358608824,0.0045558165358608824,0.0,-0.7047463164032972,0.0,11.07,10.89225,10.694333333333333,3,15,6,10.991191044879915,10.760062841254236,66.41221374045801,0.1694745483723583,0.18846811173276448,11.384917016831622,10.39958298316838,0.014579119773881197,0.01687670451122946,0.01457679981732733,7067550.0,0.23443826368322038,0.0,0.0,-1,0.0,0,80.0,0.05647675046880939,0.004566210045662165,-0.5478109314410547,0.19613557156759606,0.26790937852221025,-0.026666666666666727,0.042857142857142705,-1.8650722527377444,0.004566210045662165,0.0
2023-06-16,11.25,10.95,0.044451762570833796,0.19399557376355367,0.0045558165358608824,2.5845005705514894,0.02702867238791942,11.1,10.91975,10.734333333333334,4,16,6,11.038247218538112,10.791671690205577,74.52229299363054,0.17915424627075005,0.1866053386403616,11.428375340346106,10.411124659653895,0.016583387504564104,0.01740931805501557,0.014961992395955142,7071527.0,1.298598295457609,0.0,0.0,-1,0.0,0,81.25714285714287,0.09200827227523552,0.05022831050228317,-0.3631339163539886,0.30772801137961836,0.27636435641278734,0.0,0.05140186915887868,0.052928867500806734,0.20933333333333337,0.0
2023-06-20,11.16,11.25,-0.026433257068155597,-0.1237913150903051,0.004535155165391363,0.4702864657838163,-0.008032171697264267,11.126,10.93275,10.770999999999999,1,20,6,11.06038408789482,10.81543480696651,64.10256410256409,0.17751692415386877,0.18478765574306305,11.452420695324486,10.413079304675515,0.016787830514563538,0.01713612378608353,0.015111095599520011,7065162.0,0.8745923218091154,0.0,0.0,-1,0.0,0,80.11428571428571,0.07890019200930061,-0.004444444444444508,-0.23996396347341623,0.2217762258842906,0.27202753184157374,0.019178082191780854,0.023853211009174258,1.6297192023369487,0.06720430107526881,0.0
2023-06-21,11.16,11.16,-0.003577821347883855,-0.055763574518454234,0.009905528989403022,-6.360674238193137,0.0,11.117,10.94025,10.806999999999999,2,21,6,11.078496071913943,10.837664819420285,62.59541984732824,0.17421113703490043,0.18267235200143053,11.468867611272513,10.411632388727488,0.013173956289507557,0.017012355502332807,0.015122653509149112,7065162.0,0.8314138436326688,0.0,0.0,-1,0.0,0,80.11428571428573,0.07590209570025885,0.0,-0.5716719198760106,0.2232550457537286,0.27006277124756356,0.014545454545454639,0.013623978201634968,1.913976391421682,0.0,0.0
2023-06-22,10.95,11.16,-0.012851039219159916,0.02127739844728488,-0.018996500690655147,5.552959584921617,-0.018996500690655147,11.087,10.96125,10.832666666666665,3,22,6,11.05513314974777,10.844912250425429,53.9473684210526,0.15288368402676333,0.1767146184064971,11.453354770616224,10.469145229383775,0.014350287298123075,0.014292636380690829,0.015605035751381653,7062324.0,-0.04572197089620946,0.0,0.0,-1,0.0,0,80.0,0.04876730736930027,-0.012768817204301081,-0.4109821305380932,0.27133682864704917,0.22688856865669335,0.0,0.03988603988603989,1.0832735987441442,0.041095890410959006,0.0
2023-06-23,11.2,10.95,0.01642886056704377,-0.017699577099400975,0.022574322038538975,-2.8268908783167292,0.022574322038538975,11.081999999999999,10.992750000000001,10.8645,4,23,6,11.081472577066357,10.867821137494756,57.57575757575757,0.15437489680926042,0.1722466740870498,11.459400720279026,10.526099279720976,0.016470613726528353,0.015029522690611835,0.016027499881904064,7062492.0,0.8882446377713805,0.0,0.0,-1,0.0,0,75.0,0.06767330728295716,0.022831050228310504,-0.5180937779404067,0.3155333408923836,0.23858627618016767,0.022831050228310446,0.05960264900662238,0.1368291741187548,0.0,0.0
2023-06-26,10.95,11.2,0.06146460506615998,0.06146460506615998,-0.022574322038539065,2.7774133743893565,-0.022574322038539065,11.052,11.01425,10.8845,0,26,6,11.0575684721452,10.87312299959187,51.351351351351326,0.13384094788603562,0.164565528846847,11.425528814380206,10.602971185619795,0.017874595601592148,0.015990098755525043,0.01661875810521038,7059791.0,-0.31244011484922046,0.0,0.0,-1,0.0,0,73.0,0.04696057793598238,0.06339285714285722,-0.23640605923915067,0.28609065479620416,0.253834948478896,-0.026666666666666727,0.040874524714828775,1.0563244531608513,0.08767123287671241,0.0
2023-06-27,11.04,10.95,0.0,0.0,0.008185584586439502,1.3588953869317761,0.008185584586439502,11.060999999999998,11.04225,10.901166666666665,1,27,6,11.054374204482436,10.883889257682718,43.39622641509433,0.12340733037768636,0.15633388915301488,11.36767239757306,10.716827602426939,0.01594630654289881,0.015981469002386988,0.01637626705924236,7070303.0,-0.013828181568202822,0.0,0.0,-1,0.0,0,75.0,0.05411631073714004,0.08767123287671241,0.5448708516816796,0.2991818251532775,0.25369795539482093,-0.010752688172043112,0.05343511450381677,0.20619314332004138,0.07880434782608706,0.0
2023-06-28,10.92,11.04,-0.07494795540344691,-0.07494795540344691,-0.010929070532190206,-1.0120052932774917,-0.010929070532190206,11.052999999999999,11.0495,10.916500000000001,2,28,6,11.029942530940176,10.886218982993512,40.350877192982466,0.10425384280986094,0.1459178798843841,11.355748952737354,10.743251047262646,0.016298721986947703,0.015070388087077441,0.01645102896818404,7066482.0,-0.8457171777567667,0.0,0.0,-1,0.0,0,76.0,0.042369459966567526,0.0009057971014494171,0.02188138907170778,0.304468471741477,0.239234994237824,-0.021505376344086002,0.01345707656612527,0.7239474879946354,0.011904761904761977,0.0
2023-06-29,10.92,10.92,-0.004535155165391374,-0.004535155165391374,-0.0009161704717795296,0.8279699400058026,0.0,11.05,11.053999999999998,10.929833333333335,3,29,6,11.009952979860143,10.888398403445544,40.350877192982466,0.08805947115062551,0.13434619813763238,11.349111040653995,10.758888959346002,0.01624006989301841,0.015036413126496504,0.016434226039539916,7066482.0,-0.908132746935128,0.0,0.0,-1,0.0,0,79.0,0.04098016761332367,0.007326007326007333,0.617547816073033,0.27544544597163845,0.23869565845882168,-0.002739726027397249,0.008310249307479145,0.12742082530402718,0.008241758241758228,0.0
2023-06-30,10.76,10.92,-0.005469475804535433,-0.005469475804535433,-0.013844245111341167,0.2871673602503171,-0.014760415583120686,11.031,11.0505,10.938500000000001,4,30,6,10.964506983521936,10.880114635481315,36.89839572192514,0.061604513626718926,0.11979786123544969,11.358189180146201,10.742810819853798,0.01687305117467721,0.015415289751554432,0.016684867552969426,7054828.0,-1.8882691933591262,0.0,0.0,-1,0.0,0,79.0,0.02378810947100002,0.0018315018315017925,0.915792831912526,0.19191427454561874,0.24471013842369413,-0.03928571428571426,-0.006463527239150557,0.32809711773871314,0.01672862453531596,0.0
2023-07-03,10.76,10.76,-0.016590242260196807,-0.016590242260196807,0.0,-5.072945306554629,0.0,10.982,11.041,10.940500000000002,0,3,7,10.927323895608856,10.872365304159938,43.94904458598729,0.04017564931452178,0.10387341885126412,11.37256090176473,10.70943909823527,0.01353099734034342,0.01518549805132259,0.01633113014573051,7054828.0,-1.6950128830292126,0.0,0.0,-1,0.0,0,82.22857142857143,0.023751351483823614,0.0,-0.7360033019566735,0.14646529499107241,0.2410623082707332,-0.017351598173515947,-0.017351598173515947,-0.07019101543611438,0.0,0.0
2023-07-05,10.72,10.76,-0.002791998091031179,-0.0004647920139448613,-0.003724399090982328,5.081659586390417,-0.003724399090982328,10.937999999999999,11.032,10.934499999999998,2,5,7,10.88962864186179,10.862535284536717,41.02564102564105,0.019737927710211878,0.08704632062305367,11.388509393099977,10.675490606900023,0.013470662734308244,0.0151755010295551,0.015970148400366938,7043072.0,-1.7503045139262519,0.0,0.0,-1,0.0,0,79.25714285714287,0.018790667266986954,-0.0027881040892192713,2.013499400219633,0.10519905574740575,0.24090361047004472,-0.02898550724637672,-0.016513761467889854,-0.5719179909658754,0.0032649253731343413,0.0
2023-07-06,10.7,10.72,-0.000932400999951134,-0.00325960707703747,-0.003757048877712288,-0.2086606414627556,-0.0018674141747955844,10.892,11.0045,10.924166666666668,3,6,7,10.855150706977827,10.852049137147251,41.83006535947713,0.0019050925192534152,0.07001807500229362,11.374790071217413,10.634209928782587,0.013422977911174283,0.013060943223481133,0.015847203244630334,7033530.0,-1.644656574230512,0.0,0.0,-1,0.0,0,77.0,0.016151114972177503,0.0,1.3259130806092634,0.0972401190614949,0.20733604594359234,-0.020146520146520186,-0.04888888888888898,-1.9029333117545761,0.0037570093457944356,0.0
2023-07-07,10.7,10.7,-0.0018674141747955844,-0.0018674141747955844,0.0018896347029167388,-6.5244010564607935,0.0,10.867,10.977,10.929833333333333,4,7,7,10.826941487527312,10.842239515395816,41.83006535947713,-0.01208821245963776,0.05359681750990735,11.352182762481497,10.601817237518503,0.012414682303869292,0.013060943223481133,0.013634650364302267,7033530.0,-1.4766136811184778,0.0,0.0,-1,0.0,0,77.0,0.015240162498273441,0.0,-0.866629126376465,0.0972401190614949,0.20733604594359234,-0.020146520146520186,-0.04888888888888898,-1.9029333117545761,0.0,0.0
2023-07-10,10.64,10.7,0.004652710736962999,0.004662013105811371,-0.006563549114003784,4.383810756467383,-0.005623257554362008,10.811,10.9465,10.932166666666665,0,10,7,10.79295212615871,10.82919180472512,26.35658914728684,-0.027700195420765183,0.03733741492377285,11.327372958512944,10.565627041487057,0.00875064014477363,0.013066398267311286,0.013667226270503595,7032408.0,-1.6094605466173226,0.0,0.0,-1,0.0,0,76.0,0.009846494303194422,0.004663551401869247,-0.6310067405910338,0.03863912516189014,0.20742264207978559,-0.011152416356877248,-0.05422222222222217,-0.5493940890566632,0.011278195488721731,0.0
2023-07-11,10.68,10.64,-0.010275968291325191,-0.004662013105811413,-0.002826191235835193,2.541644099614155,0.003752349618550372,10.784,10.918000000000001,10.9375,1,11,7,10.772415375948034,10.81956652700092,30.645161290322548,-0.036425251069276854,0.02258488172516291,11.288410867181838,10.547589132818164,0.006684026203121699,0.013134186413583566,0.013647144633448766,7046658.0,-1.2850594898079253,0.0,0.0,-1,0.0,0,78.0,0.01246221609776557,0.0,2.027316508389579,0.05714414330721201,0.20849874554103273,-0.0074349442379182396,-0.05066666666666664,0.5937123412491696,0.00936329588014978,0.0
2023-07-12,10.68,10.68,0.003752349618550372,-0.00187090793581162,0.007518832414027319,-9.564512185696797,0.0,10.748000000000001,10.904499999999999,10.944166666666666,2,12,7,10.755612580321118,10.810562234936345,30.645161290322548,-0.04284601830307544,0.00949870171951524,11.289397799148757,10.51960220085124,0.005648180314972945,0.01184342993849394,0.013622553008377992,7046658.0,-1.1665434330697892,0.0,0.0,-1,0.0,0,78.0,0.014076807793410112,0.0,-0.909193043982927,0.05400787452698196,0.1880086217236318,-0.003731343283582156,-0.024657534246575352,-0.25888415434892614,0.0,0.0
2023-07-13,10.61,10.68,0.006532921041623095,0.006532921041623095,-0.006575880906157085,8.996404301412886,-0.006575880906157085,10.717,10.885,10.938666666666666,3,13,7,10.729137565717279,10.797622735908194,34.54545454545452,-0.052972305813279164,-0.00299549978704364,11.288589160566037,10.481410839433963,0.005147888297395825,0.011820421633644251,0.012651898771484624,7038584.0,-1.3627719813600083,0.0,0.0,-1,0.0,0,79.0,0.009313821038399674,0.006554307116104895,0.6729848181646064,0.06847039680913923,0.18764337620730318,-0.008411214953271018,-0.035454545454545516,-0.030449598855275078,0.013195098963242278,0.0
2023-07-14,10.61,10.61,-0.013108801947780134,-0.013108801947780134,0.0,-2.795895127370196,0.0,10.686,10.868,10.931333333333333,4,14,7,10.707476190132319,10.785518043268954,15.29411764705874,-0.060302333853316625,-0.014456866600298237,11.288355739069306,10.447644260930694,0.005147888297395825,0.011807275553405903,0.012609054095489368,7038584.0,-1.2275317119315603,0.0,0.0,-1,0.0,0,79.0,0.008331901892184445,0.0,-0.8958711990464573,0.06847039680913923,0.18743468865314736,-0.008411214953271018,-0.031050228310502304,-0.030449598855275078,0.0,0.0
2023-07-17,10.61,10.61,0.0,0.0,0.0,0.014098924379501675,0.0,10.671,10.850999999999999,10.924,0,17,7,10.689753246471897,10.774194298541925,21.666666666666572,-0.06535802723108652,-0.0246370987264559,11.284681911082396,10.417318088917602,0.003096173991804042,0.011807275553405903,0.012609054095489368,7038584.0,-1.1114136598342494,0.0,0.0,-1,0.0,0,80.02857142857142,0.007477119788558192,0.0,-0.8982872514205542,0.05914703802546807,0.18743468865314736,-0.0028195488721806106,-0.031050228310502304,-1.0829817604533953,0.0,0.0
2023-07-18,10.61,10.61,0.0,0.0,0.0,-4.422848629194137,0.0,10.656,10.818999999999999,10.912666666666667,1,18,7,10.675252656204279,10.763601117990833,7.843137254901819,-0.06857421973809963,-0.033424522928784645,11.222088079704768,10.41591192029523,0.003096173991804042,0.00967347991496594,0.0124156936443529,7038584.0,-1.0369941981567674,0.0,0.0,-1,0.0,0,81.68571428571428,0.007085451579776466,0.0,-0.9367669957155594,0.04653096458617804,0.15356173300546874,-0.0065543071161049404,-0.05688888888888899,-2.2360679774998293,0.0,0.0
2023-07-19,10.61,10.61,0.0,0.0,0.0,1.2992829841302609,0.0,10.645,10.7915,10.903,2,19,7,10.66338853689441,10.753691368443036,10.256410256410064,-0.07031255609273401,-0.04080212956157452,11.170988575516372,10.412011424483627,0.003008751023158625,0.009615843478884672,0.012398148004706183,7038584.0,-0.9565505351671324,0.0,0.0,-1,0.0,0,82.34285714285716,0.006605468123320533,0.0,-0.8544635562764612,0.04653096458617804,0.1526467829475061,-0.0065543071161049404,-0.049283154121863904,-2.2360679774998293,0.0,0.0
2023-07-20,10.71,10.61,0.008446788841968747,0.009380931833765807,0.008446788841968747,6.178792490403507,0.009380931833765807,10.646,10.769,10.885,3,20,7,10.671863348368152,10.75087257047897,28.571428571428683,-0.06289600986240096,-0.04522090562173981,11.107659897708404,10.430340102291597,0.0044380073352368226,0.00996826266867855,0.010924383104689366,7049197.0,-0.348432160992384,0.0,0.0,-1,0.0,0,80.0,0.014253158890982318,0.008482563619227132,1.1298436708314568,0.06691136418208983,0.15824126414815495,0.009425070688030335,-0.040322580645161255,2.23606797749981,0.0009337068160599031,0.0
2023-07-21,10.71,10.71,0.0009341429917971439,0.0,0.0009341429917971439,-4.606395849649755,0.0,10.647,10.757,10.866999999999999,4,21,7,10.678797285028487,10.74823563044807,42.424242424242586,-0.0563685618487515,-0.04745043686714215,11.08551179583095,10.42848820416905,0.0044380073352368226,0.009152960286839719,0.010924383104689366,7049197.0,-0.28613888814016714,0.0,0.0,-1,0.0,0,81.02857142857144,0.014182773846683051,0.0,-0.8855908081378618,0.06691136418208983,0.1452987400741699,0.009425070688030335,-0.021917808219177992,2.23606797749981,0.0,0.0
2023-07-24,10.71,10.71,0.0,0.0,0.0,-4.663439094112067,0.0,10.654,10.732499999999998,10.849,0,24,7,10.684470505932397,10.745768815580453,42.424242424242586,-0.05061208762895575,-0.04808276701950487,10.986551383116154,10.478448616883842,0.003965519041200449,0.007239095519995167,0.010924383104689366,7049197.0,-0.1771295217842597,0.0,0.0,-1,0.0,0,82.51428571428572,0.013291136235423641,0.0,-0.9030053574110903,0.06691136418208983,0.11491707877769411,0.009425070688030335,-0.043749999999999845,2.23606797749981,0.0,0.0
2023-07-25,10.7399,10.71,0.0027878935907490483,0.0027878935907490483,0.0027878935907490483,5.342334251964811,0.0027878935907490483,10.659989999999999,10.721995,10.831996666666667,1,25,7,10.69454859576287,10.745390182317198,53.11034698343229,-0.04314006836696116,-0.047094227288996135,10.954653054709324,10.489336945290676,0.0038927069971256686,0.005547217063877578,0.010950172541734788,7049406.0,0.1539168718862603,0.0,0.0,-1,0.0,0,81.0,0.01537382727869489,0.002791783380018636,-0.826278662157055,0.06486038511166103,0.08805934091708383,0.012243166823751261,-0.019187214611872005,1.811837299547648,0.0,0.0
2023-07-26,10.77,10.7399,9.311030312090556e-06,0.0037267874304444115,9.311030312090556e-06,2.7605548826760575,0.0027987131178905484,10.668989999999999,10.708495000000001,10.825996666666667,2,26,7,10.708267032896893,10.746977912490284,60.6060606060607,-0.03439315790965125,-0.04455401341312716,10.888932310589315,10.528057689410687,0.003947907728993314,0.005196981451656164,0.00988337761922694,7052710.0,0.6817326172632616,0.0,0.0,-1,0.0,0,80.0,0.017273924089548042,9.311073659882023e-06,-0.178628190656371,0.06115486251274015,0.08249952293578593,0.015080113100848225,-0.024456521739130377,1.5342715380231464,0.00371402042711227,0.0
2023-07-27,10.76,10.77,0.0009306654929532579,-0.0018570107472126599,0.0009306654929532579,-1.7893410883637735,-0.0009289364346588624,10.68399,10.700495,10.817996666666666,3,27,7,10.71767302691564,10.74781804716833,58.82352941176483,-0.027945941364354354,-0.041232399003372604,10.853559905050005,10.547430094949995,0.0030819782354912662,0.0046751326452057155,0.009836957575962771,7052158.0,0.7775133036610798,0.0,0.0,-1,0.0,0,77.65714285714286,0.016176697120242316,-0.001857010213556135,-0.6774125095300394,0.02767448871511167,0.07421542995272334,0.00466853408029877,-0.014652014652014711,0.3834646487095462,0.0009293680297397572,0.0
2023-07-28,10.76,10.76,0.0009298001599665274,0.0,0.0009298001599665274,-4.7041101338429945,0.0,10.69899,10.692495,10.811663333333334,4,28,7,10.725368840203705,10.748603979609083,71.42857142857133,-0.02257623106403095,-0.03750116541550427,10.809802970295324,10.575187029704674,0.0030819782354912662,0.0046751326452057155,0.00981047089386405,7052158.0,1.1509021907046169,0.0,0.0,-1,0.0,0,76.91428571428573,0.01591411871878247,0.0,-0.705320471268306,0.02767448871511167,0.07421542995272334,0.00466853408029877,-0.014652014652014711,0.3834646487095462,0.0,0.0
2023-07-31,10.76,10.76,0.0,0.0,0.0,0.9555114450274363,0.0,10.713989999999999,10.692495000000001,10.80533,0,31,7,10.731665414712122,10.749339206731078,66.66666666666666,-0.018111914092960646,-0.03362331515099555,10.809802970295326,10.575187029704676,0.0030819782354912662,0.003333865095297194,0.00981047089386405,7052158.0,1.1509021907045867,0.0,0.0,-1,0.0,0,77.62857142857142,0.015662312643910544,0.0,-0.6280506464091438,0.02767448871511167,0.052923467680770164,0.00466853408029877,0.0,0.3834646487095462,0.0,0.0
2023-08-01,10.76,10.76,0.0,0.0,0.0,-1.466337068793427,0.0,10.72899,10.692495,10.788996666666666,1,1,8,10.736817157491735,10.750026999845202,66.66666666666666,-0.014407826276960023,-0.029780217376188446,10.809802970295324,10.575187029704674,0.0030819782354912662,0.003333865095297194,0.008275566368680213,7052158.0,1.1509021907046169,0.0,0.0,-1,0.0,0,77.34285714285716,0.015209672100135309,0.0,-0.6291025437623461,0.022470144710767,0.052923467680770164,0.0018715258056405393,0.0,1.7539228459035041,0.0,0.0
2023-08-02,10.78,10.76,0.0018570107472126892,0.0018570107472126892,0.0018570107472126892,4.852030263919617,0.0018570107472126892,10.74599,10.695495,10.77633,2,2,8,10.74466858340233,10.751960741790674,94.73684210526325,-0.009746129825371597,-0.025773399866025077,10.818686002320394,10.572303997679604,0.0030433613551196976,0.0032379352261577106,0.008201920197603397,7052542.0,1.371934612240903,0.0,0.0,-1,0.0,0,77.0,0.01639254636518293,0.0018587360594795144,-0.47442258240732477,0.01615763594911718,0.05140062821849391,0.0009285051067779992,0.005597014925373012,1.2945581481563324,0.0,0.0
2023-08-03,10.78,10.78,0.0,0.0,0.0,-4.852030263919617,0.0,10.75299,10.699495,10.763663333333334,3,3,8,10.751092477329177,10.753769726191276,94.73684210526325,-0.00598273653907988,-0.02181526720063604,10.828366138821403,10.570623861178598,0.0013211411776772456,0.003199387173249045,0.008201920197603397,7052542.0,1.2493875779520776,0.0,0.0,-1,0.0,0,73.62857142857145,0.016213312560645315,0.0,-0.48615704741828253,0.013195716988328747,0.050788696849361374,0.0018587360594795044,0.007476635514018781,2.2360679775002827,0.0,0.0
2023-08-04,10.71,10.78,-0.00651468102119353,-0.00651468102119353,-0.00651468102119353,6.908088556772258,-0.00651468102119353,10.75299,10.699995,10.755663333333333,4,4,8,10.743621117814781,10.750945872888614,69.23076923076965,-0.008550075285841174,-0.019162228817677065,10.828951956915532,10.571038043084467,0.0026274482384741065,0.003549971817518352,0.007569293818486658,7049541.0,0.15516805357860108,0.0,0.0,-1,0.0,0,64.0,0.01644340516144254,-0.006493506493506355,0.21417375645522554,0.05102383106218109,0.05635405554264917,-0.004646840148698761,0.0009345794392525697,-1.8631271245799705,0.0,0.0
2023-08-07,10.71,10.71,0.0,0.0,0.0,-4.269031227156999,0.0,10.75299,10.703495,10.73933,0,7,8,10.737508187303002,10.748304203669996,69.23076923076965,-0.010464086266512851,-0.017422600307444223,10.829358509615394,10.577631490384606,0.0026274482384741065,0.003291430528489746,0.006132013929760019,7049541.0,0.10336594013432861,0.0,0.0,-1,0.0,0,72.0,0.015944226065322493,0.0,-0.4999873796599121,0.05102383106218109,0.05224983981617858,-0.004646840148698761,0.006578947368421018,-1.8631271245799705,0.0,0.0
2023-08-08,10.71,10.71,0.0,0.0,0.0,-1.9459101490553135,0.0,10.75,10.704995,10.731330000000002,1,8,8,10.732506698702455,10.745832964723546,69.23076923076965,-0.011844418672835033,-0.016306963980522386,10.830393740445572,10.579596259554428,0.002439838021012545,0.0031912817250590595,0.004702515686824453,7049541.0,0.07982536319290934,0.0,0.0,-1,0.0,0,69.0,0.01667465031237663,0.0,-0.4669132380923602,0.05102383106218109,0.05066002684830885,-0.004646840148698761,0.002808988764045006,-1.8631271245799705,0.0,0.0
2023-08-09,10.71,10.71,0.0,0.0,0.0,-1.791759469228055,0.0,10.744000000000002,10.706495,10.720329999999999,2,9,8,10.728414571665644,10.743521160547834,50.0,-0.012790896556159836,-0.015603750495649878,10.83135138866132,10.581638611338681,0.002195643276507062,0.0031912817250590595,0.004392496171925645,7049541.0,0.056144503898924045,0.0,0.0,-1,0.0,0,67.31428571428572,0.015632364374468202,0.0,-0.4689719384366828,0.04609932298519144,0.05066002684830885,-0.006493506493506329,0.002808988764045006,-2.2360679774998293,0.0,0.0
2023-08-10,10.71,10.71,0.0,0.0,0.0,4.787491742782046,0.0,10.739,10.711495000000001,10.713330000000001,3,10,8,10.725066467726435,10.74135850502862,50.0,-0.01338667385441994,-0.015160335167403892,10.827797065420723,10.595192934579279,0.002197787185693877,0.002776711569641866,0.003979330095080857,7049541.0,-0.025708915737516616,0.0,0.0,-1,0.0,0,66.34285714285714,0.01528169978842317,0.0,-0.3454455086075883,0.04609932298519144,0.04407892965496911,-0.006493506493506329,0.009425070688030335,-2.2360679774998293,0.0,0.0
2023-08-11,10.71,10.71,0.0,0.0,0.0,-4.787491742782046,0.0,10.734,10.716495,10.70633,4,11,8,10.722327109957991,10.739335375671935,50.0,-0.01370089625215165,-0.014868447384353443,10.822573728955977,10.610416271044024,0.002197787185693877,0.002776711569641866,0.003979330095080857,7049541.0,-0.12245621839406981,0.0,0.0,-1,0.0,0,65.0,0.015927273968661896,0.0,-0.38307068633982944,0.0,0.04407892965496911,0.0,0.009425070688030335,0.0,0.0,0.0
2023-08-14,10.71,10.71,0.0,0.0,0.0,5.117993812416755,0.0,10.729000000000001,10.721495,10.704663333333334,0,14,8,10.720085817238356,10.737442770789876,38.508839354342705,-0.013790946321575959,-0.014652947171797947,10.8151363196026,10.627853680397402,0.002197787185693877,0.002776711569641866,0.0029717969224014474,7049541.0,-0.2455112774741603,0.0,0.0,-1,0.0,0,66.28571428571429,0.016068541219976695,0.0,-0.3080471193550206,0.0,0.04407892965496911,0.0,0.009425070688030335,0.0,0.0,0.0
2023-08-15,10.75,10.71,0.003727870114014391,0.003727870114014391,0.003727870114014391,-0.4736029132753824,0.003727870114014391,10.728,10.728495,10.70433,1,15,8,10.725524759558654,10.738252914609884,42.857142857142854,-0.010513453397946293,-0.013825048417027617,10.80670216012496,10.650287839875041,0.0025709589919118846,0.002867349518015012,0.003055393476265783,7049645.0,0.5499496456753716,0.0,0.0,-1,0.0,0,54.0,0.014180983973655335,0.003734827264238949,-0.3357883711911914,0.026514643285601838,0.04551776247941184,0.0037348272642390157,0.013195098963242335,2.236067977499913,0.0,0.0
2023-08-16,10.71,10.75,-0.0037278701140143044,-0.0037278701140143044,-0.0037278701140143044,1.3545456628053103,-0.0037278701140143044,10.721,10.733495000000001,10.703996666666667,2,16,8,10.722702076002534,10.736430145925377,35.294117647058826,-0.011016688817916176,-0.01326337649720533,10.789415450077918,10.677574549922085,0.002703112387039455,0.0030285789718352786,0.0030555375892973853,7049242.0,-0.8403008190121475,0.0,0.0,-1,0.0,0,49.0,0.016204240984382286,-0.0037209302325580604,-0.22288906521184484,0.04184537878210161,0.04807720071237503,0.0,0.009425070688030335,0.007907974657713621,0.0,0.0
2023-08-17,10.71,10.71,0.0,0.0,0.0,-5.305789381386738,0.0,10.714,10.733495000000001,10.704329999999999,3,17,8,10.720392607638436,10.734724975220516,35.294117647058826,-0.01128541527153537,-0.012867784252071338,10.789415450077918,10.677574549922085,0.002703112387039455,0.0021755290978591967,0.003035738171222242,7049242.0,-0.8403008190121475,0.0,0.0,-1,0.0,0,46.142857142857146,0.018013036665914976,0.0,-0.44189064872314054,0.04184537878210161,0.03453545377752081,0.0,0.0,0.007907974657713621,0.0,0.0
2023-08-18,10.7246,10.71,0.0013622836216127783,0.0013622836216127783,0.0013622836216127783,4.61512051684126,0.0013622836216127783,10.715460000000002,10.734224999999999,10.70515,4,18,8,10.721157588067811,10.734071751012742,40.41170097508127,-0.010202674854609128,-0.012334762372578897,10.789227693714617,10.67922230628538,0.0018093264676451526,0.002196706866635711,0.003045374375108894,7049444.0,-0.34998285901913345,0.0,0.0,-1,0.0,0,43.65714285714286,0.017111538906763576,0.0013632119514472196,-0.23648299721487978,0.042944371010226225,0.03487164043455613,0.0013632119514472851,0.0013632119514472851,-0.4457405706020864,0.0,0.0
2023-08-21,10.7246,10.7246,0.0,0.0,0.0,-2.9103724246028344,0.0,10.71692,10.734955000000001,10.70797,0,21,8,10.72178348114639,10.733460670302243,40.41170097508127,-0.009238104159244642,-0.011715430729912046,10.788982847596072,10.68092715240393,0.0018093264676451526,0.002196706866635711,0.002850010077741502,7049444.0,-0.3833208414082255,500000.0,5285000.0,1,0.0,0,43.0,0.01755345553799498,0.0,-0.43882679562370785,0.042944371010226225,0.03487164043455613,0.0013632119514472851,0.0013632119514472851,-0.4457405706020864,0.0,0.0
2023-08-22,10.7,10.7246,-0.0013622836216127191,-0.0013622836216127191,-0.0022964266134097903,4.333122827683712,-0.0022964266134097903,10.71592,10.73296,10.708636666666667,1,22,8,10.717822848210682,10.731301917379518,28.85835095137395,-0.010339502000093148,-0.011440244983948267,10.789123460682761,10.67679653931724,0.001967233070598832,0.0021591341958625758,0.0028082702283790113,7048606.0,-1.1737168471926969,0.0,0.0,-1,0.0,0,43.0,0.020177153418429333,-0.0013613561344945008,0.4000875516650229,0.03237566898456386,0.0342751927768068,-0.0046511627906977715,-0.003715118390301697,-0.5202757505701351,0.0009345794392524826,0.0
2023-08-23,10.73,10.7,0.0009332711829985259,0.0018656721829496967,0.0007100282441084356,2.534662366527264,0.002799815174746648,10.71792,10.73096,10.710303333333334,2,23,8,10.72003687580874,10.731217922709872,38.59489051094909,-0.008691429060585065,-0.010890481799275627,10.784350099615159,10.67756990038484,0.002170994013438001,0.002159214662739047,0.002852300439073748,7059175.0,-0.035961723500010374,0.0,0.0,-1,0.0,0,50.0,0.01866114593559992,0.0018691588785047992,4.07660954851056,0.029992982674696085,0.03427647014887033,0.0018674136321195078,-0.003714020427112219,-0.23515051919782398,0.002087604846225637,0.0
2023-08-24,10.7,10.73,-0.0018674141747955844,-0.002799815174746716,-0.000710028244108515,-2.353933166757673,-0.002799815174746716,10.71692,10.72796,10.713303333333334,3,24,8,10.716393807479877,10.729203863180203,47.20982142857102,-0.009694318591622064,-0.010651249157744914,10.781222187634881,10.674697812365117,0.0023690008753806213,0.002232251982817354,0.002620346442157155,7058171.0,-1.0499005482714825,0.0,0.0,-1,0.0,0,40.58571428571429,0.021977285695166222,-0.0027958993476235915,0.06699158796120297,0.03775625752266376,0.03543590166099328,-0.0009337068160598649,-0.005576208178438735,0.09934654326391949,0.0,0.0
2023-08-25,10.7,10.7,0.002799815174746648,0.002799815174746648,0.0,1.1826311447212856,0.0,10.71592,10.72496,10.716303333333334,4,25,8,10.713413115210807,10.727319742975029,47.20982142857102,-0.010369581687543317,-0.010594915663704595,10.777375923655944,10.672544076344055,0.0023690008753806213,0.002232251982817354,0.002620346442157155,7058171.0,-0.9523823395285953,0.0,0.0,-1,0.0,0,47.0,0.022149281651850813,0.002803738317757116,0.9291686616767899,0.03540261427612181,0.03543590166099328,-0.0022937918430525617,-0.005576208178438735,0.5965314864934701,0.002803738317757116,0.0
2023-08-28,10.7296,10.7,0.0,0.0,0.0027625358219118064,-0.9935265360289098,0.0027625358219118064,10.71788,10.72344,10.72029,0,28,8,10.71635618517248,10.727466856331478,54.69348659003797,-0.008419208538334999,-0.010159774238630676,10.773277225571912,10.673602774428089,0.0025363966568231282,0.002333730633247471,0.0026583735104372917,7059384.0,0.2472047723086426,0.0,0.0,-1,0.0,0,45.0,0.020210992345915564,0.002803738317757116,0.059904527578380384,0.042407557256603404,0.03704682529551656,0.0004662178542789164,-0.002825278810408949,0.023017375571001863,3.7280047718539754e-05,0.0
2023-08-29,10.74,10.7296,-0.002799815174746716,0.0009315324381114853,-0.0027625358219118715,1.5120150325404698,0.000968811790946365,10.71688,10.72244,10.724623333333334,1,29,8,10.720655060595664,10.728275446245577,56.84306569343043,-0.005965563381110428,-0.009320932067126628,10.769936056346765,10.674943943653236,0.002239864220243186,0.002346794006194215,0.0026595219465016715,7064886.0,0.73942981167933,0.0,0.0,-1,0.0,0,49.17142857142857,0.019667533122722597,-0.0027587235311661473,1.5947629024751706,0.03677571134377712,0.03725419991212121,0.0037383177570093906,-0.0018587360594795044,-0.9400612652745645,0.0037243947858473857,0.0
2023-08-30,10.68,10.74,-0.00187090793581162,-0.005602255548669898,-0.00187090793581162,-3.3145495749364833,-0.005602255548669898,10.71388,10.71744,10.726956666666666,2,30,8,10.713263231396452,10.72516090132651,44.627507163323635,-0.008761532977231923,-0.009209052249147687,10.760245331690411,10.674634668309588,0.0026210839417710598,0.0025983675839358674,0.0028759586506223625,7064686.0,-1.749314794277651,0.0,0.0,-1,0.0,0,50.0,0.022984997552506246,-0.005586592178770996,-0.43379168007932795,0.05222968791057738,0.04124780665095632,-0.004659832246039164,-0.009276437847866359,-0.5778194616386989,0.0,0.0
2023-08-31,10.7,10.68,0.0,0.0018709079358116025,0.0,1.5789787049493917,0.0018709079358116025,10.71288,10.71344,10.726623333333333,3,31,8,10.710851734778915,10.72353761736996,48.328877005347344,-0.009256819322033039,-0.009218605663724757,10.745141927553377,10.681738072446624,0.0027085406924007302,0.002649161799579753,0.0023193950473196817,7065656.0,-0.847897969445034,0.0,0.0,-1,0.0,0,52.94285714285714,0.022163675722324135,0.0,-0.15856340333499402,0.05223472816122792,0.04205413982676217,0.0,-0.007421150278293154,-1.7107149857821484,0.001869158878504633,0.0
2023-09-01,10.7,10.7,0.0018709079358116025,0.0,0.0018709079358116025,-6.184148890937483,0.0,10.710420000000001,10.71294,10.72629,4,1,9,10.708878692091838,10.722019061410608,48.328877005347344,-0.009539373360585301,-0.009282759203096867,10.745181222388828,10.680698777611171,0.0026611587201595646,0.0022226327037744484,0.0023193950473196817,7065656.0,-0.8026990939701086,0.0,0.0,-1,0.0,0,55.0,0.021883828179512115,0.0,-0.47596272557540176,0.05223472816122792,0.0352832003401577,0.0,-0.0009337068160598649,-1.7107149857821484,0.0,0.0
2023-09-05,10.7,10.7,0.0,0.0,0.0,4.605170185988092,0.0,10.70796,10.71244,10.725956666666665,1,5,9,10.707264384438776,10.720598476803472,40.35493827160493,-0.009652036799787211,-0.009356614722434936,10.745179507761943,10.679700492238059,0.0026611587201595646,0.0022226327037744484,0.0023193950473196817,7065656.0,-0.7599381206618289,0.0,0.0,-1,0.0,0,59.0,0.021824701863214353,0.0,-0.40293439040106827,0.046383554473959775,0.0352832003401577,-0.0027587235311661296,-0.0009337068160598649,-1.8342575695028362,0.0,0.0
2023-09-06,10.7,10.7,0.0,0.0,0.0,-0.5887871652357024,0.0,10.707959999999998,10.71194,10.724626666666667,2,6,9,10.70594358726809,10.719269542816152,47.71897810218947,-0.009630311154719351,-0.00941135400889182,10.745138630283563,10.678741369716438,0.0025600999522178013,0.0022226327037744484,0.002257516443183772,7065656.0,-0.7193067845279503,0.0,0.0,-1,0.0,0,56.0,0.02237909179809222,0.0,-0.43990221731708307,0.04487055725280704,0.0352832003401577,-0.003724394785847407,-0.0009337068160598649,-1.7440584545723437,0.0,0.0
2023-09-07,10.7,10.7,0.0,9.345750720936875e-06,0.0,2.551694890659587,0.0,10.70496,10.71144,10.722293333333335,3,7,9,10.704862935037527,10.718026346505432,47.71897810218947,-0.009503542502262263,-0.009429791707565909,10.745060194433663,10.677819805566337,0.002365411128957583,0.0022226327037744484,0.0021892913090552587,7065656.0,-0.6805433575093114,0.0,0.0,-1,0.0,0,53.0,0.021181584859008444,0.0,0.04221694196246345,0.013294561310338253,0.0352832003401577,0.001872659176029856,-0.0009337068160598649,2.2360679775002774,9.345794392667598e-06,0.0
2023-09-08,10.7,10.7,0.0,-9.34575072097171e-06,0.0,-6.162612803303811,0.0,10.70496,10.710939999999999,10.720293333333334,4,8,9,10.703978765030703,10.716863356408307,43.988269794721226,-0.009295919854301005,-0.009403017336912928,10.7449455970636,10.676934402936398,0.0021936535820655475,0.0022226327037744484,0.0021854165583083604,7065656.0,-0.6434234916998298,0.0,0.0,-1,0.0,0,51.91428571428571,0.022289338815592915,0.0,-0.5098511684335889,0.0,0.0352832003401577,0.0,-0.0009337068160598649,0.0,0.0,0.0
2023-09-11,10.69,10.7,-0.00187090793581162,-0.000935016430906643,-0.002339182353172155,8.531161840643634,-0.000935016430906643,10.703959999999999,10.70994,10.71796,0,11,9,10.701437171388756,10.71513023664003,41.9384902143522,-0.009825036926647712,-0.009487421254859884,10.745214586051794,10.674665413948205,0.002213574181288882,0.002231457902542088,0.002189359851920491,7050445.0,-1.1305589792447768,0.0,0.0,-1,0.0,0,52.0,0.026245496231207303,-0.001869158878504633,3.280681303675105,0.006634855831519217,0.03542329602741703,-0.0009345794392523477,-0.0018674136321196189,-2.2360679775017407,0.0014031805425630303,0.0
2023-09-12,10.75,10.69,0.006532921041623095,0.005597029536718034,0.007001195458983561,-3.82765575393468,0.005597029536718034,10.706,10.71194,10.717626666666666,1,12,9,10.7102667765908,10.717379898792288,60.0,-0.005341296320347411,-0.00865819626795739,10.75150396020928,10.67237603979072,0.002741828685000558,0.0025706714409971325,0.0024344797731586723,7050776.0,1.9239732220270345,0.0,0.0,-1,0.0,0,51.0,0.023057518930417083,0.005612722170252619,-0.4367915285940294,0.041999313749192024,0.04080814401200678,0.004672897196261738,0.0037348272642390157,2.099467107621725,0.0,0.0
2023-09-13,10.67,10.75,-0.006532921041623072,-0.006532921041623072,-0.007469689260009829,0.09503549225967771,-0.007469689260009829,10.699,10.707939999999999,10.714626666666668,2,13,9,10.70294554448338,10.71432313112827,39.99999999999999,-0.0081492910439529,-0.008556415223156493,10.74747841037282,10.668401589627178,0.0036251934005968726,0.0029467395126323787,0.0027853724557478097,7050412.0,-1.9191464523864727,0.0,0.0,-1,0.0,0,51.40000000000001,0.02747890434588522,-0.0065116279069767705,-0.4324781512642145,0.07370531990621222,0.046778039573477696,-0.002803738317756932,-0.007441860465116301,-0.3842634321862275,0.0009372071227741132,0.0
2023-09-14,10.7,10.67,0.0018709079358116025,0.0018709079358116025,0.0018726597232918325,2.8979740447763978,0.00280767615419834,10.701,10.70744,10.711960000000001,3,14,9,10.702409990940946,10.713399058152252,50.0,-0.007863255103258027,-0.0084177831991768,10.747121383677978,10.667758616322022,0.0033132828136414366,0.002917579385321539,0.002815824070529889,7057014.0,-0.3749869238622174,0.0,0.0,-1,0.0,0,54.42857142857144,-0.016648124734593928,0.0028116213683223395,1.0253562500578228,0.07763191551033417,0.04631513690309691,0.0,-0.0009337068160598649,-0.7718884361188332,0.0009345794392523165,0.0
2023-09-15,10.7,10.7,0.016682499959936276,0.016682499959936276,0.0009350164309066464,-1.109424851178591,0.0,10.700999999999999,10.70694,10.709293333333333,4,15,9,10.701971810769864,10.71253460278759,50.0,-0.0075495431257532886,-0.008244135184492098,10.746737402719654,10.667142597280344,0.0032602379141877533,0.002917579385321539,0.002815824070529889,7057014.0,-0.3487664785004943,0.0,0.0,-1,0.0,0,52.0,-0.020131925003331136,0.016822429906542195,-0.08218311893749417,0.07763191551033417,0.04631513690309691,0.0,-0.0009337068160598649,-0.7718884361188332,0.016822429906542195,0.0
2023-09-18,10.75,10.7,-0.012951152347078006,-0.006963527412406344,0.003731347612858184,-0.14987259843617998,0.004662013105811371,10.706,10.70821,10.710626666666666,0,18,9,10.710704208811707,10.714951725188392,53.18352059925099,-0.003229118720291524,-0.007241131891651984,10.751818878864999,10.664601121135,0.0035787950012464457,0.0030902682642516654,0.002696804226919064,7058888.0,1.9165821771924325,0.0,0.0,-1,0.0,0,49.0,-0.01587297523628674,0.0037383177570094323,-0.17890511283684774,0.08333302268228931,0.04905648787011085,0.00561272217025266,0.002368386699737046,-1.4180477158016382,0.006000000000000062,0.0
2023-09-19,10.77,10.75,0.023920183717651835,0.01793255878298032,0.0027894020875785922,1.6329584820195802,0.001858736594625342,10.713,10.71048,10.712626666666665,1,19,9,10.721485261755033,10.718503226789142,54.54545454545444,0.001788069844902651,-0.0054352915443410576,10.761736942020923,10.659223057979078,0.0035998238120361695,0.003114284847158573,0.0027150938138746352,7068481.0,2.3224171264725406,0.0,0.0,-1,0.0,0,49.0,-0.025095528448671776,0.023255813953488372,1.5288412084509988,0.07439854684468936,0.0494377393043903,0.0018604651162790198,0.004233258116852712,-1.546326132026453,0.021355617455896047,0.0
2023-09-20,10.75,10.77,-0.0285865477614167,-0.02298951822469872,-0.007455766131343301,-2.6379113170920623,-0.0018587365946253266,10.718,10.71298,10.713959999999998,2,20,9,10.726669759617755,10.720535276673715,62.06896551724146,0.004103097127092781,-0.00352761381005429,10.766893287104285,10.659066712895715,0.003684449561716524,0.0030972444436606424,0.002740618934001975,7067795.0,1.3733163748072752,70555.0,749999.65,1,0.0,0,48.0,-0.003119263507431003,-0.007428040854224705,-0.5574317502533414,0.040031665111969185,0.04916723128501598,0.007497656982193179,0.004672897196261738,-0.17609841985237695,0.005581395348837255,0.0
2023-09-21,11.1,10.75,0.030412153056805703,0.08125842634867446,0.030412153056805703,1.891785079844119,0.03203935374461666,10.758,10.73148,10.72696,3,21,9,10.794547985141799,10.745016871727024,82.25806451612911,0.03379033391938435,0.003935975735833439,10.912968785792666,10.549991214207333,0.010777770985068297,0.007867408387635439,0.006523665631530875,7072344.0,4.061077365088543,0.0,0.0,-1,0.0,0,37.0,-0.041913813496813966,0.025125581395348776,0.4564828287382832,0.22610682434033458,0.12489123633760212,0.03738317757009346,0.0344827586206895,2.079351643412906,0.05764864864864872,0.0
2023-09-22,11.1,11.1,0.007224230224528937,-0.04921907260405793,0.007224230224528937,-8.422662707570003,0.0,10.797999999999998,10.751479999999999,10.73996,4,22,9,10.850084715116017,10.76791900903496,82.25806451612911,0.056664489994034284,0.01448167858747361,10.995685414828698,10.5072745851713,0.010777770985068297,0.007807453014868121,0.006523665631530875,7072344.0,2.8543183634521463,0.0,0.0,-1,0.0,0,33.0,-0.04142247238617147,0.0,-0.6890827950761268,0.22610682434033458,0.12393947430097514,0.03738317757009346,0.03738317757009346,2.079351643412906,0.0,0.0
2023-09-25,11.1,11.1,0.0,0.0,0.0,5.501258210544727,0.0,10.839,10.77148,10.75296,0,25,9,10.895523857822194,10.789343589097221,82.25806451612911,0.07394008817224496,0.02637336050442788,11.059518137825853,10.483441862174148,0.010736819682472686,0.007807453014868121,0.006523665631530875,7072344.0,2.2810868205141763,0.0,0.0,-1,0.0,0,38.0,-0.041510054107594965,0.0,-0.5831726150832577,0.23207352110085694,0.12393947430097514,0.032558139534883734,0.03738317757009346,2.1910148164761636,0.0,0.0
2023-09-26,11.1,11.1,0.0,0.0,0.0,-1.1318103580777055,0.0,10.873999999999999,10.790000000000001,10.76596,1,26,9,10.932701338218157,10.809385938187724,82.25806451612911,0.08663247890249792,0.038425184184041894,11.112294406111259,10.467705593888743,0.010779409430910733,0.007815148618691132,0.006523665631530875,7072344.0,1.9237069841850465,0.0,0.0,-1,0.0,0,24.22857142857143,-0.04000501365107281,0.0,-0.6063614448517497,0.23478298771603925,0.12406163822440013,0.03064066852367686,0.03452132418729503,2.2192515302299287,0.0,0.0
2023-09-27,10.97,11.1,-0.004514680354526583,-0.004514680354526583,-0.011780834031149453,1.3703450597122127,-0.011780834031149453,10.904,10.8015,10.773293333333331,2,27,9,10.939482913087582,10.819748135724,68.00000000000013,0.08521902458685737,0.047783952264604995,11.13257639442801,10.470423605571991,0.011321384936138375,0.008374258819970665,0.00691557206004062,7072033.0,1.017891959897121,0.0,0.0,-1,0.0,0,22.82857142857143,-0.012210411532171141,-0.004504504504504409,-0.48799156229856905,0.2644763914367652,0.1329372375127896,0.020465116279069884,0.02141527001862209,1.6809786942928622,0.007292616226071109,0.0
2023-09-28,10.6662,10.97,-0.023810648693718673,-0.023810648693718673,-0.03289617913191952,2.369131243796105,-0.028084411112581253,10.90062,10.800809999999998,10.771833333333332,3,28,9,10.889795110708022,10.809841804386968,48.39628012905678,0.05890570254939931,0.05000830232156386,11.133008202726653,10.468611797273343,0.014878816832875078,0.01049323169299826,0.008619042043299812,7068709.0,-0.81041979694731,0.0,0.0,-1,0.0,0,29.0,0.06694356835422145,-0.016408386508660118,0.23362521520672758,0.1933741037409662,0.16657488905432796,-0.039081081081081104,-0.001292134831460623,-1.467199344983007,0.01640696780484136,0.0
2023-09-29,10.6662,10.6662,-0.011539916095485585,-0.011539916095485585,0.004811768019338246,-5.113191882421348,0.0,10.89724,10.799119999999998,10.770373333333334,4,29,9,10.849141454215655,10.800574591200714,48.859934853420214,0.03761856189270496,0.047530354235792084,11.133812126242168,10.46442787375783,0.014878816832875078,0.010483875427502877,0.008619042043299812,7068709.0,-0.7942822049170256,0.0,0.0,-1,0.0,0,28.0,0.044097093877715265,0.0,-0.5886985034601078,0.1933741037409662,0.1664263629441215,-0.039081081081081104,-0.0031588785046728907,-1.467199344983007,0.0,0.0
2023-10-02,10.62,10.6662,-0.001519971019123569,-0.001519971019123569,-0.004340847360764978,3.9406104622800586,-0.004340847360764978,10.88424,10.79512,10.766886666666666,0,2,10,10.80747937163099,10.788924617574862,43.68932038834948,0.016826431043241996,0.04138956959728207,11.136642471172648,10.453597528827354,0.014822358291274627,0.010526220292394604,0.008648345812185853,7067680.0,-1.0255254911848792,0.0,0.0,-1,0.0,0,28.314285714285717,0.04452079991226689,-0.0015188164482195672,-0.3495344555763648,0.18449370042322794,0.16709856683494634,-0.043243243243243246,-0.00747663551401867,-1.4339281732384763,0.002824858757062254,0.0
2023-10-03,10.61,10.62,-0.003762939529542384,-0.003762939529542384,-0.0009420631879010176,0.023055776299925796,-0.0009420631879010176,10.868239999999998,10.79062,10.763066666666667,1,3,10,10.771574031334445,10.777381093860354,46.87499999999997,-0.00045317496181240813,0.03302102068546318,11.13970759027541,10.44153240972459,0.014786247695001807,0.010526806656147589,0.008648963365499281,7066627.0,-1.034811921314662,0.0,0.0,-1,0.0,0,20.0,0.04754906691101889,-0.0009416195856873623,-0.3561252265538552,0.18178225628167052,0.16710787507095567,-0.04414414414414414,-0.008411214953271018,-1.4705694957242665,0.0,0.0
2023-10-04,10.61,10.61,0.0,0.0,0.0,-6.959398512133975,0.0,10.854239999999999,10.78612,10.760066666666667,2,4,10,10.742196934728183,10.766582313611298,45.16129032258065,-0.013986163427746945,0.023619583862821154,11.14237295330274,10.429867046697261,0.014791498945111213,0.010526806656147589,0.008641066427464244,7066627.0,-0.9887356630575725,0.0,0.0,-1,0.0,0,20.0,0.04360199835413177,0.0,-0.622710956736083,0.18937097281696766,0.16710787507095567,-0.03281677301732011,-0.008411214953271018,-2.117933365057399,0.0,0.0
2023-10-05,10.62,10.61,0.0009420631879009365,0.0009420631879009365,0.0009420631879009365,6.2166061010848646,0.0009420631879009365,10.806239999999999,10.782119999999999,10.756400000000001,3,5,10,10.71997931023215,10.757125390152506,45.74468085106382,-0.023631824893335818,0.01416930211158976,11.14419326737478,10.420046732625218,0.009026864631455571,0.01053065824662961,0.008625085073778136,7067128.0,-0.8955093601659915,0.0,0.0,-1,0.0,0,20.0,0.03737984977672068,0.0009425070688029959,-0.48107971275582,0.032519113420285406,0.1671690171743606,-0.004331439500478207,-0.00747663551401867,-1.6672859492301246,0.0,0.0
2023-10-06,10.62,10.62,0.0,0.0,0.0,-2.2653623825034375,0.0,10.75824,10.77812,10.753733333333333,4,6,10,10.701801253826304,10.748278590787828,42.696629213483085,-0.030919658521439075,0.005151509984983992,11.14573827799481,10.410501722005188,0.009026864631455571,0.01053065824662961,0.008612366924096218,7067128.0,-0.8602401429138533,0.0,0.0,-1,0.0,0,27.0,0.04492616118527603,0.0,-0.595826189010133,0.032519113420285406,0.1671690171743606,-0.004331439500478207,-0.00747663551401867,-1.6672859492301246,0.0,0.0
2023-10-09,10.61,10.62,0.021426064172675896,0.021426064172675896,-0.0009420631879010176,2.1886408336448278,-0.0009420631879010176,10.70924,10.77412,10.750733333333333,0,9,10,10.685110116766976,10.739357391382162,40.90909090909089,-0.03707485969990465,-0.0032937639519937363,11.147471645165048,10.400768354834952,0.008980967644330167,0.01053067989473646,0.008613274420230911,7066664.0,-0.8791711627650522,0.0,0.0,-1,0.0,0,29.25714285714286,0.04252760487099385,0.021657250470809835,-0.46954779473078395,0.01251123504586259,0.16716936082740308,-0.0009416195856873921,-0.007483629560336769,0.5133899857009735,0.022620169651272407,0.0
2023-10-10,10.61,10.61,-0.022368127360576785,-0.022368127360576785,0.0,-5.44673737166631,0.0,10.66024,10.76712,10.746746666666667,1,10,10,10.671453731900254,10.731011753228474,41.86046511627903,-0.04147480524200908,-0.010929972209996806,11.147558249225499,10.386681750774502,0.008980967644330167,0.010438555086032579,0.008594703125082008,7066664.0,-0.8259947590436423,0.0,0.0,-1,0.0,0,32.31428571428572,0.042542224755306376,0.0,-0.6415447275307359,0.010574635325450698,0.16570692482694388,0.0,-0.013023255813953583,0.0019984172879420658,0.0,0.0
2023-10-11,10.61,10.61,0.0,0.0,0.0,-0.6931471805599453,0.0,10.62424,10.76412,10.742413333333333,2,11,10,10.660280326100208,10.723204543342765,1.9607843137254548,-0.044449408669674284,-0.017633859501932303,11.148706556406356,10.379533443593644,0.008690285936794136,0.01031386311230244,0.008591440578142862,7066664.0,-0.8014840739110833,0.0,0.0,-1,0.0,0,34.34285714285714,0.042497125701870954,0.0,-0.6325450590459636,0.010574635325450698,0.1637275011090894,0.0,-0.005623242736644829,0.0019984172879420658,0.0,0.0
2023-10-12,10.82,10.61,0.01959932079244375,0.01959932079244375,0.01959932079244375,6.236369590203704,0.01959932079244375,10.639619999999999,10.77012,10.74708,3,12,10,10.68932026680926,10.7294494115142,30.555555555555614,-0.029521255700812432,-0.02001133874170833,11.154238565029184,10.386001434970817,0.006600399737894103,0.011235353874130487,0.009281864961414397,7067175.0,0.2597114773466375,0.0,0.0,-1,0.0,0,35.68571428571429,0.01879095544248753,0.019792648444863416,-0.35324690830635763,0.14233231991385883,0.17835571345653217,0.018832391713747842,0.011214953271028172,2.2243350225717027,0.0,0.0
2023-10-13,10.82,10.82,0.0,0.0,0.0,-6.236369590203704,0.0,10.655,10.77612,10.75108,4,13,10,10.713080218298485,10.735291384964896,30.555555555555614,-0.017488984791295792,-0.019506867951625824,11.159374702171966,10.392865297828035,0.006600399737894103,0.011235353874130487,0.00927844236145015,7067175.0,0.22898610115583543,0.0,0.0,-1,0.0,0,26.27142857142857,0.01826343613519758,0.0,-0.5260345828951718,0.14233231991385883,0.17835571345653217,0.018832391713747842,0.011214953271028172,2.2243350225717027,0.0,0.0
2023-10-16,10.82,10.82,0.0,0.0,0.0,2.8903717578961645,0.0,10.675,10.77962,10.75508,0,16,10,10.73252017860785,10.740756456902645,30.555555555555614,-0.0078626872434846,-0.01717803180999758,11.16314876568172,10.396091234318279,0.006314630911597445,0.011195096216022764,0.00927844236145015,7067175.0,0.21057090686913935,0.0,0.0,-1,0.0,0,35.74285714285715,0.023871001551605178,0.0,-0.47611512848172627,0.14051386478238548,0.1777166429462188,0.019792648444863392,0.006511627906976791,2.236067977499794,0.0,0.0
2023-10-17,10.82,10.82,0.0,0.0,0.0,-2.1972245773362196,0.0,10.696000000000002,10.782119999999999,10.75908,1,17,10,10.748425600679148,10.745868943554086,37.288135593220346,-0.00023111295681133015,-0.013788648039360332,11.166036381246691,10.398203618753307,0.006274688952252041,0.0111899090427464,0.00927844236145015,7067175.0,0.19733463769893622,0.0,0.0,-1,0.0,0,39.142857142857146,0.023690741382279622,0.0,-0.5368953950645967,0.14051386478238548,0.17763429912323883,0.019792648444863392,0.00464252553389044,2.236067977499794,0.0,0.0
2023-10-18,10.81,10.82,-0.001850139288161366,-0.0009246417672185651,-0.001850139288161366,6.622071209193029,-0.0009246417672185651,10.716,10.78512,10.762746666666665,2,18,10,10.75962094601021,10.750006431066726,74.27413909520598,0.004952953654763448,-0.010040327700535576,11.168917257882304,10.401322742117694,0.006313767517146365,0.011182427172839573,0.009281395642342084,7065672.0,0.1296517861398116,0.0,0.0,-1,0.0,0,30.571428571428573,0.02564634934211476,-0.0018484288354897942,0.6786472739723468,0.14229606911703846,0.17751552812054763,0.018850141376060447,0.005581395348837281,2.2247618937104257,0.0009250693802034955,0.0
2023-10-19,10.81,10.81,0.0009254975209429712,0.0,0.0009254975209429712,-2.614738023960558,0.0,10.735,10.77062,10.766413333333333,3,19,10,10.768780774008352,10.753876983901131,74.27413909520598,0.00895810038856304,-0.006240642082715853,11.125122228335472,10.416117771664526,0.0063364263025981376,0.008223286010005531,0.009281395642342084,7065672.0,0.22217067681016142,0.0,0.0,-1,0.0,0,29.0,0.024776038085974963,0.0,-0.4395884300676722,0.006561271478488631,0.13054061845338744,-0.0009242144177449285,-0.02612612612612608,-2.2360679775015644,0.0,0.0
2023-10-20,10.81,10.81,0.0,0.0,0.0,-4.700480365792417,0.0,10.754,10.75612,10.77008,4,20,10,10.776275178734105,10.757497823649446,88.00000000000026,0.01199394924964814,-0.0025937238162430545,11.07592118560735,10.43631881439265,0.0063364263025981376,0.008223286010005531,0.009281395642342084,7065672.0,0.33695935115234193,0.0,0.0,-1,0.0,0,22.0,0.025289262548571858,0.0,-0.5772727333348816,0.006561271478488631,0.13054061845338744,-0.0009242144177449285,-0.02612612612612608,-2.2360679775015644,0.0,0.0
2023-10-23,10.81,10.81,0.0,0.0,0.0,1.791759469228055,0.0,10.774,10.741620000000001,10.77408,0,23,10,10.782406964418811,10.760885060833353,91.66666666666686,0.014235780132269227,0.0007721769734594019,11.019294702522807,10.463945297477196,0.006298159559112359,0.008223286010005531,0.009278390634662664,7065672.0,0.49251875938812617,0.0,0.0,-1,0.0,0,25.0,0.025175207989019566,0.0,-0.5512347976457237,0.006561271478488631,0.13054061845338744,-0.0009242144177449285,-0.02612612612612608,-2.2360679775015644,0.0,0.0
2023-10-24,10.81,10.81,0.0,0.0,0.0,-1.791759469228055,0.0,10.794,10.72712,10.77608,1,24,10,10.787423879979027,10.76405376658604,91.66666666666686,0.015829969226830443,0.00378373542413361,10.95109132899235,10.503148671007649,0.006298159559112359,0.008223286010005531,0.009226381751450952,7065672.0,0.7400947288465806,0.0,0.0,-1,0.0,0,33.48571428571429,0.025481318316677395,0.0,-0.5511792601964638,0.006561271478488631,0.13054061845338744,-0.0009242144177449285,-0.02612612612612608,-2.2360679775015644,0.0,0.0
2023-10-25,10.62,10.81,-0.011162906614163191,-0.0055658770774451175,-0.018674679025225224,10.586079219156558,-0.017732615837324307,10.795,10.70962,10.774413333333333,2,25,10,10.756983174528294,10.754759975193393,50.0,0.001741884110296965,0.0033753651613662814,10.906775558139591,10.512464441860407,0.00882775365118225,0.008704908649792219,0.009690682619677196,7026092.0,-0.9091298347931548,0.0,0.0,-1,0.0,0,25.0,0.04727511462062451,-0.011100832562442275,4.230634722900202,0.12477948108665385,0.13818614083731157,-0.01757631822386696,-0.031905195989061164,-2.2360679774997956,0.013182674199623406,0.0
2023-10-26,10.64,10.62,0.0009350164309066464,-0.004662013105811413,0.0018832397279648725,-2.4634111958101492,0.0018814680997055703,10.777000000000001,10.70831,10.772413333333333,3,26,10,10.73571350643224,10.747356105826078,52.27272727272741,-0.007720198349780105,0.0011562524591370042,10.907022337974341,10.50959766202566,0.0056343616432821654,0.00618265744024893,0.0096825055966646,7029462.0,-0.687526508885632,0.0,0.0,-1,0.0,0,22.71428571428572,0.04442750246855712,0.007532956685499066,0.1091338569247257,0.12877421085521035,0.09814664417041111,-0.015726179463459777,-0.002456357465639103,-2.177822104193824,0.006578947368420912,0.0
2023-10-27,10.64,10.64,-0.005623257554362008,-0.005623257554362008,0.0009402915596417215,-4.459106377216761,0.0,10.759,10.707,10.770413333333332,4,27,10,10.718311050717288,10.740429905450203,53.48837209302336,-0.015045531350128982,-0.002084104302716193,10.907220930605925,10.506779069394076,0.0056343616432821654,0.00618265744024893,0.0096825055966646,7029462.0,-0.6692606991410893,0.0,0.0,-1,0.0,0,21.0,0.04451117937422571,0.0,-0.2700887375299394,0.12877421085521035,0.09814664417041111,-0.015726179463459777,-0.002456357465639103,-2.177822104193824,0.0,0.0
2023-10-30,10.64,10.64,0.0,0.0,0.0,-1.5841201044498106,0.0,10.741000000000001,10.708,10.766746666666668,0,30,10,10.7040726778596,10.73395055671148,53.48837209302336,-0.02061329331507089,-0.0057899421051871335,10.906584464331315,10.509415535668685,0.0056343616432821654,0.006102150588669482,0.009639865456020753,7029462.0,-0.6848471276841656,0.0,0.0,-1,0.0,0,29.0,0.04413432907115538,0.0,-0.2674591866306469,0.12877421085521035,0.09686863752171507,-0.015726179463459777,0.0018832391713747842,-2.177822104193824,0.0,0.0
2023-10-31,10.64,10.64,0.0,0.0,0.0,0.4855078157817008,0.0,10.723,10.7095,10.762413333333335,1,31,10,10.692423100066945,10.72788923047203,53.48837209302336,-0.024740590657232886,-0.009580071815596284,10.90540276857899,10.513597231421011,0.0056343616432821654,0.006097226280714751,0.00963148133605569,7029462.0,-0.7095356589815295,0.0,0.0,-1,0.0,0,30.142857142857142,0.04415269937679931,0.0,-0.2606481911855855,0.12877421085521035,0.09679046655635118,-0.015726179463459777,0.002827521206409056,-2.177822104193824,0.0,0.0
2023-11-01,10.64,10.64,0.0,0.0,0.0,-1.8718021769015913,0.0,10.706000000000001,10.711,10.758746666666667,2,1,11,10.6828916273275,10.722218957538352,9.090909090909605,-0.027692284122949218,-0.013202514277066871,10.904134804299096,10.517865195700905,0.005655344365862729,0.006097226280714751,0.009627495282898772,7029462.0,-0.7352377553871275,0.0,0.0,-1,0.0,0,32.0,0.04418351844740692,0.0,-0.26190911355025454,0.013369671826216319,0.09679046655635118,0.0018832391713747842,0.002827521206409056,2.2360679775002166,0.0,0.0
2023-11-02,10.64,10.64,0.0,0.0,0.0,-0.6931471805599453,0.0,10.689000000000002,10.712,10.743413333333333,3,2,11,10.675093149631591,10.71691450866491,9.090909090909605,-0.02968928288813366,-0.01649986799928023,10.90334977617488,10.52065022382512,0.005655344365862729,0.00609449201540089,0.007365321549319609,7029462.0,-0.7525485677516185,0.0,0.0,-1,0.0,0,37.0,0.04054911477050846,0.0,-0.2590049360418622,0.0,0.09674706144011751,0.0,0.0018832391713747842,0.0,0.0,0.0
2023-11-03,10.64,10.64,0.0,0.0,0.0,0.0,0.0,10.672,10.713,10.72808,4,3,11,10.668712576971302,10.711952282299432,9.090909090909605,-0.03091554365415483,-0.01938300313025515,10.902525723847901,10.523474276152097,0.005655344365862729,0.00609449201540089,0.007365321549319609,7029462.0,-0.770343977776678,0.0,0.0,-1,0.0,0,36.114285714285714,0.040829474063034346,0.0,-0.25869548973542783,0.0,0.09674706144011751,0.0,0.0018832391713747842,0.0,0.0,0.0
2023-11-06,10.62,10.64,-0.0018814680997057312,-0.0018814680997057312,-0.0018814680997057312,6.846943139585379,-0.0018814680997057312,10.653,10.7135,10.712080000000002,0,6,11,10.6598557447947,10.706019876989792,8.33333333333377,-0.033119416976205684,-0.022130285899445257,10.90193119643399,10.52506880356601,0.005628563736537363,0.006106622763380332,0.0073611412066917885,7028521.0,-0.9924046736364562,0.0,0.0,-1,0.0,0,38.0,0.042454987657356114,-0.0018796992481204275,-0.15485109929452062,0.013344540864138077,0.09693963109434232,-0.001879699248120481,0.0009425070688029447,-2.2360679775002184,0.0,0.0
2023-11-07,10.62,10.62,0.0,0.0,0.0,-1.205036068647266,0.0,10.634,10.714,10.696079999999998,1,7,11,10.652609245741118,10.70047020750658,8.695652173913473,-0.03446866910059043,-0.024597962539674292,10.901324654853175,10.526675345146826,0.005628563736537363,0.006106622763380332,0.0073611412066917885,7028521.0,-1.0036052122842947,0.0,0.0,-1,0.0,0,39.0,0.04182535929991988,0.0,-0.23132782989841832,0.013344540864138076,0.09693963109434232,-0.001879699248120481,0.0009425070688029447,-2.2360679775002184,0.0,0.0
2023-11-08,10.62,10.62,0.0,0.0,0.0,-3.244011798139743,0.0,10.634,10.714500000000001,10.684413333333334,2,8,11,10.646680291970005,10.695278581215835,8.695652173913473,-0.03513297011997274,-0.026704964055733985,10.90070588492048,10.528294115079522,0.0008869334051711168,0.006106622763380332,0.007104008213798476,7028521.0,-1.0150055143569565,0.0,0.0,-1,0.0,0,39.771428571428565,0.04111406924799991,0.0,-0.2621643361100463,0.013344540864138076,0.09693963109434232,-0.001879699248120481,0.0009425070688029447,-2.2360679775002184,0.0,0.0
2023-11-09,10.62,10.62,0.0,0.0,0.0,-2.3978952727983707,0.0,10.632,10.7045,10.682873333333333,3,9,11,10.64182932979364,10.69042189855675,8.695652173913473,-0.03525305815373336,-0.02841458287533386,10.888316269825882,10.520683730174117,0.0005944130940163388,0.003971967937641844,0.0050155132422900406,7028521.0,-0.919396308934371,0.0,0.0,-1,0.0,0,41.0,0.040218449464221276,0.0,-0.26032716786574717,0.013344540864138076,0.06305303627113457,-0.001879699248120481,-0.01848428835489846,-2.2360679775002184,0.0,0.0
2023-11-10,10.62,10.62,0.0,0.0,0.0,0.0,0.0,10.629999999999999,10.6945,10.681333333333333,4,10,11,10.637860360740252,10.685878550262768,8.695652173913473,-0.03494539996760615,-0.02972074629378832,10.87355894354437,10.515441056455629,0.0005944130940163388,0.003971967937641844,0.0050155132422900406,7028521.0,-0.8321282201862116,0.0,0.0,-1,0.0,0,41.0,0.039903715426690856,0.0,-0.26032716786574717,0.013344540864138076,0.06305303627113457,-0.001879699248120481,-0.01848428835489846,-2.2360679775002184,0.0,0.0
2023-11-13,10.6388,10.62,0.0017686797844554895,0.0017686797844554895,0.0017686797844554895,6.620073206530356,0.0017686797844554895,10.62988,10.68544,10.68196,0,13,11,10.638031204242024,10.682841224439363,15.594855305466723,-0.032806403953202334,-0.03033787782567112,10.855891763820562,10.514988236179438,0.0008606094715585002,0.00401317275456885,0.004962809141212169,7029271.0,-0.5472515972213563,0.0,0.0,-1,0.0,0,39.0,0.03899769528264931,0.0017702448210923348,-0.17955523283792094,0.012567491516643912,0.06370714246157538,0.0017702448210923372,-0.016746765249537887,2.236067977500273,0.0,0.0
2023-11-14,10.6388,10.6388,0.0,0.0,0.0,-2.1892564076870427,0.0,10.62976,10.67638,10.68292,1,14,11,10.638170985288928,10.679999855120695,65.98639455782273,-0.03075669022165428,-0.030421640304867756,10.835610248382855,10.517149751617145,0.0008606094715585002,0.00401317275456885,0.004959161336041817,7029271.0,-0.4720208676638177,0.0,0.0,-1,0.0,0,46.6,0.0392174732034243,0.0,-0.2556915376185802,0.012567491516643912,0.06370714246157538,0.0017702448210923372,-0.016746765249537887,2.236067977500273,0.0,0.0
2023-11-15,10.6388,10.6388,0.0,0.0,0.0,-4.430816798843313,0.0,10.629639999999998,10.66782,10.683879999999998,2,15,11,10.638285351600032,10.677341799951618,48.45360824742178,-0.028800285557659677,-0.030097369355426142,10.814735852750948,10.520904147249054,0.0008606094715585002,0.004017426414055453,0.004959161336041817,7029271.0,-0.395056074026209,0.0,0.0,-1,0.0,0,52.54285714285714,0.03958660328210203,0.0,-0.2561853497453831,0.012567491516643912,0.0637746672125564,0.0017702448210923372,-0.015837187789084273,2.236067977500273,0.0,0.0
2023-11-16,10.65,10.6388,0.0010521965571859227,0.0010521965571859227,0.0010521965571859227,6.690842277418564,0.0010521965571859227,10.63064,10.65982,10.684879999999998,3,16,11,10.640415287672752,10.675577812857966,59.99999999999929,-0.02604583420487039,-0.029287062325314993,10.790685678022443,10.528954321977556,0.0009241415532062819,0.004035181246250234,0.004959846259301956,7030076.0,-0.15007754742714752,0.0,0.0,-1,0.0,0,55.0,0.03362237297124288,0.0010527503101854102,-0.16909220705323855,0.012916499034850652,0.06405651643589884,0.0028248587570622874,-0.014801110083256241,1.0278856379327994,0.0,0.0
2023-11-17,10.7,10.65,0.004683849312426216,0.004683849312426216,0.0009385265822642868,2.3485911425789188,0.004683849312426216,10.636639999999998,10.65432,10.687546666666668,4,17,11,10.651248871732252,10.677153437834871,79.99999999999893,-0.019602365661175014,-0.027350122992487,10.766525705831366,10.542114294168634,0.0017203988078233453,0.004212982784504947,0.0050299604529079065,7038505.0,0.8142188431781134,0.0,0.0,-1,0.0,0,58.0,0.026780756974104387,0.004694835680751073,0.642181919353365,0.030720326938871244,0.06687902835357908,0.007532956685499137,-0.010175763182238784,1.4735137211555747,0.003738317757009266,0.0
2023-11-20,10.7,10.7,0.0,0.0,0.003745322730161892,-4.8805503366378105,0.0,10.644639999999999,10.64882,10.690546666666668,0,20,11,10.660112713235478,10.67862740958746,79.99999999999893,-0.01433067531313803,-0.02474623345661721,10.73713578746663,10.56050421253337,0.001514073020388683,0.004212982784504947,0.00502512379882214,7038505.0,1.159022672346937,0.0,0.0,-1,0.0,0,61.28571428571429,0.02155383814235217,0.0,-0.2984935024551612,0.03228308271266984,0.06687902835357908,0.005752528480655661,-0.010175763182238784,1.9818533650699972,0.0,0.0
2023-11-21,10.7,10.7,0.0,0.0,0.0,-3.4657359027997265,0.0,10.65264,10.64332,10.693546666666666,1,21,11,10.667364947192663,10.680006286388268,79.99999999999893,-0.010037121048288355,-0.02180441097495144,10.695803324670619,10.59083667532938,0.001514073020388683,0.004212982784504947,0.00502512379882214,7038505.0,2.159924141838138,0.0,0.0,-1,0.0,0,61.17142857142858,0.044162952456854185,0.0,-0.3054698830165876,0.03228308271266984,0.06687902835357908,0.005752528480655661,-0.010175763182238784,1.9818533650699972,0.0,0.0
2023-11-22,10.7,10.7,0.0,0.0,0.0,-0.6931471805599453,0.0,10.660639999999999,10.647319999999999,10.696546666666666,2,22,11,10.673298593157632,10.681296203395476,79.99999999999893,-0.006558842110889529,-0.018755297202139056,10.704319855956031,10.590320144043966,0.001514073020388683,0.001267713236803278,0.00502512379882214,7038505.0,1.8484257237644726,0.0,0.0,-1,0.0,0,65.05714285714286,0.04302062145044189,0.0,-0.37548697405539927,0.03228308271266984,0.020124323749957252,0.005752528480655661,0.007532956685499137,1.9818533650699972,0.0,0.0
2023-11-24,10.7,10.7,0.0,0.0,0.0,0.0,0.0,10.66864,10.65032,10.692546666666665,4,24,11,10.678153394401699,10.682502899950606,79.99999999999893,-0.003758950155823726,-0.015756027792875993,10.711834691442123,10.588805308557879,0.001514073020388683,0.0012188729673077829,0.003419651419567763,7038505.0,1.6152239029514328,0.0,0.0,-1,0.0,0,66.85714285714286,0.04463834910820211,0.0,-0.30512848466363757,0.03333002694703995,0.019349008507654527,0.004694835680751019,0.005639097744360777,2.236067977499859,0.0,0.0
2023-11-27,10.66,10.7,-0.005623257554362008,-0.0037453227301619415,-0.005623257554362008,6.849066282633458,-0.0037453227301619415,10.67264,10.65132,10.687213333333334,0,27,11,10.674852777237753,10.681051099953793,66.66666666666717,-0.004713348764751046,-0.013547491987251005,10.712778538870214,10.589861461129786,0.0020771262137469766,0.0015150361521162233,0.0034735423886451617,7037562.0,0.28246685194810806,0.0,0.0,-1,0.0,0,65.31428571428572,0.044749885652825734,-0.0056074766355138994,0.17429071306313768,0.026539423326055044,0.0240504533146305,-0.0037383177570092796,0.001879699248120259,-2.236067977499899,0.0018761726078798848,0.0
2023-11-28,10.66,10.66,0.0018779348242001143,0.0,0.0018779348242001143,-4.364159632845457,0.0,10.674760000000001,10.65232,10.68188,1,28,11,10.672152272285432,10.679692964472903,66.66666666666717,-0.005407383586391035,-0.011919470307079011,10.713653723874165,10.590986276125834,0.0020199303908146273,0.0015150361521162233,0.0034735423886451617,7037562.0,0.25043318797199154,0.0,0.0,-1,0.0,0,65.08571428571429,0.03222652445724692,0.0,-0.3234196888423587,0.026539423326055044,0.0240504533146305,-0.0037383177570092796,0.001879699248120259,-2.236067977499899,0.0,0.0
2023-11-29,10.66,10.66,0.0,0.0,0.0,-2.4849066497880004,0.0,10.67688,10.653319999999999,10.676546666666667,2,29,11,10.669942768233534,10.678422450635942,66.66666666666717,-0.005889520457062147,-0.01071348033707564,10.714459825939,10.592180174060998,0.0020199303908146273,0.0015150361521162233,0.0034735423886451617,7037562.0,0.2185155059703834,0.0,0.0,-1,0.0,0,63.0,0.03007482118510061,0.0,-0.3294468499435889,0.026539423326055044,0.0240504533146305,-0.0037383177570092796,0.001879699248120259,-2.236067977499899,0.0,0.0
2023-11-30,10.7,10.66,0.003745322730161892,0.003745322730161892,0.003745322730161892,6.329720905522696,0.003745322730161892,10.683,10.65632,10.67288,3,30,11,10.6754077194638,10.679814550594914,75.00000000000028,-0.0030092627864259924,-0.009172636826945711,10.720519478601418,10.59212052139858,0.002306639224333133,0.0017209937530785363,0.003557337237706875,7038123.0,1.3607587149168816,0.0,0.0,-1,0.0,0,64.0,0.031643409435963374,0.0037523452157597697,-0.044702381081107065,0.04204128589554896,0.027319928871249045,0.0,0.005639097744360777,0.007944996795020275,0.0,0.0
2023-12-01,10.7,10.7,0.0,0.0,0.0,-0.9637448905008448,0.0,10.687999999999999,10.65932,10.669213333333333,4,1,12,10.679879043197655,10.681116837653306,75.00000000000028,-0.0007183570583055854,-0.007481780873217687,10.725872823500227,10.592767176499772,0.002306494625886739,0.0017209937530785363,0.003557337237706875,7038123.0,1.2224875778519406,0.0,0.0,-1,0.0,0,64.0,0.02063630195603886,0.0,-0.2368166297212567,0.04204128589554896,0.027319928871249045,0.0,0.005639097744360777,0.007944996795020275,0.0,0.0
2023-12-04,10.7,10.7,0.0,0.0,0.0,-0.6297775666273561,0.0,10.687999999999999,10.66232,10.665546666666668,0,4,12,10.6835373989799,10.682335106191802,71.67138810198315,0.001084698507126447,-0.00576848499714886,10.730592938308867,10.594047061691132,0.0017655686711728139,0.0017209937530785363,0.003557337237706875,7038123.0,1.1038048437152335,0.0,0.0,-1,0.0,0,63.71428571428572,0.023833218791737283,0.0,-0.2938468094558636,0.026639008404201265,0.027319928871249045,0.0037523452157597337,0.005639097744360777,2.236067977499897,0.0,0.0
2023-12-05,10.7,10.7,0.0,0.0,0.0,-4.04305126783455,0.0,10.687999999999999,10.66632,10.66188,1,5,12,10.686530599165371,10.683474776760074,71.67138810198315,0.0024849876423562733,-0.004117790469247834,10.733518796982189,10.599121203017813,0.0017655686711728139,0.0016464028066235916,0.003557337237706875,7038123.0,1.0023988973768558,0.0,0.0,-1,0.0,0,65.14285714285714,-0.005332328835980397,0.0,-0.32803538849278835,0.026639008404201265,0.026135834304988736,0.0037523452157597337,0.007532956685499137,2.236067977499897,0.0,0.0
2023-12-06,10.73,10.7,0.0023337233462203183,0.002799815174746648,0.0023337233462203183,9.27897984769287,0.002799815174746648,10.690999999999999,10.67182,10.659213333333332,2,6,12,10.694434126589849,10.686476404065875,76.63551401869194,0.005946923715343999,-0.0021048476323294674,10.741032216749886,10.602607783250114,0.0019754628832514094,0.0017298975782652113,0.0036029706272247856,7059544.0,1.6812060856321513,0.0,0.0,-1,0.0,0,63.97142857142857,-0.0042200215806781,0.0023364485981308743,3.9435596206499595,0.02899499276632643,0.02746127271421586,0.0065666041275798115,0.010357815442561424,0.7595938061449643,0.0004659832246039871,0.0
2023-12-07,10.889,10.73,0.005115100666770409,0.015719232592490896,0.005115100666770409,-1.5079127616274655,0.014709548721316695,10.7099,10.68527,10.66818,3,7,12,10.72980973993715,10.699542442513238,87.46081504702211,0.021275256265800735,0.0025711731472965738,10.800999141124134,10.569540858875865,0.0049932634902929394,0.003628431418654864,0.003038624800021556,7064286.0,3.5208072577238254,0.0,0.0,-1,0.0,0,66.14285714285715,0.004445487483044094,0.004659832246039043,0.5627443112912699,0.10205930889207068,0.05759956309808435,0.01766355140186926,0.02532956685499066,2.0521933869704836,0.011020295711268344,0.0
2023-12-08,11.09,10.889,0.010152371464018128,0.09614386055290235,0.010152371464018128,0.08505881825429829,0.018290695998351734,10.7489,10.708769999999998,10.68318,4,8,12,10.795298878130396,10.724733252673674,91.48936170212782,0.04907636859147679,0.011872212236132619,10.920091188316857,10.497448811683139,0.007195264586576086,0.005268631377017184,0.004425604093916926,7069449.0,3.608062239630967,0.0,0.0,-1,0.0,0,65.0,0.013858466621642465,9.183579759401434e-05,0.5916286959056213,0.1392549898881638,0.08363693023955553,0.036448598130841114,0.0442561205273071,0.6314242005417277,0.10009017132551844,0.0
2023-12-11,10.85,11.09,0.010959013789719382,-0.04342955792733598,-0.0036798569584006197,1.296956048816197,-0.021878721375807157,10.7679,10.720270000000001,10.69018,0,11,12,10.805244536652141,10.732814978307632,60.56338028169018,0.051153292851291,0.019728428359164295,10.93623289252425,10.504307107475752,0.010632752622406493,0.007492857129444924,0.006105198610217167,7050562.0,1.201410098593041,0.0,0.0,-1,0.0,0,67.28571428571429,0.03352038230666023,-0.007213706041478816,2.519856292298052,0.25034612719012206,0.11894541944309144,0.014018691588784993,0.021657250470809908,-0.9889729905376697,0.05898617511520743,0.0
2023-12-12,10.8,10.85,-0.018332319083471618,-0.06008081844232888,-0.006472514505617479,2.1102789801623176,-0.004618945856294417,10.781899999999998,10.72833,10.695513333333333,1,12,12,10.80429098453357,10.737149495836173,56.57894736842116,0.04820896521608731,0.025424535730548897,10.943521519105214,10.513138480894785,0.010818598331148335,0.007597777861305358,0.006180144024850735,6894734.0,0.666104317660946,0.0,0.0,-1,0.0,0,67.0,0.024514913507469788,-0.0036866359447003823,4.179294244790871,0.25577409288097996,0.12061098442635704,0.009345794392523477,0.015152084821596468,-0.6804974160650041,0.003703703703703789,0.0
2023-12-13,10.9,10.8,-0.0009254975209429212,0.007366515816762646,0.0018535686493230564,-4.100188542451575,0.009216655104924048,10.8059,10.741389999999999,10.704180000000001,2,13,12,10.821692623709284,10.747655979975775,61.627906976744285,0.05332997387550442,0.031005623359540005,10.965233835601781,10.517546164398217,0.011082437017541755,0.007826430857633354,0.0063814100777760336,6897316.0,1.4171486972030667,0.0,0.0,-1,0.0,0,67.0,0.03664213642885875,0.0,-0.24261367759602653,0.26115493126327777,0.12424073821523889,0.01584342963653307,0.024551641162537274,-0.9964614168365634,0.009174311926605472,0.0
2023-12-14,10.0,10.9,-0.037740327982847086,-0.02602377342130536,-0.07696104113612844,0.35434845975638873,-0.0861776962410524,10.735899999999999,10.70945,10.682846666666668,3,14,12,10.67229396485305,10.699420110299918,30.11363636363636,-0.015060460637780437,0.021792406560075916,11.108589851496568,10.310310148503433,0.02897920237103075,0.020320768122093654,0.016512799445049877,6893636.0,-3.5548943426216653,0.0,0.0,-1,0.0,0,70.0,-0.024940800571285473,-0.04587155963302752,-0.21655707848276334,0.6358830227926298,0.32258219340521294,-0.08164202406097887,-0.06004436590592921,-1.5067491659589514,0.06199999999999992,0.0
2023-12-15,8.01,10.0,-0.03822121282019786,-0.059154422486663485,-0.25489224962879004,2.8534045423561003,-0.22189433191377791,10.466899999999999,10.577449999999999,10.595180000000001,4,15,12,10.18824051669795,10.52590913544186,14.285714285714278,-0.22721751946570556,-0.028009578645080378,11.849973473054126,9.304926526945872,0.06722485046831314,0.04828094529342543,0.039575904741659264,6829800.0,-4.035210437160703,0.0,0.0,-1,0.0,0,80.0,-0.12924225732202382,0.0009999999999999788,1.359224289214345,1.3555385680805252,0.7664362458571087,-0.27772768259693414,-0.24788732394366197,-1.447948134815658,0.282147315855181,0.0
2023-12-18,9.96,8.01,-0.29135180134074334,0.04779066383634848,-0.035460051378869706,0.20856318130197124,0.21788631051623913,10.392900000000001,10.54045,10.572513333333331,0,18,12,10.146742240934685,10.48939886863916,43.81625441696114,-0.23529250835407112,-0.06946616458687853,11.840700741001031,9.240199258998969,0.10892998533421618,0.07498697027430996,0.06070840491866565,6908440.0,-0.8928277934348644,0.0,0.0,-1,0.0,0,77.0,-0.02675565065930936,-0.06616729088639194,1.554617010337198,2.5789029290519596,1.1903812494961026,-0.0820276497695851,-0.06915887850467273,0.7878346347756578,0.30321285140562243,0.0
2023-12-19,10.38,9.96,0.23695152428054453,0.01793346787347602,0.1395294112730761,-2.1642173725702496,0.04130380614123579,10.3609,10.524449999999998,10.564513333333332,1,19,12,10.189152742582923,10.482340877114053,47.69736842105263,-0.20543339698907026,-0.09665961106731688,11.824309502529342,9.224590497470654,0.10982438803316263,0.075605399827078,0.06120318969134123,6917471.0,-0.22225478941211402,0.0,0.0,-1,0.0,0,77.0,-0.013879501942736188,-0.04819277108433739,-0.23753760472450786,2.60255936793722,1.2001985142963252,-0.03888888888888886,-0.02990654205607468,0.49186958125485275,0.20134874759152213,0.0
2023-12-20,10.4994,10.38,0.048388234903570866,-0.01799061236333427,0.0900107503378263,-1.0204708276081291,0.011437234935876806,10.33784,10.51442,10.560493333333334,2,20,12,10.245561334840573,10.483441465687342,48.371594635841156,-0.17017359866049198,-0.1113624085859519,11.811669124473557,9.217170875526442,0.10986314741951138,0.07563987536011707,0.06123258939341065,6920726.0,-0.023156693215877322,0.0,0.0,-1,0.0,0,71.0,-0.0047149155131186145,-0.04142581888246642,-0.39074717844738555,2.602966440956164,1.2007457964167518,-0.03675229357798171,-0.018747663551401894,0.4779939317874691,0.10375830999866655,0.0
2023-12-21,6.49,10.4994,-0.054737462582229675,-0.10848302408534782,-0.5778468558791182,4.632238304602606,-0.48105558195762094,9.89794,10.303920000000002,10.422826666666667,3,21,12,9.562732001233195,10.225800080804287,29.299425694280544,-0.46044727690834897,-0.18117938225043131,12.517223034499871,8.090616965500132,0.16364715770492622,0.11437767185474357,0.0929906413815489,6586295.0,-3.4463604310394995,0.0,0.0,-1,0.0,0,77.0,-0.0919713540294553,-0.10280587462140692,3.7250618596042915,3.8106964286414233,1.81568925159722,-0.351,-0.3934579439252336,-0.26824358827274075,0.6379044684129429,0.0
2023-12-22,4.25,6.49,-0.22793206804600688,-0.2003169010130335,-0.3055169400878152,1.41163941650605,-0.4233435477796732,9.21394,9.98142,10.210493333333334,4,22,12,8.596780728281704,9.840264591720139,24.010379730513833,-0.8613118706705372,-0.3172058799344525,13.466178302635843,6.496661697364157,0.18857815687965424,0.135675399752811,0.1111242395962696,5214233.0,-3.2894218205404946,0.0,0.0,-1,0.0,0,79.74285714285715,-0.14020750315394076,0.15562403697996915,4.1040357957705025,4.268177078046256,2.153780200651273,-0.4694132334581773,-0.6028037383177569,-0.0971623720372091,0.8988235294117647,0.0
2023-12-26,3.48,4.25,-0.6539264674066639,-0.6587269566734659,-0.12293768624504797,-0.910811847580658,-0.19988668914994245,8.47694,9.62242,9.972493333333334,1,26,12,7.666456959503212,9.42992494064142,22.607521170364535,-1.226988553866887,-0.4991624147209394,14.13933996205145,5.10550003794855,0.19050341740232585,0.13930278253454334,0.11470625190920172,4662393.0,-2.7197382515541837,0.0,0.0,-1,0.0,0,81.94285714285716,-0.16953182125060254,-0.08235294117647061,1.2995373082932054,3.111206982613457,2.211363117154282,-0.6506024096385543,-0.6735459662288931,0.05878973985622744,0.15804597701149434,0.0
2023-12-27,2.58,3.48,-0.13133600206108698,-0.13675893711538917,-0.3112125698619751,0.046180762280647124,-0.2992428948528569,7.654940000000001,9.21842,9.703866666666666,2,27,12,6.7416466032299,8.987994299309715,20.993963897272366,-1.571299475985204,-0.7135898269737924,14.689241653520744,3.747598346479256,0.19491391949272394,0.14685216750872304,0.1219321478651535,4084471.0,-2.4268456990287186,0.0,0.0,-1,0.0,0,76.0,-0.19345888460564378,-0.017241379310344845,1.2402820529576686,2.482773828522232,2.3312058883132853,-0.7514450867052023,-0.7579737335834897,1.0303733007065956,0.37209302325581395,0.0
2023-12-28,1.94,2.58,-0.3458730109059187,-0.35914103643392586,-0.3090732624330984,0.7092525451195243,-0.2851014258582893,6.75894,8.78242,9.413906666666666,3,28,12,5.868619948097191,8.533284989676831,19.2046690250382,-1.874206329770379,-0.9457131275331098,15.094685424210553,2.470154575789447,0.19378627389663244,0.15221380412659619,0.12757845636786705,2909861.0,-2.16797600866277,40000.0,82867.15,1,0.0,0,78.0,-0.21958283409831275,-0.06201550387596905,2.3699770736014387,1.275415207324191,2.4163192309804242,-0.8152275368116273,-0.8180112570356473,-0.07678545216550911,0.2989690721649485,0.0
2023-12-29,1.7,1.94,-0.22624753725180083,-0.12242341521288581,-0.10836803672178165,0.05753487456554656,-0.13205972201306637,5.92894,8.33242,9.115946666666668,4,29,12,5.110689048443156,8.092427893568649,17.773598374608753,-2.1093133368126624,-1.1784331693890204,15.316550285033031,1.3482897149669713,0.19286763706282914,0.15168261585579787,0.12804499349922643,1665688.0,-1.899283011433294,10000.0,17250.0,1,0.0,0,76.0,-0.2313351169652028,-0.005154639175257737,2.094860170401577,1.3299593572507191,2.4078868785971035,-0.7380585516178737,-0.8411214953271028,-0.0890721479867325,0.28823529411764703,0.0
2024-01-02,1.6,1.7,-0.13279147398181207,-0.24073931320458936,-0.13525404593596885,-0.13843049834704862,-0.060624621816434736,5.28794,7.877419999999999,8.81428,1,2,1,4.472381948726218,7.673561577854543,17.94605233976492,-2.277453432508894,-1.398237222012995,15.378653642148798,0.376186357851199,0.19352277110054109,0.1507149894846246,0.1276889133939278,582357.0,-1.6737033665309944,10000.0,14799.5,1,0.0,0,79.71428571428571,-0.23981884953924465,-0.005882352941176476,1.5334450745690367,1.3397718480189962,2.3925262861561896,-0.6235294117647059,-0.8504672897196262,0.44999469483569554,0.15,0.0
2024-01-03,2.22,1.6,-0.01791092656653022,0.570544858467613,0.11701645838618796,2.8331229868383425,0.3275035666384525,4.51394,7.4534199999999995,8.531613333333333,2,3,1,4.062857958048723,7.321718895412316,21.39771181694536,-2.333774550988746,-1.5853446878081454,15.23625303082392,-0.3294130308239209,0.22689630445813044,0.18278416234121259,0.15061267054768107,18997320.0,-1.3448624631347048,0.0,0.0,-1,0.0,0,76.71428571428571,-0.1861300996215416,0.037499999999999895,4.218666604531588,4.193497558777555,2.9016086229366373,-0.3620689655172413,-0.7925233644859813,1.6987479684622604,0.6126126126126127,0.0
2024-01-04,2.11,2.22,0.201218190685244,-0.24940511982498595,0.20456716574127437,-2.455560861336363,-0.050819248396213115,3.68694,7.0239199999999995,8.24528,3,4,1,3.707792874767137,6.9854789666760375,20.717179254837163,-2.36007999081212,-1.7402917484089406,14.998112294118478,-0.9502722941184798,0.22160112051671704,0.18228086155524714,0.15043983902486519,17417039.0,-1.2324558572845945,0.0,0.0,-1,0.0,0,78.68571428571428,-0.1916646711638285,-0.08558558558558575,0.060449794096270854,3.816442682260507,2.8936189706506696,-0.18217054263565902,-0.802803738317757,1.6068098372011408,0.15639810426540288,0.0
2024-01-05,1.89,2.11,0.0,-0.10870420160088966,-0.13353139262452263,-0.6217924156101354,-0.11011111841642408,2.826,6.581919999999999,7.9516133333333325,4,5,1,3.3772850793549303,6.65673838818081,21.700351739154698,-2.371344024966477,-1.8665022037204482,14.670334113402841,-1.5064941134028418,0.21665832758364287,0.1818727311995083,0.15066833273751148,16568458.0,-1.1601582051110098,0.0,0.0,-1,0.0,0,75.77142857142859,-0.20247621994314796,-0.037914691943128,-0.13041558528239583,3.3835808527650006,2.887140102107982,-0.02577319587628868,-0.8238583410997204,2.1192159437930993,0.17989417989417983,0.0
2024-01-08,1.81,1.89,-0.0928501539634624,-0.04401688541677421,0.022599831917240992,-0.6260764590371892,-0.04324998379381651,2.358,6.12797,7.65528,0,8,1,3.092324155835852,6.344045588943339,25.037845846619646,-2.3595270258000447,-1.9651071681363674,14.217670715848485,-1.9617307158484847,0.19986502169653642,0.18097305096614236,0.15043717017934885,16114734.0,-1.067522805025578,0.0,0.0,-1,0.0,0,76.17142857142856,-0.2064168550356541,-0.021164021164021066,-0.2339180452799069,3.2262914144262296,2.872858121166181,0.06470588235294117,-0.8337772063550372,2.1550795298829355,0.1160220994475138,0.0
2024-01-09,1.65,1.81,-0.021858793812499073,-0.0779615414697118,-0.105981440856292,0.19449614785327038,-0.09255155736524526,2.098,5.65597,7.353613333333333,1,9,1,2.830083400229333,6.041203938043769,10.908098750564491,-2.3361430290081096,-2.0393143403107157,13.62736976537169,-2.3154297653716904,0.18080128261272524,0.1798147273027134,0.15037661999669924,15563596.0,-1.0050857108941416,0.0,0.0,-1,0.0,0,75.68571428571428,-0.2162924121364501,0.0,-0.21699812253230458,3.2819215189156563,2.8544703030592546,0.031249999999999778,-0.8512173128944995,2.148197759196494,0.14545454545454545,0.0
2024-01-10,1.6,1.65,-0.09863060344162743,-0.10236201266156984,-0.04445176257083392,-0.464931038929205,-0.030771658666753545,1.9100000000000001,5.1934700000000005,7.051613333333333,2,10,1,2.6064318729149085,5.754674651718365,7.207470659336366,-2.295188125208069,-2.0904890972901864,12.966907734964357,-2.579967734964356,0.1773809840132813,0.1796903538899747,0.15018106429918343,15217383.0,-0.9245510474308771,0.0,0.0,-1,0.0,0,76.37142857142858,-0.2199316588077488,-0.006060606060606067,-0.27223909481238245,0.5035756095387347,2.852495936340365,-0.2792792792792793,-0.8525345622119815,-0.5326083356359131,0.08124999999999993,0.0
2024-01-11,1.55,1.6,-0.04362062247589029,-0.024243611609992853,-0.03974032864951411,-0.2892767747177825,-0.0317486983145803,1.807,4.73097,6.7479466666666665,3,11,1,2.414353350566743,5.483405319349439,6.0847547451272845,-2.240933563823899,-2.120577990596929,12.19440588918665,-2.732465889186649,0.16334553608219576,0.17923746235793916,0.1499337362815814,14958137.0,-0.8524143697968192,0.0,0.0,-1,0.0,0,74.65714285714286,-0.22308414127844112,-0.018750000000000017,-0.295242082937107,0.5490057198183635,2.8453065061524465,-0.2654028436018957,-0.8564814814814815,-0.6455241843643562,0.09677419354838704,0.0
2024-01-12,1.73,1.55,0.012658396871923465,0.0852204081087081,0.05302827492450006,0.18089589673447307,0.1098664775785322,1.7860000000000003,4.27247,6.45028,4,12,1,2.289925468645517,5.241250137455927,12.578616352201252,-2.1585297500462866,-2.1281683424868008,11.25113074230649,-2.7061907423064904,0.15172032306161135,0.18347354717443776,0.15275733605789402,15268789.0,-0.7286412375907237,0.0,0.0,-1,0.0,0,73.08571428571429,-0.21203731861480452,0.025806451612903247,-0.28667079689898595,1.2251907068149077,2.9125522678946383,-0.08465608465608465,-0.8412844036697248,1.674399472279562,0.12393063583815024,0.0
2024-01-16,1.62,1.73,0.0727593542824283,0.04138521616285449,0.024933266545211868,-0.24912420513086356,-0.06569525926539478,1.778,3.85347,6.147613333333334,1,16,1,2.1681208379826953,5.007621096329738,18.91252955082743,-2.07814465663025,-2.1181636053154906,10.375543928178887,-2.668603928178887,0.14751610655005934,0.18346083219212095,0.15248466571558372,15026641.0,-0.6848956404343108,0.0,0.0,-1,0.0,0,72.28571428571429,-0.21892252576986546,-0.011560693641618507,-0.30699852568542185,1.263502352223564,2.9123504238078293,-0.10497237569060769,-0.838,1.717051194295044,0.15432098765432098,0.0
2024-01-17,1.54,1.62,-0.08541775115435178,-0.12372633781520816,-0.07062366479351924,-0.3533742726805215,-0.050643732818754915,1.7720000000000002,3.52997,5.84228,2,17,1,2.053917049258569,4.783903606243949,22.598870056497177,-1.9978640887785954,-2.0941037020081117,9.821739667246518,-2.761799667246518,0.14710246626204765,0.18096879368845142,0.15220419254773,14856577.0,-0.6325628893757248,0.0,0.0,-1,0.0,0,57.21428571428572,-0.22314978415634915,-0.030864197530864224,-0.3264250965404907,1.1551486725729856,2.872790538977987,-0.06666666666666654,-0.8077403245942572,2.0332880317532918,0.09337662337662347,0.0
2024-01-18,1.45,1.54,0.0,-0.03720402899742894,-0.034736850864307146,-0.10218766588764891,-0.06021885999305484,1.6949999999999998,3.10447,5.533946666666667,3,18,1,1.9441139493933746,4.5688130510024045,29.3040293040293,-1.9193780132392235,-2.059158564254334,8.67497920363557,-2.4660392036355683,0.05972158040012196,0.16605777243746928,0.15190785171180154,14703033.0,-0.5940103281474582,0.0,0.0,-1,0.0,0,66.45714285714286,-0.2295135256437415,0.019480519480519497,-0.3315846554554929,1.2001282547687186,2.6360854148333988,-0.09375000000000011,-0.8544176706827309,2.093808755322334,0.09310344827586207,0.0
2024-01-19,1.5,1.45,-0.045610511252052295,-0.048790164169431945,-0.017513582492708242,0.24272855108669877,0.033901551675681416,1.634,2.66047,5.2272799999999995,4,19,1,1.863365958594579,4.370825112228056,39.7196261682243,-1.8320242160133424,-2.013731694606136,7.087503887426219,-1.7665638874262184,0.06400817844379349,0.16577397975729583,0.15244872059323603,14898759.0,-0.5242652437316997,0.0,0.0,-1,0.0,0,72.82857142857144,-0.22870266984765714,0.03448275862068969,-0.32367258979978075,1.242008690160996,2.631580345699562,-0.032258064516129115,-0.8554913294797688,1.1622271364197752,0.05666666666666664,0.0
2024-01-22,1.58,1.5,0.0,0.11926342082681776,0.05164658886216676,-0.02567341795806205,0.051959738930711166,1.6030000000000002,2.2145,4.92228,0,22,1,1.8118448752137464,4.190771879181085,46.96969696969697,-1.7363250960669872,-1.9582503748983064,4.678313689128266,-0.24931368912826546,0.06356567084457454,0.16722370467155515,0.1533448018128201,15089524.0,-0.5150551787253814,0.0,0.0,-1,0.0,0,72.85714285714286,-0.2248084473780134,0.0,-0.32753036061033636,0.8885808281713918,2.6545940152550696,-0.08670520231213863,-0.8495152103929748,0.6356769464206767,0.1265822784810126,0.0
2024-01-23,1.53,1.58,0.058268908123975824,0.005899722127188322,0.016639319003964724,0.3240503718789084,-0.0321571116345314,1.575,1.9665,4.610313333333333,1,23,1,1.7606003524476104,4.019109177298435,48.18652849740933,-1.6455485764957176,-1.8957100152177888,3.4023459820640536,0.5306540179359462,0.06316205393870722,0.1510857814821961,0.15290448415920732,14825750.0,-0.6080039300211343,0.0,0.0,-1,0.0,0,70.25714285714287,-0.22987718678081528,0.006329113924050638,-0.30833650480999186,0.8077065017126664,2.3984124266384312,-0.05555555555555558,-0.7642526964560863,0.5296322742861762,0.12091503267973859,0.0
2024-01-24,1.58,1.53,-0.04502368137395513,-0.005899722127188271,0.0032948958968527058,-0.40221382356160595,0.03215711163453144,1.568,1.8329999999999997,4.293313333333333,2,24,1,1.727763924729863,3.8617472948920843,26.470588235294116,-1.5516860773843726,-1.8269052276511055,2.792322129092916,0.8736778709070836,0.05897492162220173,0.13627446063194143,0.153149953226198,15002172.0,-0.5274557780486582,0.0,0.0,-1,0.0,0,72.48571428571428,-0.2286726787064271,-0.006535947712418306,-0.3143618740497559,0.7668139244152984,2.163289997289474,0.025974025974025983,-0.628235294117647,-0.6473050874256202,0.10759493670886071,0.0
2024-01-25,1.5399,1.58,0.07598590697792205,-0.01791092656653022,-0.006600684031352024,-0.4371454243409444,-0.02570736778664536,1.5619900000000002,1.7359950000000002,3.9829766666666666,3,25,1,1.6936068475062513,3.7119506952216277,27.90481358034262,-1.4636629105320724,-1.754256764227299,2.3084356123175676,1.1635543876824326,0.058739877565703515,0.13215655823441702,0.15312693082238385,14888225.0,-0.6851191050407665,0.0,0.0,-1,0.0,0,73.22857142857143,-0.23301981495277185,0.03797468354430369,-0.3239557428273843,0.6118043772511587,2.0979203232869565,0.062000000000000055,-0.5575,-0.4143030278631209,0.09740892265731535,0.0
2024-01-26,1.52,1.5399,-0.06291382541056921,-0.04308358613631156,-0.013333530869465144,0.18396278576007438,-0.01300714439404516,1.55899,1.682995,3.6736433333333336,4,26,1,1.6620419661414783,3.5705345213363615,33.02752293577983,-1.3796064360975688,-1.679326698601353,2.1021793231035346,1.2638106768964656,0.05801793707638352,0.12092212630742975,0.1530477212148824,14751264.0,-0.7776769836869202,0.0,0.0,-1,0.0,0,73.79999999999998,-0.23505499983122,6.493928177153645e-05,-0.3122883531554047,0.5978480323816427,1.919579245287602,0.01333333333333342,-0.41085271317829464,0.6361728252177424,0.06578947368421058,0.0
2024-01-29,1.5,1.52,-0.019672765598704893,-0.0254790853009849,-0.006734032181344068,-0.6451434373999974,-0.01324522675002068,1.53599,1.6609949999999998,3.36031,0,29,1,1.6325797904793913,3.43695164899208,34.95145631067962,-1.2996236548614468,-1.603386089853372,2.0694334149918183,1.2525565850081815,0.04107993985055004,0.10832548789341741,0.15279688809564795,14679416.0,-0.7883440640774436,0.0,0.0,-1,0.0,0,74.11428571428573,-0.23704882816906175,-0.006578947368421058,-0.3139291166355555,0.4004269297013889,1.7196138096943234,-0.05063291139240511,-0.22680412371134018,1.6760067493330957,0.04666666666666671,0.0
2024-01-30,1.58,1.5,0.0017864827591834523,0.025479085300984968,0.0067340321813441194,-0.06987508246220137,0.051959738930711166,1.53199,1.654995,3.0796433333333337,1,30,1,1.6230198285740474,3.317148316799043,46.31578947368422,-1.2157667903048106,-1.52586222994366,2.064544947983954,1.2454450520160456,0.04184155776967482,0.10556660477724158,0.15386848344934023,14746415.0,-0.3662312759123492,0.0,0.0,-1,0.0,0,74.22857142857143,-0.23167330359934443,0.008466666666666622,-0.2998184037982179,0.5417080184447609,1.6758178979641465,0.03267973856209161,-0.07058823529411762,0.7088813489663061,0.06329113924050639,0.0
2024-01-31,1.51,1.58,0.01788628283952129,-0.006309169193264721,0.013333530869465168,-0.04325097333657617,-0.04531519621204249,1.52899,1.650495,2.8629766666666665,2,31,1,1.6024707688333115,3.200558102812008,45.360824742268036,-1.1417961210333174,-1.4490490081615914,2.0645423172794275,1.2364476827205728,0.041224869858501254,0.105183487892014,0.1511819739332036,14682252.0,-0.6786422427424373,0.0,0.0,-1,0.0,0,64.11428571428573,-0.2363535117519626,-0.025316455696202552,-0.287298743185642,0.5849630198552782,1.6697361059558553,-0.044303797468354444,-0.05625000000000002,1.5429825399096093,0.04635761589403978,0.0
2024-02-01,1.53,1.51,0.0,0.0,0.0,-0.05706582307228205,0.0131580845775112,1.5369899999999999,1.6159949999999998,2.581976666666667,3,1,2,1.5892942654090731,3.092780160695104,48.93617021276596,-1.0692345297689472,-1.3730861124830627,1.9341128892684318,1.2978771107315679,0.03607691674311303,0.05352897010628529,0.141727174449657,14742856.0,-0.5406486268204561,0.0,0.0,-1,0.0,0,72.34285714285714,-0.23617062623225876,0.01986754966887419,-0.7113505818571476,0.5789265815811901,0.8497460570318495,-0.006428988895382792,-0.31081081081081086,0.6424160291239823,0.04575163398692814,0.0
2024-02-02,1.5,1.53,-0.013072081567352775,-0.01916991610772017,-0.020067563050809256,0.04387192261337571,-0.019802627296179754,1.5369899999999999,1.585495,2.285976666666666,4,2,2,1.5730589444256051,2.990020150327678,35.44303797468356,-1.0025924337097516,-1.2989873767284004,1.806261182333419,1.3647288176665813,0.03537446994121172,0.05298921459089929,0.14078854653562245,14679534.0,-0.7745298586617644,0.0,0.0,-1,0.0,0,74.60000000000001,-0.23817200164055338,-0.006535947712418306,-0.8861910042404126,0.5896202639696378,0.8411777038569284,-0.013157894736842146,-0.2890995260663507,0.748362538248691,0.04666666666666671,0.0
2024-02-05,1.45,1.5,-0.006600684031352024,-0.019544596072970283,-0.027398974188114503,0.7107265073057234,-0.03390155167568134,1.52399,1.563495,1.98433,0,5,2,1.5506845908936768,2.8906640115968605,38.35616438356164,-0.942943014475798,-1.22777850427788,1.739688499787401,1.3873015002125992,0.03140124544411765,0.048962378929110234,0.14032851539751748,14550644.0,-1.2882995131709827,0.0,0.0,-1,0.0,0,73.31428571428572,-0.23968066481143177,0.006666666666666672,-0.5379611448358143,0.6295094228600402,0.7772536694672082,-0.033333333333333326,-0.2328042328042328,0.9313127903629078,0.055172413793103496,0.0
2024-02-06,1.47,1.45,0.0,0.0130720815673527,0.006920442844573757,-0.6051070314663147,0.013698844358161927,1.51799,1.546495,1.8169966666666668,1,6,2,1.5360146652766447,2.7990082689131923,44.776119402985074,-0.8838679080734035,-1.1589963850369847,1.683881362224296,1.4091086377757038,0.03090062189529612,0.04874297599927736,0.1262923041899547,14621020.0,-1.113574866697681,0.0,0.0,-1,0.0,0,73.20000000000002,-0.23798173721488292,0.04137931034482763,-0.9064410234138462,0.4228616781267341,0.7737707559316678,-0.069620253164557,-0.1878453038674034,0.15020170699402197,0.06122448979591842,0.0
2024-02-07,1.4621,1.47,0.026145280104322207,0.00647251450561752,-0.01388911216066715,0.35270692488199207,-0.005388642349389694,1.5062000000000002,1.5371000000000001,1.7240666666666666,2,7,2,1.5225756352263455,2.712756122531696,51.02908657935023,-0.8281416234780983,-1.0928254327252074,1.6703194232675953,1.403880576732405,0.028162988122412302,0.04504109389173744,0.11249224247636352,14520881.0,-1.1259619379878136,0.0,0.0,-1,0.0,0,73.77142857142857,-0.2376855908697567,0.05442176870748304,-0.6715015857462426,0.32673040311848367,0.7150051992950859,-0.03172185430463581,-0.11387878787878791,-0.3230444957887971,0.08207372956706115,0.0
2024-02-08,1.4,1.4621,-0.019544596072970283,-0.019544596072970283,-0.06500483030899577,0.7571150818602991,-0.043401521820042366,1.4922099999999998,1.5271000000000001,1.6547333333333334,3,8,2,1.5002891560942824,2.6280621791425545,41.66666666666667,-0.7799977637697753,-1.030259898934121,1.6701054986022787,1.3840945013977215,0.02984593602979647,0.045479801330336904,0.10881098803252795,14307373.0,-1.7775540275340853,0.0,0.0,-1,0.0,0,74.60000000000001,-0.24096967706040828,0.03960057451610701,0.7837256081431986,0.3554117223372981,0.7219694639801759,-0.08496732026143794,-0.1250000000000001,0.4554222967299282,0.12857142857142853,0.0
2024-02-09,1.41,1.4,-0.06805346324501575,-0.05406722127027582,0.03663413317978017,-1.3645932546970772,0.007117467768863955,1.48121,1.5201,1.6157333333333335,4,9,2,1.483872945895322,2.54947752242368,33.9622641509434,-0.7325916313627441,-0.9707262454198456,1.6718256665618687,1.3683743334381313,0.03023091709160458,0.04515338379011399,0.09950020177221357,14361921.0,-1.451303559837781,0.0,0.0,-1,0.0,0,75.42857142857143,-0.23849867011401632,0.0142857142857143,-1.151118087598974,0.3936227693862514,0.7167877461701804,-0.06000000000000005,-0.09032258064516141,-0.3602239480603605,0.03546099290780145,0.0
2024-02-12,1.71,1.41,0.03460552917747552,0.22314355131420976,0.007168489478612497,2.620429333511809,0.19290366612449164,1.50221,1.5191,1.6080666666666665,0,12,2,1.524986955732536,2.4953176822673138,61.53846153846153,-0.6631698281223319,-0.9092149619603429,1.6651585462965957,1.3730414537034041,0.07558175990170363,0.06103643945358498,0.09791611763335233,15111499.0,2.61402026571381,0.0,0.0,-1,0.0,0,75.82857142857144,-0.20998104443978313,0.04255319148936174,3.8393900701743253,1.596060900509969,0.9689234382422218,0.17931034482758612,-0.011560693641618491,1.9645970238264427,0.23391812865497083,0.0
2024-02-13,1.61,1.71,0.12155520157780686,0.038151765964376326,0.13353139262452277,-0.9670422540919347,-0.060259191518196725,1.50521,1.5186000000000002,1.6050666666666666,1,13,2,1.5404438728720748,2.4382004124436163,51.807228915662655,-0.6091992434966842,-0.8492118182676112,1.6632660182662522,1.3739339817337481,0.07760943853090828,0.06076197641245349,0.09577804676870653,14826505.0,1.2636001335404397,0.0,0.0,-1,0.0,0,66.74285714285715,-0.21354569818222424,-0.02923976608187137,0.7700452701218343,1.7388367023431672,0.9645664725367473,0.09523809523809534,-0.006172839506172867,1.910506038923775,0.16770186335403728,0.0
2024-02-14,1.622,1.61,0.017910926566530243,-0.08361414004113368,0.006230549750636163,-0.7506288732678892,0.007425776696849477,1.51641,1.5227,1.6058,2,14,2,1.5552722596226067,2.385542321318222,55.11909215612919,-0.5590148909438641,-0.7911724328028618,1.674396802863168,1.371003197136832,0.07570767999127666,0.05958381560175272,0.09508747628752227,14961042.0,1.3091904130579437,0.0,0.0,-1,0.0,0,67.51428571428572,-0.2115596498377635,0.049689440993788726,-0.19603501801348525,1.728133160452507,0.9458637494794084,0.10936324464810898,0.05324675324675332,1.8343757252993733,0.06781750924784209,0.0
2024-02-15,1.67,1.622,-0.05472489968924649,0.017291497110061043,-0.06412452816953867,0.5912551104617645,0.029163670735442515,1.53041,1.5337,1.5874666666666668,3,15,2,1.5761318487821327,2.3393783005880144,59.03614457831324,-0.5094970661125222,-0.7348373594647939,1.694813637565026,1.3725863624349741,0.07597325832137442,0.057945330294912605,0.062063171042408084,15204050.0,1.6919734674228162,0.0,0.0,-1,0.0,0,73.85714285714286,-0.2058848343543958,-0.013563501849568445,0.47619472989773404,1.6226396191647483,0.9198536015870146,0.19285714285714284,0.15172413793103456,1.6264267136669526,0.1437125748502994,0.0
2024-02-16,1.71,1.67,0.10660973505825827,0.016997576368571077,0.08866563708565631,-1.0627657801613744,0.023669744085904703,1.5514100000000002,1.5442,1.5741333333333334,4,16,2,1.6004715126399267,2.298773248937175,62.35294117647059,-0.46170393194423376,-0.6802106739606819,1.722519417719304,1.365880582280696,0.0752593267395867,0.057744851201055575,0.06180332658382852,15288009.0,1.8595843584571248,0.0,0.0,-1,0.0,0,73.48571428571428,-0.20082942561338188,0.06586826347305395,-0.5106644007373069,1.6056946390731128,0.916671094634535,0.2127659574468086,0.1399999999999999,1.5245215225652786,0.07602339181286556,0.0
2024-02-20,1.6,1.71,-0.06979576193554198,-0.051884835369011686,-0.06245584293337758,0.00448023566488848,-0.06648974126883286,1.5664099999999999,1.5452000000000001,1.564466666666667,1,20,2,1.600385783069031,2.253691103844454,51.13636363636364,-0.4277725142118798,-0.6297230420109216,1.7245858646046626,1.3658141353953377,0.07807945791546882,0.058869196770973554,0.06000021728101837,15203673.0,0.6109734467737505,0.0,0.0,-1,0.0,0,63.74285714285715,-0.20210251800722873,-0.02923976608187137,-0.4715990775405354,0.7230673969345864,0.9345195272287359,-0.0643274853801169,0.012658227848101333,-0.4801593580982521,0.08743749999999995,0.0
2024-02-21,1.54,1.6,-0.05631539578556639,-0.03003228709887509,-0.053057044188466664,0.782520809028349,-0.03822121282019774,1.5734100000000002,1.5457,1.5554666666666668,2,21,2,1.5894065497837524,2.20764651649965,51.72413793103448,-0.40109949445904536,-0.5839983325005464,1.7249631819977609,1.3664368180022393,0.0796471808302303,0.059060319344985165,0.059899961621777936,15019232.0,-0.0635936496995935,0.0,0.0,-1,0.0,0,63.7,-0.20232968729752698,-0.019312500000000093,0.19425608349289689,0.6504618817598558,0.9375535040333275,-0.0434782608695653,0.006535947712418277,-0.6759564681603185,0.11038961038961034,0.0
2024-02-22,1.56,1.54,-0.005816385321439769,-0.03096222560396681,0.04013604502496962,-1.2273645824334696,0.012903404835908001,1.5832,1.5447,1.5524666666666669,3,22,2,1.5840599043685246,2.1658628702738665,51.72413793103448,-0.3740354534052974,-0.5420057566814966,1.7233797311244312,1.3660202688755687,0.07953473191183247,0.058682315870712126,0.05778102561160738,15073285.0,0.17125613413135576,0.0,0.0,-1,0.0,0,73.94285714285715,-0.19834540775680817,0.012987012987012998,-0.6016387885542035,0.6599501206412437,0.9315528849074582,-0.038224414303329235,-0.012658227848101222,-0.7475747807127132,0.03833333333333338,0.0
2024-02-23,1.49,1.56,-0.012903404835907954,0.006269613013595395,-0.07010445495381366,0.6155850670986464,-0.04590970130407797,1.5922,1.542205,1.5488,4,23,2,1.5669581035742475,2.1222588141271657,49.450549450549445,-0.3541529659312177,-0.5044351985314409,1.722552716484059,1.361857283515941,0.07971100998097148,0.05929983895743112,0.058101759227160016,14973247.0,-0.5789371888677557,0.0,0.0,-1,0.0,0,73.34285714285714,-0.19984034819071747,-0.012820512820512832,-0.3029946749719214,0.6091892655546874,0.9413557600052549,-0.10778443113772451,-0.03240470160400033,0.35012511495221216,0.1163758389261745,0.0
2024-02-26,1.44,1.49,-0.026317308317373417,-0.05129329438755058,0.002310520894863642,-0.35118641062265105,-0.03413300636945858,1.5952,1.538205,1.5451333333333335,0,26,2,1.5438748120152934,2.078242116441542,49.450549450549445,-0.3385281912329363,-0.47125379707174003,1.7240900632400324,1.3523199367599676,0.0808401414633946,0.05971265760256146,0.058144910089644446,14902835.0,-1.0566206696574483,0.0,0.0,-1,0.0,0,71.91428571428573,-0.2002436803448498,0.00671140939597316,-0.46802293474209644,0.4529583351138275,0.9479090528347679,-0.1578947368421053,-0.052631578947368474,1.2407576827147406,0.0625694444444445,0.0
2024-02-27,1.6,1.44,-0.006688988150796652,0.06371581438610778,0.01395904467581844,1.0784806860588725,0.10536051565782635,1.5842,1.543205,1.5408,1,27,2,1.5540793916488764,2.0473877863485392,56.19047619047619,-0.3096651547458733,-0.43893606860656675,1.7301398152613743,1.3562701847386256,0.05357789543989319,0.06465665528734639,0.057802813063895786,15109861.0,0.6076449688688409,0.0,0.0,-1,0.0,0,75.77142857142859,-0.1855276935601386,0.03472222222222225,0.35659165310717705,1.0363147398625203,1.026392582973288,0.0,0.06666666666666665,1.6616350642076663,0.1062500000000001,0.0
2024-02-28,1.61,1.6,0.10199916795512133,0.024391453124159048,0.05029969748531765,-0.6606886784738841,0.006230549750636163,1.5842,1.544705,1.5404666666666667,2,28,2,1.5642467749854443,2.019169219487343,57.028799543769615,-0.28272499619052915,-0.4076938541233593,1.733356541483691,1.356053458516309,0.05025484016462792,0.06365659530565951,0.05659248080820423,15216789.0,0.6922286400256625,0.0,0.0,-1,0.0,0,76.77142857142859,-0.1817551598875529,0.03124999999999989,-0.29422403983445183,0.9770832136412934,1.0105171229271404,0.045454545454545414,0.018987341772152,1.3729953268396637,0.0839751552795031,0.0
2024-02-29,1.53,1.61,-0.024541108916117545,-0.030583423372080164,-0.016398145809636146,-0.19837065085529204,-0.05096644359202763,1.575,1.545705,1.5401333333333334,3,29,2,1.5580200886244544,1.9876099150042887,56.0747663551402,-0.26477786346266075,-0.3791106559912196,1.733793148144943,1.3576168518550573,0.05264519038190972,0.0638770106949399,0.05660196975988399,15129101.0,-0.16699616807219175,0.0,0.0,-1,0.0,0,77.45714285714287,-0.18395492749100376,0.0,-0.42644597110086807,1.0640122656599509,1.0140161087581447,-0.019230769230769273,0.013245033112582849,1.711943717653649,0.07189542483660137,0.0
2024-03-01,1.49,1.53,-0.04445176257083392,-0.025094867397032754,-0.03390155167568134,0.26671989164428694,-0.02649161544697634,1.557,1.5437049999999999,1.5414666666666668,4,1,3,1.5456527997836444,1.9555060495201413,53.63636363636364,-0.25089019122900136,-0.353466563038776,1.7333405893173839,1.3540694106826159,0.05156157813081896,0.06413349165800152,0.05572816571139995,15014609.0,-0.5664021209659794,0.0,0.0,-1,0.0,0,76.82857142857142,-0.18395130824201597,0.006535947712418306,-0.27386041216312135,1.0242025438898352,1.018087617823845,0.0,-0.02614379084967322,1.7282800205175695,0.08060402684563765,0.0
2024-03-04,1.65,1.49,-0.033006296468170084,0.0794889394628314,0.027212563524884794,0.5403762853284599,0.10199916795512133,1.551,1.551205,1.5464666666666667,0,4,3,1.5646250180048,1.9357959818091646,46.875,-0.22438685610315434,-0.3276506216516517,1.7453733314711202,1.3570366685288797,0.06314628375564403,0.06819713666306096,0.05868999932797579,15211152.0,1.0176221760930597,0.0,0.0,-1,0.0,0,79.22857142857143,-0.16878467066718633,0.0,0.21590631158660437,1.194113065113359,1.0825959824228677,0.14583333333333326,0.09999999999999987,0.3087259221225381,0.12727272727272726,0.0
2024-03-05,4.95,1.65,0.7951463485150666,1.2561186763423402,0.5682077262323054,6.976574688732721,1.0986122886681098,1.886,1.7262049999999998,1.6588,1,5,3,2.180147742003927,2.1302607571763152,90.14423076923077,0.06218284356642023,-0.24968392860803731,3.2554391646785117,0.19697083532148807,0.6336125705769102,0.4503063815062642,0.3691681201557803,225756413.0,4.2162215237687075,0.0,0.0,-1,0.0,0,76.11428571428571,-0.04434225791482749,1.0,4.248506703395278,14.16348954988946,7.148392195505701,2.09375,2.4137931034482762,2.2112911455324817,0.6747474747474747,0.0
2024-03-06,6.92,4.95,0.9954939264159731,0.44496495594574237,0.8703861342904341,-1.1305009889023876,0.3350281930489792,2.4240000000000004,1.998705,1.8384666666666667,2,6,3,3.0419390616395767,2.439276192197198,93.29846355017979,0.443145624292538,-0.11111801802792226,4.771994396689145,-0.7745843966891448,0.6300798725301402,0.45423095939142333,0.3734125735723542,293735469.0,3.5490670435441922,0.0,0.0,-1,0.0,0,72.54285714285714,-0.026936357180436077,0.8040404040404039,1.1076903261115365,13.730644371036398,7.210692938015911,3.2981366459627326,3.707482993197279,2.014252766234939,0.4386994219653178,0.0
2024-03-07,5.5,6.92,-0.47561846713006456,-0.44162047122289505,-0.27712231223677875,-2.343677638801074,-0.22966767739115293,2.818,2.2006,1.9691333333333334,3,7,3,3.4888592322505625,2.636742244313508,75.56742323097463,0.6232942915361623,0.035764443884894664,5.3691552676589875,-0.9679552676589878,0.6427777903961831,0.45947980923589593,0.37704689448802275,287211245.0,2.0825895219038952,0.0,0.0,-1,0.0,0,73.85714285714286,-0.03795666832920823,-0.1979768786127168,-0.16212818366979062,14.150769160089995,7.294015846161479,2.5947712418300655,2.761712605156966,1.9108715976968957,0.22363636363636372,0.0
2024-03-08,6.8,5.5,0.012533736147256657,0.1500880622189703,0.1481301920456752,-0.1990591166885541,0.21217451994363576,3.349,2.4706,2.14447,4,8,3,4.090884826386824,2.9053395188739266,79.08571428571429,0.8610370446012681,0.20081896402816937,6.219123830157971,-1.2779238301579712,0.6357072016414594,0.4585928086079,0.377647429172379,292557856.0,2.3099226234971266,0.0,0.0,-1,0.0,0,70.02857142857144,-0.02919254979832889,0.021818181818181837,-0.19190832817154846,13.704363024952288,7.279935147714866,3.5637583892617446,3.8571428571428577,1.8645045108192522,0.211764705882353,0.0
2024-03-11,6.87,6.8,0.16376370604331722,0.11650508021089147,0.12420360345930621,-0.24581797932681224,0.01024149405219692,3.8920000000000003,2.7436,2.3228033333333333,0,11,3,4.596178494316492,3.161124066043351,80.25258323765786,1.0430743919360226,0.36927004960974,6.935912885068916,-1.4487128850689164,0.6336476945675413,0.4585483144406794,0.3774641200425901,296739251.0,1.9685553598331522,0.0,0.0,-1,0.0,0,62.771428571428565,-0.028909765251669755,-0.026470588235294076,-0.22043478843215888,13.898811087595679,7.279228824707314,3.163636363636364,3.872340425531915,1.8617427693904374,0.22852983988355172,0.0
2024-03-12,7.65,6.87,0.12347342758021124,-0.01546422569758159,0.09893994785490365,-0.5270917706683993,0.10754154160418654,4.497,3.0406,2.5278033333333334,1,12,3,5.1514187680771295,3.450728965008296,82.39660657476139,1.2360315798258048,0.542622355652953,7.736036010246002,-1.6548360102460022,0.633585313752026,0.4581630307011437,0.37703050538414173,299207609.0,1.9633533456495795,0.0,0.0,-1,0.0,0,72.2,-0.02389889746167912,0.09024745269286756,-0.25768880494571195,3.621725025049845,7.273112634953264,0.5454545454545454,3.473684210526316,-0.23781871710348318,0.10457516339869279,0.0
2024-03-13,10.07,7.65,0.0013342230131366622,0.2792046822627384,0.03698856936934041,1.072422882663971,0.27485505889202644,5.343000000000001,3.4635999999999996,2.8108033333333333,2,13,3,6.045706264790378,3.8777787092013094,85.96787827557058,1.5661714668639437,0.7473321778951512,9.055155377248916,-2.1279553772489166,0.6273945255161762,0.4578487350215802,0.37920616953571906,306421266.0,2.3629918884038292,0.0,0.0,-1,0.0,0,71.77142857142857,-0.011929431715159863,-0.019607843137254947,-0.16716718499704353,3.239843402659413,7.268123345715661,0.4552023121387283,5.254658385093167,-0.6676020142139287,0.29990069513406153,0.0
2024-03-14,9.93,10.07,0.1900692435847805,-0.01286232691555221,0.11716211045791775,-0.8234982295266332,-0.014000228673389752,6.183,3.879,3.09147,3,14,3,6.751941489373945,4.2682445989302575,85.46218487394958,1.7958118744651763,0.9570281172091563,10.094139071992657,-2.336139071992657,0.6253397923941438,0.4582126338734914,0.378851814313925,303255238.0,1.9471808852251373,0.0,0.0,-1,0.0,0,70.4,-0.01253785857130279,-0.09930486593843098,-0.25425434154179466,2.26333356964954,7.273900060902895,0.8054545454545454,5.122071516646115,0.3389076637061168,0.20139979859013077,0.0
2024-03-15,10.75,9.93,0.04631953447944981,0.08851275187456029,0.15077319905902858,0.4031902748857694,0.0793452765165907,7.109,4.333,3.3988033333333334,4,15,3,7.4788612185786825,4.686422366741209,86.74033149171271,2.020677585554858,1.1697580108782968,11.164681922831019,-2.498681922831018,0.620084827166041,0.45766597467504,0.378518666728326,307993489.0,1.8786003424880835,0.0,0.0,-1,0.0,0,68.62857142857143,-0.009993655775668124,-0.04330312185297077,-0.2266602604029164,2.0742678141250583,7.2652221151568455,0.5808823529411764,5.437125748502995,1.4120122111724809,0.15069767441860474,0.0
2024-03-18,13.47,10.75,0.13379451589929428,0.2336527982453555,0.14343412143079365,0.2161940771768081,0.22555923584860088,8.291,4.921,3.7978033333333334,0,18,3,8.568159178837103,5.25310479469339,88.96913985554826,2.3908068169150942,1.4139677720856563,12.75320315848541,-2.91120315848541,0.6166404858489679,0.45728599720084606,0.37877510299831463,313875285.0,2.183038367879416,0.0,0.0,-1,0.0,0,70.74285714285715,-0.001687746188023029,0.01023255813953483,-0.20931733705744202,2.1152684543683957,7.259190159753703,0.9606986899563319,6.877192982456141,0.15334557815791666,0.2276466221232368,0.0
2024-03-19,12.77,13.47,0.09061139619690121,0.03184512481175524,0.008883377314803646,-0.3089850674852348,-0.053366320377824815,9.073,5.4795,4.175136666666666,1,19,3,9.332130237230356,5.738065775680914,85.0502512562814,2.5977079888706633,1.6507158154426578,13.886520812830657,-2.9275208128306573,0.1866139847297979,0.45697706240578656,0.3790350079837386,309556919.0,1.734383716256146,0.0,0.0,-1,0.0,0,70.85714285714286,-0.003603245215936806,-0.11729769858945806,-0.2465049841434212,2.5732966915288578,7.25428597191933,0.6692810457516338,6.981249999999999,0.3191182824819791,0.26772122161315576,0.0
2024-03-20,10.31,12.77,0.0635392836303572,-0.09698560550928328,-0.23700058597563606,-0.05511800320702243,-0.2139843720155793,9.412,5.918,4.469803333333333,2,20,3,9.509924739552108,6.033029274024081,73.98907103825137,2.5339672205866144,1.827366096471449,14.374562944962022,-2.5385629449620213,0.18006477935880735,0.4617839984010942,0.3827035120114206,305470132.0,1.0387198743944843,0.0,0.0,-1,0.0,0,69.62857142857145,-0.010409388936610404,-0.007830853563038344,-0.25569791169657663,2.62835700598473,7.330593715190063,0.02383316782522349,5.694805194805195,0.40203929859500737,0.4263142580019399,0.0
2024-03-21,8.67,10.31,-0.25685460865652143,-0.23731980418994697,-0.011696039763191187,-0.5320720399012041,-0.17324550723641818,9.729000000000001,6.2735,4.710066666666666,3,21,3,9.357211150542634,6.203156417635431,68.04020100502512,2.324324542066787,1.9267577855905167,14.554647327069548,-2.007647327069547,0.1731190546788988,0.46608275696623036,0.38523053862720363,303069608.0,0.5787845344005128,0.0,0.0,-1,0.0,0,71.37142857142858,-0.016619149972919613,-0.04946653734238601,-0.2934837807320538,2.916618256813294,7.398834391848018,-0.12688821752265855,4.5576923076923075,0.7373521869712633,0.2018339100346021,0.0
2024-03-22,9.4,8.67,-0.1577285011751425,-0.07702933681742864,-0.13857264986393983,-0.12135869350047869,0.08084089848350783,9.989,6.669,4.976733333333333,4,22,3,9.364990941353064,6.40940439069121,68.93014167073767,2.1918201695276966,1.979770262377953,14.741140262721665,-1.4031402627216663,0.16218379677710756,0.4642360235944097,0.38432753477908776,305195791.0,0.6766483017179871,0.0,0.0,-1,0.0,0,69.51428571428572,-0.012084298589859124,-0.03460207612456755,-0.3015257513426373,2.9200057137490902,7.36951840840993,-0.12558139534883717,5.308724832214765,0.729042348478616,0.22232978723404256,0.0
2024-03-25,8.31,9.4,0.06139739223671031,-0.029775053230112435,0.09652441362044055,-0.24409610560224096,-0.12325008040860136,10.133,7.0125,5.206733333333333,0,25,3,9.173174406561598,6.53202346225952,59.20043811610076,1.9760766278571555,1.9790315354737937,14.724390682234576,-0.6993906822345757,0.1698525601727475,0.46630570845269875,0.3860343232550471,303530113.0,0.3364933590122002,0.0,0.0,-1,0.0,0,67.42857142857143,-0.014900144747514813,-0.05319148936170213,-0.31297032348868986,1.734034591258019,7.402373636973783,-0.38307349665924273,4.770833333333334,1.117467433949224,0.12774969915764142,0.0
2024-03-26,8.67,8.31,-0.07705093281671382,-0.053698189540213194,-0.013588844061896485,-0.7116962578062359,0.04240918192509361,10.235,7.366000000000001,5.438733333333333,1,26,3,9.081688150823126,6.669957432436326,55.25525525525526,1.8132453444644838,1.9458742972719318,14.670661525354868,0.061338474645134866,0.16752501843732284,0.46681282210654973,0.38554284092821084,304347646.0,0.3570322856093319,0.0,0.0,-1,0.0,0,67.91428571428573,-0.013727683221047943,-0.008423586040914595,-0.3313759280615825,1.9713350728381456,7.410423816660993,-0.3210649960845732,4.418749999999999,0.45879408215321776,0.07958477508650534,0.0
2024-03-27,7.65,8.67,0.014458083175229917,-0.04330694275490066,-0.04972343535243039,-0.15826129579852102,-0.1251631429540059,9.993,7.668000000000001,5.640066666666667,2,27,3,8.821381214309831,6.733185985182369,56.61538461538462,1.5836396911572388,1.8734273760489935,14.451508174823296,0.8844918251767071,0.1369764097745073,0.4695210378527043,0.3864933974828138,303649778.0,-0.005306988518656741,0.0,0.0,-1,0.0,0,69.77142857142859,-0.017219591506698387,-0.035755478662053114,-0.33456337304323625,1.7297873569978766,7.453415408827198,-0.2580019398642095,3.7515527950310554,0.5692120043660255,0.09281045751633975,0.0
2024-03-28,6.59,7.65,-0.11390301288094072,-0.05672225791432813,-0.16290347093685306,0.28979306472357563,-0.14915229932402868,9.659,7.920999999999999,5.805666666666666,3,28,3,8.415675538980771,6.723948179686732,49.344159900062465,1.3011436415158695,1.7589706291423688,14.090240847266275,1.7517591527337242,0.14205878232870361,0.4717824523153033,0.38849336784487287,302717321.0,-0.4314955544618734,0.0,0.0,-1,0.0,0,68.77142857142857,-0.022051118164101106,-0.024836601307189593,-0.33065280603225977,1.655104804386168,7.489314250502889,-0.2399077277970012,3.30718954248366,0.6612773668303599,0.21229135053110776,0.0
2024-04-01,8.1,6.59,-0.1270415817191503,0.0446884183506046,-0.05535009508316484,1.1080150284555002,0.2063107131639772,9.394,8.2515,6.0200000000000005,0,1,4,8.358279986438813,6.812725716481137,53.5243553008596,1.185442820383562,1.6442650673906076,13.627322189258692,2.8756778107413083,0.16135826496246447,0.4707537436738111,0.38920310929091173,305541119.0,-0.05636347135986347,0.0,0.0,-1,0.0,0,71.25714285714287,-0.017668188188482814,-0.00303490136570555,-0.29427536923292574,2.49585424847773,7.4729840070813,-0.13829787234042556,4.4362416107382545,1.309971793358138,0.2604938271604938,0.0
2024-04-02,8.94,8.1,0.16904250569378113,0.1689148965138392,0.17005146420214023,-0.053173494011737606,0.09867152750702962,8.940999999999999,8.616000000000001,6.261,1,2,4,8.464047261631755,6.949969218643645,53.683609366076524,1.148293256016272,1.5450707051157406,13.005208776557614,4.226791223442389,0.13899247121586872,0.47076950677532126,0.38899049694493365,308218688.0,0.14763480913938487,0.0,0.0,-1,0.0,0,71.14285714285715,-0.014548940844839372,-0.0395061728395061,-0.30018958085969405,2.450243343107086,7.473234238560222,0.07581227436823101,4.418181818181818,0.22781640337080686,0.27852348993288584,0.0
2024-04-03,10.99,8.94,0.1687335120769153,0.12118555680222322,0.22178185645284776,0.3679544397092089,0.20645017923010733,8.763,8.918,6.574,2,3,4,8.923311395880527,7.210616365827926,52.68378063010502,1.2696342724690641,1.4899834185864056,13.069897980695714,4.766102019304284,0.1611027864829657,0.18003451704310938,0.38853097420388916,312087176.0,0.9980977421091666,0.0,0.0,-1,0.0,0,69.4,-0.009804521040308432,0.03020134228187935,-0.19439624878840592,2.8635748914109147,2.8579593570221222,0.26758938869665516,1.22020202020202,-0.2927098033195033,0.1765150136487716,0.0
2024-04-04,9.64,10.99,0.18214057769654624,0.058055253909688354,0.05243548642193219,-0.5332491134163563,-0.13106465979307574,8.696000000000002,9.054,6.844,3,4,4,9.05361841481134,7.367350793839028,49.209809264305186,1.2425409460720314,1.4404949240835307,13.107356763551847,5.000643236448154,0.1533177361090621,0.164879034177405,0.3899203880920845,309817551.0,0.2891430654559528,0.0,0.0,-1,0.0,0,53.8,-0.007124822950418021,0.0054595086442220655,-0.6077308893954368,2.8841652349377753,2.617373525051596,0.26013071895424833,0.3930635838150289,-0.2935312610841884,0.2188692946058091,0.0
2024-04-05,9.79,9.64,-0.12721653176584816,-0.12549653470522076,-0.019649562890174263,-0.8010352892548184,0.015440347919964714,8.808,9.2685,7.118333333333334,4,5,4,9.187505975754732,7.523650742623608,47.28506787330316,1.2191197821305142,1.3962198956929275,12.968618205793168,5.5683817942068305,0.14228438315134545,0.15548248901568168,0.3899003735500715,310836304.0,0.2818828864350885,0.0,0.0,-1,0.0,0,58.10000000000001,-0.007367448024003821,0.009336099585062225,-1.1768562359506949,2.3783914951102254,2.4682079949649536,0.48558421851289824,0.7799999999999998,-0.609161039831775,0.0936261491317672,0.0
2024-04-08,9.94,9.79,-0.013450797724123217,-0.03149866705937105,-0.03758859405433829,0.07079965829664779,0.015205564126063591,8.862,9.4255,7.4,0,8,4,9.324323071072053,7.679544243099505,38.31899404367969,1.1988425763970696,1.356744431833756,12.946746639293648,5.904253360706351,0.14054277450025457,0.14850735465985385,0.38927144615310444,311929799.0,0.2922260510006235,0.0,0.0,-1,0.0,0,64.02857142857144,-0.0072365081077774614,-0.01940755873340138,-1.0307808936082041,2.0588092074462025,2.357481169764255,0.22716049382716053,0.46176470588235285,0.19771015501463812,0.09491951710261572,0.0
2024-04-09,8.22,9.94,0.030771658666753687,-0.006018072325563021,-0.0993485776806269,0.005959372574883302,-0.189996811600394,8.853,9.492999999999999,7.626,1,9,4,9.12353705814986,7.714412356447924,35.895846249225045,1.032085875877737,1.2918127206425523,12.856194596620425,6.129805403379573,0.14740507827745863,0.15524034710272386,0.39179919980809774,310829768.0,-0.7570183427858725,0.0,0.0,-1,0.0,0,59.62857142857144,-0.005641965802939669,-0.004024144869215206,-0.9305036258704658,2.482663888682455,2.4643641112629227,-0.08053691275167774,0.19650655021834074,0.7762913439146528,0.21167883211678834,0.0
2024-04-10,8.58,8.22,-0.178691788743376,-0.04632840804664608,0.006091167215042052,0.07349598398700384,0.042863704431782314,8.844,9.5395,7.858666666666667,2,10,4,9.02471213848625,7.770256720548058,43.834640057020664,0.9183923256032998,1.2171286416347018,12.820106330350661,6.258893669649338,0.14741763023223234,0.1538058244939837,0.39192388931262884,312013692.0,-0.5849528430907099,0.0,0.0,-1,0.0,0,49.67142857142858,-0.007458878843843309,0.007299270072992544,-0.8321118639251224,1.5399236356154904,2.441591770825966,-0.21929026387625117,0.1215686274509804,-0.6914093328582719,0.14451048951048956,0.0
2024-04-11,8.64,8.58,0.04024211627843337,-0.05301403528561715,0.018006384364018403,-0.8914577114267445,0.0069686693160934355,8.943,9.468,8.093,3,11,4,8.954764476943295,7.826369190190119,49.87951807228916,0.8236364976036334,1.1384302128284882,12.762228445726187,6.173771554273814,0.14068477953896896,0.13666912436632062,0.39191795530131024,312499169.0,-0.5026973773322958,0.0,0.0,-1,0.0,0,56.65714285714286,-0.007561254162847892,0.004662004662004562,-1.2131981238977956,1.3910918238899517,2.169555089845454,-0.10373443983402486,-0.14200595829195628,-2.0897808824700994,0.06944444444444439,0.0
2024-04-12,7.96,8.64,-0.014018921179330818,-0.02360986563913385,-0.06136894637629213,-0.1476763535589916,-0.08197358295967262,9.08,9.3695,8.307333333333334,4,12,4,8.773898208408148,7.834990532758499,44.19354838709677,0.6857664158648209,1.0478974534357548,12.722842244765108,6.016157755234893,0.13427161260430734,0.13780606044003335,0.39232904551010694,312080343.0,-0.840653829593664,0.0,0.0,-1,0.0,0,45.01428571428572,-0.002758412655356092,-0.01620370370370377,-1.133634368437632,1.4075238317667556,2.1876033904911867,-0.18692543411644524,-0.1983887210473313,-1.0893385924922756,0.1118090452261305,0.0
2024-04-15,9.0,7.96,-0.07447002863848791,0.05208933696100237,-0.011457795621381274,1.1127901082526628,0.12279557747992764,9.17,9.282,8.557666666666666,0,15,4,8.815007625061211,7.910152433870854,52.79352226720648,0.6528965066294017,0.9688972640744843,12.574444940194216,5.989555059805785,0.12072018974615648,0.13976753931758548,0.3916835881124042,313354762.0,-0.17130127010316257,0.0,0.0,-1,0.0,0,38.4,-0.010852435469582433,-0.008793969849246267,-0.5230799646024711,1.8476133211855608,2.218740902362641,-0.09456740442655931,-0.16279069767441856,-0.27870339858649046,0.16111111111111112,0.0
2024-04-16,8.08,9.0,0.1057406715263088,-0.047549034042219364,0.02403657782824132,-0.6553548040694467,-0.10783270480321536,9.084,9.0125,8.772,1,16,4,8.681369875050082,7.9211103413630575,47.714949651432995,0.5463129993181255,0.8843804111232125,11.685711157902936,6.339288842097062,0.12185927816191792,0.12803083859497785,0.3934435915420716,312693010.0,-0.697662806952759,0.0,0.0,-1,0.0,0,35.11428571428572,-0.0009595846053104288,-0.025555555555555602,-0.926289587933769,1.499297411777223,2.03242655441617,-0.017031630170316392,-0.4001484780994804,0.3698946390140787,0.10272277227722773,0.0
2024-04-17,8.15,8.08,-0.06964465576943599,-0.04517270600800291,-0.002503130218118477,-0.750532824577039,0.008626054719767448,8.8,8.7815,8.878666666666668,2,17,4,8.584757170495521,7.935877416113828,52.090301003344486,0.4621656588398526,0.7999374606665406,10.807730879970805,6.755269120029194,0.09111669923057052,0.1278903139706153,0.15910371344949834,313005433.0,-0.6233248207224026,0.0,0.0,-1,0.0,0,31.157142857142865,-0.001893095859298156,0.012376237623762332,-1.1532298714952693,1.4548843628109427,2.030195795161305,-0.05011655011655003,-0.36178543461237267,0.7442808203146626,0.056441717791410925,0.0
2024-04-18,7.61,8.15,0.0024420036555515873,-0.015522699740508775,-0.05274534401235996,0.3575336668108764,-0.06855475537917682,8.597000000000001,8.6465,8.901666666666667,3,18,4,8.40752859404179,7.91485306668713,54.45804195804196,0.34789448713932636,0.7095288659610978,10.602503175113094,6.690496824886905,0.08602046423029758,0.12159245542763446,0.14374311801415532,312558731.0,-1.0598142305572376,0.0,0.0,-1,0.0,0,30.40000000000001,0.005325128853163406,0.006134969325153243,-0.9940577438493153,1.5028893846973792,1.93022039017936,-0.11921296296296302,-0.2618816682832201,1.352760024898726,0.09724047306176087,0.0
2024-04-19,6.67,7.61,-0.06812217051770744,-0.06333587517181087,-0.13560941358576248,0.21832247829941012,-0.13184331194606214,8.285,8.546499999999998,8.940666666666667,4,19,4,8.091614304216009,7.834539965610542,43.42226310947562,0.17941542683675848,0.60350617813623,10.692696390680098,6.400303609319899,0.09075902716104926,0.11951282904258233,0.140200888715505,312003039.0,-1.7486750123602264,0.0,0.0,-1,0.0,0,27.67142857142857,0.020227164976841364,0.006570302233902736,-0.7962860646175858,1.6378434353138203,1.897207344770703,-0.1620603015075377,-0.23068050749711655,1.149674911018611,0.17841079460269857,0.0
2024-04-22,7.43,6.67,-0.12943684009586348,-0.0038535693159899662,0.0165045006714632,0.33961420828708583,0.10790599880213533,8.034,8.448,8.961666666666666,0,22,4,7.971320794358552,7.808440612990507,43.00278035217794,0.10599832344486693,0.5040046071979574,10.6100321824373,6.285967817562701,0.10142511827590649,0.12087693568854305,0.13524626786292776,312783456.0,-0.9417066112793847,0.0,0.0,-1,0.0,0,34.17142857142857,0.01027020440099912,0.008995502248875636,-0.4990259383322106,1.5353240538153445,1.9188618664525978,-0.1744444444444445,-0.2095744680851065,1.0287128444397364,0.14131897711978464,0.0
2024-04-23,7.93,7.43,0.0908425625446087,0.04897400459645968,0.08415511922662898,-0.40259384827128775,0.06512717691708883,8.004999999999999,8.429,8.996999999999998,1,23,4,7.963807922656997,7.816283154087895,33.44155844155844,0.08715588262848772,0.42063486228406344,10.602785444310129,6.255214555689871,0.09000937315069182,0.11894694771819735,0.13562905541566822,313305230.0,-0.45910694756571313,0.0,0.0,-1,0.0,0,36.57142857142857,0.0048857186277118545,-0.0080753701211305,-0.7050023328060481,1.5315883800054069,1.8882242572353118,-0.01856435643564358,-0.04572803850782203,-0.18256961919237047,0.10718789407314004,0.0
2024-04-24,7.18,7.93,0.06817842865653755,-0.028931670498397857,-0.020733292789132846,-0.2767146718826358,-0.0993536525866238,7.865,8.3545,8.981333333333334,2,24,4,7.821297391264816,7.775232628017708,35.763888888888886,0.01157099728655453,0.3388220892845617,10.5946266411569,6.1143733588431,0.09312177147091093,0.12054858923795544,0.13565125968870492,312909584.0,-1.0486014303132758,0.0,0.0,-1,0.0,0,37.48571428571429,0.013536116102897369,-0.00504413619167718,-0.8034606713092529,1.6645063942073168,1.9136495281398447,-0.11901840490797555,-0.17185697808535183,0.5520512622025766,0.1068662952646239,0.0
2024-04-25,7.3,7.18,-0.09429675179765001,-0.02909216961797967,-0.03265016777074245,0.163260100398497,0.0165749650942126,7.731,8.337,8.889000000000001,3,25,4,7.726516047398485,7.744572458468179,35.54006968641116,-0.03820714361993538,0.26341624270366226,10.605587318366316,6.068412681633683,0.09341289238006259,0.11750817309116016,0.12243313011061832,313375395.0,-0.9142253345106218,0.0,0.0,-1,0.0,0,39.08571428571429,0.012327101433622109,0.0,-0.7138493683018855,1.6249529025981122,1.865384418100451,-0.04073587385019717,-0.045751633986928164,-0.16894387597776891,0.10547945205479459,0.0
2024-04-26,7.43,7.3,0.0027816429618767705,0.015464225697581553,0.03822121282019788,-0.12381057637933664,0.017651510575322334,7.678,8.379000000000001,8.805666666666667,4,26,4,7.6726040387805785,7.7242774611476515,35.389988358556465,-0.06640133215214306,0.1974527277325012,10.539953980366775,6.218046019633228,0.09079655022200325,0.112619081355783,0.12247760787302818,313786961.0,-0.8783157888803628,0.0,0.0,-1,0.0,0,40.51428571428572,0.009006632219308286,-0.013698630136986254,-0.7326812901392873,1.2326015640670969,1.787772492887716,0.11394302848575699,0.1274658573596359,-0.7798983495432356,0.08344549125168238,0.0
2024-04-29,7.13,7.43,0.02061928720273561,-0.02853630726493436,-0.009769791595805136,-0.38002524331124227,-0.04121462430346324,7.491,8.330499999999999,8.685,0,29,4,7.573948759002292,7.685936979783287,42.398884239888424,-0.11166570969558531,0.1356290402468839,10.560264915623888,6.10073508437611,0.07799814785047395,0.10075525941658556,0.12158645396705162,313505514.0,-1.0767951290184314,0.0,0.0,-1,0.0,0,42.42857142857143,0.012667058601243347,-0.010767160161507413,-0.788753928322064,0.9875620970913764,1.5994401581885052,-0.04037685060565277,-0.11975308641975302,-0.49753202605846103,0.06591865357643756,0.0
2024-04-30,7.36,7.13,-0.030389078798540727,-0.01457944976315716,-0.03518399090534381,0.3036528044696233,0.03174869831458027,7.419,8.2515,8.481333333333334,1,30,4,7.535048984638239,7.664908787539204,41.33522727272727,-0.1275091313071659,0.08300140593607394,10.502200709603647,6.000799290396353,0.0737740228635094,0.09805601709243507,0.11160222896757489,313886818.0,-0.79219773308464,0.0,0.0,-1,0.0,0,40.54285714285714,0.010583904063806082,0.0,-0.6083623670744194,0.8430947855791419,1.556591014680492,-0.07187894073139967,-0.1767337807606263,-1.0951350673887765,0.08240489130434789,0.0
2024-05-01,6.82,7.36,0.01806859441050007,-0.031188968692423425,-0.03922826747832135,0.22984950566114776,-0.07620046088541418,7.285999999999999,8.043000000000001,8.283,2,1,5,7.405040078340377,7.610398543181837,37.898936170212764,-0.18154589603068683,0.030091945542721793,9.975667640989036,6.1103323590109655,0.07637774239096198,0.0820081031694758,0.111921534633117,313406981.0,-1.265608192595531,0.0,0.0,-1,0.0,0,40.51428571428572,0.017183720261289892,-0.013586956521739203,-0.51433627813008,0.7191539905297359,1.3018382788713647,-0.05013927576601662,-0.37943585077343034,-0.813014181127564,0.09403225806451615,0.0
2024-05-02,6.65,6.82,-0.050858417233490966,-0.031837567454829914,0.003212987445802936,-0.7982884328284263,-0.025242617187607938,7.1899999999999995,7.8935,8.161,3,2,5,7.267760064096672,7.548437346847526,40.65620542082739,-0.23537474707013306,-0.02300139297984918,9.767715906227904,6.019284093772097,0.07438870399440387,0.07840788177218211,0.10679681840172582,313191007.0,-1.3269549104432699,0.0,0.0,-1,0.0,0,42.22857142857144,0.019544621564679183,0.011730205278592386,-1.2411652604865113,0.6838120279312627,1.2446865359792894,-0.08904109589041087,-0.31016597510373445,-0.07627995905197602,0.05902255639097745,0.0
2024-05-03,6.04,6.65,-0.013129291441792848,-0.022505173861271936,-0.104691395525802,0.910989029135807,-0.09621284272103929,7.127000000000001,7.706,8.073333333333334,4,3,5,7.04453096153364,7.451118808341234,27.507598784194528,-0.32352698367288824,-0.08310651111845699,9.53102372010534,5.880976279894661,0.06956229639373604,0.07983546030905736,0.1042120428264815,312653927.0,-1.8257296950681159,0.0,0.0,-1,0.0,0,43.25714285714286,0.02720035182864253,0.024060150375939737,-0.19972776443633797,0.7628579274702683,1.2673486426928016,-0.18707940780619103,-0.38304392236976503,0.7315148557035038,0.14834437086092714,0.0
2024-05-06,6.69,6.04,-0.10031534261599255,0.01214238682572534,0.029656209582888022,-0.22131588610054376,0.10220986219341355,7.053,7.5435,7.9830000000000005,0,6,5,6.980070786709342,7.402014369093413,38.985736925515056,-0.33705335726566954,-0.1338958803478995,9.088219698640554,5.998780301359445,0.06835120947952146,0.0845587968425801,0.10500213660593542,313084377.0,-1.1050548533188644,0.0,0.0,-1,0.0,0,39.0,0.017865318594074128,0.01986754966887419,-0.4620805422175754,1.2930034662457583,1.342329285649804,-0.061711079943898905,-0.32696177062374243,0.6948757033166637,0.11958146487294466,0.0
2024-05-07,6.36,6.69,0.08104121000312582,-0.03658052336273788,0.01450468620288163,-0.43688277484726706,-0.05058549678810634,6.895999999999999,7.450500000000001,7.918,1,7,5,6.867330643671279,7.334787635603516,36.37747336377475,-0.3701346658381821,-0.18114363744595602,9.046830990608992,5.85416900939101,0.06381295000976561,0.07663139051773055,0.10328800391439719,312806286.0,-1.366258008414635,0.0,0.0,-1,0.0,0,37.17142857142858,0.022881603810623406,-0.0014947683109119096,-0.9048253209930136,1.254039421205194,1.2164856115859295,-0.13586956521739135,-0.22627737226277378,1.6975968652303837,0.07232704402515722,0.0
2024-05-08,6.31,6.36,-0.06493780243654719,-0.019564205646364553,-0.03052518904288696,-0.09143730459807291,-0.007892700798909153,6.809,7.337000000000001,7.839333333333332,2,8,5,6.76599779936741,7.268672304274258,39.309210526315795,-0.39582361510908814,-0.22407963297858247,8.91791379304893,5.756086206951071,0.0581959062630535,0.07558750914197317,0.10290424810316087,312552495.0,-1.2992485795437874,0.0,0.0,-1,0.0,0,38.17142857142857,0.023457583275128067,-0.015723270440251656,-0.9722299502989191,1.1835433978975953,1.1999145084748934,-0.07478005865102644,-0.26456876456876466,1.2403073109554592,0.08207606973058638,0.0
2024-05-09,5.33,6.31,-0.09371401027150263,-0.1374469947558918,-0.19662638366886154,1.4514757982302557,-0.16878443837536852,6.612,7.1715,7.7620000000000005,3,9,5,6.504907290391516,7.143596671740435,39.05228758169935,-0.48961611251382564,-0.2771869288856311,8.866946222897248,5.476053777102752,0.07262447588761138,0.08183365185114265,0.10453587839046348,311468957.0,-2.172289483594673,0.0,0.0,-1,0.0,0,42.22857142857144,0.03694660626768846,-0.09667194928684619,2.1381028981191714,1.5650712204697266,1.2990689500461836,-0.19849624060150384,-0.38310185185185186,0.6514826731951902,0.1416510318949343,0.0
2024-05-10,5.29,5.33,-0.06150219975779381,-0.04630415484765719,0.023810648693718392,-1.166249544489281,-0.007532992307545148,6.398000000000001,7.037999999999999,7.718666666666667,4,10,5,6.284015055774876,7.024009789692666,30.18518518518519,-0.5607114752951583,-0.3338918381675366,8.885668231782027,5.1903317682179715,0.07125853008668723,0.08071683767152527,0.10153480981362069,311131399.0,-1.892114579806461,0.0,0.0,-1,0.0,0,46.02857142857143,0.037773562342245826,0.005628517823639822,-0.6197332277300136,1.5002718181766062,1.2813400745665544,-0.1241721854304636,-0.335427135678392,-0.07644063342901018,0.07098298676748593,0.0
2024-05-13,5.49,5.29,-0.024552697005879073,0.0026446597877623755,0.013651490962764605,0.19109477829984337,0.03711000965123138,6.234,6.8625,7.631666666666666,0,13,5,6.139648681997626,6.925041416164108,26.078431372549034,-0.5940686800350035,-0.38592720654102997,8.588266038909182,5.136733961090816,0.07434419785203554,0.07417666678648527,0.09205469431240268,311540038.0,-1.5905979942304636,0.0,0.0,-1,0.0,0,48.114285714285714,0.03593549893767606,-0.011342155009451722,-0.2646630145226956,1.162815835645215,1.177518080404468,-0.179372197309417,-0.39,-1.2985823562388024,0.058269581056466395,0.0
2024-05-14,6.03,5.49,0.03568453737472321,0.13763725076594577,0.01723899605657384,0.5884210905887707,0.09381875521765491,6.101000000000001,6.76,7.534666666666666,1,14,5,6.119712557998057,6.867296808669649,38.24130879345604,-0.5703563056285006,-0.42281302635852414,8.423692785405459,5.096307214594541,0.08233574091315439,0.07625376708896223,0.09183442021689073,312276055.0,-0.8775658660106421,0.0,0.0,-1,0.0,0,55.285714285714285,0.033421192873722555,-0.012750455373406244,1.3120781906297487,1.4871514294734869,1.2104910254954144,-0.05188679245283023,-0.2537128712871287,-1.0201395949203014,0.1724875621890547,0.0
2024-05-15,5.34,6.03,0.03088347171545286,-0.06561315537571116,-0.009090624461004601,0.0008148664681113938,-0.12152135776699065,5.953,6.6194999999999995,7.346333333333334,2,15,5,5.977946638362046,6.768761530690963,32.05128205128206,-0.6003211825963,-0.45831465760607937,8.263429502906359,4.975570497093641,0.08640311743063947,0.07942398271099242,0.08199495392146096,311539438.0,-1.556636093868902,0.0,0.0,-1,0.0,0,59.371428571428574,0.036523246089571755,-0.0729684908789387,1.182424927567279,1.6723851087573207,1.2608166383254775,-0.15372424722662437,-0.34478527607361964,-0.13155586676298775,0.12876404494382035,0.0
2024-05-16,5.35,5.34,-0.030883471715452925,-0.06657449062266993,-0.007201063137181024,-0.7340318509530758,0.0018709079358116025,5.823,6.5065,7.203333333333333,3,16,5,5.863774522296219,6.6772285287109,30.524344569288388,-0.616158950219547,-0.4898835161287729,8.174278541400959,4.838721458599041,0.0866736863361998,0.07869710613074399,0.07975521185387308,311892992.0,-1.3868747813825721,0.0,0.0,-1,0.0,0,62.31428571428573,0.03708785197593357,0.014981273408239714,-0.6037527145301446,1.2348967067563625,1.249277830334431,0.0037523452157597337,-0.29697766097240486,-0.643611093671343,0.06448598130841117,0.0
2024-05-17,4.36,5.35,-0.04336211827375743,-0.048246833539385435,-0.18988632955772722,0.6905799232038488,-0.2046245035469721,5.655,6.391,7.022333333333333,4,17,5,5.590360972787815,6.527729913955358,27.03150912106136,-0.7005200621725809,-0.5320108253375345,8.311853976750863,4.4701460232491375,0.09955419333704402,0.08419501476997772,0.08521608389099114,311187697.0,-2.1146844315937545,0.0,0.0,-1,0.0,0,62.8,0.03839467666233435,-0.02990654205607463,0.9869863580820047,1.8312802034801532,1.3365544242766267,-0.17580340264650274,-0.34632683658170904,-0.40839722282503665,0.22477064220183474,0.0
2024-05-20,4.44,4.36,-0.12285367310534355,-0.09153594238612348,0.034446574463338715,-0.6598948351470098,0.018182319083190547,5.43,6.2415,6.839,0,20,5,5.381204432280939,6.39303766144211,25.17006802721089,-0.7522500494614528,-0.5760586701623183,8.283472988119605,4.199527011880395,0.08960984225008352,0.07888387776477358,0.08526476256777567,311552268.0,-1.7644699616315198,0.0,0.0,-1,0.0,0,60.42857142857143,0.038361873370654845,0.05275229357798154,-0.49962080635068307,1.7890822923185359,1.2522427381080516,-0.1912568306010929,-0.40242261103633914,-0.3276918843159132,0.08331081081081088,0.0
2024-05-21,4.71,4.44,-0.019802627296179643,0.010363001816630305,0.01567781271922979,-0.49099813095179073,0.05903353158419293,5.265,6.0805,6.7219999999999995,1,21,5,5.259167262775314,6.2844545865103605,31.194295900178247,-0.76266813010702,-0.6133805621512586,8.068987655957235,4.0920123440427645,0.09446869730956525,0.07850863092379422,0.0816766188977168,311775391.0,-1.378434506137537,0.0,0.0,-1,0.0,0,59.42857142857143,0.037374881952425394,0.013513513513513424,-1.071498439771703,1.623371912466994,1.2462858791790876,-0.21890547263681592,-0.4060529634300126,-0.6639615172897001,0.07428874734607216,0.0
2024-05-22,4.64,4.71,0.05617027146705449,0.006187133684930479,0.011049836186584935,-0.14527137038028357,-0.014973541790162593,5.098000000000001,5.9535,6.5906666666666665,2,22,5,5.146591396816166,6.17836074221937,31.760435571687836,-0.7677231148850909,-0.6442490726980251,7.970556479651675,3.936443520348325,0.09435102177252111,0.07666631372855107,0.0809173135830991,311582437.0,-1.3023928811619874,0.0,0.0,-1,0.0,0,58.51428571428572,0.037621722184971375,0.01061571125265389,-1.125186581495822,1.499174220564678,1.2170400003708193,-0.13108614232209737,-0.35376044568245124,-1.7298808605639262,0.07112068965517243,0.0
2024-05-23,3.87,4.64,-0.03636764417087483,-0.052588351766913136,-0.1774980438242494,1.1016705137120162,-0.1814598591964733,4.952,5.782,6.4316666666666675,3,23,5,4.914483870122317,6.029434242721347,30.86419753086419,-0.8243590931028377,-0.6802710767789877,7.897860904790429,3.6661390952095707,0.09601650197183775,0.08286071007613494,0.08519420766554923,311001802.0,-1.8073021678042478,0.0,0.0,-1,0.0,0,52.37142857142857,0.04534719649856129,-0.01077586206896548,0.5822268472875507,1.7676663493412907,1.3153729939180616,-0.2766355140186916,-0.46986301369863015,-0.36345351072598986,0.21188630490956067,0.0
2024-05-24,3.98,3.87,-0.135088782753976,-0.1215698943878806,0.01864401286927012,-1.2236349057036353,0.028027312254655875,4.821,5.6095,6.299,4,24,5,4.744577711918259,5.897212678674809,23.58674463937622,-0.8505626761155689,-0.7143293966463039,7.722183252718042,3.496816747281957,0.09749039651103776,0.08320147162380032,0.08501488360422653,311172601.0,-1.542588078836323,0.0,0.0,-1,0.0,0,51.74285714285714,0.043449554383875585,0.03617571059431516,-1.1425677595448274,1.4093891539483314,1.3207824157870383,-0.08715596330275233,-0.46433378196500674,-1.7374955890529258,0.05484924623115571,0.0
2024-05-28,3.85,3.98,-0.0024968801985871545,-0.02469261259037141,-0.06154603441347964,0.7144526818213776,-0.03320867099665346,4.657,5.445500000000001,6.1273333333333335,1,28,5,4.581927218842211,5.765134441340951,24.543610547667342,-0.8717698972666774,-0.7458174967703787,7.570404703745436,3.3205952962545657,0.0950864863130698,0.08315533212166128,0.08017803253481161,310823647.0,-1.5017144036508685,0.0,0.0,-1,0.0,0,54.68571428571428,0.04418918575562286,0.005025125628140708,-0.39720161480877236,1.3803840981814697,1.3200499738973808,-0.13288288288288297,-0.4600280504908836,-1.2858020502905467,0.09090909090909093,0.0
2024-05-29,3.83,3.85,-0.03822121282019774,0.046406372814155834,0.029691789807403,-0.08218209569817571,-0.005208345107138235,4.437,5.269,5.985666666666668,2,29,5,4.445213179052718,5.640287058028632,24.693877551020407,-0.8800459833848766,-0.7726631940932783,7.3090608866041435,3.228939113395857,0.08454659669834698,0.08216947537799234,0.07888829911359009,310502224.0,-1.410742208185109,0.0,0.0,-1,0.0,0,49.971428571428575,0.043823368373404996,0.0,-0.5005706025068777,1.188546336223203,1.304399983264877,-0.1868365180467091,-0.47961956521739135,-1.7377213217056497,0.11227154046997405,0.0
2024-05-30,4.23,3.83,0.012903404835907782,0.05795364251008704,0.03655759573379773,0.23124509709645133,0.09933718986563204,4.326,5.1395,5.855,3,30,5,4.406083510134042,5.549300796220335,37.268518518518526,-0.8445922504759462,-0.7870490053698119,7.0919502824048015,3.1870497175951984,0.09143678278454605,0.08658763037931959,0.08202388875326233,310907271.0,-0.9316498434774819,0.0,0.0,-1,0.0,0,45.08571428571429,0.03585593749358084,0.018276762402088732,-0.12532091250158736,1.5743286495163393,1.374536019588366,-0.08836206896551713,-0.37976539589442815,-0.7492535139415571,0.1276595744680852,0.0
2024-05-31,4.17,4.23,0.07410797215372204,-0.013605652055778709,0.04266644631890294,-0.8272546863768306,-0.014285957247476654,4.208,5.0155,5.740333333333334,4,31,5,4.363159235564216,5.460313648077088,37.096774193548384,-0.8119764511828986,-0.7920344945324294,6.876914006948098,3.1540859930519023,0.09117046458945824,0.08658783981165881,0.08152216300571874,310730165.0,-0.9084491648220154,0.0,0.0,-1,0.0,0,48.42857142857144,0.036089584508785,-0.007092198581560342,-1.0869616865686091,0.8586936834707702,1.3745393442236824,0.07751937984496116,-0.37293233082706767,1.4100161292709301,0.07434052757793756,0.0
2024-06-03,3.79,4.17,-0.004773278752657771,-0.03721359634043432,-0.0953101798043249,0.8818278937198368,-0.09555001671637509,4.151,4.9030000000000005,5.644333333333334,0,3,6,4.258948465461631,5.352551477233405,31.194690265486727,-0.8074828597005057,-0.7951241675660446,6.775640691081484,3.0303593089185172,0.07590596515025455,0.0865614342417126,0.08026054691463393,310302399.0,-1.188695733570996,0.0,0.0,-1,0.0,0,45.48571428571429,0.04164170700336502,0.0023980815347721313,0.0041534851645973914,1.128281016334632,1.3741201687958549,-0.047738693467336724,-0.3725165562913907,0.9475083859486149,0.1372031662269128,0.0
2024-06-04,3.57,3.79,-0.11658757825160965,-0.10212720185167395,-0.05271678217240447,-0.576879620063628,-0.059800423302787314,4.064,4.747,5.515666666666666,1,4,6,4.133685108104971,5.237548156121573,20.714285714285708,-0.812310013271845,-0.7985613367072049,6.509415806126235,2.9845841938737645,0.07644461381268501,0.08156041488290157,0.07676780174521475,310062145.0,-1.3356666411055733,0.0,0.0,-1,0.0,0,47.62857142857143,0.04437286026643424,-0.01846965699208439,-0.7465611856392341,1.176940395345574,1.2947314476444527,-0.07272727272727275,-0.4663677130044843,1.063519223137482,0.08411764705882353,0.0
2024-06-05,3.4,3.57,-0.035571465784867765,-0.045724244547597034,-0.03774032798284697,0.10478012799754602,-0.048790164169431945,3.933,4.599,5.3646666666666665,2,5,6,4.000287815722249,5.118996662178247,23.641304347826093,-0.8203961305910212,-0.8029282954839682,6.286638025544137,2.9113619744558625,0.07141683857414657,0.08153732351845483,0.07504981112754715,309795351.0,-1.4209208157814672,0.0,0.0,-1,0.0,0,51.142857142857146,0.045995757616350406,0.005602240896358549,-0.6312935370610727,1.1979662378925828,1.2943648835978974,-0.1122715404699739,-0.46540880503144655,1.5323559455237405,0.07647058823529419,0.0
2024-06-06,3.51,3.4,-0.05437677087807177,-0.01944609745390449,0.0,-0.4331736699083744,0.03184060585565863,3.8200000000000003,4.4590000000000005,5.242333333333334,3,6,6,3.9111445765000217,5.015190425908683,25.661375661375658,-0.808607235264553,-0.8040640834400852,6.007852206601417,2.9101477933985844,0.07401855627351726,0.08253648201618405,0.07456772771396103,309968353.0,-1.225423569731489,0.0,0.0,-1,0.0,0,45.31428571428571,0.04296868450908077,0.0,-0.9942346948515886,0.7449085636055298,1.3102260330298678,-0.17021276595744694,-0.4437400950871633,0.5752571874559674,0.05410256410256416,0.0
2024-06-07,3.47,3.51,-0.002945510229756803,0.06771283842373893,0.0029542118974316043,0.623915637604787,-0.011461443519006539,3.7800000000000002,4.3660000000000005,5.1146666666666665,4,7,6,3.8309364716818357,4.915500721011349,34.275618374558306,-0.7933469071852448,-0.8019206481891172,5.918009224063528,2.8139907759364724,0.05500041601398114,0.076687753846168,0.07425661631096056,309645493.0,-1.154632312885435,0.0,0.0,-1,0.0,0,43.4,0.042778032872150394,-0.034188034188034094,-0.2836708014312707,0.7502323919525893,1.2173803516865855,-0.1678657074340527,-0.348968105065666,0.5214833254427256,0.12391930835734861,0.0
2024-06-10,3.14,3.47,0.0,-0.11647499099636806,-0.11888984263157469,0.03074650437615317,-0.09993179403860583,3.696,4.2585,4.971666666666667,0,10,6,3.705311658648774,4.800952287397713,28.896103896103895,-0.798674605616724,-0.8012714396746385,5.838616917725876,2.6783830822741237,0.05924380732887752,0.07851947372022466,0.07504262357810103,309312552.0,-1.4157180237140408,0.0,0.0,-1,0.0,0,44.74285714285715,0.048051488708914146,-0.023054755043227685,-0.2271226351039434,0.769196492420208,1.2464580032363164,-0.17150395778364114,-0.4064272211720227,0.4192092447878492,0.12420382165605098,0.0
2024-06-11,4.62,3.14,0.08208283078848065,0.4589129425515773,0.19004360288786507,5.6701850519842605,0.38617190517348543,3.7729999999999997,4.215,4.888000000000001,1,11,6,3.8716186298035424,4.789277946275281,48.95104895104895,-0.6756843453494588,-0.7761540208096026,5.697238705116917,2.7327612948830824,0.16643584254136976,0.1353593382333634,0.11761496803967078,405894811.0,0.5464706846500198,0.0,0.0,-1,0.0,0,44.4,0.0213170002032957,0.17197452229299365,4.2483763947911415,3.6390986167735377,2.1487628795745395,0.2941176470588236,-0.15846994535519132,2.005251574504786,0.3766233766233766,0.0
2024-06-12,4.38,4.62,0.1989399495733233,-0.15665381004537685,0.10673319946979833,-3.2721903944157598,-0.053345980705292735,3.8280000000000003,4.1325,4.788666666666668,2,12,6,3.964051606202898,4.762872917483327,47.08520179372197,-0.5907696474722632,-0.7390771461421348,5.349292591416307,2.9157074085836934,0.16813693685413922,0.13371598222910874,0.11761597809457407,402232096.0,0.4068072106059055,0.0,0.0,-1,0.0,0,46.57142857142857,0.024005398221353655,-0.028138528138528116,-0.07755062455590354,3.6480258619175094,2.122675411757724,0.28823529411764715,-0.27363184079602,2.003014825143628,0.12554794520547946,0.0
2024-06-13,4.02,4.38,-0.03397835364184951,0.017263545801239115,-0.05585207792589308,-0.5507037885867151,-0.08576682175742519,3.807,4.0665,4.695333333333333,3,13,6,3.9742240414387346,4.714945632484404,51.85185185185185,-0.5462265691072554,-0.700507030735159,5.142580118323872,2.990419881676127,0.1685576726000186,0.1325612194818843,0.11778766428911953,400120380.0,-0.08642479162690872,0.0,0.0,-1,0.0,0,44.57142857142858,0.028579039865171137,-0.009132420091324209,-0.15301052100830628,3.8077536798951477,2.104344121443098,0.14529914529914523,-0.2471910112359551,2.137770620617965,0.21144278606965167,0.0
2024-06-14,3.77,4.02,-0.10689779497671276,-0.1759317586951836,-0.048137635598154496,-1.082909289798429,-0.06420690117101018,3.7670000000000003,3.9875,4.599333333333333,4,14,6,3.9370923975407828,4.653981398130571,47.49403341288782,-0.5250463616234762,-0.6654148969128224,4.8838052816390265,3.091194718360973,0.16984993820553343,0.13311123578960007,0.11813008390801136,399405334.0,-0.48532571313708844,0.0,0.0,-1,0.0,0,41.11428571428572,0.03207371724502506,-0.029850746268656636,-0.21892174309689508,3.8726275197127724,2.1130753596465737,0.08645533141210371,-0.2953271028037383,2.209466037382544,0.07294429708222809,0.0
2024-06-17,4.01,3.77,-0.060784891069121855,0.05332943660285125,-0.016574965094212676,0.06563697278428414,0.06171623985855846,3.789,3.97,4.531666666666666,0,17,6,3.95034832526064,4.612434211154405,51.86046511627906,-0.4833234485051481,-0.6289966072312876,4.849186226604983,3.0908137733950176,0.1676197982400151,0.1274011682819893,0.11795393293238583,400168888.0,0.09099323622132117,0.0,0.0,-1,0.0,0,43.285714285714285,0.029612772952481915,-0.026525198938992064,-0.21680526815836446,3.693970833849983,2.0224308480794027,0.27707006369426734,-0.0802752293577983,1.933425189595215,0.13715710723192015,0.0
2024-06-18,4.67,4.01,0.14201033099170773,0.1582829171121689,0.10312961679615895,1.1687288033317638,0.1523678303623281,3.899,3.9815000000000005,4.464333333333333,1,18,6,4.08119408430416,4.616148133015411,58.502024291497975,-0.39247702428417686,-0.5816926906418655,4.892029631876741,3.0709703681232594,0.17145042360083654,0.13246402241941263,0.12030746080107348,402625928.0,1.512306630989912,0.0,0.0,-1,0.0,0,41.28571428571429,0.03202156835327498,0.05486284289276824,-0.14295304910296044,1.6698410751784158,2.102801165910302,0.010822510822510845,0.051801801801801606,1.0494958332331297,0.18629550321199137,0.0
2024-06-20,5.27,4.67,0.0881927120354609,0.12576938728903359,0.07267119029735908,-0.08705740534562117,0.12087129087246488,4.086,4.0095,4.428,3,20,6,4.297340614430676,4.658332124433771,60.11673151750972,-0.2689651303870155,-0.5191471785908954,5.040788922710093,2.978211077289907,0.17070424650251567,0.1346849699735418,0.12244311612312579,404878111.0,2.4445137967497406,0.0,0.0,-1,0.0,0,38.71428571428572,0.01069778715193078,-0.010706638115631655,-0.15738976383099765,1.761528802581437,2.1380576153291595,0.20319634703196332,0.11889596602972397,-0.18806003310200234,0.23149905123339656,0.0
2024-06-21,4.34,5.27,0.1373121154644286,-0.027651531330510123,-0.007034026657380048,-0.44992220894829654,-0.19415601444095737,4.169,3.9945,4.362333333333334,4,21,6,4.305096866352372,4.63779456801869,51.41430948419301,-0.24331945704437352,-0.4639816342815911,4.995456910581762,2.9935430894182384,0.185975390324204,0.1411402453764892,0.12662706017639355,403441944.0,0.6903394069165144,0.0,0.0,-1,0.0,0,39.05714285714286,0.022014158529477603,0.005692599620493406,-0.19850306395179818,2.243174559191188,2.240531935492946,0.07960199004975133,-0.06465517241379304,-0.6826455403290664,0.2534562211981566,0.0
2024-06-24,3.97,4.34,-0.1998324724457626,-0.2092222127956016,-0.16044495709864573,0.0006904890286819316,-0.08910825341321435,4.218999999999999,3.9995000000000003,4.316999999999999,0,24,6,4.244170163379213,4.594711047501355,51.49999999999999,-0.2499694912398036,-0.42117920567323364,4.9988360954044575,3.0001639045955426,0.18945132865592448,0.13709275540371985,0.12439264615521309,402004785.0,-0.059039196393803145,0.0,0.0,-1,0.0,0,37.77142857142858,0.027462607407132154,0.0,-0.2005490863238264,2.3039088871428404,2.1762800240810942,0.05305039787798416,0.025839793281653867,-0.5608515999212221,0.18136020151133495,0.0
2024-06-25,3.87,3.97,-0.044766013869706425,0.031748698314580485,0.05639077735487495,-0.6686134135968654,-0.02551158765740862,4.292,3.9939999999999998,4.269666666666667,1,25,6,4.176139224582992,4.5479554960496555,52.55102040816326,-0.26030818479759343,-0.38900500149810563,4.994997397335759,2.993002602664241,0.1856770971038986,0.13721695683751542,0.12445650054852446,401268358.0,-0.2477528919256661,0.0,0.0,-1,0.0,0,37.285714285714285,0.056545317076248,0.04534005037783379,-0.23468525978940155,2.281644106570418,2.1782516607188986,-0.03491271820448871,-0.027638190954773822,0.020065882120815264,0.16795865633074944,0.0
2024-06-26,3.41,3.87,-0.05957096024533254,-0.1334293570140062,-0.14290002026415757,0.3494030429656296,-0.12654221574626495,4.171,3.972,4.200333333333333,2,26,6,4.03684118374972,4.4745390124335485,50.08103727714749,-0.3021369824876263,-0.3716313976960098,5.005147464890565,2.938852535109435,0.1096066738796086,0.13983447728664247,0.1259367760494305,400223942.0,-1.0879376257474123,0.0,0.0,-1,0.0,0,40.88571428571429,0.09529596385666962,0.010335917312661508,-0.22200787922420975,1.8495895748323006,2.2198035096789965,-0.26980728051391856,-0.11428571428571432,1.1057818359791045,0.17607038123167157,0.0
2024-06-27,3.34,3.41,-0.13389682292276067,-0.11916139562650473,-0.015174798019235115,-0.6511872835401132,-0.02074148430681647,4.066999999999999,3.9474999999999993,4.110666666666666,3,27,6,3.9101427867043164,4.401342947115255,48.613376835236544,-0.3370497216181354,-0.3647150624804349,5.01741145723142,2.877588542768579,0.10918314399696627,0.13991803077877477,0.12430728786385419,399679356.0,-1.1356079905378524,0.0,0.0,-1,0.0,0,45.51428571428571,0.11296253504807245,0.0029325513196480314,-0.24593022031211853,1.0423920807848668,2.2211298802471147,-0.36622390891840606,-0.1279373368146215,-0.454297991591745,0.06287425149700598,0.0
2024-06-28,3.59,3.34,-0.026668247082161294,0.033901551675681416,0.006097579868118538,0.8372167925870472,0.07218139551157854,4.024,3.9155,4.052333333333333,4,28,6,3.8519350073035312,4.348998240849755,50.946372239747625,-0.34061896485009324,-0.35989584295436655,4.988115593083368,2.8428844069166326,0.1107497217252933,0.13892228930139716,0.12377344469066087,400937311.0,-0.6069275928840637,0.0,0.0,-1,0.0,0,44.31428571428571,0.128471906249671,-0.0029940119760478406,-0.21467511721529536,1.1754429742408643,2.2053229743315956,-0.17281105990783407,-0.1513002364066195,0.6287312465893573,0.08635097493036213,0.0
2024-07-01,3.79,3.59,0.06678824087158652,0.0619309577304903,0.03875298629723324,-0.6434010837135211,0.05421381659414752,4.026,3.8965000000000005,4.000333333333333,0,1,7,3.840674096884707,4.312933838214287,55.23349436392915,-0.3235792669281228,-0.35263252774911785,4.963582101117614,2.8294178988823866,0.11034172449264475,0.1394312961970743,0.12428808061020986,401598369.0,-0.1996097580279102,0.0,0.0,-1,0.0,0,47.94285714285714,0.14848366751506847,-0.008356545961002732,-0.24380318845541749,1.2208684262103948,2.213403208301068,-0.04534005037783384,-0.09112709832134291,-0.5745254172291385,0.108179419525066,0.0
2024-07-02,3.73,3.79,0.06786864427467051,-0.005235614053945052,0.07055111099196519,-0.656356062627528,-0.015957785438610806,3.9979999999999998,3.8934999999999995,3.9793333333333334,1,2,7,3.82055153381476,4.275325203490785,40.7098121085595,-0.311327888021415,-0.34437159980357734,4.96217896809162,2.824821031908379,0.10858345884653005,0.13775527388324965,0.11957118215783344,401255453.0,-0.30598524885722694,0.0,0.0,-1,0.0,0,49.74285714285714,0.15884263588435354,0.0052770448548812715,-0.2584776624705341,1.2137774357234603,2.1867971788960174,-0.036175710594315236,-0.0158311345646438,-0.701964051372232,0.037533512064343195,0.0
2024-07-03,3.78,3.73,-0.005263170044274644,0.0026212334798740656,-0.013690012300951222,0.02910434333149917,0.013315775975772156,3.909,3.904,3.957333333333333,2,3,7,3.8131785276666212,4.243368738749444,43.47826086956522,-0.29419272918543093,-0.3343358256799481,4.963382143664436,2.8446178563355637,0.09211007584553646,0.13690293320988126,0.11954977632380373,401608496.0,-0.23409871639157553,0.0,0.0,-1,0.0,0,48.371428571428574,0.1648156719665174,0.016085790884718513,-0.2582863964617129,0.6754637444177233,2.1732666901717885,0.10850439882697938,0.05882352941176472,0.3495712411107683,0.05288359788359788,0.0
2024-07-05,3.78,3.78,0.005263170044274691,0.0,-0.02804066015552194,0.426596487141466,0.0,3.7600000000000002,3.9229999999999996,3.926333333333333,4,5,7,3.807146068090872,4.213473981410771,47.16981132075472,-0.27741512349700503,-0.3229516852433595,4.957664451073418,2.8883355489265807,0.077345063489559,0.13624982909473893,0.11901118056183581,401608496.0,-0.27641811768374486,0.0,0.0,-1,0.0,0,49.71428571428572,0.1469987801866665,0.007936507936508002,-0.2501815742732037,0.6072305391832318,2.1628989837583914,0.1317365269461077,0.11176470588235299,0.4211986144034015,0.07936507936507932,0.0
2024-07-08,3.91,3.78,-0.04290202154420946,0.030930300691358558,-0.005698021114637779,0.017446218827683883,0.03381336436577811,3.717,3.942999999999999,3.902,0,8,7,3.8258467829834406,4.193895014868141,51.699029126213595,-0.25073847945624994,-0.3085090440859376,4.959352611832241,2.9266473881677575,0.059637319659484565,0.13626585348826364,0.11915650120195394,402158889.0,-0.06493809257892867,0.0,0.0,-1,0.0,0,51.057142857142864,0.15146996247870798,-0.03439153439153436,-0.25067956507401823,0.44754643008266914,2.163153363119454,0.08913649025069637,0.11396011396011407,0.3312549442565322,0.1125319693094629,0.0
2024-07-09,3.96,3.91,0.050745199005235254,0.08975718080581388,0.060960699789687274,0.556939053832559,0.012706651269114662,3.7159999999999997,3.9675,3.9050000000000002,1,9,7,3.8502382769864507,4.178805013908907,49.36386768447837,-0.22299195230800883,-0.2914056257303519,4.959167919798341,2.9758320802016582,0.053391219560246096,0.1361445389085975,0.11494646037088674,403119502.0,-0.01512603130597385,0.0,0.0,-1,0.0,0,50.57142857142856,0.16014397534230618,-0.01790281329923281,-0.2330590841585278,0.294433865254904,2.161227553870236,0.04485488126649084,0.1412103746397695,0.044075772213219955,0.14898989898989884,0.0
2024-07-10,3.74,3.96,0.03580945269671078,-0.04508474075422127,-0.010810916104215617,-0.7030175864779703,-0.05715841383994852,3.7030000000000003,3.9974999999999996,3.897,2,10,7,3.830194953898005,4.150495013011558,36.67621776504298,-0.21626185893194583,-0.2763768723706707,4.91747425593232,3.077525744067679,0.05585747273212195,0.13475237154977565,0.11541210421429093,402643913.0,-0.5597982733528641,0.0,0.0,-1,0.0,0,54.60000000000001,0.16537513183435038,0.005050505050505055,-0.2561308820563318,0.5387609771088567,2.1391275821812905,0.002680965147453085,0.19108280254777066,-1.494300977149789,0.1176470588235294,0.0
2024-07-11,3.8,3.74,-0.048915800202011396,-0.03960913809504583,0.010810916104215676,-0.08108020547220146,0.015915455305899363,3.742,3.9564999999999997,3.8953333333333333,3,11,7,3.824704962280186,4.127882431526942,25.08474576271186,-0.20373814635603305,-0.26184912716774317,4.831660737115615,3.0813392628843843,0.03788758546361029,0.08193232749612708,0.11522747549270558,403082463.0,-0.3576485858261829,0.0,0.0,-1,0.0,0,49.4,0.1729960413791631,0.013368983957219202,-0.8003300327301559,0.5428953515597729,1.3006353773487098,0.005291005291005346,-0.17748917748917759,-1.5220021982733904,0.06315789473684205,0.0
2024-07-12,3.79,3.8,0.005263170044274691,0.0,0.013351333174864196,-0.045896509657193836,-0.0026350476380050023,3.7870000000000004,3.9269999999999996,3.894,4,12,7,3.8183949691383336,4.106083564976816,36.45320197044335,-0.19240203939363942,-0.24795970961292244,4.781587619849053,3.072412380150946,0.03660621593724655,0.08123181983633969,0.11522046855081078,402663586.0,-0.3206224775973189,0.0,0.0,-1,0.0,0,54.371428571428574,0.17705704347541504,0.002631578947368482,-0.8523474345530694,0.5436844692588516,1.2895151629929502,0.002645502645502784,-0.13470319634703198,-1.4392520584548405,0.05013192612137202,0.0
2024-07-15,3.95,3.79,0.007843177461025879,0.016628651213624005,0.0183973651397161,-0.17854477081343645,0.04134955981869545,3.8229999999999995,3.9234999999999998,3.884666666666667,0,15,7,3.842323156567727,4.096013657558958,49.450549450549445,-0.16856432551263412,-0.23208063279286478,4.777056645670157,3.0699433543298422,0.03162709596633611,0.0796807707879201,0.11392643505932204,403013971.0,0.06209312559260629,0.0,0.0,-1,0.0,0,57.74285714285715,0.18073489427600542,0.01319261213720312,-0.8820359177081042,0.5758415139801252,1.2648930226726605,0.010230179028132946,-0.01741293532338295,-1.141128367762827,0.04718987341772149,0.0
2024-07-16,4.23,3.95,0.028243212313395154,0.0540463064563124,0.0026007817000574403,-0.029237293361975326,0.06848641414515624,3.867,3.9465000000000003,3.8866666666666663,1,16,7,3.912809855373595,4.1046579377164445,59.00000000000001,-0.12563091064275733,-0.21079068836284331,4.80739977410376,3.0856002258962407,0.0343114589361424,0.0795787911899866,0.11453615877171329,403354260.0,0.6586132521526981,0.0,0.0,-1,0.0,0,57.02857142857143,0.17534887816995245,0.0,-0.8520795986547155,0.7592746843379354,1.2632741467430542,0.06818181818181834,0.1220159151193636,-0.5323941106860117,0.09456264775413709,0.0
2024-07-17,4.05,4.23,0.049392755329576474,-0.014576308324598216,0.012903404835907782,-0.030999615905461166,-0.04348511193973901,3.899,3.9485,3.8953333333333333,2,17,7,3.937753518032941,4.101131619154094,68.60465116279069,-0.1049209028598872,-0.1896167312622521,4.810206385456273,3.086793614543727,0.03756865674820782,0.07927092262187498,0.11345362481000425,403024358.0,0.23557908288275134,0.0,0.0,-1,0.0,0,46.114285714285714,0.18243909731825966,-0.018912529550827437,-0.8188564224777798,0.6861137670462599,1.2583868847367525,0.08288770053475925,0.009975062344139696,-0.2147472654229347,0.07123456790123467,0.0
2024-07-18,4.17,4.05,-0.012121360532344963,0.049261866312488314,0.04266644631890294,0.3994269454734284,0.02919915469226235,3.938,3.9234999999999998,3.9153333333333333,3,18,7,3.9799801511178607,4.105574740498991,73.4463276836158,-0.07792678390909291,-0.16727874179162025,4.72390187274519,3.1230981272548104,0.03813101853842546,0.07004613811625965,0.112830610314503,403516232.0,0.6159405878313686,0.0,0.0,-1,0.0,0,45.94285714285714,0.18111159107638125,0.012345679012345635,-0.5047572702214581,0.6919344567383312,1.1119479705366322,0.09736842105263155,-0.10706638115631695,-0.5109434300590402,0.07913669064748204,0.0
2024-07-19,4.19,4.17,0.04529975922966352,-0.025317807984289897,0.0,-0.19494311098023354,0.004784698123336473,3.979,3.8695,3.941666666666667,4,19,7,4.01816557818734,4.11102153143454,69.48051948051949,-0.054294049301956804,-0.14468180329368757,4.380988025274554,3.3580119747254455,0.03801395876444258,0.06290193073361872,0.1123031196889797,403920986.0,1.2532062694056774,0.0,0.0,-1,0.0,0,43.0,0.18364305789568794,0.028776978417266213,-0.6807826123118106,0.6788462499536978,0.9985371942417948,0.10554089709762549,-0.20493358633776082,-0.6739904146712957,0.05250596658711211,0.0
2024-07-22,3.92,4.19,-0.025975486403260677,-0.017637141486106844,-0.05297581597776428,0.04450396683129344,-0.06660908013167531,3.9799999999999995,3.8485,3.9553333333333334,0,22,7,4.000317291244187,4.0986975616645696,54.03726708074534,-0.056698099973837124,-0.1270850626297175,4.3107724191133885,3.3862275808866116,0.04368179875375558,0.051127995524686665,0.11309517113120689,403497812.0,0.30934140581924696,0.0,0.0,-1,0.0,0,48.42857142857144,0.1850110858466503,-0.002386634844868896,-0.5640657842150775,0.8654288318204478,0.8116317671492657,-0.0075949367088608,-0.09677419354838712,0.1277264462419844,0.09056122448979592,0.0
2024-07-23,3.68,3.92,-0.09268205739805531,-0.09052449645143108,-0.07810158768519183,-0.01104203800632576,-0.06317890162153156,3.9520000000000004,3.8339999999999996,3.9623333333333335,1,23,7,3.942077783745244,4.071684815750727,48.60335195530727,-0.07708078240936889,-0.11708420658564778,4.298413608757601,3.3695863912423984,0.04758093433475465,0.04936529334438651,0.11377026289474193,403079285.0,-0.6632019264550842,0.0,0.0,-1,0.0,0,46.85714285714285,0.18538377273904577,-0.028061224489795887,-0.5252141906896689,0.6656193333434689,0.7836497375219923,-0.1300236406619386,-0.07304785894206545,0.6348624913543601,0.07614130434782615,0.0
2024-07-24,3.62,3.68,-0.04290202154420946,-0.01575907590805267,-0.02841100183277978,-0.27999020591576596,-0.016438726343159835,3.94,3.8215000000000003,3.9783333333333335,2,24,7,3.883518186700654,4.042543859895842,45.555555555555564,-0.09695803181145912,-0.11305897163081005,4.295198771705233,3.3478012282947676,0.04458961999954316,0.049191036255108705,0.11222064822017262,402762966.0,-0.8507516254460002,0.0,0.0,-1,0.0,0,38.614285714285714,0.18876078205212202,-0.008152173913043546,-0.8347600988629785,0.6523305708925549,0.7808834919874781,-0.10617283950617273,-0.06459948320413433,0.061867229659151673,0.08839779005524857,0.0
2024-07-25,3.74,3.62,-0.019364367181791117,0.015707129205357877,0.002877699827614974,-0.008703065107533227,0.03261158558876101,3.9339999999999997,3.8379999999999996,3.949,3,25,7,3.8574239709368987,4.023024901192885,48.95833333333334,-0.10185379095199742,-0.11081793549504754,4.272734038476153,3.4032659615238465,0.04568858534852389,0.04132501201834562,0.07109027445710653,403076544.0,-0.45085036517275223,0.0,0.0,-1,0.0,0,39.07142857142857,0.18523623889529484,-0.011049723756906087,-0.7815010874332773,0.6699531992960868,0.6560142283637873,-0.10311750599520375,0.09677419354838701,0.13753968734382793,0.09893048128342248,0.0
2024-07-26,3.87,3.74,0.04639303956971049,0.025642430613337652,0.07472354619593657,-0.20307774115855237,0.03416889561524979,3.942,3.8645000000000005,3.9320000000000004,4,26,7,3.859710521675644,4.013152326922377,48.958333333333336,-0.09415840234755324,-0.10748602886554867,4.230616173681034,3.498383826318966,0.04701882001971646,0.04134568673059574,0.07085913314460977,403332491.0,0.03004510805792096,0.0,0.0,-1,0.0,0,42.54285714285714,0.18652445243108676,0.0026737967914437933,-0.9429023624070105,0.7685947921299865,0.6563424292460373,-0.07637231503579955,0.158682634730539,0.036445605984298406,0.05167958656330754,0.0
2024-07-29,3.57,3.87,0.023716526617316065,-0.023074302507627643,-0.060457969037114145,1.2216739853745395,-0.08068891125014276,3.904000000000001,3.8635000000000006,3.917,0,29,7,3.807035881370981,3.984561854217708,41.013824884792626,-0.11098784543697704,-0.10818639217983435,4.232867881086336,3.4941321189136647,0.05102356061745977,0.042442447748248076,0.0706809387615328,402464098.0,-1.5892015252479315,0.0,0.0,-1,0.0,0,42.07142857142857,0.19306451783525375,-0.007751937984496188,2.2205055776333347,0.8253194525650881,0.6737529706483064,-0.0892857142857143,-0.005571030640668551,-0.08742038970647552,0.09240896358543427,0.0
2024-07-30,3.78,3.57,-0.0026075634070808302,0.002613230636287456,0.011267724846342288,-0.02591700137575955,0.05715841383994862,3.8589999999999995,3.8629999999999995,3.917333333333333,1,30,7,3.8021202665762566,3.9713643152359204,50.92592592592592,-0.10615635104336896,-0.10778038395254128,4.232813608811817,3.493186391188182,0.049031934657684684,0.042660411597859264,0.07055134942128237,403310274.0,-0.4488747737903552,0.0,0.0,-1,0.0,0,40.8,0.19209954061622042,0.07282913165266114,1.8959019875852992,0.8631479005988165,0.6772130394935473,0.02717391304347827,-0.0026385224274406704,-1.0967465703088795,0.07936507936507944,0.0
2024-07-31,3.98,3.78,0.015544354437800379,0.08183001824763211,0.06243547094079237,-0.10897332341474394,0.051557809664850116,3.8520000000000003,3.8755,3.916333333333333,2,31,7,3.8344620362896644,3.9719214561884417,53.913043478260875,-0.08520681724731238,-0.1032656706114955,4.243279968544266,3.5077200314557335,0.05125174248441087,0.044002962372695326,0.07025681817245251,404069086.0,0.5682745605402489,0.0,0.0,-1,0.0,0,46.885714285714286,0.18833469668995784,0.029100529100529186,1.298819088542804,0.8870642336113624,0.698525372329707,0.09944751381215466,0.06702412868632712,-2.0146391109942883,0.10050251256281416,0.0
2024-08-01,3.68,3.98,0.01277156567948754,-0.041318149330730976,-0.034809404665861174,-0.8069729768022054,-0.07836906711550677,3.803,3.8705000000000007,3.8833333333333333,3,1,8,3.806378029691543,3.9530878138537036,47.87644787644788,-0.09175397091425053,-0.10096333067204652,4.24637651947681,3.4946234805231917,0.05500300732675492,0.047372417852828606,0.06455639119270176,403730499.0,-1.0136307544039294,0.0,0.0,-1,0.0,0,42.68571428571429,0.19410158212144402,-0.010050251256281416,-0.7474660918127473,1.09840303759532,0.7520138198545254,-0.016042780748663166,-0.026455026455026398,-0.5368891749983813,0.09782608695652183,0.0
2024-08-02,3.38,3.68,-0.07645355571544236,-0.0990392083641916,-0.09721935807412636,0.11192100863578147,-0.08503704268591218,3.722,3.8505000000000003,3.820333333333333,4,2,8,3.728854751565808,3.916114406508304,39.56043956043956,-0.11976950189644686,-0.1047245649169266,4.284694959847711,3.4163050401522894,0.058877785383144816,0.050736567868253556,0.060764783342362357,403351815.0,-2.167229210422079,0.0,0.0,-1,0.0,0,41.385714285714286,0.19881891736567353,-0.008152173913043546,-0.5098087121665532,1.1661582137064537,0.8054180457380966,-0.12661498708010344,-0.10582010582010581,0.6081451645455174,0.09467455621301771,0.0
2024-08-05,3.16,3.38,-0.19611487892629037,-0.09777897820542855,-0.10436001532424276,-0.2357736785399524,-0.06730368189610655,3.646,3.8129999999999997,3.781,0,5,8,3.625426614917479,3.867332831894865,29.962546816479403,-0.15790395492356435,-0.11536044291825415,4.344258684138847,3.281741315861152,0.05893299600125402,0.05160880569453061,0.05337493895621674,403052670.0,-2.458312756086013,0.0,0.0,-1,0.0,0,33.05714285714286,0.20687765881372763,-0.11242603550295856,-0.8207569018529018,1.1334586564687068,0.8192643919726924,-0.11484593837535007,-0.19181585677749358,0.5820400340570022,0.09810126582278482,0.0
2024-08-06,3.17,3.16,0.07076907088820737,-0.00606062461169107,0.03922071315328133,-0.42898068214540136,0.003159560290368518,3.595,3.7735,3.7543333333333337,1,6,8,3.5426217758415737,3.8223436169339062,32.400000000000006,-0.18518417931890108,-0.12932519019838354,4.371963822939759,3.1750361770602407,0.057394211072535506,0.05143650603138527,0.05143163963801589,403247465.0,-2.016830347523772,0.0,0.0,-1,0.0,0,19.014285714285712,0.2067822559580609,0.018987341772151913,-1.2936439452125041,0.9347138045488106,0.8165292196147158,-0.1613756613756614,-0.1994949494949495,0.9502652057480097,0.05362776025236591,0.0
2024-08-07,3.09,3.17,-0.009360442759563808,0.024025179586989836,-0.016155440222285256,0.4688125662498775,-0.02556049697953522,3.5420000000000003,3.7410000000000005,3.7283333333333335,2,7,8,3.460326907506742,3.775095641647848,28.048780487804876,-0.2108289798643197,-0.1456259481315708,4.413181053303572,3.068818946696429,0.057515533068941575,0.05045416442365228,0.051432248304543994,402936164.0,-1.9369781305216143,0.0,0.0,-1,0.0,0,16.557142857142857,0.20672074255199577,0.006309148264984233,-0.6111345240328957,0.5777271499980104,0.8009350300352788,-0.22361809045226133,-0.1737967914438504,0.8251973578853103,0.0970873786407768,0.0
2024-08-08,3.01,3.09,-0.044879326177432954,-0.07707974254287937,-0.09922663389656014,-0.1569407249782517,-0.02623101214886976,3.469,3.7015000000000002,3.7150000000000003,3,8,8,3.3784492879600614,3.7257346325092775,26.58730158730158,-0.23490021698834518,-0.1634808019029257,4.447839135555948,2.955160864444053,0.055095095407215834,0.05026130092210681,0.04701956587059701,402670078.0,-1.8530449953824348,0.0,0.0,-1,0.0,0,17.65714285714286,0.20865540698608734,-0.01294498381877024,-0.7938708710116875,0.5399572845635492,0.7978734168628561,-0.18206521739130443,-0.20789473684210524,-0.16945368430183408,0.11295681063122934,0.0
2024-08-09,3.035,3.01,-0.009884759232541973,-0.009823736302493762,0.0811489024766032,-0.5928769040489994,0.008271345750677334,3.3854999999999995,3.6637500000000003,3.704833333333333,4,9,8,3.3160039628764135,3.68117110783126,30.549450549450555,-0.2490882208092957,-0.18060228568419973,4.4655563488473184,2.861943651152682,0.05275383662563631,0.05040924128040314,0.04694509420557801,402817153.0,-1.5683338025544322,0.0,0.0,-1,0.0,0,24.085714285714285,0.21125114627948097,0.0033222591362127014,-1.2875541236788965,0.4647472532783687,0.8002218972443873,-0.10207100591715967,-0.1992084432717678,-0.7827469883956991,0.02454695222405272,0.0
2024-08-12,2.82,3.035,-0.003316752625994038,-0.019446645997619517,-0.0775582343458745,0.7619632558652337,-0.0734745395614395,3.3104999999999998,3.6072499999999996,3.6791666666666667,0,12,8,3.225821424171611,3.6256116815195663,30.888888888888886,-0.27451656316691375,-0.19938514118074252,4.4802211817750655,2.734278818224934,0.05202043655691025,0.05060478701672205,0.046239409965904865,402502048.0,-1.8036105118595924,0.0,0.0,-1,0.0,0,23.8,0.21835489435186242,-0.008237232289950693,-0.4308883399699356,0.49964431600322323,0.8033260895738205,-0.10759493670886089,-0.2860759493670887,-0.9573928746179975,0.08510638297872333,0.0
2024-08-13,2.83,2.82,-0.05111845392902313,-0.010183691412958882,-0.01808367543329535,-0.20929219411237365,0.003539826705124208,3.2155,3.5372499999999993,3.6471666666666667,1,13,8,3.153853892504045,3.574281895615078,32.04545454545455,-0.2905129389380745,-0.21761070073220892,4.424371157096165,2.6501288429038334,0.04492145951179941,0.04664107253391667,0.04475823840001711,402757648.0,-1.594483446466449,0.0,0.0,-1,0.0,0,25.514285714285712,0.20241419798168572,0.014184397163120581,-0.7004947557667042,0.5008655738518796,0.7404040728364123,-0.10725552050473186,-0.33096926713947994,-0.9526608368001783,0.09162544169611295,0.0
2024-08-14,2.52,2.83,-0.010544913176614887,-0.033668191115890464,-0.1180111638654258,1.0378309155214436,-0.11601781013181432,3.0695,3.46075,3.6068333333333333,2,14,8,3.038607730230582,3.5062637088012023,24.47698744769876,-0.3244643679446755,-0.23898143417470225,4.422438619044236,2.4990613809557645,0.04183819580163988,0.05066483637669623,0.048394825998575704,402036067.0,-1.9564544726232798,0.0,0.0,-1,0.0,0,26.428571428571438,0.21555128450306002,0.0,1.431516676099502,0.8019997074768286,0.8042793436111021,-0.18446601941747565,-0.37777777777777777,-0.6517909177583083,0.18452380952380948,0.0
2024-08-15,2.86,2.52,0.11187634394099322,0.10777140024213694,0.10330501647573027,2.710334420638784,0.12656272330842924,2.9875,3.39525,3.5761666666666665,3,15,8,3.006133597461385,3.4645692759753186,30.57692307692308,-0.3202443836285407,-0.2552340240654699,4.331656766089474,2.4588432339105255,0.06855289682583235,0.060791613912203175,0.05518824780982994,412884534.0,-1.1431997704058805,0.0,0.0,-1,0.0,0,32.37142857142857,0.20562018522235986,0.25595238095238093,4.231018310988688,1.4865507266150926,0.9650369532596638,-0.04983388704318936,-0.3141486810551559,0.7588694890010419,0.18531468531468526,0.0
2024-08-16,3.57,2.86,-0.10483406131558039,0.16238734189313736,0.014706147389695487,-1.1303515104396458,0.22174397095978657,3.0065,3.3642499999999997,3.569166666666667,4,16,8,3.1086547615593147,3.4713712581704597,50.0,-0.25665044282668514,-0.255517307817713,4.228116918356511,2.500383081643489,0.10617238806436184,0.08494665723392192,0.07234111120180471,416387718.0,0.47634651965012226,0.0,0.0,-1,0.0,0,33.74285714285715,0.18858102645676791,-0.003496503496503422,1.0025783442603298,2.3592146831022354,1.34848637848322,0.1762767710049422,-0.14797136038186165,0.6088685188416829,0.29677871148459384,0.0
2024-08-19,3.71,3.57,0.23638877806423034,0.08098368423373241,0.236196673558789,-0.8082399318211219,0.03846628082779614,3.0614999999999997,3.3537500000000002,3.5625,0,19,8,3.217990259457621,3.4867666608691397,48.80952380952381,-0.19273324769330324,-0.24296049579283105,4.193955958459457,2.5135440415405443,0.10303573022191546,0.08427314533370676,0.07242437023483562,417948883.0,0.8480063641852654,0.0,0.0,-1,0.0,0,39.88571428571429,0.18710136028804678,0.011204481792717097,0.17266862107802017,2.149825859085162,1.3377947085251487,0.3156028368794326,-0.0535714285714286,0.21942450237725122,0.17520215633423178,0.0
2024-08-20,3.7,3.71,0.06436537595490334,-0.05615948403872347,0.002877699827614974,-0.02526385564931703,-0.0026990569691649467,3.1145,3.35475,3.553833333333333,1,20,8,3.30562839410169,3.5005236504904857,44.90909090909091,-0.14125700366921956,-0.22261979736810877,4.196636821996773,2.512863178003227,0.10316242988982803,0.083026651340707,0.07239009694056037,416426665.0,0.8201815041626188,0.0,0.0,-1,0.0,0,44.68571428571429,0.19160776037322477,0.03773584905660381,0.13379920837514336,2.1611779697465505,1.318007229827869,0.3074204946996466,0.005434782608695565,0.2496074941132072,0.11216216216216217,0.0
2024-08-21,3.825,3.7,-0.0370412716803491,-0.0038585256875295227,0.04220035449037647,-0.7054959950411775,0.033225647628320386,3.188,3.3649999999999998,3.5566666666666666,2,21,8,3.4000595951741097,3.5214576085233578,52.81553398058253,-0.0893453366569692,-0.19596490522588086,4.225275353715148,2.5047246462848523,0.10196799526224891,0.08315786808829266,0.07185553488056333,417178433.0,1.0694250347018883,0.0,0.0,-1,0.0,0,50.22857142857144,0.19454024821891894,0.002702702702702645,-0.19683650776917072,1.6148130427404972,1.3200902311196197,0.517857142857143,0.056629834254143585,1.1330564782521608,0.06535947712418301,0.0
2024-08-22,3.47,3.825,0.037041271680349076,0.0,-0.050858417233490966,0.1267080298637062,-0.09740387331973134,3.2340000000000004,3.3515,3.545666666666667,3,22,8,3.4127760324151803,3.5181377628121737,51.71102661596959,-0.07597471051737736,-0.17196686628418018,4.1953140229116554,2.507685977088345,0.10777556582241897,0.08571257338231936,0.07389964367842192,416325112.0,0.2808675769362193,0.0,0.0,-1,0.0,0,46.77142857142858,0.19696003962694306,0.006535947712418277,-0.1662212527260927,1.9880721648446988,1.3606449204059483,0.21328671328671334,-0.07219251336898391,1.1966366216356066,0.12391930835734861,0.0
2024-08-23,3.39,3.47,-0.10391855434092495,-0.08888755014785768,-0.10693986200793199,0.1530831863562639,-0.023324672566409004,3.2695,3.3274999999999997,3.5323333333333333,4,23,8,3.4086349356124206,3.509870810372679,54.61847389558233,-0.0710151064420006,-0.15177651431574427,4.135776268558579,2.5192237314414205,0.1085814808316559,0.08543737107006244,0.07401383948800154,415330633.0,0.15465009287346365,30000.0,101865.0,1,0.0,0,51.57142857142857,0.20359918820517156,0.0,-0.12307243893741153,0.8480842826989892,1.3562762191351778,-0.05042016806722682,-0.12403100775193798,-1.0847770698152277,0.13271386430678464,0.0
2024-08-26,3.25,3.39,-0.04118228996641541,-0.04611768209496547,0.02229721885385282,-0.8892302510415804,-0.042174925050712804,3.3125,3.3115,3.509,0,26,8,3.3797922200465256,3.4931049516389576,51.52671755725191,-0.07748817895910465,-0.13691884724441636,4.112197722055241,2.5108022779447596,0.1063325041112089,0.08415631934654581,0.07389536932936017,414921930.0,-0.15361602339055283,0.0,0.0,-1,0.0,0,52.94285714285714,0.20836665238239435,-0.0176991150442478,-0.35904106458692747,0.7454455504424781,1.3359401534729638,-0.12398921832884091,-0.08963585434173671,-0.38716646101880003,0.06769230769230775,0.0
2024-08-27,3.05,3.25,-0.027398974188114388,-0.04525659158812083,-0.051791509128404904,0.019205006431316143,-0.06351340572232586,3.3345,3.275,3.469666666666667,1,27,8,3.3198299982198844,3.464517535404186,49.270072992700726,-0.09763103430487963,-0.129061284656509,4.0519779513224865,2.4980220486775133,0.10933515382792039,0.08391712045862923,0.07322145357417105,414505302.0,-0.5791670139854799,0.0,0.0,-1,0.0,0,52.28571428571429,0.2004268100990083,-0.0030769230769230114,-0.34583980735579767,0.7504894189222336,1.3321429888451009,-0.17567567567567577,-0.19312169312169314,0.6633695563572449,0.07540983606557392,0.0
2024-08-28,2.95,3.05,-0.05715841383994864,-0.050643732818754915,-0.044149784612929746,0.05497409413272182,-0.03333642026759172,3.3775,3.2235,3.433,2,28,8,3.252588180361723,3.4313228557006905,48.913043478260875,-0.12027707727601511,-0.12730444318041023,3.937732013018339,2.509267986981661,0.10228058307718234,0.08284914381478739,0.07308590745894838,414065129.0,-0.765857578531634,0.0,0.0,-1,0.0,0,51.08571428571429,0.20304608100195573,0.00327868852459024,-0.3286918912423618,0.4393176283211117,1.3151893852113155,-0.2287581699346405,-0.2587939698492462,-1.0210256898406362,0.06779661016949158,0.0
2024-08-29,2.65,2.95,-0.013158084577511199,-0.0032520353863773432,-0.08701137698962969,0.7363533013686661,-0.10724553035359768,3.3565000000000005,3.172,3.382333333333334,3,29,8,3.143026693023228,3.3809149295264525,43.65733113673805,-0.16058064852375997,-0.1339596842490802,3.896106709204492,2.447893290795508,0.10013887181286683,0.0841110746276298,0.07466617691256172,413145913.0,-1.4417764491464875,0.0,0.0,-1,0.0,0,56.057142857142864,0.2091819294463922,0.02372881355932198,-0.14102151800201085,0.4945389622459922,1.3352219158266192,-0.2363112391930836,-0.27989130434782616,-1.242456139051071,0.16226415094339613,0.0
2024-08-30,3.11,2.65,-0.047466537238923724,0.06616586079694661,0.08032238883883304,1.2325856722931907,0.1600630861930119,3.3105,3.1585,3.3463333333333334,4,30,8,3.1370218397462772,3.363436546976359,54.42073170731707,-0.15363238498824572,-0.1378942243969133,3.8763190653120625,2.4406809346879377,0.08005436431131009,0.09215409325286107,0.0820082029876962,416298904.0,-0.13513154593885152,0.0,0.0,-1,0.0,0,60.31428571428573,0.22184002851959764,0.08679245283018867,0.7294989381587755,1.7065773435445406,1.4629008782623545,-0.08259587020648973,-0.07988165680473369,1.8840914289622035,0.13479099678456594,0.0
2024-09-03,3.0,3.11,0.05406722127027579,-0.07598590697792199,-0.0210177108488771,-1.588847616588554,-0.036010437523033054,3.2395000000000005,3.1505,3.3156666666666665,1,3,9,3.1121087779742265,3.339989027816594,52.51479289940828,-0.155212721135769,-0.14135792374468442,3.8718065630464644,2.4291934369535357,0.0783190111836334,0.09129142584285992,0.08147385304293789,415655187.0,-0.41729829648120187,0.0,0.0,-1,0.0,0,56.34285714285714,0.21298653425135855,-0.022508038585208952,-0.31932541401998876,1.7008383569739183,1.449206457676215,-0.07692307692307687,-0.05063291139240511,1.8518575409238527,0.07956666666666672,0.0
2024-09-04,2.96,3.0,-0.030052345066401823,0.029175489133931472,0.034627141844247575,-0.8767238025079763,-0.013423020332140661,3.1655,3.14,3.2916666666666665,2,4,9,3.0844526365243667,3.3154736066671364,57.073954983922825,-0.15787295348911945,-0.14466092969357144,3.8662086114661447,2.4137913885338556,0.07815425188844617,0.09134631674307803,0.08081790785340282,415387308.0,-0.49572532508695455,0.0,0.0,-1,0.0,0,56.62857142857143,0.12072509412353538,-0.016666666666666607,-0.47755918210816095,1.6451176482317866,1.4500778237035203,-0.02950819672131144,-0.06624605678233442,1.6263714370643783,0.0777027027027027,0.0
2024-09-05,2.88,2.96,0.003384097984240494,-0.03247038503078416,-0.017391742711869107,-0.11176069928785812,-0.027398974188114503,3.0709999999999997,3.1294999999999997,3.267,3,5,9,3.047279429883573,3.287378535269257,50.35087719298246,-0.1645398255210706,-0.14863670885907126,3.8647686583822014,2.394231341617798,0.07588466913857203,0.09137350892093384,0.080896732027386,415147755.0,-0.6786634984523076,0.0,0.0,-1,0.0,0,50.62857142857143,0.07759364884970961,0.0,-0.48749497438576495,1.638805280220117,1.4505094861447967,-0.023728813559322104,-0.06796116504854366,1.5945845842643274,0.0624999999999999,0.0
2024-09-06,2.755,2.88,-0.03436764350420777,-0.04903771956121486,-0.0540672212702757,0.35855918034848555,-0.044372851542976766,2.9995000000000003,3.11675,3.234166666666667,4,6,9,2.9941377153592867,3.253031532993821,32.00883002207506,-0.17785957055441015,-0.15448128119813906,3.86938239786429,2.3641176021357104,0.07255288832070174,0.09171981085475713,0.08087205960118926,414804891.0,-0.9612926603386234,0.0,0.0,-1,0.0,0,39.34285714285715,0.11842255773464111,-0.006944444444444451,-0.4464619529142582,1.4545280558254554,1.4560068589174195,0.039622641509434064,-0.08471760797342187,2.1550710666247874,0.0671506352087113,0.0
2024-09-09,2.73,2.755,-0.03559094510270263,-0.0052128701885329875,0.0036968618813259814,-0.18729681362614584,-0.009115833408009382,2.9335,3.1015,3.196166666666666,0,9,9,2.946112676203053,3.2192875631232525,27.20930232558139,-0.1882626805314782,-0.1612375610648069,3.8732246577423712,2.329775342257629,0.07263481092660372,0.09171243713620178,0.08048364872062719,414520589.0,-0.9627786187026821,0.0,0.0,-1,0.0,0,41.971428571428575,0.09102465160715276,0.001814882032667838,-0.47441347295635883,0.22976690501015856,1.4558898047642084,-0.12218649517684887,-0.10049423393739709,-0.015765654305425394,0.058608058608058664,0.0
2024-09-10,2.74,2.73,0.003616640470188515,-0.003455440516066058,-0.029964788701936394,-0.01792603449109146,0.003656311203110479,2.8825,3.0975,3.1685000000000003,1,10,9,2.908637644166134,3.188365784857236,27.674418604651166,-0.1934701008208446,-0.16768406901601446,3.876166201032726,2.3188337989672743,0.07250598245090609,0.09025168951244296,0.0794452622177893,414799840.0,-0.9182368504652095,0.0,0.0,-1,0.0,0,39.6857142857143,0.08908226312109477,0.014652014652014666,-0.4755966494038357,0.2858934213167628,1.432701155120042,-0.08666666666666656,-0.028368794326240954,-0.4844626364955969,0.08397810218978109,0.0
2024-09-11,2.75,2.74,-0.010889399799268206,-0.02481499342218942,0.007575793808457723,-0.07268016984961402,0.0036429912785010087,2.8525,3.0934999999999997,3.1341666666666668,2,11,9,2.879794436135928,3.1600841213180595,23.58722358722359,-0.19454748024048163,-0.1730567512609079,3.878746190023566,2.3082538099764336,0.07073558846256692,0.09025177575233599,0.0785282765914988,415059515.0,-0.8748848561485943,0.0,0.0,-1,0.0,0,43.08571428571429,0.07171231481751941,0.0,-0.4838615575940686,0.32542924296720677,1.4327025241359024,-0.07094594594594594,-0.028268551236749095,-0.691174968990739,0.05090909090909095,0.0
2024-09-12,2.76,2.75,-0.007326040092072898,0.01776245633984025,0.020246479944389724,-0.06905613938387893,0.003629768050578731,2.8335,3.1055,3.0934999999999997,3,12,9,2.858013629565759,3.1342722425233465,28.994082840236672,-0.19237679482577574,-0.17692075997388146,3.8606012480032077,2.3503987519967926,0.07026387745656063,0.0863421064567525,0.07772693451049119,415301863.0,-0.9151090689192787,0.0,0.0,-1,0.0,0,42.97142857142857,0.02653226725947013,-0.010909090909090839,-0.4791546279673545,0.32350406484161626,1.3706384481481884,-0.04166666666666674,0.09523809523809512,-1.8761028487087683,0.04920289855072453,0.0
2024-09-13,2.72,2.76,0.014598799421152631,0.003514942107444592,-0.008989325419755204,0.36150587916270677,-0.014598799421152523,2.8405,3.0985,3.0615,4,13,9,2.832920242371985,3.1075450010702275,29.69696969696969,-0.19167467041453,-0.17987154206201117,3.8656828163373897,2.3313171836626103,0.06176309397317384,0.0810700082186031,0.07673322921556157,414953975.0,-0.9867270015431211,0.0,0.0,-1,0.0,0,48.62857142857143,0.027498762668961934,0.0,-0.5618808885184536,0.13759219962129116,1.2869464831943178,-0.01270417422867498,-0.04895104895104885,-0.8254718445341982,0.06249999999999997,0.0
2024-09-16,2.62,2.72,-0.010929070532190206,-0.03936107388058031,-0.034158918811319085,0.23873900974532236,-0.03745756253490044,2.7915,3.051,3.0361666666666665,0,16,9,2.794207471031624,3.0760904848721484,30.434782608695656,-0.19691745419016948,-0.18328072448764282,3.8128854728129173,2.289114527187083,0.01791117664278007,0.05654107111523995,0.07566944606801099,414512280.0,-1.1314036436702948,0.0,0.0,-1,0.0,0,50.31428571428571,0.013311877730165433,0.0036764705882352156,-0.39574444404467674,0.28360439572859186,0.8975616781928542,-0.04029304029304026,-0.26610644257703076,-1.395270361821216,0.057251908396946695,0.0
2024-09-17,2.6,2.62,-0.011049836186584935,0.007272759329079657,-0.015564516541111573,-0.09492401500222741,-0.007662872745569137,2.7515,2.9955000000000003,3.0175,1,17,9,2.7588970217531466,3.045374969719107,34.26573426573427,-0.20037641635979941,-0.18669986286207416,3.715842754672851,2.2751572453271494,0.01684046172329833,0.055179181740023446,0.07484161442944849,414110584.0,-1.0980883681675109,0.0,0.0,-1,0.0,0,54.62857142857143,-0.028516738128610594,0.030534351145038195,-0.3843050069494865,0.2649048168662975,0.8759423545928301,-0.051094890510948954,-0.2991913746630728,-1.1744838388034993,0.08076923076923075,0.0
2024-09-18,2.56,2.6,-0.037740327982847086,-0.025689486115310783,-0.04409531986522423,0.17604885415023086,-0.015504186535965312,2.7115,2.9385,2.9971666666666663,2,18,9,2.722733926888938,3.0140604555436807,35.76642335766422,-0.20399382072221828,-0.19015865443410299,3.6023175082126584,2.2746824917873414,0.016842876720069448,0.055088208365078,0.07485735632109877,413631563.0,-1.1403736578720811,0.0,0.0,-1,0.0,0,55.17142857142858,-0.021689145014815704,0.0,-0.201166839600735,0.23436851946115966,0.8744981970366269,-0.06909090909090909,-0.3081081081081082,-0.7408719066988093,0.09765625,0.0
2024-09-19,2.48,2.56,-0.0038535693159900777,-0.030190972279145682,0.0,-0.20218813322692672,-0.0317486983145803,2.6715000000000004,2.8712500000000003,2.976833333333333,3,19,9,2.6786004856364034,2.9796049422827986,42.608695652173914,-0.21088501991531317,-0.19430392753034503,3.419355589135189,2.3231444108648116,0.017246021250155962,0.05384644143635126,0.07492260700208103,413240231.0,-1.4276446281721804,0.0,0.0,-1,0.0,0,63.80000000000001,0.011458508962081376,0.011718749999999924,-0.3091306469966865,0.19540335371072337,0.8547857581583344,-0.10144927536231874,-0.35163398692810466,-0.4385450873463863,0.06854838709677416,0.0
2024-09-20,2.48,2.48,-0.043399315534555484,-0.04305948946044688,-0.0248975516217272,0.6664335572764335,0.0,2.6439999999999997,2.8217499999999998,2.959166666666667,4,20,9,2.6424913064297844,2.947372365361328,4.347826086956502,-0.21388085951200786,-0.1982193139266776,3.318595575923656,2.3249044240763435,0.014457428346719947,0.051185630206602724,0.07482007372763988,413240231.0,-1.3756789495998731,0.0,0.0,-1,0.0,0,61.2,0.0454583439253142,0.0,0.2745006117926079,0.24666426751053536,0.8125466893607188,-0.08823529411764708,-0.28530259365994237,-0.15227439485838848,0.04838709677419359,0.0
2024-09-23,2.4,2.48,0.008032171697264253,0.015833978302528074,-0.025533302005164762,-0.7882744453839288,-0.032789822822990956,2.611,2.77225,2.938,0,23,9,2.598401977988005,2.912058019208984,4.545454545454504,-0.2201724049565743,-0.20260993213265693,3.226127736840125,2.3183722631598753,0.01600361978092723,0.051298570455382726,0.07495801989435188,412893789.0,-1.6403095802476992,0.0,0.0,-1,0.0,0,63.85714285714287,0.025755762158325275,0.008064516129032265,-0.3249845273286566,0.2265587994340623,0.8143395602284088,-0.08396946564885499,-0.2920353982300885,0.005637626606783188,0.091625,0.0
2024-09-24,2.33,2.4,-0.03252319170556006,-0.0444392353128625,-0.02178735418490718,0.06719200793421978,-0.029600469776290633,2.57,2.7262500000000003,2.921666666666667,1,24,9,2.5496016183538224,2.874505888937437,4.347826086956502,-0.22817663680110334,-0.20772327306634622,3.1623918769634627,2.290108123036538,0.015640944477614188,0.051054075987095084,0.07408193670784834,412523269.0,-1.8170692654362826,0.0,0.0,-1,0.0,0,66.42857142857143,0.042178645745153,0.008333333333333342,-0.28394221609536846,0.2201299158834769,0.8104583308682883,-0.10384615384615381,-0.283076923076923,1.2192529172102546,0.06845493562231758,0.0
2024-09-25,2.26,2.33,-0.03789927259098582,-0.029023855826301945,-0.022272635609123178,-0.19262055038771864,-0.030503454293414854,2.521,2.68675,2.9026666666666667,2,25,9,2.496946778653127,2.8348603477156673,4.4117647058823195,-0.23743150064737417,-0.21366491858255182,3.1421072917577977,2.2313927082422023,0.014535742765032014,0.05002927733228528,0.07421956666937954,412217666.0,-1.8743523282679146,0.0,0.0,-1,0.0,0,65.74285714285715,0.029855999047240765,0.0,-0.3760882713091414,0.21859784022941173,0.7941901565610467,-0.11718750000000011,-0.25901639344262295,2.1954891407459183,0.061946902654867124,0.0
2024-09-26,2.36,2.26,-0.026088436084297967,0.004228336109521105,0.0,0.20746714941534955,0.04329680575332426,2.4810000000000003,2.6572500000000003,2.8973333333333335,3,26,9,2.4720473643525587,2.8042241962501406,19.84732824427479,-0.23399948228593548,-0.21773183132322857,3.11722110893156,2.1972788910684407,0.024156446933414785,0.05143284365638944,0.07202852340262382,412593728.0,-1.2924724802410534,0.0,0.0,-1,0.0,0,70.74285714285713,0.06286108603902367,0.004424778761062049,-0.2605077772864545,0.5208301052502453,0.8164710812140349,-0.048387096774193616,-0.20000000000000007,1.5023155694164543,0.06355932203389827,0.0
2024-09-27,2.46,2.36,0.05151353445010796,0.07320340402329492,0.05690813227187937,0.10138786334728615,0.04149973090675284,2.455,2.64775,2.8840000000000003,4,27,9,2.469856934470275,2.7820161835888415,31.506849315068493,-0.22066671026730456,-0.2183188071120438,3.116123164316368,2.1793768356836316,0.030278431504184983,0.04786572346257146,0.06792120696450135,413009918.0,-0.8017111752080736,0.0,0.0,-1,0.0,0,67.31428571428572,0.09850254990485023,0.012711864406779768,-0.15988789813409723,0.6420096925204174,0.7598448036369215,-0.008064516129032251,-0.07169811320754715,0.6062460015805957,0.08130081300812997,0.0
2024-09-30,2.3,2.46,0.02886798400085205,-0.03593200922606333,-0.039050514871873256,0.011707075583157986,-0.06725222700916746,2.4229999999999996,2.6072499999999996,2.841666666666667,0,30,9,2.438973855475679,2.7509183652927875,24.999999999999986,-0.22046961868270998,-0.21874896942617705,3.046501456576246,2.1679985434237534,0.03416873415440343,0.02664898933905883,0.04957160826453802,412588827.0,-1.3989708874040658,0.0,0.0,-1,0.0,0,73.6857142857143,0.04139661123190205,0.0,0.3059664564888057,0.7717398377270341,0.4230395908941672,-0.04166666666666674,-0.26045016077170424,0.18572956639498656,0.08695652173913052,0.0
2024-10-01,2.21,2.3,0.016129381929883717,0.028057952795157312,-0.07342746855481708,0.9405785646742364,-0.039916607405442554,2.384,2.5677499999999998,2.7916666666666665,1,1,10,2.3973422453891917,2.71602040624164,21.875,-0.22498221509155814,-0.2199956185592533,3.0003246056725583,2.135175394327441,0.03511747302845248,0.026815748518883967,0.04876127783920774,411510218.0,-1.6540499387095409,0.0,0.0,-1,0.0,0,70.31428571428572,0.012527888642965125,0.08695652173913052,3.4362639804760344,0.792309583459208,0.42568681080609366,-0.05150214592274682,-0.2633333333333333,0.299572651490758,0.1945701357466062,0.0
2024-10-02,2.17,2.21,-0.14156356432178688,-0.1268457171086122,0.004750602758597799,-1.1293532369556973,-0.018265347977293313,2.3449999999999998,2.52825,2.740666666666667,2,2,10,2.356007291682066,2.680793283258309,20.202020202020222,-0.2291447084022904,-0.22182543652786074,2.954238324523876,2.102261675476124,0.03512641465413738,0.026823003712872953,0.04869729522286238,411161566.0,-1.681970980779406,0.0,0.0,-1,0.0,0,70.57142857142857,-0.03266445338532324,-0.018099547511312233,-0.29850313384898386,0.7772113719935574,0.425801983440144,-0.03982300884955747,-0.2668918918918919,0.10164010908520842,0.05465437788018446,0.0
2024-10-03,2.125,2.17,0.013730192811902037,0.009556630585512302,-0.02884815433765839,0.18115591473502354,-0.020955365175987995,2.3095,2.4905,2.6839999999999997,3,3,10,2.31400596592169,2.6449356520803535,20.100502512562826,-0.2333843289915838,-0.22413721502060535,2.9190458889622484,2.0619541110377515,0.034769368780766266,0.026711953146191653,0.047763489753695064,410743671.0,-1.7057683175310903,0.0,0.0,-1,0.0,0,69.42857142857143,-0.026792751728999652,0.013824884792626843,0.01173533798821308,0.6294540013386679,0.4240391103457949,-0.09957627118644063,-0.2621527777777778,0.9803446721366946,0.09411764705882361,0.0
2024-10-04,2.15,2.125,-0.032335380642936576,-0.03620304866396059,-0.004889985294191681,-0.20832784969767149,0.011696039763191236,2.2765,2.46025,2.64,4,4,10,2.2841866993904736,2.6130043196880726,24.456521739130437,-0.23205201658728036,-0.22572017533394037,2.895541493380697,2.0249585066193028,0.03551625997038269,0.026443995019038942,0.045921729024259825,411082977.0,-1.4254815668022323,0.0,0.0,-1,0.0,0,71.4,-0.02401713580535036,0.002352941176470538,-0.39953991668951644,0.4498790052798919,0.41978540694844674,-0.1260162601626017,-0.2196007259528131,-0.08922718344822013,0.06046511627906972,0.0
2024-10-07,2.14,2.15,0.03233538064293645,0.013730192811902037,0.02421425812059453,0.1876803951344486,-0.00466201310581119,2.2504999999999997,2.43075,2.5983333333333336,0,7,10,2.257970935864933,2.5824879119662616,24.72527472527473,-0.22916143545470868,-0.22640842735809402,2.8690274295605755,1.9924725704394246,0.034974411176293005,0.02648809685820693,0.04593134243525274,410673622.0,-1.3267851839484912,0.0,0.0,-1,0.0,0,70.82857142857144,-0.026324188905567147,0.023255813953488497,-0.06578499474633803,0.3017004056254834,0.42048550194124107,-0.06956521739130417,-0.21611721611721602,0.14656983854952144,0.05140186915887865,0.0
2024-10-08,2.04,2.14,-0.013730192811902131,0.013544225107757034,-0.029128272923023713,0.5597578131418204,-0.0478560211776351,2.2215,2.39575,2.558,1,8,10,2.218339856616763,2.547488691839406,23.195876288659804,-0.23226241678440696,-0.22757922524335664,2.841776610014658,1.949723389985342,0.03640802776418003,0.02732664374538857,0.046052202507320096,409957149.0,-1.5951963044909305,0.0,0.0,-1,0.0,0,71.17142857142856,-0.014548863134623084,0.014018691588784955,1.3924308479408591,0.3432636141250835,0.4337970210981409,-0.07692307692307687,-0.25547445255474455,-0.32984985026992114,0.09803921568627459,0.0
2024-10-09,2.08,2.04,-0.037563101575648614,-4.484405480687689e-05,0.0,-0.26097731678207214,0.019418085857101516,2.2035,2.36225,2.5256666666666665,2,9,10,2.1931871554137152,2.517328131075574,28.494623655913983,-0.22885421222181268,-0.22783422263904785,2.796742747197786,1.927757252802214,0.037143750047794036,0.028099934615647526,0.04556998957842361,410509047.0,-1.2992161633092416,0.0,0.0,-1,0.0,0,71.14285714285715,-0.009192146912361056,0.02450980392156854,0.48696808989629203,0.4219539378709687,0.4460726331010723,-0.041474654377880116,-0.24363636363636365,-0.6676717374461401,0.09610576923076943,0.0
2024-10-10,2.11,2.08,-0.004796172263492944,-0.041150912383460324,-0.004938281640582454,-0.4363504151556146,0.014320053774748471,2.1785,2.3297499999999998,2.4976666666666665,3,10,10,2.178062218065767,2.491048896812634,30.729166666666657,-0.2211827788782208,-0.22650393388688245,2.7352448244190457,1.924255175580954,0.033536778471790714,0.028545880051862548,0.04563244103281308,410865789.0,-1.083860936152942,0.0,0.0,-1,0.0,0,70.28571428571429,-0.005540282094787312,0.0,-0.5723236978985329,0.42963159386888583,0.4531517974362473,-0.007058823529411784,-0.23550724637681153,-1.684554146665525,0.056872037914691996,0.0
2024-10-11,2.3,2.11,0.03309994842634471,0.1713582519966851,0.05770831762064677,1.5483116819687126,0.08622117544712882,2.1625,2.3087500000000003,2.4859999999999998,4,11,10,2.200232723871991,2.4787231615343996,45.32710280373831,-0.19749510000357517,-0.220702167110221,2.6702654506403323,1.947234549359668,0.04374296014314562,0.036664743000252714,0.04579515252689489,412543733.0,-0.04840733630887473,0.0,0.0,-1,0.0,0,71.65714285714286,0.012592360218748214,0.018957345971564,3.50348946938321,0.7877200017408432,0.5820347511765893,0.06976744186046502,-0.15441176470588247,0.6601079701030561,0.17391304347826084,0.0
2024-10-14,2.16,2.3,0.09742211300746852,-0.01587334915629012,-0.07267119029735916,-0.20620530392555192,-0.06280090123903023,2.1485,2.2857499999999997,2.454333333333333,0,14,10,2.1929176831679924,2.458160376919277,42.543859649122815,-0.18785381199633333,-0.2141324960874435,2.6215017096387796,1.9499982903612199,0.043131499609883245,0.038040098759570436,0.03258936717773454,411178447.0,-0.7490654337116458,0.0,0.0,-1,0.0,0,74.22857142857143,0.01135049425554974,0.03043478260869578,2.09808587669628,0.9569382548276716,0.60386784699696,0.009345794392523477,-0.17557251908396942,0.5120937694079454,0.2361111111111111,0.0
2024-10-15,2.12,2.16,-0.0835650783460422,-0.12783337150988477,0.051896127722394776,-1.177139795882399,-0.01869213301215252,2.1395,2.26175,2.425,1,15,10,2.179659922591994,2.436343578408356,43.6936936936937,-0.1813501953297325,-0.20757603593590132,2.5704531447491132,1.953046855250887,0.04181486477634974,0.038098448968069826,0.0323089956291836,410757722.0,-0.9183579915598334,0.0,0.0,-1,0.0,0,71.14285714285715,-0.00046917887663226884,0.009259259259259267,-0.4177096664058658,0.8820579225330545,0.6047941278407889,0.03921568627450989,-0.18461538461538463,0.42285500490065986,0.04905660377358494,0.0
2024-10-16,2.18,2.12,-0.027908788117076616,-0.009132483563272587,0.001906578270581669,-0.5399011312419711,0.027908788117076658,2.1405,2.24275,2.399,2,16,10,2.179721754847995,2.4198052830271717,41.58878504672898,-0.16940177548746993,-0.19994118384621506,2.519259731434518,1.9662402685654818,0.042567282483631154,0.03898361069580406,0.033090375211129626,411002923.0,-0.4538719102178149,0.0,0.0,-1,0.0,0,69.02857142857142,0.008785355255852183,0.0,-0.8388495267506797,0.8907996166525738,0.6188456346507312,0.04807692307692313,-0.1484375,0.26979012969210553,0.03669724770642205,0.0
2024-10-17,2.05,2.18,0.018692133012152546,0.004119941739728122,-0.02409755157906064,0.6936670269825205,-0.06148508365068104,2.133,2.22125,2.3713333333333333,3,17,10,2.1561359812392684,2.39594687767058,31.363636363636346,-0.16848034369666642,-0.19364901581630534,2.4867361479171395,1.9557638520828606,0.046405051065602866,0.040393036732055784,0.034198791981858455,410512266.0,-1.290086140791412,0.0,0.0,-1,0.0,0,68.57142857142857,-0.008279766304344216,-0.009174311926605512,-0.21070191102934194,1.0173380711511257,0.6412195793503006,-0.028436018957346043,-0.17338709677419362,0.81209705721978,0.0678048780487806,0.0
2024-10-18,2.08,2.05,-0.047402238894583906,-0.02732283881939225,-0.02469261259037141,0.2512593985087664,0.014528100562909808,2.1260000000000003,2.20125,2.348833333333333,4,18,10,2.1422930755594014,2.375563208143446,38.659793814432994,-0.1634452578925134,-0.18760826423154697,2.443951354276109,1.9585486457238908,0.04651266690819171,0.040690486561297014,0.03392581860181469,411143076.0,-0.9991703619590011,0.0,0.0,-1,0.0,0,72.42857142857143,-0.025058129140945996,0.004878048780487918,0.17594076029352354,0.6532135298556117,0.645941449004446,-0.09565217391304337,-0.16129032258064513,0.0466951360670061,0.062499999999999944,0.0
2024-10-21,2.07,2.08,0.023981964686485405,-0.009434032233358642,0.017348638334613073,-0.8494164295986554,-0.004819286435948995,2.1189999999999998,2.18475,2.3268333333333335,0,21,10,2.1291488800031466,2.3558494527793528,42.13483146067415,-0.15843548687339082,-0.18177370875991578,2.4151152705894945,1.9543847294105057,0.046513557925580935,0.04028923320758611,0.03393344514170475,410873301.0,-0.996243919114719,0.0,0.0,-1,0.0,0,69.8,-0.00960977471712656,0.014423076923076828,-0.7631372898489104,0.539320550403782,0.639571749484548,-0.04166666666666685,-0.13750000000000007,-0.8424290766437931,0.03623188405797089,0.0
2024-10-22,2.0,2.07,-0.019139340210697395,-0.014320053774748445,-0.04266644631890295,0.7118953600799371,-0.034401426717332324,2.1149999999999998,2.1682499999999996,2.3021666666666665,1,22,10,2.10566726545712,2.332891423567782,40.7608695652174,-0.15828896556925365,-0.17707676012178336,2.402057725771863,1.934442274228136,0.045308425957378655,0.04043943478718215,0.03415451350586229,410323540.0,-1.4392167704857493,0.0,0.0,-1,0.0,0,70.37142857142858,-0.005582115827893919,0.0,-0.05192158687799565,0.5682670530292341,0.6419561256413892,-0.05660377358490576,-0.14163090128755362,-0.43713827109841724,0.06500000000000006,0.0
2024-10-23,2.01,2.0,-0.03941396854087663,-0.03423317164224233,-0.015504186535965312,0.09683183199490226,0.004987541511038968,2.1079999999999997,2.15575,2.2774999999999994,2,23,10,2.0882732171921887,2.3120597188214735,43.50282485875705,-0.15557258602248814,-0.17277592530192432,2.395558585946724,1.915941414053276,0.04480056533906965,0.04013896059288972,0.034173840704163606,410929198.0,-1.215552807874694,0.0,0.0,-1,0.0,0,63.2,-0.012950671899071016,-0.0050000000000000044,0.056952423908957744,0.4844720313276682,0.6371862456804475,-0.07798165137614699,-0.11061946902654873,-0.7679810856484468,0.04477611940298501,0.0
2024-10-24,2.02,2.01,0.0050125418235441935,0.004962789342129097,0.015504186535965254,-1.2794509396854548,0.004962789342129097,2.0989999999999998,2.13875,2.2528333333333337,3,24,10,2.075859904975427,2.2932171563168624,42.52873563218392,-0.15087374066792814,-0.16839548837512508,2.3654395628249456,1.912060437175054,0.04450209154947556,0.03852696446045724,0.034192904770669365,411097686.0,-1.0476882880726273,0.0,0.0,-1,0.0,0,62.94285714285714,-0.008891277351094008,-0.004975124378109347,-1.0614505357671726,0.2960597237863396,0.6115966003955617,-0.014634146341463317,-0.14406779661016944,-1.5152590598883022,0.034653465346534684,0.0
2024-10-25,1.97,2.02,-0.01005033585350145,-0.004962789342129125,0.005115100666770409,0.495787422666446,-0.025063968663216276,2.066,2.1142499999999997,2.2278333333333338,4,25,10,2.0566126495253494,2.272364436554484,40.65934065934066,-0.14946155424292584,-0.16460870154868526,2.2962643140671655,1.932235685932834,0.030209952655765416,0.03688410567119418,0.03429274145685134,410821064.0,-1.58504017378292,0.0,0.0,-1,0.0,0,58.74285714285715,-0.007711567460273603,-0.01980198019801982,-0.7517250876720684,0.2816056759687234,0.5855170256220414,-0.05288461538461542,-0.19918699186991873,-0.543079830459001,0.025380710659898387,0.0
2024-10-28,2.04,1.97,0.0,0.043802622658393055,0.005089069507471228,0.3203678699615409,0.03491626510622788,2.0540000000000003,2.10125,2.2085,0,28,10,2.0535921677934676,2.2573731825832275,50.0,-0.14106782921771988,-0.1599005270824922,2.2634673655415285,1.9390326344584712,0.029295605870476655,0.03588513271004711,0.03489160381942608,411202148.0,-0.755159594603568,0.0,0.0,-1,0.0,0,60.85714285714287,-0.005744935733952683,0.0050761421319797,-0.4750581366735684,0.4372313564268667,0.5696588214920039,-0.01449275362318836,-0.11304347826086947,0.301996951656392,0.06372549019607848,0.0
2024-10-29,2.22,2.04,0.02985296314968113,0.06899287148695142,0.03491626510622788,0.6059940924874844,0.08455738802806317,2.064,2.10175,2.1958333333333333,1,29,10,2.0838481372855644,2.254962009513342,56.86274509803922,-0.11852496397896628,-0.151625414461787,2.265433745130896,1.938066254869104,0.041042485093203525,0.040574125374986204,0.03904305066344872,411900703.0,1.444859413565312,0.0,0.0,-1,0.0,0,60.057142857142864,0.005176574308748755,0.0,0.412592011293974,0.6797688196939237,0.644094272437013,0.1100000000000001,0.00452488687782826,0.9841494730872888,0.09459459459459457,0.0
2024-10-30,2.07,2.22,0.0709517359722844,-0.013423020332140548,0.0,-0.4770483044960547,-0.06995858860691058,2.053,2.09675,2.1794999999999995,2,30,10,2.0813302941427345,2.2430289766415132,48.24561403508772,-0.11147827509984065,-0.14359598658939773,2.2577428079435515,1.935757192056449,0.04598878341548961,0.04322087785908311,0.04067199213649605,411467171.0,-0.33231298145168825,0.0,0.0,-1,0.0,0,57.2,-0.00368801768741091,-0.013513513513513624,-0.31749952915484997,0.9386634741720009,0.6861101655661901,0.029850746268656803,-0.04608294930875578,0.20301022425474194,0.08695652173913052,0.0
2024-10-31,1.9,2.07,-0.06606175067809275,-0.055569851154810765,-0.07109592168373034,0.09458605374790424,-0.08569472110488284,2.038,2.0855,2.160166666666667,3,31,10,2.048361149753146,2.220898074922706,32.14285714285715,-0.11824821087716586,-0.13852643144695137,2.268167370978164,1.9028326290218365,0.0494219961926274,0.04670034826441087,0.042756929598592605,410990631.0,-2.031014066788921,0.0,0.0,-1,0.0,0,40.45714285714286,0.001622232393426632,-0.00966183574879228,-0.20901949305444292,1.1352520301848543,0.7413450458864282,-0.05940594059405946,-0.10588235294117654,0.5485491898342961,0.10526315789473695,0.0
2024-11-01,1.94,1.9,-0.050010420574661305,-0.060862745403701325,0.0,-0.5021269795647437,0.020834086902842053,2.024,2.075,2.1421666666666668,4,1,11,2.0286591225253012,2.2027756184760796,39.215686274509814,-0.11901385046478907,-0.13462391525051892,2.2660084043316835,1.8839915956683169,0.04976699477752346,0.04691677518316806,0.04306374510750292,411279053.0,-1.4135503667741727,0.0,0.0,-1,0.0,0,50.48571428571429,-0.003722760025742358,0.026315789473684237,-0.7115021719441271,1.1446312048895266,0.7447807167107372,-0.015228426395939132,-0.0976744186046512,-0.06716455735224422,0.0391752577319588,0.0
2024-11-04,2.02,1.94,-0.02072613051711697,0.031875208530449034,0.001945474757211274,-0.02644375141878194,0.0404095383378767,2.019,2.069,2.1294999999999997,0,4,11,2.02708473661161,2.1909836430905263,45.283018867924525,-0.1118756609626157,-0.1300742643929383,2.2589473611267588,1.8790526388732414,0.0519538230233531,0.047997147991954627,0.04367863548642394,411559948.0,-0.5159324110567716,0.0,0.0,-1,0.0,0,42.42857142857143,0.003710937956489319,-0.01546391752577321,-0.7074096784472107,1.1567450238406987,0.7619311033624508,-0.009803921568627416,-0.05607476635514019,-0.11476590324016897,0.06747524752475252,0.0
2024-11-05,2.12,2.02,0.055994269354575,0.03846628082779614,0.05929815048350744,0.14320692747761865,0.04831857727080773,2.0309999999999997,2.073,2.1225,1,5,11,2.043978420864044,2.1864040532137183,47.27272727272727,-0.09703091806532749,-0.12346559512741613,2.2637436968650775,1.8822563031349224,0.05281995400535333,0.04807841417676635,0.044519348548018464,411884092.0,0.492807896380928,0.0,0.0,-1,0.0,0,43.54285714285715,-0.004452411861968861,0.0,-0.5374154589770139,0.9919085934190554,0.7632211640525158,-0.04504504504504503,0.03921568627450989,-0.5197299370380802,0.047169811320754755,0.0
2024-11-06,2.3,2.12,0.09890407405891408,0.10724553035359759,0.07622736538788431,0.9067645299312929,0.0814930342511828,2.06,2.084,2.1238333333333332,2,6,11,2.0905277988887634,2.193732823974124,60.8695652173913,-0.0699356816863661,-0.11275961243920612,2.3001286166762505,1.8678713833237497,0.05823216899235526,0.05136846092048247,0.04692096831712251,412686769.0,1.9988098135431702,0.0,0.0,-1,0.0,0,44.0,-0.009478519001995669,0.05188679245283013,0.7019897543383972,1.0015595548480118,0.8154490369664201,0.11111111111111116,0.10576923076923062,-1.4861790989979953,0.07826086956521727,0.0
2024-11-07,2.35,2.3,0.008928630744301398,0.012631746905900784,-0.0469569830877711,-0.4077101223153732,0.021506205220963682,2.093,2.096,2.1235000000000004,3,7,11,2.13770456272717,2.203814577266116,61.538461538461526,-0.043921628321808015,-0.09899201561572651,2.342696062731945,1.8493039372680549,0.058149555841643996,0.051455417050808853,0.04639324086230815,413220687.0,2.0592140562534325,0.0,0.0,-1,0.0,0,59.05714285714286,-0.019524355764236626,-0.021739130434782532,-0.03223975731001111,0.4149333440721761,0.8168294227413169,0.23684210526315796,0.11374407582938395,1.1207840567247667,0.1319148936170213,0.0
2024-11-08,2.75,2.35,0.03922071315328133,0.14393731378563926,0.06513930217096145,0.8807891793400517,0.15718558352241235,2.1710000000000003,2.1185,2.133166666666667,4,8,11,2.2490310058676846,2.239052346474754,71.7948717948718,0.008869115805088867,-0.07741978933156345,2.4926812113754435,1.7443187886245568,0.07337070029950771,0.06060278911357978,0.05534248368682767,414508926.0,3.3753699052856505,0.0,0.0,-1,0.0,0,59.42857142857144,-0.0077229596258753305,-0.004255319148936268,2.3801667902734946,0.9317163058718391,0.9620394525085477,0.41752577319587636,0.19565217391304368,1.4820839924857652,0.1963636363636362,0.0
2024-11-11,3.18,2.75,0.28125118212149064,0.19372966610791648,0.2843996642122172,0.7188575113950606,0.14528028511360563,2.2849999999999997,2.1695,2.1625,0,11,11,2.4182980957099236,2.2997586467021893,80.72916666666666,0.08443030717738598,-0.04504977002977356,2.7744088665585402,1.5645911334414602,0.0826038803675727,0.06630628050510509,0.060207364758809535,417152505.0,3.340999135122476,0.0,0.0,-1,0.0,0,66.6,0.012455274844210478,0.12727272727272732,3.767536043014349,1.0333490015423186,1.05257957146919,0.5742574257425743,0.4722222222222221,0.1352786035008411,0.1256918238993711,0.0
2024-11-12,3.07,3.18,0.009630893060961146,0.04380262265839284,0.033234730522914875,-0.07074665960306231,-0.03520363519297979,2.37,2.2169999999999996,2.1911666666666667,1,12,11,2.536789351035392,2.3494516372375323,76.23762376237622,0.1338935732704689,-0.009261101369725067,2.94268225611568,1.4913177438843195,0.08510895306382794,0.06691177204319457,0.06007860813310589,414689488.0,2.3508911587994636,0.0,0.0,-1,0.0,0,66.71428571428571,0.005345491430810081,-0.015723270440251656,2.5851268760332857,1.3866114358121062,1.0621914516536224,0.44811320754716966,0.44811320754716966,-0.31121362970436695,0.14657980456026065,0.0
2024-11-13,3.74,3.07,0.08274242707005376,0.22884157242884764,0.02589141393274171,0.9325982566734962,0.19740804982733487,2.537,2.295,2.2435,2,13,11,2.7555549235744117,2.439164434835111,82.08955223880596,0.22456828518646876,0.0375047759415137,3.289500668147798,1.300499331852202,0.0939662411416903,0.08020359846500556,0.07049481058208702,420948268.0,2.905980953620136,0.0,0.0,-1,0.0,0,66.31428571428572,0.03701224788997216,0.10749185667752446,3.7288935879261835,1.704622669480504,1.2731926547453187,0.6260869565217393,0.7155963302752293,-0.5468404936034433,0.33957219251336906,0.0
2024-11-14,3.695,3.74,0.1423162221802554,-0.058496206681608494,0.06502761876222171,-0.9605285633469788,-0.012105057026275517,2.7165000000000004,2.37725,2.2958333333333334,3,14,11,2.9263631192881547,2.5201860842005877,82.24299065420558,0.28946079981938677,0.08789598071708832,3.5436726687201867,1.2108273312798135,0.08387297399027493,0.07807499425467111,0.07033667205418456,418553092.0,2.25947254856741,0.0,0.0,-1,0.0,0,60.31428571428573,0.03596374595956576,0.04812834224598923,0.9072086818740435,1.8230295106451653,1.239402110463939,0.5723404255319147,0.802439024390244,-0.44258559817167914,0.2191339648173208,0.0
2024-11-15,2.85,3.695,-0.157131307965396,-0.19707075731925838,-0.2505491782868472,0.012834497938148476,-0.25966156011960584,2.8075,2.41575,2.319166666666667,4,15,11,2.912478915781217,2.541464401348937,61.7391304347826,0.26959640758227765,0.12423606609012619,3.5916540195343147,1.2398459804656852,0.1268087877135357,0.09755026707661954,0.08381677086848181,416126977.0,0.7385806881959176,0.0,0.0,-1,0.0,0,51.2,0.05398966062446102,-0.09336941813261157,0.8511850674505814,2.792132980073323,1.5485624820760027,0.036363636363636376,0.3701923076923077,-0.39794399243523343,0.2834035087719298,0.0
2024-11-18,2.66,2.85,-0.1442496088445468,-0.1544539606431583,-0.039220713153281385,-0.49358920741329027,-0.06899287148695143,2.8715,2.44525,2.3365,0,18,11,2.8665736583664505,2.549111859326425,56.35838150289017,0.23580411842121185,0.14654967655634332,3.6142147916894647,1.2762852083105354,0.13181626819999523,0.09935654088763392,0.08501918434660716,414646000.0,0.36741910710523484,0.0,0.0,-1,0.0,0,50.285714285714285,0.05283262184873363,0.017543859649122744,0.16684271467540446,2.5430287452099587,1.5772361898978002,-0.16352201257861632,0.28502415458937214,0.5870436350145465,0.15789473684210523,0.0
2024-11-19,2.72,2.66,-0.11305286128098195,-0.040180077305530616,0.015873349156290163,-0.14137379915403275,0.022305757514298186,2.9315,2.48125,2.359166666666667,1,19,11,2.839923902299823,2.560136900660204,59.64391691394659,0.21142777656087608,0.1595252965572499,3.6367488669739227,1.3257511330260774,0.13178266491467258,0.09862589567908464,0.08434163260135726,415931732.0,0.4132414264070206,0.0,0.0,-1,0.0,0,49.51428571428572,0.04852142301203139,-0.026315789473684317,0.007019264897418297,2.5613886270329083,1.5656375567871466,-0.1140065146579804,0.3600000000000001,0.2301844382506795,0.09742647058823534,0.0
2024-11-20,2.56,2.72,0.0378833179023015,-0.012556218775412594,0.003929278139889557,-0.4864127682206321,-0.060624621816434854,2.9575,2.50875,2.375166666666667,2,20,11,2.7890286473362185,2.5601280683595458,59.82142857142857,0.17715653690892186,0.1630515446275843,3.643010134462397,1.3744898655376032,0.13334594513777043,0.10016269813626523,0.08534207272194294,415141228.0,0.09036727721069186,0.0,0.0,-1,0.0,0,49.51428571428572,0.04978268956219293,-0.011029411764705973,-0.3436642672290589,1.5316356037425822,1.5900335394827434,-0.31550802139037437,0.2736318407960201,-1.4606794799232987,0.08593750000000007,0.0
2024-11-21,2.44,2.56,-0.05344783444341302,-0.048068403041022334,-0.1251631429540059,0.7058528990392433,-0.048009219186360606,2.9665000000000004,2.52975,2.386166666666667,3,21,11,2.7255688932750877,2.5523778704008655,57.26744186046511,0.1387143230857788,0.1581841003192232,3.6412330064752627,1.4182669935247372,0.13493551115985936,0.1011554758106642,0.08597559177842591,413540004.0,-0.1614959463655956,0.0,0.0,-1,0.0,0,56.60000000000001,0.050687552400335165,-0.00390625000000009,0.17290736214283203,1.4690732358489267,1.6057933964845637,-0.33964817320703655,0.20792079207920788,-1.3682950750133436,0.15983606557377056,0.0
2024-11-22,2.44,2.44,-0.08167803101426713,-0.0346855579878901,0.016573016842695316,-0.7627543244709011,0.0,2.9355,2.5532500000000002,2.390833333333333,4,22,11,2.6736472763159806,2.545127685213713,56.25,0.10701498948547261,0.14795027815247308,3.634361878917221,1.4721381210827795,0.1229604854756209,0.1008023917135867,0.08458843374912914,413540004.0,-0.20950653157825805,0.0,0.0,-1,0.0,0,60.71428571428572,0.05072596467971461,-0.03688524590163929,-0.4521770849012721,0.6210449974327796,1.6001883602080107,-0.14385964912280702,0.23857868020304562,0.6500660295921985,0.10754098360655737,0.0
2024-11-25,2.73,2.44,0.06187540371808745,0.12166221215246742,0.07671491758086182,0.8901524841544651,0.11230356989175794,2.8905000000000003,2.58775,2.4098333333333333,0,25,11,2.6838932260767114,2.5570549313289574,58.59154929577464,0.10409368835149513,0.1391789601922775,3.6436431116154613,1.5318568883845392,0.11795958168346142,0.10335839276528586,0.08608242448617276,415358785.0,0.2694401515364841,0.0,0.0,-1,0.0,0,62.88571428571429,0.061834719609825256,0.024590163934426253,0.2652576323039933,1.1235385683028367,1.6407636190097037,0.02631578947368407,0.33823529411764697,1.1196439478166698,0.15014652014652013,0.0
2024-11-26,2.53,2.73,0.06578774053800315,-0.07567709891064396,0.020040750883445972,-0.6945309318023933,-0.07608230645743957,2.8365,2.60325,2.4234999999999998,1,26,11,2.655912639517309,2.5553094518883794,53.22128851540616,0.08466425084366147,0.1282760183225543,3.6454252302398116,1.5610747697601888,0.11952236062975245,0.10403475684888915,0.08731024502908916,414450652.0,-0.1405713701008706,0.0,0.0,-1,0.0,0,65.91428571428573,0.052799889347456885,-0.021978021978021997,-0.40220512990913804,1.2405465487997507,1.6515005659754063,-0.06985294117647067,0.13963963963963955,1.631611794974245,0.059288537549407085,0.0
2024-11-27,2.6,2.53,-0.038172573505029714,-0.009407407101895368,-0.01600034134644119,-0.3227088453786178,0.027292142288007554,2.7224999999999997,2.6297500000000005,2.4375,2,27,11,2.6457467050596164,2.5581927130568713,53.48189415041783,0.07406096788631356,0.11743300823530617,3.6413379908129526,1.6181620091870481,0.09021331626277083,0.10238194016610894,0.08730563701992836,415108308.0,-0.058818412773153035,0.0,0.0,-1,0.0,0,64.4,0.06128371969491091,0.015810276679841914,-0.5955327593681089,1.1857229519153998,1.6252629145429152,0.015625,0.2560386473429954,0.8497429528494138,0.06346153846153847,0.0
2024-11-29,3.12,2.6,0.03442022388647937,0.1998110719243024,0.06630107982124007,1.4927980961420328,0.1823215567939546,2.665,2.69075,2.4731666666666667,4,29,11,2.7319745768669588,2.594438344472557,54.98652291105121,0.10639103431133945,0.11522461345051282,3.663441734582655,1.718058265417345,0.11645678583484702,0.10739626633487967,0.09289853143510747,418034567.0,0.8826023389294553,0.0,0.0,-1,0.0,0,65.0,0.07874669822281753,0.023076923076923096,0.9599980217733488,1.6898004777701265,1.7048628747536991,0.278688524590164,0.642105263157895,0.36600771629155066,0.1858974358974359,0.0
2024-12-02,3.23,3.12,0.3245866293872318,0.19869858607527735,0.17917194789105836,0.29940806210301224,0.03464913541317406,2.7030000000000003,2.75525,2.5115,0,2,12,2.822524653800239,2.635442322248521,50.73746312684365,0.13928335376899437,0.12003636151420914,3.6886167130617733,1.821883286938227,0.08793518034536965,0.10737697987362171,0.0929473408513874,421982266.0,1.0172850463943628,0.0,0.0,-1,0.0,0,65.31428571428572,0.07822239692088143,0.1794871794871795,1.50161177661327,1.6356320658948336,1.704556711672745,0.32377049180327866,0.6649484536082475,0.12014397853600313,0.23839009287925697,0.0
2024-12-03,3.0,3.23,-0.1273394223766015,-0.1742325339208709,-0.06516963507458093,-1.1938994173352588,-0.07386984856645552,2.737,2.8042499999999997,2.5425,1,3,12,2.8547928985638316,2.658962172426036,49.002849002849004,0.14511883649201174,0.12505285650976966,3.6759529612377664,1.932547038762233,0.08841913216842728,0.10974584480278506,0.09431217759560144,420785966.0,0.44912087879579266,0.0,0.0,-1,0.0,0,59.57142857142858,0.07181742930506417,0.0030959752321982137,-0.4462653600584278,1.7684169929557296,1.742161276625158,0.098901098901099,0.48514851485148514,1.1200349939404328,0.11333333333333329,0.0
2024-12-04,2.98,3.0,-0.05715841383994864,0.006024114603380876,-0.02212856251073388,0.26928602880400854,-0.006688988150796652,2.763,2.84725,2.5751666666666666,2,4,12,2.8775578260976804,2.679674290334034,36.71328671328672,0.14644157838050642,0.129330600883917,3.659663396193654,2.0348366038063457,0.08863958785926693,0.10982217358803317,0.0939402726850998,419219974.0,0.32680406458575095,30000.0,95400.0,1,0.0,0,57.48571428571429,0.0713687734081161,0.020000000000000018,-0.23501208001579502,1.592893395130597,1.743372958527011,0.17786561264822143,0.4056603773584906,1.2283501086003548,0.14261744966442963,0.0
2024-12-05,2.9,2.98,-0.01813734797711855,-0.08753567493394007,-0.026121343583973063,-0.36550090594560275,-0.027212563524884815,2.7969999999999997,2.87725,2.6048333333333336,3,5,12,2.8816382213526475,2.6938888522479676,36.26943005181348,0.13942729834009082,0.13134994037515177,3.6478101175352666,2.1066898824647335,0.08632749065439199,0.1093404767447394,0.0942669513437504,418133412.0,0.059047956109559784,0.0,0.0,-1,0.0,0,54.91428571428572,0.07253444657398052,0.008389261744966413,-0.6011275655782066,1.6586901083263952,1.73572625819893,0.11538461538461542,0.26086956521739135,1.5171789358549346,0.0761379310344828,0.0
2024-12-06,3.41,2.9,0.03755543383422005,0.15077831173093664,0.058300241948208376,1.0453641359471597,0.1620015543029971,2.8939999999999997,2.93025,2.6511666666666667,4,6,12,2.9777039992885297,2.7400895714577764,60.93749999999999,0.17302662539286962,0.13968527737869535,3.6939010294211423,2.1665989705788578,0.09652315264671311,0.11495944159847776,0.09860710643622761,421224066.0,1.2564639646034577,0.0,0.0,-1,0.0,0,52.142857142857146,0.07096070445039225,0.07586206896551731,0.7925148312116822,1.5005813419904666,1.8249245599705548,0.09294871794871806,0.451063829787234,1.367511331749225,0.16052785923753668,0.0
2024-12-09,3.36,3.41,0.21024014647830191,0.10750063812368152,0.09893994785490345,-0.12592896989189814,-0.014771317320312656,2.9859999999999998,2.96075,2.6975,0,9,12,3.047212363054251,2.780083792654049,64.46280991735536,0.19339046709640995,0.15042631532223827,3.742598518104556,2.178901481895444,0.0972724339146778,0.1099912301627545,0.09845840420713034,418499106.0,1.0212975806820128,0.0,0.0,-1,0.0,0,49.25714285714287,0.06618628694460708,0.1290322580645161,0.4670782431194665,1.5130851528499154,1.7460566484522893,0.04024767801857587,0.2218181818181817,1.836352714346136,0.18988095238095248,0.0
2024-12-10,3.55,3.36,-0.14810836537129574,-0.0426696920236184,-0.04698020892419238,-0.09798866539623059,0.05500662951221158,3.068,2.97925,2.7478333333333333,1,10,12,3.138628297044387,2.829755806031207,66.27450980392155,0.22229785911945266,0.16480062408168117,3.7995084637585617,2.1589915362414382,0.09332683455299239,0.10544448715585442,0.0986283916798768,420969716.0,1.3916345279382498,0.0,0.0,-1,0.0,0,46.971428571428575,0.09609320680595493,-0.011904761904761916,0.2838960834947661,1.3356478784885226,1.6738793408228112,0.18333333333333335,0.1163522012578615,1.5506746828889095,0.17605633802816903,0.0
2024-12-11,3.5,3.55,0.11375888535665817,0.009178357375950297,0.05182954298562998,-0.11796281511306486,-0.014184634991956413,3.165,3.00075,2.7904999999999998,2,11,12,3.2043322430363164,2.8729973669324194,69.26229508196721,0.23842418780850938,0.17952533682704683,3.8529439178868548,2.1485560821131453,0.08774195390553788,0.10507963046565824,0.09807209945432913,418774013.0,1.1716816783625181,30000.0,101700.0,1,0.0,0,49.2,0.0942133441778817,0.04788732394366208,0.08790293434255428,1.351812993638845,1.668087420424188,0.17449664429530198,0.14006514657980462,1.5492747229582715,0.14051428571428573,0.0
2024-12-12,2.95,3.5,-0.08116340710720668,-0.10040178704572932,-0.14114506846010996,-0.0495932590699491,-0.17095779814363954,3.2,2.96125,2.8198333333333334,3,12,12,3.1580900170297133,2.8779652787432313,58.88501742160279,0.20446704717676178,0.18451367889698983,3.7391681055525705,2.18333189444743,0.10707012335032386,0.09964143700697582,0.10210636063803816,416684546.0,-0.028923353036008553,0.0,0.0,-1,0.0,0,47.114285714285714,0.09454627923506083,-0.019999999999999955,0.24424956054626054,1.924674162114136,1.5817587755853966,0.017241379310344973,-0.21122994652406413,0.02060817221224834,0.19152542372881354,0.0
2024-12-13,3.17,2.95,-0.1609766448976582,-0.07980154042288004,-0.013937507843781624,-0.5762946926550276,0.07192641753746072,3.2049999999999996,2.9349999999999996,2.8621666666666665,4,13,12,3.160255468478856,2.896806228501733,61.812297734627826,0.1930821985658282,0.18622738283075752,3.6407508133367217,2.2292491866632775,0.08919767169116886,0.10128023982744093,0.10086770772248997,417858778.0,0.6659574330178748,0.0,0.0,-1,0.0,0,49.114285714285714,0.08703193780501757,-0.010169491525423813,-0.7044535179433963,1.4476870739458736,1.6077739638503281,-0.0703812316715543,-0.14208389715832204,-1.2037404468686654,0.10725552050473182,0.0
2024-12-16,3.0,3.17,0.08843730051656286,0.004691173575880239,0.020834086902842053,0.2585130362830075,-0.055119299221079554,3.182,2.9425,2.8975,0,16,12,3.1311181105736092,2.9034638911790402,54.54545454545455,0.16840082488414732,0.1826620712414355,3.6476352987000533,2.2373647012999465,0.09028766802838044,0.08732279479422785,0.10181158758424605,416338144.0,0.16308926841700808,0.0,0.0,-1,0.0,0,56.057142857142864,0.09031759666613147,0.006309148264984233,-0.2729342998106791,1.4800442309163466,1.3862063928759152,-0.1071428571428571,0.05263157894736836,-0.7472896057833072,0.09833333333333331,0.0
2024-12-17,3.16,3.0,-0.038343355197647505,-0.0015612805669524645,0.0170361871525678,-0.1918953708783112,0.051959738930711166,3.198,2.9675000000000002,2.9354999999999998,1,17,12,3.1363693631965894,2.920014607877167,60.75085324232082,0.1599080013456895,0.1781112572622863,3.665885355847537,2.2691146441524634,0.08851713145991846,0.08617688769976224,0.1019240750655142,417593265.0,0.5512715820519701,0.0,0.0,-1,0.0,0,51.4,0.10628072687014929,0.02333333333333328,-0.5548788215334984,1.4698835409887794,1.3680156816906717,-0.10985915492957743,0.18796992481203012,-0.755664489717983,0.07594936708860765,0.0
2024-12-18,3.61,3.16,0.041473248206575095,0.3184537311185346,0.06854231955322014,1.8622168193267703,0.1331357447459687,3.261,3.012,2.9851666666666663,2,18,12,3.222484024433573,2.964529794465737,65.25679758308158,0.18732920226176164,0.17995484626218136,3.7559185014779803,2.2680814985220197,0.09771136346490353,0.09097746037849845,0.1042359737583023,425673725.0,1.607702991152722,0.0,0.0,-1,0.0,0,33.12857142857143,0.09765509134651863,0.012658227848101276,3.592421064839383,1.8706674946628867,1.4442224104424348,0.03142857142857136,0.3272058823529411,-0.6552172195382387,0.34072022160664833,0.0
2024-12-19,4.22,3.61,0.23803216380796027,0.21401106775093715,0.20980578610808523,0.5664383234498814,0.15612735570313083,3.393,3.0949999999999998,3.0491666666666664,3,19,12,3.40385056544565,3.0455278722421415,66.17647058823529,0.255339212070516,0.19503171942384828,3.9830374577206404,2.206962542279359,0.10576075545960437,0.09501477639000247,0.10704673088954607,439911336.0,2.5336769079258894,0.0,0.0,-1,0.0,0,19.51428571428572,0.03168704310372057,0.1246537396121883,3.6322426694119163,1.3831503739013777,1.5083128152261478,0.43050847457627106,0.6484374999999998,-0.7536711812011367,0.3649289099526067,0.0
2024-12-20,4.37,4.22,0.036279674080648895,-0.10842330518837218,0.07392527369701564,-0.8620228724388552,0.03492788105957843,3.489,3.1915,3.1165000000000003,4,20,12,3.579514099000986,3.130977686936197,66.56976744186046,0.31767937118483314,0.21956124977604527,4.192158204435673,2.190841795564327,0.09496409737008711,0.09330185415989192,0.10705784013225693,445923978.0,2.355449632603817,0.0,0.0,-1,0.0,0,27.600000000000005,0.013675624828386565,-0.002369668246445447,0.938301500254904,1.4150820132755122,1.4811210178097478,0.3785488958990537,0.7909836065573772,-0.30683749538004623,0.1556064073226544,0.0
2024-12-23,5.71,4.37,0.11434615190317393,0.184296428898915,0.10371783703348618,0.12810999033089582,0.26745601456042,3.724,3.3549999999999995,3.2151666666666667,0,23,12,3.9668751719098974,3.2973662232628937,79.78021978021978,0.4697956853492147,0.2696081368906792,4.805930735769003,1.904069264230996,0.12732107502346388,0.11100796254347454,0.11590973687208395,452758416.0,3.246192174365696,0.0,0.0,-1,0.0,0,30.142857142857142,-0.03638056014395828,0.08009153318077795,1.0772290478234159,1.7212204323593983,1.7621967746280405,0.9033333333333333,1.3401639344262297,0.8715192866978649,0.21182136602451843,0.0
2024-12-24,5.54,5.71,0.20432349198744001,0.046588045159732944,0.06825742770632422,-0.3637449969030579,-0.030224522908726386,3.9229999999999996,3.4955,3.293833333333333,1,24,12,4.252897867926279,3.442052273374965,77.23404255319149,0.570060083223312,0.3296985261572058,5.2115845887626495,1.77941541123735,0.13056509535007452,0.11105391868677927,0.11392830020368722,448008014.0,2.382749677245395,0.0,0.0,-1,0.0,0,34.51428571428571,-0.04347620796306742,0.014010507880910695,0.3998028046934306,2.0573388122677723,1.7629263057864404,0.7531645569620253,1.0293040293040292,0.3269889990012448,0.2093862815884477,0.0
2024-12-26,5.76,5.54,0.0017256259674696358,0.009693129205659533,0.08065790301745454,0.20581244355280867,0.03894297394860733,4.148999999999999,3.657,3.3835,3,26,12,4.526916437394228,3.5915972879959353,79.54545454545455,0.659668257247481,0.39569247237526084,5.585327336265473,1.7286726637345273,0.1286018931837843,0.10773430713189525,0.11340093819308324,453843991.0,2.1811649510428137,0.0,0.0,-1,0.0,0,34.17142857142857,-0.04936809307662584,0.046931407942238226,0.6580790263985096,2.1297458609966324,1.7102291060450827,0.5955678670360112,1.2766798418972334,0.9605964400645485,0.13888888888888887,0.0
2024-12-27,5.61,5.76,0.060218859993054874,0.0501672587180194,-0.04625647630012207,-0.04902342567099691,-0.026386755173194887,4.415,3.8074999999999997,3.4458333333333333,4,27,12,4.723840721504368,3.721816817802649,74.55357142857143,0.7103906926539096,0.4586321164309906,5.8546584928226935,1.7603415071773063,0.10948722094940143,0.10890786076479977,0.10784394843491503,448287214.0,1.76097747811861,0.0,0.0,-1,0.0,0,33.82857142857143,-0.040839399788330615,0.0694444444444445,0.5064758053261438,2.204861396370266,1.7288586924222533,0.3293838862559244,1.1576923076923076,1.9300051562714982,0.2433155080213904,0.0
2024-12-30,6.89,5.61,-0.12246116887027574,0.09614386055290235,0.02763396420212028,0.22048001206738,0.20552036549096214,4.787,3.9959999999999996,3.552333333333334,0,30,12,5.117687863049028,3.9262157327831235,80.9106830122592,0.8441431341529197,0.5357343199753765,6.43364683768228,1.5583531623177191,0.12026009624954839,0.11118345712183814,0.11418650317827521,455214709.0,2.3744210648262905,60000.0,387000.0,1,0.0,0,28.6,-0.07330247749677904,-0.028520499108734425,0.8549070353505129,2.4517853812798065,1.7649826646927818,0.5766590389016018,1.208333333333333,0.616436143563312,0.2728592162554427,0.0
2024-12-31,6.26,6.89,0.319287411867112,0.0619309577304903,0.11861810877380505,-0.17846328315784396,-0.09589089991355998,5.1129999999999995,4.1475,3.6659999999999995,1,31,12,5.325380978858295,4.0767824597003415,72.03252032520327,0.8890586580150739,0.6063991875833159,6.755381778075904,1.5396182219240964,0.125630712575736,0.11534977976506447,0.10604580973898799,449419480.0,1.6200887768452474,22000.0,137425.2,1,0.0,0,26.314285714285717,-0.05325953013328534,0.08853410740203198,0.47795546730792166,1.954741178081976,1.8311209862665867,0.09632224168126102,0.9380804953560371,1.4889971018044368,0.26677316293929715,0.0
2025-01-02,5.97,6.26,-0.1823215567939546,-0.1875571708478997,-0.10369245855712922,-0.4967725019041682,-0.04743325770749643,5.394,4.296,3.776333333333333,3,2,1,5.442584437247696,4.198925526816448,69.32707355242567,0.8909832575308343,0.6633160015728197,6.966252501366104,1.6257474986338964,0.13201435438013506,0.11422143516095498,0.10545904414713807,445893133.0,1.2538140113293252,0.0,0.0,-1,0.0,0,24.31428571428572,-0.04200743093557081,-0.0015974440894568351,-0.25134669247403146,1.986766116912491,1.8132090709726547,0.07761732851985559,0.99,1.5094081921566382,0.1591289782244555,0.0
2025-01-03,5.89,5.97,-0.07472354619593655,-0.027136541435000917,0.005540180375615351,-0.11475007706123797,-0.013490929741015402,5.622,4.4415,3.8819999999999997,4,3,1,5.523932721384478,4.308027105731516,74.8310810810811,0.8759557129060784,0.7058439438394715,7.126909113200906,1.7560908867990928,0.1320790329181401,0.11437839793825996,0.10577756980591867,442749081.0,1.0787927939020379,0.0,0.0,-1,0.0,0,28.885714285714283,-0.03886597736134582,-0.02847571189279731,-0.400949990577664,1.9907158740645805,1.8157007778157126,0.02256944444444442,0.9765100671140938,1.9153453524368176,0.1273344651952462,0.0
2025-01-06,5.33,5.89,0.033901551675681416,0.036540999462979326,-0.033711057342311605,0.35075500874314275,-0.09990475948574205,5.733,4.563,3.974333333333333,0,6,1,5.488672226587299,4.373960840845612,67.25239616613419,0.8095272296484373,0.7265806010012646,7.1735946086142235,1.9524053913857755,0.13363666634375296,0.11746620584771471,0.10703999194103096,438284089.0,0.5876055956517471,0.0,0.0,-1,0.0,0,33.77142857142857,-0.025643457918176273,0.018675721561969495,-0.03885634762956305,2.125633670041002,1.8647182087642458,-0.04991087344028522,0.8379310344827586,1.8969438334550208,0.21763602251407133,0.0
2025-01-07,4.89,5.33,-0.10536051565782628,-0.14406134317423555,-0.09798040836020379,-0.3004549231935686,-0.08615893469097263,5.785,4.637,4.056,1,7,1,5.379822730844153,4.407253689823315,64.47166921898929,0.7131570250488783,0.7238958858107875,7.193322193678661,2.080677806321338,0.138307340206795,0.11558630298607779,0.10811520401565078,434977846.0,0.19794062002483484,0.0,0.0,-1,0.0,0,34.31428571428572,-0.014955365534155671,0.013133208255159528,-0.42016504126118254,0.5567365522059111,1.834875675999146,-0.29027576197387517,0.4340175953079177,1.004556173754923,0.16155419222903888,0.0
2025-01-08,4.55,4.89,-0.1516845873320649,-0.1651721547210002,-0.11568439899946217,-0.16463679388400113,-0.07206507052392161,5.669,4.6964999999999995,4.126333333333333,2,8,1,5.22894587069067,4.4164631291895535,60.357675111773474,0.6024036507894079,0.6995974388065116,7.18209026136002,2.2109097386399785,0.09609376289498138,0.1171943638146085,0.10948850425127257,432173485.0,-0.11787944479621543,0.0,0.0,-1,0.0,0,31.91428571428572,-0.003463340727223497,-0.05112474437627812,-0.5855396712357862,0.5130914667363841,1.8604028502712864,-0.27316293929712465,0.35416666666666674,0.808634710116472,0.10219780219780217,0.0
2025-01-10,4.62,4.55,-0.02178735418490718,0.022071311080326825,0.037041271680349076,-0.6090586800433465,0.0152674721307886,5.577,4.75,4.189333333333333,4,10,1,5.1182284396560025,4.429594540209583,57.97788309636651,0.514350110833532,0.6625479732119157,7.17705799813584,2.3229420018641598,0.09657159898383795,0.11690469743918713,0.10809647423250782,433698672.0,-0.10712558175358768,0.0,0.0,-1,0.0,0,25.62857142857143,-0.005689950533272138,-0.002197802197802151,-0.974233098985703,0.7564548494094495,1.855804539116032,-0.22613065326633164,0.3014084507042254,0.6496777248691576,0.08874458874458858,0.0
2025-01-13,4.17,4.62,-0.09223122421603375,-0.08909254319345415,-0.13093735744747606,0.15995109744939437,-0.1024786692829375,5.418,4.7835,4.244,0,13,1,4.945823268809456,4.4128465053573525,49.594813614262556,0.40360331900675206,0.6107590423708831,7.155789810998604,2.411210189001397,0.09780678770547896,0.11960971050094771,0.1089241141202726,431908936.0,-0.517221797400673,0.0,0.0,-1,0.0,0,25.34285714285715,0.012255478666475922,-0.10389610389610399,-0.8776076539598655,0.7420926486812802,1.8987452902436313,-0.2920203735144312,0.1914285714285715,1.9357064429013282,0.12949640287769795,0.0
2025-01-14,4.69,4.17,0.06995858860691047,0.11367359335185188,0.13998719296739398,0.043025566203905546,0.11751654664747802,5.3260000000000005,4.8705,4.313666666666666,1,14,1,4.899309947207737,4.430727375979459,52.44648318042813,0.35371790297144834,0.5593508144909961,7.081834200741218,2.659165799258782,0.10907843876649516,0.11475009288168966,0.11052274495010829,433777357.0,-0.16324986059501778,0.0,0.0,-1,0.0,0,25.142857142857142,-0.009574664617112212,0.06474820143884903,-0.8463190067007601,1.474912066460008,1.8216012521190839,-0.12007504690431514,0.5898305084745763,1.2669924050732766,0.1044136460554371,0.0
2025-01-15,5.13,4.69,0.08832432850525829,0.04755586877646153,0.04405998979403028,0.19983234924617682,0.0896730767244901,5.15,4.9685,4.3806666666666665,2,15,1,4.941253593169966,4.475841738819494,44.85815602836879,0.3457026294056531,0.5166211774739276,7.031255183575553,2.9057448164244466,0.08068843480823912,0.11523006150522241,0.10635952106176871,436059069.0,0.1565866868602974,0.0,0.0,-1,0.0,0,27.428571428571427,-0.025849766235182356,0.03411513859275037,-0.7446750006184163,1.5475214812162963,1.8292205178089738,0.04907975460122693,0.6182965299684542,-0.014020060923425118,0.10327485380116973,0.0
2025-01-16,5.34,5.13,0.07543257312743985,0.07875332819852353,0.09256346432426754,-0.24910399833851712,0.04011999378942536,5.058,5.0855,4.451,3,16,1,5.013752939866335,4.531593884702108,48.239436619718305,0.35223536231671737,0.48374401444248555,6.932277848321784,3.238722151678215,0.07964504304729059,0.1135380976529562,0.10638927814062087,437837661.0,0.2756151750805014,0.0,0.0,-1,0.0,0,27.342857142857145,-0.03235190325243761,0.019493177387914333,-0.9160217902081903,1.36222302960535,1.8023614243265302,0.17362637362637368,0.78,-0.9536359827324564,0.09426966292134834,0.0
2025-01-17,5.07,5.34,0.024552697005879087,-0.0278266529051001,-0.05970412222702979,-0.00929760047609923,-0.05188483536901157,4.968,5.181,4.52,4,17,1,5.023979678072456,4.566329763108424,43.97905759162304,0.3318010606109505,0.4533554236761786,6.7908760985339836,3.571123901466016,0.07985329788462636,0.11501762742714637,0.1058306930341122,436075529.0,-0.137898811096184,0.0,0.0,-1,0.0,0,36.02857142857143,-0.026781548572024676,0.003745318352060012,-0.9379115971139619,1.4972884143936063,1.825848231365467,0.09740259740259738,0.6044303797468356,-0.3256155340193074,0.12719921104536486,0.0
2025-01-21,5.81,5.07,-0.01883294833309224,0.0692563220164485,0.029791622864429667,0.23481324843334936,0.13623975326072793,4.96,5.2909999999999995,4.614333333333333,1,21,1,5.166892463877463,4.6465665525853,51.58227848101265,0.37104141043565164,0.4368926210280732,6.741675341821132,3.8403246581788673,0.09441867457885313,0.11520336996948227,0.10801541118909037,438304049.0,0.7155288092902494,0.0,0.0,-1,0.0,0,39.91428571428572,-0.034703496557117484,0.03747534516765276,-0.7046163263074822,1.247536790948732,1.8287968028149009,0.3932853717026379,0.6094182825484764,-1.0588349503400614,0.15318416523235795,0.0
2025-01-22,5.58,5.81,0.1316284424784365,0.028742468865653945,0.10919929196499181,-0.14042913221143707,-0.04039179447060024,4.984999999999999,5.359,4.703666666666667,2,22,1,5.2420029249906515,4.706788065321733,37.57115749525617,0.3792093037691284,0.4253559575762843,6.7232179174586575,3.9947820825413425,0.08954748386571716,0.1113246678078167,0.10826246145113057,436367498.0,0.3239951582100482,0.0,0.0,-1,0.0,0,41.62857142857143,-0.03300505564250797,0.0327022375215147,-0.9394475765119139,1.343287378095957,1.7672243148381666,0.18976545842217485,0.3222748815165877,0.17936581006129337,0.08781362007168463,0.0
2025-01-23,5.16,5.58,-0.10351037636966479,-0.06899287148695156,-0.07341018411340662,-0.26199351931687076,-0.07825219689974813,5.012,5.3985,4.762,3,23,1,5.227093302265079,4.736027544978396,39.130434782608695,0.34778290334642037,0.4098413467303116,6.68572099685186,4.111279003148141,0.08875426510138568,0.11322332127874693,0.10607232030044869,434877291.0,-0.3705657390351723,0.0,0.0,-1,0.0,0,43.68571428571429,-0.03102638013238278,-0.030465949820788516,-1.0677097257672532,1.4347745630552664,1.7973645042979924,0.005847953216374213,0.18077803203661325,1.2070117003615417,0.09302325581395339,0.0
2025-01-24,4.93,5.16,-0.053143433675712094,-0.05505977718302731,-0.05211600113901402,-0.003278066693332581,-0.04559759143887271,5.05,5.3595,4.814333333333334,4,24,1,5.173076338216882,4.748541896915274,39.6,0.30085016337596393,0.3880431100594421,6.654225738077972,4.064774261922027,0.08663114098292714,0.09036198676227816,0.10653926102074991,433391961.0,-0.6634609745807556,0.0,0.0,-1,0.0,0,45.8,-0.031239170783304567,-0.005813953488372141,-0.9947028602931004,1.4255951101319109,1.434452069680192,-0.07677902621722854,-0.1366024518388792,2.1016009004472602,0.08924949290060842,0.0
2025-01-27,4.63,4.93,-0.1090493556876289,-0.1074591523147475,-0.09227774524802156,-0.17634000712034895,-0.06278211995645601,5.051,5.314,4.850333333333333,0,27,1,5.074335185813812,4.74089403259816,37.93103448275862,0.23671938233499734,0.35777836451455314,6.645455871158164,3.982544128841836,0.08954124160270281,0.0910992253127756,0.1072288036985066,432146760.0,-1.0274467442995678,0.0,0.0,-1,0.0,0,37.971428571428575,-0.02427655244719938,-0.0669371196754564,-1.0240991211105144,1.4445101046490787,1.4461553688494677,-0.08678500986193305,-0.16425992779783394,2.1016585518807713,0.07092872570194371,0.0
2025-01-28,4.56,4.63,0.054982134417353196,0.020790769669073908,-0.034807683070675395,-0.22816819595726337,-0.015234244571848085,5.09,5.254,4.885666666666666,1,28,1,4.980819697484027,4.729223449849892,41.86046511627906,0.1781927660512208,0.3218612448218867,6.608779453793304,3.899220546206695,0.0827387890179093,0.09049969259114356,0.10723834282136563,431155592.0,-1.0245209994244302,0.0,0.0,-1,0.0,0,40.62857142857143,-0.021855995188210117,0.04967602591792666,-1.0763274564188863,0.3609681568971972,1.436638081943763,-0.21514629948364894,-0.20833333333333337,0.2861491846667108,0.12719298245614039,0.0
2025-01-29,4.5,4.56,-0.07696104113612844,-0.057180200569652465,0.0,-0.13220857709342446,-0.013245226750020567,5.071,5.1985,4.937333333333333,2,29,1,4.8933979343051135,4.7144348401821565,45.51724137931034,0.12552156792517088,0.28259330944254357,6.582502966227219,3.8144970337727813,0.0727455335862796,0.09040985902109641,0.10242583028039427,430287172.0,-1.0093909002292178,0.0,0.0,-1,0.0,0,42.4,-0.025216095262673856,-0.013157894736842021,-1.0607132796699825,0.4364109597891701,1.435212018229384,-0.19354838709677424,-0.19786096256684493,-0.039878575030570226,0.06886666666666663,0.0
2025-01-30,4.6,4.5,0.028479471321868705,0.03664149996883764,0.058885892851141354,-0.36719739669146767,0.021978906718775167,5.018,5.0840000000000005,4.985,3,30,1,4.840052855340547,4.707051947267179,50.60827250608271,0.09080172246544205,0.24423499204712326,6.238695676471757,3.9293043235282443,0.0654414765374482,0.0720434589645797,0.10188842770189781,430888703.0,-0.838316120623042,0.0,0.0,-1,0.0,0,45.91428571428571,-0.022618873890775618,0.028888888888888867,-1.2832844310841527,0.5082162589298246,1.1436544560549886,-0.10852713178294582,-0.33236574746008707,0.26654098704407264,0.04817391304347817,0.0
2025-01-31,4.47,4.6,0.006458580039411949,0.04292010279694972,-0.030098643056703997,1.5366490606562468,-0.0286678948695718,4.930999999999999,4.9945,5.034000000000001,4,31,1,4.772770518005902,4.691758273249942,48.20143884892086,0.05219441650735934,0.20582687693917048,6.037481051449933,3.951518948550068,0.06319441083871363,0.06999099891006647,0.10138509637351036,428092194.0,-1.0057709088211155,0.0,0.0,-1,0.0,0,43.771428571428565,-0.020665439552661875,0.013043478260869674,0.7131080959527695,0.4752955624958469,1.111072662774172,-0.09330628803245433,-0.28594249201277955,-0.053338834301041346,0.12639821029082762,0.0
2025-02-03,4.33,4.47,-0.13783247452391342,-0.12751332029895956,-0.11410083350697293,-1.0185710388572329,-0.0318208666110789,4.856999999999999,4.9125,5.0729999999999995,0,3,2,4.692266787459374,4.668419029814462,52.07253886010363,0.010183627890543612,0.16669822712944513,5.888266904865585,3.9367330951344144,0.06230916390767345,0.06971098169807213,0.10154461267995314,427082345.0,-1.193932684323293,0.0,0.0,-1,0.0,0,37.4,-0.021619109028387463,-0.09172259507829982,-1.0077171355366217,0.3380144329529015,1.1066275273396442,-0.06479481641468676,-0.2747068676716917,1.4966203567834513,0.10277136258660505,0.0
2025-02-04,4.37,4.33,0.0712890837473019,0.028170876966696224,0.0864811261685732,-0.19585452735713235,0.009195467093100394,4.713,4.8365,5.098333333333333,1,4,2,4.633672826103124,4.649166189181272,45.266272189349095,-0.019655977184061868,0.12942738626674374,5.7245321236481,3.9484678763519003,0.029865743814996754,0.06989933627467412,0.09865918245786409,427912574.0,-1.050637668564476,0.0,0.0,-1,0.0,0,37.142857142857146,-0.026858679728376664,0.00692840646651276,-1.086049090940511,0.37153852836736034,1.1096175635475827,-0.04166666666666652,-0.25806451612903225,0.43131624960564,0.049199084668192186,0.0
2025-02-05,4.77,4.37,0.004576667027411673,0.0749013081731177,-0.012918558991556434,0.562262326131834,0.087583295792751,4.632,4.8085,5.116666666666666,2,5,2,4.658459584993465,4.656961918911512,44.610778443113766,-0.010901753499674705,0.10136155831346005,5.665797467258473,3.9512025327415277,0.047580623892024394,0.0707531296137274,0.09533222061467674,429369325.0,-0.08981713225659918,0.0,0.0,-1,0.0,0,38.62857142857143,-0.04041265074848736,0.002288329519450752,-0.34366187609930504,0.7910568969348363,1.123171112624653,0.05999999999999983,-0.10506566604127587,1.1355549844882906,0.12997903563941285,0.0
2025-02-06,4.93,4.77,0.13238918804574565,0.10927038790899836,0.1357452522845429,0.32484026624564605,0.03299268315434903,4.609,4.810499999999999,5.1353333333333335,3,6,2,4.707830569540107,4.6745772789817375,43.76899696048631,0.00884473803082475,0.082858194256933,5.668784089883261,3.9522159101167373,0.044495537435592966,0.06863257941471249,0.09531305936759735,431385191.0,0.2784625776210158,0.0,0.0,-1,0.0,0,39.68571428571429,-0.042954455503476596,0.04821802935010491,0.6139254117688897,0.8036403776787823,1.0895084218093212,0.07173913043478253,0.008179959100204526,0.8856003685449115,0.11460446247464512,0.0
2025-02-07,5.79,4.93,0.0,0.08517666968116008,0.005146691751769001,0.7220519845891474,0.1607933035303051,4.694999999999999,4.8725000000000005,5.138,4,7,2,4.904588647805542,4.746540035176464,59.27835051546391,0.09281882982217571,0.08485032136998154,5.825475948224359,3.9195240517756416,0.06918154511541896,0.07638424828633786,0.08333643319563944,435535160.0,1.9255470229013438,0.0,0.0,-1,0.0,0,38.371428571428574,-0.06145643355573326,0.014198782961460505,3.070142504331361,1.2701001668354093,1.2125623502895697,0.2953020134228188,0.27252747252747267,0.7862402329106546,0.1763385146804836,0.0
2025-02-10,5.74,5.79,0.17898265552844014,0.03813633398468442,0.10700187835705638,-0.11997807986484911,-0.00867308125342878,4.805999999999999,4.9285,5.144666666666667,0,10,2,5.056481620931807,4.810634226455401,48.90282131661443,0.1535641287490499,0.09859308284579521,5.948288935850745,3.908711064149254,0.06435168328690281,0.0765629274936039,0.08313325211830241,431854387.0,1.5915057939376782,0.0,0.0,-1,0.0,0,44.71428571428572,-0.06900688757200762,0.03281519861830749,2.0555789231040666,1.1793959077362672,1.2153987947708742,0.32563510392609696,0.24242424242424243,1.0728907444402325,0.12195121951219515,0.0
2025-02-11,5.44,5.74,-0.03401688527825424,-0.013158084577511199,-0.02616971773338472,-0.5251038058548855,-0.05368014946362381,4.894,4.992,5.134,1,11,2,5.126212235307842,4.851238469909892,47.85276073619633,0.1754749569253864,0.11396945766171346,5.970239019333599,4.013760980666401,0.06780473743351388,0.07373211319951718,0.08347952687007663,429677232.0,0.9159315691684208,0.0,0.0,-1,0.0,0,45.4,-0.06723054178218965,0.0069686411149825845,0.37762377612262626,1.4054097612632315,1.1704610109911124,0.2448512585812357,0.30455635491606725,0.562842407211559,0.13970588235294112,0.0
2025-02-12,5.48,5.44,-0.09142500332215585,-0.08460608418838046,-0.02492938304252536,-0.556633772284114,0.007326040092072881,4.992,5.031499999999999,5.129666666666666,2,12,2,5.190537283433689,4.891803729915705,55.55555555555556,0.19383272877949143,0.12994211188526905,6.022114376084186,4.040885623915813,0.06700471685839061,0.06913939694088507,0.08332507292443239,430925036.0,0.9054986699726344,0.0,0.0,-1,0.0,0,41.371428571428574,-0.08290930633492974,-0.03033088235294118,-0.6012386988670203,1.3666203388181792,1.097553900615371,0.14884696016771515,0.16844349680170567,1.5076744363728216,0.0729927007299269,0.0
2025-02-13,6.22,5.48,0.06867686579621934,0.15646460295765552,0.09265883048270476,1.3184091229488855,0.1266648057911637,5.154,5.086,5.107333333333333,3,13,2,5.377712322809382,4.977493811856628,69.02654867256638,0.26503801751100475,0.1569612930104162,6.210341210618086,3.9616587893819144,0.07598222598020601,0.07231186948705488,0.07604053276998954,435588667.0,2.0171812422967292,0.0,0.0,-1,0.0,0,46.60000000000001,-0.08674309830267296,0.03102189781021896,2.4505270512544226,1.555884445336155,1.1479153410054421,0.26166328600405686,0.21247563352826515,0.4675934621054734,0.135048231511254,0.0
2025-02-14,6.36,6.22,0.13009629588974028,0.05544491102179524,0.05005358821620389,-0.1874197958650914,0.022258470600942697,5.343,5.137,5.110666666666666,4,14,2,5.556310082298585,5.066687759478781,76.78018575851395,0.32897335178770515,0.191363704765874,6.394501281782099,3.8794987182179,0.07306951010766556,0.07204110833551786,0.07417514327198528,439455263.0,1.9451272419647883,0.0,0.0,-1,0.0,0,43.68571428571429,-0.11038452527142581,0.03456591639871381,1.534747750867345,1.106631897082423,1.1436171409754554,0.09844559585492241,0.1910112359550562,1.3195077130682908,0.14465408805031443,0.0
2025-02-18,5.93,6.36,0.005424267464719212,-0.03410263754002274,-0.034249923043078584,-0.33994996103827785,-0.07000416434239673,5.503,5.18,5.109333333333334,1,18,2,5.624253703698842,5.1223853233833765,69.0807799442897,0.3410141595339784,0.2212937957194949,6.4857443934599335,3.874255606540066,0.0776597431239563,0.07290493587966257,0.07476357921398019,436702997.0,1.148770010051762,0.0,0.0,-1,0.0,0,46.8,-0.09371841402889014,0.01729559748427664,0.5605305151224603,1.2722617545394874,1.157329978120183,0.033101045296167086,0.16962524654832345,1.072159676932962,0.15008431703204042,0.0
2025-02-19,5.37,5.93,-0.1058758467694626,-0.12516314295400605,-0.08353311261330496,-0.25787471981885834,-0.09919630448886065,5.603,5.158,5.092,2,19,2,5.57802575757178,5.138360463810256,60.63569682151589,0.3018892748960553,0.237412891554807,6.433528373490125,3.8824716265098758,0.08768223075768657,0.06907095669773494,0.07678989982519861,434576343.0,0.3324112648626096,0.0,0.0,-1,0.0,0,47.62857142857143,-0.06655655632381363,-0.018549747048903782,0.04719947268675969,1.4261239858179127,1.0964674454371068,-0.012867647058823595,-0.07573149741824436,0.7285060793204154,0.10614525139664793,0.0
2025-02-20,5.025,5.37,-0.10688898366651489,-0.10249662431100363,-0.0953101798043249,-0.12116010742931396,-0.06640245457563376,5.628500000000001,5.13025,5.081833333333333,3,20,2,5.4774756198314565,5.1310468854999165,54.90196078431373,0.24027417411254248,0.2379851480663541,6.391187308011883,3.8693126919881173,0.08821643443230565,0.06999560928871523,0.07567623689362986,432692357.0,-0.16693930670660745,0.0,0.0,-1,0.0,0,44.22857142857144,-0.06020045635962717,-0.02607076350093104,-0.1514146832674692,1.4936571014341011,1.111145850266299,-0.083029197080292,-0.09946236559139776,1.2660235993099072,0.09554228855721396,0.0
2025-02-21,5.0,5.025,-0.027133447514400257,-0.0009663575706312143,0.010362787035546658,-0.4347175908748059,-0.004987541511039162,5.6355,5.122249999999999,5.0855,4,21,2,5.390661870771192,5.122592247725728,56.26477541371159,0.18726776553158508,0.2278416715594003,6.3844222086189095,3.860077791381089,0.08784496645259571,0.06790916807199204,0.07404079660263091,431472575.0,-0.1937136615197181,0.0,0.0,-1,0.0,0,36.971428571428575,-0.05947800729612626,0.012935323383084478,-0.6850744583153491,0.7708544203960437,1.0780246227586716,-0.19614147909967838,-0.03100775193798455,0.5101409120937132,0.08500000000000014,0.0
2025-02-24,4.82,5.0,-0.003937012959339532,-0.014320053774748558,-0.09283900885978497,0.4082028306000806,-0.03666398437159136,5.538500000000001,5.116750000000001,5.094499999999999,0,24,2,5.286905166994611,5.103070167227294,55.73770491803279,0.12924544809030447,0.20812242686558116,6.38340026535988,3.8500997346401213,0.06487031534885715,0.06763603164438366,0.07315130614100991,429637886.0,-0.46855869866444627,0.0,0.0,-1,0.0,0,29.542857142857144,-0.052768751081692586,0.014000000000000058,-0.19511396981598897,0.5413154435586356,1.0736887163900053,-0.24213836477987416,-0.022312373225152005,0.48677345993388527,0.16182572614107887,0.0
2025-02-25,4.205,4.82,-0.07577830888707894,-0.09262148988039656,-0.07515272237934471,-0.09490201953608436,-0.13649963463759754,5.385,5.0954999999999995,5.080666666666667,1,25,2,5.090195136631954,5.045130156438437,48.29721362229102,0.033253655814767136,0.17314867265541836,6.409893596422014,3.781106403577985,0.07362019214143323,0.0723293708075367,0.07696982606782304,427969306.0,-1.3549974717224431,0.0,0.0,-1,0.0,0,24.2,-0.028232084112136686,-0.024896265560165994,-0.3531500336477858,0.7624679606187718,1.1481931658551028,-0.290893760539629,-0.09179265658747293,-0.06628222149078179,0.1521997621878717,0.0
2025-02-26,4.475,4.205,-0.10299923947214654,-0.03875837279167575,0.03357629553360452,-0.7002441863145048,0.06223205830190729,5.2885,5.0912500000000005,5.090833333333333,2,26,2,4.978341475426144,5.008347565700474,46.871686108165434,-0.020794086347716956,0.1343601208547913,6.413460569263872,3.769039430736129,0.07844914456280258,0.0737554810758038,0.07558625790449099,428797696.0,-0.9321510723410604,0.0,0.0,-1,0.0,0,21.25714285714286,-0.03989185252167323,0.00832342449464926,-1.0396633797955643,1.127135950884342,1.170831964527045,-0.16666666666666674,-0.018640350877192957,0.12487532114172753,0.07146368715083797,0.0
2025-02-27,4.18,4.475,0.08366458776469077,0.028239103752558937,-0.028710105882431367,0.01519796651324327,-0.06819510519015373,5.1585,5.0752500000000005,5.073833333333334,3,27,2,4.833188479894117,4.954905787268185,42.2680412371134,-0.08643497737134087,0.09020110120956486,6.434802848317353,3.7156971516826482,0.0793823488057561,0.07523911461612207,0.07315285275360497,427956620.0,-1.3169771239242445,0.0,0.0,-1,0.0,0,12.757142857142858,-0.019907175336706072,0.03016759776536328,-1.0267828938072956,1.130054441545146,1.1943839168336639,-0.16815920398009965,-0.07111111111111112,0.14174026712057813,0.13645933014354072,0.0
2025-02-28,4.24,4.18,-0.127044883394916,-0.0962487063865893,-0.04976150955906394,-0.17778719785093144,0.014252022707201632,4.960500000000001,5.05725,5.044166666666667,4,28,2,4.725336029004278,4.908782833250883,30.86419753086419,-0.13209168712066077,0.045742543543519726,6.452363558856291,3.662136441143709,0.05912274705459233,0.07513146973199919,0.0709961486243174,428660702.0,-1.1715892155330756,0.0,0.0,-1,0.0,0,20.65714285714285,-0.020896851633931082,-0.028708133971291894,-1.1504213578095175,1.169050765459599,1.1926751072738788,-0.1519999999999999,-0.07826086956521727,-0.04204668428676953,0.08018867924528299,0.0
2025-03-03,3.325,4.24,0.033901551675681416,0.0046838493124264375,-0.21868920096482944,1.3910011123320305,-0.24309359513604892,4.657,5.0,4.977,0,3,3,4.470729478276227,4.806603295621795,25.4323499491353,-0.23934874818214347,-0.011275714801612914,6.578500287581264,3.4214997124187363,0.07795988167500593,0.08906487690786284,0.08026530900965025,425831087.0,-2.1222675892781786,0.0,0.0,-1,0.0,0,12.342857142857143,0.03876228865388836,-0.009433962264150952,0.6149183979474178,1.7685204793353964,1.413861089092707,-0.31016597510373445,-0.25615212527964193,-0.25505814816550065,0.33984962406015046,0.0
2025-03-04,3.27,3.325,-0.2845124976905019,-0.24201203561859258,-0.05884050002293335,-0.7727536460664675,-0.01667968919865554,4.391,4.947,4.917000000000001,1,4,3,4.2524150276805495,4.707467599130066,26.76659528907922,-0.3250419014561574,-0.07402895213252182,6.683494957332584,3.210505042667416,0.07905652153026967,0.08894715650604494,0.07994910344995736,424524541.0,-1.9314769592835748,0.0,0.0,-1,0.0,0,11.042857142857144,0.04713947350500721,-0.049624060150375945,-0.6694472059095946,1.6998488107618281,1.4119923356480144,-0.2223543400713437,-0.24480369515011546,-1.2227662196889837,0.11926605504587146,0.0
2025-03-05,3.6,3.27,0.049392755329576266,0.08001523476868715,0.0745888569910726,-0.3197408705161167,0.09614386055290235,4.214,4.9085,4.843333333333334,2,5,3,4.133794113556813,4.636018076605546,31.048387096774192,-0.362151444318064,-0.13165345056963026,6.730878723132406,3.086121276867594,0.09132915963397928,0.09229507425633351,0.07727048290779664,425473534.0,-1.4360352032105352,0.0,0.0,-1,0.0,0,11.514285714285714,0.013347869201820017,0.015290519877675787,-0.9797723722812037,1.859466589056034,1.465138882310989,-0.1955307262569832,-0.17620137299771166,-0.7879301835458351,0.12219444444444437,0.0
2025-03-06,3.29,3.6,0.04993695328593881,-0.03634017126602562,0.006572106320381542,-0.43916109093837735,-0.09004628068478382,4.0405,4.8345,4.7669999999999995,3,6,3,3.9803770020010285,4.54917820069551,17.66004415011038,-0.4118281352290385,-0.1876883875015119,6.79548229949858,2.87351770050142,0.09235882149516131,0.09100369973110234,0.07828489577742766,424861835.0,-1.5752309446086545,0.0,0.0,-1,0.0,0,17.2,0.03224239783459654,-0.03055555555555552,-1.1896301256888508,1.8848748338013328,1.4446389472517542,-0.21291866028708128,-0.310272536687631,-0.6103128149760546,0.08781155015197566,0.0
2025-03-07,3.495,3.29,-0.06817454083571961,0.016949558313773205,0.012004279252553861,0.3030565990832299,0.060445810908493,3.8899999999999997,4.7627500000000005,4.7115,4,7,3,3.8921266380008417,4.481166703876445,18.82480957562568,-0.4297021450854537,-0.23609113901830026,6.81204121251314,2.713458787486861,0.09729801905148645,0.0920227838384903,0.07862786988536238,425690070.0,-1.2372570499097595,0.0,0.0,-1,0.0,0,17.642857142857146,0.02160945964357358,-0.009118541033434726,-0.940354898017273,2.0002349923997342,1.460816405930995,-0.1757075471698113,-0.2910750507099391,-0.6995983010911281,0.08869814020028613,0.0
2025-03-10,3.3,3.495,0.030213778596496633,-0.0341913647482792,-0.04069419082655442,-0.2430786980911735,-0.05741090721333916,3.7379999999999995,4.63825,4.657166666666667,0,10,3,3.784467249273416,4.404962400400546,19.839449541284395,-0.45436466397483466,-0.27974584400960717,6.726939528715976,2.5495604712840243,0.09762048405920758,0.08109931379402521,0.07882513371480317,425040560.0,-1.2814254886629235,0.0,0.0,-1,0.0,0,17.071428571428573,0.03243712071993671,-0.03862660944206015,-1.001007817015184,1.251571950441261,1.2874116947818852,-0.007518796992481258,-0.4300518134715027,0.3244647452230017,0.09696969696969707,0.0
2025-03-11,3.33,3.3,-0.018018505502678365,-0.005901437247431137,0.02211780525361919,-0.6967007766050071,0.009049835519918076,3.6505,4.51775,4.613833333333333,1,11,3,3.7018368403146127,4.335609987471479,23.368146214099227,-0.4661160430024145,-0.31701988380816865,6.616858770783038,2.418641229216963,0.09226364268315691,0.08137777043516402,0.07830898997572515,425364163.0,-1.1316707514465103,0.0,0.0,-1,0.0,0,15.114285714285716,0.028343037223614434,0.0,-1.1726600094179584,1.2421894201731098,1.291832056922091,0.01834862385321112,-0.41986062717770034,0.008847197555044596,0.06897897897897892,0.0
2025-03-12,3.455,3.33,0.02985296314968113,0.02598819581416853,0.024692612590371414,0.6405931007951261,0.036850153227280746,3.5484999999999998,4.4185,4.577,2,12,3,3.6569574148028643,4.278796439892673,28.254847645429365,-0.460039590183539,-0.34562382508324274,6.521710828584,2.3152891714159995,0.0899497299598896,0.0821849772844276,0.07873061444753146,425978234.0,-0.9162181811784244,0.0,0.0,-1,0.0,0,15.914285714285716,0.021223151884933324,0.021021021021020974,-0.8384856532762862,0.9940593660535952,1.3046460684005277,-0.040277777777777746,-0.3648897058823529,-0.3477977689785418,0.06946454413892915,0.0
2025-03-13,3.4,3.455,0.023256862164267183,0.022472855852058576,0.032986498996306665,-0.4792448082964513,-0.01604702559751756,3.4705,4.314500000000001,4.540333333333334,3,13,3,3.610237884838707,4.222099895383469,28.02197802197803,-0.4544236845256333,-0.36738379697172086,6.402351829789939,2.2266481702100624,0.08859145424222759,0.08195537600911447,0.07874070739203262,425597970.0,-0.8760200191907391,0.0,0.0,-1,0.0,0,15.185714285714289,0.024276588291201294,0.0072358900144717546,-0.9779212886706624,0.7302051873597679,1.3010012611494366,0.033434650455927084,-0.37956204379562053,-0.3135975134973079,0.06176470588235293,0.0
2025-03-14,3.76,3.4,-0.008658062743114541,0.048790164169431834,0.0117303397854896,0.36407470650546214,0.1006435257796875,3.4225000000000003,4.1915,4.512333333333333,4,14,3,3.637467360322578,4.192286998907116,36.125654450261784,-0.4161271922349594,-0.37713247602436856,6.087745875684878,2.2952541243151208,0.09651785125887627,0.07926305646404784,0.08122563913918752,426145239.0,-0.45510975716073976,0.0,0.0,-1,0.0,0,22.057142857142857,0.010160293948823486,0.014705882352941256,-0.8283427443928848,0.9644174494415274,1.2582620133524476,0.07582260371959926,-0.39549839228295824,0.6060828409616509,0.09308510638297864,0.0
2025-03-17,4.08,3.76,0.1200349265870866,0.09579106464167574,0.11030454201470602,0.25009063709414625,0.0816780310142673,3.4979999999999998,4.077500000000001,4.499333333333333,0,17,3,3.7179278402639273,4.18504267639698,48.22695035460993,-0.355853562181184,-0.37287669325573164,5.675520156647562,2.479479843352439,0.06661546918076366,0.08227943555427819,0.0826560352696511,426848010.0,0.003128871672362603,0.0,0.0,-1,0.0,0,22.571428571428573,-0.0005737290040600979,0.034574468085106475,-0.6320162388481058,0.8082476144236406,1.306145546948316,0.23636363636363655,-0.3584905660377359,0.11973788598026286,0.08088235294117649,0.0
2025-03-18,4.38,4.08,0.027885203489535642,0.09180754925312269,-0.007863736460214576,0.766944192281054,0.0709517359722844,3.6089999999999995,4.0,4.501,1,18,3,3.838304596579577,4.197620568242336,48.663853727144875,-0.2806436974703206,-0.35443009409864945,5.350987942600483,2.649012057399517,0.06681686317929962,0.08388950898301874,0.08348417684742299,428361200.0,0.562551282683615,0.0,0.0,-1,0.0,0,22.228571428571428,-0.009446646434616332,-0.01960784313725492,0.5941158825165224,0.7591757506964656,1.3317046702583195,0.3153153153153152,-0.2613827993254637,-0.9821209666388173,0.17351598173515978,0.0
2025-03-19,4.6,4.38,0.1548647105609153,0.05337446059137511,0.1420476576560147,-0.061716951549397034,0.04900757910669461,3.7089999999999996,3.9614999999999996,4.5086666666666675,2,19,3,3.9767946699287444,4.223580531581541,56.03448275862069,-0.20097051346642125,-0.32373817797220383,5.186073395105106,2.7369266048948924,0.06277931682712504,0.08259066127587406,0.08391017526876624,429783824.0,1.0428121377652444,0.0,0.0,-1,0.0,0,21.6,-0.014585577711745373,0.06621004566210047,0.5424133659178696,0.7436264448969963,1.3110861021140119,0.33140376266280747,-0.14338919925512117,-1.2867213106119308,0.09347826086956516,0.0
2025-03-20,4.26,4.6,-0.017279047608352176,-0.03153143266892267,-0.04196419909903208,-0.7012084107507403,-0.07678714321377028,3.8059999999999996,3.9232500000000003,4.491666666666666,3,20,3,4.028286548123518,4.225930174705312,50.2659574468085,-0.1633807480677376,-0.2916666919913106,5.0519953444558805,2.7945046555441206,0.06042049050848346,0.08298737563268356,0.08347551762397022,429078223.0,0.5966802018790737,0.0,0.0,-1,0.0,0,21.685714285714287,-0.003175939577731544,-0.0021739130434782145,-0.5290766638492018,1.1293967103626357,1.3173837472918932,0.2529411764705882,-0.15223880597014938,-1.8054799684127032,0.10814553990610332,0.0
2025-03-21,4.05,4.26,-0.09356877753578882,-0.10417636879009788,-0.03636764417087495,-0.04870378763692559,-0.05055227916283133,3.8615000000000004,3.87575,4.4623333333333335,4,21,3,4.0322344484646955,4.214579840853357,61.86579378068739,-0.14882032505660092,-0.2630974186043687,4.887612664906071,2.8638873350939287,0.06356472416061784,0.08358275147721009,0.08368645405956195,428406164.0,0.3444143282352947,0.0,0.0,-1,0.0,0,22.685714285714287,0.004573682293882107,-0.018779342723004713,-0.5365611358218711,1.16649011312021,1.3268350458192866,0.0771276595744681,-0.19000000000000006,-0.5440147380529651,0.03693827160493837,0.0
2025-03-24,4.53,4.05,0.0,0.08013795030420985,0.0,0.3513034241793371,0.11200505837649503,3.9844999999999997,3.8612499999999996,4.420333333333334,0,24,3,4.122737276016569,4.2349295285402375,68.10344827586206,-0.09742602981931014,-0.229963140847357,4.823220975598521,2.8992790244014777,0.06536774538666248,0.08779500938773986,0.08014351569821015,429361105.0,1.390374589179088,0.0,0.0,-1,0.0,0,25.4,-0.003620817032981432,0.03209876543209874,0.003995744458835275,1.3050423640766966,1.3937025671552448,0.11029411764705888,-0.06016597510373445,-0.2500051711808572,0.11037527593818984,0.0
2025-03-25,4.75,4.53,0.03064985916598113,0.13353139262452277,0.062244224584198406,0.9523036913928838,0.047422678551607214,4.1265,3.8884999999999996,4.387333333333333,1,25,3,4.236785044013556,4.268159881537642,67.06231454005933,-0.038499718396141525,-0.1916704563571139,4.9198460800533175,2.8571539199466818,0.0648813388481807,0.08294501475291123,0.0807310647058381,431836000.0,1.6706322284280428,0.0,0.0,-1,0.0,0,29.285714285714285,-0.006834523868156545,-0.04854304635761589,2.2858199460934654,1.2562500427179444,1.3167112891727202,0.08447488584474883,0.12960760998810938,-0.054861426994415576,0.18734736842105262,0.0
2025-03-26,4.64,4.75,0.11801759924674575,-0.04122271582395434,0.06509519779240308,-0.9609952919399066,-0.023430251808385996,4.245,3.89675,4.360666666666666,2,26,3,4.310096854192909,4.292149566599729,71.29337539432176,-0.0006685659318792503,-0.153470078272067,4.950251804759166,2.843248195240834,0.06770925221447333,0.08221209050796495,0.08029282467387956,430889323.0,1.4110084987845075,0.0,0.0,-1,0.0,0,28.88571428571429,-0.0005841344584473759,0.021052631578947295,-0.08066042214231305,1.2486708556347232,1.3050764774808543,0.008695652173912993,0.036871508379888285,0.8007787268320233,0.08405172413793116,0.0
2025-03-27,4.64,4.64,-0.050750847940834495,0.021726195518402748,-0.021978906718775115,-0.11118996919274532,0.0,4.369,3.9197499999999996,4.332666666666667,3,27,3,4.370079244339652,4.314591530044908,69.30860033726812,0.028978844869828713,-0.11698029364368785,5.01840695522415,2.821093044775849,0.06663730028747808,0.08051541743489257,0.08027428206754106,430889323.0,1.31114629835125,0.0,0.0,-1,0.0,0,28.342857142857145,0.003912316109695709,-0.006465517241379173,-0.23505782604179276,1.0524153860015102,1.278142627435679,0.08920187793427226,0.11004784688995217,0.8794800367446348,0.12922413793103443,0.0
2025-03-28,4.24,4.64,0.002166848085090293,-0.09229488568256501,-0.08579998980333266,-0.08390072726283457,-0.09015109699429733,4.417,3.9197499999999996,4.266666666666667,4,28,3,4.346428472641533,4.309779173267817,64.82649842271294,0.01996779812051308,-0.08959067529084767,5.01840695522415,2.821093044775849,0.0710111716244404,0.08322336783536986,0.07732925429475034,430110435.0,0.5829845221061973,0.0,0.0,-1,0.0,0,26.371428571428574,0.01715324805156204,-0.004310344827586115,-0.3470148161052549,1.2221008788068382,1.321130007369843,0.04691358024691361,0.0,0.2717369546336085,0.12264150943396236,0.0
2025-03-31,3.86,4.24,-0.1416034637751697,-0.12829779996569757,-0.10186917331721723,0.19166020854863297,-0.09389608576712694,4.395,3.9464999999999995,4.183333333333334,0,31,3,4.257986932161255,4.280761162089248,57.528409090909086,-0.01763308235966843,-0.07519915670461183,5.009663600818101,2.8833363991818985,0.07312827488016992,0.06935500191958496,0.07842138900908019,429167000.0,-0.16272189893152494,0.0,0.0,-1,0.0,0,21.11428571428572,0.02367478714297984,-0.054245283018868024,0.07228510102334325,0.9335415862223129,1.1009765235457747,-0.14790286975717448,0.16090225563909755,0.2586487386139783,0.09329015544041441,0.0
2025-04-01,3.945,3.86,-0.03295608768329572,-0.029803324934468387,0.005374272637712791,-0.8013305720398108,0.021781770821098147,4.3515,3.9802500000000003,4.117166666666667,1,1,4,4.201080217222844,4.259099151631878,57.040229885057464,-0.0401108880651142,-0.06818150297671231,4.994731848557126,2.965768151442875,0.06881514281961588,0.06912106609739468,0.07799225679454244,429590349.0,-0.06949360414902586,0.0,0.0,-1,0.0,0,19.571428571428573,0.016666644849189102,0.005181347150259072,-0.9118252735755267,0.8024718471281346,1.0972629074961853,-0.16947368421052633,0.20642201834862384,-0.17822005866428203,0.05574144486692015,0.0
2025-04-02,4.05,3.945,-0.005167970158442561,0.03465693380904419,0.02745879062374292,0.17149226992389424,0.026267926820610105,4.2965,4.00275,4.073166666666666,2,2,4,4.17361108681869,4.24560888378466,59.20679886685552,-0.04888853198744236,-0.06432290877885832,5.001562321024743,3.0039376789752574,0.06696447377445329,0.06599883755235701,0.07661615478035895,430092896.0,0.09461236912160507,0.0,0.0,-1,0.0,0,22.6,0.025917431183113602,-0.021546261089987317,-0.6931509178095807,0.9195426078534752,1.047699065897325,-0.12715517241379304,0.125,-0.4810739952013851,0.06308641975308654,0.0
2025-04-03,3.88,4.05,-0.05320403606346457,-0.04478360262697343,-0.05451412932277962,0.12545584416872266,-0.042881727483265686,4.2585,4.0322499999999994,4.035,3,3,4,4.120227252851655,4.222021213863069,51.796407185628745,-0.06876972273015003,-0.06521227156911667,4.9757456000786,3.0887543999213984,0.06432130569276817,0.06337317667998782,0.07614284884630489,429523176.0,-0.3227360042533656,0.0,0.0,-1,0.0,0,12.142857142857142,0.04012959713307111,-0.09629629629629623,-0.5504887098795919,0.894325411770138,1.0060179917244343,-0.1637931034482758,0.1793313069908815,0.18014151254517966,0.07216494845360831,0.0
2025-04-04,3.57,3.88,0.0,-0.060306606230991135,-0.07095173597228449,0.14119716286529516,-0.08326955784363442,4.2105,4.036,3.9873333333333334,4,4,4,4.020185934151354,4.1799553290977105,42.342342342342334,-0.10829179840913561,-0.07382817693712046,4.9710631839047,3.1009368160952993,0.067196794065888,0.06516823272965869,0.07733872986947192,428867057.0,-0.9967240888557826,0.0,0.0,-1,0.0,0,5.385714285714286,0.060148490717188585,-0.05670103092783499,-0.3557661538960464,0.8718857999432071,1.034513623105541,-0.15801886792452835,0.02145922746781115,0.19497981060206798,0.08403361344537823,0.0
2025-04-07,3.67,3.57,-0.10051495802430334,0.046032181675538686,-0.07637297878457397,-0.029260166262994696,0.027626066274931315,4.124499999999999,4.0545,3.949,0,7,4,3.956515764305653,4.147054985284955,38.65814696485623,-0.1300450850703445,-0.08507155856376528,4.941665207423296,3.1673347925767046,0.05233899945160935,0.06386569931939878,0.07742718072335845,429504256.0,-0.86680585934327,0.0,0.0,-1,0.0,0,4.0,0.05859484296824242,-0.07282913165266101,-0.392715550486551,0.7823066483946285,1.0138365462381376,-0.04922279792746109,0.11212121212121207,-0.923188412510532,0.19735694822888283,0.0
2025-04-08,3.43,3.67,0.18934617173091903,0.05386206979372252,0.06453852113757116,0.015675329626527776,-0.06763140088863032,3.9924999999999997,4.0595,3.9231666666666665,1,8,4,3.8607856253409887,4.100793373331087,31.42857142857143,-0.16475156225425103,-0.10100755930186242,4.930451687583488,3.188548312416512,0.048090661750853705,0.06589270491572752,0.07484961904939301,428856990.0,-1.4455451639265748,0.0,0.0,-1,0.0,0,2.9,0.0711435580881723,0.08991825613079021,-0.4155460634846176,0.8093009162529328,1.0460142625222697,-0.13054499366286432,0.03003003003003002,0.30789768494599035,0.21244897959183684,0.0
2025-04-09,3.72,3.43,-0.16251892949777494,-0.049817913489085076,0.0002975747678558542,0.41606993080140453,0.08116340710720661,3.9004999999999996,4.07275,3.8980000000000006,2,9,4,3.835188238915354,4.0762260589226305,41.29032258064517,-0.16693183284273339,-0.11419241401003663,4.912483510359278,3.233016489640722,0.06049402578039749,0.06797518452190728,0.07557689583119086,429838240.0,-0.8401474888124365,0.0,0.0,-1,0.0,0,9.5,0.05966697877490712,-0.008746355685131267,0.24230956538938409,1.1009264009575657,1.0790726014121619,-0.08148148148148138,0.076700434153401,0.8016631802486421,0.1422043010752688,0.0
2025-04-10,3.61,3.72,0.04598511324182344,-0.05487160068067334,0.011536882879147087,-1.043365850108493,-0.030015895940265724,3.7975000000000003,4.08325,3.879,3,10,4,3.7942449227489257,4.046146958346977,42.666666666666664,-0.1755125937557298,-0.12645644995917527,4.892253773330151,3.274246226669848,0.06011900035041431,0.06827349447296814,0.07482555859237128,429492578.0,-1.16995746027718,0.0,0.0,-1,0.0,0,5.614285714285715,0.07400263818200403,-0.04301075268817208,-1.078654162842851,1.0851448294803632,1.0838081250768994,-0.06958762886597936,0.061764705882352944,0.677261641426335,0.07819944598337956,0.0
2025-04-11,3.72,3.61,-0.0028129413766147236,0.01821828303263773,0.03468555798789011,-0.14987241936045198,0.030015895940265786,3.7455,4.08125,3.861666666666667,4,11,4,3.7807458458854843,4.025105219098785,34.60076045627376,-0.17146033984134545,-0.1354572279356093,4.893808499917845,3.268691500082155,0.05779813919198003,0.06439247018422622,0.07500515376169757,429790130.0,-0.8891667493147246,0.0,0.0,-1,0.0,0,8.385714285714286,0.06745223335533644,-0.016620498614958464,-1.1252799870435466,0.9239430629492379,1.0221987744756247,0.04201680672268915,-0.010638297872340274,-0.09739654491162798,0.061827956989247305,0.0
2025-04-14,3.84,3.72,0.08371957998941516,0.051959738930711166,0.05526267867504952,0.4964830591282229,0.03174869831458027,3.7435,4.069249999999999,3.878833333333333,0,14,4,3.7915193284517597,4.013162946898864,32.015810276679844,-0.1567588834714848,-0.1397175590427844,4.888943620554784,3.249556379445215,0.05205414578590126,0.06181053396021538,0.06333398719194916,430278988.0,-0.5593553353381931,0.0,0.0,-1,0.0,0,12.342857142857143,0.06228441280868298,0.03763440860215045,-0.706502192918245,0.9297444397221069,0.9812118075770535,0.04632152588555849,-0.05882352941176472,-0.15693465371159765,0.05989583333333333,0.0
2025-04-15,3.76,3.84,-0.005194816877104023,-0.010178204915756153,-0.018996500690655147,-0.524749578213707,-0.02105340919783238,3.725,4.03825,3.895166666666667,1,15,4,3.7857885414605303,3.99682985355055,32.400000000000006,-0.1498359887831726,-0.14174124499086205,4.85535190693392,3.2211480930660796,0.05186834108293198,0.05935776717457858,0.06339321208163111,429989729.0,-0.6810655993793986,0.0,0.0,-1,0.0,0,13.114285714285716,0.052278465681230867,0.0,-1.0088898612317228,0.7338822432105757,0.942275341944048,0.09620991253644307,-0.14155251141552516,0.4135991318940132,0.06914893617021284,0.0
2025-04-16,3.59,3.76,-0.04800921918636049,-0.05520455434709568,-0.03342929664919471,0.4339668525237966,-0.046266754901615664,3.6790000000000007,3.9877500000000006,3.894833333333333,2,16,4,3.750190624831343,3.9705827662247084,30.337078651685403,-0.15626578936887414,-0.14464615386646448,4.783227182179146,3.1922728178208555,0.052195105751486164,0.0584344846499488,0.06148128017670338,429543296.0,-1.0000286844442146,0.0,0.0,-1,0.0,0,11.142857142857142,0.07237982295221614,-0.02659574468085097,-0.6090935882195797,0.5671304700925968,0.9276186862439144,-0.034946236559139865,-0.2195652173913043,0.335357242869828,0.047353760445682555,0.0
2025-04-17,3.64,3.59,-0.016529301951210582,-0.010869672236903879,-0.014265577158822346,-0.6619499488060608,0.013831479148461799,3.655,3.9567499999999995,3.9065000000000003,3,17,4,3.7301559657710985,3.9492548458231145,37.06896551724139,-0.15553397171529149,-0.1468237174362299,4.755869745983229,3.1576302540167704,0.05146894806091459,0.056709158235675676,0.05922439773281331,429773586.0,-0.7927472737149632,0.0,0.0,-1,0.0,0,16.057142857142857,0.07581947816503659,0.0027855153203343265,-0.9934316670925512,0.539426332498784,0.9002299785084495,0.008310249307479367,-0.14553990610328627,-0.7046660359114694,0.04945054945054949,0.0
2025-04-21,3.49,3.64,0.011049836186584935,-0.00273597981887486,-0.03956560020619113,0.17349305798585415,-0.04208194543431346,3.647,3.92875,3.9063333333333334,0,21,4,3.686491244721808,3.919625500931301,41.148325358851686,-0.16515395535746702,-0.15048976502047734,4.752961744638017,3.104538255361983,0.04643564173540829,0.05641460583610227,0.05878792307633273,429499667.0,-1.0646535986761336,0.0,0.0,-1,0.0,0,12.371428571428572,0.07825491102087258,0.0,-0.8439025296686964,0.5421240849617478,0.8955541041243582,-0.06182795698924726,-0.1382716049382715,0.4693930505871985,0.08739255014326638,0.0
2025-04-22,3.64,3.49,-0.039220713153281385,0.0,0.04529627491517621,-0.3380293827628102,0.042081945434313414,3.6439999999999997,3.88425,3.917666666666667,1,22,4,3.6780382911360245,3.9015851460325073,42.92343387470998,-0.158843071255383,-0.1521604262674585,4.666831927777181,3.10166807222282,0.047709295309874174,0.04978503359541656,0.05822535197077274,429695019.0,-0.6242157947443524,0.0,0.0,-1,0.0,0,13.600000000000003,0.08506165315130926,0.0028653295128939216,-0.9128506306374974,0.5998100274657414,0.7903129074388084,-0.05208333333333326,-0.19646799116997793,0.6817870888767369,0.04120879120879118,0.0
2025-04-23,3.78,3.64,0.06899287148695142,0.06095333490765423,0.06899287148695142,1.035062490080689,0.0377403279828469,3.679,3.83575,3.932666666666667,2,23,4,3.696576783656747,3.893740943062668,43.83561643835616,-0.1409203777707826,-0.14991241656812332,4.504348494888863,3.1671515051111374,0.042906789411701375,0.04921080781904263,0.058544251303496365,430244990.0,-0.16676675292027757,0.0,0.0,-1,0.0,0,21.542857142857144,0.08152517044608172,0.030219780219780185,-0.010318938835004704,0.675687846255599,0.7811973558346779,0.005319148936170137,-0.2042105263157895,-0.3368538407473978,0.034232804232804226,0.0
2025-04-24,3.685,3.78,-0.0026702285558788097,-0.03525888553287143,-0.060429640826463606,-0.09109612149623718,-0.02545348399019638,3.6755000000000004,3.7880000000000003,3.9403333333333337,3,24,4,3.6944719139009745,3.880273785445722,45.390070921985824,-0.13285079879828077,-0.14650009301415481,4.34120501576984,3.2347949842301604,0.03523020986529641,0.04924016426858967,0.05849383206786736,429742905.0,-0.37237551021357035,0.0,0.0,-1,0.0,0,24.08571428571429,0.08627359114855994,-0.010582010582010474,-0.12211417140286453,0.5982927890690836,0.7816633750239416,0.026462395543175532,-0.20581896551724133,-0.36422839331632,0.05831750339213028,0.0
2025-04-25,4.0,3.685,-0.016172859245601072,0.07334475898940883,0.038865462910623,0.23122694808541808,0.08202383547859064,3.7145,3.7560000000000002,3.9603333333333333,4,25,4,3.750022475009888,3.8879980573524495,60.14150943396227,-0.09988630474520033,-0.13717733536036392,4.153950010083599,3.3580499899164016,0.04264629657054881,0.05368912163933902,0.06021974224009413,430375605.0,1.2262846780616579,0.0,0.0,-1,0.0,0,34.51428571428572,0.09431061294007277,-0.001356852103120731,0.5131896605482625,0.8301975873148749,0.852288383803125,0.09890109890109877,-0.13793103448275856,-0.07535576377815703,0.09000000000000008,0.0
2025-04-28,3.94,4.0,0.09333193979221913,0.046068752089328716,0.032174357027856114,-0.17007255868962406,-0.015113637810048184,3.7365000000000004,3.7410000000000005,3.966333333333333,0,28,4,3.784563843189908,3.8913530213942273,56.49038461538462,-0.07770744125922313,-0.12528335654013575,4.080451570065999,3.4015484299340026,0.04277762641843071,0.05034837966761823,0.05736365707314177,429841857.0,1.17247947895076,0.0,0.0,-1,0.0,0,32.142857142857146,0.09573064035732759,0.010000000000000009,0.12466097335917763,0.7220340131728727,0.7992557490934723,0.1289398280802292,-0.07075471698113212,0.1355401565262419,0.10913705583756338,0.0
2025-04-29,3.99,3.94,-0.025063968663216276,-0.0535407669280298,0.026043138536019875,-0.8845160384838837,0.012610507591929733,3.7515,3.7475,3.963333333333333,1,29,4,3.821915871700834,3.8977173425946,64.81481481481481,-0.05545667993819636,-0.11131802121974788,4.101224543438533,3.3937754565614675,0.041910891119829596,0.0460387252314201,0.05528156785841346,430062249.0,1.3711234037800928,0.0,0.0,-1,0.0,0,32.74285714285714,0.09668327498467341,0.0,-1.289279197786856,0.707332877924664,0.7308421058446332,0.09615384615384626,0.03367875647668406,0.7938381213652451,0.02756892230576438,0.0
2025-04-30,3.89,3.99,-0.010204170174241736,-0.021479031677124186,-0.04468548934529972,0.8398280964054768,-0.02538207327141716,3.7645000000000004,3.74475,3.947,2,30,4,3.834294804118864,3.897219449523981,55.0,-0.045368970299919376,-0.09812821103578218,4.09281948791911,3.396680512080889,0.042216459916665415,0.04620024056657798,0.05371280832314394,429551828.0,0.8346034630519273,0.0,0.0,-1,0.0,0,32.371428571428574,0.10202005732845698,-0.022556390977443684,0.17947309427949054,0.7418438486942346,0.7334060823031391,0.029100529100529293,-0.013941698352344711,1.7041381852346644,0.050128534704370134,0.0
2025-05-01,3.9,3.89,0.01526747213078838,0.027709581427760428,0.034972662419516826,-0.28590407729388295,0.0025673955052457334,3.7954999999999997,3.7372500000000004,3.9236666666666666,3,1,5,3.846241203369979,3.8973988398772725,59.06250000000001,-0.036150747987309995,-0.08573271842608775,4.0633993845645735,3.4111006154354273,0.03854794013080939,0.045790644916210085,0.05279472891042639,429935325.0,0.998008935183364,0.0,0.0,-1,0.0,0,41.25714285714287,0.09850459911038684,0.017994858611825152,-0.4407562494389355,0.691566429948354,0.7269039529293359,0.05834464043419274,-0.03703703703703698,1.623925385266888,0.044256410256410396,0.0
2025-05-02,3.92,3.9,0.007547205635382904,0.04017582306351959,0.012280222431028616,0.968402524203461,0.005115100666770409,3.8235,3.7392500000000006,3.9123333333333337,4,2,5,3.8596518936663466,3.8988569792400294,56.62251655629138,-0.0269210781072049,-0.07397039036231118,4.069549306051597,3.408950693948405,0.038522643153166114,0.04476639293274016,0.05113924473770691,430945354.0,1.0944618816229934,0.0,0.0,-1,0.0,0,38.28571428571429,0.08808678254787432,0.023076923076923155,2.262957410111426,0.24716362552399052,0.7106444567605794,-0.020000000000000018,0.010309278350515427,-0.5708877542871618,0.07397959183673482,0.0
2025-05-05,4.075,3.92,-0.0228146777661714,-0.009592399691439409,-0.018111749943046058,-0.9758723943079972,0.03877909289045497,3.882,3.7644999999999995,3.913166666666667,0,5,5,3.89880609481792,3.9102210450955113,57.60517799352752,-0.0070183899890921,-0.06057999028766736,4.116799214931465,3.4122007850685336,0.03537503673146294,0.04116354075533978,0.050848049782703734,431325997.0,1.762706170437556,0.0,0.0,-1,0.0,0,53.057142857142864,0.1019810972171719,-0.005102040816326535,-0.4282093405445127,0.3673857827944262,0.6534509515290057,0.03426395939086291,0.14145658263305338,0.05909364513202398,0.07852760736196325,0.0
2025-05-06,3.855,4.075,0.02531780798429,-0.01946533478810335,-0.021108963210235168,0.15388155007750673,-0.055499739677533244,3.9035,3.7737499999999997,3.8906666666666667,1,6,5,3.890841350305571,3.906658397024833,52.818991097922854,-0.008894991720039158,-0.05024299057414173,4.125316045302656,3.4221839546973434,0.0401729475876186,0.04304655383984397,0.046740933136374375,430882033.0,0.46221756102785044,0.0,0.0,-1,0.0,0,54.65714285714286,0.09762936362306508,-0.018404907975460166,-0.10808467857308127,0.5576908639494522,0.6833428575514781,-0.03383458646616544,0.05040871934604896,-0.1500352747273541,0.08300907911802861,0.0
2025-05-07,3.78,3.855,-0.046043938501406846,-0.04010562545722921,-0.01884308780147983,0.06989494007681156,-0.019646997383796536,3.9034999999999997,3.7912500000000002,3.8583333333333334,2,7,5,3.8706883775227396,3.89848688753936,55.9748427672956,-0.01624680228736164,-0.04344375291678572,4.103405072797015,3.4790949272029854,0.0392115454343357,0.04032588395307042,0.04572688961223995,430405928.0,-0.07207955904221985,0.0,0.0,-1,0.0,0,54.142857142857146,0.09321390950161638,-0.009079118028534408,0.07501583666126435,0.5471666035101076,0.6401535620320477,-0.028277634961439646,0.1020408163265305,-0.277911821879233,0.06084656084656084,0.0
2025-05-08,3.89,3.78,0.0,0.010178204915756052,0.03208831455150045,-0.27836285098435076,0.028685147998858792,3.9239999999999995,3.7997500000000004,3.8333333333333335,3,8,5,3.8741995816095143,3.8979393464077887,57.57575757575757,-0.013046690312616516,-0.03736434039595188,4.11299238134855,3.48650761865145,0.038995049031251575,0.036321960550792544,0.046067189958647524,430766350.0,0.5762310937074442,0.0,0.0,-1,0.0,0,57.65714285714286,0.09419132099274445,0.010582010582010592,-0.3720137295213872,0.600812688121463,0.5765932484861743,-0.002564102564102555,0.045698924731182755,-0.6090286574664403,0.038560411311054074,0.0
2025-05-09,3.94,3.89,0.030930300691358558,0.01275376689614634,0.013072081567352921,-0.12099414988952104,0.01277156567948754,3.918,3.81625,3.81,4,9,5,3.886163294044148,3.9006529369621252,64.51612903225805,-0.006402195855906179,-0.031171911487942742,4.122085783248164,3.510414216751836,0.02769334709604055,0.03555930420480372,0.046173263321731335,431085698.0,0.8092578225196461,0.0,0.0,-1,0.0,0,60.02857142857143,0.09255481004230025,0.012853470437017948,-0.5867601986180385,0.6073811645914727,0.5644864543224244,0.005102040816326481,0.09141274238227148,-0.7769355850843265,0.03824873096446702,0.0
2025-05-12,4.12,3.94,0.0495150645273805,0.05573264724900987,0.025642430613337652,1.1701487782993523,0.0446724400515926,3.936,3.8362500000000006,3.8059999999999996,0,12,5,3.9286790587633935,3.9148043603839238,65.18987341772151,0.013235538500274036,-0.022290421490299386,4.166893312346146,3.5056066876538545,0.03079902472903221,0.0362886248281767,0.044358481291065885,432114788.0,1.7163510611274397,0.0,0.0,-1,0.0,0,64.4857142857143,0.09460125575557198,0.050761421319796884,2.5132264881975632,0.6325982487150452,0.5760640602952773,0.01104294478527601,0.10752688172043001,-0.6374976714548363,0.06796116504854374,0.0
2025-05-13,4.38,4.12,0.007220247973487097,0.04393770303142011,0.02992742054147306,-0.2258340071762941,0.06119556102691971,3.975,3.86325,3.823333333333333,1,13,5,4.010737411715503,3.944816982294639,67.6470588235294,0.04921113620383011,-0.007990109951473487,4.273734630136357,3.452765369863643,0.0359161626261775,0.03808620836272723,0.042440772242037295,432935848.0,2.517755657883431,0.0,0.0,-1,0.0,0,68.2,0.10199870274465242,0.012135922330097044,1.4269626958040191,0.5027932947068252,0.6045998142549884,0.13618677042801552,0.140625,-0.5317271990239856,0.07990867579908668,0.0
2025-05-14,4.15,4.38,0.05595865364804463,0.011248712535870667,0.00907418389649104,-0.006270072612866144,-0.05394039014574774,4.0009999999999994,3.88275,3.8301666666666665,2,14,5,4.036057882312685,3.958054596340146,62.670299727520444,0.058488756784066176,0.005305663395634446,4.3093210898971925,3.4561789101028073,0.039734992331974285,0.03993100158069832,0.043581698757999845,432119920.0,1.2530150604646448,0.0,0.0,-1,0.0,0,70.4,0.06998130045814233,0.0068493150684932076,1.259505416903175,0.7058849446524651,0.633884998705529,0.09788359788359813,0.10372340425531923,-1.305339843136743,0.08744578313253006,0.0
2025-05-15,3.96,4.15,-0.07045166095061135,-0.0670771620888125,-0.04662552954862359,-0.4165493433463848,-0.046864308976217836,4.007,3.9012499999999997,3.8271666666666664,3,15,5,4.0222291764376505,3.958180106253685,48.83040935672514,0.04993431414141192,0.01423139354478994,4.305892467265892,3.4966075327341075,0.043156179844209795,0.03996946023600528,0.04420638312117828,431581964.0,0.2903798031727375,0.0,0.0,-1,0.0,0,69.14285714285714,0.03569007291918963,-0.009638554216867478,0.1085551746008098,0.8316831139893472,0.6344955109317301,0.01799485861182526,0.10306406685236769,-0.13416148744350653,0.06565656565656561,0.0
2025-05-16,4.43,3.96,0.004854378464798143,0.07598590697792205,0.022699587516106536,0.8128327328573676,0.11215555879065513,4.058,3.94075,3.8455,4,16,5,4.0963693261762595,3.9886200993986085,61.5566037735849,0.08015594096962975,0.027416303029757904,4.389810715622101,3.491689284377899,0.05675978770138535,0.047300632782467995,0.048449809732570494,432794670.0,2.1789926527962846,0.0,0.0,-1,0.0,0,70.60000000000001,0.06378170915536352,0.042929292929292914,2.316453150528183,1.1684761354038604,0.7508742671903967,0.12436548223350252,0.21703296703296693,0.01227944983204593,0.11286681715575622,0.0
2025-05-19,5.37,4.43,0.07012217708410276,0.18931845516056578,0.09960834273856638,1.3206671024982624,0.1924283244637292,4.1875,4.03475,3.9055000000000004,0,19,5,4.327938539598757,4.077741383308376,72.9235880398671,0.17790615069578752,0.05751427256296383,4.7775361844358235,3.291963815564176,0.0848112438397824,0.06370062416599745,0.05890670478346468,437337369.0,3.5952472675947176,0.0,0.0,-1,0.0,0,69.74285714285715,0.06647512138292842,0.0,4.0601111081107035,1.7829809589442684,1.011216059416923,0.30339805825242716,0.5386819484240688,0.3674905011261099,0.18994413407821237,0.0
2025-05-20,5.3,5.37,0.2307891923361754,0.05878807400913334,0.1525369954364273,-0.6056858419811235,-0.013121087962697212,4.332,4.11775,3.9598333333333335,1,20,5,4.504676986944437,4.156596777933642,73.65771812080536,0.24687960674111586,0.09538733939859424,5.027113426856682,3.2083865731433177,0.08116235888988353,0.06403319287630663,0.059077358389587616,434858418.0,2.600170548064773,0.0,0.0,-1,0.0,0,69.17142857142858,0.0650849156245795,0.03910614525139664,1.6043055217040993,1.8528742519719867,1.0164954240248405,0.21004566210045672,0.456043956043956,0.8859019321131036,0.11698113207547173,0.0
2025-05-21,4.85,5.3,-0.06477749831638802,-0.09442475875646827,-0.07440616807064751,-0.40691475494255425,-0.08872811560868431,4.439,4.17125,4.0071666666666665,2,21,5,4.567462989318176,4.201332469679859,63.88888888888888,0.2622077605459614,0.12875142362806768,5.1219111272933375,3.220588872706662,0.08836825415117203,0.06805559127479965,0.06007945672408506,433208178.0,1.427953621986194,0.0,0.0,-1,0.0,0,66.22857142857143,0.07426868698561473,-0.013207547169811207,0.7054901825539011,1.969667524775926,1.0803490190434626,0.1686746987951806,0.283068783068783,0.7281417284074211,0.09674226804123709,0.0
2025-05-22,5.3,4.85,-0.06313733627040233,0.030116891523736845,0.01861480844223201,0.12109557901666342,0.08872811560868443,4.58,4.252,4.059833333333333,3,22,5,4.7006515367148705,4.272214245829546,67.9220779220779,0.3071263111275817,0.1644264011279705,5.29830376991897,3.20569623008103,0.09067773379529612,0.06952341923407232,0.06043415502382358,435070858.0,2.003242328145604,0.0,0.0,-1,0.0,0,66.8,0.09443798180072889,0.01237113402061866,0.8373998712039046,1.8424024988859964,1.1036500655294401,0.33838383838383845,0.4382632293080053,-0.13381040090051144,0.1018867924528302,0.0
2025-05-23,5.12,5.3,0.04772277286921567,-0.035684537374723165,0.028284713838581887,-0.6842194278818032,-0.03455238150665973,4.6979999999999995,4.308,4.110166666666666,4,23,5,4.776896711857621,4.326910100937318,63.483870967741936,0.32445991843651356,0.1964331045896791,5.415607188587097,3.200392811412903,0.09311850766356145,0.06877411606045161,0.06054741374545785,434131166.0,1.46622378107859,0.0,0.0,-1,0.0,0,64.08571428571429,0.08598337350910197,-0.02830188679245273,-0.0856562039549857,1.8812281042127992,1.0917552464054892,0.1557562076749437,0.28,0.915900310356307,0.04101562500000017,0.0
2025-05-27,5.26,5.12,0.011583141089630636,0.0665680090901761,0.035843887227661915,0.4688641763246593,0.026976587698202076,4.811999999999999,4.374,4.1615,1,27,5,4.864733673338053,4.387109449263942,68.51119894598155,0.3455109222433803,0.22624866812041938,5.54478740935066,3.203212590649339,0.09296066305018741,0.06846823511328977,0.06051968607241597,435632961.0,1.5135113222500256,0.0,0.0,-1,0.0,0,65.74285714285715,0.09406347035483847,0.017578124999999972,0.4220436621976102,1.0607762653399904,1.0868995369035903,-0.020484171322160183,0.3350253807106598,0.4077444407750956,0.07353612167300382,0.0
2025-05-28,5.14,5.26,0.017126964792800636,-0.04294858326729558,-0.027512158808367267,-0.6787296589200691,-0.023077947282544725,4.888,4.4315,4.204833333333334,2,28,5,4.914782096367498,4.435683033182398,67.70833333333333,0.34849377796393544,0.2506976900891226,5.6353713867306485,3.227628613269351,0.09336529844912377,0.0690341938152229,0.06075925491316598,434871159.0,1.177036031937053,0.0,0.0,-1,0.0,0,64.74285714285715,0.09526917269494183,0.0076045627376425924,-0.34200607820269663,1.0692165252439185,1.0958838527694783,-0.030188679245283012,0.28822055137844593,0.5333772811570705,0.05700389105058369,0.0
2025-05-29,5.32,5.14,-0.019048194970694363,0.00836824967051658,-0.0021952168927910345,0.3398263085678134,0.03442022388647937,5.005,4.503,4.256833333333334,3,29,5,4.988458078846135,4.492735740719018,68.28644501278772,0.3612183084804519,0.2728018137673885,5.740839373985487,3.265160626014513,0.08987050736759063,0.06851013531885881,0.06059127501044013,435941265.0,1.3200420299598241,0.0,0.0,-1,0.0,0,64.45714285714287,0.10030903885582924,0.01167315175097286,-0.060748284290953414,0.8063781359368681,1.0875646820464995,0.09690721649484546,0.3676092544987146,0.5207886156539099,0.06562030075187969,0.0
2025-05-30,5.15,5.32,0.01904819497069441,0.03636764417087479,0.005744816360249256,0.4854306098097158,-0.032476588677908196,5.124,4.5655,4.308833333333333,4,30,5,5.017829337237746,4.535139886479081,65.01240694789082,0.3535099684750955,0.2889434447089299,5.801371309941354,3.3296286900586463,0.08869837390490415,0.06934601165105386,0.060196733265461135,434202477.0,0.9458913647372178,0.0,0.0,-1,0.0,0,61.91428571428571,0.07947353588821383,-0.003759398496240688,0.5535915919868883,0.534219472217944,1.1008338074572568,-0.028301886792452713,0.3205128205128207,0.5697611645607058,0.10097087378640768,0.0
2025-06-02,4.8,5.15,-0.028710105882431253,-0.06835531966427189,-0.08844404199112554,-0.09999519770433625,-0.07038079676179962,5.161,4.6095,4.347499999999999,0,2,6,4.978224003194519,4.552227635738496,58.095238095238095,0.3155218392005281,0.2942591236072496,5.810783962222945,3.4082160377770547,0.08757833250804688,0.07183857404746727,0.06201785203241737,432629149.0,0.31716064809103883,0.0,0.0,-1,0.0,0,62.42857142857144,0.08215412500317007,0.0,0.35461408102824526,0.6830429380567197,1.1404020088265832,-0.0625,0.22448979591836737,-0.09404163552297395,0.12083333333333335,0.0
2025-06-03,4.88,4.8,-0.06622278661313585,-0.03938898734883067,0.03382986451840467,-0.8785064075348772,0.016529301951210506,5.112,4.64975,4.393833333333333,1,3,6,4.960365093522789,4.573374239884399,56.21890547263682,0.288545135760903,0.2931163260379803,5.829377394338149,3.4701226056618517,0.052564581038396646,0.07156693199965244,0.06123207222933779,433282714.0,0.39037750582112557,0.0,0.0,-1,0.0,0,54.57142857142857,0.0802638838860521,0.004166666666666763,-0.6045129161781974,0.6475067576030569,1.1360898250017053,-0.07224334600760451,0.19754601226993862,-0.0785943663869284,0.044672131147540976,0.0
2025-06-04,4.97,4.88,0.00620477688688287,0.003375363077571277,-0.01255246607111986,0.0954763871988503,0.018274620243481542,5.079,4.7055,4.438166666666666,2,4,6,4.962116894700463,4.598962998601534,60.567010309278345,0.2713007654220414,0.28875321391479253,5.83113385652116,3.5798661434788395,0.05318713179158885,0.06989962521241898,0.060980579554025104,434001755.0,0.46995743503567544,0.0,0.0,-1,0.0,0,54.88571428571429,0.05391924463242784,-0.0061475409836066084,-0.5568871179664946,0.6784680163791613,1.1096221502920862,-0.03307392996108949,0.28923476005188054,-0.8594239514187667,0.05935613682092554,0.0
2025-06-05,4.72,4.97,0.02444113515914566,-0.0009915717222950518,-0.027749912952902377,-0.09363129630495681,-0.05161104051107335,5.066000000000001,4.7524999999999995,4.4695,3,5,6,4.91809564111856,4.6067718374014355,59.64467005076142,0.2347554523027382,0.27795366159238166,5.790511763445852,3.714488236554147,0.04832381643752928,0.07103046991811512,0.061807193494512615,433346983.0,-0.06261971423543528,0.0,0.0,-1,0.0,0,57.97142857142858,0.041642882269449705,0.0,-0.6377222310520656,0.6218481765370487,1.1275737534683223,-0.1127819548872181,0.2486772486772486,0.1527225240947692,0.08898305084745761,0.0
2025-06-06,4.94,4.72,-0.03897929360517267,-0.001986097971629403,0.017167803622365498,-0.1171278695202845,0.04555653160236722,5.029999999999999,4.805,4.511333333333334,4,6,6,4.922078251824276,4.628270428536827,56.91056910569106,0.22099766621436423,0.2665624625167782,5.762419778142425,3.847580221857575,0.03973898776882277,0.07134097818583772,0.061821700048596516,433929384.0,0.2820079615692214,0.0,0.0,-1,0.0,0,61.77142857142858,0.0587882337400379,0.012711864406779768,-0.7329101412695166,0.7806127803488205,1.132502919406863,-0.04077669902912617,0.269922879177378,-0.4029032920470125,0.06680161943319839,0.0
2025-06-09,5.08,4.94,0.04499736593073572,0.052286836446428224,0.06187540371808745,0.6120000275377574,0.027945930390559322,5.026,4.862,4.5473333333333334,0,9,6,4.950791296947135,4.657414271857032,44.98269896193771,0.2188683732253054,0.25702364465848365,5.734566691765332,3.9894333082346685,0.03980250323291888,0.07140837410477628,0.060328258558960096,435003399.0,0.4996752730933464,0.0,0.0,-1,0.0,0,63.42857142857143,0.0637348420410502,0.012145748987854171,-0.25840048498604595,0.583787651562499,1.1335727964522158,0.05833333333333335,0.28934010152284273,-1.6323866861831111,0.059055118110236185,0.0
2025-06-10,4.92,5.08,0.023716526617316065,-0.026789621097357545,-0.028399474521697887,-0.42983473268377786,-0.03200273108617383,4.992,4.901999999999999,4.579999999999999,1,10,6,4.945192879320383,4.674355286575934,43.624161073825505,0.20194236449341751,0.24600738862547042,5.701647290668227,4.102352709331772,0.03964999359217655,0.07175217251301459,0.06063524241351494,434304627.0,0.04501984865091942,0.0,0.0,-1,0.0,0,64.0,0.06094646945157256,0.007874015748031503,-0.6436829333696779,0.6550607442490531,1.1390304269882463,0.008196721311475308,0.1941747572815533,-0.4487349050974736,0.06095528455284554,0.0
2025-06-11,4.99,4.92,-0.01773445493976858,0.04917861599083627,0.0183491386681964,0.6748992593159053,0.014127379259210709,4.977,4.9325,4.613333333333333,2,11,6,4.9533396285348585,4.694719461635551,52.6923076923077,0.19196395463802407,0.23519870182798117,5.693935624675961,4.171064375324039,0.03962920434602456,0.07071691965976115,0.06063901533793813,435676900.0,0.15103049591216589,0.0,0.0,-1,0.0,0,64.2,0.04847709604127558,0.02235772357723584,0.05462992054401412,0.6491817407218393,1.1225962974255743,0.004024144869215318,0.13926940639269425,-0.37319770722271267,0.09418837675350696,0.0
2025-06-12,4.91,4.99,-0.007984074348220531,-0.05584822410887996,-0.01834913866819654,-0.7379928596469745,-0.0161619679569981,4.936,4.9704999999999995,4.647333333333333,3,12,6,4.945459696073975,4.708608528626806,41.25560538116593,0.17557672236228328,0.2232743059348416,5.637511402095702,4.303488597904297,0.03752853489162933,0.06951307737750155,0.06048544628533468,435020854.0,-0.18140619428667226,0.0,0.0,-1,0.0,0,64.6,0.04628250477744889,0.0,-0.7120208630408608,0.5070024545151289,1.1034858936459544,0.0402542372881356,0.1831325301204818,-0.17029940779913755,0.05409368635437883,0.0
2025-06-13,4.7,4.91,-0.03881999184958209,-0.04705528785589423,-0.044171218313137424,0.07046079623975905,-0.04371143309041632,4.891,5.0075,4.674000000000001,4,13,6,4.900830660424161,4.708053139683141,40.707964601769916,0.14398471163499593,0.20741638707487248,5.4969626484318175,4.518037351568183,0.03846076925594237,0.0693875846991073,0.06122571320832934,434316915.0,-1.2564799417695918,0.0,0.0,-1,0.0,0,59.54285714285715,0.0366171987420839,-0.022403258655804545,-0.6740029170241127,0.47809950036817067,1.1014937591356109,-0.04858299595141702,0.18686868686868685,0.3095487566191215,0.051063829787233894,0.0
2025-06-16,5.09,4.7,-0.012578782206860073,0.044007100728832446,0.01282068842906125,-0.028675309231785462,0.07971532184641833,4.92,5.0405,4.712999999999999,0,16,6,4.935225085801586,4.732694872606809,46.61354581673307,0.14870339597532567,0.19567378885496312,5.448187961170766,4.6328120388292335,0.04195976309350644,0.0668782261171007,0.06273289028060526,435000955.0,0.24283277758729913,0.0,0.0,-1,0.0,0,61.114285714285714,0.04844152731647835,0.008510638297872348,-0.6590693511903345,0.799917655037002,1.06165892658596,0.0019685039370078705,0.1489841986455982,1.3628946716685386,0.0785854616895875,0.0
2025-06-17,4.96,5.09,0.05340077672711525,0.007797310460031711,0.04158603377810282,-0.3168642619960517,-0.02587208982559528,4.928,5.0200000000000005,4.742500000000001,1,17,6,4.939729615655843,4.747359719535403,46.428571428571445,0.14033537492031023,0.18460610606803254,5.398083811370464,4.641916188629537,0.04295312079646278,0.047042807689288195,0.06282113744668087,434502680.0,-0.31738994474539794,0.0,0.0,-1,0.0,0,57.42857142857144,0.05647602963422909,-0.017681728880157142,-1.0914491135346462,0.7854830333680769,0.7467814207205619,0.008130081300812941,-0.07635009310986962,1.3741460947736692,0.04838709677419359,0.0
2025-06-18,4.68,4.96,-0.014098924379501648,-0.023596611477326855,-0.054406722207164214,0.6158311720100885,-0.05810763080728081,4.898999999999999,4.988999999999999,4.77,2,18,6,4.892506049172962,4.743013931178281,37.78625954198473,0.10984378720005239,0.16965364229443652,5.37205695605002,4.605943043949978,0.04625634494114751,0.04851300694590956,0.06290704318027479,433580276.0,-1.6133371036324344,0.0,0.0,-1,0.0,0,54.285714285714285,0.04504975504419707,-0.006048387096774244,-0.2134756411646243,0.8746237896011284,0.770120110384955,-0.06212424849699405,-0.11698113207547167,1.7971384898422658,0.08117521367521352,0.0
2025-06-20,5.24,4.68,-0.03719437000804881,0.05041814267189004,-0.01081091610421573,1.11794564250186,0.11302338840339544,4.951,5.0085,4.818666666666667,4,20,6,4.95568676750515,4.775077548521617,51.49501661129568,0.1293749502431547,0.16159790388418016,5.401345221964599,4.615654778035401,0.05761017344153866,0.05222193819736133,0.0658488908440873,436401508.0,1.1785812175201245,0.0,0.0,-1,0.0,0,54.51428571428573,0.0628071124871671,0.014957264957265019,3.0020548810930476,1.271422696125342,0.8289975687120166,0.06720977596741351,0.08041237113402078,0.6423228076467156,0.13167938931297718,0.0
2025-06-23,5.22,5.24,0.15384988271264258,0.09203967168216567,0.08137960626837804,-0.006435235272906383,-0.0038240964384035057,4.979,5.0045,4.863,0,23,6,5.00374371886785,4.803782222810545,57.83582089552238,0.14160734350777116,0.15759979180889838,5.386322499405147,4.622677500594853,0.056434441895631605,0.047984438215638955,0.06584455791938379,433598373.0,1.1287967594143005,70000.0,357595.0,1,0.0,0,56.60000000000001,0.057754883940202756,0.05725190839694653,2.4772761397972975,1.1860134874720427,0.7617293419183477,0.11063829787234036,-0.015094339622641506,0.4587384537215039,0.15517241379310337,0.0
2025-06-24,5.38,5.22,-0.007246408520767198,0.01878791386563327,0.06405619040594573,-0.3726838586721434,0.03019097227914573,5.009,5.0175,4.9110000000000005,1,24,6,5.072153951800968,4.84095756327438,59.05797101449275,0.16234090126770973,0.15854801370066066,5.432171715430786,4.602828284569214,0.05653660148667468,0.047730034962206666,0.06593410549941496,435529405.0,1.7483709957087998,0.0,0.0,-1,0.0,0,57.885714285714286,0.06423510928252811,0.05363984674329507,1.084613850391279,1.073120206546765,0.7576908154705022,0.056974459724950854,0.05078125,1.1158667805705127,0.10964684014869891,0.0
2025-06-25,5.52,5.38,0.032203140494634734,0.005063301956546855,0.016756992689017106,0.22609471044283747,0.02568948611531087,5.069,5.0305,4.957666666666666,2,25,6,5.153580506018974,4.88476675274055,59.7864768683274,0.18790319408512346,0.16441904977755323,5.490956295428095,4.570043704571905,0.05507604864044565,0.04769625206770065,0.06568945587746583,437950329.0,2.126151840512475,0.0,0.0,-1,0.0,0,59.25714285714286,0.08430703967999786,0.05576208178438659,1.6013612437044658,1.0177634199206058,0.7571545286459171,0.11290322580645151,0.049429657794676674,0.5884935904525136,0.09601449275362324,0.0
2025-06-26,5.74,5.52,0.01398624197473987,0.008382278752804439,0.03093968353482937,-0.19619908585840065,0.03908135004247128,5.144,5.0605,5.003,3,26,6,5.260202232197343,4.939943091273418,68.34532374100719,0.2233391420864006,0.17620306823932272,5.618785910528024,4.502214089471977,0.055737328843791165,0.047936303574468604,0.06519830996007862,439939962.0,2.434236605961747,0.0,0.0,-1,0.0,0,63.00000000000001,0.09124504853174593,0.04347826086956526,0.9324874721330216,0.7325323539730182,0.7609652281784433,0.22649572649572658,0.11673151750972766,1.5032239848899294,0.07142857142857145,0.0
2025-06-27,5.53,5.74,0.03915393741955813,0.0,-0.03001589594026561,0.43112626218246386,-0.037271394797231655,5.206,5.071,5.049,4,27,6,5.309256371797826,4.978011278933197,60.649819494584825,0.23180503704937916,0.187323462001334,5.6570447261532175,4.484955273846782,0.057382139565267484,0.04837458013329697,0.0647264357420219,436877937.0,1.566433343792254,0.0,0.0,-1,0.0,0,64.8,0.10182864151233426,0.04355400696864111,1.96231897912102,0.4974645424168405,0.7679226528592173,0.055343511450381744,0.03947368421052633,-1.064946232688759,0.10397830018083186,0.0
2025-06-30,5.89,5.53,-0.05138116398911845,0.04727856835274936,0.04248266470539567,-0.08684901990280709,0.06306818212925185,5.325,5.1080000000000005,5.113333333333332,0,30,6,5.414846122380039,5.036849260937507,63.545150501672225,0.26451415661240407,0.20276160092354806,5.799073916375166,4.416926083624835,0.055765935291361694,0.04953475795628633,0.0645059918464481,439685249.0,2.263144307635747,26836.0,166536.16520000002,1,0.0,0,69.22857142857143,0.11194671220761204,0.028933092224231488,1.5064802839116826,0.5968466295823955,0.7863399048366703,0.1283524904214559,0.14368932038834936,-1.2997128578028148,0.10696095076400677,0.0
2025-07-01,5.54,5.89,0.04887384967933473,-0.04978588266253308,-0.04525659158812083,-0.34029700126560686,-0.061261496904302784,5.369999999999999,5.145,5.150333333333334,1,1,7,5.437601372856395,5.06931059894154,59.74842767295598,0.25920632542545974,0.2140505458239304,5.845811559625438,4.444188440374561,0.05724692049898633,0.048879167739501767,0.06283051022146749,437687681.0,1.1272645109082264,0.0,0.0,-1,0.0,0,67.54285714285714,0.10073313632197857,0.014431239388794561,0.5912540447578412,0.8373150787303164,0.7759327327831971,0.029739776951672958,0.15416666666666679,-0.3895035219304207,0.10379061371841142,0.0
2025-07-02,5.82,5.54,-0.05239498007791358,-0.007559884807940288,0.03214445332656715,-0.46978738965142336,0.04930576098415406,5.456,5.192,5.165333333333334,2,2,7,5.507128395973415,5.117742173203377,62.24188790560472,0.2744300323254256,0.22612644312422947,5.94231502155983,4.44168497844017,0.05706197505098204,0.04976301611383655,0.05056455207256235,438936431.0,1.6739635538535562,0.0,0.0,-1,0.0,0,63.71428571428572,0.10669925674627763,0.023465703971119113,-0.25845056199226857,0.8889228502162471,0.7899633907542685,0.05434782608695676,0.19262295081967218,-0.5851702277819953,0.06075601374570449,0.0
2025-07-03,5.89,5.82,0.039763233172013114,0.03967462490766232,0.021922767943708673,-0.261150026977321,0.011955735920148841,5.577,5.238,5.185,3,3,7,5.576741414887339,5.167565258803159,64.49704142011834,0.2888140758245399,0.23866396966429157,6.04190101511607,4.4340989848839305,0.05097846947132756,0.04972639854566651,0.05048196529849671,439898175.0,1.6220902517603146,0.0,0.0,-1,0.0,0,77.62857142857145,0.1250386504617925,0.013745704467353964,-0.5954358346834313,0.8550939450513175,0.7893821048803051,0.026132404181184565,0.18511066398390352,-0.1967543050034232,0.07979626485568757,0.0
2025-07-07,6.06,5.89,-0.0016963532481785132,0.014481347194710656,0.005249355886143745,0.510584366230722,0.028453802417727686,5.659000000000001,5.305,5.225333333333333,0,7,7,5.66460661218055,5.225141693719085,70.35928143712574,0.31035355063638637,0.25300188585871053,6.149461834231172,4.460538165768828,0.03874591099826076,0.04781456349242929,0.04771255119618424,441500695.0,1.7881210716583273,0.0,0.0,-1,0.0,0,75.08571428571429,0.12353641897938689,0.0,0.06945475239085581,0.7701652292273714,0.7590326642884554,0.0958408679927667,0.2838983050847457,-1.3290417083916863,0.08745874587458737,0.0
2025-07-08,5.83,6.06,0.03993875228462464,0.014274627792593033,0.005221943981151625,0.0008832181648827678,-0.03869279971882203,5.720000000000001,5.349500000000001,5.242999999999999,1,8,7,5.694678137238631,5.264164810253337,61.63522012578617,0.3053448365928313,0.2634704760055347,6.206679585678906,4.492320414321096,0.0419878219706639,0.04847973536845104,0.045679373223253904,439896759.0,1.121118626779785,0.0,0.0,-1,0.0,0,74.62857142857142,0.10983307747842229,0.011551155115511599,0.012997197938752213,0.731633714124934,0.7695919404668624,-0.01018675721561968,0.18016194331983804,-0.3374732488798824,0.10120068610634646,0.0
2025-07-09,5.62,5.83,-0.039938752284624776,-0.06506359334706177,-0.04800921918636049,-0.009778088191228575,-0.03668533645680126,5.744,5.3765,5.259666666666666,2,9,7,5.6811002941043345,5.287121919269251,60.122699386503065,0.28118878044368945,0.26701413689316567,6.231953711565375,4.521046288434625,0.04392968263155145,0.049286411739832635,0.04574013800115497,438308430.0,0.5692885464356098,0.0,0.0,-1,0.0,0,75.91428571428571,0.09973046105217885,0.010291595197255508,-0.036401496968917604,0.6254420605176004,0.7823975308699885,0.014440433212996373,0.10629921259842523,-0.08017600612631248,0.08185053380782917,0.0
2025-07-10,5.62,5.62,-0.07215089670357104,-0.049967327342446875,-0.014679162663049089,-0.31351365762213157,0.0,5.7540000000000004,5.4115,5.2716666666666665,3,10,7,5.669991149721728,5.308597924477686,65.77181208053692,0.2590586648801887,0.2654230424905703,6.245318735823277,4.577681264176723,0.04332862144683928,0.048515989618939846,0.045533115728940275,438308430.0,0.5001086951929328,0.0,0.0,-1,0.0,0,76.97142857142856,0.09555741973505501,-0.024911032028469695,-0.5911837926242046,0.4693569202342546,0.770167458851437,-0.03436426116838487,0.1422764227642277,-0.076783563873838,0.04448398576512456,0.0
2025-07-11,5.19,5.62,0.023445618574680725,0.0157759625941674,-0.0453764043380524,0.35475963056413495,-0.07959796672780235,5.699,5.4215,5.273333333333334,4,11,7,5.582720031590504,5.300946445479126,49.12280701754386,0.20446602545146142,0.25323163908274854,6.238665189767542,4.604334810232458,0.04763567328768115,0.051997844572156414,0.04759944158057444,436653219.0,-0.5665929065477056,0.0,0.0,-1,0.0,0,75.25714285714285,0.07496365839891148,-0.0017793594306049442,-0.000906505547251956,0.6382793356293023,0.8254401926958939,-0.11884550084889633,0.04008016032064132,0.11914771324072698,0.11175337186897881,0.0
2025-07-14,5.22,5.19,-0.07781702235680764,-0.07023587972654842,0.0,-0.5138263153814547,0.005763704716749913,5.668,5.436999999999999,5.27,0,14,7,5.516770934937685,5.295724094157893,50.0,0.16175707974004894,0.2349367272142086,6.224537133627049,4.64946286637295,0.04678571984090872,0.051800959547414135,0.04718499121600044,437643370.0,-0.5510851253466439,0.0,0.0,-1,0.0,0,76.11428571428573,0.07172138896805329,0.0,-0.8611146009506421,0.5287395475525601,0.8223147398218487,-0.13861386138613863,0.06313645621181263,-0.4808156547546818,0.03639846743295027,0.0
2025-07-15,5.05,5.22,0.02097312338027885,-0.009372139828863322,-0.05363748340375678,0.4448492380444281,-0.03310915860727883,5.584,5.4544999999999995,5.266666666666667,1,15,7,5.431903492221742,5.279870926792868,44.25087108013936,0.11289101595201778,0.21052758496177043,6.186691375615502,4.722308624384497,0.04033082514112424,0.05136117736508286,0.04719960994446391,436098482.0,-1.1049023888323308,0.0,0.0,-1,0.0,0,73.4857142857143,0.06606888662920035,0.015325670498084306,-0.223398996156962,0.5243194781381346,0.8153334141089338,-0.13379073756432247,0.07446808510638281,-0.6483280011191728,0.08118811881188104,0.0
2025-07-16,5.57,5.05,-0.044366002954984225,0.06206370990450232,0.029162448688991375,0.10801278650473482,0.09800681065192428,5.587,5.4785,5.292333333333334,2,16,7,5.4570119481814245,5.298588931515909,50.76923076923078,0.11480061251749785,0.19138219047291594,6.191603668553649,4.765396331446352,0.05141535273512476,0.05312633389621746,0.04894613596816937,437819583.0,0.256624678949092,0.0,0.0,-1,0.0,0,72.94285714285715,0.07342788072451263,0.003960396039604052,-0.06308666937008059,1.051530128061949,0.8433544053478353,-0.008896797153024827,0.09430255402750509,0.8787627435907273,0.10861759425493724,0.0
2025-07-17,5.69,5.57,0.07776428335683234,0.04811568475763852,0.07721795486958044,-0.15016226816262607,0.021315194199046934,5.574,5.515,5.319333333333334,3,17,7,5.499373412148438,5.323841258514883,49.20634920634921,0.1245611156668911,0.178017975511711,6.1900750445608885,4.839924955439111,0.049122064081099356,0.05270460837888319,0.04899049382575086,439300708.0,0.5184608775275691,0.0,0.0,-1,0.0,0,74.17142857142858,0.08900741097536599,-0.016157989228007156,-0.506610492205741,1.06267914963788,0.8366597203054561,0.012455516014235002,0.14717741935483875,0.5430259621283133,0.08409490333919147,0.0
2025-07-18,5.78,5.69,0.04983237374787554,0.03668085190243839,0.04309463946308685,0.3502923600979526,0.015693434546046547,5.563000000000001,5.57,5.346333333333334,4,18,7,5.5503964281214495,5.35327085473973,54.12541254125413,0.13796822080482762,0.17000802457033432,6.127664301962775,5.012335698037226,0.049249792656588784,0.05046994366889881,0.048970342975728505,441403139.0,0.7531412688991442,0.0,0.0,-1,0.0,0,73.94285714285715,0.09956508759854094,0.012302284710017469,0.3624432566797965,0.7870599021332046,0.8011855177880703,0.11368015414258181,0.2350427350427351,1.172496235882143,0.07958477508650517,0.0
2025-07-21,5.62,5.78,0.03245374484973857,0.024097551579060524,-0.023112139875748717,-0.004124204616571221,-0.028072018778686376,5.519,5.589,5.376333333333334,0,21,7,5.563051623008459,5.370479186692005,45.229681978798595,0.13413654282680199,0.16283372822162784,6.124788646467645,5.0532113535323555,0.0487077636043275,0.04426971269180818,0.048239319729332056,439309361.0,0.1157172709962293,0.0,0.0,-1,0.0,0,73.28571428571429,0.09750839476961685,0.02941176470588234,0.4325507915071147,0.8644484431639284,0.7027599023688255,0.07662835249042144,0.0725190839694656,1.1856626847618472,0.13167259786476873,0.0
2025-07-22,5.56,5.62,-0.025533302005164762,-0.08269171584511341,-0.040372455290387514,-0.7767986522807895,-0.010733555643108777,5.492,5.606,5.397,1,22,7,5.562496782461466,5.382706335937683,50.39370078740157,0.12481956956394136,0.15523089649009053,6.113310763266203,5.098689236733796,0.04749696509844663,0.04436344107441461,0.047746058948818344,438346483.0,-0.18134840942005578,0.0,0.0,-1,0.0,0,73.88571428571429,0.0928574297695502,0.032028469750889625,-1.3612778164216335,0.7983843015037189,0.704247794315815,0.10099009900990086,0.06513409961685812,1.381689071257215,0.08273381294964029,0.0
2025-07-23,5.86,5.56,-0.0333071980177686,0.013698844358161927,0.03676884778708906,-0.10491426816719673,0.052551495326430345,5.516,5.630000000000001,5.423,2,23,7,5.616588276559381,5.413499475554607,50.78125,0.14002912533162704,0.15219054225839784,6.137708992486894,5.122291007513107,0.049193472398122835,0.045392055180414455,0.048401904213510274,439213460.0,0.9060308302730602,0.0,0.0,-1,0.0,0,76.3714285714286,0.10641173433401128,0.008992805755395811,-1.363438675424045,0.498530662760899,0.7205765370329867,0.05206463195691202,0.08921933085501865,0.23296758332596862,0.058020477815699634,0.0
2025-07-24,5.71,5.86,0.043598884054316396,0.010152371464018128,0.0302245229087264,-0.5560824396328021,-0.025930579921002447,5.525,5.6395,5.449333333333334,3,24,7,5.633572226275857,5.432628541647858,46.59090909090909,0.1383838584791679,0.14942920550255187,6.145650591278977,5.133349408721023,0.050154341315784265,0.045615940418408454,0.04825658721522488,438716291.0,0.27857321996544815,0.0,0.0,-1,0.0,0,75.25714285714287,0.10040528578737505,0.0,-1.7285318850920204,0.5435846966644041,0.7241306050046905,0.0035149384885764245,0.034420289855072506,1.0944009293568382,0.04028021015761829,0.0
2025-07-25,5.67,5.71,-0.022434072862273047,-0.03599360264790537,-0.033841163378914955,-0.06807394562199195,-0.007029905928258174,5.5729999999999995,5.636,5.4719999999999995,4,25,7,5.640195457862065,5.447942829283481,42.23107569721116,0.1323269245237748,0.14600874930679647,6.14018876999483,5.13181123000517,0.0421308825062875,0.044801744016448646,0.04828864743930425,438251840.0,0.13487012017482441,0.0,0.0,-1,0.0,0,74.65714285714286,0.09884397879893206,0.003502626970227752,-1.5606000458249933,0.5287703381097825,0.7112056378169951,-0.01903114186851218,-0.012195121951219523,1.8378936655298164,0.03703703703703719,0.0
2025-07-28,5.43,5.67,-0.007005282588408688,-0.0034965070587294257,-0.05014978368547144,0.7125824080966313,-0.04324998379381663,5.593999999999999,5.630999999999999,5.489333333333334,0,28,7,5.601978101887144,5.4467852273942245,42.063492063492056,0.10692816516244097,0.13819263247792538,6.141558002271666,5.120441997728332,0.04525336039701326,0.04506838748077818,0.04892502103581989,437304708.0,-0.7873738110290075,0.0,0.0,-1,0.0,0,73.8,0.09110773468893069,0.0035273368606702753,-0.8039543810920903,0.5789808754746933,0.7154384715890152,-0.03380782918149472,-0.018083182640144746,1.4190021823746155,0.08471454880294658,0.0
2025-07-29,5.09,5.43,-0.04861443268668482,-0.04843996280006747,-0.03883983331626401,-0.008823224841715657,-0.06466130338341264,5.598000000000001,5.590999999999999,5.502333333333334,1,29,7,5.5088911742713,5.423766825626855,39.99999999999999,0.05868779056125373,0.12229166409459105,6.140024014429672,5.041975985570327,0.04886672598825815,0.04440830398691421,0.04971391458880626,436365896.0,-1.8250567801499147,0.0,0.0,-1,0.0,0,70.62857142857143,0.07844348701467316,-0.0018416206261509737,-0.7823533746420287,0.7068403952619111,0.7049599709731991,-0.08453237410071934,-0.13582342954159587,1.1315554959142125,0.07662082514734786,0.0
2025-07-30,5.17,5.09,-0.04529075918016322,-0.02796081499764326,0.005923018303122071,-0.4957315321263543,0.015594857957906418,5.558000000000001,5.5725,5.505,2,30,7,5.447274597131064,5.4073947723606075,41.75824175824176,0.026605584927147596,0.10315444826110236,6.1528039131165375,4.992196086883462,0.03447265009906004,0.04283191729007314,0.047488333337558586,436937750.0,-1.3872041559684232,0.0,0.0,-1,0.0,0,68.02857142857142,0.0797203520419847,0.017681728880157142,-1.3863349072990618,0.48249067930672246,0.6799356079537268,-0.11774744027303763,-0.06678700361010836,0.11684298076498262,0.040618955512572524,0.0
2025-07-31,5.19,5.17,0.009606221805439933,0.009407407101895327,0.005888142625222532,-0.17809585037565825,0.0038610086574595933,5.508,5.5409999999999995,5.512666666666666,3,31,7,5.400497397652688,5.393369303176053,50.0,0.002762197778748643,0.08307599816463161,6.133013513358787,4.948986486641212,0.03328562441539319,0.04101797063414096,0.04721168949523806,437416313.0,-1.1857837433764018,0.0,0.0,-1,0.0,0,63.71428571428572,0.07962393250445989,0.011605415860735106,-1.4129985830329854,0.5215205378043832,0.651140097494924,-0.09106830122591936,-0.10824742268041232,-0.5518984279315775,0.044315992292870816,0.0
2025-08-01,4.96,5.19,-0.04697536831340427,-0.05188483536901157,-0.06258348630176788,0.8229065509913809,-0.04532795644096123,5.426,5.4945,5.522,4,1,8,5.320406961715836,5.365409993293728,44.84126984126985,-0.034297575033002126,0.05960128352510487,6.11643162595886,4.8725683740411405,0.033801192038154154,0.041721525206652066,0.04673814459325713,436326573.0,-1.7188384629128264,0.0,0.0,-1,0.0,0,49.8,0.07808766593479839,-0.03853564547206169,-0.24856490535445103,0.5368756613195256,0.6623086800906844,-0.12522045855379194,-0.1578947368421052,0.4175491962230052,0.05443548387096783,0.0
2025-08-04,5.16,4.96,0.011952333523841173,0.023392879574705594,0.04068198471934048,-0.9458495341156995,0.03953083875663522,5.38,5.4495000000000005,5.519333333333333,0,4,8,5.291242059585684,5.352157735661875,52.15686274509803,-0.04698773806177581,0.03828347920772873,6.027863389683096,4.8711366103169045,0.037527466107171635,0.042324984193655324,0.04190275418039707,436749773.0,-1.0011007099139762,0.0,0.0,-1,0.0,0,56.885714285714286,0.0803398219781668,0.01814516129032255,-1.3701980689093478,0.6795619430993247,0.6718882945269099,-0.04972375690607722,-0.14851485148514842,-0.27645791870478015,0.036957364341085375,0.0
2025-08-05,5.09,5.16,0.019608471388376337,0.0,-0.000860490532668756,0.19522627437842327,-0.013658748931040016,5.333,5.4125,5.515,1,5,8,5.254652594206469,5.335244333361109,38.57142857142858,-0.0619787462688004,0.018231034112422908,5.982998397063508,4.842001602936492,0.03756260806079629,0.041738506760271174,0.041973776710459265,436235337.0,-1.1305903808318645,0.0,0.0,-1,0.0,0,55.02857142857143,0.07810010194260356,-0.0019379844961239896,-1.0833590244945166,0.5041888405090655,0.6625782538971945,0.0,-0.1269296740994854,-0.3242619540915915,0.03831041257367393,0.0
2025-08-06,4.43,5.09,-0.05180441118886431,-0.057498492061216294,-0.12229771601091016,1.2254181436837368,-0.1388782465053872,5.1899999999999995,5.353,5.483333333333333,2,6,8,5.1047157588962015,5.276841473144263,26.136363636363654,-0.12566710031967432,-0.010548592773996538,6.063436485549126,4.642563514450874,0.047414712981969,0.04976986509316518,0.04774617134790499,434483379.0,-2.5984025842551564,0.0,0.0,-1,0.0,0,55.31428571428573,0.0691241127862153,-0.03929273084479375,1.1544671247033031,1.0193070173298278,0.7900721149304976,-0.14313346228239854,-0.21174377224199292,-1.0507959913992042,0.10835214446952607,0.0
2025-08-07,4.69,4.43,-0.07206507052392161,-0.03742640551911703,0.01793770068666725,-0.9611578563214312,0.05703299840114395,5.087999999999999,5.3065,5.4556666666666676,3,7,8,5.029312893642346,5.238980732941408,30.604982206405722,-0.1533925389598778,-0.03911738201117279,6.0635656649538525,4.549434335046147,0.05455142520039824,0.052104964351721565,0.04884592986154212,435153415.0,-1.628656610751402,0.0,0.0,-1,0.0,0,54.71428571428572,0.07571446787308819,0.027088036117381517,-0.7439949402230603,1.1896367006320143,0.8271406664792466,-0.09633911368015413,-0.1654804270462633,-0.7730578068733507,0.04690831556503192,0.0
2025-08-08,4.79,4.69,0.04301738508369086,0.01680711831638119,0.030636969461889804,-0.059548672879545156,0.021097828964635745,5.0,5.2865,5.424,4,8,8,4.985801458434646,5.210014234041962,34.909090909090935,-0.1653894776214635,-0.06437180113323093,6.076923603951449,4.496076396048552,0.05590954521989333,0.04984756930223348,0.048383913449341114,435784716.0,-1.2562883940153626,26000.0,38087.4,1,0.0,0,58.37142857142857,0.07830659038891431,0.012793176972281365,-0.7319547642062288,1.1884059147766792,0.7913056310086037,-0.03427419354838712,-0.07707129094412335,-1.5857241258970693,0.03340292275574116,0.0
2025-08-11,4.88,4.79,0.020834086902841834,0.05275056538552896,0.03598271787950581,-0.009006045237233782,0.01861480844223201,4.945,5.2695,5.402333333333333,0,11,8,4.966564829628347,5.188722993136029,37.769784172661886,-0.1657245209874194,-0.08464234510406864,6.080307914171781,4.458692085828218,0.05596195638247099,0.05004990565983413,0.048187984412926245,436410357.0,-0.9607700990384731,0.0,0.0,-1,0.0,0,57.62857142857143,0.0885846656455453,0.012526096033402842,-0.6997423283489617,1.1462330080057772,0.7945176211089914,-0.054263565891472965,-0.06513409961685823,-1.554682188030316,0.05122950819672131,0.0
2025-08-12,5.03,4.88,0.01838662625043946,0.0019151609553766154,0.016515669057765275,-0.2623649038119839,0.03027476424659209,4.939,5.2685,5.373666666666667,1,12,8,4.978098496968648,5.178482800030479,34.22053231939165,-0.1521326088554762,-0.09814039785435015,6.080496240592422,4.456503759407579,0.05379572976923515,0.050026848000796396,0.04690426632004685,436891619.0,-0.5874411433875452,10000.0,15409.0,1,0.0,0,62.25714285714286,0.09121751056242548,0.012295081967213217,-0.8652199319636578,1.1775616266974065,0.7941515921192164,-0.011787819253438081,-0.003960396039603853,-1.9710596871540529,0.03570576540755462,0.0
2025-08-13,5.13,5.03,0.014070583896942152,0.01959104426558716,0.012174823405164107,0.34017614812082836,0.01968567507103036,4.935,5.2465,5.359999999999999,2,13,8,5.0057169520652565,5.175354877447868,38.75968992248063,-0.13177276192753773,-0.10486687066898767,6.047874477152199,4.4451255228478015,0.0539451626373095,0.04422831681247265,0.04590680136105065,437567886.0,-0.2907504626650952,7000.0,11529.7,1,0.0,0,63.34285714285714,0.09308971797428865,-0.003976143141153173,-0.4442996183302469,0.26646336645256885,0.7021027631566775,0.15801354401805878,-0.07899461400359076,1.8422385150834444,0.042884990253411255,0.0
2025-08-14,5.02,5.13,0.019763489118839718,-0.0019361090268663291,-0.02247285585205863,-0.015470985518809658,-0.021675725479040394,4.918,5.213,5.333333333333333,3,14,8,5.008313869871573,5.165331982128651,37.73584905660377,-0.12309455978254302,-0.10851240849169874,5.99201692434788,4.433983075652121,0.05436723932956162,0.044009571509990957,0.044963207581735824,436902001.0,-0.49549629531235717,0.0,0.0,-1,0.0,0,63.25714285714287,0.09102398990422302,-0.003898635477582763,-0.3983642236644736,0.3221537091347626,0.6986302891316966,0.07036247334754786,-0.11775043936731122,-1.9155040805583097,0.0637450199203188,0.0
2025-08-15,4.94,5.02,-0.017769470511975406,-0.021568138382462777,0.00825099072984002,-0.5798656945638408,-0.016064602503806563,4.9159999999999995,5.171,5.301666666666667,4,15,8,4.9958931662585595,5.150794434894545,40.16064257028115,-0.12127437793352946,-0.11106480238006489,5.91089757470342,4.43110242529658,0.052621219347837304,0.043780220428045635,0.04491098479775126,436529123.0,-0.6244107506166475,0.0,0.0,-1,0.0,0,63.54285714285715,0.09080033542106368,0.0,-0.9355810027459377,0.37243039444044695,0.6949894535771911,0.03131524008350728,-0.1453287197231834,-0.4516742162460022,0.03437246963562761,0.0
2025-08-18,5.09,4.94,-0.02828471383858199,0.01573721807166942,-0.011873245660633218,0.7259233345447984,0.029912499362600032,4.909000000000001,5.1445,5.269333333333334,0,18,8,5.013003499666094,5.146872213288445,50.0,-0.10650045337451886,-0.1101519325789557,5.854028383022947,4.4349716169770526,0.05188158591360842,0.044249944065975405,0.044950684925217775,437299727.0,-0.15362317083864246,0.0,0.0,-1,0.0,0,64.2,0.09419224695909434,-0.01214574898785435,0.15938105869724462,0.4043738212837608,0.7024460851625354,0.04303278688524581,-0.09430604982206414,-0.5100323253664725,0.06041257367387036,0.0
2025-08-19,4.62,5.09,0.036221263434318356,-0.013739175883304046,-0.051593467671653445,0.01623389707779264,-0.09688312546878387,4.862,5.097499999999999,5.229,1,19,8,4.941548317908621,5.112880457592416,39.77695167286245,-0.1312046383681773,-0.11436247373680003,5.815622552214705,4.379377447785293,0.0595669853627117,0.04846744452441277,0.04736543152308536,436516511.0,-1.329856578177021,0.0,0.0,-1,0.0,0,59.88571428571429,0.08642633449515745,-0.005893909626719106,0.23091048080592158,0.7651993380120542,0.7693968293664925,-0.08151093439363821,-0.1690647482014388,-1.1238871284419008,0.10389610389610379,0.0
2025-08-20,4.72,4.62,-0.06955768370191011,-0.06744128079553241,-0.02431058950061624,-0.019752910446650444,0.021414094503816355,4.891,5.0405,5.199,2,20,8,4.901266805561599,5.0875333312961315,41.51624548736461,-0.14108735152995333,-0.1197074492954307,5.680515624808767,4.400484375191232,0.04177794923436107,0.046801369505427994,0.04730107283770108,437284408.0,-1.0015380486867433,0.0,0.0,-1,0.0,0,55.91428571428572,0.08901455280284402,0.021645021645021568,0.19889648868724466,0.7704802343123758,0.7429487083716269,-0.0799220272904484,-0.1945392491467578,-1.111363160664297,0.05508474576271201,0.0
2025-08-21,4.68,4.72,-0.017094433359300183,-0.002116402906377724,0.018815167948637263,-0.6136388419310915,-0.00851068966790862,4.89,4.989,5.167666666666666,3,21,8,4.861036477277672,5.061240858309285,44.5736434108527,-0.1504132680922572,-0.125848613054796,5.5647155730497335,4.413284426950266,0.03778299963374888,0.04665111910179776,0.047297374182900996,436868686.0,-1.0734467312153353,0.0,0.0,-1,0.0,0,52.60000000000001,0.08819887733802123,-0.0169491525423729,-0.9117850770555437,0.7697229068360321,0.7405635571572708,-0.06772908366533859,-0.18038528896672512,-1.3803706437751255,0.035277777777777734,0.0
2025-08-22,4.82,4.68,-0.0064865092296066615,0.02510592113107626,0.005495421551979079,0.012694447769471082,0.02947581813295368,4.893,4.9464999999999995,5.155333333333333,4,22,8,4.853575299590823,5.04567693196675,43.25396825396825,-0.1448376953921544,-0.12964642952226768,5.428394288472591,4.464605711527408,0.038402908074676896,0.04745021919426271,0.045711534491772045,437289719.0,-0.525011410286487,0.0,0.0,-1,0.0,0,55.54285714285715,0.0893725013505323,-0.01495726495726483,-0.8826929000399577,0.8253269084437298,0.7532488778611367,-0.02429149797570851,-0.14991181657848318,-1.7795303449906341,0.0539419087136929,0.0
2025-08-25,4.68,4.82,0.04454607105395186,-0.004140792666031277,0.013015368112070227,0.047337690977888515,-0.02947581813295369,4.872999999999999,4.909000000000001,5.137333333333333,0,25,8,4.822016154210672,5.022084871839863,42.084942084942085,-0.14998688834344698,-0.13371452128650355,5.34722128512452,4.470778714875482,0.038959470487299926,0.04702032273857702,0.0459636362522124,436848276.0,-1.045134080764385,0.0,0.0,-1,0.0,0,53.942857142857136,0.08469104660738914,0.0,-0.73943568604104,0.7768382751884361,0.7464244831936221,-0.08055009823182713,-0.13812154696132595,-1.0889976849813188,0.038461538461538596,0.0
2025-08-26,4.78,4.68,0.002072539601972375,0.008264509849893431,0.010718216220024328,-0.0834002239534199,0.021142436573809383,4.848,4.8935,5.128333333333334,1,26,8,4.814376853445095,5.0064664930114855,58.62068965517243,-0.14433469605920646,-0.13583855624104413,5.326665824573325,4.460334175426675,0.03814960120894469,0.04545095125451563,0.04580522753317165,437254396.0,-0.524048729429656,0.0,0.0,-1,0.0,0,55.4,0.06893518584571415,0.03205128205128213,-0.7694248709949919,0.39564609912518417,0.7215114832246051,0.03463203463203457,-0.06090373280943018,-0.888334264127364,0.03556485355648534,0.0
2025-08-27,4.64,4.78,-0.020921265160639684,-0.016597891409037828,-0.011796383440369651,0.0036228984931694626,-0.02972618026520085,4.7989999999999995,4.867,5.097333333333333,2,27,8,4.782671971000532,4.982823493462357,48.69109947643977,-0.14942959160791602,-0.13855676331441852,5.2937428660019386,4.440257133998061,0.037838873823253565,0.045635713678451297,0.04165028320798968,436846802.0,-1.0638725006780498,0.0,0.0,-1,0.0,0,59.11428571428572,0.07711279078107139,-0.010460251046025068,-0.7288392015362113,0.4402514556307765,0.7244444957767847,-0.016949152542372947,-0.10251450676982599,0.29494289236035953,0.031250000000000104,0.0
2025-08-28,4.74,4.64,-0.019210836265677808,0.014538158446027067,0.001078167220345445,0.2261175785576576,0.021322769468821244,4.771,4.8445,5.065666666666667,3,28,8,4.774913430818617,4.967157461626076,48.691099476439796,-0.14374120958359526,-0.13959365256825387,5.246257978991763,4.442742021008237,0.03874069799131359,0.04597354613452521,0.04165045458319042,437357812.0,-0.520213688162456,0.0,0.0,-1,0.0,0,64.42857142857143,0.06538599923300646,0.0,-0.41025825262819565,0.4679182994614461,0.7298074197582511,0.012820512820512997,-0.08670520231213874,-0.5442117981661363,0.044303797468354424,0.0
2025-08-29,4.47,4.74,0.012848142477849059,-0.025053502445550026,-0.04405998979403031,0.2916608591604299,-0.05864872708150775,4.724,4.819999999999999,5.022,4,29,8,4.7194746252152315,4.935082786682458,40.19138755980862,-0.15918488509635154,-0.1435118990738734,5.250813184569985,4.389186815430014,0.042055182693687194,0.04664686310353211,0.04249499832916105,436673749.0,-1.624834209052123,6000.0,8700.0,1,0.0,0,61.54285714285714,0.06287549450305191,-0.008438818565400852,0.2099078763200247,0.5510254082939131,0.7404959952793234,-0.0726141078838175,-0.09879032258064524,0.09736474171899213,0.06487695749440717,0.0
2025-09-02,4.25,4.47,-0.0889474860164963,-0.07687647811548691,-0.06273834063342336,-0.014799136434343777,-0.05046942568915197,4.64,4.7745,4.976333333333334,1,2,9,4.6341156024488255,4.890883897219075,31.944444444444443,-0.18702041565367988,-0.1522136023898347,5.244549269533313,4.304450730466686,0.04127433193765261,0.04645472213118951,0.043024051257795785,435999735.0,-2.231680949193892,0.0,0.0,-1,0.0,0,62.45714285714286,0.004670432610810148,-0.038031319910514526,0.1362052846905148,0.6009721115627704,0.7374458519024154,-0.09188034188034178,-0.1763565891472868,0.3121313615015243,0.04941176470588234,0.0
2025-09-03,4.34,4.25,-0.009345862418237658,-0.002285715280855951,0.014285957247476652,-0.25663173647103776,0.02095536517598809,4.612,4.737,4.935666666666667,2,3,9,4.58064003836722,4.855343000624297,31.627906976744185,-0.199518105797984,-0.16167450307146458,5.220543934758186,4.2534560652418145,0.033073075137838935,0.046905994284571574,0.04335628467906195,436521188.0,-1.6420431380182037,0.0,0.0,-1,0.0,0,61.371428571428574,0.0014919193383761745,0.002352941176470538,-0.3795729635443839,0.6001744564851492,0.7446095752511607,-0.09205020920502105,-0.1473477406679764,0.31143728329703413,0.03225806451612896,0.0
2025-09-04,4.34,4.34,0.01629838173311955,0.004566217979581184,0.004716989878138867,-0.10090791256449226,0.0,4.574,4.7325,4.885000000000001,3,4,9,4.536887304118634,4.822095065100149,33.33333333333336,-0.2070360327680465,-0.17074680901078096,5.229559776135581,4.235440223864419,0.031764591754154234,0.03693868415989178,0.04182019124221699,436521188.0,-1.5792869141474815,0.0,0.0,-1,0.0,0,61.17142857142858,0.025946609873300514,-0.002304147465437739,-0.7118496458138476,0.603163604967353,0.5863834322702071,-0.06465517241379304,-0.020316027088036037,-0.413763970776166,0.03225806451612896,0.0
2025-09-05,4.3,4.34,-0.009280809074472856,0.0,0.0046948443042076635,-0.12309994428226927,-0.009259325412796712,4.536,4.713,4.837999999999999,4,5,9,4.493816885187973,4.7884115125130435,34.0,-0.21375764469310354,-0.1793489761472455,5.246354824127778,4.179645175872222,0.031766955446624695,0.034247781612303886,0.04170389564487143,436104386.0,-1.5486875952623091,0.0,0.0,-1,0.0,0,58.68571428571429,0.004790062949484758,-0.011520737327188899,-1.0008513528744514,0.5279869756458239,0.5436666786108407,-0.09282700421940937,-0.08315565031982952,-0.1327770911051431,0.027906976744186074,0.0
2025-09-08,4.31,4.3,0.009280809074472783,0.004545462371674638,-0.007050557996666687,0.19936510369114777,0.0023228814161397287,4.485,4.689,4.792666666666666,0,8,9,4.460395633335614,4.757546253641235,29.032258064516142,-0.2157901595096794,-0.18663721281973228,5.250235479239519,4.127764520760481,0.02920576942537553,0.03377576198299711,0.04175047160493547,436613146.0,-1.350591735624234,0.0,0.0,-1,0.0,0,58.22857142857144,0.018395346533481554,0.00697674418604657,-0.3036109882437064,0.4137333165004848,0.536173599292321,-0.03579418344519014,-0.10020876826722347,-1.2201198350009284,0.03944315545243618,0.0
2025-09-09,4.33,4.31,0.0,-0.007099975210489457,-0.016647233433156394,0.24098949354776608,0.004629637898742197,4.45,4.6615,4.756,1,9,9,4.436687336365503,4.729962624374059,39.71631205673761,-0.21332799693566074,-0.19197536964291798,5.237046422289151,4.08595357771085,0.028798460347196186,0.03340382488003874,0.04130579182677368,437260547.0,-1.1519487817559808,0.0,0.0,-1,0.0,0,57.942857142857136,0.00453388314132868,0.004640371229698483,0.6781411302940179,0.17546401244713117,0.530269280825607,0.018823529411764683,-0.11270491803278682,0.9273537546453323,0.048221709006928425,0.0
2025-09-10,4.65,4.33,0.011481182373956232,0.07078779446774781,0.0422598092898826,0.12306732813928617,0.07129967758486652,4.437,4.6425,4.7413333333333325,2,10,9,4.47547145702632,4.724803745382184,47.85276073619634,-0.183440798372704,-0.1902684553888752,5.191292933819158,4.093707066180842,0.03795729655046015,0.03705737678292774,0.04243323261846285,437992732.0,0.02733271344368925,0.0,0.0,-1,0.0,0,57.94285714285714,0.00984563708567037,0.011547344110854462,1.1561369998133317,0.5352045284197338,0.5882676192482735,0.07142857142857162,-0.07554671968190851,2.095973933025054,0.07526881720430119,0.0
2025-09-11,4.57,4.65,0.06838385806983337,0.018967902706810827,0.024972920931380097,0.11840548356239895,-0.01735401469315162,4.43,4.6145000000000005,4.721333333333334,3,11,9,4.492658464839716,4.714816406970431,46.706586826347326,-0.1643161750157125,-0.18507799931424268,5.113445203192478,4.115554796807523,0.03718023519304633,0.03676532876428514,0.042382009953217316,437168511.0,-0.17837630150673453,0.0,0.0,-1,0.0,0,60.34285714285715,0.01748669515959207,0.008602150537634416,1.6338782119886845,0.5765643489798656,0.5836315006789687,0.05299539170506917,-0.10916179337231957,1.904824122242749,0.07221006564551423,0.0
2025-09-12,5.44,4.57,0.03766135463631029,0.13457468953710044,0.08176595469656767,1.4108898780583472,0.17426585596173794,4.5,4.6354999999999995,4.729666666666668,4,12,9,4.6649023803234035,4.761602445230403,62.91666666666665,-0.07805823734267747,-0.16367404691992965,5.232103544636634,4.038896455363365,0.07123692000661135,0.05684052952439099,0.05519672207625789,440547489.0,2.6969333562709137,0.0,0.0,-1,0.0,0,61.34285714285714,0.02406555016409725,0.0656455142231947,4.128550856971227,1.3544396437685673,0.9023154330645782,0.26511627906976765,0.08366533864541847,1.4784041085080615,0.11764705882352951,0.0
2025-09-15,5.48,5.44,0.12347068607032465,0.01220622193898894,0.05428468348707281,-0.924793241283836,0.007326040092072881,4.601,4.6625,4.747,0,15,9,4.81310194753733,4.807950674570377,67.3913043478261,-0.006396796290098372,-0.1322185967939634,5.357834073437743,3.967165926562256,0.066676923763593,0.05661683540057467,0.05447039200728369,441887637.0,2.3513877177290237,0.0,0.0,-1,0.0,0,64.45714285714287,0.04587715623621409,0.012867647058823418,0.8891913211005202,1.3435289137060389,0.8987643989363914,0.2714617169373552,0.10931174089068829,1.4772368884041955,0.07979927007299262,0.0
2025-09-16,5.38,5.48,-0.01831553030643295,-0.01769571422376034,0.01360565205577846,-0.46813394310347034,-0.018416726786231265,4.714,4.677,4.754333333333333,1,16,9,4.9161743207123605,4.844857082662611,63.04347826086954,0.041843897369786553,-0.09740609796121341,5.420309810027775,3.9336901899722245,0.06362988581439499,0.05658835474955616,0.05419978515708942,441048477.0,1.8915396797298596,0.0,0.0,-1,0.0,0,64.37142857142858,0.061883856379385704,-0.012773722627737277,0.12105365057931748,1.4026820829521456,0.8983122826177582,0.2424942263279446,0.056974459724950854,1.4131372782831277,0.05018587360594804,0.0
2025-09-17,5.34,5.38,-0.007421184337616816,0.01818231908319033,0.017225306281879342,-0.007046072389033946,-0.0074627212015896,4.814,4.713,4.762666666666666,2,17,9,4.993233535128295,4.8768017870069595,65.9090909090909,0.07597157590821801,-0.06273056318732713,5.512318130460915,3.9136818695390856,0.06448393191659589,0.051959404309401304,0.05414755608119815,440215209.0,1.5688371778542045,0.0,0.0,-1,0.0,0,63.77142857142858,0.07756537899704018,-0.0018587360594795144,0.10824465944226443,1.4239551252701876,0.8248299724424019,0.14838709677419337,0.1558441558441559,2.1646621764908773,0.052434456928838996,0.0
2025-09-18,5.67,5.34,0.036567145418419295,0.037139546949456786,0.034227241833389675,0.6004943155756871,0.05996346476755727,4.947,4.7605,4.804,3,18,9,5.116281983286786,4.9279758652645755,69.13580246913578,0.12816879896928768,-0.024550690756004166,5.667257670871075,3.8537423291289254,0.06503106114201396,0.053255316062929416,0.04901349685399569,441734273.0,2.006048648314803,0.0,0.0,-1,0.0,0,66.54285714285714,0.09512072802912351,0.04307116104868922,1.0600450277546003,1.3648063439493674,0.8454019337679279,0.24070021881838066,0.20127118644067798,1.6191508881591214,0.05405643738977069,0.0
2025-09-19,5.86,5.67,0.012489011570774767,0.02401487620387392,0.026508993354442987,-0.15164536816952584,0.0329604858492606,5.103,4.8195,4.843,4,19,9,5.251503440871007,4.988106454602345,79.57446808510637,0.1827601412653479,0.016911475648266245,5.849399841834078,3.7896001581659213,0.06364245519861036,0.05329689439975516,0.048350832474689215,443039594.0,2.020584833078613,0.0,0.0,-1,0.0,0,66.22857142857144,0.08076816335184545,-0.005291005291005335,0.6768849665296343,0.5143378599668309,0.8460619694029395,0.07720588235294112,0.25213675213675235,0.6781099127567566,0.051194539249146874,0.0
2025-09-22,5.63,5.86,0.0348467313301681,-0.010221554071538139,-0.04567003683318832,-0.06903686820099503,-0.040040161437322266,5.235,4.86,4.8709999999999996,0,22,9,5.320320997076278,5.029518941402194,79.23728813559319,0.20510082094157323,0.05454934470692764,5.951826089872217,3.768173910127784,0.0671382181855321,0.05434543456800641,0.04905766122063149,441821348.0,1.4104810411521078,0.0,0.0,-1,0.0,0,66.51428571428572,0.06466147922704159,-0.003412969283276529,0.4925497054732417,0.6490180318843379,0.8627070285520674,0.02737226277372251,0.16804979253112018,0.5103508897734906,0.08703374777975137,0.0
2025-09-23,5.52,5.63,-0.04196419909903219,0.007675943872104353,0.01851904776723753,-0.032831167270553005,-0.019731581862595125,5.354000000000001,4.901999999999999,4.892333333333334,1,23,9,5.356626270335137,5.061162880666569,74.78991596638652,0.21149194238657554,0.08593786424285722,6.028739123591135,3.775260876408863,0.06853162700224252,0.05403483815967492,0.04922560992774495,440642449.0,1.0969708729564913,0.0,0.0,-1,0.0,0,56.771428571428565,0.09048133079801236,-0.005328596802841963,0.3832135633080103,0.6521210111260014,0.8577764634247373,0.026022304832713727,0.17948717948717952,0.5199993260362489,0.07880434782608689,0.0
2025-09-24,5.15,5.52,-0.01620197457628037,-0.053217964319020435,-0.06441620445953965,-0.3494260904162377,-0.06938114561335901,5.404,4.9205,4.896333333333334,2,24,9,5.31905785754693,5.066894307720339,64.72727272727272,0.18457339716671584,0.10566497082762893,6.050948909434411,3.790051090565588,0.07210412637422267,0.05657558548102116,0.05069314370711172,439811216.0,0.4060333874174369,0.0,0.0,-1,0.0,0,54.57142857142857,0.09943453768076585,-0.0018115942028985121,-0.1673734706796152,0.8389052345523722,0.8981095767639513,-0.03558052434456915,0.07740585774058584,0.3110599557906153,0.09126213592233004,0.0
2025-09-25,5.38,5.15,-0.09712671073072267,-0.01991015995932975,-0.04605418435055731,0.23975842265963318,0.04369165949804808,5.484999999999999,4.9575,4.904666666666667,3,25,9,5.330138247083852,5.087094674964188,68.36734693877551,0.17972754667062407,0.12047748599622798,6.097691581316321,3.8173084186836785,0.07193250152968396,0.05662199875711242,0.05119439438834028,440867665.0,0.7411035249220753,0.0,0.0,-1,0.0,0,50.65714285714286,0.09377535699410312,-0.029126213592233077,0.1257241931594391,0.7562715255881328,0.8988463646803669,-0.051146384479717866,0.15948275862068972,0.08281611617683143,0.10966542750929366,0.0
2025-09-26,5.28,5.38,0.071389996086673,-1.8281702758288018e-05,0.07308285673847652,-0.9731308713784826,-0.01876227645552289,5.468999999999999,4.9845,4.913333333333333,4,26,9,5.321022202159515,5.099540179805208,66.00660066006601,0.16590555500934911,0.12956309979885222,6.128573516224227,3.840426483775772,0.03956361458547976,0.05685931202115638,0.05115041096530905,440468435.0,0.5165751952291242,0.0,0.0,-1,0.0,0,51.28571428571428,0.09464552804244268,-0.0018587360594795144,-0.8690480891825806,0.6528550103116307,0.9026135959572308,-0.0989761092150171,0.11392405063291133,0.9473729110900926,0.04164772727272727,0.0
2025-09-29,5.23,5.28,-0.005602255548669898,-0.0054812738632802165,-0.011494379425735021,0.038398601088673726,-0.009514819641338507,5.444000000000001,5.0225,4.923,0,29,9,5.304472710857785,5.107956942398421,64.70588235294119,0.14919709367918355,0.1334898985749185,6.144901091644905,3.900098908355095,0.03946619952274176,0.055015779654585296,0.05108190315262953,440053577.0,0.36974304737338487,0.0,0.0,-1,0.0,0,50.97142857142857,0.07589278824477352,0.01136363636363629,-0.8136846250552268,0.6312652533737652,0.8733484269021581,-0.07104795737122549,0.17002237136465337,0.3473336161828191,0.04780114722753346,0.0
2025-09-30,5.17,5.23,-0.024645797206827868,-0.03589390019612422,-0.034300275763898505,0.44474224923419736,-0.011538589556493891,5.423,5.0685,4.925666666666667,1,30,9,5.28002312706546,5.111959720308201,59.28571428571427,0.12961984228171275,0.13271588731627737,6.131430903334042,4.005569096665958,0.03925119118071166,0.05353282119066226,0.050882861048556154,439406362.0,0.1909813698738644,0.0,0.0,-1,0.0,0,51.40000000000001,0.05122557674115392,-0.0038240917782027648,-0.46156461713280705,0.6293957362661623,0.8498071911010858,-0.06340579710144922,0.2164705882352942,0.1481076285947553,0.04510638297872342,0.0
2025-10-01,5.21,5.17,-0.015474196582597365,0.007933085198480795,0.02267223776877943,-0.30492099025960623,0.0077071672449377385,5.409999999999999,5.112,4.945333333333333,2,1,10,5.267291649417195,5.1182848996431565,61.59420289855072,0.1159952738958685,0.1293717646321956,6.119145000797277,4.104854999202723,0.0393658541422674,0.053484197030507455,0.04768410386035222,439883477.0,0.19460951486115896,0.0,0.0,-1,0.0,0,52.48571428571428,0.057744963088128695,-0.00773694390715668,-0.712268710615579,0.40379139430417593,0.8490353064882119,0.011650485436893065,0.20046082949308763,1.5365544790668704,0.030710172744721716,0.0
2025-10-02,5.67,5.21,0.0288204385354921,0.0728920022680316,0.02121583915027279,0.8474295959282958,0.08460926197438516,5.41,5.1785,4.977,3,2,10,5.340511349523159,5.153879422246824,54.89361702127658,0.1406940277372053,0.13163621725319755,6.1458681060645715,4.211131893935428,0.044655207227116744,0.05615407635946898,0.04998106589730572,440996892.0,1.0161591992101355,0.0,0.0,-1,0.0,0,54.54285714285715,0.06397591325087441,0.013435700575815794,0.19660249411587716,0.7002635514381613,0.8914183268981172,0.05390334572490718,0.30645161290322576,1.984718491332832,0.0793650793650794,0.0
2025-10-03,5.84,5.67,0.09393181983420347,0.08583904391280624,0.08939403239369742,0.7252528810155876,0.02954167910047493,5.408,5.2555,5.015666666666666,4,3,10,5.431327467791675,5.198145265972836,57.258064516129025,0.1720028060717329,0.13970953501690464,6.17227868534021,4.338721314659789,0.04438196723434436,0.0559533331559218,0.050056382774391645,443296376.0,1.275116905195274,0.0,0.0,-1,0.0,0,52.57142857142857,0.04744395658352053,0.022927689594356242,1.7315431937444163,0.6529625651878559,0.8882316273342836,0.10606060606060597,0.35813953488372086,1.4386777581548964,0.08047945205479448,0.0
2025-10-06,6.98,5.84,0.06669137449867235,0.14953173397096384,0.057643074344758585,0.7822484357847806,0.17831811993414542,5.543,5.389,5.087666666666666,0,6,10,5.7129042918295525,5.313103635910073,72.72727272727273,0.2855125007090784,0.16887012815533942,6.48596039366176,4.292039606338241,0.07344377713141165,0.06853238164070083,0.06049662394440043,448323928.0,2.9007428330007237,0.0,0.0,-1,0.0,0,53.971428571428575,0.005707394760737071,0.061643835616438415,3.3335731146234133,1.323469587493445,1.0879178314575786,0.33460803059273414,0.6194895591647334,1.2919433387410646,0.16189111747851,0.0
2025-10-07,6.59,6.98,0.1298957594541048,-0.015395685477973554,0.006568168112097169,-0.8244465221526884,-0.05749556825986537,5.65,5.502000000000001,5.151333333333333,1,7,10,5.872376238769633,5.39548404649652,66.14987080103359,0.3400797828242732,0.20311205908912616,6.605231616660536,4.3987683833394655,0.07666415936679151,0.07084336201505892,0.06134814934132271,446119459.0,1.9723872731156096,0.0,0.0,-1,0.0,0,51.85714285714285,0.01906748995415944,0.011461318051575813,0.7323661394961616,1.5038943103854285,1.1246035075893934,0.2746615087040618,0.5219399538106235,0.7433247847462116,0.14871016691957506,0.0
2025-10-08,6.09,6.59,-0.052337525108230226,-0.049142835659597595,-0.02821763980895041,-0.39068824754479425,-0.07890526679261023,5.744,5.574,5.194999999999999,2,8,10,5.9119441953569725,5.440291527367712,55.1980198019802,0.339070333964961,0.23030371406429315,6.630058212111362,4.517941787888637,0.0778262380232284,0.07310780253069699,0.06343346762639906,444627935.0,0.9772188579801265,0.0,0.0,-1,0.0,0,52.942857142857136,-0.013545349637513414,0.016691957511380928,0.0642889525854102,1.7582890543491236,1.1605503863678566,0.16890595009596931,0.3096774193548386,0.5983621481764198,0.13300492610837433,0.0
2025-10-09,5.76,6.09,-0.10204925435417035,-0.09309042306601185,-0.044757900641493716,0.07306362406763928,-0.055710607014005833,5.782,5.6335,5.232333333333333,3,9,10,5.884317978019341,5.460917880440764,48.80382775119617,0.30809061951433225,0.24586109515430096,6.579767459687054,4.687232540312945,0.08050128152866509,0.07444589554886848,0.06412339591752678,443023355.0,0.2673662688175615,0.0,0.0,-1,0.0,0,48.62857142857143,0.026467448069603987,-0.006568144499178988,0.13181872685817603,1.7838654946487482,1.181791954510778,0.015873015873015817,0.260393873085339,1.6158291696929605,0.08159722222222233,0.0
2025-10-10,5.135,5.76,-0.0387580102994036,-0.03811563292251226,-0.10379679368164355,0.3688702181656707,-0.11485763132727829,5.7675,5.618250000000001,5.245499999999999,4,10,10,5.748078345652188,5.439890920412328,44.590163934426236,0.23045020939473027,0.24277891800238682,6.587206438105864,4.649293561894138,0.08861016035425771,0.06680460887030418,0.0675570019861916,440702972.0,-0.9974648621865159,0.0,0.0,-1,0.0,0,30.14285714285714,0.04154049004342649,0.010416666666666753,0.8873785706035089,1.939748645532606,1.0604902890225867,-0.12071917808219179,-0.056066176470588314,2.0521144145020154,0.1557935735150925,0.0
2025-10-13,5.44,5.135,-0.09359344118527044,-0.07905783246202457,-0.009813621448324622,-0.38838279292695876,0.05769921748732986,5.7885,5.61625,5.277833333333333,0,13,10,5.692064100988154,5.439897957805081,49.16142557651992,0.19132509936490294,0.23248815427489006,6.586572111465792,4.645927888534208,0.09040002767364785,0.06814103400935023,0.0672304461740133,442276546.0,-0.36328142565720195,0.0,0.0,-1,0.0,0,29.74285714285714,0.04070577533560428,0.03213242453748784,0.15115490404261242,1.0061013984477853,1.0817053804052115,-0.22063037249283668,-0.007299270072992692,1.5499795579190332,0.07352941176470577,0.0
2025-10-14,5.9,5.44,0.009389740349838917,0.09081279569346833,0.027239038162183676,0.42239673352496854,0.08117329004382244,5.8615,5.64225,5.332833333333332,1,14,10,5.729870628081217,5.469581960527334,57.71604938271605,0.1951863368131601,0.2250277907825441,6.613784190962912,4.6707158090370875,0.09322086407499318,0.07039309841838134,0.0676954050125097,444677212.0,0.530604074251958,0.0,0.0,-1,0.0,0,28.285714285714285,0.031091595358306395,-0.01654411764705896,0.8668696457917977,1.3599019333542266,1.1174557945819872,-0.10470409711684359,0.09665427509293689,0.4248298081229287,0.1322033898305085,0.0
2025-10-15,5.72,5.9,0.10545396923483018,0.0149132838507176,0.052348399756163656,-0.17817183276197557,-0.030983545519967313,5.9125,5.66125,5.378833333333333,2,15,10,5.728075968430087,5.485737963073958,53.534303534303525,0.18162820277047498,0.21634787318013027,6.622706543068881,4.699793456931118,0.09442324171172088,0.07082806193744477,0.06813902117969395,442668338.0,0.1222104117414922,0.0,0.0,-1,0.0,0,27.41428571428571,0.031224064349214497,0.007627118644067784,0.43780146802262454,1.2757472931578973,1.1243606263869512,-0.06075533661740562,0.07116104868913853,0.09412402391602212,0.10314685314685312,0.0
2025-10-16,5.26,5.72,-0.01781973330260949,-0.01324522675002068,-0.06199167602796785,-0.28436598134998503,-0.08383777864208804,5.8715,5.64075,5.4094999999999995,3,16,10,5.642971246897343,5.4711742235208,49.80657640232108,0.13224073931514724,0.19952644640713368,6.6187623505836575,4.662737649416342,0.09459717406974581,0.07203289451552325,0.07015416280718462,441156678.0,-0.7786200241188694,0.0,0.0,-1,0.0,0,23.11428571428572,0.03919279929816285,0.020979020979020997,-0.041033544970538946,1.3449021738639981,1.143486750625338,-0.08680555555555558,-0.07231040564373903,0.20937577489738785,0.15969581749049427,0.0
2025-10-17,5.07,5.26,-0.1257340821644909,-0.11840823105030186,-0.04154900291287239,0.036490491159435506,-0.036790209146526615,5.7945,5.60125,5.4351666666666665,4,17,10,5.538794656552371,5.445292015551716,48.49340866290018,0.07688314556165565,0.17499778623803808,6.605440561701292,4.597059438298708,0.09429713915021642,0.07194108282397635,0.07056185505143146,439588838.0,-1.058066108687499,0.0,0.0,-1,0.0,0,22.32857142857143,0.05950627249140886,-0.020912547528517005,0.0004601495297981816,1.1049344824303782,1.1420292852056504,-0.012658227848101222,-0.1348122866894198,0.31448115525940573,0.0749506903353057,0.0
2025-10-20,5.12,5.07,0.01732478365730592,0.003745322730161892,0.02985296314968113,-0.7259623889485392,0.00981362144832467,5.6085,5.57575,5.462166666666667,0,20,10,5.4626501735428485,5.424305433903218,49.528301886792455,0.036624254209925766,0.1473230798324156,6.602514335180877,4.548985664819123,0.06217464547930545,0.07154219718839551,0.07055510696072688,440347451.0,-0.887740223115004,0.0,0.0,-1,0.0,0,29.85714285714286,0.036605179408363865,0.03353057199211044,-0.7489684878288014,0.9848703138011434,1.1356971720458333,-0.05882352941176472,-0.09058614564831258,0.8758213415925636,0.048828125,0.0
2025-10-21,5.11,5.12,-0.031010236742560322,-0.014117881545784819,-0.023810648693718333,-0.23614836816419496,-0.0019550348358033506,5.4605,5.55525,5.488166666666666,1,21,10,5.398531960171422,5.404027663973978,49.05123339658445,0.003867296550195576,0.1186319231759716,6.602861192440087,4.507638807559913,0.06190015914075841,0.07142838371115288,0.07057636571149985,439748402.0,-0.8500291008974946,0.0,0.0,-1,0.0,0,28.542857142857148,0.05901463781254921,-0.007812500000000007,-0.8583056017762806,0.5574125247411069,1.1338904391060445,-0.13389830508474576,-0.07427536231884047,-0.7235918846910526,0.05772994129158511,0.0
2025-10-22,4.81,5.11,-0.003944778291016452,-0.031779275146517114,-0.06427081935575572,0.682500587514361,-0.06050232009794337,5.3325000000000005,5.53825,5.4935,2,22,10,5.291526149231164,5.365703298556302,41.585127201565555,-0.04577268220372677,0.08575100210003193,6.623894484795941,4.452605515204058,0.060504980696054055,0.07104995109005571,0.07044823730789014,438562992.0,-1.3415994097494681,0.0,0.0,-1,0.0,0,26.37142857142857,0.0967961023172031,-0.00978473581213321,-0.3284510296719601,0.6002601413531289,1.1278830074855397,-0.15909090909090917,-0.06601941747572826,-0.05353817937848279,0.09147609147609156,0.0
2025-10-23,5.01,4.81,-0.04238777834998233,0.001955034835803295,0.03161485638170301,-0.6797616613176072,0.04073883097910362,5.2575,5.51975,5.508166666666667,3,23,10,5.240339576643679,5.342754698649444,41.9260700389105,-0.06818836148724206,0.05496312938257714,6.629100094234624,4.410399905765376,0.062335650004601076,0.07094880865303009,0.07067222165706502,439163684.0,-0.9190065474356734,0.0,0.0,-1,0.0,0,27.571428571428573,0.07292053341901766,0.008316008316008323,-0.8468178243427454,0.6234792505638949,1.1262774210733508,-0.04752851711026618,-0.06877323420074355,-0.03474011148033753,0.05988023952095805,0.0
2025-10-24,5.09,5.01,0.06001800972625316,0.021256839025415118,0.04661431522475936,0.2587688710983638,0.015841915465657923,5.253,5.510250000000001,5.496499999999999,4,24,10,5.21300510816301,5.326447943897867,26.838235294117652,-0.07859166164968556,0.0282521711761246,6.631435814920243,4.389064185079759,0.05261100486715539,0.07092521739784319,0.06150842752649985,439941781.0,-0.7496527237635384,0.0,0.0,-1,0.0,0,32.45714285714286,0.0911124548192582,0.02794411177644722,-0.7108283397065812,0.5898464332759323,1.1259029215073084,0.0039447731755424265,-0.03598484848484851,-1.2005524993331957,0.03536345776031446,0.0
2025-10-27,4.96,5.09,0.0,0.0,-0.02404925523266974,-0.027941148674555095,-0.02587208982559528,5.205,5.4967500000000005,5.479166666666667,0,27,10,5.167004179406099,5.302806141065748,28.664921465968604,-0.09621713429376832,0.0033583100821460155,6.638458207721381,4.3550417922786195,0.048735446120043886,0.0711345306806925,0.061657667153750956,439185124.0,-0.9402577582782651,0.0,0.0,-1,0.0,0,37.34285714285715,0.09317638394022706,0.011787819253438213,-0.7590214964076039,0.6108319119209358,1.1292256668624392,-0.03125,-0.051625239005736234,-0.29470271320752184,0.060483870967742076,0.0
2025-10-28,4.86,4.96,-0.03356682363908316,-0.03502303478956322,-0.020492520390117334,-0.39746646339242353,-0.0203673028244337,5.101000000000001,5.48125,5.461833333333334,1,28,10,5.111185237695899,5.274238002932474,32.01754385964914,-0.11690698170102642,-0.020694748274488473,6.6497392405420666,4.312760759457934,0.03626072227819738,0.07123263499949119,0.0616765312230425,438676635.0,-1.063338845485303,0.0,0.0,-1,0.0,0,39.34285714285714,0.10192529647740016,0.004032258064516223,-0.9844979667504595,0.6173802605901012,1.1307830246429356,-0.048923679060665304,-0.05996131528046411,0.16279976875046387,0.0452674897119341,0.0
2025-10-29,4.73,4.86,-0.036813973122716434,-0.030153038170687443,-0.03154835773492601,0.2762549363528125,-0.02711323540856073,5.002000000000001,5.45725,5.4415000000000004,2,29,10,5.0418788308421,5.239125873711025,34.00621118012424,-0.14215507318305498,-0.044986813256201776,6.668145601566937,4.246354398433064,0.0361428377734937,0.07143314679475535,0.06184009450328483,438006353.0,-1.2011770445923096,0.0,0.0,-1,0.0,0,42.114285714285714,0.10021350870873369,-0.01234567901234578,-0.8468688362276013,0.48370078517855736,1.13396605071416,-0.01663201663201641,-0.09213051823416496,0.9618275600934185,0.046511627906976875,0.0
2025-10-30,4.61,4.73,-0.023183335455657164,-0.02688890021633129,-0.03478611608541554,0.0849829351826579,-0.025697345495284515,4.936999999999999,5.40425,5.406166666666667,3,30,10,4.963355407052626,5.198537107665153,40.33149171270719,-0.16988899017685988,-0.06996724864033341,6.667592579700226,4.140907420299775,0.029129037949220563,0.06828265351127918,0.060765647896000016,437276618.0,-1.2573786600123378,0.0,0.0,-1,0.0,0,37.05714285714286,0.10671422453499269,-0.008456659619450324,-0.7623048405865861,0.28978487602654357,1.0839535203026165,-0.07984031936127733,-0.18694885361552016,2.1334170842247775,0.054229934924078085,0.0
2025-10-31,4.75,4.61,-0.015037877364540559,0.008350779217419889,0.01233511314143381,-0.19624858936864711,0.0299167610379926,4.904999999999999,5.34975,5.3691666666666675,4,31,10,4.924563514861239,5.169599229751273,36.470588235294116,-0.17851369448623,-0.09167653780951274,6.627900287679091,4.07159971232091,0.03073783261463294,0.0682940705577698,0.06069940701491816,437876320.0,-0.9384655400563998,0.0,0.0,-1,0.0,0,34.45714285714286,0.09908653707260055,0.0021691973969630773,-0.8027586575369176,0.39128654167005233,1.0841347602969427,-0.06679764243614927,-0.18664383561643838,2.1789504638829182,0.049242105263157754,0.0
2025-11-03,4.44,4.75,0.04237922296886154,0.012027174798007169,-0.04151787989849356,0.22314822028890627,-0.06749024160241641,4.837000000000001,5.22275,5.3295,0,3,11,4.836461057613741,5.122528311702804,19.58333333333333,-0.20796594208489694,-0.11493441866458959,6.309248359046123,4.136251640953876,0.035259208143416716,0.049806429904274196,0.06138371181483026,437126689.0,-1.440867339527699,0.0,0.0,-1,0.0,0,32.6,0.11949123907025419,0.014736842105263218,-0.7515457708739371,0.5412416907078555,0.7906525633120806,-0.10483870967741926,-0.36389684813753576,0.5742305233360026,0.10770270270270274,0.0
2025-11-04,4.02,4.44,-0.12821065881864255,-0.11484991080336354,-0.0905379857686022,0.2998309883305656,-0.09937247381320385,4.728,5.09425,5.2795,1,4,11,4.688013592593061,5.051397452883269,17.803030303030297,-0.26217535610567744,-0.14438260615280718,6.105165556887554,4.083334443112445,0.04315130587309787,0.05193334767974041,0.06344428964567475,436114964.0,-2.125301154346545,0.0,0.0,-1,0.0,0,20.94285714285714,0.15314970097149916,-0.045045045045045085,-0.2663711209823068,0.7484848762523988,0.8244163362698784,-0.1728395061728396,-0.3899848254931715,0.3048087298429498,0.082089552238806,0.0
2025-11-05,4.19,4.02,-0.021454935001259376,-0.009259325412796712,0.0294861656544637,-0.3520268179380564,0.041418831303116965,4.6659999999999995,4.99925,5.2475,2,5,11,4.597465666667049,4.995823423664994,27.234042553191514,-0.288098112320184,-0.17312570738628255,5.972569199007841,4.025930800992159,0.045576399747126115,0.05233476594320898,0.06311270213919146,436826471.0,-1.662866613182836,0.0,0.0,-1,0.0,0,23.057142857142857,0.1330433710199247,0.03233830845771164,-0.6982405943382791,0.9400610044916665,0.830788653651022,-0.11416490486257924,-0.3119868637110016,-0.06545957637912872,0.04057279236276848,0.0
2025-11-06,4.09,4.19,0.007202912294057796,0.0,-0.014634407518437696,0.27317624658746864,-0.024155763879336153,4.574,4.91575,5.2044999999999995,3,6,11,4.505199181818495,4.937383202783382,28.318584070796476,-0.31310200266123367,-0.20112096644127278,5.9007387789899965,3.9307612210100036,0.041417556926494396,0.051641595064637766,0.06249108140771145,435891457.0,-1.676668846617158,0.0,0.0,-1,0.0,0,24.342857142857145,0.13858906764779322,-0.002386634844868896,-0.27603216690242127,0.9398337996083007,0.8197849070863924,-0.11279826464208254,-0.2899305555555556,-0.0908629924079179,0.05623471882640576,0.0
2025-11-07,4.27,4.09,-0.051545151837565764,0.004640379556502301,-0.06339257683601994,0.18801042835213727,0.043068857185822686,4.492,4.8725,5.170833333333333,4,7,11,4.462435694215132,4.894326221958647,32.21757322175732,-0.31476485688671474,-0.22384974453036116,5.892301322239515,3.8526986777604844,0.04487505040997695,0.048371007868883216,0.06314170428489123,437019875.0,-1.181602704097091,0.0,0.0,-1,0.0,0,20.428571428571427,0.11846057335111218,-0.029339853300733416,0.17148080567494062,0.9914849147637244,0.7678659449196804,-0.1010526315789475,-0.16845180136319382,-0.047931195662006376,0.11709601873536311,0.0
2025-11-10,4.12,4.27,0.1051085947596555,0.022884293833587806,0.06707130569348245,-0.17494131917333655,-0.03576066387909809,4.408,4.8065,5.1338333333333335,0,10,11,4.400174658903289,4.844369691509702,30.434782608695656,-0.32444641097349614,-0.2439690778189882,5.842388126452692,3.770611873547308,0.045191294720609045,0.04599240693681281,0.06337517478789195,436072561.0,-1.3254327035311406,0.0,0.0,-1,0.0,0,29.942857142857143,0.12348897945404912,0.03278688524590177,-0.12021248265366785,0.924658704621392,0.7301068257125319,-0.07207207207207211,-0.24264705882352944,-0.3845546450522945,0.08131067961165048,0.0
2025-11-11,4.01,4.12,-0.06802152609731964,-0.060624621816434736,-0.021027367192075617,-0.33878015245760024,-0.027061922042957307,4.3229999999999995,4.712000000000001,5.095166666666667,1,11,11,4.329233811829964,4.790539388831657,32.90598290598291,-0.3371092079249802,-0.2625971038401866,5.669751753353642,3.754248246646359,0.045282130035078444,0.03992694053605109,0.06348110811142287,435397468.0,-1.4659331033159555,0.0,0.0,-1,0.0,0,30.457142857142856,0.12267985413126396,0.0,-0.635662461504347,0.6270723741778033,0.6338205316203308,-0.0024875621890546595,-0.3203389830508475,0.5585476135304486,0.039900249376558644,0.0
2025-11-12,3.91,4.01,-0.019608471388376313,0.009569451016150672,-0.0317486983145803,0.4849341690374119,-0.025253867321203303,4.241,4.6215,5.051833333333334,2,12,11,4.253009482406334,4.733730396003809,25.446428571428584,-0.3511657102895347,-0.28031082513005623,5.518331263833286,3.7246687361667146,0.0452473005019588,0.03985702850320247,0.06350796094141424,434301071.0,-1.586697584468381,0.0,0.0,-1,0.0,0,34.57142857142858,0.1351021463046635,0.0074812967581048,0.7439967673215755,0.5136281217521407,0.6327107125049202,-0.06682577565632464,-0.31643356643356635,2.127751350154858,0.0831202046035806,0.0
2025-11-13,3.57,3.91,-0.030153038170687558,-0.06899287148695156,-0.10751336901892734,0.33267940645977284,-0.09097177820572676,4.137,4.537,4.9818333333333324,3,13,11,4.128825940150636,4.658651015616467,19.60000000000001,-0.3852992581786916,-0.3013085117397833,5.496782870181617,3.5772171298183824,0.050284971799778276,0.04041807467150083,0.062431195272951906,432771926.0,-2.015039088615984,0.0,0.0,-1,0.0,0,24.542857142857144,0.16541854076167692,0.0025575447570331936,2.1875856465887558,0.7404229618421585,0.6416170443169791,-0.12713936430317851,-0.32129277566539927,0.46969997138915026,0.12324929971988795,0.0
2025-11-14,3.34,3.57,-0.14821594430744375,-0.09492759993611186,-0.044059989794030426,-0.6943439896920196,-0.06659478880293865,3.996,4.4505,4.898499999999999,4,14,11,3.9854030419414297,4.573576756544438,18.846153846153854,-0.4259987699644556,-0.3262465633847178,5.514226814948943,3.3867731850510565,0.04775180783402855,0.04155093858478418,0.0625445047177823,432008268.0,-2.0879421001590557,0.0,0.0,-1,0.0,0,22.057142857142853,0.16957064327758037,-0.05322128851540615,-0.2917407045054796,0.4302256025413639,0.6596007014199422,-0.21779859484777508,-0.3412228796844182,-0.8949162815397289,0.07035928143712572,0.0
2025-11-17,2.97,3.34,-0.0269881447176468,-0.06220370802928416,-0.13138868771216208,0.48046001995010673,-0.11740885417400072,3.8489999999999993,4.343,4.764833333333333,0,17,11,3.8007843070429876,4.470120191606087,17.07317073170732,-0.48254683452635705,-0.35750661761304564,5.54713498106769,3.13886501893231,0.05299139425804225,0.04557777156418823,0.050622814351644015,430773572.0,-2.2804752317428387,0.0,0.0,-1,0.027166,1,11.642857142857142,0.19169766112084377,-0.014970059880239469,1.4126299990687836,0.5952909054961902,0.7235246932281205,-0.279126213592233,-0.419921875,-0.18884084270753923,0.14478114478114482,0.027166
2025-11-18,3.21,2.97,-0.10232561196267216,-0.024170360927813068,0.016978336534418048,-0.18326409509195474,0.07770898432731611,3.768,4.248,4.652166666666667,1,18,11,3.693368978489717,4.388822114728275,24.496644295302005,-0.5022064653423612,-0.3864465871589088,5.496335312578667,2.9996646874213333,0.06068753272991703,0.0512635405471256,0.05395856149660095,431801516.0,-1.6630147197483662,50000.0,159000.0,1,0.0,0,8.9,0.15031627651882726,0.0,0.5616178065143456,1.1938821024071473,0.8137834776742221,-0.19950124688279303,-0.37181996086105684,1.3510100086269505,0.09345794392523359,-0.027166
2025-11-19,3.19,3.21,0.0745888569910726,0.08215761857816227,0.055660847105553815,0.06471306551017565,-0.0062500203451712946,3.668,4.167,4.555499999999999,2,19,11,3.601847346037041,4.311478752487742,25.347222222222214,-0.5134816009920247,-0.411853589925532,5.470793654968505,2.863206345031495,0.056926791207739205,0.05060885350974231,0.05306331319250966,430704851.0,-1.4987034125788883,0.0,0.0,-1,0.0,0,7.857142857142857,0.15771057015087048,-0.0031152647975077217,0.8587632963107856,1.2171528585293276,0.8033906431492592,-0.18414322250639392,-0.3367983367983367,1.0664740082947732,0.128526645768025,0.0
2025-11-20,3.07,3.19,0.0458095360312942,-0.03150520229199305,-0.02580788395587259,-0.38188568978732795,-0.038343355197647505,3.566,4.069999999999999,4.465833333333333,3,20,11,3.5051478285757605,4.231383349101436,20.629370629370626,-0.5260364041250427,-0.4346901527654342,5.398156617270448,2.7418433827295505,0.05705102836627523,0.04867379816969708,0.05278005383492255,429956297.0,-1.5058465048423917,51000.0,161986.2,1,-0.091531,1,5.171428571428572,0.15899339725120565,0.05015673981191227,-0.5482073141401799,1.1387704239752003,0.7726725919318159,-0.14005602240896364,-0.3872255489021956,0.7453880121008252,0.12374592833876226,-0.091531
2025-11-21,3.055,3.07,-0.0775582343458745,-0.06761504350574865,-0.02649161544697634,0.14590321276797574,-0.004897968975547031,3.4445,3.9682500000000003,4.3965000000000005,4,21,11,3.4233027688347133,4.155487649159408,23.00194931773879,-0.5310746526865233,-0.4539670527496521,5.279076476933866,2.657423523066135,0.052197193948728605,0.048012975456264796,0.05006784797815429,429090157.0,-1.393395717999486,10000.0,30229.0,1,0.0,0,5.6571428571428575,0.15784481958912266,0.00977198697068412,-0.09370612436003832,1.095246265127069,0.7621823565691476,-0.08532934131736514,-0.39980353634577603,0.04221924337704506,0.07692307692307687,0.091531
2025-11-24,3.08,3.055,0.0,-0.010946160897497116,0.0,0.26715568594899713,0.008150004361924408,3.3405,3.87425,4.317833333333334,0,24,11,3.360884083592038,4.0861013492136395,28.34101382488481,-0.5269755636371243,-0.46856875492714656,5.154912965646391,2.593587034353609,0.05365628356036505,0.048548419928876825,0.048250876942484464,430221547.0,-1.2403731837425576,0.0,0.0,-1,0.429019,1,13.685714285714283,0.14776541424076337,0.014729950900163642,0.8891745456709641,0.6987739058198548,0.770682274061641,0.03703703703703698,-0.3790322580645161,1.3913468141108807,0.06493506493506498,0.429019
2025-11-25,3.6,3.08,0.04417121831313746,0.1595270368636386,0.07745805903900395,0.6604102853292144,0.15600424847658118,3.2994999999999997,3.81125,4.2411666666666665,1,25,11,3.4043597047571224,4.054739971845017,38.293650793650784,-0.47627712562250046,-0.47011042906621736,5.009019308251271,2.6134806917487285,0.08204061385153703,0.06471011857578012,0.056203735126351205,432411450.0,-0.3527390433946285,0.0,0.0,-1,0.266068,1,15.028571428571428,0.09346339669739409,0.05194805194805199,3.2755672215860288,1.2983545146334066,1.0272412863660922,0.12149532710280386,-0.2592592592592593,1.9918069186561986,0.1416666666666666,-0.16295099999999996
2025-11-26,3.65,3.6,0.11915383779016203,-0.0026845653706688757,0.083381608939051,-0.8018939380961877,0.01379332213233577,3.2735,3.75725,4.172166666666667,2,26,11,3.4490215766194634,4.0286277155969525,41.09311740890687,-0.4271398636381365,-0.4615163159806012,4.875347420668035,2.639152579331965,0.08205824250354464,0.06489180781553852,0.05636106997085251,433393575.0,-0.19184374816985247,0.0,0.0,-1,0.0,0,17.657142857142862,0.08412949033973365,0.01388888888888884,-0.07158794501812765,1.2748693534128541,1.030125513631875,0.14420062695924774,-0.2283298097251587,1.8779075339134488,0.060273972602739784,-0.266068
2025-11-28,3.68,3.65,0.021681066061323948,0.01069528911674795,0.03094480384942149,-0.7932433399069735,0.008185584586439502,3.2845,3.71075,4.1195,4,28,11,3.4910176535977424,4.006135604913278,37.28448275862069,-0.38138115566020936,-0.44548928391652287,4.75439883688724,2.6671011631127604,0.07670153859144148,0.06493275923997142,0.055031729567054724,433837864.0,-0.05892786713913083,0.0,0.0,-1,0.0,0,21.77142857142857,0.083169781468119,0.021917808219178103,-1.4654647328720878,1.158667589076861,1.030775597341175,0.19869706840390888,-0.20173535791757047,2.1853493903325223,0.040760869565217364,0.0
2025-12-01,3.57,3.68,-0.03547438819365988,-0.032490222317633696,-0.0424391832751566,0.30870527140866627,-0.030347156389291932,3.3075,3.65175,4.0695,0,1,12,3.5053780802163343,3.9779978239511316,37.93859649122807,-0.34995902085516395,-0.4263832313042511,4.574430733971044,2.7290692660289553,0.07392559954339671,0.06439399282139588,0.054942995828818834,433232893.0,-0.17720105555507454,0.0,0.0,-1,0.0,0,22.085714285714285,0.09532840870726056,-0.021739130434782625,-1.038194001534881,1.2295581062650796,1.0222229455913519,0.16857610474631746,-0.248421052631579,1.9358981810031501,0.05036414565826336,0.0
2025-12-02,3.54,3.57,0.0,0.040199788791938966,0.02144471027890322,0.06912829580576278,-0.008438868645864595,3.3645000000000005,3.6067500000000003,4.0168333333333335,1,2,12,3.511672974722455,3.9497398998252526,39.31818181818182,-0.3237455645736591,-0.40585569795813276,4.45211055839118,2.7613894416088214,0.06153779149852343,0.06317401015771333,0.0548141629713612,432584622.0,-0.1579207814640263,0.0,0.0,-1,0.0,0,23.257142857142856,0.09538406423021528,0.008403361344537886,-0.8990835371519217,1.2567070292745268,1.002856321199867,0.14935064935064934,-0.20270270270270274,1.9736547713112995,0.07177966101694909,0.0
2025-12-03,3.78,3.54,-0.00557104504945536,0.001555886971484806,-0.0070972618707617705,-0.2682148630465728,0.06559728248581327,3.4215000000000004,3.5947500000000003,3.9724999999999997,2,3,12,3.5604597065910992,3.938788938546204,47.222222222222214,-0.2803732490873103,-0.3807592081839683,4.422031375158081,2.7674686248419196,0.06021589865683247,0.06207543970593097,0.05665084987323221,433080383.0,0.4478524612369065,0.0,0.0,-1,0.0,0,24.77142857142857,0.07959097731304535,0.011299435028248598,-1.1849358843331363,0.5771985235573929,0.9854170559212669,0.04999999999999982,-0.05970149253731338,1.0253998523951116,0.07539682539682543,0.0
2025-12-04,3.9,3.78,0.05436120921888722,0.032662312462601366,0.06346957394866626,0.24024154707262793,0.03125254350410453,3.4924999999999997,3.5802500000000004,3.9421666666666666,3,4,12,3.6221943053927173,3.936286426381933,57.78301886792453,-0.23362430391609923,-0.35133222733039454,4.3730496693924055,2.7874503306075957,0.05971416670279675,0.06172970796539485,0.056291097064122775,433710771.0,0.8066350487886892,0.0,0.0,-1,0.0,0,36.02857142857143,0.07855946103955282,0.0,-0.8265700002113447,0.5977081721179404,0.9799287346864664,0.06849315068493156,-0.06921241050119342,0.5237832977095387,0.04641025641025631,0.0
2025-12-05,3.71,3.9,0.03125254350410453,-0.002809349312920061,-0.01075279177626185,-0.3251066496662358,-0.049944676516256906,3.5564999999999998,3.5612500000000002,3.8988333333333336,4,5,12,3.6381589771394953,3.921687302099228,58.894230769230774,-0.20949194739830057,-0.32296417134397576,4.320098677793343,2.8024013222066575,0.06102982276360329,0.06244291265555948,0.05610291265862422,433255347.0,0.392041270817128,0.0,0.0,-1,0.0,0,38.142857142857146,0.07908705683626935,0.0,-1.1607779701877887,0.7492337057877756,0.9912505081508293,0.008152173913043459,-0.09290953545232272,0.5295375390734737,0.056603773584905655,0.0
2025-12-08,3.63,3.71,-0.03390155167568134,-0.03381336436577821,-0.06417822569141098,0.28454656269688866,-0.021799228342584402,3.614,3.52925,3.8501666666666665,0,8,12,3.636675526750496,3.9028687664799233,68.43575418994413,-0.19457922423024376,-0.2972871819212294,4.2124643456518545,2.846035654348146,0.06202571909633909,0.061556612220586844,0.05595743695641788,432650016.0,0.29492940434051984,0.0,0.0,-1,-0.235366,1,40.77142857142858,0.07759192655343002,0.01617250673854449,-0.7280608120815463,0.728595488659715,0.9771809249238735,0.01680672268907557,-0.14988290398126458,0.48072297597558244,0.08539944903581256,-0.235366
2025-12-09,3.52,3.63,-0.04892279895973198,-0.04324998379381651,0.005747142255568071,-0.12386200240708968,-0.03077165866675366,3.658,3.49925,3.8021666666666665,1,9,12,3.615461794614042,3.8781675557392834,59.337349397590366,-0.18945296848056703,-0.2757203392330969,4.123381185602298,2.875118814397702,0.06393665562250714,0.061447180091582905,0.0560105959230591,432115205.0,0.06649243133068543,0.0,0.0,-1,0.0,0,40.94285714285714,0.08288419711956377,-0.011019283746556485,-0.831612717005404,0.7679334719633775,0.9754437437311649,-0.005649717514124353,-0.1456310679611651,0.7213298362881478,0.03693181818181815,0.235366
2025-12-10,3.44,3.52,-0.022536165022413058,-0.028013036227674006,-0.02612630459222015,-0.017968633562557533,-0.02298951822469872,3.6420000000000003,3.47075,3.7548333333333335,2,10,12,3.583559650138761,3.8498986811754587,57.26744186046511,-0.18965942943474534,-0.2585081572734266,4.046892115142894,2.8946078848571055,0.03486852733776183,0.061383477720169104,0.05602879378760057,431589918.0,-0.10674449651150136,0.0,0.0,-1,0.0,0,36.371428571428574,0.08317207850042331,-0.0028409090909091565,-0.8262054417445465,0.4765115654919806,0.974432499935049,-0.08994708994708989,-0.14214463840398994,1.4710834489218807,0.03488372093023259,0.0
2025-12-11,3.28,3.44,-0.05264373348542191,-0.02298951822469872,-0.04204823624349951,0.29354922921777804,-0.047628048989254705,3.6049999999999995,3.43925,3.7064999999999997,3,11,12,3.528366986477168,3.813131024325429,55.9659090909091,-0.2004233583369106,-0.24689119748612337,3.9822075441377174,2.8962924558622825,0.03661400560365344,0.06192285951429031,0.05634819596706972,430885414.0,-0.5866020344294448,0.0,0.0,-1,0.0,0,43.74285714285714,0.08676343092067888,-0.03197674418604648,-0.3650666779710615,0.20523059238163416,0.9829949204688123,-0.15897435897435896,-0.16112531969309474,-0.3492213110958468,0.054878048780487854,0.0
2025-12-12,3.06,3.28,-0.009049835519917927,-0.019076147060813873,-0.06331227941432672,-0.1033179809577366,-0.0694285064317629,3.543,3.4137500000000003,3.6548333333333334,4,12,12,3.443209352572228,3.764541925981853,50.12722646310433,-0.22412246664103552,-0.24233745131710582,3.9783259936720623,2.8491740063279383,0.040025577116079125,0.06071912358673388,0.05723198903036262,430250064.0,-1.2531528225249993,0.0,0.0,-1,0.0,0,39.285714285714285,0.09487870894363996,0.0060975609756097615,-0.4512430810661326,0.305320966673948,0.9638862050177645,-0.17520215633423175,-0.1428571428571428,-1.074571447279692,0.10294117647058822,0.0
2025-12-15,2.93,3.06,-0.05608946665104347,-0.064526669355952,-0.0537041789718611,0.3014031202981679,-0.04341249293531343,3.479,3.3932500000000005,3.5941666666666667,0,15,12,3.349898561195459,3.7107005114023788,46.3768115942029,-0.2505064122737144,-0.24397124350842755,3.997483093746249,2.789016906253752,0.040649682929937876,0.05979882361211802,0.05691634176663254,429391227.0,-1.5333486523482123,0.0,0.0,-1,0.0,0,49.31428571428573,0.08825523197118304,0.01960784313725492,0.09431167148855758,0.2700238476497217,0.9492768958312887,-0.19283746556473824,-0.12275449101796398,-0.6537018041105097,0.09013651877133105,0.0
2025-12-16,3.06,2.93,-0.06967992063798982,-0.02531699761119006,0.0,-0.23496538468737824,0.04341249293531346,3.431,3.39775,3.548166666666667,1,16,12,3.297189731887194,3.6687198332473865,33.928571428571416,-0.25795245045004345,-0.24676748489675074,3.9899312933635622,2.8055687066364374,0.0453110309416397,0.05522740988343803,0.057060188802020455,430070222.0,-1.1406979713310268,0.0,0.0,-1,0.0,0,46.4,0.08828616597049073,-0.006825938566552906,-0.2931228256239366,0.6799208541154973,0.8767079526348462,-0.13068181818181812,0.030303030303030276,1.514395194970049,0.060457516339869295,0.0
2025-12-17,2.83,3.06,0.06001800972625295,0.01575848657647795,-0.02797385204240618,-0.09441013650792691,-0.0781382043091431,3.336,3.37875,3.5085,2,17,12,3.21224614427134,3.6146088762636843,27.956989247311824,-0.2791941903266544,-0.25325282598273147,4.018748972038034,2.7387510279619667,0.038892845674166864,0.05465215206229615,0.05617956758398693,429452398.0,-1.7148465043702885,0.0,0.0,-1,0.285974,1,37.68571428571429,0.09670624062438413,0.009803921568627387,-0.3997241007850353,0.7572297091858836,0.8675760178279285,-0.17732558139534882,-0.11838006230529596,1.7854649354056367,0.1109540636042403,0.285974
2025-12-18,2.85,2.83,-0.05658747462946373,-0.05526449163718481,-0.010695289116747919,0.22240520452971638,0.007042282625412951,3.2310000000000003,3.36175,3.463833333333333,3,18,12,3.146383208949278,3.565279271343447,27.567567567567565,-0.2910594373487667,-0.2608141482559385,4.03979110261939,2.6837088973806105,0.03530949992912667,0.05471630826691185,0.055408854416740545,430224108.0,-1.5094955100008582,0.0,0.0,-1,0.0,0,42.371428571428574,0.0930520876474901,0.031802120141342705,0.04004375664857868,0.8101745320537876,0.868594466002778,-0.13109756097560965,-0.10658307210031348,0.6661784724914727,0.061578947368421046,-0.285974
2025-12-19,3.0,2.85,-0.013793322132335873,0.036259248961837055,0.03174869831458027,0.28346825934408,0.05129329438755048,3.16,3.3582500000000004,3.4275,4,19,12,3.119768080049409,3.5288096409341927,34.920634920634924,-0.2850728424247948,-0.2656658870897098,4.043318379221913,2.673181620778088,0.04312035311674206,0.055535982220589135,0.056559592313610414,431248728.0,-1.0458809977681176,0.0,0.0,-1,0.0,0,44.2,0.090416941883492,0.010526315789473615,0.6611220089109181,0.8769180834731704,0.881606386628301,-0.019607843137254943,-0.02280130293159599,-0.41593428045656106,0.0650000000000001,0.0
2025-12-22,3.0,3.0,0.05077232537342314,0.014528100562909808,0.0408219945202552,-0.6723770872432774,0.0,3.0970000000000004,3.3555,3.385166666666666,0,22,12,3.097992065494971,3.4946928899061804,35.48387096774192,-0.27713379691541773,-0.2679594690548514,4.046113000014252,2.6648869999857485,0.04357997034115208,0.055522943303036504,0.055707898435376456,431248728.0,-1.029520150917124,0.0,0.0,-1,0.0,0,54.88571428571429,0.08840492153572753,0.009999999999999934,-0.5932631050446674,0.8044104153367037,0.8813994002290426,0.023890784982935065,-0.018003273322422353,-1.1856006230176113,0.040000000000000036,0.0
2025-12-23,2.93,3.0,-0.02168558707158898,-0.03589292306060673,-0.040821994520255166,0.06300885230096605,-0.023609865639133736,3.0380000000000003,3.348,3.3455000000000004,1,23,12,3.0674480535867943,3.4582610905573947,24.852071005917168,-0.27333957269108566,-0.2690354897820983,4.054290532138641,2.641709467861359,0.04341712175839696,0.055740066011027996,0.05556756776365339,430691648.0,-1.183648883793755,0.0,0.0,-1,0.0,0,58.57142857142857,0.08461611673318149,-0.011666666666666714,-0.44095058162196993,0.7408886091776117,0.8848461163650249,-0.042483660130718914,-0.04870129870129869,-0.35260709529968953,0.044368600682593816,0.0
2025-12-24,2.97,2.93,-0.005071862097960228,-0.00834033191621895,-0.006968669316093316,-0.3646356461066361,0.013559529785632294,2.991,3.3165,3.3108333333333335,2,24,12,3.0497302256619223,3.426760375037563,21.118012422360252,-0.26406102581799296,-0.26804059698927724,4.031608383393181,2.60139161660682,0.044426312817499834,0.039185786321719575,0.05563370041437824,431078512.0,-0.9690838704920831,0.0,0.0,-1,0.0,0,58.0,0.08134123924937105,0.006825938566552906,-1.4670606774226302,0.4383851378921314,0.6220550732147189,0.049469964664311084,-0.17499999999999993,0.7802097392160792,0.04208754208754208,0.0
2025-12-26,2.83,2.97,0.01346821705086661,0.005012541823544414,-0.02120220765060305,0.5652453071794803,-0.048285241159462,2.946,3.2755,3.2748333333333335,4,26,12,3.0097792755415727,3.388259705680301,21.794871794871796,-0.26495035774570663,-0.2674225491405631,4.004001706821136,2.5469982931788637,0.044478153888055205,0.03969548919113826,0.05600637360683191,430397678.0,-1.2230582188859038,0.0,0.0,-1,0.0,0,54.85714285714285,0.08346240377997054,0.00673400673400674,0.41595962936024816,0.6002678649142319,0.630146355424826,-0.007017543859649145,-0.2246575342465753,0.34885803289636413,0.07067137809187285,0.0
2025-12-29,2.76,2.83,-0.07642606720334799,-0.040821994520255166,-0.03267078228954871,0.48059203887880103,-0.02504603192608769,2.916,3.2295000000000003,3.2478333333333333,0,29,12,2.9643648618067413,3.3477268214428624,21.935483870967744,-0.26821179606234047,-0.2675803985249186,3.9665917246350793,2.4924082753649213,0.04069203998590036,0.03950025130509994,0.05415020879223854,429296748.0,-1.2739255761755879,100000.0,274270.0,1,0.0,0,47.885714285714286,0.07325643237117044,-0.021201413427561856,2.5325753195186724,0.37519007313937963,0.6270470500670938,-0.08000000000000007,-0.2500000000000001,0.03154352233983486,0.06159420289855071,0.0
2025-12-30,2.95,2.76,0.0864095111875311,0.133097270629426,0.07805378813736641,0.9284806717217101,0.0665744906226699,2.918,3.1985,3.2348333333333334,1,30,12,2.96175306875097,3.322067026511065,32.515337423312886,-0.25255381416155664,-0.26457508165224625,3.9274003974980953,2.469599602501905,0.04560163686753136,0.043332709997939305,0.05475328505880861,432082829.0,-0.6818489902130953,0.0,0.0,-1,0.172201,2,46.114285714285714,0.08027221462487588,0.09420289855072472,3.9830488633289813,0.7218682534174005,0.6878854457341776,-0.016666666666666607,-0.17366946778711478,1.149362151613547,0.1220338983050847,0.172201
2025-12-31,2.89,2.95,-0.016694878572169992,-0.07903004935915017,-0.04534729219984342,-0.8761702551464041,-0.020548668227387677,2.901,3.166,3.232166666666666,2,31,12,2.9487070562507935,3.294191734478093,32.9192546583851,-0.2421943831662241,-0.26009894195504185,3.8887258343093465,2.4432741656906534,0.04339931035336947,0.04341193922485197,0.05095652112187257,430922776.0,-0.7637751050196007,0.0,0.0,-1,0.0,0,43.25714285714286,0.07471215297443826,0.006779661016949158,0.7246219522042839,0.7167298234137529,0.6891431707200505,-0.013651877133105783,-0.18361581920903947,1.1231029760146463,0.08301038062283737,-0.172201
2026-01-02,3.11,2.89,-0.016978336534417906,0.0418740724710588,0.04192848545105764,-0.29300487898021127,0.07336622406680182,2.929,3.1325,3.228833333333333,4,2,1,2.978033046023376,3.2823083967698294,44.91017964071856,-0.21376811235032278,-0.25083277603409804,3.794995283001464,2.4700047169985355,0.04252598496879568,0.04422172461447393,0.05070791977069386,431788197.0,-0.06792501192782147,0.0,0.0,-1,0.0,0,45.22857142857142,0.06868525435223605,0.010380622837370174,0.11793462528106961,0.9127802549082592,0.7019981152576901,0.047138047138046923,-0.1772486772486772,0.47039970973686873,0.08038585209003216,0.0
2026-01-05,3.28,3.11,0.07581883655735129,0.04620307410364933,0.06944938827187143,0.15310241591099383,0.053220696204909504,2.972,3.1015,3.2318333333333333,0,5,1,3.03293612856458,3.2821594679459696,56.79012345679012,-0.17549946014583773,-0.235766112856446,3.663124523380475,2.5398754766195255,0.04473298410774498,0.04560246405155389,0.05165398100383749,432796797.0,0.6356560035006666,0.0,0.0,-1,0.0,0,47.60000000000001,0.06142687046700773,0.012861736334405157,0.36104336473109244,0.7845478199190222,0.7239166743130474,0.15901060070671358,-0.15897435897435896,-0.5057212544262222,0.05789634146341469,0.0
2026-01-06,3.12,3.28,0.055569851154810786,0.0030376419995137866,-0.027532103390201467,-0.27609110363790246,-0.050010420574661305,2.984,3.072,3.2335,1,6,1,3.04876592337102,3.2716975667881654,55.75757575757575,-0.15628043679308412,-0.21986897764377364,3.5556092376454638,2.5883907623545364,0.04671443860100859,0.045605431265039256,0.05198960319205675,432031528.0,0.19850737439878707,0.0,0.0,-1,0.0,0,52.85714285714285,0.06744224909272721,0.015243902439024473,-0.14744199076973308,0.9018023666430337,0.7239637773668621,0.1304347826086958,-0.15902964959568733,-0.6670822942520404,0.09134615384615388,0.0
2026-01-07,3.07,3.12,-0.03982149418667161,-0.018182319083190474,0.0016406894574597963,-0.3883004017188458,-0.016155440222285256,2.991,3.0439999999999996,3.234,2,7,1,3.0526266645762887,3.2586848205437677,50.318471337579616,-0.14343042776408188,-0.2045812676678353,3.450235607031479,2.63776439296852,0.047173663186292375,0.04553320397460689,0.05207869797148791,431512516.0,0.1280045350529083,0.0,0.0,-1,0.467653,1,48.57142857142857,0.07555663719495553,0.025641025641025664,-0.6244594003666796,0.8480732589401574,0.7228172046767256,0.04067796610169472,-0.15426997245179064,0.43565334814750306,0.07166123778501636,0.467653
2026-01-08,3.26,3.07,-0.04147324820657522,0.01968269445842508,0.006535970979785449,0.3552068487104768,0.06004963377951052,3.024,3.031,3.24,3,8,1,3.0903309073806,3.258769670831267,64.05228758169932,-0.11657152692638473,-0.18697931951954522,3.386581066335123,2.6754189336648775,0.04947108682165553,0.04770352672556485,0.05322929593384734,432252874.0,1.2880325848630834,0.0,0.0,-1,0.0,0,48.371428571428574,0.07526236612739588,0.0,-0.20948196743293135,0.86873638155389,0.7572700102594077,0.12802768166089962,-0.07386363636363646,-0.7153639852253423,0.08128834355828225,-0.467653
2026-01-09,3.1,3.26,0.06311242331005626,-0.019682694458425028,0.003252035386377316,-0.14593289984357535,-0.05032508388751565,3.037,3.014,3.223333333333333,4,9,1,3.0920889242204908,3.248526466261508,57.48502994011976,-0.10696331086350064,-0.17097611778833632,3.315672530716094,2.7123274692839057,0.05305947771549411,0.04863902384627579,0.043901026720739846,431613045.0,0.5701546627123,0.0,0.0,-1,0.0,0,54.114285714285714,0.09155184948470774,0.0030674846625767583,-0.42381713517552166,0.8644691083332073,0.7721205666611164,-0.003215434083601254,-0.09883720930232553,0.3689439945893427,0.061290322580645144,0.0
2026-01-12,3.2,3.1,-0.04056718498900005,-0.0045977092486295425,0.00647251450561752,-0.1649317650362931,0.03174869831458027,3.074,3.0100000000000002,3.2083333333333335,0,12,1,3.1117091198167652,3.2453957265027014,56.17283950617285,-0.09023934316906379,-0.1548287628644818,3.2986629795949813,2.721337020405019,0.05016193535007614,0.048208841199201664,0.04428621052545332,432155589.0,1.3164140428854876,0.0,0.0,-1,0.0,0,58.0,0.09314116721668297,0.012903225806451623,-0.5980282942181812,0.7872747418245075,0.7652916288461548,-0.024390243902438935,-0.024390243902438935,0.5090680609222821,0.04843749999999994,0.0
2026-01-13,3.14,3.2,0.01892800988551886,-0.004618945856294417,-0.003587071014896018,-0.2668106414992947,-0.01892800988551891,3.112,3.0140000000000002,3.1903333333333332,1,13,1,3.1168529162137166,3.238596002212205,54.16666666666667,-0.08089447568004315,-0.14004190542759407,3.3077524915893797,2.720247508410621,0.049688771255435984,0.045829542505758575,0.04431522478609822,431740099.0,0.8578650640085689,0.0,0.0,-1,0.0,0,59.085714285714296,0.09900250651255367,0.0,-0.8173064821771574,0.7039983318192148,0.7275214330206068,0.0064102564102563875,0.026143790849673332,0.4445941315244927,0.048121019108280254,0.0
2026-01-14,3.13,3.14,-0.0317486983145803,-0.02817087696669645,-0.009400124511915131,-0.10197267738826539,-0.003189795368100261,3.13,3.024,3.175666666666667,2,14,1,3.11924329508395,3.2315898085210955,56.172839506172835,-0.07344884473360214,-0.12672329328879567,3.31932497710902,2.72867502289098,0.045948462070290304,0.04463606721873503,0.044051552534797124,431364889.0,0.7178532682040618,0.0,0.0,-1,0.0,0,58.62857142857143,0.07788927160533071,-0.012738853503184724,-0.8324903941479371,0.6889592915668101,0.7085756001884125,0.019543973941368087,0.06825938566552892,0.2074546759515919,0.0287539936102236,0.0
2026-01-15,3.6,3.13,0.01600034134644112,0.14732471475685852,0.016207810226853303,1.7722061645436737,0.13990084091000252,3.2009999999999996,3.0509999999999997,3.1776666666666666,3,15,1,3.206653605068686,3.255358207971348,65.36585365853658,-0.029285471829881615,-0.10723572899701286,3.4430741068501467,2.6589258931498527,0.0631430864848365,0.05476078505673626,0.05219545976612159,433572557.0,2.8004909807003977,0.0,0.0,-1,0.0,0,63.65714285714286,0.09106713209868035,0.006389776357827482,2.186239345642793,1.2264769985266453,0.8693005131527173,0.10429447852760743,0.17647058823529416,1.4845991218675192,0.15,0.0
2026-01-16,4.32,3.6,0.20326473063919787,0.16852823466161881,0.18178550746458141,0.7005222985505886,0.1823215567939546,3.322,3.1255,3.195666666666667,4,16,1,3.409080222328925,3.324044775199003,78.32699619771863,0.0630850963634022,-0.07317156392492985,3.8030645240194594,2.447935475980541,0.0834172663043147,0.06581151084080683,0.0625163061540153,438020577.0,3.525863464379652,0.0,0.0,-1,0.451744,1,63.77142857142858,0.10954348898589131,0.07222222222222216,3.3850194120656587,1.5464537865602426,1.0447253465412372,0.3935483870967742,0.5265017667844523,0.5987320432921516,0.13657407407407413,0.451744
2026-01-20,3.965,4.32,0.03562717764315125,-0.0023174981403627014,0.036846273385966286,-0.8082779481726367,-0.08574954716920777,3.3905000000000003,3.18125,3.1978333333333335,1,20,1,3.5101565455418475,3.3653967251861645,70.66895368782161,0.1064171928525739,-0.0372538125694291,3.9417752686201304,2.4207247313798694,0.0909559919174624,0.06987005698135615,0.06434732918100057,436038429.0,2.061075502256507,0.0,0.0,-1,0.0,0,50.85714285714287,0.11242760535476462,-0.07407407407407414,0.83455567070568,1.9041884779045912,1.109152769175484,0.23906249999999996,0.3912280701754385,0.418047064019659,0.11097099621689774,-0.451744
2026-01-21,3.86,3.965,0.004987541511038968,-0.05484091569958601,-0.07510230454150303,-0.26183724797607927,-0.026838671610071783,3.4645,3.22425,3.202833333333333,2,21,1,3.5737644463524205,3.3973066138838317,66.07773851590105,0.1307780411805286,-0.0036474418194375573,4.037076614514041,2.4114233854859592,0.08926842446255548,0.07009502352587554,0.06386383316500581,434512896.0,1.5642942508227078,0.0,0.0,-1,-0.21989,1,53.85714285714285,0.11377663630335229,0.01387137452711216,0.3580810286301709,1.9222780324314424,1.1127240023561313,0.2292993630573248,0.2866666666666666,0.4421027605249211,0.1269430051813472,-0.21989
2026-01-22,3.73,3.86,-0.030305349495328808,-0.02481516911972402,0.038256031155536746,-0.5216946894486734,-0.03425894982101533,3.5305,3.2607500000000003,3.206166666666667,3,22,1,3.60217091065198,3.4187707033106816,64.48275862068965,0.1380034574923954,0.024682738042929035,4.0964172404978605,2.42508275950214,0.09033498426713987,0.07087150515712945,0.06406377626303944,433607471.0,1.123054673581407,0.0,0.0,-1,0.0,0,54.771428571428565,0.09893075956746236,0.010362694300518144,-0.27313466772600165,1.9842859058891245,1.125050266119577,0.19169329073482433,0.2433333333333334,0.5593618302647674,0.06702412868632708,0.21989
2026-01-23,3.55,3.73,-0.04456831947987652,-0.03580945269671089,-0.05791883535834001,-0.26410850227455795,-0.04946063016839978,3.5595,3.2917499999999995,3.2071666666666667,4,23,1,3.592685290533438,3.4272371095487024,57.692307692307686,0.12773273286502684,0.045292737007348594,4.12173589081175,2.4617641091882496,0.09178281140297384,0.07176115707588675,0.06446618545123084,432912204.0,0.6222997351133871,0.0,0.0,-1,0.0,0,54.885714285714286,0.10196281017155932,0.0,-0.49054278201402,1.790717336405481,1.1391730525022363,-0.01388888888888895,0.21160409556313975,2.0286181386298074,0.09011267605633805,0.0
2026-01-26,3.22,3.55,-0.057947244045718486,-0.0785247631123111,-0.09221846115545972,0.6521643835636688,-0.09756624393100735,3.5715000000000003,3.3042500000000006,3.199833333333333,0,26,1,3.524924328618267,3.413866973448786,49.0066225165563,0.09190543883657609,0.05461527737319409,4.121261724453172,2.48723827554683,0.09598421687207151,0.07549055095407382,0.06664076598602076,431577506.0,-0.2062393903989303,0.0,0.0,-1,0.0,0,57.65714285714286,0.09324198832945543,-0.008450704225352058,0.10120270452630964,0.46809929388749494,1.1983753449583747,-0.25462962962962965,0.08417508417508412,-0.3850809401379342,0.10559006211180119,0.0
2026-01-27,3.4,3.22,-0.07980599326835956,-0.01994404574600144,-0.015698909543103642,-0.1674179376047853,0.054394072065798764,3.5915,3.33275,3.2038333333333338,1,27,1,3.5022108143240365,3.4129723300004775,54.60526315789474,0.07714724050845545,0.05912167000024637,4.119304612149688,2.5461953878503114,0.09694291379836703,0.07514405689992346,0.06680682166089537,432706455.0,0.17099893373252958,0.0,0.0,-1,0.0,0,64.97142857142858,0.11265763754462435,0.009316770186335343,-0.13130026336537268,0.8584624535154125,1.192874922370108,-0.14249684741488022,0.20141342756183733,0.9127908017496528,0.09408823529411767,0.0
2026-01-28,3.29,3.4,0.06837729744473678,0.005759410754045069,0.034217957310341246,-0.38278045525698,-0.032887866844835176,3.6065000000000005,3.3592500000000003,3.2115,2,28,1,3.463627029901484,3.4050386312907697,53.54838709677419,0.055930449903706325,0.058483425980938364,4.0988677889176435,2.6196322110823576,0.09748596704339611,0.0753578364299486,0.06584005294121516,431936554.0,-0.1872588816484275,0.0,0.0,-1,0.0,0,65.54285714285713,0.12157410624411819,0.023529411764705903,-0.47886835831185015,0.8583483560719967,1.196268567201165,-0.1476683937823834,0.19202898550724656,1.0216219234928445,0.06990881458966565,0.0
2026-01-29,3.22,3.29,-0.056144729009102466,-0.06184500904323228,-0.05016725871801934,-0.16161143245886114,-0.021506205220963505,3.6155,3.37275,3.221166666666667,3,29,1,3.419331206283032,3.393100655078462,49.32885906040269,0.033086178633276564,0.05340397651140601,4.090447157947229,2.655052842052771,0.09789798429643107,0.07443028847633125,0.06543166551704613,431281544.0,-0.4256670053895663,0.0,0.0,-1,0.0,0,63.82857142857143,0.11537124655884423,0.0,-0.5206009050505764,0.8597593542401626,1.1815441999150147,-0.13672922252010722,0.09152542372881367,0.7894191729567974,0.05593167701863352,0.0
2026-01-30,3.11,3.22,-0.027736754971599636,0.003004509020298722,-0.01457515680296801,0.07229261261749803,-0.0347586333651743,3.5665,3.38375,3.2228333333333334,4,30,1,3.363089168777026,3.3748360966863036,50.17064846416382,0.006036266058059958,0.0439304344207368,4.076607356018314,2.690892643981686,0.08433856951614757,0.07475980536917042,0.0653784940891007,430577428.0,-0.7902059424559658,0.0,0.0,-1,0.0,0,58.60000000000001,0.11085196315735948,-0.006211180124223607,-0.44011654811596695,0.8443023664426453,1.1867751184224975,-0.12394366197183093,0.07612456747404828,0.5912674120630855,0.07556270096463019,0.0
2026-02-02,2.99,3.11,-0.03822121282019774,-0.04493397247925808,-0.0281242688708616,0.09280409717990394,-0.039349338788547655,3.4335,3.37775,3.2281666666666666,0,2,2,3.2952547744539302,3.3500079614162197,46.440677966101696,-0.024798124319196813,0.030184722672750075,4.082564085228194,2.6729359147718057,0.03986773948374376,0.07350186593935819,0.06421061889749526,429804839.0,-1.1002901563025933,0.0,0.0,-1,0.0,0,63.40000000000001,0.10646070281301295,-0.009646302250803797,-0.36051633506974884,0.6293371059684838,1.1668059490485043,-0.0714285714285714,-0.03858520900321538,2.097836439439934,0.05852842809364542,0.0
2026-02-03,2.89,2.99,-0.019672765598704893,-0.033846905373856165,-0.10238210690356538,0.5343996404654695,-0.03401688527825424,3.3259999999999996,3.3582499999999995,3.2295000000000003,1,3,2,3.221572088189579,3.3203300284216253,45.819397993311036,-0.05665073074788296,0.012817631988623467,4.095294417714036,2.6212055822859632,0.036337243963539344,0.07271818948891141,0.06456304207439793,428486475.0,-1.2706154167812294,0.0,0.0,-1,0.0,0,43.34285714285714,0.10316618871814312,0.010033444816053446,0.21134362345370014,0.1020281662961544,1.1543654710711844,-0.1499999999999999,-0.11890243902439013,1.4385480707870761,0.12456747404844286,0.0
2026-02-04,2.8,2.89,-0.037103750203377084,-0.03714025585533483,0.0037105793965357746,-0.7109724624733993,-0.0316370849431827,3.22,3.34225,3.2228333333333334,2,4,2,3.144922617609655,3.2867603491686173,44.62540716612378,-0.08814037133163533,-0.007373968675428291,4.114140877206746,2.5703591227932536,0.036309434748619,0.0722513194190224,0.06412478574797568,427838939.0,-1.4049913427199678,0.0,0.0,-1,0.0,0,47.22857142857144,0.10358442865012524,0.006920415224913501,-0.5038129892147389,0.10209970535356563,1.1469541384741502,-0.14893617021276606,-0.10256410256410264,1.2480798237010327,0.08528571428571426,0.0
2026-02-05,2.46,2.8,-0.0712044462917917,-0.06277065503492682,-0.10536051565782628,0.2072975299948344,-0.1294580672368867,3.093,3.31175,3.2048333333333336,3,5,2,3.0203912325897178,3.2334209718029,30.612244897959187,-0.13892980060572446,-0.03368513506148753,4.172075978610952,2.451424021389048,0.0462676901583222,0.07693838408162965,0.06782348564596923,427042244.0,-1.9800634205541525,0.0,0.0,-1,0.0,0,47.22857142857144,0.11365070757347187,-0.03214285714285709,-0.36129899028836693,0.6197946170179205,1.2213589833309761,-0.236024844720497,-0.19869706840390877,-2.2097552332978903,0.13414634146341448,0.0
2026-02-06,2.73,2.46,-0.04915923595808349,0.01438873745209967,0.05406722127027558,-0.2906558401817407,0.10414025925259701,3.011,3.28525,3.1981666666666664,4,6,2,2.9675928266643146,3.20094219942852,18.072289156626496,-0.15560038136911958,-0.058068184323013944,4.184076574220812,2.386423425779188,0.0658750284614821,0.07992447832851295,0.07083239387665305,427637991.0,-1.2354997413852462,0.0,0.0,-1,0.0,0,46.8472049689441,0.10903477494593534,0.04878048780487809,-0.5687938445675278,1.3217528219998573,1.2687617599428995,-0.12218649517684887,-0.16257668711656437,0.99474061239938,0.08608058608058604,0.0
2026-02-09,2.72,2.73,0.07825219689974813,0.0035650661644961446,0.02121583915027279,0.07353001915499068,-0.00366972888896229,2.961,3.2662500000000003,3.189833333333333,0,9,2,2.9225759490889844,3.1699136704331314,20.979020979020973,-0.16768587477213126,-0.07999172241283742,4.197061049851429,2.3354389501485713,0.06138335878539632,0.07927696666794645,0.07078764199572533,426996788.0,-1.173707596374559,0.0,0.0,-1,0.0,0,51.5714285714286,0.10652366390457546,0.021978021978021997,-0.5198551421969302,1.3190077337176422,1.258482830993659,-0.09030100334448166,-0.1225806451612903,0.5874242438526358,0.06985294117647056,0.0
2026-02-10,2.6,2.72,-0.021739986636405875,-0.01253373614725658,-0.019268418865877143,-0.16197332113390991,-0.045120435280469655,2.8810000000000002,3.2362499999999996,3.182166666666667,1,10,2,2.8639257765273505,3.1331450465342203,20.83333333333333,-0.18481626561754405,-0.10095663105377875,4.213565738454456,2.2589342615455434,0.05649372385530271,0.07929456399625938,0.07072128849079112,426451468.0,-1.302035718786594,0.0,0.0,-1,0.0,0,51.6571428571429,0.10190498934385021,0.0036764705882352156,-0.6235005975267233,1.3300386267397981,1.25876217992039,-0.10034602076124566,-0.1875,0.6883446447334409,0.07884615384615387,0.0
2026-02-11,2.5,2.6,-0.03352269203864356,-0.04987183004017298,-0.06843716155322849,0.1532816118295823,-0.039220713153281385,2.802,3.2042500000000005,3.1734999999999998,2,11,2,2.7977574535223777,3.0922969790158836,21.126760563380273,-0.20410855171446185,-0.12158701518591539,4.235270317324562,2.173229682675439,0.056614461248260674,0.0795638996602132,0.07092758753160333,425815814.0,-1.3661224481540553,0.0,0.0,-1,0.0,0,53.8,0.09453274216401111,0.015384615384615398,-0.5423492434461081,1.3355574753039565,1.2630377510365236,-0.1071428571428571,-0.20382165605095548,0.7625149051505806,0.09600000000000009,0.0
2026-02-12,2.42,2.5,-0.0346855579878901,-0.0346855579878901,-0.00836824967051658,-0.46281991147264956,-0.03252319170556006,2.722,3.16875,3.1558333333333337,3,12,2,2.7290742801546726,3.048922980369698,22.167487684729068,-0.223279333679689,-0.1419254788846701,4.257795332776051,2.0797046672239494,0.05662392392476877,0.07972374568511238,0.06988751312333187,425415666.0,-1.3750575434566814,0.0,0.0,-1,0.0,0,38.1117647058824,0.09257558938004137,0.019999999999999928,-0.8008063044664092,1.0194064786814148,1.2655752280161965,-0.016260162601625994,-0.22683706070287535,1.9362558955378777,0.0702479338842975,0.0
2026-02-13,2.43,2.42,-0.052325819001739673,0.007812539736793625,0.0020986366569212054,0.01173648909482969,0.004123717183862156,2.6540000000000004,3.11025,3.1405000000000003,4,13,2,2.6746971383083684,3.008992465507137,26.900584795321635,-0.23495696247091002,-0.16053177560191811,4.227099304257401,1.9934006957425991,0.05735525773796509,0.0704376664922034,0.06983688670068809,425820538.0,-1.218158971683833,0.0,0.0,-1,0.0,0,37.7739130434783,0.09490359933523367,0.0,-0.7150826115668326,0.3437786922129371,1.1181632908204653,-0.10989010989010983,-0.32499999999999996,0.5070541123702006,0.07613168724279837,0.0
2026-02-17,2.43,2.43,0.016393809775676352,-0.01568659616769962,0.01042762316225916,0.33624850773733966,0.0,2.598,3.01575,3.117833333333334,1,17,2,2.6302067495250285,2.9716381128937734,18.300653594771262,-0.24142852961536088,-0.17671112640460668,4.015282917232223,2.0162170827677777,0.057480219032881794,0.048871424969051815,0.06820782679277738,425820538.0,-1.1720474431637193,0.0,0.0,-1,0.0,0,40.8734693877551,0.09693943931940466,0.012345679012345599,-0.7000191965246573,0.3573550697084772,0.7758098201127817,-0.10661764705882348,-0.4375,0.46593443587959016,0.049382716049382575,0.0
2026-02-18,2.42,2.43,-0.004073325387635786,0.0,-0.02096512846504508,-0.15169293889107843,-0.004123717183862152,2.5509999999999997,2.9385000000000003,3.089166666666667,2,18,2,2.5919873405204776,2.9360485572232076,19.580419580419587,-0.24454524427707724,-0.1902779499791008,3.8653003816181735,2.011699618381827,0.05741160037531694,0.047344694159314124,0.06724133102250404,425333605.0,-1.1189032941369979,0.0,0.0,-1,0.0,0,41.9102040816327,0.0914302842515042,0.008230452674897125,-0.920001192396733,0.311966787020699,0.7515737198637444,-0.06923076923076932,-0.3896595208070618,-0.5701609609077897,0.0702479338842975,0.0
2026-02-19,2.44,2.42,-0.020619287202735818,-0.016941112688818098,0.004228336109521105,0.15199640761142855,0.008230499136515444,2.515,2.8675,3.0665,3,19,2,2.5643532786076637,2.9040454244991296,21.73913043478261,-0.2426048327524728,-0.20074332653377522,3.7108735514987323,2.024126448501268,0.057616762204709064,0.04785717473434474,0.06685383184465325,425900471.0,-1.0137856451398164,0.0,0.0,-1,0.0,0,39.5551020408163,0.1047661369462715,-0.008264462809917363,-0.6136821117429287,0.2527237128579257,0.7597090967834388,-0.02400000000000002,-0.36787564766839376,-1.780431509914848,0.04815573770491792,0.0
2026-02-20,2.47,2.44,0.008298802814695064,0.03262770885651763,0.02087758502155518,-0.4029773167297113,0.012220111334775397,2.516,2.8045,3.0465000000000004,4,20,2,2.547198137042634,2.8760424938862825,25.384615384615415,-0.2359266774810309,-0.20777999672322636,3.5602909763943713,2.0487090236056287,0.043138456886315665,0.04834703877620141,0.06690876385490085,426279323.0,-0.8851653709754214,0.0,0.0,-1,0.0,0,44.4081632653061,0.10228316429894255,-0.008196721311475417,-1.1927926441079042,0.10312381667334346,0.767485447369353,0.02066115702479343,-0.33780160857908836,-0.012948620113123177,0.06072874493927122,0.0
2026-02-23,2.48,2.47,0.004123717183862156,-0.01964699738379642,-0.014568415828290498,0.21652705081530088,0.004040409537004906,2.491,2.7510000000000003,3.0205,0,23,2,2.534980293943973,2.850491365248458,28.571428571428584,-0.227208160644647,-0.2116656295075105,3.4324195708798655,2.069580429120135,0.020700324284703944,0.04811122380409939,0.06573324304805338,426749765.0,-0.7953983465725201,0.0,0.0,-1,0.0,0,36.969416498994,0.10195741644034277,-0.016194331983805682,-0.7990401053485157,0.10312466179369943,0.7637420007397074,0.020576131687242816,-0.3014084507042253,-7.229667225269082e-05,0.05443548387096783,0.0
2026-02-24,2.91,2.48,0.032391495791235285,0.16430305129127634,0.0510836288033879,0.9316193953909416,0.1598945210065103,2.5100000000000002,2.7355,3.014166666666667,1,24,2,2.603165695045069,2.854330632006622,50.657894736842096,-0.1834861527455467,-0.20602973415511774,3.385373671933888,2.085626328066112,0.061541771361245085,0.06101406217590005,0.07298112135960208,427944037.0,0.5370274486754469,0.0,0.0,-1,0.0,0,43.2857142857143,0.09439773252333043,0.012096774193548309,1.9613400162381336,1.1984462600982047,0.9685682099715841,0.19753086419753085,-0.09627329192546585,2.199529942105166,0.15807560137457058,0.0
2026-02-25,2.81,2.91,0.15130086313649793,0.0,0.10933666403746582,-0.678055715499127,-0.03496859783774674,2.531,2.7060000000000004,3.001166666666667,2,25,2,2.640771932309602,2.8514705912320015,50.32679738562092,-0.155117216041174,-0.195847230532329,3.2777342039786914,2.1342657960213094,0.060689353336400104,0.05972559138428717,0.07298977594379738,427337821.0,0.36380541614010486,0.0,0.0,-1,0.0,0,45.8,0.0962548501512603,0.0034364261168384146,-0.2166206329558535,1.2829124432943635,0.9481143702545148,0.16115702479338845,-0.17352941176470582,1.921651761855439,0.060498220640569526,0.0
2026-02-26,2.85,2.81,-0.04196419909903219,-0.034249923043078584,-0.025317807984289783,-0.2229266554559466,0.014134510934904716,2.566,2.684,2.9915000000000003,3,26,2,2.6788133991624012,2.8513757143783245,65.85365853658536,-0.12793224037773498,-0.18226423250141022,3.1913522600606203,2.17664773993938,0.0583212471981869,0.059628532181316765,0.07297545684567512,427822899.0,0.6543776900891927,0.0,0.0,-1,0.0,0,42.1730382293763,0.09365964802100758,-0.0035587188612100466,-0.6608591450045457,1.2764243074259929,0.9465736031734558,0.16803278688524603,-0.13373860182370823,1.8835096608556101,0.0491228070175439,0.0
2026-02-27,2.73,2.85,-0.01801850550267825,-0.03908135004247124,-0.03541842720354282,-0.19645165123496847,-0.043017385083690816,2.5970000000000004,2.6595,2.9781666666666666,4,27,2,2.6881200538601466,2.8435450231281103,50.0,-0.11474820257443996,-0.16876102651601615,3.1009080341710167,2.2180919658289833,0.059297544758581094,0.06009803001325495,0.07336444236517627,427424339.0,0.3194323371680446,0.0,0.0,-1,0.0,0,38.030583501006,0.0993387911242691,-0.03508771929824565,-0.9438939166956191,1.3880350550314464,0.9540266501998105,0.10526315789473673,-0.15217391304347827,1.8233024930919794,0.045787545787545784,0.0
2026-03-02,2.83,2.73,-0.056089466651043585,0.046025822395282356,-0.02051255665575875,0.265749581757331,0.03597510245827798,2.6369999999999996,2.6454999999999997,2.9525,0,2,3,2.7139164077037563,2.8426711506682323,54.7008547008547,-0.09513394842571099,-0.15403561089795514,3.042248627827938,2.2487513721720616,0.05961204964670541,0.06047120700289976,0.06797016280708255,427944224.0,0.9300599274158764,0.0,0.0,-1,0.0,0,33.6460317460318,0.09151283399299132,-0.04761904761904758,-0.4124346277205195,1.3791946488923152,0.9599506512574818,0.1411290322580645,-0.090032154340836,1.4886446233087696,0.10901060070671377,0.0
2026-03-03,2.74,2.83,0.041437189864173024,-0.0316727998666672,0.02995549745604101,0.008135927723194738,-0.0323187912551674,2.668,2.633,2.899833333333333,1,3,3,2.718658879030346,2.83604720546383,56.140350877192986,-0.08586199490832236,-0.1404008877000286,2.9985766893397523,2.2674233106602477,0.06143009426881866,0.060280041949834676,0.05585602470888889,427420092.0,0.5853764921020923,0.0,0.0,-1,0.0,0,33.2023483365949,0.10356086414181188,-0.04240282685512371,-0.3473104711608288,0.5527894307288941,0.9569160001188217,-0.05841924398625431,-0.08361204013377921,0.7822746665989151,0.05105839416058391,0.0
2026-03-04,2.72,2.74,0.005519793223597901,0.015979365320620557,0.0,-0.3399024412748168,-0.007326040092072898,2.698,2.6245000000000003,2.8583333333333334,2,4,3,2.7189027192066466,2.8285602889822927,60.37735849056604,-0.0792146011849173,-0.12816363039700635,2.9723944183440265,2.276605581655974,0.06154054322932287,0.05986011917246036,0.054338258171474946,427046994.0,0.5490171440782458,0.0,0.0,-1,0.0,0,37.1583011583012,0.11275363746466903,-0.005474452554744571,-1.0229888818101882,0.5142565373434844,0.9502499326861179,-0.03202846975088958,-0.05882352941176472,0.2741911739552372,0.06801470588235295,0.0
2026-03-05,2.75,2.72,-0.009216655104923952,-0.026715747379047146,-0.01515180502060222,0.09555186140266583,0.010969031370573937,2.729,2.622,2.8213333333333335,3,5,3,2.7245567702599836,2.8234918832414997,66.33663366336633,-0.0707106362884038,-0.11667303157528584,2.9652721798701767,2.278727820129823,0.0615214692911275,0.059498510008519315,0.054403685686010846,427457501.0,0.7457639011026694,0.0,0.0,-1,0.0,0,28.3333333333333,0.10703707442215522,-0.007352941176470594,-0.7487375954697686,0.5067320880423957,0.9445095651685779,-0.03508771929824561,-0.017857142857142794,0.3438377909957862,0.054545454545454515,0.0
2026-03-06,2.65,2.75,-0.018692133012152633,0.01077209698191104,-0.0038240964384035057,0.02396112559846981,-0.0370412716803491,2.7470000000000003,2.6315,2.7853333333333334,4,6,3,2.7110009938490776,2.812298858516242,59.999999999999986,-0.07121937448870419,-0.10758230015796952,2.966307092924902,2.296692907075098,0.06352815901711727,0.0529917188989456,0.05444642610796119,427037039.0,0.11051139830033144,0.0,0.0,-1,0.0,0,25.1473684210526,0.11161251812195702,-0.0363636363636364,-0.6188394080997462,0.48252666222484114,0.8412174585147094,-0.02930402930402931,0.0772357723577235,0.4802632017659144,0.07169811320754715,0.0
2026-03-09,2.68,2.65,-0.02677024106460478,-0.025317807984289783,-0.031130918595173213,-0.2510637151229612,0.011257154524634468,2.7670000000000003,2.629,2.756333333333333,0,9,3,2.7053644495128815,2.803763448289388,61.06194690265485,-0.06841317935231572,-0.09974847599683877,2.961448650564711,2.296551349435289,0.06351011464494621,0.04697754157712025,0.05408599350777269,427364147.0,0.3068142999730602,0.0,0.0,-1,0.0,0,27.6730983302412,0.11046288324780054,-0.026415094339622584,-1.0368064316547323,0.3613445621145196,0.7457453533095434,-0.053003533568904526,-0.01831501831501825,-0.20493788223286696,0.07462686567164185,0.0
2026-03-10,2.73,2.68,0.06381151274495377,0.04652001563489291,0.07057265064646992,-0.037038618356746926,0.018484814674102942,2.749,2.6295,2.74,1,10,3,2.7098436405105395,2.799004516141686,63.24786324786325,-0.061446352059107756,-0.09208805120929257,2.962554444733942,2.2964455552660583,0.028131125794335375,0.0471494270645853,0.05182894383958512,427679361.0,0.6035049319355793,0.0,0.0,-1,0.0,0,26.0515769944341,0.10629471628870245,0.026119402985074567,-0.9970747018066305,0.35247690381363556,0.7484739508324252,-0.0036496350364964014,0.003676470588235281,-1.3718922056498588,0.05311355311355312,0.0
2026-03-11,2.79,2.73,-0.007299302481611608,-0.01763714148610673,-0.02234729869199666,0.17361025068131677,0.02173998663640582,2.747,2.6390000000000002,2.719666666666667,2,11,3,2.7244175240540778,2.7984235796164163,64.46280991735537,-0.050501443472587226,-0.08377072966195151,2.9792723367496032,2.2987276632503972,0.02745449249564886,0.04611317216169012,0.05083220048456683,428054337.0,0.8875243955615266,0.0,0.0,-1,0.0,0,25.1274725274725,0.10115601129470302,0.0,-0.6257140559980955,0.37745707600811573,0.7320239142248329,0.025735294117646967,0.07307692307692304,-2.0164642514601145,0.05555555555555564,0.0
2026-03-12,2.7,2.79,0.01092907053219023,-0.007142887512380114,0.016807118316381407,-0.6396157160082886,-0.03278982282299084,2.732,2.649,2.7000000000000006,3,12,3,2.7199779742260635,2.7920736712540672,59.055118110236215,-0.04853034479685103,-0.07672265268893141,2.9837835121375327,2.3142164878624674,0.02861805758795822,0.04582916615974827,0.05083046643691102,427856539.0,0.3046745024829587,0.0,0.0,-1,0.0,0,22.5294755877034,0.09544194012415863,-0.0107526881720431,-1.3913057059021467,0.45364793389609537,0.7275154587129057,-0.018181818181818077,0.08000000000000007,-0.5399028744492117,0.03333333333333328,0.0
2026-03-13,2.63,2.7,-0.007272759329079585,-0.003590668130728596,-0.041593897298837126,0.20228215281552978,-0.026267926820610302,2.722,2.6595,2.680333333333333,4,13,3,2.703618342548597,2.7816173053667086,55.639097744360896,-0.05201702993925883,-0.0717815281389969,2.9767563300337927,2.3422436699662073,0.02668030127023688,0.04559209046259597,0.05088771779906477,427614396.0,-0.18596949663294576,0.0,0.0,-1,0.0,0,19.9685352622062,0.10172413728977457,0.014814814814814828,-1.0915230727812437,0.40969176514322275,0.7237519986935322,-0.007547169811320753,0.08677685950413228,-0.5445646711387221,0.07224334600760454,0.0
2026-03-16,2.66,2.63,-0.022141125877213518,-0.01814931850567722,0.007692345623155645,0.35019998909904826,0.01134227660393451,2.7050000000000005,2.6710000000000003,2.6653333333333333,0,16,3,2.6956877348124886,2.7737710276011143,36.55913978494625,-0.05176281425380269,-0.06777778536195805,2.969339262901512,2.3726607370984887,0.023474790828263654,0.04561308436431182,0.05068289249639276,427958082.0,-0.07374155109869975,0.0,0.0,-1,0.0,0,19.9685352622062,0.0681935903870786,0.019011406844106567,-0.5711306605393184,0.4098585458354022,0.7240852665514668,-0.007462686567164201,0.09465020576131677,-0.5462403825903808,0.04511278195488726,0.0
2026-03-17,2.53,2.66,-0.007490671729157626,-0.011197995309753858,-0.03310915860727883,0.27139071376853413,-0.050106820054178984,2.684,2.676,2.65,1,17,3,2.6655626921193085,2.758043864530075,35.41666666666667,-0.06134412316971316,-0.06649105292350907,2.9603570772243333,2.391642922775667,0.026045395610801655,0.04720190488651187,0.050959011390517284,427507239.0,-1.0268779059423168,0.0,0.0,-1,0.0,0,19.9685352622062,0.07385271745542894,0.0,-0.017347606498637414,0.47814189611634955,0.7493070104294093,-0.07326007326007333,0.04115226337448541,0.31681094455972375,0.06901185770751,0.0
2026-03-18,2.4,2.53,-0.05406722127027582,-0.060939532856669205,-0.06335110758028327,0.03715253179930239,-0.05275056538552885,2.652,2.675,2.633666666666667,2,18,3,2.6172785662794342,2.7349442603668446,28.571428571428584,-0.0785221387229793,-0.06889727008340311,2.9632615771157322,2.3867384228842674,0.029486215723757727,0.04873574293471052,0.051415495236370574,427039331.0,-1.907989283563739,0.0,0.0,-1,0.0,0,19.9685352622062,0.08552901285918173,-0.003952569169960391,0.07172213907043869,0.4006443763649958,0.7736559345913033,-0.13978494623655924,-0.008264462809917328,1.2962698117047418,0.0708333333333333,0.0
2026-03-19,2.3,2.4,-0.07197349962508923,-0.07350246199292662,-0.06989743961737843,0.36146120949052263,-0.04255961441879601,2.607,2.668,2.617,3,19,3,2.5595915542286276,2.7068833403431776,29.126213592233015,-0.09906306670661591,-0.07493042940804567,2.9855962348961276,2.3504037651038727,0.029613558187836,0.049596123661536255,0.05163588899714416,426367684.0,-2.3174078251926264,0.0,0.0,-1,0.0,0,19.9685352622062,0.09263433594231563,-0.02291666666666655,1.0307475282911636,0.4103143245244381,0.7873140552073867,-0.14814814814814825,-0.05737704918032793,1.527668363120071,0.0652173913043478,0.0
2026-03-20,2.28,2.3,-0.02810995893189343,-0.03229559469135059,-0.004535155165391151,-0.1878986322307146,-0.008733679968754666,2.57,2.6585,2.6109999999999998,4,20,3,2.508756726187059,2.679342479675876,21.052631578947384,-0.11562290411024367,-0.08306892434848528,3.010533192213739,2.3064668077862613,0.02892004562868234,0.049502988325427204,0.04676477893833675,425811091.0,-2.1503654108286026,40000.0,89688.0,1,0.0,0,19.9685352622062,0.07687712157642415,-0.008695652173913052,0.43055193689542426,0.4415455035814969,0.7858355775816849,-0.13307984790874527,-0.0769230769230771,0.8227672800523389,0.037280701754385956,0.0
2026-03-23,2.38,2.28,0.0961073101773431,0.12529185136527815,0.07232066157962608,0.13858648034108673,0.04292504471703405,2.54,2.6535,2.5993333333333335,0,23,3,2.485346412334866,2.660030061632271,31.25,-0.1193022877841945,-0.09031559703562712,3.0187987241886822,2.288201275811318,0.03360463123601785,0.05058577015630435,0.04273092891118845,426450421.0,-1.4974046274453106,0.0,0.0,-1,0.0,0,19.9685352622062,0.057642781863184875,0.10087719298245613,0.7763997765975769,0.6391669705319747,0.8030242062735257,-0.10526315789473695,-0.040322580645161366,1.4236449054430718,0.09453781512605028,0.0
2026-03-24,2.25,2.38,-0.04898938720027306,-0.06376661835898915,-0.04984780572756764,-0.7864859889793664,-0.05617027146705447,2.492,2.6205000000000003,2.583666666666667,1,24,3,2.4425561555467086,2.6335765092688987,28.037383177570106,-0.1311957959300627,-0.09849163681451424,3.0068717871349766,2.234128212865024,0.034330582431750675,0.03122483012783805,0.04372942727821501,426159243.0,-1.917841893929842,0.0,0.0,-1,0.0,0,19.9685352622062,0.07564165786330077,0.0042016806722690045,-1.078463729811684,0.6558491046936977,0.4956788114909799,-0.1106719367588932,-0.2268041237113403,1.36252372569762,0.08000000000000007,0.0
2026-03-25,2.34,2.25,-0.04274154837727102,-0.02922963831493848,0.004434597067865554,0.0672398298552857,0.03922071315328133,2.447,2.597,2.575,2,25,3,2.423909581810943,2.6146360893160665,31.858407079646028,-0.13183947557790754,-0.1051612045671929,2.9919203783831545,2.2020796216168455,0.03706278601208808,0.032846185375252995,0.04385965170797504,426470673.0,-1.3015281766526459,0.0,0.0,-1,0.0,0,19.9685352622062,0.06939444627091622,0.017777777777777795,-0.8360530081039248,0.7200490059515148,0.5214170281202772,-0.025000000000000022,-0.16725978647686834,0.07632677939350815,0.04273504273504278,0.0
2026-03-26,2.31,2.34,-0.004376374599799,0.037467221012684016,0.008810629682154906,0.04949174964375123,-0.012903404835907841,2.408,2.57,2.5686666666666667,3,26,3,2.403198748754408,2.5949821480698687,33.96226415094341,-0.1332345012213425,-0.11077586389802282,2.9659266279703544,2.1740733720296452,0.0366705527793291,0.0324107505810755,0.04338443929407089,426143442.0,-1.3133746590010493,0.0,0.0,-1,0.0,0,19.9685352622062,0.08064248981431664,-0.025641025641025664,-0.6447232377310108,0.6514000560772296,0.5145047150548078,0.004347826086956719,-0.18947368421052635,-0.29297462487194365,0.0736363636363637,0.0
2026-03-27,2.12,2.31,-0.00881062968215492,-0.07476436168950343,-0.07512063046810794,0.283918478385225,-0.08583143584978108,2.3569999999999998,2.5395,2.5586666666666664,4,27,3,2.351708067162697,2.564338138516974,27.049180327868854,-0.1479658232927359,-0.11821385577696544,2.975485272565332,2.1035147274346677,0.0424304235117567,0.035594091815457314,0.04550991690522118,425708773.0,-1.924376929209864,0.0,0.0,-1,0.0,0,19.9685352622062,0.08753626590581261,-0.02164502164502176,0.19634858427496538,0.8898933779248936,0.5650386905213977,-0.07017543859649111,-0.22344322344322343,-0.15425917690545798,0.07481132075471691,0.0
2026-03-30,2.07,2.12,-0.04063764573182627,-0.042039601559701455,-0.03121501934792464,0.12270212780749572,-0.023867481406643545,2.2979999999999996,2.5015,2.546666666666667,0,30,3,2.300488418587661,2.532445355386847,22.95081967213116,-0.16180984117439534,-0.12693305285645143,2.9626324732588927,2.0403675267411074,0.040922394537072006,0.03376811945123103,0.045632001341623124,425217359.0,-1.8714795639982797,0.0,0.0,-1,0.0,0,19.9685352622062,0.09157003724503307,0.023584905660377273,0.6652893344027756,0.7325004581840481,0.5360522778616812,-0.13025210084033612,-0.26855123674911663,0.44579974620372437,0.06280193236714993,0.0
2026-03-31,2.26,2.07,-0.01860518783103447,0.0426551756019159,0.024097551579060524,-0.35672669099795556,0.08781620600691677,2.271,2.4775,2.5409999999999995,1,31,3,2.293126887935359,2.51486823568447,30.370370370370367,-0.15565561197997546,-0.13267756468115624,2.9363257323109755,2.0186742676890246,0.05362669723611177,0.0410482590951166,0.048895360888360245,425561331.0,-0.9480723712007794,0.0,0.0,-1,0.0,0,19.9685352622062,0.07497912015699887,0.02898550724637684,-0.45481837851077805,1.049288867638734,0.6516209119069425,0.004444444444444251,-0.17518248175182494,0.18446086149378982,0.077433628318584,0.0
2026-04-01,2.27,2.26,0.08112554481236853,0.028128141010793466,0.057819570888826236,0.24002261088314722,0.0044150182091169145,2.258,2.455,2.536,2,1,4,2.288921999219839,2.4990702849951494,33.07086614173228,-0.14826234851449005,-0.135794521447823,2.9078506201935115,2.0021493798064887,0.05170373209358837,0.04115417428799391,0.048903311097117604,425998615.0,-0.8170464685283909,0.0,0.0,-1,0.0,0,19.9685352622062,0.07370218610006181,0.022123893805309856,0.28213623437078256,0.9986320133906139,0.6533022634694433,-0.029914529914529808,-0.1654411764705883,0.6951439948597821,0.050616740088105724,0.0
2026-04-02,2.25,2.27,-0.07644169549994201,-0.030328361920395803,-0.0625450038961577,-0.08518357377378387,-0.0088496152769825,2.253,2.43,2.5296666666666665,3,2,4,2.281845272088959,2.483001234350301,34.42622950819674,-0.14237574781059736,-0.1371107667203779,2.8692817103542447,1.9907182896457554,0.05008808476993833,0.040904648819412893,0.04889085339804822,425597038.0,-0.8195196647492784,0.0,0.0,-1,0.0,0,19.9685352622062,0.07193306371965469,-0.057268722466960305,-0.006100044367211647,0.9969286439713987,0.64934116945559,-0.025974025974025983,-0.18181818181818177,0.6356941768620351,0.07995555555555553,0.0
2026-04-06,2.33,2.25,0.06336961393258919,0.049419292846993076,0.07371830449428278,0.1322577874259714,0.03493805136128044,2.258,2.414,2.525,0,6,4,2.2906006771636935,2.473130186972863,37.00787401574803,-0.12975945668577404,-0.13564050471345712,2.8427263880245666,1.9852736119754337,0.0512801915319373,0.04154636022464338,0.04930140065841252,426055399.0,-0.3918583149828734,0.0,0.0,-1,0.0,0,19.9685352622062,0.05048964152664223,0.013333333333333246,0.4405202289661347,0.7260576129793308,0.6595280222058719,0.09905660377358494,-0.12075471698113205,1.160049635580003,0.05793991416309004,0.0
2026-04-07,2.21,2.33,0.0,-0.0297894368021071,-0.017937700686667318,-0.3864792783845612,-0.05287575204794779,2.241,2.3905000000000003,2.5159999999999996,1,7,4,2.2759460085884764,2.4561540458778395,37.301587301587304,-0.12796880743771277,-0.13410616525830826,2.8092437352230943,1.9717562647769062,0.05177515034550132,0.042562574217060056,0.05014829001035774,425743968.0,-0.8621024498615383,0.0,0.0,-1,0.0,0,19.9685352622062,0.05191740193494644,-0.021459227467811273,-0.7451280400741216,0.8481223249178407,0.6756599192224235,0.06763285024154597,-0.17537313432835833,0.4834500220972317,0.04751131221719456,0.0
2026-04-08,2.15,2.21,0.034486176071169404,0.027690800145185983,-0.036870535808327685,0.5066890386794464,-0.027524673390090033,2.231,2.3615,2.490666666666667,2,8,4,2.2530467342996623,2.436402171950237,39.49579831932773,-0.1298938679135886,-0.13326370578936433,2.761145895893321,1.961854104106679,0.04960258671353064,0.042242186127929356,0.037689248117216814,425227059.0,-1.05843699221401,0.0,0.0,-1,0.0,0,19.9685352622062,0.024521798481602537,0.06787330316742078,0.8329609435045399,0.5204839724428084,0.6705739159812214,-0.04867256637168138,-0.21245421245421248,0.1716338321987426,0.11627906976744186,0.0
2026-04-09,2.07,2.15,-0.10724553035359756,-0.09699226598730958,-0.048086186667637795,-0.17110342661477784,-0.037919234862293726,2.2039999999999997,2.3255,2.4659999999999997,3,9,4,2.2197655098815416,2.412763322146996,40.17094017094018,-0.13630360056091462,-0.1338716847436744,2.6908678751746447,1.9601321248253554,0.04807599802527113,0.04187998344352645,0.03775786894479441,424791442.0,-1.3985903926439724,0.0,0.0,-1,0.0,0,19.9685352622062,0.03674184355825241,-0.013953488372092933,0.15391554455135842,0.53407680853416,0.6648241266184407,-0.08810572687224683,-0.25806451612903236,1.1655497057251292,0.06280193236714993,0.0
2026-04-10,2.07,2.07,-0.023867481406643545,-0.028170876966696335,0.0024600258408626207,-0.02246492564787245,0.0,2.1799999999999997,2.2939999999999996,2.44,4,10,4,2.1925354171758067,2.3906495594278354,40.86956521739131,-0.13977215348333916,-0.13505177849160735,2.630946036596444,1.957053963403555,0.04819746838699603,0.041760236251038176,0.03753879702319992,424791442.0,-1.3295897602041324,0.0,0.0,-1,0.0,0,19.9685352622062,0.047714159926267256,0.0,-0.017912722639085058,0.5469511472586892,0.6629231988693078,-0.08000000000000007,-0.2333333333333334,0.8793918134624481,0.03140096618357486,0.0
2026-04-13,2.21,2.07,0.0,0.06676817646484028,0.0017674788576169703,0.13258068964052946,0.06544390825238382,2.189,2.273,2.4226666666666663,0,13,4,2.1957107958711144,2.378994749142169,42.857142857142854,-0.12972874447973082,-0.13398717168923205,2.5719877659865524,1.9740122340134478,0.04646300894654082,0.04525600531137429,0.03958550198667436,425277768.0,-0.4214219253561949,0.0,0.0,-1,0.0,0,19.9685352622062,0.04236671309462225,0.0,0.442145735322974,0.7480879665259833,0.7184168123166876,-0.05150214592274682,-0.15969581749049433,1.4442974015204675,0.09339366515837101,0.0
2026-04-14,2.31,2.21,0.08781620600691677,0.06049360314608672,0.103101515532019,0.23744998902477626,0.04425500900404078,2.213,2.2555,2.405333333333333,1,14,4,2.2164906511672755,2.3745434750039642,52.58620689655173,-0.11240437851417173,-0.12967061305422,2.493957764105636,2.017042235894364,0.04683613539793806,0.04661992152634743,0.039937259652053976,425894435.0,0.45710400921025707,0.0,0.0,-1,0.0,0,19.9685352622062,0.029271925312688886,0.02262443438914019,1.495850740222409,0.7219141778177635,0.7400683110003723,0.045248868778280604,-0.13157894736842113,0.3768938344018727,0.05411255411255411,0.0
2026-04-15,2.47,2.31,0.026202372394024117,0.0510836288033879,0.026202372394024117,-0.17389650336210244,0.06697062610618375,2.234,2.2525,2.396333333333333,2,15,4,2.2625832600459526,2.3807019604875794,55.28455284552847,-0.08478666297404214,-0.12069382303818445,2.477549702110786,2.0274502978892137,0.04295336188468783,0.04835420988258316,0.04189823368008854,426412672.0,1.9329063576625436,0.0,0.0,-1,0.0,0,19.9685352622062,0.021452670162675155,0.004329004329004236,0.5559674773984998,0.7361728800008623,0.7675992851540208,0.1488372093023258,-0.02371541501976271,-0.7815687656771192,0.0769230769230769,0.0
2026-04-16,2.53,2.47,0.08665211706121022,0.01776947051197544,0.033901551675681416,0.12936439362660673,0.02400115209954283,2.26,2.259,2.39,3,16,4,2.3112044854921425,2.390334092069026,58.73015873015872,-0.05739629708962113,-0.1080343178484718,2.5082008279093,2.0097991720906996,0.04313896134933959,0.047073569255684206,0.04217235846337249,427002480.0,2.1749526458125077,0.0,0.0,-1,0.0,0,19.9685352622062,0.02298235549356386,0.024291497975708343,1.1123335450440188,0.4686328474610529,0.7472697454482978,0.22222222222222232,0.054166666666666696,-0.5675726915755928,0.061264822134387456,0.0
2026-04-17,2.47,2.53,0.027292142288007554,0.025122094117337672,0.028749413285986007,-0.05231931039134028,-0.0240011520995429,2.282,2.2675,2.380666666666667,4,17,4,2.3400763972208436,2.3954738280645724,65.48672566371681,-0.04006884464923832,-0.09444122320862511,2.533612362495219,2.001387637504781,0.044172692486389185,0.046328517776517066,0.042291754686478215,426442737.0,1.5219135112795696,0.0,0.0,-1,0.0,0,19.9685352622062,0.023678897873913064,0.027667984189723435,0.9682228944057029,0.6093730850022006,0.7354424198813954,0.1932367149758456,0.07391304347826111,-1.141177499984559,0.06072874493927122,0.0
2026-04-20,2.49,2.47,-0.07588469752487269,-0.03891541624967361,-0.04132819549284606,-0.03851756618278024,0.008064559836730495,2.298,2.278,2.3753333333333333,0,20,4,2.367335234089781,2.401572290770084,69.09090909090911,-0.024441138667180784,-0.08044120630033624,2.562149701092017,1.993850298907983,0.04326847761830013,0.04622721495350555,0.04184858809892197,426981330.0,1.492171198387765,0.0,0.0,-1,0.0,0,19.9685352622062,0.012319650327810414,-0.024291497975708523,0.7821593652710267,0.5628216020625898,0.7338342874206117,0.12669683257918574,0.09210526315789491,-0.18641563917083875,0.060240963855421645,0.0
2026-04-21,2.55,2.49,0.05253733352788162,0.06528229209041578,0.05870667551729665,0.2534037018676074,0.023810648693718392,2.332,2.2864999999999998,2.3710000000000004,1,21,4,2.400547009709821,2.4111482720107236,64.94845360824743,-0.007132353197851771,-0.06577943567983935,2.5928039426162552,1.980196057383744,0.03811204879785146,0.045568927152067236,0.04204526530055999,427675255.0,1.7205132767756675,0.0,0.0,-1,0.0,0,19.9685352622062,0.0038474451631005297,0.02008032128514049,2.1277047798962436,0.5332767747873974,0.7233842925383323,0.10389610389610371,0.0714285714285714,0.31843275319631975,0.06929411764705877,0.0
2026-04-22,2.66,2.55,0.03481976515922791,0.03650040221952664,0.04157768710866908,-0.1518178959254423,0.042232763623272995,2.383,2.3069999999999995,2.368666666666667,2,22,4,2.4477202806716716,2.4272032222035804,68.22429906542057,0.015284870211997426,-0.049566574501472,2.655053232466939,1.9589467675330596,0.03587950021593992,0.044120647276628545,0.04266895038667344,428271437.0,2.0284253503293104,0.0,0.0,-1,0.0,0,19.9685352622062,-0.0025520584425065985,0.03137254901960787,1.1379545544986829,0.3974297469310228,0.70039356226295,0.07692307692307687,0.18222222222222229,-0.9530243410602397,0.0639097744360902,0.0
2026-04-23,2.54,2.66,-0.0038095284166676188,-0.05148195583514345,-0.052901658224413554,-0.1774810812605984,-0.04616204176316249,2.43,2.317,2.3603333333333336,3,23,4,2.4644984114586403,2.4344804336743175,62.39316239316239,0.02310138575860865,-0.03503298244945587,2.680207929427632,1.9537920705723681,0.037386149340375784,0.045100030979668825,0.04323234446140777,427772208.0,1.2279467595953566,0.0,0.0,-1,0.0,0,19.9685352622062,0.0037478311783069214,-0.015037593984962419,0.15134842734200205,0.5666193095934103,0.7159407965610747,0.0039525691699606735,0.08547008547008561,-0.2771755681352463,0.06496062992125985,0.0
