date,close,YesterdayClose,YesterdayOpenLogR,YesterdayHighLogR,YesterdayLowLogR,YesterdayVolumeLogR,YesterdayCloseLogR,MA10,MA20,MA30,DayOfWeek,DayOfMonth,MonthNumber,EMA10,EMA30,RSI,MACD,MACD_Signal,BollingerUpper,BollingerLower,Volatility_10,Volatility_20,Volatility_30,OBV,ZScore,insider_shares,insider_amount,insider_buy_flag,sentiment,num_articles,fear_greed,fear_greed_correlation,overnight_gap,abnormal_vol,volatility_5d,volatility_20d,momentum_5d,momentum_20d,skew_5d,intraday_range,sentiment_change
2024-12-26,8.41,8.04,-0.03303052567648195,0.07083633772456119,-0.03473017860113339,0.9907480280313762,0.04499239079398183,8.514,8.603,8.916,3,26,12,8.490666478277697,9.084148127407877,47.28682170542637,-0.4230103519311257,-0.48420181829270437,9.390911296102768,7.815088703897231,0.036037511997055564,0.04737706967301955,0.06117115355115317,1341935.0,-0.4899028633162951,0.0,0.0,-1,0.0,0,34.17142857142857,-0.05174788985001351,0.0,-0.2615631239351306,0.6792081480932077,0.7520876652107397,-0.0023724792408066353,-0.10531914893617023,-0.4169639354740101,0.1521997621878716,0.0
2024-12-27,8.06,8.41,0.019705071079332337,-0.004494389587839215,0.014682262058392818,0.19830422459136152,-0.04250791746631974,8.447,8.52,8.824333333333334,4,27,12,8.412363482227207,9.018074054671885,37.76041666666667,-0.4294902905666138,-0.47325951274748623,9.145459830844496,7.894540169155502,0.036744260556612486,0.04716060224816439,0.06104833459213656,1196649.0,-1.4709178025994283,0.0,0.0,-1,0.0,0,33.82857142857143,-0.04244647919011778,-0.024970273483947782,-0.07937967689755412,0.6952304006226757,0.7486513513720596,-0.06604866743916571,-0.17078189300411528,0.7301254225384536,0.13982630272952862,0.0
2024-12-30,7.52,8.06,0.01212136053234504,-0.04526597601653889,-0.03852445102115253,0.3013829887239353,-0.06934741855678855,8.36,8.433,8.761333333333333,0,30,12,8.250115576367714,8.921424115660795,36.34085213032583,-0.47274961239707913,-0.47315753267740485,9.107220017189475,7.758779982810526,0.04032163950508477,0.04821194911976772,0.057733975138783596,1000262.0,-2.7083147243414536,0.0,0.0,-1,0.0,0,28.6,-0.02567925008400388,0.029776674937965285,0.3311479505045553,0.7015233006862471,0.7653409655556287,-0.14739229024943323,-0.1879049676025918,1.8888993853499314,0.13656914893617023,0.0
2024-12-31,7.86,7.52,-0.1067001005868829,-0.03562168312256183,0.0,-0.635330985263532,0.04422046847936674,8.288,8.4125,8.728333333333333,1,31,12,8.179185471573584,8.852945140456873,43.552311435523116,-0.47413227636798894,-0.47335248141552166,9.131062160809623,7.693937839190376,0.04290937986250076,0.04378734566067701,0.05754599387175415,1104300.0,-1.5377931935004268,0.0,0.0,-1,0.0,0,26.314285714285717,-0.04117559479890709,-0.007978723404255268,-0.4672036969890207,0.8434312724701573,0.6951025631386477,-0.06093189964157697,-0.049576783555018045,0.4111552583218891,0.0928753180661577,0.0
2025-01-02,8.22,7.86,0.059835791610665046,0.05233060723035876,0.059835791610665046,-0.42518969004457213,0.044783602626973444,8.236,8.3955,8.714333333333334,3,2,1,8.186606294923841,8.812109970104817,46.78899082568808,-0.4410943945632262,-0.4669008640450626,9.115455407975878,7.6755445920241225,0.04555310087918435,0.0443233119992962,0.05805540825345192,1172304.0,-0.4875301943863719,0.0,0.0,-1,0.0,0,24.31428571428572,-0.05681216287377826,0.007633587786259492,-0.7367265158102512,0.8809609412325481,0.7036107649971769,0.022388059701492713,-0.03971962616822433,-0.7260600211021894,0.08637469586374706,0.0
2025-01-03,8.45,8.22,0.02985296314968113,-0.008144314941685863,0.02616971773338482,0.20537590867523078,0.027596232300993843,8.238,8.4185,8.651,4,3,1,8.234496059483142,8.788748036549668,46.78899082568806,-0.3918357191371218,-0.45188783506347446,9.11284634160863,7.724153658391368,0.04528282147536837,0.041948721012965595,0.04486096113961932,1255812.0,0.0907328176512649,0.0,0.0,-1,0.0,0,28.885714285714283,-0.06447310775737519,-0.00729927007299276,-0.5745960673634948,0.8371446646873274,0.6659153017052188,0.0047562425683709275,0.05757196495619521,-0.6583548869939937,0.050887573964497015,0.0
2025-01-06,8.79,8.45,0.0408219945202552,0.05787207397339439,0.03106234659295327,0.3123168533621173,0.03944827032800318,8.254000000000001,8.427,8.622666666666667,0,6,1,8.335496775940753,8.788828808385173,54.587155963302735,-0.32165486837151747,-0.4258412417250831,9.135745370355268,7.718254629644731,0.046481833485839626,0.039096785981103756,0.043995549106658864,1369933.0,1.0243453154919113,0.0,0.0,-1,0.0,0,33.77142857142857,-0.07416244095192268,0.005917159763313694,-0.18707764829329646,0.7667206879914221,0.6206422366075018,0.09057071960297747,0.019721577726218076,-2.1188197708313496,0.07775881683731518,0.0
2025-01-07,8.05,8.79,0.01285815494336866,-0.026251158355385433,-0.04468484827424954,-0.27163856797482483,-0.0879426202666135,8.177,8.3795,8.576333333333334,1,7,1,8.283588271224252,8.741162433650645,44.60285132382893,-0.32203562781873174,-0.40508011894381285,9.053013177302441,7.70598682269756,0.05324881035035657,0.04217905125477056,0.046381534716813194,1282958.0,-0.9784515317717023,0.0,0.0,-1,0.0,0,34.31428571428572,-0.05704149551663798,-0.02047781569965867,-0.5187995225150485,0.8875861066515299,0.6695716809406187,0.07047872340425543,-0.10555555555555551,-2.1479156043646497,0.10124223602484488,0.0
2025-01-08,7.69,8.05,-0.06601076192110242,-0.09180754925312286,-0.06970562989203716,-0.16987391282028938,-0.04575130791291939,8.108999999999998,8.3335,8.517333333333333,2,8,1,8.17566313100166,8.67334550244738,39.726027397260275,-0.3473819706583594,-0.3935404892867222,9.063987220249198,7.603012779750804,0.0527152398780168,0.042247000293021676,0.046945143098731684,1209571.0,-1.761837804035717,0.0,0.0,-1,0.0,0,31.91428571428572,-0.05272448339535233,0.0012422360248446939,-0.6400348640942657,0.923681231133139,0.6706503384828495,-0.021628498727735312,-0.10685249709639943,-0.8076593022087022,0.07542262678803642,0.0
2025-01-10,7.0,7.69,-0.06008196511099842,-0.06008196511099842,-0.10269028710194748,1.0442977430422917,-0.09401063446223934,8.004999999999999,8.264,8.436666666666667,4,10,1,7.961906198092266,8.565387728095935,36.97632058287797,-0.41832418261922655,-0.3984972279532231,9.205787773612691,7.3222122263873075,0.05824493212481389,0.046163746380098576,0.04937870250050464,1001049.0,-2.6842565499683735,0.0,0.0,-1,0.0,0,25.62857142857143,-0.02562209672921171,-0.013003901170351174,1.0064961365601783,0.9725997140625111,0.7328267550527944,-0.14841849148418496,-0.16567342073897506,0.3076374846271966,0.11999999999999998,0.0
2025-01-13,7.2,7.0,-0.09386195362795999,-0.02400115209954301,0.001480385170434203,-0.9053780292619471,0.02817087696669644,7.884,8.199,8.363333333333333,0,13,1,7.823377798439127,8.477298197251036,36.97632058287795,-0.4531840446099995,-0.4094345912845784,9.2457976228278,7.1522023771722,0.05654355885595163,0.0466623111491986,0.04983446836192061,1085373.0,-1.9086783886675618,0.0,0.0,-1,0.0,0,25.34285714285715,-0.030394396884247162,-0.012857142857142836,-0.49809168932541875,0.9748286034376716,0.7407412254017764,-0.1479289940828401,-0.15294117647058825,0.30677299937468117,0.09027777777777783,0.0
2025-01-14,7.64,7.2,0.039721533953376915,0.030567163870433567,0.032040353264347496,-0.18227886523335812,0.0593165771564195,7.8420000000000005,8.1445,8.294,1,14,1,7.790036380541103,8.423278958718711,39.72125435540069,-0.44023169665849693,-0.4155940123593621,9.188388983813105,7.100611016186896,0.060172753442531916,0.048561127183668694,0.05084960983044389,1155646.0,-0.9665778791096533,0.0,0.0,-1,0.0,0,25.142857142857142,-0.050108402109241106,-0.0013888888888888592,-0.6593318393787865,1.0755907868553898,0.7708839954777947,-0.13083048919226392,-0.12485681557846517,0.46833246864312883,0.08637434554973816,0.0
2025-01-15,7.73,7.64,0.06852915712668284,0.020726130517116952,0.05638767266412302,-0.13882887561879784,0.011711259420901633,7.863000000000001,8.1115,8.243,2,15,1,7.7791206749881745,8.378551283962667,44.05204460966544,-0.4178874730878501,-0.4160527045050597,9.164401254929265,7.058598745070735,0.05597108088236747,0.048044659267225634,0.0503649318537604,1216810.0,-0.7246643466592291,0.0,0.0,-1,0.0,0,27.428571428571427,-0.05231118177022367,0.007853403141361322,-0.755281356329094,0.9565266665877364,0.7626853214754825,-0.039751552795031064,-0.07866507747318241,-0.5138230837998774,0.0536869340232859,0.0
2025-01-16,7.79,7.73,0.008406127741012258,0.011472401162236781,0.026721696817152474,-0.3460530065767791,0.0077319972833261846,7.856,8.072,8.227,3,16,1,7.781098734081233,8.340580233384431,47.553816046966745,-0.3908327398277942,-0.4110087115696066,9.110067029576982,7.033932970423017,0.054145577555087594,0.047741293925813146,0.04655142549064815,1260082.0,-0.5433175160469462,0.0,0.0,-1,0.0,0,27.342857142857145,-0.05110034784819564,0.004527813712807148,-0.940912296900754,0.895356062342942,0.7578695459768406,0.013003901170351106,-0.09207459207459212,-1.4348813459290455,0.03915275994865208,0.0
2025-01-17,7.66,7.79,0.012160149840464774,-0.0038095284166676188,-0.011256259013785594,0.6126816698307277,-0.016828876130156968,7.8,8.017999999999999,8.197,4,17,1,7.759080782430099,8.296671831230597,42.299794661190965,-0.3755524475035035,-0.403917458756386,9.02154319656329,7.014456803436708,0.05189039336602593,0.047523488340684664,0.046128488663661975,1180229.0,-0.7134720283611048,0.0,0.0,-1,0.0,0,36.02857142857143,-0.04891998648569233,0.008985879332477572,-0.4994106354176592,0.45705091714006973,0.7544119895023754,0.0942857142857143,-0.1235697940503433,0.5797243757845262,0.04698433420365542,0.0
2025-01-21,7.41,7.66,-0.025774622688615252,-0.015384918839479456,-0.035295147389084895,0.43220014235218834,-0.033181544444504406,7.696000000000001,7.966999999999999,8.177666666666665,1,21,1,7.69561154926099,8.239467196957657,43.18658280922432,-0.37924392847446065,-0.39898275270000094,8.985938560205534,6.948061439794462,0.05104096727563935,0.04743356917833695,0.04490614001351023,1057204.0,-1.093294574871409,0.0,0.0,-1,0.0,0,39.91428571428572,-0.04522391794802846,0.0,-0.002285694350349279,0.5657746605877608,0.7529845670523477,0.029166666666666563,-0.12099644128113873,0.8667814689268666,0.06747638326585695,0.0
2025-01-22,6.9,7.41,-0.03859427755125472,0.0006457862671962811,-0.0656441044453208,0.7736880993408922,-0.0713090277047818,7.507000000000001,7.8805,8.120333333333333,2,22,1,7.55095490394081,8.15304995844426,43.45991561181435,-0.41849800697336637,-0.40288580355467407,8.954684635702353,6.806315364297646,0.05032167292445341,0.048939441329833154,0.043874142549970976,790517.0,-1.8255707024871037,0.0,0.0,-1,0.0,0,41.62857142857143,-0.0382326489026884,-0.005398110661268561,1.6241596934355331,0.5225914173728431,0.7768895463670481,-0.09685863874345546,-0.2004634994206258,-0.8000686944753811,0.13985507246376808,0.0
2025-01-23,6.57,6.9,-0.08196676463064045,-0.10543224909639946,-0.057679111586678045,0.876532465242326,-0.049007579106694614,7.359,7.768000000000001,8.039333333333333,3,23,1,7.372599466860662,8.05091770306076,36.36363636363635,-0.4708082051480238,-0.41647028387334406,8.897743333682502,6.638256666317498,0.04656301003016975,0.04902882914244223,0.043430782937616694,149787.0,-2.1208357053898417,0.0,0.0,-1,0.0,0,43.68571428571429,-0.03594337898528791,-0.01594202898550729,3.82640841936809,0.46430228022910797,0.77830853390147,-0.1500646830530401,-0.2551020408163265,0.14794332248074138,0.0867579908675798,0.0
2025-01-24,6.68,6.57,-0.020834086902841914,-0.03133225336027037,0.015504186535965254,-0.9116622203615872,0.01660415505203516,7.258000000000001,7.6834999999999996,7.975,4,24,1,7.2466722910678145,7.962471399637486,32.812499999999986,-0.49765171420055676,-0.43270656993878664,8.874788996710818,6.4922110032891815,0.046863873679407426,0.04863640814937626,0.04320185528734515,407268.0,-1.6847297385784497,0.0,0.0,-1,0.0,0,45.8,-0.03412449488966797,0.012176560121765611,0.8483298116717638,0.514034601623588,0.7720790437601087,-0.14249037227214378,-0.20191158900836315,0.4706134159320351,0.03817365269461077,0.0
2025-01-27,6.75,6.68,0.005997019472374266,0.038879027500754344,-0.0015396461855927501,-0.11554411638490286,0.010424517335884207,7.233000000000001,7.619,7.920333333333333,0,27,1,7.156368238146394,7.884247438370552,30.324074074074076,-0.5074276632964096,-0.44765078861031127,8.867340371938113,6.370659628061887,0.03861612863495745,0.048330332800406044,0.043183744059128205,636653.0,-1.3922484917327997,0.0,0.0,-1,0.0,0,37.971428571428575,-0.03524159214657262,0.0014970059880240532,0.5737910895769389,0.5886193198688886,0.7672202482251737,-0.118798955613577,-0.16044776119402981,0.09154722882866344,0.07893333333333333,0.0
2025-01-28,6.61,6.75,-0.021148824492976632,-0.028452448593949162,-0.012403259783419912,-0.6718271518668708,-0.020958851020843522,7.174000000000001,7.529000000000001,7.857333333333333,1,28,1,7.057028558483413,7.802037926217613,23.543689320388353,-0.5204723224080166,-0.46221509536985234,8.796619401621987,6.261380598378015,0.037268226876462446,0.04671215780822999,0.04310107395359703,519489.0,-1.449962029334816,0.0,0.0,-1,0.0,0,40.62857142857143,-0.03542628894826331,-0.029629629629629655,-0.26596022120099494,0.5841906784570507,0.7415325165826833,-0.10796221322537114,-0.2140309155766944,-0.22511929621507062,0.06290468986384265,0.0
2025-01-29,6.53,6.61,0.01665443490513731,0.002078181315491757,-0.018898200220229543,0.19116729933381646,-0.012176710575255231,7.063000000000001,7.452500000000001,7.784000000000001,2,29,1,6.961205184213702,7.7199709632358315,28.034682080924853,-0.531142954789952,-0.4760006672538723,8.76892058548733,6.136079414512672,0.028326840806961424,0.046154027309591006,0.04261060760241609,377643.0,-1.401527764257041,0.0,0.0,-1,0.0,0,42.4,-0.032520178275010664,0.007564296520423573,-0.07983099820594661,0.4111151050826808,0.732672469591568,-0.05362318840579716,-0.1898263027295286,-0.5302447207393618,0.08422664624808572,0.0
2025-01-30,6.72,6.53,0.020803127629763107,0.038376902454323576,0.05715841383994862,0.7779453793899936,0.0286812112467183,6.962000000000001,7.4125,7.7283333333333335,3,30,1,6.917349696174846,7.655456707543197,35.25835866261397,-0.5182935305331791,-0.48445923990973366,8.768312050318752,6.056687949681247,0.03059802527190201,0.04482946230471534,0.042757982415360704,686441.0,-1.0215280205500348,0.0,0.0,-1,0.0,0,45.91428571428571,-0.040563335704598455,0.04134762633996931,1.0934734228865028,0.327567452030243,0.7116456520021275,0.022831050228310446,-0.10638297872340419,-0.22403431802148335,0.0666071428571428,0.0
2025-01-31,7.48,6.72,-0.026827242233144075,0.09167622579387429,-0.006024114603380902,-0.30782102790791277,0.10714463745132774,6.931,7.3935,7.691666666666666,4,31,1,7.019649751415783,7.644136919959766,57.14285714285715,-0.44169305818917604,-0.4759060035656222,8.73346504274908,6.053534957250921,0.05042646870690505,0.05095354295732879,0.04777636372445951,913422.0,0.1291078457129541,0.0,0.0,-1,0.0,0,43.771428571428565,-0.04600104927296053,-0.014880952380952328,0.45441577298066804,0.8493936245716419,0.8088624184964316,0.11976047904191622,-0.0483460559796437,1.5489267033389458,0.15641711229946523,0.0
2025-02-03,7.44,7.48,0.11138463026120725,-0.026009268475118325,0.09366092159651107,-0.6257919095126843,-0.005361943141385399,6.909000000000001,7.3545,7.6483333333333325,0,3,2,7.096077069340185,7.6309667960913945,53.75,-0.3798357871710625,-0.4566919602867103,8.637366445032196,6.071633554967804,0.05021000540448557,0.04973729602360003,0.047594045400639204,792024.0,0.13329524726614053,0.0,0.0,-1,0.0,0,37.4,-0.043090262333236214,-0.010695187165775409,-0.33357555939759653,0.8723461478912853,0.7895550969794847,0.10222222222222221,-0.0948905109489051,1.6611730072493411,0.04301075268817208,0.0
2025-02-04,7.45,7.44,-0.0013522652500137608,-0.009278751406548044,-0.008981062093942546,-0.4711476300430556,0.0013431835464675379,6.912999999999999,7.3045,7.615666666666667,1,4,2,7.160426693096515,7.619291518924208,46.570397111913366,-0.32624577953953615,-0.4306027241372755,8.481140623935282,6.127859376064718,0.04902759264554245,0.049195260318245684,0.04723477161322267,867811.0,0.24731425558531978,0.0,0.0,-1,0.0,0,37.142857142857146,-0.04138781523554727,-0.006720430107526977,-0.6635360855068133,0.8185198018800554,0.7809505469109741,0.1270801815431164,-0.11834319526627213,1.776789126026269,0.04226845637583889,0.0
2025-02-05,7.13,7.45,0.01477528558215446,0.014535005295375034,-0.014680445404215687,0.6578897328974774,-0.043902797965263585,6.936,7.221500000000001,7.565666666666667,2,5,2,7.154894567078966,7.587724324154904,39.999999999999986,-0.3060684712294863,-0.40569587355571773,8.1687680941029,6.274231905897102,0.04545083851589648,0.04867175516825673,0.047500440845685776,721488.0,-0.19318712531251245,0.0,0.0,-1,0.0,0,38.62857142857143,-0.05350826074757789,0.00671140939597313,-0.1602311893106381,0.928982756446499,0.7726401602893801,0.09188361408882084,-0.18885096700796355,1.1943842991768179,0.07433380084151477,0.0
2025-02-06,6.59,7.13,-0.03528181414463971,-0.052466638898740564,-0.08522040810870815,0.334868821130448,-0.07875788591178877,6.938,7.1485,7.491333333333333,3,6,2,7.052186463973698,7.5233550129191045,32.758620689655174,-0.3298490020836695,-0.3905264992613081,8.050900891190347,6.246099108809654,0.049661101965159014,0.0480196666630852,0.04889763550219064,516964.0,-1.2378090612550032,0.0,0.0,-1,0.484544,1,39.68571428571429,-0.03158109938965246,0.0154277699859748,0.2254552879707601,1.1332071195653939,0.7622885761844538,-0.019345238095238027,-0.18136645962732934,1.2028465729976967,0.10925644916540223,0.484544
2025-02-07,5.67,6.59,-0.30626996821987185,-0.15507191434657908,-0.29486527419527325,1.9702853601450854,-0.1503642307747551,6.837000000000001,7.047499999999999,7.401333333333333,4,7,2,6.800879834160298,7.403783721763034,26.697892271662752,-0.4181118225297258,-0.3960435639149917,8.129094826365739,5.96590517363426,0.06616044814595458,0.05580461986707905,0.053965370969345956,-950030.0,-2.5471645507560883,0.0,0.0,-1,0.531678,1,38.371428571428574,-0.012921907977899551,-0.1911987860394537,3.8564648927341856,0.9167772313977023,0.885870877060713,-0.24197860962566853,-0.2626788036410924,-0.8939465015051354,0.2372134038800705,0.04713400000000001
2025-02-10,4.82,5.67,0.04941535956335026,-0.07534943724178685,-0.023971966036303125,-1.2382887537743419,-0.16241518967715168,6.644,6.9384999999999994,7.294,0,10,2,6.440719864312971,7.237087997778322,23.408624229979466,-0.5503050656423927,-0.42689586426047194,8.409529356750278,5.467470643249721,0.07790011340245787,0.061461240690739855,0.05943257112048326,-1375282.0,-2.8802960189456432,0.0,0.0,-1,0.0,0,44.71428571428572,0.0004058761371335035,-0.012345679012345729,0.5340271637094337,1.0176591078190316,0.975666948823088,-0.3521505376344086,-0.3114285714285714,0.16352107142793212,0.20954356846473024,-0.531678
2025-02-11,5.01,4.82,-0.11332868530700312,-0.11020314013361424,0.0039583999132486326,-0.08577394661877763,0.03866198703426436,6.484,6.829000000000001,7.180666666666667,1,11,2,6.1805889798924305,7.093404901147463,29.230769230769226,-0.6324472924042563,-0.46800614988922884,8.526650388656439,5.131349611343563,0.08098123250934247,0.06192713062979294,0.05921011953323266,-984985.0,-2.1429618396748955,0.0,0.0,-1,0.0,0,45.4,-0.006037686817167386,0.0373443983402489,0.37828857182338804,1.226997947050308,0.983062722325457,-0.3275167785234899,-0.3041666666666667,0.6782939826357111,0.07808383233532944,0.0
2025-02-12,5.03,5.01,-0.03459144476961909,0.002908387895957002,0.014850932044247468,-0.8542276681761851,0.003984069014874513,6.3340000000000005,6.6985,7.079666666666667,2,12,2,5.9713909835483525,6.9602820042992395,31.839622641509422,-0.688000919725896,-0.5120051038565623,8.529671899717743,4.867328100282258,0.08140873916721693,0.05944746595365211,0.059098285676511084,-818870.0,-1.8223302795954688,0.0,0.0,-1,0.0,0,41.371428571428574,-0.0043567521464182345,-0.035928143712574794,-0.34356593201432284,1.3411965392546115,0.9436992659180561,-0.2945301542776998,-0.34162303664921456,0.26538197891377585,0.0666003976143141,0.0
2025-02-13,5.1,5.03,0.03459144476961908,0.012506175505229764,0.02093866831583219,-0.010694188700781065,0.013820555618632095,6.172000000000001,6.567,6.999,3,13,2,5.812956259266834,6.840263810473482,31.19047619047619,-0.7181013295109304,-0.553224348987436,8.462869193800064,4.671130806199937,0.08047255389477485,0.05950744781167299,0.05843152760530081,-654522.0,-1.5475751225848644,0.0,0.0,-1,0.0,0,46.60000000000001,0.00975215517446724,-0.0059642147117296715,-0.3688056021916529,1.4406563813708972,0.9446514483950491,-0.22610015174506837,-0.34023285899094446,-0.5215523075040605,0.0583921568627452,0.0
2025-02-14,5.21,5.1,0.003992021269537457,0.020814374895271756,0.005620604756522554,-0.3554379177860676,0.021339316034995604,5.945,6.438000000000001,6.910666666666668,4,14,2,5.703327848491045,6.735085500120355,31.839622641509422,-0.7247258519406765,-0.5875246495780841,8.334585297178535,4.5414147028214655,0.06724206182181691,0.05991084432229927,0.05780115215682384,-539336.0,-1.294958894626929,0.0,0.0,-1,0.0,0,43.68571428571429,0.013413357933488438,-0.015686274509803935,-0.5415674300444158,1.2217593380525438,0.9510551694762592,-0.08112874779541446,-0.33119383825417203,-2.075731574447189,0.072936660268714,0.0
2025-02-18,5.06,5.21,0.04860042884963309,-0.011299555253933282,0.0,0.8378499445339295,-0.029213372465901395,5.707,6.308,6.805333333333334,1,18,2,5.5863591487654,6.627015467854526,31.764705882352942,-0.7336228327395871,-0.6167442862103848,8.208333488738534,4.407666511261466,0.06656326963516584,0.05995655395568076,0.056827949461798255,-805576.0,-1.3134536726271546,0.0,0.0,-1,0.0,0,46.8,0.01881007489228362,0.01151631477927056,-0.08628932678192096,0.40124161972999034,0.9517807874109434,0.04979253112033177,-0.33942558746736295,-0.8173891502306501,0.06324110671936765,0.0
2025-02-19,5.1,5.06,-0.0525924501191705,-0.016229473166979404,-0.008097210232619362,-0.611319362263222,0.007874056430905866,5.4719999999999995,6.1925,6.693666666666667,2,19,2,5.497930212626235,6.52849834089617,33.016627078384786,-0.7290421443884245,-0.6392038578459928,8.091617523593833,4.293382476406167,0.06699961863658638,0.060147068309369354,0.05642819435831735,-661105.0,-1.1505343786545517,0.0,0.0,-1,0.0,0,47.62857142857143,0.018727633754990675,-0.011857707509881346,-0.48739795277256825,0.30710944971318865,0.9548051090172328,0.017964071856287456,-0.31174089068825916,-1.584518411249597,0.05392156862745105,0.0
2025-02-20,5.13,5.1,0.0,0.020010196006885254,0.016129381929883717,0.28506740648913814,0.005865119452398058,5.272,6.104,6.571666666666667,3,20,2,5.431033810330556,6.438272641483514,30.370370370370367,-0.7147519510148532,-0.6543134764797649,8.029085370629222,4.178914629370778,0.06812739840432927,0.059050209046758326,0.05560927953001092,-468980.0,-1.0119031756826915,0.0,0.0,-1,0.0,0,44.22857142857144,0.02072400969826832,-0.019607843137254832,-0.3188588071727984,0.3075085473419567,0.937393008024594,0.01988071570576544,-0.25652173913043486,-1.6753776143466201,0.05847953216374266,0.0
2025-02-21,5.17,5.13,0.025667746748577813,0.05505977718302739,0.023716526617316065,0.8690526222413386,0.007767029337659596,5.13,6.034000000000001,6.475666666666666,4,21,2,5.3835731175431825,6.356448600097481,15.315315315315303,-0.6922197259955043,-0.6618947263829128,7.9893155620944025,4.078684437905599,0.06702723334882399,0.05863096710736194,0.054252913523321976,-10829.0,-0.8837448202729411,0.0,0.0,-1,0.0715335,2,36.971428571428575,0.018686376258126764,0.0,0.5930446000587263,0.29812276686873496,0.9307377485597265,0.013725490196078383,-0.21308980213089812,-1.5686195480953684,0.09284332688587998,0.0715335
2025-02-24,5.24,5.17,0.019305618894153474,0.0,0.0,-0.7490172273431421,0.013448809812613002,5.087,5.962,6.394,0,24,2,5.357468914353513,6.284419658155708,17.26190476190476,-0.6610936838749826,-0.6617345178813268,7.923198344729198,4.000801655270801,0.05318100621870251,0.058557833308144555,0.054127246090774246,205799.0,-0.7362845292424444,0.0,0.0,-1,0.0,0,29.542857142857144,0.013348715597099388,0.011605415860735106,-0.20818730940501462,0.2705776385622056,0.9295767854887513,0.0057581573896352545,-0.21556886227544902,-2.0730605031048643,0.0916030534351144,-0.0715335
2025-02-25,4.85,5.24,-0.023211873861218486,-0.03822121282019774,-0.07711730334443129,0.009638208176000538,-0.07734279338355914,5.09,5.866999999999999,6.322333333333333,1,25,2,5.26520183901651,6.191876454403727,15.24064171122994,-0.660284463593948,-0.661444507023851,7.8514140060402084,3.8825859939597898,0.031493523847217104,0.06002705333168742,0.053429730498343944,-12927.0,-1.0249877262551357,0.0,0.0,-1,0.0,0,24.2,0.03435555531986104,-0.02480916030534349,-0.1993234279103906,0.5924678435457255,0.9528999303099366,-0.04150197628458496,-0.28148148148148155,-2.2025900712632405,0.13402061855670094,0.0
2025-02-26,4.57,4.85,-0.04196419909903208,-0.07935648677622031,-0.06088836967501249,-0.3990689035035517,-0.0594655000432784,5.046,5.765,6.234666666666667,2,26,2,5.138801504649871,6.087239263797035,15.405405405405403,-0.6744620321647172,-0.6640480120520242,7.797737329964624,3.7322626700353747,0.03328622157105263,0.060791150019825456,0.05356447434556095,-159680.0,-1.1757544689955544,0.0,0.0,-1,0.0,0,21.25714285714286,0.05065220078708293,0.010309278350515611,-0.44594543241214624,0.6616387025393216,0.9650295891964645,-0.10392156862745083,-0.3086232980332829,-0.6779378737205751,0.11352297592997805,0.0
2025-02-27,4.67,4.57,-0.0353100026127393,-0.024150460232282983,0.0395656002061911,-0.20473184812633194,0.021645866774692508,5.01,5.672,6.135666666666666,3,27,2,5.053564867440803,5.995804472584323,20.552147239263803,-0.6699064288265477,-0.6652196954069289,7.72743797356136,3.6165620264386393,0.03449892019767457,0.06139114099311982,0.052137624629251055,-40096.0,-0.9749746894710538,0.0,0.0,-1,0.0,0,12.757142857142858,0.036216801957130285,0.035010940919037226,-0.5322092532021915,0.710518329670606,0.9745541506217874,-0.08966861598440545,-0.28483920367534465,-0.6296886533513048,0.047109207708779584,0.0
2025-02-28,4.65,4.67,-0.017057982904576625,-0.006585422381262191,-0.06224230887722078,0.6767274887149659,-0.00429185208154092,4.965,5.568499999999999,6.033,4,28,2,4.980189436997021,5.908978377578883,28.389830508474574,-0.6602984042302431,-0.6642354371715917,7.610163666306457,3.526836333693541,0.033753933126386186,0.0605847358692615,0.051936231797951864,-275369.0,-0.8997564242906305,0.0,0.0,-1,0.0,0,20.65714285714285,0.035155551785288924,-0.004282655246252586,-0.13301526797538218,0.6879303013741244,0.9617528661396032,-0.10058027079303666,-0.3080357142857142,-0.4877980094724565,0.1006666666666666,0.0
2025-03-03,4.54,4.65,0.01069528911674795,0.010692204333915612,0.02739649464127623,-0.7333233257021129,-0.02394020754600835,4.898,5.4215,5.924666666666667,0,3,3,4.900154993906653,5.820657191928633,41.358024691358025,-0.6540209102675512,-0.6621925317907837,7.300562196108007,3.5424378038919926,0.03224904648372348,0.052356165111350626,0.051768746404207394,-388373.0,-0.9382339784449923,0.0,0.0,-1,0.0,0,12.342857142857143,0.04019514630257314,0.010752688172042972,-0.5192057203507434,0.6203483297677939,0.8311283549140206,-0.13358778625954204,-0.393048128342246,0.03242040537303055,0.08786343612334807,0.0
2025-03-04,4.59,4.54,-0.04348511193973889,-0.043557974339129904,-0.0010717396698706418,-0.2034630857533783,0.010953012019197145,4.851,5.279,5.822333333333334,1,4,3,4.843763176832716,5.7412599537396884,35.81081081081082,-0.6376608120316245,-0.657286187838952,6.932231604114272,3.6257683958857276,0.03256420199895604,0.052776889818166015,0.05201151102112533,-296173.0,-0.8335190281692388,0.0,0.0,-1,0.0,0,11.042857142857144,0.0313152532713749,-0.008810572687224677,-0.5818479885976707,0.4990998095450226,0.837807152581945,-0.05360824742268033,-0.38306451612903236,-0.842476259630376,0.04263616557734195,0.0
2025-03-05,4.72,4.59,0.021978906718775167,0.03532747520261449,-0.00814243588821512,0.5229556610502802,0.02792877552501027,4.813,5.1425,5.732666666666666,2,5,3,4.821260781044949,5.675372214788741,40.251572327044016,-0.6072059109974184,-0.6472701324706454,6.457128224412211,3.82787177558779,0.034347613723514206,0.05375257595438374,0.05250987114785291,-140631.0,-0.6427672739019527,0.0,0.0,-1,0.0,0,11.514285714285714,0.01674458989287076,0.0021786492374727207,-0.3880544134230028,0.3328646597936974,0.8532956898264586,0.03282275711159732,-0.3664429530201343,-0.6948771971152502,0.08474576271186429,0.0
2025-03-06,5.1,4.72,0.021506205220963682,0.07270498133839182,0.03974032864951412,0.06414385531030757,0.07743174013281609,4.8100000000000005,5.0409999999999995,5.672666666666667,3,6,3,4.871940639036776,5.638251426737855,50.0,-0.5461121177541237,-0.6270385295273411,5.964925264692438,4.117074735307561,0.04419338033109072,0.05802915672192836,0.05414029528026631,25215.0,0.1277159576746512,0.0,0.0,-1,0.0,0,17.2,-0.007353783197998072,-0.00423728813559313,-0.35741790280922414,0.6296840696477758,0.9211843048620875,0.09207708779443258,-0.2847124824684433,1.031167179996887,0.11470588235294117,0.0
2025-03-07,4.88,5.1,0.06586742498762481,-0.030231458779663753,0.028801990903706182,-0.5038016419466971,-0.04409531986522423,4.781000000000001,4.955499999999999,5.6163333333333325,4,7,3,4.873405977393726,5.589331979851542,41.791044776119406,-0.509572967859758,-0.6035454171938245,5.523987374298667,4.387012625701331,0.046125781530534475,0.05667298479336079,0.05402966742098735,-74994.0,-0.2656171567333116,0.0,0.0,-1,0.0,0,17.642857142857146,0.0052172171887140024,-0.015686274509803935,-0.5552202197114927,0.7639008041024014,0.8996557429138675,0.04946236559139772,-0.2594840667678301,0.5667305225718564,0.06045081967213113,0.0
2025-03-10,4.85,4.88,-0.06586742498762474,-0.029133150269941965,-0.03968349109124016,0.12564554752120397,-0.006166514915664015,4.742,4.9145,5.5553333333333335,0,10,3,4.869150345140321,5.541633142441765,44.44444444444444,-0.477531491813064,-0.5783426321176725,5.373811842239241,4.45518815776076,0.04567411557818828,0.04824801103159445,0.053823631404175384,-188619.0,-0.2808549402321082,0.0,0.0,-1,0.0,0,17.071428571428573,0.004985982862586604,-0.03688524590163929,-0.7994859239473835,0.7234647862518416,0.7659134306585991,0.06828193832599116,-0.14462081128747806,0.4384389627040501,0.06907216494845361,0.0
2025-03-11,4.79,4.85,-0.008547060578458408,0.01316474709121085,-0.002190581379818809,0.31147594756277364,-0.012448293526567917,4.736,4.912999999999999,5.49,1,11,3,4.854759373296626,5.493140681639071,41.88481675392671,-0.4517721417273277,-0.5530285340396035,5.373804787986986,4.452195212013013,0.03921922253523858,0.03462837127622531,0.053697657917099725,-343767.0,-0.5338486196609272,0.0,0.0,-1,0.0,0,15.114285714285716,0.008312675867483741,-0.039175257731958665,-0.33187599165577997,0.7483925250640284,0.5497083522246272,0.04357298474945548,-0.006224066390041583,0.8203808199554299,0.08559498956158666,0.0
2025-03-12,5.0,4.79,0.008547060578458348,0.008016074988236125,-0.005718071440957422,-0.3753241313138006,0.0429075010112766,4.779,4.9125,5.436333333333334,2,12,3,4.881166759969966,5.461325153791389,46.889952153110045,-0.40968977750941704,-0.5243607827335662,5.372883135637155,4.452116864362845,0.035768498000997226,0.03490459022034077,0.05453696599201886,-237170.0,0.3801181808230363,0.0,0.0,-1,0.0,0,15.914285714285716,-0.006863779546446355,-0.018789144050104355,-0.7938988164726482,0.7804880897727424,0.5540931920258333,0.05932203389830515,-0.001996007984031878,0.5262824903884167,0.09519999999999999,0.0
2025-03-13,4.59,5.0,0.06187540371808745,0.0,0.007908652820776168,-0.03215398459707105,-0.08555788836164667,4.771,4.8905,5.371666666666667,3,13,3,4.828227349066336,5.405110627740331,38.21138211382113,-0.40475698756650225,-0.5004400237001535,5.368939348848387,4.412060651151614,0.045551529877174965,0.03944974839264082,0.05619630213282753,-340394.0,-1.2561675820490528,0.0,0.0,-1,0.0,0,15.185714285714289,0.014871080953521373,0.0,-0.7831292973022446,0.7405560900540249,0.6262453411859861,-0.09999999999999998,-0.08747514910536791,0.047684487569557205,0.09586056644880164,0.0
2025-03-14,4.57,4.59,-0.06400532997591232,-0.015995512306526613,-0.0043859719432544405,-0.028107770710686476,-0.0043668191663404025,4.763,4.864,5.3,4,14,3,4.781276921963365,5.3512325227248265,36.09958506224065,-0.3978750924537735,-0.47992703745087756,5.352193231803862,4.375806768196138,0.04555217174124708,0.03922837161353155,0.05572162080671896,-440757.0,-1.2044411140796716,0.0,0.0,-1,0.0,0,22.057142857142857,0.012665686705081234,0.021786492374727785,-0.766398415106019,0.7148307209163485,0.6227310937645805,-0.0635245901639343,-0.10392156862745083,-0.7446890317707674,0.08326039387308544,0.0
2025-03-17,4.33,4.57,-0.030305349495329037,-0.03834897072835559,-0.06351340572232586,0.46602388832286223,-0.05394566289171495,4.742,4.82,5.194999999999999,0,17,3,4.699226572515481,5.285346553516773,38.495575221238944,-0.4070944043460374,-0.4653605108299096,5.334791731009679,4.305208268990322,0.048009257150781706,0.04010225255234551,0.050983714307425036,-600700.0,-1.9036824816084217,0.0,0.0,-1,0.0,0,22.571428571428573,0.02408491771726375,-0.00437636761487975,-0.09721622185688639,0.7641627871429629,0.6366035236020687,-0.10721649484536078,-0.16890595009596931,0.12308977746097123,0.1096997690531179,0.0
2025-03-18,4.48,4.33,-0.042655175601915944,-0.042315909293460546,-0.004694844304207618,-0.35190872554937386,0.03405550441249538,4.731,4.7909999999999995,5.096333333333334,1,18,3,4.659367195694484,5.233388711354401,47.88732394366197,-0.3977124475169447,-0.45183089816731664,5.314144339547081,4.267855660452918,0.04937505350125215,0.040908034555202186,0.05180781140467292,-488205.0,-1.188964408060885,0.0,0.0,-1,0.0,0,22.228571428571428,0.014151458856891614,0.00692840646651276,-0.5830153952550042,0.8656227366677538,0.6493949163450106,-0.06471816283924836,-0.11462450592885365,-0.33583157829759847,0.06660714285714285,0.0
2025-03-19,4.37,4.48,0.02938064439321996,0.022091696830834215,-0.0023557136924590365,0.21673880087215777,-0.02486003731939509,4.696,4.7545,4.993666666666667,2,19,3,4.606754978295487,5.177686213847666,42.990654205607484,-0.39460450473042474,-0.44038561947993826,5.288619048429176,4.220380951570824,0.04867401554359427,0.04100180765712183,0.051734871012014384,-627926.0,-1.4397539317528552,0.0,0.0,-1,0.0,0,21.6,0.019302272295822227,0.0022321428571428093,-0.24927391645496613,0.7093427396392243,0.6508835181890895,-0.126,-0.14313725490196072,0.15442702419082396,0.09382151029748287,0.0
2025-03-20,3.57,4.37,-0.04789969216045745,-0.055262678675049415,-0.1875237439812382,0.5158914632437741,-0.20219741331595117,4.543,4.6765,4.875,3,20,3,4.418254073150853,5.073964522631688,31.506849315068493,-0.45149025320559666,-0.44260654622506995,5.401316492202387,3.951683507797613,0.06491271286732495,0.056676649051580374,0.05990638509534081,-861977.0,-3.053186597997656,0.0,0.0,-1,0.0,0,21.685714285714287,0.06028660098078353,-0.020594965675057177,0.8559579423685357,1.316887019040854,0.8997139112097988,-0.2222222222222222,-0.30409356725146197,-1.438798917821551,0.2478991596638656,0.0
2025-03-21,3.75,3.57,-0.17859020918109658,-0.12098702659430799,-0.10015832847054276,1.4806831828994231,0.04919024419077178,4.43,4.6055,4.780333333333333,4,21,3,4.29675333257797,4.988547456655451,36.78929765886288,-0.4765546971310952,-0.44939617640627505,5.401476064173411,3.809523935826589,0.06983914707472137,0.0584067698107784,0.06035310879978451,166899.0,-2.149562125058126,0.0,0.0,-1,0.0,0,22.685714285714287,0.043119952998636,0.0028011204481793364,4.134845143467947,1.4739849553092796,0.9271787268114883,-0.1794310722100657,-0.2746615087040619,-1.1907783976973698,0.19162666666666664,0.0
2025-03-24,3.775,3.75,0.057003218681726114,-0.002208356699552637,0.06689423483003022,-1.5929362711630817,0.006644542718668511,4.3225,4.5322499999999994,4.717166666666667,0,24,3,4.201889090291067,4.910254072355099,36.25632377740304,-0.48876695721937935,-0.45727033256889593,5.351662337561206,3.712837662438793,0.07031113343169136,0.058254965061100485,0.05582247978683238,376098.0,-1.8482758076447352,0.0,0.0,-1,0.0,0,25.4,0.03874249653569311,0.010666666666666677,0.09219185766273519,1.489514703174918,0.9247689011185712,-0.128175519630485,-0.27958015267175573,-1.7496176753891017,0.1298013245033113,0.0
2025-03-25,4.0,3.775,0.40810015574616954,0.38205701721014956,0.1423162221802554,4.154556451156898,0.05789397841890267,4.2435,4.48975,4.689833333333334,1,25,3,4.165181982965418,4.851528003170899,38.23529411764706,-0.474816255496874,-0.46077951715449156,5.32773301075615,3.65176698924385,0.07497301638051876,0.058711437836812826,0.050838281986761824,13707031.0,-1.1688781125958063,0.0,0.0,-1,0.0,0,29.285714285714285,0.027375207635460575,0.5099337748344371,4.238476445501184,1.5594555893616169,0.9320151817874085,-0.1071428571428572,-0.17525773195876282,-1.6146068855972036,0.44500000000000006,0.0
2025-03-26,4.92,4.0,-0.4002157522220207,0.05793783710621908,-0.03109058707003112,-0.9006841686860193,0.20701416938432612,4.2355,4.50725,4.686833333333333,2,26,3,4.302421622426251,4.855945551353422,47.50000000000001,-0.3850848936858302,-0.4456405924607593,5.366634571717118,3.6478654282828815,0.10735969983673811,0.0779460979011156,0.06616159099176981,19123277.0,0.9605711193425144,0.0,0.0,-1,0.0,0,28.88571428571429,-0.007453109500018808,-0.04500000000000004,1.3844266103164593,2.3438147895078267,1.2373559442854734,0.12585812356979398,0.07658643326039383,-0.30599667790495244,0.4552845528455285,0.0
2025-03-27,4.7,4.92,0.1987650255190708,-0.17901576865945512,0.12128566620758557,-1.9611237562049753,-0.045746021788203806,4.2465,4.50875,4.675833333333332,3,27,3,4.374708600166932,4.8458845480402974,47.50000000000001,-0.327943970401555,-0.42210126804891845,5.369434397197428,3.648065602802572,0.10467495766648029,0.07867533200228777,0.06669336870858382,18361210.0,0.44441377262734405,0.0,0.0,-1,0.0,0,28.342857142857145,0.002295601264644691,-0.05284552845528451,-0.12234016624155065,1.6420895299312086,1.248932176760969,0.3165266106442579,0.0064239828693790635,1.3406950652706238,0.16170212765957442,0.0
2025-03-28,5.64,4.7,0.010672459890771759,0.1723712259407865,0.09340117508840079,0.7597718412322496,0.1823215567939546,4.3535,4.55825,4.693833333333333,4,28,3,4.6047615819547625,4.8971178030054405,58.75831485587583,-0.20445243255317358,-0.3785715009497695,5.556085947913043,3.5604140520869576,0.12086204046931846,0.09008465898241481,0.07604375330493114,19990348.0,2.1681920805969397,0.0,0.0,-1,0.0,0,26.371428571428574,-0.02539361704789876,0.0021276595744680396,0.13485426686228344,1.9068616541642573,1.4300496276571832,0.504,0.21290322580645138,0.23307829821239115,0.22872340425531917,0.0
2025-03-31,6.14,5.64,0.18196763713002334,0.02306527293099597,0.07398815909228665,-0.8498031371882248,0.08494067664908363,4.5344999999999995,4.63825,4.724833333333333,0,31,3,4.883895839781169,4.977303751198638,63.63636363636363,-0.06548382104742512,-0.3159539649693006,5.8611080629432895,3.415391937056711,0.1186830754415698,0.09114570041659971,0.07748809528435445,20686803.0,2.4561313295599443,0.0,0.0,-1,0.0,0,21.11428571428572,-0.049731553760841186,0.0017730496453901908,-0.17613158018331065,1.7637551738825494,1.4468931382507146,0.6264900662251656,0.35242290748898664,-0.27228408805682897,0.1739902280130293,0.0
2025-04-01,7.24,6.14,0.08966272631124964,0.1661767267075324,0.1960227707966836,0.4798230907999328,0.16479646423857397,4.810499999999999,4.77075,4.797499999999999,1,1,4,5.312278414366411,5.123284154347114,69.17808219178083,0.13189026285078143,-0.22638511940528422,6.457772525042315,3.0837274749576844,0.12627461195842798,0.09787246896923107,0.08314974510897194,21812127.0,2.927346805802803,31754.0,213042.086,1,0.0,0,19.571428571428573,-0.06696510760577815,0.006514657980456032,-0.054235672033266055,1.7668052981447615,1.5536772785548296,0.81,0.5773420479302833,-1.2191794799235627,0.14917127071823205,0.0
2025-04-02,9.84,7.24,0.13454220843888198,0.3627255674586375,0.12763886312920228,0.9079784869145006,0.30683450466653694,5.3575,5.02675,4.9555,2,2,4,6.135500520845245,5.427588402453752,82.68991282689913,0.4924324623396794,-0.08262160305629149,7.851554185109238,2.201945814890761,0.15420476544582817,0.12280356470177127,0.10415433356941166,24602149.0,3.4078468343913655,2300.0,17235.05,1,0.0,0,22.6,-0.09588687529417435,-0.023480662983425403,0.44309717354835165,2.3619111221617404,1.9494461538786998,1.0,1.0847457627118646,-0.0039806474700280585,0.3465447154471545,0.0
2025-04-03,8.54,9.84,0.20975875801240684,-0.07160115081588375,0.08879176927676855,-1.5433158017028226,-0.14169470326368366,5.8545,5.1987499999999995,5.069166666666666,3,3,4,6.572682244327927,5.628389150682542,71.32116004296455,0.6655930749040335,0.06702133253577351,8.431757195524924,1.965742804475076,0.14455089806390128,0.12854465108011323,0.1080891115314468,24006001.0,2.0669610662326416,0.0,0.0,-1,0.0,0,12.142857142857142,-0.06570123157088537,-0.11382113821138204,-0.2761903048723652,2.8598566241427807,2.0405830747533,0.8170212765957445,0.6745098039215687,-0.6473191527247522,0.23877049180327864,0.0
2025-04-04,10.05,8.54,-0.027908788117076616,0.07829653689886881,0.09803697104581502,0.34491212421315764,0.16281162670460653,6.4845,5.45725,5.231833333333333,4,4,4,7.204921836268303,5.91365436676754,77.0321361058601,0.9141309556891652,0.23644325716645187,9.343668287480556,1.570831712519444,0.1452893011334025,0.13104061834644812,0.11165133067305724,24847682.0,2.3634872318271936,0.0,0.0,-1,0.0,0,5.385714285714286,-0.09802841618785023,-0.007025761124121631,-0.20926243523608695,2.8332948767668293,2.0802053267569787,0.7819148936170215,1.059426229508197,-0.5484482217963413,0.20298507462686574,0.0
2025-04-07,10.07,10.05,0.16287264051956085,-0.012470185576868917,-0.1380929217640776,-0.08733534833887756,0.001988072225386115,7.114,5.718249999999999,5.392833333333333,0,7,4,7.725845138764975,6.181805697943828,76.74641148325358,1.1000323613676688,0.40916107800669527,10.10222713569721,1.334272864302788,0.1456741765276451,0.13088810548270238,0.11172269312834969,25618973.0,1.985297762876181,0.0,0.0,-1,0.0,0,4.0,-0.09156953574470006,-0.006965174129353262,-0.24393650897910338,2.9840907356259305,2.077784260101722,0.6400651465798046,1.0762886597938146,-0.1461753786256225,0.297904667328699,0.0
2025-04-08,7.4,10.07,-0.0356998645133384,-0.06268695449225424,-0.0954596454648676,0.13921426322160196,-0.3080807065203468,7.453999999999999,5.848750000000001,5.477833333333334,1,8,4,7.666600568080434,6.260398878721646,61.64488854727133,1.0201541765133033,0.5313596977080169,10.271597231318204,1.4259027686817989,0.18851387770235808,0.1478057360394387,0.1226219473530313,24732474.0,0.7014712102265668,0.0,0.0,-1,0.0,0,2.9,-0.010704909284893926,-0.04369414101290958,-0.2190776782315453,3.920955129577346,2.3463433194552707,0.022099447513812098,0.5448851774530272,0.2817149872694166,0.4108783783783782,0.0
2025-04-09,8.04,7.4,-0.3033809819948847,-0.14109884097000022,0.001851797070496229,-0.43072799107788373,0.08294908298075074,7.766,6.00075,5.593500000000001,2,9,4,7.7344913738839915,6.375211854287992,67.39299610894942,0.9969999954848028,0.6244877572633741,10.50890900690948,1.492590993090519,0.18108945163824222,0.14829051008499652,0.1222460618504582,25308730.0,0.9046930229721354,0.0,0.0,-1,0.0,0,9.5,-0.03711199311319139,-0.03918918918918919,-0.33001767530210335,2.7839265103755095,2.3540388688548988,-0.18292682926829273,0.6079999999999999,-0.3815155740471323,0.21736318407960192,0.0
2025-04-10,6.83,8.04,0.09901128797916754,-0.062253166110037936,-0.013882017347038355,-0.5577412098436562,-0.16310440960817618,7.979000000000001,6.11275,5.6655,3,10,4,7.570038396814175,6.404553024979089,61.095100864553324,0.8709732155281742,0.6737848489163342,10.584489888631612,1.641010111368387,0.19102887916685848,0.1518647164782734,0.12642769323768144,24978823.0,0.32079236174869913,0.0,0.0,-1,0.0,0,5.614285714285715,-0.004524775263943051,-0.02363184079601984,-0.4158614591486847,2.8305768517941376,2.410777636361065,-0.20023419203747062,0.4880174291938999,-0.3134821642246155,0.19472913616398244,0.0
2025-04-11,6.48,6.83,-0.10606848028916634,-0.07349200224316425,-0.08111489093036017,-0.0864320426789435,-0.05260416321851534,8.063,6.20825,5.7265,4,11,4,7.371849597393416,6.409420571754632,59.52129531854981,0.7343884367527149,0.6859055664836103,10.622474942399897,1.7940250576001011,0.18621979843115463,0.1527955317607496,0.1270317165823782,24676233.0,0.12312467241520206,0.0,0.0,-1,0.0,0,8.385714285714286,0.0007346985844909311,0.03367496339677885,-0.4289403096441363,2.165313766332918,2.425553870884887,-0.35522388059701493,0.41794310722100647,-0.4058099031039387,0.1979012345679012,0.0
2025-04-14,5.39,6.48,-0.08572454114096727,-0.12525080188671078,-0.195035341519336,0.6303270011241418,-0.18417512544327763,7.988000000000001,6.2612499999999995,5.754833333333334,0,14,4,7.011513306958248,6.343651502609172,54.61181154611812,0.532056904244846,0.6551358340358575,10.605419565121329,1.9170804348786703,0.19465093661770333,0.15812076199041666,0.13136238893581847,24107901.0,-0.4011123354830034,0.0,0.0,-1,0.0,0,12.342857142857143,0.0303798350299022,0.0,-0.3486664807513495,2.1172817427134283,2.510089280056062,-0.46474677259185704,0.24480369515011535,0.6552582794554032,0.2771614100185529,0.0
2025-04-15,5.11,5.39,-0.19536927218643016,-0.14151492597081983,-0.02115947960746956,-0.47168998097701714,-0.053345980705292624,7.775,6.29275,5.772166666666666,1,15,4,6.66578361478402,6.264061083086001,50.65835065835066,0.3451355394111051,0.593135775110907,10.591434590723821,1.9940654092761774,0.18497538193116422,0.1589598021923305,0.13191198565191972,23753292.0,-0.5502846161601475,0.0,0.0,-1,0.0,0,13.114285714285716,0.03537081059306292,-0.011131725417439632,-0.424556745290066,1.6120275036125398,2.5234086303415584,-0.3094594594594594,0.140625,0.8015808000603174,0.1448140900195695,0.0
2025-04-16,5.07,5.11,-0.06391332574365277,-0.0696251826050787,-0.012274618512895824,-0.31630191479294634,-0.00785858661252127,7.297999999999999,6.32775,5.783833333333333,2,16,4,6.375641139368744,6.1870248841772275,51.29824561403509,0.19156312491844663,0.512821245072415,10.571567143488695,2.0839328565113053,0.12965026925120524,0.15876597197311637,0.1319210255339532,23494839.0,-0.5927446718244072,0.0,0.0,-1,0.0,0,11.142857142857142,0.0353938412577124,-0.02152641878669282,-0.4590120976206906,1.1054389969306255,2.5203316710019004,-0.36940298507462677,0.160183066361556,-0.33058663523398457,0.08282051282051267,0.0
2025-04-17,5.0,5.07,0.007968169649176881,0.007561472700576488,0.00035044682328165316,0.11222826694992215,-0.013902905168991493,6.944,6.39925,5.7805,3,17,4,6.125524568574426,6.110442633585149,47.608370702541116,0.06347575601487154,0.42295214726090635,10.492965690896824,2.3055343091031766,0.12732727598758323,0.1517735630171248,0.1313200629364233,23205690.0,-0.6836087826575284,0.0,0.0,-1,0.0,0,16.057142857142857,0.020242189301812857,-0.005917159763313658,-0.4498972371384016,1.0256250686464181,2.4093306200250133,-0.2679355783308931,0.400560224089636,-1.6918642775961363,0.09163999999999994,0.0
2025-04-21,4.7,5.0,-0.02817087696669622,-0.054052573961770795,-0.043558397851013245,-0.3090077040691526,-0.06187540371808741,6.409000000000001,6.44675,5.774500000000001,0,21,4,5.866338283379076,6.019446334644172,44.5371775417299,-0.06153259006074929,0.3260551997965752,10.431634961688964,2.461865038311036,0.10090606722873094,0.15290654971466144,0.13157992454993886,22993404.0,-0.8766877923922063,0.0,0.0,-1,0.0,0,12.371428571428572,0.027204944527766554,-0.019999999999999928,-0.45972831070216846,1.0235466330278693,2.427316226267571,-0.27469135802469136,0.2533333333333334,-1.5669830814551742,0.0820425531914894,0.0
2025-04-22,4.97,4.7,-0.016461277054071962,-0.00011927718042877067,0.0014413719190610526,0.4384090021260269,0.05585733139252427,5.898999999999999,6.5065,5.7785,1,22,4,5.703367686401061,5.951740119505838,40.80971659919028,-0.13723391430733756,0.23339737697579266,10.356253375559492,2.6567466244405087,0.1065474847085954,0.15305746671217413,0.13187448598845083,23322498.0,-0.7982329516246989,0.0,0.0,-1,0.0,0,13.600000000000003,0.01879671046784785,0.025531914893617044,-0.42333876309644686,0.7399677202995841,2.4297119593317578,-0.07792207792207795,0.3165562913907285,1.0077695568331186,0.07611670020120731,0.0
2025-04-23,4.71,4.97,0.056466611667770956,0.08533834140015305,0.010329764531150186,-0.13615065958884953,-0.05373193208021099,5.63,6.542,5.775833333333334,2,23,4,5.522755379782686,5.871627853731268,24.37562437562437,-0.21572089012096285,0.14357372355644157,10.306586228748696,2.777413771251304,0.0793515064183182,0.1537580307980941,0.13229880410268377,23035294.0,-0.9732809337768497,0.0,0.0,-1,0.0,0,21.542857142857144,0.00544254137536175,0.026156941649899377,-0.5486354100314104,0.7411151146501367,2.4408330694246034,-0.07827788649706469,0.1775,1.0048117253643774,0.16520169851380048,0.0
2025-04-24,4.31,4.71,-0.0838079572720919,-0.10541933745720228,-0.0936094991223075,0.6192906731764373,-0.08875000391267006,5.257,6.5115,5.752833333333332,3,24,4,5.302254401640379,5.770877669619574,26.783754116355652,-0.3066640091758446,0.05352617700998435,10.340746318588184,2.6822536814118143,0.06611669036792235,0.14699939891427893,0.13317122966809938,22501781.0,-1.1498346237552441,0.0,0.0,-1,0.0,0,24.08571428571429,0.0009376975675294165,-0.004246284501061481,-0.2885110828608059,0.8810465081678498,2.3335431144189616,-0.14990138067061154,-0.12398373983739841,1.208240559139533,0.1508120649651971,0.0
2025-04-25,4.28,4.31,-0.08914584951826243,-0.09384269724602443,-0.028437935320533514,-1.0782773721315393,-0.00698489452195087,5.002000000000001,6.4905,5.742499999999999,4,25,4,5.116389964978492,5.674692013515085,12.188728702490153,-0.37681415647894667,-0.03254188968780186,10.365904087589497,2.615095912410503,0.05909240918970957,0.14659157743179038,0.13221331351181914,22320290.0,-1.1407842640610577,0.0,0.0,-1,0.0,0,34.51428571428572,-0.007277247309339694,-0.004640371229698278,-0.8106684969972509,0.8906148168148337,2.3270691490871154,-0.1439999999999999,-0.08936170212765959,1.067888535278025,0.07672897196261688,0.0
2025-04-28,4.12,4.28,0.002328289759591168,-0.01762160134981956,-0.009661910911736859,-0.32915873669189705,-0.038099846232270404,4.766,6.414499999999999,5.7275,0,28,4,4.93522815316422,5.574389302965725,11.7117117117117,-0.4402444524403064,-0.11408240223830278,10.417643370166171,2.4113566298338265,0.0590656129633161,0.13942689380803147,0.13243890585343138,22189702.0,-1.1463491500704124,0.0,0.0,-1,0.0,0,32.142857142857146,0.004338970484242419,0.004672897196261582,-0.8134695660031523,0.8553557035813493,2.2133333225415766,-0.12340425531914889,-0.2695035460992907,0.8597950564840193,0.07038834951456312,0.0
2025-04-29,4.33,4.12,-0.047628048989254705,0.033096995302752015,-0.02457126073050543,0.9437772894310551,0.04971437865296354,4.66,6.324,5.727500000000001,1,29,4,4.825186670770726,5.494106122129227,21.092278719397342,-0.4681713857155563,-0.18490019893375348,10.433692778887764,2.2143072211122368,0.04663004652727299,0.1383217062439026,0.1322423413600016,22525270.0,-0.9703888379411422,0.0,0.0,-1,0.0,0,32.74285714285714,0.0029896006191215997,-0.004854368932038947,-0.4275949802340014,0.8164643409929855,2.195789013860979,-0.1287726358148893,-0.2947882736156351,0.7426773519458061,0.12434180138568134,0.0
2025-04-30,4.14,4.33,0.031215019347924724,-0.017705844982454845,0.014815085785140682,-0.6258332714219293,-0.04487175417717551,4.563,6.1690000000000005,5.716166666666666,2,30,4,4.7006072760851385,5.406744436830568,9.876543209876544,-0.49987287035325245,-0.2478947332176533,10.366136367121118,1.9718636328788826,0.04609555614521232,0.13120233512903076,0.13247865564368363,22345803.0,-0.9668496910867463,0.0,0.0,-1,0.0,0,32.371428571428574,0.0033213490688754716,-0.023094688221708924,-0.622468484457752,0.801477368634669,2.0827725010942135,-0.12101910828025486,-0.42817679558011057,0.6580387100563606,0.09623188405797094,0.0
2025-05-01,3.83,4.14,-0.04348511193973901,-0.05234685684272653,-0.07373096932173531,0.31890294046447704,-0.07783098464466827,4.439,5.8685,5.698166666666666,3,1,5,4.5423150440696585,5.305018989293112,12.12121212121211,-0.5437430036693591,-0.30706438730799446,9.811901016755398,1.9250989832446024,0.04893860231309758,0.09657756738304665,0.13319067545952717,22098925.0,-1.033879126844301,0.0,0.0,-1,0.0,0,41.25714285714287,-0.0018909591019664986,-0.021739130434782577,-0.7201484126506967,0.7555669323851381,1.5331213531387473,-0.1113689095127609,-0.6107723577235773,0.9334939736261213,0.12010443864229764,0.0
2025-05-02,4.59,3.83,-0.05585207792589308,0.12999573779221477,0.007884403524148835,1.3008809507886379,0.18101522087989907,4.398000000000001,5.671,5.732166666666667,4,2,5,4.550985036056993,5.258888731919363,28.375286041189923,-0.5112909086472852,-0.3479096915758526,9.442973656212095,1.8990263437879058,0.08661233375283381,0.10785621813288358,0.13293149007708277,23005592.0,-0.5731747347809244,234920.0,1074136.0,1,0.0,0,38.28571428571429,-0.0014201359994252649,0.0,1.9217206809917493,1.7599263631389175,1.7121643831892712,0.07242990654205594,-0.4625292740046838,1.408350957501205,0.22222222222222224,0.0
2025-05-05,4.4,4.59,0.16785713630238805,0.12419038023138403,0.08526465165468813,-0.12992482770270775,-0.042275483148238195,4.368,5.3885,5.753833333333334,0,5,5,4.523533211319357,5.2034765556665015,35.73487031700289,-0.49519549620950887,-0.3773668525025839,8.581441392641313,2.195558607358686,0.08550061048804544,0.09685940726493596,0.13318419247385888,22209392.0,-0.6191782926414927,160370.0,749675.9800000001,1,0.0,0,53.057142857142864,0.004575272350990338,-0.013071895424836517,1.5120702870914169,1.7681833667782707,1.5375954225608608,0.06796116504854366,-0.5621890547263682,1.412497676441329,0.30000000000000004,0.0
2025-05-06,4.35,4.4,-0.042847591382629266,-0.1853846373997298,-0.012092045765028633,-0.8068710205441914,-0.011428695823622968,4.306,5.1025,5.773,1,6,5,4.491981718352201,5.148413552075114,38.271604938271594,-0.4809304808100032,-0.39807957816406775,7.439919855085415,2.7650801449145854,0.08277721000677736,0.09663128542135672,0.1332572346884305,21854086.0,-0.6438723435696171,60000.0,260400.0,1,0.0,0,54.65714285714286,0.0035484104088494223,-0.013636363636363748,-0.20508010793881976,1.7499060698392048,1.5339741005604675,0.004618937644341736,-0.5680238331678253,2.0066533440356418,0.1017701149425286,0.0
2025-05-07,4.79,4.35,0.07542376181724188,0.06942475630486132,0.040529981085562244,0.9309663920727826,0.09635456632223119,4.314,4.9719999999999995,5.799333333333333,2,7,5,4.546166860469982,5.125290097102526,46.15384615384615,-0.4291737823538657,-0.4042984190020274,7.045914173730473,2.8980858262695257,0.08818583505998114,0.08501335851336657,0.13397221032371037,22755483.0,-0.17551353118207894,0.0,0.0,-1,0.0,0,54.142857142857146,0.014965320465948704,0.07586206896551727,2.1246655500611733,1.7950041307623452,1.3495452284684621,0.15700483091787443,-0.35270270270270276,0.8289879814011546,0.12526096033402914,0.0
2025-05-08,5.32,4.79,0.03568059501983655,0.11230356989175794,0.09891455135200053,-0.18598413667464153,0.10494289193072916,4.415,4.836,5.812666666666667,3,8,5,4.686863794929985,5.137852026321719,53.90243902439024,-0.3414535908870473,-0.39172945337903137,6.341700047014379,3.3302999529856208,0.08771773057767565,0.08673214217979931,0.12902956434353693,23503901.0,0.6428903299295411,0.0,0.0,-1,0.0,0,57.65714285714286,0.02909503691763028,0.012526096033402842,1.378074106676345,1.550005606705483,1.376830073301867,0.3890339425587468,-0.3383084577114427,0.05551740022186868,0.13815789473684215,0.0
2025-05-09,5.03,5.32,0.09624694802271172,0.01092907053219023,0.04449777025412526,-0.8409596884385546,-0.05605331924190519,4.49,4.7459999999999996,5.823666666666667,4,9,5,4.749252195851805,5.130893831075157,54.03422982885086,-0.2919696392718816,-0.3717774905576014,5.930858863458407,3.5611411365415924,0.09084770202862477,0.08144495944839508,0.12918617329041307,23181111.0,0.47938199014024613,0.0,0.0,-1,0.0,0,60.02857142857143,0.018977382070872753,0.003759398496240521,-0.36562160652748465,1.257570509439929,1.2928986494411623,0.09586056644880192,-0.2635431918008785,0.4484548290233011,0.1153081510934392,0.0
2025-05-12,5.25,5.03,-0.00563381771825602,-0.0057957484570866245,0.01207258123426924,-0.08625068753523096,0.042808092491884435,4.603,4.6845,5.810666666666666,0,12,5,4.840297251151476,5.138578100038051,53.46534653465347,-0.23232301462442262,-0.34388659537096566,5.58363350100624,3.78536649899376,0.08877449365334279,0.0818106986828802,0.1243233881908387,23477227.0,1.257877721978186,0.0,0.0,-1,0.0,0,64.4857142857143,0.025254131542277968,0.05566600397614301,-0.47331204311708247,1.1307025570458507,1.2987045797960428,0.19318181818181812,-0.18981481481481488,-0.31415571906866147,0.09297142857142861,0.0
2025-05-13,4.46,5.25,-0.013270336920896585,-0.036763865961709254,-0.13010868534702053,0.6054331293254932,-0.1630793105715596,4.6160000000000005,4.638,5.754666666666667,1,13,5,4.771152296396662,5.0947988677775315,47.264770240700216,-0.2459637159447956,-0.3243020194857317,5.4777393079184264,3.7982606920815734,0.1044308821216392,0.08005272397274421,0.12641491577673797,22934729.0,-0.42394109295950966,0.0,0.0,-1,0.0,0,68.2,0.0016733661414426414,-0.0019047619047618642,0.542901165958472,1.7657589405850473,1.2707975964310787,0.025287356321839205,-0.1725417439703154,-0.787824215518267,0.20179372197309425,0.0
2025-05-14,4.51,4.46,-0.10028436262596566,-0.10978111016322288,-0.019552089207385895,0.3262047904655973,0.011148387482614201,4.6530000000000005,4.608,5.663666666666667,2,14,5,4.723670060688177,5.057069908566079,52.3696682464455,-0.24985926580041795,-0.30941346874866893,5.419122678760839,3.7968773212391604,0.10284590467049033,0.07940718270676778,0.12169639820801464,23686468.0,-0.24164038946541477,0.0,0.0,-1,0.0,0,70.4,0.0006795075208320252,0.06278026905829602,1.2632378823325752,1.5792078515507526,1.260549946526258,-0.05845511482254706,-0.11741682974559697,-0.504254367689069,0.09645232815964534,0.0
2025-05-15,5.35,4.51,-0.05418443395282223,0.13957847296816764,0.0034782643763250137,0.38746138035258393,0.17079940739332822,4.805000000000001,4.622,5.513999999999999,3,15,5,4.8375482314721445,5.075968624142461,60.63618290258448,-0.1830553887266131,-0.2841418527442578,5.475268637898529,3.7687313621014704,0.11082364511182632,0.08998051065348653,0.10686983860843824,24793957.0,1.7063793690881515,0.0,0.0,-1,0.0,0,69.14285714285714,0.03534967801399511,-0.0044345898004433644,2.1714416217636408,1.977651346912385,1.4283963241903401,0.005639097744360777,0.055226824457593526,0.350434586191004,0.21121495327102804,0.0
2025-05-16,5.62,5.35,0.17337295121794052,0.07916723634578543,0.17027006170714154,-0.48397083328299695,0.04923510299768468,4.9079999999999995,4.6530000000000005,5.416666666666667,4,16,5,4.979812189386299,5.111067422584883,64.59143968871595,-0.107091605962502,-0.24873180338790665,5.60359205927572,3.7024079407242803,0.09613016642822965,0.09036787551140234,0.10512306628146034,25476537.0,2.0345215185929098,0.0,0.0,-1,0.0,0,70.60000000000001,0.05218917553794836,-0.001869158878504633,0.6501434478688588,1.910418618403535,1.4345455506744866,0.11729622266401596,0.12400000000000011,-0.41902078542905064,0.13827402135231315,0.0
2025-05-19,5.95,5.62,0.052883789179495565,0.04734416082351293,0.0730754561835725,-0.20157453881191353,0.05705955565193877,5.063000000000001,4.7155,5.28,0,19,5,5.156209973134245,5.165192104998762,65.39923954372622,-0.020030618258854105,-0.20299156636209617,5.829439901998001,3.6015600980019977,0.09367869097762337,0.0894491299805594,0.10003740617340197,26034507.0,2.2164570957297753,0.0,0.0,-1,0.0,0,69.74285714285715,0.07110699612522095,0.0017793594306049442,0.16938350170305497,1.9210069851201799,1.4199609175179122,0.1333333333333333,0.26595744680851063,-0.5301787932127996,0.11341176470588225,0.0
2025-05-20,4.88,5.95,0.04769000749772674,-0.046327556195125526,-0.1296861994181928,1.226108906766857,-0.1982459996924826,5.116,4.711,5.107,1,20,5,5.105989978018927,5.14679261435368,56.02605863192183,-0.03694829890974205,-0.16978291287162536,5.821332335265889,3.600667664734112,0.11547288312833373,0.09884177460476462,0.10454741148278013,24132977.0,0.3044133627965173,0.0,0.0,-1,0.0,0,69.17142857142858,0.052593939318048726,-0.0075630252100840215,3.138162732225446,2.0990038194621934,1.5690645284910405,0.094170403587444,-0.01810865191146882,-0.7975642667376727,0.21823770491803288,0.0
2025-05-21,4.78,4.88,-0.17641187306872672,0.03902529250972545,-0.08401062455039138,0.5121775149217306,-0.020704673361691166,5.115,4.7145,5.019666666666667,2,21,5,5.046719072924577,5.12312857471796,58.01011804384486,-0.05775903675405836,-0.14737813764811197,5.825260289645247,3.603739710354754,0.11206639690709239,0.09814659902786602,0.09360338930526145,20959473.0,0.11793723742306177,0.0,0.0,-1,0.0,0,66.22857142857143,0.054328350224715244,0.014344262295082027,3.4513179019420055,2.1243835175912724,1.5580289583270432,0.05986696230598687,0.014861995753715496,-0.5484699825469618,0.35355648535564843,0.0
2025-05-22,4.84,4.78,-0.07550755250814517,-0.18951348056866052,-0.03661736323822331,-0.5442357911844138,0.012474174225175598,5.067,4.741,4.913,3,22,5,5.00913378693829,5.104862215058737,52.39005736137667,-0.0686191984639466,-0.1316263498112789,5.83630865633014,3.645691343669859,0.10597464560036375,0.09582443736918576,0.09192788197952313,22801010.0,0.1807709624640459,0.0,0.0,-1,0.0,0,66.8,0.05813747982123203,-0.03974895397489548,1.3965885353739553,1.5406600595642659,1.5211657848092999,-0.09532710280373824,0.12296983758700697,-1.6843419302793727,0.16322314049586778,0.0
2025-05-23,4.875,4.84,0.06126519579260209,-0.019881370553828933,0.08950825718821685,-0.5614504496322019,0.0072053837212701635,5.0515,4.77075,4.847833333333333,4,23,5,4.984745825676782,5.090032394732367,54.67980295566502,-0.0735538642085718,-0.1200118526907375,5.84546550703095,3.69603449296905,0.10450861488383956,0.09574358695621092,0.08820908013176904,23851388.0,0.19400483070725474,0.0,0.0,-1,0.0,0,64.08571428571429,0.047151190710751856,0.008264462809917363,0.28442223177174825,1.451652284936124,1.5198823242925301,-0.13256227758007122,0.139018691588785,-1.6903682014546413,0.05913846153846163,0.0
2025-05-27,4.45,4.875,-0.016529301951210582,-0.008064559836730408,-0.10952069670323111,0.25283420677756,-0.09121600827166156,4.9715,4.787249999999999,4.780166666666667,1,27,5,4.887519311917368,5.048739982168988,50.91743119266056,-0.11048496854742584,-0.11810647586207518,5.829542387505919,3.7449576124940793,0.10686388799732283,0.09769178448457408,0.08906454172973235,22498848.0,-0.6471312734174289,0.0,0.0,-1,0.0,0,65.74285714285715,0.037836993065970194,-0.015384615384615422,0.6223110453790721,1.2856098992778089,1.5508090012818079,-0.25210084033613445,0.08009708737864085,-1.1788897715745332,0.16516853932584277,0.0
2025-05-28,3.94,4.45,-0.08247622182423843,-0.11009505273993837,-0.11983925047708494,0.22623221548737693,-0.12172337286830644,4.9195,4.7677499999999995,4.7318333333333324,2,28,5,4.7152430733869375,4.97720837041615,42.300724637681164,-0.17884426717704116,-0.1302540341250684,5.859481965370019,3.67601803462998,0.10216663592720374,0.10085608887388907,0.08624556835703091,20802943.0,-1.516397845362073,0.0,0.0,-1,0.0,0,64.74285714285715,0.021574423498233703,-0.006741573033707921,0.9923805586265856,0.9106747789968428,1.6010407762016332,-0.19262295081967218,-0.09006928406466519,-0.5355571298597583,0.17637055837563442,0.0
2025-05-29,3.91,3.94,-0.09984533496971613,-0.07628330474963071,0.005320797034492909,-0.35524352680836,-0.007643349312568012,4.8595,4.75625,4.691833333333333,3,29,5,4.56883524186204,4.908356217486076,35.95617529880478,-0.23275717331503643,-0.150754661963062,5.880194534125075,3.632305465874924,0.10195539799380365,0.10034869569353731,0.08582465811225576,19614109.0,-1.5058572274809898,0.0,0.0,-1,0.0,0,64.45714285714287,0.020253484947293825,0.0152284263959391,0.2370619417110237,0.9328180357371126,1.592986159168788,-0.18200836820083688,-0.05555555555555547,-0.6610591305770737,0.08951406649616359,0.0
2025-05-30,3.5,3.91,-0.040821994520255166,-0.033481118623450726,-0.06899287148695143,-0.03860470251530424,-0.11077440550190644,4.6745,4.73975,4.6395,4,30,5,4.374501561523487,4.817494526035361,35.116731517509734,-0.30505067899790994,-0.1816138653700316,5.928754338002866,3.550745661997134,0.07879846230111652,0.10176988380033719,0.08772834048232069,18470295.0,-2.0853582453405846,0.0,0.0,-1,0.0,0,61.91428571428571,0.005814628974171172,-0.01790281329923281,0.11391513151760743,0.9045486797989052,1.615546820949799,-0.27685950413223137,-0.08616187989556134,0.5163014999439647,0.1328571428571428,0.0
2025-06-02,3.29,3.5,-0.06453852113757105,-0.09657200962474691,-0.07103577311675177,0.13958775781184238,-0.06187540371808741,4.4415,4.67475,4.5825000000000005,0,2,6,4.177319459428308,4.718946492097595,30.89668615984405,-0.3749666657409252,-0.22028442544421034,6.028891697475661,3.3206083025243394,0.072415460533548,0.09115587293592155,0.08822705067771887,17155138.0,-2.0452069419048216,0.0,0.0,-1,0.0,0,62.42857142857144,-0.0024894183399717927,0.0285714285714286,0.33392218799533907,0.6816039557288575,1.4470546219887102,-0.32512820512820517,-0.2832244008714596,1.1344834977842482,0.1033434650455928,0.0
2025-06-03,3.45,3.29,-0.08701137698962981,0.04614115599785513,-0.0030721990369701403,0.26383881224966377,0.047486666265987874,4.1915,4.62725,4.5408333333333335,1,3,6,4.04507955771407,4.637078976478396,38.77777777777778,-0.4127074910724504,-0.25876903856985833,6.084679153284051,3.1698208467159494,0.07079096467349855,0.09187484340526701,0.08833881394533082,18867365.0,-1.6155159204099656,0.0,0.0,-1,0.0,0,54.57142857142857,-0.0033049339820820397,0.0030395136778114855,0.8340967892651602,1.0877732950899495,1.458467924360035,-0.2247191011235955,-0.21590909090909094,0.608216681978425,0.15072463768115943,0.0
2025-06-04,3.41,3.45,0.038637792705414134,0.0,0.042174925050712714,-1.114833297021346,-0.011661939747842975,4.0445,4.58025,4.488833333333333,2,4,6,3.9296105472206024,4.557912590899145,37.750556792873056,-0.440764177687492,-0.2951680663933851,6.1328453653225985,3.0276546346774023,0.05487161928120468,0.09187529993677206,0.08751068671546429,18305806.0,-1.5074758383770466,0.0,0.0,-1,0.0,0,54.88571428571429,0.002504321103391763,-0.005797101449275368,-0.8481212039178452,0.9216931871654194,1.458475171573003,-0.13451776649746183,-0.21609195402298842,-0.12948688153381588,0.11143695014662754,0.0
2025-06-05,3.35,3.41,-0.008784829555732915,-0.06297652330080589,-0.04186728007059064,0.2788008482422895,-0.01775194545845034,3.9015,4.50825,4.443499999999999,3,5,6,3.824226811362311,4.479982746325006,23.045822102425888,-0.4625092834093918,-0.3286363097965865,6.15083869823797,2.8656613017620307,0.05495721140295849,0.0882123895089614,0.08714431426839925,17563681.0,-1.4102739185317337,0.0,0.0,-1,0.0,0,57.97142857142858,0.017890298841740673,-0.0029325513196481615,-0.5696225666968425,0.911070706890411,1.40032827117285,-0.14322250639386191,-0.3006263048016702,0.02553901966669372,0.08623880597014923,0.0
2025-06-06,3.59,3.35,-0.014815085785140587,0.08397467014057937,0.02100214160662891,0.2961844802104535,0.0691918566632123,3.7765,4.421749999999999,4.4195,4,6,6,3.781640118387345,4.422564504626618,22.41847826086955,-0.45512998694182594,-0.3539350452256344,6.066554499661106,2.7769455003388925,0.06304132245958448,0.08570798155252408,0.0870451340061671,18561630.0,-1.0113663966402964,0.0,0.0,-1,0.0,0,61.77142857142858,0.023087833404664214,0.0,-0.217909581471047,0.8455470640320503,1.3605720273677422,0.02571428571428558,-0.32518796992481214,0.12920844713093171,0.14763231197771595,0.0
2025-06-09,3.43,3.59,0.07197349962508924,-0.03974032864951411,0.014947961435873366,-0.48233508661265834,-0.04559194132233883,3.632,4.34175,4.391166666666667,0,9,6,3.7177055514078274,4.358528084973289,14.102564102564088,-0.45692535310607774,-0.3745331068017231,6.017343453392795,2.6661565466072057,0.06198102819561857,0.08550091163973302,0.08738274453588979,17945556.0,-1.088271141372461,0.0,0.0,-1,0.0,0,63.42857142857143,0.024470759588613177,0.0027855153203343265,-0.8166715494613206,0.7734337930704106,1.357284894408248,0.042553191489361764,-0.3180914512922465,0.42567169705502345,0.09620991253644316,0.0
2025-06-10,3.36,3.43,-0.0454623740767574,-0.03568319377581196,-0.005952398527295273,0.2765112613369907,-0.020619287202735818,3.5229999999999997,4.24725,4.365833333333333,1,10,6,3.6526681784245856,4.294106918200819,19.72111553784859,-0.45870889807116333,-0.3913682650556112,5.92034821336917,2.5741517866308303,0.058993402330243534,0.08436057254397204,0.08721181245649512,17133249.0,-1.0606071931824224,0.0,0.0,-1,0.0,0,64.0,0.01412478003424164,0.0029154518950436693,-0.5840217356576547,0.7044920299789154,1.3391825724622413,-0.026086956521739202,-0.36,1.7666914984917523,0.06556547619047617,0.0
2025-06-11,3.29,3.36,-0.011696039763191298,-0.04887419425225113,-0.024170360927813068,-0.0917049976061344,-0.021053409197832267,3.4579999999999997,4.188750000000001,4.331166666666666,2,11,6,3.5867285096201154,4.229325826703992,19.959677419354833,-0.4604628561142219,-0.40518718326733333,5.911605264715541,2.4658947352844605,0.05015135041337549,0.07847139298279651,0.08665968833419894,16392121.0,-1.0433261788225636,0.0,0.0,-1,0.0,0,64.2,0.007782049480908515,0.011904761904761916,-0.7204399805831795,0.7133471814726289,1.2456947451917915,-0.035190615835777206,-0.2623318385650224,1.8891060455913993,0.039513677811550116,0.0
2025-06-12,3.18,3.29,-0.038985446712953654,-0.008862687257845317,-0.03738753207162033,0.09795644460117836,-0.03400636798519498,3.3850000000000002,4.12225,4.299166666666666,3,12,6,3.512777871507367,4.161627386271476,17.193675889328063,-0.4653645285854031,-0.41722265233094735,5.894849859855025,2.349650140144975,0.050294932887134707,0.07840704779700879,0.086521100400753,15574720.0,-1.0631276932144893,0.0,0.0,-1,0.0,0,64.6,0.006326265084636455,-0.0060790273556231055,-0.6073433275213304,0.737527223517076,1.24467329703384,-0.05074626865671639,-0.29490022172948993,1.9742892467223738,0.06918238993710697,0.0
2025-06-13,3.14,3.18,-0.031058397019972855,-0.03058158029362321,-0.016000341346441075,-0.2478275619824416,-0.012658396871923465,3.349,4.01175,4.276166666666667,4,13,6,3.4450000766878452,4.0957159419958975,15.77909270216962,-0.4670924539849275,-0.4271966126617434,5.736996816819996,2.2865031831800042,0.04033165482225005,0.06265202681999259,0.08553214841240374,14936743.0,-1.0105800416508803,0.0,0.0,-1,0.0,0,59.54285714285715,0.006710332307031804,-0.003144654088050387,-0.8382197299903669,0.20040359115732667,0.9945700925990957,-0.12534818941504167,-0.41308411214953267,-0.7010135275777583,0.053662420382165565,0.0
2025-06-16,3.13,3.14,-0.006329135051647512,-0.03173586820448302,-0.019544596072970283,-0.10242550128226478,-0.003189795368100261,3.3329999999999997,3.8872499999999994,4.2275,0,16,6,3.3877273354718733,4.033411687673582,18.867924528301884,-0.46392097156022505,-0.4345414844414398,5.477964751629842,2.296535248370157,0.036319299436428136,0.060389152143727795,0.07660703103539812,14360876.0,-0.95208773191312,0.0,0.0,-1,0.0,0,61.114285714285714,0.005895422487439873,0.0031847133757961104,-0.9197049092291888,0.177642224861175,0.9586480707500811,-0.08746355685131202,-0.44306049822064064,-0.050669416053169526,0.0403833865814696,0.0
2025-06-17,3.01,3.13,-0.028987536873252298,0.010211704843942375,-0.009917436657346028,0.30102458484337447,-0.039092925791277544,3.289,3.7402500000000005,4.181166666666667,1,17,6,3.3190496381133507,3.9673851271785128,23.121387283237,-0.46572199277665227,-0.44077758610848233,5.046246191660504,2.4342538083394967,0.03241430071259251,0.05693945892761768,0.07656560824873117,13582740.0,-1.1183034141493584,0.0,0.0,-1,0.0,0,57.42857142857144,0.0006330059287370366,-0.022364217252396117,-0.6334937687907815,0.2302228072586813,0.9038858886543174,-0.10416666666666674,-0.49411764705882355,0.1118779423225497,0.06275747508305658,0.0
2025-06-18,3.01,3.01,0.0,-0.03140488921900593,-0.026937655731808258,0.08817737389859784,0.0,3.249,3.64675,4.136500000000001,2,18,6,3.2628587948200143,3.9056183447798993,23.52941176470587,-0.4618256761481936,-0.4449872041164246,4.874594817042041,2.4189051829579586,0.03267999128172357,0.04536393239863826,0.07658523985908773,13582740.0,-1.0371831866081787,0.0,0.0,-1,0.0,0,54.285714285714285,0.003417101712268057,0.01661129568106321,-0.4525446675877066,0.2776405519836484,0.7201301017124558,-0.08510638297872353,-0.3831967213114754,-0.3626321287509928,0.0564784053156146,0.0
2025-06-20,2.86,3.01,-0.016474837203505097,-3.225858481878542e-05,-0.0418179396833216,0.6328552029192239,-0.05111845392902313,3.1999999999999997,3.55075,4.072166666666667,4,20,6,3.189611741216375,3.8381590967295836,27.77777777777777,-0.4654758477224985,-0.4490849328376394,4.703459736595587,2.3980402634044133,0.03482099219487087,0.045756039529885516,0.07399184844161015,11982460.0,-1.1984803772718384,0.0,0.0,-1,0.0,0,54.51428571428573,-0.0036216780655457825,0.0,1.334200734530155,0.3514957835960097,0.7263546094519071,-0.10062893081761015,-0.40167364016736407,-0.5728313028922258,0.10136363636363631,0.0
2025-06-23,2.8,2.86,-0.0652031938107621,-0.06321677172288065,-0.01433716314640733,-0.42650054188987735,-0.02120220765060305,3.1209999999999996,3.4487500000000004,3.9881666666666664,0,23,6,3.118773242813398,3.7711810904889655,31.00775193798448,-0.4678174254776093,-0.4528314313656334,4.475230317446674,2.4222696825533268,0.01684933810462771,0.04494059809170049,0.07012503357611771,10937814.0,-1.2640281337565997,0.0,0.0,-1,0.0,0,56.60000000000001,-0.00696527218083555,-0.013986013986014,0.08976607233146879,0.3441184324434918,0.7134098779268605,-0.10828025477707015,-0.42148760330578516,-0.2446041979676732,0.050000000000000044,0.0
2025-06-24,3.01,2.8,-0.0071174677688639896,0.0664696450077416,-0.0035804092424893915,-0.0744249497689483,0.07232066157962608,3.0789999999999997,3.3555,3.9208333333333334,1,24,6,3.098996289574598,3.722072633038065,33.5820895522388,-0.4475686054797321,-0.45177886618845314,4.148800235193496,2.562199764806504,0.03432339059037376,0.04986362110722198,0.07181368612433021,11907535.0,-0.8710447436479798,0.0,0.0,-1,0.0,0,57.885714285714286,0.001321336349917486,0.0,-0.10344070602062908,0.7851513951416312,0.7915604455131633,-0.03833865814696491,-0.38256410256410256,1.496752323738635,0.1162458471760797,0.0
2025-06-25,2.93,3.01,0.06899287148695142,-0.0057399145047855515,0.014352506224400366,-0.46664110359472755,-0.026937655731808258,3.036,3.2795,3.8435,2,25,6,3.0682696914701255,3.670971172842061,32.60869565217391,-0.4329854148206569,-0.4480201759148939,3.9047401643833,2.6542598356167,0.03453694839051246,0.047520050802654576,0.0709924623017436,11299418.0,-1.1179704053232924,0.0,0.0,-1,0.0,0,59.25714285714286,0.002065888381635744,-0.003322259136212554,-0.9850048625601663,0.7594362896357657,0.7543574202778758,-0.026578073089700838,-0.3415730337078652,1.4976560534814474,0.09972696245733796,0.0
2025-06-26,3.3,2.93,-0.027028672387919374,0.06503965678607743,0.04196419909903221,0.8145703591553178,0.11892004544345851,3.037,3.2475,3.8048333333333333,3,26,6,3.1104024748391934,3.6470375487877345,48.52071005917159,-0.38710986185618923,-0.435838113103153,3.790508190303796,2.7044918096962043,0.055708453845597146,0.05244137434691873,0.07100122749595,12672671.0,0.1933672491040243,0.0,0.0,-1,0.0,0,63.00000000000001,0.019938696377786277,-0.003412969283276529,1.2306465408499787,1.2048676577052513,0.8324810095943354,0.09634551495016619,-0.1624365482233503,0.7648871518816366,0.11515151515151513,0.0
2025-06-27,3.02,3.3,0.12233885219224423,0.0,0.020339684237122783,0.24194014560656402,-0.08866563708565627,3.021,3.2030000000000003,3.7551666666666663,4,27,6,3.093965661232067,3.6065835133820743,33.52601156069365,-0.36909215099392867,-0.42248892068130817,3.6557855307342173,2.7502144692657833,0.06138773318964731,0.05521719664884412,0.07228044450246811,10923534.0,-0.8083297171764989,0.0,0.0,-1,0.0,0,64.8,0.007135828346023808,0.0,2.0108674256061634,1.3509348238095074,0.8765458225619439,0.05594405594405605,-0.2276214833759591,0.3965573396583176,0.1059602649006622,0.0
2025-06-30,3.0,3.02,-0.07878087785311434,-0.032335380642936465,0.0007715143867589835,-0.7921156731844095,-0.006644542718668613,3.007,3.178,3.676833333333333,0,30,6,3.0768809955535095,3.567449093163876,36.47798742138363,-0.35236497409621537,-0.4084641313642896,3.616735023736187,2.739264976263813,0.06131878338778696,0.05064649655965496,0.061999797780871495,10131375.0,-0.8114237084798221,0.0,0.0,-1,0.0,0,69.22857142857143,0.006727032656974241,0.00993377483443702,-0.4522965205846719,1.3313699085609632,0.8039882080412124,0.0714285714285714,-0.1428571428571429,0.26669016547003205,0.07089999999999996,0.0
2025-07-01,3.02,3.0,-0.023218290102007107,0.01244184012336572,-0.021111198623881767,0.01059681918786969,0.006644542718668511,2.996,3.1645,3.5901666666666667,1,1,7,3.0665389963619623,3.532129796830723,38.96103896103896,-0.3336486392151441,-0.39350103293446054,3.605335331471793,2.723664668528207,0.06139297977553358,0.049110044824475584,0.06085700094282867,10931973.0,-0.6555735880677512,0.0,0.0,-1,0.0,0,67.54285714285714,0.0098200944976806,-0.006666666666666672,-0.3701291670185725,1.2269715775260703,0.7795977928847826,0.0033222591362127574,-0.0820668693009119,1.0561299372408863,0.10430463576158938,0.0
2025-07-02,3.28,3.02,0.00668898815079671,0.07015448403446455,0.02702867238791942,0.4583834490156324,0.0825865910092741,3.0229999999999997,3.1559999999999997,3.501166666666667,2,2,7,3.105350087932514,3.515863358325515,49.71098265895954,-0.29444183964490156,-0.3736891942765488,3.5798867773358363,2.732113222664163,0.06565467827435684,0.0518284099312671,0.06224626822758611,12198131.0,0.5850618921370954,0.0,0.0,-1,0.0,0,63.71428571428572,0.02000662714981476,-0.006622516556291397,1.0371249489518695,1.3136429994348555,0.8227505011562578,0.11945392491467555,-0.049275362318840665,-0.10190650001271478,0.1433231707317073,0.0
2025-07-03,3.4,3.28,0.09833590072086179,0.008579556508039517,0.09531017980432474,-1.046988087181671,0.03593200922606337,3.0620000000000003,3.1555,3.451833333333333,3,3,7,3.1589227992175113,3.5083883029496756,56.32183908045977,-0.2507961495013227,-0.3491105853215036,3.578147046974128,2.732852953025872,0.06602178207960306,0.0524401412976634,0.0549215811108272,12642544.0,1.156993769389648,0.0,0.0,-1,0.0,0,77.62857142857145,0.024638278501936346,0.00914634146341471,-1.3545405036627882,0.9961531337303071,0.8324614355442319,0.030303030303030276,-0.0029325513196482023,-0.47865054448431604,0.05882352941176476,0.0
2025-07-07,3.31,3.4,-0.0030257209165370676,-0.02605067719994255,-0.030771658666753545,0.2242639527428807,-0.026827242233144075,3.107,3.1535,3.402833333333333,0,7,7,3.1863913811779634,3.495589057598084,54.74860335195531,-0.22092221962243475,-0.32347291218168983,3.5726357021804116,2.734364297819589,0.06388371747025111,0.05264403546059566,0.054969856290285404,12086405.0,0.7467748473148992,0.0,0.0,-1,0.0,0,75.08571428571429,0.024023989607691313,-0.02941176470588238,-0.9824604786829542,0.6958832324891947,0.8356981550376106,0.0960264900662251,-0.011940298507462699,0.9346901890990591,0.06344410876132929,0.0
2025-07-08,3.48,3.31,0.009049835519918076,0.04023531219189897,0.03982149418667151,-0.12577444796650997,0.050084104397411344,3.175,3.1479999999999997,3.3575000000000004,1,8,7,3.2397747664183334,3.4945833119465948,58.974358974358985,-0.18143783331136953,-0.29506589640762576,3.5453385140368385,2.750661485963161,0.06325922402728672,0.05138540574811177,0.055983536879673126,12576816.0,1.6711191504039256,0.0,0.0,-1,0.0,0,74.62857142857142,0.03683320596538133,0.006042296072507558,-1.0644485982451068,0.6816699108774934,0.8157180277659161,0.15999999999999992,-0.03064066852367686,-0.131571799066804,0.06321839080459762,0.0
2025-07-09,3.5,3.48,0.05264373348542188,0.010842416441029498,0.026668247082161273,0.06436250531328147,0.0057306747089850745,3.2239999999999993,3.1515,3.311666666666667,2,9,7,3.2870884452513636,3.494932775691976,63.243243243243256,-0.14683966359972134,-0.2654206498460449,3.560363637028743,2.742636362971257,0.06076641757962754,0.05032658759620029,0.05596896640636268,13099829.0,1.7047248443641887,0.0,0.0,-1,0.0,0,75.91428571428571,0.04031336080571903,0.008620689655172358,-0.9509231286948558,0.6837529057343941,0.7989098106843233,0.1589403973509933,0.020408163265306145,-0.11775804909880234,0.04819999999999996,0.0
2025-07-10,3.56,3.5,-0.002853068982406399,0.005917752416435665,0.011628037995119214,-0.1212423201315137,0.016997576368571077,3.287,3.1614999999999998,3.2820000000000005,3,10,7,3.3367087279329337,3.499130661131203,64.39790575916231,-0.11327312421196645,-0.23499114471922922,3.6005072532672027,2.722492746732797,0.058839211892545304,0.05013960710795766,0.05418680926475235,13563124.0,1.8154597539528687,0.0,0.0,-1,0.0,0,76.97142857142856,0.04529471936037518,0.0,-1.0348799319634772,0.47493848918063014,0.7959415874528547,0.08536585365853666,0.059523809523809534,-0.5310005247167237,0.04213483146067413,0.0
2025-07-11,3.52,3.56,0.016997576368571077,0.011019395249610698,0.011494379425735212,0.0542908800413042,-0.011299555253933394,3.309,3.173,3.2680000000000002,4,11,7,3.3700344137633094,3.5004770700904806,68.33333333333334,-0.08887457484307593,-0.20576783074399857,3.6374906661575985,2.7085093338424016,0.04627919292165336,0.049934343111364965,0.05018054700794546,13073981.0,1.4941096787605423,0.0,0.0,-1,0.0,0,75.25714285714285,0.041957805873132796,0.0,-0.9135079987083585,0.4712194746896729,0.7926831225242578,0.03529411764705892,0.06990881458966558,0.6612092050954647,0.04261363636363634,0.0
2025-07-14,3.6,3.52,-0.028491955794306273,0.01630470902494357,-0.011494379425735134,0.35530630958718434,0.022472855852058576,3.367,3.194,3.2576666666666663,0,14,7,3.411846338533617,3.506897904278192,71.978021978022,-0.062364320211118596,-0.1770871286374226,3.696264346419664,2.691735653580336,0.03305684634809166,0.04926112107754878,0.0503802770436285,13771801.0,1.6166785593846213,0.0,0.0,-1,0.0,0,76.11428571428573,0.04449606419250952,-0.01704545454545456,-0.355761842166413,0.3669368544384501,0.7819960540526173,0.08761329305135956,0.13207547169811318,0.5352605378473505,0.06944444444444445,0.0
2025-07-15,3.49,3.6,0.03409421134297614,-0.010840214552864833,0.008633147144702875,-0.479095883480797,-0.031032109247728524,3.4159999999999995,3.2115,3.2573333333333334,1,15,7,3.4260560951638683,3.5058077169054056,63.95348837209305,-0.049658401964300936,-0.15160138330279826,3.7299704224423316,2.6930295775576685,0.03580569098316945,0.049804830429385966,0.04682668945773865,13339611.0,1.0743139355494369,0.0,0.0,-1,0.0,0,73.4857142857143,0.03449359264257964,-0.00555555555555556,-0.9945080910717391,0.3460130518584783,0.7906271724353853,0.00287356321839094,0.11146496815286633,-0.6978462392574547,0.05157593123209161,0.0
2025-07-16,3.44,3.49,-0.008415196925284585,-0.013717636228799195,-0.02318944491891044,0.2824252149635093,-0.014430264829028896,3.4579999999999997,3.2269999999999994,3.2623333333333333,2,16,7,3.4285913505886194,3.5015620577502187,65.0887573964497,-0.04312631898500774,-0.12990637043924017,3.7536817674940792,2.7003182325059196,0.03699669991997493,0.049980251081767256,0.045500750778554935,12766379.0,0.808837568133189,0.0,0.0,-1,0.0,0,72.94285714285715,0.03555283188170389,0.017191977077363783,-0.6371439367866603,0.3569777890422599,0.7934118889615389,-0.017142857142857126,0.09904153354632594,0.1385442999169807,0.06104651162790697,0.0
2025-07-17,3.51,3.44,-0.019915309700941432,0.010989121575595165,0.017442302663342388,0.058366134272567614,0.020144566092467495,3.4810000000000003,3.252,3.264333333333333,3,17,7,3.44339292320887,3.5021064411211724,57.55395683453237,-0.03193307654840982,-0.11031171166107409,3.7827631050519352,2.7212368949480643,0.027266070789211283,0.04895921327426904,0.04479873398165737,13374064.0,0.9721851332328552,0.0,0.0,-1,0.0,0,74.17142857142858,0.04405638901012443,0.011627906976744196,-0.5245853175294211,0.36903763370190346,0.7772034162545294,-0.014044943820224809,0.1661129568106312,0.14204314405036375,0.05413105413105412,0.0
2025-07-18,3.33,3.51,0.02272825107755609,-0.022072414429890056,-0.056311171562715534,-0.06156541572217002,-0.05264373348542191,3.474,3.268,3.261666666666667,4,18,7,3.4227760280799844,3.4910027997585162,62.015503875968996,-0.037158506815481385,-0.09568107069195556,3.787213980835357,2.7487860191646427,0.03066597654222909,0.050755641984038834,0.04577473132840654,12802663.0,0.2388225367130879,0.0,0.0,-1,0.0,0,73.94285714285715,0.03849629801296946,0.014245014245014322,-0.57550165258885,0.5104387141265571,0.8057208379391744,-0.05397727272727271,0.10631229235880402,-0.10589504430272786,0.09012012012012013,0.0
2025-07-21,3.32,3.33,-0.04598511324182338,-0.0197746955056105,0.009104766992919287,-0.2856976967869581,-0.0030075210639553284,3.475,3.2910000000000004,3.2606666666666664,0,21,7,3.404089477519987,3.4799703610644186,62.49999999999999,-0.04162676691856593,-0.08487020993727763,3.773576418818991,2.80842358118101,0.029428873586820378,0.04908430420611653,0.04565652252795275,12373261.0,0.12018821835916137,0.0,0.0,-1,0.0,0,73.28571428571429,0.039757168256486994,0.021021021021020974,-0.8672010351960913,0.4310570629839574,0.7791891732361561,-0.07777777777777783,0.16083916083916083,0.023534698796747525,0.06024096385542161,0.0
2025-07-22,3.31,3.32,-0.020803127629763173,-0.0262971755665723,-0.019832839232918217,-0.22370437197898912,-0.0030165935394255677,3.4579999999999997,3.3165,3.2513333333333336,1,22,7,3.3869822997890804,3.469004531318327,61.417322834645674,-0.045450882191141684,-0.07698634438805044,3.7401321641784033,2.8928678358215967,0.02344129666801326,0.048677133515496594,0.043645852345837635,12029932.0,-0.030686999475623474,0.0,0.0,-1,0.0,0,73.88571428571429,0.03964587142008794,0.003012048192771154,-0.9986831473363755,0.41558508946423234,0.7727255389049474,-0.0515759312320917,0.18214285714285716,-0.9219440051693548,0.052537764350453084,0.0
2025-07-23,3.84,3.31,0.008968669982760316,0.12134832156553742,0.025856953836299094,1.3282414469570782,0.14852417721066385,3.492,3.3579999999999997,3.265,2,23,7,3.4693491543728836,3.492939722846177,68.18181818181819,-0.005649822849813635,-0.06271904008040308,3.8163999632591077,2.8996000367408916,0.05738075722591103,0.05760746676123117,0.051941103034680774,13325793.0,2.1029670097401487,0.0,0.0,-1,0.0,0,76.3714285714286,0.0600738196514827,0.015105740181268828,1.4812104300520756,1.271606612145473,0.9144901842638232,0.11627906976744184,0.275747508305648,1.627135759060728,0.1380208333333333,0.0
2025-07-24,3.86,3.84,0.13092382921744192,0.07484789079643248,0.12410269746756686,-0.20793959636015394,0.00519481687710393,3.522,3.4045,3.2816666666666667,3,24,7,3.5403765808505407,3.5166210310496497,65.97222222222223,0.027193170341822892,-0.04473659799595789,3.8687356479658446,2.9402643520341556,0.05735579629796839,0.05686986037500906,0.05171877921788788,14378364.0,1.9623654581283358,0.0,0.0,-1,0.0,0,75.25714285714287,0.06050465043934418,-0.0026041666666666114,0.7804084443371121,1.2793406964152358,0.9027810458834427,0.09971509971509973,0.31740614334470973,1.7800100457812746,0.10103626943005185,0.0
2025-07-25,3.88,3.86,0.07298836016888044,-0.004915909461291043,0.020998146839773402,-0.46552315315630155,0.005167970158442598,3.558,3.4334999999999996,3.301333333333333,4,25,7,3.6021262934231695,3.5400648354980597,70.80291970802921,0.05421040808066291,-0.024947196780633733,3.9407225713059972,2.926277428694002,0.05692972003643375,0.050530462836147004,0.05147308376143689,15039175.0,1.7605683392612097,0.0,0.0,-1,0.0,0,74.65714285714286,0.0613011907254632,0.06735751295336793,-0.14114808765752598,1.1308566596319318,0.802146229784619,0.1651651651651651,0.17575757575757578,2.217561372016984,0.07463917525773187,0.0
2025-07-28,4.04,3.88,-0.06259865631974455,-0.014502176395810517,-0.026317308317373417,0.7991647030572269,0.0404095383378767,3.6019999999999994,3.4844999999999997,3.33,0,28,7,3.6817396946189564,3.57231871707883,70.58823529411765,0.08752350992071545,-0.0024530554403638972,4.020939529137456,2.9480604708625435,0.05764471643742525,0.045812321717061975,0.05126845376071119,16508609.0,2.071062887155955,0.0,0.0,-1,0.0,0,73.8,0.06619951665841385,-0.0025773195876288113,2.3856038925951406,1.0850583473654238,0.7272480614749772,0.2168674698795181,0.3377483443708609,1.9197573591608605,0.0816831683168317,0.0
2025-07-29,3.95,4.04,0.05284248137437998,0.0007595154166978259,0.028911343494419928,-0.2050981316561969,-0.022529113060028222,3.6479999999999997,3.532,3.3569999999999998,1,29,7,3.730514295597328,3.5966852514608414,65.73426573426573,0.10544661238889619,0.019126878125488123,4.055896333658879,3.0081036663411207,0.057005750625773864,0.0463425783371248,0.05144099291180026,15311656.0,1.5957355421088681,0.0,0.0,-1,0.0,0,70.62857142857143,0.0642530268590711,0.00990099009900991,1.400936515758351,1.142237452921297,0.7356656243613687,0.19335347432024164,0.31666666666666665,1.7204679537896894,0.056481012658227865,0.0
2025-07-30,4.1,3.95,-0.03238140950303983,0.04709650576093731,0.0025873235649509544,-0.27032660065484093,0.037271394797231384,3.714,3.586,3.3893333333333335,2,30,7,3.797693514579631,3.6291571707214327,67.76315789473685,0.13025307030682853,0.041352116561756205,4.1103301491077175,3.0616698508922826,0.05653378494624298,0.046581091665700236,0.051655861846530364,16225087.0,1.9605967761903564,0.0,0.0,-1,0.0,0,68.02857142857142,0.067649156961469,0.0,0.5509952394638634,0.41897222961417335,0.7394519060720777,0.06770833333333326,0.3576158940397349,-0.24130320553009574,0.10000000000000005,0.0
2025-07-31,4.14,4.1,0.037271394797231384,-0.0023391823531723776,0.041751794680221756,-0.588296521371488,0.009708814126960903,3.777,3.629,3.427,3,31,7,3.859931057383334,3.662114772610373,70.39473684210526,0.15139484707664064,0.06336066266473309,4.1876035219518455,3.070396478048155,0.05660593007727738,0.04360017530998245,0.05083482487919566,16732290.0,1.8295623995154504,0.0,0.0,-1,0.0,0,63.71428571428572,0.06842230793272462,0.0,-0.5544006322207838,0.41454671024492146,0.6921313259341924,0.07253886010362698,0.2621951219512195,-0.4113770504360508,0.05676328502415446,0.0
2025-08-01,4.13,4.14,-0.007343974255758394,0.0023391823531724626,-0.008711940602021568,-0.1213495998837808,-0.002418380864281527,3.8569999999999993,3.6654999999999993,3.4643333333333333,4,1,8,3.909034501495455,3.69230091631293,68.27586206896552,0.16543589899513567,0.08377570993081361,4.2556106051546205,3.075389394845378,0.051872721562031286,0.04334052804593566,0.050856198563062005,16283048.0,1.5742811464243793,0.0,0.0,-1,0.0,0,49.8,0.06835215381423888,-0.01690821256038633,-0.7354152962157232,0.4284357631961079,0.6880095533985956,0.06443298969072164,0.21470588235294108,-0.17465137684052312,0.06779661016949158,0.0
2025-08-04,4.09,4.13,0.017052788382719262,-0.014117881545785157,0.008711940602021536,-0.006547940210979363,-0.009732436918231,3.9339999999999997,3.7044999999999995,3.505333333333333,0,4,8,3.941937319405372,3.717958921712096,71.73913043478261,0.17136053056666167,0.10129267405798323,4.298770007745155,3.110229992254844,0.052284555979811256,0.0427430648021617,0.04969334077748967,15836738.0,1.297390058309377,0.0,0.0,-1,0.0,0,56.885714285714286,0.06908641559365096,0.0024213075060532173,-0.7201973336333704,0.36351507186852244,0.6785251184354285,0.012376237623762387,0.2356495468277946,0.9303911614609961,0.04523227383863071,0.0
2025-08-05,4.2,4.09,-0.007272759329079585,0.002366865010266244,0.007407441277861818,0.007222182298323023,0.02653955523461231,4.023000000000001,3.7405,3.552,1,5,8,3.9888578067862133,3.749058346117767,76.38888888888891,0.1828244381447326,0.11759902687533311,4.364020564806812,3.116979435193188,0.05153153952900383,0.04188222656266256,0.049327305491968454,16286283.0,1.4738888368256753,0.0,0.0,-1,0.0,0,55.02857142857143,0.07028396901885944,0.004889975550122362,-0.7009952185726401,0.3153354092033171,0.6648597350308121,0.06329113924050622,0.2068965517241379,0.2781804395925687,0.03928571428571429,0.0
2025-08-06,4.37,4.2,0.0192777054259031,0.037127234028893216,0.021055971720174378,0.06708854315629546,0.039678483818176236,4.076,3.7840000000000003,3.5973333333333333,2,6,8,4.058156387370538,3.789119097981137,77.92207792207795,0.20328391629684273,0.13473600475963504,4.4563532905910295,3.111646709408971,0.022354786394930555,0.042403397615138096,0.04826408220460467,16767022.0,1.743131202599987,0.0,0.0,-1,0.0,0,55.31428571428573,0.07221203049208787,-0.00238095238095233,-0.5968771174107209,0.32829801881743886,0.6731330690030686,0.06585365853658542,0.24857142857142867,0.37811356989093725,0.05457665903890143,0.0
2025-08-07,4.33,4.37,0.039771323426896654,0.0022753138371356054,0.021093554523918107,0.4314432435633778,-0.009195467093100275,4.122999999999999,3.8225000000000002,3.6439999999999997,3,7,8,4.107582498757712,3.82401464004687,85.71428571428572,0.21380591295394558,0.15054998639849715,4.528202337727351,3.1167976622726488,0.02336620073250777,0.0426413736138778,0.04786732330888741,16026935.0,1.4382834599481598,0.0,0.0,-1,0.0,0,54.71428571428572,0.07093222265339635,-0.002288329519450752,0.15346542877123123,0.3654345415084876,0.6769108208670734,0.04589371980676349,0.2162921348314606,0.7343812497653567,0.036951501154734445,0.0
2025-08-08,4.3,4.33,-0.01618532442101742,-0.002275313837135651,-0.03357629553360444,-0.02967580884468656,-0.0069525193148817525,4.165000000000001,3.8615000000000004,3.677333333333333,4,8,8,4.142567498983583,3.8547233729470722,84.50704225352113,0.21721994551487844,0.16388397822177342,4.582851801171104,3.1401481988288964,0.024051032712608993,0.0425357649716789,0.04304388515576025,15308488.0,1.2157729398834274,0.0,0.0,-1,0.0,0,58.37142857142857,0.06907501707670444,-0.009237875288683611,0.051933542001970846,0.37574873474757725,0.6752343356457284,0.041162227602905554,0.22159090909090895,0.7834726250389854,0.06744186046511629,0.0
2025-08-11,4.34,4.3,-0.00936775000360016,0.011302626580895049,0.03593200922606337,0.13781982197436943,0.009259325412796726,4.194999999999999,3.8985,3.7213333333333334,0,11,8,4.178464317350204,3.886031542434358,85.51724137931035,0.220610199566722,0.17522922249076314,4.6390339467681105,3.1579660532318896,0.021515800133222938,0.04244453580471973,0.03916866874574955,16133099.0,1.19238287975001,0.0,0.0,-1,0.0,0,57.62857142857143,0.06592880709807415,-0.011627906976744146,0.36175135951700516,0.34099770511609345,0.6737861175171911,0.06112469437652801,0.2055555555555555,0.39825124840651766,0.043755760368663535,0.0
2025-08-12,4.46,4.34,0.023256862164267183,0.047310057061055455,0.007034026657379982,0.31569104179460916,0.027274417919659306,4.246,3.947,3.7700000000000005,1,12,8,4.22965262328653,3.923061765503109,79.8076923076923,0.2303249547404831,0.18624836894070715,4.701804959122524,3.1921950408774764,0.019570288394699095,0.04148818788851437,0.03908048540407804,17263811.0,1.359291546246259,0.0,0.0,-1,0.0,0,62.25714285714286,0.06798842608394666,0.002304147465437739,1.1807289237421374,0.3430942580662999,0.6586045649983858,0.06190476190476191,0.2779369627507162,0.37753456685623416,0.08408071748878924,0.0
2025-08-13,4.42,4.46,0.02272825107755631,-0.018428705822917054,-0.01649036189941546,-0.43543039617592,-0.009009069942365968,4.2780000000000005,3.996,3.816666666666667,2,13,8,4.264261237234433,3.9551222967609734,76.41509433962264,0.23212056116162927,0.1954228073848916,4.739374949665133,3.2526250503348666,0.018342255991766275,0.041318694735996475,0.03928543126043439,16532256.0,1.1407433091228012,0.0,0.0,-1,0.0,0,63.34285714285714,0.06739691242627348,-0.0022421524663676653,-0.059560055948168954,0.25534463544667096,0.6559139446154416,0.011441647597253857,0.2848837209302326,1.267950205121699,0.08144796380090505,0.0
2025-08-14,4.39,4.42,-0.06738902190497689,-0.026609108727964535,-0.02864876514452917,-0.29108015668445036,-0.006810469002526863,4.303,4.04,3.8536666666666664,3,14,8,4.287122830464536,3.9831789227763945,73.83177570093457,0.22848896435584187,0.20203603877908166,4.766230353480186,3.3137696465198143,0.018873833785950787,0.04152254895834452,0.03695671940049306,15985451.0,0.963881496615382,0.0,0.0,-1,0.0,0,63.25714285714287,0.06694546526998937,-0.058823529411764656,-0.6139069523246048,0.2490876614106102,0.659150030071702,0.013856812933025209,0.2507122507122508,1.2974527712637112,0.0817539863325741,0.0
2025-08-15,4.75,4.39,0.067389021904977,0.06944220872210091,0.08233586667251051,0.4590706900790097,0.07881539095946999,4.365,4.111,3.8986666666666667,4,15,8,4.371282315834621,4.032651250339208,77.9527559055118,0.2517577820794452,0.21198038743915437,4.822466979668109,3.3995330203318908,0.03017117122869098,0.04152502271191806,0.03894387086981353,16850826.0,1.7962885650661857,0.0,0.0,-1,0.0,0,63.54285714285715,0.07232436965862168,0.013667425968109454,0.31533528589546145,0.5924944303618574,0.6591892996922647,0.10465116279069764,0.42642642642642636,1.4694860065777078,0.06901052631578945,0.0
2025-08-18,4.85,4.75,0.06313303952883635,0.07295426705957812,0.05853815880605502,0.2703285539954811,0.020834086902841834,4.441,4.187499999999999,3.95,0,18,8,4.45832189477378,4.085383427736678,85.15624999999997,0.27509651069959684,0.22460361209124288,4.869258561986772,3.505741438013226,0.02897781930765683,0.04121115379459705,0.038290278766570124,17984809.0,1.9435032779620713,0.0,0.0,-1,0.0,0,64.2,0.0740182370365312,-0.002105263157894692,1.0310138779364626,0.5841423523920383,0.6542067850952378,0.11751152073732718,0.46084337349397586,1.2257459560979136,0.08680412371134026,0.0
2025-08-19,4.73,4.85,0.03319806940959583,-0.04606536684324681,-0.05678381185017752,-0.6306162147430143,-0.025053502445550026,4.494,4.2585,3.9916666666666667,1,19,8,4.50771791390582,4.1269715936891505,75.20000000000003,0.28067418684701373,0.23581772704239706,4.844522273692157,3.672477726307842,0.03160966252653127,0.04212286740026663,0.03821537491403615,17381231.0,1.6091538535877679,0.0,0.0,-1,0.0,0,59.88571428571429,0.07258556910149223,0.010309278350515611,-0.664779916251287,0.6699305136561706,0.6686797899003321,0.060538116591928315,0.42900302114803646,1.4824846879846774,0.09513742071881609,0.0
2025-08-20,4.41,4.73,-0.069306331689185,-0.041672696400568074,-0.020432038817205855,-0.010139404656298338,-0.07005051304508708,4.497999999999999,4.287,4.022,2,20,8,4.489951020468398,4.145231490870496,58.82352941176472,0.256318529277646,0.23991788748944687,4.841943335182365,3.7320566648176348,0.03864590048133525,0.03130382626753241,0.04082072382862119,16783742.0,0.4432885024543274,0.0,0.0,-1,0.0,0,55.91428571428572,0.06962665292581348,-0.033424947145877404,-0.6086764187865649,0.8838613207909273,0.4969328363319723,-0.002262443438914019,0.1484375,0.4993526247139432,0.07709750566893421,0.0
2025-08-21,4.6,4.41,-0.03605418396864133,-0.019334651707455724,-0.006904515346544487,-0.2959208108785499,0.04218161403629467,4.525,4.324,4.056666666666667,3,21,8,4.50995992583778,4.174571394685303,63.742690058479525,0.24947214765745507,0.2418287395230485,4.857327192947267,3.790672807052733,0.0405192649836322,0.03229387299842638,0.04128222480235049,17228182.0,1.0350119163239042,0.0,0.0,-1,0.0,0,52.60000000000001,0.07066557383684346,0.0,-1.0223395193059501,0.9268460249914761,0.5126493409496399,0.04783599088838275,0.1917098445595855,-0.27204939295790076,0.06086956521739136,0.0
2025-08-22,4.84,4.6,0.04435316754980265,0.05451694316938095,0.06266031499415865,0.4444991673609407,0.05085841723349116,4.579000000000001,4.372,4.100666666666666,4,22,8,4.569967212049092,4.217502272447542,69.63350785340313,0.26041048516120924,0.24554508865068067,4.909855390465506,3.834144609534494,0.042553436771453394,0.03365910639682919,0.04181092001001534,17921379.0,1.740244713713673,0.0,0.0,-1,0.0,0,55.54285714285715,0.0727890576273411,0.002173913043478408,-0.18346402981866136,0.7975385842755315,0.5343217492720402,0.0189473684210526,0.24742268041237114,-0.7849141396122442,0.05336776859504118,0.0
2025-08-25,4.9,4.84,0.05075084794083443,0.026693112256162117,0.03830255441426669,0.32219967329257543,0.012320484388040657,4.635,4.415,4.144,0,25,8,4.629973173494712,4.26153438390254,68.81720430107526,0.2707990916366727,0.2505958892478791,4.978018182374585,3.851981817625415,0.04253713876966576,0.03293480846022443,0.041757601539334256,18878102.0,1.7228573256887183,0.0,0.0,-1,0.0,0,53.942857142857136,0.07432622697807838,0.0020661157024792947,0.954912857990854,0.7887328833951809,0.5228238759797997,0.01030927835051565,0.21287128712871284,-0.6503256231969775,0.042857142857142844,0.0
2025-08-26,4.78,4.9,0.0082135985373888,-0.020202707317519355,-0.03830255441426664,-0.4580557196613311,-0.02479465861321639,4.667,4.4565,4.187,1,26,8,4.657250778313855,4.294983778489473,61.325966850828735,0.2662796341272866,0.25373263822376063,4.997114659925614,3.915885340074386,0.04372372714375124,0.03305317214625074,0.04156300151495756,18272963.0,1.1967858956858926,0.0,0.0,-1,0.0,0,55.4,0.06648371317736286,-0.00204081632653075,-0.39384949468604774,0.7881742215687417,0.524702841244719,0.010570824524312794,0.21012658227848102,-0.6548206400763379,0.06066945606694561,0.0
2025-08-27,4.92,4.78,-0.020661892063956744,0.004073325387635648,0.023580942588906664,0.02341900422053121,0.02886798400085205,4.717,4.4975000000000005,4.236333333333333,2,27,8,4.705023364074972,4.335307405683701,65.44502617801047,0.2708723140372866,0.2571605733864658,5.04855162619941,3.9464483738005907,0.043766496506683746,0.03272301393339535,0.04139680183451639,18892441.0,1.5334316420186327,0.0,0.0,-1,0.0,0,59.11428571428572,0.06161683212094201,0.002092050209204976,-0.2692005060056581,0.48021644599813035,0.5194617420975937,0.11564625850340127,0.20000000000000018,-1.046393512120409,0.040650406504065074,0.0
2025-08-28,4.7,4.92,0.030834919777007242,0.011759849411940932,-0.022496931642648415,-0.01883060366583984,-0.045746021788203806,4.748,4.5255,4.276,3,28,8,4.704110025152249,4.358835960155721,59.52380952380954,0.2538338460005365,0.25649522790928,5.056615013810482,3.9943849861895173,0.04705968246799457,0.03490871141083637,0.042671971826357326,18284519.0,0.6571081421632219,0.0,0.0,-1,0.0,0,64.42857142857143,0.061950761046938446,0.004065040650406598,-0.3515189433818517,0.6255482746544645,0.5541586138967746,0.021739130434782705,0.13526570048309194,-0.18740162009143593,0.07727659574468083,0.0
2025-08-29,4.64,4.7,-0.039220713153281385,-0.044211653488946526,-0.0097986630487021,-0.6256369573693324,-0.012848142477849137,4.737,4.551,4.3196666666666665,4,29,8,4.692453656942749,4.376975575629546,57.075471698113205,0.23280560071817558,0.2517573024710591,5.050174054656567,4.051825945343433,0.03938075552919044,0.035130712220763284,0.04130265933268814,17959329.0,0.35658904612432885,0.0,0.0,-1,0.0,0,61.54285714285714,0.06097942646403121,0.010638297872340387,-1.592503465501502,0.4661478311260706,0.5576827675003038,-0.04132231404958686,0.12348668280871666,0.11255129727883458,0.04157327586206894,0.0
2025-09-02,4.7,4.64,-0.023430251808385996,0.007759191486634092,0.008714652102443909,0.7125599145019432,0.012848142477849059,4.7219999999999995,4.5815,4.365666666666667,1,2,9,4.693825719316794,4.3978158610728,55.8252427184466,0.21846374927794265,0.24509859183243582,5.034479609161343,4.128520390838657,0.03894213071326494,0.03494848506444481,0.04120665474140228,18622458.0,0.5232023587966526,0.0,0.0,-1,0.0,0,62.45714285714286,0.058509177616441414,0.0,-0.1112880866225899,0.46763798472043694,0.5547900010738568,-0.04081632653061229,0.14914425427872868,0.10455866461711869,0.04042553191489351,0.0
2025-09-03,4.68,4.7,0.01921083626567789,0.006230549750636163,0.008983389428194016,-0.11513660365857332,-0.004264398786457651,4.7170000000000005,4.6055,4.411333333333333,2,3,9,4.691311952168285,4.4160212893906845,56.37254901960783,0.20314219901248443,0.23670731326844555,5.022833641612111,4.188166358387889,0.03817025838679567,0.034734570134323656,0.04122335073620392,18031448.0,0.357028490261244,0.0,0.0,-1,0.0,0,61.371428571428574,0.06065184048528249,0.006382978723404308,-0.49588693315894417,0.4440186575813049,0.5513942068329107,-0.02092050209205032,0.1142857142857141,-0.5204727803344945,0.0381196581196581,0.0
2025-09-04,4.6,4.68,-0.008492620045653588,-0.014598799421152749,-0.07395584418073209,-0.029841375452062734,-0.017241806434506103,4.736,4.616999999999999,4.4366666666666665,3,4,9,4.674709779046778,4.427890883623544,55.02392344497608,0.1824413582174671,0.22585412225824986,5.0194190013303945,4.214580998669604,0.030935123575659727,0.03410645146074154,0.030671760719124336,17457814.0,-0.08448905217595366,0.0,0.0,-1,0.0,0,61.17142857142858,0.06509574865133178,0.002136752136752281,-0.6138207307700633,0.33406424623706193,0.5414231320081065,-0.06504065040650409,0.05263157894736836,-0.5771421938465098,0.09565217391304338,0.0
2025-09-05,4.51,4.6,-0.02810995893189343,-0.020159833944021415,0.02061928720273561,-0.14115657309499335,-0.019759149980462333,4.726999999999999,4.6259999999999994,4.458333333333333,4,5,9,4.644762546492818,4.433188245970412,43.406593406593394,0.15696415978014677,0.21207612976262924,5.0089745078779835,4.243025492122015,0.028538922081275852,0.03438194282144743,0.031038736702198443,16959697.0,-0.6057844457728622,0.0,0.0,-1,0.0,0,58.68571428571429,0.07645153087881476,-0.008695652173913052,-0.9050645679249645,0.20867405096431327,0.5457964217807539,-0.04042553191489373,0.04157043879907607,1.3071940650609464,0.05654101995565408,0.0
2025-09-08,4.32,4.51,-0.013245226750020567,-0.032682647430358536,-0.029921679865049157,-0.1827396182598972,-0.043041751258567906,4.675,4.627,4.473,0,8,9,4.585714810766851,4.42588577848845,36.1256544502618,0.12005793126338382,0.19367249006278017,5.006478867035424,4.247521132964575,0.0240140437650861,0.03576815513014144,0.0322425843779648,16544773.0,-1.6180084145309774,0.0,0.0,-1,0.0,0,58.22857142857144,0.06923460279451153,-0.0022172949002216822,-1.1837861306647643,0.3226081026540423,0.5678018599796003,-0.06896551724137923,0.0046511627906977715,-0.09376755540315258,0.054398148148148015,0.0
2025-09-09,4.27,4.32,-0.052463569535741,-0.04414978461292963,-0.03931417546467225,-0.030904749123381543,-0.011641575015485978,4.612,4.6235,4.480666666666666,1,9,9,4.528312117900151,4.4158286314891955,37.499999999999986,0.08578600941961412,0.172095193934147,5.015218212360506,4.231781787639494,0.022567492482582503,0.03581266516673647,0.03157916615441234,16142476.0,-1.8048688513602593,0.0,0.0,-1,0.0,0,57.942857142857136,0.06870349152527298,-0.011574074074074238,-1.119763765794151,0.22609406941242813,0.5685084349056613,-0.09148936170212774,-0.016129032258064613,-1.288850685824435,0.04800936768149885,0.0
2025-09-10,4.3,4.27,0.0,0.03301381207244328,0.029924435114833156,0.06379532376022341,0.007001195458983561,4.563999999999999,4.6155,4.492333333333334,2,10,9,4.486800823736487,4.408355816554409,46.4516129032258,0.06035033265404355,0.14974622167812632,5.027298366603142,4.203701633396858,0.023047907790895317,0.03526098177496996,0.03124331859046984,16571274.0,-1.5323033095177547,0.0,0.0,-1,0.0,0,57.94285714285714,0.06780869733181111,0.0,-0.9538975655472329,0.27996800539332695,0.5597507325633084,-0.08119658119658113,-0.0358744394618834,-0.23532731684829641,0.05232558139534876,0.0
2025-09-11,4.36,4.3,0.007001195458983561,-0.010129518238855603,0.0,-0.22158051712569488,0.01385703466142628,4.508,4.6125,4.501,3,11,9,4.463746128511671,4.405236086454125,41.54929577464793,0.044520667579547535,0.12870111085841057,5.031112998013006,4.193887001986994,0.020490524464331306,0.03536888301270856,0.0306258146389626,16914849.0,-1.2063648343387305,0.0,0.0,-1,0.0,0,60.34285714285715,0.07638881833811145,0.0,-1.2463812986075826,0.35397098508741603,0.5614636116105828,-0.05217391304347807,-0.013574660633484115,-0.47478310357092546,0.041284403669724704,0.0
2025-09-12,4.37,4.36,0.016147986407982158,-0.0024691090909953876,-0.011862535309819944,0.266955770500396,0.0022909517465557624,4.475,4.6115,4.508666666666667,4,12,9,4.446701377873185,4.402962790553859,30.252100840336183,0.032408871095774394,0.10944266290588335,5.032440050738776,4.190559949261225,0.01723930461796379,0.03533669551203682,0.030595156327068964,17363552.0,-1.1474317997356296,0.0,0.0,-1,0.0,0,61.34285714285714,0.06318363944850455,0.0022935779816513273,-0.6942028628215231,0.35255213585026146,0.5609526508779699,-0.03104212860310418,-0.004555808656036331,-1.373074447771905,0.05013729977116686,0.0
2025-09-15,4.38,4.37,-0.0022909517465558244,0.002469109090995465,0.009501259124140215,-0.22769028030877256,0.002285715280855861,4.449,4.593,4.5169999999999995,0,15,9,4.434573854623515,4.401481320195546,27.192982456140356,0.023347960789732447,0.09222372248265318,5.02077761069357,4.16522238930643,0.01734825332572372,0.029687204191302594,0.03058245418703409,17720886.0,-0.995844544807551,0.0,0.0,-1,0.0,0,64.45714285714287,0.0631987824134893,-0.002288329519450752,-1.0386469843172335,0.14836288257568733,0.4712697564658863,0.01388888888888884,-0.07789473684210524,-0.7678941486028664,0.04337899543378984,0.0
2025-09-16,4.16,4.38,0.0022909517465557624,0.011248712535870667,-0.020299204470928502,0.24703164638150557,-0.05153365011518279,4.395,4.5585,4.519333333333333,1,16,9,4.384651335601058,4.385901880182931,25.000000000000014,-0.0015669741883890254,0.07346558314844473,5.009663408370853,4.1073365916291475,0.020966783608595902,0.03082560034431123,0.0319984042467279,17263420.0,-1.7665439732312533,0.0,0.0,-1,0.0,0,64.37142857142858,0.05305170562228731,-0.0022831050228310015,-0.4938523545122254,0.40903801575447174,0.4893412351518872,-0.025761124121779777,-0.14226804123711334,-2.039204436004409,0.07812500000000004,0.0
2025-09-17,4.13,4.16,-0.0516546748648918,-0.027212563524884815,-0.013357818532547874,-0.2472191636119498,-0.0072376673002306135,4.34,4.5285,4.517,2,17,9,4.338351092764501,4.369392081461451,15.044247787610658,-0.023462527528074872,0.05407996101314081,5.0103942884734485,4.046605711526552,0.020867179430721767,0.030548190229192293,0.031652838706172026,16906153.0,-1.653889699595214,0.0,0.0,-1,0.0,0,63.77142857142858,0.058157971247717856,-0.0024038461538461024,-1.0523318869178042,0.39506280815569056,0.48493748609721615,-0.03953488372093017,-0.12684989429175486,-1.7347087049967786,0.06295399515738494,0.0
2025-09-18,4.29,4.13,-0.002412546405384101,-0.002301496988279163,0.010216581202681749,0.26085143079026835,0.03800932596698418,4.309,4.5225,4.514333333333334,3,18,9,4.329559984989137,4.364270011689745,30.84112149532713,-0.02758625134089865,0.03774671854233292,5.013508628930677,4.031491371069323,0.02620625737437322,0.028499066633949476,0.03157767079683717,17369898.0,-0.9470301998819873,0.0,0.0,-1,0.0,0,66.54285714285714,0.05741389259201402,0.0024213075060532173,-0.3187277491507167,0.504898402175877,0.45240865746533376,-0.016055045871559703,-0.027210884353741527,-0.44730371237359207,0.048484848484848526,0.0
2025-09-19,4.17,4.29,0.03559094510270274,0.008032171697264253,-0.012664562841321659,1.459545083385911,-0.028370697129215576,4.275,4.5009999999999994,4.5089999999999995,4,19,9,4.300549078627475,4.351736462548471,29.20353982300888,-0.040075365423985154,0.022182301749069305,5.014846178089333,3.987153821910666,0.026795166498588326,0.027110343619553917,0.03194772793759383,15373939.0,-1.288323292510524,0.0,0.0,-1,0.0,0,66.22857142857144,0.025388438817638193,0.0,3.8586599522040332,0.5306370744918432,0.430363363049078,-0.04576659038901609,-0.09347826086956512,0.3535452412669724,0.07074340527577937,0.0
2025-09-22,4.15,4.17,-0.03077165866675366,-0.028987536873252298,0.0024479816386400372,-1.602880665793691,-0.004807701568103009,4.258000000000001,4.466500000000001,4.5040000000000004,0,22,9,4.273176518877025,4.338721206900183,24.77064220183489,-0.0509990261395199,0.007546036171351463,4.977155924947889,3.955844075052113,0.023872875971615873,0.023603241827075187,0.031935908641942574,14972121.0,-1.239582210006861,0.0,0.0,-1,0.0,0,66.51428571428572,0.03277214670964149,-0.0023980815347721313,-0.47509918723744876,0.523582867100134,0.3746898480561526,-0.05251141552511407,-0.1425619834710743,0.5676154188149394,0.03855421686746991,0.0
2025-09-23,4.1,4.15,-0.004819286435948995,-0.026223195099102557,-0.01477859409611872,0.04757613243344408,-0.012121360532344963,4.241,4.4265,4.4959999999999996,1,23,9,4.2416898790812025,4.323319838713075,24.107142857142875,-0.06296486828257919,-0.006556144719434668,4.919195058888156,3.9338049411118434,0.023890609839824994,0.023153111372608944,0.03194340035685119,14550724.0,-1.3253634032246993,0.0,0.0,-1,0.0,0,56.771428571428565,0.03369925104336511,-0.00240963855421703,-0.35809930483127744,0.39432679910076596,0.3675442486158276,-0.014423076923077094,-0.16326530612244916,1.462375559833726,0.02682926829268279,0.0
2025-09-24,4.14,4.1,-0.007272759329079585,0.03559094510270274,0.009876623495912099,-0.04765577364980661,0.009708814126960903,4.225,4.3945,4.485333333333333,2,24,9,4.223200810157347,4.31149275234449,28.703703703703724,-0.06843138428317985,-0.018931192632183708,4.873467090398059,3.9155329096019407,0.024043135578572995,0.023183696662750317,0.031546793889576055,14952510.0,-1.0627034930040422,0.0,0.0,-1,0.0,0,54.57142857142857,0.04133438774011022,0.0024390243902440672,-0.3833298468711044,0.4003341427586529,0.3680297750447726,0.002421307506053294,-0.13389121338912147,0.7717774585230475,0.05314009661835743,0.0
2025-09-25,3.99,4.14,0.007272759329079657,-0.01882408524563559,-0.026137144367692447,-0.1743185433321642,-0.03690455693545075,4.188000000000001,4.348,4.471,3,25,9,4.180800662856011,4.290751284451298,27.192982456140385,-0.08390023432031057,-0.03192500096980908,4.791412603386819,3.9045873966131803,0.025199866936694498,0.022416837708083594,0.03214153945859609,14614998.0,-1.6147488694077174,0.0,0.0,-1,0.0,0,50.65714285714286,0.0715572680313405,0.0,-0.5206250325861496,0.29076931703555603,0.3558562665365059,-0.0699300699300699,-0.18902439024390238,0.10296530276043994,0.06140350877192985,0.0
2025-09-26,4.05,3.99,-0.034401426717332324,-0.03136565927821971,-0.03203348848717582,0.9263058328041335,0.014925650216675574,4.156000000000001,4.3155,4.459666666666666,4,26,9,4.157018724154918,4.275218943518957,36.63366336633661,-0.09027725090985328,-0.04359545095781793,4.745357993687466,3.8856420063125343,0.026114318342119237,0.02153634822570593,0.03229734650657641,15467271.0,-1.2352916725937908,0.0,0.0,-1,0.0,0,51.28571428571428,0.0656543675302169,0.0025062656641603475,0.8610621184272302,0.32165389489009816,0.34187892932223024,-0.02877697841726623,-0.13829787234042556,-0.8174451311707336,0.05925925925925932,0.0
2025-09-29,3.95,4.05,0.01242251999855711,0.0012247398958958697,0.02570835671020703,-0.9835750985199453,-0.025001302205417155,4.113,4.281,4.432999999999999,0,29,9,4.11937895612675,4.254237076195153,34.905660377358515,-0.10222189637562185,-0.05532074004137871,4.7119548761336025,3.8500451238663973,0.02640950630693125,0.021861422408829444,0.028339307637716842,15148545.0,-1.536123702646699,0.0,0.0,-1,0.0,0,50.97142857142857,0.09713014366320132,0.0,-0.5939976903345827,0.34821513830280876,0.347039321999384,-0.048192771084337394,-0.1487068965517241,0.002838515607686315,0.03670886075949367,0.0
2025-09-30,3.99,3.95,-0.03517950712117334,-0.019778147791643632,-0.04676176590803933,0.1601432251991242,0.01007565198874164,4.096,4.2455,4.404333333333333,1,30,9,4.09585550955825,4.2371895228922405,35.51401869158879,-0.1072244317533535,-0.06570147838377367,4.64710074439038,3.84389925560962,0.02284090483216766,0.021730129275891366,0.02805188636006685,15522627.0,-1.2724080000789961,0.0,0.0,-1,0.0,0,51.40000000000001,0.11537626400131532,-0.010126582278481022,-0.40308080229899274,0.3732231548775698,0.34495510812775576,-0.02682926829268284,-0.15106382978723398,-0.7069514617850285,0.06140350877192985,0.0
2025-10-01,4.06,3.99,0.012706651269114662,0.030733826452618917,0.046761765908039286,0.4431717068638969,0.01739174271186902,4.089,4.214499999999999,4.382,2,1,10,4.089336326002204,4.225757940770161,36.11111111111105,-0.10433782064755004,-0.07342874683652895,4.567679542830348,3.8613204571696507,0.023768298038426453,0.022458581738405703,0.02814520480233239,16105312.0,-0.8749091114499484,0.0,0.0,-1,0.0,0,52.48571428571428,0.15418988589477514,-0.007518796992481265,0.1664564486369098,0.3962683663891132,0.356518932474229,-0.019323671497584516,-0.13247863247863256,-0.6775821510127057,0.04679802955665024,0.0
2025-10-02,3.96,4.06,0.02985296314968113,0.004324775099879745,-0.006365393867075959,-0.06175655527718528,-0.024938948347252066,4.055999999999999,4.1825,4.367,3,2,10,4.065820630365439,4.208612267172087,32.47863247863245,-0.10886440373391437,-0.08051587821600603,4.503083349865048,3.861916650134952,0.02001217126615901,0.022701619745436125,0.02582714959508062,15557523.0,-1.3880945476030697,0.0,0.0,-1,0.0,0,54.54285714285715,0.2348616220666969,0.004926108374384351,0.0749090703009509,0.34084402258913066,0.3603770412286646,-0.007518796992481258,-0.13913043478260867,-0.5399795440816465,0.05881313131313128,0.0
2025-10-03,4.02,3.96,-0.019802627296179754,-0.013886077518200214,0.020228249775471663,-0.3465098676709495,0.015037877364540502,4.041,4.1579999999999995,4.347666666666667,4,3,10,4.057489606662632,4.196443733806146,35.245901639344225,-0.10638392719207523,-0.08568948801121988,4.44648789083437,3.869512109165629,0.019825544409872102,0.023032492401034742,0.024571855069543628,15944893.0,-0.9567125996233212,0.0,0.0,-1,0.0,0,52.57142857142857,0.20444425681237294,0.01010101010101011,-0.3462262585049394,0.34118930174942125,0.36562948180273735,-0.007407407407407418,-0.10864745011086485,-0.5397764887707156,0.02380597014925371,0.0
2025-10-06,4.12,4.02,0.017348638334613073,0.020757470659203213,-0.007537724131426746,0.9666313047090165,0.024571260730505542,4.037999999999999,4.148000000000001,4.323666666666667,0,6,10,4.0688551327239715,4.191511880012201,48.18181818181817,-0.09525097346622236,-0.08760178510222037,4.426537534086353,3.8694624659136485,0.021734850463370675,0.022281984775448405,0.0228583366585358,16963317.0,-0.20105010329645487,0.0,0.0,-1,0.0,0,53.971428571428575,0.27671793081911483,0.01243781094527381,1.2337461590784649,0.30683511312906897,0.3537155425965832,0.04303797468354431,-0.04629629629629628,-1.8143135228109981,0.05133495145631068,0.0
2025-10-07,4.51,4.12,0.012210163906931337,0.08124836428111885,0.028591133329259173,0.5314187798164718,0.09044399015315181,4.079000000000001,4.159999999999999,4.310666666666666,1,7,10,4.149063290410522,4.212059500656575,63.01369863013699,-0.05433198153324792,-0.08094782438842588,4.478483247514743,3.841516752485256,0.03657174074921012,0.030905643235243276,0.0291091447092426,18696007.0,2.1979178040364453,0.0,0.0,-1,0.0,0,51.85714285714285,0.28450410985445324,0.0,2.4136065671660187,0.6858716479377236,0.49061187665363637,0.13032581453634084,0.0562060889929743,1.0474623427124767,0.09977827050997787,0.0
2025-10-08,4.43,4.51,0.10146946016485965,0.029365894804364537,0.07209263740807599,-0.48600009074777056,-0.017897569457542676,4.108,4.1665,4.299,2,8,10,4.200142692154063,4.22612017803357,55.07246376811594,-0.028035540770567025,-0.0703653676648541,4.50187253441848,3.8311274655815204,0.03762383705573433,0.031237839291272183,0.0289578408487276,17630261.0,1.5713868785164316,0.0,0.0,-1,0.0,0,52.942857142857136,0.19101780505176919,0.011086474501108608,0.8928700075913938,0.7540680234051538,0.4958853255582502,0.09113300492610832,0.03023255813953485,1.2250732491933969,0.06320541760722354,0.0
2025-10-09,4.53,4.43,-0.03118292743668794,0.00672971615312601,0.007950070265460522,-0.45465899121319586,0.022322355437898487,4.162,4.175,4.2860000000000005,3,9,10,4.260116748126052,4.245725327837856,63.235294117647086,0.0008637850779216194,-0.05611953711629896,4.538462877276434,3.811537122723566,0.034511588953811796,0.03147085342745136,0.02873165076882623,18306652.0,1.95343195794933,0.0,0.0,-1,0.0,0,48.62857142857143,0.23335387668699148,-0.0022573363431150763,0.0351249941619474,0.6516203677885193,0.49958431029600603,0.14393939393939403,0.03899082568807333,1.2057351773953653,0.06103752759381907,0.0
2025-10-10,4.44,4.53,0.024582243405336025,-0.0078021023148785755,-0.0333555937008831,0.13078086631898886,-0.020067563050809256,4.201,4.1785,4.277333333333333,4,10,10,4.292822793921315,4.258259177654768,60.139860139860154,0.01631637615491055,-0.04163235446205706,4.5511025115040376,3.8058974884959618,0.03604632697967456,0.031861579490373576,0.02781186236422762,17535757.0,1.403640565622795,0.0,0.0,-1,0.0,0,30.14285714285714,0.17632398107032093,0.0,0.20361237275158814,0.7366732895200575,0.5057868942554674,0.10447761194029881,0.016018306636155666,1.1503491354143556,0.08671171171171166,0.0
2025-10-13,4.61,4.44,-0.006644542718668613,0.012793351459909322,0.02426462199963108,-0.39088508996958604,0.03757348056442371,4.267,4.1899999999999995,4.276333333333333,0,13,10,4.350491376844712,4.280952133935106,66.45161290322585,0.0417984190083347,-0.02494619976797871,4.601006466846499,3.7789935331535,0.03483179021770325,0.03292158480715416,0.028649881473624014,18057235.0,2.0437634630058503,0.0,0.0,-1,0.0,0,29.74285714285714,0.1477391495152255,0.013513513513513424,-0.3529575749802508,0.7473099462900625,0.5226139569951134,0.11893203883495151,0.05251141552511429,0.8373690938806732,0.07375271149674617,0.0
2025-10-14,4.63,4.61,0.011049836186584935,-0.007442883907078536,-0.0002283365690935773,-0.12142692451043612,0.004329011089585479,4.331,4.213500000000001,4.274,1,14,10,4.4013111265093094,4.303471351100583,66.01307189542487,0.0628820888335726,-0.007380542047668449,4.668658734601875,3.758341265398126,0.034989785977001496,0.030439884278681276,0.02856075841514962,18519085.0,1.83013075807195,0.0,0.0,-1,0.0,0,28.285714285714285,0.07181382981722936,-0.013015184381778849,-0.4828290713713866,0.40092585669375197,0.48321818243385245,0.026607538802660757,0.11298076923076916,0.2898698202390339,0.06609071274298058,0.0
2025-10-15,4.85,4.63,0.02173998663640604,0.037700799947582984,0.044878610306832475,0.4498950928711922,0.046421836851249176,4.409999999999999,4.249499999999999,4.2796666666666665,2,15,10,4.482890921689434,4.338731263932804,76.87500000000001,0.09623388611735084,0.013342343585335408,4.783855489794812,3.7151445102051874,0.036436282235913116,0.031645112953456844,0.029837371539085087,19243334.0,2.247567439535756,0.0,0.0,-1,0.0,0,27.41428571428571,0.034065430570320014,0.004319654427645888,0.04707931857812666,0.429104130317232,0.5023505945123731,0.09480812641083514,0.1743341404358354,-0.5840483556850967,0.05876288659793818,0.0
2025-10-16,4.61,4.85,0.04417121831313746,0.008188377379358033,0.004357305368955626,-0.3769155196899856,-0.050750847940834495,4.475,4.2655,4.28,3,16,10,4.506001663200446,4.3562324727113335,65.73033707865171,0.10212223001640997,0.031098320871550324,4.823597331635905,3.7074026683640957,0.04034453855113036,0.03331740311350744,0.03109708482945102,18746518.0,1.2345516829123537,0.0,0.0,-1,0.0,0,23.11428571428572,0.049471923870576896,0.002061855670103232,-0.45762996505792325,0.639901748305525,0.5288973778129787,0.017660044150110465,0.07459207459207473,-0.2987340759879979,0.0661605206073754,0.0
2025-10-17,4.49,4.61,-0.07696104113612844,-0.05986038792367895,-0.04445176257083369,0.7369748624837539,-0.026375155254394208,4.522,4.281499999999999,4.279333333333333,4,17,10,4.503092269891274,4.364862635762216,65.00000000000001,0.0959991691963964,0.04407849053651954,4.846376325542206,3.7166236744577934,0.04248915208298254,0.03322165927246243,0.03126313116314617,17708369.0,0.7382146872587325,0.0,0.0,-1,0.0,0,22.32857142857143,0.05380837124708307,-0.02386117136659443,1.0940902195977231,0.655777999673057,0.5273774914551516,0.011261261261261257,0.0767386091127098,-0.20895917078375809,0.04899777282850774,0.0
2025-10-20,4.76,4.49,0.004434597067865554,0.03195159980660221,0.022472855852058576,-0.5406357863229505,0.05839496648916554,4.586,4.311999999999999,4.294,0,20,10,4.549802766274679,4.390355368938847,68.96551724137932,0.11164635323545902,0.057592063076307445,4.91177539655771,3.7122246034422886,0.045068873847398355,0.03539586351652862,0.03204078926846794,18312964.0,1.4938925556840297,0.0,0.0,-1,0.0,0,29.85714285714286,0.0063293603752976645,0.006681514476614556,-0.18074963854064893,0.7425852785919107,0.5618919138307135,0.03253796095444672,0.1469879518072288,-0.030492477892294208,0.05672268907563017,0.0
2025-10-21,4.64,4.76,0.04752514186284548,0.012500162764231468,0.023065272930996188,-0.6968175175372489,-0.025533302005164762,4.598999999999999,4.339,4.306333333333333,1,21,10,4.566202263315646,4.4064614741686,63.94230769230771,0.11306057032320815,0.06868576452568759,4.947151643139112,3.730848356860889,0.0368484504993716,0.035896548984075405,0.032360457259748274,18011774.0,0.989884688780318,0.0,0.0,-1,0.0,0,28.542857142857148,0.0432295556764488,-0.004201680672268818,-1.0291314609383593,0.7787453247360907,0.5698400492238708,0.002159827213822796,0.13170731707317085,0.4584205265964121,0.04849137931034475,0.0
2025-10-22,4.49,4.64,-0.02564243061333767,-0.04445176257083381,-0.04553812878305471,0.506644778933164,-0.03286166448400088,4.605,4.3565,4.312666666666667,2,22,10,4.552347306349165,4.4118510564803035,62.44131455399063,0.10091432365038244,0.07513147635062656,4.960670592848847,3.7523294071511524,0.038049871757222485,0.03693297696317182,0.032994461470780195,17511885.0,0.44192816260886736,0.0,0.0,-1,0.0,0,26.37142857142857,0.03314483304848021,-0.004310344827586115,-0.4787519557855015,0.6809192262336653,0.586292833330981,-0.07422680412371119,0.08454106280193252,1.9340675210456169,0.04899777282850774,0.0
2025-10-23,4.61,4.49,-0.026317308317373417,0.00647251450561752,-0.006841531816716712,-0.30235442031647286,0.026375155254394194,4.613,4.3875,4.321,3,23,10,4.56282961428568,4.424634859288027,63.47031963470322,0.0998206623124096,0.08006931354298318,4.975909989539304,3.7990900104606964,0.03832113310344226,0.035929892502325936,0.0332360773332415,17881341.0,0.756275399655287,0.0,0.0,-1,0.0,0,27.571428571428573,-0.010924073901096782,0.0022271714922048524,-0.8639060971572435,0.6490310516717552,0.570369361166632,0.0,0.15538847117794496,0.9503795735212723,0.060737527114967514,0.0
2025-10-24,4.51,4.61,0.026317308317373358,0.014941579998198923,0.029314387668775307,-0.04580725227074753,-0.021930703493970232,4.619999999999999,4.4105,4.325666666666667,4,24,10,4.553224229870102,4.430142287721058,58.90410958904109,0.08984903975630676,0.0820252587856479,4.9789873742986845,3.8420126257013156,0.038443117940804475,0.036477654751598636,0.033525612656320605,17528427.0,0.35005174960217306,0.0,0.0,-1,0.0,0,32.45714285714286,-0.00624980949472064,0.0021691973969630773,-0.8299399179273924,0.638436267904879,0.5790648173016215,0.00445434298440972,0.11358024691358026,0.9408404570152025,0.048780487804877995,0.0
2025-10-27,4.81,4.51,-0.02409755157906053,0.01888828452020586,0.00221975673831281,0.2385889203095886,0.06439993060308273,4.64,4.4535,4.340000000000001,0,27,10,4.599910733530082,4.4546492369003445,57.14285714285714,0.10494421821227906,0.08660905067097414,5.005177823600698,3.901822176399303,0.04223513035146299,0.038102347745537925,0.03556113137217493,17976436.0,1.2924209919231164,0.0,0.0,-1,0.0,0,37.34285714285715,-0.03351012205710322,0.0,-0.5843641164814721,0.6758755389322872,0.6048560190143755,0.010504201680672232,0.2177215189873416,1.0382869742406207,0.06237006237006234,0.0
2025-10-28,4.81,4.81,0.05604915138566284,0.014448135747386051,0.02949421875121473,-0.09080236568839353,0.0,4.6579999999999995,4.4945,4.361666666666666,1,28,10,4.638108781979158,4.4775750925841935,59.4059405940594,0.11557497947308626,0.09240223643139657,5.02251415451538,3.96648584548462,0.04226551018940379,0.038175813869598146,0.03408498044803009,17976436.0,1.1950437210895233,0.0,0.0,-1,0.0,0,39.34285714285714,-0.019034917719757505,-0.008316008316008323,-0.7055292157556929,0.6323420570935444,0.6060222575786824,0.03663793103448265,0.20551378446115276,0.7754960849434462,0.04885654885654893,0.0
2025-10-29,4.71,4.81,0.008350779217419889,-0.006166514915664015,-0.001077006027637949,0.3605418616709546,-0.02100917608934332,4.644,4.527,4.381,2,29,10,4.651179912528401,4.492570247901343,54.45544554455446,0.11460962172046418,0.09684371348921009,5.021351249512842,4.032648750487159,0.040021787064268115,0.03873884190284911,0.034347394173136314,17389713.0,0.7403642660166724,0.0,0.0,-1,0.0,0,42.114285714285714,-0.029174767237521337,0.0,-0.18699539193562734,0.5900552261312515,0.6149600505215216,0.04899777282850781,0.16009852216748777,0.9790774819118303,0.04458598726114649,0.0
2025-10-30,4.66,4.71,-0.027398974188114388,-0.008281620831721986,-0.0064865092296066615,-0.6406227172104869,-0.010672459890771872,4.649,4.561999999999999,4.393333333333333,3,30,10,4.652783564795964,4.503372167391579,55.55555555555556,0.10855859075507102,0.09918668894238228,4.980649457686527,4.143350542313472,0.036667912439431315,0.038238181003812044,0.03385147394615099,17080531.0,0.46817211010639975,0.0,0.0,-1,0.0,0,37.05714285714286,-0.04246267144989834,-0.00636942675159241,-0.9418800854600377,0.5834929926494868,0.6070123051413651,0.010845986984815648,0.1767676767676769,1.9325230934112763,0.042918454935622165,0.0
2025-10-31,4.75,4.66,-0.0064308903302902915,-0.0020811662038245117,0.004329011089585479,0.0651777055899078,0.01912916990899539,4.675,4.5985,4.4126666666666665,4,31,10,4.670459280287607,4.519283640463091,53.68421052631578,0.10976010677073145,0.10130137250805213,4.937990330069498,4.259009669930501,0.03565120713636587,0.038285565565636476,0.03344337702531649,17410536.0,0.8925143757054054,0.0,0.0,-1,0.0,0,34.45714285714286,-0.004683283605723774,-0.00214592274678107,-0.8682285739738801,0.5470508351766284,0.6077645117407924,0.053215077605321515,0.18159203980099514,1.3213345784660484,0.03578947368421051,0.0
2025-11-03,4.56,4.75,0.01282068842906125,-0.010471299867295366,-0.05436724227399638,0.9387247323412042,-0.040821994520255166,4.655,4.6205,4.426333333333333,0,3,11,4.650375774780769,4.521910502368698,48.30917874396135,0.0942939428881786,0.09989988658407743,4.87608807319213,4.36491192680787,0.032767085530189935,0.03960072683227764,0.03439858293010964,16566806.0,-0.47341802177538395,0.0,0.0,-1,0.0,0,32.6,0.005588240640915728,-0.008421052631578954,0.6288481785286553,0.35275694668056656,0.6286420496136557,-0.05197505197505203,0.10679611650485432,0.01563392119885842,0.08004385964912286,0.0
2025-11-04,4.55,4.56,-0.05903353158419286,-0.02127739844728485,0.005685063634608259,-0.06760248279383815,-0.002195390563435615,4.646,4.6225000000000005,4.441333333333334,1,4,11,4.632125633911538,4.523722728022331,41.935483870967744,0.08030428237748044,0.09598076574275803,4.875055361310124,4.369944638689877,0.03189340647326871,0.033637293839695125,0.0342898218385371,15778229.0,-0.5741315458433284,0.0,0.0,-1,0.0,0,20.94285714285714,0.006041656112565615,-0.026315789473684043,0.9035768083739872,0.34900007688633555,0.5339754856622295,-0.05405405405405406,0.008869179600886845,0.09338923041251028,0.052747252747252796,0.0
2025-11-05,4.57,4.55,0.028858828461979978,0.01282068842906125,0.024637304385385077,-1.2673094598715788,0.004385971943254489,4.654,4.6295,4.455666666666667,2,5,11,4.620830064109439,4.526708358472503,48.78048780487804,0.07002401522662094,0.09078941563953062,4.866895960592076,4.392104039407925,0.030008710497040403,0.03335217916603121,0.03427294508278416,16000283.0,-0.5012722192206169,0.0,0.0,-1,0.0,0,23.057142857142857,0.008386341597002118,0.004395604395604497,-1.4758842816611402,0.3496419442351847,0.5294494305323293,-0.02972399150743088,0.031602708803611934,-0.8989341789406685,0.041575492341356754,0.0
2025-11-06,4.72,4.57,-0.0065861928528567265,0.028259337314403058,-0.0022148403295527874,1.3684924870677881,0.032295594691350626,4.665,4.639,4.48,3,6,11,4.638860961544086,4.539178786958149,56.88622754491017,0.07313749235655465,0.08725903098293544,4.874832232965374,4.403167767034627,0.03061884655321929,0.03375989774183645,0.03380339565437953,16872827.0,0.6869290001752429,0.0,0.0,-1,0.0,0,24.342857142857145,-0.004504608293381834,-0.006564551422319529,1.4454719223168684,0.43715092128981947,0.5359217622712218,0.012875536480686511,0.04194260485651213,-0.9492375722314932,0.07097457627118643,0.0
2025-11-07,4.72,4.72,0.03037109787629877,-0.001032524614189153,-0.02469261259037141,0.46871174274861427,0.0,4.686,4.6530000000000005,4.5023333333333335,4,7,11,4.653613513990615,4.550844671670527,48.57142857142856,0.07474335059389325,0.08475589490512701,4.871713944397369,4.434286055602632,0.029438438384817384,0.033354104790789534,0.03377867317231119,16872827.0,0.6126724126768147,0.0,0.0,-1,0.0,0,20.428571428571427,-0.0030050321728473245,-0.00847457627118645,2.8033733785067554,0.41216551893136016,0.5294799988777029,-0.006315789473684275,0.06306306306306286,-0.48827534224105895,0.09322033898305075,0.0
2025-11-10,5.05,4.72,0.014846508116994638,0.05232581900173969,0.04118556478421265,-0.1504388993055787,0.06757944368980437,4.71,4.675,4.539000000000001,0,10,11,4.72568378417414,4.583048241240171,62.7329192546584,0.10147451188418533,0.08809961830093868,4.955338141686752,4.394661858313247,0.030236540460607926,0.03574969261943562,0.03523257583174194,18072358.0,2.6753405565413377,0.0,0.0,-1,0.0,0,29.942857142857143,-0.0272019755482361,0.006355932203389884,1.8239974535054577,0.4884539487932441,0.5675087767081675,0.10745614035087714,0.0954446854663773,1.3231778956056497,0.10198019801980192,0.0
2025-11-11,5.3,5.05,0.06716664354384072,0.057065816960397385,0.09659813757884031,-0.13783051152546477,0.04831857727080773,4.7589999999999995,4.7085,4.582666666666666,1,11,11,4.830104914324296,4.629303193418225,73.68421052631578,0.1412043446684974,0.09872056357445043,5.103056379801767,4.313943620198232,0.03318408580826494,0.03709585792128303,0.03600828582623009,19117445.0,2.998304071510293,0.0,0.0,-1,0.0,0,30.457142857142856,-0.020928577054250237,0.00594059405940599,1.20893061534759,0.4714761930992618,0.5888784883818022,0.16483516483516492,0.14470842332613398,0.20970226765013614,0.06594339622641508,0.0
2025-11-12,5.24,5.3,0.06108769197983828,0.0019427361677127812,-0.019980464890525584,-0.15081490111367316,-0.011385322225125241,4.811999999999999,4.728,4.622,2,12,11,4.90463129353806,4.668702987391242,69.0909090909091,0.16593621542921433,0.11216369394540321,5.185526530723586,4.270473469276413,0.03232435945382129,0.03606790396683196,0.036188353859387574,18218663.0,2.238121575989325,0.0,0.0,-1,0.0,0,34.57142857142858,-0.019213015587018663,0.018867924528301987,0.7342339912153579,0.5367228436696169,0.5725602252455845,0.14660831509846828,0.08041237113402078,-0.017022116579256136,0.08776717557251912,0.0
2025-11-13,5.28,5.24,-0.0454623740767574,-0.00928511777567954,0.03276962100684691,0.49650228669631313,0.0076045993852192125,4.8740000000000006,4.7615,4.6659999999999995,3,13,11,4.972880149258412,4.708141504333743,74.21383647798746,0.18661290943913045,0.12705353704414865,5.2770793879349025,4.245920612065097,0.03146058628900191,0.0337570663145136,0.03562451194563261,19695330.0,2.011329436876038,276179.0,1449939.75,1,0.0,0,24.542857142857144,-0.049270648342834567,-0.015267175572519097,2.030622532607935,0.5525655354459005,0.5358768147559121,0.1186440677966103,0.14533622559652937,0.6276347119806144,0.04640151515151517,0.0
2025-11-14,5.52,5.28,-0.08279196144692155,0.05051220583520563,-0.10612109590854063,0.15353859329134026,0.044451762570833796,4.951,4.813000000000001,4.716,4,14,11,5.072356485756882,4.760519471796083,73.20261437908499,0.21983125478092624,0.14560908059150418,5.413213996925625,4.212786003074376,0.03308682968274808,0.033822286432088226,0.03619373568387434,21417054.0,2.3558264339763677,0.0,0.0,-1,0.0,0,22.057142857142853,-0.0749457023868322,-0.10037878787878791,2.242043692646206,0.5262071532756368,0.5369121520253972,0.1694915254237288,0.2293986636971046,-0.41861749366769263,0.18798913043478263,0.0
2025-11-17,5.575,5.52,0.1502332422424541,0.016239349808731898,0.16772275737280218,-0.371401754969726,0.009914457057178612,5.0525,4.85375,4.7645,0,17,11,5.163746215619267,4.8130666026479485,74.13249211356471,0.24773928882614094,0.16603512223843153,5.542890387500531,4.1646096124994685,0.02695940549881538,0.03177836177250285,0.0361023900941939,22604642.0,2.093187434902572,600914.0,3360536.14,1,0.0,0,11.642857142857142,-0.0880700349123246,0.0,0.9420705636598886,0.4164460267944312,0.5044658539385057,0.10396039603960405,0.17121848739495804,0.15022049274873128,0.05201793721973095,0.0
2025-11-18,6.41,5.575,0.07501335926853446,0.11758910566450254,0.049490199199769755,0.21311828931162094,0.13956695358639618,5.2385,4.94225,4.827833333333333,1,18,11,5.3903378127794,4.916094563767436,86.63793103448278,0.3333910045159678,0.1995062986939388,5.912917025134974,3.971582974865025,0.047601735611941164,0.04383710942267771,0.04151614814795109,24074319.0,3.024209047991312,454774.0,2800679.7800000003,1,0.0,0,8.9,-0.13070847711794537,0.06726457399103139,1.399179650699831,1.0246008170977736,0.6958925383699889,0.209433962264151,0.38146551724137945,1.7228670818787304,0.11372854914196569,0.0
2025-11-19,6.57,6.41,0.06820825002653357,0.056554835464219945,0.08290773880769477,0.1003193102354915,0.02465456156394058,5.4384999999999994,5.04625,4.899166666666667,2,19,11,5.604821846819508,5.022798140298569,89.30041152263375,0.40946125464884187,0.24149728988491942,6.2342730150172585,3.8582269849827413,0.04652559988808366,0.04227761801796222,0.04117115494589169,25699082.0,2.5651859951178895,709272.0,4652824.32,1,0.0,0,7.857142857142857,-0.13557682559285944,-0.006240249609984405,1.5254124793548183,0.9381689599123089,0.671136379798269,0.2538167938931297,0.46325167037861914,1.8968864677951935,0.09283105022831058,0.0
2025-11-20,6.92,6.57,0.12940199928251145,0.09237332013101507,0.1067926389042628,-0.002956180324826603,0.051901937133059,5.6585,5.16175,4.978833333333333,3,20,11,5.843945147397779,5.145198260279306,90.33457249070632,0.49231445626691794,0.29166072316131914,6.59503579072525,3.728464209274749,0.046728031420313246,0.04291124892438138,0.04176850927301504,27319049.0,2.4534534722629404,125743.0,905349.6,1,0.0,0,5.171428571428572,-0.15851780364639317,0.10350076103500756,1.3563839119957017,0.8692271056930035,0.6811949586066063,0.31060606060606055,0.5010845986984815,1.7038193175626275,0.08236994219653183,0.0
2025-11-21,7.3,6.92,-0.05675281659244948,0.03546005137886978,-0.035349777852046245,0.4030619682237849,0.053458578524767195,5.9165,5.30125,5.074166666666667,4,21,11,6.108682393325455,5.284217727358061,97.56944444444446,0.5819309024774686,0.349714759024549,6.9881090400661225,3.614390959933877,0.04469856902820368,0.042281764750212704,0.041845183579321016,29743167.0,2.369789001363922,216636.0,1598773.6799999997,1,0.0,0,5.6571428571428575,-0.17925987314215205,-0.010115606936416227,2.375383835524004,0.8641063912245708,0.6712022071319992,0.32246376811594213,0.6186252771618626,1.564080825014247,0.14794520547945206,0.0
2025-11-24,7.3,7.3,0.08932014525499425,-0.03278982282299084,0.03823995327427954,-0.5681637673919366,0.0,6.1415,5.42575,5.163833333333333,0,24,11,6.325285594539008,5.414268196560767,97.90940766550524,0.6455115266882707,0.4088741125572934,7.315320474723697,3.536179525276303,0.045891223751916614,0.04146692079114875,0.04177393732327319,29743167.0,1.983784172192956,0.0,0.0,-1,0.0,0,13.685714285714283,-0.16543765831980747,0.026027397260274025,0.49924228100349366,0.901506776208679,0.65826696029396,0.3094170403587444,0.5176715176715179,1.357022397239419,0.07808219178082196,0.0
2025-11-25,7.33,7.3,-0.016151091327882845,-0.009902198678206516,0.024234970845457966,-0.543596232775746,0.004101167744214607,6.3445,5.55175,5.253833333333334,1,25,11,6.507960940986461,5.537863796782653,97.91666666666669,0.690362311734475,0.46517175239272973,7.598018169388558,3.5054818306114424,0.04690642979490215,0.0413629998119715,0.04177620786746157,30540652.0,1.738041989414668,0.0,0.0,-1,0.0,0,15.028571428571428,-0.15242569734181322,0.00958904109589045,-0.5671360326568938,0.4143751280899041,0.6566172658925281,0.1435257410296411,0.5239085239085239,0.10559305226659459,0.044488403819918185,0.0
2025-11-26,7.64,7.33,0.005412733106750259,0.04655551632624202,0.03800111817861384,0.3710443328773499,0.04142208727986903,6.5845,5.69825,5.3468333333333335,2,26,11,6.713786224443467,5.673485487312805,98.0263157894737,0.7423637836454953,0.5206101586432829,7.904092183122417,3.492407816877582,0.04414940892587238,0.04031574418056448,0.041652052873257774,31696405.0,1.7605520602125855,48537.0,370822.68,1,0.0,0,17.657142857142862,-0.1619078501741367,0.010914051841746257,0.03360260194704945,0.4259189930736517,0.6399925981336387,0.16286149162861485,0.62208067940552,-0.48235299366957896,0.05301047120418852,0.0
2025-11-28,7.67,7.64,0.037090344209557216,-0.0064474755909696485,0.024775287965558154,-0.8500184011824538,0.003919012200735823,6.8235,5.848750000000001,5.448833333333334,4,28,11,6.887643274544654,5.802292875228108,98.04560260586321,0.7770388538476283,0.5718958976841519,8.164330806986529,3.533169193013473,0.044458725694600514,0.03976294943158662,0.03985624490652469,32190382.0,1.5730394676834056,38702.0,295683.28,1,0.0,0,21.77142857142857,-0.15258739127387033,0.006544502617801141,-1.250351976737539,0.40637116768588283,0.6312172535424919,0.10838150289017334,0.6459227467811157,0.7257840212052868,0.022164276401564643,0.0
2025-12-01,7.35,7.67,-0.02768799153116671,0.014129971762985855,-0.03362791642975445,0.7209063758111673,-0.04261630215441958,7.0065,5.97875,5.544166666666667,0,1,12,6.971708133718353,5.902144947794038,87.58169934640523,0.7698237224806661,0.6114814626434548,8.326317329901578,3.6311826700984224,0.05107756600432864,0.042542997967204864,0.04054884181870848,31174619.0,1.1682306041100767,86350.0,644171.0,1,0.0,0,22.085714285714285,-0.1282545077947879,-0.0247718383311603,-0.33976761429459157,0.47269935420657766,0.6753491558901029,0.006849315068493178,0.5473684210526315,-0.23970819591874068,0.07210884353741501,0.0
2025-12-02,7.41,7.35,0.03546005137886978,0.01267444089672786,0.012236726448437084,0.1541373189160665,0.008130126083250309,7.1899999999999995,6.12125,5.632499999999999,1,2,12,7.0513975639513795,5.999425918904101,86.75958188153311,0.7601842466520692,0.6412220194451776,8.45214518606505,3.7903548139349508,0.051159734362626434,0.04008833452425312,0.03975937169421756,32359660.0,1.1057983282170927,96000.0,724800.0,1,0.0,0,23.257142857142856,-0.12980965088903382,0.05442176870748305,-0.027669237702752564,0.4743760592990737,0.6363825817556316,0.015068493150685036,0.6250000000000002,-0.5064368509636218,0.07287449392712551,0.0
2025-12-03,7.84,7.41,-0.04486240405726006,0.003758670412921417,0.001350439097871325,0.167590176849595,0.05640839505432095,7.333,6.28575,5.739166666666667,2,3,12,7.194779825051128,6.118172633813514,90.12345679012344,0.7782708767390432,0.6686317909039509,8.614118018930666,3.9573819810693336,0.03188159286903536,0.04017673519662492,0.03971815617793647,33760914.0,1.335055272502677,100000.0,775000.0,1,0.0,0,24.77142857142857,-0.14152572880339093,0.0,0.36455157062928756,0.6137566120435297,0.6377858989245917,0.0695770804911322,0.7230769230769232,-0.4952907480232489,0.07141581632653059,0.0
2025-12-04,8.3,7.84,0.05129329438755048,0.05315482118861303,0.029257405988370174,-0.10058384992200309,0.05701668044023595,7.506,6.47225,5.8661666666666665,3,4,12,7.395728947769104,6.258935689696513,91.25683060109289,0.8202672863315259,0.6989588899894659,8.819428541411652,4.125071458588348,0.034077874989953266,0.04030969086166625,0.03918432166078871,35028081.0,1.5574017636517299,66027.0,540100.86,1,0.0,0,36.02857142857143,-0.14660371451914259,-0.005102040816326535,-0.034391868102841984,0.6695772817907125,0.639896504675171,0.086387434554974,0.8161925601750548,-0.4042614695968393,0.09337349397590354,0.0
2025-12-05,11.12,8.3,0.08594242980072483,0.29554223649518485,0.09970892671739837,1.2334677743522637,0.29248977401988396,7.926,6.79225,6.083166666666667,4,5,12,8.072869139083812,6.5725527419741585,94.87179487179486,1.0687799458546223,0.7729231011624973,9.788813777676754,3.7956862223232455,0.10593292947213138,0.07996035601315855,0.07011911307651128,39378410.0,2.8884751475941,186377.0,1833760.23,1,0.0,0,38.142857142857146,-0.16170427507436275,0.024096385542168586,3.6700861353137078,2.3583645863484355,1.269331300530034,0.44980443285528016,1.3559322033898304,1.794158277500364,0.25765287769784173,0.0
2025-12-08,11.16,11.12,0.25782910930209985,0.009244352044685992,0.22053041287509575,-0.8305752207314897,0.00359066813072854,8.312,7.11425,6.304833333333333,0,8,12,8.634165659250392,6.868517081201632,94.85943775100401,1.2544946512262243,0.8692374111752428,10.528198593637605,3.7003014063623962,0.10705693740264037,0.07985455230201612,0.06960353382643748,41274277.0,2.370129419956616,0.0,0.0,-1,0.0,0,40.77142857142858,-0.15580222254748075,-0.010791366906474751,0.5229973375796431,2.223555133571944,1.2676517186852103,0.5183673469387755,1.3644067796610173,2.041517243544871,0.07974910394265237,0.0
2025-12-09,11.43,11.16,0.013544225107757253,0.014802185805135365,0.022587871967127013,-0.6819138330141846,0.023905520853554386,8.725,7.433249999999999,6.525499999999999,1,9,12,9.14249917575032,7.162806301769269,94.34628975265016,1.4072398517170672,0.9768378992836078,11.208259620064446,3.658240379935552,0.10612898048562751,0.07980474620111172,0.06932234006047282,42232919.0,2.117478047609197,0.0,0.0,-1,0.0,0,40.94285714285714,-0.1536337402203078,-0.0008960573476702318,-0.6360467381268103,2.1873482457550195,1.2668610713446096,0.5425101214574899,1.2633663366336636,2.0743471848283317,0.07173228346456698,0.0
2025-12-10,12.11,11.43,0.03090753746307649,0.07248546880579097,0.05253901818392817,0.1795460796846975,0.05779007975828161,9.203,7.77375,6.768833333333333,2,10,12,9.682044780159352,7.4819800887518975,94.8220064724919,1.5651201102017227,1.0944943414672308,11.94617183238567,3.601328167614329,0.10490014323810178,0.07987052174774388,0.06924793442648934,43380101.0,2.078529053003568,0.0,0.0,-1,0.0,0,36.371428571428574,-0.15522318076882424,0.006124234470691188,-0.4083388656917418,2.1857366395248343,1.2679052257770376,0.5446428571428572,1.2849056603773583,2.069330908001508,0.0916432700247729,0.0
2025-12-11,11.61,12.11,0.050858417233490945,-0.020285066518196213,0.004403353658269974,-0.04883619105541797,-0.0421647618552007,9.6,8.09225,6.998833333333334,3,11,12,10.03258209285765,7.748303953993711,87.04581358609795,1.6310933029153212,1.2018141337568489,12.419916777472856,3.7645832225271443,0.10931849828105189,0.08124717046452883,0.06989762457025314,42287597.0,1.6257028005535086,0.0,0.0,-1,0.0,0,43.74285714285714,-0.14644201037718577,-0.0008257638315441608,-0.49275672359695044,2.40116438159091,1.2897588466608927,0.39879518072289133,1.2156488549618318,1.913972077364564,0.069767441860465,0.0
2025-12-12,11.49,11.61,-0.04478991139711009,-0.03360174654676801,-0.02203358503454056,-0.3120071871805972,-0.010389703849135798,9.982,8.402750000000001,7.226500000000001,4,12,12,10.297567166883532,7.989703698897342,84.51400329489292,1.6546210943243747,1.292375525870354,12.771757444790152,4.03374255520985,0.11003768273051737,0.08175962564759742,0.0698916823469276,41487910.0,1.4132500523346136,0.0,0.0,-1,0.0,0,39.285714285714285,-0.14244179177032387,-0.003445305770887093,-0.8047520905839033,0.5989794649912497,1.297893820495686,0.033273381294964155,1.1761363636363638,0.2297937352588514,0.057023498694517026,0.0
2025-12-15,11.31,11.49,-0.0008646779613538057,-0.01644022623891711,0.00430262406330875,0.3255805053543821,-0.015789801732635195,10.378,8.69225,7.445166666666667,0,15,12,10.481645863813798,8.20391636348461,82.08000000000001,1.6398394939260648,1.3618683194814962,13.024132385291663,4.360367614708336,0.10802361914182254,0.08277392263105848,0.07041042603078923,40380476.0,1.208596987253498,0.0,0.0,-1,0.0,0,49.31428571428573,-0.1410426270349719,0.006092254134029616,-0.38496187652878894,0.6213348536418106,1.3139952859384918,0.013440860215053752,1.0489130434782612,0.6179800980264385,0.03669319186560574,0.0
2025-12-16,11.4,11.31,-0.03521490629106651,-0.009967579816074674,-0.016231194928582552,-0.93536333387588,0.007926065272420723,10.777000000000001,8.9835,7.673166666666666,1,16,12,10.648619343120378,8.410115307775927,82.25039619651348,1.616750325592049,1.4128447207036068,13.215032135116843,4.751967864883156,0.10803216497298926,0.08281255893958303,0.06926836827034095,40815081.0,1.1421395007003887,0.0,0.0,-1,0.0,0,46.4,-0.13812353581017225,-0.013262599469496051,-1.1315842205103126,0.5971245168454605,1.314608618322093,-0.002624671916010457,1.0448430493273544,1.058392561118974,0.04210526315789477,0.0
2025-12-17,10.58,11.4,0.01952147174502011,-0.0008714597501409748,-0.05225069034387788,0.4419463136517288,-0.07464792897029646,11.051,9.192,7.8741666666666665,2,17,12,10.636143098916673,8.550107868564577,71.5542521994135,1.5148229107936935,1.4332403587216243,13.298716449914725,5.085283550085275,0.1143808759632205,0.082068006535767,0.0716206548861475,40138952.0,0.6759658315483754,0.0,0.0,-1,0.0,0,37.68571428571429,-0.12672225074894505,-0.0017543859649122432,-0.7819226706974316,0.4923806933591129,1.3027892153307776,-0.1263418662262592,0.6505460218408736,-0.7462812218229212,0.09735349716446136,0.0
2025-12-18,11.06,10.58,-0.07194726908486988,0.02070824646834675,0.01426557715882244,1.424231980222911,0.04436956966403541,11.327000000000002,9.416500000000001,8.0905,3,18,12,10.713207990022733,8.712036393173314,73.31499312242092,1.455992908763145,1.4377908687299286,13.409015497778338,5.423984502221663,0.1141578279383354,0.0821534851203218,0.07149259803504883,42948042.0,0.8232904798563894,0.0,0.0,-1,0.0,0,42.371428571428574,-0.12652238512877614,0.0009451795841209628,1.54765478251634,0.6758260547744193,1.3041461457937007,-0.04737295434969846,0.6834094368340944,-0.4624492837365757,0.10126582278481021,0.0
2025-12-19,11.29,11.06,0.04161488123563414,-0.029464869847181496,0.037439509825153504,-0.6287584077375682,0.02058238206738183,11.344,9.635,8.3095,4,19,12,10.818079264564053,8.87835662587181,77.43732590529248,1.4116560933971787,1.4325639136633788,13.52935488881024,5.740645111189761,0.03926175680985795,0.0819721549041939,0.0715218346724879,44445999.0,0.8499482185125748,0.0,0.0,-1,0.0,0,44.2,-0.12506232644534954,-0.0018083182640145886,0.1141578985822056,0.7071332536636201,1.3012676178513645,-0.017406440382941812,0.6315028901734103,-0.9845522848399295,0.03330380868024796,0.0
2025-12-22,11.18,11.29,0.011706572232160085,0.012237914971346556,-0.00036390102293860227,-0.5163966800038691,-0.009790910434617528,11.346,9.829,8.524833333333333,0,22,12,10.883883034643317,9.026849746783306,76.0719225449516,1.3520570945389778,1.4164625498384986,13.618752942926658,6.039247057073343,0.039435960359286884,0.08210966079325684,0.07169242538080348,43552218.0,0.7129752362995367,0.0,0.0,-1,0.0,0,54.88571428571429,-0.1319355601564188,-0.010628875110717381,-0.48063765347945075,0.7015166841906507,1.3034504561689686,-0.011494252873563315,0.5315068493150685,-1.133607136404241,0.04651162790697671,0.0
2025-12-23,11.45,11.18,-0.00808993176197154,0.0033046985375439083,0.0036330648498811386,-0.32665552219054717,0.023863262273295546,11.347999999999999,10.0365,8.738166666666666,1,23,12,10.986813391980895,9.183182021184383,75.53041018387555,1.3114931256952111,1.3954686650098411,13.69541139979901,6.3775886002009905,0.03943312028419574,0.0819110837691303,0.07132895208909061,44196931.0,0.7726341775193818,0.0,0.0,-1,0.0,0,58.57142857142857,-0.1276262261169866,-0.008944543828264727,-0.7116282903873665,0.7243325703309234,1.300298143637388,0.004385964912280604,0.5684931506849316,-1.3150614353100576,0.04524890829694327,0.0
2025-12-24,11.4,11.45,0.04327385988644742,0.01221285421264185,0.02859891066200069,-0.3628988046888724,-0.004376374599798777,11.277,10.24,8.9415,2,24,12,11.06193822980255,9.326202535946681,73.27327327327329,1.2607778438296382,1.3685305007738005,13.713114785864366,6.766885214135634,0.03363043645869684,0.08204935080580833,0.07149368231913492,43748432.0,0.667988288046925,0.0,0.0,-1,0.0,0,58.0,-0.14611404641054732,0.010480349344978254,-0.8981960965723648,0.35731540133138895,1.3024930647987956,0.07750472589792068,0.5552523874488404,0.18602037035098162,0.029824561403508757,0.0
2025-12-26,10.97,11.4,-0.02007924290597922,-0.030397477184371045,-0.04689768291451241,0.4488940974721981,-0.038449081113310905,11.213,10.4065,9.132499999999999,4,26,12,11.045222188020267,9.432253985240443,48.243559718969564,1.1723738156576982,1.32929916375058,13.667609110652256,7.145390889347743,0.03322501103181533,0.083109067211921,0.07215379262317767,43045823.0,0.3455879462354421,0.0,0.0,-1,0.0,0,54.85714285714285,-0.136517366932622,-0.005263157894736885,-0.5878020724314219,0.4002581839147174,1.3193155412237711,-0.008137432188065064,0.43586387434554985,-0.5479249838747332,0.04649042844120326,0.0
2025-12-29,10.45,10.97,-0.04141005687180938,-0.01499726037102608,-0.036675478558406686,-0.08306031168983781,-0.048562295876318974,11.109,10.5455,9.304833333333333,0,29,12,10.936999972016581,9.497915018450737,42.52631578947367,1.0482695335781695,1.273093237716098,13.54172552028736,7.549274479712642,0.03583317039912733,0.08444795794980335,0.07335604846003548,42399215.0,-0.06374687042305288,0.0,0.0,-1,0.0,0,47.885714285714286,-0.1324609629253027,-0.008204193254329977,-0.6615457620969202,0.45176141107456014,1.3405697727745178,-0.07440212577502214,0.36245110821382,0.28503913559494876,0.06997129186602882,0.0
2025-12-30,9.88,10.45,-0.040324263016976704,-0.06339337357469665,-0.07558268116600696,0.3442637212930327,-0.05608946665104347,10.966,10.672,9.450166666666666,1,30,12,10.744818158922657,9.522565662421657,34.65346534653466,0.8936206569223764,1.1971987215573536,13.289918819858368,8.054081180141633,0.038652548814254624,0.08497632893470372,0.0746684154851957,41486883.0,-0.6050607788081436,0.0,0.0,-1,0.0,0,46.114285714285714,-0.12966284420120192,0.0,-0.36324908303336206,0.5248683121065997,1.3489574021306898,-0.11627906976744173,0.34421768707483014,0.8645401834344956,0.08147773279352223,0.0
2025-12-31,9.76,9.88,-0.0621808560444454,-0.056179342668055736,-0.0010335918232826594,-0.04323369999292782,-0.012220111334775444,10.802,10.7895,9.589666666666666,2,31,12,10.56576031184581,9.53788400678155,23.830734966592416,0.752700646358182,1.1082991065175194,12.964433513805396,8.614566486194605,0.037973071193731715,0.0852192889152837,0.07489961421721852,40613154.0,-0.9466956056038002,0.0,0.0,-1,0.0,0,43.25714285714286,-0.1408783448645388,-0.006072874493927175,-0.38694217571609923,0.34897700957053757,1.352814272253624,-0.14759825327510911,0.31713900134952766,0.36052832514685024,0.024815573770491848,0.0
2026-01-02,8.955,9.76,-0.005104656311683173,-0.004773182211248812,-0.10800678079294418,0.1109207849968191,-0.08608036491232593,10.6395,10.84525,9.6745,4,2,1,10.272894800601117,9.500278586989193,22.314911366006243,0.5694989213137767,1.0005390694767708,12.741105521366263,8.949394478633737,0.039838747154896895,0.08740887227010531,0.07313592421813851,39636931.0,-1.9940865521627693,0.0,0.0,-1,0.0,0,45.22857142857142,-0.14489189413643722,0.0010245901639344044,-0.2515947320991567,0.40602300679120024,1.3875728304438508,-0.21447368421052637,0.14221938775510212,-0.07624364784413114,0.13232830820770525,0.0
2026-01-05,8.31,8.955,-0.09326518931659712,-0.09510746340387387,-0.1005079968779418,0.6794861836778898,-0.07475242664531817,10.3645,10.845749999999999,9.7325,0,5,1,9.916004836855459,9.423486420086665,20.112781954887197,0.36802179860019635,0.874035615301456,12.738782307117255,8.952717692882743,0.0370041500837852,0.08844373025289701,0.07473689996294876,37710976.0,-2.6790351020067744,0.0,0.0,-1,0.0,0,47.60000000000001,-0.13533515516232583,-0.006141820212171939,0.7376767865851237,0.4297321229612079,1.4040006916322716,-0.24247948951686416,0.00120481927710836,0.886060708393128,0.13477737665463307,0.0
2026-01-06,16.23,8.31,0.9140410121401396,0.9107010023953683,0.665376587436224,3.513989021550564,0.669401772659143,10.858500000000001,11.10125,10.042833333333332,1,6,1,11.064003957427193,9.862616328468171,68.83614088820828,0.8377702432137699,0.8667825408839189,14.166549633332028,8.035950366667972,0.3135252607182112,0.21989140040841465,0.18773249475283896,102388320.0,3.346328655267523,0.0,0.0,-1,0.0,0,52.85714285714285,-0.07062921038501978,1.671480144404332,4.245073854044639,7.171369943928784,3.4906677655343517,0.55311004784689,0.45953237410071957,2.2166121516243713,0.43314849044978443,0.0
2026-01-07,17.92,16.23,-0.24419696051204196,-0.18303930310145872,0.08951860019216833,-1.9351889827189594,0.09905602602028468,11.5325,11.43925,10.396833333333332,2,7,1,12.310548692440431,10.382447533083129,72.237380627558,1.3310743494698336,0.9596409026011019,15.763923732749912,7.114576267250087,0.31254794687089094,0.22030970193653507,0.18807987207305138,111727533.0,2.9971047068464585,0.0,0.0,-1,0.0,0,48.57142857142857,-0.06935409914981192,0.07147258163894024,0.3302353034745477,6.977142801607036,3.497308096433021,0.8137651821862348,0.6057347670250897,2.0845616397905404,0.10435267857142862,0.0
2026-01-08,18.18,17.92,0.04826975166230876,0.022891603801825915,0.043357699058124206,0.05468528924205137,0.014404681202548175,12.205499999999999,11.77675,10.7595,3,8,1,13.37772165745126,10.88551543417454,76.95035460992908,1.72313797289587,1.1123403166600556,17.048278565895558,6.505221434104444,0.31274412535627094,0.22035454022982448,0.18798710482931472,121591686.0,2.429371261089688,1235292.0,20999964.0,1,0.0,0,48.371428571428574,-0.07079693689964263,0.018415178571428475,0.3353869642701059,6.933784039680581,3.4980198822725592,0.8627049180327868,0.5905511811023623,2.0754240498789396,0.08580858085808574,0.0
2026-01-09,19.56,18.18,0.013605652055778678,0.046783138909664415,0.03714551979094646,-0.49552878545299206,0.07316457585733843,13.0215,12.14925,11.167166666666667,4,9,1,14.501772265187395,11.445159599711667,78.33333333333334,2.1207588975413874,1.314024032836322,18.468653931751145,5.829846068248856,0.3114768407258325,0.22046742264328473,0.18794035136702258,127601408.0,2.3453952556396995,588235.0,9999995.0,1,0.0,0,54.114285714285714,-0.06473999009000068,0.017601760176017618,0.048622069131741386,6.63587418647221,3.499811835033011,1.1842546063651591,0.6151940545004129,2.088046707112085,0.09253578732106334,0.0
2026-01-12,21.09,19.56,0.05520455434709572,0.07961762796469139,0.07706334815959467,-0.36467164110472117,0.07531232988401204,14.0335,12.62325,11.6155,0,12,1,15.69963185333514,12.067407367472207,80.06134969325154,2.5301683524911045,1.5572528967672785,20.090276657596945,5.156223342403055,0.30858169886373044,0.219786407019207,0.1880385670485514,131774707.0,2.267770128123471,0.0,0.0,-1,0.0,0,58.0,-0.06265208790450402,-0.0005112474437626795,-0.09121167646368955,6.303696548654308,3.489001047151456,1.5379061371841152,0.8165374677002584,2.197043322758068,0.09530583214793732,0.0
2026-01-13,22.11,21.09,0.06437866181343571,0.06465446988835334,0.032707317975784314,0.10998987769079255,0.047231000378671784,15.199499999999997,13.154250000000001,12.096833333333333,1,13,1,16.86515333454693,12.715316569570774,81.75479372457873,2.903464439958933,1.8264952054056094,21.71263479288926,4.595865207110739,0.3051128885765475,0.21939611733031142,0.1878710500644398,136433222.0,2.092859860061653,0.0,0.0,-1,0.0,0,59.085714285714296,-0.0534389128565488,-0.01137980085348499,-0.0708652444953689,0.5411253469153801,3.482805390414913,0.3622920517560073,0.9242819843342036,-0.6207928548010929,0.12663952962460429,0.0
2026-01-14,24.34,22.11,0.05912822840932353,0.07655838359092539,0.08053002227520638,-0.13546364038150902,0.09609109269002628,16.6455,13.80575,12.663166666666667,2,14,1,18.224216364629306,13.4652961457275,83.62023995826813,3.340736708602286,2.1293435060449446,23.658870945589847,3.9526290544101528,0.2999812835253935,0.21915730151733848,0.18734060140791325,140501554.0,2.1382565094189814,0.0,0.0,-1,0.0,0,58.62857142857143,-0.043130418336756585,0.0004522840343736573,-0.12321653293499699,0.5262324614574365,3.4790143069132564,0.3582589285714284,1.1520778072502211,-0.7407428582506188,0.12062448644207066,0.0
2026-01-15,24.17,24.34,0.10219094089654716,0.014386551154329892,0.0771504882555764,-0.4928871911388898,-0.007008892843989406,18.0865,14.44425,13.221833333333333,3,15,1,19.305267934696705,14.155922200841855,83.10005184033179,3.6316966147063123,2.4298141277772185,25.24995379353814,3.638546206461859,0.29973138514612513,0.21934807841617093,0.18748370250235588,138016372.0,1.8001141222871653,0.0,0.0,-1,0.0,0,63.65714285714286,-0.04649240593062734,0.006573541495480696,-0.2429372199665167,0.6580839885704572,3.4820427962944973,0.3294829482948296,1.1201754385964913,-1.2214937046684082,0.06370707488622272,0.0
2026-01-16,23.86,24.17,-0.02479465861321639,-0.02613471139163966,-0.012337956977915648,-0.4565618461445554,-0.012908778045621717,19.576999999999998,15.108250000000002,13.755833333333333,4,16,1,20.13340103747912,14.781991736271413,83.62023995826812,3.793540454363809,2.702559393094537,26.528742788243257,3.6877572117567468,0.29524391322879895,0.21796586992534678,0.18784692538407372,136442114.0,1.532639643888121,0.0,0.0,-1,0.0,0,63.77142857142858,-0.0384285283218558,-0.01117087298303695,-0.3110112426805656,0.8024518960645621,3.460100916733922,0.21983640081799605,1.2551984877126654,-0.052047866374726214,0.049455155071248945,0.0
2026-01-20,26.06,23.86,-0.024567097455173294,0.06926449990095358,-0.007735320048420661,0.5773413752795851,0.08819815502692897,21.351999999999997,15.858249999999998,14.347833333333334,1,20,1,21.210964485210187,15.509605172641,87.43405275779376,4.052608528689614,2.9725692202135523,28.09997213332234,3.6165278666776555,0.28732256970465403,0.21809429493350385,0.18800419116511582,139246334.0,1.666718111862795,0.0,0.0,-1,0.812881,2,50.85714285714287,-0.03359129697929461,-0.02263202011735118,-0.22375294470035723,0.8476067284188119,3.462139600536152,0.23565670934091987,1.3562386980108498,-0.08534343714625117,0.11972371450498853,0.812881
2026-01-21,26.68,26.06,0.12063773356990973,0.03364803411823273,0.10203315697144347,-0.41829228102486393,0.023512649350724044,22.397,16.62775,14.8665,2,21,1,22.205334578808333,16.230275806664164,90.1913875598086,4.258857207677753,3.2298268177063925,29.574870173593588,3.680629826406408,0.0445668472783636,0.21806799393935172,0.17991346257816923,141091987.0,1.5528163584211032,0.0,0.0,-1,0.3996599999999999,3,53.85714285714285,-0.03023779631159269,0.009593246354566386,-0.29309199738174135,0.8581140105614192,3.4617220851975903,0.20669380370872914,1.363153232949513,0.35089313006929773,0.05734632683658162,-0.41322100000000006
2026-01-22,26.28,26.68,0.021805375228571955,-0.007380107297622534,0.0038880297812245563,-0.05710662416980265,-0.015106027431013153,23.233,17.38275,15.3705,3,22,1,22.946182837206816,16.878645109460027,88.99905571293674,4.340005235857319,3.451862501336578,30.746645380346354,4.0188546196536485,0.044949383737999615,0.21815791004095342,0.18007476620946963,139348780.0,1.3315354164003355,0.0,0.0,-1,0.3897644999999999,2,54.771428571428565,-0.05835275667769269,0.00787106446776615,-0.30369489879048944,0.7181918358947232,3.4631494590597813,0.0797041906327034,1.3506261180679786,1.670579823053866,0.04680365296803654,-0.009895500000000002
2026-01-23,24.52,26.28,-0.025613452945458283,-0.027409262306880622,-0.05421814025940498,0.32049193600074755,-0.06931908254839923,23.867,18.03625,15.806833333333334,4,23,1,23.23233141226012,17.37163574755938,85.15925005647165,4.213725141287377,3.6042350293267376,31.456749980881582,4.615750019118414,0.056073092259134615,0.21985760219433806,0.18110449968929482,136946980.0,0.966245670315792,0.0,0.0,-1,0.0,0,54.885714285714286,-0.0616719896785484,-0.002663622526636236,-0.26371349131786764,0.934176639659148,3.4901312355191227,0.014480761274306975,1.1414847161572053,0.643778411097887,0.0758564437194127,-0.3897644999999999
2026-01-26,26.31,24.52,-0.07566466698881222,0.01398624197473987,-0.040122389512580334,-0.10580518848706065,0.07045998398419079,24.541999999999998,18.78175,16.280166666666666,0,26,1,23.791907519121914,17.948304409007164,88.65979381443299,4.209560108319053,3.7253000451252007,32.30616351000014,5.25733648999986,0.05582584810777343,0.2194581726340063,0.18118107067567238,139107639.0,1.113283026200509,0.0,0.0,-1,0.0,0,57.65714285714286,-0.05609846685918834,-0.008972267536704685,-0.28760929599183,1.0292629070603325,3.483790487821569,0.10268231349538981,1.3078947368421052,-0.37649583535468745,0.12124667426833909,0.0
2026-01-27,26.0,26.31,0.0756646669888122,0.01197753167215753,0.08459196358430082,-0.5517734430115412,-0.011852557030719297,25.032999999999998,19.53325,16.759833333333333,1,27,1,24.193378879281564,18.46776864068412,81.17421825143586,4.1335953661550455,3.80695910933117,32.899397449118595,6.167102550881403,0.05469433559826758,0.21894004992949612,0.18082287030070268,137863256.0,0.9676311030709807,0.0,0.0,-1,0.301515,1,64.97142857142858,-0.06448969582324886,-0.0038008361839603905,-0.3551793573920281,0.8226509243177733,3.475565544873068,-0.002302379125095899,1.3701002734731085,0.23200641780439846,0.05542307692307688,0.301515
2026-01-28,27.71,26.0,-0.008044479313833012,0.0420896895981182,-0.01520116133205044,0.9149109444680034,0.06369682085340503,25.593,20.39625,17.3005,2,28,1,24.832764537594006,19.06404163160773,81.19821542383684,4.1633825867826175,3.8782438048214596,33.51966774923946,7.272832250760537,0.055874242869226466,0.21750048038491962,0.18065978307160796,140969924.0,1.11461055949756,0.0,0.0,-1,0.4498285,2,65.54285714285713,-0.05218978129807679,0.0,-0.23167787217239783,0.942433706202475,3.452713086813476,0.03860569715142437,1.6516746411483254,-0.03256663508065799,0.10772284373872246,0.14831350000000004
2026-01-29,26.84,27.71,0.05608946665104358,0.006027318371011619,0.05672510378656576,-1.0331517414064597,-0.03190004677140607,25.843,21.24425,17.818166666666666,3,29,1,25.19771643984964,19.565716365052392,76.56441717791412,4.069872487994733,3.916569541456114,33.68029915896569,8.808200841034312,0.05116898469736907,0.21689295549704793,0.18085030373879224,139864312.0,0.8999240721022366,0.0,0.0,-1,0.28127,1,63.82857142857143,-0.061121453981630075,-0.0075784915193071395,-0.37575673328265263,0.9753688433940716,3.443068928201931,0.02130898021308969,1.7165991902834006,0.14428554224413542,0.06289120715350219,-0.1685585
2026-01-30,24.51,26.84,-0.040064705578346314,-0.06046998548763496,-0.08476526662770979,0.536137588815442,-0.0908121145634598,25.877,21.981749999999998,18.255166666666664,4,30,1,25.072677087149703,19.884702406016757,64.34782608695653,3.7643603309615514,3.8861276993572016,33.24427999295034,10.719220007049657,0.059784507545462065,0.2189401324956292,0.18224602484392927,137974388.0,0.44896661790601833,0.0,0.0,-1,0.3543334999999999,2,58.60000000000001,-0.06913537371556021,-0.01564828614008935,-0.3236648248636982,1.0737343999597881,3.4755668555697974,-0.0004078303425774088,1.511270491803279,-0.147718954070531,0.08935128518971838,0.07306349999999989
2026-02-02,26.42,24.51,-0.07708216883515298,0.02301512128341231,-0.007326280777574108,0.0012537615143833106,0.07504010155415806,26.133,22.855,18.783166666666666,0,2,2,25.31764488948612,20.306334508854384,65.11627906976744,3.6344649335029438,3.83579514618635,32.44954121115921,13.260458788840792,0.06386440280520984,0.21628400833827088,0.1812214558946433,139866683.0,0.7431308952748308,0.0,0.0,-1,0.3511425,2,63.40000000000001,-0.06124273679100574,-0.0020399836801305877,-0.3271851643967765,1.0946901233477226,3.4334021917397104,0.004180919802356575,1.9503070910106088,-0.10878524204956665,0.11311127933383794,-0.0031909999999998884
2026-02-03,27.04,26.42,0.09879773574530275,-0.0011015238859330796,0.0699706195585386,-0.7561899788307603,0.023195952080584087,26.231,23.791500000000003,19.315833333333334,1,3,2,25.630800364125008,20.7407645405412,64.30644225188624,3.5407353208672454,3.7767831811225294,30.684346864303443,16.898653135696563,0.05768148307787158,0.21402122302674675,0.1812495681785799,140755024.0,0.9425713537386922,0.0,0.0,-1,0.290044,1,43.34285714285714,-0.059718893086123846,0.021953065859197513,-0.3949965934656855,1.0938295160694047,3.3974815885119742,0.040000000000000036,2.253910950661853,-0.607603237592785,0.04437869822485205,-0.0610985
2026-02-04,26.35,27.04,0.0029585820397450414,-0.005156549179245802,-0.01666382291266177,-0.19462352787600717,-0.025848976187391872,26.198,24.2975,19.817833333333333,2,4,2,25.761563934284098,21.10265069921596,56.40535372848949,3.3719074440630123,3.695808033710626,30.27865945457514,18.316340545424858,0.05802223646147582,0.056875239510692184,0.1816226724995277,140023791.0,0.6863217794436135,0.0,0.0,-1,0.276658,1,47.22857142857144,-0.06087052708226156,0.0014792899408283709,-0.9588236668946981,0.9862020687284904,0.9028664370151588,-0.04907975460122693,0.6235366605052373,0.3119396772913265,0.0565464895635673,-0.013386000000000009
2026-02-05,26.34,26.35,-0.031891654165291855,0.019382577897988907,0.004265995153445653,0.3035403084162268,-0.00037957867223644895,26.204,24.7185,20.32316666666667,3,5,2,25.866734128050624,21.44054420249235,56.98647778493238,3.2004108745547057,3.596728601879442,29.947613943258453,19.489386056741544,0.05777865868557116,0.05405451403591068,0.18154359299810732,139033229.0,0.6201815518250439,0.0,0.0,-1,0.262331,1,47.22857142857144,-0.06273845160896925,-0.004554079696394725,-0.8249510239694089,0.965125127412293,0.8580888082768201,-0.018628912071535053,0.4698660714285712,-0.15622471851400363,0.07253606681852691,-0.014327000000000034
2026-02-06,26.19,26.34,0.027821343272856312,0.006296686171199699,0.014701091733309149,0.3900744659854686,-0.005711037795514393,26.371000000000002,25.119000000000003,20.8145,4,6,2,25.925509741132327,21.746960705557363,57.579700715679905,3.017609734631616,3.480904828429877,29.376194035116637,20.86180596488337,0.052709986580054685,0.05436651150771038,0.18171268470820867,137570079.0,0.5031483137322662,0.0,0.0,-1,0.110913,1,46.8472049689441,-0.06158603715739489,0.023917995444191306,-0.6385042456321879,0.6316295718847263,0.8630416145971974,0.06854345165238684,0.44059405940594076,1.260251028099595,0.06507827415043922,-0.151418
2026-02-09,26.12,26.19,-0.021739986636405875,-0.05143272350133309,-0.034324742541074496,-0.22466540039771793,-0.002676354111390281,26.352000000000004,25.447000000000003,21.305166666666665,0,9,2,25.960871606380994,22.02909227294076,50.22658610271905,2.834416707801484,3.3516072043041985,28.819814536071906,22.0741854639281,0.04749231279166833,0.052919049454443125,0.18169914372257703,136401339.0,0.399073232638399,0.0,0.0,-1,0.0,0,51.5714285714286,-0.06059691863356637,0.007636502481863279,-0.8360786347432425,0.27703846659689263,0.8400638668463088,-0.011355034065102187,0.33537832310838467,0.31721520023360805,0.045616385911179225,-0.110913
2026-02-10,26.59,26.12,-0.011049836186584935,0.03457338576185245,0.0331737736819984,-0.18309807875431103,0.01783390084669803,26.411,25.722,21.825833333333332,1,10,2,26.075258587038995,22.323344384363935,49.65622612681436,2.69608123996818,3.220502011436995,28.430502013640723,23.01349798635928,0.04758459197853033,0.05085825111564932,0.18117585869567104,137374533.0,0.6409446960929135,0.0,0.0,-1,0.0,0,51.6571428571429,-0.06015029652371717,-0.0007656967840734906,-0.9346442212187769,0.24614506412233672,0.8073497074060881,-0.01664201183431946,0.26078710289236606,-0.1601423507270697,0.047758555848063176,0.0
2026-02-11,25.63,26.59,0.01709443335930004,-0.0025618532645288565,-0.039143940668502075,0.24142558721649054,-0.03677166487894874,26.203000000000003,25.898000000000003,22.331833333333336,2,11,2,25.99430248030463,22.53667700472755,47.619047619047606,2.480392981808542,3.0724802055113045,28.01003668229734,23.785963317702667,0.04344175438625458,0.05126099667389071,0.18099852340378283,136135596.0,-0.25378347094662296,0.0,0.0,-1,0.0,0,53.8,-0.06454175711550368,-0.001504324934185752,-0.6446779932849455,0.30972813435259183,0.8137430949385438,-0.02732447817836825,0.15920398009950243,-0.9046490064360028,0.08583690987124461,0.0
2026-02-12,26.8,25.63,-0.035266207311968195,0.019622722645159248,-0.009989852592225665,0.1506351628125776,0.04463834714083134,26.199,26.020999999999997,22.895833333333332,3,12,2,26.140792938431062,22.811730101196744,58.72894333843799,2.3764732014064514,2.9332788046903344,28.035263872328933,24.00673612767106,0.04540598667398405,0.047372798614043254,0.18009949841947748,137575950.0,0.773483564593061,0.0,0.0,-1,0.45084,1,38.1117647058824,-0.06347953921201475,0.0,-0.32639888320220023,0.48131523934867027,0.7520198642514226,0.01746393318147299,0.10106820049301568,0.1660539050733062,0.11152985074626869,0.45084
2026-02-13,26.54,26.8,0.04351831715628135,0.007528266420791588,0.047212563082833836,-0.14532777456699833,-0.00974885861274956,26.402000000000005,26.139499999999998,23.45516666666667,4,13,2,26.213376040534502,23.052263643055017,50.997398091934095,2.2472315136110055,2.796069346474469,27.96529730240649,24.313702697593506,0.03398949297973135,0.04741552036759529,0.18007367900444626,136330420.0,0.43871244575958296,0.0,0.0,-1,0.0,0,37.7739130434783,-0.0600431061960764,-0.0011194029850746692,-0.5457395082288486,0.4871183355446881,0.7526980510642503,0.013363879343260665,0.09805544062887872,0.2675145262396752,0.07535795026375283,-0.45084
2026-02-17,26.58,26.54,-0.025346543203613365,-0.03359371728814961,-0.011605546120308003,-0.28472599271642385,0.0015060243810378574,26.418,26.2755,24.042666666666666,1,17,2,26.2800349422555,23.27985953705147,52.57548845470693,2.1235551882600348,2.6615665148315824,27.759611997476537,24.791388002523465,0.023668576882951816,0.04722796513281101,0.17868244807626749,137267333.0,0.4103463896494939,0.0,0.0,-1,0.0,0,40.8734693877551,-0.06832668744548868,-0.016578749058025536,-0.9525265367147348,0.4849327139977408,0.749720704014285,0.01761102603369058,0.11399832355406536,0.1369363827282146,0.051730624529721596,0.0
2026-02-18,27.51,26.58,0.018223738956451435,0.022099337862414473,0.03366806138392504,0.04853432683361258,0.03439052165138393,26.464999999999996,26.348000000000003,24.682666666666666,2,18,2,26.503664952754498,23.552771824983633,49.04580152671756,2.0766457574208417,2.544582363349434,27.926454940757313,24.76954505924269,0.02512711912045703,0.04333329744646409,0.17728530965251083,138250840.0,1.4723258421839973,0.0,0.0,-1,0.0,0,41.9102040816327,-0.07004616953057473,0.0,-0.8141500101935344,0.5291149504199542,0.6878947711904054,0.034599473486273125,0.055640828856485136,-0.09926816426354294,0.039985459832788124,0.0
2026-02-19,29.205,27.51,0.03439052165138393,0.10028987820886628,0.02011240978709569,1.1195505208956162,0.059790352555789406,26.7505,26.47425,25.115166666666667,3,19,2,26.994816779526406,23.917431707242756,60.45997346306943,2.151441550838328,2.465954200847213,28.503933083896058,24.444566916103945,0.029285084334129734,0.045051929103267295,0.049391110953799354,141263791.0,2.6908141686417535,0.0,0.0,-1,0.5374085,2,39.5551020408163,-0.067715415129018,0.0,2.1509175434991588,0.47666242277402815,0.7151772029457506,0.13948497854077258,0.09464017991004492,-0.23851814134690838,0.1191576784797124,0.5374085
2026-02-20,27.97,29.205,0.03710736116553601,-0.056470069488410664,0.02548372342310198,-0.96180939940707,-0.04320742027840429,26.9135,26.558749999999996,25.450166666666668,4,20,2,27.172122819612515,24.17888772613032,66.94417238001958,2.0870058727370626,2.3901645352251832,28.6924344214943,24.42506557850569,0.03371366416320239,0.04610628149113752,0.04810424657474234,140112239.0,1.322829173596016,0.0,0.0,-1,0.0,0,44.4081632653061,-0.06142685804848674,-0.022427666495463024,-0.5053418535129949,0.6389200531281141,0.7319145282209409,0.04365671641791047,0.06430745814307448,0.10848476517824555,0.03932427601001066,-0.5374085
2026-02-23,27.65,27.97,-0.007029905928258174,3.457820639434541e-06,-0.028437935320533514,0.21710076529427857,-0.011506779245524608,27.059500000000003,26.715250000000005,25.765833333333333,0,23,2,27.259009579682964,24.402830453476753,57.13457076566124,1.987211471116563,2.3095739224034593,28.671044292810638,24.75945570718937,0.03399296787171492,0.0431782717029208,0.04836560792401738,138681471.0,0.9558776231591132,0.0,0.0,-1,0.0,0,36.969416498994,-0.06173352413612436,0.013585984983911425,-0.03338235855599132,0.6422764196686038,0.685433813805035,0.0418236623963828,0.1276508972267536,0.13691200350491567,0.06799276672694404,0.0
2026-02-24,28.08,27.65,-0.02862449457483758,-0.00833338155914441,0.015048916780776278,-0.26055847497757506,0.01543185118926652,27.2555,26.80375,26.04983333333333,1,24,2,27.40828056519515,24.64006719841374,56.168446026097264,1.9206806838513089,2.231795274693029,28.840829630513696,24.766670369486306,0.033967549199310824,0.0403693783071602,0.04698856178177024,139784051.0,1.253019254508144,0.0,0.0,-1,0.0,0,43.2857142857143,-0.06478649415989349,-0.003616636528028856,-0.4635480359722381,0.6398591064130731,0.6408440134981892,0.05643340857787815,0.06727480045610035,-0.20622907425812242,0.04380341880341882,0.0
2026-02-25,29.39,28.08,0.046627252913973356,0.04599686626381924,0.04226357789028097,-0.009597139953743809,0.04559690127321574,27.535500000000003,26.97325,26.326500000000003,2,25,2,27.768593189705122,24.946514475935434,66.79558011049721,1.951168748713556,2.1756699694971346,29.275610973573166,24.670889026426835,0.0360692602343222,0.04126900050232901,0.045820709599741695,140876100.0,2.0993667176779063,0.0,0.0,-1,-0.1068313333333333,3,45.8,-0.06435300877911528,0.027955840455840462,-0.4660270492345164,0.6712105827012976,0.6551250731121734,0.06833878589603781,0.13038461538461532,-0.28895255530991765,0.04746512419190199,-0.1068313333333333
2026-02-26,29.98,29.39,0.015128361415495657,-0.0008328475537627657,-0.0005239717175158237,-0.03115853504754722,0.019876012243625656,27.970499999999998,27.086750000000002,26.588833333333334,3,26,2,28.17066715521328,25.271255477487987,68.89927310488058,1.999885394987814,2.140513054595271,29.739225060649886,24.434274939350118,0.03214034538094482,0.03904664299798265,0.04533777055117744,141934647.0,2.181547372808189,0.0,0.0,-1,0.0,0,42.1730382293763,-0.06156452760865094,-0.0028921401837359935,-0.4579677315742205,0.5370053318948201,0.6198462414275017,0.02653655196028093,0.08191988451822452,-0.4636018944338797,0.04619746497665103,0.1068313333333333
2026-02-27,29.69,29.98,0.014062069921165819,-0.008030827836122642,0.015600940442479592,0.6607381689525529,-0.009720203898783187,28.259499999999996,27.22925,26.767166666666665,4,27,2,28.446909490629047,25.556335769262954,67.9119754350051,1.992129087709948,2.1108362612182066,30.121312230895043,24.337187769104958,0.03126913232024311,0.03828525191095916,0.04218014681937344,139885066.0,1.7017268672247359,0.0,0.0,-1,0.110821,1,38.030583501006,-0.06230565586023817,-0.008672448298865962,1.3434475773396837,0.38045304583578204,0.60775953262715,0.06149445834823042,0.10618479880774978,0.5301553387827939,0.023408555069046825,0.110821
2026-03-02,29.72,29.69,-0.025559408068299393,0.00986217771947495,-0.02120712190907824,-0.8491550851595059,0.0010099310738898729,28.577499999999997,27.489749999999997,26.952166666666667,0,2,3,28.678380492332852,25.824959268020184,68.4994861253854,1.9657430453958398,2.081817618053733,30.28754701870881,24.691952981291184,0.030669215935965655,0.03155406970727611,0.042110686401536264,140761828.0,1.5942900682832695,0.0,0.0,-1,0.097009,3,33.6460317460318,-0.053222207795839686,-0.02425058942404858,-0.7830025927997232,0.33973129859859064,0.5009053277846955,0.07486437613019903,0.21256629946960404,0.6633980376338126,0.05383580080753694,-0.013812000000000005
2026-03-03,28.15,29.72,-0.007275278928412954,-0.017280859527190467,-0.02598473303401966,0.0933784871235968,-0.054272865263858994,28.734499999999997,27.576249999999998,27.095166666666668,1,3,3,28.582311311908693,25.97496189588985,57.20221606648199,1.7974264248318406,2.0249393794093544,30.341574526496537,24.81092547350346,0.036879378513135906,0.030292002781978127,0.04339871051275674,139799251.0,0.41496033792959525,0.0,0.0,-1,0.0,0,33.2023483365949,-0.04498899744283343,-0.03230148048452212,-0.5463967063401272,0.5864538778286216,0.48087063645114514,0.00249287749287741,0.06548069644208931,-0.46162118128782176,0.06447602131438726,-0.097009
2026-03-04,28.87,28.15,-0.012244336986749461,-0.005260044366811967,0.016353114563052037,0.07972260212948848,0.025255639089144317,28.8705,27.66775,27.18883333333333,2,4,3,28.63461834610711,26.16173854776793,65.29745042492917,1.7025068340784912,1.9604528703431818,30.479085092087246,24.856414907912757,0.03618127294687646,0.03036838341861669,0.04046352232072628,140841709.0,0.8552875844532661,0.0,0.0,-1,0.0,0,37.1583011583012,-0.045502566365773454,0.009236234458259381,-0.40777891024359514,0.49518867176273035,0.48208314146830367,-0.01769309288873766,0.06767751479289941,-1.1854188563353145,0.041662625562868025,0.0
2026-03-05,27.64,28.87,0.003864399679998574,-0.023060736250802582,-0.06285595795172892,0.22207051054224083,-0.04353899477537455,28.714,27.73225,27.220833333333335,3,5,3,28.453778646814904,26.257110254363546,53.94366197183099,1.510618187943205,1.8704859338631867,30.474635582701985,24.989864417298016,0.03307453986400365,0.0314550166096709,0.04116533718788848,139540034.0,-0.06727719149479258,0.0,0.0,-1,0.0,0,28.3333333333333,-0.037242918560877664,-0.01212331139591276,0.05234675182564776,0.5095698451401048,0.49933290860757157,-0.07805203468979316,0.04895635673624277,0.05801718258063848,0.08140376266280752,0.0
2026-03-06,26.9,27.64,-0.055139168516181905,-0.026818826814413856,0.0015477249649671,-0.018938652770190877,-0.027137712291675768,28.607,27.760249999999996,27.2415,4,6,3,28.1712734383031,26.298587012146545,51.61725067385444,1.2840317194560882,1.753195090981767,30.45378314244968,25.06671685755031,0.0314551958869525,0.0321442585584452,0.04138857562042283,138262779.0,-0.6387521181325627,0.0,0.0,-1,0.0,0,25.1473684210526,-0.028181881163535535,-0.02351664254703336,-0.02729545411443685,0.5112787056654,0.5102742853452334,-0.09397103401818807,0.021260440394836655,0.5712026305812883,0.05386617100371754,0.0
2026-03-09,26.84,26.9,-0.0033401404221198245,-0.018408749410069963,-0.040843998207445366,0.34978418671204975,-0.0022329745043123414,28.526,27.79275,27.318833333333334,0,9,3,27.92922372224799,26.33351688233064,51.16591928251122,1.087087543639047,1.6199735815132232,30.421412807949306,25.164087192050697,0.03132965472466709,0.03211252750156042,0.039326106512204556,136450659.0,-0.7248932781479638,0.0,0.0,-1,0.0,0,27.6730983302412,-0.02270246192322678,0.0,1.016056785052945,0.5036998835962689,0.5097705704331073,-0.09690444145356658,0.024818633066055584,0.6559592168797067,0.07451564828614009,0.0
2026-03-10,28.1,26.84,0.005930336134848533,0.03543043697950048,0.0299974112858293,-0.39128070628799594,0.04587626423621908,28.528000000000002,27.891750000000002,27.3785,1,10,3,27.960273954566535,26.447483535083503,52.56968641114982,1.0209109096668492,1.5001610471439484,30.40161113056839,25.381888869431613,0.03473042328237993,0.03363616135184275,0.038009884848973635,137675997.0,0.16594543615473964,0.0,0.0,-1,0.207419,1,26.0515769944341,-0.019814399499734837,0.008196721311475367,-0.17231381253296982,0.5829843519139613,0.5339575079749084,-0.001776198934280493,0.07580398162327717,0.17409969715218754,0.0788256227758007,0.207419
2026-03-11,26.34,28.1,0.03771295359705822,-0.0028874276196739664,-0.0055444172239087364,-0.19626792324239967,-0.06468088002456514,28.223000000000003,27.879250000000003,27.389833333333332,2,11,3,27.66567869009989,26.440549113465213,37.59203118233002,0.8170299467579554,1.36353482706675,30.418724199618403,25.339775800381602,0.03581193629571892,0.03659682328137572,0.03977960102838317,136669024.0,-1.2122588213192342,0.0,0.0,-1,0.112023,3,25.1274725274725,-0.0075305602185585675,0.0,-0.6177909801804576,0.670665212121778,0.5809565590649938,-0.08763422237616902,-0.009402030838661202,0.8939160961073057,0.0864844343204253,-0.095396
2026-03-12,25.03,26.34,-0.08191278257625387,-0.07914976654831504,-0.04710446918747346,0.32777905787269784,-0.05101359087145207,27.727999999999998,27.84925,27.3005,3,12,3,27.186464382809,26.349545944854555,37.349397590361455,0.5434818425215511,1.1995242301577103,30.511797800411266,25.186702199588737,0.03603344853085014,0.03742531971668326,0.03889435438997281,135271464.0,-2.1177084592167916,0.0,0.0,-1,0.0,0,22.5294755877034,0.0019523480367855271,-0.017084282460136647,0.15614772476317565,0.6891604270725638,0.5941085322445573,-0.09442836468885674,-0.023410066328521162,0.8979161427496983,0.05273671594087096,-0.112023
2026-03-13,24.81,25.03,-0.014786261609726169,0.002287458107599062,-0.012945164592036963,-0.07801337059297189,-0.008828307739973352,27.24,27.74975,27.232833333333335,4,13,3,26.754379949571,26.25022040002523,37.67361111111112,0.3054201444158551,1.0207034130093393,30.709537465698585,24.789962534301413,0.03605529171992996,0.03583688506568648,0.0385355524124282,133978788.0,-1.98646019963879,0.0,0.0,-1,-0.397222,1,19.9685352622062,0.005308935133124155,0.01917698761486218,-0.041105818293627285,0.6880181892590077,0.5688929138820664,-0.07769516728624537,-0.07425373134328361,0.4940567963921481,0.06852075775896828,-0.397222
2026-03-16,26.2,24.81,-0.004321358129229199,0.003990504107782912,0.0284988181211611,0.04093895434468883,0.054512613063341604,26.887999999999998,27.73275,27.28916666666667,0,16,3,26.65358359510354,26.246980374217156,42.46794871794873,0.22630718841378084,0.8618241680902277,30.72551579525768,24.739984204742317,0.042724224288096746,0.03815195884538291,0.03644994236593362,135325483.0,-1.0243033400266641,0.0,0.0,-1,0.0,0,19.9685352622062,0.0010599932808735841,0.023780733575171298,0.05809640830966657,0.8603872952351522,0.6056435708091249,-0.023845007451564815,-0.012810851544837965,0.10041710422338725,0.04179389312977095,0.397222
2026-03-17,26.21,26.2,0.030628484495129834,0.0035967857043766056,-0.008744093869229017,0.09987760718960642,0.00038160656826382103,26.694,27.714250000000003,27.282166666666665,1,17,3,26.572932032357443,26.2445945436225,35.77817531305904,0.16254282472652903,0.7219678994174881,30.741396085185492,24.687103914814514,0.04027706388093056,0.038150522876687125,0.033579842176187084,136813629.0,-0.9938403748412624,0.0,0.0,-1,0.314516,3,19.9685352622062,0.005003887959284526,-0.00038167938931290115,0.2930900679412998,0.7434894146102892,0.6056207755127677,-0.06725978647686837,-0.01392024078254317,0.6415713538692517,0.05379626096909577,0.314516
2026-03-18,25.42,26.21,0.005331314988597413,-0.004925185178591659,-0.00600200800401931,-0.13007821570711275,-0.030604751574006894,26.349,27.609750000000002,27.228166666666667,2,18,3,26.363308026474268,26.19139489564686,29.964850615114244,0.04771270702595487,0.5871168609391815,30.806150072120797,24.413349927879207,0.03920409846676582,0.03778391108454833,0.03372939788497616,135506997.0,-1.3701351211315123,0.0,0.0,-1,0.3110599999999999,3,19.9685352622062,0.022372010672702308,0.0045784051888591165,-0.11504692639516322,0.634492343309337,0.59980099373455,-0.03492786636294598,-0.07597237368229737,0.9775132287215624,0.056250983477576705,-0.0034560000000001256
2026-03-19,25.38,25.42,-0.05543964423412895,-0.023828952230419868,-0.01334563299376682,-0.5963097411606063,-0.0015748034750665122,26.123,27.4185,27.195833333333333,3,19,3,26.18452474893349,26.13904683786319,30.63791554357593,-0.04598852714999779,0.46049578332134566,30.670254344317954,24.16674565568205,0.03776049420156223,0.03457927275562416,0.03342356618891322,134787251.0,-1.25378474764678,0.0,0.0,-1,0.3108623333333333,3,19.9685352622062,0.028253393220749795,-0.02006294256490958,-1.7214571065967132,0.5067843792695362,0.5489289373731162,0.013983220135836971,-0.13097072419106315,1.3924500833791063,0.04491725768321515,-0.00019766666666659605
2026-03-20,25.06,25.38,-0.0028140722088110222,-0.01765790435545304,-0.02347235618514216,1.722621794114269,-0.012688512818319378,25.939,27.273000000000003,27.153166666666664,4,20,3,25.980065703672857,26.06943091283976,29.59719789842383,-0.1444041547562307,0.3395157957058304,30.677672331401624,23.868327668598383,0.03723389382926304,0.03358167673247991,0.03349389822009793,130757257.0,-1.299978256109578,0.0,0.0,-1,0.047781,4,19.9685352622062,0.02763313755805441,-0.02127659574468082,3.81236627317371,0.5131522541713243,0.5330925914562359,0.01007658202337769,-0.10404004290311053,1.4320224362668275,0.05027932960893861,-0.2630813333333333
2026-03-23,23.36,25.06,-0.0012084593615683834,0.011806512586988824,-0.04430025889657995,-0.6516832670882559,-0.07024779150789587,25.591,27.0585,27.058833333333332,0,23,3,25.50369012118688,25.894628918463003,29.264069264069292,-0.3554773199205883,0.2005171725805467,30.87839955778685,23.238600442213148,0.04189839921266803,0.03640529496312467,0.035639610612569254,128656954.0,-1.9364383508255456,0.0,0.0,-1,0.0,0,19.9685352622062,0.04711622369392382,-0.009976057462090982,0.9515930287924241,0.44710600513024706,0.5779161412702813,-0.10839694656488552,-0.15515370705244125,-1.3594523877319273,0.11130136986301362,-0.047781
2026-03-24,23.07,23.36,-0.06752564643626925,-0.09236069968462969,-0.039122111742783156,-0.6401813842467117,-0.01249208577436399,25.088,26.808,26.95716666666667,1,24,3,25.06120100824381,25.712394794691196,23.920863309352526,-0.5399309129135119,0.052427555481734986,30.986136577848924,22.629863422151075,0.03629248787067144,0.03599757177113277,0.03567910553365271,127549681.0,-1.7893144134242127,0.0,0.0,-1,0.0,0,19.9685352622062,0.0545671761684836,-0.007277397260273893,-0.44705085103115527,0.41412152771951943,0.5714437362516973,-0.11980160244181615,-0.17841880341880334,-1.4711988084376475,0.053138274815778035,0.0
2026-03-25,24.81,23.07,0.012001858595491653,0.06780501042718615,0.05981250500022939,0.5158588459124739,0.07271372551804718,24.935,26.578999999999997,26.89783333333333,2,25,3,25.015528097654027,25.654175775678862,37.83319002579536,-0.5394893585585265,-0.06595582732631733,30.662248964398863,22.49575103560113,0.04338644478133311,0.03881020346670785,0.038315996116013516,129404448.0,-0.8664668823398232,0.0,0.0,-1,0.0,0,19.9685352622062,0.05009346978824081,0.01733853489380141,0.5506256249019543,0.8146321247335399,0.6160928802283548,-0.02399685287175468,-0.1558353181354203,0.7195465169837983,0.060459492140266025,0.0
2026-03-26,26.32,24.81,0.051889622726557796,0.05689106990037997,0.0505357549672776,-0.6360829429111389,0.059082308753406906,25.064,26.395999999999997,26.920833333333334,3,26,3,25.252704807171476,25.69713217724797,47.661290322580655,-0.4125395440803068,-0.13527257067711523,30.15245073244205,22.639549267557946,0.04482442742009375,0.041337025942811044,0.039380028172516554,130386291.0,-0.040463727818194864,0.0,0.0,-1,0.211185,2,19.9685352622062,0.044761044807553566,-0.0036275695284159557,-0.668074588918995,0.9368194137090704,0.6562049435022199,0.03703703703703698,-0.12208138759172782,-0.056440406000548914,0.06629939209726433,0.211185
2026-03-27,24.8,26.32,0.050868446871070186,-0.005507563062447869,-0.016563102292597224,0.4564168435442145,-0.05948545328618,25.063,26.1515,26.854166666666668,4,27,3,25.170394842231204,25.639252681941652,42.64069264069265,-0.42962969462779554,-0.1941439954672513,29.631610554807917,22.67138944519208,0.04908292201730501,0.04294796279796211,0.039916042265135676,128836542.0,-0.7766994632586275,0.0,0.0,-1,0.029768,1,19.9685352622062,0.0584802829403409,-0.011778115501519708,0.1650510770376955,1.0495014374971168,0.6817777732815692,-0.010375099760574491,-0.16470191983832938,0.23908550301214385,0.08084677419354834,-0.18141700000000002
2026-03-30,20.21,24.8,-0.08042724911261467,-0.06226851654855717,-0.19970895876646572,1.2820675439791958,-0.20466612175540683,24.464,25.676,26.643166666666666,0,30,3,24.268504870916438,25.288978315364773,27.05061082024433,-0.8042771949755085,-0.3161706353689028,29.664754719273624,21.687245280726373,0.07263672510512534,0.058291198363355785,0.052095660348218824,123251117.0,-2.740704999276259,0.0,0.0,-1,0.3143295714285714,7,19.9685352622062,0.08276937511467501,-0.03225806451612906,3.403324332165006,1.6707233349755237,0.9253440869602482,-0.13484589041095885,-0.31998654104979807,-0.9472096303863689,0.2380009896091045,0.28456157142857136
2026-03-31,22.03,20.21,-0.16989903679539747,-0.05487960358880042,0.016974945790132586,-0.7005571742888329,0.0862276293987222,24.046,25.37,26.4915,1,31,3,23.861503985295265,25.07872164985737,37.5072463768116,-0.9434537015729987,-0.44162724860972197,29.496249730942928,21.243750269057074,0.08091736693648509,0.06233482996238136,0.05505715126155112,126023212.0,-1.6189034681799284,0.0,0.0,-1,0.42403225,4,19.9685352622062,0.0772002198922393,0.0019792182088074787,0.8701543834696914,1.8620977549597195,0.9895347485877529,-0.045080190723883806,-0.21740674955595019,-1.1882682965003923,0.14310485701316383,0.10970267857142862
2026-04-01,22.73,22.03,0.1049159724186761,0.03976802339403769,0.10694342061833134,-0.5428779893309487,0.031280477050200074,23.777,25.063,26.33216666666667,2,1,4,23.655775987968852,24.927191220834317,43.08894230769231,-0.9859030591456985,-0.5504824107169173,29.002217662109445,21.123782337890553,0.08191677960932536,0.062537358784664,0.05498032027558871,127634003.0,-1.1844991569979304,0.0,0.0,-1,0.439823,1,19.9685352622062,0.07534964372138418,0.020880617339990797,-0.15418318623486899,1.769319371303245,0.9927497939702489,-0.08383716243450212,-0.21267751991686878,-1.1263793004300675,0.08007039155301365,0.01579075000000002
2026-04-02,23.37,22.73,-0.023848149329894347,-0.017016389008784563,-0.03900258747822395,-0.13145834238057327,0.02776751068631477,23.576,24.8495,26.137666666666668,3,2,4,23.60381671742906,24.82672727110307,45.779601406799536,-0.9568716092764973,-0.6317602504288333,28.661434030467067,21.03756596953293,0.08270818263027042,0.06259343902111304,0.05391539908678989,129046370.0,-0.7762463821120839,0.0,0.0,-1,0.046798,1,19.9685352622062,0.07330699650894038,-0.033875934887813444,-0.3319211898486142,1.69824173884568,0.993640040124908,-0.11208206686930089,-0.15448625180897246,-1.0773246368103864,0.0971287976037655,-0.393025
2026-04-06,21.94,23.37,0.058372006221907254,-0.022434803377691877,0.0018438040255782098,0.13880099021547215,-0.06314169370368242,23.264000000000003,24.601499999999998,25.936666666666664,0,6,4,23.30130458698741,24.640486801999646,37.543859649122815,-1.037295725655028,-0.7128673454740723,28.496221258859464,20.706778741140532,0.08461336278163437,0.06364732140128973,0.05446260453253735,127423708.0,-1.366721684611336,0.0,0.0,-1,0.253957,2,19.9685352622062,0.08643393782621445,-0.003851091142490366,-0.16479192137629223,1.70340775267241,1.0103699042592702,-0.11532258064516121,-0.18438661710037163,-1.041328460844962,0.07748404740200543,0.20715899999999998
2026-04-07,22.31,21.94,-0.06982163897303657,-0.04599014951558522,-0.03094004195599752,-0.3650217730477228,0.016723553597356895,23.159,24.375,25.758666666666667,1,7,4,23.121067389353335,24.49013281477386,38.83161512027491,-1.0589693698187759,-0.782087750343013,28.248420900662044,20.501579099337956,0.0823677699035478,0.06388306114175935,0.054620088620811844,128550130.0,-1.0662409549383347,0.0,0.0,-1,0.041092,1,19.9685352622062,0.0859096650570809,-0.01048313582497723,-0.5636286481552378,0.8588376583222055,1.0141121566237752,0.10390895596239469,-0.16877794336810736,-0.6025663701577293,0.058713581353653024,-0.212865
2026-04-08,22.71,22.31,0.07239564296820941,0.06423031587042517,0.07563265231219594,0.13237840694819691,0.017770347673026005,23.122999999999998,24.1055,25.57966666666667,2,8,4,23.046327864016362,24.375285536401357,42.06209724663151,-1.031973286245428,-0.8320648575234961,27.62118201064905,20.589817989350948,0.08247290832528936,0.06291168042720144,0.05465357827383307,129835986.0,-0.7938715707353559,0.0,0.0,-1,0.0,0,19.9685352622062,0.08422437842270362,0.046167637830569305,-0.42863416366636153,0.6110928741826355,0.9986919658292686,0.030866999546073526,-0.19181494661921705,-2.0810736770000746,0.050198150594451804,-0.041092
2026-04-09,22.94,22.71,-0.04021520921439594,-0.025544173047425955,-0.01736850608164414,-0.27659169454716437,0.010076755583757627,22.936,23.9355,25.364666666666665,3,9,4,23.026995525104297,24.282686469536756,42.93163383545771,-0.9807145508390107,-0.8617947961865992,27.32270487158758,20.548295128412423,0.07847593459724571,0.06171588474567206,0.05385181718128744,130811133.0,-0.5878002882851371,0.0,0.0,-1,0.600571,2,19.9685352622062,0.0765928966448445,-0.012769704975781556,-0.6961349986272576,0.5733048441436739,0.9797092978762382,0.009238891333040122,-0.12908124525436593,-2.056300504136966,0.04054054054054053,0.600571
2026-04-10,23.05,22.94,0.02727841818367661,0.010722813441371578,0.017368506081644173,-0.06783349893796246,0.004783657741432788,22.609,23.8365,25.13366666666667,4,10,4,23.031178156903515,24.203158310211805,44.105571847507335,-0.9206034099839648,-0.8735565189460723,27.204699737795487,20.468300262204515,0.07519572273137717,0.06083266881352572,0.053661231936911,131722326.0,-0.4670150592166312,0.0,0.0,-1,0.111193,1,19.9685352622062,0.08117761457341471,0.004359197907584911,-0.7220437194529631,0.5294364778222741,0.9656886796136622,-0.01369276850663248,-0.0791050739113065,-2.0970348868059414,0.03427331887201747,-0.489378
2026-04-13,22.52,23.05,-0.001302931780415906,0.002556456441301394,-0.020067563050809256,0.3070371577651891,-0.023261966171167905,22.381,23.722,24.89466666666667,0,13,4,22.938236673830147,24.094567451488466,47.355163727959706,-0.9052957821347576,-0.8799043715838095,27.106513336702513,20.33748666329749,0.07355080031800675,0.06099573424052281,0.05373690495982467,130483658.0,-0.7102941430102893,0.0,0.0,-1,0.0,0,19.9685352622062,0.0839575218449102,-0.001735357917570462,-0.4387289868524422,0.26531091229232484,0.9682772630172635,0.02643573381950759,-0.09230149133413945,-1.7070280797646673,0.057726465364120814,-0.111193
2026-04-14,22.89,22.52,-0.016652444401828618,0.007841515225601777,0.014755465565919485,-0.023857668825921087,0.0162963306929857,22.649,23.5565,24.666999999999998,1,14,4,22.92946636949739,24.016853422360178,49.436090225563916,-0.8534701958467998,-0.8746175364364076,26.74908532425258,20.36391467574742,0.038651445682325446,0.05960721623658371,0.05389667839368693,131693124.0,-0.41752995287982436,0.0,0.0,-1,0.0,0,19.9685352622062,0.0822073894028659,0.004884547069271734,-0.45671557419527464,0.264138149339902,0.9462352230411114,0.025997310623039116,-0.12633587786259537,-1.7188202314095251,0.05045871559633017,0.0
2026-04-15,24.16,22.89,0.020556157882301924,0.021510696786925586,0.01825229340264363,0.0362161195444741,0.05399823910213884,22.862000000000002,23.454,24.534,2,15,4,23.153199756861497,24.026088685433717,47.90187217559716,-0.701829406637188,-0.8400599104765638,26.4108076668848,20.4971923331152,0.031983957375174635,0.0611202922674942,0.054360177713454035,132947195.0,0.4775420517925124,0.0,0.0,-1,0.308024,1,19.9685352622062,0.07857772115175121,0.009174311926605542,-0.4073010410934783,0.4481126969657497,0.9702545603962425,0.06384852487890802,-0.07821442197634498,0.5875826782377708,0.051945364238410556,0.308024
2026-04-16,25.0,24.16,0.0465200156348927,0.06615137268554423,0.05325258531584392,0.21640115714193334,0.034177451801586455,23.089,23.433,24.404999999999998,3,16,4,23.488981619250314,24.088921673470253,45.54655870445344,-0.5080159175796588,-0.7736511118971828,26.336501334596107,20.529498665403892,0.03222620754959094,0.061280792048846726,0.05455574141617677,134504250.0,1.0793864506475104,0.0,0.0,-1,0.2651995,2,19.9685352622062,0.07578034207142383,0.0016556291390728123,-0.16060818759322032,0.4724479387730102,0.9728024154378766,0.08979947689625112,-0.01652242328874909,-0.1674197195858841,0.06620000000000005,-0.04282450000000004
2026-04-17,24.99,25.0,0.059165122651981365,0.002124988725833903,0.027912579147876825,-0.2779803271053865,-0.00040008002133980235,23.250999999999998,23.4135,24.316666666666666,4,17,4,23.76189405211389,24.14705575905282,50.713749060856486,-0.351176108003763,-0.6891561111184988,26.26674764176973,20.56025235823027,0.03170317433423659,0.06127869842255991,0.054048456591775734,133325074.0,1.105056551643848,0.0,0.0,-1,0.0,0,19.9685352622062,0.07866112110455332,0.027000000000000027,-0.510012694213836,0.4827135296749776,0.9727691801509173,0.08416485900216908,-0.015366430260047359,-0.042034383149206635,0.041016406562624994,-0.2651995
2026-04-20,24.71,24.99,-0.03588451231335373,-0.03215963419568774,-0.015592094759836275,-0.36181666067728013,-0.011267724846342158,23.528,23.396,24.24366666666667,0,20,4,23.934276951729547,24.183374742339733,75.0,-0.24663009072346043,-0.6006509070394912,26.21076109110549,20.581238908894512,0.022259639641186418,0.06126294761019366,0.05387558105050534,132503884.0,0.9336493986307947,0.0,0.0,-1,0.0,0,19.9685352622062,0.07609458814525356,-0.008803521408563381,-0.7552242739264904,0.4255806019979059,0.9725191437561073,0.09724689165186517,-0.013966480446927276,0.37784035246296516,0.023876972885471463,0.0
2026-04-21,24.98,24.71,0.004029014314045062,0.038699376680121175,0.0012237407197166485,0.7251842716001814,0.01086748469691293,23.794999999999998,23.476999999999997,24.18166666666667,1,21,4,24.124408415051448,24.234769920253303,69.79865771812081,-0.14037175706256022,-0.508595077044105,26.379275695127475,20.574724304872518,0.022199916547067287,0.0590850007567112,0.05392171690467058,134199733.0,1.0357389565183859,0.0,0.0,-1,0.0,0,19.9685352622062,0.07297873937163973,0.006475111290975319,0.10459636509995943,0.42946229953076825,0.937945309297926,0.09130624726955006,0.06934931506849318,0.5604699787598074,0.0620496397117693,0.0
2026-04-22,25.89,24.98,0.01832720619827039,0.0,0.012960894272239875,-0.1871658953366246,0.035781289066014674,24.113000000000003,23.618000000000002,24.108,2,22,4,24.445425066860274,24.341558957656318,70.62663185378591,0.017071344889000528,-0.4034617926574839,26.70513868544309,20.530861314556915,0.02351888563265557,0.059330671752742044,0.05363328886735515,135606111.0,1.4719131412613595,0.0,0.0,-1,0.0,0,19.9685352622062,0.07210412953159889,0.014011208967173653,-0.19037857620121354,0.33547476390359715,0.9418452154569609,0.07160596026490063,0.12223667100130031,0.029029385816980873,0.04750869061413661,0.0
2026-04-23,25.99,25.89,0.03510493312509117,0.08204636206535601,0.03906592637176325,0.2334524527762614,0.003855054889952452,24.418,23.677,24.096333333333337,3,23,4,24.726256872885678,24.447909992646235,68.39887640449437,0.14820686527966842,-0.29312806107005346,26.902080007167722,20.451919992832277,0.023699567741781318,0.05714073274007824,0.05236873196503387,137382300.0,1.4343830198688836,0.0,0.0,-1,0.0,0,19.9685352622062,0.07125716772155935,0.013325608342989527,0.17254521659937966,0.28322134199647764,0.9070810113735204,0.03959999999999986,0.047561467150342596,1.1409251342323208,0.09503655252020003,0.0
