date,close,YesterdayClose,YesterdayOpenLogR,YesterdayHighLogR,YesterdayLowLogR,YesterdayVolumeLogR,YesterdayCloseLogR,MA10,MA20,MA30,DayOfWeek,DayOfMonth,MonthNumber,EMA10,EMA30,RSI,MACD,MACD_Signal,BollingerUpper,BollingerLower,Volatility_10,Volatility_20,Volatility_30,OBV,ZScore,insider_shares,insider_amount,insider_buy_flag,sentiment,num_articles,fear_greed,fear_greed_correlation,overnight_gap,abnormal_vol,volatility_5d,volatility_20d,momentum_5d,momentum_20d,skew_5d,intraday_range,sentiment_change
2025-03-26,18.45,18.74,0.003726381740813787,0.009170770417964276,0.0021727330655020665,-0.09900783527669586,-0.01559590632373991,18.46,18.610999999999997,19.196666666666665,2,26,3,18.56163924514806,19.235343965814927,50.609756097560975,-0.4781904357398261,-0.5985753989547931,19.9008780032071,17.321121996792893,0.027661612613633715,0.04705790636960674,0.04373315841655632,32485308.0,-0.24963601146727604,0.0,0.0,-1,0.0,0,28.88571428571429,-0.00037174184583480804,0.0042689434364995655,-0.7004297252137922,0.33966988673823023,0.7470211048400507,-0.030478192327903386,-0.07518796992481203,-0.6232869564658636,0.04010840108401095,0.0
2025-03-27,18.4,18.45,-0.022569469542293726,-0.02268628024727714,-0.010911182991160158,0.042282141949629315,-0.002713705871596273,18.512999999999998,18.569,19.127,3,27,3,18.532250291484775,19.181450806730094,40.34021871202916,-0.4585334830480825,-0.570567015773451,19.826949877672593,17.311050122327405,0.025606363048201054,0.04642407350721781,0.04370288259056828,30953837.0,-0.26869115057696463,0.0,0.0,-1,0.0,0,28.342857142857145,-0.0005235406627991821,-0.0027100271002710413,-0.6659742701723259,0.19787625455413912,0.7369593200800828,0.004366812227074135,-0.043659043659043606,0.3345050605380248,0.02771739130434772,0.0
2025-03-28,18.07,18.4,-0.0005436259987100702,-0.010729716672566966,-0.03176639351475773,1.4056039920698642,-0.018097560010802677,18.53,18.4905,19.069000000000003,4,28,3,18.44820478394209,19.109744303070087,46.56381486676018,-0.46423207016368906,-0.5493000266514987,19.65987185117286,17.321128148827142,0.02647395421745358,0.04626561758864331,0.04342342001499488,24708515.0,-0.7191895368068706,0.0,0.0,-1,0.0,0,26.371428571428574,0.011195669309534877,-0.0005434782608694571,1.518829346006013,0.23974312404045228,0.7344439103541961,-0.013646288209607005,-0.07993890020366601,0.5910475538768519,0.04869950193691195,0.0
2025-03-31,18.2,18.07,-0.04050484344041582,-0.014122994111705013,-0.003403293131707807,-0.9687452994901437,0.007168489478612497,18.467000000000002,18.4785,19.015666666666664,0,31,3,18.403076641407164,19.05105112222686,60.10452961672474,-0.45303601083644196,-0.5300472234884874,19.654958109840795,17.302041890159206,0.0199234921500034,0.04423881625900081,0.0434562709205283,27078983.0,-0.47345502176476034,0.0,0.0,-1,0.0,0,21.11428571428572,0.016907816041404285,-0.022689540675152192,-0.33498993701261354,0.17881220420021612,0.7022694367031815,-0.02517407605784694,-0.013015184381778844,-0.22295591775170845,0.03736263736263735,0.0
2025-04-01,17.87,18.2,0.027368365535045718,0.005455550901536959,-0.0008526361181603218,-0.21887052243507266,-0.01829826491141293,18.407,18.436500000000002,18.886999999999997,1,1,4,18.30615361569677,18.97485427563158,44.136460554370984,-0.46542615226567463,-0.517123009243925,19.63787246076033,17.235127539239674,0.019838269265064497,0.0442854515127866,0.03926352519524871,25174488.0,-0.943088040558999,0.0,0.0,-1,0.0,0,19.571428571428573,0.030540221809724034,-0.0027472527472527865,-0.5487380160523571,0.17856470378706238,0.7030097484062551,-0.04642475987193151,-0.044895777659005875,0.9879616933029006,0.04448796866256285,0.0
2025-04-02,19.71,17.87,-0.030771658666753545,0.0809630172971624,-0.001422677718975301,1.1306636023504355,0.09800279199329219,18.475,18.4595,18.836666666666666,2,2,4,18.56139841284281,19.02228303204245,65.3846153846154,-0.3230488995134735,-0.47830818729783464,19.741365006440414,17.177634993559582,0.03822474370802099,0.049714933049354725,0.043818134847151885,31074064.0,1.9510634797223905,0.0,0.0,-1,0.0,0,22.6,-0.05684639424717376,-0.015109121432568526,1.2182272530488591,0.8052449886819872,0.7892000957689117,0.06829268292682933,0.02389610389610386,1.9948472371436576,0.12024353120243536,0.0
2025-04-03,18.3,19.71,0.06276137476616997,-0.015676680087486274,0.03579800587577903,-0.5656219735857776,-0.07422506131725363,18.473,18.458,18.755000000000003,3,3,4,18.51387142868957,18.97568412674939,52.71739130434785,-0.32029693340262,-0.44670593651879176,19.740573071684484,17.175426928315513,0.04351548801013162,0.05123538500667036,0.0455140392358878,27723065.0,-0.2463797244588743,0.0,0.0,-1,0.0,0,12.142857142857142,0.02700533609872058,-0.04921359715880276,0.018692884308089356,1.0170972192425711,0.8133365223257831,-0.005434782608695565,-0.0016366612111291534,1.0914949739430062,0.07759562841530064,0.0
2025-04-04,17.47,18.3,-0.06845939588080771,-0.09370596266184399,-0.07410797215372196,-0.07163771051578677,-0.046415935701410206,18.387999999999998,18.332,18.670666666666666,4,4,4,18.32407662347328,18.878543215346205,40.633608815426996,-0.3807015533054816,-0.43350505987612975,19.46757961087333,17.196420389126672,0.04589759709964685,0.04763949083386834,0.045774342552321746,24603727.0,-1.5181674481405516,0.0,0.0,-1,0.0,0,5.385714285714286,0.04884293628686703,-0.043715846994535554,-0.07670487365157407,1.0658855029252483,0.7562534719929404,-0.03320420586607642,-0.12606303151575782,1.2337090473568668,0.055237550085861474,0.0
2025-04-07,16.96,17.47,-0.019037206020084144,-0.004206989797629326,-0.04601295908722492,-0.14336952647759257,-0.02962749378220812,18.217,18.252000000000002,18.575666666666667,0,7,4,18.076062691932684,18.754766233710967,39.81106612685561,-0.46437239165324584,-0.43967852623155296,19.535721563514155,16.96827843648585,0.045758973900334586,0.04544760160312985,0.046004061588243654,21901027.0,-2.0128975577276864,0.0,0.0,-1,0.0,0,4.0,0.05667234335202569,-0.01717229536348009,-0.2923109401713704,1.0710085377122986,0.721458309157332,-0.068131868131868,-0.08620689655172398,1.7363146400240894,0.09728773584905652,0.0
2025-04-08,16.43,16.96,0.034347967257175746,0.0067227143948767375,0.0,-0.14514576202770943,-0.031748698314580416,17.986,18.2215,18.452666666666666,1,8,4,17.77677856612674,18.604781315407035,32.384823848238455,-0.5669136764937655,-0.4651255562839955,19.647562300255554,16.795437699744443,0.04604343567249024,0.042141906028634706,0.04610477376780356,19563472.0,-2.512512952174609,0.0,0.0,-1,0.0,0,2.9,0.05376802315753807,0.04775943396226407,-0.44583425813624983,1.0795619397761518,0.6689820187561263,-0.08058198097369895,-0.03579812206572763,1.8795696365488461,0.10772976262933656,0.0
2025-04-09,18.01,16.43,-0.0993136811622681,0.02263414317336374,-0.008087135833179354,0.4529767330455376,0.09181822713868819,17.942,18.201,18.388,2,9,4,17.819182463194604,18.56640832731626,48.121212121212125,-0.5147518492150418,-0.4750508148702048,19.62683530458083,16.77516469541917,0.0573034737255648,0.04380018996006107,0.04970639874437427,23240417.0,-0.26791313048059134,0.0,0.0,-1,0.0,0,9.5,0.0317220690446868,-0.020693852708460126,0.5618386020519838,1.0328673296498527,0.6953064600702582,-0.08625063419583967,-0.0222584147665581,1.846438043626021,0.12826207662409764,0.0
2025-04-10,17.26,18.01,0.09649598417264296,-0.03329941406904945,0.05764410335513366,-0.838859050400438,-0.04253547353258279,17.828,18.170499999999997,18.322000000000003,3,10,4,17.71751292443195,18.48212391910231,44.111111111111114,-0.5278472626096011,-0.4856101044180841,19.651189384250188,16.689810615749806,0.05873882570575357,0.04429611995084182,0.04985858454331556,21651229.0,-1.2298325491960818,0.0,0.0,-1,0.0,0,5.614285714285715,0.05500999826405163,-0.016102165463631465,-0.9617360686198769,0.9505513983841052,0.7031791046100847,-0.05683060109289617,-0.034135422495803036,2.163982976758829,0.04403244495944368,0.0
2025-04-11,18.15,17.26,-0.026302259521652833,0.03439052165138393,-0.005320733805880115,0.36221460978757786,0.05027887505557783,17.836,18.183,18.272333333333336,4,11,4,17.796146938171596,18.46069656948281,47.27463312368971,-0.4610946974616432,-0.4807070230267959,19.658285520982528,16.707714479017472,0.061086144971479045,0.04582279746133111,0.05066286629852461,23934109.0,-0.044737102792174806,0.0,0.0,-1,0.0,0,8.385714285714286,0.027151069361962453,0.0,-0.38824739134034886,0.9738269389517854,0.7274143587597839,0.03892386949055515,0.013966480446927276,0.8713234536118583,0.08099173553719002,0.0
2025-04-14,18.5,18.15,0.07476989506387373,0.04660675718848841,0.0703750417139031,-0.22812664122140616,0.01910017137341943,17.866,18.166500000000003,18.274333333333335,0,14,4,17.924120222140395,18.46323227467747,48.778004073319764,-0.37562081083618537,-0.4596897805886738,19.61851529642503,16.714484703574975,0.061317844133952235,0.04449895183962474,0.04950928794517581,25751335.0,0.4593615519355742,0.0,0.0,-1,0.0,0,12.342857142857143,0.014243110633410824,0.024793388429752223,-0.6889664946313951,0.9125281938110437,0.7063989610241234,0.09080188679245271,-0.017525225703664327,0.3314155411974803,0.06027027027027019,0.0
2025-04-15,18.76,18.5,0.006430890330290331,-0.014943258795575795,0.01752509255538081,0.3692003287747298,0.013956211493799558,17.955000000000002,18.181,18.276,1,15,4,18.076098363569415,18.482378579536988,51.58324821246171,-0.2836327707639761,-0.4244783786237343,19.65145141654551,16.710548583454493,0.06091203010638135,0.044365511741656524,0.049503930044392054,28380093.0,0.7875132676742629,0.0,0.0,-1,0.0,0,13.114285714285716,-0.002743654542404088,0.011891891891891831,-0.10286822053586181,0.8064201821481869,0.7042806651392355,0.141813755325624,0.015701136978884866,-0.02471387411760233,0.02718550106609797,0.0
2025-04-16,18.7,18.76,-0.020508004221127123,-0.008488114622814086,-0.009271950798660392,-0.15923193062677793,-0.003203419717537812,17.854000000000003,18.1645,18.257666666666662,2,16,4,18.18953502473861,18.496418671179764,51.530612244897966,-0.21311641149641858,-0.3822059851982712,19.601872969215442,16.72712703078456,0.05061285439929988,0.04385739953115003,0.049232766915056736,26138292.0,0.7451093230065262,0.0,0.0,-1,0.0,0,11.142857142857142,-0.02402753038665726,-0.022388059701492626,-0.37378405202543585,0.5413477725579495,0.6962146338565426,0.03831204886174344,-0.017341040462427793,-0.4158599550956475,0.02780748663101602,0.0
2025-04-17,18.79,18.7,0.01943905703222212,0.008488114622814116,0.00927195079866026,-0.3549283221418411,0.00480128956483307,17.903,18.188000000000002,18.273000000000003,3,17,4,18.298710474786134,18.515359402071393,53.765690376569026,-0.14826038743782632,-0.3354168656461822,19.65121347868661,16.724786521313394,0.04472799067399224,0.0429730394385929,0.04839461692929387,27710296.0,0.8228464387033353,0.0,0.0,-1,0.0,0,16.057142857142857,-0.031213453649573873,0.0,-0.8278735057820141,0.3334235953345021,0.6821758526105253,0.08864426419466964,0.025655021834060987,1.3321075745867954,0.027142096860031828,0.0
2025-04-21,18.42,18.79,0.0005346164254574871,-0.0031746058407725423,-0.018907262782332523,-0.03725730339373717,-0.01988778259821305,17.998,18.193,18.220666666666666,0,21,4,18.32076311573411,18.509207182582916,51.12244897959185,-0.12527335562624842,-0.29338816364219544,19.658793839169412,16.72720616083059,0.042281133128439265,0.043248938029690806,0.0455345115747945,26195783.0,0.3097297777273087,0.0,0.0,-1,0.0,0,12.371428571428572,-0.030773886785565484,-0.004257583821181389,-0.7872590080374032,0.24386111152763895,0.6865556069652341,0.014876033057851457,0.005458515283842891,-0.7350439076930447,0.04315960912052126,0.0
2025-04-22,19.15,18.42,-0.0005346164254574462,0.019418085857101516,0.03345885342264318,0.28693964416207474,0.03886568479949401,18.217,18.217000000000002,18.240333333333332,1,22,4,18.471533458327908,18.55054865467434,56.27450980392156,-0.04760233804594094,-0.24423099852294455,19.730616790826968,16.703383209173037,0.04149380223356849,0.043935801664484915,0.044160787279179235,28213635.0,1.23280873422427,0.0,0.0,-1,0.0,0,13.600000000000003,-0.05140145105102944,0.015200868621063929,-0.42736489045683845,0.3492096705337311,0.6974592291389088,0.035135135135135,0.025709694697375385,0.5598076526158348,0.028720626631853638,0.0
2025-04-23,19.75,19.15,0.0596804832726585,0.07304080061207494,0.0465200156348927,0.4049720531668333,0.03085077572047603,18.549,18.267500000000002,18.330666666666666,2,23,4,18.703981920450104,18.627932612437288,50.223214285714285,0.06165674795624909,-0.18305344922710584,19.9159745739781,16.619025426021903,0.038708830456470215,0.04441839228682397,0.04150436831674451,31238921.0,1.798632533861205,0.0,0.0,-1,0.0,0,21.542857142857144,-0.05372383695542037,0.036553524804177694,0.2704874611808925,0.3899796972988515,0.7051201177694749,0.05277185501066084,0.05389541088580585,0.08228137032418212,0.05660253164556974,0.0
2025-04-24,21.68,19.75,0.004022127091503924,0.049581511685057825,0.006363773544602586,0.1337070217514554,0.09323668522431454,18.916,18.429000000000002,18.439333333333334,3,24,4,19.2450761167319,18.82484018582843,67.82700421940928,0.300516068921425,-0.08633954559739968,20.676720716871266,16.181279283128738,0.03905403155334894,0.04885739675026298,0.04264725785225191,34696998.0,2.892708133709116,0.0,0.0,-1,0.0,0,24.08571428571429,-0.06266741963443902,0.009113924050632898,0.528482091494376,0.7001654596305347,0.775587129043267,0.15935828877005354,0.1750677506775069,0.7528565032867844,0.09432656826568274,0.0
2025-04-25,21.92,21.68,0.07861361181609301,0.015511259897332721,0.08111565868408942,-0.36047406073801314,0.011009285508369396,19.382,18.604999999999997,18.574333333333335,4,25,4,19.731425913689737,19.024527915774986,75.0281214848144,0.5033771771542987,0.03160379895294002,21.341301768522744,15.86869823147725,0.03298749492829859,0.0487776392652379,0.042101674892788175,37108473.0,2.4229783703934684,0.0,0.0,-1,0.0,0,34.51428571428572,-0.06482398569851813,-0.005535055350553551,-0.3091538198853916,0.6868383834066817,0.774321018219833,0.1665779670037255,0.19130434782608718,0.7034665457612168,0.0328467153284671,0.0
2025-04-28,21.84,21.92,0.009693129205659751,-0.0009057971633807987,0.0014028526967494119,-0.5248696019276377,-0.0036563112031105433,19.750999999999998,18.7935,18.705666666666666,0,28,4,20.114803020291603,19.20617127604757,78.8416075650118,0.6501956844347028,0.15532217604929258,21.872572143220676,15.714427856779327,0.03260211525570042,0.04845221123935218,0.042139037817737,35681766.0,1.978842884021154,0.0,0.0,-1,0.0,0,32.142857142857146,-0.06505404553391332,-0.0068430656934307535,-1.105116011669135,0.6166117794445487,0.7691550084629671,0.1856677524429966,0.2086330935251799,1.2183167214832602,0.030677655677655756,0.0
2025-04-29,22.19,21.84,-0.0036815504076729605,0.007223507707460179,-0.004214475917279967,-0.07705491204704032,0.015898586067798422,20.12,18.993000000000002,18.817666666666664,1,29,4,20.492111562056767,19.398676355012242,84.78260869565216,0.7857350199457365,0.28140474482858135,22.40879057659535,15.577209423404655,0.03261675744340178,0.04845971181437612,0.04133462307361452,37002667.0,1.8718946190117867,0.0,0.0,-1,0.0,0,32.74285714285714,-0.07859471711142912,-0.006868131868131803,-1.1171966399770652,0.6286309825456616,0.7692740764001871,0.15874673629242841,0.21923076923076934,1.70135280435333,0.04146011716989642,0.0
2025-04-30,21.82,22.19,-0.0055478644377180905,-0.013131273129021036,-0.0027913158445906534,0.3046794499860143,-0.016814756539577848,20.426,19.1905,18.929333333333332,2,30,4,20.73354582350099,19.55489078372113,76.94483734087692,0.8534568922698149,0.3958151743168281,22.784995645757288,15.596004354242712,0.03450733621857387,0.04841458868826308,0.04128518616090101,35211274.0,1.4630703493012673,0.0,0.0,-1,0.0,0,32.371428571428574,-0.0765231060087461,-0.02794051374493019,-0.6693694178506641,0.7115443921369052,0.7685577689797497,0.1048101265822785,0.22104085058757694,1.778960700839371,0.031594867094408924,0.0
2025-05-01,21.69,21.82,0.018374425995453858,0.009526041644060363,0.018620324182563777,0.14435022588569676,-0.005975655566141737,20.725,19.2895,19.017999999999997,3,1,5,20.907446582864445,19.69263976541654,84.34108527131781,0.8864189644066869,0.4939359323347999,23.049497060469136,15.529502939530866,0.03468616498068736,0.04340665350759839,0.04109048170178649,33141698.0,1.276862700366309,0.0,0.0,-1,0.0,0,41.25714285714287,-0.09043628049844563,0.0068744271310723455,-0.3452439579539788,0.21091000158491974,0.6890592625599291,0.0004612546125462025,0.10045662100456632,0.04111841618279208,0.02305209774089442,0.0
2025-05-02,21.86,21.69,0.012664122215730326,0.014788528534345724,0.005527420797957361,-0.5458233527563817,0.0078071579096094645,21.032,19.4675,19.136,4,2,5,21.080638113252725,19.832469457970312,82.37347294938917,0.915703562640342,0.5782894583959084,23.364818241263333,15.57018175873667,0.03459605093724707,0.039421109940116265,0.040300372306313906,34340737.0,1.227767327116946,0.0,0.0,-1,0.0,0,38.28571428571429,-0.09098007351968838,0.02581834946980169,-1.4099810171576441,0.20141321686009356,0.6257907198461039,-0.0027372262773723843,0.194535519125683,0.12976236535937846,0.03247941445562676,0.0
2025-05-05,21.83,21.86,-0.024108513546514575,-0.010284016413241115,-0.006914063035393831,0.15553594908475743,-0.001373312186540078,21.372999999999998,19.685499999999998,19.253,0,5,5,21.216885729024956,19.961342396165776,80.77634011090569,0.9258188055568475,0.6477953278280962,23.60009065548362,15.770909344516376,0.03295616798024248,0.0373646026844383,0.04030898300276231,32939919.0,1.0956445711614575,0.0,0.0,-1,0.0,0,53.057142857142864,-0.08587380373961376,-0.00640439158279966,-1.0256789930695531,0.19980046162694584,0.593144679238561,-0.00045787545787556727,0.24957069261591291,-0.04161652898434612,0.028859367842418646,0.0
2025-05-06,22.11,21.83,-0.0036900410874537957,0.007611409031764686,0.0006935614657858243,0.6167089543220018,0.012744824307502508,21.669,19.943,19.367666666666665,1,6,5,21.379270141929506,20.099965467380887,80.84714548802943,0.9455293941033212,0.7073421410831412,23.77946822234361,16.106531777656393,0.03204227525096665,0.03609553476448695,0.04025821909085291,35535383.0,1.1296848426265491,0.0,0.0,-1,0.0,0,54.65714285714286,-0.08129349153470804,-0.008703618873110296,0.6798042572859584,0.1842950773050514,0.5729988505603132,-0.003605227579991044,0.30365566037735836,-0.31324683515636076,0.035504296698326554,0.0
2025-05-07,21.11,22.11,-0.07183556668786452,-0.021641962796929703,-0.07608321992426993,0.23336871846232207,-0.046283133009125704,21.805,20.177,19.446666666666665,2,7,5,21.33031193430596,20.16512898561438,68.91679748822605,0.8704248193849935,0.7399586767435117,23.666485560033728,16.68751443996627,0.036518008844334794,0.03713700157412849,0.04134839692756026,32257709.0,0.5347493112944599,0.0,0.0,-1,0.0,0,54.142857142857146,-0.09723040306226123,-0.08909995477159652,1.4892498129675442,0.3642050849107158,0.5895316236225493,-0.03253895508707616,0.2848447961046865,-1.6751784172733266,0.08953102794883944,0.0
2025-05-08,21.31,21.11,0.0503494528828441,-0.02585554925018514,0.022195732391784347,-0.5774510649784291,0.009429584250296564,21.768,20.342,19.541999999999998,3,8,5,21.32661885534124,20.238991631703776,69.44444444444444,0.8176172486582693,0.7554903911264632,23.710014251751275,16.973985748248722,0.01839360728944193,0.03159504298890809,0.041177453141096214,34097557.0,0.5748194203730974,0.0,0.0,-1,0.0,0,57.65714285714286,-0.09067133226702036,0.003315963998105177,-0.3555184082401343,0.3814009679411572,0.5015557584662741,-0.01751959428307992,0.18323153803442516,-1.9856847530534893,0.04129516658845608,0.0
2025-05-09,21.21,21.31,0.013599271717429298,0.005131805057520003,0.015969369128518145,-0.04338781394930039,-0.004703677533934591,21.697,20.5395,19.63566666666667,4,9,5,21.305415427097376,20.301637332884177,72.46376811594202,0.758949012349202,0.756182115371011,23.595341515592846,17.483658484407155,0.01785813800290735,0.029493734926455666,0.04119286196931587,32335829.0,0.4388316583688543,0.0,0.0,-1,0.0,0,60.02857142857143,-0.09199758333949969,0.00750821210699203,-0.4913759836346166,0.3685204746335535,0.46819852709916954,-0.029734675205855376,0.22885283893395125,-1.7048879187329216,0.031117397454031123,0.0
2025-05-12,21.37,21.21,0.03118088460045502,0.03610170440466423,0.005744391095266178,0.181409820130961,0.007515300754465137,21.65,20.700499999999998,19.74566666666667,0,12,5,21.317158076716034,20.370563956569068,69.68085106382979,0.7170984111116248,0.7483653745191338,23.559203975764603,17.841796024235393,0.01817077539981555,0.027887037302536208,0.04095396632051453,34447976.0,0.46839407345136874,0.0,0.0,-1,0.360103,1,64.4857142857143,-0.0913171048965919,0.04431871758604421,0.05837976519354321,0.38050798280379977,0.44269299302935394,-0.021071919377004034,0.17741046831955942,-1.852369555608027,0.0622367805334582,0.360103
2025-05-13,21.15,21.37,-0.026534036090079507,-0.028226790302067057,0.009028334073944827,0.029457023291265472,-0.010348163838769433,21.546,20.833,19.844,1,13,5,21.286765699131298,20.42085015291945,63.3079847908745,0.6585875593031325,0.7304098114759335,23.50159395266688,18.164406047333117,0.017143350556105844,0.028071952132499953,0.041066555778225856,32272686.0,0.23757829450464246,0.0,0.0,-1,0.0,0,68.2,-0.10132195967517285,0.009358914365933517,0.12831800896544882,0.3502357039372378,0.4456284249522251,-0.04341926729986434,0.1432432432432431,-1.5031972127094357,0.024581560283687937,-0.360103
2025-05-14,20.98,21.15,-0.013535795927621365,-0.015817025459372483,-0.017657342554070695,-0.3391767718435756,-0.008070302524135759,21.462,20.944,19.94766666666667,2,14,5,21.230990117471062,20.456924336602064,40.00000000000003,0.5916791989482988,0.7026636889704067,23.427820486775573,18.460179513224425,0.01668184069087851,0.028217291823586448,0.04090462343417455,30723104.0,0.028987602116717828,0.0,0.0,-1,0.0,0,70.4,-0.11641856296239876,0.006146572104019034,-0.7551761337136398,0.1446364422428443,0.447935621021676,-0.006158218853623776,0.11833688699360345,0.4250287354776036,0.026215443279313664,0.0
2025-05-15,21.6,20.98,-0.01706202527672144,0.03321338498706979,0.0024044252988019944,0.6074586869215356,0.02912371172196825,21.453,21.089,20.01066666666667,3,15,5,21.298082823385414,20.53067115359548,45.876288659793815,0.5819740254629018,0.6785257562689058,23.34982332464589,18.828176675354108,0.019679262100752735,0.028604623321392787,0.03691429965867023,33567765.0,0.4520477070715289,0.0,0.0,-1,0.0,0,69.14285714285714,-0.09349764502600079,-0.0028598665395614263,1.158119531337321,0.2612357376490076,0.4540843179305024,0.01360863444392324,0.1550802139037435,1.4274456480652553,0.056481481481481424,0.0
2025-05-16,21.84,21.6,0.030597821204342807,-0.0059158306773385875,-0.005780362915499537,-0.11898425136766073,0.011049836186584935,21.451,21.2415,20.128666666666664,4,16,5,21.39661321913352,20.615143982395775,50.0,0.5868833735816033,0.6601972797314453,23.246349646547813,19.236650353452184,0.019854979383213976,0.028606861544791567,0.03408065159457352,36093317.0,0.5970522537992498,0.0,0.0,-1,0.0,0,70.60000000000001,-0.0776607960893783,-0.0013888888888889414,0.6140162286037092,0.25667891273914134,0.45411984862545307,0.02970297029702973,0.16232038318254394,0.6098618729502424,0.05540293040293044,0.0
2025-05-19,22.04,21.84,-0.007445357799473573,0.014499574368730088,0.02622319509910256,-0.3825482499065567,0.009115833408009413,21.472,21.422500000000003,20.281000000000002,0,19,5,21.513592633836517,20.70707017707992,48.07197943444727,0.5999960152862123,0.6481570268423986,22.95212155622328,19.892878443776727,0.02004720759995577,0.027858542045839325,0.032645834266990095,37816049.0,0.8073892493050893,0.0,0.0,-1,0.0,0,69.74285714285715,-0.05632914845521067,-0.019688644688644674,-0.6124749742417074,0.2575545710605655,0.44224064485276454,0.031352363125877414,0.19652551574375665,0.5069414441600496,0.044464609800363,0.0
2025-05-20,21.9,22.04,0.027184350756724464,0.030130768489299006,0.02095536517598809,0.26251669407926087,-0.006372347462258579,21.451,21.56,20.445666666666668,1,20,5,21.583848518593513,20.784033391461865,51.09289617486336,0.5922637999233089,0.6369783814585807,22.664955345608696,20.4550446543913,0.019719803071205858,0.027117188135305965,0.03200185242726412,35576156.0,0.6154094848289108,0.0,0.0,-1,0.170454,1,69.17142857142858,-0.027740840991709745,-0.001814882032667838,0.15557666351403784,0.24264174099811037,0.4304720163682255,0.03546099290780136,0.14360313315926887,0.6448589519917269,0.05525114155251146,0.170454
2025-05-21,20.65,21.9,-0.012808958292581248,-0.051270321461143215,-0.07064004695408853,0.10750986942167261,-0.05877131741541334,21.405,21.604999999999997,20.586333333333336,2,21,5,21.414057878849235,20.77538607588368,39.12133891213386,0.47974125170538784,0.6055309555079421,22.43988417097651,20.770115829023485,0.022802618419264415,0.03000605624326822,0.033438219294771365,33082031.0,-2.28774249937688,0.0,0.0,-1,0.0,0,66.22857142857143,-0.03908675112036785,-0.008219178082191768,0.6071457781939199,0.523004049091208,0.4763313758730285,-0.01572926596758828,0.04556962025316458,-1.4296764816859246,0.07481840193704609,-0.170454
2025-05-22,21.21,20.65,-0.051487167982574245,-0.025830406427669806,0.015458533816196557,-0.5480054066179095,0.026757449169549332,21.395,21.5815,20.692999999999998,3,22,5,21.37695644633119,20.803425683891184,43.713733075435215,0.4307877879824531,0.5705823220028443,22.43377312153087,20.729226878469127,0.0244117175150947,0.021048393677255205,0.029292298274081564,34523889.0,-0.8717862633816286,0.0,0.0,-1,0.0,0,66.8,-0.01343072436839828,-0.0009685230024212869,-1.0109348381175116,0.5137476095690061,0.3341328910044096,-0.018055555555555602,-0.021678966789667853,-1.5197568644018031,0.031824611032531855,0.0
2025-05-23,20.54,21.21,0.01729980674938115,-0.010426634744049522,-0.007900618972411472,-0.06474559024071094,-0.03209856407617904,21.327999999999996,21.5125,20.80233333333333,4,23,5,21.224782546998245,20.78643047847885,38.89845094664373,0.33407737864987297,0.5232813333322501,22.466734330704202,20.558265669295796,0.02636553777094148,0.021917087003546686,0.028782949764640273,33172427.0,-2.0382834042081,0.0,0.0,-1,0.0,0,64.08571428571429,-0.017749455247839472,-0.010372465818010487,-1.0585602061500439,0.5280038512443158,0.34792297004610206,-0.059523809523809534,-0.06295620437956218,-0.3729946209125265,0.030019474196689305,0.0
2025-05-27,21.25,20.54,0.002379254036967576,0.015599465465102155,0.009657049734797345,0.13865186774750327,0.03398269087001379,21.315999999999995,21.482999999999997,20.905666666666665,1,27,5,21.229367538453108,20.81633818954473,43.10897435897437,0.3111381419516981,0.48085269505613976,22.431063955204316,20.53493604479568,0.02882364521861629,0.02346968259149602,0.028016464271981255,34724884.0,-0.49152802133434803,0.0,0.0,-1,0.0,0,65.74285714285715,-0.00942261062021589,0.024342745861733205,-0.7251328585201027,0.6150279837749878,0.3725696609203224,-0.035843920145190555,-0.02701465201465203,-0.25018640567953965,0.035242352941176426,0.0
2025-05-28,20.68,21.25,0.009931507500916713,0.005612736904957385,0.002859148912252607,-0.230111279195034,-0.027189845730197438,21.269,21.4075,20.978333333333335,2,28,5,21.129482531461633,20.80754217731604,46.29948364888124,0.24414998622576078,0.433512153290064,22.358994669066995,20.456005330933003,0.029920861282329108,0.02377751380383455,0.02850282888226385,33491542.0,-1.5291730445812404,0.0,0.0,-1,0.0,0,64.74285714285715,-0.04147081323891592,0.0,-1.2682341825629573,0.6313237442270573,0.37745632992211,-0.055707762557077545,-0.06804867057233,0.23146414484153693,0.03916827852998077,0.0
2025-05-29,20.36,20.68,-0.01852344579779943,-0.021450439417047152,-0.02602651201813027,0.43137868034792914,-0.0155948579579064,21.207,21.3345,21.031666666666663,3,29,5,20.989576616650428,20.77866848845694,41.98988195615515,0.16335698688234856,0.37948112000852097,22.372807833878994,20.296192166121003,0.030183329562493796,0.023743326404929394,0.028656888667514056,31592962.0,-1.8770926467141895,0.0,0.0,-1,0.0,0,64.45714285714287,-0.04257008092555518,0.008704061895551243,-0.11508627927848752,0.49296064767378767,0.37691362178925875,-0.014043583535108928,-0.06691109074243817,0.48741312915700424,0.04346758349705295,0.0
2025-05-30,20.66,20.36,-0.02229854872245568,-0.011743693984172958,-0.0014936522567833646,1.0862313251805276,0.014627272009170427,21.113,21.282999999999998,21.097,4,30,5,20.92965359544126,20.77101245694359,45.51386623164763,0.12212763426990492,0.3280104228607978,22.348874486537873,20.217125513462122,0.028760803957719287,0.02406483661438781,0.028707492073757473,37218618.0,-1.168993174841059,0.0,0.0,-1,0.0,0,61.91428571428571,-0.04302037864927838,0.001964636542239644,3.4875589549845305,0.45234600624176774,0.3820174381384303,-0.025931164545025975,-0.04748732134624256,0.6929512028853705,0.032429816069699816,0.0
2025-06-02,19.32,20.66,-0.0004903162638067859,-0.009057287112509456,-0.04901440455606517,-0.24223641557751993,-0.06705863490712057,20.860999999999997,21.156,21.114666666666665,0,2,6,20.636989305361027,20.677398750044006,35.97811217510261,-0.018460919876822857,0.25871615431327366,22.501110443518634,19.810889556481364,0.033884636955829085,0.027693403909114084,0.031315770323769886,32803206.0,-2.729887361809873,0.0,0.0,-1,0.178071,1,62.42857142857144,-0.05976118773128242,-0.013068731848983522,1.931922822930111,0.6100971943009288,0.4396191582022791,-0.05939629990262896,-0.11619396157365047,-0.28267692944652756,0.0746894409937889,0.178071
2025-06-03,21.31,19.32,-0.047711785554070726,0.04411535395179227,0.011963731772966711,0.1134895455616884,0.09803561732615382,20.788,21.130000000000003,21.211000000000002,1,3,6,20.759354886204477,20.718211733912135,50.88105726872247,0.030348172115079564,0.21304255787363485,22.439897545209973,19.82010245479003,0.04962842124132938,0.036879745775403254,0.03611122009197993,37749263.0,0.2748306547458149,0.0,0.0,-1,-0.077446,1,54.57142857142857,-0.02982873881177855,0.006211180124223654,2.021849945889858,1.0030462172340935,0.5854478144220118,0.002823529411764669,-0.023820430600091647,1.154056688224397,0.10042233693101833,-0.255517
2025-06-04,21.28,21.31,0.09652530356929838,0.009267906930781456,0.07325815038039468,-0.4922844129746822,-0.0014087816370819727,20.726,21.0885,21.282,2,4,6,20.8540176341673,20.75445613817587,51.67785234899329,0.06584990319574402,0.18360402693805672,22.317779206860994,19.859220793139006,0.04960791824110774,0.03674477228895953,0.035546091541471654,34726092.0,0.3115646940600307,0.0,0.0,-1,0.0,0,54.88571428571429,-0.03643880284077915,0.004692632566870081,0.42563706620176733,0.9726164493235787,0.5833051767497072,0.029013539651837617,-0.03753957485300763,0.8936169107289665,0.040883458646616584,0.077446
2025-06-05,21.83,21.28,0.007908857228397124,0.012376962949734976,0.019510492780293993,-0.1914585893307577,0.025517506088408713,20.844,21.124499999999998,21.351333333333336,3,5,6,21.031468973409606,20.82384606474517,51.296505073280706,0.1367888673963087,0.17424099502970714,22.397812712242217,19.851187287757778,0.046147579935363725,0.035692394543772286,0.03541514724161968,37222487.0,1.1081331289902252,0.0,0.0,-1,0.0,0,57.97142857142858,-0.023753461069961807,0.014097744360902121,0.02797260847139569,0.9560280458988938,0.566599197955321,0.07220039292730829,0.0341070582662244,0.28406342024319514,0.03344021988089787,0.0
2025-06-06,22.41,21.83,0.048834295769871694,0.056199462672081646,0.0541168256751571,0.3894586547036774,0.02622211725098314,20.964000000000002,21.1795,21.375666666666667,4,6,6,21.282110978244223,20.926178576697094,53.09446254071662,0.2370767867284158,0.1868081533694489,22.57565223118087,19.78334776881913,0.04612062505727105,0.03607649274677556,0.03102868320819202,40907619.0,1.7627017634878348,0.0,0.0,-1,0.0,0,61.77142857142858,-0.02062695031215267,0.03802107191937709,0.9175147084895754,0.9591465335376435,0.5726965679003618,0.08470474346563406,0.05161895823557017,0.08790147860637076,0.03654172244533703,0.0
2025-06-09,23.13,22.41,0.02096146616567023,0.020508445947823518,0.018138077435302595,-0.04891084555453451,0.03162318843051214,21.223000000000003,21.2755,21.416,0,9,6,21.618090800381637,21.06836060400696,55.60123329907503,0.37038411057291043,0.2235233448101412,22.922065484496926,19.628934515503076,0.04465873618596913,0.0365921412981058,0.031485959613192796,44416845.0,2.2525675625547343,0.0,0.0,-1,0.0,0,63.42857142857143,-0.007336493189629398,0.03257474341811693,0.7022373281608972,0.6193156947409183,0.580882234884745,0.19720496894409933,0.09052333804809054,1.5723170191551954,0.038478166882836166,0.0
2025-06-10,22.31,23.13,-0.0012972974792412285,-0.018086632104024884,-0.041169124761525004,-0.382202684265309,-0.036095467798906655,21.329,21.322499999999998,21.431666666666665,1,10,6,21.743892473039523,21.14846637149038,51.969260326609025,0.4051931636069348,0.2598573085694999,23.032850841201814,19.612149158798182,0.04632944991533281,0.037679840802113146,0.03221885094520411,42022301.0,1.1547338431524519,0.0,0.0,-1,0.000316,1,64.0,-0.010330683569511983,-0.0008646779074794455,-0.21277796812485045,0.44971549508262704,0.5981489292173755,0.04692632566870025,0.0439868975198876,-1.3113755727743615,0.06208874943971319,0.000316
2025-06-11,22.39,22.31,-0.026750115075914883,-0.03030171407089396,-0.010562669961927035,-0.018591973213381824,0.003579422166222369,21.5,21.3845,21.438333333333336,2,11,6,21.861366568850517,21.228565315265197,59.41558441558442,0.43422939417653694,0.29473172569090733,23.157282232002856,19.611717767997142,0.044924991189049746,0.03755316729875244,0.03210138936304821,44372737.0,1.13437508775571,0.0,0.0,-1,0.0,0,64.2,-0.010419970856314494,0.008516360376512832,-0.2563807889857029,0.44341239019009027,0.596138049691813,0.05216165413533824,0.058628841607565096,-1.525933515307972,0.04111210361768649,-0.000316
2025-06-12,22.96,22.39,-0.010274827941098214,0.027927274303578786,0.015575211785471372,0.1672319081971756,0.02513914084070226,21.759999999999998,21.4835,21.476333333333333,3,12,6,22.061118101786786,21.340270778796476,59.45945945945946,0.4975001800168073,0.33528541655608735,23.378127028981467,19.58887297101853,0.04432143342027512,0.03775718229513417,0.03223226011339367,47151019.0,1.5586181104929693,0.0,0.0,-1,0.894203,1,64.6,-0.006043445780196444,-0.0053595355069227775,0.04324354550973142,0.44257598956649147,0.5993766873567359,0.0517636280348146,0.09437559580552901,-1.5257970352145693,0.053135888501742105,0.894203
2025-06-13,22.69,22.96,0.022203398806371993,-0.0017241383581398043,0.020693495951981347,-0.4038418611776682,-0.01182927265961524,21.963,21.538,21.509666666666664,4,13,6,22.175460265098277,21.427350083390255,62.14689265536724,0.519863329264691,0.3722009990978081,23.507948970752338,19.568051029247663,0.0449904214748761,0.0374832735281227,0.03230020562040474,45295822.0,1.16957344286948,0.0,0.0,-1,0.0,0,59.54285714285715,-0.010217062324983555,-0.008275261324041867,-0.6770153176741847,0.4383014410200599,0.5950285204801399,0.012494422132976357,0.05046296296296293,-0.43797765027883717,0.0317320405464962,-0.894203
2025-06-16,22.57,22.69,0.008309691375717396,-0.0008631852068111278,-0.0011137098823505022,0.33958572889814637,-0.005302707962306072,22.288,21.5745,21.533333333333335,0,16,6,22.247194762353132,21.50106943284895,57.9903147699758,0.5218872971453408,0.4021382587073147,23.594426783456793,19.554573216543208,0.037200799769563093,0.037478735322631525,0.032307347890882535,42690447.0,0.9856792911041617,0.0,0.0,-1,0.0,0,61.114285714285714,-0.010541035664488467,0.011899515204936076,-0.06229567456012295,0.35265035178799187,0.5949564787013708,-0.024210981409424903,0.03342490842490853,-0.05653974953350974,0.03212228622064694,0.0
2025-06-17,22.32,22.57,-0.02916689298529264,-0.022046074585692903,-0.011882215799726417,-0.6283210742376728,-0.011138453316334191,22.389,21.588500000000003,21.549666666666667,1,17,6,22.260432078288925,21.553903662987732,60.32745591939547,0.49758257343764356,0.42122712165338044,23.62581789628573,19.551182103714275,0.022057142879613512,0.03755701840829655,0.03238626278141148,41300514.0,0.7181009908503808,0.0,0.0,-1,0.0,0,57.42857142857144,-0.01179902544927142,-0.011962782454585714,-1.0365636448494808,0.24460894726283483,0.5961991841605654,0.00044822949350065144,0.012704174228675091,1.467835823739192,0.021729390681003557,0.0
2025-06-18,21.88,22.32,-0.0026942090836915003,-0.007309812147877276,-0.02419194858852776,0.7617680224774092,-0.01991015995932975,22.449,21.5875,21.541999999999998,2,18,6,22.191262609509117,21.574942136343363,59.42928039702234,0.4377702392115239,0.4245357451650092,23.624193657041076,19.55080634295892,0.023356459837832234,0.03781808112866389,0.0325294887012865,38323194.0,0.287230236112137,0.0,0.0,-1,0.0,0,54.285714285714285,-0.012314991924308212,-0.0035842293906810864,0.2250204112398566,0.2778589593043325,0.6003434263686572,-0.022778025904421684,-0.0009132420091324533,1.7567546583693032,0.038843692870201015,0.0
2025-06-20,21.84,21.88,-0.011759520406906249,-0.01659311012296895,-0.003708328998896036,-0.45894573215092804,-0.001829826677076116,22.45,21.647,21.566333333333333,4,20,6,22.12739668050746,21.592042643676052,57.56410256410257,0.382729005966425,0.4161743973252924,23.637377906460504,19.656622093539493,0.02194982694192504,0.0353164676768139,0.03138644068549453,36441678.0,0.19393302083342936,0.0,0.0,-1,0.0,0,54.51428571428573,-0.01920673284863569,0.004570383912248694,-0.6362727082134267,0.10870160117950509,0.5606315439486037,-0.04878048780487809,0.057627118644067776,-0.40279386217164087,0.025636446886447003,0.0
2025-06-23,21.91,21.84,-0.01328162413669221,0.0009082714322355568,-0.011663299930270642,-0.35933758757624434,0.0032000027306708497,22.4,21.682,21.586333333333336,0,23,6,22.087870011324284,21.612556021503405,69.83154670750383,0.34082799409671694,0.40110511667957727,23.66462558505788,19.699374414942117,0.019994966148661825,0.03487273689877233,0.03135308663274125,37755237.0,0.22999804069747756,0.0,0.0,-1,0.0,0,56.60000000000001,-0.002710184402835681,-0.006868131868131803,-1.0829718790312979,0.14021099404547036,0.5535875362220245,-0.03437637725870435,0.03300330033003296,-0.5879346780679641,0.03788224554997726,0.0
2025-06-24,22.29,21.91,0.018726283684924055,0.013860142485840388,0.0236505342943991,-0.12487988150148865,0.017194993790402274,22.316,21.7695,21.622333333333334,1,24,6,22.12462091835623,21.656262084632218,59.95934959349595,0.3344288766022565,0.38776986866411317,23.693514169988255,19.845485830011746,0.01758648688971376,0.034085676369871316,0.03146348580259199,38914588.0,0.5410563062570125,0.0,0.0,-1,0.0,0,57.885714285714286,-0.0011227205024312596,0.008671839342765919,-1.1881260686238675,0.2240204186946574,0.5410933376646623,-0.012405848471422343,0.08519961051606617,0.3058444462451478,0.02821893225661738,0.0
2025-06-25,23.16,22.29,0.022814677766171264,0.0525355622322896,0.029131562117198438,0.9207077495289588,0.0382885053070171,22.401,21.865000000000002,21.682000000000002,2,25,6,22.312871660473277,21.753277434010784,66.31944444444443,0.39500587712252155,0.38921707035579484,23.868412877540365,19.86158712245964,0.0183320863718605,0.03430588936144148,0.03216762530054378,41825796.0,1.2927939263222679,0.0,0.0,-1,0.0,0,59.25714285714286,-0.00610839275063379,0.01435621354867655,0.15315672667948274,0.34933505535340886,0.5445891105316235,0.037634408602150504,0.08988235294117652,0.4157077803387545,0.05159326424870469,0.0
2025-06-26,24.04,23.16,0.04497082864806352,0.02792852479681032,0.04120473898069622,-0.05508787976804193,0.037292456962212325,22.566,22.033,21.778333333333332,3,26,6,22.62689499493268,21.900807922139123,68.14449917898193,0.5081644287880032,0.4130065420422365,24.176623101200356,19.889376898799647,0.021262773934397364,0.03421676707126029,0.032674409066590596,44580969.0,1.8725306691051666,0.0,0.0,-1,0.407631,1,63.00000000000001,0.005171463274394112,0.02115716753022446,-0.03673981134403647,0.3020361709186301,0.5431743380350718,0.09872029250457048,0.1624758220502902,0.07633854543139884,0.038269550748752004,0.407631
2025-06-27,23.45,24.04,0.02298951822469878,-0.0053575236327905095,-0.01419683986292064,0.025305966552494532,-0.024848614774718437,22.615000000000002,22.1875,21.860666666666663,4,27,6,22.776550450399462,22.000755798130147,58.52459016393441,0.5439648390240563,0.43919820143860056,24.267903553969344,20.107096446030656,0.02237771815215545,0.03460352948005069,0.03303478562894523,41755184.0,1.213706828745981,0.0,0.0,-1,0.0,0,64.8,0.0005196665794322914,0.0066555740432612375,-0.016478201533947686,0.4210315104225547,0.5493140009358379,0.07371794871794868,0.1517681728880158,-0.7615082601469735,0.04776119402985079,-0.407631
2025-06-30,23.61,23.45,-0.019191243981118714,-0.015827069235486636,0.014623916529672567,-0.743473070389977,0.006799856205133218,22.707,22.335,21.927666666666664,0,30,6,22.92808673214501,22.104578004702397,54.332129963898915,0.5785780967414844,0.46707418049917737,24.37736704778906,20.29263295221094,0.021842234798520144,0.03456345714405893,0.03269309436226999,43098731.0,1.24855128404097,0.0,0.0,-1,0.0,0,69.22857142857143,0.0020251790901282722,0.012366737739872033,-1.2782478177954328,0.4156076591805649,0.5486778723229122,0.077590141487905,0.14278799612778315,-0.9064811819369102,0.016941973739940643,0.0
2025-07-01,23.9,23.61,-0.010586590510700501,0.007111512924448977,-0.013324933883281976,0.04608338926454581,0.012208107840043362,22.84,22.564,21.996333333333332,1,1,7,23.10479823539137,22.220411681818373,65.86826347305389,0.6222371665002555,0.498106777699393,24.16160873940099,20.96639126059901,0.02170086234185319,0.030109917543226488,0.03270322325533158,44505642.0,1.6724996140180362,0.0,0.0,-1,0.014413,1,67.54285714285714,0.007081155120238276,-0.005082592121982253,-1.1305626437266687,0.4156160792428551,0.4779801228962292,0.07222969941677881,0.2370600414078674,-0.713856375827635,0.03682008368200833,0.014413
2025-07-02,24.3,23.9,0.020228249775471663,0.01386755122046551,0.022674768251608194,-0.053222819396380044,0.01659789140903783,23.038,22.713500000000003,22.071666666666665,2,2,7,23.32210764713839,22.354578670088156,67.91744840525328,0.6812608004537033,0.5347375822502551,24.375322398516296,21.05167760148371,0.02104838019120868,0.02107752175821211,0.032777461841886256,45839631.0,1.9093496409922708,0.0,0.0,-1,0.0,0,63.71428571428572,0.010853045411949721,0.0029288702928870415,-1.230100162831846,0.3582833733032387,0.33459528495469276,0.04922279792746109,0.1403097137494136,-0.6569118860139287,0.02818930041152258,-0.014413
2025-07-03,24.21,24.3,0.015728801082305816,0.01002155846101897,0.016778917129109287,-0.493858055563276,-0.0037105793965356015,23.270999999999997,22.86,22.148666666666667,3,3,7,23.483542620385958,22.474283272017953,62.886597938144334,0.7125612452838546,0.570302314856975,24.50625252267718,21.21374747732282,0.019169259344603506,0.02113074408297977,0.03275280937600543,45025541.0,1.6400886029375303,0.0,0.0,-1,0.0,0,77.62857142857145,0.01811035841702918,0.002057613168724309,-1.6529184038537568,0.2610908935618582,0.3354401631678844,0.007071547420965052,0.13768796992481191,-1.210341199975423,0.02189178025609257,0.0
2025-07-07,24.2,24.21,-0.010320009031989472,0.002439025599358789,-0.0045862077467248704,0.576411008584587,-0.0004131377873264952,23.507,22.9785,22.267,0,7,7,23.6138075984976,22.585619835113572,66.44880174291936,0.7281663089509713,0.6018751136757743,24.65352113105287,21.30347886894713,0.019074486159544206,0.020688506455432906,0.030686042576142193,43576754.0,1.4584890630391045,0.0,0.0,-1,0.0,0,75.08571428571429,0.009394411279953324,-0.0045435770342833305,-0.8148467868505876,0.1351937069257849,0.32841985847057914,0.031982942430703654,0.10856619331195616,0.005473905525214914,0.028925619834710717,0.0
2025-07-08,24.2,24.2,0.005792320704504371,0.0016227184088189737,0.0041701478280957004,0.32538761977662,0.0,23.735999999999997,23.068,22.366666666666667,1,8,7,23.7203880351344,22.689773394138506,68.23266219239372,0.7320943068787571,0.6279189523163708,24.80525251929287,21.33074748070713,0.01923647456614261,0.020100237496177124,0.030433243385378488,43576754.0,1.3032072049730177,0.0,0.0,-1,0.0,0,74.62857142857142,0.01357418080472629,0.001652892561983436,-0.061767973256150216,0.14217168487265278,0.31908137824932165,0.02498941126641263,0.07987505577867027,0.6256806956916597,0.02644628099173556,0.0
2025-07-09,24.09,24.2,0.0012368585373964223,-0.01018546185870668,-0.010268941737392602,-0.6800805050211567,-0.004555816535860691,23.916,23.116,22.485,2,9,7,23.787590210564506,22.780110594516668,70.43879907621246,0.7180539142936446,0.6459459447118256,24.912504207738188,21.31949579226181,0.01957012887043201,0.01904830060456261,0.029708707269441435,42560591.0,1.0843281032180536,0.0,0.0,-1,0.255669,1,75.91428571428571,0.016202270454780513,0.0028925619834710863,-1.2783015299094647,0.1378474614533657,0.3023823977884437,0.00794979079497904,0.04150453955901434,1.9478220495757237,0.026380240763802423,0.255669
2025-07-10,24.02,24.09,-0.010770609505348095,-0.004103411584592453,0.001495654060169744,0.21100299356220942,-0.0029099999749424886,24.002,23.2015,22.577333333333335,3,10,7,23.829846535916413,22.86010345938656,77.02020202020202,0.6932866105384292,0.6554140778771465,24.999256203833273,21.403743796166726,0.016412218737188622,0.01693472343943901,0.029239280035817647,41305715.0,0.9105795304777707,0.0,0.0,-1,0.0,0,76.97142857142856,0.014379680016034114,-0.0033208800332087296,-0.856379282298081,0.03197546590486027,0.2688304004544721,-0.011522633744855959,0.07664724338861495,0.2670431910542196,0.02081182348043298,-0.255669
2025-07-11,23.68,24.02,-0.008784829555732915,-0.013453581787757348,-0.02594654178480887,0.12830559351692014,-0.014256006636032588,23.966,23.266,22.67733333333333,4,11,7,23.802601711204336,22.91300001039388,71.59624413145539,0.6388588185873267,0.6521030260191826,25.03347694096474,21.498523059035257,0.012029653517829314,0.0174064770709426,0.02886034344434866,39879046.0,0.4684643860462794,0.0,0.0,-1,0.0,0,75.25714285714285,0.007778957682887474,-0.009159034138218104,-0.5556833513321425,0.09142223512293583,0.2763192571887727,-0.02189178025609262,0.057615006699419435,-1.690214486938146,0.03315033783783784,0.0
2025-07-14,24.16,23.68,-0.0126851595273158,0.011395544428301162,-0.00043094161408150576,-0.050480210226643105,0.020067563050809388,24.037,23.326,22.804,0,14,7,23.86758321825809,22.993451622626534,74.0899357601713,0.6272261175591112,0.6471276443271683,25.130816946542307,21.521183053457694,0.01074664957047227,0.017089147525054083,0.028726866524496943,41235484.0,0.9241934497543243,0.0,0.0,-1,0.0,0,76.11428571428573,0.012023486614644315,-0.00760135135135134,-0.5783449816375358,0.20079715119417627,0.27128180681632824,-0.0016528925619834212,0.05226480836236935,1.2120743956184845,0.04428807947019869,0.0
2025-07-15,23.74,24.16,0.02935221201252737,0.009023851225566416,0.021322769468821244,0.30869838932905785,-0.017536983885092283,24.05,23.378500000000003,22.906666666666663,1,15,7,23.84438626948389,23.041616034069985,65.39278131634816,0.5774600285192371,0.633194121165582,25.166427644832947,21.59057235516706,0.012398920570843141,0.017383164652828603,0.028991725572350205,39388488.0,0.4043787801421607,0.0,0.0,-1,0.0,0,73.4857142857143,0.013333649185063079,0.0016556291390728123,0.13572819609858916,0.23444730360986407,0.27594918402403756,-0.0190082644628099,0.04627589246364017,1.3170735042569917,0.03327716933445658,0.0
2025-07-16,24.29,23.74,-0.012474174225175801,-0.00491200332696138,-0.009326053181189778,-0.5636357771715178,0.022903353832559214,24.089,23.464499999999997,23.072333333333336,2,16,7,23.925406947759548,23.122156935097728,62.87015945330294,0.5757634057270948,0.6217079780778847,25.254148304173633,21.674851695826362,0.013921053972480137,0.017877694672680865,0.025970269168117725,40439680.0,0.922527625204187,0.0,0.0,-1,0.0,0,72.94285714285715,0.022565513251902883,0.006739679865206409,-0.9271438801413734,0.3014547122315427,0.28379960471434706,0.00830220008302196,0.07620735489587949,0.2943094850633328,0.03664059283655828,0.0
2025-07-17,25.54,24.29,0.0207046733616912,0.05274894348467737,0.038229198307904805,0.9612768008514543,0.05018110759031215,24.213,23.6255,23.21333333333333,3,17,7,24.218969320894175,23.278146810252714,65.75630252100838,0.6675878362377858,0.6308839497098649,25.555479274500115,21.695520725499883,0.020745079042962716,0.020421475369387272,0.020621085508212955,43188582.0,1.9839591287796328,0.0,0.0,-1,0.0,0,74.17142857142858,0.04093695271293627,0.00452861259777684,1.4134612244816263,0.4556542869330089,0.32418087139457774,0.0632805995004162,0.14426523297491034,0.23784185858340354,0.05070477682067352,0.0
2025-07-18,25.24,25.54,0.05035022688833421,0.006595562221919136,0.026894756200121807,-0.15614983786099762,-0.01181581293138087,24.316,23.7935,23.345333333333333,4,18,7,24.40461126254978,23.4047179837848,70.02237136465321,0.7079905913531377,0.6463052780385194,25.667884390167952,21.91911560983205,0.021276808181693304,0.019946036134715038,0.020838844498849794,40837086.0,1.5434400836750313,0.0,0.0,-1,0.0,0,73.94285714285715,0.03831104531992881,0.004698512137823062,0.9589276817596911,0.4469582802433501,0.31663350752378405,0.06587837837837829,0.15356489945155394,0.25506219867778235,0.031695721077654546,0.0
2025-07-21,24.74,25.24,-0.009003779753462166,-0.01343085882777657,-0.015231129246475583,-0.3128716269765879,-0.02000867070867056,24.369999999999997,23.938499999999998,23.442333333333334,0,21,7,24.46559103299527,23.490865210637395,61.74636174636172,0.6916908628383496,0.6553823949984855,25.614802635658553,22.262197364341443,0.02260452153709011,0.020769997230950864,0.020999452267391777,39117334.0,0.9562712399901728,0.0,0.0,-1,0.0,0,73.28571428571429,0.029075943395128666,0.007527733755942999,0.022871344867237575,0.49476881969607905,0.32971348442757703,0.024006622516556275,0.13278388278388276,1.0115433582823812,0.03370250606305578,0.0
2025-07-22,24.91,24.74,-0.03440339290094045,-0.019191409072251885,-0.017625202837954396,-0.13228481399556305,0.006847962309747183,24.441,24.0885,23.525666666666666,1,22,7,24.546392663359768,23.58242229382208,60.76759061833688,0.6845991568756169,0.6612257473739118,25.51946985881679,22.65753014118321,0.022626696471516865,0.020755973101479565,0.020585983480790923,40623994.0,1.1481723321262172,0.0,0.0,-1,0.0,0,73.88571428571429,0.029909827061212972,-0.006871463217461527,-0.3142283423566138,0.4534497724856077,0.3294908582739656,0.049283909014322,0.13692377909630316,0.658996729867624,0.03131272581292658,0.0
2025-07-23,25.41,24.91,0.027299969188281134,0.01781872526027975,0.03205792884840559,-0.3023942572512141,0.019873468057983623,24.573,24.2445,23.601666666666667,2,23,7,24.703412179112537,23.700330532930337,61.586638830897684,0.7111273170828731,0.671206061315704,25.521955942179844,22.967044057820154,0.023035244130902736,0.020838840674730526,0.020125090285083178,41737486.0,1.8247204643491646,0.0,0.0,-1,0.0,0,76.3714285714286,0.0370692467122552,0.013649136892814126,-0.9031704556149605,0.44828521948554095,0.33080634021740646,0.046109510086455474,0.13997308209959636,0.7682904838475605,0.017316017316017365,0.0
2025-07-24,25.31,25.41,0.004346973847656346,0.007429164179086575,0.004780885600342116,0.07449131280378374,-0.00394322277504004,24.701999999999998,24.351999999999997,23.701666666666668,3,24,7,24.813700873819347,23.80418017596709,61.458333333333286,0.7158302651987221,0.6801309020923076,25.60684492646452,23.097155073535472,0.023079670206014063,0.019510971611370654,0.018810338837580817,40537881.0,1.5268818955966572,0.0,0.0,-1,0.0,0,75.25714285714287,0.03499038839532953,-0.001967729240456541,-0.7020921149722853,0.2486517114671882,0.3097270723255675,-0.009005481597494147,0.09283246977547499,0.4352173555508839,0.020150138285262804,0.0
2025-07-25,25.59,25.31,0.011370442047753405,0.0007788162387432369,-0.01239767928960204,-0.3823353073318228,0.011002075614664777,24.893,24.429499999999997,23.80833333333333,4,25,7,24.954846169488555,23.919394358162766,63.70808678500985,0.733693483634795,0.6908434184008052,25.790203765278168,23.068796234721827,0.022050506505973816,0.0179538987957206,0.01884890330764933,41356331.0,1.7057349727591289,0.0,0.0,-1,0.0,0,74.65714285714286,0.037959957317958114,0.013433425523508489,-1.2437848552196544,0.24331780560523292,0.2850093076649925,0.013866877971473901,0.06447587354409312,-0.7204786974654888,0.0328253223915592,0.0
2025-07-28,25.24,25.59,0.0015582395050138453,0.0015558151718604572,0.00521775215479394,0.35049767794168507,-0.013771612498685144,25.000999999999998,24.519,23.884333333333334,0,28,7,25.006692320490636,24.004594722152266,59.594095940959384,0.7114074754734929,0.6949562298153428,25.843424800670718,23.19457519932928,0.02255937425059807,0.017216968614762174,0.01871165523628711,40194317.0,1.0887745376481457,0.0,0.0,-1,0.0,0,73.8,0.03346859870246315,0.003907776475185675,-0.5824939374588627,0.20877705709780764,0.2733109037103896,0.02021018593371049,0.07633262260127927,-0.30392869521577714,0.02971473851030111,0.0
2025-07-29,24.97,25.24,-0.008207980417829622,-0.005455976121955363,-0.014922640294467148,0.4780757480286927,-0.010754933381330586,25.124,24.586999999999996,23.96033333333333,1,29,7,25.000020989492334,24.066878933626313,57.88530465949819,0.6643012585326034,0.6888252355587949,25.853293389135597,23.320706610864395,0.021925259079263106,0.01749972816292738,0.018683102878021905,38320026.0,0.604915106224233,0.0,0.0,-1,0.0,0,70.62857142857143,0.030025462854880346,0.009508716323296435,0.8085345066560035,0.23013545508575486,0.27779957238203434,0.002408671216378888,0.057602710715798366,0.5704615859813538,0.039247096515819,0.0
2025-07-30,24.34,24.97,-0.023427714324461973,-0.02212654472801457,-0.027518625573786374,0.16210241863865735,-0.02555401673230073,25.128999999999998,24.609,24.019333333333336,2,30,7,24.880017173221,24.084499647585908,52.60586319218241,0.5695678833392286,0.6649737651148817,25.839830271765706,23.378169728234298,0.02285906522732527,0.018432026578064135,0.01934458544446934,36115896.0,-0.4371033215068785,0.0,0.0,-1,0.0,0,68.02857142857142,0.021107123813315292,-0.0032038446135361754,1.3238664491750278,0.2122488763084231,0.2925993509069434,-0.04210940574576938,0.018410041841004254,0.477639045346577,0.04470008216926873,0.0
2025-07-31,24.97,24.34,-0.02604949899600849,0.0,0.008240119333698444,-0.24385559010779911,0.02555401673230066,25.072,24.6425,24.107666666666667,3,31,7,24.896377687180816,24.141628702580366,60.03110419906685,0.5391121861553678,0.6398014493229789,25.874389861789215,23.41061013821078,0.017260844966368274,0.018947431623019567,0.0196121080597201,37843054.0,0.5317033773203304,0.0,0.0,-1,0.0,0,63.71428571428572,0.024914297446351406,-0.0036976170912078822,0.37275556983530544,0.3271024484511663,0.3007811523474642,-0.013433425523508458,0.027572016460905235,0.5634735728120911,0.035638766519823825,0.0
2025-08-01,24.16,24.97,0.01960046414983261,-0.010038229242686408,-0.026023235132450362,-0.11664351731767593,-0.03297673122506758,24.964,24.64,24.183666666666667,4,1,8,24.762490834966123,24.14281394757518,50.0,0.4444917717103998,0.6007395138004631,25.875782300705488,23.404217699294513,0.0196218628095068,0.02039900473968379,0.020267796145837347,36306052.0,-0.7768358548685742,0.0,0.0,-1,0.0,0,49.8,0.023027859681327464,-0.009611533840608668,-0.06369104557847025,0.35757284216441104,0.3238241612065871,-0.05588120359515436,-0.0020652622883106098,1.4158080826153567,0.05215231788079477,0.0
2025-08-04,24.48,24.16,-0.01754073118682208,-0.012180418556871072,0.0243607174661833,-0.04640842551365651,0.0131580845775112,24.938,24.654,24.271666666666665,0,4,8,24.71112886497228,24.164567886441297,55.55555555555557,0.3908206006015469,0.5587557311606799,25.87505045371861,23.43294954628139,0.019481874529387575,0.02060872816319171,0.020317760417154187,37773354.0,-0.2850005083247734,0.0,0.0,-1,0.0,0,56.885714285714286,0.025071249256581395,0.00579470198675499,-0.20658868657422993,0.3950876355378842,0.3271534173428293,-0.030110935023771712,0.011570247933884392,0.34351581185774266,0.015522875816993423,0.0
2025-08-05,25.31,24.48,-0.005777977279888571,0.03531667192489972,-0.001241434161027494,0.29014291796181135,0.033343116912907235,24.978,24.7095,24.384999999999998,1,5,8,24.82001452588641,24.238466732477345,57.34870317002881,0.4105275679595515,0.5291100985204542,25.94448945233088,23.474510547669116,0.022343218907440107,0.021895898578908744,0.0210363031510934,39734577.0,0.9724779411947762,0.0,0.0,-1,0.0,0,55.02857142857143,0.025915665683497777,-0.013071895424836612,0.8002992972491856,0.4786486378958844,0.3475866142325107,0.01361633960752906,0.04586776859504127,-0.38341300850405763,0.05096404583168706,0.0
2025-08-06,25.74,25.31,-0.017536983885092283,0.019524243774686343,-0.016339596319777012,0.28663830131324775,0.016846627610948014,25.011,24.791999999999998,24.5,2,6,8,24.987284612088878,24.335339846511065,51.63398692810458,0.4555911171094458,0.5144063022382526,26.07235521387009,23.511644786129906,0.022083129784385803,0.022061581150562105,0.021029250428764384,42346813.0,1.4808390511169307,0.0,0.0,-1,0.0,0,55.31428571428573,0.027610191637619748,-0.062030817858553945,1.8332908913176047,0.41033990318402336,0.3502167435195453,0.05751848808545601,0.06849315068493156,-1.7024857725046183,0.08469308469308469,0.0
2025-08-07,25.88,25.74,0.08592260701641596,0.01115181716722047,0.05910916566653876,-0.4216124731116065,0.005424267464719212,25.067999999999998,24.884999999999998,24.590666666666664,3,7,8,25.149596500799987,24.434995340284544,55.369127516778526,0.496873486191447,0.5108997390288914,26.19901353834254,23.570986461657455,0.022025150567950832,0.022011965874594627,0.020026275701197367,44060409.0,1.5144440615962962,0.0,0.0,-1,0.0,0,54.71428571428572,0.035702595990148085,0.00505050505050515,0.08422261094603034,0.3904312971741234,0.3494291254309066,0.03644373247897481,0.07743547044129895,-1.224943574120117,0.03972565687789793,0.0
2025-08-08,25.13,25.88,-0.0038729715336640685,-0.009220195936913199,-0.002068063512141712,-0.27639675898422206,-0.02940811807719903,25.022,24.9575,24.627,4,8,8,25.146033500654536,24.479834350588767,53.1400966183575,0.46372578691163113,0.5014649486054393,26.145543504431206,23.769456495568793,0.023849364400854674,0.022886498942659622,0.019826475062614188,42760626.0,0.2903934062289857,0.0,0.0,-1,0.0,0,58.37142857142857,0.03204438823214555,-0.004250386398763502,-0.696470612814695,0.368326204882894,0.3633119074993204,0.040149006622516525,0.061233108108108114,-1.104317408554193,0.03342618384401114,0.0
2025-08-11,25.35,25.13,-0.028337197133399872,-0.02066753228777709,-0.004998510857201376,-0.10529272886206124,0.008716378481691387,25.033,25.017,24.690333333333335,0,11,8,25.183118318717344,24.535974069905624,53.51437699680512,0.4500206004455478,0.49117607897346105,26.155014892142002,23.878985107857996,0.02363660356902561,0.022577832475499375,0.01923166133232558,43930510.0,0.5852295998925291,0.0,0.0,-1,0.0,0,57.62857142857143,0.030750548188604235,-0.003183446080381946,-0.9143638800686175,0.3657602637972096,0.358411979238295,0.035539215686274606,0.04925496688741737,-0.9372801038369233,0.017159763313609418,0.0
2025-08-12,25.65,25.35,0.028725169980167626,0.024135075735240586,0.021808953194118304,0.21648900641425403,0.01176484157958621,25.101,25.1125,24.758333333333333,1,12,8,25.268005897132372,24.607846710556878,51.980198019801975,0.4580861027818557,0.48455808373514,26.11135987637492,24.113640123625082,0.023504359510526204,0.022154778864286868,0.019289682648758338,45383166.0,1.0762270318649776,0.0,0.0,-1,0.0,0,62.25714285714286,0.03237872191831114,0.016962524654832334,-0.3434865886988079,0.29004537993578094,0.3516962113591984,0.013433425523508458,0.08045492839090151,-1.9333857260966725,0.019688109161793334,0.0
2025-08-13,26.53,25.65,0.006572612100856248,0.023754086008107057,0.012279659223403315,0.6368463810295849,0.03373259653286987,25.32,25.2245,24.846,2,13,8,25.49745937038103,24.73185660019837,58.91812865497078,0.5293843042956965,0.4935233278472513,26.33152018238633,24.117479817613667,0.02311320222644554,0.022790119897342188,0.020061051976887862,48129426.0,2.358583918833024,0.0,0.0,-1,0.0,0,63.34285714285714,0.03787967825246577,0.011695906432748567,1.8155064751999634,0.3608186757765294,0.36178193758627386,0.030691530691530744,0.09221902017291073,-0.765683040261983,0.030719939690915993,0.0
2025-08-14,25.44,26.53,0.013397329571821343,-0.008486613877318805,-0.019167416454546952,-0.6671589216227416,-0.04195342967772693,25.367,25.2195,24.884,3,14,8,25.487012212129933,24.777543271153313,49.019607843137265,0.4922602820709763,0.4932707186919963,26.32141173588648,24.11758826411352,0.02701607755671786,0.022175688116703715,0.021490083685259495,46720143.0,0.40021354309764373,0.0,0.0,-1,0.0,0,63.25714285714287,0.029437109305526298,-0.00866943083301924,-0.4725358399346341,0.4941264797891033,0.3520281354511699,-0.017001545595053957,-0.003915426781519127,-0.215105603854157,0.04245283018867917,0.0
2025-08-15,25.18,25.44,-0.037974341907743486,-0.038614836127779543,-0.014720775078447816,-0.13153409428213553,-0.01027270985572037,25.469,25.2165,24.91633333333333,4,15,8,25.43119180992449,24.803508221401486,49.60317460317461,0.43682396514766353,0.48198136798312974,26.31850343871855,24.11449656128145,0.024662120525468165,0.0221355922777883,0.021579873701764944,45484555.0,-0.06624298748549048,0.0,0.0,-1,0.0,0,63.54285714285715,0.027491496995630853,-0.0047169811320755105,-0.7297103765468317,0.4478486502742247,0.3513916337408977,0.0019896538002388553,-0.002377179080824021,-0.641538566934,0.017871326449563116,0.0
2025-08-18,25.13,25.18,0.013533598736291069,0.026419563033961344,0.0059940239402106466,0.15559233093933236,-0.001987677060700321,25.534,25.236,24.947333333333333,0,18,8,25.37642966266549,24.82457220711752,51.089918256130794,0.38442429843968284,0.46246995407444036,26.31608576657506,24.15591423342494,0.02452641408605231,0.021644557412799394,0.021586677347492037,44040956.0,-0.1962807089591161,0.0,0.0,-1,0.0,0,64.2,0.026671744115834665,0.019261318506751366,-0.28111618502963903,0.4421616909000595,0.34359669691396083,-0.008678500986193383,0.015763945028294257,-0.2904505310150243,0.03899721448467954,0.0
2025-08-19,24.37,25.13,-0.020270299466518343,-0.03036434132497753,-0.03033599660913938,0.12167504211626066,-0.03070948391838589,25.439999999999998,25.209,24.952999999999996,1,19,8,25.193442451271764,24.795244967948648,50.20080321285141,0.2783627441990788,0.42564851209936805,26.348748818126694,24.069251181873305,0.023895606951612233,0.022681360053497572,0.022350920409698716,42410574.0,-1.4722542136590955,0.0,0.0,-1,0.0,0,59.88571428571429,0.022784664710265096,0.0007958615200954865,0.08387188792026536,0.46305129280977275,0.3600554285896154,-0.04990253411306034,-0.02167804094741066,0.79889024994137,0.03898235535494457,0.0
2025-08-20,24.15,24.37,-0.038505263383107426,-0.03601636639436376,-0.02410756815649633,-0.10961450030888414,-0.009068487538533279,25.281,25.145999999999997,24.955000000000002,2,20,8,25.00372564194962,24.753616260339058,44.19263456090651,0.1745440023387843,0.3754276101472513,26.374784594201724,23.91721540579827,0.022806115728641874,0.022196763717030946,0.02240055495753955,40949459.0,-1.6211140743460304,0.0,0.0,-1,0.0,0,55.91428571428572,0.02209771651593913,-0.006975789905621736,-0.300535833037297,0.26072465970330155,0.3523627002343534,-0.08970976253298157,-0.04958677685950419,-0.6751607716225111,0.026293995859213316,0.0
2025-08-21,24.27,24.15,-0.006633523495633906,0.0014331049642837533,0.00817015123949203,-0.8023901177016614,0.004956639639928416,25.12,25.094,24.96333333333333,3,21,8,24.870320979776963,24.722415211284925,50.863422291993714,0.10078807635321141,0.32049970338844336,26.38024136230546,23.807758637694544,0.02278011235733435,0.022251572144213815,0.0224075310084811,41604413.0,-1.2812525302763786,0.0,0.0,-1,0.0,0,52.60000000000001,0.021750676347373026,-0.004554865424430618,-1.7736600459832905,0.20949251486882228,0.35323275704281215,-0.04599056603773588,-0.041090478071908354,-1.067230253068402,0.01957148743304497,0.0
2025-08-22,24.94,24.27,0.014044014386118624,0.03161443193627814,0.009758200551046066,0.21702059875148633,0.027231920513380487,25.101,25.0615,25.005333333333333,4,22,8,24.88298989254479,24.736452939589125,53.42261904761906,0.0953008058362741,0.27545992387800955,26.32766328871293,23.795336711287067,0.023500503772485377,0.023050374807895783,0.022754598193979094,42418108.0,-0.1919183743251688,0.0,0.0,-1,0.0,0,55.54285714285715,0.020203986101070097,0.0045323444581787985,-1.4674915068229146,0.33409874377590887,0.3659133562111229,-0.009531374106433566,-0.025400547088706427,0.08990484419191236,0.04109863672814764,0.0
2025-08-25,25.21,24.94,0.021104679417536545,0.016318065812796604,0.024894164541068832,0.7940213388589152,0.010767800947938099,25.087,25.06,25.040333333333333,0,25,8,24.94244627571846,24.76700436284144,49.18831168831171,0.11145407473797064,0.24265875405000178,26.325343722805087,23.79465627719491,0.023600150005369396,0.022994042555187173,0.022557292072027436,44218225.0,0.23708972873785372,0.0,0.0,-1,0.0,0,53.942857142857136,0.018823568535327784,-0.00160384923817172,0.3684918509174525,0.3456758446021791,0.3650191094223687,0.003183446080382124,-0.0011885895404118996,-0.4305778580432635,0.03292344307814367,0.0
2025-08-26,25.14,25.21,0.006804108699540265,-0.01117768280548688,0.007629027164491231,-0.4283680853154577,-0.0027805380377270766,25.036,25.0685,25.087,1,26,8,24.97836513467874,24.79106859749683,44.82758620689658,0.1172555922565337,0.21757812169130816,26.333582065155888,23.803417934844113,0.023214445646171995,0.022864456260195825,0.022287984943032454,43045320.0,0.11303614519456484,0.0,0.0,-1,0.0,0,55.4,0.02178895315518123,-0.0055533518445061705,-0.7760314527830091,0.22358868828734846,0.36296199076315255,0.031596224866639266,0.00680816980376453,0.8003986873248014,0.014120922832140033,0.0
2025-08-27,25.17,25.14,-0.0007980846393282469,0.000985513039259079,-0.009646377051805337,-0.12054078755344014,0.0011926059851231061,24.9,25.11,25.11633333333333,2,27,8,25.013207837464424,24.815515784755103,43.76098418277684,0.12285785706729868,0.1986340687665063,26.328039840330238,23.89196015966976,0.01957369067765536,0.02204269061369616,0.0219317226443935,44085031.0,0.0985189449693778,0.0,0.0,-1,0.0,0,59.11428571428572,0.018991289393485943,-0.0035799522673030967,-0.9367046232636211,0.18839560814641176,0.34991686554346657,0.042236024844720665,0.03410024650780619,1.3335414447413034,0.024632499006753968,0.0
2025-08-28,25.25,25.17,0.008744093869229062,-0.003552401604367772,-0.016287004974699162,0.22507779439900696,0.0031733465741441815,24.881,25.124000000000002,25.106666666666666,3,28,8,25.056260957925435,24.843547024448323,51.19521912350599,0.13222877272169242,0.18535300955754352,26.341701026308932,23.906298973691072,0.014994587105668745,0.021315706788931642,0.019800853233154222,45387186.0,0.20694734960013347,0.0,0.0,-1,0.0,0,64.42857142857143,0.005237965314882902,0.003972983710766701,-0.38068977357531175,0.1908411545510781,0.3383763550985057,0.04037906880922959,0.011213456147376899,1.4078752867214408,0.03683168316831682,0.0
2025-08-29,24.95,25.25,-0.005555569844602105,0.0019751142111191704,0.014467903917226285,-0.1340490203735089,-0.01195233352384117,24.858,25.1635,25.096999999999998,4,29,8,25.03694078375717,24.850414958354886,46.078431372549005,0.11413215367345941,0.1711088383807267,26.297942130462616,24.029057869537382,0.015121073560378956,0.02009022993235625,0.019803583263427852,44248390.0,-0.3763964582537786,0.0,0.0,-1,0.0,0,61.54285714285714,0.008730387832996523,-0.004752475247524792,-0.654371697084988,0.13223148768452953,0.31892251309872377,0.000400962309542896,0.0326986754966887,-0.3502606893855322,0.025050100200400802,0.0
2025-09-02,24.98,24.95,-0.020503230799193257,-0.012708669854227944,-0.009553889114797291,-0.2065038570080319,0.0012016824999040129,24.842999999999996,25.1885,25.105,1,2,9,25.02658791398314,24.858775283622315,43.06418219461701,0.10104640195562808,0.157096351095707,26.280774787096387,24.096225212903615,0.015127234708881283,0.019908878214310647,0.01945442969874493,45174713.0,-0.3817720640687134,0.0,0.0,-1,0.0,0,62.45714285714286,-0.016944145241404758,-0.013226452905811556,-0.9862341353525012,0.09568970031766856,0.316043643824026,-0.00912336374454581,0.020424836601307117,-1.59972117563492,0.02161729383506802,0.0
2025-09-03,24.85,24.98,0.014516383941124226,0.00359066813072854,0.005296406758839144,0.16756515635823752,-0.005217752154793888,24.891000000000002,25.1655,25.103,2,3,9,24.99448102053166,24.858209136291844,29.41176470588239,0.07927213605755057,0.1415315080880757,26.266341305069677,24.064658694930326,0.011225314611042092,0.018390262198644907,0.019443092663350925,44079408.0,-0.5731979687663178,0.0,0.0,-1,0.0,0,61.371428571428574,-0.013049713773028713,0.0,-0.5956578204597953,0.0987274860612839,0.2919363619373181,-0.011535401750198848,-0.018174634531805456,-1.1310345981272147,0.02012072434607646,0.0
2025-09-04,24.17,24.85,-0.005217752154793888,-0.004390348301292849,-0.0444305223546076,0.4654511686636218,-0.027745557827246067,24.893,25.087,25.061666666666667,3,4,9,24.844575380434993,24.81380854685366,32.69754768392373,0.007064125612529892,0.11463803159296657,26.23811113369014,23.93588886630986,0.014303882564472613,0.018807395219702146,0.019690394413897257,42334880.0,-1.5932432119917974,0.0,0.0,-1,0.0,0,61.17142857142858,-0.0059393989241889175,0.0,0.8554864180096424,0.19563223889038853,0.2985581433614212,-0.039729837107667865,-0.06099456099456091,-1.1345858025409585,0.06038477451386009,0.0
2025-09-05,24.24,24.17,-0.01745528386007914,-0.022859294146082672,0.011173300598125255,-0.3324552725582404,0.002891966485721834,24.89,25.005000000000003,25.026,4,5,9,24.734652583992265,24.776788640605037,36.4942528735632,-0.044005559216042656,0.08290931343116473,26.15190430014206,23.858095699857945,0.014241575223102603,0.01875606119790309,0.01970049922103502,43585987.0,-1.3340258640677354,0.0,0.0,-1,0.0,0,58.68571428571429,-0.02474449232168347,0.01034340091021928,-0.2010000917409793,0.1946226544068279,0.2977432410285588,-0.040000000000000036,-0.06336939721792889,-1.1526946812535177,0.02599009900990095,0.0
2025-09-08,24.09,24.24,-0.008223730557612496,-0.007331908018146978,0.002307774023287891,0.4151272803269151,-0.0062073445743336,24.805,24.953,24.976000000000003,0,8,9,24.617443023266397,24.732479696049875,35.474860335195544,-0.09548174466046788,0.0472311018128382,26.16830762837196,23.73769237162804,0.0104626555346931,0.017767207584863214,0.019580090687410675,41691106.0,-1.4202165441125143,0.0,0.0,-1,0.0,0,58.22857142857144,0.0058761238936707845,-0.0008250825082508075,1.1521232345325834,0.19177530428369183,0.2820456765696515,-0.03446893787575145,-0.04138479904496617,-1.6631451849453773,0.016459111664591103,0.0
2025-09-09,23.71,24.09,-0.010375689678653217,-0.009381572955593548,-0.007150398499075876,-0.4180425475910807,-0.015899916549465872,24.654999999999998,24.871000000000002,24.925,1,9,9,24.452453382672505,24.66651326404666,39.687499999999986,-0.16503736864501306,0.0047774077212679525,26.19037624816072,23.551623751839283,0.009801140037161636,0.01783510601639055,0.01962754383929303,40443641.0,-1.7599225416078226,0.0,0.0,-1,0.0,0,57.942857142857136,-0.026213537099269105,-0.004981320049813242,-0.27608367287111835,0.18413111847842709,0.2831235307550476,-0.050840672538030374,-0.06469428007889544,-0.6914361053141407,0.014339940953184305,0.0
2025-09-10,23.77,23.71,-0.011750030275598821,0.004152829888562757,-0.0006333790985521812,-0.01610621326045392,0.0025273812947884,24.518,24.777,24.884999999999998,2,10,9,24.32837094945932,24.608673698624298,43.75000000000001,-0.2128654231212792,-0.03875115844724148,26.1301421522555,23.4238578477445,0.01013732238795967,0.017541612215485985,0.01957149671422888,41671175.0,-1.4883875996641924,0.0,0.0,-1,0.0,0,57.94285714285714,-0.06699916160884763,-0.0008435259384225885,-0.29469503867798497,0.2047242356684647,0.2784644611038521,-0.043460764587525236,-0.07329434697855752,-0.7196326187844935,0.019141775347076076,0.0
2025-09-11,23.95,23.77,0.0016870522769779582,0.0008285004616413157,-0.0031729270405774974,0.016600694039675463,0.007544042484821633,24.395999999999997,24.648,24.872,3,11,9,24.259576231375807,24.5661786212937,44.83870967741934,-0.23355275442751733,-0.07771147764329665,25.76958909822772,23.52641090177228,0.01078802952947827,0.015382397860146365,0.019108223505389915,42919257.0,-1.2446625972077396,0.0,0.0,-1,0.0,0,60.34285714285715,-0.033970047709764375,-0.0016827934371055593,-0.12181295674724149,0.14703981989351497,0.2441879958347964,-0.009102192800993114,-0.09724839803995489,-0.9504842151939136,0.022964509394571907,0.0
2025-09-12,23.85,23.95,0.0,-0.00041416442919614804,0.0016934805063329261,-0.2301594326467193,-0.004184106522573985,24.256,24.5685,24.834666666666667,4,12,9,24.185107825671114,24.519973548952173,28.458498023715336,-0.2550764156568768,-0.11318446524601268,25.679066948620626,23.457933051379374,0.010420303556432921,0.012825367976170132,0.01846175718272127,41927772.0,-1.2939336991658328,0.0,0.0,-1,0.0,0,61.34285714285714,-0.05109964627726103,-0.009185803757828763,-0.8480584772761094,0.1412915378243078,0.20359640482702765,-0.016089108910890992,-0.0625,-0.33731979568539017,0.020964360587002094,0.0
2025-09-15,22.95,23.85,-0.0012650223065867451,-0.018395167528299998,-0.044547906248018986,0.8747212623592986,-0.03846628082779617,24.056,24.457,24.79433333333333,0,15,9,23.960542766458182,24.418684932890745,14.240506329113828,-0.34082770105700533,-0.15871311240821123,25.74299091426769,23.17100908573231,0.014536025308127221,0.014927931814902784,0.018791590156920387,39549986.0,-2.3437179583156946,0.0,0.0,-1,0.0,0,64.45714285714287,-0.05805303535963712,-0.006289308176100718,2.5859399667891494,0.2863123126152869,0.23697357102457114,-0.04732254047322548,-0.08856235107227961,-1.1239182381793345,0.047494553376906314,0.0
2025-09-16,22.65,22.95,-0.029111644847348923,-0.028894465999715003,0.0004421843980959872,-0.11688570199902092,-0.013158084577511199,23.823,24.333,24.733333333333334,1,16,9,23.722262263465783,24.304576227542956,13.274336283185747,-0.42805930413623017,-0.212582350753815,25.809854409672297,22.8561455903277,0.01420458946505633,0.015034360123092911,0.018691606424562086,37434501.0,-2.279168466407522,0.0,0.0,-1,0.0,0,64.37142857142858,-0.04189625339366778,0.003050108932461886,1.7076796369864484,0.28321740222909475,0.23866306804014162,-0.04470687473639823,-0.0986868284918424,-1.2980085217270307,0.017880794701986648,0.0
2025-09-17,22.24,22.65,-0.013117809440786,0.007571696530893733,-0.025975486403260792,0.16453036783252825,-0.018267382546661357,23.561999999999998,24.226499999999998,24.631000000000004,2,17,9,23.45276003374473,24.17137776124986,11.140583554376533,-0.5242315367010235,-0.2749121879432567,25.974440442198695,22.4785595578013,0.014340792142857876,0.0141857481711381,0.01758570921522511,34940684.0,-2.2729607394417,0.0,0.0,-1,0.0,0,63.77142857142858,-0.05385515861247467,0.0030905077262693282,2.147109479694806,0.2678685676029807,0.2251917709333245,-0.06436684896928901,-0.08740254411161275,-0.47901238753505204,0.05215827338129497,0.0
2025-09-18,22.27,22.24,-0.02090358524070128,-0.0333071980177686,-0.0150860003945132,0.1480522280776527,0.0013480118868947875,23.372,24.1325,24.515333333333334,3,18,9,23.237712754882054,24.048708228266,9.94623655913972,-0.5912128409987858,-0.3381723185543625,26.087680702377007,22.177319297622994,0.013539293975754194,0.014199893664539989,0.01716417157133325,37832448.0,-1.9051947451564646,0.0,0.0,-1,0.0,0,66.54285714285714,-0.04217187651006312,0.0004496402877698545,2.331441107324246,0.23977665700341355,0.2254163236796067,-0.07014613778705636,-0.07784679089026914,-0.9583219163605584,0.03277952402334982,0.0
2025-09-19,22.35,22.27,0.01028401641324114,0.005333345975362382,0.015539618002654612,0.07344839441224969,0.0035858397903016795,23.183,24.0365,24.39766666666667,4,19,9,23.076310435812587,23.939114149023034,12.857142857142847,-0.6305718362064461,-0.39665222208477924,26.145730590573397,21.927269409426604,0.013603577541060606,0.01415767068035475,0.01712993698370713,40944602.0,-1.5991613316603015,0.0,0.0,-1,0.0,0,66.22857142857144,-0.059892126850514545,0.009429726088908885,2.2334837041637368,0.2654979249678708,0.2247460545850158,-0.06289308176100628,-0.0791100123609394,-0.7515518879133098,0.022818791946308634,0.0
2025-09-22,22.81,22.35,-0.007591016581049226,0.016267670239954915,-0.004545462371674722,-0.475965157163797,0.020372715236718606,23.055,23.93,24.320333333333334,0,22,9,23.027890356573934,23.866268074892517,22.391857506361234,-0.6175274952870176,-0.4408272767252269,26.062120269146497,21.797879730853502,0.016355413296786168,0.013398682223601154,0.017100805627713503,42878137.0,-1.050597394722339,0.0,0.0,-1,0.0,0,66.51428571428572,-0.057540930461369114,-0.0017897091722596284,0.430729294606555,0.24211657941311182,0.21269748635778346,-0.006100217864923763,-0.08540497193263841,0.44207504362663375,0.04296361245067955,0.0
2025-09-23,22.56,22.81,0.026101902115752917,0.01557798702643664,0.022746167018521023,-0.019705328386545318,-0.011020609666438506,22.94,23.7975,24.22733333333333,1,23,9,22.9428193826514,23.781992715222035,21.72839506172832,-0.6202132396346194,-0.4767044693071054,25.924052683520802,21.670947316479197,0.016082187808552247,0.012977421426010077,0.01700884278915676,40982330.0,-1.1638554827159486,0.0,0.0,-1,0.0,0,56.771428571428565,-0.0515611146310649,0.003945637878123624,0.3652608988460805,0.23593997129724556,0.20601017851262324,-0.003973509933774877,-0.1051170170567236,0.43115250539086236,0.037012411347517774,0.0
2025-09-24,22.59,22.56,-0.00965343170064262,-0.018198075861559734,0.0026684472138337476,-0.36630996690809425,0.0013289038500537342,22.822,23.669999999999998,24.125333333333334,2,24,9,22.878670403987506,23.70508995940126,26.76470588235287,-0.6128563357515766,-0.5039348425959996,25.763156769847384,21.576843230152612,0.016025407065811535,0.01305431534638592,0.016783836338529406,42296670.0,-1.0319341728796947,0.0,0.0,-1,0.0,0,54.57142857142857,-0.05108672729967266,0.005319148936170257,-0.5313529845518488,0.17919680840293797,0.20723083165650694,0.015737410071942515,-0.10143198090692129,0.7045272574506426,0.01571491810535637,0.0
2025-09-25,22.36,22.59,0.026111144003685804,0.028025114995736282,-0.020869151860679943,0.11909386110133947,-0.01023368219301352,22.663,23.5295,23.986333333333334,3,25,9,22.784366694171595,23.618309962020533,23.595505617977523,-0.6184558402790898,-0.5268390421326177,25.575419944927628,21.48358005507237,0.01545578510703102,0.013006449989259965,0.015161271239585997,40816098.0,-1.1432509887784186,0.0,0.0,-1,0.0,0,50.65714285714286,-0.0571172270603586,0.030544488711819445,-0.3182450770103405,0.20364254115027258,0.2064709926682835,0.00404131118096096,-0.11164084227254678,0.921529876127495,0.06574239713774592,0.0
2025-09-26,22.57,22.36,-0.04032097457633875,-0.03835374214250414,0.0036215521701033096,-0.5230532634187536,0.009347942542545949,22.535,23.3955,23.890666666666668,4,26,9,22.74539093159494,23.55067706124502,29.00552486187847,-0.5990428499199751,-0.5412798036900892,25.314046324694825,21.47695367530517,0.01627919604812911,0.013303515795087421,0.013826253733345463,41693645.0,-0.8605473731590052,0.0,0.0,-1,0.0,0,51.28571428571428,-0.05948705637519314,0.0,-1.1903972761149173,0.21249221238519864,0.21118676613972623,0.009843400447427264,-0.10613861386138612,0.4804303909850586,0.0223748338502438,0.0
2025-09-29,22.82,22.57,0.015531707830568817,0.010765785623675191,0.01658559958198404,0.44095980923801964,0.011015753604485309,22.522,23.288999999999998,23.812,0,29,9,22.758956216759493,23.503536605680825,37.24928366762177,-0.5570635230013501,-0.5444365475523414,25.076193035843758,21.501806964156238,0.01234156320462715,0.013709083642120083,0.01403513498415813,43057527.0,-0.5248453755064862,0.0,0.0,-1,0.0,0,50.97142857142857,-0.06880168303158388,0.006202924235711146,-0.47574196417000336,0.16580435728696014,0.21762495611780006,0.00043840420868046515,-0.08537074148296586,-0.1295106134638573,0.0166476774758983,0.0
2025-09-30,23.95,22.82,0.002199253140663112,0.04612260673565154,0.007963725214609026,0.7016723291007011,0.04833097942299457,22.651999999999997,23.2375,23.77266666666667,1,30,9,22.97550963189413,23.532340695636904,51.9736842105263,-0.42768298455512266,-0.5210858349528976,24.8723941700821,21.602605829917902,0.019214426417457613,0.018247106069805046,0.017018963752249903,45808645.0,0.8716160507982238,0.0,0.0,-1,0.0,0,51.40000000000001,-0.06868950082725654,-0.002629272567922819,1.4722985487294629,0.3568118304945997,0.2896638288439281,0.06161347517730498,-0.041232986389111326,1.4415290507746876,0.053444676409185855,0.0
2025-10-01,25.16,23.95,0.03666574183929125,0.051846146544976955,0.03785463329245317,-0.3728344473255705,0.049287107975315575,22.944,23.253,23.799,2,1,10,23.37268969882247,23.637350973337753,60.82289803220036,-0.22491836913935614,-0.46185234179018936,24.956693819786572,21.549306180213428,0.021822878817773353,0.021659044576175807,0.018621767891045235,47703558.0,2.2386651613714235,0.0,0.0,-1,0.0,0,52.48571428571428,-0.08174639996718318,-0.014196242171189973,0.13751602406945557,0.42630168417130065,0.3438266735029413,0.1137671536077911,0.01247484909456742,0.14712303359652648,0.06677265500794911,0.0
2025-10-02,25.15,25.16,0.05800515394134357,0.0017816494864309371,0.01871571819594112,0.2371042333015974,-0.00039753528649159105,23.232,23.302,23.83233333333333,3,2,10,23.69583702630929,23.734941233122413,61.81818181818178,-0.06429175171516022,-0.38234022377518356,25.16560827146525,21.43839172853475,0.021929840341045663,0.02062553960394244,0.018524253225965282,45301617.0,1.9832494073950644,0.0,0.0,-1,0.0,0,54.54285714285715,-0.03751869454122221,-0.005564387917329116,0.8486249168895392,0.3831503816093792,0.3274202906912721,0.12477638640429345,0.04054613156805953,0.45396315555770855,0.050894632206759494,0.0
2025-10-03,25.95,25.15,0.013103224998427226,0.04145470570871471,0.0513662083959263,0.22463248722495324,0.0313137130661494,23.592000000000002,23.3875,23.888333333333332,4,3,10,24.105684839707603,23.877848250340325,77.77777777777774,0.1261056465712116,-0.28065104970590454,25.56309550226454,21.211904497735457,0.02247248115685664,0.021664810578753795,0.01932744354828546,48308517.0,2.355676868547241,0.0,0.0,-1,0.0,0,52.57142857142857,-0.09579338775572835,0.007952286282306277,1.549104037000636,0.3616729130343727,0.3439182059562232,0.14975631369073983,0.0705445544554455,-0.3331124746981619,0.04181117533718693,0.0
2025-10-06,26.27,25.95,0.025317807984289786,0.008690778297727773,0.022697119904130668,0.15521651603470238,0.01225599408555092,23.938,23.4965,23.932666666666666,0,6,10,24.499196687033493,24.032180621286113,83.39483394833945,0.2993673615070094,-0.16464736746332176,26.01215435664467,20.980845643355334,0.02240711668837917,0.021618614252623194,0.018835797185875098,51820308.0,2.204992901885965,0.0,0.0,-1,0.0,0,53.971428571428575,-0.14368809193351245,0.0019267822736031104,1.9232991223829825,0.35795409624976726,0.34318486201366477,0.15118317265556525,0.09049398090493987,-0.36061557562519087,0.027978682908260354,0.0
2025-10-07,25.25,26.27,0.014888612493750777,-0.0030143202929227013,-0.026265720043376618,-0.6117344479630132,-0.03960144797607967,24.207,23.5735,23.934,1,7,10,24.635706380300128,24.110749613461202,74.95854063018241,0.35033460413184514,-0.061650973144288385,26.208129905099035,20.938870094900963,0.027148846208550625,0.023308423253572498,0.02015970924647991,49915480.0,1.2726645186523695,0.0,0.0,-1,0.0,0,51.85714285714285,-0.1755336113014775,0.004567948229920099,-0.17698261899969378,0.538881958522989,0.37000974829192695,0.05427974947807934,0.06495149725854077,-0.5928156849409646,0.052475247524752446,0.0
2025-10-08,25.25,25.25,-0.03902368822899119,-0.038074200838456446,-0.007375693757765041,-0.29467401745487026,0.0,24.473,23.6475,23.937666666666665,2,8,10,24.747396129336465,24.18424963839919,74.83333333333331,0.38627378733783146,0.02793397895213559,26.386442362146006,20.908557637853995,0.027208243673282853,0.023320300647699892,0.020151716940885734,49915480.0,1.1701597099286265,0.0,0.0,-1,0.0,0,52.942857142857136,-0.21931732501913245,0.005148514851485109,-0.8376924189525026,0.40988752333970646,0.37019829607843446,0.003577106518283024,0.062263357172906986,-0.7829012116031662,0.020594059405940716,0.0
2025-10-09,23.9,25.25,-0.008308653139016946,-0.01341772300649548,-0.04585330449612224,-0.07439468539404752,-0.0549476967839039,24.627000000000002,23.645,23.895333333333333,3,9,10,24.59332410582074,24.165910952050858,60.6602475928473,0.3023369788828383,0.08281457893827612,26.382870859281955,20.907129140718045,0.03371078704165977,0.026505568438484915,0.02241566854534229,48598524.0,0.1862761343439524,0.0,0.0,-1,0.0,0,48.62857142857143,-0.13925539828801736,-0.003168316831683101,-0.9822083206498854,0.5649562131175535,0.4207628546798022,-0.04970178926441349,-0.0020876826722338038,-0.2446843068611748,0.054393305439330575,0.0
2025-10-10,23.39,23.9,-0.05093788006479355,-0.04822417419319739,-0.02331107886844711,0.039961337357066126,-0.021569878341377274,24.708999999999996,23.622,23.833333333333332,4,10,10,24.374537904762423,24.115852180950803,53.9617486338798,0.19244532577555518,0.10474072830573194,26.36034833046262,20.88365166953738,0.0348691642586656,0.02693013711699191,0.022685227094941824,47227875.0,-0.16944520711198563,0.0,0.0,-1,0.0,0,30.14285714285714,-0.1797213296909558,0.0008368200836821392,-0.9666198336702945,0.4289922930183828,0.4275026735065832,-0.09865125240847783,-0.019287211740042,-0.0016715105358025004,0.028430953398888376,0.0
2025-10-13,23.69,23.39,-0.010506505556538441,-0.00020848535465896662,0.0019278146700978562,-0.18103846298424034,0.012744437574606412,24.796,23.659,23.791333333333334,0,13,10,24.250076467532892,24.088377846695913,57.66621438263231,0.128086391565855,0.10940986095775655,26.37905340504848,20.938946594951517,0.03491228873085043,0.025603967916260073,0.022773665718532104,48371549.0,0.022793670111377694,0.0,0.0,-1,0.0,0,29.74285714285714,-0.142861907454803,0.011970927746900433,-1.155197504122349,0.43136730662855505,0.40645039009740486,-0.09821088694328128,0.03224400871459698,0.013382070591166558,0.025960320810468635,0.0
2025-10-14,23.45,23.69,-0.0021146127566763623,-0.006274858488717576,-0.012272734512490655,-0.1380420837568605,-0.01018252327840585,24.746000000000002,23.699,23.740333333333332,1,14,10,24.104608018890545,24.047192179167144,55.67282321899735,0.05705775203898611,0.09893943917400247,26.379823911058935,21.01817608894107,0.031229127331817538,0.025521772557847294,0.022821665688772304,47375338.0,-0.18576378625453732,0.0,0.0,-1,0.0,0,28.285714285714285,-0.1211059955309542,-0.0029548332629801724,-1.2237450776849785,0.4001106452336186,0.40514557923370065,-0.07128712871287135,0.03532008830022071,-0.9508681992708216,0.031982942430703626,0.0
2025-10-15,23.05,23.45,-0.002543451985830367,0.010851525516129355,-0.012644598382305928,0.3223168344156005,-0.017204725449630833,24.535000000000004,23.7395,23.680333333333333,2,15,10,23.91286110636499,23.98285719986604,54.451612903225815,-0.03115052966484555,0.07292144540623288,26.35109741396557,21.12790258603443,0.025459751398824566,0.02547942871070302,0.022983719365387453,46000246.0,-0.5280293174689822,0.0,0.0,-1,0.0,0,27.41428571428571,-0.09817724732014005,0.004690831556503175,-0.6687580897178045,0.3791527218667162,0.4044733914991157,-0.0871287128712871,0.03642086330935257,-0.48946979549492386,0.05639913232104125,0.0
2025-10-16,22.67,23.05,-0.012815211692867432,-0.02887277775130223,-0.008814512777680968,-0.42091555536567155,-0.016623304923219805,24.287,23.759499999999996,23.630333333333333,3,16,10,23.68688635975317,23.89815673535855,50.631313131313135,-0.13021798080414726,0.032293560164156854,26.329509010838194,21.189490989161797,0.025404373213131853,0.025816901091234468,0.02265729877325312,45097573.0,-0.8478569494545527,0.0,0.0,-1,0.0,0,23.11428571428572,-0.0905236032015013,0.009110629067245156,-1.1553397455922871,0.21599445889743013,0.4098305994585507,-0.05146443514644339,0.017961383026493083,1.783609437971503,0.03592412880458752,0.0
2025-10-17,22.4,22.67,-0.04080408123845204,-0.03497413259723748,-0.018550821490668726,0.09824632386820775,-0.011981505658443593,23.932000000000002,23.762,23.569,4,17,10,23.452907021616227,23.801501462109613,47.355163727959685,-0.22788942564770664,-0.01974303699821585,26.32632693539241,21.197673064607592,0.02073638042721451,0.025973747295572763,0.02271074585071842,44101713.0,-1.0622670465313202,0.0,0.0,-1,0.0,0,22.32857142857143,-0.07698935164233874,-0.014997794441993974,-0.9549003353193085,0.19540467376171644,0.41232045576313203,-0.04232578024796929,0.0022371364653241965,1.9241493161143803,0.018982142857142868,0.0
2025-10-20,22.88,22.4,0.01378718748291567,0.021016535361658564,0.0029359603931384806,-0.2611707328389502,0.021202207650602906,23.593,23.7655,23.528666666666663,0,20,10,23.348742108595093,23.742049754876735,42.66117969821674,-0.26352500863741923,-0.06849943132605653,26.324541555780325,21.206458444219674,0.02218840227145673,0.026008994102930755,0.023107270462958473,44868674.0,-0.6920559754098918,0.0,0.0,-1,0.0,0,29.85714285714286,-0.11580527864797452,0.010714285714285805,-1.1478485782201693,0.2551168035165993,0.4128799814838015,-0.03419164204305625,0.003068829460762812,2.051102037131777,0.036713286713286705,0.0
2025-10-21,22.85,22.88,0.007042282625412951,0.011202185218511239,0.023551410693266748,0.05582963540427349,-0.0013120491713833787,23.353,23.78,23.5,1,21,10,23.25806172521417,23.684498157787914,31.096563011456652,-0.2908346533314976,-0.11296647572714474,26.31343951762693,21.246560482373074,0.020539859875315158,0.025874883880536596,0.022948625336444206,44057676.0,-0.7341797532795502,0.0,0.0,-1,0.0,0,28.542857142857148,-0.0766678237403056,-0.003496503496503422,-0.9929250651359308,0.2556132568689207,0.41075104770344245,-0.025586353944562767,0.012854609929078054,1.5090738498235154,0.024945295404814015,0.0
2025-10-22,22.34,22.85,-0.005277057100843781,-0.013370913025816023,-0.02175446501656495,0.07878059761474232,-0.022572323699159097,23.062,23.767500000000002,23.452333333333335,2,22,10,23.091141411538864,23.597756341156437,28.7443267776097,-0.34960050426467504,-0.16029328143465083,26.327984123631406,21.207015876368597,0.020575957976559426,0.026392126699748587,0.023263992286132955,43180203.0,-1.1150235120188525,0.0,0.0,-1,0.0,0,26.37142857142857,-0.03136667047352105,-0.007439824945295479,-0.8634118244975679,0.2732822668663086,0.4189620229058557,-0.03080260303687643,-0.011066843736166398,1.2624330208293475,0.03357206803939123,0.0
2025-10-23,23.16,22.34,-0.0070796755880616884,0.009064309289828586,0.007155665595412232,0.12492037097553843,0.036047859063739814,22.988,23.8075,23.426,3,23,10,23.103661154895434,23.569513996565703,28.95927601809956,-0.32624496862240804,-0.19348361887220228,26.29948187878857,21.315518121211433,0.02012697592299667,0.027519615269103292,0.024255818341707577,44174431.0,-0.5196667002368183,0.0,0.0,-1,0.0,0,27.571428571428573,0.02166462876530039,0.008057296329453881,-0.6760038271730984,0.38445400107826344,0.436860349069339,0.021614468460520397,0.035778175313059046,0.4170289056687235,0.03452936096718471,0.0
2025-10-24,22.55,23.16,0.031471128712220874,0.006873999241233245,-0.0004457321223786557,0.29066837170043774,-0.026691586756107083,22.904000000000003,23.8065,23.38266666666667,4,24,10,23.002995490368992,23.503738900013076,23.121387283237013,-0.35288954931724703,-0.22536480496121125,26.300587956917752,21.312412043082247,0.020688519316831987,0.028174554170159672,0.024694656173008592,42844829.0,-1.0075827490485203,0.0,0.0,-1,0.0,0,32.45714285714286,0.04646029633908317,0.0034542314335059715,-0.28918475822257084,0.4337792498502682,0.4472571818061617,0.006696428571428603,-0.0008861320336730483,0.3113565491489795,0.0430155210643015,0.0
2025-10-27,22.46,22.55,-0.028810373262194475,-0.018547005662648795,-0.0076080026847181225,0.3110146155360028,-0.0039991166383902665,22.781,23.788500000000003,23.36633333333333,0,27,10,22.90426903757463,23.436400906463845,26.7111853088481,-0.37692288690644915,-0.25567642135025886,26.31751707554954,21.259482924450467,0.019885567923532563,0.028073386950946782,0.023740736094324807,41030176.0,-1.0506057968875748,0.0,0.0,-1,0.0,0,37.34285714285715,0.046392436665982875,0.0013303769401329306,0.29947580033966564,0.39664591618563066,0.44565120198894614,-0.018356643356643332,-0.015775635407537236,1.2301872849074327,0.03161175422974164,0.0
2025-10-28,21.88,22.46,-0.007557270908680283,-0.0206737074906324,-0.02225847060094281,-0.3202751583098115,-0.026162971756516797,22.624000000000002,23.685,23.340666666666664,1,28,10,22.71803830347015,23.3359879447565,24.353120243531208,-0.4377248136568923,-0.29208609981158556,26.35186095783434,21.018139042165657,0.020915620774320732,0.02599763400253932,0.024086200869293802,39712830.0,-1.353651374060215,0.0,0.0,-1,0.0,0,39.34285714285714,0.0705088579999499,-0.0022261798753339585,-0.2579690442893309,0.4254439824776824,0.41269964548077476,-0.04245076586433272,-0.08643006263048014,1.681681291853776,0.03336380255941501,0.0
2025-10-29,21.48,21.88,-0.02851517030802112,-0.018843087801479943,-0.01714195321865031,0.2451305110827806,-0.018450707913116485,22.467,23.500999999999998,23.31533333333333,2,29,10,22.49294043011194,23.216246787030276,28.46975088967973,-0.5122821657986165,-0.33612531300899173,26.246023439646837,20.755976560353158,0.020986361511434366,0.022722948146273424,0.024090662440893956,38029541.0,-1.472482872685422,0.0,0.0,-1,0.0,0,42.114285714285714,0.0675760653924533,-0.004570383912248532,0.2541432576423318,0.41799368747982035,0.36071561909553373,-0.038495971351835245,-0.1462639109697933,1.6596416478461327,0.031657355679702036,0.0
2025-10-30,21.9,21.48,-0.021815671394288732,0.00451876051332638,-0.005472892919840763,-0.07503291765892486,0.019364367181791152,22.39,23.3385,23.302999999999997,3,30,10,22.385133079182495,23.131327639479938,36.52802893309221,-0.5313537987780457,-0.3751710101628025,26.057162790494818,20.61983720950518,0.02220358645594455,0.02348233477890992,0.024376279450015463,39591150.0,-1.0582408418060434,0.0,0.0,-1,0.0,0,37.05714285714286,0.05341626156228351,-0.00791433891992559,0.151931500507889,0.3064483367998943,0.37277050816895135,-0.05440414507772029,-0.12922465208747513,1.2456795441481916,0.04094977168949767,0.0
2025-10-31,22.41,21.9,0.041816338100958104,0.010762435721793008,0.027654948445815446,-0.006900636190513043,0.02302065099038067,22.391,23.161499999999997,23.305,4,31,10,22.389654337512948,23.084790372416716,38.85017421602787,-0.4995568867388194,-0.4000481854780059,25.611997479030904,20.71100252096909,0.023430437093452494,0.02281599784012084,0.02474635167043832,41142020.0,-0.6133448464490486,0.0,0.0,-1,0.0,0,34.45714285714286,0.04264403012395641,0.014611872146118735,0.2808666710463489,0.3492500372930385,0.36219273719247946,-0.006208425720620858,-0.1364161849710982,0.11040037009670424,0.024096385542168794,0.0
2025-11-03,22.2,22.41,0.00044994376462123456,-0.003127096584435981,-0.017520042420163334,-0.2279175782195272,-0.009414998934601874,22.323,22.958000000000002,23.284666666666666,0,3,11,22.35517173069241,23.027707122583383,39.05429071803853,-0.4857039569446826,-0.41717933977134125,24.95573134487993,20.960268655120075,0.02234218067188606,0.022356794399783445,0.024506454067154047,39907233.0,-0.758860796715949,0.0,0.0,-1,0.0,0,32.6,0.04814371438624114,-0.008032128514056212,-0.1013110084139134,0.35415684774291833,0.3549031085665713,-0.011576135351736516,-0.15492957746478875,0.3265893439453465,0.038288288288288355,0.0
2025-11-04,21.95,22.2,-0.019532758181061843,-0.0017913126151368102,0.007645120058255577,-0.1863522251517149,-0.0113251493570534,22.233,22.793,23.264333333333337,1,4,11,22.281504143293787,22.95817763080381,40.107913669064736,-0.4892584540353724,-0.43159516262414754,24.52050017137632,21.06549982862368,0.022490126082169763,0.021184480879079808,0.024510899652270688,38882383.0,-0.9759767483303592,0.0,0.0,-1,0.0,0,20.94285714285714,0.058362991721802766,-0.018018018018017955,-0.6674258110564331,0.30435995724061343,0.3362932083602889,0.0031992687385740126,-0.1306930693069307,0.48931781105591404,0.029384965831435062,0.0
2025-11-05,22.24,21.95,0.00045861041849434966,0.010034647698170427,0.0052940623129418595,-0.38904026512319145,0.013125329861201192,22.223,22.642500000000002,23.252666666666666,2,5,11,22.27395793542219,22.91184359010679,46.06946983546615,-0.46333381837667886,-0.43794289377465384,23.939555369511606,21.345444630488398,0.022038604830123622,0.021608264262983984,0.024639220039521407,39576931.0,-0.6206365733662722,0.0,0.0,-1,0.0,0,23.057142857142857,0.042200839077270645,-0.006378132118451051,-1.555164494672572,0.25877113364714577,0.3430205610217201,0.035381750465549144,-0.11920792079207931,-0.4046378612668308,0.03394784172661866,0.0
2025-11-06,21.79,22.24,0.017723708664695994,-0.0051162384985977225,0.0,0.5747622235167342,-0.020441320425853046,22.086000000000002,22.537,23.233666666666668,3,6,11,22.185965583527242,22.83946658429345,44.601769911504434,-0.47363977256571843,-0.4450822695328668,23.743475510689986,21.33052448931001,0.018508003617553333,0.018880149750430897,0.02484673140955105,38342922.0,-1.238317716988367,0.0,0.0,-1,0.0,0,24.342857142857145,0.057808364311714655,-0.0017985611510790984,0.15828343277352516,0.29023563264765684,0.2997130857317901,-0.005022831050228271,-0.0882845188284519,0.5390652342113993,0.02937127122533275,0.0
2025-11-07,22.41,21.79,-0.027862044351517717,0.002227668553223769,-0.014335505614124803,-0.06779603940549275,0.028056138856307172,22.072,22.488,23.22833333333333,4,7,11,22.226699113795014,22.811759062726132,45.9412780656304,-0.42685794439398705,-0.4414374045050909,23.62628310233112,21.34971689766888,0.019854594302023725,0.019795521059801778,0.025348724490547207,39496043.0,-0.1370485072479091,0.0,0.0,-1,0.0,0,20.428571428571427,0.032327685221891035,-0.009178522257916443,-0.06378535050543825,0.3182885836452921,0.3142441547830636,0.0,-0.041898247114151355,0.725545599148091,0.04462293618920125,0.0
2025-11-10,22.81,22.41,0.06976453600552694,0.03682576923654041,0.03118088460045502,0.4749892464941799,0.017691748483460886,22.107,22.444,23.228,0,10,11,22.33275382037774,22.81164557480832,49.67532467532465,-0.3534322050070884,-0.4238363646054904,23.446594528946573,21.441405471053425,0.020608178945817363,0.02002344822714862,0.025479921573218295,41350258.0,0.7301057195764983,0.0,0.0,-1,0.0,0,29.942857142857143,0.01988747215546511,0.03302097278000885,1.8553451092840736,0.3255192738497463,0.3178623863940745,0.02747747747747753,-0.03714647530603643,-0.37883666204722605,0.05098202542744413,0.0
2025-11-11,22.96,22.81,-0.014795744235946392,-0.009607232067374133,0.020996974196829835,-0.881951849042025,0.0065545351550690455,22.214999999999996,22.4195,23.195,1,11,11,22.44679858030906,22.821216828046495,55.344827586206904,-0.27991138691185924,-0.3950513690667642,23.339098882808734,21.499901117191264,0.018199612012678324,0.020001754218944984,0.023768233021675366,42117855.0,1.175512519869857,0.0,0.0,-1,0.0,0,30.457142857142856,0.01897158753028551,0.0,-1.1969908594867185,0.28998988835817036,0.3175180046901924,0.04601366742596813,-0.020895522388059584,-1.1998585599019544,0.020470383275261274,0.0
2025-11-12,22.96,22.96,0.028523973566635562,0.04198199707421629,0.014047641013250269,1.0627171798997719,0.0,22.363,22.415,23.121666666666666,2,12,11,22.540107929343776,22.830170581075755,47.99196787148595,-0.21911973299779675,-0.35986504185297075,23.322408107570197,21.5075918924298,0.01643631468461467,0.01963531677814015,0.021680202701706494,42117855.0,1.2012235629222432,0.0,0.0,-1,0.0,0,34.57142857142858,0.022002075097465868,0.02221254355400688,2.31167948913898,0.2935394297652336,0.31170099065359713,0.03237410071942448,-0.0039045553145335976,-0.4914700021045666,0.04965156794425074,0.0
2025-11-13,22.16,22.96,-0.025022875898456785,-0.037660469173179924,-0.038662891432579616,-0.3762054618141021,-0.035464709572282656,22.389,22.3895,23.022000000000002,3,13,11,22.470997396735818,22.78693376939345,46.22823984526112,-0.2328115171620162,-0.3344543369147799,23.295398216659734,21.48360178334027,0.02029697069830831,0.020838099094141468,0.022446234949205394,40592814.0,-0.5066794387701171,0.0,0.0,-1,0.0,0,24.542857142857144,0.03861710716106559,-0.0030487804878048903,0.6033697916894412,0.382344052343229,0.3307945679905119,0.01698026617714543,-0.022496691662990842,-1.1522709519826233,0.05054151624548741,0.0
2025-11-14,22.07,22.16,-0.05754396344568078,-0.04003173620835705,-0.023843403718888236,-0.5379204811594032,-0.004069641610437975,22.354999999999997,22.372999999999998,22.892666666666667,4,14,11,22.398088779147486,22.74067997781968,46.22823984526112,-0.24806506296404862,-0.3171764821246337,23.29004559950902,21.455954400490974,0.018802637233836655,0.020693860061896826,0.021406153670997366,39702249.0,-0.6608177394062428,0.0,0.0,-1,0.0,0,22.057142857142853,0.03759694950572286,-0.02481949458483758,-0.8800401565864192,0.31253546840913016,0.3285048443385042,-0.015171798304328465,-0.01473214285714275,-1.2452166193192729,0.03307657453556866,0.0
2025-11-17,21.49,22.07,0.011959664169881893,-0.011284254244831475,-0.010261284066497746,0.5436651057473276,-0.026631509614225998,22.284,22.3035,22.733333333333334,0,17,11,22.232981728393394,22.659990946992608,46.22823984526112,-0.30345670069539565,-0.31443252583878606,23.268209391747703,21.338790608252296,0.02030277506927792,0.02077795599465365,0.021478790081436924,38168422.0,-1.6865182550492925,0.0,0.0,-1,0.0,0,11.642857142857142,0.058294843657564016,-0.009062075215224254,0.5572016170728881,0.2836872337958373,0.32983982588458355,-0.057869355545813295,-0.06075174825174823,-0.530044216174187,0.03257328990228026,0.0
2025-11-18,21.79,21.49,-0.031114653010709776,0.004980766466238952,-0.01036767062302993,0.06694556609055967,0.013863438302109454,22.267999999999997,22.2505,22.618,1,18,11,22.152439595958228,22.603862498799536,53.05719921104536,-0.3194648875140267,-0.31543899817383425,23.20521075807223,21.295789241927768,0.02073262971099255,0.02111815362058626,0.02088885456761456,39808447.0,-0.9646900825331635,0.0,0.0,-1,0.0,0,8.9,0.04509235867301232,-0.01349464867380173,0.7327645035582979,0.316623011767695,0.33524029577357717,-0.05095818815331021,-0.04638949671772441,-0.18452856303487564,0.0472693896282699,0.0
2025-11-19,25.52,21.79,0.0256125758567263,0.15647086648295544,0.019012800227239314,1.82798648065425,0.15801130952006065,22.596,22.4095,22.627,2,19,11,22.764723305784003,22.792000402102794,71.59904534606204,-0.030816431175185954,-0.2585144847741046,24.157009204854887,20.661990795145115,0.05837678460153945,0.04367449871820731,0.0383202332702527,50011612.0,3.55992402370012,0.0,0.0,-1,0.0,0,7.857142857142857,-0.07787603554635543,-0.001835704451583256,4.169239020293665,1.3409175467228056,0.6933111734627146,0.11149825783972123,0.14234556848701874,1.9598952130746854,0.17142633228840126,0.0
2025-11-20,24.38,25.52,0.1610235591150204,0.011902617003604751,0.11012715456436899,-0.8858359739990536,-0.04569933442346365,22.855,22.470499999999998,22.642999999999997,3,20,11,23.05840997745964,22.894451989063906,60.93229744728078,0.10474365776464722,-0.18586285626635424,24.403629178573574,20.53737082142642,0.060500521522588294,0.044592821127898634,0.037920622061762214,45804140.0,1.9755534406748634,0.0,0.0,-1,0.0,0,5.171428571428572,-0.04156963010819397,0.0011755485893417373,1.079107969554644,1.3695915320638705,0.7078890897792396,0.10018050541516232,0.052677029360967076,1.8754005945403798,0.08941755537325675,0.0
2025-11-21,24.26,24.38,-0.04687419259658808,-0.04568430532336823,-0.03775634040848964,-0.26581680026714644,-0.004934220537221344,23.04,22.556,22.672000000000004,4,21,11,23.276880890648794,22.982551860737207,61.547085201793735,0.20018539516463818,-0.10865320598015576,24.64861760029217,20.463382399707832,0.06046261782319413,0.044094312857641656,0.03770031231433124,42578778.0,1.6285823074049353,0.0,0.0,-1,0.0,0,5.6571428571428575,-0.029911824856349935,0.0,0.5559171065893216,1.3706375718202466,0.6999755163215859,0.0992297236067059,0.07583148558758324,1.8799031383482334,0.0783182192910141,0.0
2025-11-24,25.37,24.26,0.011013776435573592,0.016640637552848874,0.03867182463871477,-0.0782189435686006,0.04473847009528638,23.296,22.7015,22.728,0,24,11,23.65744800143992,23.13658077294771,67.48466257668713,0.36122737865278154,-0.014677089053568307,25.1417957111577,20.261204288842297,0.06152645243375106,0.04498321541098352,0.03850147636678048,45561470.0,2.1870300290238487,0.0,0.0,-1,0.0,0,13.685714285714283,-0.06359985884746339,0.016075845012365912,0.4096893558341093,1.3051040332688424,0.7140864068970633,0.1805490926012101,0.1295636687444346,1.3840097662260213,0.055498620417816225,0.0
2025-11-25,30.0,25.37,0.139850129685062,0.2249807624114265,0.1365631452633951,1.2633009384936047,0.16763000805096487,24.0,23.107499999999998,22.946333333333335,1,25,11,24.810639273905387,23.5793820134027,77.47875354107649,0.8526280508597033,0.15878393892908604,27.148942551210745,19.066057448789252,0.08159549139442211,0.0589367658525274,0.05045184880451846,56111484.0,3.410910788740585,0.0,0.0,-1,0.0,0,15.028571428571428,-0.13779752538038154,0.11746156878202603,2.840942779077986,1.6313687701840867,0.935592153145387,0.37677833868747146,0.3711151736745888,0.20001279266158273,0.1437,0.0
2025-11-26,29.33,30.0,0.07539210572898207,-0.028677511422846913,0.05471631161207408,-0.9584646886437196,-0.0225864986727958,24.637,23.499999999999996,23.155666666666665,2,26,11,25.632341224104405,23.950389625441236,76.29009762900975,1.174464725086093,0.3619200961604874,28.324773787988732,18.67522621201126,0.08280038429104015,0.05907275249037399,0.05055625351948756,52065752.0,2.4166936134969794,0.0,0.0,-1,0.0,0,17.657142857142862,-0.12054576326160443,0.01900000000000001,0.47666009321436714,1.4425335217662156,0.9377508740976063,0.14929467084639492,0.3654562383612663,1.567418551366779,0.06341629730651209,0.0
2025-11-28,28.63,29.33,-0.04379774031076481,-0.05202431964047547,-0.016975983629226924,-1.0823015448834068,-0.024155763879335924,25.284,23.836499999999997,23.354333333333333,4,28,11,26.17737009244906,24.252299972186965,71.56726768377253,1.357391296345103,0.5610143361974105,29.109367091860086,18.56363290813991,0.08194855824565991,0.059776058057453604,0.0507033020521798,50694998.0,1.8181759245932432,0.0,0.0,-1,0.0,0,21.77142857142857,-0.10966925968557667,-0.0023866348448686237,-0.4702640260443213,1.3797320928666956,0.9489155038546858,0.17432321575061516,0.30730593607305945,1.723280649182613,0.027244149493538164,0.0
2025-12-01,28.21,28.63,-0.024564459489959004,-0.01197619104671565,-0.015848192240023616,0.3611307922460215,-0.01477859409611872,25.898000000000003,24.1265,23.548000000000002,0,1,12,26.54693916654923,24.507635457852324,68.69806094182826,1.4517367148945262,0.7391588119368336,29.69852514446286,18.55447485553714,0.08248705874922993,0.06010231067804931,0.05074495145990027,48728033.0,1.4657148502130988,0.0,0.0,-1,0.0,0,22.085714285714285,-0.09312345008817187,-0.00279427174292694,-0.266703628052818,1.3992879632283701,0.9540946036467619,0.16281945589447644,0.2588130298973672,1.726118881065755,0.031194611839773095,0.0
2025-12-02,28.72,28.21,0.010106376314729094,-0.005522968819776383,0.004604222760910781,0.12039318459069728,0.017917219166118478,26.621,24.452499999999997,23.74266666666667,1,2,12,26.94204113626755,24.779400912184432,69.45945945945945,1.5497938181467035,0.9012858131788076,30.305772139311664,18.59922786068833,0.08043084985047297,0.05987398167163215,0.05072002662335999,50946652.0,1.4581587523801183,0.0,0.0,-1,0.0,0,23.257142857142856,-0.10665007062263718,0.02233250620347391,-0.19595268502905136,1.3977827778137752,0.9504699930382683,0.13204572329523057,0.2936936936936936,2.043170783663617,0.020543175487465176,0.0
2025-12-03,28.56,28.72,-0.001735207792663822,0.0024200530393717248,-0.0010606329436930182,0.09995424070196034,-0.005586606708639823,27.298000000000002,24.782999999999998,23.933,2,3,12,27.236215475127995,25.023310530753182,68.71657754010695,1.5961941831659665,1.0402674871762394,30.785862825790975,18.78013717420902,0.08115419453268426,0.05975842853457216,0.0507551185991537,48494811.0,1.2583995702091757,0.0,0.0,-1,0.0,0,24.77142857142857,-0.10267519864958924,0.002437325905292489,-0.1393889966211205,0.27192332417652054,0.9486356438550236,-0.04800000000000004,0.3011389521640091,1.3617626530613611,0.024159663865546264,0.0
2025-12-04,29.25,28.56,0.0027748890507592393,0.024685874931236376,0.00634698886684091,0.47036920602669013,0.023872436206481995,27.671,25.133499999999998,24.163333333333334,3,4,12,27.60235811601381,25.2960001739304,73.87205387205387,1.6694002334441258,1.1660940364298167,31.326763827910558,18.94023617208944,0.06434151953543224,0.059793193480893715,0.05048715192317021,52419191.0,1.3293475344772447,0.0,0.0,-1,0.0,0,36.02857142857143,-0.10939270241926972,0.010854341736694757,0.33989078826675106,0.3297234751671286,0.9491875202688798,-0.0027275826798499603,0.3151978417266188,0.23349919657502838,0.04218119658119666,0.0
2025-12-05,28.88,29.25,0.0,-0.02641388642049732,-0.009180855446318725,-0.30735597432263095,-0.012730259653240041,28.121,25.488,24.354,4,5,12,27.834656640374934,25.527225969160696,72.50495703899537,1.6782152274404716,1.2685182746319477,31.687105538195354,19.288894461804645,0.06176234187248226,0.05957928913571925,0.05039631640237325,49533246.0,1.0943514283150781,0.0,0.0,-1,0.0,0,38.142857142857146,-0.11069586593876392,-0.012991452991452957,-0.07240919233998062,0.286105474515402,0.9457918940587532,0.008732099196646859,0.32537861404313917,0.5221500200117505,0.024930747922437636,0.0
2025-12-08,28.82,28.88,-0.004165226431484326,0.0031048256764120478,0.0049540087164039156,-0.34857998121339545,-0.002079723453249375,28.576999999999998,25.8085,24.563,0,8,12,28.01380997848858,25.739663003408396,75.0855578370979,1.6612102771248978,1.3470566751305377,32.000363166582765,19.616636833417232,0.0616481719403439,0.059627301870765224,0.05001095685154073,47496665.0,0.9727282141029682,0.0,0.0,-1,0.0,0,40.77142857142858,-0.11619492475711922,-0.004501385041551212,-0.40816902049748793,0.2522022319185334,0.9465540725989273,0.021623537752569977,0.28603302097277994,0.42512551421009703,0.023244274809160373,0.0
2025-12-09,28.84,28.82,-0.011192841580451003,0.010977495313783997,-0.01135972457040786,0.2351676179071848,0.0006937218453723083,28.924,26.109999999999996,24.775666666666666,1,9,12,28.16402634603611,25.939684745123984,74.59874389392883,1.6305515806995885,1.4037556562443478,32.27427739394277,19.945722606057227,0.061114332200361506,0.059695481405701564,0.04997525314160306,50073186.0,0.8857485883690425,0.0,0.0,-1,0.0,0,40.94285714285714,-0.1094577694627395,-0.013532269257460117,-0.2203454718614658,0.22101865192997727,0.9476363891626008,0.00417827298050133,0.2643577378342832,1.5087964139681944,0.04542302357836334,0.0
2025-12-10,29.6,28.84,0.009452197102666891,0.009842265095049152,0.0173424980025876,-0.04629576271702269,0.02601104891326635,28.884000000000004,26.442,25.033,2,10,12,28.425112464938636,26.17583411640631,67.95774647887325,1.648576230728768,1.4527197711412319,32.60718442119688,20.276815578803127,0.018470047143936966,0.05974118085811895,0.04961091378165221,52533144.0,1.0244624602444334,0.0,0.0,-1,0.0,0,36.371428571428574,-0.11416450982960566,-0.0048543689320388545,-0.3023005993869762,0.2722838754476613,0.9483618454794902,0.036414565826330625,0.28919860627177707,0.2205057712757044,0.03749999999999998,0.0
2025-12-11,30.13,29.6,0.033239311537155196,0.019067311226202945,0.013937507843781678,0.1214199271159892,0.01774699181219508,28.964000000000006,26.8005,25.32133333333333,3,11,12,28.73509201676797,26.430941592767198,76.74418604651164,1.686190116298885,1.4994138401727626,32.946987143932425,20.654012856067578,0.017719501600069375,0.05964912010113089,0.0493079511321235,55310680.0,1.0833830518255472,0.0,0.0,-1,0.0,0,43.74285714285714,-0.12077833105233769,0.0023648648648648745,-0.19146520436525882,0.2506403130266539,0.9469004262684977,0.030085470085470023,0.31228222996515664,0.2985811057284714,0.0424825755061401,0.0
2025-12-12,29.72,30.13,0.0013472551717857132,-0.006315460578785144,0.010327114155849524,-0.0490561006714447,-0.0137011332926514,29.073,27.178500000000003,25.582,4,12,12,28.91416619553743,26.643138909362865,74.72826086956522,1.663737290277762,1.5322785301937627,33.046939315525066,21.31006068447494,0.016236760693684973,0.05889508652084668,0.04951387146474935,52666111.0,0.8661587394373871,0.0,0.0,-1,0.0,0,39.285714285714285,-0.11637654801655116,-0.013939595087952146,-0.2672535374480516,0.25519346961396927,0.9349305142667557,0.02908587257617734,0.3411552346570397,0.23648376403951163,0.026581426648721374,0.0
2025-12-15,29.35,29.72,-0.002696327889042512,-0.0023368396546411,-0.01379332213233576,-0.3009462178174143,-0.01252767357545292,29.187,27.542499999999997,25.813333333333333,0,15,12,28.993408705439712,26.817775108758813,69.32038834951457,1.5976704061839726,1.5453569053918048,32.962773347156485,22.122226652843505,0.015968144677237325,0.05907725471737062,0.04964568819285166,50708819.0,0.6669405338932695,0.0,0.0,-1,0.0,0,49.31428571428573,-0.11516997549678404,-0.003028263795423952,-0.5655977572806303,0.28444715405460796,0.9378223447354805,0.018390006939625225,0.329859537834164,0.3449132700299519,0.03816013628620105,0.0
2025-12-16,29.13,29.35,-0.028759256961389392,-0.025386369226646402,-0.02318333545565728,0.1611541755666308,-0.007523975302762249,29.228,27.924499999999995,26.044333333333334,1,16,12,29.018243486268855,26.96695090819373,42.614601018675714,1.5101516747009818,1.5383158592536401,32.570288018817664,23.278711981182326,0.015519310582489414,0.058518485820712896,0.04962146918613799,48409263.0,0.5189647031320203,0.0,0.0,-1,0.0,0,46.4,-0.11334014990428584,-0.01908006814310059,-0.4492556033620573,0.295759893131804,0.9289521634899949,0.010055478502080328,0.3555141926477432,0.657370004470667,0.03535873669756269,0.0
2025-12-17,28.67,29.13,0.005196616579253358,0.009203319711733313,0.013764113539165592,0.21288250700533495,-0.01591729107606463,29.238999999999997,28.2685,26.26833333333333,2,17,12,28.954926488765423,27.076825043148975,44.19014084507045,1.3876780055937878,1.5081882885216698,31.91261147209481,24.62438852790519,0.016352765292341392,0.058971233005993426,0.04969583211445498,45564162.0,0.22035549849368402,0.0,0.0,-1,0.0,0,37.68571428571429,-0.10869001724290027,-0.006522485410229925,-0.25808271544237477,0.2200544483320977,0.9361393022442154,-0.0314189189189189,0.3157411656723268,1.9825378787021488,0.03173003139169854,0.0
2025-12-18,28.69,28.67,-0.001383126084951464,-0.0089565212351469,0.0034989538846149585,-0.6868561625599467,0.0006973500979950343,29.183000000000003,28.427,26.483333333333334,3,18,12,28.906758036262616,27.180900846816787,50.60000000000002,1.2775042989645797,1.462051490610252,31.835930068295138,25.01806993170486,0.014111131377340552,0.046194654584272354,0.049720790813152276,46995690.0,0.15430061323113753,0.0,0.0,-1,0.0,0,42.371428571428574,-0.10822753055017424,0.008022322985699227,-0.8353172656094631,0.10436753371020244,0.7333174075830869,-0.04779289744440751,0.1242163009404389,1.23680025782891,0.01907284768211921,0.0
2025-12-19,29.21,28.69,-0.00921184927256571,0.012069907910432312,-0.008065973942863309,0.47777758194838443,0.017962486406376186,29.216,28.6685,26.730666666666664,4,19,12,28.96189293876032,27.3118104696028,59.803921568627466,1.2181088957768544,1.4132629716435725,31.506855899200577,25.830144100799426,0.014829745166117753,0.04461920054904704,0.049418863491195175,49304010.0,0.3815589159573067,0.0,0.0,-1,0.0,0,44.2,-0.10936775061459951,-0.0019170442662948663,-0.33394213560979413,0.21479299459239445,0.7083078501077708,-0.017160161507402405,0.19811320754716988,1.2264322542516717,0.03873673399520721,0.0
2025-12-22,29.87,29.21,0.024322026869014933,0.022801565645766155,0.029832250424817963,-0.29071339455408896,0.022343515828368944,29.321000000000005,28.949,26.979333333333333,0,22,12,29.12700331353117,27.476854955434877,60.95238095238098,1.2103420255212036,1.372678782419099,30.933273962409213,26.96472603759079,0.01620591177203877,0.04456096332442982,0.049358646054891576,51030010.0,0.9282992343272639,0.0,0.0,-1,0.0,0,54.88571428571429,-0.10954214747587791,0.004450530640191681,-0.5932953341943901,0.26076472608738993,0.707383362827468,0.01771720613287897,0.23124484748557284,0.10823558470324333,0.03189152996317365,0.0
2025-12-23,29.46,29.87,0.009498036124817134,-0.01643883606285661,-0.003766482795477005,-0.5251415922176523,-0.01382122119353422,29.383,29.1535,27.201,1,23,12,29.18754816561641,27.604799797019727,58.1818181818182,1.15775724654004,1.329694475243287,30.21158715191759,28.09541284808241,0.01711917713783569,0.044124402302306756,0.049537370373313704,50009130.0,0.5793473617830533,0.0,0.0,-1,0.0,0,58.57142857142857,-0.11760218236726733,-0.008369601606963508,-0.887356686166764,0.2805096000567398,0.7004531714476173,0.011328527291452284,0.16121403232163978,0.14960178961998255,0.01934826883910388,0.0
2025-12-24,29.91,29.46,0.00033755274582111507,0.009377161812597005,0.007518832414027319,-0.1783708256512161,0.015159461607372518,29.414000000000005,29.149,27.432666666666663,2,24,12,29.318903044595242,27.75352239076039,56.27376425855515,1.1392619667509294,1.2916079735448156,30.19259500109776,28.10540499890224,0.015685400778379717,0.016720571198936118,0.04954420330174006,50863231.0,1.458420171042411,0.0,0.0,-1,0.0,0,58.0,-0.12381499241380009,0.005770536320434424,-1.7512698035201255,0.2370624190804816,0.2654308390280044,0.04325078479246591,-0.0030000000000000027,-0.9635482907471008,0.021063189568706085,0.0
2025-12-26,29.73,29.91,0.013742465310460047,0.0026631174194836284,0.005432950545302548,-0.011958572451013894,-0.006036235631850341,29.374000000000002,29.169,27.658333333333335,4,26,12,29.393647945577925,27.881037075227464,58.38264299802764,1.0974293462124365,1.2527722480783399,30.242114503136804,28.095885496863197,0.014635653438823145,0.015955007215406724,0.04959800011448401,50019283.0,1.0455547816382127,0.0,0.0,-1,0.0,0,54.85714285714285,-0.11901351415444335,0.0043463724506853565,-1.6697409638682894,0.2552502594496718,0.2532778875492441,0.03624956430812132,0.013637913399249912,-0.6163441048282824,0.018499831819710634,0.0
2025-12-29,29.2,29.73,-0.015431369613280317,-0.008345900554981918,-0.012608788615373921,0.23497262249830722,-0.01798792773577034,29.322000000000003,29.197499999999998,27.892999999999997,0,29,12,29.35843922820012,27.966131457470855,53.42960288808664,1.009868981446246,1.204191594751921,30.240186307976924,28.154813692023072,0.015085741352173604,0.015514720047469722,0.04916596513465454,48951795.0,0.0047953060875075846,0.0,0.0,-1,0.0,0,47.885714285714286,-0.12055153604833331,-0.005045408678102998,-1.3279349401507998,0.2846665207964665,0.24628854543835862,-0.000342348510784074,0.01990918616835491,0.46240431377443053,0.022945205479451992,0.0
2025-12-30,29.3,29.2,-0.004065046248169445,-0.006052473082922654,-0.009302392662313448,0.15188324794720226,0.0034188067487856823,29.316999999999997,29.252000000000002,28.134,1,30,12,29.347813913981913,28.052187492472736,54.092526690391466,0.937736285615788,1.1509005329246944,30.18559745636263,28.318402543637376,0.014653427662997645,0.015067862884740548,0.049109482376439896,50194377.0,0.10282804365601042,0.0,0.0,-1,0.0,0,46.114285714285714,-0.12407939605863967,0.00890410958904115,-1.029431052466401,0.21242411650232237,0.23919490789346273,-0.019082691663876772,0.03863878057426451,0.6109778089459688,0.025938566552900954,0.0
2025-12-31,29.0,29.3,-0.007495776152906539,-0.013797959579850924,-0.003814813018922134,0.15044022608345153,-0.010291686036547636,29.303999999999995,29.266000000000002,28.384333333333334,2,31,12,29.284575020530653,28.113336686506756,44.186046511627886,0.8466039879068461,1.0900412239211248,30.174055180331443,28.35794481966856,0.01483238332217003,0.01480612525089462,0.0487807859774146,48750067.0,-0.5858674797778501,0.0,0.0,-1,0.0,0,43.25714285714286,-0.12686925210842054,-0.002047781569965948,-0.7232643946973276,0.2033818248066712,0.2350399517660459,-0.015614392396469778,0.009749303621169991,0.5653752654168753,0.01598965517241377,0.0
2026-01-02,30.48,29.0,-0.004799460704130848,0.048598488729268,0.005198417528821858,0.48746594964375406,0.04977490083197147,29.485000000000003,29.362000000000002,28.674,4,2,1,29.501925016797806,28.266024642215996,52.864157119476275,0.8836188089279702,1.048756740922494,30.357539525769262,28.366460474230742,0.02091026614379767,0.018512899652462216,0.04932254357696904,51101671.0,2.246018306779154,0.0,0.0,-1,0.0,0,45.22857142857142,-0.12661645171544014,0.0034482758620690145,0.3856629416811827,0.434166782970671,0.29388317116265467,0.01905717151454356,0.0672268907563025,1.8144026390471404,0.05807086614173227,0.0
2026-01-05,31.44,30.48,0.05677651580208197,0.0329999510019527,0.06263557099148505,-0.014350626664479171,0.031010236742560218,29.759999999999998,29.4715,28.871333333333336,0,5,1,29.854302286470933,28.470797245943995,62.91291291291293,0.9791304913926346,1.0348314910165222,30.83055965943192,28.112440340568078,0.022215237886797638,0.0190114590668024,0.03940598451965067,53419769.0,2.8968559052408662,0.0,0.0,-1,0.0,0,47.60000000000001,-0.126457737067131,0.010498687664042003,0.5225797415860711,0.4601320140429755,0.3017975565074595,0.057517658930373416,0.07487179487179496,0.5642489786234507,0.029580152671755715,0.0
2026-01-06,31.53,31.44,0.019611623571026304,-0.0015770386488791702,0.008093780189032456,0.00465074879560005,0.0028585059959636717,29.992,29.603999999999996,29.109666666666666,1,6,1,30.158974598021672,28.668165165560513,67.0846394984326,1.0499828865841216,1.037861770130042,31.21383032777091,27.99416967222908,0.022074117642054778,0.018618006214880887,0.03816484641222219,55748673.0,2.3927987524832877,0.0,0.0,-1,0.0,0,52.85714285714285,-0.1266005996859911,-0.0009541984732824789,0.6030316277293303,0.3957777755781653,0.2955516861145788,0.07979452054794534,0.0917590027700832,0.713085483836835,0.019971455756422445,0.0
2026-01-07,31.19,31.53,0.009190367332679686,0.008173575840641281,-0.002912421447034907,-0.5738046845977394,-0.010841942937257576,30.124000000000002,29.722500000000004,29.340666666666664,2,7,1,30.346433762017732,28.830864187137255,65.84615384615387,1.0664058983542688,1.0435705957748875,31.434978966448007,28.010021033552,0.022126646737025146,0.018881307091658268,0.03825483290482604,54436620.0,1.7138896637590402,0.0,0.0,-1,0.0,0,48.57142857142857,-0.12508580715827403,0.005391690453536256,-0.8504787270763968,0.43453185709206,0.2997314579542081,0.06450511945392501,0.08223455933379609,0.7198861247210534,0.03142032702789357,0.0
2026-01-08,32.47,31.19,-0.004743091896012737,0.028092602143753146,0.012572443362480194,0.6980393408085279,0.04021905549504252,30.425,29.904000000000003,29.577333333333332,3,8,1,30.732536714378142,29.06564714280582,75.95628415300544,1.1692284187057638,1.0687021603610627,31.958052733397924,27.849947266602083,0.023813629404267678,0.020574570118976638,0.0381082751419627,57073595.0,2.498475290607741,0.0,0.0,-1,0.0,0,48.371428571428574,-0.12279627141472141,0.011542160949022103,1.0876903743780606,0.41473660842794335,0.3266111752012367,0.11965517241379309,0.125866851595007,-0.4502444394749522,0.046144133045888526,0.0
2026-01-09,33.63,32.47,0.03243190386224809,0.02791716644903442,0.0387370007654636,-0.07984790113927032,0.03510193963742376,30.796999999999997,30.1055,29.69833333333333,4,9,1,31.25934822085484,29.36012152068932,79.19621749408982,1.3289984455486064,1.1207614173985716,32.74206455099804,27.46893544900196,0.02515477409729961,0.021157605509631278,0.020325936353813467,59508200.0,2.6735548717484257,0.0,0.0,-1,0.0,0,54.114285714285714,-0.11294491848817471,0.003695719125346614,0.7947248172108161,0.3605435079452839,0.33586657509656614,0.10334645669291342,0.13614864864864873,-0.7078653013061799,0.03538507285162051,0.0
2026-01-12,34.4,33.63,0.03940952153693416,0.025140172314580402,0.028136782764412168,-0.24007264722592267,0.02263803862717428,31.264000000000003,30.319,29.86733333333333,0,12,1,31.830375817063047,29.685274970967427,79.79334098737083,1.5004536124989976,1.1966998564186568,33.5812233296683,27.056776670331697,0.02449763342903278,0.02132657076192486,0.019978883759428388,61423189.0,2.5019746274789534,0.0,0.0,-1,0.0,0,58.0,-0.11831198559219715,0.008028545941123878,0.10129664401963881,0.3483327557532539,0.33854881532324677,0.09414758269720092,0.14171921672751409,-0.44999566827160153,0.03255813953488365,0.0
2026-01-13,34.3,34.4,0.014641549992948187,-0.004049759656920305,0.013941740189005103,-0.2667132626185638,-0.0029112102074584415,31.774,30.547999999999995,30.056333333333335,1,13,1,32.279398395778856,29.982999166388883,77.17791411042941,1.6097081893119913,1.279301522997324,34.24695347931085,26.849046520689146,0.02266444581536667,0.020916295268807922,0.01926972606234393,59956513.0,2.0286819074561793,0.0,0.0,-1,0.0,0,59.085714285714296,-0.11208680933522691,0.0,-0.5159810119192747,0.36642968762158684,0.33203589378037596,0.08785283856644455,0.15410497981157456,-0.33585998551984664,0.014851311953352753,0.0
2026-01-14,34.6,34.3,0.00290275965796141,0.012386734781426576,0.00233321586998781,0.07836529828816699,0.008708327891784414,32.304,30.8105,30.269333333333336,2,14,1,32.7013259601827,30.280870187912186,81.96517412935322,1.7008938755408423,1.3636199935060276,34.87824462273507,26.74275537726493,0.02238525432570683,0.020388107629478687,0.018864440074818474,61542749.0,1.8631946454160715,0.0,0.0,-1,0.0,0,58.62857142857143,-0.12016156887354561,0.005830903790087547,-0.29560727934531794,0.29094430198250076,0.3236511749449153,0.10932991343379284,0.17887563884156732,-0.3154032527068908,0.024855491329479753,0.0
2026-01-15,34.58,34.6,0.010093813169218906,0.00028624588716985653,0.008766859188867151,-0.0629502759989924,-0.0005782018085342684,32.861999999999995,31.083000000000006,30.464666666666666,3,15,1,33.0429030583313,30.55823340159527,80.68331143232584,1.7513568049162558,1.4411673557880733,35.39933421465857,26.766665785341438,0.021259880334989434,0.020160644797472538,0.018793971453453635,60053289.0,1.6203564534571673,0.0,0.0,-1,0.0,0,63.65714285714286,-0.1437354342848213,0.0072254335260115606,-0.3914111133270072,0.2595873572800245,0.32004031442892295,0.0649830612873421,0.18709234466186064,0.6495969336619168,0.01648351648351649,0.0
2026-01-16,34.8,34.58,-0.008066883272999745,0.0017157567835032676,0.0011631289476465164,0.4549901146950686,0.006341906525284223,33.294,31.389499999999998,30.672666666666668,4,16,1,33.36237522954379,30.831895762782676,83.13725490196072,1.7884846634876936,1.5106308173279974,35.85246325916226,26.926536740837737,0.01797608920938708,0.019329756788966024,0.01865816639075992,62400913.0,1.528356745038578,0.0,0.0,-1,0.0,0,63.77142857142858,-0.13745579347016373,-0.00028918449971075796,1.107238334527162,0.16104516069437164,0.30685037620179917,0.03479036574487049,0.21381234740146482,1.0906552303287145,0.016954022988505846,0.0
2026-01-20,34.39,34.8,-0.0026068081380408933,0.0,-0.006414016158179101,-0.24124376752470358,-0.011851562336253679,33.589,31.674500000000002,30.844,1,20,1,33.54921609689946,31.061450874861215,84.46215139442229,1.7644852972574725,1.5614017133138924,36.1396137782404,27.2093862217596,0.018363742258101015,0.019837526491482564,0.018657277855400847,60556502.0,1.2163183895708545,0.0,0.0,-1,0.0,0,50.85714285714287,-0.13020301143252902,-0.009195402298850583,0.2038196284596627,0.1291019373259583,0.3149109703387113,-0.00029069767441858296,0.19867549668874163,-0.5487538322053627,0.023553358534457756,0.0
2026-01-21,34.67,34.39,0.0020281044181865463,0.004845384996477443,-0.0055726790350484915,-0.187287752965035,0.00810893525275724,33.903,31.9475,31.037,2,21,1,33.75299498837228,31.294260495837914,84.82490272373539,1.7479104627778774,1.5987034632066894,36.44570022488535,27.449299775114653,0.018238101485287983,0.019728718995996545,0.01834036733419417,62085897.0,1.2104841331598981,0.0,0.0,-1,0.0,0,53.85714285714285,-0.13269926998494191,0.004652515266065618,-0.2827511956592312,0.13717544860382902,0.3131837048956965,0.010787172011661905,0.186922286888052,-1.4029566345627729,0.03374675511970008,0.0
2026-01-22,35.56,34.67,0.01294051127573495,0.019707845058300075,0.022969464547689236,-0.08425573791429318,0.02534665094877172,34.339999999999996,32.232,31.261666666666667,3,22,1,34.08154135412277,31.569469496106436,89.51807228915662,1.7860024247921125,1.6361632555237742,36.8937349379367,27.5702650620633,0.01731176038840698,0.0198536058515615,0.018602704118400884,63491711.0,1.4277946062171383,0.0,0.0,-1,0.0,0,54.771428571428565,-0.13952104644321847,0.00951831554658201,-0.47163000374790215,0.21739281141613406,0.3151662222667708,0.02774566473988438,0.1904921325744895,0.4377285839122044,0.030371203599550006,0.0
2026-01-23,35.38,35.56,0.02343746982744863,0.0036176469119188373,0.008016074988236125,-0.1710652993969598,-0.0050747219140645705,34.631,32.528,31.47966666666667,4,23,1,34.31762474428227,31.81531017377699,85.0,1.7811342762301408,1.6651574596650476,37.2004167081648,27.855583291835195,0.015112042657923012,0.01942283019113181,0.018701480675775962,62306938.0,1.2207815261923383,0.0,0.0,-1,0.0,0,54.885714285714286,-0.1390084993925931,0.007592800899887402,-0.8917310936034079,0.22746947588864763,0.3083278706566314,0.023134759976865427,0.200950441276307,0.5584589467668967,0.026286037309214236,0.0
2026-01-26,34.89,35.38,-0.008971184361865952,-0.007559053348664361,-0.019868155533783606,0.361632783914276,-0.013946433532956552,34.757000000000005,32.777,31.656000000000002,0,26,1,34.421692972594585,32.013677259339765,76.41653905053596,1.717934054123404,1.675712778556719,37.39241171112163,28.161588288878374,0.013290926013232854,0.02003914385370206,0.01870751336520274,60605993.0,0.9156279579168908,0.0,0.0,-1,0.0,0,57.65714285714286,-0.14764973436407275,0.003674392312040572,-0.04150005667257708,0.26079233112272326,0.31811154674126496,0.002586206896551868,0.1664994984954864,1.034909716227911,0.0386586414445401,0.0
2026-01-27,35.37,34.89,-0.01618204224908605,-0.001930272672451364,0.009261778334510381,-0.15904472621323434,0.013663748018706411,34.854,33.059,31.83066666666667,1,27,1,34.59411243212284,32.230214210350105,77.74566473988436,1.6871312128246956,1.6779964654103146,37.57874801346977,28.539251986530225,0.01208908416350804,0.019801812976664612,0.018629073876057067,62056828.0,1.0226233821499546,0.0,0.0,-1,0.0,0,64.97142857142858,-0.13732319410206073,0.0014330753797648942,-0.6255211243430515,0.2469127343377567,0.3143440358667973,0.028496656004652454,0.18970736629666995,-0.03406400769998586,0.027141645462255976,0.0
2026-01-28,35.71,35.37,0.011383162185640014,0.008933616087392614,0.006606371865927099,0.02817796098477815,0.00956675838896802,34.995000000000005,33.3845,32.03033333333333,2,28,1,34.797001080827776,32.45471651935978,82.65895953757223,1.6708938731995033,1.6765759469681525,37.665436813362334,29.10356318663767,0.012074902839829276,0.01877609408205921,0.01828597713447154,63549126.0,1.0864444402642344,0.0,0.0,-1,0.0,0,65.54285714285713,-0.12987321852285058,-0.000848176420695336,-0.6127482028248745,0.2480354197706001,0.29806125320568155,0.02999711566195562,0.22294520547945207,-0.12289206815703743,0.02940352842341073,0.0
2026-01-29,37.12,35.71,0.05959209720224539,0.05304273598448113,0.025718529287989254,0.676916847023653,0.03872514631164264,35.247,33.7755,32.28933333333333,3,29,1,35.21936452067727,32.755702550368824,82.97872340425529,1.7516094176732224,1.6915826411091666,37.91169950144942,29.639300498550586,0.01649280311130757,0.019787435530298096,0.018897974740029643,66485672.0,1.6171850505895615,0.0,0.0,-1,0.0,0,63.82857142857143,-0.10806404637490355,0.05040604872584702,2.1125840389001094,0.3245499557236012,0.3141158009813535,0.04386951631046099,0.26689419795221836,0.7210058599287293,0.05657327586206882,0.0
2026-01-30,35.78,37.12,-0.020469338434950253,-0.013923580132321579,-0.018871141620838715,-0.24768666907822146,-0.0367668298374266,35.367000000000004,34.1145,32.511,4,30,1,35.32129824419049,32.950818514861155,64.8686030428769,1.6879921443386863,1.6908645417550705,37.67385816212934,30.555141837870657,0.021433460146647376,0.022039488849565417,0.02037231610016444,64193391.0,0.9358428818546525,0.0,0.0,-1,0.0,0,58.60000000000001,-0.12339231774065772,-0.009967672413793035,0.7681073108911955,0.4561237883973141,0.34986603911358677,0.011305822498586693,0.23379310344827586,-0.18103857279857727,0.06275572945779755,0.0
2026-02-02,35.89,35.78,-0.02535269434198328,-0.02408542673778333,-0.00370318041770043,0.09796889719794331,0.0030696270789427414,35.476,34.385,32.75166666666667,0,2,2,35.42469856342858,33.1404431268056,61.33942161339423,1.6276881023319874,1.678229253870454,37.58556902835483,31.184430971645167,0.021411993951158795,0.01993911285358906,0.01992843960016856,66721613.0,0.9404577665201043,0.0,0.0,-1,0.0,0,63.40000000000001,-0.12107483732572383,0.0013974287311346327,1.1915785338905658,0.43295150750333666,0.31652360384308853,0.028661507595299618,0.17749343832021003,-0.7450940860114192,0.0413764279743661,0.0
2026-02-03,36.21,35.89,0.029696985725044693,0.012109815311777482,0.004271685265302975,-0.2555329917097098,0.00887661861803402,35.658,34.6235,33.00233333333333,1,3,2,35.5674806428052,33.33847905410846,64.06480117820327,1.587419259137775,1.6600672549239182,37.60333591918485,31.64366408081515,0.02078385224491447,0.019187042566082932,0.019885231207023207,68679730.0,1.064823730585807,0.0,0.0,-1,0.0,0,43.34285714285714,-0.12347824164978419,0.028420172750069545,0.12951550544927776,0.42880695503747424,0.30458485814799613,0.02374893977947412,0.15171755725190827,-0.5970396454405243,0.04915769124551232,0.0
2026-02-04,36.45,36.21,-0.008707538010791578,0.0008111396956839371,0.0065146810211938935,0.10657569007722614,0.00660613467711749,35.836,34.8695,33.24366666666667,2,4,2,35.72793870774971,33.53922234094017,63.744427934621115,1.5569246468444433,1.6394387333080231,37.57362141583548,32.16537858416452,0.020766882310175424,0.01916006265739301,0.019793530219223282,70858061.0,1.1689563869022366,0.0,0.0,-1,0.0,0,47.22857142857144,-0.12895813309668358,0.010494338580502693,0.5825477710194075,0.4273041749969976,0.3041565653752636,0.02072248669840393,0.15604186489058036,-0.49446413775649734,0.04334705075445811,0.0
2026-02-05,36.4,36.45,-0.023224709891098847,0.007539077173165914,0.0051813587419975845,0.03376625546204513,-0.0013726838119722468,35.92,35.13,33.461333333333336,3,5,2,35.85013166997703,33.72378864152468,63.46153846153847,1.5113015215793553,1.6138112909622897,37.29088675754852,32.969113242451485,0.019530901678321843,0.01880088978579846,0.019650411329537477,68604920.0,1.1754433642240334,0.0,0.0,-1,0.0,0,47.22857142857144,-0.131714298821585,-0.019204389574760023,0.6537529754107163,0.2934451478937056,0.29845487279974287,-0.0193965517241379,0.1670407181789033,-1.9978773270384307,0.0460439560439561,0.0
2026-02-06,37.53,36.4,0.016093577093093933,0.022019725068378296,0.01701540655060438,0.7091012291969991,0.030571838504234596,36.135000000000005,35.382999999999996,33.730333333333334,4,6,2,36.155562275435756,33.96935066465212,67.79661016949154,1.5484765485473986,1.6007443424793115,37.41350525213519,33.3524947478648,0.021238487870796678,0.01798957192789232,0.01973788596676017,73183672.0,2.1147445915171246,0.0,0.0,-1,0.0,0,46.8472049689441,-0.13118574635961774,-0.001923076923076931,3.364013118019762,0.19955369447152396,0.2855756010822712,0.04891000558971492,0.1558361564521098,1.7043312931141643,0.05049293898214751,0.0
2026-02-09,36.59,37.53,0.03436020416273832,-0.005594206733697914,0.008386658079478403,-0.26319789567075413,-0.025365634115813926,36.305,35.531,33.953,0,9,2,36.234550952629256,34.13842481531972,63.41463414634148,1.4849700705474618,1.5775894880929417,37.4520622061769,33.6099377938231,0.022656096893123173,0.018089203623468535,0.020599815565781675,69664490.0,1.1025150529690722,0.0,0.0,-1,0.0,0,51.5714285714286,-0.12738756280191502,0.001865174527045038,1.7420099095520418,0.32094459260985697,0.2871572052174373,0.01950404012259699,0.0880166517989891,-0.24766527200667734,0.037644165072424005,0.0
2026-02-10,32.06,36.59,-0.11128821529110154,-0.11590209083353215,-0.15904581049330574,0.6609296233880353,-0.13216583184970854,35.974000000000004,35.414,34.03066666666667,1,10,2,35.475541688514845,34.004332891750714,39.51807228915663,1.0569240257264667,1.473456395619647,37.842977692688876,32.98502230731113,0.04623757085576647,0.03342710316466725,0.03149774789507662,62849271.0,-2.7616556628703535,0.0,0.0,-1,0.0,0,51.6571428571429,-0.13246161681955526,-0.08062312107133103,3.3504200939678883,0.9534901531172952,0.5306388121380583,-0.1146092239712786,-0.06802325581395341,-1.6374171512264062,0.08109794135995013,0.0
2026-02-11,30.39,32.06,-0.046236946026186485,-0.04577249968011118,-0.03097232085263819,-0.6381749109443371,-0.05349554025270525,35.442,35.2185,34.07033333333333,2,11,2,34.550897745148504,33.77115012454099,30.46107331821618,0.5762962239353513,1.2940243612827877,38.50354922657999,31.933450773420006,0.04761055594449282,0.0351863636622473,0.03287091820610393,59249093.0,-2.9396819754977406,0.0,0.0,-1,0.0,0,53.8,-0.1414055961864615,0.0018714909544602358,0.8621070047599703,0.9313080763027435,0.5585662067459175,-0.16625514403292185,-0.11399416909620985,-0.8441045306333459,0.06712734452122418,0.0
2026-02-12,30.07,30.39,-0.0576713283043899,-0.03938201648454486,-0.028549378106718475,-0.08349898925143982,-0.010585609928264005,34.737,34.992000000000004,34.096,3,12,2,33.73618906421241,33.53236624553834,30.142109199700826,0.1676414365043044,1.0687477763270912,39.001418385436324,30.98258161456368,0.043728319826996646,0.035041831413376065,0.03294690473785698,55937318.0,-2.4552189503986477,0.0,0.0,-1,0.0,0,38.1117647058824,-0.15060793224366062,-0.0023033892727871105,0.5858184516483735,0.9130272936715299,0.5562718284242645,-0.17390109890109884,-0.13092485549132948,-0.7851519043062026,0.05470568673096107,0.0
2026-02-13,31.0,30.07,-0.003965636393346954,0.013300412396672493,0.011261731289568413,0.026357894666601576,0.03045920748470844,34.259,34.813,34.162666666666674,4,13,2,33.238700143446515,33.36898777808426,35.91600289645184,-0.08025210278218253,0.8389478005052365,39.20159334855127,30.424406651448734,0.04604952524874522,0.03601096309036982,0.03330032412864127,59337545.0,-1.737686633125269,0.0,0.0,-1,0.116979,1,37.7739130434783,-0.1426438227773074,0.004323245759893548,0.5845759883195673,0.9124896348409712,0.5716563168542672,-0.17399413802291508,-0.10352805089647188,-0.7879584949862035,0.055729032258064484,0.116979
2026-02-17,30.05,31.0,0.01707198389864746,-0.014753314419950127,0.010643104098481274,-0.6281694837314244,-0.031124543503929656,33.675000000000004,34.5755,34.14833333333333,1,17,2,32.65893648100169,33.15485953433689,31.37254901960786,-0.34933960959885724,0.6012903184844178,39.45384516808193,29.69715483191806,0.045957840849048484,0.03635631355969477,0.032549925537736474,57523294.0,-1.8553422704114757,0.0,0.0,-1,0.1550279999999999,3,40.8734693877551,-0.13726101299033347,-0.009032258064516166,-0.5736976922150409,0.9090730486815062,0.5771385855962268,-0.1787373599344083,-0.1364942528735631,-0.701738688472554,0.03161397670549083,0.03804899999999989
2026-02-18,30.87,30.05,-0.017071983898647503,0.0035478185899357763,0.0016652793190612488,-0.19846224493840275,0.026922177532851362,33.141,34.3995,34.129333333333335,2,18,2,32.333675302637744,33.00744924179903,33.60433604336043,-0.49076897124042773,0.38287846053944874,39.55229168075561,29.246708319244398,0.04743454236390394,0.037107992101604585,0.03241858872436787,59010963.0,-1.3699370045103154,0.0,0.0,-1,0.0,0,41.9102040816327,-0.13777543387069563,0.004991680532445876,-0.7946698744153613,0.5733985079888538,0.5890711125227689,-0.037117903930131035,-0.1023553358534458,-0.08762894472169058,0.03271784904437959,-0.1550279999999999
2026-02-19,32.02,30.87,0.009884759232541925,0.03075214590052586,0.006633523495633877,0.04956355863342736,0.0365758690545007,32.698,34.266999999999996,34.14566666666666,3,19,2,32.27664342943088,32.94374283910232,32.4137931034483,-0.5042447506320826,0.20545381830514248,39.52570146068709,29.008298539312904,0.049893706167741164,0.03819319792637403,0.03312650070213818,60574224.0,-0.854583595132021,0.0,0.0,-1,0.259174,4,39.5551020408163,-0.1328259424987728,-0.011985746679624262,-0.7412357202892603,0.4728754316536816,0.606298220924721,0.05363606449489966,-0.07643495817709833,-0.7940454197674057,0.055590256089943814,0.259174
2026-02-20,30.97,32.02,0.047384023792442206,0.006534954017360882,0.020612540679724945,0.14240888785471875,-0.03334171358345732,32.155,34.0375,34.138333333333335,4,20,2,32.03907189680708,32.816404591418305,33.075299085151315,-0.5928170022850026,0.04579965418711347,39.45678670777378,28.618213292226223,0.05015982448926858,0.03810100741391908,0.03363775310431512,58771709.0,-1.1320678035357605,0.0,0.0,-1,0.485834,1,44.4081632653061,-0.1304703759065888,-0.0012492192379763491,-0.5867511813062527,0.5555046687948209,0.6048347419095486,0.029930162953109463,-0.1290776152980878,-0.5629163572879518,0.0439134646432032,0.22665999999999997
2026-02-23,29.55,30.97,-0.036298158710679436,-0.044395368943298825,-0.0463966578354395,-0.01710848470652926,-0.04693525013300421,31.357,33.746,34.041000000000004,0,23,2,31.58651337011488,32.60566881132681,29.57474226804125,-0.768731820505554,-0.11710664075142002,39.47932052222159,28.012679477778416,0.04820004676793223,0.039116958723094106,0.03375259748569266,56999770.0,-1.4637242009187745,0.0,0.0,-1,0.398309,2,36.969416498994,-0.12404776748479579,-0.004197610590894382,-0.6437045020995866,0.6070152607645738,0.6209624689589143,-0.04677419354838708,-0.1647823629169023,0.5380278595301152,0.046023688663282554,-0.08752499999999996
2026-02-24,30.19,29.55,-0.04442228534935455,-0.018655425661501506,-0.010914160180678518,0.449097265352752,0.021426999866640307,30.717000000000002,33.511,33.92633333333334,1,24,2,31.332601848275807,32.44981921059605,30.99747474747477,-0.8467422128948172,-0.26303375518009947,39.42919638243389,27.59280361756612,0.050152252506923914,0.039649435394329725,0.03329698418515519,59776216.0,-1.1223013855563295,0.0,0.0,-1,0.318935,1,43.2857142857143,-0.12942097365506933,-0.0016920473773265892,0.07659580107289922,0.6027969372412055,0.629415274065112,0.004658901830282947,-0.13470908569790774,-0.5756280778199441,0.03676714143756209,-0.079374
2026-02-25,29.53,30.19,0.03268046747267131,0.013453853465428182,0.0051308475823436134,-0.41321972104363525,-0.02210404796291616,30.464000000000006,33.219,33.764,2,25,2,31.004856057680207,32.26144377765437,28.720787207872092,-0.9508615549331871,-0.400599315130717,39.324324337261594,27.11367566273841,0.03397631772308748,0.03949462998330312,0.03309731238815629,57939550.0,-1.208453407621787,0.0,0.0,-1,0.0,0,45.8,-0.13153468308778374,0.00960582974494863,-0.6672032221221614,0.5705116802826685,0.6269578143500107,-0.04340783932620662,-0.16511167656205816,0.46287974571436186,0.04639349813748733,-0.318935
2026-02-26,30.23,29.53,-0.029634264406327264,-0.011918857744258483,-0.0003412386997793317,-0.4169449098309755,0.023428113035535367,30.447999999999997,32.945,33.62833333333334,3,26,2,30.863973138101986,32.13038288877345,31.756357185097585,-0.965760053055174,-0.5136314627156084,39.071451707662156,26.818548292337844,0.03131454349577622,0.039952384784275645,0.033496341062893835,59150018.0,-0.8863205423147095,0.0,0.0,-1,0.20732725,4,42.1730382293763,-0.13145908179011753,0.0020318320352183785,-1.129109006549908,0.5068926762567311,0.6342244465389257,-0.0559025608994379,-0.15345841500980117,0.2945795296361125,0.03362553754548464,0.20732725
2026-02-27,29.87,30.23,0.011090686694158356,0.0014338337726322078,0.007141672931826505,0.32699415581581665,-0.011980176563348209,30.427999999999997,32.582499999999996,33.470666666666666,4,27,2,30.68325074935617,31.984551734659032,26.270136307311034,-0.9951448016914277,-0.6099341305107724,38.52397908219925,26.64102091780075,0.03136863730755396,0.03839332319667508,0.0334452811075526,57471349.0,-0.9130723048833688,0.0,0.0,-1,-0.188941,2,38.030583501006,-0.13050138178936307,-0.01025471386040353,-0.712080107033967,0.4708008819442719,0.609475111102378,-0.03551824346141419,-0.1953124999999999,-0.17766566165371253,0.028456645463675857,-0.39626825
2026-03-02,30.7,29.87,-0.006370516096270178,0.02408186665775928,0.006754500519668266,0.027280903925576604,0.027408022365132952,30.398000000000003,32.328500000000005,33.34133333333333,0,2,3,30.686296067655046,31.90167742919716,31.628197130380528,-0.9406155329398764,-0.6760704109965933,38.1270489110367,26.52995108896331,0.031036051160570996,0.03876999843542714,0.033951963698183714,59196444.0,-0.5616922526601069,0.0,0.0,-1,0.091686,1,33.6460317460318,-0.13567335054351182,-0.0046869768998995835,-0.6488512403494784,0.3648292121255341,0.615454645143021,0.03891708967851093,-0.14197875908328683,-0.6715536451516966,0.0452768729641694,0.280627
2026-03-03,30.66,30.7,0.002687270679973768,-0.012293910905717067,-0.011850485728201526,-0.23518099457409106,-0.001303781149483381,30.458999999999996,32.067,33.20333333333333,1,3,3,30.681514964445036,31.821569207958635,43.93414211438474,-0.8903647892406283,-0.7189292866454003,37.65725505491011,26.476744945089894,0.029206356941981253,0.03872316796633172,0.033904936339195564,57832881.0,-0.5033759591216452,0.0,0.0,-1,0.0,0,33.2023483365949,-0.13182050591032268,-0.028990228013029334,-0.858239720095437,0.34611910979897464,0.614711234492979,0.015568068896985698,-0.14572304263025915,0.14978269809766107,0.044357469015003245,-0.091686
2026-03-04,31.19,30.66,0.016633783379731645,0.020938113923115436,0.02787753997243256,0.44328942638300706,0.01713865717604385,30.491000000000003,31.816000000000003,33.096666666666664,2,4,3,30.773966789091393,31.780822807445176,53.846153846153854,-0.798568738886626,-0.7348571770936456,37.063288623159345,26.568711376840664,0.0284199595753339,0.038949943298565416,0.034078996702448607,59957071.0,-0.23859941579622618,0.0,0.0,-1,-0.032961,2,37.1583011583012,-0.1338303650321155,-0.011415525114155297,-0.30648908488185445,0.27019797683745267,0.6183111812884255,0.056214019641043,-0.1386357359845346,-0.6125217959514578,0.03783263866623917,-0.032961
2026-03-05,30.57,31.19,0.010502229774972137,-0.00543392738715016,-0.018385943290861358,0.2953523390975216,-0.020078394716968817,30.345999999999997,31.522000000000002,32.96,3,5,3,30.736881918347503,31.702705206964843,52.336448598130836,-0.7670069474253758,-0.7412871311599917,36.31534011662899,26.728659883371016,0.026055215815729643,0.03892418624117529,0.03415645599813564,57103010.0,-0.397217796708119,0.0,0.0,-1,0.0,0,28.3333333333333,-0.12662345989864332,-0.017954472587367817,0.20604045277010213,0.315586936554241,0.6179023006782709,0.011247105524313517,-0.16131687242798365,0.2990493790100717,0.05103042198233558,0.032961
2026-03-06,30.01,30.57,-0.018451923844246192,-0.0362252041734828,-0.01632689328742878,-0.23850802893362,-0.018488476450467358,30.25,31.202499999999997,32.775,4,6,3,30.604721569557046,31.593498419418726,45.2081316553727,-0.7782105928910568,-0.7486718235062046,35.44727821626332,26.95772178373667,0.024662397177597446,0.03895659433072023,0.03379890357831243,54854574.0,-0.5618668110532059,0.0,0.0,-1,0.1787625,2,25.1473684210526,-0.11223308206736608,-0.016355904481517827,-0.2399120304213802,0.3364812993787791,0.6184167631506867,0.004686976899899609,-0.17554945054945048,0.28874278525295266,0.030989670109963334,0.1787625
2026-03-09,30.3,30.01,-0.01271770822476926,0.024943859709442955,-0.0048126596844156825,-0.3847566926258688,0.009617053063047661,30.325,30.841,32.605666666666664,0,9,3,30.5493176478194,31.510046908488487,51.29265770423992,-0.7549859778810806,-0.7499346543811799,33.87587726275717,27.80612273724283,0.01965107914308182,0.03808778104679,0.033905725104796475,56384896.0,-0.3565218314684032,0.0,0.0,-1,0.0,0,27.6730983302412,-0.11450609345975302,-0.010663112295901375,-0.69094923100659,0.2624233518979307,0.6046247798405142,-0.013029315960912058,-0.1926458832933653,0.03448554965684464,0.06039603960396046,-0.1787625
2026-03-10,28.79,30.3,0.028554396841935968,-0.00977206473379249,-0.018783160912266696,0.38161357682381586,-0.05111960789123904,30.185000000000002,30.451,32.40233333333333,1,10,3,30.229441711852235,31.33456001116665,39.961389961389955,-0.8486420660882992,-0.7696761367226038,32.03136504776932,28.87063495223068,0.02440954856812234,0.0389982599727422,0.03486802631733683,54143516.0,-2.102045982786696,0.0,0.0,-1,0.0989234,5,26.0515769944341,-0.09753392139053951,0.00825082508250825,-0.09209872735225544,0.42449383620058073,0.6190781847127226,-0.060991519895629565,-0.21317299808690904,-0.38698974043552903,0.07189996526571728,0.0989234
2026-03-11,27.99,28.79,-0.05898929847570408,-0.05898929847570408,-0.020575397716455137,-0.08935342301350123,-0.028180801096722417,30.031,30.247500000000002,32.15633333333333,2,11,3,29.822270491515464,31.118781945930095,29.87012987012986,-0.9761658723351125,-0.8109740838451056,31.994845354952496,28.50015464504751,0.024944834618200556,0.029040491221533744,0.034890517087780695,52093724.0,-2.5839196511457563,0.0,0.0,-1,0.1312559999999999,4,25.1274725274725,-0.08479368942895806,0.0003473428273706691,-0.098856445346422,0.33916820548615034,0.46100350633999587,-0.10259698621353008,-0.12694946974422971,0.24908393024823997,0.03215434083601294,0.032332599999999906
2026-03-12,28.0,27.99,-0.032824545648043345,-0.016454073299475173,-0.009362689927850684,-0.005503478138156132,0.0003572066478418701,29.808000000000003,30.128000000000004,31.899333333333335,3,12,3,29.490948583967196,30.917570207482992,33.4448160535117,-1.0641555681429011,-0.8616103807046648,32.14101658946817,28.11498341053184,0.022967807065630255,0.026989458824391237,0.034777833281386845,54132266.0,-2.114239903569017,0.0,0.0,-1,0.293521,3,22.5294755877034,-0.08467332164641987,-0.004287245444801624,-0.004761557952839501,0.37299082786741766,0.4284443764173414,-0.08406934903500163,-0.07864429088515956,-0.3614748231836526,0.02464285714285706,0.16226500000000008
2026-03-13,27.9,28.0,0.008574543424583718,0.005982773432179657,-0.01127533998338378,-0.1697233638435534,-0.003577821347884078,29.611,30.0195,31.592000000000002,4,13,3,29.201685205064067,30.722888258613125,39.21568627450979,-1.1289434429992262,-0.9150769931635772,32.26605502351591,27.77294497648409,0.02293700167167249,0.026942123514722822,0.03364327914098839,52411944.0,-1.8868890170185437,0.0,0.0,-1,0.567301,2,19.9685352622062,-0.08479748534130996,0.003928571428571408,-0.44838965241136647,0.3846751358225492,0.4276929516716523,-0.07030989670109977,-0.07216494845360832,-0.8679526845240793,0.04193189964157701,0.2737800000000001
2026-03-16,27.43,27.9,-0.0010678057608302118,-0.00035093876478800644,0.002189324358901466,0.13462368718436538,-0.016989383877808007,29.284,29.840999999999998,31.313666666666666,0,16,3,28.879560622325144,30.510443854831635,31.55080213903743,-1.204330599163022,-0.9729277143634661,32.315296497571595,27.3667035024284,0.01961243188807017,0.025834278040577505,0.03328837382478563,50443713.0,-1.9488367722835782,0.0,0.0,-1,0.105024,2,19.9685352622062,-0.07676760700134551,0.006451612903225797,0.18579848174396252,0.3218222167793632,0.4101064499775906,-0.09471947194719477,-0.1151612903225806,-0.8208249246145292,0.04010207801676988,-0.46227700000000005
2026-03-17,27.65,27.43,-0.015070252920998166,-0.00633804938600865,0.00763778944811754,-0.43177778283381474,0.007988423018831821,28.982999999999997,29.721000000000004,31.038999999999998,1,17,3,28.656004145538752,30.32589909000379,36.64772727272726,-1.2321201876199765,-1.0247662090147682,32.378619829451736,27.063380170548268,0.02033418359039598,0.025317158089864768,0.03335862879456838,51721791.0,-1.5585374379353956,0.0,0.0,-1,0.0,0,19.9685352622062,-0.06431236061063958,0.008384979948961008,-1.3269210336836872,0.22671883868516313,0.4018974252521353,-0.039597082320250054,-0.07986688851913482,-0.5352475299577435,0.025678119349005327,-0.105024
2026-03-18,27.07,27.65,-0.005801321564086513,-0.014588410296488248,-0.020128767430613766,0.25605648489638094,-0.02119962434213396,28.571000000000005,29.531,30.734333333333336,2,18,3,28.367639755440795,30.115841084197097,27.16763005780345,-1.2861192077771904,-1.0770368087672528,32.379252649940845,26.682747350059152,0.018085869164660744,0.024479645250200712,0.0332792795177931,50070737.0,-1.7280770370220557,0.0,0.0,-1,0.051063,2,19.9685352622062,-0.05123424626607333,-0.0054249547920433485,-0.5067437307104422,0.19164711153736075,0.3886023210906877,-0.032868881743479794,-0.12309685779073531,-0.1306178549752593,0.031400073882526705,0.051063
2026-03-19,27.2,27.07,-0.02168803993371122,-0.01626052087178029,-0.018280680684257457,0.012457708274192318,0.004790869675741786,28.233999999999998,29.290000000000003,30.426,3,19,3,28.15534161808792,29.92772230457148,30.04484304932734,-1.3033991328829622,-1.1223092735903948,32.06626784692959,26.513732153070418,0.018849884674504738,0.022433709735255925,0.03325119754261277,51742488.0,-1.5056184166894702,0.0,0.0,-1,0.016294,1,19.9685352622062,-0.044854205012204294,-0.005910602142593282,-0.47535390996416,0.20401692916615388,0.35612410166457503,-0.02857142857142858,-0.15053091817614006,-0.22978956239586493,0.03272058823529414,-0.034768999999999994
2026-03-20,26.8,27.2,0.005558658003827462,-0.009516909311160273,0.002632075217607848,0.7773898627476906,-0.014815085785140587,27.913,29.0815,30.106,4,20,3,27.90891586934466,29.725933768792675,18.84984025559106,-1.3339928162805563,-1.1646459821284272,31.951293867528737,26.21170613247126,0.018737884516031977,0.021730252345999953,0.03323269666453,48105116.0,-1.590009669903339,0.0,0.0,-1,0.0,0,19.9685352622062,-0.0397324312853079,-0.0051470588235294325,2.859412216150904,0.21181386483945172,0.34495706180516267,-0.03942652329749097,-0.1346464320309977,0.5095893862664246,0.020895522388059785,-0.016294
2026-03-23,26.74,26.8,-0.002219756738312888,0.00988114169544556,0.0018758212215821493,-0.5828759572763155,-0.0022413158430139818,27.557,28.940999999999995,29.746333333333336,0,23,3,27.69638571128199,29.533292880483472,18.789808917197448,-1.3475463537996895,-1.2012260564626795,31.984127892222297,25.897872107777694,0.017617849455978205,0.019719279614510282,0.03237356091653849,46074406.0,-1.4465379556510696,0.0,0.0,-1,0.0,0,19.9685352622062,-0.039766291258087685,0.007462686567164152,0.08413972911507084,0.19806466837948158,0.313033859360039,-0.025154939846882995,-0.09509306260575301,-0.3829726109839399,0.02916978309648471,0.0
2026-03-24,26.59,26.74,-0.01944713493552155,-0.022837088236343988,-0.02044751285134708,-0.17522397536053955,-0.005625366418868669,27.337,28.761000000000003,29.413,1,24,3,27.49522467286708,29.343403017226475,11.016949152542352,-1.3547743805876173,-1.2319357212876672,31.916852708189936,25.60514729181007,0.01169927477947578,0.018710713974232466,0.03227104040507419,44370094.0,-1.3758563537302715,0.0,0.0,-1,0.0,0,19.9685352622062,-0.046686068664263745,-0.009723261032161482,-0.4044597822202043,0.16185787593479253,0.2970233761696806,-0.03833634719710666,-0.11924478304074204,-0.19686483470469898,0.026325686348251196,0.0
2026-03-25,26.74,26.59,0.017964554975298894,0.009640415782174153,0.006292326986694662,-0.4790682893058904,0.005625366418868639,27.212,28.621500000000005,29.235666666666663,2,25,3,27.357911095982153,29.175441532244125,14.732965009208058,-1.3330325282922608,-1.2521550826885859,31.879237510022996,25.363762489977013,0.010027697705476549,0.01850559995872144,0.024177101148553908,45425677.0,-1.1550961329519323,0.0,0.0,-1,0.0,0,19.9685352622062,-0.04430894157383019,0.013915005641218541,-1.4204949715757051,0.1324106401304058,0.2937672921169445,-0.012190616919098729,-0.0944801896376567,-0.706897818828492,0.02973074046372482,0.0
2026-03-26,26.54,26.74,-0.019098127739797927,-0.006664223109128182,-0.002474071106882293,-0.08649761804130661,-0.0075075427697356605,27.065999999999995,28.437,29.107333333333333,3,26,3,27.20919998762176,29.00541304629289,15.779092702169578,-1.3167614756016874,-1.2650763612712064,31.728955745689667,25.145044254310335,0.009910355481488648,0.017249883982137844,0.02254519411232325,44457562.0,-1.1525063801260669,0.0,0.0,-1,0.0,0,19.9685352622062,-0.041561513646245864,-0.010845175766641704,-1.505277648135039,0.11813162503540889,0.2738334189687197,-0.024264705882352966,-0.12206417466093289,0.21785014366676514,0.025621703089676085,0.0
2026-03-27,25.84,26.54,-0.0018921481520379265,-0.01950549462425673,-0.025278721818833106,0.17738487313343324,-0.026729349989660336,26.860000000000003,28.235500000000002,28.966333333333335,4,27,3,26.960254535326893,28.801192849757868,9.30656934306566,-1.3448481269056316,-1.2810307143980917,31.649233717608492,24.82176628239151,0.011894353514553094,0.017790305743065768,0.02288030991765235,43301545.0,-1.4034486566094453,0.0,0.0,-1,0.001147,1,19.9685352622062,-0.030610290757258983,-0.005275056518462719,-1.1138680391450508,0.18779760417196348,0.28241234846373703,-0.035820895522388096,-0.13491797790425175,-1.2045132578235684,0.03154024767801849,0.001147
2026-03-30,25.17,25.84,-0.01373019281190202,-0.010279930619749385,-0.027540125877554496,0.20514174564669563,-0.026270869767176564,26.633999999999997,27.958999999999996,28.772000000000002,0,30,3,26.634753710722002,28.566922343321878,10.991379310344811,-1.404974726908371,-1.3058195169001476,31.427625694785547,24.490374305214445,0.01297823769433021,0.016238277956693137,0.022163562817005548,41882304.0,-1.608129700585883,0.0,0.0,-1,0.0688583333333333,6,19.9685352622062,-0.024332692527577176,0.007739938080495328,-0.6600237383353228,0.22069753658502317,0.25777467116011266,-0.05871353777112931,-0.18013029315960905,0.00859572606550821,0.04926499801350808,0.0677113333333333
2026-03-31,26.08,25.17,-0.006549821142430692,0.013683223751457172,0.01949534590674097,0.7856140322278461,0.0355159279112275,26.476999999999997,27.73,28.639666666666663,1,31,3,26.533889399681637,28.406475740526922,29.894736842105218,-1.3634787613617085,-1.3173513657924598,31.04933411204245,24.41066588795755,0.018729026117104183,0.01916129280880272,0.02301229204794789,44995769.0,-0.9941753040248938,0.0,0.0,-1,0.201979,5,19.9685352622062,-0.03629758438236735,0.02781088597536747,1.7475580348717656,0.41228905115248554,0.30417609342349383,-0.01918014291086878,-0.14938030006523162,0.9654468959785639,0.04256134969325152,0.1331206666666667
2026-04-01,26.34,26.08,0.026322328410295293,0.009393268389818693,0.0302700643027565,-0.05804427690356236,0.009919959256682888,26.404000000000003,27.4875,28.488666666666667,2,1,4,26.498636781557703,28.273154725009057,33.39999999999996,-1.2946887170005112,-1.3128188360340702,30.429743147131507,24.545256852868494,0.018474082431724336,0.01872024582350296,0.02239754902716737,47933660.0,-0.7800171111750147,0.0,0.0,-1,0.25735125,4,19.9685352622062,-0.05011517631341307,0.01840490797546014,1.3583105978831376,0.4194814721914353,0.2971746895859063,-0.014958863126402377,-0.15549855722988137,0.7913523352799007,0.022019741837509425,0.055372249999999984
2026-04-02,27.04,26.34,-0.01785422545959598,0.025112102460371315,-0.006134988567515944,-0.7464053050619373,0.026228554859628297,26.387999999999998,27.311,28.322666666666667,3,2,4,26.59706645763812,28.193596355653636,42.321428571428555,-1.1701986398856086,-1.284294796804378,29.87369512735902,24.74830487264098,0.020601072255389017,0.020036735990786602,0.021778718950016655,49326419.0,-0.21149609027374164,0.0,0.0,-1,0.01801,1,19.9685352622062,-0.07004374299407998,-0.009491268033409264,-0.7155688860457418,0.46264979430479475,0.3180733231024723,0.018839487565938118,-0.11547268563951585,-0.17971411722885103,0.05251479289940835,-0.23934124999999998
2026-04-06,27.06,27.04,0.04056132428961937,0.0010934938213712896,0.03216928293339175,-0.3095359434192545,0.0007393715678786705,26.413999999999998,27.1635,28.192333333333334,0,6,4,26.681236192613007,28.12046110690179,46.407766990291236,-1.057732640551876,-1.2389823655538776,29.389587197422085,24.937412802577914,0.019978916775370042,0.019868751887651862,0.021175921389640737,50348408.0,-0.09298827118709306,0.0,0.0,-1,0.0,0,19.9685352622062,-0.0698468511921869,0.0048076923076924025,-1.127005744494965,0.38347547949811756,0.31540665813583185,0.04721362229102155,-0.0983005664778408,-0.6278487872572798,0.022172949002217217,-0.01801
2026-04-07,26.67,27.06,-0.008130126083250288,-0.005197454251559409,-0.010859496346640749,0.6216787578533092,-0.01451728454871896,26.407,26.982,28.096333333333334,1,7,4,26.679193248501548,28.026882970972643,40.789473684210535,-0.98867543149494,-1.1889209787420902,28.654408914992846,25.309591085007153,0.020570130927239406,0.019663677752041437,0.01977908960392604,48445412.0,-0.37311449036533256,0.0,0.0,-1,0.3186525714285714,7,19.9685352622062,-0.07419401054208356,-0.004065040650406484,0.077158541076996,0.31988365116215256,0.31215120715689154,0.05959475566150174,-0.1198019801980198,-0.0878043978999226,0.02803524559430078,0.3186525714285714
2026-04-08,27.15,26.67,0.012903404835908001,0.012095285195488994,0.0188350556407081,0.41464791933765943,0.01783770818602145,26.463,26.9,27.994999999999997,2,8,4,26.76479447604672,27.970309876071184,50.7662835249042,-0.8850132257495318,-1.1281394281435786,28.344437606821486,25.45556239317851,0.021208802224366854,0.017463724372953057,0.01963104651248817,51326239.0,0.34615548476355434,0.0,0.0,-1,0.1455415,2,19.9685352622062,-0.08250173803170882,0.02362204724409445,1.3430873038985718,0.2514697149903047,0.27722802993486717,0.041027607361963314,-0.056964223688780846,-0.4976997139650538,0.021178637200736622,-0.1731110714285714
2026-04-09,26.53,27.15,-0.006246575520073762,-0.010181906145119525,-0.020342214931279523,-0.9284755987993187,-0.02310087823029608,26.442,26.826999999999998,27.895,3,9,4,26.72210457131095,27.87738665826014,44.13309982486866,-0.8431694665387504,-1.071145435822613,28.18444496835247,25.469555031647527,0.0225763144799339,0.017122373851940095,0.01966352411601808,50187864.0,-0.4375868000902685,0.0,0.0,-1,0.07394125,4,19.9685352622062,-0.06600915774804703,-0.0007366482504603895,-0.9134529185415747,0.331747209738795,0.27180925840385145,0.0072133637053910515,-0.05216148624508743,0.05584553017064252,0.031662269129287594,-0.07160024999999999
2026-04-10,26.29,26.53,-0.01860172684499955,-0.02068020523753863,-0.02403850906650303,-0.01699302352320424,-0.009087529407858555,26.417,26.741499999999995,27.763666666666666,4,10,4,26.643540103799868,27.774974615791745,45.40540540540538,-0.8199224248033694,-1.0209008336187644,27.999640231494656,25.483359768505334,0.022635040311885752,0.017167791424981628,0.019006293072402217,49068670.0,-0.7177260351393692,0.0,0.0,-1,0.477465,1,19.9685352622062,-0.06346770614958963,0.0037693177534865382,-0.8617559630568955,0.24893446099303163,0.2725302400243715,-0.027736686390532506,-0.061071428571428554,0.7875164461465298,0.034610117915557265,0.40352374999999996
2026-04-13,27.58,26.29,-0.010949703510705797,0.033391471358076165,0.012471109773337352,0.6962187793619762,0.047902233623365834,26.591,26.7255,27.687333333333335,0,13,4,26.813805539472618,27.762395608321313,56.19469026548674,-0.6894591023633581,-0.9546124873676831,27.928539571471568,25.522460428528433,0.02552129807678341,0.020740000447839885,0.021304716925003294,51313944.0,1.4205684006798993,0.0,0.0,-1,0.0,0,19.9685352622062,-0.06355061289858673,0.001901863826550046,0.5499521396927203,0.46663704413485235,0.32923730025811543,0.01921655580192172,-0.011469534050179253,1.0645208607803691,0.054205946337926074,-0.477465
2026-04-14,27.48,27.58,0.04853703165320886,0.009696610362448144,0.03908866024389048,-0.8108956998666542,-0.0036324050110070464,26.821999999999996,26.727999999999998,27.58,1,14,4,26.934931805023048,27.744176536816713,56.61218424962855,-0.5873643727894056,-0.8811628644520276,27.937394802979515,25.51860519702048,0.023210530833022127,0.02039520891690031,0.020525773972658076,50316010.0,1.243597207706439,0.0,0.0,-1,0.0,0,19.9685352622062,-0.0641559292899025,0.0025380710659898584,-0.956924799521501,0.44539882462783825,0.3237639043879514,0.030371203599550034,0.0018228217280349401,0.9506381606892408,0.026200873362445372,0.0
2026-04-15,27.58,27.48,-0.002172339739149006,0.004279607102365001,0.003296102599603694,0.1458584763393274,0.0036324050110071527,26.972,26.7245,27.47733333333333,2,15,4,27.052216931382493,27.733584502183376,56.28742514970061,-0.4927048054845784,-0.8034712526585378,27.923016187888905,25.525983812111093,0.021181816288713594,0.02033119716481468,0.020563672061980374,51470652.0,1.4275985733774637,0.0,0.0,-1,0.0,0,19.9685352622062,-0.06351551524611607,0.004002911208151362,-0.7499120374315973,0.43316105237610864,0.3227477493259268,0.015837937384898693,-0.0025316455696202667,1.52903440717799,0.02719361856417694,0.0
2026-04-16,27.5,27.58,0.0057824519632488,0.004261370084967673,-0.0036630077587371467,0.3512302402595793,-0.0029048676926300733,27.088,26.746,27.354333333333333,3,16,4,27.13363203476749,27.718514534300578,57.31707317073173,-0.41930822363054787,-0.7266386468529399,27.985344478683096,25.5066555213169,0.021291509253730256,0.019739639035527435,0.02019312052269891,49830120.0,1.2167722743255138,0.0,0.0,-1,0.3202385,2,19.9685352622062,-0.06359472579304241,0.0061638868745468355,-0.14730505664540577,0.3763736506780128,0.3133570551491309,0.03656238220882013,0.015884743258219425,2.0392675398832982,0.03527272727272723,0.3202385
2026-04-17,27.58,27.5,0.0028787353453558645,-0.0024835918389685676,-0.011812614285745586,0.11368519162335566,0.0029048676926299857,27.142000000000003,26.764999999999997,27.254666666666665,4,17,4,27.214789846627948,27.7095781127328,64.6464646464647,-0.35064357148131364,-0.6514396317786147,28.044646332719424,25.48535366728057,0.019832875984101675,0.01972483442495635,0.02000260587653428,51668171.0,1.2737894512900476,0.0,0.0,-1,0.0,0,19.9685352622062,-0.06623494872505366,0.011999999999999938,0.0870763050204266,0.3522015063238644,0.3131220392421614,0.04906808672499041,0.013970588235294068,2.1141829284501443,0.04423495286439445,-0.3202385
2026-04-20,27.63,27.58,-0.010656652823354575,-0.007845974628613995,0.0033031164935479985,-0.08834178251554092,0.0018112665701695233,27.199,26.8065,27.175333333333334,0,20,4,27.2902826017865,27.70444404094359,73.12030075187975,-0.2888619372164598,-0.5789240928661837,28.143476557681417,25.469523442318582,0.019827279603774253,0.01938084740407111,0.019815836922014773,53350811.0,1.2318839777237556,0.0,0.0,-1,0.0,0,19.9685352622062,-0.06987642053802073,-0.0016316171138505496,0.018638722416726084,0.05376226073105726,0.30766141457318347,0.0018129079042785712,0.030970149253731316,-0.47253237986414537,0.03296778863554101,0.0
2026-04-21,27.655,27.63,0.0009075234310130572,0.007490671729157659,0.01107501138553392,0.060147946183492715,0.0009044045113161734,27.297499999999996,26.852249999999998,27.08716666666667,1,21,4,27.356594856007135,27.701254102818197,67.7564825253665,-0.2351713469836909,-0.5101735436896851,28.24125371338224,25.463246286617757,0.018969207749750416,0.01935993538906129,0.019693666877619493,55137764.0,1.155864440484896,0.0,0.0,-1,0.0,0,19.9685352622062,-0.072524232303327,-0.002533478103510687,0.1921241343901215,0.0405664622410002,0.30732944662640804,0.006368267831149854,0.034218399401645616,-1.372584945795348,0.02965105767492317,0.0
2026-04-22,27.81,27.655,0.021537085144383974,0.014114560362447202,0.011825845087306972,-0.12655829527876433,0.005589124799231958,27.3635,26.913249999999998,27.0545,2,22,4,27.439032154914926,27.708269967152507,66.97459584295618,-0.1780613820208785,-0.4437511113559238,28.359727663698656,25.46677233630134,0.018332147156348438,0.019294502633562458,0.017625536585758588,56712289.0,1.2399085343730805,0.0,0.0,-1,0.0,0,19.9685352622062,-0.0717103103085945,0.01826071234858069,-0.1142915230170672,0.04925864612419208,0.30629073383452243,0.00833937635968085,0.04588191049266643,-0.45556694389990166,0.03218266810499819,0.0
2026-04-23,26.87,27.81,-0.01791520505322945,-0.022500727808293392,-0.03845847885879178,-0.0763949861677142,-0.03438524561847348,27.397499999999997,26.91975,27.017166666666665,3,23,4,27.335571763112213,27.654188033787833,48.14004376367616,-0.206273672924425,-0.3962556236696241,28.364116461007868,25.475383538992133,0.02024729755987856,0.02089712887636371,0.017971422992051796,55253570.0,-0.06888833456473967,0.0,0.0,-1,0.046598,1,19.9685352622062,-0.06266091731564,-0.005393743257820877,-0.3227476534971663,0.2613998486793207,0.33173163673275,-0.02290909090909088,0.004861630516080906,-2.1708790832814673,0.04849274283587647,0.046598
