date,close,YesterdayClose,YesterdayOpenLogR,YesterdayHighLogR,YesterdayLowLogR,YesterdayVolumeLogR,YesterdayCloseLogR,MA10,MA20,MA30,DayOfWeek,DayOfMonth,MonthNumber,EMA10,EMA30,RSI,MACD,MACD_Signal,BollingerUpper,BollingerLower,Volatility_10,Volatility_20,Volatility_30,OBV,ZScore,insider_shares,insider_amount,insider_buy_flag,sentiment,num_articles,fear_greed,fear_greed_correlation,overnight_gap,abnormal_vol,volatility_5d,volatility_20d,momentum_5d,momentum_20d,skew_5d,intraday_range,sentiment_change
2021-11-03,9.76,9.72,-0.007183201743492308,-0.0020470836217247996,-0.001029336169114132,0.768209624486043,0.004106781952653281,9.750499999999999,9.75219,9.755793333333333,2,3,11,9.750246274580075,9.747782951017232,50.0,0.0015514669837539685,0.0034665935178270356,9.800094549833437,9.704285450166564,0.0024612630421015683,0.0035284341038816433,0.0036359030787766096,2568253.0,0.3260650617594586,0.0,0.0,-1,0.0,0,72.0,-0.02648879532564913,-0.0010288065843621179,-0.3025625971708449,0.0417414016802412,0.05601215493809923,-0.0005120327700973704,0.0,1.2038559248229928,0.005122950819672022,0.0
2021-11-04,9.76,9.76,0.005136118121767492,0.0,0.005136118121767492,-5.925210269186907,0.0,9.753499999999999,9.75219,9.753793333333332,3,4,11,9.75201967920188,9.748571147725798,47.368421052631575,0.0021888705843853273,0.003211048931138694,9.800094549833437,9.704285450166564,0.0024612630421015683,0.0035284341038816433,0.0036359030787766096,2568253.0,0.3260650617594586,0.0,0.0,-1,0.0,0,72.0,-0.025515807596853863,0.0,-0.37635215487116014,0.0417414016802412,0.05601215493809923,-0.0005120327700973704,0.0,1.2038559248229925,0.0,0.0
2021-11-05,9.75,9.76,-0.006166514915664015,0.0,-0.006166514915664015,7.745064644522631,-0.001025115415245297,9.756499999999999,9.749690000000001,9.754793333333334,4,5,11,9.751652464801538,9.748663331743488,45.00000000000001,0.0018655956779394245,0.0029419582804988405,9.791978527746355,9.707401472253647,0.002461072369245822,0.003399294031275805,0.0031158794241558244,2535911.0,0.014661186686767604,0.0,0.0,-1,0.0,0,73.0,-0.02834092791257083,-0.0061475409836066084,0.07062566518040805,0.04221832747445594,0.053962119839652,-0.001536098310291889,-0.005102040816326592,1.5321766045117515,0.006153846153846205,0.0
2021-11-08,9.735,9.75,0.002059732963010784,-0.001025115415245297,0.002059732963010784,-0.33424233338669074,-0.0015396461855928612,9.753,9.7515,9.753626666666666,0,8,11,9.74862474392853,9.747781826469716,51.428571428571175,0.0003944760711451778,0.002432461838628108,9.787203457005063,9.715796542994937,0.0018290176142526616,0.0024689105324951152,0.0029792700521981165,2512758.0,-0.9242802453364951,0.0,0.0,-1,0.0,0,74.0,-0.02337850334434449,-0.0030769230769230114,-0.075615886946529,0.03930174896941116,0.039192739669500765,-0.0005133470225873182,0.003732420505629497,1.7488807907166233,0.0030816640986131858,0.0
2021-11-09,9.74,9.735,0.0030816665374081144,0.0,0.0020554991820959595,0.2984860222499291,0.0005134788302808095,9.75,9.7505,9.753293333333334,1,9,11,9.747056608668798,9.74727977314909,52.77777777777775,-0.0003637455703149328,0.0018732203568394999,9.78632119337409,9.714678806625912,0.0018472864976618764,0.0020101719135876897,0.0029586270266215354,2543964.0,-0.5862451253561973,0.0,0.0,-1,0.0,0,77.0,-0.02103632127024903,0.001540832049306684,0.04317735750529108,0.03528467723945978,0.03191048985503908,0.002057613168724215,-0.002049180327868827,1.5277037165359693,0.0010266940451745161,0.0
2021-11-10,9.73,9.74,-0.0020533888118420846,-0.0020533888118420846,-0.0010272214565300254,-4.818936575489704,-0.0010272214565300254,9.746500000000001,9.748999999999999,9.752626666666666,2,10,11,9.743955407092653,9.746164949074956,50.0,-0.0017513694139648095,0.0011483024026786382,9.785649118608003,9.712350881391995,0.0018607883036289255,0.002020549312548146,0.0029642011943449846,2543712.0,-1.0368598602995687,0.0,0.0,-1,0.0,0,73.0,-0.024173396369818533,-0.0010266940451745161,-0.39598857394253384,0.013380863928407299,0.03207522595646949,-0.0030737704918032405,-0.0030737704918032405,0.5190946882720788,0.0,0.0
2021-11-11,9.73,9.73,0.0,0.0,0.0,-5.529429087511423,0.0,9.743,9.747499999999999,9.75096,3,11,11,9.741418060348533,9.745122049134636,52.77777777777775,-0.002818580466238174,0.00035492582889527574,9.78470497985918,9.710295020140817,0.0018607883036289255,0.002020549312548146,0.0029043969035364397,2543712.0,-0.9407342816060904,0.0,0.0,-1,0.0,0,72.0,-0.023776434995645048,0.0,-0.3995136247451367,0.013380863928407299,0.03207522595646949,-0.0030737704918032405,-0.0030737704918032405,0.5190946882720788,0.0,0.0
2021-11-12,9.73,9.73,0.0,0.0,0.0,4.8283137373023015,0.0,9.739500000000001,9.7455,9.74996,4,12,11,9.739342049376072,9.744146433061434,34.615384615384826,-0.003622593906436933,-0.000440578118171166,9.781904164018703,9.709095835981296,0.0018607883036289255,0.0020020525012462574,0.0028827115959379327,2543712.0,-0.8515509375265883,0.0,0.0,-1,0.0,0,74.0,-0.0223243829684149,0.0,-0.45117039712757917,0.013383145069881457,0.03178159817995457,-0.002051282051282022,-0.004094165813715356,-0.5167825282460504,0.0,0.0
2021-11-15,9.8,9.73,0.007168489478612497,0.008188377379358033,0.007168489478612497,2.6951675752711965,0.007168489478612497,9.7455,9.747,9.751293333333335,0,15,11,9.750370767671331,9.747749888992956,57.50000000000031,0.0013728097390632854,-7.790054672427577e-05,9.78959972819293,9.704400271807069,0.0028640301039185192,0.002598068011606441,0.0031755597105532383,2545563.0,2.488278787130704,0.0,0.0,-1,0.0,0,71.0,-0.009988208805821236,0.007194244604316576,-0.3946920906014868,0.05273794214395658,0.041243051087656295,0.006676938880328942,0.003070624360286711,2.0739191171278843,0.0010204081632652843,0.0
2021-11-16,9.8,9.8,0.0,-0.0010198879007454116,0.0,1.7286725622160957,0.0,9.753499999999999,9.750499999999999,9.752626666666668,1,16,11,9.759394264458361,9.751120863896638,58.974358974359,0.005270942968568448,0.000991868156334269,9.798392423310302,9.702607576689696,0.0027212743496359323,0.0023992033710824394,0.0031755597105532383,2545563.0,2.067132818871287,0.0,0.0,-1,0.0,0,72.0,-0.011240983701653795,0.0,0.2222165494166988,0.05336498633824263,0.038086172787311696,0.006160164271047375,0.007194244604316502,2.1344496637488786,0.0,0.0
2021-11-17,9.75,9.8,-0.005115100666770489,-0.005115100666770489,-0.005115100666770489,4.739718851367159,-0.005115100666770489,9.752500000000001,9.7515,9.752293333333334,2,17,11,9.757686216375022,9.751048550096856,46.93877551020398,0.004276364239908403,0.0016487673730490962,9.79841537734673,9.70458462265327,0.003026286858476101,0.002692900067857366,0.0033168605594834756,1352693.0,-0.06394491890853778,0.0,0.0,-1,0.0,0,69.0,-0.035797632422900495,-0.005102040816326603,4.245283777442594,0.06960954167746355,0.042748463310597305,0.0020554984583760483,0.0020554984583760483,0.7048310340496479,0.0,0.0
2021-11-18,9.75,9.75,0.0,0.0,0.0,-12.893260437488642,0.0,9.7515,9.752500000000001,9.75196,3,18,11,9.756288722488655,9.75098090170351,46.93877551020398,0.003448402395630268,0.0020086943775653307,9.79832575694964,9.706674243050363,0.003026286858476101,0.002692900067857366,0.0033168605594834756,1352693.0,-0.10910894511786144,0.0,0.0,-1,0.0,0,70.0,-0.033529847850224094,0.0,-0.24561715245401544,0.06960954167746355,0.042748463310597305,0.0020554984583760483,0.0020554984583760483,0.7048310340496479,0.0,0.0
2021-11-19,9.83,9.75,0.0,0.008171649149319478,0.0,10.988147401475096,0.008171649149319478,9.7595,9.758000000000001,9.75296,4,19,11,9.769690772945262,9.75607890804522,64.99999999999994,0.009142182689762635,0.003435392040004792,9.812906619292338,9.703093380707664,0.003972091036283134,0.0032267680653185406,0.0035682879154242115,1530199.0,2.622634608648977,0.0,0.0,-1,0.0,0,62.0,-0.007655907626365349,0.0,0.3884281333671684,0.08835168939735125,0.05122335503590729,0.010277492291880685,0.011316872427983515,-0.04172363449845474,0.008138351983723303,0.0
2021-11-22,9.72,9.83,0.0020491810449354236,-0.004077477616656262,-0.004111002706522206,-3.994520283418996,-0.011253315686727368,9.758000000000001,9.755500000000001,9.753666666666666,0,22,11,9.760656086955214,9.753751236558433,50.0,0.004724008473601771,0.0036931153267241875,9.81261484275708,9.698385157242923,0.005491950254401388,0.003985475187781108,0.0036577435740752125,1526930.0,-1.2431094365781492,0.0,0.0,-1,0.0,0,60.0,-0.03833832741546645,-0.006103763987792522,-0.26629326400072356,0.11378155194846577,0.06326745721972357,-0.008163265306122436,-0.0051177072671442225,0.04143582257086434,0.008230452674896943,0.0
2021-11-23,9.72,9.72,-0.0051308475823435675,-0.007175838070071202,0.0010293361691140592,-4.08490622149174,0.0,9.756,9.753,9.752333333333333,1,23,11,9.753264071145175,9.75157373742563,44.285714285714434,0.0012086411136635888,0.0031962204841120678,9.811794915641325,9.694205084358675,0.00548755214630087,0.003985475187781108,0.003463353376451259,1526930.0,-1.122546044672094,0.0,0.0,-1,0.0,0,60.0,-0.038450718048840406,0.0,-0.2783664357202828,0.11378155194846577,0.06326745721972357,-0.008163265306122436,-0.0051177072671442225,0.04143582257086434,0.0,0.0
2021-11-24,9.73,9.72,-0.001029336169114132,0.0010282777255660649,-0.001029336169114132,2.7805117970771085,0.0010282777255660649,9.756,9.75125,9.751333333333333,2,24,11,9.74903424002787,9.75018188339817,45.83333333333344,-0.000761616973052881,0.002404652992679078,9.81062171043525,9.691878289564752,0.005491306637026486,0.00399500461600389,0.0034697836408852972,1527817.0,-0.7158291329058378,0.0,0.0,-1,0.0,0,56.0,-0.03753269601083806,-0.0010288065843621179,-0.275226409666249,0.11022170694728392,0.06341873220300831,-0.002051282051282022,-0.0035842293906810374,-0.7731432310385514,0.0020554984583761125,0.0
2021-11-26,9.72,9.73,0.0010293361691140592,-0.0010282777255659324,0.0010293361691140592,-0.8555997948615688,-0.0010282777255659324,9.755,9.748999999999999,9.75,4,26,11,9.74375528729553,9.748234665114417,45.83333333333344,-0.0030943078732104112,0.0013048608195011802,9.809576180832213,9.688423819167785,0.005501197991109625,0.003999284366742229,0.0034738663262253466,1527440.0,-0.957472049296855,0.0,0.0,-1,0.0,0,31.0,-0.03359407911399527,-0.0010277492291880562,-0.27720019420890885,0.11023336097618523,0.06348667113977025,-0.003076923076922977,-0.004608294930875556,-0.6252350914125566,0.0,0.0
2021-11-29,9.72,9.72,0.0,0.0,0.0,-5.2390980068880655,0.0,9.754000000000001,9.74675,9.748333333333335,0,29,11,9.739436144150888,9.746413073816713,47.82608695652192,-0.004886651936031328,6.655826839467864e-05,9.808161039638486,9.685338960361515,0.005501197991109625,0.003999284366742229,0.0034671430971145883,1527440.0,-0.8711788680820767,0.0,0.0,-1,0.0,0,38.0,-0.033621719042398586,0.0,-0.27860793253487703,0.08027876639726861,0.06348667113977025,-0.011190233977619424,-0.004608294930875556,-2.1213403921931246,0.0,0.0
2021-11-30,9.71,9.72,0.0010282777255660649,0.0010282777255660649,-0.001029336169114132,11.87622044801616,-0.001029336169114132,9.745000000000001,9.74525,9.746333333333332,1,30,11,9.734084117941634,9.744063843247893,45.71428571428581,-0.007032942561474798,-0.0013533418975792166,9.80878407705613,9.681715922943871,0.0048698768830520555,0.003966716364922447,0.003470539077427281,1239828.0,-1.1096407355963742,0.0,0.0,-1,0.0,0,24.0,-0.031517088602631894,0.0010288065843621179,0.7380006337241646,0.013660151821537892,0.06296967013868958,-0.0010288065843621075,-0.0030800821355235763,0.5128667360378263,0.002059732234809431,0.0
2021-12-01,9.81,9.71,-0.002057613894680154,0.009207226168460895,0.0,-4.868167447718659,0.010245991274038227,9.746,9.74975,9.749,2,1,12,9.747887005588609,9.748317788844805,59.09090909090911,-0.0006571538200255134,-0.0012141042820684761,9.81830462670099,9.681195373299012,0.006033901743188587,0.004569950830201196,0.0038837958148664918,1242039.0,1.7577223565898539,0.0,0.0,-1,0.0,0,25.0,-0.04714700366494443,0.0,-0.31968143119047865,0.07615033637988229,0.07254572040303317,0.0092592592592593,0.0092592592592593,2.0659818157276253,0.011213047910295558,0.0
2021-12-02,9.81,9.81,0.010245991274038227,-0.0010188487891027657,0.010245991274038227,-7.701200180857446,0.0,9.752,9.75225,9.751666666666667,3,2,12,9.759180277299771,9.752297286338688,59.09090909090911,0.004345611191876486,-0.00010216118727948361,9.825840259653004,9.678659740346996,0.005752583051163324,0.004489156932464632,0.0038837958148664918,1242039.0,1.5695011886710244,0.0,0.0,-1,0.0,0,22.0,-0.04668605160505409,0.0,-0.32679824013670095,0.07719593523769634,0.07126315703785797,0.008221993833504637,0.0051229508196721785,2.1738248522317862,0.0,0.0
2021-12-03,9.81,9.81,0.0,0.0,0.0,1.3862943611198906,0.0,9.758000000000001,9.75475,9.754333333333333,4,3,12,9.76842022688163,9.756020042058774,59.09090909090911,0.008215633794458554,0.001561397809068124,9.832715916980012,9.676784083019987,0.005752583051163324,0.004489156932464632,0.0038837958148664918,1242039.0,1.4172859664862334,0.0,0.0,-1,0.0,0,20.0,-0.0461284178894053,0.0,-0.3267813600746625,0.07527213243301825,0.07126315703785797,0.0092592592592593,0.0051229508196721785,2.1852817206108375,0.0,0.0
2021-12-06,9.72,9.81,-0.009216655104923952,-0.009216655104923952,-0.009216655104923952,3.5040547671018634,-0.009216655104923952,9.747000000000002,9.75325,9.754333333333333,0,6,12,9.759616549266788,9.753696168377562,41.304347826086925,0.003974590149249835,0.0020440362771044665,9.832740151657509,9.67375984834249,0.00583398130486917,0.00495780228224046,0.004246289238020429,1241906.0,-0.8365816219161266,0.0,0.0,-1,0.0,0,21.0,-0.025421584453536875,-0.00917431192660549,-0.31980782517884404,0.10977742678976615,0.0787026713294203,0.0,-0.003076923076922977,0.3881412195736433,0.0,0.0
2021-12-07,9.72,9.72,0.0,0.0,0.0,-0.9985288301111273,0.0,9.747,9.752500000000001,9.752666666666666,1,7,12,9.75241354030919,9.751522222030623,41.304347826086925,0.000606540681928891,0.0017565371580693515,9.832991908714035,9.672008091285967,0.00463564262118694,0.004946924558235469,0.004134150304480044,1241906.0,-0.8075345837670335,0.0,0.0,-1,0.0,0,37.0,-0.026570245156282396,0.0,-0.3154554495956925,0.10940104254842303,0.07852999281413468,0.001029866117404632,-0.0015408320493065508,0.24428678558489864,0.0,0.0
2021-12-08,9.73,9.72,0.0,0.0030816665374081144,-0.002059732963010727,9.015960279953585,0.0010282777255660649,9.748000000000001,9.751999999999999,9.751333333333333,2,8,12,9.748338351162063,9.750133691577034,47.619047619047656,-0.0012414358600683073,0.00115694255444182,9.832941824462853,9.671058175537144,0.004646807323846041,0.004951437982633345,0.00413981010662019,1645345.0,-0.5436002992518297,0.0,0.0,-1,0.0,0,41.0,-0.026180962260343804,0.0,1.0714236013894647,0.0673295271340183,0.0786016412052431,-0.008154943934760461,-0.0010266940451745254,-2.172405359415233,0.005138746145940463,0.0
2021-12-09,9.73,9.73,-0.002059732963010727,0.0015372793188863979,0.0,0.4278650878344839,0.0,9.748000000000001,9.752,9.750166666666667,3,9,12,9.745004105496234,9.748834743733354,47.619047619047656,-0.002675133311946354,0.00039052738116418517,9.832941824462855,9.671058175537146,0.00463564262118694,0.004945985916730608,0.004139230504442377,1645345.0,-0.5436002992518736,0.0,0.0,-1,0.0,0,36.0,-0.026124105619819322,-0.003083247687564351,1.6088825238726512,0.0673295271340183,0.07851509234218204,-0.008154943934760461,0.0,-2.172405359415233,0.006680369989722639,0.0
2021-12-10,9.73,9.73,0.002059732963010784,-0.003590668130728596,0.002059732963010784,-6.266622239320436,0.0,9.749,9.751999999999999,9.749,4,10,12,9.7422760863151,9.747619598976364,35.2941176470588,-0.0037679146966151933,-0.0004411610343916905,9.832941824462853,9.671058175537144,0.004621458297472757,0.004945985916730608,0.004139230504442377,1645345.0,-0.5436002992518297,0.0,0.0,-1,0.0,0,42.0,-0.02611624830900719,-0.0010277492291880562,-0.4451447960318864,0.0673295271340183,0.07851509234218204,-0.008154943934760461,0.0,-2.172405359415233,0.0010277492291880562,0.0
2021-12-13,9.73,9.73,0.0010282777255660649,0.0,0.0010282777255660649,-5.970411137910149,0.0,9.75,9.752,9.747833333333334,0,13,12,9.740044070621444,9.746482850655308,52.17391304347823,-0.004581143249314579,-0.0012691574773762682,9.832941824462855,9.671058175537146,0.004621458297472757,0.004945985916730608,0.004139230504442377,1645345.0,-0.5436002992518736,0.0,0.0,-1,0.0,0,35.0,-0.026054233650020787,0.0,-0.44901740109471755,0.007303802201358196,0.07851509234218204,0.0010288065843622185,0.0,2.2360679774997894,0.0,0.0
2021-12-14,9.7,9.73,-0.0030880106885767277,0.0010272214565300948,-0.007220247973487132,9.30870648372105,-0.0030880106885767277,9.749,9.747,9.746500000000001,1,14,12,9.732763330508453,9.743483957064644,46.1538461538459,-0.007559243759271084,-0.002527174733755231,9.82781167190323,9.66618832809677,0.00472239079644775,0.004687607581974737,0.004150986426833292,1612244.0,-1.1631983076969648,0.0,0.0,-1,0.0,0,31.0,-0.0268282939126239,-0.003083247687564351,-0.3448980883807333,0.024746817157371148,0.07441346343459586,-0.002057613168724437,-0.010204081632653184,-1.7479258713374637,0.008247422680412378,0.0
2021-12-15,9.7,9.7,0.0,-0.003084835351210151,0.00413223728491037,-0.4114343705870636,0.0,9.738,9.742,9.745833333333334,2,15,12,9.726806361325098,9.740678540479829,43.99999999999977,-0.009806368161553891,-0.0039830134193149635,9.821365908099297,9.662634091900705,0.003020749891392155,0.004687607581974737,0.004135056630880688,1612244.0,-1.058388948248521,0.0,0.0,-1,0.0,0,37.0,-0.02782788776662321,0.0,-0.38433411247607,0.021888887172826128,0.07441346343459586,-0.0030832476875644055,-0.010204081632653184,-2.2360679774997902,0.0010309278350517075,0.0
2021-12-16,9.7,9.7,0.0,-0.001030396793896522,0.0,0.0015487635765602035,0.0,9.727,9.739500000000001,9.743833333333333,3,16,12,9.721932477447806,9.738054118513388,45.83333333333305,-0.011455182229875405,-0.005477447181427052,9.820928043792014,9.658071956207989,0.003020749891392155,0.004561234044723927,0.0040593251194191386,1612244.0,-0.970181725128879,0.0,0.0,-1,0.0,0,33.0,-0.030894442932983195,0.0,-0.33658551207667325,0.021888887172826128,0.07240734572340465,-0.0030832476875644055,-0.005128205128205221,-2.2360679774997902,0.0,0.0
2021-12-17,9.73,9.7,0.0,0.0036017533148258577,0.0,-3.1325853874077954,0.0030880106885767668,9.719,9.7385,9.742833333333333,4,17,12,9.723399299730023,9.737534497964136,51.851851851851805,-0.010223282343464035,-0.006426614213834449,9.819876318810586,9.657123681189415,0.0032944189913768963,0.004622075490594013,0.004103547646002404,1613202.0,-0.20890598454778117,0.0,0.0,-1,0.0,0,32.0,-0.030286475154280484,0.0,-0.4617539018827247,0.03466291389013255,0.07337317373447173,0.0,-0.002051282051282022,0.00655064167568729,0.003597122302158288,0.0
2021-12-20,9.72,9.73,0.0,0.0005134788302808095,-0.011404996613990245,6.389981424542519,-0.0010282777255659324,9.719,9.733,9.741833333333336,0,20,12,9.722781245233655,9.736403240030967,51.851851851851805,-0.009939334770423969,-0.007129158325152353,9.802312412498187,9.663687587501814,0.0015342905112867655,0.00419065162724308,0.004103572377550614,1042382.0,-0.37511318770905916,0.0,0.0,-1,0.0,0,29.0,-0.023876935373938323,-0.003083247687564351,2.357787606226778,0.03542598624549644,0.06652453222196003,-0.0010277492291880241,-0.011190233977619424,0.4273762395081539,0.015432098765432134,0.0
2021-12-21,9.74,9.72,0.0,0.0,0.007272759329079878,-0.34393034261862326,0.0020554991820959595,9.721,9.734,9.741999999999999,1,21,12,9.725911927918444,9.736635289061228,31.578947368421098,-0.008008158355414352,-0.007304958331204753,9.803099470635514,9.664900529364486,0.0016664153738476489,0.0033918591855759193,0.004112453456380646,1447081.0,0.17366269075052548,0.0,0.0,-1,0.0,0,34.0,-0.026398410348080062,-0.002057613168724419,1.361777257887297,0.026865119923556155,0.05384409532310378,0.004123711340206171,0.002057613168724215,0.5217105249950876,0.008213552361396311,0.0
2021-12-22,9.72,9.74,-0.0020639842208514825,0.0,-0.0010357328735320908,-1.7215866635945725,-0.002055499182095999,9.72,9.734,9.741333333333333,2,22,12,9.724837031933271,9.735562044605665,28.571428571428697,-0.007999308932198801,-0.007443828451403563,9.803099470635514,9.664900529364486,0.0017787433753582835,0.0034262114049559,0.004128616476520565,1374728.0,-0.40521294508452516,0.0,0.0,-1,0.0,0,39.0,-0.02713424901222505,-0.0061601642710472785,-0.23802742225781223,0.033875792539362015,0.05438941989987916,0.0020618556701033075,0.0,0.2393197810214552,0.009259259259259245,0.0
2021-12-23,9.65,9.72,0.0020639842208514275,-0.003084835351210151,0.0,-0.33534506815320236,-0.007227703121453145,9.712,9.73,9.738666666666665,3,23,12,9.711230298854494,9.730041912695622,21.42857142857153,-0.013485260991705772,-0.008652114959464005,9.808673208172877,9.651326791827124,0.0028614722455262793,0.0037735193358349795,0.0043275898772472685,1322989.0,-2.0337291908627413,0.0,0.0,-1,0.0,0,50.0,-0.03982591427735628,-0.002057613168724419,-0.35108134240495303,0.06431976660869118,0.05990276238067788,-0.005154639175257603,-0.008221993833504637,-0.8602267688636683,0.006217616580310932,0.0
2021-12-27,9.68,9.65,-0.0030975760441341693,-0.002061856400558802,0.0020703941143082735,-1.9116369288251154,0.0031039859375910123,9.707,9.728,9.737,0,27,12,9.70555206269913,9.72681340219913,40.90909090909072,-0.01523653099853739,-0.009968998167278682,9.809718386773381,9.646281613226618,0.003118022829272712,0.0038502280572493934,0.004371183291166107,1330638.0,-1.174766215909577,0.0,0.0,-1,0.0,0,56.0,-0.028259480836525117,0.0020725388601035826,-0.5659706062645294,0.06438449046905871,0.061120475582191525,-0.005138746145940454,-0.004115226337448652,-0.8564718316129535,0.0020661157024792947,0.0
2021-12-28,9.6798,9.68,0.0,-0.001032524614189153,0.0,-1.0840760171358368,-2.0661370469348762e-05,9.70198,9.72599,9.735326666666667,1,28,12,9.700869869481107,9.723780279476607,40.87193460490454,-0.016450927374275892,-0.011265384008678124,9.810467886237518,9.64151211376248,0.0031176536562423575,0.0038501745896503,0.004371158436752579,1328051.0,-1.0935406189054233,0.0,0.0,-1,0.0,0,62.0,-0.02818123353537249,-0.0010330578512396473,-0.591252843192541,0.064775856171953,0.06111962681036912,-0.0041358024691358075,-0.0041358024691358075,-1.0819164861858659,0.0010330791958511319,0.0
2021-12-29,9.67,9.6798,0.0,0.0,0.0,2.144897693463044,-0.0010129304528132793,9.69898,9.72399,9.730993333333334,2,29,12,9.695257165939086,9.720310584026503,36.36363636363629,-0.017996668952140027,-0.012611640997370506,9.81188663546642,9.636093364533581,0.0029942769347757418,0.0038499906820112562,0.00414582679874228,1305955.0,-1.2284884333400248,0.0,0.0,-1,0.0,0,64.0,-0.031312126961195015,-0.001012417611934157,-0.4382167966267154,0.05964133692491972,0.061116707367106435,-0.007186858316221789,-0.004119464469619083,-0.7474903413737409,0.0010341261633919118,0.0
2021-12-30,9.66,9.67,-0.0010346612407763304,-0.0020682530640589573,-0.0010346612407763304,-3.7512479924831847,-0.0010346612407763304,9.694980000000001,9.71649,9.726326666666665,3,30,12,9.68884677213198,9.71641957860544,34.782608695652144,-0.019800350599162186,-0.014049382917728843,9.798913346207245,9.634066653792756,0.0030003986892317225,0.0029530842961521912,0.004146369558483921,1305436.0,-1.370728139524023,0.0,0.0,-1,0.0,0,63.0,-0.03430351422456857,-0.0010341261633919118,-0.543095159703487,0.05941499987233033,0.046878759889373484,-0.006172839506172867,-0.015290519877675823,-1.0263419343709004,0.0,0.0
2021-12-31,9.68,9.66,0.0010346612407762387,0.0020682530640590605,0.0010346612407762387,-0.3117326304454572,0.0020682530640590605,9.69298,9.709990000000001,9.723993333333333,4,31,12,9.687238268107983,9.714069928372831,39.99999999999985,-0.019392404874190916,-0.01511798730902126,9.781089689835715,9.638890310164287,0.0031014926991059844,0.0030169466902261193,0.004076336852648088,1305816.0,-0.843604242699173,0.0,0.0,-1,0.0,0,62.0,-0.028023381872905095,0.0010351966873705784,-0.5438958673133786,0.02981402708274316,0.047892543966466396,0.0031088082901553626,-0.013251783893985847,0.5803305407891403,0.0010330578512396473,0.0
2022-01-03,9.68,9.68,0.0003205277361478731,0.0005163955704736466,0.0,4.848982862146043,0.0,9.68798,9.703489999999999,9.721659999999998,0,3,1,9.685922219361077,9.711871868477811,39.99999999999985,-0.018851793210759027,-0.015864748489368814,9.757904467890311,9.649075532109686,0.0028829334230815024,0.0030169466902261193,0.004076336852648088,1305816.0,-0.863373323703156,0.0,0.0,-1,0.0,0,65.0,-0.029376847993588976,-0.0007128099173553623,-0.32246592084817866,0.020050577919458114,0.047892543966466396,0.0,-0.013251783893985847,1.389346550998977,0.001549586776859563,0.0
2022-01-04,9.68,9.68,0.00019640171449477592,-0.000516395570473653,0.0,0.3020396555316436,0.0,9.68398,9.70149,9.71666,1,4,1,9.684845452204517,9.709815618898599,45.454545454545524,-0.018213401813932606,-0.016334479154281573,9.75628845944815,9.64669154055185,0.002880795854502186,0.002256174651502724,0.0037531681820572077,1305816.0,-0.7843286185931289,0.0,0.0,-1,0.0,0,64.0,-0.029321822720892888,-0.0005165289256197319,-0.2563326123828338,0.020049731729387087,0.03581566225322417,2.0661583916892212e-05,-0.004115226337448652,1.3731657859570316,0.0010330578512396473,0.0
2022-01-05,9.7,9.68,0.0005166623726399831,0.0020639842208514275,0.001033591823282692,-1.0865043373530223,0.0020639842208514275,9.679979999999999,9.70049,9.715993333333333,2,5,1,9.687600824530968,9.709182353163206,50.0,-0.015910235884065926,-0.016249630500238445,9.754591732631035,9.646388267368966,0.0028816057445659074,0.002312590900043276,0.003189945986701191,1327946.0,-0.018114022459972474,0.0,0.0,-1,0.0,0,51.0,-0.02153157824170433,0.0,-0.478189806713199,0.022024733803122056,0.03671124243447323,0.0031023784901758056,-0.002057613168724437,0.16564130746055772,0.002061855670103049,0.0
2022-01-06,9.7,9.7,0.0020639842208514275,0.0,-0.0010335918232826594,-0.4203058229690882,0.0,9.67798,9.69899,9.715326666666666,3,6,1,9.689855220070791,9.708589943281709,50.0,-0.013924447923239214,-0.0157845939848386,9.751279956769372,9.646700043230629,0.002823888623101474,0.0022975436957926613,0.003189945986701191,1327946.0,0.03863074526734626,0.0,0.0,-1,0.0,0,52.0,-0.021590941023007543,0.0,-0.4423139177815589,0.017983129461808224,0.036472375472229715,0.0041407867494822614,-0.0030832476875644055,0.6085887547578702,0.0030927835051545735,0.0
2022-01-07,9.71,9.7,0.0,0.0010303967938966232,0.0030975760441341845,-0.8486976655609872,0.0010303967938966232,9.68398,9.69799,9.71466,4,7,1,9.693517907330648,9.70868091468289,45.454545454545524,-0.011412227179876666,-0.014910120623846213,9.748518237024829,9.647461762975173,0.001395328679991397,0.002312645464389467,0.0031899710625225134,1334167.0,0.47537775735569937,0.0,0.0,-1,0.0,0,49.0,-0.016291238772501285,0.0,-0.4216381311680331,0.014664193310030221,0.036712108616616064,0.0030991735537191367,-0.0020554984583761593,1.2604914079961302,0.0010298661174048982,0.0
2022-01-10,9.69,9.71,0.0,-0.001030396793896522,-0.0010314596066622707,0.6657705319366127,-0.002061856400558802,9.68498,9.69599,9.71366,0,10,1,9.692878287815983,9.707475694380769,43.478260869564984,-0.010909350789152228,-0.014109966656907417,9.744301354228206,9.647678645771794,0.001326953116337476,0.0023534444991875733,0.0032062485832481755,1322061.0,-0.2479748330674415,0.0,0.0,-1,0.0,0,51.0,-0.020244033208978288,-0.0010298661174048982,-0.3860993201446373,0.024281952853800196,0.03735977321545963,0.0010330578512396382,-0.00411099691675243,-0.5462970407830007,0.0010319917440660255,0.0
2022-01-11,9.71,9.69,0.0010303967938966232,0.0010303967938966232,0.0,0.14149153132932346,0.002061856400558777,9.687999999999999,9.694989999999999,9.713326666666665,1,11,1,9.695991326394894,9.707638552807817,43.47826086956541,-0.00879559463357893,-0.01304709225224172,9.741115773135665,9.648864226864333,0.0014620553773691842,0.0024074623974109613,0.003230478287836237,1336007.0,0.6508291993655866,0.0,0.0,-1,0.0,0,56.0,-0.01610943441660953,0.0020639834881322344,-0.37914299603484775,0.027392802043458103,0.03821728076573252,0.0030991735537191367,-0.0020554984583761593,-1.0855216599107447,0.0020597322348096135,0.0
2022-01-12,9.72,9.71,-0.001030396793896522,0.0010293361691140592,-0.0020661164374718927,-0.8825206482788108,0.0010293361691140592,9.693,9.69599,9.71366,2,12,1,9.70035653977764,9.708436065529893,50.0,-0.006241562379116772,-0.01168598627761673,9.743421808114885,9.648558191885115,0.0013976372739632449,0.0023130469513615564,0.003230379070868308,1341777.0,1.0124007898600635,0.0,0.0,-1,0.0,0,55.0,-0.017572611879211858,-0.0010298661174048982,-0.4240597774740571,0.024813382766749516,0.036718482024712756,0.0020618556701033075,0.0020618556701033075,-1.1149274716541715,0.0051440329218107725,0.0
2022-01-13,9.73,9.72,0.002059732963010784,0.0010282777255660649,0.004900074279038115,0.15849872758853267,0.0010282777255660649,9.7,9.69749,9.710993333333333,3,13,1,9.705746259818069,9.70982728710861,74.99999999999973,-0.003371690243806569,-0.010023127070854699,9.747293905997688,9.647686094002312,0.0012915088128172476,0.0023219989247357784,0.002596326638391002,1348538.0,1.305520093203498,0.0,0.0,-1,0.0,0,52.0,-0.012662271647592045,0.0,-0.41138973001560925,0.024809499831457037,0.03686059019646153,0.0030927835051548502,0.0030927835051548502,-1.7453149591432295,0.0012846865364852071,0.0
2022-01-14,9.74,9.73,0.0010282777255660649,0.0010272214565300948,0.0012855124536725344,0.03930035227433496,0.0010272214565300948,9.706,9.69949,9.70866,4,14,1,9.71197421257842,9.711773913746764,71.42857142857125,-0.00028707030595498395,-0.008075915717874756,9.75280700232419,9.646172997675812,0.0012101755096990642,0.0023297016563316383,0.0026067667305702353,1355570.0,1.5195903083103763,0.0,0.0,-1,0.0,0,55.0,-0.011150563612300756,0.0,-0.4037380342996467,0.024806183105173973,0.036982867269772686,0.003089598352214118,0.004123711340206171,-1.7441565314410046,0.0010266940451745161,0.0
2022-01-18,9.74,9.74,0.0010272214565300948,0.0,0.0010272214565300948,-4.293878247897177,0.0,9.712,9.69999,9.706326666666666,1,18,1,9.717069810291434,9.713594951569554,71.53075822603678,0.002132926173056049,-0.006034147339688595,9.754681552315986,9.645298447684013,0.0012101755096990642,0.002228617402124364,0.0026067667305702353,1355570.0,1.4631144411055568,0.0,0.0,-1,0.0,0,53.0,-0.01135497840968288,0.0,-0.45022345676202974,0.011584117779377193,0.035378204481191396,0.005159958720330371,0.0010277492291881352,0.013091451818030396,0.0,0.0
2022-01-19,9.7,9.74,-0.005146691751768917,-0.004115232145106655,-0.005146691751768917,7.64922128248896,-0.004115232145106655,9.714,9.69899,9.70566,2,19,1,9.713966208420263,9.712717857919905,58.82352941176433,0.0008137447685996335,-0.00466456891803095,9.752866345751864,9.645113654248137,0.0019276377583341633,0.0024065060007270175,0.002127723138300695,1154065.0,0.03749326298597919,0.0,0.0,-1,0.0,0,44.0,-0.012945491085092084,-0.0051334702258727626,1.6006647111159147,0.035347722256055994,0.03820209843904987,-0.001029866117404854,-0.002057613168724437,-2.030885969783044,0.0010309278350515245,0.0
2022-01-20,9.6895,9.7,-5.160091850762921e-05,-0.001083060525169914,-5.160091850762921e-05,-6.247422734833105,-0.001083060525169914,9.712950000000001,9.696465,9.704643333333333,3,20,1,9.709517806889306,9.711219931602493,58.65102639296191,-0.0010666821980667152,-0.003944991574038103,9.74687044143553,9.64605955856447,0.0018458375435262905,0.0023603043642270497,0.0021357205837031863,1153675.0,-0.2763590517864125,0.0,0.0,-1,0.0,0,39.0,-0.012713886203923011,-0.0010824742268039818,-0.5953435351416322,0.03385154351339916,0.037468670196991155,-0.0031378600823045444,-0.005184804928131337,-1.4153298198433966,0.0,0.0
2022-01-21,9.705,9.6895,-0.0009809236956815454,0.004171071213746711,-0.0009809236956815454,3.0060633392299576,0.0015983916368064904,9.71345,9.695715,9.703809999999999,4,21,1,9.708696387454886,9.710818645692656,57.53012048192772,-0.0012913280300921315,-0.0034142588652489084,9.745081652925302,9.646348347074698,0.0019237888653021883,0.002355333676228412,0.0021486522344103328,1161556.0,0.37616485825156226,0.0,0.0,-1,0.0,0,26.0,-0.017368991603309538,-0.0009804427473038807,-0.3731593594977404,0.03579690679664836,0.03738976297125542,-0.002569373072970227,-0.0015432098765432167,-1.2142319881829315,0.005151983513652829,0.0
2022-01-24,9.705,9.705,0.0025793153324879634,-0.002572679576940147,0.0025793153324879634,-4.723714836304291,0.0,9.712950000000001,9.698464999999999,9.702976666666668,0,24,1,9.708024317008542,9.710443249196357,57.53012048192772,-0.0014526166103969729,-0.003021930414278521,9.743000415830021,9.653929584169976,0.0018929481381112759,0.0016546836421816155,0.0021486522344103328,1161556.0,0.29347430031609717,0.0,0.0,-1,0.0,0,23.0,-0.018727191064851944,0.0,-0.48946715458017487,0.03369295250049679,0.026267288494194848,-0.0035934291581108946,0.0056994818652849055,-1.1234156519694078,0.0,0.0
2022-01-25,9.67,9.705,-0.004647568396546962,-0.0036129071557706558,-0.005683301270079011,5.921003762028155,-0.0036129071557706558,9.71095,9.697965,9.700976666666666,1,25,1,9.70111080482517,9.707834007312721,47.51243781094536,-0.004354451063791842,-0.003288434544181185,9.743584629892997,9.652345370107003,0.0021244416915038983,0.001731180051478656,0.002242647772867465,1135461.0,-1.2260073159555687,0.0,0.0,-1,0.0,0,20.0,0.0013866183007315105,-0.004636785162287473,0.06372975253186913,0.03826871709441692,0.02748163134533112,-0.007186858316221789,-0.0010330578512396382,0.057343756531221084,0.0020682523267838235,0.0
2022-01-26,9.66,9.67,-0.0010357328735320908,-0.0005171968049088496,0.0,0.03797448761692499,-0.0010346612407763304,9.70595,9.696975,9.698643333333333,2,26,1,9.693636113038774,9.704747942324804,39.52879581151869,-0.007376065509459906,-0.00410596073723693,9.745047833996093,9.648902166003907,0.0019776910531902137,0.0017450452836768942,0.0022473509868822412,1108356.0,-1.5382908360678196,0.0,0.0,-1,0.0,0,19.0,0.002367987433338434,-0.0020682523267838235,0.05929637259241479,0.03012582226389474,0.02770173508293134,-0.00412371134020606,-0.0020454968077853186,-0.4110002626004769,0.0015527950310557756,0.0
2022-01-27,9.65,9.66,0.0010357328735321183,0.003614772849042951,0.0,-0.8805953034703042,-0.0010357328735320908,9.69895,9.695975,9.696976666666666,3,27,1,9.68570227430445,9.701215817013528,37.56218905472678,-0.010457090325758145,-0.005376186654941173,9.747142912436923,9.644807087563079,0.0019050084553678618,0.0017456788242837002,0.0021882767569624214,1097120.0,-1.797024651207966,0.0,0.0,-1,0.0,0,18.0,0.0021995928904471143,0.0,-0.28061646577720956,0.030102193451355598,0.027711792228277757,-0.004076577738789444,-0.0020682523267838704,-0.43642423779812367,0.0051813471502589565,0.0
2022-01-28,9.66,9.65,-0.0010357328735320908,-0.004132237284910383,0.0,-1.6086372362648187,0.0010357328735321183,9.69195,9.695975,9.695643333333333,4,28,1,9.681029133521822,9.698556732044914,37.562189054726225,-0.011954108739372415,-0.006691771071827422,9.747142912436923,9.644807087563079,0.001905771358751787,0.0017488829310609787,0.0021992032257052464,1099369.0,-1.4061546890093983,0.0,0.0,-1,0.0,0,23.0,-8.866762790957176e-05,0.0,-0.4822691210060411,0.027399116568647703,0.02776265584651841,-0.004636785162287493,0.0,-0.8786382645631083,0.0010351966873705784,0.0
2022-01-31,9.69,9.66,0.0031039859375910123,0.0031007776782481854,0.0031039859375910123,-1.4976507818595763,0.0031007776782481854,9.68695,9.696475,9.695310000000001,0,31,1,9.682660200154217,9.69800468481621,50.0,-0.01059759486127021,-0.00747293582971598,9.747178965380016,9.645771034619983,0.0022069833382392916,0.0018269158190674102,0.002277494697389389,1099872.0,-0.25540408729262415,0.0,0.0,-1,0.0,0,29.0,0.009592198486627157,0.0020703933747411567,-0.5211938632509647,0.03999863375338328,0.029001389541013445,-0.0015455950540959051,0.0010330578512396382,0.14223886653865872,0.0010319917440660255,0.0
2022-02-01,9.71,9.69,0.003094381014748023,0.0030911925696728796,0.003094381014748023,1.3168398664867695,0.002061856400558777,9.68395,9.697975000000001,9.694643333333334,1,1,2,9.68763107285345,9.698778576118391,50.0,-0.007818587180576486,-0.007542066099888082,9.748401053207647,9.647548946792355,0.002351971753444954,0.0018812393273188286,0.0022361939782402137,1101749.0,0.4769359977661768,0.0,0.0,-1,0.0,0,30.0,0.0052688928298882795,0.0020639834881322344,-0.440227475224581,0.029375841308156535,0.029863748500080355,0.004136504653567741,0.0030991735537191367,0.05362582188431071,0.0010298661174047154,0.0
2022-02-02,9.72,9.71,0.0010293361691140592,0.0,0.0010293361691140592,-2.846082154357365,0.0010293361691140592,9.685950000000002,9.699975,9.694643333333334,2,2,2,9.693516332334639,9.700147700239786,50.0,-0.0047544804543306896,-0.006984548970776604,9.750571936666121,9.649378063333879,0.0019574786331386825,0.0018908030880949755,0.002237238519687479,1101858.0,0.7915498968698932,0.0,0.0,-1,0.0,0,28.800000000000004,0.002068645234636309,0.0010298661174047154,-0.41591915100527177,0.024363048140355125,0.03001556849575355,0.006211180124223725,0.004132231404958775,-0.5470143919561705,0.0,0.0
2022-02-03,9.7,9.72,-0.006191970247921107,0.0,-0.006191970247921107,1.0612247565964894,-0.002059732963010727,9.687000000000001,9.699974999999998,9.69331,3,3,2,9.694695181001068,9.700138171192057,43.212669683257666,-0.0038950865183338124,-0.006366656480288046,9.75057193666612,9.649378063333877,0.0020509495284463533,0.001902311233689394,0.0022330379373020396,1101543.0,0.0009882021184721022,0.0,0.0,-1,0.0,0,26.057142857142857,0.005856664461798862,-0.00617283950617289,-0.384890268757732,0.030648935489950777,0.03019825464351968,0.005181347150258864,0.0,-1.1370301170393966,0.00618556701030933,0.0
2022-02-04,9.7,9.7,-0.0010357328735320908,0.0,-0.0010357328735320908,2.060210179751948,0.0,9.686499999999999,9.699975,9.692643333333333,4,4,2,9.695659693546327,9.7001292569216,40.521327014217796,-0.003177383730662342,-0.005728801930362906,9.750571936666121,9.649378063333879,0.0019831314377497067,0.001902311233689394,0.002203474806276064,1101543.0,0.0009882021184018863,0.0,0.0,-1,0.0,0,27.6,0.007092734944866315,-0.005154639175257623,-0.3214172304075758,0.03151816305916206,0.03019825464351968,0.0041407867494822614,0.0,-0.5803579846084924,0.007216494845360855,0.0
2022-02-07,9.71,9.7,0.0020703941143082735,-0.001029336169114132,0.0020703941143082735,0.5062033068144779,0.0010303967938966232,9.687000000000001,9.699974999999998,9.694643333333335,0,7,2,9.69826702199245,9.700766079055692,43.21266968325812,-0.001781150677862442,-0.004939271679862813,9.75057193666612,9.649378063333877,0.0020125833256746423,0.001902311233689394,0.0017502253585738796,1105644.0,0.39626904949425285,0.0,0.0,-1,0.0,0,27.914285714285715,0.005405237539482237,-0.0030927835051545735,-0.28200227158812763,0.024800079898527897,0.03019825464351968,0.002063983488132193,0.0,-1.1138349449423655,0.004119464469619044,0.0
2022-02-08,9.7,9.71,-0.0010346612407763304,-0.001030396793896522,-0.0010346612407763304,-2.31509905828552,-0.001030396793896522,9.690000000000001,9.700475,9.695310000000001,1,8,2,9.698582108902913,9.700716654600486,50.0,-0.001464658677205577,-0.004244349079331367,9.75085406311153,9.650095936888471,0.0016183100326224737,0.0018569715787916396,0.00167520452220078,1105239.0,-0.018857039836171204,0.0,0.0,-1,0.0,0,28.0,0.0069982762513690145,-0.00514933058702376,-0.35119241284682085,0.02130826155241286,0.02947850993518598,-0.001029866117404854,0.0010319917440659854,-0.5397477290089179,0.004123711340206098,0.0
2022-02-09,9.76,9.7,0.0010346612407762387,0.006166514915663958,0.0010346612407762387,4.3951500216430635,0.006166514915663958,9.7,9.702975,9.697983333333333,2,9,2,9.709748998193293,9.704541386561745,64.65696465696422,0.0035863211942732676,-0.00267821502461044,9.759883490717867,9.646066509282134,0.002381861107312524,0.002273783261524405,0.0020127957319148004,1138067.0,2.004094618594276,0.0,0.0,-1,0.0,0,32.0,-0.0025600417070420186,-0.0030927835051545735,0.35664260324040237,0.05095240626312249,0.0360951902715295,0.00411522633744843,0.005149330587023604,1.5505541288897098,0.009221311475409822,0.0
2022-02-10,9.69,9.76,0.001033591823282692,-0.006166514915664015,0.001033591823282692,-0.6915035947387252,-0.007197974522326277,9.703999999999999,9.701474999999999,9.698649999999999,3,10,2,9.706158271249057,9.70360323259002,47.45762711864402,0.0019187262651580994,-0.0017588267666567318,9.75807467918819,9.644875320811806,0.0035014175669074643,0.002805073933220541,0.0024215390141465796,1121626.0,-0.40547933008047576,0.0,0.0,-1,0.0,0,33.0,0.005468064741162177,-0.008196721311475417,-0.023218076943752077,0.07597817821439118,0.04452916821870813,-0.0010309278350515427,-0.0030864197530865445,-0.29658104348863384,0.002063983488132051,0.0
2022-02-11,9.71,9.69,0.0,0.0010303967938966232,0.0,-2.574237539114809,0.002061856400558777,9.709,9.700475,9.700316666666668,4,11,2,9.706856767385592,9.704015927261633,50.7936507936509,0.002185781790606356,-0.0009699050552041142,9.755641232043619,9.645308767956383,0.0035364470750529472,0.002837350367553698,0.002438753391031585,1122879.0,0.3453199410997996,0.0,0.0,-1,0.0,0,28.0,-0.0034372264536268425,-0.0010319917440660255,-0.35784662522264554,0.07770873373090284,0.04504154072942877,0.0010309278350517648,-0.0020554984583761593,-0.6590550741995546,0.003089598352214329,0.0
2022-02-14,9.7,9.71,0.0,-0.001030396793896522,0.0,1.0212042202558738,-0.001030396793896522,9.709999999999999,9.698474999999998,9.700983333333335,0,14,2,9.705610082406393,9.703756835180236,55.1724137931032,0.001572383335723515,-0.00046144737701858836,9.750413703751281,9.646536296248716,0.003441277648300788,0.002831641194198317,0.0024212899048680465,1119400.0,0.05872306737971712,0.0,0.0,-1,0.0,0,25.0,-0.0024397821776588713,-0.003089598352214329,-0.30356434896771894,0.07772391239950499,0.0449509104120882,-0.001029866117404854,-0.004106776180698213,-0.2453084031561353,0.002061855670103049,0.0
2022-02-15,9.71,9.7,0.0,0.002059732963010784,0.0,0.07527757492994537,0.0010303967938966232,9.709999999999999,9.696975,9.701983333333335,1,15,2,9.706408249241594,9.704159620007319,58.62068965517225,0.0018716024000084985,5.162578386829007e-06,9.74548378921983,9.648466210780171,0.003391193382369386,0.00284486300991216,0.002427545784295292,1123151.0,0.5370160834555125,0.0,0.0,-1,0.0,0,29.0,-0.0038953378893853315,-0.002061855670103049,-0.30200736345056767,0.07770873373090284,0.04516080022964553,0.0010309278350517648,-0.0030800821355235763,-0.6590550741995546,0.004119464469619044,0.0
2022-02-16,9.72,9.71,0.0,0.0,0.0,-1.527817384079347,0.0010293361691140592,9.709999999999999,9.697975,9.703316666666668,2,16,2,9.708879476652212,9.705181580006847,62.06896551724102,0.002882425286271584,0.00058061511996378,9.747559032871322,9.648390967128677,0.003391193382369386,0.0026969022011469816,0.0024332701964252337,1123965.0,0.8883908276343128,0.0,0.0,-1,0.0,0,32.0,-0.025523593188366576,-0.003089598352214329,-0.6217516833427251,0.05916253029433557,0.04281199520698564,-0.004098360655737654,0.0020618556701033075,-1.774157503805768,0.0041152263374486546,0.0
2022-02-17,9.71,9.72,0.001032524614189184,-0.001029336169114132,0.001032524614189184,-1.0565134683593027,-0.001029336169114132,9.711000000000002,9.699000000000002,9.703650000000001,3,17,2,9.709083208169991,9.705492445812858,58.62068965517225,0.002843811589912093,0.0010332544139534426,9.748693799253084,9.649306200746919,0.0033368298692710153,0.0026956834004303134,0.002414341223073014,1123682.0,0.4427111698172973,0.0,0.0,-1,0.0,0,32.0,-0.02465328853210752,-0.0030864197530865367,-0.6729342096834922,0.021951600026067084,0.042792647345421334,0.002063983488132193,0.0021156922441818438,-0.16314107142074788,0.0020597322348096135,0.0
2022-02-18,9.71,9.71,0.0010314596066622124,0.0,0.0010314596066622124,7.871718269567601,0.0,9.712,9.699250000000001,9.703983333333333,4,18,2,9.70924989759363,9.705783255760418,53.846153846153946,0.002781150584615588,0.0013828336480858718,9.749120885927095,9.649379114072907,0.0033368298692710153,0.002672764520296667,0.002414341223073014,1123682.0,0.43111325576671355,0.0,0.0,-1,0.0,0,29.0,-0.02472412284530359,-0.0010298661174048982,4.240332096591542,0.016348629052914735,0.042428821402450974,0.0,0.0005151983513653757,0.0005149359260010187,0.0010298661174048982,0.0
2022-02-22,9.72,9.71,-0.0010314596066622707,0.0010293361691140592,-0.0010314596066622707,-7.312607404642148,0.0010293361691140592,9.713,9.700000000000001,9.704316666666667,1,22,2,9.711204461667513,9.706700465066197,51.99999999999989,0.0034980839783624873,0.0018058837141411948,9.750679592072421,9.649320407927581,0.003336797259399306,0.002682077813910459,0.002414326161465092,1124177.0,0.7892723355554889,0.0,0.0,-1,0.0,0,28.0,-0.020880094834193834,-0.0020597322348096135,-0.26358450702747,0.014618895552697835,0.04257666535518509,0.0020618556701033075,0.0015455950540959051,-1.2568878726206565,0.0030864197530865367,0.0
2022-02-23,9.71,9.72,0.0010314596066622124,0.0,0.0010314596066622124,-0.20810567394966922,-0.001029336169114132,9.714000000000002,9.702,9.704983333333333,2,23,2,9.710985468637055,9.706913338287734,48.000000000000114,0.0032221989281282504,0.002089146756938606,9.750817598207334,9.653182401792666,0.003336757132426833,0.0025544776927038395,0.002390672341720215,1123775.0,0.32775065934313646,0.0,0.0,-1,0.0,0,18.814285714285717,-0.017912049590310893,-0.002057613168724419,-0.2559640039397138,0.01634020843208138,0.040551076227338605,0.0,0.004136504653567741,0.0005146679709158183,0.0020597322348096135,0.0
2022-02-24,9.71,9.71,-0.0010314596066622707,-0.001029336169114132,-0.0010314596066622707,2.5522397698565875,0.0,9.709,9.7045,9.704983333333335,3,24,2,9.710806292521227,9.707112477753043,52.17391304347852,0.0029693294565404926,0.002265183296858983,9.749209589222193,9.659790410777806,0.0025702355100285794,0.0025383950354116256,0.002360867872795863,1123775.0,0.24603223137068017,0.0,0.0,-1,0.0,0,21.0,-0.017851787613897708,-0.0020597322348096135,-0.22021176786361546,0.013670194436018464,0.04029577195764094,-0.0010288065843621075,0.005175983436852993,0.5134964630646629,0.0020597322348096135,0.0
2022-02-25,9.7,9.71,0.0010314596066622124,-0.001030396793896522,0.0010314596066622124,1.3808045132415705,-0.001030396793896522,9.71,9.706999999999999,9.704316666666667,4,25,2,9.70884151206282,9.706653608220588,50.0,0.0019396530391233568,0.002200077245311858,9.743763826614826,9.670236173385172,0.001134049976823913,0.0025382520237866853,0.0023599160333366634,1103248.0,-0.3808091074598032,0.0,0.0,-1,0.0,0,28.142857142857142,-0.016232683965558672,-0.0010298661174048982,-0.12999388407826115,0.013674215819878512,0.04029350171847584,-0.001029866117404854,0.005181347150258864,0.512867379116788,0.0,0.0
2022-02-28,9.7,9.7,0.0,0.0,0.0,-4.835746170910417,0.0,9.709,9.709,9.703316666666668,0,28,2,9.707233964415034,9.706224343174098,47.82608695652147,0.0011108221931230844,0.0019822262348741034,9.738664793948333,9.679335206051666,0.0009016519887168275,0.0025321735413424136,0.0023509166166166408,1103248.0,-0.6067798762179692,0.0,0.0,-1,0.0,0,25.47142857142857,-0.010141186779501541,0.0,-0.252741542305652,0.013674215819878512,0.04019700880109855,-0.001029866117404854,0.0041407867494822614,0.512867379116788,0.0,0.0
2022-03-01,9.7,9.7,0.0,0.0,0.0,0.9101368662997767,0.0,9.709,9.7095,9.701983333333335,1,1,3,9.705918698157754,9.705822772646737,50.0,0.0004487943543125539,0.0016755398587617934,9.738135642126503,9.680864357873498,0.000840738420459719,0.002438739936328087,0.002341381169980141,1103248.0,-0.663508780982336,0.0,0.0,-1,0.0,0,22.97142857142857,-0.009985454313217913,0.0,-0.25124341584585136,0.008949902491085236,0.03871379630331368,-0.002057613168724437,0.0010319917440659854,-0.6085826344835076,0.0,0.0
2022-03-02,9.7,9.7,0.0,0.0,0.0,-2.636591237120065,0.0,9.708,9.709,9.70065,2,2,3,9.704842571219979,9.705447109895335,31.250000000000483,-7.500289095752066e-05,0.0013254313088179308,9.737946411467384,9.680053588532616,0.0007596148318748471,0.0023924567408093113,0.002341381169980141,1103248.0,-0.6218387388116243,0.0,0.0,-1,0.0,0,17.82857142857143,-0.009782099184068999,0.0,-0.2529250378133298,0.0073113241397738645,0.03797907335196932,-0.001029866117404854,-0.001029866117404854,-2.23606797749979,0.0,0.0
2022-03-03,9.72,9.7,0.001545197320066266,0.0041152321451065794,0.001545197320066266,7.56878884482046,0.002059732963010784,9.708,9.709,9.701316666666667,3,3,3,9.7075984673618,9.70638600603112,63.63636363636334,0.0011109109811631157,0.0012825272432869677,9.737946411467384,9.680053588532616,0.0009712181022970415,0.0024278128287259625,0.0022495721576224147,1159415.0,0.7600251252142485,0.0,0.0,-1,0.0,0,21.0,-0.01916744874944676,0.0015463917525773783,0.07033802942988128,0.017922861652498984,0.038540333847726885,0.001029866117404632,0.0,1.2947027136427056,0.0025720164609053862,0.0
2022-03-04,9.725,9.72,0.001542813368510427,-0.0010272214565300254,0.0010288066751064535,-2.3973257054761365,0.0005142710321620995,9.7095,9.71025,9.702499999999999,4,4,3,9.710762382386926,9.707586908867823,57.89473684210428,0.002426246225915918,0.0015112710398127577,9.739714519251706,9.680785480748295,0.0009101947345201037,0.0023805891545198416,0.002240208048735136,1164524.0,1.0012041855490974,0.0,0.0,-1,0.0,0,18.0,-0.020561636321592094,0.0010288065843621179,-0.24106762889937328,0.014172916520646296,0.037790681260062096,0.002577319587628857,0.002577319587628857,1.9256880451881035,0.0005141388174808002,0.0
2022-03-07,9.73,9.725,-0.0010282777255659324,0.0010272214565300948,-0.0015436072012763064,4.293254780859088,0.0005140066934037316,9.711500000000001,9.711749999999999,9.703333333333335,0,7,3,9.714260131043849,9.709032914747318,66.66666666666666,0.0038279904065525727,0.0019746149131607206,9.742059803868116,9.68144019613188,0.0009149908242934611,0.0023818711466293586,0.0022242665616358345,1538525.0,1.2042308211171349,0.0,0.0,-1,0.0,0,16.9,-0.017754929464361916,-0.0005141388174806175,1.726221498187938,0.013446763737627989,0.03781103225388927,0.0030927835051548502,0.0030927835051548502,1.7378977104485671,0.0030832476875641683,0.0
2022-03-08,9.74,9.73,0.0020554991820959595,0.0,0.003084835351210095,-4.89249848952748,0.0010272214565300948,9.7135,9.71325,9.7045,1,8,3,9.718940107217694,9.711030791215235,66.666666666666,0.00568032000213492,0.0027157559309555603,9.74606126250796,9.680438737492041,0.0009147793005656213,0.002381809877682275,0.0022307672436539185,1541331.0,1.630537684644789,0.0,0.0,-1,0.0,0,16.67142857142857,-0.02051182391202141,0.0010277492291880562,-0.3363127467750516,0.012410169504221321,0.03781005963950683,0.004123711340206171,0.003089598352214118,1.124132280468396,0.0,0.0
2022-03-09,9.74,9.74,0.003075348400247492,0.003075348400247492,-0.0005134788302807728,2.747120127077599,0.0,9.7165,9.715250000000001,9.706833333333334,2,9,3,9.722769178632658,9.712899772427155,62.49999999999944,0.007066842391811434,0.003585973223126735,9.749505233945046,9.680994766054956,0.0008126324224634205,0.0023658804484927745,0.0021171781598201857,1541331.0,1.445034650162113,0.0,0.0,-1,0.0,0,18.028571428571432,-0.020263814458480387,0.003080082135523548,-0.12110804861206659,0.012410169504221321,0.03755718779053104,0.004123711340206171,0.004123711340206171,1.124132280468396,0.0035934291581108976,0.0
2022-03-10,9.74,9.74,-0.0010240656296902568,-0.0010240656296902568,0.0005134788302808095,-4.122779861207878,0.0,9.7195,9.71425,9.7095,3,10,3,9.725902055244902,9.714648174206049,71.42857142857034,0.008072615290940277,0.004483301636689444,9.743857075967856,9.684642924032143,0.0008126324224634205,0.0019022812306366084,0.002104051804914307,1541331.0,1.7394490444079755,0.0,0.0,-1,0.0,0,17.0,-0.020047074292307027,0.0020533880903490323,-0.3512583008116634,0.006825812880967608,0.03019777835982222,0.002057613168724215,-0.002049180327868827,0.5103595634836661,0.0020533880903490323,0.0
2022-03-11,9.76,9.74,-0.003078504227087386,0.0,-0.0010272214565300254,4.675080361117977,0.002051282770557361,9.7255,9.71775,9.713166666666668,4,11,3,9.73210168156401,9.71757409845082,77.77777777777668,0.010364059980672025,0.0056594533054859595,9.751541154245775,9.683958845754226,0.0008329388969503674,0.0010035916671785956,0.002113169842583149,1617365.0,2.5006544430356006,0.0,0.0,-1,0.0,0,19.057142857142857,-0.025243853630010735,-0.0010266940451745161,0.05104261659295086,0.013636857714139264,0.015931523815267606,0.0035989717223650075,0.007223942208462342,1.0864451017597523,0.003073770491803213,0.0
2022-03-14,9.75,9.76,0.0010272214565300948,-0.001025115415245297,0.0,0.363939964518386,-0.001025115415245297,9.7305,9.719750000000001,9.716166666666668,0,14,3,9.735355921279645,9.719666092099155,66.666666666666,0.011243521660881939,0.0067762669765651555,9.756237200351258,9.683262799648745,0.000969166319285021,0.0009645294053983465,0.0021245683156115606,1507953.0,1.6581157068115637,0.0,0.0,-1,0.0,0,17.5,-0.02223517002914284,-0.0020491803278688088,0.20735448241571258,0.01857483432328587,0.015311429633358152,0.0020554984583760483,0.004119464469618972,0.4063218700898949,0.0020512820512820075,0.0
2022-03-15,9.75,9.75,0.0010261673553119532,0.0,0.0020533888118420066,-9.405651274832271,0.0,9.735499999999998,9.72225,9.718166666666667,1,15,3,9.738018481046982,9.721623118415339,74.99999999999889,0.01180442728884401,0.007781899039020927,9.759873480910052,9.68462651908995,0.000969166319285021,0.0009216128738891583,0.0020583522942769663,1507953.0,1.4751426145998097,0.0,0.0,-1,0.0,0,21.857142857142858,-0.008758511961522953,0.0,-0.4024147847188486,0.017844709720059533,0.014630150816317475,0.0010266940451744144,0.005154639175257714,1.296156434629083,0.0,0.0
2022-03-16,9.75,9.75,-0.001026167355312006,0.0,-0.001026167355312006,6.448537714874726,0.0,9.7405,9.724250000000001,9.719500000000002,2,16,3,9.740196939038439,9.723453884969189,74.99999999999889,0.012109359877259251,0.008647391206668593,9.763355121484478,9.685144878515525,0.000969166319285021,0.00090475421151101,0.0020284486009362504,1507953.0,1.3169630484447006,0.0,0.0,-1,0.0,0,25.0,-0.008740155191055827,-0.0010256410256410037,-0.3713469751704218,0.017844709720059533,0.014362527847778788,0.0010266940451744144,0.004119464469618972,1.296156434629083,0.0010256410256410037,0.0
2022-03-17,9.74,9.75,0.0,-0.001026167355312006,0.0,-0.07559721602860191,-0.001026167355312006,9.742500000000001,9.725249999999999,9.720166666666668,3,17,3,9.74016113194054,9.7245213762615,75.00000000000055,0.011412547974996912,0.009200422560334258,9.764916371810788,9.68558362818921,0.0009116049589518765,0.000922804289054873,0.0020320327305625636,1502681.0,0.7437030071900574,0.0,0.0,-1,0.0,0,33.62857142857143,-0.008590536016121366,-0.0010256410256410037,-0.375092782355253,0.01995098709225147,0.014649063945737745,0.0,0.002057613168724215,1.362501248667587,0.0,0.0
2022-03-18,9.74,9.74,0.0,0.0,0.0,-4.959247163538119,0.0,9.744,9.72675,9.721499999999999,4,18,3,9.740131835224078,9.725519997147856,75.00000000000055,0.01073655519715544,0.009507649087698494,9.766256828190638,9.68724317180936,0.0009067658021703882,0.0008842513444297957,0.001992057207768659,1502681.0,0.6707701228791934,0.0,0.0,-1,0.0,0,38.0,-0.008645308611521291,0.0,-0.4042535406088814,0.00891320372683978,0.014037054923014554,-0.002049180327868827,0.003089598352214118,-0.6085826179922685,0.0,0.0
2022-03-21,9.75,9.74,0.0010261673553119532,0.0010261673553119532,0.0010261673553119532,2.102814892865145,0.0010261673553119532,9.746,9.72875,9.723166666666668,0,21,3,9.741926047001519,9.727099352170576,77.77777777777821,0.010882298118250588,0.009782578893808914,9.76873354924875,9.688766450751249,0.000943110954914472,0.0009043753043953062,0.001998394152914217,1502984.0,1.0629371528674094,0.0,0.0,-1,0.0,0,40.0,-0.010505096698349922,0.0010266940451745161,-0.41051075595204134,0.011518702926483463,0.014356512883789918,0.0,0.004119464469618972,0.0021768290180394986,0.0,0.0
2022-03-22,9.75,9.75,0.0,0.0,0.0,-1.5548497221496973,0.0,9.747,9.73025,9.7245,1,22,3,9.743394038455788,9.728576813320862,77.77777777777821,0.010872469374172411,0.010000556989881613,9.771093088702228,9.689406911297771,0.0008985277175224804,0.0008840863634997284,0.0019919919971445547,1502984.0,0.9671158880264874,0.0,0.0,-1,0.0,0,44.0,-0.01066741352793959,0.0,-0.41301452823538176,0.011518702926483463,0.014034435931942396,0.0,0.0030864197530864335,0.0021768290180394986,0.0,0.0
2022-03-23,9.75,9.75,0.0,0.0,0.0,-1.2685113254635072,0.0,9.748000000000001,9.73225,9.726166666666666,2,23,3,9.744595122372917,9.729958954396935,71.42857142857143,0.010740866006315741,0.010148618793168439,9.77283454463413,9.691665455365872,0.0008985277175224804,0.0008404688012244957,0.001979992407776519,1502984.0,0.8747172185873375,0.0,0.0,-1,0.0,0,45.0,0.013953118393229923,0.0,-0.4132883810006846,0.011518702926483463,0.013342028596491567,0.0,0.004119464469618972,0.0021768290180394986,0.0,0.0
2022-03-24,9.75,9.75,0.0,0.0,0.0,2.5077909436215884,0.0,9.748999999999999,9.73425,9.725833333333332,3,24,3,9.745577827396023,9.731251925081004,69.23076923076965,0.010515354923164466,0.010221966019167644,9.774154491239141,9.694345508760858,0.0008985277175224804,0.0008404688012244957,0.0016220242911274313,1502984.0,0.7893848291718764,0.0,0.0,-1,0.0,0,46.0,0.014160484968099261,0.0,-0.4075431680842772,0.007288804660902221,0.013342028596491567,0.0010266940451744144,0.004119464469618972,2.2360679774997956,0.0,0.0
2022-03-25,9.75,9.75,0.0,0.0,-0.0005129520502318065,4.183189350497215,0.0,9.748000000000001,9.73675,9.727833333333335,4,25,3,9.746381858778564,9.732461478301586,66.66666666666666,0.010218839346071817,0.01022134068454848,9.773781281229205,9.699718718770796,0.0005822430144906349,0.0007908556470647952,0.0009024039646314035,1502984.0,0.7156112108565016,0.0,0.0,-1,0.0,0,49.0,-0.01032967282946088,0.0,-0.23678071957596797,0.007288804660902221,0.012554444190507103,0.0010266940451744144,0.005154639175257714,2.2360679774997956,0.0005128205128205929,0.0
2022-03-28,9.76,9.75,0.0010251154152453505,0.0010251154152453505,0.0015380674654770434,-0.7126572754339954,0.0010251154152453505,9.749,9.739749999999999,9.729500000000002,0,28,3,9.74885788445519,9.734238157120839,66.66666666666666,0.010667793360074285,0.010310631219653641,9.773851242453105,9.705648757546893,0.0005823868152422741,0.0008063871077364996,0.0008468967983417246,1510090.0,1.1876400121108348,0.0,0.0,-1,0.0,0,51.0,0.0034511189446116155,0.0010256410256410037,-0.32774670418477836,0.007281328963815281,0.012800998485116564,0.0010256410256410664,0.006185567010309256,2.236067977499795,0.0,0.0
2022-03-29,9.76,9.76,0.0,0.0,0.0,-3.2702728175825975,0.0,9.75,9.742750000000001,9.7315,1,29,3,9.750883723645154,9.73590021150014,66.66666666666666,0.010897967663238362,0.010428098508370587,9.772392608025113,9.713107391974889,0.0005823868152422741,0.0008063871077364996,0.0008168576217582901,1510090.0,1.1638652027773932,0.0,0.0,-1,0.0,0,52.0,-0.005268163613131737,0.0,-0.4077384734452669,0.007281328963815281,0.012800998485116564,0.0010256410256410664,0.006185567010309256,2.236067977499795,0.0,0.0
2022-03-30,9.76,9.76,0.0,0.0,0.0,5.8465458127886265,0.0,9.751000000000001,9.74575,9.733166666666667,2,30,3,9.752541228436945,9.737455036564647,66.66666666666666,0.010954110292061614,0.010533300865108793,9.768524639635592,9.722975360364407,0.0005823868152422741,0.0008063871077364996,0.0008025115591217982,1510090.0,1.251391919082683,0.0,0.0,-1,0.0,0,52.0,-0.005359851069334392,0.0,0.6249812467699102,0.007281328963815281,0.012800998485116564,0.0010256410256410664,0.006185567010309256,2.236067977499795,0.0,0.0
2022-03-31,9.76,9.76,0.0,0.0,0.0,-7.91860724717084,0.0,9.753,9.74775,9.734499999999999,3,31,3,9.753897368721136,9.73890955033467,50.0,0.010873263516442577,0.01060129339537555,9.767874611797629,9.727625388202371,0.0004326702942303351,0.0006944913773901188,0.0007863939135081446,1510090.0,1.217414787741964,0.0,0.0,-1,0.0,0,59.0,0.009749862548387103,0.0,-0.4278886401172956,0.007281328963815281,0.011024708833517761,0.0010256410256410664,0.00411522633744843,2.236067977499795,0.0,0.0
2022-04-01,9.76,9.76,0.0,0.0,0.0,2.5091209079085948,0.0,9.754999999999999,9.749500000000001,9.736166666666666,4,1,4,9.755006938044565,9.740270224506627,66.66666666666666,0.010686010190628537,0.010618236754426146,9.76724082416662,9.731759175833382,0.0004326702942303351,0.0006919734325186352,0.0007556229563061633,1510090.0,1.1837105087547137,0.0,0.0,-1,0.0,0,59.8,0.0024614374616021575,0.0,-0.4202422033989775,0.007281328963815281,0.010984737697848265,0.0010256410256410664,0.0035989717223650075,2.236067977499795,0.0,0.0
2022-04-04,9.76,9.76,0.0,0.0,0.0,-4.243721963296701,0.0,9.756,9.751000000000001,9.737833333333333,0,4,4,9.755914767491007,9.741543113248134,66.66666666666666,0.0104175238505686,0.010578094173654639,9.76676137851324,9.735238621486763,0.000324336170273614,0.0006884428274224872,0.0007556229563061633,1510090.0,1.1420320871602885,0.0,0.0,-1,0.0,0,61.65714285714286,0.0024810822837584776,0.0,-0.5260442539598561,0.0,0.010928691079476357,0.0,0.0030832476875641834,0.0,0.0,0.0
2022-04-05,9.77,9.76,0.002047083621724823,0.002047083621724823,0.0,6.327341368409431,0.0010240656296901303,9.758,9.752500000000001,9.7395,1,5,4,9.758475718856278,9.743379041425674,75.0,0.010886173882138195,0.01063971011535135,9.769513926184656,9.735486073815347,0.00043222675690194484,0.0006882321765877684,0.0007554168741848886,1513448.0,2.0571383477356706,0.0,0.0,-1,0.0,0,47.91428571428571,0.0034557956758508733,0.0020491803278688088,-0.42904177372478164,0.007273868585777418,0.01092534710114355,0.0010245901639343025,0.0030800821355234653,2.2360679774997956,0.002047082906857684,0.0
2022-04-06,9.76,9.77,-0.0020470836217247996,-0.0005113781752963476,0.0,4.211553899716235,-0.0010240656296902568,9.759,9.753499999999999,9.741166666666667,2,6,4,9.75875286088241,9.744451361333695,75.0,0.010331570073457641,0.010578082106972609,9.769754554017945,9.737245445982053,0.0005815642166667542,0.000736639648926276,0.0007551289939114943,1286913.0,0.799775865006701,0.0,0.0,-1,0.0,0,46.4,0.0027557219402621867,-0.001023541453428842,3.4521653854702565,0.01149511109691623,0.011693791901573127,0.0,0.002053388090349051,0.0021723705886687425,0.0015368852459016976,0.0
2022-04-07,9.76,9.76,0.0,-0.001535705446428354,0.0,1.4853526971469586,0.0,9.76,9.7545,9.742833333333332,3,7,4,9.758979613449245,9.745454499312165,75.0,0.009779312729635947,0.010418328231505278,9.76968309309055,9.739316906909451,0.0005815642166667542,0.000736639648926276,0.0007551289939114943,1286913.0,0.7244900584089106,0.0,0.0,-1,0.0,0,46.82857142857142,0.0027666455159419297,0.0,4.107613118986544,0.01149511109691623,0.011693791901573127,0.0,0.002053388090349051,0.0021723705886687425,0.0,0.0
2022-04-08,9.78,9.76,0.0,0.002047083621724823,0.0,-4.652968335642511,0.002047083621724823,9.763,9.7555,9.7455,4,8,4,9.762801501913017,9.747683241292027,80.0,0.010830628910635909,0.010500788367331405,9.774390264827952,9.736609735172047,0.0008434324036307977,0.0007360536057345012,0.0007944374728549639,1296451.0,2.5939286953507956,0.0,0.0,-1,0.0,0,46.0,0.015486416065032305,0.0,-0.285391027625153,0.01853968935069583,0.011684488754315254,0.002049180327868827,0.002049180327868827,0.40592482714738437,0.002044989775051081,0.0
2022-04-11,9.78,9.78,0.002047083621724823,0.0,0.002047083621724823,-6.860454005864124,0.0,9.764999999999999,9.757,9.748166666666666,0,11,4,9.765928501565195,9.749768193466736,80.0,0.011530883708733342,0.010706807435611792,9.778618705351152,9.735381294648848,0.0008080304048228099,0.0006875268045795581,0.0007944374728549639,1296451.0,2.1277869906094025,0.0,0.0,-1,0.0,0,43.0,-0.0149209083151747,0.0,-0.30283997031934823,0.01853968935069583,0.010914149667650487,0.002049180327868827,0.003076923076922977,0.40592482714738437,0.0,0.0
2022-04-12,9.78,9.78,0.0,0.0,0.0,-0.916290731874155,0.0,9.767,9.7585,9.750833333333333,1,12,4,9.768486955826068,9.751718632597914,80.0,0.011948110303155346,0.010955068009120503,9.782142067769733,9.734857932230266,0.0008080304048228099,0.0006875268045795581,0.0007944374728549639,1296451.0,1.818791842524369,0.0,0.0,-1,0.0,0,42.0,0.00752683343629395,0.0,-0.302865338102497,0.017812708285944105,0.010914149667650487,0.0010235414534287557,0.003076923076922977,1.2946936931678503,0.0,0.0
2022-04-13,9.78,9.78,0.0,0.0,0.0,0.6931471805599453,0.0,9.769,9.76,9.7535,2,13,4,9.770580236584964,9.753543236946436,80.0,0.012138836434932188,0.01119182169428284,9.785131234497658,9.734868765502341,0.0008080304048228099,0.0006875268045795581,0.0007944374728549639,1296451.0,1.5916448514984267,0.0,0.0,-1,0.0,0,41.8,0.007510751435013308,0.0,-0.3014742429308397,0.014547737171556293,0.010914149667650487,0.002049180327868827,0.003076923076922977,2.2360679774997916,0.0,0.0
2022-04-14,9.77,9.78,-0.0010230179920346257,-0.0010230179920346257,-0.0010230179920346257,3.248434627109745,-0.0010230179920346257,9.77,9.761500000000002,9.755166666666666,3,14,4,9.77047473902406,9.754604963595055,66.66666666666666,0.011352210624387737,0.01122389948030382,9.785142067769748,9.737857932230256,0.0008966873711101721,0.0006872430343665667,0.000753633845573214,1296245.0,0.7190572400672032,0.0,0.0,-1,0.0,0,39.85714285714285,0.008073187743547885,-0.0010224948875255406,-0.29937349396779744,0.017808161342060442,0.01090964495517211,0.0010245901639343025,0.0030800821355234653,1.2961504584247585,0.0,0.0
2022-04-18,9.77,9.77,0.0,0.0,0.0,0.05202118475087845,0.0,9.770999999999999,9.763,9.756666666666668,0,18,4,9.770388422837867,9.755598191750213,60.0,0.010606538429524193,0.011100427270147895,9.784618705351182,9.741381294648818,0.0008966873711101721,0.0006872430343665667,0.0007514073331917947,1296245.0,0.6475873449671691,0.0,0.0,-1,0.0,0,37.6,0.008084435725011942,0.0,-0.2993684032158169,0.007258993598895526,0.01090964495517211,-0.0010224948875255935,0.0030800821355234653,-2.2360679774997965,0.0,0.0
2022-04-19,9.77,9.77,0.0010230179920344864,0.0010230179920344864,0.0,0.8739314580350134,0.0,9.772,9.764,9.758000000000001,1,19,4,9.770317800503708,9.756527340669555,60.0,0.009901450089621733,0.010860631834042664,9.784925934551433,9.743074065448566,0.0008966873711101721,0.000656272566720417,0.0007487727076764009,1296245.0,0.5734510910614461,0.0,0.0,-1,0.0,0,39.0,0.008083719088848019,0.001023541453428842,-0.2980794865272949,0.007258993598895526,0.010418004022897604,-0.0010224948875255935,0.0020512820512819108,-2.2360679774997965,0.001023541453428842,0.0
2022-04-20,9.795,9.77,0.0015325673497782106,0.0015325673497782106,0.0025555853418126545,5.13253519992679,0.0025555853418126545,9.7745,9.76625,9.759833333333335,2,20,4,9.774805473139397,9.759009447723134,73.33333333333364,0.011230495406339358,0.010934604548502003,9.790283967191387,9.742216032808612,0.0011635014995614052,0.000854649716604918,0.0008560707159525823,1384357.0,2.3924473035232334,0.0,0.0,-1,0.0,0,43.31428571428571,0.015769487935445095,0.0025588536335721963,0.07039202078666836,0.021180942581629347,0.013567143649250655,0.0015337423312884457,0.004615384615384688,1.57451891100657,0.0,0.0
2022-04-21,9.8,9.795,0.0015302221807677583,0.0015302221807677583,0.0005103342800223477,-4.200976995921846,0.0005103342800223477,9.7785,9.76875,9.761833333333332,3,21,4,9.77938629620496,9.761653999482933,75.00000000000055,0.012542647772356474,0.011256213193272899,9.795870588411749,9.741629411588253,0.0010736861331038382,0.0008550224384082426,0.0008572759150650945,1385677.0,2.3045222710923494,0.0,0.0,-1,0.0,0,38.94285714285714,0.015615056413087424,0.0015313935681470717,-0.3150908846236633,0.02102384342902382,0.013573060424449508,0.002044989775051187,0.00512820512820511,1.2303967209253182,0.0010204081632652843,0.0
2022-04-22,9.8,9.8,-0.0010198879007454116,-0.0010198879007454116,0.0,-7.1853870155804165,0.0,9.7825,9.771249999999998,9.763833333333332,4,22,4,9.783134242349512,9.764127935000165,75.00000000000055,0.013427751218411998,0.01169052079830072,9.800246370008928,9.742253629991069,0.0010736861331038382,0.0008550224384082426,0.0008572759150650945,1385677.0,1.9830068378317058,0.0,0.0,-1,0.0,0,31.0,0.01594578701039271,0.0,-0.3208949663082794,0.017613128028827127,0.013573060424449508,0.003070624360286711,0.00512820512820511,2.0325297565683718,0.0,0.0
2022-04-25,9.8,9.8,-0.0005103342800222219,0.0,-0.0010209291341073447,10.275154551894069,0.0,9.7845,9.77375,9.765166666666666,0,25,4,9.786200743740508,9.76644226177435,75.00000000000055,0.0139681855283591,0.012146053744312397,9.803640149759454,9.743859850240545,0.0009088975735384985,0.0008550224384082426,0.0007834060436416871,1385677.0,1.7564314806885204,0.0,0.0,-1,0.0,0,29.0,0.019377875932060664,-0.0005102040816327328,-0.19554573652083218,0.017613128028827127,0.013573060424449508,0.003070624360286711,0.00512820512820511,2.0325297565683687,0.0010204081632654656,0.0
2022-04-26,9.8,9.8,0.0005103342800223477,0.0,0.0010209291341073648,-8.195713010214233,0.0,9.7865,9.77575,9.766833333333333,1,26,4,9.788709699424052,9.768607277143747,71.42857142857216,0.01423242112129941,0.012563327219709802,9.80708435981913,9.74441564018087,0.0009088975735384985,0.0008370082056029104,0.0007527707670107738,1385677.0,1.5478216335024937,0.0,0.0,-1,0.0,0,17.0,0.0013901392906498008,0.0,-0.3225870789149328,0.017613128028827127,0.013287093344074324,0.003070624360286711,0.004098360655737876,2.0325297565683687,0.0,0.0
2022-04-27,9.8,9.8,0.0,0.0,0.0,-0.6931471805599453,0.0,9.7885,9.77775,9.7685,2,27,4,9.79076248134695,9.770632614102217,83.33333333333383,0.014277250476210313,0.012906111871009904,9.80994594613271,9.745554053867288,0.0009088975735384985,0.0008370082056029104,0.0007527707670107738,1385677.0,1.3821615869456125,0.0,0.0,-1,0.0,0,16.0,0.0015940304233050657,0.0,-0.3225393393435058,0.003623938611394819,0.013287093344074324,0.0005104645227158588,0.004098360655737876,2.2360679774998355,0.0,0.0
2022-04-28,9.8,9.8,0.0,0.0,0.0,1.7047480922384253,0.0,9.7905,9.77975,9.770166666666665,3,28,4,9.792442030192959,9.77252728416014,83.33333333333383,0.014149669481041016,0.013154823393016128,9.812271248115037,9.747228751884963,0.0009088975735384985,0.0008370082056029104,0.0007527707670107738,1385677.0,1.2453396578366644,0.0,0.0,-1,0.0,0,24.0,0.0032991039941786078,0.0,-0.3010391735005076,0.0,0.013287093344074324,0.0,0.004098360655737876,0.0,0.0,0.0
2022-04-29,9.8,9.8,0.0,0.0,0.0,-1.0116009116784799,0.0,9.7935,9.78175,9.772166666666665,4,29,4,9.79381620652151,9.774299717440131,75.00000000000111,0.013888463066237478,0.013301551327660399,9.814076459750689,9.749423540249312,0.000807343693337352,0.0008370082056029104,0.0007190967803902085,1385677.0,1.1291060104168262,0.0,0.0,-1,0.0,0,14.328571428571427,0.0035463943410831734,0.0,-0.30109487327232404,0.0,0.013287093344074324,0.0,0.004098360655737876,0.0,0.0,0.0
2022-05-02,9.8,9.8,0.0,0.0,0.0,5.361878848037781,0.0,9.7965,9.78375,9.774166666666666,0,2,5,9.794940532608507,9.77595780018593,75.00000000000111,0.013525541082374914,0.013346349278603302,9.815351965295527,9.752148034704472,0.000807343693337352,0.0008370082056029104,0.0007190967803902085,1385677.0,1.028417052423089,0.0,0.0,-1,0.0,0,13.27142857142857,0.003804564130318098,0.0,-0.2938899220532088,0.0,0.013287093344074324,0.0,0.004098360655737876,0.0,0.0,0.0
2022-05-03,9.79,9.8,0.0,0.0,-0.0010209291341073447,0.6475483994443733,-0.0010209291341073447,9.7985,9.78525,9.775500000000001,1,3,5,9.794042253952414,9.77686374856103,59.99999999999929,0.012289342478696952,0.013134947918622034,9.814892608025273,9.755607391974726,0.0009085847083791747,0.0008801408299188332,0.0007353764713019804,1382419.0,0.32048462105289,0.0,0.0,-1,0.0,0,30.485714285714288,0.017935325251991784,0.0,-0.2877954917687857,0.007244179326245376,0.013971802528075379,-0.0010204081632654294,0.0030737704918031294,-2.2360679774998005,0.0010214504596528667,0.0
2022-05-04,9.78,9.79,-0.0020429016298004047,-0.0020429016298004047,-0.0010219724956930802,-0.2956944419727854,-0.0010219724956930802,9.797,9.78575,9.776499999999999,2,4,5,9.791489116870155,9.777066087363545,50.0,0.010383040524489573,0.012584566439795542,9.81463725816384,9.75686274183616,0.00048426933519835915,0.0008924261887629006,0.0007649771800382964,1379995.0,-0.39809939506120695,0.0,0.0,-1,0.0,0,22.4,0.03238446890587347,-0.0010214504596526852,-0.2912652259687244,0.008876804697702223,0.014166826553686921,-0.0020408163265307477,0.0010235414534287557,-0.6085826017026563,0.0,0.0
2022-05-05,9.79,9.78,0.0010219724956929677,0.0015325673497782106,0.0010219724956929677,4.251866497812678,0.0010219724956929677,9.796,9.78725,9.777833333333332,3,5,5,9.791218368348307,9.777900533340091,66.66666666666568,0.00956889465695454,0.011981432083227344,9.813502819397732,9.760997180602269,0.0005798639125495489,0.000879884734453121,0.0007828143137799998,1550248.0,0.20950130790420915,0.0,0.0,-1,0.0,0,13.0,0.00328954028916006,0.0010224948875255406,0.4683090335908266,0.013568454509822775,0.013967737138590385,-0.0010204081632654294,0.0030737704918031294,0.5141091447322443,0.0005107252298264333,0.0
2022-05-06,9.79,9.79,0.0,-0.0005105948540851376,0.0,-7.2492502994051415,0.0,9.795,9.78875,9.779166666666667,4,6,5,9.790996846830431,9.778681144092342,66.66666666666568,0.008821983852966397,0.011349542437175156,9.811662878475095,9.765837121524905,0.0005798639125495489,0.000879884734453121,0.0007828143137799998,1550248.0,0.10910894511639295,0.0,0.0,-1,0.0,0,12.0,0.0035796807970891868,0.0,-0.365114046240357,0.013568454509822775,0.013967737138590385,-0.0010204081632654294,0.0030737704918031294,0.5141091447322443,0.0,0.0
2022-05-09,9.79,9.79,0.0,0.0,0.0,-4.795790545596741,0.0,9.794,9.78925,9.7805,0,9,5,9.79081560195217,9.779411392860577,66.66666666666568,0.008136261897101704,0.010706886329160467,9.811792357790422,9.766707642209576,0.0005798639125495489,0.0007584994793592572,0.0007828143137799998,1550248.0,0.06654139792942833,0.0,0.0,-1,0.0,0,8.185714285714285,0.010592422887990975,0.0,-0.35549167677677607,0.013568454509822775,0.012040805951739385,-0.0010204081632654294,0.0010224948875254825,0.5141091447322443,0.0,0.0
2022-05-10,9.77,9.79,-0.0020449904877275966,-0.0020449904877275966,-0.0020449904877275966,8.86120833720818,-0.0020449904877275966,9.791,9.78875,9.780833333333332,1,10,5,9.787030947051775,9.778804206224413,27.272727272727565,0.005910852821742196,0.009747679627676814,9.812563972015864,9.764936027984136,0.00084101706553938,0.0008916507312400618,0.0008593944307763324,1543195.0,-1.57470580611331,0.0,0.0,-1,0.0,0,7.0,0.03351815968076865,-0.0020429009193053704,-0.19568261235670478,0.01849306143471233,0.014154516547140566,-0.002042900919305368,-0.0010224948875255935,-0.40366843884098424,0.0,0.0
2022-05-11,9.75,9.77,0.0005116398167382638,0.0005116398167382638,-0.0020491810449355693,0.13321232854311346,-0.0020491810449355693,9.785999999999998,9.78725,9.780499999999998,2,11,5,9.780298047587817,9.776945870338967,14.285714285713922,0.002504496961313052,0.008299043094404062,9.816535347513074,9.757964652486926,0.0009935088770709505,0.0009968088883944913,0.0009397411247130535,1535137.0,-2.5439342991146434,0.0,0.0,-1,0.0,0,4.028571428571429,0.04308698974361803,0.000511770726714512,-0.18174295635458818,0.021777011153706054,0.015823850540103376,-0.0030674846625766694,-0.0030674846625766694,-0.165641158879701,0.0025641025641026005,0.0
2022-05-12,9.75,9.75,-0.002560820861673704,-0.002560820861673704,0.0,2.8684571973968414,0.0,9.781,9.78575,9.780166666666666,3,12,5,9.77478931166276,9.775207427091292,14.285714285713922,-0.00019284164114630187,0.006600666147293989,9.81935372786358,9.75214627213642,0.0009935088770709505,0.0009968088883944913,0.0009397411247130535,1535137.0,-2.127740121282529,0.0,0.0,-1,0.0,0,3.0,0.05041588765473302,0.0,2.3825979594130073,0.017780864444720882,0.015823850540103376,-0.004085801838610736,-0.0030674846625766694,-0.6085885727846891,0.0,0.0
2022-05-13,9.75,9.75,0.0,0.0,0.0,-6.642522038069809,0.0,9.776,9.784749999999999,9.779833333333332,4,13,5,9.770282164087712,9.7735811414725,14.285714285713922,-0.0023039434904692513,0.004819744219741341,9.821381163034726,9.748118836965272,0.0009935088770709505,0.0009758748355389859,0.0009397411247130535,1535137.0,-1.8972916566725133,0.0,0.0,-1,0.0,0,11.0,0.05105086851945778,0.0,-0.4502390487371285,0.017780864444720882,0.015491532753373283,-0.004085801838610736,-0.0020470829068577334,-0.6085885727846891,0.0,0.0
2022-05-16,9.72,9.75,0.0,0.0,-0.0030816665374080007,4.050138469717605,-0.0030816665374080007,9.768,9.782250000000001,9.778500000000001,0,16,5,9.7611399524354,9.770124293635565,9.99999999999983,-0.006324847292754399,0.0025908259172421934,9.828643624789034,9.735856375210968,0.0012587487250134046,0.0011801133683920664,0.0010915744958780425,1524517.0,-2.6835583674727075,0.0,0.0,-1,0.0,0,11.0,0.06627409684285195,0.0,-0.25301797865516323,0.021821728852619595,0.01873371894976896,-0.007150153217568844,-0.0051177072671442225,0.15925699394474924,0.0030864197530863537,0.0
2022-05-17,9.72,9.72,-0.0030816665374080007,-0.0030816665374080007,0.0,-8.577347114235984,0.0,9.761,9.77975,9.777166666666666,1,17,5,9.753659961083509,9.766890468239723,9.99999999999983,-0.009403050017704473,0.00019205073025286038,9.833696854939905,9.725803145060095,0.0012817239497438168,0.0011801133683920664,0.0010915744958780425,1524517.0,-2.2151430353653954,0.0,0.0,-1,0.0,0,15.2,0.017475258152917034,0.0,-0.46545084991561,0.02301381638978266,0.01873371894976896,-0.0051177072671442225,-0.0051177072671442225,-0.8863317663315462,0.0,0.0
2022-05-18,9.72,9.72,0.0,0.0,0.0,7.313886831633462,0.0,9.754999999999999,9.776,9.7755,2,18,5,9.747539968159234,9.763865276740386,9.99999999999983,-0.011707590044171212,-0.0021878774246319546,9.835612785629744,9.716387214370256,0.0012953576987015222,0.0009807680106550568,0.0010698117058294293,1524517.0,-1.8787915850071293,0.0,0.0,-1,0.0,0,6.0,0.016739258030542627,0.0,-0.33502117803713966,0.02184398689144405,0.015569209500244962,-0.003076923076922977,-0.007656967840734996,-2.2360679774997907,0.0,0.0
2022-05-19,9.72,9.72,0.0,0.0,0.0,-5.522127362405407,0.0,9.748000000000001,9.772,9.774166666666668,3,19,5,9.74253270122119,9.761035258886167,9.99999999999983,-0.013379721517395637,-0.004426246243184691,9.835444961643187,9.708555038356813,0.001187667778051601,0.0009627478907800682,0.0010579225491526645,1524517.0,-1.6392160591867655,0.0,0.0,-1,0.0,0,13.714285714285714,0.053800099819442275,0.0,-0.3962490540300572,0.02184398689144405,0.01528314896553621,-0.003076923076922977,-0.008163265306122436,-2.2360679774997907,0.0,0.0
2022-05-20,9.72,9.72,0.0,0.0,0.0,-2.4849066497880004,0.0,9.741,9.768,9.772833333333333,4,20,5,9.7384358464537,9.758387822828995,9.99999999999983,-0.014537320574568469,-0.006448461109461447,9.834046235798626,9.701953764201376,0.001187667778051601,0.0009627478907800682,0.0010579225491526645,1524517.0,-1.4535271971093728,0.0,0.0,-1,0.0,0,12.657142857142858,0.05421771190452495,0.0,-0.396481266119331,0.02184398689144405,0.01528314896553621,-0.003076923076922977,-0.008163265306122436,-2.2360679774997907,0.0,0.0
2022-05-23,9.72,9.72,0.0,0.0,0.0,1.791759469228055,0.0,9.734,9.764,9.770833333333334,0,23,5,9.73508387437121,9.755911189098093,11.111111111111114,-0.015278603931902168,-0.008214489673949592,9.831558941127911,9.696441058872088,0.001187667778051601,0.0009627478907800682,0.0009748370770976333,1524517.0,-1.302566300341877,0.0,0.0,-1,0.0,0,17.885714285714283,0.004632362534075294,0.0,-0.365034756363313,0.0,0.01528314896553621,0.0,-0.008163265306122436,0.0,0.0,0.0
2022-05-24,9.72,9.72,0.0,0.0,0.0,-1.791759469228055,0.0,9.729,9.76,9.768833333333333,1,24,5,9.732341351758262,9.753594338188538,12.5,-0.015685266346544324,-0.00970864500846854,9.82805570473793,9.69194429526207,0.0011071715874579674,0.0009627478907800682,0.0009748370770976333,1524517.0,-1.1755076272895075,0.0,0.0,-1,0.0,0,16.0,0.08086003037222571,0.0,-0.3651311336568134,0.0,0.01528314896553621,0.0,-0.008163265306122436,0.0,0.0,0.0
2022-05-25,9.74,9.72,0.0030816665374081144,0.0030816665374081144,0.0020554991820959595,7.967973179662935,0.0020554991820959595,9.728,9.757000000000001,9.767500000000002,2,25,5,9.733733833256759,9.75271728411186,22.22222222222223,-0.014229685430988681,-0.010612853092972569,9.82288666505133,9.691113334948673,0.0012291518441823926,0.0011078021793808272,0.001058524225619134,1527404.0,-0.5160376530442836,0.0,0.0,-1,0.0,0,17.571428571428573,0.07321615073806508,0.0030864197530863537,-0.30802583222135055,0.014607604402714679,0.01758581441098221,0.002057613168724215,-0.00612244897959191,2.236067977499793,0.0010266940451745161,0.0
2022-05-26,9.77,9.74,-0.001026167355312006,0.0020491810449354236,0.0,-0.8947034622032246,0.003075348400247492,9.73,9.755500000000001,9.767166666666666,3,26,5,9.740327681755529,9.753832298040129,41.66666666666667,-0.01053394898226756,-0.010597072270831568,9.818570553643115,9.692429446356888,0.001590368766379795,0.0013419844929373676,0.0012106220584934472,1528584.0,0.4598025278816173,0.0,0.0,-1,0.0,0,24.11428571428572,0.060592298825228444,0.0,-0.34519295762691604,0.023061097204311078,0.021303343389704344,0.005144032921810648,-0.003061224489796066,0.8814339302672342,0.0030706243602865264,0.0
2022-05-27,9.775,9.77,0.0035869882169858583,0.0005116398167382638,0.0035869882169858583,5.588295529778276,0.0005116398167382638,9.732500000000002,9.754249999999999,9.767333333333335,4,27,5,9.74663173961816,9.755197956231088,44.0000000000004,-0.00711952357107748,-0.00990156253088075,9.814536596223512,9.693963403776486,0.0015912344993279435,0.001349899726894229,0.0011997554154846457,1843974.0,0.6883785550960844,0.0,0.0,-1,0.0,0,29.542857142857144,0.05984955307104357,0.000511770726714512,3.455308386259853,0.021880482533853045,0.021428993833416836,0.005658436213991758,-0.0025510204081633514,0.8106004918296874,0.0,0.0
2022-05-31,9.775,9.775,0.0,0.0,0.0,-12.661565247237986,0.0,9.738,9.753,9.7675,1,31,5,9.751789605142129,9.756475507441987,52.38095238095278,-0.004363269775174317,-0.008793903979739464,9.810252901558332,9.695747098441668,0.001094985567987083,0.001349899726894229,0.0011997554154846457,1843974.0,0.768520001648661,0.0,0.0,-1,0.0,0,40.057142857142864,0.059798706503212395,0.0,-0.40807738332648913,0.021880482533853045,0.021428993833416836,0.005658436213991758,-0.0025510204081633514,0.8106004918296874,0.0,0.0
2022-06-01,9.775,9.775,0.0,0.0,0.0,1.3862943611198906,0.0,9.743500000000001,9.75225,9.767666666666665,2,1,6,9.756009676934468,9.757670635994117,64.70588235294156,-0.002154087800889215,-0.007465940743969415,9.807830666839484,9.696669333160516,0.001094985567987083,0.0013335334805870064,0.0011997554154846457,1843974.0,0.8186299767040254,0.0,0.0,-1,0.0,0,40.0,0.05741693683302028,0.0,-0.40570632816499413,0.021880482533853045,0.021169187727669594,0.005658436213991758,-0.001532175689478943,0.8106004918296874,0.0,0.0
2022-06-02,9.775,9.775,0.0,0.0,0.0,0.9162907318741551,0.0,9.749,9.752,9.767,3,2,6,9.759462462946383,9.758788659478368,64.70588235294156,-0.00039869921361912475,-0.006052492437899357,9.807097998817472,9.69690200118253,0.001094985567987083,0.0013148400467853994,0.0010996524626411656,1843974.0,0.8348760569760171,0.0,0.0,-1,0.0,0,44.82857142857143,0.08665847068497447,0.0,-0.4039108199601569,0.02125129718427683,0.02087243866573619,0.0035934291581110056,-0.0005112474437626302,2.093093685737309,0.0,0.0
2022-06-03,9.775,9.775,0.0,0.0,0.0,0.09531017980432493,0.0,9.7545,9.75125,9.766166666666667,4,3,6,9.762287469683404,9.759834552415247,64.70588235294156,0.0009811488158781856,-0.004645764187143848,9.804549056968112,9.69795094303189,0.001094985567987083,0.0012916514126727386,0.0010943367141525563,1843974.0,0.8911977566210867,0.0,0.0,-1,0.0,0,35.45714285714286,0.08693493735532878,0.0,-0.3253716704762544,0.0036332117398782922,0.020504330511103973,0.0005117707267145999,-0.001532175689478943,2.236067977499835,0.0,0.0
2022-06-06,9.81,9.775,0.0035741677058423304,0.0035741677058423304,0.0035741677058423304,3.3025483005923157,0.0035741677058423304,9.7635,9.75225,9.7665,0,6,6,9.770962475195512,9.763071032904588,99.99999844444447,0.00484306794080247,-0.002747997761554585,9.809233377077565,9.695266622922436,0.001425313734982662,0.0015290458116934596,0.0012828879014140605,1844273.0,2.026906896774234,0.0,0.0,-1,0.0,0,42.8,0.09564841370302522,0.0035805626598465617,-0.32167969635998117,0.025419473236848074,0.024272849765794753,0.003580562659846631,0.0020429009193054792,2.2360679774997916,0.0,0.0
2022-06-07,9.76,9.81,-0.005109873152270702,-0.005109873152270702,-0.005109873152270702,0.37719866995834783,-0.005109873152270702,9.767500000000002,9.75075,9.765166666666666,1,7,6,9.768969297887237,9.762872901749454,64.28571428571392,0.003824992406871175,-0.0014333997278694328,9.805066324966813,9.696433675033187,0.002382166819710234,0.0019215135158349183,0.0015886965939489622,1843837.0,0.34059741728298576,0.0,0.0,-1,0.0,0,45.0,0.050428504441611705,-0.0050968399592253525,-0.32018118212299274,0.049145888853120864,0.030503081422491397,-0.001534526854219953,-0.003064351378958108,-0.7229059016937114,0.0,0.0
2022-06-08,9.76,9.76,0.0,0.0,0.0,-3.592735593561034,0.0,9.7715,9.75025,9.763833333333334,2,8,6,9.767338516453194,9.762687553249489,64.28571428571392,0.0029837652232291845,-0.0005499667376497094,9.804001376971396,9.696498623028603,0.002382166819710234,0.0018692766941834826,0.0015886965939489622,1843837.0,0.36278140391412256,0.0,0.0,-1,0.0,0,48.0,0.050146551937401265,0.0,-0.3207000701761088,0.049145888853120864,0.029673847586270598,-0.001534526854219953,-0.0010235414534288667,-0.7229059016937114,0.0,0.0
2022-06-09,9.76,9.76,0.0,5.12281960102528e-05,0.0,6.840902971994296,0.0,9.7735,9.75075,9.7625,3,9,6,9.76600424073443,9.762514162717263,64.28571428571392,0.0022906810739566907,1.8162824671570676e-05,9.804677339028942,9.696822660971058,0.00231219521421198,0.0018092229283675433,0.0015886965939489622,1843837.0,0.3430541972425325,0.0,0.0,-1,0.0,0,47.05714285714286,0.04770920898547939,0.0,-0.17422256862822466,0.049145888853120864,0.028720523608419275,-0.001534526854219953,0.0010256410256410664,-0.7229059016937114,5.1229508196783924e-05,0.0
2022-06-10,9.76,9.76,0.0,-5.122819601034269e-05,0.0,-3.4150129777417697,0.0,9.772499999999999,9.75125,9.761166666666668,4,10,6,9.764912560600898,9.762351958670989,64.28571428571392,0.0017215617994672527,0.00035884261963070715,9.805333269132014,9.697166730867988,0.0020805771758580626,0.0018092229283675433,0.0015886965939489622,1843837.0,0.32357511446437004,0.0,0.0,-1,0.0,0,40.00000000000001,0.04765038178844913,0.0,-0.24077654734876244,0.049145888853120864,0.028720523608419275,-0.001534526854219953,0.0010256410256410664,-0.7229059016937114,0.0,0.0
2022-06-13,9.78,9.76,0.002047083621724823,0.002047083621724823,0.002047083621724823,-1.2664057448991546,0.002047083621724823,9.773,9.75275,9.7605,0,13,6,9.767655731400733,9.763490541982538,68.74999999999957,0.002851493287552742,0.0008573727532151141,9.808330666839487,9.697169333160515,0.0021850234675422023,0.001863290801686639,0.0016379930693028028,1843941.0,0.980556785282755,0.0,0.0,-1,0.0,0,25.085714285714293,0.04244361764554445,0.0020491803278688088,-0.2444877387098284,0.042238775072707235,0.029578824488742106,-0.003058103975535298,0.003076923076922977,-1.5678251208153335,0.0,0.0
2022-06-14,9.74,9.78,-0.0010230179920346257,-0.0010230179920346257,-0.0040983663922821365,5.56555141116982,-0.0040983663922821365,9.7695,9.75375,9.7585,1,14,6,9.7626274166006,9.761975023144956,54.999999999999915,0.0005133884045722681,0.000788575883486545,9.807540529395405,9.699959470604595,0.0025486379789422635,0.001966682509427619,0.001794931158880084,1816769.0,-0.5112424121698514,0.0,0.0,-1,0.0,0,20.0,0.057446960540916185,-0.0010224948875255406,0.12903027928364413,0.03557988656427873,0.031220116966595532,-0.002049180327868827,0.002057613168724215,-1.29031069890515,0.003080082135523548,0.0
2022-06-15,9.755,9.74,-0.0020491810449355693,-0.0010240656296902568,0.0010261673553119532,-1.8498708746671677,0.001538856420630949,9.7675,9.755500000000001,9.757333333333332,2,15,6,9.761240613582308,9.761525021651734,53.84615384615398,-0.00012772953399853293,0.0006053147999895295,9.806891172701018,9.704108827298985,0.002618102844843679,0.0019923520265114343,0.0018154863187525713,1821042.0,-0.019458594685492568,0.0,0.0,-1,0.0,0,29.0,0.05403145866113912,0.0010266940451745161,-0.20006522252814396,0.03827093925288256,0.03162760791746893,-0.0005122950819671512,0.0036008230452675427,-1.4620989032141274,0.001025115325474094,0.0
2022-06-16,9.76,9.755,0.0,0.0,0.0,1.8058573014780892,0.0005124263499264724,9.766000000000002,9.7575,9.756666666666666,3,16,6,9.761015047476434,9.761426633158074,47.058823529411825,-0.0002297139071369969,0.0004383090585642242,9.80611232245783,9.70888767754217,0.002627490898029504,0.0019931892181867614,0.0018107532801087689,1847044.0,0.10285457981021927,0.0,0.0,-1,0.0,0,17.700000000000003,0.051752290277084834,-0.000512557662737138,0.09314022085465799,0.038527570187328906,0.03164089792330459,0.0,0.00411522633744843,-1.6377473440609072,0.0010245901639344044,0.0
2022-06-17,9.76,9.76,0.0010251154152453505,7.171873962508047e-05,0.0010251154152453505,-0.7126421865355419,0.0,9.7645,9.7595,9.755666666666666,4,17,6,9.76083049338981,9.761334592309165,45.45454545454526,-0.00030699837147984965,0.00028924757255540946,9.804794358891325,9.714205641108673,0.002627490898029504,0.0019931892181867614,0.0017991315603683316,1847044.0,0.022077804487762528,0.0,0.0,-1,0.0,0,16.92857142857143,0.051758738672650254,0.0,-0.10508411321346549,0.038527570187328906,0.03164089792330459,0.0,0.00411522633744843,-1.6377473440609072,7.172131147542469e-05,0.0
2022-06-21,9.76,9.76,0.0,-7.171873962513221e-05,0.0,-8.354674261918463,0.0,9.7595,9.761500000000002,9.754666666666669,1,21,6,9.760679494591662,9.761248489579541,45.45454545454526,-0.00036405032079223076,0.00015858799388588144,9.802807575449087,9.720192424550916,0.0022840881602845505,0.0019931892181867614,0.0017991315603683316,1847044.0,-0.07262590378128884,0.0,0.0,-1,0.0,0,19.0,0.053180587886698376,0.0,-0.28716927701781525,0.03416910882932108,0.03164089792330459,-0.002044989775051076,0.00411522633744843,-1.739680196702522,0.0,0.0
2022-06-22,9.76,9.76,0.0,0.0,0.0,2.302585092994046,0.0,9.7595,9.7635,9.753666666666668,2,22,6,9.76055595012045,9.761167941864732,45.45454545454526,-0.0004046004198752229,4.595031113366056e-05,9.79993306768667,9.727066932313331,0.001618006340516424,0.0019931892181867614,0.0017991315603683316,1847044.0,-0.19213314838603973,0.0,0.0,-1,0.0,0,26.0,0.05209107948420245,0.0,-0.28680222361677404,0.010624688273783926,0.03164089792330459,0.002053388090349051,0.00411522633744843,1.7157692118545977,0.0,0.0
2022-06-23,9.76,9.76,0.0,0.0,0.0,-2.70805020110221,0.0,9.7595,9.7655,9.753333333333334,3,23,6,9.760454868280368,9.761092590776684,45.45454545454526,-0.0004317596095280152,-4.959167299867459e-05,9.795744616746035,9.735255383253964,0.001618006340516424,0.0019931892181867614,0.0017613510014921616,1847044.0,-0.36370108744860097,0.0,0.0,-1,0.0,0,26.742857142857144,0.051663028808316636,0.0,-0.28720296610209806,0.0036387984314292217,0.03164089792330459,0.0005125576627369455,0.00411522633744843,2.236067977499791,0.0,0.0
2022-06-24,9.79,9.76,0.003069056117417747,0.003069056117417747,0.0,6.8664123154477545,0.003069056117417747,9.7625,9.767999999999999,9.754666666666669,4,24,6,9.76582671041121,9.762957584920123,53.84615384615357,0.0019450445536772776,0.00034933557233651584,9.797629288497228,9.73837071150277,0.0018873115917194942,0.002054836787140517,0.001806940662827463,1848963.0,1.4850170973263717,0.0,0.0,-1,0.0,0,30.85714285714286,0.05355573296606465,0.003073770491803213,-0.2590805712335513,0.021821605757333627,0.032619522741604644,0.0030737704918031294,0.005133470225872516,2.2360679774997902,0.0030643513789580554,0.0
2022-06-27,9.76,9.79,-0.0030690561174178833,-0.0030690561174178833,0.0,-0.7351858259646139,-0.0030690561174178833,9.7625,9.7675,9.755,0,27,6,9.764767308518262,9.762766772989792,36.84210526315755,0.0013918849145468926,0.0005578454407785912,9.797324045403338,9.737675954596662,0.0021705038834185643,0.002069980956464499,0.0018992682734214363,1848043.0,-0.5029498780980983,0.0,0.0,-1,0.0,0,30.0,0.09977277295129662,-0.0030643513789580554,-0.27314802411477795,0.03445014789463292,0.032859928976668104,0.0,-0.0010235414534288667,0.006510433291601723,0.0,0.0
2022-06-28,9.76,9.76,0.0,0.0,0.0,-1.572100241996456,0.0,9.7605,9.76675,9.755333333333335,1,28,6,9.763900525151305,9.76258827150658,50.0,0.000942635796544522,0.0006348035119317773,9.796534312366873,9.736965687633127,0.0020491034925837802,0.0020658409209514893,0.0018992682734214363,1848043.0,-0.4532587435194711,0.0,0.0,-1,0.0,0,28.142857142857142,0.07918717479442763,0.0,-0.48431000826206116,0.03445014789463292,0.03279420795034971,0.0,-0.001534526854219953,0.006510433291601723,0.0,0.0
2022-06-29,9.76,9.76,0.0,0.0,0.0,-4.15366113937852,0.0,9.7625,9.766,9.756666666666666,2,29,6,9.763191338760159,9.76242128624809,50.0,0.0005799177035612502,0.0006238263502576719,9.795664793948541,9.736335206051459,0.0015292541573299538,0.0020658409209514893,0.0018061706430957329,1848043.0,-0.40451991747579824,0.0,0.0,-1,0.0,0,26.542857142857144,0.08132899306528021,0.0,-0.5065640540526568,0.03445014789463292,0.03279420795034971,0.0,-0.001534526854219953,0.006510433291601723,0.0,0.0
2022-06-30,9.76,9.76,0.0,0.0,-0.001025115415245297,9.374299929936944,0.0,9.763,9.76525,9.758000000000001,3,30,6,9.76261109534922,9.762265074232085,50.0,0.0002891281127226364,0.0005568867027506648,9.794714519251908,9.735785480748092,0.0014557847746989449,0.0020658409209514893,0.0018061706430957329,1848043.0,-0.35636081180318085,0.0,0.0,-1,0.0,0,24.0,0.09467408105357857,0.0,2.696162327317964,0.03445014789463292,0.03279420795034971,0.0,-0.001534526854219953,0.006510433291601723,0.0010245901639344044,0.0
2022-07-01,9.76,9.76,0.0010240656296901303,0.0010240656296901303,0.0010251154152453505,-1.2278806068389412,0.0,9.763,9.7645,9.759333333333332,4,1,7,9.76213635074027,9.76211894041066,50.0,5.8006602944971064e-05,0.0004571106827895261,9.793681825634758,9.735318174365242,0.0014467705622459427,0.0020658409209514893,0.0018061706430957329,1848043.0,-0.3084111361860942,0.0,0.0,-1,0.0,0,24.0,0.10858232873896466,0.0010245901639344044,0.3499597863932392,0.02175473668964102,0.03279420795034971,-0.003064351378958108,-0.001534526854219953,-2.2360679774997885,0.0010245901639344044,0.0
2022-07-05,9.76,9.76,-0.0010240656296902568,-0.0010138197805398274,0.0,-1.2732554888854852,0.0,9.763,9.763749999999998,9.760666666666667,1,5,7,9.761747923332948,9.761982234577715,41.66666666666667,-0.00012373254691233626,0.0003409420368491536,9.792564287391908,9.734935712608088,0.0014467705622459427,0.0020658409209514893,0.0018061706430957329,1848043.0,-0.26028754062134174,0.0,0.0,-1,0.0,0,22.0,0.08996995970271365,0.0,-0.35562087600644765,0.0,0.03279420795034971,0.0,-0.001534526854219953,0.0,1.0245901639320384e-05,0.0
2022-07-06,9.76,9.76,0.0,-1.0245849150400566e-05,0.0,0.5665913037670162,0.0,9.763,9.76125,9.762,2,6,7,9.761430119090594,9.761854348475927,62.50000000000001,-0.00026471071222111675,0.00021981148703509957,9.780133298106438,9.742366701893562,0.0014467705622459427,0.0018791026689124676,0.0018061706430957329,1848043.0,-0.13239212694253474,0.0,0.0,-1,0.0,0,22.0,0.09291687268213245,0.0,-0.17380776844159732,0.0,0.029829830099400798,0.0,-0.0050968399592253855,0.0,0.0,0.0
2022-07-07,9.76,9.76,0.0,0.0010240656296901303,-0.0020512827705573607,3.5810410543349556,0.0,9.763,9.76125,9.763333333333332,3,7,7,9.761170097437759,9.761734713090384,53.84615384615322,-0.00037214704444821223,0.00010141978073843722,9.780133298106438,9.742366701893562,0.0014467705622459427,0.001493843620416295,0.0018061706430957329,1848043.0,-0.13239212694253474,0.0,0.0,-1,0.0,0,27.0,0.09594082836657601,0.0,4.104442829368551,0.0,0.023714032303451326,0.0,0.0,0.0,0.003073770491803213,0.0
2022-07-08,9.76,9.76,0.0,-0.0010240656296902568,0.002051282770557361,-7.514238294994509,0.0,9.763,9.76125,9.764666666666667,4,8,7,9.760957352449076,9.76162279611681,50.0,-0.00045207981705353006,-9.280138819956242e-06,9.780133298106438,9.742366701893562,0.0014467705622459427,0.001493843620416295,0.0018061706430957329,1848043.0,-0.13239212694253474,0.0,0.0,-1,0.0,0,31.342857142857145,0.08213547994388302,0.0,-0.3927669036959181,0.0,0.023714032303451326,0.0,0.0,0.0,0.0,0.0
2022-07-11,9.77,9.76,0.0,0.0010240656296901303,0.0,5.627009415850288,0.0010240656296901303,9.761,9.761750000000001,9.765666666666666,0,11,7,9.762601470185608,9.762163260883469,57.142857142857146,0.0002881674957730951,5.0209388098654024e-05,9.781019556027113,9.74248044397289,0.001055355221731389,0.0015112721758016355,0.001777947943067955,1875826.0,0.8562729715610478,0.0,0.0,-1,0.0,0,30.0,0.08321846200428108,0.0,0.265720137226619,0.007273868585777446,0.023990702043015684,0.0010245901639343025,0.0010245901639343025,2.23606797749979,0.001023541453428842,0.0
2022-07-12,9.8,9.77,0.0040899852515252876,0.0030659196218349827,0.0040899852515252876,-5.627009415850288,0.0030659196218349827,9.765,9.763749999999998,9.766666666666667,1,12,7,9.769401202879132,9.764604340826471,70.00000000000054,0.003258011772251379,0.0006917698649291991,9.789476292101115,9.738023707898881,0.0009889074086574065,0.0016548349713939958,0.0017774028017306463,1875926.0,2.8181286177986484,0.0,0.0,-1,0.0,0,30.314285714285717,0.07634844161601537,0.003070624360286708,-0.4120485162448582,0.02118572259014914,0.026269690770967195,0.004098360655737876,0.004098360655737876,1.7134744604027323,0.0,0.0
2022-07-13,9.77,9.8,-0.0010209291341073447,-0.0010209291341073447,-0.0030659196218350113,2.4336133554004498,-0.0030659196218350113,9.766,9.76325,9.7665,2,13,7,9.769510075082927,9.764952447869925,53.84615384615374,0.003154522111120883,0.001184320314167536,9.788017338424632,9.738482661575366,0.0014810919696784835,0.0017471917970357997,0.001866589770098441,1874786.0,0.5450726989127688,0.0,0.0,-1,0.0,0,27.0,0.09655923861616958,-0.0010204081632654656,-0.38805110232352846,0.03517178695595713,0.02773580992613259,0.0010245901639343025,-0.0010224948875255935,-0.4170167480694795,0.002047082906857684,0.0
2022-07-14,9.77,9.77,-0.0020449904877275966,-0.0020449904877275966,0.0,2.187036401436028,0.0,9.767,9.764750000000001,9.766333333333334,3,14,7,9.769599152340575,9.765278096394447,53.84615384615374,0.0030374914978565926,0.0015549545509053473,9.787104794611322,9.74239520538868,0.0014810919696784835,0.001466164120956279,0.001866589770098441,1874786.0,0.46969789624813435,0.0,0.0,-1,0.0,0,26.0,0.07873830808389799,0.0,-0.1464136712748468,0.03517178695595713,0.023274633871535628,0.0010245901639343025,0.0030800821355234653,-0.4170167480694795,0.0,0.0
2022-07-15,9.77,9.77,0.0,0.0,0.0,-9.22581994282457,0.0,9.768,9.7655,9.766166666666667,4,15,7,9.769672033733197,9.765582735336741,40.000000000000355,0.00291118555871428,0.0018262007524671338,9.787480852912163,9.743519147087836,0.0014810919696784835,0.001429567333788817,0.001866589770098441,1874786.0,0.40944726012065835,0.0,0.0,-1,0.0,0,33.0,0.0703057928504858,0.0,-0.3895924108541522,0.03517178695595713,0.022693677885761245,0.0010245901639343025,0.0015376729882110585,-0.4170167480694795,0.0,0.0
2022-07-18,9.795,9.77,0.0,0.0025555853418126545,0.0,8.575273402492762,0.0025555853418126545,9.7715,9.76725,9.766833333333333,0,18,7,9.774277118508978,9.767480623379534,68.42105263157855,0.004773354004584007,0.002415631402890509,9.792688263760873,9.741811736239129,0.001670212684351652,0.0015318864499261628,0.0019248707231497633,1880085.0,2.18175267469975,0.0,0.0,-1,0.0,0,35.885714285714286,0.06831266530116935,0.0,-0.2345406869465922,0.0389074246233048,0.02431794349976536,0.0025588536335721113,0.0035860655737705027,-0.5853766242206416,0.0025523226135783926,0.0
2022-07-19,9.795,9.795,0.0025555853418126545,0.0,0.0025555853418126545,-7.8821262219328165,0.0,9.775,9.769,9.767500000000002,1,19,7,9.77804491514371,9.769256067032469,68.42105263157855,0.0061779206900425265,0.003168089260320912,9.797022547312922,9.740977452687078,0.001670212684351652,0.0015318864499261628,0.0019248707231497633,1880085.0,1.8556485753891871,0.0,0.0,-1,0.0,0,39.0,0.05927438009285202,0.0,-0.3475256089234371,0.03161813049455571,0.02431794349976536,-0.0005102040816327147,0.0035860655737705027,-0.37673324350481807,0.0,0.0
2022-07-20,9.795,9.795,0.0,0.0,0.0,0.0,0.0,9.7785,9.770750000000001,9.767,2,20,7,9.781127657844854,9.770916965933601,68.42105263157855,0.007207961019789266,0.003976063612214583,9.800710500312213,9.74078949968779,0.001670212684351652,0.0015318864499261628,0.0018070901087334267,1880085.0,1.6187980672749027,0.0,0.0,-1,0.0,0,44.0,0.0599714006264029,0.0,-0.3475242331154148,0.018166058699384393,0.02431794349976536,0.0025588536335721113,0.0035860655737705027,2.236067977499792,0.0,0.0
2022-07-21,9.8,9.795,0.0005103342800223477,0.0005103342800223477,0.0005103342800223477,10.224483504017842,0.0005103342800223477,9.782499999999999,9.772749999999998,9.768333333333334,3,21,7,9.784558992782152,9.77279329071208,69.99999999999983,0.008331691067086311,0.004847189103188929,9.804945946132696,9.740554053867301,0.001665806660755062,0.0015329796992213744,0.0015367979687248728,1935225.0,1.6927596963722855,0.0,0.0,-1,0.0,0,48.2,0.09020357121119027,0.0005104645227157511,0.9125814101317599,0.017613128028827137,0.02433529829430212,0.003070624360286711,0.004098360655737876,2.03252975656837,0.0,0.0
2022-07-22,9.81,9.8,0.0010198879007453808,0.0010198879007453808,0.0010198879007453808,-3.829221905902393,0.0010198879007453808,9.7875,9.77525,9.77,4,22,7,9.789184630458124,9.775193723569366,72.72727272727244,0.009914879097680185,0.00586072710208718,9.810861204623667,9.739638795376333,0.0016691283880449078,0.0015427250929095735,0.001544920898626862,1936423.0,1.9516329406563613,0.0,0.0,-1,0.0,0,42.0,0.0997057373278758,0.0010204081632652843,-0.3795117349367428,0.016845625219973497,0.024490001623066478,0.004094165813715467,0.0051229508196721785,1.4508753177410274,0.0,0.0
2022-07-25,9.81,9.81,0.0,0.0,0.0,2.0231052389938933,0.0,9.7915,9.776250000000001,9.771666666666667,0,25,7,9.7929692431021,9.777439289790697,72.72727272727244,0.01104227850515116,0.006897037382699977,9.814621453205016,9.737878546794986,0.0016656358329938342,0.00139316665565794,0.001544920898626862,1936423.0,1.7591202407517024,0.0,0.0,-1,0.0,0,42.2,0.10111383259161943,0.0,-0.200396842441055,0.007244641784506303,0.022115835034430795,0.0015313935681471325,0.0020429009193054792,1.2571195354930587,0.0,0.0
2022-07-26,9.81,9.81,-0.0010198879007454116,0.0,-0.0010198879007454116,0.5006180570487504,0.0,9.7925,9.778749999999999,9.773333333333333,1,26,7,9.796065744356262,9.779539980771943,72.72727272727244,0.011799730707528155,0.007877576047665613,9.81912651740687,9.738373482593127,0.0013790033656473453,0.0011784586196383554,0.001544920898626862,1936423.0,1.547929440525934,0.0,0.0,-1,0.0,0,42.0,0.10014573574849575,-0.0010193679918450342,-0.07629464232082811,0.007244641784506303,0.01870745062766128,0.0015313935681471325,0.0051229508196721785,1.2571195354930587,0.0010193679918450342,0.0
2022-07-27,9.81,9.81,0.0010198879007453808,0.0,0.0010198879007453808,3.474929460716786,0.0,9.7965,9.78125,9.774333333333335,2,27,7,9.798599245382395,9.781505143302786,72.72727272727244,0.012258706299618893,0.00875380209805627,9.822909648531915,9.739590351468085,0.0008284491957714958,0.0011784586196383554,0.0015037927398310177,1936423.0,1.380232479780781,0.0,0.0,-1,0.0,0,46.62857142857143,0.08670342799314151,0.0,3.947077577436458,0.007244641784506303,0.01870745062766128,0.0015313935681471325,0.0051229508196721785,1.2571195354930587,0.0,0.0
2022-07-28,9.81,9.81,0.0,0.0,0.0,-1.5650871358459846,0.0,9.800500000000001,9.783750000000001,9.776666666666667,3,28,7,9.800672109858322,9.783343521154219,72.72727272727244,0.012478602204534894,0.009498762119351994,9.826036616023876,9.741463383976127,0.0008284491957714958,0.0011784586196383554,0.0012791531434715247,1936423.0,1.2415275786162883,0.0,0.0,-1,0.0,0,48.48571428571429,0.08040461414141362,0.0,0.47946405910412687,0.00724417932624382,0.01870745062766128,0.0010204081632652073,0.0051229508196721785,2.236067977499804,0.0,0.0
2022-07-29,9.81,9.81,0.0,0.0,0.0,-0.009288963423220003,0.0,9.8045,9.786249999999999,9.778500000000001,4,29,7,9.80236808988408,9.78506329398298,69.99999999999983,0.012508679027995129,0.010100745501080623,9.82853661602388,9.743963383976117,0.0008284491957714958,0.0011784586196383554,0.0012558514240604628,1936423.0,1.1232868568432322,0.0,0.0,-1,0.0,0,52.0,0.07310505409046802,0.0,0.43999251010396373,0.0,0.01870745062766128,0.0,0.0051229508196721785,0.0,0.0,0.0
2022-08-01,9.81,9.81,0.0,0.0,0.0,-0.6929071517553366,0.0,9.806000000000001,9.78875,9.780166666666668,0,1,8,9.803755709905156,9.786672113726013,57.142857142856776,0.012389694442067167,0.010558535289277932,9.830409648531937,9.747090351468064,0.00034439152953531397,0.0011784586196383554,0.0012547724737046887,1936423.0,1.0201718328809255,0.0,0.0,-1,0.0,0,59.08571428571429,0.07303039153948224,0.0,-0.022257856780195734,0.0,0.01870745062766128,0.0,0.0051229508196721785,0.0,0.0,0.0
2022-08-02,9.81,9.81,0.0,0.0,0.0,-7.082108666126914,0.0,9.807500000000001,9.791250000000002,9.781833333333333,1,2,8,9.804891035376945,9.788177138646915,99.99999650000012,0.012155279801330465,0.01087788419168844,9.831626517406908,9.750873482593095,0.00034439152953531397,0.0011784586196383554,0.0012547724737046887,1936423.0,0.9287576643146143,0.0,0.0,-1,0.0,0,57.0,0.07360613903344537,0.0,-0.4666500430877166,0.0,0.01870745062766128,0.0,0.0051229508196721785,0.0,0.0,0.0
2022-08-03,9.83,9.81,0.0020366605818033334,0.0020366605818033334,0.0020366605818033334,3.4446824936018943,0.0020366605818033334,9.811000000000002,9.794749999999999,9.784166666666666,2,3,8,9.809456301672045,9.790875387766471,99.99999766666672,0.013428541495324353,0.011388015652415623,9.835850006403065,9.753649993596932,0.0006818309218846475,0.0012416152753215413,0.0012995939320803772,1937739.0,1.7153281999182568,0.0,0.0,-1,0.0,0,60.0,0.0950830771760845,0.0020387359836900685,-0.45324073972784457,0.014473589683423225,0.019710031455118744,0.0020387359836899765,0.0071721311475410054,2.236067977499791,0.0,0.0
2022-08-04,9.83,9.83,0.0,0.0,0.0,-2.8918926707368713,0.0,9.814,9.79825,9.786499999999998,3,4,8,9.813191519549854,9.793399556297668,99.99999766666672,0.014273079386683207,0.011965028399269141,9.838808599581558,9.757691400418441,0.0006881408883252143,0.0012416152753215413,0.0012995939320803772,1937739.0,1.5656359108827211,0.0,0.0,-1,0.0,0,61.51428571428571,0.09303523371124886,0.0,-0.396262829959675,0.014473589683423225,0.019710031455118744,0.0020387359836899765,0.0071721311475410054,2.236067977499791,0.0,0.0
2022-08-05,9.81,9.83,-0.0010178117927006035,-0.0010178117927006035,-0.002036660581803459,5.18998440100528,-0.002036660581803459,9.814000000000002,9.80075,9.788166666666665,4,5,8,9.81261124326806,9.794470552665562,63.63636363636422,0.013176656602000847,0.012207354039815483,9.837352415796271,9.76414758420373,0.0009600920675642057,0.001351030721506148,0.0013639918284493538,1924638.0,0.5054311197099913,0.0,0.0,-1,0.0,0,63.31428571428573,0.06117349241983111,-0.0010172939979653903,-0.2825931682569971,0.022861481247782502,0.021446947816280586,0.0,0.0051229508196721785,0.004320404298024155,0.0010193679918450342,0.0
2022-08-08,9.82,9.81,0.0,0.0,0.001018848789102848,-2.2800189492087135,0.001018848789102848,9.815000000000001,9.80325,9.789166666666667,0,8,8,9.813954653582957,9.796117613783913,69.23076923076965,0.012965195370677307,0.01235892230598785,9.837780688105958,9.768719311894042,0.0010127161130744405,0.0013508749366094596,0.0012609205879515863,1925978.0,0.9701515329553819,0.0,0.0,-1,0.0,0,64.0,0.0708015751825219,0.0010193679918450342,-0.37789618634758465,0.023977322006632624,0.02144447480771264,0.0010193679918450993,0.005117707267144445,-0.5484972815203966,0.0,0.0
2022-08-09,9.82,9.82,0.0,0.0,0.0,-0.9621002679054492,0.0,9.816,9.80425,9.791166666666667,1,9,8,9.815053807476964,9.797658412894629,69.23076923076965,0.012651769102596688,0.012417491665309617,9.839534557529019,9.76896544247098,0.0010127161130744405,0.001177535318863816,0.0011106792178611974,1925978.0,0.8927418169859488,0.0,0.0,-1,0.0,0,64.0,0.06979072091233185,0.0,-0.38575088918169403,0.023977322006632624,0.018692793682252812,0.0010193679918450993,0.0020408163265306367,-0.5484972815203966,0.0,0.0
2022-08-10,9.82,9.82,0.0,0.0,0.0,3.8196849669327912,0.0,9.817,9.806750000000001,9.793166666666668,2,10,8,9.815953115208425,9.799099805611105,66.66666666666666,0.012262027506775297,0.012386398833602754,9.838749177621313,9.774750822378689,0.0010127161130744405,0.0009141398100295812,0.0011106792178611974,1925978.0,0.8281462828078799,0.0,0.0,-1,0.0,0,65.11428571428571,0.06583202200521691,0.0,-0.18602703791964081,0.01769940903907899,0.014511519605292601,-0.0010172939979653517,0.005117707267144445,-1.2903255988051758,0.0,0.0
2022-08-11,9.8201,9.82,0.0010178117927006245,0.0010178117927006245,1.018324753962481e-05,-3.009623183250416,1.018324753962481e-05,9.81801,9.809255,9.79517,3,11,8,9.816707094261439,9.800454656862003,60.07984031936109,0.011824913407409099,0.012274101748364024,9.836654229724456,9.781855770275545,0.0010126068726489658,0.0009139927386624627,0.0011106159892815902,1927129.0,0.7916280938598638,0.0,0.0,-1,0.0,0,65.0,0.06949526791937695,0.0010183299389001819,-0.3865357820714164,0.017706914798485417,0.014509184919718358,-0.001007121057985727,0.005127942681678599,-1.2974175002322532,0.0010081363733566889,0.0
2022-08-12,9.83,9.8201,-0.0005087764037503323,0.0,-1.0183247539550006e-05,3.3298435274071543,0.0010076285451611434,9.82001,9.812255,9.797503333333335,4,12,8,9.819123986213903,9.802360808032198,66.66666666666666,0.012137431837732748,0.01224676776623777,9.834141354797826,9.790368645202175,0.0010506419831558269,0.0009268305536935771,0.0011194086349055731,1959281.0,1.621558287245036,0.0,0.0,-1,0.0,0,68.0,0.09124463117127429,0.00049897658883303,-0.11552936945449495,0.008785358922492624,0.014712978915417013,0.0020387359836899765,0.0061412487205732,0.6085586233288431,0.0010172939979653903,0.0
2022-08-15,9.84,9.83,0.0015255533088371917,0.001016776905086811,7.128055520388023e-05,-0.5716939096693593,0.001016776905086811,9.82301,9.814505,9.800170000000001,0,15,8,9.822919625084102,9.804789142997864,71.42857142857143,0.013041684945962473,0.012405751202182711,9.838107450809854,9.790902549190147,0.0010775799083852307,0.0007825341535709204,0.001127304093196812,1977433.0,2.1603688706221313,0.0,0.0,-1,0.0,0,66.0,0.10666778833105778,0.0010172939979653903,-0.2517962200633703,0.008776267012750763,0.012422344576578495,0.0020366598778003286,0.004594180704440953,0.60847964582247,0.0019613821138210804,0.0
2022-08-16,9.83,9.84,-0.0010167769050868354,0.0,0.000946531237496737,-2.4325341671095173,-0.0010167769050868354,9.825009999999999,9.816255000000002,9.802503333333332,1,16,8,9.8242069659779,9.80641564990123,62.50000000000001,0.012803801370402823,0.012485361235826734,9.838940536779386,9.793569463220617,0.001154791308517661,0.0008297889225213358,0.001150807407104578,1975839.0,1.2117853003583239,0.0,0.0,-1,0.0,0,67.0,0.08580834335538758,-0.0010162601626016044,-0.406504947453968,0.013461306849138216,0.013172490778006191,0.0010183299389001643,0.0035732516590096797,-0.528710208737339,0.0010172939979653903,0.0
2022-08-17,9.82,9.83,0.00038649701963034154,-0.0006302798854565024,-0.0010178117927006035,0.7501487439564698,-0.0010178117927006035,9.82401,9.817505,9.804503333333333,2,17,8,9.823442063072827,9.80729205958502,55.55555555555556,0.01167379228561849,0.012323047445785084,9.837898546451362,9.79711145354864,0.0010107759131198946,0.000871451929210892,0.0011728656151625226,1972464.0,0.24468524941949096,0.0,0.0,-1,0.0,0,67.0,0.07122514126205634,0.00038657171922685916,-0.391782773495675,0.016108911894166866,0.013833870505436907,0.0,0.002552322613578406,-0.01198556736472177,0.001405295315682262,0.0
2022-08-18,9.82,9.82,-0.0014043088123309986,-0.0014043088123309986,0.0,-8.12415060330663,0.0,9.82301,9.818505,9.806503333333334,3,18,8,9.822816233423222,9.808111926708566,55.55555555555556,0.010655422862660302,0.011989522529160128,9.837172785368068,9.799837214631932,0.0010107759131198946,0.0008671197244164876,0.0011728656151625226,1972464.0,0.16016897243284414,0.0,0.0,-1,0.0,0,66.37142857142858,0.06990541939814322,0.0,-0.39588872493700583,0.016108684962933096,0.013765098886349332,-1.0183195690460778e-05,0.0020408163265306367,-0.0019511676131528527,0.0,0.0
2022-08-19,9.82,9.82,0.0,0.0,0.0,0.0,0.0,9.82401,9.819005,9.808503333333334,4,19,8,9.822304190982635,9.808878899178982,55.55555555555556,0.009736125760767322,0.011538843175481567,9.83724439922894,9.800765600771062,0.000749353885406978,0.0008398469501695696,0.0011728656151625226,1972464.0,0.10910447076798001,0.0,0.0,-1,0.0,0,63.71428571428572,0.06735682192203449,0.0,-0.3952439276261655,0.013507335846018103,0.013332157017028421,-0.0010172939979653517,0.0010193679918450993,0.5128597483182007,0.0,0.0
2022-08-22,9.81,9.82,-0.0010086551611395642,0.0,-0.0010188487891027657,9.176059437999308,-0.0010188487891027657,9.82301,9.819005,9.809836666666667,0,22,8,9.820067065349427,9.80895122826421,50.0,0.008107204945771329,0.01085251552953952,9.83724439922894,9.800765600771062,0.0007492749701158179,0.0008733209028666356,0.0011829010659500424,1962801.0,-0.9874228736342079,0.0,0.0,-1,0.0,0,60.31428571428573,0.05539005641248894,-0.0010081466395112037,-0.3060759226180612,0.008845208082374299,0.01386353954243708,-0.0030487804878047697,0.0,0.6085727468035637,0.0010193679918450342,0.0
2022-08-23,9.81,9.81,0.0,7.128055520388023e-05,0.0,-0.8587816717780736,0.0,9.82201,9.819005,9.810170000000001,1,23,8,9.818236689831348,9.809018890956843,37.5,0.00673859513407038,0.010029731450445693,9.83724439922894,9.800765600771062,0.0007492749701158179,0.0008733209028666356,0.001045119631312569,1962801.0,-0.9874228736342079,0.0,0.0,-1,0.0,0,57.42857142857144,0.05690134098092996,1.0193679918426803e-05,-0.35205581361496946,0.00884969992475415,0.01386353954243708,-0.0020345879959308144,0.0,-0.6085825896157718,0.001090723751274203,0.0
2022-08-24,9.815,9.81,0.0004993605231894146,-7.128055520385699e-05,0.0,0.9325717388496604,0.0005095541511525829,9.82151,9.819255,9.81167,2,24,8,9.817648200771103,9.809404768959627,41.17647058823468,0.005988389781494519,0.009221463116655459,9.837107668974017,9.801402331025983,0.0007738871709551929,0.000880714966169852,0.0008688685034669121,1973204.0,-0.47667942605034036,0.0,0.0,-1,0.0,0,57.51428571428571,0.0537655987230492,0.0005096839959224266,-0.2642326697130905,0.0088564585794321,0.013980916658508556,-0.0005091649694501932,0.0005096839959224386,-1.2917797683343382,0.0010188487009678846,0.0
2022-08-25,9.805,9.815,-0.0015294420518980484,-0.001528662718064971,-0.0010198879007454116,-3.0971168103667908,-0.0010193680801147916,9.82,9.819005,9.812836666666668,3,25,8,9.81534852790363,9.809120590317072,46.66666666666603,0.004534657499204897,0.008284101993165347,9.837530711862764,9.800479288137238,0.0008311913632021407,0.000911226343205695,0.0008946082123750449,1972734.0,-1.511952696204008,0.0,0.0,-1,0.0,0,58.0,0.04342641330064481,-0.0015282730514517364,-0.5395080157298163,0.010848743489664811,0.014465269753278361,-0.0015274949083503575,-0.0005096839959226607,-0.16510738960244226,0.0005099439061702198,0.0
2022-08-26,9.8,9.805,0.0,-0.0005100739717832513,0.0,0.4606515236754552,-0.0005100739717832513,9.817000000000002,9.818505,9.813836666666667,4,26,8,9.812557886466605,9.808532165135325,35.71428571428535,0.00294515605297363,0.007216312805127004,9.838532925241912,9.798477074758088,0.0007276232537776679,0.0009175993022168818,0.0009017748491273679,1971989.0,-1.8479198196000413,0.0,0.0,-1,0.0,0,55.0,0.035914487409380504,-0.0005099439061702198,-0.5900490175393766,0.010543822354334166,0.014566437341233612,-0.0020366598778003286,-0.0010193679918449883,0.5427558485727982,0.0,0.0
2022-08-29,9.8011,9.8,0.0003672794834077328,0.0006120575525151695,0.0,2.908989316912235,0.0001122385989719245,9.81311,9.81806,9.81404,0,29,8,9.810474634381768,9.808052670610467,36.70886075949266,0.0017540064178582782,0.006123851527673259,9.839245635650519,9.79687436434948,0.0005876479853425399,0.000918268041564266,0.0007734851150981096,1985651.0,-1.6010848368935067,0.0,0.0,-1,0.0,0,54.0,0.0356991346853028,0.0003673469387753791,0.7543729066146229,0.00941156114577929,0.014577053249264225,-0.0009072375127421317,-0.0009072375127421317,-0.5229471373270458,0.0006121761843056852,0.0
2022-08-30,9.8011,9.8011,-0.00025504088443592966,-0.0004998189535432193,0.0001122385989719245,-6.431331081933479,0.0,9.810220000000001,9.817615,9.814243333333334,1,30,8,9.808770155403264,9.807604111216245,36.70886075949266,0.000800780847123761,0.005059237391563359,9.839860829887648,9.795369170112352,0.000555430937937747,0.000918268041564266,0.0007734851150981096,1985651.0,-1.4847726592722132,0.0,0.0,-1,0.0,0,49.8,0.03485533592391049,0.0,-0.7361361521724662,0.00941156114577929,0.014577053249264225,-0.0009072375127421317,-0.0009072375127421317,-0.5229471373270458,0.0,0.0
2022-08-31,9.8011,9.8011,0.0,0.0,0.0,-3.0910424533583156,0.0,9.80833,9.816170000000001,9.814446666666667,2,31,8,9.80737558169358,9.807184491137779,36.61971830985834,4.482598860278131e-05,0.0040563551109712445,9.838780021067063,9.79355997893294,0.0004985346260515193,0.0007770874333834455,0.0007734851150981096,1985651.0,-1.3330372364805785,0.0,0.0,-1,0.0,0,52.08571428571429,0.03383026326170623,0.0,-0.7277068753035099,0.0075690483249478266,0.012335880574116413,-0.0014161996943453659,-0.002939979654120073,-1.161653536426452,0.0,0.0
2022-09-01,9.8011,9.8011,0.0,0.0,0.0,0.0,0.0,9.80644,9.814725,9.814483333333333,3,1,9,9.806234566840203,9.80679194332244,26.350245499180048,-0.0005479571739250844,0.0031354926539919788,9.83730742213525,9.792142577864748,0.0004985346260515193,0.0007770874333834455,0.000767942163944768,1985651.0,-1.2066907542863352,0.0,0.0,-1,0.0,0,49.371428571428574,0.04551549565442357,0.0,-0.7270902515969734,0.0038966080984479644,0.012335880574116413,-0.0003977562468128193,-0.002939979654120073,-2.0049881793925977,0.0,0.0
2022-09-02,9.8011,9.8011,0.0,0.0,0.0,0.0,0.0,9.80455,9.81428,9.814186666666668,4,2,9,9.805301009232894,9.806424721172606,11.937377690799707,-0.0010061439004189765,0.002307165343109788,9.837593388970376,9.790966611029624,0.0004985346260515193,0.0006376247445268793,0.0007435839649341486,1985651.0,-1.1306807445925589,0.0,0.0,-1,0.0,0,42.457142857142856,0.048798889243612975,0.0,-0.6568986273655505,0.0007968597258873436,0.010121979022795295,0.00011224489795913506,-0.0009072375127421317,2.236067977510688,0.0,0.0
2022-09-06,9.8,9.8011,0.0019264980908764453,0.0019264980908764453,-0.001133167733079296,11.251898306178386,-0.00011223859897188516,9.80355,9.81328,9.813853333333332,1,6,9,9.804337189372367,9.80601022303244,14.454976303314751,-0.0014414053653322156,0.0015574512014213872,9.837266364548034,9.789293635451967,0.00040540961130827724,0.0005863324817185663,0.0007437102098975992,1908625.0,-1.1072957699285095,0.0,0.0,-1,0.0,0,40.0,0.05235177362816565,0.001928354980563443,3.680792258534221,0.0007967702924868809,0.00930773959335991,-0.00011223230045598331,-0.0020366598778003286,-2.2360679774888865,0.003061224489796034,0.0
2022-09-07,9.8,9.8,-0.0020387366898482057,-0.0010188487891027657,0.0010209291341073648,-3.1057687961529803,0.0,9.80255,9.812280000000001,9.81352,2,7,9,9.80354860948648,9.805622466707767,18.944099378878803,-0.001765995910602669,0.0008927617790165761,9.83674949551067,9.787810504489332,0.00040540961130827724,0.0005863324817185663,0.0007437102098975992,1908625.0,-1.0036986659284843,0.0,0.0,-1,0.0,0,39.62857142857143,0.06041307977070115,0.0,-0.35812807497928384,0.0007967702924868809,0.00930773959335991,-0.00011223230045598331,-0.0020366598778003286,-2.2360679774888865,0.0010204081632652843,0.0
2022-09-08,9.81,9.8,-0.0010209291341073447,0.0,-0.0010209291341073447,2.0722417723876485,0.0010198879007453808,9.80205,9.811779999999999,9.81352,3,8,9,9.804721589579847,9.805904888210492,38.15165876777159,-0.0012024586351220279,0.00047371769618885534,9.835992619589556,9.787567380410442,0.0005097580139991592,0.0006377918912869067,0.0007682357719251093,1936027.0,-0.1470307657884389,0.0,0.0,-1,0.0,0,40.0,0.06123643673824621,-0.0010204081632654656,0.9381136628038663,0.0074832446472144105,0.01012463239535219,0.000908061340053834,-0.0010183299389001643,2.1747676790557775,0.0020387359836902498,0.0
2022-09-09,9.81,9.81,0.0,0.0,0.0,-4.789025653458613,0.0,9.80255,9.811274999999998,9.81352,4,9,9,9.805681300565329,9.806169088971105,38.15165876777159,-0.0007472375943891052,0.00022952663807326325,9.835176277217997,9.787373722782,0.0003801186878351138,0.000637744751294378,0.0007682357719251093,1936027.0,-0.10668885920772649,0.0,0.0,-1,0.0,0,43.0,0.06098548897006336,-0.0020387359836902498,-0.5378335097163179,0.0074832446472144105,0.010123884071169972,0.000908061340053834,-0.0010285027647375378,2.1747676790557775,0.0020387359836902498,0.0
2022-09-12,9.8,9.81,0.0010209291341073648,-0.0010198879007454116,0.0010209291341073648,3.501148556337736,-0.0010198879007454116,9.80255,9.809775,9.813186666666667,0,12,9,9.804648336826178,9.805771083231035,38.15165876777159,-0.0011797882024264794,-5.233633002668528e-05,9.832462986619833,9.787087013380168,0.000483682496640462,0.0006214175028314438,0.0007904702979390574,1928468.0,-0.8616895067678645,0.0,0.0,-1,0.0,0,47.0,0.07241869536953553,-0.0010193679918450342,-0.07552671199033176,0.011476037567472386,0.009864697037008659,-0.00011223230045598331,-0.003051881993896166,0.15589046984739144,0.0,0.0
2022-09-13,9.8,9.8,0.0010198879007453808,0.0010198879007453808,0.0,-2.1899748256859533,0.0,9.80244,9.807775000000001,9.812853333333333,1,13,9,9.803803184675962,9.805398755280645,38.15165876777159,-0.0015052362491516647,-0.00034291631385168116,9.825821941715487,9.789728058284515,0.00048209077554216197,0.0005591280463371628,0.0007904702979390574,1928468.0,-0.8616418363371973,0.0,0.0,-1,0.0,0,36.0,0.06450334020241524,0.0010204081632652843,-0.4080321173783719,0.011448216170307883,0.00887588256989719,0.0,-0.004065040650406471,0.002163508295568654,0.0010204081632652843,0.0
2022-09-14,9.8,9.8,-0.0010198879007454116,-0.0005098139289622468,0.0,1.4564685676526732,0.0,9.802330000000001,9.806275,9.812520000000001,2,14,9,9.803111696553058,9.805050448488347,29.838709677419246,-0.001743063223091923,-0.0006229456956997296,9.821273508698413,9.791276491301586,0.00048209077554216197,0.0005266101674373255,0.0007904702979390574,1928468.0,-0.8367498564256846,0.0,0.0,-1,0.0,0,41.0,0.06442136084244664,0.0,-0.25611035762280193,0.011448216170307883,0.008359677245503485,0.0,-0.003051881993896166,0.002163508295568654,0.0005102040816325515,0.0
2022-09-15,9.8,9.8,0.0,0.0,0.0,1.0985204570871645,0.0,9.802220000000002,9.805275,9.81152,3,15,9,9.80254593354341,9.804724613102003,40.80882352941258,-0.0019095309294776541,-0.0008802627424553145,9.819036406752497,9.791513593247503,0.00048209077554216197,0.0004862890996003568,0.0006870245161172102,1928468.0,-0.7666367392333755,0.0,0.0,-1,0.0,0,40.0,0.06433110823196518,0.0,0.13595716880610367,0.007236794841711672,0.00771960013694438,-0.0010193679918449883,-0.0020366598778003286,-2.2360679774997743,0.0005102040816325515,0.0
2022-09-16,9.8,9.8,0.0,-0.0005100739717832513,0.0,-9.29550838434606,0.0,9.80211,9.804275,9.81052,4,16,9,9.802083036535516,9.804419799353488,50.0,-0.002018193309927696,-0.001107848855949791,9.816332210117078,9.792217789882923,0.00048209077554216197,0.0004862890996003568,0.0006870245161172102,1928468.0,-0.70911926697618,0.0,0.0,-1,0.0,0,35.285714285714285,0.06267010320267953,0.0,-0.4848885300174326,0.007236794841711672,0.00771960013694438,-0.0010193679918449883,-0.0020366598778003286,-2.2360679774997743,0.0,0.0
2022-09-19,9.8,9.8,0.0,0.0,0.0,7.444248649496705,0.0,9.802,9.803275000000001,9.810186666666668,0,19,9,9.801704302619966,9.804134651008102,47.393364928911666,-0.002080328299626899,-0.0013023447446852126,9.812916330985681,9.793633669014321,0.00048209077554216197,0.0004862890996003568,0.0005820351525695396,1928468.0,-0.6793667813841288,0.0,0.0,-1,0.0,0,36.31428571428571,0.06270037793626326,0.0,-0.3931520631900213,0.0,0.00771960013694438,0.0,-0.0020366598778003286,0.0,0.0,0.0
2022-09-20,9.8,9.8,0.0,0.0,0.0,-6.75110146893676,0.0,9.802000000000001,9.802775,9.80952,1,20,9,9.801394429416334,9.803867899330161,47.393364928911666,-0.0021053021143515593,-0.001462936218618482,9.811974971396781,9.79357502860322,0.00048077990046962456,0.00043598589321353336,0.0005471386418121093,1928468.0,-0.6032627451365143,0.0,0.0,-1,0.0,0,36.114285714285714,0.062140335778995616,0.0,-0.4604709594136855,0.0,0.006921061491452235,0.0,-0.0010193679918449883,0.0,0.0,0.0
2022-09-21,9.8,9.8,0.0,0.0,0.0,9.217216675915616,0.0,9.802000000000001,9.802275,9.808853333333333,2,21,9,9.80114089679518,9.803618357437893,47.393364928911666,-0.0021008764465229035,-0.0015905242641993664,9.810890011379554,9.793659988620446,0.00048077990046962456,0.00043598589321353336,0.0005471386418121093,1928468.0,-0.5281478804307608,0.0,0.0,-1,0.0,0,27.0,0.06234308291129986,0.0,0.6317748890593241,0.0,0.006921061491452235,0.0,-0.0010193679918449883,0.0,0.0,0.0
2022-09-22,9.8,9.8,0.0,0.0,0.0,-7.137775134235779,0.0,9.801,9.801525000000002,9.808186666666668,3,22,9,9.800933461014237,9.803384915022546,47.393364928911666,-0.0020734674310283197,-0.0016871128975651571,9.807757976818262,9.79529202318174,0.0003223524628101316,0.00041592857060603674,0.0005471386418121093,1928468.0,-0.489332800190529,0.0,0.0,-1,0.0,0,24.0,0.06256083647620986,0.0,-0.4683548822114124,0.0,0.006602661365940858,0.0,-0.0015282730514517562,0.0,0.0,0.0
2022-09-23,9.82,9.8,0.0010198879007453808,0.002038736689848309,0.0010198879007453808,5.704407279425043,0.002038736689848309,9.802000000000001,9.802275,9.808183333333336,4,23,9,9.804400104466193,9.804456855988834,72.99270072992836,-0.0004329222772216923,-0.0014362747734964643,9.812560784775032,9.791989215224968,0.0007527510073345351,0.0005809779982987197,0.0006691280140868301,1933271.0,3.446504158443556,0.0,0.0,-1,0.0,0,21.0,0.048672511697271645,0.0010204081632652843,-0.21362438103766648,0.014488358652489076,0.009222739804191115,0.0020408163265306367,0.0015298317185110655,2.2360679774997916,0.0010183299389001819,0.0
2022-09-26,9.8,9.82,-0.0010198879007454116,-0.0020387366898482057,-0.0010198879007454116,-2.9963570783228333,-0.0020387366898482057,9.802000000000001,9.802275,9.807183333333333,0,26,9,9.803600085472338,9.80416931689278,50.0,-0.0007381028857533778,-0.0012966403959478472,9.812560784775032,9.791989215224968,0.0009610707575331789,0.0007404995578561797,0.0007382669681055975,1933031.0,-0.44235807957438245,0.0,0.0,-1,0.0,0,17.62857142857143,0.06432227990083103,-0.0020366598778003638,-0.4681768541884432,0.022884785572942018,0.011755066056244424,0.0,0.0,0.004324808372492712,0.0,0.0
2022-09-27,9.8,9.8,0.0,0.0,0.0,-0.5533852381847867,0.0,9.802000000000001,9.802220000000002,9.80585,1,27,9,9.802945524477366,9.80390032870615,50.0,-0.0009687930732269479,-0.0012310709314036672,9.81254393234018,9.791896067659824,0.0009610707575331789,0.0007400313619369685,0.0007078372771724823,1933031.0,-0.43006868446079916,0.0,0.0,-1,0.0,0,16.514285714285716,0.0592253291914465,0.0,-0.4346407845111256,0.022884785572942018,0.011747633676441894,0.0,-0.00011223230045598331,0.004324808372492712,0.0,0.0
2022-09-28,9.8,9.8,0.0,0.0,0.0,-4.23410650459726,0.0,9.802,9.802165,9.80485,2,28,9,9.80240997457239,9.803648694596077,40.0,-0.0011384928716946519,-0.0012125553194618642,9.812525710197987,9.791804289802014,0.0009610707575331789,0.0007400313619369685,0.000688281804470291,1933031.0,-0.4179250183873713,0.0,0.0,-1,0.0,0,17.0,0.05952904620307383,0.0,-0.4421839199269267,0.022884785572942018,0.011747633676441894,0.0,-0.00011223230045598331,0.004324808372492712,0.0,0.0
2022-09-29,9.81,9.8,0.0010198879007453808,0.0010198879007453808,0.0010198879007453808,10.506436465177925,0.0010198879007453808,9.803,9.80261,9.804516666666668,3,29,9,9.80378997919559,9.80405845623504,50.0,-0.00046075347879437345,-0.0010621949513283662,9.813527663139993,9.791692336860006,0.0010137485055047547,0.0007747792589955847,0.0006953150989685664,2006131.0,1.3537695576867086,0.0,0.0,-1,0.0,0,13.257142857142858,0.05043950933393445,0.0010204081632652843,2.684060987342287,0.024001763783524414,0.012299239441639322,0.0010204081632652073,0.000908061340053834,-0.5484941002198096,0.0,0.0
2022-09-30,9.81,9.81,0.0,0.0,0.0,-0.32907422492122923,0.0,9.804,9.803055,9.804183333333333,4,30,9,9.8049190738873,9.804441781639232,60.0,7.548967494486192e-05,-0.0008346580260737206,9.814429482059538,9.791680517940463,0.0010137485055047547,0.0007747792589955847,0.0006953150989685664,2006131.0,1.221154504204718,0.0,0.0,-1,0.0,0,16.45714285714286,0.05119604601153797,0.0,1.5681308202413382,0.017717442094912352,0.012299239441639322,-0.0010183299389001643,0.000908061340053834,-1.290322630989495,0.0,0.0
2022-10-03,9.81,9.81,0.0020366605818033334,0.0020366605818033334,0.0,-2.4606787477289025,0.0,9.805000000000001,9.803500000000001,9.80385,0,3,10,9.805842878635062,9.804800376372185,60.0,0.0004947629187608271,-0.0005687738371068111,9.815242858973,9.791757141027002,0.0010137485055047547,0.0007747792589955847,0.0006953150989685664,2006131.0,1.107055788534123,0.0,0.0,-1,0.0,0,20.0,0.052051581478194185,0.0020387359836900685,-0.4070074927396094,0.007244179326243813,0.012299239441639322,0.0010204081632652073,0.000908061340053834,2.2360679774998036,0.0020387359836900685,0.0
2022-10-04,9.81,9.81,-0.002036660581803459,-0.002036660581803459,0.0,-8.409830673087738,0.0,9.806000000000001,9.804,9.80385,1,4,10,9.806598718883231,9.805135835961076,60.0,0.0008176150280885253,-0.00029149606406774387,9.815964860833066,9.792035139166934,0.0010137485055047547,0.0007739814434060962,0.0006699860603655666,2006131.0,1.002936863823509,0.0,0.0,-1,0.0,0,27.88571428571429,0.05304766789560904,0.0,-0.5394182104920393,0.007244179326243813,0.01228657451178806,0.0010204081632652073,0.0010204081632652073,2.2360679774998036,0.0,0.0
2022-10-05,9.81,9.81,0.0,0.0,0.0,1.0986122886681098,0.0,9.807,9.8045,9.80385,2,5,10,9.807217133631733,9.805449652995845,60.0,0.0010612442872126593,-2.0947993811663254e-05,9.81659610637733,9.792403893622671,0.0010137485055047547,0.0007739814434060962,0.0006699860603655666,2006131.0,0.9093835368888264,0.0,0.0,-1,0.0,0,29.0,0.048505878208810166,0.0,-0.5283300924516316,0.007244179326243813,0.01228657451178806,0.0010204081632652073,0.0010204081632652073,2.2360679774998036,0.0,0.0
2022-10-06,9.83,9.81,0.0020366605818033334,0.0020366605818033334,0.0015278841780531714,9.263501920090414,0.0020366605818033334,9.81,9.8055,9.80435,3,6,10,9.811359472971416,9.807033546350953,71.42857142857143,0.002835469555332537,0.0005503355160171769,9.822011558950193,9.788988441049808,0.0011819104550295344,0.0008687807562347577,0.0007619310343275904,2037769.0,2.9676180273351562,0.0,0.0,-1,0.0,0,23.142857142857142,0.04329725625548839,0.0020387359836900685,1.0584452775106103,0.014473589683423221,0.013791466949014782,0.0020387359836899765,0.0020387359836899765,2.236067977499791,0.0005086469989827855,0.0
2022-10-07,9.83,9.83,0.0,0.0,0.0005087764037504224,-10.362114208758525,0.0,9.811,9.806500000000002,9.805183333333332,4,7,10,9.814748659703886,9.808515253037989,71.42857142857143,0.0041932190439695205,0.0012789122216076457,9.826261738683835,9.786738261316168,0.0010133066488057186,0.0008687807562347577,0.0007348157974096501,2037769.0,2.378333240406915,0.0,0.0,-1,0.0,0,19.0,0.04383982507650521,0.0,-0.5326908390587813,0.014473589683423221,0.013791466949014782,0.0020387359836899765,0.0020387359836899765,2.236067977499791,0.0,0.0
2022-10-10,9.83,9.83,-0.0010178117927006035,0.0,-0.0010178117927006035,9.18594521514146,0.0,9.814,9.808000000000002,9.806183333333335,0,10,10,9.817521630666816,9.809901365745215,71.42857142857143,0.005209196916331038,0.0020649691605523243,9.830100250058559,9.785899749941445,0.000688140888325214,0.0008284863001233854,0.0007264254044352727,2037769.0,1.9909276991624465,0.0,0.0,-1,0.0,0,19.0,0.03575380353700264,-0.0010172939979653903,-0.047379440634153,0.014473589683423221,0.013151812288502993,0.0020387359836899765,0.003061224489795844,2.236067977499791,0.0010172939979653903,0.0
2022-10-11,9.82,9.83,0.0,-0.0010178117927006035,0.0,-0.604276004540859,-0.0010178117927006035,9.816,9.809000000000001,9.806813333333334,1,11,10,9.817972243272848,9.810552890535847,62.50000000000001,0.0051481061107327974,0.002681596550588419,9.831384204957928,9.786615795042074,0.0008038552319951298,0.000868639950113411,0.0007546096385169242,2032436.0,0.9828358899210541,0.0,0.0,-1,0.0,0,16.0,0.043332062427138406,-0.0010172939979653903,-0.282734734962779,0.01771744205118938,0.013789231721133827,0.0010193679918450993,0.0020408163265306367,1.2961356242970805,0.0,0.0
2022-10-12,9.82,9.82,0.0,0.0,0.0,-4.00695823209722,0.0,9.818000000000001,9.81,9.807443333333334,2,12,10,9.818340926314148,9.811162381469018,62.50000000000001,0.005041575068046811,0.0031535922540800974,9.832478059478403,9.787521940521598,0.0008038552319951298,0.000868639950113411,0.0007546096385169242,2032436.0,0.8897565209851286,0.0,0.0,-1,0.0,0,15.942857142857145,0.04348773457867103,0.0,-0.5362671377328319,0.01771744205118938,0.013789231721133827,0.0010193679918450993,0.0020408163265306367,1.2961356242970805,0.0,0.0
2022-10-13,9.85,9.82,0.0015263294746479246,0.0030503328176228754,0.0015263294746479246,7.142696998625106,0.0030503328176228754,9.822,9.8125,9.809073333333336,3,13,10,9.824097121529757,9.813668034277468,66.66666666666666,0.007293819122146772,0.0039816376276934325,9.840691077349508,9.784308922650492,0.001195480593534092,0.0010900853082206185,0.0009310995281924619,2155125.0,2.660416239867759,0.0,0.0,-1,0.0,0,19.0,0.025057242304857258,0.0015274949083503634,3.328179127541595,0.0245123798831452,0.0173045678003817,0.0020345879959307034,0.005102040816326481,1.7496473922659814,0.001522842639593786,0.0
2022-10-14,9.86,9.85,0.0015240033429749732,0.001014713430546605,0.0015240033429749732,-2.371925011210013,0.001014713430546605,9.827000000000002,9.8155,9.811036666666666,4,14,10,9.830624917615255,9.816657193356342,87.5,0.009772998148894985,0.0051399097319337434,9.8501258193902,9.7808741806098,0.001200114931478488,0.0011011649398025897,0.0009432163730676756,2166572.0,2.5703362856789895,0.0,0.0,-1,0.0,0,16.45714285714286,0.021027883378987672,0.0,-0.17208533970201395,0.024508601910242487,0.017480451499086377,0.003051881993896277,0.006122448979591688,1.1212145750501024,0.001014198782961439,0.0
2022-10-17,9.8606,9.86,0.0005074854206861582,0.001013684830846201,0.0005074854206861582,2.3455217365875742,6.085007557439954e-05,9.83206,9.81853,9.81302,0,17,10,9.836074932594299,9.819492213139805,87.5930521091812,0.011651864928838407,0.006442300771314677,9.857746382184002,9.779313617816,0.0011973975406339352,0.001100359263599253,0.0009428364213246122,2286064.0,2.1455319260511154,0.0,0.0,-1,0.0,0,23.4,0.02115026034682848,-0.0005070993914806294,2.4857246472332966,0.02441672855406535,0.01746766178585875,0.003112919633774025,0.0061836734693876405,1.1013971722794569,0.0015212056061496048,0.0
2022-10-18,9.885,9.8606,0.0015209128407065232,0.003034903695154111,0.0015209128407065232,1.964531920008147,0.002471437932461903,9.83956,9.82278,9.815853333333335,1,18,10,9.844970399395335,9.823718521969496,90.47619047619055,0.014937565512225248,0.008141353719496792,9.870943738270972,9.774616261729028,0.0013276832704687705,0.0011985401670300399,0.0010275634185646922,3138230.0,2.583686492520421,0.0,0.0,-1,0.0,0,28.800000000000004,0.016535492589027707,0.0009532888465204357,4.159463140249786,0.02211601616775926,0.01902623530969981,0.006619144602851179,0.00867346938775504,0.37149162493535637,0.0030349013657057296,0.0
2022-10-19,9.87,9.885,0.0,-0.0030349036951541584,0.0,-5.134949198029945,-0.0015186031771901275,9.845559999999999,9.82628,9.818186666666668,2,19,10,9.84952123586891,9.826704423777917,77.27272727272683,0.016145022487675575,0.00974208747313255,9.877547291306643,9.775012708693358,0.0015000665909209424,0.001273078099879729,0.0010783438699845521,3133213.0,1.7055708965975418,0.0,0.0,-1,0.0,0,29.428571428571427,0.010322178073011636,-0.0015174506828528648,-0.31491176400888937,0.029287663783611795,0.020209488311066465,0.005091649694500822,0.0071428571428568954,-0.37279776547171867,0.0,0.0
2022-10-20,9.9,9.87,0.0020242921892306607,0.003034903695154111,0.0020242921892306607,0.8458160831235174,0.003034903695154111,9.85256,9.831280000000001,9.821186666666668,3,20,10,9.858699192983654,9.831433170630955,82.14285714285697,0.019300209320434192,0.011653711842592878,9.890624829952849,9.771935170047154,0.0016333666637283598,0.0014030439587192907,0.00118646118859263,3144902.0,2.3159557472689882,0.0,0.0,-1,0.0,0,39.08571428571429,0.015171794017650725,0.0020263424518745035,-0.2830478245624079,0.029219966953897572,0.0222726323595769,0.005076142131979822,0.010204081632652962,-0.37976524200036366,0.0010101010101009886,0.0
2022-10-21,9.8818,9.9,0.0,-0.0010106115059235032,-0.0010116338748442624,-1.7645015477326045,-0.0018400757398466612,9.85774,9.834370000000002,9.82358,4,21,10,9.862899339713898,9.834682643493474,72.69279393173176,0.02010042453902905,0.013343054381880113,9.897553378893894,9.771186621106109,0.0018155799205007202,0.0014475202965057107,0.001248612352259454,3142900.0,1.5013442088828486,0.0,0.0,-1,0.0,0,43.0,0.00846005669059676,-0.0010101010101009886,-0.3334285073055689,0.03555231156772038,0.022978672333635534,0.0022109533468559484,0.006293279022403286,0.2365152579409147,0.001011961383553582,0.0
2022-10-24,9.8934,9.8818,0.0010106115059234598,0.0010106115059234598,0.0,0.04779066383634848,0.0011731867521429093,9.86408,9.83904,9.826693333333335,0,24,10,9.86844491431137,9.838470860042284,74.55830388692551,0.021423665242611634,0.014959176554026416,9.905260887148744,9.772819112851257,0.001815655268938013,0.0013476052404101933,0.0012362454113976058,3145000.0,1.6417780655187213,0.0,0.0,-1,0.0,0,47.0,0.013569329385896943,0.0018417697180675803,-0.3334604107915997,0.03567488914759928,0.02139256998967669,0.0033263695921139647,0.009530612244897929,-0.24686169554518003,0.002021549720015321,0.0
2022-10-25,9.9,9.8934,0.0,0.0,0.0010116338748442258,1.645540215282631,0.0006668889877037743,9.87208,9.84404,9.830026666666667,1,25,10,9.874182202618394,9.84244048197504,75.51020408163247,0.022742743682824695,0.016515889979786074,9.912897943776185,9.775182056223814,0.0017199608653616833,0.0013434726450218283,0.0012363471236958726,3155886.0,1.6253752851491619,0.0,0.0,-1,0.0,0,51.371428571428574,0.016779847462527024,0.0006671114076051313,-0.2901364898210285,0.032024684846107716,0.021326967071675494,0.0015174506828528056,0.010204081632652962,0.2666571635907376,0.0010101010101009886,0.0
2022-10-26,9.935,9.9,0.0010095912013522745,0.00403226352793823,0.0010106115059234598,4.914182260491138,0.0035291188632358955,9.88358,9.85079,9.834526666666667,2,26,10,9.885239983960505,9.848412063783101,77.42946708463938,0.026309055923073643,0.01847452316844359,9.927491304456295,9.774088695543705,0.0018892853678783626,0.001496857313265679,0.0013647247148113237,4638645.0,2.19579055654745,0.0,0.0,-1,0.0,0,53.8,0.03931355698353173,0.0010101010101009886,3.6495447731562116,0.03394270988263666,0.023761873194295745,0.006585612968591725,0.01377551020408152,-0.6642329390678026,0.004026170105686879,0.0
2022-10-27,9.93,9.935,0.0020161297151844956,-0.000503144664702417,0.00302572091653689,-2.1176147843551294,-0.0005033979466990009,9.891580000000001,9.85679,9.838860000000002,3,27,10,9.893378168694957,9.853675801603547,75.45824847250469,0.028404496499643273,0.020460517834683528,9.938656486942133,9.774923513057868,0.0018281936578972582,0.0015175395119006079,0.0013736010488475457,4460242.0,1.7885218417091062,0.0,0.0,-1,0.0,0,54.0,0.03458277394523205,-0.0005032712632109493,0.09049056483255852,0.03186075391435579,0.024090192919220113,0.003030303030302939,0.012232415902140525,0.47955496984135676,0.0005035246727090415,0.0
2022-10-28,9.93,9.93,0.0,-0.0005033979466990009,0.0,-12.091800315130154,0.0,9.89858,9.86279,9.843193333333335,4,28,10,9.90003668347769,9.858599943435577,75.45824847250469,0.029722525481290063,0.022312919364004834,9.947748786293468,9.777831213706532,0.001843698810867573,0.0015175395119006079,0.0013736010488475457,4460242.0,1.5821789112626963,0.0,0.0,-1,0.0,0,57.114285714285714,0.03297782772337076,0.0,-0.38660057802681963,0.024880052850341894,0.024090192919220113,0.004877653868728293,0.012232415902140525,1.3654923321067374,0.0,0.0
2022-10-31,9.94,9.93,0.0010065426114014722,0.0010065426114014722,0.0010065426114014722,7.003065458786462,0.0010065426114014722,9.90652,9.86929,9.84786,0,31,10,9.9073027410272,9.86385155998812,80.54989816700555,0.031214171828946036,0.024093169856993075,9.957087707679213,9.781492292320786,0.0018309633145149927,0.0015129628301664433,0.0013747751776992487,4461342.0,1.610748204460054,0.0,0.0,-1,0.0,0,64.05714285714286,0.04095339020491208,0.001007049345417904,-0.38308601721673585,0.024824004888816188,0.024017540349029167,0.004710210847635787,0.013251783893985625,1.4806063497453519,0.0,0.0
2022-11-01,9.95,9.94,0.0,0.0015079168476769278,-0.000503144664702417,6.873818616972227,0.0010055305020187962,9.91302,9.876290000000001,9.85286,1,1,11,9.915065879022254,9.869409523859856,81.49224806201494,0.03282484435968591,0.025839504757531644,9.966475630784748,9.786104369215254,0.0017386446898271302,0.0015065913907576205,0.0013750881737842598,5524638.0,1.634628473707265,0.0,0.0,-1,0.0,0,63.0,0.04698130446865119,0.0,2.0655464994412926,0.0247045293211774,0.023916396884013598,0.005050505050504972,0.014271151885830724,1.2865427368740086,0.0020100502512562387,0.0
2022-11-02,9.93,9.95,0.0005028916374529959,-0.0010050252102240388,-0.0005033979466990009,-2.928818123046937,-0.0020120731134201197,9.91902,9.882290000000001,9.857193333333333,2,2,11,9.91778117374548,9.87331858683664,70.36659877800385,0.03211725338679372,0.027095054483384062,9.969834608779529,9.794745391220474,0.0018125061735049226,0.0016192665313417317,0.0014477152225565396,5467794.0,1.0899586088768063,0.0,0.0,-1,0.0,0,55.0,0.027225071791875024,-0.0005025125628139704,-0.33774538915716906,0.019874532042195473,0.025705059289562394,-0.0005032712632109249,0.012232415902140525,-0.9177340834586517,0.0015105740181269455,0.0
2022-11-03,9.93,9.93,-0.0015094342488544033,-0.0015094342488544033,0.0,-7.451558391245272,0.0,9.92202,9.88729,9.861526666666666,3,3,11,9.920002778519027,9.87697545220202,68.77682403433458,0.031196864409322345,0.02791541646857172,9.973675035254006,9.800904964745994,0.001602028821992361,0.0015884245087697342,0.0014477152225565396,5467794.0,0.9888286755782569,0.0,0.0,-1,0.0,0,55.51428571428572,0.033758780471016,0.0,-0.4687762263883476,0.019549760043256627,0.025215457359627918,0.0,0.010172939979654183,-1.3591835779822268,0.0,0.0
2022-11-04,9.92,9.93,-0.0007354163744989967,-0.0005036514838270171,-0.0010075567602998278,9.692268829116959,-0.0010075567602998278,9.925839999999999,9.89179,9.864859999999998,4,4,11,9.92000227333375,9.879751229479309,65.16853932584257,0.029322521314046668,0.02819683743766671,9.974924739081525,9.808655260918476,0.0014966175314402072,0.001620983393167606,0.001438443820799225,4933460.0,0.6786573293346407,0.0,0.0,-1,0.0,0,56.0,0.025357639869137725,-0.0007351460221549823,0.7341035938822777,0.02081785832789224,0.025732313626122733,-0.001007049345417954,0.00915564598168861,-0.5391856522962423,0.0005040322580645949,0.0
2022-11-07,9.93,9.92,-0.00027214038580076463,0.0005036514838270853,0.0,-0.03558511366965926,0.0010075567602997706,9.9295,9.89679,9.869193333333333,0,7,11,9.921820041818522,9.882993085641935,62.40352811466359,0.0283175798996389,0.02822098593006115,9.976223624062033,9.817356375937965,0.0014878225776161146,0.001621696126082786,0.0013708881552626005,5449114.0,0.8361698309034772,0.0,0.0,-1,0.0,0,59.65714285714286,0.0314029093239105,0.0,0.6277832192677777,0.02082156995745404,0.025743627910391396,-0.001006036217303774,0.010172939979654183,-0.5388502216887967,0.001007049345417904,0.0
2022-11-08,9.93,9.93,0.0010075567602997706,0.0010065426114014722,0.0010075567602997706,-2.5530128301943407,0.0,9.9325,9.902289999999999,9.873526666666667,1,8,11,9.923307306942426,9.886025789794068,68.02884615384617,0.027207525174395286,0.028018293778927977,9.974214343291726,9.830365656708272,0.0014879926110225414,0.001586936440151528,0.0013708881552626005,5449114.0,0.7705318875866147,0.0,0.0,-1,0.0,0,57.0,0.008124138817592944,0.0,-0.495973055575918,0.018209728297985447,0.02519183500264248,-0.0020100502512562235,0.011201629327902252,-0.4000295860168415,0.001007049345417904,0.0
2022-11-09,9.94,9.93,0.0010065426114014722,0.0010055305020187962,-0.0010075567602998278,2.1394915670904515,0.0010065426114014722,9.932999999999998,9.90829,9.878193333333334,2,9,11,9.926342342043803,9.889507996904129,63.66120218579207,0.026825487709611906,0.027779732565064764,9.97070234358388,9.845877656416118,0.0010186343299510795,0.0015842632545018673,0.0013720646950420093,5790125.0,1.0161451462684739,0.0,0.0,-1,0.0,0,54.0,-0.013035910399293056,0.001007049345417904,0.17473829646769976,0.013379046208861106,0.025149399496018625,0.001007049345417954,0.012219959266802416,-0.5116253081159458,0.0030181086519114044,0.0
2022-11-10,9.99,9.94,0.006018072325563166,0.007010544486217302,0.007031671363680747,1.371085198063189,0.005017571991979571,9.939,9.91529,9.884193333333334,3,10,11,9.937916461672202,9.895991351942573,80.35914702581366,0.03020907103253556,0.028265600258558926,9.98146596638034,9.849114033619662,0.0018488454162576516,0.0017926475462936122,0.0016030125976532442,7133580.0,2.257919425629944,0.0,0.0,-1,0.0,0,60.34285714285714,0.022476500265607494,0.006036217303822988,2.1041684537781817,0.0364207801719664,0.028457397575298277,0.0060422960725075026,0.014213197969543234,1.4909526266507334,0.003003003003002939,0.0
2022-11-11,10.01,9.99,0.0,-0.0009985023295895493,0.0,-3.7284591570045773,0.0020000006666670215,9.947,9.922789999999999,9.89086,4,11,11,9.951022559549983,9.90334674859144,81.24330117899245,0.03411120530510914,0.029434721267868967,9.996187946336216,9.849392053663783,0.0018842134780099097,0.0018150048513905321,0.0016184476033115087,7165863.0,2.3763607662948694,0.0,0.0,-1,0.0,0,63.0,0.03556546956078335,0.0010010010010009797,-0.6174065137231478,0.030710465123807602,0.02881230879093056,0.009072580645161255,0.015212981744421983,1.5227255764942693,0.0019980019980019555,0.0
2022-11-14,9.99,10.01,0.0,-0.0009995003330834993,0.0,1.2473541081385917,-0.002000000666666999,9.952,9.92926,9.89686,0,14,11,9.958109366904532,9.90893728094038,72.50000000000004,0.03518425973171091,0.030584628960637357,10.002388362991008,9.85613163700899,0.002077960264436626,0.0019123301817591087,0.0016868149512307923,7053482.0,1.6611885598333216,0.0,0.0,-1,0.0,0,62.0,-0.0136568696171976,-0.0009990009990009777,-0.45020083618446555,0.041256622135265666,0.030357300513465295,0.0060422960725075026,0.013122933695718375,0.5125918976284198,0.0010010010010009797,0.0
2022-11-15,10.0,9.99,0.0,0.0,0.001000500333583622,0.16119487592014575,0.001000500333583622,9.956999999999999,9.93501,9.903193333333332,1,15,11,9.965725845649162,9.91481229507326,68.57142857142854,0.03642173246216274,0.03175204966094244,10.011492950284838,9.858527049715162,0.002077825654660445,0.001866325773717409,0.001684279372064212,7185520.0,1.6994637303598812,0.0,0.0,-1,0.0,0,66.91428571428573,-0.008011957914931003,0.0010010010010009797,-0.3450055009383277,0.04000273019469971,0.02962700317611883,0.007049345417925457,0.01163378856853825,0.20974008371175137,0.0,0.0
2022-11-16,10.0,10.0,0.0,0.0,0.0,-2.5521115924498385,0.0,9.964,9.94151,9.909526666666666,2,16,11,9.971957510076587,9.920308276036275,70.58823529411795,0.036976199900983886,0.032796879708950726,10.01681736736211,9.866202632637888,0.0018970300567669588,0.0018064471382408043,0.001684279372064212,7185520.0,1.5533672746453777,0.0,0.0,-1,0.0,0,65.08571428571427,-0.012720809571162365,0.0,-0.6063089792283153,0.04125850268822781,0.028676459306216914,0.006036217303823088,0.01317122593718345,0.5148309925588083,0.0,0.0
2022-11-17,10.01,10.0,0.0004998750416512148,0.0009995003330834232,0.0004998750416512148,1.1153519042742315,0.0009995003330834232,9.972,9.94701,9.915526666666667,3,17,11,9.978874326426299,9.926094838872645,72.2222222222225,0.03778695131429366,0.03379489403001931,10.025550633801627,9.868469366198374,0.0018820750370259287,0.0017203287595128863,0.0016651226008066685,7216905.0,1.6040104835185083,0.0,0.0,-1,0.0,0,61.0,-0.009275319763692133,0.0005000000000000782,-0.5639879062715604,0.024072293938802586,0.02730937242566004,0.002002002002001957,0.011111111111111072,-1.1156476864341403,0.0004995004995004002,0.0
2022-11-18,10.01,10.01,0.0004996252914324798,0.0,0.0004996252914324798,-6.857577789285152,0.0,9.981,9.95342,9.921526666666667,4,18,11,9.984533539803335,9.931508075074412,70.58823529411795,0.03799153488524176,0.034634222201063804,10.030463572087935,9.876376427912064,0.0017995155377735015,0.001632649522820553,0.0016651226008066685,7216905.0,1.4687792496282948,0.0,0.0,-1,0.0,0,60.34285714285715,-0.013247471349698814,0.0,-0.6308868502777483,0.019432519932343198,0.02591750769306874,0.0,0.012973344937157183,-1.3591934495288809,0.0,0.0
2022-11-21,10.01,10.01,0.0,0.0,0.0,-3.4965075614664802,0.0,9.989,9.95925,9.927526666666665,0,21,11,9.989163805293638,9.936572070230902,68.75000000000034,0.03771886919427381,0.03525115159970581,10.034802352013738,9.883697647986263,0.0018212068191418396,0.0016337724062590333,0.0016651226008066685,7216905.0,1.3434393145238224,0.0,0.0,-1,0.0,0,60.0,-0.016750166029661326,0.0,-0.6306386619068135,0.008699179626644479,0.02593533291504593,0.002002002002001957,0.011785634867689465,0.6085825231666466,0.0,0.0
2022-11-22,10.01,10.01,-0.0009995003330834993,0.0,-0.0009995003330834993,8.341171747170762,0.0,9.997,9.964749999999999,9.933860000000001,1,22,11,9.992952204331157,9.941309356022458,78.57142857142884,0.03707539756523204,0.035616000792811055,10.03812538666674,9.891374613333257,0.0018212068191418396,0.0016388586817777109,0.0016411019737050726,7216905.0,1.2333836196467038,0.0,0.0,-1,0.0,0,60.0,-0.02046325252477555,-0.0009990009990009777,-0.6206495236462151,0.007099295739718814,0.026016075035777794,0.0009999999999998899,0.011111111111111072,2.2360679774998165,0.0009990009990009777,0.0
2022-11-23,10.01,10.01,0.0009995003330834232,0.0,0.0009995003330834232,-4.298120479336212,0.0,10.004000000000001,9.9685,9.940193333333333,2,23,11,9.996051803543674,9.945741010472624,78.57142857142884,0.03614874147335989,0.03572254892892082,10.043128906492623,9.893871093507379,0.0018365235897427655,0.0014836695324332194,0.0016411019737050726,7216905.0,1.1121695854970495,0.0,0.0,-1,0.0,0,64.0,-0.006682479530274278,0.0,-0.5824618876878166,0.007099295739718814,0.023552523663730673,0.0009999999999998899,0.007549068948162985,2.2360679774998165,0.0,0.0
2022-11-25,10.01,10.01,0.0,0.0,0.0,0.8696036179015018,0.0,10.006,9.9725,9.945526666666666,4,25,11,9.998587839263006,9.949886751732455,84.61538461538483,0.03501077739598557,0.03558019462233377,10.047015982037566,9.897984017962434,0.0010327968554172877,0.0014721746577450422,0.0015797351459049657,7216905.0,1.006495491962906,0.0,0.0,-1,0.0,0,63.08571428571429,0.010264102155303491,0.0,-0.5540459672935052,0.0,0.02337004818507006,0.0,0.00805639476334341,0.0,0.0,0.0
2022-11-28,10.03,10.01,0.0009985023295896,0.0019960086467148783,0.0004993757906523972,4.696595825377621,0.0019960086467148783,10.008000000000001,9.977500000000001,9.951193333333332,0,28,11,10.004299141215187,9.955055348394877,85.7142857142859,0.03531566847614975,0.03552728939309697,10.053415465452135,9.901584534547867,0.0010320220966326908,0.0015107235785501282,0.0016000226669888344,7231807.0,1.383117384246311,0.0,0.0,-1,0.0,0,59.0,0.022451706408699028,0.0009990009990009777,-0.5177665157746927,0.014184407072366264,0.023981993331631153,0.0019980019980019303,0.010070493454179319,2.236067977499797,0.0014955134596210163,0.0
2022-11-29,10.04,10.03,0.0009975063171253381,0.0009965122897388542,0.001496632856062459,-2.115933462251528,0.0009965122897388542,10.013,9.9825,9.957173333333333,1,29,11,10.010790206448789,9.960535648498436,86.66666666666683,0.03594980629136657,0.035611792772750894,10.061139751566207,9.903860248433793,0.000706480189067786,0.0015105486488070016,0.0015988543853887737,7233603.0,1.4623647418720331,0.0,0.0,-1,0.0,0,58.0,0.026563353145523536,0.0,-0.5523726341229745,0.01418087818795608,0.023979216408047822,0.0029970029970030065,0.010060362173038184,1.2604024151186086,0.000996015936254959,0.0
2022-11-30,10.04,10.04,0.0,0.0,-0.0009975063171254136,3.531342851781754,0.0,10.017,9.986999999999998,9.962340000000001,2,30,11,10.016101078003555,9.965662380853376,85.7142857142859,0.036036953510794945,0.03569682492035971,10.068071768076365,9.905928231923632,0.0006984130909517823,0.0015096209722226834,0.0015623573851829605,7233603.0,1.3074835114013348,0.0,0.0,-1,0.0,0,73.0,0.023732498571216454,-0.000996015936254959,-0.3096645615540665,0.01418087818795608,0.0239644899988126,0.0029970029970030065,0.009045226130653283,1.2604024151186086,0.001992031872509918,0.0
2022-12-01,10.05,10.04,0.0009965122897388542,0.001990050408010231,0.0019940186068644495,-2.5100702950977762,0.0009955202415018415,10.022,9.993,9.96834,3,1,12,10.022264518366544,9.971103517572514,80.00000000000036,0.03649227451164805,0.03585591483861737,10.07407176807638,9.911928231923621,0.0007060887308672721,0.0013971048876371766,0.001516040529368277,7238590.0,1.4061615122615712,0.0,0.0,-1,0.0,0,75.0,0.03221479897809681,0.0,-0.4742234527794301,0.013263594173554468,0.022178352528964846,0.003996003996004083,0.012084592145015227,0.5183225211617624,0.0019900497512439154,0.0
2022-12-02,10.05,10.05,0.0009955202415018415,-0.0009945301665083472,0.0009955202415018415,0.45227674864259965,0.0,10.026,9.999,9.97334,4,2,12,10.027307333208991,9.976193613212997,75.00000000000055,0.03643314111332252,0.035971360093558405,10.078180008109975,9.919819991890027,0.0006980335111493541,0.0013971048876371766,0.0014476663884848988,7238590.0,1.2882039599987354,0.0,0.0,-1,0.0,0,68.0,0.02949022278767063,0.0,-0.46692719404277966,0.013263594173554468,0.022178352528964846,0.003996003996004083,0.012084592145015227,0.5183225211617624,0.0,0.0
2022-12-05,10.06,10.05,0.0,0.0009945301665083635,0.0,1.1223533982634422,0.0009945301665083635,10.031,10.005999999999998,9.97928,0,5,12,10.03325145444372,9.981600476876675,99.99999800000003,0.03676933983414088,0.036130956041674905,10.080381661577533,9.931618338422464,0.0007056982268621685,0.0013465804538763768,0.001380557181548259,7262672.0,1.4519707910454043,0.0,0.0,-1,0.0,0,65.0,0.03662475656755531,0.0,-0.3503403476877205,0.008660198193478505,0.021376302007784252,0.0029910269192423566,0.014112903225806495,-0.6085730726928958,0.0009940357852882492,0.0
2022-12-06,10.06,10.06,0.0009945301665083635,0.0,0.0009945301665083635,-10.089219952452165,0.0,10.036,10.0125,9.984833333333333,1,6,12,10.038114826363044,9.986658510626567,99.99999766666672,0.036613719574564385,0.0362275087482528,10.081439332597851,9.943560667402148,0.0007056982268621685,0.0013533632587632925,0.0013802740514944243,7262672.0,1.3780232041724667,0.0,0.0,-1,0.0,0,61.82857142857144,0.04051585640960037,0.0,-0.358737494505808,0.008655878543771487,0.02148397569731777,0.0019920318725101804,0.013091641490433181,0.6085825042619438,0.0,0.0
2022-12-07,10.045,10.06,-0.0009945301665083472,-0.0009547299635222111,-0.0019900504080101475,13.545830800407915,-0.001492166404695458,10.0395,10.01825,9.989666666666666,2,7,12,10.039366676115216,9.990422477682918,79.99999999999953,0.034877963307662796,0.0359575996601348,10.076584335831772,9.959915664168228,0.0009410337707876084,0.0014300334201359198,0.0014297308407201614,6499048.0,0.9171270956831779,0.0,0.0,-1,0.0,0,58.42857142857143,0.03100252970438554,-0.0009940357852882492,1.8520227805756109,0.016179865611251967,0.02270107677714474,0.0004980079681276006,0.01158106747230625,-1.0205127362716973,0.0010353409656546173,0.0
2022-12-08,10.04,10.045,0.0,0.0009547299635221521,0.0,-1.7540016807974868,-0.0004978840033146273,10.0425,10.02325,9.993166666666667,3,8,12,10.03948182591245,9.993621027509828,71.42857142857034,0.03272171024034698,0.035310421776177235,10.069164680602508,9.977335319397493,0.0009741562568067824,0.001445709503274036,0.0013183717759942862,6366880.0,0.729614135618459,0.0,0.0,-1,0.0,0,55.0,0.028169511078163414,0.0004977600796416906,-0.0050811164133205905,0.01433890220106084,0.022949926882234916,-0.0009950248756220859,0.010060362173038184,-0.2645529473643052,0.001992031872510095,0.0
2022-12-09,10.05,10.04,0.0,0.0,0.0009955202415018415,-0.9939488563013601,0.0009955202415018415,10.046499999999998,10.026250000000001,9.997166666666665,4,9,12,10.041394221201095,9.997258380573712,74.99999999999945,0.03145716199398407,0.03453976981973861,10.070838764221847,9.981661235778155,0.000990881051120236,0.00099032926234401,0.0013132656466478005,6415797.0,1.0652907930721895,0.0,0.0,-1,0.0,0,52.0,0.030122663078779865,0.0009960159362551358,-0.11938790260498065,0.016749538133888783,0.015720989665393762,0.0,0.006006006006006093,-0.5217895771570311,0.0009950248756218692,0.0
2022-12-12,10.06,10.05,0.0,0.0,0.0,-4.536388578988025,0.0009945301665083635,10.0495,10.02875,10.001499999999998,0,12,12,10.044777090073623,10.00130622698831,77.77777777777712,0.030905653687073098,0.03381294659320551,10.075075507354743,9.982424492645258,0.0008521281853872926,0.0009225154913728812,0.0013153439645614998,6416321.0,1.3491487426440618,0.0,0.0,-1,0.0,0,57.0,0.04691319498803104,0.0,-0.3947307906293619,0.016749538133888783,0.014644479424663175,0.0,0.004995004995005159,-0.521789577157031,0.0009940357852882492,0.0
2022-12-13,10.11,10.06,0.0059523985272951305,0.004957868360786687,0.0059523985272951305,0.33565401756560936,0.004957868360786687,10.0565,10.034749999999999,10.007166666666667,1,13,12,10.056635800969326,10.008318728472936,85.71428571428498,0.03410996309120762,0.033872349892805936,10.090140954991172,9.979359045008826,0.0017090923550103852,0.0012768080762539024,0.0015524719187316525,6417054.0,2.7170501036492536,0.0,0.0,-1,0.0,0,59.17142857142858,0.033635708369650616,0.004970178926441245,-0.3600163078883995,0.039054872832133505,0.02026869985035972,0.004970178926441138,0.012012012012011963,1.2357077284578122,0.0,0.0
2022-12-14,9.8404,10.11,-0.041399147523042905,-0.006947918768796891,-0.04307064679271947,3.6535420506256653,-0.027028672387919145,10.03654,10.02677,10.003513333333332,2,14,12,10.017320200793083,9.997485262119845,29.29687500000017,0.014725191677451122,0.030042918249734978,10.129228722883079,9.924311277116923,0.008840734968162156,0.006223460231742515,0.005205521243458585,6388752.0,-3.6379528215021235,0.0,0.0,-1,0.0,0,60.0,-0.0528377535485023,-0.04055390702274977,-0.16805268418726502,0.20335637444434126,0.0987943684049466,-0.020368342458934707,-0.015959999999999974,-2.091374375106273,0.03619771554001863,0.0
2022-12-15,9.99,9.8404,0.027454698464409944,0.03522869188374403,0.02912619773408648,0.7750635090232022,0.015088232016001303,10.030539999999998,10.02627,10.005513333333333,3,15,12,10.012352891557976,9.997002341983082,48.211731044349115,0.01130378738830018,0.02629509207744802,10.129374343673316,9.923165656326685,0.010378159819863822,0.007179438405860002,0.0059168948505089755,6450188.0,-0.7035591073625599,0.0,0.0,-1,0.0,0,60.142857142857146,-0.01079049627468409,0.013170196333482372,0.012494158948308123,0.24654865345154603,0.11397005145006944,-0.004980079681274785,-0.0010000000000000009,-1.4140664611772278,0.04304304304304302,0.0
2022-12-16,9.98,9.99,0.0015033828940314653,-0.0402212134868648,0.0010025063496255707,-0.5822677079336204,-0.0010015023370895213,10.02354,10.02477,10.00718,4,16,12,10.006470547638344,9.995905416693851,45.447924253459675,0.0076966610946520575,0.02257540588088883,10.129727236405015,9.919812763594985,0.010377096538629598,0.007178341025980004,0.005920987159818338,6415868.0,-0.8531093525983989,0.0,0.0,-1,0.0,0,44.0,-0.011499039363329041,-0.0005005005005005788,-0.14881949617605336,0.24598783029952712,0.113952631084532,-0.006965174129353269,-0.0029970029970028955,-1.2956137072516491,0.0010020040080160107,0.0
2022-12-19,9.98,9.98,-0.0005008765444057989,-0.0005006257926836564,0.0,0.6219822465574888,0.0,10.01554,10.02327,10.009179999999999,0,19,12,10.001657720795007,9.99487926077812,44.43620178041556,0.004782853758094063,0.01901689545632988,10.129959221080812,9.916580778919188,0.01036433551451489,0.007178341025980004,0.005916851774581073,6415868.0,-0.8111409861587571,0.0,0.0,-1,0.0,0,39.971428571428575,-0.012191025810670102,0.0,0.007478198131386221,0.24550393523413902,0.113952631084532,-0.007952286282306154,-0.0029970029970028955,-1.2400603968112667,0.0005010020040079164,0.0
2022-12-20,9.98,9.98,0.0,-0.0005008765444057989,0.0,-4.850857701737196,0.0,10.00754,10.02177,10.010846666666668,1,20,12,9.997719953377732,9.993919308469856,44.43620178041556,0.0024454508162534694,0.015702606528314598,10.13007609838537,9.91346390161463,0.01036433551451489,0.007178341025980004,0.005915073123631147,6415868.0,-0.7713323741268104,0.0,0.0,-1,0.0,0,38.31428571428573,-0.012592593201232035,0.0,-0.3692733767940427,0.23972054634523737,0.113952631084532,-0.012858555885261969,-0.0029970029970028955,-1.0346209455472204,0.0,0.0
2022-12-21,9.98,9.98,0.0,0.0,0.0,-6.214608098422191,0.0,10.00104,10.02027,10.012513333333334,2,21,12,9.99449814367269,9.993021288568576,43.38624338624335,0.0005862838297261419,0.012679341988596908,10.130082952932117,9.910457047067883,0.010363203455504757,0.007178341025980004,0.005915073123631147,6415868.0,-0.7334289612427248,0.0,0.0,-1,0.0,0,38.54285714285714,-0.012979482112037486,0.0,-0.37082292434955383,0.10992016620413704,0.113952631084532,0.014186415186374424,-0.0029970029970028955,2.2137210990102045,0.0,0.0
2022-12-22,9.99,9.98,0.0,0.0010015023370896004,0.0,10.404444642103513,0.0010015023370896004,9.99604,10.019269999999999,10.014180000000001,3,22,12,9.993680299368563,9.992826366725442,44.43620178041537,-7.928898113895855e-05,0.010127615794649736,10.12983838988697,9.908701610113027,0.010375694779771764,0.0071827570910693896,0.005915049002707995,6448874.0,-0.5294460745954553,0.0,0.0,-1,0.0,0,37.0,-0.007383780292698924,0.0,-0.18524039866759745,0.011241838577273526,0.11402273394453194,0.0,-0.0019980019980019303,0.0021245066604472394,0.0010010010010009797,0.0
2022-12-23,9.985,9.99,0.0,-0.0005006257926836564,0.0,-2.6848706528439323,-0.0005006257926836564,9.989540000000002,10.01802,10.014013333333333,4,23,12,9.992102063119734,9.99232143983993,42.980157244477624,-0.0009987059813187926,0.00790235143945603,10.12959037146826,9.90644962853174,0.010363303151190602,0.007183353054380095,0.005844578105582321,6446622.0,-0.5919134186874017,0.0,0.0,-1,0.0,0,39.51428571428572,-0.014914863711956616,-0.0010010010010009797,-0.36901010716968186,0.008710070760717172,0.1140321945687958,0.0005010020040079333,-0.0024975024975025795,1.2946615450832095,0.0005007511266899355,0.0
2022-12-27,10.0,9.985,0.0010015023370896004,0.0015011261262671913,0.0,4.10597003345246,0.0015011261262671913,9.983540000000001,10.01652,10.013679999999999,1,27,12,9.99353805164342,9.992816830817999,44.537509104151454,-0.0005110844745512821,0.006219664256654568,10.128218797996109,9.904821202003891,0.010373213028908883,0.007176583722840612,0.005839385092815988,6583322.0,-0.2957954838614353,0.0,0.0,-1,0.0,0,39.94285714285714,-0.016715991074675855,0.0005007511266901134,0.39440622247722495,0.013062196947319771,0.11392473476202211,0.002004008016031955,-0.0029910269192422456,0.5183262509761944,0.0019999999999999575,0.0
2022-12-28,10.03,10.0,0.003996009313381923,0.002995508979798371,0.004997511650471395,-6.935194894490287,0.002995508979798371,9.97554,10.016020000000001,10.015013333333334,2,28,12,10.000167496799161,9.995215744958774,48.67068415455507,0.0022699418851619413,0.005429719782356043,10.127365221342817,9.904674778657185,0.010274982610353946,0.00720697765451205,0.005852190837143493,6583455.0,0.2511109112973233,0.0,0.0,-1,0.0,0,35.0,-0.022216097143207117,0.002999999999999936,-0.4164916677465922,0.021742515226832994,0.1144072234694308,0.005010020040079999,-0.0009960159362549792,0.6051073908667439,0.0,0.0
2022-12-29,10.03,10.03,-0.0009975063171254136,0.0,-0.0009975063171254136,1.976584156240128,0.0,9.9945,10.01552,10.016013333333332,3,29,12,10.005591588290223,9.997459890445304,49.10586552217455,0.004422940407613041,0.005228363907407443,10.126501033941967,9.904538966058034,0.004804496302845281,0.00720697765451205,0.00585002436220237,6583455.0,0.2609454874527618,0.0,0.0,-1,0.0,0,37.142857142857146,-0.022813320466616504,-0.0009970089730807366,-0.39198616030947925,0.021742515226832994,0.1144072234694308,0.005010020040079999,-0.0009960159362549792,0.6051073908667439,0.0009970089730807366,0.0
2022-12-30,10.015,10.03,-0.0009985023295895493,-0.0009975063171254136,-0.0009985023295895493,4.5970855095522625,-0.0014966328560625177,9.997000000000002,10.01377,10.016513333333334,4,30,12,10.00730220860109,9.998591510416576,46.89826302729525,0.004862777535942442,0.005155246633114443,10.123559177877592,9.903980822122406,0.001296200218337713,0.007209935040116099,0.005857419246619784,6488228.0,0.0224065800250869,0.0,0.0,-1,0.0,0,36.51428571428571,-0.021042648750491576,-0.0019940179461614732,0.139440037018562,0.02804848470170269,0.1144541705104662,0.0025025025025025016,-0.0034825870646766344,0.5674543306506163,0.0009985022466300335,0.0
2023-01-03,10.02,10.015,0.0009985023295896,0.0,0.0009985023295896,-5.7242258818349105,0.0004991265389369735,10.001000000000001,10.01227,10.016846666666668,1,3,1,10.009610897946345,9.999972703292926,46.42346208869803,0.0055508234053061045,0.0052343619875527755,10.120787378671686,9.903752621328312,0.0012197945608083177,0.007211343898302689,0.005855381145003519,6488539.0,0.14246566024023072,0.0,0.0,-1,0.0,0,36.6,-0.022476185806883063,0.0004992511233149281,-0.4212543529979996,0.026662773946484575,0.11447653544083185,0.0035052578868302042,-0.0029850746268658135,0.1502584323880418,0.0,0.0
2023-01-04,10.03,10.02,0.0,0.0009975063171253381,0.0,4.922465690350804,0.0009975063171253381,10.006,10.01077,10.017513333333333,2,4,1,10.013318007410646,10.001909948241769,42.29583975346681,0.006824354232810137,0.0055523604366042485,10.117321002860677,9.904218997139324,0.0012241822937254414,0.00721136827087547,0.005857921581193712,6531252.0,0.3609538997046009,0.0,0.0,-1,0.0,0,39.85714285714285,-0.024344026314326268,0.0,-0.17559214804073056,0.025938836032007796,0.11447692234343018,0.0029999999999998916,-0.0029821073558649047,0.4256865341562743,0.0009970089730807366,0.0
2023-01-05,10.03,10.03,0.0,0.0,0.0,-2.8318329847097066,0.0,10.011,10.00927,10.018180000000001,3,5,1,10.016351096972347,10.003722209645526,87.98076923076935,0.0077443643770607196,0.005990761224695542,10.113726993921118,9.904813006078884,0.0012241822937254414,0.00721136827087547,0.005857921581193712,6531252.0,0.3969097562898136,0.0,0.0,-1,0.0,0,44.17142857142858,-0.025107969922937633,-0.0009970089730807366,-0.41513737020229424,0.01481063414803931,0.11447692234343018,0.0,-0.0029821073558649047,-1.1441156084970567,0.0009970089730807366,0.0
2023-01-06,10.04,10.03,0.003984069014874513,0.002986562697749068,0.0009975063171253381,1.1081060308603607,0.0009965122897388542,10.017,10.00902,10.01918,4,6,1,10.02065089752283,10.006062712249042,72.72727272727273,0.009174635978659751,0.006627536175488384,10.113140327152793,9.904899672847206,0.0012194770921778746,0.0072080104955055315,0.005860260404941768,6538872.0,0.5950807272154933,0.0,0.0,-1,0.0,0,45.0,-0.02594326819053941,0.0029910269192423866,-0.6160320939264227,0.01641371623964717,0.11442361931190655,0.0009970089730806375,-0.0004977600796416404,-1.4465879880488945,0.002988047808765054,0.0
2023-01-09,10.05,10.04,-0.0009945301665083472,0.0,0.0019920325312407982,-2.6432656472410456,0.0009955202415018415,10.023,10.00952,10.020513333333332,0,9,1,10.025987097973225,10.008897375974911,81.81818181818211,0.010988385683861068,0.007499706077162921,10.114360281531804,9.904679718468197,0.0012192593481182557,0.007210319598804518,0.0058623984567616775,6539414.0,0.7722222681693305,0.0,0.0,-1,0.0,0,47.2,-0.023752031757277303,0.0009960159362551358,-0.7257811506953381,0.007076752338861037,0.1144602751903906,0.003494757863205189,0.0009960159362552012,-1.2597376008073609,0.0009950248756218692,0.0
2023-01-10,10.04,10.05,-0.0009955202415018161,-0.0019900504080101475,-0.002201426336940391,3.685228887457266,-0.0009955202415018161,10.0285,10.00902,10.021513333333333,1,10,1,10.028534898341729,10.010903996879756,74.99999999999926,0.011486470088973633,0.008297058879525063,10.113140327152793,9.904899672847206,0.0012774777034088513,0.007210675138028208,0.005866088397805199,6517813.0,0.5950807272154933,0.0,0.0,-1,0.0,0,49.0,-0.016442321951729563,-0.000995024875622046,-0.1347991922912499,0.014143809450329968,0.11446591920059389,0.001996007984031989,-0.0009950248756220859,-1.2564799732590775,0.001205179282868371,0.0
2023-01-11,10.06,10.04,0.0009955202415018415,0.001990050408010231,0.0012059060954385695,0.09248224161779225,0.001990050408010231,10.0345,10.00902,10.022513333333334,2,11,1,10.03425582591596,10.01407148095203,78.57142857142811,0.013341248809915385,0.009305896865603128,10.113140327152793,9.904899672847206,0.0013264836238989796,0.007221534983646656,0.0058660224709134075,6541507.0,0.979251629226818,0.0,0.0,-1,0.0,0,54.0,-0.02559292117090482,0.0009960159362551358,-0.11139477810410717,0.018023478121480797,0.1146383139052917,0.0029910269192423566,0.0,-0.4045389532876712,0.001988071570576675,0.0
2023-01-12,10.06,10.06,0.0009945301665083635,0.0,0.001990050408010231,-10.072977130514705,0.0,10.0375,10.00652,10.02318,3,12,1,10.03893658484033,10.01703461121319,78.57142857142811,0.014642385998001828,0.010373194692082869,10.102515561301352,9.910524438698648,0.0010290822976165707,0.007127307807952402,0.005863684972358029,6541507.0,1.114218184153621,0.0,0.0,-1,0.0,0,56.0,-0.026948175858711048,0.0,-0.7488219440025125,0.018023478121480797,0.11314250386350577,0.0029910269192423566,-0.004945598417408381,-0.4045389532876712,0.0,0.0
2023-01-13,10.06,10.06,0.0,0.0,0.0,13.141965984697842,0.0,10.0405,10.0175,10.023846666666666,4,13,1,10.042766296687544,10.01980657178008,76.92307692307651,0.015494930678151775,0.01139754188929665,10.07666079783177,9.95833920216823,0.0010290822976165707,0.0034824660324312626,0.005863684972358029,6541507.0,1.436762233019692,0.0,0.0,-1,0.0,0,61.0,-0.028075023634436567,0.0,4.0172128059889,0.01802278458688984,0.0552824344262575,0.0019920318725101804,0.022316166009511695,0.40589337622094357,0.0,0.0
2023-01-17,10.07,10.06,0.0009935420588777356,0.0009935420588777356,0.0009935420588777356,-4.803182013255643,0.0009935420588777356,10.046,10.0215,10.024513333333335,1,17,1,10.047717879107989,10.023044857471689,81.48148148148144,0.016784019180510867,0.012474837347539494,10.08357804934612,9.95942195065388,0.0008281989123153454,0.0010695964242527995,0.005863674353193804,6545690.0,1.5625490978167413,0.0,0.0,-1,0.0,0,64.0,-0.02121877425332282,0.0009940357852882492,-0.3915210340731439,0.018018654454102792,0.016979316850661053,0.0019900497512437276,0.00800800800800805,0.4073149986286612,0.0,0.0
2023-01-18,10.1,10.07,0.0,0.002974717116742875,0.0,-2.3080987111809352,0.002974717116742875,10.053999999999998,10.0275,10.026180000000002,2,18,1,10.057223719270171,10.028009705376743,83.33333333333314,0.019995880324175985,0.013979045942866794,10.09559436177363,9.95940563822637,0.0011286999072616527,0.0011616312618754092,0.005887397907631608,6546106.0,2.1293980327186697,0.0,0.0,-1,0.0,0,58.0,-0.016690755191060055,0.0,-0.4079118109845126,0.020567834370796366,0.01844032460448287,0.005976095617529875,0.012024048096192397,0.537139966717926,0.002970297029702907,0.0
2023-01-19,10.1,10.1,0.002974717116742875,0.0,0.002974717116742875,-6.030685260261263,0.0,10.061,10.0335,10.027513333333333,3,19,1,10.065001224857411,10.032654240513729,79.16666666666654,0.02228442247007756,0.01564012124830895,10.105032105416797,9.961967894583204,0.0011527321922052826,0.0011616312618754092,0.005885464322858656,6546106.0,1.8593049823578638,0.0,0.0,-1,0.0,0,55.42857142857144,-0.01715509231378021,0.0,-0.3823913489735343,0.020554550442666932,0.01844032460448287,0.00397614314115291,0.012024048096192397,1.7135018369851645,0.0,0.0
2023-01-20,10.1,10.1,0.0,0.0,0.0,3.091042453358316,0.0,10.068,10.0395,10.028846666666668,4,20,1,10.071364638519698,10.036999128222522,79.16666666666654,0.023823486288431894,0.01727679425633354,10.112257708942936,9.966742291057065,0.0011527321922052826,0.0011616312618754092,0.005885464322858656,6546106.0,1.663054015278314,0.0,0.0,-1,0.0,0,58.54285714285714,-0.017567622488979584,0.0,-0.38196181882492203,0.020554550442666932,0.01844032460448287,0.00397614314115291,0.012024048096192397,1.7135018369851645,0.0,0.0
2023-01-23,10.08,10.1,-0.001982161203991211,-0.001982161203991211,-0.001982161203991211,2.1019143975318944,-0.001982161203991211,10.072,10.0445,10.030013333333333,0,23,1,10.072934704243389,10.039773378014619,75.99999999999943,0.023162371202660736,0.01845390964559898,10.113698417992984,9.975301582007015,0.0014199409379715457,0.001292356549972376,0.0058908402003735915,6545926.0,1.0260350172629766,0.0,0.0,-1,0.0,0,63.0,-0.022246020165679878,-0.001980198019801938,-0.3806822672130603,0.028607392948320553,0.02051552421871395,0.001988071570576455,0.01002004008016022,0.2711233860154201,0.0,0.0
2023-01-24,10.08,10.08,0.0009915717222950275,0.0009915717222950275,0.0,3.907233777584985,0.0,10.075,10.049000000000001,10.031346666666666,1,24,1,10.074219303471862,10.04236864394916,74.99999999999963,0.022380444896683116,0.01923921669581581,10.11490263951344,9.983097360486562,0.0014082638294709183,0.001291269552453102,0.005889703531982594,6545926.0,0.9407817419415195,0.0,0.0,-1,0.0,0,63.0,-0.022939518206670288,0.000992063492063471,-0.2935536459659334,0.028171007787806478,0.020498268668043492,0.0009930486593843213,0.009009009009008917,0.8265314551896462,0.000992063492063471,0.0
2023-01-25,10.09,10.08,0.0,0.048365325247797436,0.0,1.9177169429345562,0.0009915717222950275,10.08,10.05425,10.032680000000001,2,25,1,10.077088521022432,10.045441634662119,74.99999999999963,0.02231049756411707,0.019853472869476065,10.11523101516562,9.99326898483438,0.0013441168685814284,0.0012765325524191633,0.0058896839870524725,6606882.0,1.1724960597296123,0.0,0.0,-1,0.0,0,63.0,-0.021211024637884157,0.000992063492063471,0.13120560563936146,0.017226021266057153,0.020264326045077777,-0.000990099009900991,0.010515773660490835,-1.29040350379267,0.05054509415262634,0.0
2023-01-26,10.09,10.09,0.0,-0.048365325247797485,0.0009915717222950275,-6.255733636611995,0.0,10.083,10.05875,10.03368,3,26,1,10.079436062654716,10.048316367909724,74.99999999999963,0.02200144483844113,0.02028306726326908,10.116046550829406,10.001453449170594,0.001241761355295738,0.0012600290466962636,0.005887558770300269,6606882.0,1.0908160979198667,0.0,0.0,-1,0.0,0,68.02857142857144,-0.021885075432620034,0.0,-0.34217597103426023,0.017226021266057153,0.020002341013656635,-0.000990099009900991,0.008999999999999897,-1.29040350379267,0.0,0.0
2023-01-27,10.09,10.09,0.0,0.0,0.0,-2.9704144655697013,0.0,10.086,10.06175,10.033013333333335,4,27,1,10.081356778535676,10.051005634496192,72.72727272727244,0.021508580795948973,0.020528169969805058,10.118991409377076,10.004508590622924,0.001241761355295738,0.0011099747984606874,0.0058157514311335794,6606882.0,0.987047674312282,0.0,0.0,-1,0.0,0,69.2,-0.02251045898592606,0.0,-0.34308993862807025,0.017226021266057153,0.017620303669656112,-0.000990099009900991,0.005982053838484491,-1.29040350379267,0.0,0.0
2023-01-30,10.09,10.09,0.0,0.0,0.0,6.714979264284324,0.0,10.089,10.06475,10.041333333333334,0,30,1,10.08292827334737,10.053521400012567,69.99999999999929,0.020877321722247544,0.020598000320293554,10.121269675196492,10.008230324803508,0.001241761355295738,0.0011099747984606874,0.002928399554224611,6606882.0,0.8934941650749892,0.0,0.0,-1,0.0,0,67.0,-0.022953143943928788,0.0,-0.30153485656607865,0.007042952122737204,0.017620303669656112,0.0009920634920634885,0.005982053838484491,2.2360679774998053,0.0,0.0
2023-01-31,10.09,10.09,0.0,0.0,0.0,-5.287862908644178,0.0,10.091,10.0685,10.044666666666668,1,31,1,10.084214041829666,10.055874858076272,77.77777777777821,0.020144827328639536,0.02050736572196275,10.120925385575495,10.016074614424506,0.0012194840561797285,0.0010302428656689864,0.0011046688638698223,6606882.0,0.8202133284852595,0.0,0.0,-1,0.0,0,70.0,-0.023233495698438942,0.0,-0.30424942937550153,0.007042952122737204,0.01635459847535197,0.0009920634920634885,0.007488766849725437,2.2360679774998053,0.0,0.0
2023-02-01,10.12,10.09,0.002968829493801849,0.002968829493801849,0.001980198666862501,5.600346032706739,0.002968829493801849,10.093,10.0735,10.049333333333331,2,1,2,10.090720579678816,10.060011964006836,80.0,0.021734527421070737,0.02075279806178435,10.125522262441985,10.021477737558014,0.0012179888028074134,0.001183279056539684,0.0011752636343283853,6613645.0,1.7876961830276195,0.0,0.0,-1,0.0,0,82.17142857142858,-0.007887509448415929,0.0029732408325073697,-0.24772993273887395,0.021107915975379723,0.018783972691170846,0.0029732408325073845,0.009980039920159722,2.23606797749979,0.0009881422924900977,0.0
2023-02-02,10.12,10.12,0.0,0.0,0.000988630826939435,-5.487017347399736,0.0,10.094999999999999,10.078,10.054,3,2,2,10.096044110646304,10.063882159877362,80.0,0.022732332024302693,0.021148704854288023,10.129748379075606,10.026251620924393,0.0012179888028074134,0.0011820960804128234,0.0011752636343283853,6613645.0,1.6232392492385401,0.0,0.0,-1,0.0,0,75.0,-0.011904854799284844,0.0,-0.28781939756144176,0.021107915975379723,0.018765193527339248,0.0029732408325073845,0.008973080757726848,2.23606797749979,0.0,0.0
2023-02-03,10.1,10.12,-0.0019782400121057075,-0.0019782400121057075,-0.0019782400121057075,4.5787528726703846,-0.0019782400121057075,10.095,10.0815,10.058,4,3,2,10.096763363256066,10.066212343111083,66.66666666666666,0.02165958825732517,0.021250881534895454,10.128861987868422,10.034138012131578,0.0014004454924756347,0.0012983497649081363,0.0012549220637029313,6610918.0,0.7812172095223308,0.0,0.0,-1,0.0,0,76.0,-0.02065770332634222,-0.0019762845849801954,-0.26408722518308736,0.028115225053206353,0.02061066355635663,0.0009910802775023875,0.006979062811565351,0.8265206294739256,0.0,0.0
2023-02-06,10.1,10.1,0.0,0.0009896091851662818,0.0,-1.2126893287301757,0.0,10.097,10.0845,10.062000000000001,0,6,2,10.097351842664054,10.068392191942626,63.63636363636363,0.02057228657941046,0.021115162543798457,10.128257706089533,10.040742293910467,0.001217211377094568,0.001291264579600207,0.0012549220637029313,6610918.0,0.7084466433539743,0.0,0.0,-1,0.0,0,75.0,-0.016536597368122886,0.0,-0.2777805261027659,0.028115225053206353,0.020498189726451094,0.0009910802775023875,0.005976095617529875,0.8265206294739256,0.000990099009900969,0.0
2023-02-07,10.1,10.1,0.0009896091851662818,0.000988630826939435,0.0,7.031322894300573,0.0,10.099,10.087,10.065666666666665,1,7,2,10.097833325816042,10.070431405365683,50.0,0.019485970033130684,0.020789324041664902,10.128090400980582,10.045909599019417,0.001217211377094568,0.001282132107828272,0.0012516564963442965,6610918.0,0.6327511871272988,0.0,0.0,-1,0.0,0,76.34285714285714,-0.019162985604526173,0.000990099009900969,3.687353005131519,0.028115225053206353,0.020353216231467946,0.0009910802775023875,0.004975124378109319,0.8265206294739256,0.001980198019801938,0.0
2023-02-08,10.1,10.1,-0.0009896091851662782,-0.0019782400121057075,0.0,-7.174234056605321,0.0,10.1,10.09,10.069500000000001,2,8,2,10.09822726657676,10.072339056632416,50.0,0.01841280498937259,0.020314020231206438,10.124943563523106,10.055056436476894,0.0011853958379175694,0.0012502292408726504,0.001243016458537318,6610918.0,0.5723514714455304,0.0,0.0,-1,0.0,0,74.62857142857142,-0.01942117407626937,0.0,-0.33510296986157423,0.0140302287346233,0.019846773919020618,-0.0019762845849802257,0.005976095617529875,-2.236067977499787,0.0,0.0
2023-02-09,10.1,10.1,0.0,0.0,0.0,-0.4176298377244308,0.0,10.100999999999999,10.092,10.072833333333334,3,9,2,10.09854958174462,10.074123633623874,50.0,0.017362173630424138,0.019723650911049977,10.1241836833473,10.059816316652702,0.0011853958379175694,0.0011859226098250193,0.0012265025110327755,6610918.0,0.4971463280737635,0.0,0.0,-1,0.0,0,72.62857142857143,-0.019604412711739797,0.0,-0.33056031175364986,0.0140302287346233,0.018825937798594115,-0.0019762845849802257,0.00397614314115291,-2.236067977499787,0.0,0.0
2023-02-10,10.1,10.1,0.0,0.0,0.0,0.41478083294835594,0.0,10.102,10.094,10.075166666666666,4,10,2,10.098813294154688,10.075793076615883,66.66666666666666,0.01634116987477441,0.019047154703794866,10.122580449705678,10.06541955029432,0.0011853958379175694,0.0011859226098250193,0.0011191083163279141,6610918.0,0.41986743118378766,0.0,0.0,-1,0.0,0,72.0,-0.01979956459931633,0.0,-0.3296891502324056,0.0,0.018825937798594115,0.0,0.00397614314115291,0.0,0.0,0.0
2023-02-13,10.115,10.1,0.0009896091851662818,0.0014840467724950225,0.0009896091851662818,2.616593736924995,0.0014840467724950225,10.1045,10.09675,10.078000000000001,0,13,2,10.10175633158111,10.07832255554389,73.33333333333364,0.0165515951958497,0.018548042802205834,10.121938761071696,10.071561238928304,0.0012620725245467523,0.001218839664838126,0.0011411030691645522,6620514.0,1.4490589630870303,0.0,0.0,-1,0.0,0,71.82857142857144,-0.017668324915258497,0.000990099009900969,-0.2023408945357604,0.010543508524335691,0.01934847984733799,0.0014851485148514865,0.005467196819085363,2.2360679774997947,0.000494315373208184,0.0
2023-02-14,10.11,10.115,0.0,0.0,0.0,3.969333901736814,-0.000494437587328843,10.1065,10.098749999999999,10.081166666666665,1,14,2,10.103255180384544,10.080366261637833,64.28571428571392,0.016128975772808474,0.01806422939632636,10.121198772094218,10.07630122790578,0.0012823912101445792,0.001217958121552974,0.0011012710546789042,6112413.0,1.002281991441072,0.0,0.0,-1,0.0,0,73.25714285714287,-0.022140571044942735,-0.000494315373208184,1.8939555756551336,0.011915570292508134,0.019334485781523282,0.000990099009900991,0.003972194637537063,1.750038935547174,0.0004945598417409279,0.0
2023-02-15,10.11,10.11,0.000988630826939435,0.0004941932396105783,0.0,-4.718193860356612,0.0,10.1055,10.099250000000001,10.084166666666667,2,15,2,10.104481511223717,10.082278115725716,64.28571428571392,0.015614057697513672,0.017574195056563824,10.122254576206338,10.076245423793665,0.0008339066764644507,0.0010272929240968585,0.0011021678516619576,6112413.0,0.9345966562111705,0.0,0.0,-1,0.0,0,73.65714285714284,-0.019640647513681064,0.0009891196834816802,-0.31504254456728503,0.011915570292508134,0.016307769604659843,0.000990099009900991,0.000990099009900991,1.750038935547174,0.0009891196834816802,0.0
2023-02-16,10.12,10.11,0.0,0.0,0.000988630826939435,-0.3807617462393381,0.000988630826939435,10.105500000000001,10.100249999999999,10.087166666666667,3,16,2,10.107303054637587,10.084711785678895,68.74999999999957,0.01583041467331192,0.017225438979913445,10.125059802818786,10.075440197181212,0.0009027163306646421,0.0010483532529617793,0.0011019746505538063,6115514.0,1.5921126132485561,0.0,0.0,-1,0.0,0,70.0,-0.014045767990355004,0.0009891196834816802,-0.32210118464451726,0.012907080278232029,0.016642091960894737,0.001980198019801982,0.001980198019801982,0.5200008601386759,0.0,0.0
2023-02-17,10.12,10.12,0.0,0.0,0.0,4.899313923108723,0.0,10.107499999999998,10.101249999999999,10.090166666666667,4,17,2,10.109611590158025,10.086988444667353,68.74999999999957,0.015819521538414705,0.016944255491613696,10.12758288918348,10.074917110816518,0.0005808375397871394,0.0010483532529617793,0.0011019746505538063,6115514.0,1.424074651995463,0.0,0.0,-1,0.0,0,69.0,-0.014124450871115812,0.0,1.3323145297212378,0.012907080278232029,0.016642091960894737,0.001980198019801982,0.001980198019801982,0.5200008601386759,0.0,0.0
2023-02-21,10.12,10.12,-0.0009886308269394322,0.0,-0.002473412094518486,-1.628229389370625,0.0,10.1095,10.10325,10.092833333333333,1,21,2,10.111500391947475,10.08911822243075,68.74999999999957,0.01563070758328422,0.0166815459099478,10.128853248151515,10.077646751848484,0.0005808375397871394,0.0009282350589280263,0.0010951924540852365,6115514.0,1.3084277354870546,0.0,0.0,-1,0.0,0,65.91428571428573,-0.01419261130206692,-0.0009881422924900977,-0.08277836354003176,0.008599160892023686,0.01473527474480966,0.0004943153732079875,0.003968253968253954,1.2939388738561044,0.0024703557312251564,0.0
2023-02-22,10.12,10.12,0.000988630826939435,0.0004939491332834043,0.002473412094518437,-2.687031225650983,0.0,10.111500000000001,10.10525,10.095166666666668,2,22,2,10.113045775229752,10.091110595177154,50.0,0.015304648700110945,0.01640616646798043,10.129415002970005,10.081084997029995,0.0005808375397871394,0.0009282350589280263,0.0010873417745023977,6115514.0,1.2207736964326847,0.0,0.0,-1,0.0,0,64.17142857142859,-0.012735707304780115,0.0,-0.4014412628100547,0.007022053155013957,0.01473527474480966,0.0009891196834816984,0.003968253968253954,2.2360679774998062,0.0004940711462451366,0.0
2023-02-23,10.12,10.12,0.0,-0.0004939491332834783,0.0,-2.58327851591015,0.0,10.113499999999998,10.10675,10.097833333333334,3,23,2,10.114310179733433,10.09297442774637,50.0,0.01487477751015831,0.016099888676416006,10.130652213068949,10.082847786931051,0.0005808375397871394,0.0009099200073339397,0.0010635391817607346,6115514.0,1.1086839500407848,0.0,0.0,-1,0.0,0,62.0,-0.012893425503312456,0.0,-0.408732830784326,0.007022053155013957,0.014444532314206037,0.0009891196834816984,0.0029732408325073845,2.2360679774998062,0.0,0.0
2023-02-24,10.125,10.12,0.0,0.0004939491332834043,0.0,0.5179430915348546,0.0004939491332834043,10.116,10.108500000000001,10.1,4,24,2,10.116253783418264,10.095040593698217,85.71428571428426,0.014767331107659487,0.015833377162664704,10.132363647758272,10.08463635224173,0.0005831331450846085,0.0009123698023937568,0.0010136616573026957,6116219.0,1.3828564825576433,0.0,0.0,-1,0.0,0,60.0,-0.012809654470048995,0.0,-0.4076860082700398,0.003507557183655454,0.014483421605154142,0.000494071146245112,0.003468780971258578,2.236067977499919,0.0004938271604939044,0.0
2023-02-27,10.125,10.125,0.000987654401272632,0.0004937052679893016,0.0004939491332834043,-0.31597453735710346,0.0,10.1185,10.11025,10.102166666666667,0,27,2,10.117844004614943,10.096973458620912,85.71428571428426,0.014514860779687666,0.015569673886069297,10.133527502129397,10.086972497870605,0.0005831331450846085,0.0009123698023937568,0.0010136616573026957,6116219.0,1.2673181098217619,0.0,0.0,-1,0.0,0,61.0,-0.011707639982262319,0.0004938271604939044,-0.4086092933402435,0.003507557183655454,0.014483421605154142,0.000494071146245112,0.003468780971258578,2.236067977499919,0.0004938271604939044,0.0
2023-02-28,10.13,10.125,-0.0004937052679892932,0.0,0.0,4.112308058800291,0.0004937052679893016,10.12,10.11225,10.1045,1,28,2,10.120054185594043,10.099104203226016,87.49999999999889,0.014550505271676784,0.015365840163190796,10.135070812295046,10.089429187704953,0.00040699935754578623,0.0009141064098122508,0.0010140560587381933,6147618.0,1.555597563356995,0.0,0.0,-1,0.0,0,61.0,-0.010749687236960534,0.0,-0.28559044847741183,0.004294802183269195,0.014510989393279852,0.000988142292490224,0.003964321110009994,0.6085810834657766,0.0004935834155973131,0.0
2023-03-01,10.13,10.13,0.0004937052679893016,0.0,0.0004937052679893016,-10.354531324255456,0.0,10.122,10.11425,10.1065,2,1,3,10.121862515486034,10.101097480437241,87.49999999999889,0.014412614144072577,0.015175194959367153,10.135838252168742,10.092661747831258,0.00034568278600765137,0.0009141064098122508,0.0010044812909089018,6147618.0,1.4591269248564347,0.0,0.0,-1,0.0,0,65.0,-0.011223442400469907,0.0,-0.4171006461187194,0.004294802183269195,0.014510989393279852,0.000988142292490224,0.003964321110009994,0.6085810834657766,0.0,0.0
2023-03-02,10.13,10.13,0.0,0.0,0.0,7.9229859587111955,0.0,10.123999999999999,10.114749999999999,10.107499999999998,3,2,3,10.123342058124937,10.10296215911871,87.49999999999889,0.01414033346980581,0.014968222661454885,10.137339005246293,10.092160994753705,0.00034568278600765137,0.000639608583415077,0.0008564607682617319,6147618.0,1.3502143926858559,0.0,0.0,-1,0.0,0,52.0,-0.01131087929490326,0.0,-0.40456031402586695,0.004294802183269195,0.010153471488831634,0.000988142292490224,0.000988142292490224,0.6085810834657766,0.0,0.0
2023-03-03,10.13,10.13,0.0,0.0,0.0,-1.870896789786779,0.0,10.125,10.11525,10.1085,4,3,3,10.12455259301131,10.104706535949763,87.49999999999889,0.013765864753843005,0.01472775107993251,10.138752519464415,10.091747480535584,0.00020826725766749142,0.000639608583415077,0.0008564607682617319,6147618.0,1.2551845790264466,0.0,0.0,-1,0.0,0,55.6857142857143,-0.011450693717253648,0.0,-0.4144353101855189,0.0035058250566517035,0.010153471488831634,0.0004938271604939537,0.000988142292490224,2.236067977499918,0.0,0.0
2023-03-06,10.12,10.13,-0.000987654401272652,-0.000987654401272652,-0.000987654401272652,4.198492578393546,-0.000987654401272652,10.125,10.116249999999999,10.109166666666665,0,6,3,10.123724848827436,10.105693211049779,57.142857142854965,0.012517880833886608,0.01428577703072333,10.138698772094346,10.093801227905653,0.0004031087337594002,0.0004970802088864821,0.0008790696421000323,6119319.0,0.3340939971451246,0.0,0.0,-1,0.0,0,55.25714285714285,-0.012398658193250771,-0.0009871668311946262,-0.3036805793229522,0.008584303646052647,0.007890903686194025,-0.0004938271604939537,0.001980198019801982,-1.292529426158732,0.0,0.0
2023-03-07,10.14,10.12,0.0019743343037178294,0.002467309418458621,0.000987654401272632,3.4993871198355913,0.0019743343037178294,10.126999999999999,10.11825,10.111166666666666,1,7,3,10.126683967222448,10.107906552272375,79.99999999999858,0.01299290333723846,0.014027202292026357,10.14170768867596,10.09479231132404,0.0007436629631670519,0.000649439518878562,0.0008579868440675422,7055879.0,1.85440264814248,0.0,0.0,-1,0.0,0,48.51428571428571,-0.01321927045851539,0.0019762845849803706,2.619384028611998,0.017179210826405358,0.010309532751180675,0.000987166831194486,0.003960396039603964,1.2946418142127971,0.001479289940828283,0.0
2023-03-08,10.14,10.14,0.0,-0.0004929751147408119,0.0009866799024451063,-2.23537479508278,0.0,10.129000000000001,10.12025,10.113166666666668,2,8,3,10.129105064091092,10.10997709728706,79.99999999999858,0.0132170046907234,0.013865162771765766,10.143975402777746,10.096524597222254,0.0007436629631670519,0.000649439518878562,0.0008579868440675422,7055879.0,1.6648821674400307,0.0,0.0,-1,0.0,0,49.82857142857143,-0.013823615366926192,0.0,-0.026703726082230775,0.017179210826405358,0.010309532751180675,0.000987166831194486,0.003960396039603964,1.2946418142127971,0.0,0.0
2023-03-09,10.15,10.14,0.0029542118974313827,0.0029542118974313827,0.0004929751147409076,-0.12920656770307515,0.0009857073247591282,10.132000000000001,10.12275,10.115166666666665,3,9,3,10.132904143347258,10.112559220042735,79.99999999999858,0.014039682335866388,0.013900066684585892,10.147980516195538,10.097519483804462,0.0007790797221033096,0.0006707174799103484,0.0008578002007396668,7143905.0,2.1600826387229204,0.0,0.0,-1,0.0,0,37.54285714285714,-0.015676641786590347,0.0029585798816567413,-0.0958022621651067,0.017876284611131717,0.010647309910960455,0.001974333662388972,0.004950495049504955,0.4072950928071833,0.002463054187192153,0.0
2023-03-10,10.13,10.15,0.0,0.0,-0.00147965501718594,-0.609185002674292,-0.001972387227204235,10.1325,10.12425,10.1165,4,10,3,10.13237611728412,10.113684431652883,57.14285714285787,0.012928792373104514,0.013705811822289617,10.147254576206512,10.101245423793488,0.0010516874762439483,0.000833821688892686,0.0009445369399834723,7096037.0,0.49990053703952425,0.0,0.0,-1,0.0,0,26.885714285714283,-0.006378689950736884,0.0019704433497536524,-0.27452367763166663,0.024765527869771244,0.01323650895949149,0.0,0.002970297029702973,0.004056202843512824,0.003948667324777803,0.0
2023-03-13,10.13,10.13,-0.003940891799876478,-0.003940891799876478,0.0,-6.472137408489237,0.0,10.133000000000001,10.12575,10.117833333333332,0,13,3,10.131944095959733,10.114737048965601,57.14285714285787,0.01191110032395315,0.013346869522622325,10.145822237966106,10.105677762033894,0.0010516874762439483,0.000833821688892686,0.0009445369399834723,7096037.0,0.42347046773532804,0.0,0.0,-1,0.0,0,23.0,-0.005558715320061595,0.0,-0.4747965355278391,0.02322796167158967,0.01323650895949149,0.000988142292490224,0.002970297029702973,-0.5465282499183339,0.0,0.0
2023-03-14,10.14,10.13,0.0009965417867553773,0.001972387227204354,0.0009866799024451063,3.7175194402509373,0.0009866799024451063,10.134000000000002,10.126999999999999,10.119499999999999,1,14,3,10.133408805785235,10.116366916774274,62.50000000000028,0.011775745011098238,0.013032644620317507,10.14736508880981,10.106634911190188,0.0010858436772518238,0.0007984980135380699,0.0009568828199413406,7099083.0,1.276694653424582,0.0,0.0,-1,0.0,0,25.0,-0.008834862842905498,0.0009970384995063725,-0.46066201614976876,0.01916435269167804,0.012675762997204918,0.0,0.0024715768660406034,-1.3592160284984056,0.0009861932938855806,0.0
2023-03-15,10.14,10.14,-9.86188431030021e-06,-0.0009758454404488792,0.0,0.058652882761595034,0.0,10.135000000000002,10.128499999999999,10.121166666666666,2,15,3,10.134607204733374,10.117891631821095,62.50000000000028,0.01153550087696864,0.012733215871647734,10.147993588692866,10.109006411307131,0.0010858436772518238,0.0007859117179785281,0.0009568828199413406,7099083.0,1.1798751047013658,0.0,0.0,-1,0.0,0,22.685714285714287,-0.00824195479470723,0.0,-0.38294437321866137,0.01916435269167804,0.012475961749336293,0.0,0.0029673590504453173,-1.3592160284984056,9.861932938833032e-06,0.0
2023-03-16,10.14,10.14,0.0,-9.86188431030021e-06,0.0,-8.080237416216702,0.0,10.136000000000001,10.129999999999999,10.121833333333335,3,16,3,10.13558771296367,10.11931797815522,60.0,0.01121581671630345,0.012429736040578877,10.14806421295271,10.111935787047289,0.0010858436772518238,0.0007859117179785281,0.0007965617877561608,7099083.0,1.1071614386057467,0.0,0.0,-1,0.0,0,32.57142857142857,-0.007883529407684518,0.0,-0.396388799814768,0.017141122037455703,0.012475961749336293,-0.0009852216748768017,0.0029673590504453173,-1.2904174748711599,0.0,0.0
2023-03-17,10.14,10.14,0.0,0.0,0.0,7.515344571180436,0.0,10.137,10.131,10.1225,4,17,3,10.136389946970274,10.120652302145206,60.0,0.010837536342947374,0.012111296101052577,10.148947291252036,10.113052708747965,0.0010858436772518238,0.0007609511545917595,0.0007965617877561608,7099083.0,1.0029368636874105,0.0,0.0,-1,0.0,0,27.000000000000004,-0.007327155620213392,0.0,-0.38773977934550435,0.007008189279091047,0.01207972508950357,0.000987166831194486,0.001976284584980448,2.2360679774998053,0.0,0.0
2023-03-20,10.15,10.14,0.0,0.0009857073247591282,0.0,1.4295969365844234,0.0009857073247591282,10.14,10.1325,10.124166666666667,0,20,3,10.138864502066587,10.122545702006805,62.49999999999944,0.011215378941109577,0.011932112669063978,10.151556702098338,10.113443297901663,0.0010450222745274995,0.0007857472218940312,0.0007139831309815083,7106752.0,1.8366241870912676,0.0,0.0,-1,0.0,0,30.428571428571438,-0.009905371208954166,0.0,-0.2863548962021693,0.00857901324852899,0.012473350454948958,0.001974333662388972,0.0029644268774704496,0.6085824709358851,0.0009852216748768262,0.0
2023-03-21,10.17,10.15,0.0019704439872987385,0.0019685045726721534,0.0019704439872987385,0.4947630273385894,0.0019685045726721534,10.143,10.135000000000002,10.126499999999998,1,21,3,10.144525501690843,10.12560726961927,69.99999999999929,0.012979040475952885,0.01214149823044176,10.159494897430461,10.110505102569542,0.0010439801575181575,0.0008836119513779593,0.0007853591234536115,7119330.0,2.8577380329403343,0.0,0.0,-1,0.0,0,43.0,-0.012150839062970126,0.0009852216748768262,-0.24561722171019962,0.013990486125093345,0.014026904872983463,0.002958579881656709,0.004940711462450675,1.2564965295296004,0.0009832841691248561,0.0
2023-03-22,10.17,10.17,0.0009837679101327482,0.0,0.0009837679101327482,-7.242479957767229,0.0,10.146,10.1375,10.128833333333334,2,22,3,10.149157228656144,10.128471316740608,69.99999999999929,0.014212917285576054,0.01255578204146862,10.165503759148466,10.109496240851533,0.0010439801575181575,0.0008836119513779593,0.0007853591234536115,7119330.0,2.3211169491708046,0.0,0.0,-1,0.0,0,41.0,-0.01237759720345979,0.0,-0.30471215976385496,0.013990486125093345,0.014026904872983463,0.002958579881656709,0.004940711462450675,1.2564965295296027,0.0,0.0
2023-03-23,10.14,10.17,-0.0029542118974314087,-0.001968504572672198,-0.003940891799876478,8.485610787517702,-0.0029542118974314087,10.145,10.138499999999999,10.130166666666666,3,23,3,10.14749227799139,10.129215102757344,53.84615384615374,0.012624496925191409,0.012569525018213177,10.165273907174578,10.11172609282542,0.0014266762317703921,0.0011368792705873313,0.000976599245385828,7075729.0,0.11204939123909813,0.0,0.0,-1,0.0,0,38.34285714285715,-0.007842623100924019,-0.0029498525073745683,-0.10540490658425777,0.02922466806526498,0.018047398924071523,0.0,0.001976284584980448,-1.1428596587434512,0.001972386587771161,0.0
2023-03-24,10.14,10.14,-0.0007103113830083902,-0.0009857073247591882,0.0,-3.426538125163241,0.0,10.146,10.13925,10.1315,4,24,3,10.146130045629318,10.129910902579452,58.33333333333395,0.01123613912802135,0.012302847840174812,10.165261131222968,10.113238868777033,0.001266340244027627,0.0011332125127653382,0.000976599245385828,7075729.0,0.05766761880296672,0.0,0.0,-1,0.0,0,37.0,-0.00841098555526747,-0.00071005917159773,-0.3092090686888395,0.02922466806526498,0.017989190948182156,0.0,0.001481481481481639,-1.1428596587434512,0.0009861932938855806,0.0
2023-03-27,10.14,10.14,0.0007103113830084102,0.0,0.0009866799024451063,-4.165254786332365,0.0,10.147,10.14,10.132833333333334,0,27,3,10.145015491878533,10.130561812090455,50.0,0.010020347245589534,0.011846347721257757,10.165131234500095,10.114868765499907,0.001266340244027627,0.0011332125127653382,0.000976599245385828,7075729.0,0.0,0.0,0.0,-1,0.0,0,40.0,-0.00039850038991163215,0.0,-0.3158117041792927,0.02794142061645187,0.017989190948182156,-0.0009852216748768017,0.001481481481481639,-0.8174268838058681,0.0,0.0
2023-03-28,10.14,10.14,0.0,0.0,0.0,-1.4816045409242156,0.0,10.147,10.1405,10.133666666666667,1,28,3,10.144103584264254,10.131170727439459,50.0,0.008953611756554736,0.011267800528317154,10.165187520822085,10.115812479177913,0.0012273209043506907,0.0011289700420245273,0.0009427068101203453,7075729.0,-0.04050629494975581,0.0,0.0,-1,0.0,0,39.0,-0.01131579920691136,0.0,-0.3077374435585645,0.020941875338405084,0.017921843813034233,-0.002949852507374562,0.000987166831194486,-2.2360679774997907,0.0,0.0
2023-03-29,10.14,10.14,0.0,0.0,0.0,-1.6094379124341003,0.0,10.147,10.141,10.134666666666666,2,29,3,10.143357478034389,10.131740357927237,44.44444444444444,0.008015814871907168,0.010617403397035156,10.165192212755871,10.116807787244129,0.0012273209043506907,0.0011289700420245273,0.0009365733252437546,7075729.0,-0.08267123062207477,0.0,0.0,-1,0.0,0,41.0,-0.012494056425884532,0.0,-0.30776153274609436,0.020941875338405084,0.017921843813034233,-0.002949852507374562,0.000987166831194486,-2.2360679774997907,0.0,0.0
2023-03-30,10.14,10.14,0.0,0.0,0.0,0.0,0.0,10.147,10.1415,10.135666666666669,3,30,3,10.142747027482681,10.132273238060964,57.142857142857146,0.00718972540533791,0.009931867798695707,10.165142067772338,10.117857932227663,0.0012273209043506907,0.0011289700420245273,0.0009365733252437546,7075729.0,-0.12689245411563768,0.0,0.0,-1,0.0,0,45.0,-0.013865114715742038,0.0,-0.3070320469536597,0.0,0.017921843813034233,0.0,0.000987166831194486,0.0,0.0,0.0
2023-03-31,10.11,10.14,-0.0029629651306571836,-0.0029629651306571836,-0.0029629651306571836,6.876264611890766,-0.0029629651306571836,10.144,10.1405,10.135333333333334,4,31,3,10.13679302248583,10.130836254960258,39.99999999999929,0.004067407727479377,0.008758975784452441,10.167625439605924,10.113374560394075,0.0015433995351765868,0.0013144528061277854,0.0010744117597835696,7074760.0,-2.2488114805216837,0.0,0.0,-1,0.0,0,49.0,-0.008534445074342341,-0.0029585798816569166,-0.302508234708549,0.021003833549466843,0.02086629141087071,-0.002958579881656931,-0.001974333662389083,-2.2360679774997894,0.0,0.0
2023-04-03,10.23,10.11,0.008862687257845324,0.011799546931155251,0.006899978089996616,2.177655840814115,0.011799546931155251,10.152000000000001,10.146,10.139000000000001,0,3,4,10.153739745670222,10.137233915930564,71.4285714285713,0.011147444786393734,0.0092366695848407,10.1929714358904,10.099028564109602,0.004162400510188794,0.002964633020060913,0.0024242516641336557,7083312.0,3.57664177846306,0.0,0.0,-1,0.0,0,61.48571428571428,0.008157892416127684,0.008902077151335298,-0.26094255925343884,0.09179667984922205,0.047062090197909225,0.008875739644970349,0.010869565217391353,1.9455339884040976,0.0048875855327468925,0.0
2023-04-04,10.14,10.23,0.044110698447473146,0.041173838774163335,-0.003937012959339532,-2.1995659504498595,-0.008836581800498,10.149000000000001,10.145999999999999,10.139666666666667,1,4,4,10.151241610093818,10.137412372967303,50.0,0.009387958780855854,0.00926692742404373,10.192971435890398,10.0990285641096,0.005109168199920233,0.0036013246624844175,0.0029457344052212986,7082364.0,-0.2554744127472966,0.0,0.0,-1,0.0,0,50.22857142857144,0.00847041239350225,0.04203323558162265,-0.5007240605857329,0.11959544457091144,0.05716925668402435,0.0,0.0,0.9256621145036599,0.05128205128205124,0.0
2023-04-05,10.12,10.14,-0.04902471324990216,-0.04902471324990216,-0.0019743343037177405,0.5234044059728509,-0.0019743343037177405,10.144,10.145,10.139666666666667,2,5,4,10.145561317349486,10.136288994066186,46.87499999999981,0.006307017223461386,0.008674945383927261,10.1933408947517,10.0966591052483,0.00513500709814107,0.0036284060720744734,0.002969267527244757,7080764.0,-1.0343209462055243,0.0,0.0,-1,0.0,0,52.62857142857143,0.007331791274982333,0.0009861932938855806,-0.4169054679280372,0.12043574450499213,0.05759916073359456,-0.0019723865877713243,-0.0019723865877713243,1.1591160345518183,0.0029644268774704683,0.0
2023-04-06,10.13,10.12,0.007762894065986604,0.01175331845267042,0.000987654401272632,0.352415887018349,0.000987654401272632,10.143,10.144,10.139999999999999,3,6,4,10.142731986922307,10.13588325251353,48.484848484848534,0.004619020080502523,0.007863760323242314,10.192731271707567,10.095268728292433,0.00507528092799189,0.003628436593187678,0.0029746945141295913,7083040.0,-0.5745797107045433,0.0,0.0,-1,0.0,0,55.0,0.006850177959545454,0.010780632411067345,-0.3277306906703735,0.12083160296820794,0.057599645241246215,-0.0009861932938856066,-0.0019704433497536034,1.020233328782854,0.013820335636722485,0.0
2023-04-10,10.13,10.13,-0.009735281293190932,-0.01372570567987468,0.0,-4.264438892446495,0.0,10.142,10.144000000000002,10.140166666666666,0,10,4,10.14041708020916,10.13550368783524,46.87500000000011,0.0032438767909415134,0.006939783616782155,10.192731271707569,10.095268728292435,0.00507528092799189,0.0036014087662533676,0.002973445239256799,7083040.0,-0.5745797107046162,0.0,0.0,-1,0.0,0,57.91428571428572,0.014779107461596643,0.0,-0.4431887669117833,0.11833628491799271,0.05717059178996614,0.001978239366963619,0.0,0.7099341676699887,0.0,0.0
2023-04-11,10.35,10.13,0.0009866799024451063,0.021485201450785935,0.0009866799024451063,4.8404893132324345,0.021485201450785935,10.163,10.155000000000001,10.147666666666668,1,11,4,10.178523065625676,10.149342159587805,67.30769230769218,0.01967937561774491,0.009487702016974707,10.25872027158168,10.051279728418322,0.008564144707801993,0.006044746173224088,0.0049530040732928505,7087089.0,3.7601135636525678,0.0,0.0,-1,0.0,0,58.48571428571428,0.0288371850726872,0.0009871668311944508,-0.05546712770044913,0.18193981869960346,0.09595737067716179,0.011730205278592365,0.021717670286278246,1.5844052825518975,0.02028985507246368,0.0
2023-04-12,10.25,10.35,0.025317807984289786,0.004819286435948922,0.010789707421380025,-2.22172580295699,-0.009708814126960827,10.174000000000001,10.1605,10.151666666666667,2,12,4,10.191518871875552,10.155836213807948,56.45161290322578,0.02435471657187449,0.012461104927954665,10.272228053302982,10.04877194669702,0.009335716802983047,0.006505886877179041,0.005305264774499891,7086650.0,1.6021043480869805,0.0,0.0,-1,0.0,0,60.74285714285714,0.01611630078221797,0.004830917874396204,-0.4093153239725748,0.18535807517492528,0.10327775240960618,0.010848126232741562,0.010848126232741562,1.480759333844728,0.014634146341463448,0.0
2023-04-13,10.14,10.25,-0.025317807984289897,-0.025317807984289897,-0.010789707421379977,-1.0093255978413445,-0.010789707421379977,10.174000000000001,10.1605,10.152,3,13,4,10.182151804261814,10.154814522594533,50.0,0.018965257586399886,0.013761935459643711,10.272228053302982,10.04877194669702,0.010066773983419276,0.006979768713387811,0.005682023931300765,7086490.0,-0.3669624484445103,0.0,0.0,-1,0.0,0,63.17142857142856,-0.005457186654671956,-0.010731707317073116,-0.42019877069573996,0.20699118355979498,0.11080039334624048,0.001976284584980448,0.0,1.3461348706338532,0.0,0.0
2023-04-14,10.14,10.14,0.0,0.0,0.0,-1.4375876555074412,0.0,10.174000000000001,10.1605,10.152333333333333,4,14,4,10.174487839850574,10.153858746943273,50.0,0.014526618693659898,0.01391487210644695,10.272228053302982,10.04877194669702,0.010066773983419276,0.006979768713387811,0.005682023931300765,7086490.0,-0.3669624484445103,0.0,0.0,-1,0.0,0,65.71428571428571,-0.007341739042896312,0.0,-0.4327878347834647,0.20695195234594402,0.11080039334624048,0.000987166831194486,0.0,1.422658591015544,0.0,0.0
2023-04-17,10.14,10.14,0.0,0.0,0.0,-3.6375861597263857,0.0,10.177000000000001,10.1605,10.152666666666669,0,17,4,10.168217323514105,10.152964634237255,50.0,0.010883507097426914,0.013308599104642944,10.272228053302982,10.04877194669702,0.01001200853247358,0.006979768713387811,0.005682023931300765,7086490.0,-0.3669624484445103,0.0,0.0,-1,0.0,0,67.08571428571429,0.005924734035457604,0.0,-0.42592635230390685,0.20695195234594402,0.11080039334624048,0.000987166831194486,0.0,1.422658591015544,0.0,0.0
2023-04-18,10.14,10.14,0.0,0.0,0.0,2.9444389791664403,0.0,10.168000000000001,10.16,10.153333333333334,1,18,4,10.163086901056994,10.15212820622195,50.0,0.007905188814367747,0.012227917046587905,10.272015036585225,10.047984963414775,0.009160845877832263,0.006976088485133644,0.0056786774494173705,7086490.0,-0.3570949152845731,0.0,0.0,-1,0.0,0,65.4857142857143,0.010070978325738405,0.0,-0.38509638942556357,0.08886226088653261,0.11074197153386961,-0.020289855072463725,-0.0009852216748768017,-0.629369217299634,0.0,0.0
2023-04-19,10.14,10.14,0.0,0.0,0.0,2.8845066384437668,0.0,10.168000000000001,10.1585,10.153333333333334,2,19,4,10.158889282682996,10.151345741304405,50.0,0.005481660942292521,0.010878665825728828,10.270754410299618,10.046245589700382,0.008724378339145744,0.006960300628770316,0.00566738829369631,7086490.0,-0.3296084305395423,0.0,0.0,-1,0.0,0,67.25714285714287,0.00909698957804111,0.0,-0.29672410256388243,0.07618756403601377,0.11049134708383655,-0.01073170731707307,-0.002949852507374562,-2.236067977499788,0.0,0.0
2023-04-20,10.14,10.14,0.1758906664636642,0.1758906664636642,0.0,2.1452430516758048,0.0,10.170000000000002,10.157,10.153333333333332,3,20,4,10.155454867649723,10.150613757994444,50.0,0.0035204164733748655,0.009407015955258035,10.269409027545922,10.044590972454078,0.00869622894515924,0.006960300628770316,0.00566738829369631,7086490.0,-0.3024668102044478,0.0,0.0,-1,0.0,0,64.05714285714285,0.017861543523377932,0.19230769230769224,-0.04784360521662771,0.0,0.11049134708383655,0.0,-0.002949852507374562,0.0,0.19230769230769224,0.0
2023-04-21,10.3,10.14,-0.14100340746322365,-0.14100340746322365,0.015044059452646598,0.08413863729494629,0.015655897072553063,10.187000000000001,10.165,10.158333333333333,4,21,4,10.181735800804319,10.160251580059318,61.445783132530174,0.014707242983785562,0.01046706136096354,10.2938818308216,10.036118169178398,0.009999475363855028,0.0077727105646617145,0.006356413746063899,7089650.0,2.0949423070637425,0.0,0.0,-1,0.0,0,63.51428571428572,0.028666319377693667,0.0355029585798816,0.8644519496252343,0.11202044559715305,0.12338795500187595,0.015779092702169706,0.015779092702169706,2.2360679774997902,0.02002912621359229,0.0
2023-04-24,10.3,10.3,-0.019231361927887533,-0.019231361927887533,0.0006118376199062652,-1.130769400302641,0.0,10.204,10.173,10.164,0,24,4,10.203238382476261,10.169267607152266,54.92957746478875,0.023304246739989765,0.013034498436768786,10.314585012588248,10.031414987411752,0.009999475363855028,0.0077727105646617145,0.006340074447818006,7089650.0,1.7939751909947792,0.0,0.0,-1,0.0,0,63.48571428571429,0.03496353247374815,0.0,-0.14611863594125793,0.11202044559715305,0.12338795500187595,0.015779092702169706,0.015779092702169706,2.2360679774997902,0.0,0.0
2023-04-25,10.3,10.3,0.0,0.0,0.0,-5.8289456176102075,0.0,10.199,10.181000000000001,10.169666666666668,1,25,4,10.220831403844214,10.177701955077927,62.90322580645161,0.02977421553200088,0.016382441855815208,10.332469990080149,10.029530009919853,0.007113141697385215,0.0077727105646617145,0.006340074447818006,7089650.0,1.5712683408381114,0.0,0.0,-1,0.0,0,57.0,0.031060276433396934,0.0,-0.6299994079521072,0.11202044559715305,0.12338795500187595,0.015779092702169706,0.015779092702169706,2.2360679774997902,0.0,0.0
2023-04-26,10.11,10.3,-0.018618862203210212,-0.018618862203210212,-0.018618862203210212,4.007333185232471,-0.018618862203210212,10.185,10.1795,10.168666666666669,2,26,4,10.200680239508902,10.173334087008383,49.36708860759495,0.019347276944181147,0.016975408873488397,10.33325647183687,10.025743528163131,0.008733540272402406,0.008888465857075705,0.007227178737156058,7089485.0,-0.9040269872183192,0.0,0.0,-1,0.0,0,52.0,0.03974135989563088,-0.018446601941747697,-0.5579806246973468,0.1924409712647375,0.1411000211682654,-0.002958579881656931,-0.002958579881656931,-0.3289999073865879,0.0,0.0
2023-04-27,10.7,10.11,0.05671870843548049,0.05671870843548049,0.05671870843548049,-0.4238142467763609,0.05671870843548049,10.241000000000001,10.2075,10.187333333333333,3,27,4,10.291465650507282,10.207312533007842,70.80291970802915,0.058023068341825024,0.025184940767155724,10.485074077358107,9.929925922641893,0.020234119842483595,0.015810380975170426,0.012886054181551265,7089593.0,3.5486022663752674,0.0,0.0,-1,0.0,0,58.0,0.03803690332159462,0.05835806132542037,-0.5887504538224629,0.46108769194302957,0.2509820171609269,0.055226824457593526,0.055226824457593526,1.304675449771372,0.0,0.0
2023-04-28,10.15,10.7,-0.009389740349839032,-0.004683849312426314,-0.0527700359800641,1.02829579025065,-0.0527700359800641,10.242,10.208,10.187666666666667,4,28,4,10.265744623142322,10.203614950233144,50.520833333333314,0.043788738885941925,0.028905700390912968,10.485097740688891,9.93090225931111,0.027152313353999764,0.01993149863727528,0.016147976886154963,7089291.0,-0.41862484952642515,0.0,0.0,-1,0.0,0,59.0,0.01922778881058939,-0.009345794392523333,-0.505399758688621,0.6330768213693073,0.31640273190631907,-0.014563106796116498,0.0009861932938854956,0.6607362140930824,0.04926108374384236,0.0
2023-05-01,10.1,10.15,-0.04831857727080768,-0.053024468308220433,-0.004938281640582677,2.5070115203553174,-0.004938281640582677,10.238,10.207500000000001,10.186333333333334,0,1,5,10.235609237116444,10.196930114734233,42.857142857142854,0.02814886550727458,0.02875433341418529,10.485377292116208,9.929622707883794,0.02720559231111016,0.01995294578886526,0.016174665893030092,7085586.0,-0.7737228125502674,0.0,0.0,-1,0.0,0,59.0,0.01792667217875176,-0.004926108374384306,1.032470485514596,0.6329161870754523,0.31674319488294583,-0.019417475728155442,-0.0009891196834816984,0.7846260922305224,0.0,0.0
2023-05-02,10.145,10.1,0.002965894413378248,0.004445549430564302,0.002965894413378248,0.6154409225474285,0.004445549430564302,10.2385,10.20325,10.186166666666667,1,2,5,10.219134830367999,10.19357978475138,46.90265486725662,0.019164362256098855,0.026836339182568003,10.482276031609848,9.924223968390153,0.02724320950124678,0.019791753735398442,0.01619439343060799,7092442.0,-0.4175237676852323,0.0,0.0,-1,0.0,0,55.0,0.01762233413448972,0.002970297029703083,2.9207953938300495,0.6351587133597792,0.3141843503621876,-0.015048543689320515,-0.008308895405669703,0.6677513404036186,0.0014785608674222565,0.0
2023-05-03,10.145,10.145,0.0014796550171858522,0.0,0.0014796550171858522,-4.64322471825119,0.0,10.239,10.203500000000002,10.185333333333334,2,3,5,10.205655770301089,10.190445605090002,50.157728706624574,0.011906824241577851,0.023850436194369974,10.482296284805239,9.924703715194765,0.02724320950124678,0.019688856110567202,0.016190581891038572,7092442.0,-0.41966125940931776,0.0,0.0,-1,0.0,0,54.0,0.017158248495583638,0.0,-0.6866865175649488,0.6190814142749717,0.3125509012073715,0.0034619188921860555,0.0004930966469427478,0.2755305272711976,0.0,0.0
2023-05-04,10.2,10.145,0.0054067470124472515,0.0054067470124472515,0.0054067470124472515,0.4155154439616658,0.0054067470124472515,10.245,10.2075,10.186333333333334,3,4,5,10.204627448428162,10.19106201766484,51.82926829268288,0.010472493042261277,0.021174847563948235,10.483533941467813,9.931466058532186,0.027288672255818148,0.019715160538204858,0.016220301810931443,7092542.0,-0.05434114341242922,0.0,0.0,-1,0.0,0,49.6,0.014268241485280013,0.0054213898472153495,-0.622427088942544,0.37934090817789906,0.3129684710508263,-0.04672897196261683,0.007905138339920903,-2.076826551276837,0.0,0.0
2023-05-05,10.215,10.2,0.001469507979359978,0.001469507979359978,0.001469507979359978,0.01980262729617973,0.001469507979359978,10.2365,10.21175,10.188833333333333,4,5,5,10.206513366895768,10.192606403621948,52.265861027190304,0.010425965828641637,0.019025071216886916,10.485366616146994,9.938133383853007,0.026793852243269446,0.019715984440457832,0.01621054378127055,7092644.0,0.023755867211321273,0.0,0.0,-1,0.0,0,53.885714285714286,0.01397422464599178,0.0014705882352941736,-0.5636107372792375,0.06517494642430066,0.3129815500936223,0.0064039408866993774,0.008390918065152908,-0.8364975605174673,0.0,0.0
2023-05-08,10.22,10.215,0.000978473659280144,0.000978473659280144,0.000489356505973147,1.6307772284690958,0.000489356505973147,10.2285,10.216249999999999,10.1915,0,8,5,10.208965482005627,10.194373732420534,52.40963855421687,0.010669558856958972,0.017353968744901326,10.487152487797529,9.945347512202469,0.02679532822237249,0.0197155020124565,0.016210402673921123,7093165.0,0.02768523855568744,0.0,0.0,-1,0.0,0,57.142857142857146,0.013997590048518464,0.0009789525208027201,-0.35935648147944266,0.03857720973330617,0.3129738917865202,0.011881188118811892,0.008884501480750151,0.49289994669052895,0.0004892367906065562,0.0
2023-05-09,10.215,10.22,-0.0009784736592800003,-0.0009784736592800003,-0.0004893565059730923,2.41724960080107,-0.0004893565059730923,10.22,10.2095,10.193999999999999,1,9,5,10.210062667095514,10.195704459361144,52.25225225225223,0.010339957282484491,0.01595116645241796,10.472996729231962,9.946003270768038,0.026794845782823082,0.019080239477935836,0.01621105297935087,7087322.0,0.041746248737363725,0.0,0.0,-1,0.0,0,59.0,0.013842730106335925,-0.00048923679060673,2.1946238093218917,0.03767688678103674,0.30288941168505057,0.00689995071463767,-0.01304347826086949,1.7529526381686737,0.0,0.0
2023-05-10,10.23,10.215,0.00293255342127772,0.00293255342127772,0.0014673516939497444,-2.5794298725093014,0.0014673516939497444,10.232000000000001,10.208499999999999,10.197000000000001,2,10,5,10.21368763671451,10.197917074886233,52.678571428571416,0.011160469356244818,0.014993027033183334,10.47150090053907,9.945499099460928,0.026042873711902836,0.018960407613979307,0.016212107537004,7087765.0,0.16349753902692374,0.0,0.0,-1,0.0,0,59.971428571428575,0.0140041805308625,0.0029368575624081606,-0.4098692647099442,0.0356816767177716,0.30098713981802877,0.008378511582060266,-0.0019512195121951237,1.501947532554073,0.0014662756598239287,0.0
2023-05-11,10.25,10.23,-0.00048816207950121236,0.00048792389355408,0.0009770396478266119,0.9131254567919049,0.00195312562088207,10.187000000000001,10.214,10.200666666666669,3,11,5,10.220289884584599,10.20127726360325,48.37662337662336,0.013271577455558514,0.01464873711765837,10.4755661333304,9.952433866669601,0.016837735334344666,0.018791394037460735,0.01621428582466437,7088869.0,0.2752649935343562,0.0,0.0,-1,0.0,0,59.057142857142864,0.014441135322263892,0.0009775171065493438,-0.11473698535391944,0.015531879583188064,0.2983041324680584,0.004901960784313708,0.010848126232741562,-0.9408379269575552,0.0009756097560975402,0.0
2023-05-12,10.21,10.25,-0.0029339874347874273,-0.00391007340784289,-0.0029339874347874273,-2.4015250408489495,-0.00391007340784289,10.193,10.2175,10.203,4,12,5,10.218418996478308,10.201840020790138,47.15189873417722,0.011583453288860568,0.01403568035189881,10.476760080756446,9.958239919243553,0.003228804801989246,0.018819358002457317,0.016233963133403927,7088769.0,-0.05785695952971758,0.0,0.0,-1,0.0,0,57.34285714285715,0.01405232111717578,-0.0039024390243901606,-0.604956549203324,0.036923653241978834,0.2987480466503721,-0.0004894762604013003,0.006903353057199135,-1.40957643710808,0.0,0.0
2023-05-15,10.25,10.21,0.0068326278504447155,0.02800762498690337,0.0029339874347875704,8.218784460180059,0.0039100734078428186,10.208,10.223,10.207666666666666,0,15,5,10.224160997118615,10.204947116223034,48.45679012345677,0.013319726909950091,0.013892489663509068,10.47999477774778,9.966005222252221,0.00271980981223897,0.018834136572350526,0.016234092015126322,7459768.0,0.21012100118623966,0.0,0.0,-1,0.0,0,57.0,0.01276311235820942,0.006856023506366161,4.247247494309407,0.0469946350552847,0.29898264917439576,0.0029354207436398383,0.010848126232741562,-0.8325723347912255,0.025365853658536566,0.0
2023-05-16,10.33,10.25,0.0,0.0,0.0019512201312617493,-3.3644911339188095,0.0077745775471300006,10.2265,10.2325,10.211,1,16,5,10.243404452187958,10.213015044208644,57.28476821192055,0.020910029867669877,0.01529599770434123,10.49062073878252,9.97437926121748,0.0032764195501662798,0.0188994521081161,0.016153431258266154,7472597.0,0.7554604132924707,0.0,0.0,-1,0.0,0,55.28571428571429,0.011516735343626067,0.0029268292682926205,-0.09332721161110442,0.06743786437946261,0.3000195011607037,0.011257953989231462,0.018737672583826415,-0.31015413892557114,0.023233301064859654,0.0
2023-05-17,10.35,10.33,0.0067765978019345115,-0.004581909505111621,0.006799443388923675,-0.9386767853229726,0.0019342365798309684,10.247000000000002,10.243,10.218,2,17,5,10.262785460881055,10.221852783291958,31.382978723404264,0.02821399908106592,0.01787959797968617,10.502359535049738,9.983640464950263,0.0032139521624512286,0.01889849213287316,0.01606014412888359,7477615.0,0.8251094372102378,0.0,0.0,-1,0.0,0,60.0,0.01312415594103182,0.0019264278799612591,-0.19090115413428085,0.0671781823785408,0.3000042620261581,0.011730205278592365,0.020710059171597628,-0.42185804032256496,0.01178743961352656,0.0
2023-05-18,10.31,10.35,9.661882424654124e-06,-0.00980682794698795,-0.0029083878959570812,-1.1405309384999078,-0.0038722216825094508,10.258000000000001,10.2515,10.224333333333334,3,18,5,10.271369922539044,10.22753970049893,68.60465116279073,0.030424071837078515,0.02038849275116464,10.507770827138541,9.995229172861459,0.003450684701882321,0.018931079009155263,0.016075148848615373,7476011.0,0.45654825914597774,0.0,0.0,-1,0.0,0,64.0,0.009941053272633907,0.0,-0.2314511903967885,0.08064671004996954,0.3005215626500393,0.005853658536585371,0.0167652859960552,0.16704112718728142,0.004849660523763233,0.0
2023-05-19,10.33,10.31,0.0,0.0,0.0,-0.8149908183910987,0.0019379851026784913,10.2695,10.253,10.231,4,19,5,10.282029936622854,10.234150042402225,78.75000000000016,0.033404338847205395,0.022991661970372793,10.510812661483527,9.995187338516473,0.003459787072490954,0.0186127429187592,0.01607658512254349,7476721.0,0.5973329591876516,0.0,0.0,-1,0.0,0,65.45714285714287,0.011347293297999404,0.0038797284190105865,-0.24071564445515553,0.06696326388439829,0.295468133878892,0.011753183153770719,0.002912621359223211,-0.4069759056166397,0.0048402710551789865,0.0
2023-05-22,10.35,10.33,0.0,0.0,0.004842624475787991,-1.4236014135327013,0.0019342365798309684,10.2825,10.255500000000001,10.238333333333335,0,22,5,10.294388129964151,10.241624233214985,77.33333333333347,0.03695407124719452,0.02578414382573714,10.51618533158855,9.994814668411452,0.003460481558083761,0.018616084147964188,0.016077247384233495,7476892.0,0.7250120244521616,0.0,0.0,-1,0.0,0,67.85714285714286,0.0125365127640458,0.0019361084220715947,-0.24669884760979824,0.06549615894908202,0.29552117424818997,0.009756097560975618,0.004854368932038833,0.0237847770777511,0.0,0.0
2023-05-23,10.35,10.35,0.0,0.0,0.0,-5.14166355650266,0.0,10.296,10.258,10.238333333333333,1,23,5,10.304499379061578,10.248616218168857,77.33333333333347,0.03931407160334466,0.028490129381258646,10.521426809969476,9.994573190030522,0.003436216814242161,0.018616084147964188,0.015586247128730262,7476892.0,0.6984862323668586,0.0,0.0,-1,0.0,0,65.0,0.012424998931004775,0.0,-0.24876823563194939,0.04003228921605916,0.29552117424818997,0.0019361084220717029,0.004854368932038833,-1.7128481620060931,0.0,0.0
2023-05-24,10.38,10.35,0.004819286435948922,0.004819286435948922,-0.004842624475787903,7.053585727193677,0.0028943580263645565,10.311,10.2715,10.242666666666667,2,24,5,10.318226764686745,10.257092591190222,75.71428571428595,0.04310821351652905,0.03141374620831273,10.530630123784952,10.012369876215047,0.0034726890205957744,0.01808258844835505,0.015482867568548707,7478049.0,0.8374171124160225,0.0,0.0,-1,0.0,0,61.82857142857143,0.013678247788089409,0.004830917874396204,-0.2353901925761484,0.04285821819360797,0.2870521925680608,0.0028985507246377384,0.02670623145400608,-1.4970033124080773,0.009633911368015379,0.0
2023-05-25,10.31,10.38,0.0,0.0,0.0009704027932785145,0.8165802192761688,-0.006766579708874084,10.317,10.252,10.248333333333333,3,25,5,10.316730989289155,10.260505972403758,61.72839506172849,0.04000552454803952,0.033132101876258084,10.416936989564146,10.087063010435855,0.004321293804143168,0.012209486858824512,0.01539968971681155,7475431.0,0.7032988798118354,0.0,0.0,-1,0.0,0,62.6857142857143,0.010125636817087844,0.0019267822736030416,-0.21929283913853437,0.06219029533835979,0.19381959518496505,0.0,-0.036448598130841,-1.86353744977636,0.008729388942773992,0.0
2023-05-26,10.32,10.31,-0.0019249284095843938,-0.0019249284095843938,0.0009694620245481637,-1.7195631780235658,0.0009694620245481637,10.328,10.2605,10.254333333333335,4,26,5,10.317325354872946,10.264344296764806,62.19512195121952,0.03791646026163775,0.03408897355333402,10.420759657727412,10.100240342272588,0.004022558678276112,0.003558774047631153,0.015399255917499773,7475900.0,0.7425449529064214,0.0,0.0,-1,0.0,0,65.71428571428571,0.010797976557776062,0.006789524733268698,-0.24544501753612674,0.060652505414507146,0.056493786613816585,-0.0009680542110358514,0.016748768472906406,-1.8021022990179938,0.005813953488372141,0.0
2023-05-30,10.32,10.32,-0.005797117684325958,-0.005797117684325958,0.0,-6.150602768446279,0.0,10.335,10.2715,10.260333333333334,1,30,5,10.317811653986956,10.26793498729611,62.9629629629631,0.03584763256987955,0.03444070535664313,10.414663506082585,10.128336493917415,0.003904463149879963,0.0032999820352709384,0.015399255917499773,7475900.0,0.6775469716706037,0.0,0.0,-1,0.0,0,66.08571428571429,0.010730587232979191,0.0,-0.24873877337363887,0.05787501803679617,0.05238559077784609,-0.0028985507246376274,0.0217821782178218,-1.6229842752071397,0.0,0.0
2023-05-31,10.32,10.32,0.0,0.0,0.0,3.6635616461296463,0.0,10.334,10.28025,10.266333333333334,2,31,5,10.318209535080237,10.271294020373782,61.53846153846161,0.03381823614391699,0.0343162115140979,10.411778464000317,10.148721535999684,0.0029987134433544483,0.003209494184246642,0.015399255917499773,7475900.0,0.6044319045633222,0.0,0.0,-1,0.0,0,64.17142857142858,0.010166238039147844,0.0,-0.24393253762574385,0.05787501803679617,0.05094914067494839,-0.0028985507246376274,0.01724987678659451,-1.6229842752071397,0.0,0.0
2023-06-01,10.3,10.32,0.0,0.0,-0.0019398648178265917,2.9349473824848693,-0.0019398648178265917,10.328999999999999,10.288,10.271666666666668,3,1,6,10.314898710520193,10.273146019059345,56.41025641025655,0.03024741858917146,0.033502452929112615,10.403229747621968,10.172770252378033,0.0029574386192062416,0.0032656028060449394,0.015406360671253106,7475166.0,0.20827955016214655,0.0,0.0,-1,0.0,0,68.05714285714286,0.008087161697754648,0.0,-0.23594965603223786,0.04910858724087107,0.05183983743305763,-0.0077071290944122905,0.015278462296697937,-1.6549208396572563,0.0019417475728154925,0.0
2023-06-02,10.3,10.3,-0.0019398648178265917,-0.0019398648178265917,0.0,-1.944548678456992,0.0,10.328,10.293000000000001,10.277,4,2,6,10.312189854061977,10.274878533958741,62.85714285714291,0.027105069580876773,0.03222297625946545,10.400576166408408,10.185423833591594,0.002708010589406255,0.0030782468384161544,0.015406360671253106,7475166.0,0.1301403504829233,0.0,0.0,-1,0.0,0,75.42857142857143,0.00803391339059236,0.0,-0.2435660633075062,0.016854524847628,0.048865653651119834,-0.0009699321047526022,0.009803921568627638,-1.2918502875505282,0.0,0.0
2023-06-05,10.3,10.3,0.0,0.0009704027932785145,0.0,1.0531499145913523,0.0,10.325,10.29725,10.277,0,5,6,10.309973516959799,10.276499273703338,58.064516129032405,0.024334225547814725,0.030645226117135306,10.398373946875912,10.196126053124088,0.0026139981630056556,0.0030712077637977883,0.015138581479828727,7475166.0,0.054388699906564704,0.0,0.0,-1,0.0,0,69.0,0.006761091279276996,0.0,-0.24132159597396877,0.013758325076978738,0.04875391180571849,-0.0019379844961240345,0.008321096426823438,-2.2360679775084966,0.0009708737864077462,0.0
2023-06-06,10.3,10.3,0.0,-0.0009704027932784053,0.0,-1.0919897479076164,0.0,10.32,10.30125,10.277,1,6,6,10.308160150239836,10.278015449593445,43.47826086956531,0.02188602323646549,0.02889338554100134,10.395610730013104,10.206889269986895,0.0025002093817013873,0.003072565712821593,0.015138581479828727,7475166.0,-0.026494072265555228,0.0,0.0,-1,0.0,0,73.0,0.006665920552588893,0.0,-0.2434725125924149,0.013758325076978738,0.048775468578179035,-0.0019379844961240345,0.007827788649706457,-2.2360679775084966,0.0,0.0
2023-06-07,10.3,10.3,0.0,0.0,0.0,-4.61512051684126,0.0,10.315000000000001,10.3055,10.277,2,7,6,10.306676486559866,10.27943380768419,38.0952380952383,0.019718502642259494,0.027058408961252972,10.390717986736043,10.220282013263958,0.0025002093817013873,0.0030671029225896778,0.015138581479828727,7475166.0,-0.12908073073905235,0.0,0.0,-1,0.0,0,74.0,0.0058490503717073435,0.0,-0.24096142619296068,0.013758325076978738,0.04868874947167007,-0.0019379844961240345,0.008321096426823438,-2.2360679775084966,0.0,0.0
2023-06-08,10.3,10.3,0.0,0.0,0.0,4.624972813284271,0.0,10.307,10.309000000000001,10.283333333333333,3,8,6,10.305462579912618,10.28076065880134,47.058823529411825,0.01779559046568835,0.02520584526214005,10.386568306062793,10.231431693937209,0.002216789039161052,0.003058219297593229,0.014727916207225383,7475166.0,-0.23205353982372254,0.0,0.0,-1,0.0,0,75.0,0.005626028158234476,0.0,-0.2395213894794074,0.0,0.048547726296781904,0.0,0.006842619745845546,0.0,0.0,0.0
2023-06-09,10.3,10.3,0.0,0.0,0.0,0.38566248081198473,0.0,10.306000000000001,10.3115,10.27,4,9,6,10.304469383564868,10.282001906620609,40.000000000000234,0.016086236589849534,0.02338192352768195,10.384127383556715,10.238872616443286,0.0007151409846861834,0.003035222412969847,0.009923655211071313,7475166.0,-0.31668495922119283,0.0,0.0,-1,0.0,0,76.0,0.005569416405439208,0.0,-0.23833036243694644,0.0,0.04818266207092562,0.0,0.004878048780487809,0.0,0.0,0.0
2023-06-12,10.3,10.3,0.0,0.0,0.0,-5.0106352940962555,0.0,10.304,10.316,10.275,0,12,6,10.303656768371255,10.283163073935409,30.769230769231285,0.01456368028724242,0.021618274879594043,10.371212508119285,10.260787491880716,0.0006128445077844015,0.0028756241409663244,0.0029425215071422327,7475166.0,-0.5795788144756143,0.0,0.0,-1,0.0,0,78.0,0.00513323292797078,0.0,-0.24006853115523522,0.0,0.04564911804654384,0.0,0.008814887365328206,0.0,0.0,0.0
2023-06-13,10.3,10.3,0.0,0.0,0.0,0.0,0.0,10.302,10.3185,10.281666666666666,1,13,6,10.302991901394662,10.2842493272299,30.769230769231285,0.013204826428649952,0.019935585189405226,10.364964474263813,10.272035525736188,0.0006128445077844015,0.0027574670754069185,0.0027615520935171676,7475166.0,-0.796307298989838,0.0,0.0,-1,0.0,0,79.0,0.005022376634337982,0.0,-0.4388949579226434,0.0,0.04377343277985178,0.0,0.004878048780487809,0.0,0.0,0.0
2023-06-14,10.3,10.3,0.0,0.0,0.0,6.376726947898627,0.0,10.3,10.317,10.286833333333334,2,14,6,10.302447919322905,10.28526549966668,9.99999999999983,0.01198971498469703,0.01834641114846359,10.363836782668296,10.270163217331705,0.0006128445077844015,0.002107152719008879,0.0026684960496910206,7475166.0,-0.7259251823677064,0.0,0.0,-1,0.0,0,79.0,0.004661152173062663,0.0,-0.08677770833716553,0.0,0.033450012413586354,0.0,-0.0029041626331074433,0.0,0.0,0.0
2023-06-15,10.3,10.3,0.0,0.0,0.0,-6.376726947898627,0.0,10.3,10.314499999999999,10.292000000000002,3,15,6,10.302002843082377,10.286216112591411,33.33333333333333,0.01090106966553428,0.016857342851877725,10.359209589224358,10.26979041077564,0.0,0.0020503009984147325,0.0026684960496910206,7475166.0,-0.6486304281274061,0.0,0.0,-1,0.0,0,80.0,0.003615371056475176,0.0,-0.6553967480859098,0.0,0.032547519327796905,0.0,-0.004830917874396046,0.0,0.0,0.0
2023-06-16,10.3,10.3,0.0,0.0,0.0,2.302585092994046,0.0,10.3,10.314,10.295333333333334,4,16,6,10.301638689794672,10.28710539565003,0.0,0.009923913707039489,0.015470657022910079,10.359143047493848,10.268856952506152,0.0,0.0018644007876359732,0.002502778034216515,7475166.0,-0.6202505491862239,0.0,0.0,-1,0.0,0,81.25714285714287,0.008899151843947035,0.0,-0.5678890331960684,0.0,0.02959644496942639,0.0,-0.0009699321047526022,0.0,0.0,0.0
2023-06-20,10.3,10.3,0.0,0.0,0.0,-2.3025850929940455,0.0,10.3,10.312500000000002,10.298166666666667,1,20,6,10.30134074619564,10.287937305608093,0.0,0.009045242643180629,0.01418557414696419,10.357397544185329,10.267602455814675,0.0,0.0018051209576548115,0.002494019515021887,7475166.0,-0.5568233286170005,0.0,0.0,-1,0.0,0,80.11428571428571,0.005410453331892396,0.0,-0.5273633977257619,0.0,0.028655406842072323,0.0,-0.0029041626331074433,0.0,0.0,0.0
2023-06-21,10.3,10.3,0.0,0.0,0.0,0.0,0.0,10.3,10.31,10.300833333333333,2,21,6,10.30109697416007,10.288715543955957,0.0,0.008253745454766204,0.012999208408524594,10.351548956541192,10.268451043458809,0.0,0.0017383868256336703,0.0024941979685964015,7475166.0,-0.48135986231498745,0.0,0.0,-1,0.0,0,80.11428571428573,0.0037821098751053047,0.0,-0.5107697976042022,0.0,0.027596035338346172,0.0,-0.004830917874396046,0.0,0.0,0.0
2023-06-22,10.3,10.3,0.0,0.0,0.0,0.0,0.0,10.3,10.307500000000001,10.303666666666667,3,22,6,10.300897524312784,10.289443573378154,0.0,0.007539566797690966,0.01190728008635787,10.344704979861614,10.270295020138388,0.0,0.0017383868256336703,0.0024907072877258132,7475166.0,-0.4031718349477477,0.0,0.0,-1,0.0,0,80.0,0.003059144540087249,0.0,-0.5107697976042022,0.0,0.027596035338346172,0.0,-0.004830917874396046,0.0,0.0,0.0
2023-06-23,10.3,10.3,0.0,0.0,0.0,0.0,0.0,10.3,10.303500000000001,10.306000000000001,4,23,6,10.300734338074095,10.29012463316021,0.0,0.006894104125651168,0.01090464489421653,10.318403196413644,10.288596803586358,0.0,0.001576154018600085,0.002480941440293938,7475166.0,-0.4696978960562831,0.0,0.0,-1,0.0,0,75.0,0.0024134964144020936,0.0,-0.4383414704227465,0.0,0.02502066936690539,0.0,-0.0077071290944122905,0.0,0.0,0.0
2023-06-26,10.26,10.3,-0.0009713453896320032,-0.0009713453896320032,-0.003891055492966676,8.585225601808064,-0.003891055492966676,10.296000000000001,10.301,10.306333333333333,0,26,6,10.293328094787896,10.288181108440197,0.0,0.0031189512729064006,0.009347506169954506,10.325192212756992,10.276807787243008,0.0012280689942400834,0.0009894499020853362,0.002568438972787812,7469814.0,-3.3895204553500173,0.0,0.0,-1,0.0,0,73.0,-0.002199754969694843,-0.0009708737864079187,4.176882671363403,0.027570080542602016,0.015707030254050056,-0.003883495145631133,-0.004849660523763455,-2.236067977500872,0.0029239766081870723,0.0
2023-06-27,10.26,10.26,-0.0029197101033347503,-0.0029197101033347503,0.0,-8.585225601808064,0.0,10.292,10.298,10.308,1,27,6,10.287268441190095,10.286362972411798,0.0,0.00012566682961256959,0.007503138301886119,10.326727393861582,10.269272606138419,0.0012280689942400834,0.0009498708275723919,0.002458582733652141,7469814.0,-2.645558464725218,0.0,0.0,-1,0.0,0,75.0,-0.0012430713974291715,0.0,-0.3147781813704746,0.027570080542602016,0.015078731924349982,-0.003883495145631133,-0.005813953488372103,-2.236067977500872,0.0,0.0
2023-06-28,10.26,10.26,0.0,0.0,0.0,4.499809670330265,0.0,10.288,10.295000000000002,10.308333333333334,2,28,6,10.282310542791896,10.284662135482005,0.0,-0.002220931145386018,0.005558324412431692,10.326455900629185,10.263544099370819,0.0012280689942400834,0.0009498708275723919,0.0023542547450708506,7469814.0,-2.2253376504839477,0.0,0.0,-1,0.0,0,76.0,-0.0025003460809456014,0.0,-0.24310881625131459,0.027570080542602016,0.015078731924349982,-0.003883495145631133,-0.005813953488372103,-2.236067977500872,0.0,0.0
2023-06-29,10.26,10.26,0.0,0.0,0.0,-4.499809670330265,0.0,10.284,10.292,10.306000000000001,3,29,6,10.278254080466096,10.283071029967038,0.0,-0.004034124075708689,0.003639834714803616,10.324831307269488,10.259168692730512,0.0012280689942400834,0.0009498708275723919,0.001841433905926799,7469814.0,-1.9493588687977461,0.0,0.0,-1,0.0,0,79.0,-0.0010093495992791455,0.0,-0.31706317759693964,0.027570080542602016,0.015078731924349982,-0.003883495145631133,-0.005813953488372103,-2.236067977500872,0.0,0.0
2023-06-30,10.26,10.26,0.0,0.0,0.0,0.0,0.0,10.28,10.290000000000001,10.303,4,30,6,10.274935156744988,10.281582576420778,0.0,-0.005408743903446478,0.0018301189911535973,10.325540932668089,10.254459067331913,0.0012280689942400834,0.0008683759135921339,0.0017964605998619732,7469814.0,-1.6881943014927523,0.0,0.0,-1,0.0,0,79.0,0.003678973192234429,0.0,-0.286252135673162,0.027570080542602016,0.0137850402712998,-0.003883495145631133,-0.003883495145631133,-2.236067977500872,0.0,0.0
2023-07-03,10.26,10.26,0.0,0.0,0.0,0.6931471805599453,0.0,10.276,10.288,10.301333333333334,0,3,7,10.272219673700445,10.280190152135567,0.0,-0.006424087142802293,0.00017927776436241932,10.325612987680922,10.250387012319079,0.0012280689942400834,0.0008683759135921339,0.0016650009361659968,7469814.0,-1.488847428847177,0.0,0.0,-1,0.0,0,82.22857142857143,0.003097120202874555,0.0,-0.27992994554095396,0.0,0.0137850402712998,0.0,-0.003883495145631133,0.0,0.0,0.0
2023-07-05,10.26,10.26,0.0,0.0,0.0,-0.6931471805599453,0.0,10.272,10.286000000000001,10.299000000000001,2,5,7,10.269997914845817,10.278887561675209,0.0,-0.00714637501246429,-0.0012858527910029228,10.325148838796657,10.246851161203345,0.0012280689942400834,0.0008683759135921339,0.0016176042831265488,7469814.0,-1.3282641733027623,0.0,0.0,-1,0.0,0,79.25714285714287,-3.6778975608907625e-05,0.0,-0.2684284250722104,0.0,0.0137850402712998,0.0,-0.003883495145631133,0.0,0.0,0.0
2023-07-06,10.26,10.26,0.0,0.0,0.0,0.0,0.0,10.267999999999999,10.284,10.296,3,6,7,10.268180112146577,10.277669009309067,0.0,-0.007630829895960645,-0.0025548482119944673,10.324209975198222,10.243790024801779,0.0012280689942400834,0.0008683759135921339,0.00156620096217292,7469814.0,-1.193733638565503,0.0,0.0,-1,0.0,0,77.0,0.0002777944592707873,0.0,-0.26313499681569574,0.0,0.0137850402712998,0.0,-0.003883495145631133,0.0,0.0,0.0
2023-07-07,10.26,10.26,0.0,0.0,0.0,0.0,0.0,10.264,10.282,10.293000000000001,4,7,7,10.266692819029018,10.276529073224612,0.0,-0.007923427540911021,-0.0036285640777777785,10.3228334228449,10.2411665771551,0.0012280689942400834,0.0008683759135921339,0.00156620096217292,7469814.0,-1.0775486582922322,0.0,0.0,-1,0.0,0,77.0,0.001316083960267022,0.0,-0.26392816447682205,0.0,0.0137850402712998,0.0,-0.003883495145631133,0.0,0.0,0.0
2023-07-10,10.26,10.26,0.0,0.0,0.0,0.0,0.0,10.26,10.280000000000001,10.289,0,10,7,10.265475942841922,10.27546268140367,0.0,-0.00806237523947928,-0.004515326310118079,10.321039134085563,10.23896086591444,0.0012280689942400834,0.0008683759135921339,0.0014476425567590417,7469814.0,-0.9746794344297622,0.0,0.0,-1,0.0,0,76.0,0.000899273099524938,0.0,-0.25939815109967157,0.0,0.0137850402712998,0.0,-0.003883495145631133,0.0,0.0,0.0
2023-07-11,10.25,10.26,-0.0009751341582063183,-0.0009751341582063183,-0.0009751341582063183,4.605170185988092,-0.0009751341582063183,10.258999999999999,10.2775,10.287,1,11,7,10.26266213505248,10.273819927764725,0.0,-0.008877079274093091,-0.005387676902913082,10.319489973742701,10.235510026257298,0.00030821419689717496,0.0008841115503607716,0.000822036102974551,7469714.0,-1.3098364942311669,0.0,0.0,-1,0.0,0,78.0,0.0005063157916158111,-0.0009746588693956907,-0.17351528745533745,0.006919391559186774,0.014034835760966157,-0.0009746588693957392,-0.004854368932038944,-2.236067977568245,0.0,0.0
2023-07-12,10.25,10.25,0.0,0.0,0.0,-4.605170185988091,0.0,10.258,10.275,10.284666666666665,2,12,7,10.260359928679302,10.272283158231518,0.0,-0.00941421685934074,-0.006192984894198615,10.31730217115451,10.23269782884549,0.00030821419689717496,0.0008841115503607716,0.0007932407356532351,7469714.0,-1.1819724292016434,0.0,0.0,-1,0.0,0,78.0,0.001201563301612423,0.0,-0.25638076482185174,0.006919391559186774,0.014034835760966157,-0.0009746588693957392,-0.004854368932038944,-2.236067977568245,0.0,0.0
2023-07-13,10.27,10.25,0.001949318356049679,0.001949318356049679,0.001949318356049679,6.398594934535208,0.001949318356049679,10.259,10.2735,10.283,3,13,7,10.262112668919428,10.272135857700453,28.571428571427845,-0.008132325031722232,-0.0065808529217033385,10.314165516235512,10.232834483764488,0.0007197106229863355,0.0010108943052776949,0.0008869182330803109,7470315.0,-0.1721360171468446,0.0,0.0,-1,0.0,0,79.0,0.002308557866102551,0.0019512195121950803,0.22082758900164387,0.016961381181820622,0.01604744960121714,0.0009746588693957392,-0.002912621359223433,1.2946239748110377,0.0,0.0
2023-07-14,10.27,10.27,0.0,0.0,0.0,-6.398594934535208,0.0,10.26,10.272,10.281333333333333,4,14,7,10.263546729115895,10.271998060429457,28.571428571427845,-0.007035317759008564,-0.006671745889164384,10.310716241664124,10.233283758335876,0.0007197106229863355,0.0010108943052776949,0.0008869182330803109,7470315.0,-0.1033158134175992,0.0,0.0,-1,0.0,0,79.0,0.003169253398934559,0.0,-0.25768165076943444,0.016961381181820622,0.01604744960121714,0.0009746588693957392,-0.002912621359223433,1.2946239748110377,0.0,0.0
2023-07-17,10.27,10.27,0.0,0.0,0.0,0.0,0.0,10.261,10.270500000000002,10.280333333333333,0,17,7,10.264720051094821,10.271869153304976,66.66666666666666,-0.006095664565185288,-0.006556529624368566,10.306904164021002,10.234095835979002,0.0007197106229863355,0.0010108943052776949,0.0008212076144693594,7470315.0,-0.027469385079901407,0.0,0.0,-1,0.0,0,80.02857142857142,0.0028675278171035163,0.0,-0.25684475031224235,0.016961381181820622,0.01604744960121714,0.0009746588693957392,-0.002912621359223433,1.2946239748110377,0.0,0.0
2023-07-18,10.27,10.27,0.0,0.0,0.0,1.3862943611198906,0.0,10.261999999999999,10.269,10.279333333333335,1,18,7,10.265680041804853,10.271748562769172,66.66666666666666,-0.005290002780107272,-0.006303224255516307,10.302654592244151,10.23534540775585,0.0007197106229863355,0.0010108943052776949,0.0008212076144693594,7470315.0,0.05942725395362762,0.0,0.0,-1,0.0,0,81.68571428571428,0.0026036612974295807,0.0,-0.2540660789423422,0.013852284370187424,0.01604744960121714,0.0019512195121951237,-0.002912621359223433,2.2360679774912584,0.0,0.0
2023-07-19,10.27,10.27,0.0,0.0,0.0,-1.3862943611198906,0.0,10.263,10.2675,10.278333333333334,2,19,7,10.266465488749423,10.271635752267935,66.66666666666666,-0.00459850134986084,-0.005962279674385214,10.297848848936178,10.237151151063822,0.0007197106229863355,0.0010108943052776949,0.0008212076144693594,7470315.0,0.1647508941941634,0.0,0.0,-1,0.0,0,82.34285714285716,0.002284699954197785,0.0,-0.257413458111543,0.013852284370187424,0.01604744960121714,0.0019512195121951237,-0.002912621359223433,2.2360679774912584,0.0,0.0
2023-07-20,10.27,10.27,0.0,0.0,0.0,3.091042453358316,0.0,10.264,10.266,10.277333333333333,3,20,7,10.267108127158618,10.271530219863552,66.66666666666666,-0.004004322151233808,-0.005570688169754934,10.292277867416534,10.239722132583466,0.0007197106229863355,0.0010108943052776949,0.0008212076144693594,7470315.0,0.30443870779885424,0.0,0.0,-1,0.0,0,80.0,0.003075223836995987,0.0,-0.23998123342668745,0.0,0.01604744960121714,0.0,-0.002912621359223433,0.0,0.0,0.0
2023-07-21,10.27,10.27,0.0,0.0,0.0,1.4733057381095203,0.0,10.264999999999999,10.2645,10.276333333333334,4,21,7,10.267633922220687,10.271431496001387,66.66666666666666,-0.0034931638371968887,-0.005155183303243325,10.285501253099513,10.243498746900487,0.0007197106229863355,0.0010108943052776949,0.0008212076144693594,7470315.0,0.5237782692240552,0.0,0.0,-1,0.0,0,81.02857142857144,0.0028208170941226656,0.0,-0.1822274214660876,0.0,0.01604744960121714,0.0,-0.002912621359223433,0.0,0.0,0.0
2023-07-24,10.27,10.27,0.0,0.0,0.0,-4.564348191467836,0.0,10.266,10.263,10.275333333333332,0,24,7,10.268064118180561,10.271339141420652,66.66666666666666,-0.003052875541728284,-0.004734721750940317,10.276138933713115,10.249861066286885,0.0007197106229863355,0.0010108943052776949,0.0008212076144693594,7470315.0,1.065535476902896,0.0,0.0,-1,0.0,0,82.51428571428572,0.0025800280166361333,0.0,-0.2618659276331608,0.0,0.01604744960121714,0.0,-0.002912621359223433,0.0,0.0,0.0
2023-07-25,10.33,10.27,0.004856736112949974,0.005825259191080466,0.0029168712951234102,9.121290555142672,0.005825259191080466,10.274000000000001,10.266499999999999,10.276333333333334,1,25,7,10.279325187602277,10.2751237129419,88.88888888888911,0.0021131950663058063,-0.0033651383874910923,10.299122239752773,10.233877760247225,0.0018816487198690705,0.001387242488735091,0.0013605721161470718,7479463.0,3.893049679067638,0.0,0.0,-1,0.0,0,81.0,0.009397703233709302,0.0048685491723467105,4.239254529339441,0.04147592447742881,0.022021791800012236,0.0058422590068161195,0.006822612085769952,2.236067977499472,0.002904162633107392,0.0
2023-07-26,10.33,10.33,0.0009685230781305052,0.0,0.002908387895957002,-4.516120369154581,0.0,10.282,10.27,10.277333333333333,2,26,7,10.288538789856409,10.278664118558552,88.88888888888911,0.006136604288368375,-0.0014647898523191991,10.313042206949927,10.226957793050072,0.0018816487198690705,0.001387242488735091,0.0013605721161470718,7479463.0,2.7879611317235913,0.0,0.0,-1,0.0,0,80.0,0.009122098271320005,0.0,-0.20036661324333074,0.04147592447742881,0.022021791800012236,0.0058422590068161195,0.006822612085769952,2.236067977499472,0.0,0.0
2023-07-27,10.35,10.33,0.0019342365798309684,0.0019342365798309684,0.0019342365798309684,1.6094379124341003,0.0019342365798309684,10.29,10.2745,10.279,3,27,7,10.29971355533706,10.28326643349026,90.90909090909105,0.010814356763905408,0.0009910394709257227,10.330120897248255,10.218879102751744,0.0018806088298698753,0.0014291198127405098,0.0014010861493885176,7479963.0,2.714806978500041,0.0,0.0,-1,0.0,0,77.65714285714286,0.010792356100155645,0.0019361084220715947,-0.014172410222131565,0.040300546989316496,0.022686573709359517,0.00778967867575453,0.00877192982456143,1.719589329669562,0.0,0.0
2023-07-28,10.37,10.35,0.001930502530057845,0.001930502530057845,0.001930502530057845,-1.6094379124341003,0.001930502530057845,10.3,10.28,10.281333333333333,4,28,7,10.312492908912139,10.28886214745863,92.3076923076924,0.015951463612104533,0.003983124299161485,10.349585237395116,10.210414762604882,0.0018910523913217407,0.0014628892188361092,0.0014373136395311695,7480063.0,2.5867555639413693,0.0,0.0,-1,0.0,0,76.91428571428573,0.012369152418060246,0.001932367149758413,-0.2132569410143812,0.03786234501498764,0.023222646412067345,0.009737098344693162,0.010721247563352687,1.3718616855755557,0.0,0.0
2023-07-31,10.35,10.37,-0.0009647854100988899,-0.0009647854100988899,-0.0019305025300578502,4.445939960417534,-0.0019305025300578502,10.308,10.2845,10.283,0,31,7,10.31931238001902,10.292806525041945,85.7142857142859,0.018199037768246384,0.006826306992978466,10.360026224097954,10.208973775902045,0.0020890748415740164,0.0015602921128063097,0.001489974716095327,7471535.0,1.7344968792574436,0.0,0.0,-1,0.0,0,77.62857142857142,0.010391573745764738,-0.0009643201542912042,2.801737729671461,0.04574916676387974,0.024768869418606204,0.00778967867575453,0.00877192982456143,0.5698116350989985,0.0009661835748792065,0.0
2023-08-01,10.365,10.35,0.0019286409064056863,0.0019286409064056863,0.0014482261763649699,0.08353638120135658,0.0014482261763649699,10.317499999999999,10.289750000000002,10.285166666666665,1,1,8,10.327619220015562,10.297464168587625,87.09677419354861,0.020949142445928715,0.009650874083568517,10.372369928780893,10.20713007121911,0.00207933704480139,0.0015724892588242121,0.0015079109873527277,7480806.0,1.8215944048938062,0.0,0.0,-1,0.0,0,77.34285714285716,0.01153495195464973,0.002898550724637791,2.4038624815089866,0.02633135031254749,0.024962493109014876,0.0033881897386254245,0.01023391812865504,-1.241034572633622,0.0014471780028944108,0.0
2023-08-02,10.4,10.365,0.001924928409584418,0.001924928409584418,0.003371060259584099,-2.4487855805386234,0.003371060259584099,10.330499999999999,10.29675,10.2885,2,2,8,10.340779361830913,10.304079383517458,88.2352941176473,0.025657068988886422,0.012852113064632098,10.391578099323123,10.201921900676876,0.002184301778195467,0.0016915747169116047,0.0016139337911258783,7481607.0,2.1776245804143066,0.0,0.0,-1,0.0,0,77.0,0.01436803641639734,0.003376748673420178,-0.2038632182386379,0.031299031245551695,0.02685291615019555,0.006776379477250849,0.013645224171540127,-1.4496503912794179,0.0,0.0
2023-08-03,10.45,10.4,0.002400961537538268,0.0047961722634930135,-0.0019249284095843938,1.1317644959850102,0.0047961722634930135,10.3485,10.30625,10.2935,3,3,8,10.360637659679838,10.313493616838912,90.90909090909105,0.033041831163696855,0.01689005668444505,10.421455765572908,10.191044234427093,0.0023948994977357257,0.0019166059618338194,0.0018077684301426524,7484091.0,2.495534824757132,0.0,0.0,-1,0.0,0,73.62857142857145,0.014033927716267113,0.002403846153846188,0.2766129239381391,0.04007674277161252,0.030425176417896233,0.009661835748792313,0.01851851851851838,-0.7901032252162477,0.006698564593301293,0.0
2023-08-04,10.45,10.45,0.0023952107259546285,0.0,0.006721100673077382,-5.419730170254999,0.0,10.366499999999998,10.31575,10.298499999999999,4,4,8,10.376885357919868,10.322300480268659,90.90909090909105,0.03845106840990198,0.021202259029536437,10.44533537116991,10.186164628830088,0.0023948994977357257,0.0019166059618338194,0.0018077684301426524,7484091.0,2.0719931391634145,0.0,0.0,-1,0.0,0,64.0,0.014256877887034886,0.0,-0.4869781931312905,0.042345640348856343,0.030425176417896233,0.0077145612343298975,0.01851851851851838,-0.09623910292708499,0.0,0.0
2023-08-07,10.41,10.45,-0.008649741579482966,0.0,-0.008649741579482966,8.413951641285632,-0.003835095783942426,10.380500000000001,10.323249999999998,10.302166666666666,0,7,8,10.382906201934436,10.327958513799715,76.92307692307725,0.03906000279470767,0.024773807782570684,10.456559098675474,10.189940901324523,0.0029465437703959803,0.002185519656527361,0.001970808416762807,7434486.0,1.3014865581108528,0.0,0.0,-1,0.0,0,72.0,0.013842394388133058,-0.008612440191387547,4.069125798572198,0.052963891896982904,0.0346940489796882,0.005797101449275477,0.014619883040935644,-0.7443918185600391,0.008645533141210361,0.0
2023-08-08,10.41,10.41,0.004814645795540672,-0.003835095783942426,0.004814645795540672,-10.118699733524057,0.0,10.388499999999999,10.33125,10.307166666666665,1,8,8,10.387832347037264,10.333251512909412,76.92307692307725,0.03909195990195258,0.027637438206447065,10.465252160234698,10.197247839765303,0.002504903743724818,0.002156220080712736,0.0018031475976065905,7434486.0,1.1753541862619674,0.0,0.0,-1,0.0,0,69.0,0.0139660773302097,0.0,-0.36290261879535535,0.05346426488086744,0.03422893263293711,0.004341534008682979,0.01560975609756099,-0.3093801435525327,0.0,0.0
2023-08-09,10.41,10.41,0.0,0.0,0.0,3.9219733362813143,0.0,10.3965,10.33925,10.312166666666666,2,9,8,10.391862829394125,10.33820302820558,76.92307692307725,0.038671505101055104,0.029844251585368672,10.471925901116377,10.206574098883623,0.002504903743724818,0.002156220080712736,0.0018031475976065905,7434486.0,1.066508678738002,0.0,0.0,-1,0.0,0,67.31428571428572,0.014152596128366375,0.0,-0.3545639823396027,0.04865318325265553,0.03422893263293711,0.0009615384615384581,0.01560975609756099,0.4763325456071242,0.0,0.0
2023-08-10,10.46,10.41,0.004791576009899484,0.004791576009899484,0.004791576009899484,0.05770831762064677,0.004791576009899484,10.4075,10.348749999999999,10.318833333333334,3,10,8,10.40425140586792,10.346060897353608,80.64516129032292,0.041889992022277056,0.03225339967275035,10.487612863059372,10.209887136940626,0.0027993759399470696,0.0023256062907021555,0.0019645633795115874,7434593.0,1.6023002485903606,0.0,0.0,-1,0.0,0,66.34285714285714,0.0151856741275564,0.004803073967339165,-0.35155048951778556,0.0486256076033831,0.03691785535587173,0.000956937799043267,0.018500486854917453,0.4743834564614302,0.0,0.0
2023-08-11,10.46,10.46,0.0,0.0,0.0,0.09785579000375849,0.0,10.4165,10.35825,10.325500000000002,4,11,8,10.414387513891933,10.353411807201764,80.64516129032292,0.0439342197580217,0.03458956368980462,10.500386887320111,10.216113112679889,0.0027992589467170986,0.0023256062907021555,0.0019645633795115874,7434593.0,1.4317184218456362,0.0,0.0,-1,0.0,0,65.0,0.015354080547908808,0.0,-0.3511644546231729,0.0486256076033831,0.03691785535587173,0.000956937799043267,0.018500486854917453,0.4743834564614302,0.0,0.0
2023-08-14,10.46,10.46,0.0,0.0,0.0,-0.14571181118139365,0.0,10.4275,10.36775,10.332166666666666,0,14,8,10.422680693184308,10.360288464801652,76.00000000000034,0.04503514781585061,0.036678680515013815,10.51044861504953,10.225051384950469,0.0026474886143230793,0.0023256062907021555,0.0019645633795115874,7434593.0,1.2929347627933439,0.0,0.0,-1,0.0,0,66.28571428571429,0.015481844595887995,0.0,-0.3531043232935167,0.034098442553890634,0.03691785535587173,0.004803073967339255,0.018500486854917453,2.236067977499216,0.0,0.0
2023-08-15,10.46,10.46,0.0,0.0,0.0,0.4687773875224913,0.0,10.437000000000001,10.37725,10.338833333333332,1,15,8,10.429466021696252,10.366721467072514,76.00000000000034,0.04538447723077965,0.038419839858166986,10.517830563155288,10.236669436844712,0.0026634857796307906,0.0023256062907021555,0.0019645633795115874,7434593.0,1.1772608978467871,0.0,0.0,-1,0.0,0,54.0,0.014957923178027565,0.0,-0.3484581669169494,0.034098442553890634,0.03691785535587173,0.004803073967339255,0.018500486854917453,2.236067977499216,0.0,0.0
2023-08-16,10.46,10.46,0.0,0.0,0.0,-5.093750200806762,0.0,10.443000000000001,10.38675,10.3455,2,16,8,10.435017654115114,10.372739436938804,73.91304347826127,0.04514096634810727,0.03976406515615505,10.522407269385248,10.25109273061475,0.0025274224406330544,0.0023256062907021555,0.0019645633795115874,7434593.0,1.079927383647705,0.0,0.0,-1,0.0,0,49.0,0.015713896946784774,0.0,-0.36302193132911936,0.034098442553890634,0.03691785535587173,0.004803073967339255,0.018500486854917453,2.236067977499216,0.0,0.0
2023-08-17,10.52,10.46,0.0009555662456686359,0.005719748672786909,0.0009555662456686359,7.003065458786462,0.005719748672786909,10.45,10.39925,10.354166666666666,3,17,8,10.450468989730547,10.382240118426623,77.77777777777807,0.049222079287913445,0.04165566798250673,10.535681012064181,10.26281898793582,0.002710475644443137,0.002549191327335089,0.0021681541842660432,7435693.0,1.770125401447524,0.0,0.0,-1,0.0,0,46.142857142857146,0.009549864531348937,0.0009560229445506488,-0.2699866185160017,0.040722537703936856,0.040467157778707775,0.005736137667303964,0.02434274586173313,2.2360679774994527,0.004752851711026515,0.0
2023-08-18,10.52,10.52,0.004764182427118158,0.0,0.004764182427118158,-7.003065458786462,0.0,10.457,10.411750000000001,10.362833333333333,4,18,8,10.46311099159772,10.39112785272168,84.00000000000023,0.05185859706938167,0.04369625379988172,10.54406839590536,10.279431604094643,0.002710475644443137,0.002549191327335089,0.0021681541842660432,7435693.0,1.6362048415010353,0.0,0.0,-1,0.0,0,43.65714285714286,0.009574173716379938,0.0,-0.36793706532036696,0.040722537703936856,0.040467157778707775,0.005736137667303964,0.02434274586173313,2.2360679774994527,0.0,0.0
2023-08-21,10.52,10.52,0.0,0.0,0.0,1.9459101490553132,0.0,10.468,10.424249999999999,10.371500000000001,0,21,8,10.47345444767086,10.399442184804155,82.9787234042555,0.05333326374068115,0.04562365578804161,10.547079578129182,10.301420421870816,0.002232718738469454,0.002549191327335089,0.0021681541842660432,7435693.0,1.559070729678772,0.0,0.0,-1,0.0,0,43.0,0.010054057102325369,0.0,-0.36734138700424895,0.040722537703936856,0.040467157778707775,0.005736137667303964,0.02434274586173313,2.2360679774994527,0.0,0.0
2023-08-22,10.52,10.52,0.0,0.0,0.0,-0.5596157879354228,0.0,10.479000000000001,10.43375,10.380500000000001,1,22,8,10.481917275367067,10.407220108365177,80.00000000000017,0.05388084288496664,0.04727509320742662,10.555269978865192,10.312230021134807,0.002232718738469454,0.002313875069266777,0.002147276390717662,7435693.0,1.4195196675549124,0.0,0.0,-1,0.0,0,43.0,0.01046075395117336,0.0,-0.3275755080454314,0.040722537703936856,0.036731627988913475,0.005736137667303964,0.0183930300096804,2.2360679774994527,0.0,0.0
2023-08-23,10.52,10.52,0.0,0.0,0.0,-1.3862943611198906,0.0,10.49,10.44325,10.3895,2,23,8,10.488841407118509,10.414496230406133,73.33333333333364,0.053695831184509046,0.048559240802843115,10.560241902554841,10.32625809744516,0.002232718738469454,0.002313875069266777,0.002147276390717662,7435693.0,1.3120566180043527,0.0,0.0,-1,0.0,0,50.0,0.010724804338222623,0.0,-0.32743581969948615,0.040722537703936856,0.036731627988913475,0.005736137667303964,0.0183930300096804,2.2360679774994527,0.0,0.0
2023-08-24,10.53,10.52,0.0009501188363202567,0.0009501188363202567,0.0009501188363202567,4.672828834461906,0.0009501188363202567,10.497,10.45225,10.398166666666667,3,24,8,10.496324787642415,10.421948086508964,75.00000000000028,0.05373668149116462,0.04959472894050741,10.5667040818073,10.337795918192699,0.0018054132464248934,0.0023014286220058074,0.0021376407029609617,7435800.0,1.3586234544418057,0.0,0.0,-1,0.0,0,40.58571428571429,0.009716044985676757,0.000950570342205303,-0.31589946915033057,0.006748379980727508,0.03653404676396064,0.000950570342205248,0.017391304347825987,2.2360679774259986,0.0,0.0
2023-08-25,10.53,10.53,0.0,0.0,0.0,-0.5784842722398056,0.0,10.504000000000001,10.460249999999998,10.406833333333333,4,25,8,10.502447553525611,10.428919177701935,99.99999883333335,0.0531563028825186,0.05030704372890966,10.572849663457653,10.347650336542344,0.0018054132464248934,0.0022948116413918805,0.0021376407029609617,7435800.0,1.2389024595305722,0.0,0.0,-1,0.0,0,47.0,0.0100150584019347,0.0,-0.319914672997142,0.006748379980727508,0.03642900545315312,0.000950570342205248,0.015429122468659573,2.2360679774259986,0.0,0.0
2023-08-28,10.53,10.53,0.0,0.0,0.0,0.4906229164484712,0.0,10.511,10.469249999999999,10.415500000000002,0,28,8,10.507457089248227,10.435440521076005,99.99999883333335,0.052095820463977205,0.05066479907592317,10.573186974831367,10.36531302516863,0.0018054132464248934,0.0022146361307985793,0.0021376407029609617,7435800.0,1.1689776443573332,0.0,0.0,-1,0.0,0,45.0,0.010293327931798322,0.0,-0.2796152429768899,0.006748379980727508,0.03515625867954812,0.000950570342205248,0.017391304347825987,2.2360679774259986,0.0,0.0
2023-08-29,10.53,10.53,0.0,0.0,0.0,-1.252762968495368,0.0,10.518,10.4775,10.424166666666666,1,29,8,10.511555800294003,10.44154113261949,99.99999883333335,0.05067127360655732,0.05066609398205,10.572396065029867,10.382603934970131,0.0018054132464248934,0.0022182124338648804,0.0021376407029609617,7435800.0,1.106473698007944,0.0,0.0,-1,0.0,0,49.17142857142857,0.01053239123487443,0.0,-0.24597197714092048,0.006748379980727508,0.0352130307307067,0.000950570342205248,0.015918958031837738,2.2360679774259986,0.0,0.0
2023-08-30,10.51,10.53,-0.0019011412570243075,-0.0019011412570243075,-0.0019011412570243075,1.9042374526547452,-0.0019011412570243075,10.523,10.483,10.432166666666665,2,30,8,10.511272927513273,10.445957833740813,77.77777777777777,0.04738228363443042,0.05000933191252609,10.571519994769233,10.394480005230768,0.0019754729343558907,0.0022083904921407437,0.0021907199716928454,7435612.0,0.6100316673173561,0.0,0.0,-1,0.0,0,50.0,0.012260762741880293,-0.0018993352326685255,-0.22857659944092637,0.01651831475356733,0.0350571122395437,-0.000950570342205248,0.01057692307692304,-1.2918779066038104,0.0,0.0
2023-08-31,10.55,10.51,0.0028503582243563945,0.0037986750332157384,0.0028503582243563945,2.3684525179816704,0.0037986750332157384,10.526,10.488,10.4415,3,31,8,10.51831421341995,10.452670231563989,84.61538461538483,0.047456353785790384,0.04949873628717895,10.579903839907463,10.396096160092537,0.0014212515994032429,0.002115637274507858,0.0022537279568577667,7437620.0,1.3492363335944992,0.0,0.0,-1,0.0,0,52.94285714285714,0.01006554869531647,0.002854424357754459,-0.06174270239812991,0.03307592420472283,0.033584700556597694,0.0018993352326686086,0.009569377990430672,1.2959427371659282,0.0009478672985783472,0.0
2023-09-01,10.55,10.55,0.0009483168088594818,0.0,0.0009483168088594818,-7.60489448081162,0.0,10.529,10.493,10.450833333333332,4,1,9,10.524075265525413,10.458949571463087,84.61538461538483,0.04697357280710257,0.04899370359116367,10.587054855216193,10.398945144783807,0.0014212515994032429,0.002115637274507858,0.0022537279568577667,7437620.0,1.2120586410766552,0.0,0.0,-1,0.0,0,55.0,0.010078521717732438,0.0,-0.24335787574969764,0.03307592420472283,0.033584700556597694,0.0018993352326686086,0.009569377990430672,1.295942737165929,0.0,0.0
2023-09-05,10.55,10.55,0.0,0.0,0.0,0.0,0.0,10.532,10.5,10.460166666666668,1,5,9,10.528788853611701,10.464823792659018,84.61538461538483,0.046060014230556945,0.048406965719042336,10.588733782804493,10.411266217195507,0.0014212515994032429,0.0018637203498999074,0.0022537279568577667,7437620.0,1.1269664927993785,0.0,0.0,-1,0.0,0,59.0,0.00958958076296887,0.0,-0.4309622874066932,0.03307592420472283,0.029585643355232626,0.0018993352326686086,0.01344860710854956,1.295942737165929,0.0,0.0
2023-09-06,10.55,10.55,0.0,0.0,0.0,3.871201010907891,0.0,10.535,10.507,10.467500000000001,2,6,9,10.5326454256823,10.470319031842308,84.61538461538483,0.04481936276197551,0.047689445127628974,10.587550735892998,10.426449264107001,0.0014212515994032429,0.0018637203498999074,0.00205560353096128,7437620.0,1.0676500847148416,0.0,0.0,-1,0.0,0,56.0,0.01116899256062755,0.0,-0.33766255815405294,0.03307592420472283,0.029585643355232626,0.0018993352326686086,0.01344860710854956,1.295942737165929,0.0,0.0
2023-09-07,10.55,10.55,0.0,0.0,0.0,-3.871201010907891,0.0,10.538,10.514,10.474833333333333,3,7,9,10.535800802830972,10.475459739465386,71.42857142857216,0.04333658041180932,0.04681887218446505,10.582487417209766,10.445512582790233,0.0014212515994032429,0.0018637203498999074,0.00205560353096128,7437620.0,1.0512880019913338,0.0,0.0,-1,0.0,0,53.0,0.01111603700351917,0.0,-0.42460123015141,0.027019203576479297,0.029585643355232626,0.0038058991436726863,0.01344860710854956,2.236067977498641,0.0,0.0
2023-09-08,10.6,10.55,0.000947418356039811,0.004728141195945896,0.000947418356039811,9.285633356011614,0.004728141195945896,10.545,10.521,10.483166666666667,4,8,9,10.547473384134431,10.483494594983748,83.33333333333358,0.04566959617265631,0.04658901698210331,10.59467067545049,10.447329324549512,0.0020037978882573334,0.0018563204970727448,0.002173821082556518,7448402.0,2.1446796711696487,0.0,0.0,-1,0.0,0,51.91428571428571,0.009361920871388547,0.0009478672985781788,4.161212687904211,0.0336459513730792,0.029468174333317724,0.004739336492890933,0.01338432122370925,2.2360679774991947,0.003773584905660297,0.0
2023-09-11,10.6,10.6,0.003780722839905931,0.0,0.003780722839905931,-3.8091698040801036,0.0,10.552,10.528,10.490833333333335,0,11,9,10.557023677928171,10.491011072726732,83.33333333333358,0.04697700628531365,0.04666661484274538,10.603839164998371,10.45216083500163,0.0020037978882573334,0.0018563204970727448,0.0021676754138661367,7448402.0,1.8987550825894794,0.0,0.0,-1,0.0,0,52.0,0.0042792899655617975,0.0,-0.21052495491456172,0.0336459513730792,0.029468174333317724,0.004739336492890933,0.01338432122370925,2.2360679774991947,0.0,0.0
2023-09-12,10.6,10.6,0.0,0.0,0.0,-5.476463551931511,0.0,10.559000000000001,10.535,10.499166666666666,1,12,9,10.564837554668504,10.498042616421781,83.33333333333358,0.047465979948674075,0.04682648786393113,10.610253956009116,10.459746043990885,0.0020037978882573334,0.0018563204970727448,0.0021139250756592462,7448402.0,1.7274839343230497,0.0,0.0,-1,0.0,0,51.0,0.0036945116528879153,0.0,-0.3069266912568475,0.0336459513730792,0.029468174333317724,0.004739336492890933,0.01338432122370925,2.2360679774991947,0.0,0.0
2023-09-13,10.51,10.6,-0.008526816229161644,-0.008526816229161644,-0.008526816229161644,4.605170185988092,-0.008526816229161644,10.556999999999999,10.5375,10.504,2,13,9,10.55486709018332,10.498814060523602,47.619047619047656,0.040128668944769075,0.04548692408009872,10.605206798230324,10.469793201769676,0.0035324383382492083,0.002765177782875134,0.0027047387565131064,7448302.0,-0.8123261096012986,0.0,0.0,-1,0.0,0,51.40000000000001,0.01243896576099404,-0.008490566037735837,-0.2645039042545774,0.07602243535368895,0.04389583646621138,-0.0037914691943128354,0.004780114722753304,-1.1268994405003365,0.0,0.0
2023-09-14,10.52,10.51,0.0009510224207039318,0.0009510224207039318,0.0009510224207039318,0.0,0.0009510224207039318,10.558,10.5405,10.508000000000001,3,14,9,10.548527619240897,10.50018089532853,47.619047619047656,0.03472047748649665,0.043333634761378304,10.598347349029677,10.482652650970323,0.0034934853965273563,0.002768975548529826,0.0026504614368871395,7448402.0,-0.7087619517182546,0.0,0.0,-1,0.0,0,54.42857142857144,0.011600422527908686,0.0009514747859181529,-0.2667417259334266,0.0769089192518878,0.04395612412697149,-0.0028436018957347375,0.005736137667303964,-1.2683876288517744,0.0,0.0
2023-09-15,10.52,10.52,0.0,0.0,0.0,-4.605170185988091,0.0,10.555000000000001,10.5405,10.510333333333334,4,15,9,10.543340779378914,10.50145954724282,47.619047619047656,0.030087615489430064,0.04068443090698866,10.598347349029677,10.482652650970323,0.0032433258586968146,0.0024543418913734695,0.0025158085502800264,7448402.0,-0.7087619517182546,0.0,0.0,-1,0.0,0,52.0,0.0113830824119218,0.0,-0.2849248783624178,0.0623099390250938,0.038961469661412625,-0.007547169811320753,0.0,-2.172490961366629,0.0,0.0
2023-09-18,10.52,10.52,0.0,0.0,0.0,1.0986122886681098,0.0,10.552,10.540499999999998,10.512666666666666,0,18,9,10.539097001310019,10.502655705485221,47.619047619047656,0.026115001497547752,0.03777054502510048,10.598347349029675,10.482652650970321,0.0032433258586968146,0.0024543418913734695,0.0025158085502800264,7448402.0,-0.7087619517181932,0.0,0.0,-1,0.0,0,49.0,0.011182737681954096,0.0,-0.28375072264315876,0.0623099390250938,0.038961469661412625,-0.007547169811320753,0.0,-2.172490961366629,0.0,0.0
2023-09-19,10.51,10.52,-0.0009510224207039691,-0.0009510224207039691,-0.0009510224207039691,3.506557897319982,-0.0009510224207039691,10.547999999999998,10.540000000000001,10.515999999999998,1,19,9,10.533806637435468,10.503129530937787,45.454545454545524,0.021907226985415917,0.034597881417163565,10.598759097842247,10.481240902157754,0.0032481347885499915,0.0024635868948015517,0.002408512975521898,7448302.0,-1.021118468515086,0.0,0.0,-1,0.0,0,49.0,0.014570425921289641,-0.000950570342205303,-0.24566373625826116,0.06121662300867267,0.03910822954105649,-0.008490566037735792,-0.000950570342205248,-2.0678844343695917,0.0,0.0
2023-09-20,10.51,10.51,0.0,0.0,0.0,-4.605170185988091,0.0,10.544,10.5395,10.519333333333334,2,20,9,10.529478157901746,10.503572787006318,50.0,0.018360882544453005,0.031350481642621456,10.599139266473944,10.479860733526056,0.0032481347885499915,0.0024635868948015517,0.002408512975521898,7448302.0,-0.9892811144110387,0.0,0.0,-1,0.0,0,48.0,0.017653620961838597,0.0,-0.28658853147340546,0.010675202529567473,0.03910822954105649,0.0,-0.000950570342205248,0.0020174226572354905,0.0,0.0
2023-09-21,10.48,10.51,-0.0028585059959635372,-0.0028585059959635372,-0.0028585059959635372,4.605170185988092,-0.0028585059959635372,10.537,10.537499999999998,10.521666666666667,3,21,9,10.520482129192338,10.502051962038168,31.578947368420756,0.012980004335215511,0.027676386181140267,10.60234800041775,10.472651999582245,0.0033357554058745568,0.0025422880732325842,0.002477059185813963,7448202.0,-1.773377733456104,0.0,0.0,-1,0.0,0,37.0,0.02348152937764747,-0.002854424357754459,-0.24781172609128227,0.01969290998673301,0.04035757201715389,-0.0038022813688212143,-0.0038022813688212143,-1.7152435890685762,0.0,0.0
2023-09-22,10.45,10.48,-0.002866700482076224,-0.002866700482076224,-0.002866700482076224,0.0,-0.002866700482076224,10.522,10.5335,10.521333333333333,4,22,9,10.507667196611912,10.498693770938932,27.272727272726826,0.0062231338939575664,0.023385735723703727,10.609248892646207,10.457751107353793,0.00279001814564499,0.002594895529844735,0.0023822319031896006,7448102.0,-2.204652690831989,0.0,0.0,-1,0.0,0,33.0,0.024428614015913126,-0.0028625954198474367,-0.24765741226250512,0.022941854100113686,0.04119268950097412,-0.0066539923954372915,-0.007597340930674323,-0.31670802648975943,0.0,0.0
2023-09-25,10.5,10.45,0.004773278752657812,0.014252022707201413,0.004773278752657812,4.344454561766125,0.004773278752657812,10.512,10.532,10.522666666666664,0,25,9,10.506273160864293,10.498778043781583,40.74074074074059,0.004846974614979516,0.019677983501958887,10.609214670001506,10.454785329998494,0.003403538119590751,0.0028405184691345725,0.002539242271011391,7455807.0,-0.8288580395247596,0.0,0.0,-1,0.0,0,38.0,0.015106616533691029,0.004784688995215379,2.3085328749034533,0.049840621022369386,0.04509183278289588,-0.0019011406844106071,-0.002849002849002802,1.437520674032216,0.00952380952380949,0.0
2023-09-26,10.55,10.5,0.004750602758597799,-0.0047281411959459,0.004750602758597799,-1.8587149256742326,0.004750602758597799,10.507000000000001,10.533,10.525666666666666,1,26,9,10.514223495252603,10.502082686118253,50.0,0.007702154956348295,0.01728281779283677,10.610622568613637,10.455377431386362,0.003853398715155275,0.0030449808310529327,0.002675967125655036,7457008.0,0.43801694026946947,0.0,0.0,-1,0.0,0,24.22857142857143,0.0011502154443395489,0.00476190476190483,0.02300310079389308,0.0609558619596546,0.04833757215554906,0.0038058991436726863,0.0018993352326686086,0.24314955772672583,0.0,0.0
2023-09-27,10.55,10.55,0.0,0.0,0.0,-5.9922975334118735,0.0,10.511,10.534,10.528666666666668,2,27,9,10.520728314297584,10.505174125723528,50.0,0.009851345765611086,0.015796523387391636,10.611974354760298,10.456025645239704,0.00263001496495304,0.0030449808310529327,0.002675967125655036,7457008.0,0.4103913408244573,0.0,0.0,-1,0.0,0,22.82857142857143,0.00149830754079176,0.0,-0.3952990347108945,0.0609558619596546,0.04833757215554906,0.0038058991436726863,0.0018993352326686086,0.24314955772672583,0.0,0.0
2023-09-28,10.55,10.55,0.0,0.0,0.0,4.932072971593153,0.0,10.514,10.536,10.531666666666666,3,28,9,10.52605043897075,10.508066117612334,40.74074074074098,0.011422918670126236,0.014921802443938557,10.613432483325603,10.458567516674396,0.002624370707117177,0.0030087699576765354,0.002675967125655036,7457008.0,0.36160534697386104,0.0,0.0,-1,0.0,0,29.0,0.0017507319012056396,0.0,-0.25524210541385717,0.05314302499963639,0.04776274236128668,0.006679389312977069,0.0038058991436726863,0.025938645900390637,0.0,0.0
2023-09-29,10.55,10.55,0.0,0.0,0.0,-6.030685260261263,0.0,10.517,10.536,10.532666666666668,4,29,9,10.53040490461243,10.51077152937928,40.74074074074098,0.012524032271439722,0.014442248409438791,10.613432483325603,10.458567516674396,0.002624370707117177,0.002886180985614591,0.0024703734328588656,7457008.0,0.36160534697386104,0.0,0.0,-1,0.0,0,28.0,0.002099220371598985,0.0,-0.3649286665388288,0.041503183034443704,0.04581670275995698,0.009569377990430672,0.0,0.6086239499492712,0.0,0.0
2023-10-02,10.55,10.55,0.0,0.0,0.0,0.0,0.0,10.52,10.536,10.533666666666667,0,2,10,10.533967649228352,10.513302398451586,40.74074074074098,0.013244004098435624,0.014202599547238159,10.613432483325603,10.458567516674396,0.002624370707117177,0.002886180985614591,0.0024703734328588656,7457008.0,0.36160534697386104,0.0,0.0,-1,0.0,0,28.314285714285717,-0.0002993647597141179,0.0,-0.3652782150699963,0.03380617018914179,0.04581670275995698,0.004761904761904745,0.0,2.2360679774991996,0.0,0.0
2023-10-03,10.52,10.55,-0.002847652612511841,-0.002847652612511841,-0.002847652612511841,4.727387818712341,-0.002847652612511841,10.520999999999999,10.534500000000001,10.533666666666667,1,3,10,10.531428076641378,10.51373450177729,52.380952380952294,0.01126399337487527,0.013614878312765581,10.611952871920323,10.45704712807968,0.002786874680049012,0.0029555930594933268,0.002528136824930301,7456895.0,-0.37442123553322126,0.0,0.0,-1,0.0,0,20.0,0.009470823549488137,-0.0028436018957347046,-0.32799054009240663,0.020187570823849966,0.046918585272767245,-0.0028436018957347375,-0.0028436018957347375,-2.2360679775025574,0.0,0.0
2023-10-04,10.52,10.52,0.0,0.0,0.0,1.3152450149700408,0.0,10.522,10.533,10.533666666666667,2,4,10,10.529350244524762,10.514138727469078,50.0,0.009584338325078434,0.012808770315228153,10.610350875205267,10.455649124794732,0.002786874680049012,0.0029555930594933268,0.002528136824930301,7456895.0,-0.33613065050657687,0.0,0.0,-1,0.0,0,20.0,0.002771347142267373,0.0,-0.22722674913345092,0.020187570823849966,0.046918585272767245,-0.0028436018957347375,-0.0028436018957347375,-2.2360679775025574,0.0,0.0
2023-10-05,10.53,10.52,0.0009501188363202567,0.0009501188363202567,0.0009501188363202567,-0.2774417308975369,0.0009501188363202567,10.527,10.532,10.534,3,5,10,10.529468381883895,10.5151620353743,52.380952380952294,0.008956866837914745,0.012038389619765472,10.608941536248528,10.455058463751472,0.002591819560864744,0.002965558900987089,0.00253404666967325,7457214.0,-0.05198752448977558,0.0,0.0,-1,0.0,0,20.0,-0.0004169558287700867,0.000950570342205303,-0.26907762202320273,0.02282970318544873,0.04707678810195514,-0.0018957345971565287,-0.0018957345971565287,-1.7463906918704808,0.0,0.0
2023-10-06,10.53,10.53,0.0,0.0,0.0,-4.155753190350744,0.0,10.535,10.5285,10.533999999999999,4,6,10,10.529565039723186,10.516119323414667,52.380952380952294,0.008363185566343745,0.011303348809081128,10.598469918350432,10.458530081649567,0.002326201959773061,0.0027400755248380444,0.002528136824930301,7457214.0,0.042875568111643496,0.0,0.0,-1,0.114963,1,27.0,0.0005597113907802779,0.0,-0.3170294176083588,0.02282970318544873,0.04349735047353751,-0.0018957345971565287,-0.006603773584905714,-1.7463906918704808,0.0,0.114963
2023-10-09,10.56,10.53,0.0028449521322313448,0.0028449521322313448,0.0028449521322313448,3.005682604407159,0.0028449521322313448,10.541,10.5265,10.535,0,9,10,10.535098668864425,10.51895033480727,60.86956521739127,0.010195906102106633,0.01108186026768623,10.589837026671999,10.463162973328002,0.0020141940558399407,0.0028305683420789974,0.0025809743733022387,7457315.0,1.057833048383695,0.0,0.0,-1,0.0,0,29.25714285714286,-0.004588137192435209,0.002849002849002957,-0.25653574986266,0.03265260929542655,0.044933879412680594,0.0009478672985780978,-0.0037735849056602655,-0.41902337112996335,0.0,-0.114963
2023-10-10,10.54,10.56,-0.001895735164899312,-0.001895735164899312,-0.0028449521322313617,1.427512316841122,-0.001895735164899312,10.540000000000001,10.5235,10.535333333333334,1,10,10,10.535989819979983,10.52030837772293,55.99999999999974,0.009920164002181764,0.010849521014585337,10.577116572460248,10.469883427539752,0.001513109416733688,0.0028556162996831226,0.0026064926207922012,7456894.0,0.6154813425357398,0.0,0.0,-1,0.0,0,32.31428571428572,0.002910348171982643,-0.0018939393939395217,-0.08182184091146132,0.027358920574457088,0.04533150341270422,0.001901140684410496,-0.005660377358490565,0.27093941806331984,0.0009487666034155396,0.0
2023-10-11,10.54,10.54,0.0,0.0,0.0009492169673321553,-1.43746264769429,0.0,10.539,10.525,10.535666666666666,2,11,10,10.536718943619986,10.521578804966612,63.63636363636298,0.009591076442386992,0.01059783210014567,10.57870484639766,10.471295153602341,0.001513109416733688,0.002102570025337198,0.0026064926207922012,7456894.0,0.5586088037169248,0.0,0.0,-1,0.0,0,34.34285714285714,0.003047599943884737,0.0,-0.27010005548192073,0.027358920574457088,0.033377264406846005,0.001901140684410496,0.0028544243577544037,0.27093941806331984,0.0,0.0
2023-10-12,10.53,10.54,-0.0009492169673321593,-0.0009492169673321593,-0.0009492169673321593,0.0,-0.0009492169673321593,10.537,10.5255,10.536333333333335,3,12,10,10.53549731750726,10.522122107871994,69.99999999999955,0.008426223494485185,0.010163510379013575,10.579195045348872,10.471804954651127,0.0015361445484167948,0.0021071203626842594,0.002587879379817479,7456794.0,0.16761323026221006,0.0,0.0,-1,0.0,0,35.68571428571429,0.006627511492629916,-0.0009487666034155396,-0.27010005548192073,0.028178899008862345,0.033449498772856655,0.0,0.000950570342205248,1.1494028614018006,0.0,0.0
2023-10-13,10.55,10.53,0.0018975337761914111,0.0018975337761914111,0.0018975337761914111,0.6931471805599453,0.0018975337761914111,10.536999999999999,10.527,10.536333333333335,4,13,10,10.538134168869576,10.523920681557673,64.70588235294093,0.009013005674965768,0.009933409438204015,10.581714570370309,10.47228542962969,0.0016733564372549401,0.0021471866992679787,0.002515276892509498,7456994.0,0.8407266965393889,0.0,0.0,-1,0.0,0,26.27142857142857,0.00323597429659877,0.0018993352326686942,-0.21767902732726013,0.031234046609649024,0.03408553214813224,0.0018993352326686086,0.0028517110266161882,0.23777939185322225,0.0,0.0
2023-10-16,10.54,10.55,-0.0009483168088593556,-0.0009483168088593556,-0.0009483168088593556,0.014888612493750559,-0.0009483168088593556,10.536,10.528,10.536,0,16,10,10.538473410893289,10.524958056941049,46.153846153845734,0.008572302190444248,0.009661187988652061,10.582906619294826,10.473093380705174,0.0017000683579485591,0.0021609624951909852,0.0025212628582115958,7456791.0,0.43710576808830387,0.0,0.0,-1,0.0,0,35.74285714285715,0.005243008342452575,-0.0009478672985783472,-0.22217349035066203,0.022836315424528207,0.03430421612887775,-0.0018939393939395588,0.001901140684410496,1.121975078685642,0.0,0.0
2023-10-17,10.54,10.54,0.0,0.0,0.0,-4.214593690373678,0.0,10.538,10.5295,10.535666666666666,1,17,10,10.538750972549053,10.525928504880337,46.153846153845734,0.008129331629174175,0.009354816716756484,10.583973557083553,10.475026442916448,0.0014003697190581195,0.002147114222079228,0.0025212628582115958,7456791.0,0.385508146049411,0.0,0.0,-1,0.0,0,39.142857142857146,0.005709888598257986,0.0,-0.33671349379756654,0.01845489775251368,0.03408438160842928,0.0,0.0028544243577544037,1.3623758936594395,0.0,0.0
2023-10-18,10.55,10.54,0.0009483168088594818,0.0009483168088594818,0.0009483168088594818,5.313205979041787,0.0009483168088594818,10.541,10.5315,10.535666666666666,2,18,10,10.540796250267407,10.527481504565475,50.0,0.008487353763459993,0.009181324126097186,10.585896207300733,10.477103792699266,0.0014180325761801154,0.0021542178716545462,0.0025275756578845166,7457400.0,0.6801944811233779,0.0,0.0,-1,0.0,0,30.571428571428573,0.004662226588561175,0.0009487666034157081,0.0017400875140457662,0.019643997347179806,0.034197148549492726,0.0009487666034158071,0.0038058991436726863,0.5428982544010899,0.0,0.0
2023-10-19,10.55,10.55,0.0,0.0,0.0,-1.6933193964148026,0.0,10.543000000000001,10.535,10.535666666666666,3,19,10,10.542469659309695,10.52893431072254,50.0,0.00867113345540993,0.009079285991959736,10.58420419323456,10.48579580676544,0.0014002611004556161,0.0020328918531705045,0.0025275756578845166,7457400.0,0.6097041334869245,0.0,0.0,-1,0.0,0,29.0,0.00526792228545001,0.0,-0.29180642140409796,0.017178070690605313,0.032271157714670325,0.0018993352326686086,0.006679389312977069,0.4075653176767912,0.0,0.0
2023-10-20,10.55,10.55,0.0018939399600707832,0.0018939399600707832,0.0,1.2373384981697364,0.0,10.545,10.54,10.533999999999999,4,20,10,10.543838812162477,10.530293387450119,50.0,0.008716304057873714,0.009006689605142532,10.569019050009352,10.510980949990646,0.0014002611004556161,0.0018917958402564108,0.0023641708193965806,7457400.0,0.6892024374870053,0.0,0.0,-1,0.0,0,22.0,0.001819499716236402,0.0018957345971563576,-0.13887290198585006,0.010644832092078045,0.03003132794774963,0.0,0.009569377990430672,0.002011683192522066,0.0018957345971563576,0.0
2023-10-23,10.57,10.55,0.0,0.0,0.0018939399600707832,4.202951099184563,0.0018939399600707832,10.546,10.5435,10.532999999999998,0,23,10,10.548595391769299,10.53285510438882,69.2307692307686,0.010247804626096979,0.009254912609333421,10.568860557861093,10.518139442138907,0.0012200267714348476,0.001639063660372111,0.0023936054807259157,7483217.0,2.089859390723769,0.0,0.0,-1,0.0,0,25.0,-0.0015420642464617055,0.0018957345971563576,4.243207729206424,0.013459978076504588,0.02601932897008704,0.002846299810246755,0.006666666666666599,1.2565455361099986,0.0,0.0
2023-10-24,10.57,10.57,0.0018903597311687712,0.0018903597311687712,0.0,-4.192641729525702,0.0,10.549,10.544500000000001,10.532,1,24,10,10.552487138720334,10.535251549266961,69.2307692307686,0.011330914135376347,0.009670112914542006,10.5723907643698,10.516609235630202,0.0010049541899313126,0.0012651455733301922,0.0023936054807259157,7483217.0,1.8285622912229447,0.0,0.0,-1,0.0,0,33.48571428571429,-0.0012474278897981008,0.0018921475875117856,-0.19127913067409374,0.013459978076504588,0.020083563355955517,0.002846299810246755,0.0018957345971564177,1.256545536109997,0.0018921475875117856,0.0
2023-10-25,10.57,10.57,0.0,0.0,0.0,-0.262364264467491,0.0,10.552,10.5455,10.534,2,25,10,10.555671295316637,10.537493384798125,66.66666666666617,0.012050376980134558,0.010146165727660517,10.575570093558316,10.515429906441685,0.0010049541899313126,0.0012651455733301922,0.001792854143354114,7483217.0,1.6295260240868334,0.0,0.0,-1,0.0,0,25.0,-0.007901321353663813,0.0018921475875117856,-0.20971208282664522,0.013458380549234547,0.020083563355955517,0.0018957345971564177,0.0018957345971564177,2.23606797749045,0.0018921475875117856,0.0
2023-10-26,10.61,10.57,0.0,0.0018867930125766356,0.0018903597311687712,4.50177070919897,0.003777152743745394,10.559999999999999,10.5485,10.536999999999999,3,26,10,10.565549241622703,10.542171230940182,74.99999999999918,0.01566761565360686,0.011250455712849786,10.590188064684435,10.506811935315566,0.00139740806668863,0.0015095068543026626,0.0019053425041492525,7510270.0,2.9504847713865225,0.0,0.0,-1,0.0,0,22.71428571428572,-0.02055071376117872,0.0018921475875117856,2.9989984635616165,0.026872208236309675,0.023962678432993535,0.005687203791469031,0.005687203791469031,1.2553059287563948,0.0018850141376059919,0.0
2023-10-27,10.57,10.61,-0.001890359731168784,-0.0037771527437454374,-0.001890359731168784,-5.5904326670139115,-0.0037771527437454374,10.562000000000001,10.5495,10.538666666666666,4,27,10,10.566358470418574,10.543966635395655,52.94117647058812,0.015132203039902592,0.012026805178260347,10.59228465047282,10.50671534952718,0.0019310696266432157,0.001761317422860523,0.002044112605343502,7510169.0,0.9582875995690736,0.0,0.0,-1,0.0,0,21.0,-0.008997623232256636,-0.0037700282752119838,-0.33893897448942895,0.04447567960432969,0.027960047284404807,0.0018957345971564177,0.0018957345971564177,-0.5463611211212719,0.0,0.0
2023-10-30,10.6,10.57,0.003777152743745394,0.003777152743745394,0.0018903597311687712,6.2340223761989275,0.0028342012358751134,10.568,10.552,10.541333333333334,0,30,10,10.572475112160651,10.547581691176582,66.66666666666666,0.016933435857769297,0.013008131314162138,10.600384425509372,10.503615574490627,0.0020504173719268805,0.0018644786986277125,0.0021013277662832465,7561659.0,1.9841095350280389,0.0,0.0,-1,0.0,0,29.0,-0.020831612837549612,0.003784295175023571,3.411998308874823,0.04693204077782006,0.029597681768077633,0.002838221381267658,0.004739336492890933,-0.6013073320312524,0.0018867924528301486,0.0
2023-10-31,10.6,10.6,-0.000942951507870236,-0.000942951507870236,0.0009438415047063485,-6.349333222709922,0.0,10.574000000000002,10.556,10.544333333333334,1,31,10,10.577479637222352,10.550963517552287,66.66666666666666,0.018151684522960565,0.014036841955921824,10.60642973225223,10.505570267747768,0.0020504173719268805,0.0017199283313248876,0.002089661467608995,7561659.0,1.7450023244195454,0.0,0.0,-1,0.0,0,30.142857142857142,-0.01728219222791676,0.0,-0.39400261567865635,0.04693204077782006,0.02730301582523973,0.002838221381267658,0.0076045627376426506,-0.6013073320312524,0.0,0.0
2023-11-01,10.5501,10.6,0.001885014695771204,0.0028261912358352663,-0.004718662567882446,1.7424135951249,-0.004718662567882446,10.574010000000001,10.557505,10.54567,2,1,11,10.572501521363742,10.550907806742462,54.57025920873147,0.014918669266082318,0.014213207417953923,10.605129649746258,10.509880350253743,0.0026319436912293063,0.002062677215421025,0.002279991145376104,7561145.0,-0.31097341563472,0.0,0.0,-1,0.0,0,32.0,0.0060211412006485965,0.0018867924528301486,-0.3629995988662691,0.06048075803512234,0.032743985682019416,-0.0018826868495742666,0.002861216730038141,-0.12031636366692508,0.007573387929972256,0.0
2023-11-02,10.58,10.5501,-0.0037735893836393797,-0.0047147659237033535,0.0028300878800142774,0.20982568898206086,0.0028300878800142774,10.57701,10.560005,10.549003333333333,3,2,11,10.573864881115789,10.552784722436495,56.527415143603015,0.014600851964926775,0.014290736327348496,10.606792334096697,10.513217665903303,0.0027798877780123173,0.0021428392302921878,0.0022597321928582302,7561779.0,0.8547184996125505,0.0,0.0,-1,0.0,0,37.0,0.0037735038176215235,0.002834096359276177,-0.35543918997548674,0.05662095722563301,0.034016518217677164,-0.002827521206408945,0.0047483380816715215,-0.23640769984910276,0.0,0.0
2023-11-03,10.57,10.58,0.0047147659237033925,0.0047147659237033925,-0.0018921481520378152,1.7402447767104143,-0.0009456265480070661,10.57901,10.562005000000001,10.553003333333333,4,3,11,10.573162175458371,10.55389538550511,56.52741514360345,0.013387737532797317,0.01411013656843826,10.606767788825719,10.517242211174283,0.002806687404914949,0.002158752742184866,0.0021927628523742046,7558166.0,0.3572163491031581,0.0,0.0,-1,0.0,0,36.114285714285714,0.009078493014110369,0.004725897920604982,-0.14866964309210187,0.04965822310442601,0.03426913738739934,0.0,0.003798670465337217,-0.8167279124911234,0.006622516556291418,0.0
2023-11-06,10.57,10.57,-0.002826191235835193,-0.002826191235835193,0.0009465216040308782,-2.4818667137727703,0.0,10.57901,10.562505,10.555336666666667,0,6,11,10.57258723446594,10.554934392891877,56.52741514360345,0.012284724943148362,0.01374505424338028,10.60739670478154,10.51761329521846,0.0027421778878382102,0.0020661979999489705,0.002029495210190277,7558166.0,0.3339146970013292,0.0,0.0,-1,0.0,0,38.0,0.009950941429614158,0.002838221381267678,-0.395806794481318,0.04310851987114113,0.032799876403704145,-0.002830188679245227,0.0009469696969697239,-0.6579717056013037,0.002838221381267678,0.0
2023-11-07,10.57,10.57,-0.0028342012358751373,-0.0028342012358751373,0.0,0.48805169911743856,0.0,10.57901,10.564005,10.556003333333335,1,7,11,10.572116828199405,10.555906367544013,54.54959053685168,0.011280544424842276,0.01325215227967268,10.607719888470442,10.520290111529558,0.0027421778878382102,0.0020152183874891697,0.0018396368558359192,7558166.0,0.27427726386876405,0.0,0.0,-1,0.0,0,39.0,0.011109972711176908,0.0,-0.38197552568028004,0.04310851987114113,0.031990600144685646,-0.002830188679245227,0.002846299810246755,-0.6579717056013037,0.0,0.0
2023-11-08,10.52,10.57,-0.004741592572582552,-0.004741592572582552,-0.004741592572582552,-1.5540878173509354,-0.004741592572582552,10.574010000000001,10.563005,10.555003333333334,2,8,11,10.562641041254057,10.553589827702464,44.44032616753122,0.006376636105088096,0.011877049044755764,10.609835960297689,10.516174039702312,0.0031242179412296384,0.002291648645427002,0.00203746740653371,7558062.0,-1.8366055159506673,0.0,0.0,-1,0.0,0,39.771428571428565,0.02491047722416424,-0.004730368968779632,-0.41086379353693814,0.043246808974522176,0.03637879444882731,-0.0028530535255590905,-0.001897533206831059,-0.6676635001893726,0.0,0.0
2023-11-09,10.56,10.52,0.007575793808457723,0.007575793808457723,0.0037950709685517555,2.358674559645089,0.0037950709685517555,10.56901,10.564505,10.555336666666667,3,9,11,10.562160851935136,10.554003387205531,51.613944480309854,0.005652757665338015,0.010632190768872214,10.608734329400823,10.520275670599178,0.0031269430484824434,0.002439678525307067,0.0021581353358460114,7559162.0,-0.20371097916380063,0.0,0.0,-1,0.0,0,41.0,0.014233354843301639,0.0076045627376425924,-0.3409745270160263,0.04829691684472462,0.0387286959414438,-0.001890359168241873,0.002849002849002913,-0.14565053181714455,0.003787878787878707,0.0
2023-11-10,10.56,10.56,-0.007575793808457656,-0.003780722839905933,-0.003795070968551721,0.4258617360158102,0.0,10.56801,10.565005000000001,10.55567,4,10,11,10.56176796976511,10.554390265450337,48.27467218771569,0.005021197546838607,0.009509992124465494,10.608767539860438,10.521242460139565,0.0029038894447087145,0.0024045120347461553,0.0021581353358460114,7559162.0,-0.22873443890423853,0.0,0.0,-1,0.0,0,41.0,0.015926847610262886,-0.003787878787878875,-0.3036134476240288,0.04805904999893416,0.03817044521040136,-0.0009460737937558861,0.0009478672985780978,-0.45695749461661705,0.003787878787878875,0.0
2023-11-13,10.52,10.56,0.009460808504228889,0.0056657375356773,0.0,-2.101051026012691,-0.003795070968551721,10.56001,10.564005,10.55467,0,13,11,10.55417379344418,10.552171538647091,42.41964827167967,0.0012782806728370844,0.007863649834139811,10.610970181955235,10.517039818044765,0.0029172135108041543,0.0025462341476005837,0.0022681829900785674,7558956.0,-1.8739414250302757,0.0,0.0,-1,0.0,0,39.0,0.027387820066459397,0.0056818181818180605,-0.41399490194276606,0.05426069113706391,0.04042021400575005,-0.004730368968779652,-0.001897533206831059,0.3255886390681274,0.009505703422053199,0.0
2023-11-14,10.58,10.52,-0.0037735893836393797,-0.0037735893836393797,0.005687219120589514,2.1564924744965497,0.005687219120589514,10.55801,10.566005,10.556669999999999,1,14,11,10.55886946736342,10.553966923250506,51.28270908158027,0.003117553427703257,0.006914430552852501,10.612064022777815,10.519945977222186,0.003566229410960923,0.002857432554949746,0.0024409075030799535,7560736.0,0.6076985205487501,0.0,0.0,-1,0.0,0,46.6,0.019605951996793873,0.005703422053231987,-0.30387020463445474,0.07253615281079079,0.0453603355712216,0.0009460737937558861,0.00379506641366234,0.1344342536647624,0.0,0.0
2023-11-15,10.6,10.58,0.0018885746878681546,0.0018885746878681546,0.0018885746878681546,1.0789444837436597,0.0018885746878681546,10.562999999999999,10.568505,10.559336666666667,2,15,11,10.566347746024617,10.55693679916983,48.64791779340187,0.006118493011399551,0.006755243044561912,10.61630129913317,10.52070870086683,0.003230712587362211,0.0028782163972827083,0.002460091917965156,7565972.0,1.3178844626546857,0.0,0.0,-1,0.0,0,52.54285714285714,0.01728729523274706,0.0018903591682419257,-0.06271336932418983,0.05796421618759067,0.04569026883982997,0.0076045627376426506,0.004739336492890933,-0.5833865258427955,0.0,0.0
2023-11-16,10.6,10.6,0.0,0.0,0.0,-7.870165946469846,0.0,10.565,10.571005,10.56167,3,16,11,10.572466337656504,10.559715070191132,54.54821103699201,0.008399930086815388,0.007084180453012607,10.61994278972798,10.522067210272018,0.0031234613518385528,0.0028782163972827083,0.002456950183989441,7565972.0,1.184973827431412,0.0,0.0,-1,0.0,0,55.0,0.023682814308739652,0.0,-0.45569119153978177,0.054734561847771875,0.04569026883982997,0.0037878787878786735,0.004739336492890933,0.27585305419446726,0.0,0.0
2023-11-17,10.58,10.6,0.0,0.0,-0.0018885746878681362,8.071062326582059,-0.0018885746878681362,10.565999999999999,10.572505000000001,10.563336666666666,4,17,11,10.57383609444623,10.561023775340093,46.87304565353354,0.008496213492490412,0.007366587060908168,10.620563099709326,10.524446900290677,0.0031753567433268387,0.002917167943657797,0.0024868437422426956,7559571.0,0.31191412250303396,0.0,0.0,-1,0.0,0,58.0,0.019732189180360064,0.0,0.002685634604418766,0.057933198015213135,0.046308605469169276,0.0018939393939394478,0.0028436018957345155,0.5965642145242886,0.0018903591682419257,0.0
2023-11-20,10.58,10.58,-0.0018885746878681362,-0.0018885746878681362,0.0,-1.3123872706140738,0.0,10.567,10.573004999999998,10.564003333333334,0,20,11,10.574956804546915,10.562248047898798,46.87304565353354,0.008474826263402235,0.007588234901406982,10.621161345160845,10.524848654839152,0.0031753567433268387,0.002887975782965681,0.0024344993200386893,7559571.0,0.2905120800441844,0.0,0.0,-1,0.0,0,61.28571428571429,0.015700204760985156,0.0,-0.2762038088041845,0.04569854393278838,0.04584519428462543,0.005703422053231932,0.0009460737937558861,1.12867616204432,0.0,0.0
2023-11-21,10.62,10.58,0.0,0.0037735893836392666,0.0,2.202241955673508,0.0037735893836392666,10.572,10.575505,10.566669999999998,1,21,11,10.583146476447476,10.565973980292425,61.277831558567044,0.01155237386154262,0.00838106269343411,10.628000432385656,10.523009567614343,0.003380682159219197,0.003005778115894891,0.0024966315386565786,7575156.0,1.6951951047137872,0.0,0.0,-1,0.0,0,61.17142857142858,0.019464516884087568,0.0,0.7668615080100732,0.03419760308683156,0.04771524834538898,0.003780718336483746,0.00473036896877943,0.4068769404733156,0.0037664783427494492,0.0
2023-11-22,10.6064,10.62,0.0047147659237033925,0.0009411765400639063,0.002492166074836725,-1.265159021086731,-0.0012814233088026174,10.580639999999999,10.577325,10.568883333333334,2,22,11,10.587374389820662,10.56858211059614,54.49591280653963,0.012747006608101685,0.009254251476367626,10.63151347712325,10.52313652287675,0.0029371621303114605,0.003024746111478042,0.0025120435902780693,7570758.0,1.0731063703403554,0.0,0.0,-1,0.0,0,65.05714285714286,0.013958222750792825,0.0009416195856875296,-0.13775523368775294,0.03497666646042673,0.04801635594048331,0.0006037735849058201,0.0034437086092715674,1.4829378496763916,0.002225071654849908,0.0
2023-11-24,10.6064,10.6064,-0.0022225998488665496,-0.0022225998488665496,0.0,-8.388905171114706,0.0,10.585280000000001,10.577145,10.57143,4,24,11,10.59083359167145,10.571021974428646,56.41748942172081,0.013537707402608845,0.010110942661615871,10.63089864761469,10.52339135238531,0.0027485614634403244,0.0029030811199563617,0.0025028763800406676,7570758.0,1.0884842721633785,0.0,0.0,-1,0.0,0,66.85714285714286,0.023414635053357006,0.0,-0.41193341709798614,0.03497666646042673,0.04608498407550843,0.0006037735849058201,-0.00033930254476899346,1.4829378496763916,0.0,0.0
2023-11-27,10.59,10.6064,-0.0024921660748367775,0.0022225998488665825,-0.0024921660748367775,10.072723869781427,-0.0015474328916750297,10.588280000000001,10.578145000000001,10.572763333333333,0,27,11,10.590682029549367,10.572246363175186,53.33333333333326,0.0126946643509811,0.010627686999488916,10.632082799462271,10.524207200537731,0.002818780395931623,0.002792073868811136,0.0025033537207188607,7547070.0,0.4395804099606086,0.0,0.0,-1,0.0,0,65.31428571428572,0.018706023675944577,-0.00248906320712029,1.4459218262737528,0.0338080839885091,0.04432279859397748,0.000945179584120881,0.0018921475875117721,1.6316072712555791,0.004721435316336234,0.0
2023-11-28,10.5895,10.59,0.0009447331831616659,-0.002826191235835193,0.0008975177153657079,-2.157375700518349,-4.721546779611746e-05,10.595229999999999,10.57762,10.574413333333332,1,28,11,10.590467115085845,10.573359501034853,53.24459234608966,0.011849605956106402,0.010872070790812413,10.63086203325915,10.524377966740849,0.002440748401576393,0.002716568430247969,0.0024953795990396775,7544331.0,0.4462639487179089,0.0,0.0,-1,0.0,0,65.08571428571429,0.018663985708915497,0.0,-0.12997259065534475,0.033826525417465274,0.04312418691555145,0.0008979206049148925,-0.0009905660377358405,1.6508161906994254,0.0009915482317390243,0.0
2023-11-29,10.58,10.5895,-0.00047225502648649066,-0.000943841504706313,-0.000897517715365623,1.3080071397905992,-0.000897517715365623,10.595229999999999,10.57662,10.575746666666667,2,29,11,10.588564003252054,10.573787920322928,61.53846153846165,0.01029465016574882,0.010756586665799695,10.628833513075385,10.524406486924615,0.0017083159909500162,0.0027231666182457935,0.0025027177878332255,7534200.0,0.12946840007183322,0.0,0.0,-1,0.0,0,63.0,0.01744546344918329,-0.00042494924217369986,1.0048355552533523,0.01120669477887102,0.04322892990282681,-0.0037664783427494575,-0.0018867924528301883,0.16216318788318823,0.0009451795841209628,0.0
2023-11-30,10.61,10.58,0.002368473065335381,0.0018962180388490523,0.0028315261957383604,-3.8762477783362086,0.0028315261957383604,10.59623,10.579615,10.577746666666666,3,30,11,10.592461457206227,10.5761241835279,59.99999999999986,0.011352224402186195,0.010875714213076995,10.63229317984598,10.52693682015402,0.0018451166169743515,0.0025680510870614297,0.002547330185114,7534410.0,1.1536085752711587,0.0,0.0,-1,0.0,0,64.0,0.026631262316354005,0.0028449905482040762,-0.6220960013756001,0.026580167441203516,0.04076654718284175,0.00033941771006174015,0.005677671301693721,1.4251951080902536,9.425070688008195e-06,0.0
2023-12-01,10.61,10.61,-9.425026272274275e-06,-9.425026272274275e-06,0.0,-4.653960350157523,0.0,10.59723,10.581115,10.579746666666667,4,1,12,10.59565028316873,10.578309720074488,59.99999999999986,0.012051438127004488,0.011110858995862494,10.635519538319711,10.52671046168029,0.0018451166169743515,0.0024972791734736827,0.002547330185114,7534410.0,1.0618599437515852,0.0,0.0,-1,0.0,0,64.0,0.027229741045626067,0.0,-0.6489120344901481,0.026580167441203516,0.039643077883873765,0.00033941771006174015,0.002835538752362865,1.4251951080902536,0.0,0.0
2023-12-04,10.61,10.61,0.0,0.0,0.0,1.5040773967762742,0.0,10.60023,10.583115,10.581746666666668,0,4,12,10.598259322592597,10.58035425426323,71.42857142857167,0.012461916821640884,0.011381070561018173,10.638726633583106,10.527503366416893,0.0017114805927380165,0.0024844822029029623,0.002547330185114,7534410.0,0.9668840229202408,0.0,0.0,-1,0.0,0,63.71428571428572,0.0274982563779378,0.0,-0.6119076072955438,0.02263438483186034,0.03943993227388293,0.0018885741265344258,0.0037842951750235443,1.808023620658894,0.0,0.0
2023-12-05,10.6,10.61,-0.0028315261957383405,-0.000942951507870236,-0.0037771527437454374,9.410483655653914,-0.000942951507870236,10.602229999999999,10.584615,10.582746666666669,1,5,12,10.598575809393942,10.58162172173012,56.25,0.01184377999468289,0.011473612447751117,10.640355386004114,10.528874613995885,0.0017543052835734363,0.002497217865635498,0.0025345529055437422,7424468.0,0.5520234466573212,0.0,0.0,-1,0.0,0,65.14285714285714,0.02613506806506669,-0.002827521206408988,4.113389774655686,0.024509341857892972,0.03964210465211423,0.0009915482317390811,0.002838221381267658,1.7550311262052363,0.002830188679245223,0.0
2023-12-06,10.53,10.6,-0.0028395665080777365,0.0,-0.0038104672689648258,1.6851689297130055,-0.00662567497213738,10.59323,10.582615,10.581413333333334,2,6,12,10.586107480413224,10.578291288070112,33.33333333333306,0.005640467324049325,0.010306983423010759,10.643221418804512,10.52200858119549,0.0023613080025136385,0.002918417462486903,0.002814615665282556,6831511.0,-1.7362847380807518,0.0,0.0,-1,0.0,0,63.97142857142857,0.015131136431997504,-0.004716981132075371,4.17614318968861,0.0550482793542239,0.04632844096565111,-0.00472589792060496,-0.0037842951750237663,-1.2579507208572012,0.00666666666666665,0.0
2023-12-07,10.53,10.53,-0.0018975337761914996,-0.00662567497213738,1.8993532702721567e-05,-13.292877162703139,0.0,10.58559,10.583115,10.58008,3,7,12,10.575906120338091,10.575175721097848,33.33333333333306,0.0007160432393771288,0.008388795386284034,10.641676897980211,10.524553102019787,0.0023699609286919813,0.002715316073171742,0.002814615665282556,6831511.0,-1.8139780926481202,0.0,0.0,-1,0.0,0,66.14285714285715,0.015459110309701068,0.0,-0.2931201589157251,0.045671206597327235,0.043104306363293356,-0.007540056550424112,0.000950570342205248,-2.1298678904540864,0.0,0.0
2023-12-08,10.55,10.53,0.0009492169673321553,0.0018975337761914111,0.0009492169673321553,9.011889433252344,0.0018975337761914111,10.57995,10.582615,10.57808,4,8,12,10.571195916640256,10.573551481027021,42.857142857142975,-0.0015548422200026835,0.006400067865026691,10.64217020305426,10.523059796945741,0.002506274338927232,0.0026081763658703633,0.0027445616916811255,6839711.0,-1.0952863335982563,0.0,0.0,-1,0.0,0,65.0,0.019256516293322434,0.0009496676163342628,-0.2341617555513921,0.05127246160916291,0.04140351623693516,-0.005655042412818001,-0.0009469696969697239,-1.6495373014020243,0.0009478672985783472,0.0
2023-12-11,10.6,10.55,0.005676458004805342,0.004728141195945896,0.005676458004805342,-2.103134653937124,0.004728141195945896,10.58095,10.584615,10.579080000000001,0,11,12,10.576433022705665,10.575257837089794,53.8461538461538,0.0006722970037884579,0.005254513692779045,10.643656832629997,10.525573167370002,0.0029686792336963298,0.002819160974149382,0.0028004640067779253,6840712.0,0.5211559097907619,0.0,0.0,-1,0.0,0,67.28571428571429,0.029857564507034633,0.004739336492890894,-0.28818203598753206,0.06659832791329326,0.044752793060747136,-0.0009425070688029447,0.0037878787878786735,-0.7739450927406879,0.0,0.0
2023-12-12,10.6,10.6,0.0,0.0,0.0,-6.90875477931522,0.0,10.581999999999999,10.588615,10.579080000000001,1,12,12,10.580717927668271,10.576854105664646,45.454545454545524,0.0024095451477421648,0.004685519983771669,10.639501469096928,10.537728530903074,0.0029684595220639243,0.0026604258353168193,0.0027522352445505426,6840712.0,0.44746669211074297,0.0,0.0,-1,0.0,0,67.0,0.030492841558652183,0.0,-0.2956397906643644,0.06625509114267562,0.0422329508506775,0.0,0.0076045627376426506,-1.0094896153971138,0.0,0.0
2023-12-13,10.55,10.6,-0.010431578709815594,-0.0047281411959459,-0.012339976235575914,7.313220387090301,-0.0047281411959459,10.578999999999999,10.587115,10.577413333333332,2,13,12,10.575132849910403,10.575121582718541,39.00156006240247,-0.00024542619415157674,0.0036993307481870204,10.640764359640015,10.533465640359987,0.0033346537409962534,0.002582705019830517,0.0028840343187336716,6839212.0,-1.3836139051441207,0.0,0.0,-1,0.0,0,67.0,0.020264893100615352,-0.010377358490565985,-0.28421983459971667,0.05474986170417379,0.040999171153858135,0.0018993352326686086,-0.002835538752362865,-0.47525244404883216,0.007582938388625599,0.0
2023-12-14,10.55,10.55,0.005703437513869711,0.0,0.007611835039630074,-1.8284234535996464,0.0,10.573,10.584615,10.577409999999999,3,14,12,10.570563240835783,10.573500835446378,39.00156006240247,-0.0023227350666417124,0.002494917585221274,10.640355386004114,10.528874613995885,0.003156179820256375,0.0025387528762151022,0.0027527925832064584,6839212.0,-1.2420079041951353,0.0,0.0,-1,0.0,0,70.0,0.020696837547223915,0.0,-0.2916729601813599,0.05474986170417379,0.040301452504290645,0.0018993352326686086,-0.004716981132075415,-0.47525244404883216,0.0,0.0
2023-12-15,10.55,10.55,0.0,0.0,0.0,-5.484796933490655,0.0,10.567,10.582115,10.576410000000001,4,15,12,10.566824469774732,10.571984652514356,41.66666666666679,-0.003923786347748148,0.0012111767986273895,10.639413306214445,10.524816693785555,0.003156179820256375,0.0025387528762151022,0.0027004296016907695,6839212.0,-1.1209755443661755,0.0,0.0,-1,0.0,0,80.0,0.020754609522581912,0.0,-0.29348871063296533,0.053073540024843845,0.040301452504290645,0.0,-0.004716981132075415,0.010029836708538784,0.0,0.0
2023-12-18,10.55,10.55,0.0,0.0,0.0,0.0,0.0,10.561,10.580615,10.575743333333333,0,18,12,10.563765475270234,10.570566287836012,41.75365344467664,-0.00513345574066193,-5.774970923047443e-05,10.639689628094619,10.521540371905381,0.003156179820256375,0.002508957687669037,0.0026956311456419633,6839212.0,-1.0364855772249293,0.0,0.0,-1,0.0,0,77.0,0.02089523532251395,0.0,-0.2908782789470098,0.0334872440552816,0.03982846854933563,-0.004716981132075415,-0.002835538752362865,-2.236067977500395,0.0,0.0
2023-12-19,10.55,10.55,0.0,0.0,0.0,0.0,0.0,10.556000000000001,10.579115,10.575076666666668,1,19,12,10.561262661584736,10.56923943055627,43.47826086956531,-0.006022701495901117,-0.0012507400665646032,10.639758054883222,10.518471945116778,0.003157642073272401,0.002508957687669037,0.0026956311456419633,6839212.0,-0.9602088831463053,0.0,0.0,-1,0.0,0,77.0,0.021036397817861586,0.0,-0.2901730532864096,0.0334872440552816,0.03982846854933563,-0.004716981132075415,-0.002835538752362865,-2.236067977500395,0.0,0.0
2023-12-20,10.55,10.55,0.0,0.0,0.0,0.0,0.0,10.558000000000002,10.575615,10.574409999999999,2,20,12,10.559214904932965,10.567998176971994,35.00000000000027,-0.006650769235806209,-0.0023307459004129243,10.634373391116679,10.516856608883323,0.00230818365930032,0.002334446074902856,0.0026956311456419633,6839212.0,-0.8718754721903688,0.0,0.0,-1,0.0,0,71.0,0.021434536574159852,0.0,-0.283903924673963,0.0,0.03705818257970291,0.0,-0.006591337099811523,0.0,0.0,0.0
2023-12-21,10.6,10.55,0.004728141195945896,0.004728141195945896,0.004728141195945896,4.605170185988092,0.004728141195945896,10.565000000000001,10.575295,10.577076666666667,3,21,12,10.566630376763335,10.570062810715736,48.00000000000003,-0.003078448869798578,-0.002480286494290055,10.633413697963189,10.517176302036813,0.002715042007605513,0.002580307277154872,0.002684253087987003,6839312.0,0.8501566919357821,0.0,0.0,-1,0.0,0,77.0,0.03992205951642979,0.004739336492890894,-0.2814083352762901,0.03364595137307919,0.04096110816889204,0.004739336492890933,-0.0006034092623322662,2.2360679774991943,0.0,0.0
2023-12-22,10.6,10.6,0.0,0.0,0.0,2.558002204858551,0.0,10.57,10.574974999999998,10.57841,4,22,12,10.572697580988184,10.571994242282463,48.00000000000003,-0.00024454033381005047,-0.002033137262194054,10.632439382564003,10.517510617435994,0.0026854579757377957,0.002580307277154872,0.002599463130846928,6839312.0,0.8709742934113214,0.0,0.0,-1,0.0,0,79.74285714285715,0.052875167642011466,0.0,-0.2729794650658694,0.03364595137307919,0.04096110816889204,0.004739336492890933,-0.0006034092623322662,2.2360679774991943,0.0,0.0
2023-12-26,10.6,10.6,0.0,0.0,0.0,-7.1631723908466425,0.0,10.57,10.575474999999999,10.579743333333333,1,26,12,10.57766165717215,10.573801065361014,50.0,0.0019785451611529226,-0.001230800777524659,10.633659348594422,10.517290651405576,0.0022288804219205275,0.002555436707470668,0.002599463130846928,6839312.0,0.8430102112495396,0.0,0.0,-1,0.0,0,81.94285714285716,0.05236382169660877,0.0,-0.27329669146081437,0.03364595137307919,0.0405663001147986,0.004739336492890933,0.0009442870632672129,2.2360679774991943,0.0,0.0
2023-12-27,10.6,10.6,0.0,0.0,0.0,0.0,0.0,10.57,10.576,10.582410000000001,2,27,12,10.581723174049941,10.575491319208691,70.58823529411795,0.0036977312878487822,-0.0002450943644499708,10.63490223836592,10.517097761634082,0.0022288804219205275,0.0025553636917163736,0.002492424547580043,6839312.0,0.8149096083888726,0.0,0.0,-1,0.0,0,76.0,0.05236382169660877,0.0,-0.27219161664550584,0.03364595137307919,0.04056514102563269,0.004739336492890933,0.0009915482317390811,2.2360679774991943,0.0,0.0
2023-12-28,10.6,10.6,0.0,0.0,0.0,0.0,0.0,10.575,10.577,10.583076666666667,3,28,12,10.585046233313587,10.577072524421034,70.58823529411795,0.005002532597506715,0.0008044310279413663,10.636859484587175,10.517140515412825,0.0014987097915489073,0.002545669704549406,0.002270159055289329,6839312.0,0.768466356121206,0.0,0.0,-1,0.0,0,78.0,0.05243721487534165,0.0,-0.2681349821678872,0.03364595137307919,0.040411253750094,0.004739336492890933,0.001890359168241984,2.2360679774991943,0.0,0.0
2023-12-29,10.58,10.6,0.0,0.0,-0.0018885746878681362,7.601402334583733,-0.0018885746878681362,10.578,10.5755,10.582410000000001,4,29,12,10.58412873634748,10.577261393813227,58.82352941176471,0.004372362311938716,0.0015180172847408364,10.633347349029824,10.517652650970176,0.0016735722074802965,0.0024968814765487166,0.0022701998385781835,6837311.0,0.15558189184019752,0.0,0.0,-1,0.0,0,76.0,0.045256587202361524,0.0,-0.25386146111223984,0.013394897622115296,0.03963676464090995,-0.0018867924528301883,-0.002827521206408945,-2.2360679775092454,0.0018903591682419257,0.0
2024-01-02,10.58,10.58,-0.0018885746878681362,-0.0018885746878681362,0.0,-7.601402334583733,0.0,10.581,10.574,10.581743333333332,1,2,1,10.583378057011574,10.577438078083343,41.66666666666667,0.003828811662996756,0.0019801761603920206,10.629592502337037,10.518407497662963,0.0016735722074802965,0.0024968814765487166,0.0022701998385781835,6837311.0,0.2158564463828011,0.0,0.0,-1,0.0,0,79.71428571428571,0.04543163895498165,0.0,-0.26886234607293363,0.013394897622115296,0.03963676464090995,-0.0018867924528301883,-0.002827521206408945,-2.2360679775092454,0.0,0.0
2024-01-03,10.75,10.58,0.015940328143518524,0.015940328143518524,0.015940328143518524,4.605170185988092,0.015940328143518524,10.601,10.581,10.58741,2,3,1,10.613672955736742,10.588571105303773,75.86206896551754,0.01692057327236718,0.0049682555827870525,10.676564803035712,10.485435196964287,0.005253620150222831,0.004402040627178757,0.003692993871671614,6837411.0,3.536867018641719,0.0,0.0,-1,0.0,0,76.71428571428571,0.09304306835298644,0.016068052930056705,-0.2681493332639209,0.1181346811975644,0.06988022856430674,0.014150943396226356,0.013195098963242335,2.1664280208858915,0.0,0.0
2024-01-04,10.75,10.75,0.0,0.0,0.0,0.0,0.0,10.621,10.5885,10.593076666666667,3,4,1,10.638459691057335,10.59898587270353,91.66666666666679,0.026984824410506647,0.009371569348330971,10.710289291726562,10.466710708273437,0.005253620150222831,0.004388953708069068,0.003692993871671614,6837411.0,2.6521215077364264,0.0,0.0,-1,0.0,0,78.68571428571428,0.09286835704343377,0.0,-0.22860682110357472,0.1181346811975644,0.06967248016395321,0.014150943396226356,0.014150943396226356,2.1664280208858915,0.0,0.0
2024-01-05,10.75,10.75,0.0,0.0,0.0,0.7030975114131134,0.0,10.641,10.5995,10.59741,4,5,1,10.65873974722873,10.608728719625883,91.66666666666679,0.03456240208955563,0.014409735896575904,10.737679897998374,10.461320102001627,0.005253620150222831,0.00404450419374421,0.0036426872672043124,6837411.0,2.178319743755637,0.0,0.0,-1,0.0,0,75.77142857142859,0.09299204278646268,0.0,-0.28824193338296,0.1181346811975644,0.06420451363922987,0.014150943396226356,0.02089268755935425,2.1664280208858915,0.0,0.0
2024-01-08,10.75,10.75,0.0,0.0,0.0,-5.308267697401205,0.0,10.656,10.6105,10.602196666666666,0,8,1,10.67533252045987,10.617842995779053,91.66666666666679,0.04010537717041096,0.019548864151342916,10.759951629211606,10.461048370788394,0.005181500167271012,0.00404450419374421,0.003629648451675709,6837411.0,1.8668247477246847,0.0,0.0,-1,0.0,0,76.17142857142856,0.09297487604310335,0.0,-0.3965863496864196,0.11407185971194038,0.06420451363922987,0.016068052930056753,0.02089268755935425,2.236067977499775,0.0,0.0
2024-01-09,10.75,10.75,0.0,0.0,0.0,0.0,0.0,10.671000000000001,10.6205,10.606983333333334,1,9,1,10.688908425830803,10.62636925411589,91.66666666666679,0.043991122579395636,0.024437315836953463,10.77937432968199,10.461625670318009,0.005181500167271012,0.004045615367664709,0.003629648451675709,6837411.0,1.6302193093020345,0.0,0.0,-1,0.0,0,75.68571428571428,0.09680646695414645,0.0,-0.5420066385586618,0.11407185971194038,0.06422215297837176,0.016068052930056753,0.018957345971563955,2.236067977499775,0.0,0.0
2024-01-10,10.75,10.75,0.0,0.0,0.0,3.912023005428146,0.0,10.686,10.628,10.612316666666667,2,10,1,10.700015984770657,10.634345431269704,91.66666666666679,0.0465341866738509,0.028856690004332955,10.79666035630758,10.45933964369242,0.005181500167271012,0.00394945963640751,0.003611186652096481,6837411.0,1.4466944416684668,0.0,0.0,-1,0.0,0,76.37142857142858,0.09697873148774228,0.0,-0.39248374578490214,0.0,0.0626957280661311,0.0,0.014150943396226356,0.0,0.0,0.0
2024-01-11,10.75,10.75,0.0,0.0,0.0,0.0,0.0,10.701,10.6355,10.617666666666668,3,11,1,10.709103987539628,10.641807016349079,91.66666666666679,0.04799631168604357,0.03268461434067508,10.812072633035733,10.458927366964268,0.005181500167271012,0.00394945963640751,0.003610947410836839,6837411.0,1.2969167195556133,0.0,0.0,-1,0.0,0,74.65714285714286,0.09020133004582452,0.0,-0.39744168961875476,0.0,0.0626957280661311,0.0,0.014150943396226356,0.0,0.0,0.0
2024-01-12,10.75,10.75,0.0,0.0,0.0,0.9321640810304452,0.0,10.716,10.6455,10.623333333333333,4,12,1,10.716539626168785,10.648787208842688,89.47368421052651,0.048594884710569275,0.03586666841465392,10.824323641438081,10.46667635856192,0.005181500167271012,0.0037437960725974673,0.0036026164652343327,6837411.0,1.1687492678218778,0.0,0.0,-1,0.0,0,73.08571428571429,0.09078541862253042,0.0,-0.16953992525208741,0.0,0.05943092020459929,0.0,0.018957345971563955,0.0,0.0,0.0
2024-01-16,10.7,10.75,-0.004662013105811413,-0.004662013105811413,-0.004662013105811413,1.9604274336040324,-0.004662013105811413,10.728,10.653,10.626333333333333,1,16,1,10.713532421410823,10.652091259885095,70.83333333333324,0.044521460331374385,0.03759762679799802,10.827488726827294,10.478511273172707,0.005444478367251804,0.0039447239836170045,0.003696049457990496,6836509.0,0.5387167509855073,0.0,0.0,-1,0.0,0,72.28571428571429,0.07759298315178054,-0.00465116279069774,1.2342223214102228,0.033019980184743926,0.06262055190865574,-0.0046511627906977715,0.0142180094786728,-2.2360679775004177,0.0,0.0
2024-01-17,10.7,10.7,0.0,0.0,0.0,-2.912794221951997,0.0,10.739999999999998,10.6605,10.629333333333333,2,17,1,10.711071981154308,10.65518214634412,70.83333333333324,0.04082266390515166,0.038242634219428744,10.829144752755367,10.491855247244635,0.005444478367251804,0.0039447239836170045,0.003696049457990496,6836509.0,0.4684403084547414,0.0,0.0,-1,0.0,0,57.21428571428572,0.07946818955170905,0.0,-0.3766341220680416,0.033019980184743926,0.06262055190865574,-0.0046511627906977715,0.0142180094786728,-2.2360679775004177,0.0,0.0
2024-01-18,10.7,10.7,0.0,0.0,0.0,-2.505525936990736,0.0,10.735,10.668,10.632333333333333,3,18,1,10.709058893671706,10.658073620773532,70.83333333333324,0.03745953093411991,0.038086013562366974,10.829127605528972,10.506872394471026,0.0014708268186829306,0.0039447239836170045,0.003696049457990496,6836509.0,0.3972007142406878,0.0,0.0,-1,0.0,0,66.45714285714286,0.08085418206715364,0.0,-0.4619666902074531,0.033019980184743926,0.06262055190865574,-0.0046511627906977715,0.0142180094786728,-2.2360679775004177,0.0,0.0
2024-01-19,10.7,10.7,0.0,0.0,0.0,-1.3862943611198906,0.0,10.73,10.6755,10.635666666666667,4,19,1,10.70741182209503,10.660778548465561,70.83333333333324,0.03439770845329271,0.037348352540552125,10.827188739478434,10.523811260521565,0.0014708268186829306,0.0039447239836170045,0.0036892273165778358,6836509.0,0.3230299109115212,0.0,0.0,-1,0.0,0,72.82857142857144,0.08151613414917976,0.0,-0.467741814564627,0.033019980184743926,0.06262055190865574,-0.0046511627906977715,0.0142180094786728,-2.2360679775004177,0.0,0.0
2024-01-22,10.7,10.7,0.0,0.0,0.0,2.9444389791664403,0.0,10.725,10.683,10.641333333333334,0,22,1,10.706064218077751,10.66330896469359,77.27272727272702,0.0316068480087317,0.036200051634188046,10.822939836698081,10.543060163301918,0.0014708268186829306,0.0039447239836170045,0.0034512227456389272,6836509.0,0.2429615526374637,0.0,0.0,-1,0.0,0,72.85714285714286,0.08228681544171694,0.0,-0.43595045674302774,0.033019980184743926,0.06262055190865574,-0.0046511627906977715,0.0142180094786728,-2.2360679775004177,0.0,0.0
2024-01-23,10.7,10.7,0.0,0.0,0.0,-2.9444389791664407,0.0,10.719999999999999,10.687999999999999,10.646999999999998,1,23,1,10.704961632972704,10.665676128261746,77.27272727272702,0.02906008443525998,0.03477205819440243,10.822493200768596,10.553506799231402,0.0014708268186829306,0.0038308614390100844,0.0034512227456389272,6836509.0,0.17844768258057953,0.0,0.0,-1,0.0,0,70.25714285714287,0.08344683203667164,0.0,-0.4606801283148856,0.0,0.06081304004860629,0.0,0.00943396226415083,0.0,0.0,0.0
2024-01-24,10.7,10.7,0.0,0.0,0.0,4.770684624465665,0.0,10.715,10.693000000000001,10.652,2,24,1,10.704059517886757,10.667890571599697,0.0,0.02673358779581214,0.033164364114684375,10.820996710485426,10.565003289514577,0.0014708268186829306,0.0038308614390100844,0.0034428318813771045,6836509.0,0.10937781093671142,0.0,0.0,-1,0.0,0,72.48571428571428,0.06013360421591547,0.0,-0.1447760069070542,0.0,0.06081304004860629,0.0,0.00943396226415083,0.0,0.0,0.0
2024-01-25,10.65,10.7,-0.004683849312426314,-0.004683849312426314,-0.004683849312426314,0.6498503748066211,-0.004683849312426314,10.705,10.6955,10.653666666666668,3,25,1,10.694230514634619,10.66673634117391,0.0,0.02061757375868467,0.030655006043484437,10.81766899425897,10.573331005741029,0.0019656911153405157,0.004000210352399444,0.0034697170051814037,6836283.0,-0.7448698464939277,0.0,0.0,-1,0.0,0,73.22857142857143,0.04532281291614242,-0.004672897196261583,0.06060633441968135,0.03317427915756874,0.06350137070636987,-0.004672897196261627,0.004716981132075526,-2.236067977500409,0.0,0.0
2024-01-26,10.65,10.65,0.0,0.0,0.0,-2.1624384612508036,0.0,10.694999999999999,10.697999999999999,10.655333333333333,4,26,1,10.686188602882869,10.665656577227209,0.0,0.015590866763684375,0.027642178187524426,10.813822005001034,10.582177994998963,0.0019656911153405157,0.004000210352399444,0.0034697170051814037,6836283.0,-0.8288580395334848,0.0,0.0,-1,0.0,0,73.79999999999998,0.038220116178229,0.0,-0.36864231488544186,0.03317427915756874,0.06350137070636987,-0.004672897196261627,0.004716981132075526,-2.236067977500409,0.0,0.0
2024-01-29,10.65,10.65,0.0,0.0,0.0,-0.48550781578170077,0.0,10.684999999999999,10.7005,10.658666666666667,0,29,1,10.679608856904164,10.664646475470615,0.0,0.011474889867161053,0.024408720523451752,10.809364957390908,10.591635042609091,0.0019656911153405157,0.004000210352399444,0.0033456256595402007,6836283.0,-0.9277549215155816,0.0,0.0,-1,0.0,0,74.11428571428573,0.031241200386388748,0.0,-0.39183761349363916,0.03317427915756874,0.06350137070636987,-0.004672897196261627,0.004716981132075526,-2.236067977500409,0.0,0.0
2024-01-30,10.65,10.65,0.0,0.0,0.0,-0.5753641449035618,0.0,10.680000000000001,10.704,10.662,1,30,1,10.674225428376133,10.663701541569287,0.0,0.008119353667696672,0.021150847152300735,10.800332756632192,10.607667243367809,0.001477699841200093,0.003969472564955002,0.0033456256595402007,6836283.0,-1.121113978003917,0.0,0.0,-1,0.0,0,74.22857142857143,0.038954296912704627,0.0,-0.4537093608580917,0.03317427915756874,0.06301342345778772,-0.004672897196261627,0.006616257088846833,-2.236067977500409,0.0,0.0
2024-01-31,10.65,10.65,0.0,0.0,0.0,-0.587786664902119,0.0,10.675,10.7075,10.665333333333333,2,31,1,10.669820805035016,10.662817571145462,0.0,0.005397844067914548,0.018000246535423498,10.788772770090931,10.626227229909068,0.001477699841200093,0.003969472564955002,0.0033456256595402007,6836283.0,-1.4149880688369734,0.0,0.0,-1,0.0,0,64.11428571428573,0.03409907204494372,0.0,-0.4752026599769597,0.03317427915756874,0.06301342345778772,-0.004672897196261627,0.006616257088846833,-2.236067977500409,0.0,0.0
2024-02-01,10.65,10.65,0.0,0.0,0.0,-1.6094379124341003,0.0,10.67,10.702499999999999,10.668666666666667,3,1,2,10.666217022301375,10.661990631071562,0.0,0.003204093309474132,0.015041015890233626,10.78505779475035,10.619942205249648,0.001477699841200093,0.0014349468866088361,0.0033456256595402007,6836283.0,-1.2718362974387984,0.0,0.0,-1,0.0,0,72.34285714285714,0.021591525709680152,0.0,-0.47225773239894875,0.0,0.022779075639320284,0.0,-0.009302325581395321,0.0,0.0,0.0
2024-02-02,10.65,10.65,0.0,0.0,0.0,2.1972245773362196,0.0,10.665,10.6975,10.671999999999999,4,2,2,10.663268472792033,10.661217041970172,0.0,0.0014488288313856401,0.01232257847846403,10.780057794750338,10.614942205249662,0.001477699841200093,0.0014349468866088361,0.0033456256595402007,6836283.0,-1.1507090310162469,0.0,0.0,-1,0.0,0,74.60000000000001,0.00588709761309042,0.0,-0.4032530589011475,0.0,0.022779075639320284,0.0,-0.009302325581395321,0.0,0.0,0.0
2024-02-05,10.62,10.65,-0.004705891037412728,-0.002820876341641452,-0.004705891037412728,5.729378021845164,-0.002820876341641452,10.657,10.690999999999999,10.674333333333333,0,5,2,10.655401477738936,10.658557877972097,0.0,-0.0023360516438266643,0.00939085245400589,10.776569300940873,10.605430699059125,0.001638467896740561,0.001522360872168627,0.00339409082280055,6833513.0,-1.6594736481266439,0.0,0.0,-1,0.0,0,73.31428571428572,-0.0035007711390292605,-0.004694835680751241,4.028972855402155,0.01999801616822682,0.02416672964072147,-0.0028169014084508115,-0.012093023255814073,-2.2360679775026138,0.0018832391713747246,0.0
2024-02-06,10.62,10.62,0.001885014695771204,0.0,0.001885014695771204,-7.926602599181384,0.0,10.649000000000001,10.6845,10.675,1,6,2,10.648964845422766,10.65607027294164,0.0,-0.005274792168352249,0.006457723529534262,10.77094438431325,10.59805561568675,0.001638467896740561,0.001522360872168627,0.0032853266625090184,6833513.0,-1.4922889557815795,0.0,0.0,-1,0.0,0,73.20000000000002,0.008082844799172203,0.0,-0.3444740992446626,0.01999801616822682,0.02416672964072147,-0.0028169014084508115,-0.012093023255814073,-2.2360679775026138,0.0,0.0
2024-02-07,10.7,10.62,0.007504725654067792,0.007504725654067792,0.007504725654067792,4.605170185988092,0.007504725654067792,10.649,10.681999999999999,10.678333333333333,2,7,2,10.658243964436808,10.65890444888089,50.0,-0.0011353462298071548,0.004939109577665979,10.763201503747618,10.600798496252379,0.0031004686368958367,0.0023740701017518693,0.003556621104136186,6833613.0,0.4433415434262362,0.0,0.0,-1,0.0,0,73.77142857142857,0.03187313360815333,0.007532956685499066,-0.1964506071806946,0.06160052331923967,0.03768719450561553,0.004694835680751019,-0.0046511627906977715,1.6434890650806795,0.0,0.0
2024-02-08,10.62,10.7,-0.004683849312426314,-0.0028076761541984134,-0.007504725654067693,4.783483721384507,-0.007504725654067693,10.645999999999999,10.6755,10.679,3,8,2,10.651290516357388,10.656394484436962,33.33333333333333,-0.004261018543141759,0.003099083953504431,10.754566927015754,10.596433072984246,0.003648719231236362,0.002872261218377685,0.0038311136203970815,6821661.0,-1.4038739608266924,0.0,0.0,-1,0.0,0,74.60000000000001,0.006297340117982673,-0.004672897196261583,4.1306832792627075,0.08660569345982802,0.04559573330545643,-0.0028169014084508115,-0.012093023255814073,0.47522811727265885,0.004708097928436979,0.0
2024-02-09,10.62,10.62,-0.002820876341641452,-0.0046970494998692675,0.0,-9.388653907372598,0.0,10.643,10.669,10.679666666666666,4,9,2,10.645601331565135,10.654046453182966,33.33333333333333,-0.006661348491844521,0.001146997464434641,10.743523044830912,10.594476955169089,0.003648719231236362,0.002872261218377685,0.0038311136203970815,6821661.0,-1.3150294680304568,0.0,0.0,-1,0.0,0,75.42857142857143,-0.003204621220779645,0.0,-0.30258849628987156,0.08660569345982802,0.04559573330545643,-0.0028169014084508115,-0.012093023255814073,0.47522811727265885,0.0,0.0
2024-02-12,10.62,10.62,0.0,0.0,0.0,0.0,0.0,10.639999999999999,10.6625,10.680333333333333,0,12,2,10.640946544007837,10.651849907816324,33.33333333333333,-0.00846603607567964,-0.000775609243588215,10.729582039327537,10.595417960672462,0.003648719231236362,0.002872261218377685,0.0038311136203970815,6821661.0,-1.2671051872018493,0.0,0.0,-1,0.0,0,75.82857142857144,-0.003395699739195393,0.0,-0.3003968524312764,0.08424148312484736,0.04559573330545643,0.0,-0.012093023255814073,0.015919665692240507,0.0,0.0
2024-02-13,10.62,10.62,0.0,0.0,0.0,0.0,0.0,10.637,10.6585,10.681666666666667,1,13,2,10.637138081460957,10.649795075053982,33.33333333333333,-0.00978348605075574,-0.00257718460502172,10.72570745572928,10.59129254427072,0.003648719231236362,0.002711123164506334,0.003813330238958418,6821661.0,-1.1457062191160523,0.0,0.0,-1,0.0,0,66.74285714285715,-0.0034038774774030503,0.0,-0.2830580377483598,0.08424148312484736,0.043037746001701294,0.0,-0.00747663551401867,0.015919665692240507,0.0,0.0
2024-02-14,10.62,10.62,0.0,0.0,0.0,0.0,0.0,10.634,10.654499999999999,10.683,2,14,2,10.634022066649875,10.647872812147273,42.10526315789449,-0.010704183483642993,-0.004202584380745975,10.720824560825982,10.588175439174016,0.003648719231236362,0.002711123164506334,0.003813330238958418,6821661.0,-1.0403385886117797,0.0,0.0,-1,0.0,0,67.51428571428572,-0.0036514060902476907,0.0,-0.28207827627479815,0.053078846652109275,0.043037746001701294,-0.00747663551401867,-0.00747663551401867,-2.23606797749994,0.0,0.0
2024-02-15,10.62,10.62,0.0,0.0,0.0,0.0,0.0,10.630999999999998,10.6505,10.678666666666667,3,15,2,10.631472599986262,10.646074566202289,42.10526315789449,-0.011303542629253371,-0.005622776030447455,10.714891892267666,10.586108107732333,0.003648719231236362,0.002711123164506334,0.0023428672465545418,6821661.0,-0.9473242337161549,0.0,0.0,-1,0.0,0,73.85714285714286,-0.004102783700020064,0.0,-0.2819981472789878,0.0,0.043037746001701294,0.0,-0.00747663551401867,0.0,0.0,0.0
2024-02-16,10.63,10.62,0.0009411765400639063,0.0009411765400639063,0.0009411765400639063,4.875197323201151,0.0009411765400639063,10.629,10.647,10.674666666666667,4,16,2,10.631204854534214,10.645037497415045,45.00000000000018,-0.010846589907103521,-0.006667538805778668,10.70755880135363,10.586441198646371,0.003668730241121587,0.0027260522190172293,0.0023547273256869306,6821792.0,-0.5614377966541603,0.0,0.0,-1,0.0,0,73.48571428571428,0.005761131441930243,0.0009416195856875296,-0.23611756157526248,0.0066848359131139136,0.04327473739497223,0.0009416195856875031,-0.0065420560747662115,2.2360679774241707,0.0,0.0
2024-02-20,10.62,10.63,-0.0009411765400639644,-0.0009411765400639644,-0.0009411765400639644,-0.18384944097200778,-0.0009411765400639644,10.629,10.642999999999999,10.670333333333334,1,20,2,10.629167608255266,10.643422175001172,42.85714285714274,-0.011162691450637752,-0.0075665693347504856,10.699232599650845,10.586767400349153,0.0035655265349945867,0.0027282718007060405,0.002355873966330813,6821683.0,-0.8180308270579474,0.0,0.0,-1,0.0,0,63.74285714285715,0.004164373206597476,-0.000940733772342574,-0.24603553900829433,0.01056468272176704,0.04330997216195135,0.0,-0.00747663551401867,0.0019965364062008335,0.0,0.0
2024-02-21,10.63,10.62,0.0009411765400639063,0.0009411765400639063,0.0009411765400639063,0.01818231908319033,0.0009411765400639063,10.629999999999999,10.6395,10.666333333333334,2,21,2,10.629318952208854,10.642556228226903,45.45454545454567,-0.010485418398411994,-0.008150339147482788,10.68911960563619,10.58988039436381,0.003577771256926733,0.0027431067270921013,0.0023676684884342504,6821794.0,-0.3829131601590339,0.0,0.0,-1,0.0,0,63.7,0.005224552617848943,0.0009416195856875296,-0.2474925285675786,0.012501141263783462,0.04354546931756415,0.0009416195856875031,-0.0065420560747662115,-0.5110931470330983,0.0,0.0
2024-02-22,10.63,10.63,0.0,0.0,0.0,-0.018182319083190474,0.0,10.623000000000001,10.636,10.662333333333333,3,22,2,10.629442779079971,10.641746148986458,45.45454545454567,-0.009835299415634324,-0.008487331201113096,10.676730177617497,10.595269822382502,0.002456032661116816,0.0027431067270921013,0.0023676684884342504,6821794.0,-0.29462184311324313,0.0,0.0,-1,0.0,0,73.94285714285715,0.004809489375152423,0.0,-0.24805590142059347,0.012501141263783462,0.04354546931756415,0.0009416195856875031,-0.0065420560747662115,-0.5110931470330983,0.0,0.0
2024-02-23,10.63,10.63,0.0,0.0,0.0,-0.8201468713212527,0.0,10.623999999999999,10.635000000000002,10.658333333333333,4,23,2,10.629544091974521,10.640988332922817,45.45454545454567,-0.009213863752025375,-0.008632637711295552,10.67526229789655,10.594737702103453,0.0005343161024466717,0.00254510317951254,0.0023676684884342504,6821794.0,-0.24837131814224464,0.0,0.0,-1,0.0,0,73.34285714285714,0.004490532068848993,0.0,-0.267133531726645,0.012501141263783462,0.04040226044393977,0.0009416195856875031,-0.00187793427230043,-0.5110931470330983,0.0,0.0
2024-02-26,10.63,10.63,0.0,0.0,0.0,-3.871201010907891,0.0,10.625,10.634,10.654333333333334,0,26,2,10.62962698434279,10.640279408218118,52.63157894736877,-0.008621982662280203,-0.008630506701492482,10.673682954053806,10.594317045946195,0.0005343161024466717,0.00254510317951254,0.0023676684884342504,6821794.0,-0.20159789488333252,0.0,0.0,-1,0.0,0,71.91428571428573,0.00632232703696555,0.0,-0.28402546336681145,0.01056468272176704,0.04040226044393977,0.0,-0.00187793427230043,0.001996536406200833,0.0,0.0
2024-02-27,10.63,10.63,0.0,0.0,0.0,0.0,0.0,10.626000000000001,10.633,10.650333333333332,1,27,2,10.629694805371374,10.639616220591144,52.63157894736877,-0.008060001949091955,-0.008516405751012377,10.671987177383478,10.59401282261652,0.0005343161024466717,0.00254510317951254,0.0023676684884342504,6821794.0,-0.15389675279594145,0.0,0.0,-1,0.0,0,75.77142857142859,0.005961429414949884,0.0,-0.2837246522497626,0.0066848359131139136,0.04040226044393977,0.0009416195856875031,-0.00187793427230043,2.2360679774241707,0.0,0.0
2024-02-28,10.63,10.63,0.0,0.0,0.0,0.0,0.0,10.626999999999999,10.632,10.648,2,28,2,10.629750295303852,10.638995819262684,18.181818181820233,-0.007527851795465779,-0.008318694959903058,10.670168601043182,10.593831398956818,0.0005343161024466717,0.00254510317951254,0.0022257913569378213,6821794.0,-0.10479818203115067,0.0,0.0,-1,0.0,0,76.77142857142859,0.005569058762341109,0.0,-0.28391409655263683,0.0,0.04040226044393977,0.0,-0.00187793427230043,0.0,0.0,0.0
2024-02-29,10.63,10.63,0.0,0.0,0.0,0.0,0.0,10.628000000000002,10.630999999999998,10.645666666666667,3,29,2,10.629795696157696,10.638415443826382,66.66666666666666,-0.007025137552078675,-0.008059983478338181,10.6682191235553,10.593780876444697,0.0005343161024466717,0.00254510317951254,0.0022257913569378213,6821794.0,-0.05373581667025654,0.0,0.0,-1,0.0,0,77.45714285714287,0.005214871632124375,0.0,-0.28381378611930286,0.0,0.04040226044393977,0.0,-0.00187793427230043,0.0,0.0,0.0
2024-03-01,10.67,10.63,0.0037558729598052647,0.0037558729598052647,0.0037558729598052647,6.400257445308821,0.0037558729598052647,10.633000000000001,10.632000000000001,10.644666666666666,4,1,3,10.637105569583568,10.640453157127906,85.71428571428426,-0.0033603313778893806,-0.007120053058248422,10.672314552685418,10.591685447314585,0.00127383229257858,0.0026872925125846583,0.0023414282359570846,6822396.0,1.8851753259683295,0.0,0.0,-1,0.0,0,76.82857142857142,0.014673049820920867,0.003762935089369628,-0.07238563861656087,0.026714189048803873,0.04265944613030951,0.0037629350893695346,0.001877934272300319,2.2360679774986045,0.0,0.0
2024-03-04,10.67,10.67,0.0,0.0,0.0,-5.707110264748875,0.0,10.637,10.633,10.643666666666666,0,4,3,10.643086375113826,10.642359405055139,85.71428571428426,-0.00045075011460404824,-0.005786192469519548,10.676091090791415,10.589908909208583,0.0012699375830073926,0.0026872925125846583,0.0023414282359570846,6822396.0,1.7172923367895863,0.0,0.0,-1,0.0,0,79.22857142857143,0.016426854231734914,0.0,-0.2946839330632884,0.026714189048803873,0.04265944613030951,0.0037629350893695346,0.001877934272300319,2.2360679774986045,0.0,0.0
2024-03-05,10.67,10.67,0.0,0.0,0.0,3.2386784521643803,0.0,10.642,10.6355,10.642666666666665,1,5,3,10.647979761456766,10.644142669245129,85.71428571428426,0.0018339730986784986,-0.004262159355879939,10.681141624588403,10.589858375411598,0.0011941079637535514,0.002598883887316865,0.0023414282359570846,6822396.0,1.5117779137409062,0.0,0.0,-1,0.0,0,76.11428571428571,0.016070061523147963,0.0,-0.2292129996447897,0.026714189048803873,0.04125600271303942,0.0037629350893695346,0.004708097928437072,2.2360679774986045,0.0,0.0
2024-03-06,10.67,10.67,0.0,0.0,0.0,-3.9318256327243257,0.0,10.645999999999999,10.638,10.641666666666667,2,6,3,10.651983441191899,10.64581088413254,85.71428571428426,0.0036030984298971447,-0.0026891077987245223,10.685506232281625,10.590493767718375,0.001189944556977613,0.002598883887316865,0.0023414282359570846,6822396.0,1.3471916615191966,0.0,0.0,-1,0.0,0,72.54285714285714,0.015842501464601824,0.0,-0.24835827179007663,0.026714189048803873,0.04125600271303942,0.0037629350893695346,0.004708097928437072,2.2360679774986045,0.0,0.0
2024-03-07,10.67,10.67,0.0,0.0,0.0,0.0,0.0,10.65,10.636500000000002,10.640666666666668,3,7,3,10.655259179157007,10.647371472253022,85.71428571428426,0.004948104334072667,-0.0011616653721650844,10.677165516237453,10.59583448376255,0.001189944556977613,0.0019511677734320948,0.0023414282359570846,6822396.0,1.6475875926122552,0.0,0.0,-1,0.0,0,73.85714285714286,0.015550195229454538,0.0,-0.24636795187052782,0.026714189048803873,0.03097382816798966,0.0037629350893695346,-0.002803738317756932,2.2360679774986045,0.0,0.0
2024-03-08,10.6701,10.67,0.00280767615419834,0.00280767615419834,9.37202731016826e-06,5.6937321388027,9.37202731016826e-06,10.654010000000001,10.639005000000001,10.641336666666666,4,8,3,10.657957510219369,10.648837828881861,83.36106489184489,0.005953472443222196,0.00026136219091237175,10.681521150495602,10.5964888495044,0.001189618902148285,0.0009092093258960646,0.0021756583706075516,6822693.0,1.4627382600509182,0.0,0.0,-1,0.0,0,70.02857142857144,0.01531126815997949,0.0028116213683223395,1.5394148048204825,6.653510595233409e-05,0.014433250596129994,9.372071227753409e-06,0.004717514124293887,2.2359912842202716,0.002802223034460745,0.0
2024-03-11,10.72,10.6701,0.0018674141747954624,0.0018674141747954624,0.004665718301683812,-0.6632942174102642,0.004665718301683812,10.66301,10.644005,10.643669999999998,0,11,3,10.669237962906756,10.653428936695935,99.99999860000003,0.010653934951040611,0.00233987674293802,10.698844880804488,10.589165119195512,0.0017917125182112998,0.0013431868070681275,0.0023327034570510803,6822846.0,2.7715231647177765,0.0,0.0,-1,0.0,0,62.771428571428565,0.022930700062676376,0.004676619713029957,0.49685332001028126,0.033184135162189196,0.021322429534830958,0.004686035613870709,0.009416195856873921,2.236046922944996,0.0,0.0
2024-03-12,10.72,10.72,0.0,0.0,0.0,-5.030437921392435,0.0,10.67201,10.649004999999999,10.646003333333335,1,12,3,10.678467424196436,10.657723844005876,99.99999844444447,0.014215221132936051,0.004714945620937626,10.712224266719465,10.585785733280533,0.0017917125182112998,0.0013431868070681275,0.0023327034570510803,6822846.0,2.2459925172824358,0.0,0.0,-1,0.0,0,72.2,0.022610327811284015,0.0,-0.5553066517761968,0.033184135162189196,0.021322429534830958,0.004686035613870709,0.009416195856873921,2.236046922944996,0.0,0.0
2024-03-13,10.72,10.72,0.0,0.0,0.0,0.0,0.0,10.68101,10.654005000000002,10.648336666666667,2,13,3,10.686018801615266,10.661741660521626,99.99999844444447,0.016843405792451804,0.007140637655240463,10.72310935967907,10.584900640320933,0.0017917125182112998,0.0013431868070681275,0.0023327034570510803,6822846.0,1.9100097390813164,0.0,0.0,-1,0.0,0,71.77142857142857,0.022290985958845315,0.0,-0.5488833131977816,0.033184135162189196,0.021322429534830958,0.004686035613870709,0.009416195856873921,2.236046922944996,0.0,0.0
2024-03-14,10.72,10.72,0.0,0.0,0.0,0.0,0.0,10.69001,10.659005,10.65067,3,14,3,10.69219720132158,10.665500263068619,99.99999844444447,0.01871057718332736,0.009454625560857842,10.732105089281557,10.585904910718444,0.0017917125182112998,0.0013431868070681275,0.0023327034570510803,6822846.0,1.6688078113028866,0.0,0.0,-1,0.0,0,70.4,0.014273602076777457,0.0,-0.5493371088765174,0.033184135162189196,0.021322429534830958,0.004686035613870709,0.009416195856873921,2.236046922944996,0.0,0.0
2024-03-15,10.72,10.72,0.0,0.0,0.0,0.0,0.0,10.69501,10.664005,10.653003333333334,4,15,3,10.697252255626747,10.66901637512871,99.99999844444447,0.019960234800867838,0.011555747408859842,10.739512001420396,10.588497998579603,0.001478550637009251,0.0013431868070681275,0.0023327034570510803,6822846.0,1.4831737175799418,0.0,0.0,-1,0.0,0,68.62857142857143,0.014440415383008722,0.0,-0.5497911766931346,0.0332007064050029,0.021322429534830958,0.004676619713029906,0.009416195856873921,2.236067977499173,0.0,0.0
2024-03-18,10.72,10.72,0.0,0.0,0.0,0.0,0.0,10.70001,10.668505,10.655336666666667,0,18,3,10.701388209149156,10.672305641249439,99.99999844444447,0.020711844218590514,0.013386966770805976,10.746175436700108,10.590834563299891,0.001478550637009251,0.001342272248938876,0.0023327034570510803,6822846.0,1.3259871371350094,0.0,0.0,-1,0.0,0,70.74285714285715,0.01397957418987782,0.0,-0.5095885826085302,0.0,0.021307911374613887,0.0,0.008466603951081897,0.0,0.0,0.0
2024-03-19,10.69,10.72,-0.002802430605702233,-0.002802430605702233,-0.002802430605702233,4.605170185988092,-0.002802430605702233,10.702010000000001,10.672005,10.65767,1,19,3,10.69931762566749,10.673447212781733,74.99999999999926,0.018671517190098186,0.014443876854664419,10.746724981829194,10.597285018170806,0.0018057391250095685,0.0014969457118278683,0.002331879700308606,6822746.0,0.48166499936080764,0.0,0.0,-1,0.0,0,70.85714285714286,0.007859955345873993,-0.0027985074626866733,0.17900821494766803,0.019867432107427228,0.023763276477966597,-0.002798507462686728,0.006591337099811634,-2.236067977502671,0.0,0.0
2024-03-20,10.69,10.69,0.0,0.0,0.0,-4.605170185988091,0.0,10.70401,10.675005,10.660003333333332,2,20,3,10.697623511909764,10.674515134537751,74.99999999999926,0.016860189550223836,0.014927139393776302,10.747405944311437,10.602604055688564,0.0018057391250095685,0.0014914814660097852,0.002331879700308606,6822746.0,0.4142211166610562,0.0,0.0,-1,0.0,0,69.62857142857145,0.006042982669193708,0.0,-0.46037089194210395,0.019867432107427228,0.023676534264743563,-0.002798507462686728,0.005644402634054524,-2.236067977502671,0.0,0.0
2024-03-21,10.69,10.69,0.0,0.0,0.0,4.605170185988092,0.0,10.706010000000001,10.678005,10.65967,3,21,3,10.696237418835262,10.675514158115961,62.49999999999944,0.0152489192961891,0.014991495374258862,10.74746670395359,10.608543296046411,0.0018057391250095685,0.0014914814660097852,0.0018790542955470803,6822746.0,0.34537016275941995,0.0,0.0,-1,0.0,0,71.37142857142858,0.005545996443646838,0.0,0.2190911888849248,0.019867432107427228,0.023676534264743563,-0.002798507462686728,0.005644402634054524,-2.236067977502671,0.0,0.0
2024-03-22,10.69,10.69,0.0,0.0,0.0,-2.995732273553991,0.0,10.708,10.681004999999999,10.662003333333333,4,22,3,10.695103342683394,10.676448728560093,62.49999999999944,0.013812751213441388,0.014755746542095369,10.746824225317532,10.615185774682466,0.0018058449975480082,0.0014914814660097852,0.001246672406922393,6822746.0,0.27332439592248897,0.0,0.0,-1,0.0,0,69.51428571428572,-0.004987151957633822,0.0,-0.4138604466900287,0.019867432107427228,0.023676534264743563,-0.002798507462686728,0.005644402634054524,-2.236067977502671,0.0,0.0
2024-03-25,10.72,10.69,0.0028024306057021155,0.0028024306057021155,0.0028024306057021155,4.955827057601261,0.0028024306057021155,10.708,10.685505000000001,10.665336666666667,0,25,3,10.699630007650049,10.679258488007829,72.72727272727244,0.014923300422532648,0.014789257318182826,10.748903338848667,10.622106661151335,0.0013210812234632483,0.0015921185819979245,0.001331983689138313,6823456.0,1.0881988590376381,0.0,0.0,-1,0.0,0,67.42857142857143,-0.01414640786932866,0.0028063610851263928,2.9746376359025706,0.03145726523469234,0.025274098954147835,0.0,0.008466603951081897,0.005944839437003204,0.0,0.0
2024-03-26,10.72,10.72,0.0,0.0,0.0,-6.565264970035361,0.0,10.708,10.690005000000001,10.668669999999999,1,26,3,10.703333642622766,10.681886972652485,72.72727272727244,0.015623322732531975,0.014956070401052656,10.749469291809042,10.63054070819096,0.0013210812234632483,0.0015921185819979245,0.001331983689138313,6823456.0,1.0088407374403277,0.0,0.0,-1,0.0,0,67.91428571428573,0.0011827603979619006,0.0,-0.4898684566722509,0.019923187295754145,0.025274098954147835,0.00280636108512633,0.008466603951081897,2.236067977496935,0.0,0.0
2024-03-27,10.72,10.72,0.0,0.0,0.0,0.0,0.0,10.708,10.694505000000001,10.672003333333333,2,27,3,10.706363889418627,10.684345877642649,72.72727272727244,0.015993729696406334,0.015163602260123393,10.748190457212749,10.640819542787254,0.0013210812234632483,0.0015921185819979245,0.001331983689138313,6823456.0,0.9497916688672916,0.0,0.0,-1,0.0,0,69.77142857142859,0.028024624678868813,0.0,-0.494754925067984,0.019923187295754145,0.025274098954147835,0.00280636108512633,0.008466603951081897,2.236067977496935,0.0,0.0
2024-03-28,10.72,10.72,0.0,0.0,0.0,0.0,0.0,10.708000000000002,10.699005000000001,10.675336666666665,3,28,3,10.708843182251604,10.686646143601187,72.70245677888967,0.01610166985674688,0.015351215779448093,10.744367190380794,10.653642809619209,0.0013210812234632483,0.0015921185819979245,0.001331983689138313,6823456.0,0.9256607683075689,0.0,0.0,-1,0.0,0,68.77142857142857,0.02745571254150326,0.0,-0.494754925067984,0.019923187295754145,0.025274098954147835,0.00280636108512633,0.008466603951081897,2.236067977496935,0.0,0.0
2024-04-01,10.72,10.72,0.0,0.0,0.0,1.3862943611198906,0.0,10.708000000000002,10.701505000000001,10.67867,0,1,4,10.710871694569494,10.688798005304337,50.0,0.016002743545255882,0.015481521332609651,10.745630919108805,10.657379080891197,0.0013210812234632483,0.0013855752576902411,0.001331983689138313,6823456.0,0.8382828221388641,0.0,0.0,-1,0.0,0,71.25714285714287,0.026816632020006625,0.0,-0.40078205587096283,0.019923187295754145,0.02199532532767568,0.00280636108512633,0.004686035613870709,2.236067977496935,0.0,0.0
2024-04-02,10.72,10.72,0.0,0.0,0.0,-1.3862943611198906,0.0,10.708000000000002,10.704005,10.681669999999999,1,2,4,10.71253138646595,10.690811037220186,50.0,0.015742869728045505,0.015533791011696824,10.746240454055838,10.661769545944162,0.0013210812234632483,0.0013855752576902411,0.001327755044870371,6823456.0,0.7574205301003132,0.0,0.0,-1,0.0,0,71.14285714285715,0.026177773301564556,0.0,-0.42387886540939446,0.0,0.02199532532767568,0.0,0.004686035613870709,0.0,0.0,0.0
2024-04-03,10.72,10.72,0.0,0.0,0.0,4.543294782270004,0.0,10.711,10.706505,10.685003333333333,2,3,4,10.713889316199413,10.692694196109207,50.0,0.015359858962675332,0.015499004601892527,10.746102207508379,10.666907792491621,0.0008874492965859738,0.0013855752576902411,0.0013088579315252253,6823456.0,0.6816137222376244,0.0,0.0,-1,0.0,0,69.4,0.0255858504514087,0.0,0.12255132956666931,0.0,0.02199532532767568,0.0,0.004686035613870709,0.0,0.0,0.0
2024-04-04,10.72,10.72,0.0,0.0,0.0,-4.543294782270004,0.0,10.714,10.709005000000001,10.688003333333333,3,4,4,10.715000349617702,10.694455860876355,50.0,0.014884738175416246,0.015376151316597272,10.745052365044799,10.672957634955203,0.0008874492965859738,0.0013855752576902411,0.0013045535935695739,6823456.0,0.6100307185468454,0.0,0.0,-1,0.0,0,53.8,0.004394053078527184,0.0,-0.4310703964130847,0.0,0.02199532532767568,0.0,0.004686035613870709,0.0,0.0,0.0
2024-04-05,10.72,10.72,0.0,0.0,0.0,0.0,0.0,10.717,10.711504999999999,10.691003333333333,4,5,4,10.715909376959937,10.696103869852074,50.0,0.014342865898500534,0.015169494232977926,10.74278206239302,10.680227937606977,0.0008874492965859738,0.0013855752576902411,0.0013045535935695739,6823456.0,0.5432095823613617,0.0,0.0,-1,0.0,0,58.10000000000001,0.003450932019459347,0.0,-0.4370202983649561,0.0,0.02199532532767568,0.0,0.004686035613870709,0.0,0.0,0.0
2024-04-08,10.72,10.72,0.0,0.0,0.0,1.9459101490553132,0.0,10.72,10.714,10.694003333333335,0,8,4,10.716653126603584,10.69764555566807,50.0,0.013754870628568838,0.014886569512096109,10.738623480457331,10.68937651954267,0.0008874492965859738,0.0013856570544346842,0.0013045535935695739,6823456.0,0.48733971709625673,0.0,0.0,-1,0.0,0,64.02857142857144,0.00979472754285903,0.0,-0.3245077660326021,0.0,0.02199662381073879,0.0,0.004676619713029906,0.0,0.0,0.0
2024-04-09,10.72,10.72,0.0,0.0,0.0,-1.9459101490553135,0.0,10.72,10.714,10.697003333333333,1,9,4,10.717261649039296,10.699087777883033,99.99999533333354,0.01313743991134686,0.01453674359194626,10.738623480457331,10.68937651954267,0.0,0.000909230544409437,0.0013045535935695739,6823456.0,0.48733971709625673,0.0,0.0,-1,0.0,0,59.62857142857144,0.009084051193809242,0.0,-0.32262162891786167,0.0,0.014433587429587438,0.0,0.0,0.0,0.0,0.0
2024-04-10,10.72,10.72,0.0,0.0,0.0,0.0,0.0,10.72,10.714,10.700003333333335,2,10,4,10.71775953103215,10.700436953503482,99.99999533333354,0.012503983481483516,0.014130191569853713,10.738623480457331,10.68937651954267,0.0,0.000909230544409437,0.0013045535935695739,6823456.0,0.48733971709625673,0.0,0.0,-1,0.0,0,49.67142857142858,0.02705991890948711,0.0,-0.32262162891786167,0.0,0.014433587429587438,0.0,0.0,0.0,0.0,0.0
2024-04-11,10.72,10.72,0.0,0.0,0.0,1.3862943611198906,0.0,10.72,10.714,10.703003333333333,3,11,4,10.718166889026305,10.701699085535516,99.99999533333354,0.01186519017054799,0.01367719128999257,10.738623480457331,10.68937651954267,0.0,0.000909230544409437,0.0013045535935695739,6823456.0,0.48733971709625673,0.0,0.0,-1,0.0,0,56.65714285714286,0.015554705298934796,0.0,-0.2985004053200665,0.0,0.014433587429587438,0.0,0.0,0.0,0.0,0.0
2024-04-12,10.72,10.72,0.0,0.0,0.0,-1.3862943611198906,0.0,10.72,10.714,10.706003333333335,4,12,4,10.718500181930613,10.702879789694515,99.99999533333354,0.011229495238385567,0.01318765207967117,10.738623480457331,10.68937651954267,0.0,0.000909230544409437,0.0013045535935695739,6823456.0,0.48733971709625673,0.0,0.0,-1,0.0,0,45.01428571428572,0.015387611765239203,0.0,-0.3233149348823058,0.0,0.014433587429587438,0.0,0.0,0.0,0.0,0.0
2024-04-15,10.72,10.72,0.0,0.0,0.0,0.6931471805599453,0.0,10.72,10.714,10.70767,0,15,4,10.718772876125048,10.703984319391644,0.0,0.010603472197649566,0.01267081610326685,10.738623480457331,10.68937651954267,0.0,0.000909230544409437,0.0011271532677060287,6823456.0,0.48733971709625673,0.0,0.0,-1,0.0,0,38.4,0.010228033526857427,0.0,-0.3110814393706037,0.0,0.014433587429587438,0.0,0.0,0.0,0.0,0.0
2024-04-16,10.72,10.72,0.0,0.0,0.0,-0.6931471805599453,0.0,10.72,10.714000000000002,10.709336666666667,1,16,4,10.718995989556857,10.705017589108312,0.0,0.009992161015333068,0.012135085085680094,10.738623480457333,10.689376519542671,0.0,0.000909230544409437,0.0011271532677060287,6823456.0,0.48733971709611246,0.0,0.0,-1,0.0,0,35.11428571428572,0.024090814606804543,0.0,-0.3236630951591013,0.0,0.014433587429587438,0.0,0.0,0.0,0.0,0.0
2024-04-17,10.72,10.72,0.0,0.0,0.0,2.3978952727983707,0.0,10.72,10.715500000000002,10.711003333333334,2,17,4,10.719178536910155,10.705984196262616,0.0,0.009399342727018478,0.011587936613947771,10.737480852920127,10.693519147079877,0.0,0.000627521415575216,0.0011271532677060287,6823456.0,0.40944725997219,0.0,0.0,-1,0.0,0,31.157142857142865,0.018962529326923383,0.0,-0.2267337013029312,0.0,0.009961593647875413,0.0,0.00280636108512633,0.0,0.0,0.0
2024-04-18,10.72,10.72,0.0,0.0,0.0,-2.3978952727983707,0.0,10.72,10.717000000000002,10.712670000000001,3,18,4,10.719327893835581,10.706888441665027,0.0,0.00882776893729087,0.011035903078616393,10.735467610347277,10.698532389652728,0.0,0.000627521415575216,0.0011271532677060287,6823456.0,0.3248931446554101,0.0,0.0,-1,0.0,0,30.40000000000001,0.019052396241628446,0.0,-0.29566984885945896,0.0,0.009961593647875413,0.0,0.00280636108512633,0.0,0.0,0.0
2024-04-19,10.72,10.72,0.0,0.0,0.0,0.0,0.0,10.72,10.718500000000002,10.714336666666666,4,19,4,10.719450094956384,10.70773434865438,0.0,0.008279353359158748,0.010484593134724865,10.731916407878428,10.705083592121577,0.0,0.000627521415575216,0.0011271532677060287,6823456.0,0.2236067975259389,0.0,0.0,-1,0.0,0,27.67142857142857,0.025147188465690303,0.0,-0.2644886901415082,0.0,0.009961593647875413,0.0,0.00280636108512633,0.0,0.0,0.0
2024-04-22,10.74,10.72,0.0018639334380627327,0.0018639334380627327,0.0018639334380627327,5.3612921657094255,0.0018639334380627327,10.722000000000001,10.721,10.716666666666667,0,22,4,10.72318644132795,10.709816003579904,99.99999300000049,0.00935077302461984,0.01025782911270386,10.729944271930185,10.712055728069815,0.0005899771754043868,0.0007350259116458182,0.0011689763062602318,6823669.0,4.248529147661496,0.0,0.0,-1,0.0,0,34.17142857142857,0.01445770640024366,0.0018656716417910048,0.9866666645436283,0.013244954738286076,0.011668174616420217,0.001865671641791078,0.00467726847521055,2.2360679774900674,0.0,0.0
2024-04-23,10.75,10.74,0.0009306654929532579,0.0009306654929532579,0.0009306654929532579,2.7551249070847796,0.0009306654929532579,10.725000000000001,10.7225,10.717666666666668,1,23,4,10.728061633813777,10.712408519477975,99.99999533333354,0.010881363668218569,0.010382536023806802,10.738227950324635,10.706772049675365,0.0006294162220344849,0.0004563343211938144,0.0008261415264702204,6827018.0,3.4969591628127996,0.0,0.0,-1,0.0,0,36.57142857142857,0.00929851454458177,0.0009310986964618051,4.238803046085803,0.013241877032005007,0.007244082771493827,0.002798507462686617,0.002798507462686617,1.2602294970778347,0.0,0.0
2024-04-24,10.75,10.75,0.0,0.0,0.0,-8.116417072794205,0.0,10.728,10.724,10.718666666666667,2,24,4,10.732050427665817,10.714833776285849,99.99999533333354,0.011956540227526347,0.01069733686455071,10.743894458375294,10.704105541624706,0.0006294162220344849,0.0004563343211938144,0.0008261415264702204,6827018.0,2.613793199043679,0.0,0.0,-1,0.0,0,37.48571428571429,0.02384797522851311,0.0,-0.24551224392439336,0.013241877032005007,0.007244082771493827,0.002798507462686617,0.002798507462686617,1.2602294970778347,0.0,0.0
2024-04-25,10.75,10.75,0.0,0.0,0.0,0.0,0.0,10.731,10.7255,10.719666666666665,3,25,4,10.73531398627203,10.717102564912569,99.99999533333354,0.012662658156013862,0.011090401122843343,10.748418620339308,10.702581379660693,0.0006294162220344849,0.0004563343211938144,0.0008261415264702204,6827018.0,2.1379995512190857,0.0,0.0,-1,0.0,0,39.08571428571429,0.023811304262899992,0.0,-0.24685164514602126,0.013241877032005007,0.007244082771493827,0.002798507462686617,0.002798507462686617,1.2602294970778347,0.0,0.0
2024-04-26,10.75,10.75,0.0,0.0,0.0,0.0,0.0,10.734,10.727,10.720666666666666,4,26,4,10.737984170586207,10.7192249800795,99.99999533333354,0.013071580656612625,0.0114866370295972,10.752214866131853,10.701785133868148,0.0006294162220344849,0.0004563343211938144,0.0008261415264702204,6827018.0,1.82432061147805,0.0,0.0,-1,0.0,0,40.51428571428572,0.02375659273708183,0.0,-0.24685164514602126,0.013241877032005007,0.007244082771493827,0.002798507462686617,0.002798507462686617,1.2602294970778347,0.0,0.0
2024-04-29,10.76,10.75,-0.00046522447919812197,0.0009298001599665274,-0.0009306654929531506,9.80432998100291,0.0009298001599665274,10.738,10.729000000000001,10.722,0,29,4,10.741987048661443,10.721855626525985,99.99999650000012,0.014040718448745437,0.011997453313426849,10.75794641147372,10.700053588526282,0.0006518310117392915,0.00048766255267089785,0.0008398551364148178,6845130.0,2.1418889887711785,0.0,0.0,-1,0.0,0,42.42857142857143,0.052856886753415995,-0.00046511627906984016,4.176861376740289,0.00809197719813111,0.007741403028516798,0.0018621973929235924,0.003731343283581934,0.6085822666406384,0.0018587360594795144,0.0
2024-04-30,10.76,10.76,0.0013950246391647347,0.0,0.0018604656529196708,-9.80432998100291,0.0,10.742,10.731,10.723333333333334,1,30,4,10.745262130722999,10.724316553846888,99.99999650000012,0.01464000625228401,0.012525963901198282,10.762722480827295,10.699277519172705,0.0006518310117392915,0.00048766255267089785,0.0008398551364148178,6845130.0,1.8283563733797115,0.0,0.0,-1,0.0,0,40.54285714285714,0.018301182500411014,0.0,-0.2673860666439843,0.006603996036954438,0.007741403028516798,0.0009302325581395099,0.003731343283581934,2.2360679774213583,0.0,0.0
2024-05-01,10.76,10.76,0.0,0.0,0.0,5.087596335232384,0.0,10.746,10.733,10.725666666666667,2,1,5,10.747941743318817,10.726618711663217,99.99999650000012,0.014942696055596727,0.013009310332077972,10.766779470569327,10.699220529430674,0.0006518310117392915,0.00048766255267089785,0.0006342479240594176,6845130.0,1.5986040956199394,0.0,0.0,-1,0.0,0,40.51428571428572,0.04053606254927718,0.0,-0.22851690125464547,0.006603996036954438,0.007741403028516798,0.0009302325581395099,0.003731343283581934,2.2360679774213583,0.0,0.0
2024-05-02,10.76,10.76,0.0,0.0,0.0,-3.1416861861770706,0.0,10.75,10.735000000000001,10.728000000000002,3,2,5,10.750134153624487,10.728772343168815,99.99999650000012,0.015009559051863519,0.013409360076035083,10.77024351377947,10.699756486220533,0.0006518310117392915,0.00048766255267089785,0.0006342479240594176,6845130.0,1.4187007661286393,0.0,0.0,-1,0.0,0,42.22857142857144,0.040732410397305074,0.0,-0.2666372091103919,0.006603996036954438,0.007741403028516798,0.0009302325581395099,0.003731343283581934,2.2360679774213583,0.0,0.0
2024-05-03,10.76,10.76,0.0,0.0,0.0,2.005333569526114,0.0,10.754000000000001,10.737,10.730333333333334,4,3,5,10.75192794387458,10.730787030706312,99.99999650000012,0.014890895484242606,0.013705667157676588,10.77318665064049,10.70081334935951,0.0006518310117392915,0.00048766255267089785,0.0006342479240594176,6845130.0,1.2711870036551423,0.0,0.0,-1,0.0,0,43.25714285714286,0.006071861367561079,0.0,-0.2562760526563305,0.006603996036954438,0.007741403028516798,0.0009302325581395099,0.003731343283581934,2.2360679774213583,0.0,0.0
2024-05-06,10.76,10.76,0.0,0.0,0.0,-2.8526314299133175,0.0,10.756,10.739,10.732666666666667,0,6,5,10.753395590442839,10.73267173840268,99.99999650000012,0.014628228637997509,0.013890179453740773,10.77564911861292,10.702350881387082,0.0003924031360785321,0.00048766255267089785,0.0006342479240594176,6845130.0,1.1460030033353357,0.0,0.0,-1,0.0,0,39.0,0.024110522691432375,0.0,-0.268251527470449,0.0,0.007741403028516798,0.0,0.003731343283581934,0.0,0.0,0.0
2024-05-07,10.76,10.76,0.0,0.0,0.0,-1.0986122886681098,0.0,10.757,10.741000000000001,10.734,1,7,5,10.754596392180504,10.73443485205412,99.99999650000012,0.014255732064578197,0.013963289975908259,10.77764911861293,10.704350881387073,0.00029416536373624104,0.00048766255267089785,0.0004047131686195534,6845130.0,1.0368598601602472,0.0,0.0,-1,0.0,0,37.17142857142858,0.017872265162688444,0.0,-0.2687556781346949,0.0,0.007741403028516798,0.0,0.003731343283581934,0.0,0.0,0.0
2024-05-08,11.03,10.76,0.023876248991130094,0.024783278531772743,0.023876248991130094,5.488937726156687,0.024783278531772743,10.785,10.756499999999999,10.744333333333335,2,8,5,10.804669775420413,10.753503571276434,99.9999995483871,0.03533989307327268,0.018238610595381143,10.889999457914744,10.623000542085254,0.007907803991069322,0.00558823500642691,0.004575731288800645,6845372.0,4.097394914886669,0.0,0.0,-1,0.0,0,38.17142857142857,-0.0985008817498417,0.02416356877323418,-0.21272720570982492,0.1781421793424051,0.08871048056874623,0.025092936802973975,0.02891791044776104,2.2360679774997863,0.0009066183136899172,0.0
2024-05-09,11.03,11.03,0.0009070295406426232,0.0,0.0009070295406426232,-3.5430275771013733,0.0,10.812999999999999,10.772,10.754666666666667,3,9,5,10.845638907162156,10.771342050548922,99.9999995483871,0.05145608881429098,0.024882106239163114,10.951660498544394,10.592339501455607,0.007907803991069322,0.00558823500642691,0.004575731288800645,6845372.0,2.8720837589822024,0.0,0.0,-1,0.0,0,42.22857142857144,-0.098995432940617,0.0,-0.27049643396189543,0.1781421793424051,0.08871048056874623,0.025092936802973975,0.02891791044776104,2.2360679774997863,0.0,0.0
2024-05-10,11.03,11.03,0.0,0.0,0.0,-0.8472978603872037,0.0,10.841,10.7875,10.765000000000002,4,10,5,10.879159105859946,10.788029660190928,99.99999951724138,0.06349634372461388,0.03260495373625327,10.998948637536808,10.576051362463192,0.007907803991069322,0.00558823500642691,0.004575731288800645,6845372.0,2.2937012299999866,0.0,0.0,-1,0.0,0,46.02857142857143,-0.12136571221993317,0.0,-0.271518786997153,0.1781421793424051,0.08871048056874623,0.025092936802973975,0.02891791044776104,2.2360679774997863,0.0,0.0
2024-05-13,11.03,11.03,0.0,0.0,0.0,1.0986122886681098,0.0,10.868,10.803,10.775333333333332,0,13,5,10.90658472297632,10.803640649856028,99.9999995,0.07220598681703727,0.04052516035241007,11.037776489454096,10.568223510545906,0.00793508334800614,0.00558823500642691,0.004575731288800645,6845372.0,1.9337541039805297,0.0,0.0,-1,0.0,0,48.114285714285714,-0.10736443546330666,0.0,-0.2701374168863459,0.1781421793424051,0.08871048056874623,0.025092936802973975,0.02891791044776104,2.2360679774997863,0.0,0.0
2024-05-14,11.03,11.03,0.0,0.0,0.0,-2.1972245773362196,0.0,10.895,10.818499999999998,10.785666666666668,1,14,5,10.929023864253352,10.818244478897574,99.9999995,0.07820692101403992,0.048061512484736044,11.070504594779276,10.56649540522072,0.00793508334800614,0.00558823500642691,0.004575731288800645,6845372.0,1.6785408233151213,0.0,0.0,-1,0.0,0,55.285714285714285,-0.10929930259287052,0.0,-0.2721160085921244,0.1781421793424051,0.08871048056874623,0.025092936802973975,0.02891791044776104,2.2360679774997863,0.0,0.0
2024-05-15,11.03,11.03,0.0,0.0,0.0,0.0,0.0,10.921999999999999,10.834,10.796,2,15,5,10.947383161661833,10.83190612542031,99.9999995,0.08201726067249915,0.05485266212228866,11.098328344459329,10.56967165554067,0.00793508334800614,0.00558823500642691,0.004575731288800645,6845372.0,1.4830040297109084,0.0,0.0,-1,0.0,0,59.371428571428574,-0.130632729336205,0.0,-0.2719836496592681,0.0,0.08871048056874623,0.0,0.02891791044776104,0.0,0.0,0.0
2024-05-16,11.04,11.03,0.0009062075835380904,0.0009062075835380904,0.0009062075835380904,5.501258210544727,0.0009062075835380904,10.95,10.849999999999998,10.806666666666667,3,16,5,10.964222586814227,10.845331536683517,99.99999951724138,0.08486562068214809,0.06085525383426055,11.123842059743595,10.576157940256401,0.00790836229385858,0.005579601144344044,0.004572160260027003,6845617.0,1.387661195492769,0.0,0.0,-1,0.0,0,62.31428571428573,-0.11536255226211235,0.0009066183136899172,-0.21521786434345716,0.006436351531936678,0.08857342225719446,0.0009066183136898776,0.02985074626865658,2.2360679774150682,0.0,0.0
2024-05-17,10.87,11.04,-0.00453927243341911,-0.0036297680505786127,-0.01551833971583119,1.8350274494765706,-0.01551833971583119,10.960999999999999,10.857499999999998,10.811666666666667,4,17,5,10.947091207393457,10.846923050445872,62.22222222222218,0.07256885863065143,0.06319797479353872,11.124481174184302,10.590518825815694,0.009754512740106077,0.006737722624037674,0.005464502207482534,6844082.0,0.09363956120270886,0.0,0.0,-1,0.0,0,62.8,-0.09813861089624139,-0.004528985507246281,0.0832198773383868,0.11110287265265276,0.10695803079682338,-0.01450589301903904,0.01399253731343264,-2.2181593642823825,0.011959521619135308,0.0
2024-05-20,11.0225,10.87,0.002952869834425685,0.0020433654515852346,0.013931937116837798,-2.644937777792154,0.013931937116837798,10.98725,10.871625,10.82175,0,20,5,10.960801896958282,10.858250595578397,71.78423236514529,0.07427288997343062,0.06541295782951712,11.142298015979355,10.600951984020645,0.010560682211563237,0.0073665657353290444,0.005996625876932122,6844191.0,1.1148137501191338,0.0,0.0,-1,0.0,0,60.42857142857143,-0.10188048313450843,0.014029438822447253,-0.2666628588936009,0.1654912105583764,0.11694060571374186,-0.0006799637352673527,0.026303538175046715,-0.28262532865687984,0.0,0.0
2024-05-21,11.0225,11.0225,0.0,0.0,0.0,-4.6913478822291435,0.0,11.013499999999999,10.885250000000001,10.831833333333332,1,21,5,10.972019733874957,10.868847331347533,71.78423236514529,0.07476154256423229,0.06728267477646016,11.15757382040195,10.612926179598052,0.010560682211563237,0.007372123444619232,0.005996625876932122,6844191.0,1.0079911466974818,0.0,0.0,-1,0.0,0,59.42857142857143,-0.10412927131828456,0.0,-0.2535764983603741,0.1654912105583764,0.11702883161358803,-0.0006799637352673527,0.025348837209302477,-0.28262532865687984,0.0,0.0
2024-05-22,11.0225,11.0225,0.0,0.0,0.0,4.634728988229636,0.0,11.01275,10.898875,10.841916666666666,2,22,5,10.98119796407951,10.878760406744467,71.78423236514529,0.0742924066446129,0.0686846211500907,11.169971579217778,10.627778420782223,0.006950148558178916,0.007372123444619232,0.005996625876932122,6844191.0,0.9120365912156316,0.0,0.0,-1,0.0,0,58.51428571428572,-0.1039226865889305,0.0,-0.2296440759919072,0.1654912105583764,0.11702883161358803,-0.0006799637352673527,0.025348837209302477,-0.28262532865687984,0.0,0.0
2024-05-23,11.015,11.0225,-0.0006806579956491853,-0.0006806579956491853,-0.0006806579956491853,1.1552311826676176,-0.0006806579956491853,11.01125,10.912125,10.851750000000001,3,23,5,10.987343788792327,10.887550057922244,70.90163934426232,0.07247992230138145,0.06944368138034886,11.178446308712076,10.645803691287924,0.006952975608688624,0.007379897747525687,0.006001609055542708,6843864.0,0.7725630404679408,0.0,0.0,-1,0.0,0,52.37142857142857,-0.10019564683252602,-0.0006804264005443668,-0.17834877672136978,0.16527096760727858,0.11715224484623224,-0.0022644927536230597,0.02465116279069779,-0.13170311628739445,0.0,0.0
2024-05-24,11.015,11.015,0.0,0.0,0.0,-3.0819099697950434,0.0,11.00975,10.925374999999999,10.861583333333332,4,24,5,10.992372190830086,10.895772634830488,70.90163934426232,0.07023390269000274,0.06960172564227964,11.183991129875945,10.666758870124053,0.006952975608688624,0.007379897747525687,0.006001609055542708,6843864.0,0.6931122203630021,0.0,0.0,-1,0.0,0,51.74285714285714,-0.09910998971996961,0.0,-0.2559396899470039,0.10091521766103285,0.11715224484623224,0.013339466421343316,0.02465116279069779,2.2238772683011288,0.0,0.0
2024-05-28,11.015,11.015,0.0,0.0,0.0,-2.70805020110221,0.0,11.00825,10.938125,10.871416666666669,1,28,5,10.996486337951886,10.903464722905941,70.90163934426232,0.06767381435983566,0.06921614338579084,11.187386408967448,10.68886359103255,0.006952975608688624,0.007384909104219077,0.006001609055542708,6843864.0,0.6168223177302212,0.0,0.0,-1,0.0,0,54.68571428571428,-0.09833089794810966,0.0,-0.4115335666238644,0.004830548246585553,0.11723179766748273,-0.0006804264005443317,0.023698884758364347,-2.236067977700198,0.0,0.0
2024-05-29,11.015,11.015,0.0,0.0,0.0,0.0,0.0,11.00675,10.950875,10.88125,2,29,5,10.99985245832427,10.91066054723459,47.79411764705901,0.06489683558993242,0.06835228182661916,11.187541960094649,10.714208039905351,0.006952975608688624,0.007384909104219077,0.006001609055542708,6843864.0,0.541900736582372,0.0,0.0,-1,0.0,0,49.971428571428575,-0.09692091849287596,0.0,-0.4087894984808093,0.004830548246585553,0.11723179766748273,-0.0006804264005443317,0.023698884758364347,-2.236067977700198,0.0,0.0
2024-05-30,11.015,11.015,0.0,0.0,0.0,0.6931471805599453,0.0,11.00525,10.963625,10.891083333333334,3,30,5,11.002606556810765,10.917392124832359,47.79411764705901,0.06198157489453848,0.06707814044020302,11.183902785153261,10.74334721484674,0.006952975608688624,0.007384909104219077,0.006001609055542708,6843864.0,0.4664564787071521,0.0,0.0,-1,0.0,0,45.08571428571429,-0.09515935706431411,0.0,-0.38104476471838206,0.004830548246585553,0.11723179766748273,-0.0006804264005443317,0.023698884758364347,-2.236067977700198,0.0,0.0
2024-05-31,11.0,11.015,-0.0022722118387764507,-0.0013627074559359016,-0.0022722118387764507,7.824245990858959,-0.0013627074559359016,11.00125,10.975624999999999,10.900416666666667,4,31,5,11.002132637390625,10.922721665165755,45.77464788732406,0.05779461480675785,0.06522143531351399,11.174284156664793,10.776965843335205,0.006952970847447471,0.007402787355424605,0.0060139645569942755,6838863.0,0.24539518247457345,0.0,0.0,-1,0.0,0,48.42857142857144,-0.0906548290917506,-0.002269632319564263,4.0515661678971595,0.00966767463421148,0.11751560610688214,-0.001361779391738538,0.02230483271375472,-2.2360679775247907,0.0009090909090908897,0.0
2024-06-03,11.08,11.0,0.0027260353092384017,0.007246408520767253,0.0027260353092384017,-2.758491397541623,0.007246408520767253,11.022250000000001,10.991625,10.912416666666667,0,3,6,11.016290339683238,10.9328686545099,55.74712643678166,0.060237371264403095,0.0642246225036918,11.167388559783664,10.815861440216338,0.004886950102826995,0.0075220520604876075,0.00612298071788978,6839180.0,1.0056123135964585,0.0,0.0,-1,0.0,0,45.48571428571429,-0.10890321822393842,0.0018181818181817794,-0.06959347309103822,0.05485276729452833,0.11940887460558716,0.0059010440308668866,0.029739776951672958,2.0653778386820556,0.005415162454873691,0.0
2024-06-04,11.0,11.08,0.006331997637507326,0.000902120043137929,-0.001816530926397894,0.6947232250154111,-0.007246408520767198,11.02,11.003625000000001,10.921083333333334,1,4,6,11.01332845974083,10.937199709057648,47.08737864077678,0.05508297964273545,0.062396293931500535,11.141489111205042,10.865760888794961,0.0034471505842922777,0.007766762149947131,0.0063067561281544395,6838545.0,-0.05258801537711283,0.0,0.0,-1,0.0,0,47.62857142857143,-0.08795640583308922,0.0009025270758122551,0.18266389063613037,0.08192526380375462,0.12329352684569676,-0.001361779391738538,0.02230483271375472,0.27138763058159104,0.008181818181818169,0.0
2024-06-05,11.225,11.0,0.01209963226604239,0.01209963226604239,0.020248160829947494,-1.5938125945310195,0.020248160829947494,11.04025,11.026875,10.936916666666667,2,5,6,11.051814194333407,10.955767469763607,63.17567567567566,0.06836563031358978,0.06359016120791838,11.147507925157473,10.906242074842528,0.007390946962431293,0.00887719632944194,0.007254974502751516,6838674.0,3.284758282058896,0.0,0.0,-1,0.0,0,51.142857142857146,-0.11304366452893946,0.020454545454545423,-0.26946654790697133,0.16874061225622106,0.1409211229631927,0.01906491148433953,0.04321561338289959,1.072425562030951,0.0,0.0
2024-06-06,11.225,11.225,0.0,0.0,0.0,-0.8524792191292012,0.0,11.060500000000001,11.036624999999999,10.95275,3,6,6,11.083302522636423,10.97313731042402,62.67123287671233,0.07799316995242478,0.06647076295681967,11.18633766339031,10.886912336609688,0.007390946962431293,0.007049778552803019,0.007254974502751516,6838674.0,2.516487192655105,0.0,0.0,-1,0.0,0,45.31428571428571,-0.11086933567473022,0.0,-0.32585461208902566,0.16874061225622106,0.11191176509276173,0.01906491148433953,0.017679057116953834,1.072425562030951,0.0,0.0
2024-06-07,10.96,11.225,-0.02389115210844845,-0.02389115210844845,-0.02389115210844845,1.452252328911688,-0.02389115210844845,11.055,11.033125000000002,10.959750000000001,4,7,6,11.060883882157071,10.972289742009568,55.454545454545546,0.06350770192071487,0.06587815074959871,11.186712580022977,10.879537419977027,0.01095756391293881,0.008933260591440189,0.00857915660075709,6838439.0,-0.9522254337110104,0.0,0.0,-1,0.0,0,43.4,-0.038892390991483755,-0.023608017817371832,-0.1778037674716828,0.2607031902871232,0.14181111553130712,-0.0036363636363635488,-0.006346328195829476,-0.2429829317526717,0.0,0.0
2024-06-10,10.96,10.96,0.0,0.0018231545615149567,-0.0009128252573598002,1.2521548809120209,0.0,11.0495,11.029625,10.96675,0,10,6,11.042541358128512,10.971496855428306,45.353159851301115,0.05143495401073572,0.06298951140182613,11.186664007894441,10.872585992105558,0.01095756391293881,0.008933260591440189,0.00857915660075709,6838439.0,-0.8867223619598933,0.0,0.0,-1,0.0,0,44.74285714285715,-0.037815828488407054,0.0,0.305203847099743,0.2517918863518637,0.14181111553130712,-0.010830324909747224,-0.006346328195829476,0.13910103232984436,0.002737226277372366,0.0
2024-06-11,10.96,10.96,0.0,-0.0018231545615150252,0.0009128252573596817,-2.7997173896280336,0.0,11.044,11.026125,10.973416666666669,1,11,6,11.02753383846878,10.970755122820028,45.353159851301115,0.04139009506119784,0.05866962813370047,11.18621933896578,10.866030661034221,0.01095756391293881,0.008933260591440189,0.008579904220308942,6838439.0,-0.8260754306138689,0.0,0.0,-1,0.0,0,44.4,-0.03732408375022307,0.0,-0.3801448339275638,0.247680232594396,0.14181111553130712,-0.0036363636363635488,-0.006346328195829476,-0.30234643991699306,0.0,0.0
2024-06-12,11.08,10.96,0.010889399799268097,0.010889399799268097,0.010889399799268097,1.801709800081223,0.010889399799268097,11.0505,11.028625000000002,10.984083333333333,2,12,6,11.037073140565365,10.977803179412286,53.62776025236589,0.04262115890345619,0.05545993428765162,11.190525513638036,10.866724486361967,0.011538712419421768,0.009280091688408123,0.008781811571684315,6838742.0,0.6346490056833173,0.0,0.0,-1,0.0,0,46.57142857142857,-0.05903665837732459,0.010948905109488979,-0.17014716004272068,0.20160725009647126,0.14731688850843241,-0.012917594654788367,0.004533091568449832,-1.3961275839575047,0.0,0.0
2024-06-13,11.08,11.08,0.0,0.0,0.0,-1.5548497221496973,0.0,11.057,11.031125,10.99475,3,13,6,11.044878024098935,10.98439652267601,54.14012738853501,0.043099956399203165,0.052987938709961935,11.194650911355605,10.867599088644393,0.011538712419421768,0.009280091688408123,0.008781811571684315,6838742.0,0.5977645939390793,0.0,0.0,-1,0.0,0,44.57142857142858,-0.05776885833423191,0.0,-0.38599106358880425,0.20160725009647126,0.14731688850843241,-0.012917594654788367,0.004533091568449832,-1.3961275839575047,0.0,0.0
2024-06-14,11.08,11.08,0.0,0.0,0.0,-3.4657359027997265,0.0,11.065000000000001,11.033125000000002,11.005416666666665,4,14,6,11.051263837899128,10.990564488954977,54.14012738853501,0.04298391504801735,0.050987133977573026,11.198080137443164,10.86816986255684,0.011520370973777203,0.009279017946121118,0.008781811571684315,6838742.0,0.5683363455854737,0.0,0.0,-1,0.0,0,41.11428571428572,-0.05380902276018747,0.0,-0.4287860871530879,0.07772951539838842,0.14729984337805088,0.010948905109488871,0.0036231884057971175,2.23606797749974,0.0,0.0
2024-06-17,11.08,11.08,0.0,0.0,0.0,0.4054651081081644,0.0,11.065000000000001,11.043625,11.016083333333334,0,17,6,11.05648859464474,10.996334521925624,54.14012738853501,0.042403154273747745,0.04927033803680798,11.190616541111623,10.896633458888378,0.011292592944039654,0.008522726316912872,0.008781811571684315,6838742.0,0.49492643896259136,0.0,0.0,-1,0.0,0,43.285714285714285,-0.05230497686497232,0.0,-0.36752838688731093,0.07772951539838842,0.13529408596090153,0.010948905109488871,0.01931922723091084,2.23606797749974,0.0,0.0
2024-06-18,11.08,11.08,0.0,0.0,0.0,-0.40546510810816444,0.0,11.073,11.0465,11.02675,1,18,6,11.060763395618423,11.001732294704617,54.14012738853501,0.04146491544178588,0.04770925351780356,11.194000223016612,10.898999776983388,0.011002669276857986,0.007951370757941128,0.008781811571684315,6838742.0,0.4542366013402879,0.0,0.0,-1,0.0,0,41.28571428571429,-0.05046368553244569,0.0,-0.3630000783093945,0.07772951539838842,0.12622409764550033,0.010948905109488871,0.0052166024041733206,2.23606797749974,0.0,0.0
2024-06-20,11.08,11.08,0.0,0.0,0.0,3.258096538021482,0.0,11.058499999999999,11.049375000000001,11.037416666666667,3,20,6,11.064260960051435,11.006781824078512,54.14012738853501,0.040257293388918924,0.046218861492026635,11.197146828026767,10.901603171973235,0.00857121613895957,0.007951370757941128,0.008781811571684315,6838742.0,0.41449037220344254,0.0,0.0,-1,0.0,0,38.71428571428572,-0.048478176057308114,0.0,-0.3203501229769154,0.0,0.12622409764550033,0.0,0.0052166024041733206,0.0,0.0,0.0
2024-06-21,11.08,11.08,0.0,0.0,0.0,-3.258096538021482,0.0,11.044,11.05225,11.039083333333334,4,21,6,11.067122603678445,11.01150557736377,55.19480519480521,0.03885237818067111,0.04474556482975553,11.20005766307481,10.904442336925191,0.00857121613895957,0.007951370757941128,0.0075126508723689705,6838742.0,0.3754879743407376,0.0,0.0,-1,0.0,0,39.05714285714286,-0.046562149841689396,0.0,-0.3604883287574461,0.0,0.12622409764550033,0.0,0.0052166024041733206,0.0,0.0,0.0
2024-06-24,11.08,11.08,0.0,0.0,0.0,2.3978952727983707,0.0,11.056000000000001,11.0555,11.040750000000001,0,24,6,11.069463948464183,11.01592457237256,50.0,0.03730889899266465,0.04325823166233735,11.20271627484564,10.90828372515436,0.0034623478031039815,0.007948453920727136,0.0075126508723689705,6838742.0,0.33284363465504846,0.0,0.0,-1,0.0,0,37.77142857142858,-0.04471778355517516,0.0,-0.32769016477993834,0.0,0.12617779429020184,0.0,0.0059010440308668866,0.0,0.0,0.0
2024-06-25,11.08,11.08,0.0,0.0,0.0,-2.3978952727983707,0.0,11.068000000000001,11.05875,11.042416666666666,1,25,6,11.071379594197968,11.02005847092917,56.55737704918036,0.03567444778846962,0.04174147488756381,11.205068865929164,10.912431134070836,0.0034623478031039815,0.007948453920727136,0.0075126508723689705,6838742.0,0.2904615186163048,0.0,0.0,-1,0.0,0,37.285714285714285,-0.05184361295068549,0.0,-0.3450568785106968,0.0,0.12617779429020184,0.0,0.0059010440308668866,0.0,0.0,0.0
2024-06-26,11.08,11.08,0.0,0.0,0.0,0.0,0.0,11.08,11.062000000000001,11.044083333333333,2,26,6,11.072946940707428,11.023925666353096,31.16883116883112,0.03398734843716689,0.04019064959748443,11.207109758823263,10.91689024117674,0.0034623478031039815,0.007948453920727136,0.0075126508723689705,6838742.0,0.2480880699680893,0.0,0.0,-1,0.0,0,40.88571428571429,-0.05028312087953853,0.0,-0.34515831085545096,0.0,0.12617779429020184,0.0,0.0059010440308668866,0.0,0.0,0.0
2024-06-27,10.95,11.08,-0.0036166404701885504,-0.0036166404701885504,-0.01180222505662798,5.303304908059076,-0.01180222505662798,11.066999999999998,11.05875,11.041416666666667,3,27,6,11.050592951487895,11.019156268523865,23.300970873786312,0.021907856370619427,0.03653409095211143,11.21102658354198,10.90647341645802,0.0037102535723997168,0.008394131471448409,0.0078212979757112,6838340.0,-1.4283220370520031,0.0,0.0,-1,0.0,0,45.51428571428571,-0.028850521434517558,-0.003610108303249181,-0.0028026572187832047,0.08329498611584381,0.13325270607499903,-0.011732851985559622,-0.005901044030867109,-2.236067977499829,0.008219178082191768,0.0
2024-06-28,11.04,10.95,0.0,0.0,0.008185584586439502,-1.3912819026309298,0.008185584586439502,11.062999999999999,11.059999999999999,11.04175,4,28,6,11.048666960308278,11.020501025393294,61.76470588235269,0.019373691858419306,0.03310201113337301,11.211170868818792,10.908829131181205,0.004760720225996518,0.008606169483026057,0.007971528154667994,6838440.0,-0.2646012443571172,0.0,0.0,-1,0.0,0,44.31428571428571,-0.04151288388936965,0.008219178082191768,-0.2806879625496456,0.11301755598899477,0.13661870515776156,-0.0036101083032491488,0.002269632319564119,-0.7282776545051622,0.0,0.0
2024-07-01,11.04,11.04,0.0,0.0,0.0,-4.605170185988091,0.0,11.059,11.062000000000001,11.04175,0,1,7,11.047091149343137,11.021759023755019,61.76470588235269,0.017167452518563664,0.02991509941041114,11.210869423534989,10.913130576465013,0.004760720225996518,0.008598974716713873,0.007969930122624466,6838440.0,-0.29556102895543707,0.0,0.0,-1,0.0,0,47.94285714285714,-0.040591492162414824,0.0,-0.6917504804048805,0.11301755598899477,0.13650449178334198,-0.0036101083032491488,0.0036363636363636598,-0.7282776545051622,0.0,0.0
2024-07-02,11.04,11.04,0.0,0.0,0.0,0.0,0.0,11.055,11.059999999999999,11.047416666666665,1,2,7,11.045801849462567,11.022935860932115,61.76470588235269,0.015243276938694095,0.026980734916067735,11.208925979496199,10.911074020503799,0.004760720225996518,0.008437135842650087,0.007418771889342238,6838440.0,-0.2685898063945245,0.0,0.0,-1,0.0,0,49.74285714285714,-0.03626070916552451,0.0,-0.620436790803143,0.11301755598899477,0.1339353793039291,-0.0036101083032491488,-0.0036101083032491488,-0.7282776545051622,0.0,0.0
2024-07-03,11.04,11.04,0.0,0.0,0.0,0.0,0.0,11.050999999999998,11.062,11.048,2,3,7,11.0447469677421,11.024036773130044,40.90909090909072,0.013562019411004655,0.02429699181505512,11.208589293787485,10.915410706212514,0.004760720225996518,0.008271394871344038,0.006967873461444209,6838440.0,-0.30015834624177035,0.0,0.0,-1,0.0,0,48.371428571428574,-0.03528119787702291,0.0,-0.5579306409694551,0.11301755598899477,0.13130432295114852,-0.0036101083032491488,0.0036363636363636598,-0.7282776545051622,0.0,0.0
2024-07-05,10.95,11.04,-0.008185584586439405,-0.005640879890085617,-0.008185584586439405,6.860663671448287,-0.008185584586439405,11.038,11.04825,11.045583333333333,4,5,7,11.027520246334443,11.019260207121656,29.03225806451603,0.0049107547450262246,0.020419744401049343,11.18144060343201,10.915059396567989,0.005354784392824913,0.006955892945465866,0.007128076875449762,6837486.0,-1.4753293020427412,0.0,0.0,-1,0.0,0,49.71428571428572,-0.06041999612597767,-0.008152173913043466,2.9020588416738353,0.09188444692353488,0.11042137728054752,0.0,-0.024498886414253906,0.01736390776929508,0.0025479452054795165,0.0
2024-07-08,10.95,10.95,0.0,-0.0025447046963537143,0.0,1.527103972527493,0.0,11.025,11.0345,11.043166666666666,0,8,7,11.013425656091815,11.014791806662195,29.03225806451603,-0.001923264634244859,0.015951142593990504,11.145850560703101,10.923149439296898,0.005354784392824913,0.006955892945465866,0.007128076875449762,6837486.0,-1.517729223210768,0.0,0.0,-1,0.0,0,51.057142857142864,-0.06034249509588212,0.0,4.08013481834426,0.05787469353032284,0.11042137728054752,-0.008152173913043459,-0.024498886414253906,-2.2360679774999053,0.0,0.0
2024-07-09,10.95,10.95,0.0,0.0,0.0,-8.38776764397578,0.0,11.012,11.033999999999999,11.041,1,9,7,11.001893718620575,11.010611690103346,29.03225806451603,-0.007255635776020952,0.011309786919988213,11.14683896303769,10.921161036962308,0.005354784392824913,0.004539449690300864,0.0071275626498140555,6837486.0,-1.488847428914115,0.0,0.0,-1,0.0,0,50.57142857142856,-0.06018678708592524,0.0,-0.3628060404755982,0.05787469353032284,0.07206152981775157,-0.008152173913043459,-0.0009124087591242391,-2.2360679774999053,0.0,0.0
2024-07-10,10.95,10.95,0.0,0.0,0.0,2.302585092994046,0.0,10.998999999999999,11.0335,11.038833333333335,2,10,7,10.992458497053196,11.006701258483776,29.03225806451603,-0.011350734126116535,0.006777682710767263,11.147798777450983,10.919201222549017,0.005354784392824913,0.004539449690300864,0.0071275626498140555,6837486.0,-1.461082994274536,0.0,0.0,-1,0.0,0,54.60000000000001,-0.06017327879883142,0.0,-0.3127018431821816,0.05787469353032284,0.07206152981775157,-0.008152173913043459,-0.0009124087591242391,-2.2360679774999053,0.0,0.0
2024-07-11,10.95,10.95,0.0,0.0,0.0,0.0,0.0,10.985999999999999,11.033,11.036666666666665,3,11,7,10.98473877031625,11.003043112775147,29.03225806451603,-0.014429791418915983,0.002536187884830614,11.148731085759184,10.917268914240815,0.005354784392824913,0.004539449690300864,0.0071275626498140555,6837486.0,-1.4343596529061835,0.0,0.0,-1,0.0,0,49.4,-0.05999586272043244,0.0,-0.31047943960520535,0.05787469353032284,0.07206152981775157,-0.008152173913043459,-0.0009124087591242391,-2.2360679774999053,0.0,0.0
2024-07-12,10.95,10.95,0.0,0.0,0.0,-2.3025850929940455,0.0,10.986,11.026499999999999,11.0345,4,12,7,10.978422630258748,10.999620976467074,29.03225806451603,-0.016677716176305424,-0.0013065929273965936,11.14566816954225,10.907331830457748,0.0038587905258199375,0.003733687631809061,0.0071275626498140555,6837486.0,-1.2838998919569216,0.0,0.0,-1,0.0,0,54.371428571428574,-0.060003885807677605,0.0,-0.3035181733579652,0.0,0.05927045368178682,0.0,-0.011732851985559622,0.0,0.0,0.0
2024-07-15,10.95,10.95,0.0,0.0,0.0,0.0,0.0,10.977,11.02,11.032333333333332,0,15,7,10.973254879302612,10.99641962314662,29.03225806451603,-0.01824885134319132,-0.004695044610555539,11.141048054835329,10.89895194516467,0.002577943744702443,0.003733687631809061,0.0071275626498140555,6837486.0,-1.1565654664211982,0.0,0.0,-1,0.0,0,57.74285714285715,-0.06005173462414407,0.0,-0.30101579787735444,0.0,0.05927045368178682,0.0,-0.011732851985559622,0.0,0.0,0.0
2024-07-16,10.95,10.95,0.0,0.0,0.0,0.0,0.0,10.968,11.013499999999999,11.030666666666667,1,16,7,10.969026719429408,10.993424808750065,29.03225806451603,-0.019271833581143483,-0.007610402404673128,11.134943077419416,10.892056922580581,0.002577943744702443,0.003733687631809061,0.007124063911191333,6837486.0,-1.0457574256076316,0.0,0.0,-1,0.0,0,57.02857142857143,-0.060060145126718194,0.0,-0.29995003853625984,0.0,0.05927045368178682,0.0,-0.011732851985559622,0.0,0.0,0.0
2024-07-17,10.95,10.95,0.0,0.0,0.0,0.6931471805599453,0.0,10.959,11.007000000000001,11.026333333333334,2,17,7,10.965567315896788,10.990623208185546,29.03225806451603,-0.0198536933563922,-0.010059060595016944,11.12736785722566,10.886632142774342,0.002577943744702443,0.003733687631809061,0.006985970075957809,6837486.0,-0.9470966969718815,0.0,0.0,-1,0.0,0,46.114285714285714,-0.051420679470264595,0.0,-0.2988843300812009,0.0,0.05927045368178682,0.0,-0.011732851985559622,0.0,0.0,0.0
2024-07-18,10.95,10.95,0.0,0.0,0.0,-0.6931471805599453,0.0,10.95,11.000499999999999,11.024666666666667,3,18,7,10.962736894824644,10.988002356044545,50.0,-0.020083313483935328,-0.012063911172800621,11.11828213607933,10.882717863920668,0.002577943744702443,0.003733687631809061,0.006865151289466416,6837486.0,-0.8575154379266091,0.0,0.0,-1,0.0,0,45.94285714285714,-0.05103840888794193,0.0,-0.29983946230918723,0.0,0.05927045368178682,0.0,-0.011732851985559622,0.0,0.0,0.0
2024-07-19,10.95,10.95,0.0,0.0,0.0,0.0,0.0,10.95,10.993999999999998,11.0155,4,19,7,10.960421095765616,10.985550591138447,0.0,-0.020034345623932026,-0.013657998063026904,11.10758280077564,10.880417199224356,0.0,0.003733687631809061,0.005660407610262863,6837486.0,-0.7747651880307269,0.0,0.0,-1,0.0,0,43.0,-0.05040529339698802,0.0,-0.297997701467588,0.0,0.05927045368178682,0.0,-0.011732851985559622,0.0,0.0,0.0
2024-07-22,10.95,10.95,0.0,0.0,0.0,0.0,0.0,10.95,10.9875,11.006333333333334,0,22,7,10.958526351080957,10.983257004613387,0.0,-0.01976766886041048,-0.01487993222250362,11.095081058792822,10.87991894120718,0.0,0.003733687631809061,0.005660407610262863,6837486.0,-0.6971487438549718,0.0,0.0,-1,0.0,0,48.42857142857144,-0.05004768481163806,0.0,-0.2978873360077918,0.0,0.05927045368178682,0.0,-0.011732851985559622,0.0,0.0,0.0
2024-07-23,10.95,10.95,0.0,0.0,0.0,5.703782474656201,0.0,10.95,10.980999999999998,11.006,1,23,7,10.956976105429872,10.981111391412524,0.0,-0.01933346149457016,-0.015770638076916928,11.080451125263844,10.881548874736152,0.0,0.003733687631809061,0.0036743943113606756,6837486.0,-0.6234218047861253,0.0,0.0,-1,0.0,0,46.85714285714285,-0.04963443492963323,0.0,-0.009055129596393527,0.0,0.05927045368178682,0.0,-0.011732851985559622,0.0,0.0,0.0
2024-07-24,10.98,10.95,0.0,0.0045558165358608824,0.0,4.001924646023427,0.0027359798188748455,10.953,10.975999999999999,11.006666666666666,2,24,7,10.961162268078985,10.981039688740749,25.00000000000074,-0.016379783797745517,-0.015892467221082646,11.063875510033293,10.888124489966705,0.0008663774411419492,0.003805777877233244,0.0037088936772261575,6853897.0,0.09103787843702553,0.0,0.0,-1,0.0,0,38.614285714285714,-0.0546332660769494,0.0,4.097445052445951,0.019450125314302926,0.060414850849862825,0.00273972602739736,-0.009025270758122761,2.2360679774967207,0.004553734061930848,0.0
2024-07-25,10.98,10.98,0.0027359798188748455,-0.0018198367169859828,0.0027359798188748455,-5.611362558457527,0.0,10.956,10.971,11.007333333333332,3,25,7,10.964587310246442,10.980972612047799,99.99999533333354,-0.01387898464726689,-0.015489770706319494,11.044096907562418,10.897903092437582,0.0008663774411419492,0.003805777877233244,0.0037088936772261575,6853897.0,0.2462484474412324,0.0,0.0,-1,0.0,0,39.07142857142857,-0.05377090693527435,0.0,-0.2875844971143427,0.019450125314302926,0.060414850849862825,0.00273972602739736,-0.009025270758122761,2.2360679774967207,0.0,0.0
2024-07-26,10.98,10.98,0.0,0.0,0.0,-4.0943445622221,0.0,10.959,10.9725,11.004,4,26,7,10.96738961747436,10.980909862883426,99.99999533333354,-0.01176150400632281,-0.014744117366320158,11.045011342128625,10.899988657871376,0.0008663774411419492,0.00272536853945023,0.0030879235701029785,6853897.0,0.2068641892380464,0.0,0.0,-1,0.0,0,42.54285714285714,-0.043377309085239936,0.0,-0.2978681213244698,0.019450125314302926,0.043263884318307806,0.00273972602739736,0.00273972602739736,2.2360679774967207,0.0,0.0
2024-07-29,10.95,10.98,-0.006395636236405204,-0.00273597981887486,-0.007312646846286602,7.242797922793756,-0.00273597981887486,10.959,10.968,10.999666666666666,0,29,7,10.964227868842658,10.97891567818127,50.0,-0.012361637361641087,-0.014267621365384345,11.033726706904048,10.902273293095952,0.0012897558299597002,0.002027603960945121,0.0031189813752494095,6852499.0,-0.547722557476614,0.0,0.0,-1,0.0,0,42.07142857142857,-0.037971795018189924,-0.006375227686703122,0.059276214691315506,0.030711352855327313,0.03218721502794187,0.0,-0.008152173913043459,0.005803876976980813,0.004566210045662003,0.0
2024-07-30,11.08,10.95,0.008215472953391093,0.013515557907332628,0.007312646846286557,3.4006011142782024,0.011802225056627912,10.972,10.969999999999999,10.999666666666666,1,30,7,10.985277347234902,10.985437247330866,84.21052631578912,-0.0023205835817705633,-0.01187821380866159,11.046502493942345,10.893497506057653,0.003969418163658817,0.003415770949452922,0.0038398554664542486,6894414.0,2.875723243294477,0.0,0.0,-1,0.0,0,40.8,-0.05681689105384531,0.004566210045662165,3.9329016197059774,0.08969236023358995,0.05422368280686846,0.01187214611872145,0.0036231884057971175,1.608463307672895,0.010740072202166044,0.0
2024-07-31,11.04,11.08,0.013544225107757253,0.009058764131206409,0.0054496047675644645,-1.0031611408470256,-0.0036166404701885504,10.981,10.969999999999999,10.998333333333333,2,31,7,10.99522692046492,10.988957424922424,69.56521739130397,0.0023819011013959113,-0.00902619082665009,11.046502493942345,10.893497506057653,0.0042441262705236685,0.003519937371605217,0.0038962409596649456,6879043.0,1.8300057002782908,0.0,0.0,-1,0.0,0,46.885714285714286,-0.05241274148184919,0.006317689530685946,1.1160407027924852,0.09892319702496762,0.05587727349473851,0.005464480874316724,0.0,1.8660999264790472,0.01449275362318842,0.0
2024-08-01,11.03,11.04,-0.006297816586989988,-0.01077209698191107,-0.0009062075835380977,-2.479391989560633,-0.0009062075835380977,10.989,10.9695,10.996666666666666,3,1,8,11.001549298562207,10.991605332991945,66.66666666666643,0.00524131900300695,-0.006172688860718683,11.044185304694388,10.894814695305612,0.004273302051597525,0.0035258391860588417,0.0038988421899693346,6877755.0,1.6201313028731943,0.0,0.0,-1,0.0,0,42.68571428571429,-0.05026068627521804,0.003623188405797185,-0.27819412584563996,0.09976659837969408,0.05597096189470854,0.004553734061930603,-0.0009057971014492239,1.951953476338657,0.004533091568449748,0.0
2024-08-02,11.03,11.03,-0.004522848053726713,-0.004522848053726713,0.0,-3.7935500766778247,0.0,10.997,10.973499999999998,10.995000000000001,4,2,8,11.006722153369077,10.994082408282788,66.66666666666643,0.0074218735526692114,-0.0034537763780411045,11.052246762676516,10.89475323732348,0.004273302051597525,0.002965247988847271,0.0038988421899693346,6877755.0,1.4349796253109988,0.0,0.0,-1,0.0,0,41.385714285714286,-0.049357539232512834,0.0,-0.39725152662736196,0.09976659837969408,0.04707185252474585,0.004553734061930603,0.007305936073059405,1.951953476338657,0.0,0.0
2024-08-05,11.06,11.03,-0.030375091797550668,0.002716162828777683,-0.030375091797550668,4.74493212836325,0.002716162828777683,11.008,10.979,10.994333333333334,0,5,8,11.0164090345747,10.99833515613551,70.37037037037022,0.011438867874453251,-0.0004752475275422337,11.065790734409855,10.892209265590143,0.004307644240874303,0.003009512293851287,0.003933758589383191,6881090.0,1.866558695482183,0.0,0.0,-1,0.0,0,33.05714285714286,-0.054809702799342566,-0.029918404351767913,-0.06618775129828691,0.09454774593316612,0.04777452658273228,0.010045662100456765,0.010045662100456765,1.4730297622848845,0.032549728752260504,0.0
2024-08-06,11.0211,11.06,0.03309125462632843,0.0,0.029567875787168622,-0.7917009960769845,-0.0035233788391597146,11.01511,10.982555000000001,10.99237,1,6,8,11.017261937379299,10.999803855739671,61.508578828099736,0.011352594276141659,0.0018903208331945448,11.07016496038323,10.894945039616772,0.004536626692159019,0.0031404384340492967,0.003984220737064117,6879579.0,0.8799227811859087,0.0,0.0,-1,0.0,0,19.014285714285712,-0.030899826776605552,0.0,-0.25403901570139725,0.04198156696813134,0.04985291462522134,-0.005315884476534305,0.0064931506849317255,0.5406925378738592,0.003529593234795069,0.0
2024-08-07,10.95,11.0211,-0.00453104535960025,-0.00453104535960025,-0.021191837984985896,2.365426277713689,-0.006472160992519311,11.01211,10.982555,10.988036666666666,2,7,8,11.005032494219424,10.996590703756468,50.0,0.0054838318355692195,0.0026090230336694798,11.070164960383229,10.89494503961677,0.0049773312020885765,0.0034880149217126474,0.004145561505224421,6863489.0,-0.7431803383450039,0.0,0.0,-1,0.0,0,16.557142857142857,-0.0007174758747142408,-0.0010071589950187165,1.0757428624048917,0.05550894166255108,0.05537052031280455,-0.008152173913043459,0.0,-0.3083976748756758,0.0200913242009133,0.0
2024-08-08,11.22,10.95,0.017913076304369592,0.018893949359961828,0.03729399903100568,-2.6017268178885127,0.024358443832040656,11.036109999999999,10.996055,10.992703333333335,3,8,8,11.044117495270438,11.011004206739923,70.76923076923063,0.02236176631277864,0.006559571689491311,11.132269961309953,10.859840038690047,0.009327987694864131,0.0065231131611277835,0.006173077582170157,6864682.0,3.2881116412817706,0.0,0.0,-1,0.0,0,17.65714285714286,-0.10507260102778816,0.023652968036529713,-0.36117434068818577,0.19583742731418047,0.10355121118965913,0.017225747960109006,0.024657534246575574,1.8042150985885035,0.0017825311942960204,0.0
2024-08-09,12.225,11.22,0.0009808730555921142,0.08578513526638529,0.0017841217935016136,0.30286381355884073,0.08578513526638529,11.16061,11.059805,11.035203333333332,4,9,8,11.258823405221266,11.08932651598251,88.51963746223551,0.11550132447796813,0.028347922247186675,11.624566234971738,10.495043765028264,0.029077013045111393,0.020785361257397484,0.017180590485447254,6866297.0,4.126327827930017,0.0,0.0,-1,0.0,0,24.085714285714285,-0.19289945035732511,0.0,-0.3294076599208122,0.6351571765347483,0.32995738078626324,0.10834088848594736,0.11643835616438358,1.7780782338340104,0.08220858895705514,0.0
2024-08-12,11.62,12.225,0.03846628082779593,-0.01857638557293542,-0.021622464013165657,1.73277823315535,-0.05075528393717064,11.22761,11.093304999999999,11.054536666666667,0,12,8,11.324491876999218,11.123563514951382,64.82300884955747,0.13889555011191668,0.05045744782013268,11.707925764460295,10.478684235539703,0.03476262674840049,0.024171701475231643,0.019714118619711667,6857162.0,1.713886124438034,0.0,0.0,-1,0.0,0,23.8,-0.09295141467776839,-0.04621676891615538,0.3537970377780584,0.8146535256113941,0.38371386521253614,0.05063291139240489,0.061187214611872154,0.7996074836814646,0.08777969018932871,0.0
2024-08-13,9.0,11.62,-0.016429249781067003,0.3494824733572277,-0.2714215515800008,2.246098722190143,-0.25550317408754564,11.01961,10.995805,10.986536666666666,1,13,8,10.901856990272087,10.986559417212582,29.587628865979397,-0.053361344905495045,0.029693689275007134,12.11648320156999,9.875126798430012,0.0809789077565844,0.056596351092244215,0.04596351914876059,6770829.0,-3.561780709581077,0.0,0.0,-1,0.0,0,25.514285714285712,0.10714566269954189,-0.012908777969018811,3.693317616371173,1.8844932125590128,0.8984392206226621,-0.1833845986335303,-0.17808219178082185,-1.2475680089909242,0.9611111111111111,0.0
2024-08-14,7.29,9.0,-0.5511512772776845,-0.5338060328218555,-0.4272050947445702,1.3750157012179713,-0.21072103131565253,10.64461,10.812804999999999,10.861536666666668,2,14,8,10.245155719313527,10.748071712876287,21.875000000000014,-0.3397921162734896,-0.04420347183469221,12.814211392331039,8.81139860766896,0.09729723419474876,0.06962420376458495,0.0569408734043325,6429370.0,-3.5203295177817266,0.0,0.0,-1,0.0,0,26.428571428571438,0.17483950352994063,-0.26555555555555554,4.093175427296969,2.150628082065525,1.105249970351873,-0.3342465753424657,-0.3342465753424657,-0.08945448455609355,0.6200274348422498,0.0
2024-08-15,5.74,7.29,-0.20775574534282168,-0.3265020643013631,-0.03922071315328127,-1.2460992057507583,-0.23904433568909167,10.11561,10.552305,10.684869999999998,3,15,8,9.426036497620156,10.424970312045561,17.694204685573382,-0.6839781381000005,-0.17215840508775387,13.57447062120614,7.53013937879386,0.11091971296473677,0.08194836419513432,0.06762996649600403,6331158.0,-3.1846732463850995,0.0,0.0,-1,0.0,0,32.37142857142857,0.20713890774655058,-0.2633744855967078,0.8497468149305558,2.151371829357139,1.300889952053251,-0.48841354723707664,-0.47579908675799076,1.1241604860846985,0.33972125435540074,0.0
2024-08-16,4.39,5.74,-0.03989132902730197,-0.26933293378358447,-0.2719337154836418,-0.6660069190739206,-0.26812998324439513,9.45161,10.224305,10.466203333333334,4,16,8,8.510393498052855,10.035617388687783,15.217391304347842,-1.053537236247836,-0.3484341713197703,14.303732605604566,6.144877394395434,0.12187066250059252,0.09372345542104556,0.07823978326833127,6280701.0,-2.8603547183847446,0.0,0.0,-1,0.0,0,33.74285714285715,0.22972047589192143,-0.10104529616724739,0.20731005028535743,1.211011626311607,1.48781373034641,-0.6408997955010225,-0.5990867579908676,1.9743295425880927,0.34168564920273353,0.0
2024-08-19,5.01,4.39,-0.1457878134614987,-0.027651531330510123,0.10476533857507994,-0.08055152105903664,0.13210668800969352,8.846610000000002,9.927305,10.268203333333334,0,19,8,7.873958316588699,9.711384008772441,19.405241935483872,-1.2816130284007237,-0.535069942735961,14.605279796842627,5.249330203157374,0.13905005215094496,0.10185709489678067,0.08393778325971087,6327253.0,-2.1023221430431427,0.0,0.0,-1,0.0,0,39.88571428571429,0.20323753221047156,0.01594533029612763,0.12794327040643405,2.5490064662388012,1.6169312541863274,-0.5688468158347677,-0.5424657534246575,2.1751418897838124,0.18127744510978042,0.0
2024-08-20,5.03,5.01,0.07346715188187254,0.0824840099559046,0.04580751990429444,-0.07271760837114047,0.003984069014874513,8.247499999999999,9.631305000000001,10.070869999999998,1,20,8,7.356874986299845,9.409359234012928,19.646464646464665,-1.4441041700771935,-0.7168767882042075,14.763899504464884,4.498710495535118,0.1394490470784088,0.10192876305725224,0.08397686473093964,6370540.0,-1.792974292435255,0.0,0.0,-1,0.0,0,44.68571428571429,0.2022709254257768,-0.041916167664670656,0.05845445268146348,2.6091161658682207,1.6180689509635027,-0.4411111111111111,-0.5406392694063926,0.9434701903518986,0.23061630218687856,0.0
2024-08-21,4.89,5.03,-0.03174869831458019,-0.09300646705891032,0.0,-0.8001081219694062,-0.02822768062486732,7.641499999999999,9.326805,9.86887,2,21,8,6.908352261518054,9.117787670528223,19.391824526420763,-1.566123108198905,-0.886726052203147,14.831603673109992,3.8220063268900084,0.1385962361668538,0.10159863913276634,0.08388171205528495,6351092.0,-1.611977208784416,0.0,0.0,-1,0.0,0,50.22857142857144,0.20170936448514548,-0.07554671968190853,-0.2530184820141437,2.502729698690244,1.6128283961273686,-0.32921810699588483,-0.5546448087431695,0.14118644892299842,0.1316973415132923,0.0
2024-08-22,4.3,4.89,0.02127739844728488,-0.0727982028604772,-0.10178269430994236,-0.3827660335016063,-0.12857728078726394,6.9495000000000005,8.992805,9.647203333333332,3,22,8,6.434106395787499,8.806962659526402,18.3145009416196,-1.6909399616196303,-1.0475688340864437,14.87306519563042,3.1125448043695805,0.13536871302603634,0.1030336926952427,0.08562998009434089,6337829.0,-1.596121546963922,0.0,0.0,-1,0.0,0,46.77142857142858,0.2013966568013296,-0.028629856850715684,-0.3432118352333023,2.2342600143104967,1.6356091651935871,-0.25087108013937287,-0.6083788706739527,-0.01367539367538799,0.16797674418604647,0.0
2024-08-23,3.59,4.3,-0.13262954377337788,-0.06771959744938308,-0.1681087531846529,1.5824928970339895,-0.18046282019932924,6.086,8.623305,9.40187,4,23,8,5.916996142007953,8.470384423427925,16.946902654867273,-1.8260991492100054,-1.203274897111156,14.893597325083384,2.3530126749166174,0.12273615153186883,0.10620749246797245,0.08908966165400749,6273277.0,-1.6054450858263827,0.0,0.0,-1,0.0,0,51.57142857142857,0.1884953094039036,-0.03255813953488365,0.28470382772804076,1.8931131236457908,1.6859916746521246,-0.1822323462414578,-0.6730418943533698,0.6081922783044255,0.29245125348189405,0.0
2024-08-26,2.6994,3.59,-0.12532341220669305,-0.22586464142857035,-0.35068504023051467,0.3216595290418772,-0.285122676407143,5.19394,8.210775,9.12685,0,26,8,5.331978661642871,8.098062847722897,15.759111893809106,-1.9822278671316944,-1.3590654911152638,14.907658934574147,1.5138910654258524,0.12814318746506692,0.11449169002741734,0.09714434835761535,6184233.0,-1.6459520737835414,0.0,0.0,-1,0.0,0,52.94285714285714,0.15988904099335602,0.022284122562674116,0.5480903625717473,1.625696524072068,1.8174992339762408,-0.46119760479041916,-0.7534794520547945,-0.22176010875321234,0.433429651033563,0.0
2024-08-27,2.07,2.6994,-0.22860804578628854,-0.22518923903750293,-0.2231435513142097,0.6937983318858165,-0.26548091881576685,4.50094,7.760275,8.830849999999998,1,27,8,4.7388916322532575,7.709155567224646,15.066876475216361,-2.132169992373682,-1.5136863913669476,14.84542431770741,0.67512568229259,0.12881457845697455,0.1193207256104533,0.10294659305598904,6006029.0,-1.6062540801444227,0.0,0.0,-1,0.0,0,52.28571428571429,0.14093158290843744,0.0817218641179522,1.5194112838638807,1.4231299141647282,1.8941577973262107,-0.5884691848906561,-0.8131768953068592,0.691145486028855,0.4492753623188407,0.0
2024-08-28,2.03,2.07,0.3246610756928683,0.3719165599073494,-0.1565953322230743,5.250549374279057,-0.019512814223581715,3.97494,7.309775,8.533516666666666,2,28,8,4.246365880934483,7.342758433855314,13.181089743589737,-2.2285386660832316,-1.6566568463102045,14.657776082392488,-0.03822608239248826,0.1310835321959761,0.11889075689125916,0.10269431413019334,-27972304.0,-1.4370642956630924,0.0,0.0,-1,0.0,0,51.08571428571429,0.1395840922010903,0.9516908212560388,4.24828559721908,1.4729388608571476,1.8873322555110628,-0.5848670756646217,-0.8161231884057971,0.7758112840187401,1.2511822660098524,0.0
2024-08-29,1.66,2.03,-0.7864791203521644,-0.8209805520698302,-0.30544012737348447,-3.397378216083597,-0.2012181906852441,3.5669399999999998,6.841275,8.22385,3,29,8,3.776117538946395,6.976128857477553,5.403123680878011,-2.3081604057008764,-1.786957558188339,14.382842030482594,-0.7002920304825935,0.12881819007152664,0.11995139573818482,0.10506498882912227,-29109249.0,-1.3740579322725834,0.0,0.0,-1,0.0,0,56.057142857142864,0.12107116509341255,-0.09359605911330036,-0.08870021288609882,1.4410553280192757,1.9041693752299802,-0.613953488372093,-0.8495013599274706,1.4763329839689365,0.36746987951807236,0.0
2024-08-30,1.41,1.66,-0.13353139262452263,-0.13613217432458016,0.08472039490474026,-1.1648785062876954,-0.16322789797837495,3.2689399999999997,6.360275,7.90585,4,30,8,3.34591435004705,6.617023769898356,5.570060922541344,-2.3641813081853464,-1.9024023081877406,14.003413912328927,-1.282863912328927,0.12219164944877015,0.11920141060020085,0.10594131308674061,-29463931.0,-1.2953513096601852,0.0,0.0,-1,0.0,0,60.31428571428573,0.09983975929122266,-0.03012048192771074,-0.19439810385143666,1.447562608211533,1.8922637302573801,-0.607242339832869,-0.8721668177697189,1.30099301373284,0.18482269503546098,0.0
2024-09-03,1.27,1.41,-0.13976194237515885,-0.08434114843375082,-0.0926885645539172,-0.14803855302148813,-0.10457280391957692,2.8949399999999996,5.870775,7.583183333333333,1,3,9,2.9684753773112225,6.2720544944210435,7.103218645948942,-2.39229818268816,-2.0003814830878244,13.500560794847829,-1.7590107948478275,0.08838893344775368,0.11717328295909851,0.10555221367057202,-29769808.0,-1.206003713264603,0.0,0.0,-1,0.0,0,56.34285714285714,0.09025366128163403,-0.0070921985815602905,-0.2029359093275507,1.2981966340188418,1.8600682020646628,-0.529525079647329,-0.8851717902350814,0.5279374410826296,0.19685039370078738,0.0
2024-09-04,1.31,1.27,-0.0974553361507129,-0.06899287148695156,0.015400796576022903,-0.13008636656173242,0.031010236742560218,2.5229399999999997,5.3852199999999995,7.26185,2,4,9,2.666934399618273,5.95192194639388,9.264305177111723,-2.383873532424687,-2.077079892955197,12.869579781950794,-2.099139781950795,0.09312339548351606,0.11886890452114686,0.10635728387033978,-29501242.0,-1.0889962852474726,0.0,0.0,-1,0.0,0,56.62857142857143,0.09069903984415391,0.0,-0.2097180740099229,1.4164888753682041,1.8869853598898156,-0.36714975845410625,-0.8811370915788805,0.33020903415389447,0.09969465648854949,0.0
2024-09-05,1.36,1.31,0.05365271349232022,-0.021734492146006094,0.0004725525802671011,-0.48199483993467135,0.037457562534900415,2.1699399999999995,4.9057200000000005,6.941183333333333,3,5,9,2.429309963324042,5.655668917594276,12.500000000000014,-2.346117769028238,-2.130887468169805,12.11261013874904,-2.3011701387490398,0.10237741036824387,0.12099292666599736,0.10729652975806807,-29335389.0,-0.9839805885026187,0.0,0.0,-1,0.0,0,50.62857142857143,0.08890400455299509,0.022900763358778647,-0.22433921269884663,1.625275247758753,1.9207031661366263,-0.3300492610837438,-0.8757990867579909,0.25695482933853586,0.07345588235294108,0.0
2024-09-06,1.18,1.36,0.0,7.299536482700452e-05,-0.09925495809534127,0.43196007323603336,-0.14197026127038734,1.85794,4.40372,6.614516666666666,4,6,9,2.2021626972651247,5.366916084201097,15.631691648822283,-2.304159632247222,-2.1655419009852888,11.14217661841892,-2.334736618418921,0.10251742969791687,0.11811913759256938,0.10741911417058998,-29590848.0,-0.956812570756417,0.0,0.0,-1,0.0,0,39.34285714285715,0.09571682246200208,-0.014705882352941188,-0.21426023820627788,1.4410941262535115,1.8750831788841553,-0.28915662650602414,-0.8948306595365418,0.43318147653819233,0.18644067796610186,0.0
2024-09-09,1.18,1.18,-0.1529076715876614,-0.09166718852582392,-0.043906456731637226,-0.533487195200871,0.0,1.61694,3.8514700000000004,6.287850000000001,0,9,9,2.0163149341260107,5.096792465865542,2.716049382716051,-2.2450282187322133,-2.181439164534674,9.63352276136042,-1.930582761360419,0.10693878451116023,0.11212497454770184,0.10741911417058998,-29590848.0,-0.9240559054917543,0.0,0.0,-1,0.0,0,41.971428571428575,0.09198107928873245,-0.025423728813559344,-0.22926673972507203,1.244334306168052,1.7799287904759962,-0.16312056737588654,-0.903476482617587,-0.563961128344639,0.1266101694915254,0.0
2024-09-10,1.16,1.18,0.0,-0.06613980250454507,-0.028196837169706584,0.21866345906172915,-0.017094433359300183,1.4629999999999999,3.3284700000000003,5.961516666666666,1,10,9,1.8606213097394633,4.84280585516454,2.2222222222222143,-2.174711262630913,-2.180093584153922,7.9219667655540436,-1.265026765554043,0.09564946377490487,0.11318602612972588,0.10716371740676292,-29777312.0,-0.9441478292794447,0.0,0.0,-1,0.0,0,39.6857142857143,0.0891151344197774,-0.025423728813559344,-0.22566052923942082,1.0936407833772812,1.7967724621614796,-0.08661417322834652,-0.9001721170395869,-1.6682022137719192,0.08620689655172403,0.0
2024-09-11,1.1,1.16,-0.017544309650909508,-0.008583743691391442,0.0,-0.3509133615143605,-0.05310982531394829,1.366,2.93347,5.62885,2,11,9,1.7223265261504699,4.601334509670054,2.2670025188916867,-2.0996229208121635,-2.1639994514855703,6.7697328619115265,-0.9027928619115273,0.07823892259496787,0.10984510866939064,0.10619536285714846,-29908591.0,-0.9558625495680559,0.0,0.0,-1,0.0,0,43.08571428571429,0.08769832515174697,-0.025862068965517265,-0.23327827185243175,1.0236346278220037,1.7437370416564364,-0.16030534351145032,-0.8777777777777778,-0.9450300866549163,0.08181818181818168,0.0
2024-09-12,1.13,1.1,0.008810629682154906,-0.01739174271186922,-0.018868484304382805,0.3905848746803079,0.026907452919924187,1.276,2.62547,5.298516666666667,3,12,9,1.6146307941231117,4.377377444530051,3.5190615835777095,-2.014472534249756,-2.1340940680384075,5.943085057838581,-0.692145057838581,0.08210896050876543,0.110542325257813,0.10698871291781108,-29714581.0,-0.9015331639917836,0.0,0.0,-1,0.0,0,42.97142857142857,0.08242408873273999,0.03636363636363619,-0.22395081902956185,0.9781101837761947,1.7548050118739231,-0.1691176470588237,-0.8449931412894376,-1.1550789681682752,0.07964601769911493,0.0
2024-09-13,1.23,1.13,0.01739174271186924,0.11583181552512185,0.07386984856645548,0.1177589816241533,0.08479653666007705,1.233,2.3999699999999997,4.971850000000001,4,13,9,1.544697922464364,4.174320835205532,7.857142857142847,-1.9168251084900383,-2.0906402761287337,5.4265623287798075,-0.6266223287798085,0.07957905026359838,0.11239914184291172,0.11009498254640038,-29496325.0,-0.7731269182669748,0.0,0.0,-1,0.0,0,48.62857142857143,0.08006263460517568,0.02654867256637171,-0.22157925647502474,0.8360283860751568,1.7842810613605116,0.04237288135593231,-0.7857142857142857,0.7200110147169755,0.12154471544715445,0.0
2024-09-16,1.1898,1.23,0.09059689535222665,-0.007843177461025893,0.03434373607377714,-0.8415763492712635,-0.033228943612657914,1.21098,2.23996,4.643843333333334,0,16,9,1.480171027470843,3.9817711039019494,11.284366023799748,-1.8216833919148743,-2.036848899285962,5.16007060958445,-0.6801506095844503,0.06687736317605028,0.10541080599085802,0.10959958061043565,-29590400.0,-0.7192604256517833,0.0,0.0,-1,0.0,0,50.31428571428571,0.07677906355981787,0.032520325203252064,-0.23831999844934826,0.8897006960073213,1.673344668904127,0.008305084745762636,-0.7289749430523917,1.0092062383710854,0.08404773911581787,0.0
2024-09-17,1.15,1.1898,-0.08201315166083524,-0.04016604172533476,-0.03478611608541554,-0.5343438885255106,-0.03402328339650961,1.19898,2.04696,4.31351,1,17,9,1.4201399315670533,3.7990761939727915,16.17647058823529,-1.729557165060659,-1.9753905524409017,4.693641320883355,-0.5997213208833547,0.06057430899339444,0.09478150886986889,0.1090243954177863,-29645533.0,-0.6777997735674737,0.0,0.0,-1,0.0,0,54.62857142857143,0.07228655945229172,-0.016641452344931956,-0.24353447057796712,0.9200686124323963,1.5046098081428145,-0.008620689655172376,-0.7704590818363274,1.1116837550301,0.07826086956521747,0.0
2024-09-18,1.03,1.15,-0.025975486403260677,-0.05043085362689197,-0.09265883048270471,0.8828537792306725,-0.11020314013361424,1.17098,1.84696,3.9804733333333333,2,18,9,1.3492053985548618,3.620426116942289,15.277777777777771,-1.6472410937069497,-1.9097606606941113,4.123109082527709,-0.42918908252770893,0.06570463105813226,0.09364769636254142,0.10857295937715337,-29778833.0,-0.7178440166957338,0.0,0.0,-1,0.0,0,55.17142857142858,0.06104118093110157,-0.008695652173913052,-0.233819394785147,1.1516451662623959,1.486611092576236,-0.06363636363636371,-0.7952286282306162,0.2209386344534069,0.1262135922330096,0.0
2024-09-19,1.03,1.03,-0.05406722127027559,-0.06224230887722078,-0.02955880224154439,0.10770659866095557,0.0,1.13798,1.65396,3.649806666666666,3,19,9,1.2911680533630687,3.453301851333109,20.560747663551396,-1.5639764669345912,-1.8406038219422074,3.4470115457988535,-0.1390915457988533,0.06288487113723479,0.09453524205436169,0.10870893492785581,-29778833.0,-0.6959755300531629,0.0,0.0,-1,0.0,0,63.80000000000001,0.06033222189611624,0.04854368932038839,-0.2327169763483589,1.1101586020074474,1.5007004436428153,-0.08849557522123885,-0.7893660531697342,0.5712204696624378,0.0873786407766991,0.0
2024-09-20,0.9615,1.03,-0.05715841383994864,-0.06637506894487269,-0.05003093360556493,-0.28790887234002677,-0.06881951619484705,1.11613,1.487035,3.3078566666666664,4,20,9,1.231228407297056,3.292540441569683,24.760832864378173,-1.486381942062406,-1.7697594459662471,2.800295692882621,0.17377430711737918,0.05315653454523233,0.09378750181550614,0.10724982872459722,-29890152.0,-0.8003513740237596,0.0,0.0,-1,0.0,0,61.2,0.04832299976812554,-0.009708737864077678,-0.238323446499107,0.6282965550257955,1.4888304353390884,-0.21829268292682924,-0.7763953488372093,-0.5329975308845956,0.07155486219448774,0.0
2024-09-23,0.92,0.9615,-0.06010392406970544,-0.019802627296179754,-0.055218477113532526,0.28860242602228314,-0.04412089498574835,1.09013,1.353535,2.9310233333333335,0,23,9,1.1746414241521366,3.139473316307123,27.848101265822777,-1.4119602266547124,-1.6981996021039403,2.240247049087418,0.4668229509125823,0.053195640832443894,0.0910322996105662,0.1029835285288888,-30038714.0,-0.9778484468462643,0.0,0.0,-1,0.0,0,63.85714285714287,0.03935251711765336,-0.0010400416016640675,-0.23398051634799452,0.617140913301352,1.445092956263281,-0.2267608001344763,-0.7437325905292479,-0.3146116581708593,0.10858695652173911,0.0
2024-09-24,0.86,0.92,-0.05400938269771557,-0.08338160893905101,-0.10300552810136152,0.26599458407080007,-0.06744128079553265,1.06013,1.261565,2.5723566666666664,1,24,9,1.1174338924881115,2.9924105217066637,22.222222222222214,-1.3423482248207108,-1.6270293266472944,1.910090664871308,0.6130393351286921,0.05472275905195592,0.07978696404222833,0.10287868971088575,-30232547.0,-1.2383935494046663,0.0,0.0,-1,0.0,0,66.42857142857143,0.024185411958146396,-0.010869565217391313,-0.22871783893295516,0.6062278871189972,1.2665787883235338,-0.25217391304347825,-0.6814106838556716,0.4495354938205109,0.1255813953488372,0.0
2024-09-25,0.835,0.86,-0.02447285651872569,0.0076877645698506854,0.00012314512668733075,-1.2087978480129276,-0.02950066439669799,1.03363,1.1998149999999999,2.30019,2,25,9,1.0660822756720911,2.8532227461126856,16.560509554140125,-1.2745057934713282,-1.5565246200121012,1.7523042198013898,0.6473257801986099,0.05410298685623009,0.06754753712016126,0.09932615617778098,-30290417.0,-1.3206230526313052,0.0,0.0,-1,0.0,0,65.74285714285715,0.01772025667660299,0.03255813953488375,-0.24588239820292304,0.4394088592745391,1.0722839093691046,-0.1893203883495146,-0.5966183574879227,0.7444230244838408,0.1377245508982036,0.0
2024-09-26,0.81,0.835,-0.02902065877842729,-0.06127201070395714,-0.044826842699623545,0.2426716921271253,-0.03039747718437093,1.00163,1.138815,2.08419,3,26,9,1.0195218619135291,2.721401923782835,20.63492063492062,-1.208822910864589,-1.4869842781825988,1.5589000053036122,0.7187299946963877,0.05078238926582306,0.06740088611060445,0.0969828590350524,-30364181.0,-1.5654688734359947,0.0,0.0,-1,0.0,0,70.74285714285713,0.010025501161586332,0.033053892215568946,-0.6312036636737507,0.2904788871580693,1.0699558967642813,-0.21359223300970875,-0.6009852216748768,-0.24272180000899019,0.11790123456790126,0.0
2024-09-27,0.806,0.81,-0.02774037774653667,-0.016185324421017305,0.03368259660567477,-0.8050907835647695,-0.004950505159856203,0.95923,1.096115,1.9197233333333332,4,27,9,0.9806997052019782,2.5978276061194263,20.504731861198735,-1.1439052916044417,-1.4183684808669677,1.463439730989773,0.7287902690102268,0.03096021363147517,0.05923039207697548,0.09347765393587754,-30397157.0,-1.5796104946066216,0.0,0.0,-1,0.0,0,67.31428571428572,0.00862024307081767,0.03580246913580236,-1.5271546597859806,0.34984777167383657,0.9402533249551658,-0.1617264690587623,-0.5144578313253012,-0.14582196987710724,0.06811414392059546,0.0
2024-09-30,0.82,0.806,0.0023809535057418754,-0.011723463696059259,-0.029185319510779142,1.7800463045644017,0.01722059775167034,0.92225,1.066615,1.8007233333333332,0,30,9,0.9514815769834366,2.483129050885915,22.92993630573247,-1.078891142137324,-1.350473013121039,1.4223843296104022,0.7108456703895981,0.036066712232548814,0.05341063064804535,0.08826265552013628,-30201605.0,-1.3863758310479701,0.0,0.0,-1,0.0,0,73.6857142857143,0.014113357346524906,0.0434243176178659,0.5364243624759766,0.4906483361482581,0.8478674763711155,-0.10869565217391308,-0.4184397163120568,-0.16181219308450812,0.08292682926829263,0.0
2024-10-01,0.78,0.82,-0.07401651013326196,-0.029924435114833326,-0.009014871096215427,-2.1636897472884113,-0.050010420574661305,0.8852500000000001,1.0421150000000001,1.6597233333333332,1,1,10,0.9203031084409935,2.373249757280372,23.68421052631578,-1.0188499578865926,-1.2841484020741498,1.4062994025343758,0.6779305974656243,0.03627499708750991,0.050863353448386,0.08052375651489968,-30224074.0,-1.4394630751670303,0.0,0.0,-1,0.0,0,70.31428571428572,0.0012259988955823779,-0.04756097560975601,-1.692426198669227,0.4069286482225694,0.8074307044272536,-0.09302325581395343,-0.3858267716535433,0.561828355343893,0.06410256410256401,0.0
2024-10-02,0.785,0.78,0.01398624197473987,-0.01592195301058524,-0.01027250434961585,1.2589049371910328,0.006389798098770988,0.86075,1.015865,1.5182233333333335,2,2,10,0.8957025432699037,2.2707820310042193,20.411663807890235,-0.9597994578851755,-1.219278613236355,1.3743877954242016,0.6573422045757984,0.02993800249858142,0.04975066586763607,0.08058771106332183,-30144948.0,-1.2878679009899061,0.0,0.0,-1,0.0,0,70.57142857142857,0.003124081019536407,0.015384615384615398,-0.8175146018919783,0.42934863078261554,0.789767336673807,-0.059880239520958,-0.4007633587786259,-0.5015988886370528,0.05719745222929942,0.0
2024-10-03,0.672,0.785,-0.028170876966696335,-0.050643732818754915,-0.14776670921733492,0.5575590851267999,-0.15542537725925884,0.8249500000000001,0.981465,1.3776233333333332,3,3,10,0.8550293535844666,2.1676348031974957,3.1879194630872405,-0.9116111805862284,-1.1577451267063297,1.3329147390087195,0.6300152609912806,0.046091767738837386,0.054224902559180346,0.08193848348814743,-30283134.0,-1.761076851972408,0.0,0.0,-1,0.0,0,69.42857142857143,-0.03020682183465469,-0.019108280254777087,0.11114354488436182,1.047616913649295,0.8607936422298065,-0.1703703703703704,-0.5058823529411764,-1.544885714434192,0.16369047619047616,0.0
2024-10-04,0.616,0.672,-0.1466034741918754,-0.10262256452744792,-0.07045497880614872,0.054409949942198194,-0.08701137698962981,0.7904,0.953265,1.2548233333333334,4,4,10,0.8115694711145636,2.067529332023464,3.105590062111787,-0.8679353373396319,-1.0997831688329902,1.3274164147434824,0.5791135852565177,0.04742341125389947,0.0504850233648866,0.08127291810683146,-30429047.0,-1.8028262714507086,0.0,0.0,-1,0.0,0,71.4,-0.04847779670005793,-0.010416666666666675,0.3524009335131372,1.0547525287133388,0.8014249005406513,-0.23573200992555832,-0.47796610169491527,-0.5068408520059877,0.12954545454545452,0.0
2024-10-07,0.62,0.616,-0.07605318268765675,-0.0822997739665641,-0.008161978056515796,-1.6572913131979257,0.00647251450561752,0.7604,0.9252650000000001,1.1558233333333332,0,7,10,0.7767386581846429,1.9741403428606599,3.993055555555543,-0.8235062825186275,-1.0445277915701177,1.3115907108176328,0.5389392891823674,0.049877972720666214,0.05071338376100631,0.0795803552442301,-30401228.0,-1.580350421689134,0.0,0.0,-1,0.0,0,70.82857142857144,-0.044925791647440476,0.0004870129870129334,-1.4896498855225824,1.0126773420052195,0.805050009445225,-0.24390243902439024,-0.47457627118644063,-0.606453567535577,0.048225806451612965,0.0
2024-10-08,0.56,0.62,0.03773431838552027,0.0,-0.10370459993129007,2.0240561568795976,-0.10178269430994223,0.7304,0.895265,1.08451,1,8,10,0.7373316294237987,1.88290548203094,4.457364341085253,-0.7840988317897081,-0.9924419996140358,1.2976902491513513,0.4928397508486487,0.052742758330520584,0.05270126290938076,0.07117026525816095,-30611789.0,-1.6662224883106551,0.0,0.0,-1,0.0,0,71.17142857142856,-0.0660102348740136,0.03225806451612906,1.42558062635695,1.057504960153846,0.836606612623523,-0.28205128205128205,-0.5172413793103448,0.07281533363885626,0.16071428571428564,0.0
2024-10-09,0.5,0.56,-0.1425000626072829,-0.1335313926245225,-0.1033423515015892,-0.10841999336729143,-0.11332868530700324,0.6969000000000001,0.865265,1.0321766666666667,2,9,10,0.6941804240740171,1.793685773512815,3.993055555555543,-0.7490747740187347,-0.9437685544949757,1.2921415100573306,0.43838848994266943,0.056483686344845865,0.05506445926705367,0.06315716403086118,-30800715.0,-1.7113380164719956,0.0,0.0,-1,0.0,0,71.14285714285715,-0.0860359131881192,-0.008928571428571435,1.0081425595917095,0.8866218128472493,0.8741211917932199,-0.36305732484076436,-0.5454545454545454,1.3066422846646506,0.1280000000000001,0.0
2024-10-10,0.424,0.5,-0.08455738802806312,-0.09352605801082348,-0.333050677481632,0.8330798676470925,-0.164874643190234,0.6583,0.829965,0.9786433333333332,3,10,10,0.645056710606014,1.7053189494152141,3.9417309340188353,-0.719160486317616,-0.8988469408595038,1.280758514520173,0.3791714854798269,0.06463720654906904,0.05850712065094244,0.06593894147692207,-31235319.0,-1.801112868414317,0.0,0.0,-1,0.0,0,70.28571428571429,-0.11636693032145583,0.020000000000000018,3.1717556936442945,0.9215334157699275,0.928771747013071,-0.36904761904761907,-0.6247787610619469,1.0977547541742505,0.3643867924528303,0.0
2024-10-11,0.446,0.424,-0.21096313275733883,-0.12961749330338632,0.12565942087982468,-1.4268092266211136,0.050585496788106456,0.6223,0.790765,0.9381766666666668,4,11,10,0.6088645814049205,1.6240725655819748,7.978723404255305,-0.6857728194712395,-0.8562321165818509,1.2313241149733098,0.35020588502669026,0.07214274808700519,0.05450982125689098,0.06338330530900799,-31130982.0,-1.5651248074660165,0.0,0.0,-1,0.0,0,71.65714285714286,-0.09639286212246284,-0.02594339622641512,-0.27583611308588507,1.351143923762974,0.8653165863378949,-0.275974025974026,-0.6373983739837399,0.4856233333263624,0.1006726457399103,0.0
2024-10-14,0.48,0.446,0.082015058200361,0.10560602123315195,0.10113428189694403,0.14010733522754393,0.07346715188187254,0.5883,0.7552749999999999,0.9071766666666667,0,14,10,0.5854346575131167,1.5502614323186217,14.684014869888458,-0.6490870654523265,-0.8148031063559461,1.1743199636680126,0.33623003633198717,0.08060696276671747,0.061152006273203816,0.06336546829225982,-31010953.0,-1.3138208252901749,0.0,0.0,-1,0.0,0,74.22857142857143,-0.06834251445525741,0.00515695067264567,-0.12059744500509396,1.6280906510057247,0.9707580046293545,-0.22580645161290325,-0.5965708522440747,0.44730467379880545,0.10812500000000001,0.0
2024-10-15,0.49,0.48,0.05151633442416162,0.004208844774054696,-0.03630121223037346,1.7392635494537214,0.02061928720273561,0.5593,0.722275,0.8811766666666667,1,15,10,0.5680829016016409,1.4818574689432267,17.01720841300191,-0.6121499411873397,-0.7742724733222249,1.113461249215784,0.33108875078421596,0.08358807231332395,0.06275887733592699,0.06284222338453982,-30327610.0,-1.1875417424086077,0.0,0.0,-1,0.0,0,71.14285714285715,-0.055374417264229064,-0.016666666666666684,3.41991306040014,1.6089933570776835,0.9962662919548239,-0.1250000000000001,-0.5739130434782609,-0.5520814487490279,0.14265306122448984,0.0
2024-10-16,0.5622,0.49,0.05482518550390226,0.2374408560150342,0.1425581869352369,-0.050698640106274256,0.1374522673677592,0.53702,0.698885,0.85625,2,16,10,0.5670132831286152,1.4225247290114058,28.27078218169062,-0.5704749869491039,-0.7335129760476008,1.0679133758833235,0.3298566241166765,0.1024385590346728,0.07345718932836443,0.06987068420738518,-29678048.0,-0.7407831426124041,0.0,0.0,-1,0.0,0,69.02857142857142,-0.02111065638930483,0.017551020408163257,2.467796390904794,1.7675031885470678,1.1660967298358402,0.12440000000000007,-0.45417475728155343,-1.2480603820550267,0.24546424759871932,0.0
2024-10-17,0.5004,0.5622,0.13365673575149628,-0.038589997269868975,-0.03612872408850554,-0.430049672955183,-0.11644987987967553,0.5198600000000001,0.672405,0.8275966666666666,3,17,10,0.5549017771052306,1.36303281101067,25.668789808917197,-0.5362524446034878,-0.6940608697587782,1.0165590565330096,0.3282509434669904,0.09865624782334098,0.07540070175345294,0.07045417366827947,-30100573.0,-0.9995814184657281,0.0,0.0,-1,0.0,0,68.57142857142857,-0.03327575451011605,0.01369619352543566,1.1379772555111514,1.5014912114461672,1.1969490331163297,0.18018867924528292,-0.5141747572815534,-0.8853946074115339,0.26298960831334933,0.0
2024-10-18,0.4735,0.5004,-0.13085280841876204,-0.14058195062118933,-0.061199619872056556,-1.1000665139929555,-0.05525586596662306,0.50561,0.6480049999999999,0.8040466666666667,4,18,10,0.5401014539951886,1.3056435973970784,22.967701669527244,-0.5054746414027516,-0.656343624087573,0.9746078167228116,0.3214021832771882,0.09713267340287587,0.07515344396957388,0.06794627112173375,-30241210.0,-1.0686068280182814,0.0,0.0,-1,0.0,0,72.42857142857143,-0.03492178666572526,-0.0007993605115906395,-0.32566990609412505,1.619404577612915,1.193023937481116,0.06165919282511201,-0.5075403016120645,0.051069841307690614,0.16895459345300953,0.0
2024-10-21,0.5,0.4735,-0.006018072325563021,-0.05030073847479889,0.06140862812864342,0.17485497851359172,0.05445618579605896,0.49361,0.6270049999999999,0.7813800000000001,0,21,10,0.5328102805415179,1.253666591113396,27.685686962065674,-0.47348662303861067,-0.6197722238777805,0.9333532193031548,0.320656780696845,0.09994625995771708,0.07761204093188998,0.06948422322721215,-30073701.0,-0.829154484977233,0.0,0.0,-1,0.0,0,69.8,-0.017193746384888065,0.04963041182682159,-0.19166304858315011,1.577888662299227,1.2320529542996794,0.04166666666666674,-0.4565217391304348,0.19399142532710079,0.051000000000000045,0.0
2024-10-22,0.4948,0.5,0.03635327212163585,0.02739897418811456,0.0031298930089275656,-0.13854752149430183,-0.010454457903858873,0.48708999999999997,0.6087450000000001,0.7592066666666667,1,22,10,0.5258993204430601,1.2047074562028544,26.880178457616324,-0.44344374115173557,-0.5845065273325716,0.8997710576083335,0.31771894239166665,0.09591130612263828,0.07716224666522295,0.06952341192960379,-30219538.0,-0.7830570288887925,0.0,0.0,-1,0.0,0,70.37142857142858,-0.011793448740431227,0.03079999999999994,-0.29092105227302845,1.5825617055494912,1.2249126916752178,0.009795918367347056,-0.4246511627906977,0.5010223375926302,0.07679870654810031,0.0
2024-10-23,0.455,0.4948,-0.07115719431632808,-0.07618913835754652,-0.05899834076195576,-0.35617451033342723,-0.08385622156738246,0.48258999999999996,0.589745,0.7377066666666666,2,23,10,0.5130085349079583,1.156339233222025,30.429292929292927,-0.4180273095748194,-0.5512106837810211,0.8679092791715746,0.3115807208284253,0.0931798451333365,0.07817501082243136,0.07009038964195399,-30321675.0,-0.9688159845778603,0.0,0.0,-1,0.0,0,63.2,-0.01594158990689061,-0.029911075181891743,-0.5325281327115037,1.0287602670582243,1.240989824255618,-0.19067947349697623,-0.45508982035928136,0.7417558400235622,0.06043956043956037,0.0
2024-10-24,0.4,0.455,-0.06453852113757105,-0.02105340919783238,-0.12582634625011732,0.031153425861926504,-0.12883287184296843,0.48019,0.569245,0.7133733333333333,3,24,10,0.4924615285610568,1.1075431536593139,30.484279002529817,-0.39773777133564214,-0.5205161012919454,0.839379036703969,0.29911096329603104,0.08812298167696803,0.080953865502211,0.07137244797969809,-30427044.0,-1.2530446149255159,0.0,0.0,-1,0.0,0,62.94285714285714,-0.024788727719007524,-0.010989010989010999,-0.5266749157240467,1.0776382404450995,1.2851027747293278,-0.20063948840927248,-0.5061728395061729,0.5555677935129565,0.17749999999999988,0.0
2024-10-25,0.4049,0.4,-0.11528615545779616,-0.08918007120186829,-0.02255830037725267,-0.4012460222340288,0.012175575930133326,0.47607999999999995,0.5491900000000001,0.68587,4,25,10,0.4765412506408646,1.0622113372941968,30.597149558001078,-0.3769179021016924,-0.49179646145389483,0.8044633016255631,0.29391669837443707,0.08628652734429303,0.08134087436735554,0.06824013704128389,-30356501.0,-1.1304746644570443,0.0,0.0,-1,0.0,0,58.74285714285715,-0.019876836534585846,0.0025000000000000022,-0.7251532480398954,1.132382717820711,1.2912463500034266,-0.14487856388595566,-0.4976426799007445,-0.2755195656511539,0.09829587552482096,0.0
2024-10-28,0.38,0.4049,0.017305747097592427,-0.04739546380388241,-0.03974379277074443,0.6093331177218922,-0.06346887031768392,0.46607999999999994,0.5271899999999999,0.6588766666666667,0,28,10,0.4589882959788892,1.018197702630055,32.66563944530046,-0.3582970028203735,-0.4650965697271906,0.7589513918091915,0.2954286081908084,0.08256489729781595,0.08080134709979628,0.0684225656372656,-30486244.0,-1.2701856754569463,0.0,0.0,-1,0.0,0,60.85714285714287,-0.02136550558932798,0.007656211410224726,-0.3932329766271718,0.8512346474809732,1.2826816201504263,-0.24,-0.5365853658536586,-0.0183124511590097,0.09236842105263149,0.0
2024-10-29,0.3668,0.38,-0.09776416876589157,0.0055940800145008445,-0.02347969150145598,-0.7047368618595616,-0.03535451233812169,0.45376000000000005,0.50653,0.63277,1,29,10,0.4422267876190911,0.976172044395858,35.901778154106694,-0.34067781389261237,-0.44021281856027494,0.715997355569108,0.29706264443089203,0.08136893557120904,0.08073237174863886,0.06842194913099486,-30550368.0,-1.3341458349952762,0.0,0.0,-1,0.0,0,60.057142857142864,-0.019857467582775942,-0.026315789473684233,-0.757045115524678,0.7913894468485657,1.2815866703958911,-0.2586903799514956,-0.5297435897435898,0.23973197006112984,0.12568157033805882,0.0
2024-10-30,0.38,0.3668,0.0500763379801763,-0.03831886430213666,0.0002730375443582586,0.08017705372036611,0.03535451233812165,0.43554000000000004,0.48628,0.6111033333333334,2,30,10,0.4309128262338018,0.9377093318541898,44.62890625000001,-0.32193824634074686,-0.41655790411636934,0.6571457657086773,0.31541423429132265,0.059841281290788924,0.08177323686532878,0.06831913309175526,-30480891.0,-1.2440174842420477,0.0,0.0,-1,0.0,0,57.2,-0.014100937342006372,0.060523446019629216,-0.7246544510013773,0.9831169046869789,1.2981098918786336,-0.1648351648351648,-0.5159235668789809,-0.4300572283736151,0.08026315789473677,0.0
2024-10-31,0.375,0.38,-0.023408090898014846,-0.030189041122933434,-0.01429774150135678,0.5361257278930629,-0.01324522675002068,0.42300000000000004,0.47142999999999996,0.5892700000000001,3,31,10,0.420746857827656,0.9014055039926292,40.95771777890983,-0.303986297445801,-0.3940435827822557,0.625092406444663,0.3177675935553369,0.05425556237309002,0.07750041258609638,0.06815936347542954,-30599653.0,-1.2550890257562943,0.0,0.0,-1,0.0,0,40.45714285714286,-0.013355923867103785,0.0,-0.4570005633340509,0.6075377861925173,1.2302809092462672,-0.0625,-0.4419642857142857,-0.031204667004762834,0.06373333333333342,0.0
2024-11-01,0.4662,0.375,-0.005277057100843781,0.3923930265408115,0.024618311108698214,3.687506861675028,0.217688700631246,0.42227,0.46394,0.57276,4,1,11,0.4290110654953549,0.8733277295414918,48.465984882169856,-0.27918193523527873,-0.37107125327286034,0.6017136572355042,0.32616634276449585,0.10000333655050471,0.09675626799080349,0.08414810774693889,-25855689.0,0.03280743279009921,0.0,0.0,-1,0.0,0,50.48571428571429,-0.011608050103827577,0.008000000000000007,4.17708684563588,1.9415764801851048,1.5359581373423112,0.15139540627315395,-0.24318181818181817,1.790524216635746,0.4287859287859287,0.0
2024-11-04,0.41,0.4662,0.09314333171923442,-0.14391088823741768,0.07794127647107907,-2.298649730773987,-0.12845756690330332,0.41326999999999997,0.45344000000000007,0.55576,0,4,11,0.42555450813256307,0.8434356179581699,41.935483870967744,-0.26104994848646185,-0.3490669923155807,0.5717725447810448,0.33510745521895535,0.10499653177061018,0.0997724734885042,0.08603171935839418,-26331956.0,-0.7342020756906532,0.0,0.0,-1,0.0,0,42.42857142857143,-0.002283231492220998,-0.11003861003861007,0.018356341465913063,2.1577123999086862,1.5838389152422025,0.07894736842105265,-0.33870967741935487,1.2726775503917325,0.22804878048780483,0.0
2024-11-05,0.3037,0.41,-0.04233957512517721,-0.10702767084154383,-0.31393384374598904,0.06011723934127835,-0.3001167876466503,0.39415999999999995,0.440625,0.5372166666666668,1,5,11,0.4033991430175516,0.8086139651866752,25.61780796076212,-0.2523488198543522,-0.329723357823335,0.5656890740901928,0.31556092590980717,0.13023902272812188,0.11250986722082815,0.09602352768772889,-26837733.0,-2.1896775872062726,0.0,0.0,-1,0.0,0,43.54285714285715,0.015810202209345755,-0.029999999999999947,0.032767575595210874,2.9674823350661894,1.7860387722432545,-0.17202835332606325,-0.4576785714285715,0.30941092725170727,0.49785972999670725,0.0
2024-11-06,0.2863,0.3037,-0.34450035274906504,-0.3475366037914881,-0.09240642851130103,-0.22101691155769673,-0.05900015994763376,0.37729,0.42994000000000004,0.5189266666666666,2,6,11,0.3821083897416331,0.7749162900133413,27.95964587193741,-0.24404396044339055,-0.3125874783473461,0.5693389262083218,0.29054107379167826,0.12964309585987474,0.11111459964498394,0.09615680823255543,-27243216.0,-2.060848012348966,0.0,0.0,-1,0.0,0,44.0,0.02269275592264933,-0.07211063549555492,-0.07573852768686024,2.9247305409743682,1.7638895861348,-0.24657894736842112,-0.4274,0.8153867374909918,0.1634648969612295,0.0
2024-11-07,0.306,0.2863,0.042382167874101685,0.05857599922104846,0.0215301560738145,0.477453313452404,0.06654488984831144,0.36789,0.42404000000000003,0.5021266666666667,3,7,11,0.3682705006976998,0.7446636261415128,32.49738766980147,-0.23318466648388042,-0.296706915974653,0.5740799441434087,0.2740000558565914,0.1299799883592981,0.108403389272143,0.09785162765482713,-26589592.0,-1.573447666538412,0.0,0.0,-1,0.0,0,59.05714285714286,0.030522514172102257,0.02689486552567232,0.1559098637075565,3.030591621659306,1.7208504557437052,-0.18400000000000005,-0.2783018867924528,0.38106068770383417,0.19575163398692813,0.0
2024-11-08,0.369,0.306,0.05299253014051038,0.2810375297331124,0.11831335569655216,1.3035975279043248,0.18721154208814636,0.36429999999999996,0.42019,0.48756,4,8,11,0.3684031369344816,0.720427263164641,37.28155339805824,-0.2169936564986929,-0.280764264079461,0.5718007467258381,0.2685792532741619,0.14823193502762183,0.1181009054228396,0.10667773492541846,-24182608.0,-0.6752819454490028,0.0,0.0,-1,0.0,0,59.42857142857144,0.04434346765065473,0.013071895424836614,1.6280688312415885,2.82727686392369,1.8747937521623586,-0.20849420849420852,-0.17264573991031396,0.1637962868944194,0.3617886178861789,0.0
2024-11-11,0.3682,0.369,0.0769610411361284,-0.12062798778861475,0.0677958530078776,-2.0933037860009636,-0.0021703752415495833,0.36312,0.41459999999999997,0.4725,0,11,11,0.368366202946394,0.6977029236056319,37.602820211515855,-0.20189934774678037,-0.2649912808129249,0.5651662295142325,0.2640337704857675,0.14664306966206736,0.11663262968129709,0.10650012222285554,-24479339.0,-0.6163400670880707,0.0,0.0,-1,0.0,0,66.6,0.047567267593923386,-0.09268292682926832,-0.2917520177945406,2.717760451758586,1.851485597353216,-0.10195121951219499,-0.23291666666666655,-0.45354619351567166,0.1683867463335144,0.0
2024-11-12,0.344,0.3682,0.11072245879921173,-0.04189094170916026,0.047046484564605084,-0.49109663379684537,-0.06798461142557934,0.36084,0.40730000000000005,0.4579666666666667,1,12,11,0.36393598422886775,0.6748833801472041,38.78787878787878,-0.18970295943406495,-0.2499336165371529,0.5566260649741231,0.25797393502587695,0.1479370141238914,0.11716234546648728,0.10669824494518437,-24660925.0,-0.8478091217493664,0.0,0.0,-1,0.0,0,66.71428571428571,0.041783788677360205,0.015752308527973848,-0.3721559314697288,1.7794131502656385,1.8598945747521674,0.13269674020414857,-0.2979591836734694,1.1652027166099412,0.08779069767441862,0.0
2024-11-13,0.3002,0.344,-0.11401341165720365,-0.054676438296673784,-0.20348636798599776,0.43250650777904637,-0.13619273817403657,0.35286,0.3942,0.4418066666666667,2,13,11,0.35234762345998266,0.6507102588473844,39.68582058701942,-0.1814795445516349,-0.23624280214004933,0.5318196130323629,0.256580386967637,0.1528922914655661,0.1136683216310622,0.10827874576719228,-24940770.0,-1.3660843527861788,0.0,0.0,-1,0.0,0,66.31428571428572,0.02777667422085727,-0.02994186046511621,-0.2660045492163559,2.0452154327029333,1.8044286658913664,0.048550471533356676,-0.4660263251511917,0.6855329225236557,0.24516988674217186,0.0
2024-11-14,0.3,0.3002,-0.10147236959008823,-0.13429821740228615,-0.2133873763688452,-0.0988404977447526,-0.0006664445431606698,0.34536,0.38417999999999997,0.42940666666666666,3,14,11,0.3428298737399858,0.62808379053465,39.0523898977249,-0.1729845095918776,-0.22359114363041502,0.5183818840428374,0.24997811595716257,0.1529396985116115,0.11197223515653155,0.10602637207218697,-25194278.0,-1.2545278421445951,0.0,0.0,-1,0.0,0,60.31428571428573,0.027266566392224665,0.004330446369087168,-0.28168589875826605,1.9907211510944856,1.7775041278093562,-0.019607843137254943,-0.4004796163069544,1.267969836857101,0.27666666666666667,0.0
2024-11-15,0.3046,0.3,-0.035446748995747686,0.0299099610692725,0.21160325457534382,-0.35590659622022697,0.015216965804860464,0.3292,0.37573500000000004,0.41902666666666666,4,15,11,0.33587898760544294,0.6072138685646726,41.78291194420227,-0.1639905704115336,-0.21167102898663875,0.5075057303040189,0.2439642696959812,0.12524013252038327,0.11191861148313895,0.10555770497536675,-25016686.0,-1.0796783145373603,0.0,0.0,-1,0.0,0,51.2,0.026201993613553982,-0.030000000000000027,-0.3520340780667922,0.9475656890630728,1.7766528783842606,-0.17452574525745257,-0.3567053854276663,-1.1071574484846436,0.12803676953381476,0.0
2024-11-18,0.2799,0.3046,0.01534556967466032,-0.0481634013786229,-0.03636764417087483,-0.41807582292809004,-0.0845670439396536,0.31619,0.36473,0.40769,0,18,11,0.32570098985899876,0.5860968447863066,40.761216244950035,-0.15704556882680204,-0.2007459369546714,0.4893744222435533,0.24008557775644668,0.12281887107140087,0.11148605143994177,0.10607304315696697,-25133597.0,-1.3611519628891775,0.0,0.0,-1,0.0,0,50.285714285714285,0.02369317073719669,-0.029875246224556787,-0.40413234973738715,0.9350283032723925,1.769786200575842,-0.23981531776208598,-0.44020000000000004,-0.03758190713653865,0.12147195426938184,0.0
2024-11-19,0.282,0.2799,-0.03267702602630036,0.002956152587987395,0.03278982282299097,0.40774629274977175,0.007474674416705754,0.31402,0.35409,0.39842333333333335,1,19,11,0.31775535533918076,0.5664776935097707,39.329268292682926,-0.1496471138093992,-0.190526172325617,0.46783852964511297,0.2403414703548871,0.09289987454769844,0.11166162679212298,0.10519920717465861,-24957830.0,-1.267532867895797,0.0,0.0,-1,0.0,0,49.51428571428572,0.02150301150836466,0.02179349767774203,-0.35260723804920413,1.0084290953690969,1.7725733728851865,-0.18023255813953487,-0.4300727566693614,-0.8633184069579108,0.09184397163120561,0.0
2024-11-20,0.2758,0.282,-0.01337577140113883,-0.046660586822716635,-0.03278982282299084,-0.9127100150576414,-0.022231105578912128,0.31296999999999997,0.34513000000000005,0.39095,2,20,11,0.3101271089138751,0.5477242939284952,39.2267593397046,-0.14263981014836402,-0.1809488998901664,0.4535151048059194,0.23674489519408068,0.09129263654463725,0.11080756751640078,0.10382931190076719,-25028389.0,-1.2793270832582828,0.0,0.0,-1,0.0,0,49.51428571428572,0.019845488389082684,0.0007092198581561471,-0.44578561641595305,0.6169470991940939,1.759015602194373,-0.08127914723517671,-0.39384615384615385,-1.5995489993818868,0.0761421319796953,0.0
2024-11-21,0.369,0.2758,0.057493029871178575,0.2928234719521997,0.03243133563506841,1.9545824715025297,0.2911206786813257,0.31927,0.34358,0.38911666666666667,3,21,11,0.3208312709295342,0.5361936943202051,39.489619377162626,-0.12808947468574822,-0.17037701484928278,0.4495202333820947,0.2376397666179053,0.14035795292170952,0.13370419962007393,0.11887723787796521,-24530174.0,0.47989322259311384,0.0,0.0,-1,0.0,0,56.60000000000001,0.031046360006268682,0.08375634517766502,-0.0783802088022276,2.611632989952371,2.122488368637914,0.22999999999999998,-0.07750000000000001,1.9300481533917682,0.3010840108401085,0.0
2024-11-22,0.3555,0.369,0.2502730327168599,0.02506777672908052,0.22707985985001602,-0.647032512044886,-0.037271394797231655,0.31792,0.34111,0.38609999999999994,4,22,11,0.3271346762150734,0.5245360366221274,43.50726709554444,-0.11630685317303502,-0.15956298251403322,0.4432664929363364,0.23895350706366364,0.1262079456149621,0.13399259249583728,0.11869278062825608,-24791038.0,0.28172462829098416,0.0,0.0,-1,0.0,0,60.71428571428572,0.03017013135114724,0.04037940379403801,-0.3029801510821603,2.6820365188387485,2.1270664636128296,0.16710439921208153,-0.12200543344035564,2.034769602588401,0.14036568213783404,0.0
2024-11-25,0.34,0.3555,-0.07657559836700246,-0.05104326313234113,-0.061267685680544574,-0.6279796980046843,-0.04457963163308836,0.31510000000000005,0.33911,0.38143333333333335,0,25,11,0.329473825994151,0.5126304858723129,55.51839464882943,-0.10698648756423651,-0.14904768352407388,0.4396135301637051,0.23860646983629497,0.12705624523565878,0.1336080502557268,0.11801827337088773,-24930253.0,0.01771082067565839,0.0,0.0,-1,0.0,0,62.88571428571429,0.027997588356418582,0.0002812939521801533,-0.4140301696017426,2.5858688675843,2.1209620447972375,0.21471954269381932,-0.10526315789473684,2.157392471425034,0.14941176470588238,0.0
2024-11-26,0.3101,0.34,-0.02448172369289049,-0.0364456199204562,-0.05977064269651151,-0.24927854436728633,-0.09205079150380388,0.31171,0.336275,0.37543666666666664,1,26,11,0.3259513121770326,0.49956400291280884,53.485647334504975,-0.1008501727702863,-0.13940818137331637,0.43668852129855923,0.23586147870144075,0.12848780808794208,0.13491229048190395,0.11886510474991899,-25038752.0,-0.5213441309796109,0.0,0.0,-1,0.0,0,65.91428571428573,0.021525988118265012,0.0205882352941175,-0.4444004057409171,2.764179712159147,2.1416662165273457,0.09964539007092199,-0.15458015267175584,2.1214840797077206,0.18155433731054504,0.0
2024-11-27,0.296,0.3101,-0.09421567812531738,-0.07184315551645837,-0.04991946976658339,0.3932213756174446,-0.04653537178234291,0.31128999999999996,0.332075,0.36656333333333335,2,27,11,0.32050561905393576,0.4864308414345631,48.51101846337106,-0.09601801533604848,-0.13073014816586281,0.43181261100531876,0.23233738899468123,0.12220058228006155,0.1349938996836931,0.11530006083579618,-25199520.0,-0.7233981170468626,0.0,0.0,-1,0.0,0,64.4,0.021079414894878423,0.018381167365366137,-0.4017752273288688,2.796606974928994,2.142961722443117,0.07324147933284997,-0.2210526315789474,2.1601263559197172,0.15540540540540554,0.0
2024-11-29,0.71,0.296,1.1013528827730448,1.0597434197687365,0.7744928200138977,6.220286054072079,0.8749055157113007,0.35229,0.348825,0.37355,4,29,11,0.39132277922594744,0.5008546581162042,74.82527664531159,-0.05811227358174764,-0.11620657324903978,0.5449047675936531,0.1527452324063469,0.4573660738790013,0.3413989984891966,0.2815732801793334,55642195.0,3.683959894816714,0.0,0.0,-1,0.0,0,65.0,0.07803836581600836,2.209459459459459,4.2406891667383695,10.313510375389082,5.41954108709358,0.924119241192412,0.8933333333333333,2.2306040219512444,0.4845070422535211,0.0
2024-12-02,0.705,0.71,-0.3981237012497966,-0.3263609270168923,-0.0317486983145803,-3.0694940402001336,-0.007067167223092443,0.39232999999999996,0.360765,0.3812666666666667,0,2,12,0.44835500118486604,0.5140253253345136,74.37047756874095,-0.028150655129440816,-0.09859538962511999,0.6090674579580448,0.11246254204195519,0.4581210866135851,0.3391558838325343,0.28119309473298665,51887530.0,2.7727071478137737,0.0,0.0,-1,0.0,0,65.31428571428572,0.0797185981585856,-0.10140845070422529,-0.04638439609583812,10.266160101346015,5.383932745831186,0.9831223628691983,0.5122265122265122,2.2250834672524116,0.12765957446808507,0.0
2024-12-03,0.65,0.705,-0.015479696240243802,-0.01590039177545963,-0.00016130333126349047,-1.5945374854791743,-0.08122543992258574,0.42934,0.372765,0.38626666666666665,1,3,12,0.48501772824216316,0.5227978849903515,71.19700748129677,-0.008743111839121354,-0.08062493406792028,0.6523172079036412,0.09321279209635874,0.4579556400628216,0.33813642055207055,0.28194099083954716,51125324.0,1.9834220024873495,0.0,0.0,-1,0.0,0,59.57142857142858,0.07753980978603123,-0.10893617021276593,-0.21373761134355576,10.329381122098251,5.367749267965971,0.9117647058823528,0.5853658536585367,2.222948061474273,0.12138461538461534,0.0
2024-12-04,0.5551,0.65,0.018453327040868477,-0.08805266411448683,-0.19514744898950231,-0.5511026021706604,-0.15782408519356722,0.45664999999999994,0.385335,0.38827666666666666,2,4,12,0.49775995947086077,0.5248818924103289,66.48984344675897,-0.001008505422613215,-0.06470164833885886,0.6742625288784464,0.09640747112155357,0.46548828018460825,0.3334948738139345,0.28373081168235004,50686054.0,1.1751389745310232,0.0,0.0,-1,0.0,0,57.48571428571429,0.07345509771149462,-0.015538461538461534,-0.23151556340846463,10.451604334869517,5.2940669977592245,0.7900677200902937,0.8277905828119856,2.2023046620637032,0.2340118897495947,0.0
2024-12-05,0.53,0.5551,-0.10468355570279395,-0.10468355570279395,-0.050880582867041106,0.1257849708736334,-0.04627127114994808,0.48206999999999994,0.39752,0.39077666666666666,3,5,12,0.5036217850216134,0.5252120928999852,64.41464026071698,0.003060585136447136,-0.05114920164379766,0.6894018621807905,0.1056381378192095,0.46637154163832073,0.33327902828418926,0.2833401012902393,50187905.0,0.9077645250731096,0.0,0.0,-1,0.0,0,54.91428571428572,0.07398228293586805,0.03819131687984146,-0.2285109138004285,10.45119430693208,5.290640556199359,0.7905405405405408,0.8512050296891374,2.202261293901867,0.1728301886792453,0.0
2024-12-06,0.52,0.53,-0.10279954686714764,-0.10279954686714764,-0.04580308876509619,-0.6690162679374898,-0.019048194970694474,0.49717,0.40822,0.3947766666666667,4,6,12,0.5065996422904109,0.5248758288419216,63.40886454183268,0.005416019789426685,-0.03983615735715279,0.7016612850740664,0.11477871492593361,0.46187021835935754,0.3337646838274245,0.2820890092440986,49932747.0,0.7618559874544307,0.0,0.0,-1,0.0,0,52.142857142857146,0.07412753088193681,-0.018867924528301903,-0.2408614732728495,0.884948466266596,5.298350098940802,-0.2676056338028169,0.6993464052287583,-1.098662104315401,0.1096153846153846,0.0
2024-12-09,0.529,0.52,0.03216928293339175,0.03216928293339175,0.06399841850494382,0.2558208505529605,0.017159620282826284,0.51452,0.4162199999999999,0.39891333333333334,0,9,12,0.5106724346012452,0.5251419044005073,65.81587301587302,0.007917673494303168,-0.030285391186861597,0.7138533286314528,0.11858667136854711,0.46055467820349894,0.332022646032545,0.2820780761732745,50262289.0,0.7578452354013818,0.0,0.0,-1,0.0,0,49.25714285714287,0.07449423258882425,0.03269230769230772,-0.23069596613869167,0.9861617244714542,5.2706961062624424,-0.2496453900709219,0.43360433604336057,-0.6579676253121545,0.08204158790170141,0.0
2024-12-10,0.4424,0.529,-0.09159270340419247,-0.030248052755497853,-0.1356173824874302,-0.41539002522475127,-0.17877398165017433,0.52476,0.41993,0.4009933333333333,1,10,12,0.4982592646737461,0.5198037170198295,59.19724770642202,0.0028791665850833037,-0.02365247963247262,0.7168920858249466,0.12296791417505343,0.46608563528402386,0.33526775835236816,0.2838646807915838,50044764.0,0.15133244998316464,0.0,0.0,-1,0.0,0,46.971428571428575,0.07900502506985183,-0.07372400756143674,-0.2366891874538963,1.264979103913417,5.322210667310786,-0.3193846153846154,0.20152091254752857,-0.28701167732759914,0.20343580470162753,0.0
2024-12-11,0.4011,0.4424,-0.09768033333919725,-0.15319144713979815,-0.0958671794473925,0.7537250182888567,-0.09800367743211792,0.53386,0.422785,0.4021366666666667,2,11,12,0.480593943823974,0.5121454126959696,56.90662550986661,-0.0043957794729674315,-0.019801139600571584,0.7177647372106641,0.1278052627893359,0.46630850808368324,0.33578447258267,0.28452050435225634,49582545.0,-0.14702704806136124,0.0,0.0,-1,0.0,0,49.2,0.0810391976851953,0.00452079566003617,-0.22391155434056742,1.1154929828816826,5.330413251424388,-0.2774274905422447,0.1659883720930233,-0.6870193632013006,0.13812016953378212,0.0
2024-12-12,0.4099,0.4011,-0.09407332126692856,-0.06468767469143116,-0.01440354119152447,0.07375170772694399,0.021702454734284612,0.54525,0.42827000000000004,0.4031333333333333,3,12,12,0.46774049949234237,0.5055489344575199,52.48571775859973,-0.009343434880580148,-0.0177095986565733,0.7176792720237132,0.1388607279762869,0.4647484598377931,0.33354460485078113,0.2845170793892234,50080142.0,-0.12694824786743447,0.0,0.0,-1,0.0,0,47.114285714285714,0.08085464474303732,0.008476689104961391,-0.22258250316103642,1.2661803540007237,5.29485645349485,-0.2266037735849057,0.36542305129913366,-0.8602207785393116,0.08050744083922902,0.0
2024-12-13,0.389,0.4099,0.058805182429470505,0.02358599900587929,-0.0697333380146752,0.30314281850456365,-0.05233388389184557,0.51315,0.43271999999999994,0.4036,4,13,12,0.4534240450391892,0.4980296483634864,52.01782917720757,-0.014780561654287205,-0.017123791256116083,0.7165072041858355,0.1489327958141644,0.06406981077064687,0.33410810438112093,0.28478361296728005,49406342.0,-0.3081181910610055,0.0,0.0,-1,0.0,0,49.114285714285714,0.08294268794447514,0.04659673090997806,-0.21401352635414908,1.2409658517318496,5.3038017312219345,-0.2519230769230769,0.29666666666666686,-0.5218550007874411,0.17737789203084833,0.0
2024-12-16,0.4019,0.389,-0.13186777553812248,-0.014321174449574117,0.04348511193973889,-0.20562937620434907,0.03262395783670901,0.48284000000000005,0.437585,0.40145666666666663,0,16,12,0.4440560368502457,0.49182773556584214,53.740181268882175,-0.01784291953506295,-0.017267616911905457,0.7153974568019796,0.15977254319802042,0.0686112360222936,0.3340515418943678,0.2818122421202932,49954906.0,-0.25689992746031354,0.0,0.0,-1,0.0,0,56.057142857142864,0.08535163886126725,-0.03341902313624682,-0.2220658318999117,1.301780397944005,5.30290382958103,-0.24026465028355393,0.31943532501641503,-0.42052810499125065,0.11669569544662851,0.0
2024-12-17,0.3844,0.4019,0.07701029130235773,-0.04053630978619075,0.010582109330537008,-1.1417868196366747,-0.0445196243590179,0.45628,0.44281,0.4006033333333333,1,17,12,0.43320948469565557,0.48489691391643297,54.557722978775615,-0.02143487605663874,-0.018101068740852114,0.7119301797605556,0.17368982023944435,0.06804348058570268,0.3334115221120155,0.2808515373771077,49779778.0,-0.43408116070648517,0.0,0.0,-1,0.0,0,51.4,0.0871776312222369,0.010450360786265333,-0.24301129462343274,0.8424557621097871,5.292743830511435,-0.13110307414104883,0.3733476241514828,0.02650100403585085,0.06789802289282,0.0
2024-12-18,0.3596,0.3844,-0.06616505869704914,-0.027966866399648436,-0.15634607039069398,0.5106645857212613,-0.06669137449867239,0.43673,0.4466900000000001,0.40246666666666664,2,18,12,0.41982594202371815,0.4768132420508567,53.85081133446355,-0.02598316249312521,-0.019677487491306735,0.7081776058180589,0.18520239418194123,0.05946527533837358,0.3342451134750909,0.2763643168716037,49487945.0,-0.6661118772917802,0.0,0.0,-1,0.0,0,33.12857142857143,0.09249513678977636,-0.011186264308012554,-0.23686113554577493,0.7133927152785569,5.305976683161928,-0.10346546995761663,0.27517730496453896,0.5147350102220873,0.19438264738598435,0.0
2024-12-19,0.337,0.3596,0.00812267010150232,-0.025908849501052274,0.021309786586751027,-0.43584840300492744,-0.0649093722451034,0.4174300000000001,0.44975000000000004,0.4041566666666666,3,19,12,0.4047666798375875,0.4677930328862853,7.067219152854491,-0.03105337935939667,-0.021952665864924725,0.7041537942381707,0.19534620576182937,0.05987147375070262,0.33478838541998984,0.27642494340686513,49299212.0,-0.8863861510999669,0.0,0.0,-1,0.0,0,19.51428571428572,0.09843094990086516,0.06562847608453841,-0.2429464783475688,0.6440252534225703,5.314600857924813,-0.17784825567211504,0.22189992748368392,1.9906363539462428,0.15667655786350135,0.0
2024-12-20,0.3202,0.337,-0.14191718600079659,-0.11295453493576314,-0.03618916835387428,0.09698839229350414,-0.05113712978974756,0.39744999999999997,0.44731000000000004,0.40463,4,20,12,0.38939091986711705,0.4582709017323314,6.8803227252353025,-0.03601205776619748,-0.02476454424517928,0.70587677768572,0.1887432223142801,0.05930931436682337,0.3278480442755634,0.2766597909797172,49091257.0,-0.9831889551912845,0.0,0.0,-1,0.0,0,27.600000000000005,0.10232359663136965,-0.013353115727002979,-0.24102167384428597,0.6426022077529457,5.204426357832204,-0.17686375321336767,-0.13224932249322496,1.9792585533200446,0.07339163023110563,0.0
2024-12-23,0.3241,0.3202,-0.016679689198655426,0.008979061050598619,-0.08197044422279447,0.059623055423373574,0.012106309584887356,0.37696,0.44573999999999997,0.4031333333333334,0,23,12,0.3775198435276412,0.4496147145237939,8.757276638825616,-0.03917555728416172,-0.02764674685297577,0.7070210658369281,0.1844589341630718,0.05872388706050708,0.3275731640480193,0.27450542310605325,49311988.0,-0.9311045912214583,0.0,0.0,-1,0.0,0,30.142857142857142,0.09943470172340335,0.021236727045596593,-0.24019259071957466,0.49826009719391096,5.200062769497739,-0.19358049265986554,-0.08832630098452876,1.8152995290455198,0.15982721382289422,0.0
2024-12-24,0.304,0.3241,-0.04663652162051972,0.008899154467255563,0.01680711831638119,0.18908592294690618,-0.06402440874128007,0.36312,0.44394,0.4009933333333333,1,24,12,0.3641525992498882,0.44022021681258144,10.80237277552294,-0.04281105625368731,-0.03067960873311808,0.7087602997399447,0.17911970026005525,0.04273368898816442,0.3277993496222887,0.2748661500501076,49045313.0,-1.056867620325345,0.0,0.0,-1,0.0,0,34.51428571428571,0.10358721317450155,-0.03702560937982108,-0.23801282246669603,0.519345133127316,5.203653354175742,-0.2091571279916754,-0.10588235294117654,2.0712601264234363,0.16414473684210526,0.0
2024-12-26,0.3669,0.304,0.02624656591747045,0.0528782052289876,-0.028399474521697887,0.9968431206297023,0.1880616299550147,0.3597,0.44677999999999995,0.40175666666666665,3,26,12,0.3646521266589994,0.43548988024402785,27.227031555431438,-0.04015384255455573,-0.03257445549740561,0.7067302834989748,0.18682971650102514,0.08374877614100051,0.32916556048170276,0.2766092646411065,49767926.0,-0.6145790566165317,0.0,0.0,-1,0.0,0,34.17142857142857,0.08391800386786039,0.053947368421052716,-0.21444532890326662,1.8246485249049031,5.225341279210656,0.02030033370411566,0.18316672041277005,1.8763875023478076,0.210684110111747,0.0
2024-12-27,0.52,0.3669,0.16532398042538352,0.38787201954924494,0.21072103131565253,3.041400971618901,0.34873948021423673,0.37071,0.45798000000000005,0.4090833333333333,4,27,12,0.39289719453918126,0.44094214603473575,50.0,-0.025401280909315205,-0.031139820579787533,0.7097505605394713,0.20620943946052883,0.15841120486251858,0.33910783174858916,0.28410421333074537,64895505.0,0.49267078618810006,221144.0,111567.148,1,0.0,0,33.82857142857143,0.0508381022095603,0.030253475061324607,0.5420602973166505,3.2571137453978856,5.383169942646602,0.543026706231454,0.7567567567567568,1.0800686307784064,0.3532692307692307,0.0
2024-12-30,0.5222,0.52,0.375024082606929,0.09669701511854174,0.2115207114862169,-0.9357591348383437,0.004221844689555462,0.38403,0.44859,0.41648999999999997,0,30,12,0.4164067955320574,0.4461845882260431,49.312297734627826,-0.013378034253821225,-0.02758746331459427,0.6733432719664368,0.22383672803356314,0.1560812054755091,0.12603063528915337,0.28408016300596795,70829872.0,0.6550293960658551,278856.0,141630.96240000002,1,0.0,0,28.6,0.04771398328797149,0.057692307692307744,1.2475388942771568,3.1147505348412086,2.000674311303485,0.6308557151780139,-0.26450704225352106,1.1072007296697137,0.29509766373037155,0.0
2024-12-31,0.482,0.5222,-0.04652001563489293,-0.11301482573321225,0.01450756389658293,-1.0326786045333056,-0.08010654221442816,0.39204,0.43743999999999994,0.42240333333333335,1,31,12,0.4283328327080469,0.44849525995339523,54.419642857142854,-0.007012493036510248,-0.023472469258977467,0.6281866481643403,0.24669335183565952,0.16037398396706473,0.1269506937966112,0.28488148540677194,68716929.0,0.4672165978152209,0.0,0.0,-1,0.0,0,26.314285714285717,0.053527593039997406,0.005361930294906213,0.17829689415317965,3.356413275931967,2.015279787317661,0.4871953100894786,-0.31631205673758866,1.0413021802947442,0.17344398340248976,0.0
2025-01-02,0.4313,0.482,-0.09672069792698196,-0.08767442243253219,-0.0867495415215128,-0.49205832780859904,-0.1111402103968028,0.39673,0.426505,0.42745,3,2,1,0.42887231767022016,0.4473858883434988,53.30126803672934,-0.005989775637916139,-0.019975930534765204,0.5889143654825756,0.26409563451742446,0.16456304907410277,0.1278350492848588,0.28526619225256616,67425146.0,0.05904831886698598,0.0,0.0,-1,0.0,0,24.31428571428572,0.06320706971899706,-0.011203319502074607,-0.06699689568639161,3.497024644449606,2.0293184954725305,0.4187500000000002,-0.3364615384615385,0.9497261297939675,0.17667516809645256,0.0
2025-01-03,0.46,0.4313,-0.1264228533872279,-0.041672696400568074,0.0004832085138716423,-0.3070546580657407,0.06442258582934314,0.40677,0.42175,0.43338333333333334,4,3,1,0.4345318962756347,0.44819970199875697,55.248271527341295,-0.0028307830818903867,-0.01654690104419024,0.5735274339950943,0.2699725660049057,0.16211498840944005,0.12504474789073813,0.2852490150853383,68375395.0,0.5040274959614393,0.0,0.0,-1,0.0,0,28.885714285714283,0.05388189203689725,-0.026199860885694485,-0.1736420311391696,3.3378559248790443,1.9850238340419697,0.253747615153993,-0.17132048279589263,1.6911637816329423,0.12173913043478259,0.0
2025-01-06,0.4311,0.46,0.07982290329854443,0.04167269640056808,0.014864814585585768,-0.4116949508075303,-0.06488640773005183,0.41618000000000005,0.416805,0.43856,0,6,1,0.4339079151346102,0.447096495418192,54.33752318153719,-0.002628942383216093,-0.013763309311995412,0.5599303771187921,0.27367962288120784,0.16211354486746438,0.12541999346650765,0.2856542502015004,67745830.0,0.19975493218278603,0.0,0.0,-1,0.0,0,33.77142857142857,0.056501292700228196,-0.011086956521739116,-0.26875731604629466,1.1030461502659954,1.99098067288635,-0.1709615384615385,-0.18660377358490576,0.8160557956058042,0.16191138946880068,0.0
2025-01-07,0.4348,0.4311,-0.07365150939400221,-0.07410797215372185,-0.023354859518417214,-0.12135496457617845,0.008546073493965621,0.4276400000000001,0.412545,0.44075333333333333,1,7,1,0.43407011238286286,0.44630317313314743,53.45515647973116,-0.0021456889311697314,-0.011439785235830276,0.5475809090512209,0.2775090909487791,0.15975001006749837,0.1253961219484278,0.2800455312299069,68303448.0,0.32961602815675367,0.0,0.0,-1,0.0,0,34.31428571428572,0.05379920001981827,-0.019717003015541655,-0.29449460540019406,1.1131450156236575,1.990601724284809,-0.16736882420528532,-0.16384615384615386,0.7588518674427974,0.10234590616375354,0.0
2025-01-08,0.3498,0.4348,0.008013241087414084,-0.05790853350626976,-0.2714922782176463,0.2698702690536356,-0.21752459266255267,0.43021000000000004,0.40358499999999997,0.44056333333333336,2,8,1,0.41874827376779683,0.440077161963267,46.81751287711552,-0.008523246039325194,-0.01085647739652926,0.5295627302651538,0.2776072697348461,0.17651322160404556,0.13246613552888337,0.28279996811636837,67573083.0,-0.8538810770252019,0.0,0.0,-1,0.0,0,31.91428571428572,0.06779034669114258,-0.020239190432382773,-0.250558912072572,1.6090845621062317,2.1028347104832177,-0.27427385892116185,-0.3387523629489604,-0.2069836996955475,0.3330474556889651,0.0
2025-01-10,0.3502,0.3498,-0.1936531228035046,-0.16249153186218912,0.05351198818431082,-0.9897038241588542,0.0011428572672498012,0.43483,0.39897499999999997,0.4409033333333333,4,10,1,0.406284951264561,0.43427863538499173,49.09476117103236,-0.01339086775039483,-0.011363355467302374,0.5257177211514071,0.2722322788485928,0.17436514123466074,0.1276375460604079,0.2825557072690397,67844550.0,-0.7696694462119558,0.0,0.0,-1,0.0,0,25.62857142857143,0.06417776346757584,0.0034305317324184645,-0.38516434998452936,1.5882221143821127,2.0261832289823474,-0.1880361697194528,-0.20840867992766732,-1.168753017678338,0.09965733866362074,0.0
2025-01-13,0.369,0.3502,-0.002853068982406399,0.07797524000602345,0.058537515624311996,0.38178947451413053,0.0522922241887756,0.43504000000000004,0.39737,0.4428666666666667,0,13,1,0.399505869216459,0.4300671105214439,53.104384943733024,-0.015552213902937762,-0.012201127154429453,0.5248104892968917,0.2699295107031083,0.16311158519309335,0.1264968509976931,0.28179839216449104,68242223.0,-0.44522741801324756,0.0,0.0,-1,0.0,0,25.34285714285715,0.054734427854261344,-0.0005711022272987821,-0.3473268295083633,1.5375210532255017,2.008075256236132,-0.19782608695652182,-0.0800299177262529,-1.3204923391516525,0.1208672086720868,0.0
2025-01-14,0.3576,0.369,0.055569851154810786,-0.0377013408680835,-0.04141740984001894,-0.2773875456610756,-0.03138160074116821,0.41879999999999995,0.39475499999999997,0.44492,1,14,1,0.39188662026801185,0.42539181306844753,53.666666666666664,-0.01797774477569436,-0.013356450678682436,0.523254854174067,0.2662551458259329,0.07898085941231175,0.1266226730152394,0.28167813433866895,67940882.0,-0.5782885940036866,0.0,0.0,-1,0.0,0,25.142857142857142,0.05379763908384922,0.0027100271002710053,-0.37214635400995644,1.5229658977042917,2.0100726188434357,-0.17049408489909534,-0.12759209563308127,-1.6855217412826942,0.12360178970917232,0.0
2025-01-15,0.37,0.3576,-0.005420067469339256,-0.015915455305899568,0.01712471727097445,-0.40869090931544866,0.03408796233891113,0.40358,0.393805,0.4335866666666667,2,15,1,0.38790723476473693,0.42181814770919285,54.42622950819671,-0.018684041103059823,-0.014421968763557915,0.5227641118252453,0.2648458881747547,0.08116292382034558,0.12625802758445911,0.11208251131608248,68141129.0,-0.36918678584354053,0.0,0.0,-1,0.0,0,27.428571428571427,0.04699279830163619,0.02908277404921706,-0.39373794705400694,1.5776947803057948,2.004284052084072,-0.14903403863845455,-0.04884318766066842,-1.6793962455679357,0.08756756756756752,0.0
2025-01-16,0.4073,0.37,-0.025039140015369384,0.1159989138628821,-0.0026381372474939477,1.231981784780774,0.09604700901609674,0.39611,0.394075,0.4236633333333334,3,16,1,0.3914331920802393,0.42088149301827715,59.6415904424118,-0.016048985050675924,-0.014747372020981517,0.5231280510931084,0.2650219489068916,0.0889881611144987,0.12796898742966953,0.11409114492573065,68827579.0,0.2049544724124112,0.0,0.0,-1,0.0,0,27.342857142857145,0.035855871852420396,-0.029999999999999995,-0.25472206737685793,0.7984741392533135,2.0314446976059375,0.16437964551172102,0.01343617815376974,0.20098803039706367,0.19469678369752022,0.0
2025-01-17,0.39,0.4073,0.09609509926378357,-0.03933500539867689,0.08277091472518927,-1.733291305768702,-0.04340327553067474,0.39198,0.39435499999999996,0.4149966666666666,4,17,1,0.39117261170201395,0.4188891386300012,52.35666190573353,-0.015181645009056943,-0.014834226618596603,0.5233439505533772,0.2653660494466227,0.08382129664769412,0.12794673934727233,0.1135696241600287,68706282.0,-0.06752516368753289,0.0,0.0,-1,0.0,0,36.02857142857143,0.03706126839715094,-0.02995335133808001,-0.41798040207549425,0.9499453377052659,2.0310915202469113,0.11364934323243858,0.014568158168574374,0.11175671619888645,0.08641025641025643,0.0
2025-01-21,0.3778,0.39,-0.03424198612569794,-0.05602279458708991,-0.0702288223607506,0.5885073170181394,-0.03178178405628296,0.38376,0.39526500000000003,0.4090866666666667,1,21,1,0.3887412277561932,0.41623822646032377,29.639175257731964,-0.015302314264095507,-0.014927844147696386,0.5234760147851205,0.26705398521487955,0.07995245966898755,0.12717366805468586,0.1107715472263325,68487790.0,-0.2724414907606973,0.0,0.0,-1,0.0,0,39.91428571428572,0.03792619564144986,-0.02102564102564113,-0.3885242141054966,0.9692616296557799,2.018819393931469,0.02384823848238482,0.050611790878754226,1.1942504423421842,0.09740603493912121,0.0
2025-01-22,0.3479,0.3778,-0.040898389964940954,-0.040898389964940954,-0.014010737069598333,-0.9158194298134368,-0.08244987290951297,0.37544,0.39581,0.40301666666666663,2,22,1,0.38131554998233985,0.4118293086241739,26.877155744229242,-0.01760765554067456,-0.01546380642629202,0.5230673008829752,0.2685526991170249,0.08116233988560756,0.12771133106965976,0.11134276305443919,68400352.0,-0.7529626931826521,0.0,0.0,-1,0.0,0,41.62857142857143,0.03971127421872777,-0.02991000529380633,-0.4248270084709438,1.1322980172412955,2.027354529692138,-0.02712527964205813,0.032344213649851516,0.7762744573320056,0.07559643575740152,0.0
2025-01-23,0.317,0.3479,-0.04606536684324681,-0.04036734572860916,-0.1257512053055604,1.2892580417839687,-0.09301330828061564,0.36366,0.39565,0.39625,3,23,1,0.36962181362191443,0.40571128871293693,27.557127312295975,-0.021678134825280082,-0.016706672106089636,0.5233149644747367,0.2679850355252633,0.08342546694649032,0.12893963097519098,0.11229535402411009,68082944.0,-1.232131310631647,0.0,0.0,-1,0.0,0,43.68571428571429,0.04143858289310556,0.006036217303822911,-0.3599253257529894,1.2070578442635476,2.0468531862047765,-0.14324324324324322,-0.009993753903810076,1.694668694809439,0.16403785488958988,0.0
2025-01-24,0.318,0.317,-0.1294580672368867,-0.07980599326835956,0.02469261259037163,-1.0101558679419194,0.0031496089028962013,0.36048,0.395345,0.38921666666666666,4,24,1,0.36023602932702087,0.4000524958927475,32.17993079584775,-0.024540440420623144,-0.018273425768996338,0.523756664893231,0.266933335106769,0.05918092107043531,0.12893466911546902,0.11220267490475422,68198532.0,-1.204641339465681,0.0,0.0,-1,0.0,0,45.8,0.042389316187356196,-0.029968454258675104,-0.41671505972512973,0.5919725330774003,2.0467744191235884,-0.21924871102381538,-0.018821351434742395,0.28679478890265137,0.05503144654088055,0.0
2025-01-27,0.299,0.318,0.0360888596694873,-0.015504186535965312,-0.14874526126035031,0.9963499436533544,-0.06160780938949051,0.35536,0.395095,0.3844366666666667,0,27,1,0.3491022058130171,0.3935329800286993,23.880597014925385,-0.02801899391645457,-0.020222539398487987,0.5242726332954326,0.26591736670456734,0.061242114567784375,0.12887255292439834,0.10889061741775154,67885476.0,-1.4877962623796988,0.0,0.0,-1,0.0,0,37.971428571428575,0.04506940264827124,0.002515723270440149,-0.36019650512899604,0.5950375444748657,2.0457883551598064,-0.2333333333333334,-0.016447368421052655,0.7299140843347582,0.18394648829431437,0.0
2025-01-28,0.3076,0.299,-0.028314282122357353,-0.03207133100006961,0.09015109699429748,-1.493311614293863,0.02835666424080242,0.34922,0.39213,0.38131999999999994,1,28,1,0.34155635021065034,0.3879889168010413,28.551580409864542,-0.029739011681946925,-0.02212583385517978,0.5266444734792025,0.25761552652079744,0.05863317962196622,0.12013065675277598,0.10786192022949191,67955797.0,-1.2568164274615299,0.0,0.0,-1,0.0,0,40.62857142857143,0.0438063683030228,0.03645484949832783,-0.41978453699975526,0.8283865919756219,1.9070150556162444,-0.18581259925886717,-0.16162442082311257,0.5687666446083344,0.06469440832249684,0.0
2025-01-29,0.2997,0.3076,0.0003226326854893501,0.06284298966682349,-0.008310297133627926,1.3572617567837233,-0.026018263308871248,0.34343,0.381115,0.37764666666666674,2,29,1,0.3339461047178048,0.382292857652587,26.87435809654228,-0.03137789726252416,-0.023976246536648656,0.5073671666165886,0.2548628333834113,0.058514018190955835,0.06826082425472475,0.10782069373532661,67682562.0,-1.289720440952854,0.0,0.0,-1,0.0,0,42.4,0.044504456058010414,0.007802340702210707,-0.3864390120341402,0.748956487938338,1.0836069915977258,-0.1385455590686978,-0.42365384615384616,-0.12442986731315404,0.14147480814147478,0.0
2025-01-30,0.2891,0.2997,-0.03245654503287054,-0.09497690201420458,-0.0062783603511246625,-0.8455207517060532,-0.03600932530031713,0.33533999999999997,0.36946,0.3743166666666667,3,30,1,0.32579226749638573,0.3762804152233879,36.058796508957286,-0.033149925597591556,-0.02581098234883724,0.4833002832994288,0.2556197167005712,0.0559117221914547,0.06794658636248833,0.10763037372191046,67565253.0,-1.4118025301928108,0.0,0.0,-1,0.0,0,45.91428571428571,0.04607460616122527,0.0013346680013345208,-0.7441339076260551,0.546324632498826,1.0786186197055017,-0.08801261829652995,-0.4463806970509383,0.3075865414666657,0.04946385333794527,0.0
2025-01-31,0.285,0.2891,-0.03423482946580177,-0.008029484424590538,-0.06991802188986772,0.4285286317112668,-0.014283468753650065,0.32311,0.35961,0.37042,4,31,1,0.3183754915879519,0.3703913561767177,35.27551942186088,-0.0344875554829282,-0.027546296975655433,0.46631760638110664,0.25290239361889333,0.0358487993775636,0.0669505832473079,0.107400619587345,67385184.0,-1.3984007800443037,0.0,0.0,-1,0.0,0,43.771428571428565,0.04598702519726616,0.0031131096506397658,-0.6537635056854268,0.5175872954202073,1.0628075604186236,-0.10377358490566047,-0.4087136929460581,0.7862611454337242,0.10947368421052635,0.0
2025-02-03,0.29,0.285,-0.01739174271186922,-0.026205345041211095,0.013047715392475455,-0.5665258567241294,0.01739174271186924,0.31311,0.352545,0.36727333333333334,0,3,2,0.3132163112992334,0.36520481706854235,30.97302504816956,-0.03474367513117854,-0.028985772606760055,0.45797020370087965,0.24711979629912034,0.03922635006138338,0.06467322836661603,0.10725169899297905,67487372.0,-1.1865284164393444,0.0,0.0,-1,0.0,0,37.4,0.044427788816944175,0.0,-0.9182867564920463,0.44045617092699635,1.0266556724505242,-0.030100334448160515,-0.32761418965917,0.3817863616346539,0.06896551724137918,0.0
2025-02-04,0.332,0.29,0.0,0.14901435877618607,0.05090432986176744,1.0780609566899746,0.1352540459359689,0.30852999999999997,0.34614500000000004,0.36635333333333336,1,4,2,0.31663152742664546,0.36306257080605575,44.626364399664155,-0.0311979720050935,-0.02942821248642675,0.43888126382381976,0.2534087361761803,0.06730799380223514,0.07198626318760327,0.10998062592687342,67787700.0,-0.3050586559508732,0.0,0.0,-1,0.0,0,37.142857142857146,0.037065248018308725,-0.017241379310344845,0.0037075154622917654,1.1739593319795254,1.1427465012434523,0.07932379713914184,-0.27826086956521734,1.8635939759906646,0.1581325301204819,0.0
2025-02-05,0.295,0.332,0.13747099062860307,0.3295730141609411,0.003162891408508217,3.9222394784883283,-0.11815961257666878,0.30324,0.33934000000000003,0.36495333333333335,2,5,2,0.31269852243998264,0.3586714372056651,35.730593607305934,-0.031016033977475876,-0.029745776784636576,0.4255739144212969,0.2531060855787032,0.0715880236121034,0.07451148927428305,0.11132729018741913,52617099.0,-1.0283657026950306,0.0,0.0,-1,0.0,0,38.62857142857143,0.042937119845900276,-0.015060240963855434,4.241748232648672,1.4882017502340417,1.1828332226208575,-0.01568234901568244,-0.3157040129900255,0.8004871782462115,0.6203389830508477,0.0
2025-02-06,0.34,0.295,-0.12422576387858225,-0.16958253101652487,0.013245226750020723,-1.6151634062344618,0.14197026127038728,0.30554000000000003,0.3346,0.36561333333333335,3,6,2,0.3176624274508949,0.3574668283536867,37.56007393715343,-0.026930287272334152,-0.029182678882176093,0.4082432938783963,0.2609567061216037,0.08332190242348358,0.08343692085046582,0.11423620361923309,55633897.0,0.1466528645206115,0.0,0.0,-1,0.0,0,39.68571428571429,0.03960113535568046,-0.02101694915254232,0.5554713548516653,1.7749559321446229,1.3245200563878745,0.17606364579730194,-0.21803127874884998,-0.22207713734286536,0.3123529411764706,0.0
2025-02-07,0.325,0.34,0.12483719770992088,-0.10704970524867116,0.07950985744512445,-2.369686120145882,-0.045120435280469655,0.30623999999999996,0.33336,0.36564333333333326,4,7,2,0.31899653155073215,0.35537219426635214,37.882177479492924,-0.024618887007367474,-0.028269920507214368,0.4067604273370351,0.2599595726629649,0.08507843574383146,0.07165022201815384,0.11462201213777334,55351796.0,-0.22779158932176502,0.0,0.0,-1,0.0,0,38.371428571428574,0.04394237824089681,-0.037647058823529506,-0.25106568669620033,1.8417168019117633,1.1374120130555971,0.14035087719298267,-0.0708976558033162,-0.049856830878059574,0.1298461538461539,0.0
2025-02-10,0.319,0.325,0.030697565383275848,-0.013902905168991493,-0.024932487856383984,0.07429861517701151,-0.018634079544892983,0.30823999999999996,0.3318,0.3661433333333334,0,10,2,0.3189971621778717,0.35302560108787784,38.77862595419848,-0.023006036235585947,-0.027217143652888687,0.4050194394420371,0.25858056055796286,0.0825340543400684,0.07174906431020639,0.11400712326629969,55047937.0,-0.34963392502158863,0.0,0.0,-1,0.0,0,44.71428571428572,0.05157245831759612,0.03815384615384605,-0.24511366980183671,1.876766431350887,1.1389810857983171,0.10000000000000009,-0.08909194745859506,0.22649612169117608,0.1410658307210031,0.0
2025-02-11,0.3157,0.319,-0.0866342319729021,-0.05884050002293335,-0.03741251286763466,-0.5927724325656764,-0.010398707220898735,0.30905,0.329135,0.36443666666666663,1,11,2,0.3183976781455314,0.3506174977918857,43.160577740017004,-0.021743477525664967,-0.026122410427443944,0.4005101917434598,0.2577598082565402,0.0824433222056962,0.07053877430724685,0.10761037554343128,54879966.0,-0.376461335425585,0.0,0.0,-1,0.0,0,45.4,0.0644846566559855,-0.030094043887147325,-0.28182516141118663,1.544830075265016,1.1197683276257258,-0.049096385542168774,-0.1444444444444445,1.2644589414730985,0.1146658219828952,0.0
2025-02-12,0.305,0.3157,-0.006159850892393276,-0.04969966855227265,0.0,-0.07202050600094852,-0.03448061895653429,0.30958,0.326505,0.35727,2,12,2,0.3159617366645257,0.3476744334182157,47.21189591078067,-0.021360065687115404,-0.025169941479378236,0.39733822069699626,0.2556717793030037,0.08282868805716515,0.07059879202531204,0.07336746799052431,54723667.0,-0.6072009655467192,0.0,0.0,-1,0.0,0,41.371428571428574,0.0630306851047245,-0.025974025974025927,-0.2829688792506044,1.2895034428335441,1.1207210793632743,0.033898305084745894,-0.1470917225950783,2.090618882319846,0.0662295081967213,0.0
2025-02-13,1.23,0.305,0.024097551579060524,1.3815058443880934,-0.03392502557857104,7.4461281578766485,1.3944576717590516,0.40367,0.36950500000000003,0.38086333333333333,3,13,2,0.4821505118164301,0.4045986635202663,90.02808988764045,0.05297292154464994,-0.0095413688745726,0.7802203680779165,-0.041210368077916504,0.9596313241040062,0.6834753365172096,0.5613704198529463,322497768.0,4.190225479153515,0.0,0.0,-1,0.0,0,46.60000000000001,0.011491236480695128,0.03278688524590167,4.2417828089102985,21.72123364044608,10.849834606024318,2.617647058823529,2.324324324324324,2.2355524767488397,0.7853658536585366,0.0
2025-02-14,0.6601,1.23,0.8443001745342874,-0.46254352514794234,0.7226376090706504,-2.9947115644500273,-0.6223781096717379,0.44118,0.382145,0.3868,4,14,2,0.5145049642134428,0.4210826207125072,60.68279983432933,0.06514522867444161,0.0053959506352302435,0.8128324283558837,-0.04854242835588357,0.9866991983147261,0.6968733212149529,0.5696084850468545,309095390.0,1.2907504686685285,465862.0,315481.7464,1,0.0,0,43.68571428571429,0.00961379457605356,-0.40422764227642277,-0.02888327956669429,22.66959104277289,11.062521019502384,1.031076923076923,0.6206727228087405,2.131268704860506,0.30616573246477813,0.0
2025-02-18,0.5418,0.6601,-0.13228450966995936,0.17752457011564504,-0.12725079066031691,-0.043497739960904766,-0.19749440904373047,0.46636,0.38973500000000005,0.39048333333333335,1,18,2,0.5194676979928168,0.42887083873105514,56.50627847538615,0.06450250373425626,0.017217261255035445,0.8263153104471422,-0.04684531044714213,0.9941513839593675,0.6991776016359603,0.5705669285445534,296263488.0,0.6966186809673395,235234.0,190304.306,1,0.0,0,46.8,-0.0005140111278605345,-0.027420087865474934,-0.04919288290324053,22.929055089946647,11.099100337172029,0.6984326018808775,0.38923076923076905,2.146885678300469,0.7842377260981912,0.0
2025-02-19,0.691,0.5418,-0.19378892561802694,0.003186407369408002,-0.11183106918495475,0.6010255577062298,0.24324289411667516,0.5022599999999999,0.40539499999999995,0.3981833333333333,2,19,2,0.5506553892668501,0.44578239752259996,60.07933645870898,0.07516586734255254,0.028806982472538864,0.862174271693754,-0.05138427169375415,0.993518530606287,0.6992965348940823,0.5717882208823305,319668729.0,1.2505164647290858,0.0,0.0,-1,0.0,0,47.62857142857143,-0.01620258505885568,-0.02380952380952365,0.10913146449253465,22.64049367283866,11.100988344113661,1.1887868229331642,0.8290100582318685,2.044347433717135,0.6981186685962373,0.0
2025-02-20,0.5893,0.691,0.28028095697147026,-0.16445455496553005,0.18805843457283888,-1.9874291837344789,-0.1592044319238021,0.53169,0.417465,0.4034566666666667,3,20,2,0.5576816821274228,0.45504159768243224,57.38608404684579,0.0745509429064023,0.03795577455931155,0.8805612990642182,-0.0456312990642182,0.9950658923937133,0.7005040646624242,0.5727090834102014,316461104.0,0.7421134668846554,0.0,0.0,-1,0.0,0,44.22857142857144,-0.008311498886481195,0.013024602026049216,-0.2335080571066496,22.830583640713506,11.120157284920102,0.9321311475409837,0.6938775510204083,2.0543185507724173,0.41422026132699824,0.0
2025-02-21,0.4699,0.5893,-0.31275571000389674,-0.3566749439387323,-0.21111864166053668,-0.5081947397353153,-0.22641548573509776,0.54468,0.42511,0.40462666666666663,4,21,2,0.5417213762860731,0.45600020428356564,54.305005820721775,0.06369479478227996,0.043103578603905235,0.8862672760562391,-0.036047276056239086,1.0054689369310532,0.7027578630243839,0.5748446589122878,314531459.0,0.19425043179645188,0.0,0.0,-1,0.0,0,36.971428571428575,0.001000879424624223,-0.13117257763448165,-0.25648293605471234,4.2189762130881086,11.155935224746283,-0.6179674796747967,0.48233438485804414,0.8974983303161939,0.2338795488401789,0.0
2025-02-24,0.42,0.4699,-0.12974393126284609,-0.19671029424605427,-0.16693290681432857,-1.0176332588930683,-0.11226519483135611,0.55418,0.43021000000000004,0.40696666666666664,0,24,2,0.5195902169613326,0.4536776104588195,52.964787447546065,0.0504827722373718,0.044579417330598545,0.8886276486873441,-0.0282076486873441,1.007476504904197,0.7041017270428248,0.5736646908949288,313833990.0,-0.04454453282606319,0.0,0.0,-1,0.0,0,29.542857142857144,0.0069432611047801525,-0.042987869759523296,-0.2777690385594782,3.1354418095590812,11.177268404678378,-0.36373276776246033,0.320754716981132,2.0535605599281963,0.18833333333333335,0.0
2025-02-25,0.4067,0.42,-0.06642303235316153,-0.08055008274331268,-0.07041908400914264,-0.20080818613335488,-0.03217889836423509,0.5629500000000001,0.435595,0.40885000000000005,1,25,2,0.49906472296836296,0.4506467968808312,51.72620973332717,0.03849520161401221,0.04336257418728128,0.8900359427169926,-0.018845942716992636,1.0078246534574455,0.7037733226592372,0.5738331164691202,313263412.0,-0.1271672390574836,0.0,0.0,-1,0.0,0,24.2,0.006651643843959083,0.0019047619047619594,-0.2801417590097071,2.9890324649217974,11.172055146707761,-0.24935400516795858,0.3602006688963211,1.6597947484848858,0.17064175067617413,0.0
2025-02-26,0.3679,0.4067,0.02649938151438742,0.017980636198059428,-0.01133156600954997,0.3695622516077184,-0.10026465080245016,0.56817,0.43861,0.4088133333333333,2,26,2,0.4752165915195697,0.4453082938562615,51.68321403832833,0.025569381876462516,0.03980393572511753,0.8902670189129132,-0.01304701891291321,1.0102784890608667,0.7050871540619167,0.5746207584604799,312437728.0,-0.31311369928531557,0.0,0.0,-1,0.0,0,21.25714285714286,0.014157242869219449,0.06245389722153916,-0.2765323483365988,1.0072694731192653,11.192911573644702,-0.46758321273516634,0.196033810143043,-0.06703024778117884,0.22044033704811092,0.0
2025-02-27,0.418,0.3679,-0.13588149217858508,-0.03317561041313123,0.014986849145924647,-0.4689180888552781,0.12767027041402762,0.5794699999999999,0.44452499999999995,0.4108266666666667,3,27,2,0.4648135748796479,0.44354646844618006,51.7967382290611,0.01914750735984705,0.03567265005206343,0.8915975450335499,-0.002547545033550036,1.007239517082892,0.7044344399264169,0.5744725888147669,312954341.0,-0.1186608316465035,0.0,0.0,-1,0.0,0,12.757142857142858,0.0005953249429295106,0.025278608317477507,-0.28196295866416327,1.9924611952536906,11.182550057966209,-0.2906838622094011,0.39472806139472794,0.9520413615762658,0.1476076555023923,0.0
2025-02-28,0.3709,0.418,0.05868899634867958,-0.04401688541677421,-0.046533380598640525,-0.02572224937877678,-0.1195489480292111,0.49356,0.44861500000000004,0.41085666666666665,4,28,2,0.44773837944698464,0.4388595995141685,51.04190311889953,0.01014065402221559,0.030566250846093865,0.8911745375904251,0.0060554624095749965,0.1977886918542954,0.7055044472567901,0.57541601073055,312450847.0,-0.3512069830112794,0.0,0.0,-1,0.0,0,20.65714285714285,0.011164239057017543,-0.043062200956937705,-0.28253709384026066,1.661567939054916,11.19953589774931,-0.21068312406895084,0.28294707713593903,1.7738008904608515,0.16149905634942036,0.0
2025-03-03,0.321,0.3709,-0.13353139262452274,-0.07580171341628185,-0.05998163539803742,-0.40358304454567107,-0.14449136136552929,0.45965,0.450415,0.40798,0,3,3,0.424695037729351,0.43125575438422215,50.044511706578824,-0.0010121872425636336,0.024250563228362366,0.8904582766954667,0.010371723304533287,0.1511569503999505,0.7071257301184459,0.5765183158662254,312114552.0,-0.588192147698973,0.0,0.0,-1,0.0,0,12.342857142857143,0.024396377969355083,-0.05634942032892971,-0.28549807064648586,1.7408996100383909,11.225272965290305,-0.23571428571428565,0.12631578947368438,1.6339718076636531,0.15732087227414343,0.0
2025-03-04,0.3148,0.321,-0.09336920756739944,-0.1235642779869313,-0.12028381845390644,0.4525515653886358,-0.019503606586767638,0.43695000000000006,0.451655,0.40547333333333335,1,4,3,0.4047141217785599,0.42374247990782077,49.97999555456769,-0.010233220287703293,0.017353806525149236,0.8899311949377289,0.013378805062271126,0.14547079095554394,0.7074092649400149,0.5763953925916515,311585789.0,-0.6245148679336535,0.0,0.0,-1,0.0,0,11.042857142857144,0.028042567278557886,-0.006853582554517243,-0.2826441609769327,1.7502149771593245,11.229773941045696,-0.22596508482911237,0.0855172413793106,1.5017526507318584,0.13881829733163917,0.0
2025-03-05,0.354,0.3148,-0.0377161993288627,0.12086376324825567,0.0650885459025515,0.07312744138708538,0.1173593965905261,0.40325,0.4527550000000001,0.40468,2,5,3,0.39549337236427623,0.41924296507505815,51.07550482879719,-0.014213992955118104,0.011040246629095769,0.889875623960023,0.015634376039977138,0.112860373302461,0.70735847977419,0.5762630699382935,312154668.0,-0.45184324228559747,0.0,0.0,-1,0.0,0,11.514285714285714,0.019242012464363335,-0.02477763659466337,-0.28221340560498664,2.0269377582310177,11.228967751531313,-0.0377820059798859,0.06626506024096379,0.16239063321488098,0.1884180790960453,0.0
2025-03-06,0.358,0.354,0.07527062778986578,0.1554632692910857,0.08502987039676865,0.42597192290486385,0.01123607326692597,0.38012,0.455905,0.4050166666666667,3,6,3,0.38867639557077144,0.4152918060379576,17.870302137067057,-0.016851760794772186,0.005461845144322178,0.8891296310447185,0.022680368955281416,0.11018010485745945,0.7059534174054533,0.5757279037320472,313025666.0,-0.45198261125597916,0.0,0.0,-1,0.0,0,17.2,0.019161815589563473,-0.06497175141242928,-0.26456256879221496,1.6532921456664316,11.206663077906038,-0.1435406698564593,0.21355932203389827,0.5721605091135585,0.2849162011173184,0.0
2025-03-07,0.3709,0.358,0.026827242233144276,-0.0469169197877516,0.016529301951210506,-0.46748418224611654,0.03539949809484495,0.37022,0.45745,0.4068133333333333,4,7,3,0.385444323648813,0.4124278185516378,31.92500000000001,-0.017697285332452573,0.0008300190489672283,0.8891519317668171,0.025748068233182986,0.09681076107038836,0.7060358208752042,0.5750178103691928,313571413.0,-0.4009711035842658,0.0,0.0,-1,0.0,0,17.642857142857146,0.014387247017676399,-0.05027932960893844,-0.2678108413575378,1.4921359644755559,11.207971192434817,0.0,0.09088235294117641,-0.4240995214575648,0.2067942841736317,0.0
2025-03-10,0.339,0.3709,0.051587368790493054,-0.12161131487386714,-0.04418083328172068,-1.1043493134408504,-0.08993237711509477,0.36212,0.45815,0.40751333333333334,0,10,3,0.3769999011672106,0.4076905399354031,35.790358744394624,-0.020702784211461933,-0.003476541603118604,0.8889921984862497,0.027307801513750285,0.09498807949779065,0.7065504884453726,0.5756084876913913,313390538.0,-0.553102738861837,0.0,0.0,-1,0.0,0,17.071428571428573,0.02013531824870912,-0.03478026422216237,-0.2738548778344243,1.2249392119252391,11.21614128682603,0.05607476635514019,0.04307692307692301,0.33835930924927815,0.12979351032448372,0.0
2025-03-11,0.3301,0.339,-0.08144033194017429,-0.0659641944612453,-0.00155884676929119,-0.5761034183291963,-0.02660446852130298,0.35446,0.45870500000000003,0.40854999999999997,1,11,3,0.3684726464095359,0.40268469864924805,18.5243328100471,-0.023531562145597873,-0.007487545711614458,0.8888204482677534,0.028589551732246643,0.09491160173462648,0.7066206785590318,0.5753853641106682,313288871.0,-0.5980022364597398,0.0,0.0,-1,0.0,0,15.114285714285716,0.018455418925740423,-0.026548672566371702,-0.27500338431439436,1.237507399116116,11.217255520337455,0.04860228716645487,0.034796238244514166,0.3932566270385204,0.06422296273856407,0.0
2025-03-12,0.3316,0.3301,0.02985296314968113,0.07956984651702405,0.0062208598751025326,0.6469282895552246,0.00453378440199263,0.35083,0.45949999999999996,0.40935,2,12,3,0.3617685288805294,0.398098589058974,22.76474318325934,-0.02536001708378871,-0.011062039986049309,0.8885599958006636,0.030440004199336346,0.0908695598033998,0.7065079408457398,0.5754603621358972,313483021.0,-0.5961870193063669,0.0,0.0,-1,0.0,0,15.914285714285716,0.017192895980862963,0.029990911844895544,-0.27347200771631625,0.7447481362053904,11.215465864620962,-0.06327683615819202,0.05036426987646503,-1.1226147869518632,0.14324487334137512,0.0
2025-03-13,0.3303,0.3316,0.026126304592219998,-0.05699944396440529,-0.0003101256033539455,-0.9719716962250967,-0.003928090864395956,0.34206000000000003,0.460765,0.41037,3,13,3,0.3560469781749786,0.39372448653904024,30.338028169014095,-0.02660726790905177,-0.014171085570649802,0.8880525687608037,0.03347743123919622,0.07598850744651563,0.7062426796714234,0.5753519992299314,313409567.0,-0.6106660223154515,0.0,0.0,-1,0.0,0,15.185714285714289,0.01635494573122314,0.05247285886610365,-0.27542634705304436,0.7221469194629826,11.21125497402263,-0.0773743016759777,0.08295081967213114,-0.9502957128793244,0.08204662428095658,0.0
2025-03-14,0.3303,0.3303,-0.07741959897977058,-0.02755794406365779,-0.023220371806840185,0.29362051354031615,0.0,0.33799999999999997,0.41578,0.4117433333333333,4,14,3,0.35136570941589157,0.38963258418168284,35.2999016715831,-0.027281241998257266,-0.016793116856171297,0.6461368362268607,0.18542316377313922,0.0688407095591009,0.15033939610878905,0.5751677095680553,313409567.0,-0.7421529258703424,0.0,0.0,-1,0.0,0,22.057142857142857,0.015207728618015013,-0.022101120193763167,-0.48210788128278576,0.5955541036103837,2.3865639261569247,-0.10946346724184419,-0.7314634146341463,-1.7479647418972504,0.0756887677868605,0.0
2025-03-17,0.329,0.3303,0.0030911925696728796,-0.004716989878139021,0.000634719158090907,0.5322843171392182,-0.003943581631371988,0.33880000000000005,0.399225,0.41321,0,17,3,0.34729921679482034,0.3857208045570582,36.74513817809623,-0.02760209073483416,-0.01895491163190387,0.6015340067371414,0.19691599326285858,0.05302677608342989,0.11495928307943908,0.5751191426730227,313241802.0,-0.6942350331564111,0.0,0.0,-1,0.0,0,22.571428571428573,0.01510548986501003,-0.019073569482288746,-0.3938999576436686,0.1888228115535619,1.824922043558828,-0.029498525073746285,-0.5015906680805938,-1.7454039395871748,0.07051671732522796,0.0
2025-03-18,0.3173,0.329,-0.028170876966696335,-0.02847487453705678,-0.016635060504532097,0.02294576017204151,-0.03621005217622199,0.33904999999999996,0.388,0.41412,1,18,3,0.34184481374121667,0.38130655910176414,40.48872180451129,-0.02847224754286637,-0.02085837881409637,0.5817315016544296,0.19426849834557053,0.05404926423232214,0.10936905229921251,0.575368391191162,313070143.0,-0.729876136779364,0.0,0.0,-1,0.0,0,22.228571428571428,0.016095775200654697,-0.042553191489361736,-0.3116413098902699,0.25274169336335967,1.7361798810631996,-0.03877612844592537,-0.41435954226651894,-1.9618658689437427,0.0595650803655847,0.0
2025-03-19,0.3068,0.3173,0.021978906718775167,-0.02120220765060305,-0.02946203273031622,0.1919463947877903,-0.03365162909604882,0.33433,0.36879,0.41328000000000004,2,19,3,0.3354730294246318,0.3764996843210052,25.441696113074215,-0.02966713110992447,-0.022620129273261992,0.5030955886935666,0.2344844113064334,0.033416243427990155,0.08426202041098313,0.5754704061115317,312862160.0,-0.9231186967422061,0.0,0.0,-1,0.0,0,21.6,0.017553219178163562,0.01481248030255273,-0.5490932548504084,0.2772177804150761,1.3376181058518595,-0.07478890229191792,-0.5560057887120116,-0.5805767201465067,0.06844850065189054,0.0
2025-03-20,0.32,0.3068,0.021202207650603124,0.02454110891611766,0.01908580474422554,-0.7736395452873884,0.04212492630067115,0.33053,0.355325,0.4141133333333333,3,20,3,0.332659751347426,0.3728545433970694,36.7792207792208,-0.029212215031580557,-0.023938546424925704,0.44215227861804174,0.26849772138195827,0.037329185673359605,0.08178503786231246,0.5745509581813462,312958109.0,-0.8136843757454778,0.0,0.0,-1,0.0,0,21.685714285714287,0.014823191310964727,0.07203389830508478,-0.8469543971358409,0.505219915638612,1.2982972268980824,-0.031183772328186476,-0.45698286102155106,0.9212715682351645,0.0725,0.0
2025-03-21,0.3209,0.32,-0.07544197658759977,-0.003034903695154047,-0.005884292885689534,-0.22541556518804007,0.0028085523220390614,0.32553,0.34787500000000005,0.41347666666666666,4,21,3,0.33052161473880304,0.36950263737145206,49.96515679442513,-0.028451101693486858,-0.024841057478637935,0.4170927912678646,0.2786572087321355,0.03406135580945097,0.07068644861941692,0.5744381395174122,313034694.0,-0.7794238881622214,0.0,0.0,-1,0.0,0,22.685714285714287,0.016268477108627367,-0.04687500000000004,-1.1047018874537717,0.5076822422001013,1.1221125846559328,-0.02845897668785946,-0.3170887422855926,0.8258060861981213,0.07478965409784986,0.0
2025-03-24,0.3185,0.3209,0.06351340572232593,0.003034903695154111,0.009788006366162944,0.7329088756148237,-0.007507073103593157,0.32348,0.34280000000000005,0.41326,0,24,3,0.32833586660447517,0.36621214463781004,51.32426628489623,-0.02772201173693495,-0.02541724833029734,0.4041934678215657,0.2814065321784344,0.022747746894729866,0.06746762394063917,0.5742422793038577,312875311.0,-0.7916151624021539,0.0,0.0,-1,0.0,0,25.4,0.01576634464728862,0.01277656590838265,-0.7091750290741257,0.5076833689406429,1.0710153269721532,-0.03191489361702127,-0.24166666666666659,0.9364533988574097,0.06907378335949771,0.0
2025-03-25,0.314,0.3185,-0.0440322701505034,-0.0033389012655145986,0.0,-1.0073903923232181,-0.01422948910396465,0.32187,0.33816500000000005,0.4130933333333333,1,25,3,0.3257293454036615,0.36284361917730623,30.952380952381006,-0.02719384140930098,-0.025772566946098068,0.39287969634768155,0.28345030365231855,0.02185296068212953,0.06730647786615457,0.5742214078588141,312817109.0,-0.8833092976133831,0.0,0.0,-1,0.0,0,29.285714285714285,0.01821255783520705,-0.023547880690737853,-1.0010454180195871,0.44857430557095834,1.06845721234511,-0.010400252127324427,-0.2279321367101057,1.0563163802964295,0.06656050955414022,0.0
2025-03-26,0.314,0.314,0.05200043979968023,-0.003960401216097017,-0.006514681021193754,0.33567666037581834,0.0,0.32011,0.33547,0.41303666666666666,2,26,3,0.3235967371484503,0.3596924179400607,28.217821782178277,-0.02647013142144755,-0.025912079841167966,0.38932083097239967,0.2816191690276003,0.021684274325316815,0.06430071953738023,0.5741783312845012,312817109.0,-0.7973878810153952,0.0,0.0,-1,0.0,0,28.88571428571429,0.019476624847286534,0.04331210191082803,-0.8493356813124286,0.35471467481250785,1.0207422781105218,0.02346805736636237,-0.14650720304430553,1.74873984475007,0.06878980891719748,0.0
2025-03-27,0.317,0.314,-0.08801087732271333,-0.028170876966696335,-0.019802627296179754,0.12675784676843618,0.009508787969027356,0.31878,0.33042,0.4134366666666667,3,27,3,0.3223973303941866,0.35693806839554065,20.417124039517034,-0.025362152013055916,-0.025802094275545556,0.36824082963541066,0.2925991703645893,0.02218737639839995,0.055156099610113654,0.5739767763441902,312909530.0,-0.709661851914279,0.0,0.0,-1,0.0,0,28.342857142857145,0.021883646044780162,-0.044585987261146535,-0.721094328455746,0.1458530020157095,0.8755759371400041,-0.009375000000000022,-0.2416267942583732,-0.23666690237286095,0.058359621451104154,0.0
2025-03-28,0.303,0.317,0.03761686357130677,-0.005036208315342941,0.0023306153382825112,-0.38639915207822434,-0.04516896836791153,0.31605000000000005,0.327025,0.3825366666666667,4,28,3,0.318870543049789,0.3534581930151832,25.4098360655738,-0.025321858721432167,-0.02570604716472288,0.3615965961386311,0.2924534038613689,0.02548020162977831,0.05052369965200318,0.12421436437701554,312846730.0,-1.389869296381947,0.0,0.0,-1,0.0,0,26.371428571428574,0.024620096568060086,-0.017350157728706638,-0.7680736982865701,0.32389600309021604,0.8020388675647261,-0.05578061701464643,-0.18306821245618765,-1.237695858912415,0.05346534653465344,0.0
2025-03-31,0.3073,0.303,-0.004827040748315868,-0.0012630251126441938,0.00761971551488556,0.1480355692731344,0.014091663627069987,0.31388,0.32634,0.3707766666666667,0,31,3,0.31676680794982737,0.35048024507871983,33.3819241982508,-0.024658701769630864,-0.02549657808570448,0.361941797657063,0.290738202342937,0.02645124666003378,0.041117194660637395,0.09477633607754515,312919550.0,-1.0696089103929105,0.0,0.0,-1,0.0,0,21.11428571428572,0.024892551532521224,0.023102310231023125,-0.6596682716663955,0.37263351206239803,0.6527152300840763,-0.03516483516483515,-0.04267912772585669,-1.220737869349524,0.043931012040351484,0.0
2025-04-01,0.315,0.3073,-0.006472514505617479,0.007867861200613738,-0.006290370021681039,-0.06277864976494879,0.02474816968919396,0.31365,0.32635000000000003,0.36321666666666663,1,1,4,0.3164455701407678,0.34819119700912504,38.90374331550807,-0.0232438784966284,-0.025046038167889268,0.3619382593974583,0.2907617406025418,0.02598902609401908,0.04129603307632104,0.09023631118768173,312987939.0,-0.6378508076633082,0.0,0.0,-1,0.0,0,19.571428571428573,0.0228558057368851,0.002277904328018153,-0.6033634342013982,0.42497215033674673,0.6555542019206586,0.0031847133757962887,0.0006353240152476847,-1.6214281242496404,0.05682539682539691,0.0
2025-04-02,0.31,0.315,-0.019672765598704893,-0.006604836087969533,-0.0003321707388123748,-0.1282541816054321,-0.01600034134644119,0.31396999999999997,0.32415000000000005,0.3505166666666667,2,2,4,0.3152736482969918,0.34572724881498795,37.070063694267574,-0.02226937161895831,-0.02449070485810308,0.3579356711545144,0.2903643288454857,0.024084696435566582,0.02937399114145884,0.0718095045639212,312927782.0,-0.8376332046379588,0.0,0.0,-1,0.0,0,22.6,0.02160588489596807,-0.041269841269841304,-0.5678190573704732,0.44176365725271777,0.4662976534422864,-0.01273885350318471,-0.12429378531073443,-0.9616650959186286,0.051290322580645246,0.0
2025-04-03,0.301,0.31,0.022914259522875832,-0.006331138589896148,-0.003327790092674691,0.3285113811398117,-0.02946203273031622,0.31207,0.32130000000000003,0.34090666666666664,3,3,4,0.31267843951572055,0.34284161985918227,33.25714285714291,-0.021970035784670272,-0.02398657104341652,0.35258692339236786,0.2900130766076322,0.02076441815572709,0.029493936210304685,0.06794315836105458,312844230.0,-1.2976667437330744,0.0,0.0,-1,0.0,0,12.142857142857142,0.025957892156939995,-0.0032258064516129063,-0.4503485736078779,0.4613250912553111,0.46820172238121416,-0.050473186119873836,-0.15921787709497204,0.16819262729490464,0.04950166112956819,0.0
2025-04-04,0.27,0.301,-0.02955880224154439,-0.031943351499567396,-0.1407958099654563,1.4149573254367849,-0.10868830575050085,0.30698,0.316255,0.33424333333333334,4,4,4,0.30491872324013497,0.33814216051342855,24.82935153583621,-0.02395807710214065,-0.023980872255161344,0.34638499723286903,0.286125002767131,0.03668224959577927,0.03447876290084272,0.060755359120347505,312500304.0,-3.070362047663257,0.0,0.0,-1,0.0,0,5.385714285714286,0.03368063826144446,-0.0033222591362126277,3.0816199186462874,0.8004509880942057,0.5473333928927389,-0.10891089108910879,-0.2720409813966028,-1.2610517976255606,0.16444444444444442,0.0
2025-04-07,0.2321,0.27,-0.1823215567939546,-0.12188981760903676,-0.11927109545335127,-0.6755034105760682,-0.15125364571798353,0.29834,0.31091,0.32798000000000005,0,7,4,0.29167895537829225,0.3313007308028848,20.29288702928872,-0.028265994634607272,-0.02483789673105053,0.3574886894641532,0.26433131053584685,0.053344128559159126,0.041736763982915204,0.06278186095395943,312325280.0,-3.3839509400818137,0.0,0.0,-1,0.0,0,4.0,0.055771797030713506,-0.07407407407407414,0.7366120179461916,1.0701377701080543,0.6625505881643478,-0.24471200780995772,-0.3153392330383481,-0.3684157435591222,0.1667384747953469,0.0
2025-04-08,0.2722,0.2321,0.015873349156290163,0.023427132895139934,0.07814526864617981,0.08837074227031733,0.1593687769369743,0.29416000000000003,0.308015,0.32349666666666665,1,8,4,0.28813732712769363,0.3274877804285051,40.00000000000003,-0.02812016370266962,-0.02549435012537435,0.3567204854425752,0.2593095145574248,0.08359776420709347,0.0595573368791081,0.07167247619515746,312516475.0,-1.4706762359334915,0.0,0.0,-1,0.0,0,2.9,0.04577210373384538,0.09435588108573892,0.8823782880026764,1.921198749240093,0.9454434127884945,-0.13587301587301592,-0.17540139351711603,1.267420114213367,0.09662013225569431,0.0
2025-04-09,0.2879,0.2722,0.04050698427981742,0.042499313517279175,0.05598041341478077,-0.11304650017139234,0.05607610740076438,0.29155,0.30583,0.32083,2,9,4,0.2880941767408402,0.32493373007827897,40.85470085470088,-0.026433029340579783,-0.02568208596841544,0.3539984368876142,0.2576615631123858,0.08639069833635266,0.061302564955013725,0.07088837704485729,312687233.0,-0.7444709091073058,0.0,0.0,-1,0.0,0,9.5,0.04022778834797281,-0.02828802351212338,0.6266947366712923,2.0076415248816337,0.9731480496080988,-0.07129032258064516,-0.13178528347406515,0.6342929889023863,0.08301493574157685,0.0
2025-04-10,0.254,0.2879,0.022800464438333546,-0.04757730774422258,-0.13412568206096057,0.3150353036032162,-0.12527893059959358,0.28524999999999995,0.30201500000000003,0.31536333333333333,3,10,4,0.2818952355152329,0.32035736039580937,33.95683453237412,-0.02751424282508974,-0.026048517339750298,0.35396117757666284,0.2500688224233372,0.0930765470165484,0.06625441899615335,0.06847969095351075,312453242.0,-1.8486442021316734,0.0,0.0,-1,0.0,0,5.614285714285715,0.05658864723651122,-0.0600903091351163,1.3411798144946143,2.1582555396469427,1.0517562955373727,-0.15614617940199327,-0.23100211928549796,0.9523257445455112,0.17204724409448824,0.0
2025-04-11,0.2609,0.254,-0.07121262822526435,-0.022431534391752543,0.08571351827402972,-1.9893592678557774,0.02680292512414616,0.28104,0.298545,0.3116966666666667,4,11,4,0.2780779199670087,0.31652140166059584,36.478873239436645,-0.027497367431756015,-0.026338287358151444,0.3517912195009246,0.2452987804990754,0.09358456258161152,0.06676749736279683,0.06626796652099845,312485248.0,-1.4139971007461392,0.0,0.0,-1,0.0,0,8.385714285714286,0.06209643998594595,-0.007874015748031503,-1.2619174315293256,2.0618992650698873,1.0599011621047278,-0.03370370370370368,-0.2101120193763244,0.18845677695730273,0.06477577615944795,0.0
2025-04-14,0.261,0.2609,0.06862243251253564,0.003711956749140099,-0.007568249627850023,0.7471667122662508,0.0003832151800105374,0.27641,0.29514500000000005,0.3096966666666666,0,14,4,0.27497284360937074,0.31293937574700903,37.2962607861937,-0.027162808449152642,-0.026503191576351684,0.34888497724503836,0.24140502275496173,0.09327431377373002,0.0667937827046719,0.0619274162015052,312552813.0,-1.2707485842172572,0.0,0.0,-1,0.0,0,12.342857142857143,0.07374089403217025,0.03449597546952837,-0.7346403569952671,1.662005867732514,1.0603184289710943,0.12451529513140902,-0.20668693009118544,-0.02302215875629887,0.07586206896551718,0.0
2025-04-15,0.2501,0.261,-0.044704413299390705,-0.019454410790903293,-0.0370639043929184,0.6400567303400139,-0.04265956943912015,0.26992,0.291785,0.30754,1,15,4,0.27045050840766693,0.3088852224730085,35.44419134396357,-0.027460657583020076,-0.026694684777685364,0.34803696227296527,0.23553303772703477,0.09269269064187294,0.06693588456911087,0.06224081830035172,312424670.0,-1.4820816311339196,0.0,0.0,-1,0.0,0,13.114285714285716,0.07222337722295313,-0.011111111111111164,0.06463018362659957,1.081629856004426,1.0625742261359592,-0.08119030124908155,-0.21178695241096768,-0.855392756941145,0.09476209516193522,0.0
2025-04-16,0.2401,0.2501,-0.06855017323391314,-0.06234975842369659,-0.014629310015959155,-0.08529672530330597,-0.04080533465636573,0.26293,0.28845,0.3037433333333333,2,16,4,0.2649322341517275,0.3044474661844273,33.02428256070641,-0.028178793997497176,-0.026991506621647728,0.3487192030684428,0.22818079693155718,0.09291626496727134,0.06708023917750192,0.057425745878947713,312307004.0,-1.6044678720935746,0.0,0.0,-1,0.0,0,11.142857142857142,0.06838402673102692,-0.036385445821671324,-0.012384536200610564,0.8706646059658669,1.064865784502412,-0.16602987148315385,-0.2174054758800522,-0.7691378139107687,0.04664723032069977,0.0
2025-04-17,0.255,0.2401,0.020534602441707735,0.049804450380762616,-0.018271168998358584,0.011903444160166853,0.06020804193121849,0.25833,0.2852,0.30030999999999997,3,17,4,0.26312637339686795,0.3012573070757546,39.44591029023749,-0.027231706641346776,-0.02703954662558754,0.34531574797250236,0.22508425202749766,0.0964803220020506,0.0680014156528678,0.058843563360062676,312426079.0,-1.0047284120564828,0.0,0.0,-1,0.0,0,16.057142857142857,0.06337255915522157,0.024573094543939977,-0.009047556361863641,0.7063577199838709,1.079489007706939,0.003937007874015741,-0.203125,0.40158187316094407,0.11058823529411776,0.0
2025-04-21,0.254,0.255,0.016129381929883717,-0.024788256031695446,0.032900479014317766,-0.5523068506253384,-0.00392927813988955,0.25673,0.281855,0.29641333333333336,0,21,4,0.2614670327792556,0.29820844855473816,38.10798750557789,-0.026259125873521305,-0.026883462475174293,0.34104463188526507,0.22266536811473497,0.09106542107503862,0.06795601951065285,0.05822476509961844,312357537.0,-0.9412121384365079,0.0,0.0,-1,0.0,0,12.371428571428572,0.052850404626647515,-0.01960784313725492,-0.6748486073670495,0.6688792210501675,1.078768366290244,-0.02644691452663861,-0.20847616079775633,1.1231194419590187,0.05511811023622052,0.0
2025-04-22,5.31,0.254,2.9997242948235283,3.252045082338127,2.959825565090747,0.9514675732386695,3.0400128472174477,0.7645199999999999,0.53143,0.4621133333333333,1,22,4,1.1793821177284818,0.6215498389705615,97.3693194750019,0.3781297522308835,0.05411918046603727,2.781659783914866,-1.718799783914866,6.291049578598065,4.453657756607654,3.6361882619127996,312535027.0,4.2471840290785075,0.0,0.0,-1,0.0,0,13.600000000000003,-0.06204848278658999,18.763779527559056,0.7540230509795,141.35859523101507,70.6996250914661,19.344827586206893,15.671899529042385,2.2359435072410956,0.36534839924670426,0.0
2025-04-23,7.13,5.31,0.056161901550209586,0.20507538255598445,0.13272461565458246,1.1639058489355036,0.2947193991723571,1.4503,0.8722300000000001,0.6887766666666667,2,23,4,2.261312641777849,1.0414498493595574,98.11355363038632,0.8358346595522164,0.2104622762832731,4.57778044059396,-2.8333204405939605,6.285784772778757,4.450152390355707,3.634426315839306,313103424.0,3.377511708623211,0.0,0.0,-1,0.0,0,21.542857142857144,-0.06473646494635367,0.0,3.400836092315435,140.6948152318032,70.64397912732501,27.50859656137545,21.70700636942675,2.2344679587313925,0.3899018232819075,0.0
2025-04-24,6.1,7.13,0.24143105480102522,-0.14757981429611908,0.08826608229852625,-1.6852662325681051,-0.1560224632469391,2.03151,1.16153,0.8810566666666666,3,24,4,2.9592557978182397,1.3678079235944247,85.75921266834393,1.102744946945828,0.3889188104157841,5.5280729650561025,-3.2050129650561026,6.293114296598468,4.451984708325431,3.6354656200086706,312998046.0,2.2619587346424055,0.0,0.0,-1,0.0,0,24.08571428571429,-0.06404807952236458,-0.05189340813464237,-0.3360985487448568,140.88812879846498,70.67306627334911,24.406080799666803,18.426751592356688,2.2338440345289308,0.1934426229508198,0.0
2025-04-25,5.52,6.1,-0.11926342082681775,-0.14381743270752512,-0.07703000903160032,-1.0872609148877619,-0.09991091089026166,2.55811,1.4216799999999998,1.0540466666666668,4,25,4,3.4248456527603777,1.6356912833625263,80.32088155797352,1.2530279932291892,0.5617406469784652,6.17886365006207,-3.3355036500620705,6.292271173131639,4.453267292072416,3.636080179916397,312962519.0,1.7230026425179215,0.0,0.0,-1,0.0,0,34.51428571428572,-0.06332618468525239,-0.01639344262295076,-0.8639594797588248,141.17124416543865,70.69342665912993,20.64705882352941,16.413249211356465,2.233522257111052,0.12228260869565215,0.0
2025-04-28,5.41,5.52,0.009950330853168092,0.0024783160144670005,-0.04375537399003219,-0.12326217277456385,-0.02012876743061365,3.0730199999999996,1.6770299999999998,1.2233699999999998,0,28,4,3.7857828068039447,1.8791950715326862,79.65748324646314,1.3477166705938832,0.7189358517015488,6.720993799736231,-3.366933799736232,6.293930204742315,4.452973890601052,3.6362066847735406,312931112.0,1.4801731924385388,0.0,0.0,-1,0.0,0,32.142857142857146,-0.059738772532260495,0.09782608695652176,-0.875482749440003,141.1998935655861,70.68876905516474,20.299212598425196,16.854785478547857,2.233504644994186,0.17003696857670966,0.0
2025-04-29,5.235,5.41,-0.12461323917330794,-0.12461323917330794,-1.945506366742435e-05,-1.1890247484092493,-0.03288224853588994,3.57042,1.9234149999999999,1.3869033333333334,1,29,4,4.0492768419305,2.095698615304771,77.99287035783584,1.3925842477816759,0.8536655309175742,7.163269161198439,-3.31643916119844,6.295092035653892,4.45352432416241,3.6363890277120094,312921548.0,1.2639989198640549,0.0,0.0,-1,0.0,0,32.74285714285714,-0.05429293307298936,-0.011090573012939094,-1.002180042281159,3.056730823633014,70.69750691706444,-0.014124293785310549,16.035470224536283,1.8565376483528155,0.04011461318051575,0.0
2025-04-30,5.78,5.235,-0.053755743304823224,0.1869680659036107,-0.04577913766064448,2.348573143275433,0.09903683836178587,4.123410000000001,2.1966650000000003,1.568993333333333,2,30,4,4.363953779761318,2.333395478833496,79.23289012849038,1.4553427854896999,0.9740009818319995,7.649028621605557,-3.255698621605556,6.290019447146024,4.452657397455028,3.635559537576722,313021689.0,1.3144152696642106,0.0,0.0,-1,0.0,0,32.371428571428574,-0.05473859976116712,-0.03151862464183382,-0.3169918561041634,1.4879757219841452,70.68374488222854,-0.1893408134642356,17.34920634920635,0.7260173455237828,0.2664186851211073,0.0
2025-05-01,5.89,5.78,0.12062798778861472,1.5503996155198752e-05,0.1424679210520522,-0.5258096895658582,0.018852314979209195,4.6884,2.4756650000000002,1.7550999999999999,3,1,5,4.641416728895623,2.5628538350377865,79.75775623561216,1.4967024057966736,1.0785412666249343,8.090188959676965,-3.1388589596769654,6.287911925672204,4.452247385128149,3.6352279322630796,313080880.0,1.2162509322327106,0.0,0.0,-1,0.0,0,41.25714285714287,-0.0520596399570679,-0.010380622837370328,-0.6343497599785937,1.1656468373152447,70.67723613832017,-0.03442622950819674,18.0,0.5765601805797606,0.13382003395585737,0.0
2025-05-02,5.9,5.89,0.01904819497069463,-0.07565956284514068,-0.00030030295494156757,-2.03140064588211,0.0016963532481785555,5.2529,2.7556149999999997,1.9411,4,2,5,4.870250050914601,2.778153587615994,79.76438049594105,1.5128479498457645,1.1654026032691005,8.471026094953112,-2.959796094953113,6.290022223488022,4.451880238852132,3.6354794061419113,313088643.0,1.1003180515839328,0.0,0.0,-1,0.0,0,38.28571428571429,-0.0505100090843056,-0.01018675721561963,-0.9822761208188234,0.8546392031830976,70.67140787187343,0.06884057971014501,18.601328903654487,1.5311937589188878,0.05422033898305093,0.0
2025-05-05,6.66,5.9,0.011935350549272854,0.15748958109277283,0.03300010134022496,1.8515123075857582,0.12116713364062397,5.8934999999999995,3.0751150000000003,2.1524033333333334,0,5,5,5.195659132566492,3.028595291640769,81.2671018685013,1.5688839407691755,1.2460988707691156,8.918464332009187,-2.768234332009187,6.285443833767776,4.449164682667191,3.6347628918119885,313138089.0,1.2269966405610622,0.0,0.0,-1,0.0,0,53.057142857142864,-0.04837198089190289,0.0,-0.5904254994601318,1.0954477594143437,70.62829975385397,0.23105360443622924,23.666666666666664,0.35006535175357606,0.17267267267267272,0.0
2025-05-06,6.405,6.66,0.12116713364062397,-0.049790664503015565,0.053257176673531345,-1.96718819989258,-0.03904054920360014,6.003,3.38376,2.3552866666666663,1,6,5,5.415539290281675,3.2464278534703968,79.37366969237084,1.5745658830508318,1.3117922732254588,9.24689441101957,-2.47937441101957,0.1378408947576379,4.447834692810664,3.634964491494172,313131174.0,1.0305886879624244,0.0,0.0,-1,0.0,0,54.65714285714286,-0.049616730555378775,0.0,-0.853197025492333,1.1221089675824953,70.60718681941431,0.22349570200573066,26.595863851788025,0.2765442280080681,0.07650273224043719,0.0
2025-05-07,6.64,6.405,-0.0764206466350014,0.005988041844622693,0.0,0.6970441328828183,0.03603302813964474,5.954,3.7021500000000005,2.5661533333333333,2,7,5,5.638168510230461,3.4653679919561777,79.90076528466909,1.5798202152310363,1.3653978616265743,9.545391508290432,-2.1410915082904305,0.0828673862364769,4.449293805543549,3.6346482653306875,313145058.0,1.0055548776588328,0.0,0.0,-1,0.0,0,54.142857142857146,-0.05369347744459009,-0.03669008587041379,-0.7240339802589795,0.9847523128696513,70.63034951597044,0.14878892733563998,23.393828067597354,1.1200137196834492,0.07981927710843377,0.0
2025-05-08,6.61,6.64,0.07792102201023593,0.013343415173684356,0.001619433552302976,0.3646451142901558,-0.004528309624747511,6.005,4.018255,2.77602,3,8,5,5.814865144734013,3.6682474763461017,79.64915554726137,1.5635400456829802,1.4050262984378556,9.767058627108032,-1.730548627108032,0.0667577307014487,4.450014384090162,3.634676994130278,313125065.0,0.9016641263510309,0.0,0.0,-1,0.0,0,57.65714285714286,-0.05260908310926765,0.0045180722891566645,-0.6139218394868269,1.0144033147305933,70.641788345777,0.12224108658743638,21.95936088919764,1.3325244372569476,0.09228441754916797,0.0
2025-05-09,6.9,6.61,-0.07307056787648648,0.03045920748470844,0.00323102058144654,0.3712237246028408,0.04293775773961876,6.143000000000001,4.350555,2.9954533333333333,4,9,5,6.012162391146011,3.8767476391624824,80.19262220606943,1.556100710046377,1.43524118075956,9.949575641232297,-1.2484656412322979,0.05605430299885817,4.448015433625882,3.634468039586937,313154045.0,0.9106753353346769,0.0,0.0,-1,0.0,0,60.02857142857143,-0.04770159187095912,-0.06202723146747354,-0.47441131652458157,0.9977354866030724,70.61005599090727,0.1694915254237288,26.165354330708663,0.7567683886850292,0.11594202898550722,0.0
2025-05-12,6.68,6.9,0.07904965893254456,0.018401085370891156,0.03486882565082386,0.6859786910813328,-0.032403424054659416,6.2700000000000005,4.67151,3.20802,0,12,5,6.133587410937645,4.057602630184258,61.102106969205835,1.5149889717550629,1.4511907389586605,10.01347290392824,-0.6704529039282416,0.05720896369381334,4.44872349860444,3.634385635196008,313096499.0,0.7519670338867558,0.0,0.0,-1,0.0,0,64.4857142857143,-0.048548757479487545,-0.027536231884058026,-0.25360451364003744,0.6027662257271507,70.62129617397929,0.0030030030030030463,24.603679570716746,0.1893194445572859,0.1062874251497006,0.0
2025-05-13,6.31,6.68,0.010378150968713909,-0.016973533379705846,-0.017282441148748075,-0.5569562407466138,-0.05698231099543253,6.3774999999999995,4.97396,3.4081099999999998,1,13,5,6.1656624271308,4.202918589527209,41.31355932203389,1.4359984192846031,1.4481522750238491,9.93594660105515,0.011973398944850722,0.060065890496169366,4.449406860757971,3.6348403964507154,313063528.0,0.5385101200055218,2100.0,14164.71,1,0.0,0,68.2,-0.05346289165547235,0.0149700598802396,-0.43800223733814614,0.680512598912193,70.63214421186113,-0.014832162373146107,23.176245210727966,-0.1005986288631202,0.11093502377179085,0.0
2025-05-14,6.1,6.31,-0.01261612280916841,0.011347639497537415,-0.033846905373856165,-0.6483961219917082,-0.033846905373856165,6.4094999999999995,5.266455,3.6009433333333334,2,14,5,6.153723804016109,4.325310938589969,50.0,1.3409944431976664,1.4267207086586127,9.719562103785826,0.8133478962141742,0.05422387582212999,4.449302054473891,3.635211327945616,313046288.0,0.37436557467542547,2191.0,13930.5163,1,0.0,0,70.4,-0.06147857736913843,0.061014263074485056,-0.5184505857781108,0.6054592084362456,70.63048046368004,-0.08132530120481929,23.390243902439025,1.1268577755405842,0.16229508196721315,0.0
2025-05-15,5.85,6.1,-0.08979888261890116,-0.14712324401980142,-0.04184710993550049,-0.3914969927478266,-0.04184710993550049,6.405499999999999,5.54695,3.7856099999999997,3,15,5,6.098501294194998,4.423677974809971,54.62184873949581,1.2313361206999494,1.3876437910668802,9.322104369795742,1.7717956302042568,0.05599652184957627,4.44931444329882,3.635376439389039,313034633.0,0.16054972608518603,2036.0,12409.6326,1,0.0,0,69.14285714285714,-0.06331819838056724,0.00327868852459024,-0.5181027306984562,0.6162322943182725,70.63067713017884,-0.11497730711043885,23.364847980008328,1.9025938290119695,0.04615384615384623,0.0
2025-05-16,5.68,5.85,-0.05542980493933087,-0.03322564762832039,-0.06963410267275758,0.9418890667876526,-0.02949042851070515,6.3835,5.8182,3.96491,4,16,5,6.022410149795906,4.504731008693199,53.71900826446281,1.11782790654134,1.333680614161772,8.655450010318294,2.9809499896817067,0.05677331693488745,4.450379701758826,3.6353766207264138,313004740.0,-0.09741827438357928,2406.0,13401.42,1,0.0,0,70.60000000000001,-0.06169604296026186,-0.01025641025641019,-0.33557071961821383,0.16852803563122318,70.64758758398193,-0.1768115942028986,21.274509803921568,-1.4189915858369704,0.08160211267605631,0.0
2025-05-19,5.5,5.68,-0.04775443129589999,-0.02819790435896003,0.00794053366741769,-0.6716032528519265,-0.032203140494634706,6.2675,6.0805,4.139243333333334,0,19,5,5.92742648619665,4.568941911358153,53.645116918844565,1.001799215601788,1.2673043344497754,7.20462258181481,4.956377418185189,0.03345442799686359,4.450714584122544,3.6348809382052965,312989468.0,-1.0328055131902552,685.0,3897.8555,1,0.0,0,69.74285714285715,-0.057309836346643286,-0.028169014084507067,-0.42958279145928496,0.1689850487597827,70.65290367669908,-0.17664670658682635,20.653543307086615,-1.4176682825583473,0.04643636363636361,0.0
2025-05-20,4.85,5.5,-0.035026622111250696,-0.07491289156485086,-0.1257693872890335,0.35749310051407784,-0.1257693872890335,6.112,6.057499999999999,4.293173333333333,1,20,5,5.731530761433622,4.58707469127053,37.566844919786085,0.8476251789328879,1.183368503346398,7.263818889496683,4.851181110503315,0.04593096051331142,0.10363675534022598,3.6347133020730586,312967633.0,-2.001958206098901,1300.0,6836.049999999999,1,0.0,0,69.17142857142858,-0.0630526024010637,-0.030909090909090896,-0.320619239164012,0.6035077896757933,1.6451824878952988,-0.23137876386687795,-0.08662900188323919,-2.162265296381064,0.1010309278350516,0.0
2025-05-21,3.9,4.85,-0.10473532026390796,-0.10660973505825826,-0.22831152147265227,1.0191787636467473,-0.21800215181379104,5.838,5.896,4.4141,2,21,5,5.3985251684456905,4.542747291833722,28.275109170305683,0.6413905327799556,1.0749729092331095,7.339324379048746,4.452675620951254,0.0652348634382366,0.07628066188345124,3.637065840550929,312907130.0,-2.7658370203869302,0.0,0.0,-1,0.0,0,66.22857142857143,-0.07235247892322198,-0.010309278350515427,0.8667692178258524,1.1580318169560009,1.2109179671220953,-0.360655737704918,-0.45301542776998593,-1.1864438488642548,0.24102564102564103,0.0
2025-05-22,3.835,3.9,-0.1823215567939546,-0.11000089521432846,-0.028911343494420035,-1.227886144959161,-0.016807118316381174,5.560499999999999,5.782749999999999,4.532336666666667,3,22,5,5.1142478650919285,4.497086176231546,27.723840345199562,0.4673162027993971,0.953441567946367,7.489993006782875,4.0755069932171235,0.06440785419669609,0.07108481201095297,3.637512294399126,312889408.0,-2.2817489862445934,0.0,0.0,-1,0.0,0,66.8,-0.0711895727377807,0.025641025641025664,-0.5783981176658486,1.2247695702750976,1.1284364074485527,-0.34444444444444444,-0.371311475409836,-1.1199265203647,0.1434159061277705,0.0
2025-05-23,3.26,3.835,-0.06453852113757118,-0.1368591827171973,-0.16173492318556623,0.4274906273821624,-0.16244223944060335,5.1965,5.66975,4.632536666666667,4,23,5,4.777111889620668,4.417274164861769,11.797752808988747,0.27973869409326824,0.8187009931757473,7.7157768944053595,3.6237231055946397,0.06182393700379666,0.07506281799480563,3.637752106370016,312862233.0,-2.3555408842270857,0.0,0.0,-1,0.0,0,64.08571428571429,-0.07732313488184717,-0.02216427640156453,-0.16018231122606608,1.2192537877078509,1.1915852947317584,-0.426056338028169,-0.4094202898550725,0.055667175114817564,0.1717791411042945,0.0
2025-05-27,2.955,3.26,-0.11578503299371047,-0.00813970436041432,-0.10919929196499197,0.7462998308300641,-0.09822854452055464,4.824,5.547,4.72234,1,27,5,4.4458188187805465,4.322933896161009,11.666666666666671,0.10525786882102217,0.6760123683048023,7.926102882666952,3.1678971173330472,0.06063116101018046,0.07668251927722822,3.6385334031056287,312804916.0,-2.1789726025588196,0.0,0.0,-1,0.0,0,65.74285714285715,-0.08057286149153438,0.024539877300613522,1.0305731064929937,1.0619502482921765,1.217297255480774,-0.46272727272727276,-0.45378927911275413,0.5297308541163805,0.29089678510998307,0.0
2025-05-28,2.23,2.955,-0.15865181270804987,-0.17498217260430937,-0.3618832890458705,1.6805182686868736,-0.2814970653860342,4.4159999999999995,5.39675,4.787973333333334,2,28,5,4.042942669911356,4.187905902860299,5.811623246492985,-0.09047791016801465,0.5227143126102389,8.200479236495083,2.5930207635049167,0.07996863348070553,0.09094725958421411,3.6403168118826077,312497219.0,-2.258955650053231,29500.0,67260.0,1,0.0,0,64.74285714285715,-0.09910352787870079,-0.035532994923857864,3.9622369374856405,1.4128843704856247,1.4437429876959968,-0.5402061855670103,-0.574021012416428,0.388817800090868,0.5071300448430494,0.0
2025-05-29,1.81,2.23,-0.2818511521409879,-0.31008214545144747,-0.12932254785046798,-0.07182735954779491,-0.208674740194293,3.9869999999999997,5.19825,4.83997,3,29,5,3.6369530935638363,4.034492618804796,5.390334572490701,-0.2763053391746051,0.36291038225327016,8.418878044341394,1.9776219556586057,0.08158954402392044,0.09048633598198197,3.6413608123625143,312210848.0,-2.1040927131918354,0.0,0.0,-1,0.0,0,64.45714285714287,-0.10542178828089475,-0.03587443946188344,2.7291024603818044,1.3951035240439145,1.436426052346559,-0.5358974358974359,-0.6868512110726643,0.3554675695683407,0.2983425414364641,0.0
2025-05-30,3.38,1.81,0.3882637457496179,0.4383957859211761,0.462835139767123,4.636607294965281,0.624548864217193,3.7399999999999998,5.07275,4.944633333333333,4,30,5,3.590234349279502,3.9922672885593258,23.57357357357357,-0.29350568567065594,0.23162716866848496,8.374475984039625,1.7710240159603745,0.32140320659650706,0.2247903733818054,3.6393328758976913,341762516.0,-1.025372794824687,50000.0,154480.0,1,0.0,0,61.91428571428571,-0.08131861248658208,0.7513812154696131,4.2481826587674245,7.412105611387044,3.568436550537663,-0.11864406779661019,-0.42614601018675724,2.15785990807956,0.227810650887574,0.0
2025-06-02,3.08,3.38,0.009419221916491778,0.13423537012631687,0.06510041360613925,-3.4114785099747533,-0.0929461125094442,3.4799999999999995,4.931749999999999,5.038799999999999,0,2,6,3.4974644675923194,3.9334113344587243,23.29376854599407,-0.32756857041063103,0.11978802085266176,8.324333668440115,1.5391663315598838,0.32214116287428773,0.22545741393096538,3.6402981765825997,340787536.0,-1.091645884654877,0.0,0.0,-1,0.0,0,62.42857142857144,-0.08103258287910417,-0.0532544378698224,-0.09175810943000005,7.326590563259618,3.5790254909825028,-0.05521472392638027,-0.47796610169491527,2.1212236431462443,0.3548701298701297,0.0
2025-06-03,3.06,3.08,-0.07796154146971193,-0.15702837965487332,-0.022840604316256514,-0.9728378569992802,-0.006514681021193754,3.2359999999999998,4.7517499999999995,5.132333333333333,1,3,6,3.417925473484625,3.8770622161065487,24.569640062597813,-0.35211848215379504,0.025406720251370404,8.140254211222377,1.3632457887776224,0.322191072379728,0.22295476997610816,3.6403143755709904,340418985.0,-0.9985231798721675,300.0,975.0,1,0.0,0,54.57142857142857,-0.07966862823654984,-0.038961038961038995,-0.18633452492719843,7.244518342797023,3.5392972498343545,0.035532994923857864,-0.5405405405405406,2.015484753870276,0.18627450980392166,0.0
2025-06-04,3.27,3.06,-0.017036187152567852,-0.04145259676627729,0.0034423441909729197,-0.2946460551202198,0.06637506894487259,3.078,4.595,5.064333333333334,2,4,6,3.391029932851057,3.8378969118416104,27.856025039123637,-0.35058786050352486,-0.04979219589960865,7.951384332800956,1.2386156671990438,0.32151118396104766,0.2237989512154911,0.19779489506879885,340693480.0,-0.789540093517399,0.0,0.0,-1,0.0,0,54.88571428571429,-0.11524107412022237,-0.049019607843137226,-0.2027479797869213,6.713224056422128,3.5526982115595955,0.4663677130044843,-0.4894613583138173,1.952619243347365,0.12816513761467885,0.0
2025-06-05,2.94,3.27,0.11663690372576088,0.049203460888748066,3.43636707305109e-05,-0.6736549753205843,-0.10638040355857185,2.982,4.409999999999999,4.924666666666667,3,5,6,3.309024490514501,3.779968078819571,27.511591962905726,-0.3717181385780588,-0.11417738443529868,7.698984805776631,1.1210151942233684,0.31660869510724954,0.22421942190851896,0.18748013036367117,340553531.0,-0.8938928495006452,0.0,0.0,-1,0.0,0,57.97142857142858,-0.11854639037738443,0.0,-0.2242029909689029,6.4761539016492,3.559372976883652,0.6243093922651932,-0.5572289156626506,2.083388809799803,0.19962585034013605,0.0
2025-06-06,2.76,2.94,-0.10638040355857185,-0.13407895048932483,-0.07493567184384829,-0.5038522073614939,-0.06317890162153168,2.8745,4.217499999999999,4.813333333333333,4,6,6,3.209201855875501,3.7141636866376637,27.46913580246914,-0.3983960699632001,-0.17102112154087898,7.413686049521488,1.0213139504785107,0.3172541530018956,0.2243379214631661,0.1861300176593358,340468974.0,-0.9120245050930039,0.0,0.0,-1,0.0,0,61.77142857142858,-0.11803809676242451,0.0,-0.23314115676383135,1.1065585567104568,3.5612540989960615,-0.18343195266272194,-0.5824508320726173,1.0294215725833353,0.12978260869565206,0.0
2025-06-09,2.71,2.76,-0.06680866967211027,-0.10078587261761576,-0.08499321283339271,-0.2711638214057899,-0.01828204483744907,2.8195,4.008,4.719666666666667,0,9,6,3.118437882079955,3.6493789326610404,28.03149606299212,-0.41874606099186407,-0.22056610943107602,7.007054938862173,1.008945061137827,0.31303593691846415,0.22375817741247164,0.18549730075797954,340404500.0,-0.8656060168690708,0.0,0.0,-1,0.0,0,63.42857142857143,-0.11386324823907402,-0.0036231884057970243,-0.23647971203799534,1.0109392787806353,3.552050947502821,-0.1201298701298702,-0.6072463768115942,0.44428740453140864,0.10516605166051667,0.0
2025-06-10,2.64,2.71,0.010850016024065623,0.005410292728247479,0.010628797544530288,-0.2751154399190835,-0.02616971773338472,2.788,3.8059999999999996,4.627333333333334,1,10,6,3.0314491762472358,3.584257711199038,30.84922010398614,-0.43550179685771884,-0.2635532469164046,6.583307670160899,1.0286923298391,0.3111936726716244,0.22375742989621872,0.18551020706993512,340355533.0,-0.839662103358141,0.0,0.0,-1,0.0,0,64.0,-0.11324049131546628,0.025830258302582967,-0.23876792017130388,0.999551958472515,3.5520390810501836,-0.13725490196078427,-0.6047904191616766,0.758817836968523,0.10359848484848479,0.0
2025-06-11,2.27,2.64,-0.06310070636794361,-0.04789128770441479,-0.1304299973571508,0.9498148152951732,-0.15099908566491346,2.792,3.604,4.528499999999999,2,11,6,2.8930038714750106,3.499466891121681,34.296724470134876,-0.473182196218628,-0.3054790367768493,6.195972628185105,1.012027371814895,0.30289076374996615,0.22509860557271308,0.1869720407276691,340228942.0,-1.0293318575158448,0.0,0.0,-1,0.0,0,64.2,-0.11793830432752646,-0.011363636363636458,-0.22771955934437355,0.816967697526787,3.573329584876901,-0.3058103975535168,-0.6402535657686212,-0.5263038777962183,0.19823788546255494,0.0
2025-06-12,2.4,2.27,-0.07972347383203827,-0.02680900150570349,0.06595796779179737,-1.1780666599937226,0.05568890586058863,2.851,3.4189999999999996,4.4158333333333335,3,12,6,2.8033668039340998,3.428533543307379,36.346336822074214,-0.4869411165587296,-0.3417714527332254,5.778622182067043,1.0593778179329565,0.2929579561483191,0.22598922239970373,0.18613852014643398,340267916.0,-0.8636975934065424,0.0,0.0,-1,0.0,0,64.6,-0.1154509934093182,0.06167400881057274,-0.24121631128996707,1.139021079571949,3.587467688702901,-0.18367346938775508,-0.6065573770491803,-0.2573859587342555,0.09579166666666658,0.0
2025-06-13,2.23,2.4,-0.025211419346496056,-0.04758928854815594,-0.08430710645999397,0.7917780675167929,-0.07346715188187251,2.7359999999999998,3.2379999999999995,4.293833333333334,4,13,6,2.6991182941278993,3.351208798577871,39.38144329896907,-0.5057329644997348,-0.37456375508652734,5.355390151254387,1.120609848745612,0.06713568512322618,0.22617872429510782,0.18627221729159266,340181888.0,-0.952115508238138,0.0,0.0,-1,0.0,0,59.54285714285715,-0.11495310210041572,-0.02083333333333326,-0.23466082022405424,1.153521565543071,3.590475938032189,-0.19202898550724634,-0.6188034188034188,-0.14104974850557034,0.1345291479820627,0.0
2025-06-16,2.24,2.23,-0.07509045135506995,-0.02469261259037152,0.009216655104924048,0.3246271234719266,0.004474280394921107,2.652,3.066,4.171833333333334,0,16,6,2.615642240650099,3.279517908347041,42.15148188803513,-0.5138948628637738,-0.40242997664197666,4.886169454227462,1.2458305457725385,0.06586507189368127,0.22630559071108466,0.1862837766879392,340300909.0,-0.9076078033081603,0.0,0.0,-1,0.0,0,61.114285714285714,-0.11280494062455562,-0.02242152466367705,-0.2303602034998055,1.1905214096256795,3.5924898799505933,-0.17343173431734304,-0.6056338028169014,-0.35557361199428716,0.09821428571428559,0.0
2025-06-17,2.17,2.24,0.009132483563272474,-0.025317807984289897,-0.0421608108242781,-0.9379998813214994,-0.031748698314580416,2.563,2.8994999999999997,4.022166666666667,1,17,6,2.5346163787137175,3.2079361078085227,49.23076923076924,-0.5200172064496873,-0.4259474226035188,4.354859966323216,1.4441400336767836,0.06537526399832046,0.2263052043637351,0.18417643496944036,340254323.0,-1.0025011225820506,0.0,0.0,-1,0.0,0,57.42857142857144,-0.11374182235112852,-0.01785714285714287,-0.24163007235409914,1.1885080041855147,3.5924837468765536,-0.1780303030303031,-0.6054545454545455,-0.2857034991420787,0.1152073732718894,0.0
2025-06-18,2.21,2.17,-0.013730192811902131,0.041847109935500504,0.0,0.7319872183112015,0.01826534797729319,2.457,2.7674999999999996,3.8823333333333334,2,18,6,2.475595218947587,3.1435531331111988,55.68181818181818,-0.5156969091856629,-0.44389731991994763,3.9267488493564078,1.6082511506435915,0.058358715005527945,0.22549020688749935,0.18432223599586184,340351185.0,-0.9618297232893741,0.0,0.0,-1,0.0,0,54.285714285714285,-0.11235166732033962,0.0,-0.23458731249139322,0.7751582684340013,3.579546063028963,-0.026431718061673992,-0.5443298969072164,-0.23621920465225732,0.15837104072398195,0.0
2025-06-20,2.15,2.21,0.03620304866396064,-0.046773755864815636,0.028303776162851724,-1.1873389142209476,-0.027524673390090033,2.378,2.68,3.732666666666667,4,20,6,2.416396088229844,3.0794529309749925,19.402985074626883,-0.5112214978342404,-0.45736215550280623,3.7391903561322657,1.6208096438677344,0.05384297283339424,0.22172223439227903,0.1839809332546782,340321639.0,-1.0007643988288293,0.0,0.0,-1,0.0,0,54.51428571428573,-0.11388929704380653,0.018099547511312233,-0.24457764650447433,0.5516429907574957,3.519731354013256,-0.10416666666666663,-0.4487179487179487,-0.4307641269927002,0.08302325581395353,0.0
2025-06-23,2.12,2.15,-0.05012438718256863,-0.0751160617442211,-0.01877989465159636,-0.6689384284257344,-0.014051753455650302,2.314,2.5942499999999997,3.583,0,23,6,2.3625058903698726,3.017552741879832,22.413793103448285,-0.5042823977972652,-0.466746203961698,3.5302508715680734,1.658249128431926,0.0528072160914585,0.2217203278697461,0.18395304941663732,340306504.0,-1.0133537572577105,0.0,0.0,-1,0.0,0,56.60000000000001,-0.11325715841927202,-0.0046511627906975755,-0.24674886183171665,0.33482314060040524,3.51970108890631,-0.049327354260089606,-0.4471968709256845,0.4760970229112891,0.02358490566037748,0.0
2025-06-24,2.16,2.12,-0.009389740349839032,0.03404351690678296,0.004728141195946116,-0.14150114800340077,0.018692133012152546,2.259,2.53925,3.425,1,24,6,2.32568663757535,2.962226758532746,24.431818181818187,-0.48990808981619116,-0.4713785811325967,3.439111246612565,1.639388753387435,0.05458548294650007,0.21940535465509695,0.18368593075917417,340319642.0,-0.8429077292252498,0.0,0.0,-1,0.0,0,57.885714285714286,-0.11298171455642186,0.0,-0.24693904973333883,0.3854600739434545,3.4829520283998856,-0.0357142857142857,-0.3374233128834355,0.32179586641830593,0.05314814814814805,0.0
2025-06-25,2.26,2.16,0.014051753455650287,0.14130937057107834,0.014051753455650287,2.601651726519802,0.04525659158812065,2.221,2.5045,3.2776666666666667,2,25,6,2.31374361256165,2.9169218063693436,19.39393939393939,-0.4650859614570453,-0.4701200571974864,3.390329376464643,1.6186706235353576,0.05850266093604431,0.21862276138649359,0.18415345782213954,340496821.0,-0.5520250434136725,0.0,0.0,-1,0.0,0,59.25714285714286,-0.11371177785544227,-0.004629629629629736,-0.2229476799221692,0.4634809337036298,3.4705287454012597,0.041474654377880116,-0.23519458544839267,-0.008806207482421734,0.18761061946902655,0.0
2025-06-26,2.46,2.26,0.04100802372737725,-0.025178356030242374,0.04100802372737725,-0.6421660486281088,0.08479653666007705,2.24,2.516,3.1493333333333333,3,26,6,2.3403356830049864,2.8874429801519668,34.21052631578948,-0.42438388412202155,-0.46097282258239347,3.392749979362991,1.639250020637009,0.04722781455401169,0.21127213632639716,0.1851621660590633,340590044.0,-0.12774451398490425,0.0,0.0,-1,0.0,0,63.00000000000001,-0.11151616143504527,-0.008849557522123706,-0.23400180558881226,0.7415614088233984,3.3538411900618934,0.1131221719457014,0.10313901345291487,0.5302883709326413,0.10975609756097544,0.0
2025-06-27,2.48,2.46,0.10981486600720641,0.10933666403746582,0.10178269430994218,0.2815786124172951,0.008097210232619303,2.2479999999999998,2.5495,3.0286666666666666,4,27,6,2.3657291951858976,2.861156336271195,39.70588235294119,-0.3860630670176919,-0.44599087146945315,3.361475498721202,1.737524501278798,0.044108590394115466,0.20557353207676493,0.18520322937095265,340713585.0,-0.17118743141746814,0.0,0.0,-1,0.0,0,64.8,-0.11099450397409795,0.016260162601626032,-0.22808824434189595,0.626011924140364,3.263378652073677,0.15348837209302335,0.37016574585635365,0.7868135028018951,0.12903225806451607,0.0
2025-06-30,2.82,2.48,0.01980262729617973,0.007117467768863955,0.008032171697264253,-0.6116416879277613,0.1284783247731313,2.307,2.5215,2.9276666666666666,0,30,6,2.4483238869702797,2.858501088769828,53.33333333333334,-0.324517548579625,-0.42169620689148757,3.2468971688866706,1.7961028311133296,0.0529549901467937,0.06728571740294123,0.18725745360472795,340780601.0,0.8229974221105203,0.0,0.0,-1,0.0,0,69.22857142857143,-0.1056504102304073,0.02822580645161284,-0.38738224881348643,0.8447039571484687,1.06812765020852,0.33018867924528283,-0.16568047337278113,0.7667183845630607,0.1134751773049645,0.0
2025-07-01,2.55,2.82,0.08275396102891248,-0.0071174677688639896,-0.05070399437470579,2.085542698920709,-0.10064352577968741,2.338,2.495,2.823333333333333,1,1,7,2.4668104529756834,2.8385977927201616,47.567567567567565,-0.2941383811585796,-0.396184641744906,3.1715702982087377,1.8184297017912625,0.0653034621228667,0.06774992936661892,0.18787064121691843,340241192.0,0.1625847310933267,0.0,0.0,-1,0.0,0,67.54285714285714,-0.10827180466566509,-0.017730496453900648,3.1665339037002713,1.402270334756261,1.0754967866775924,0.18055555555555536,-0.17207792207792216,-0.7310281985625817,0.16611764705882354,0.0
2025-07-02,2.59,2.55,-0.11058876002235637,-0.0779615414697118,0.0426718226774415,-2.641687735224725,0.015564516541111548,2.38,2.4715,2.7263333333333333,2,2,7,2.4892085524346497,2.8225592254478933,60.526315789473685,-0.26379415162746334,-0.3697065437214175,3.0960933413849854,1.8469066586150142,0.06327127368078257,0.06794332403609178,0.18791155509094457,340279620.0,0.37944688855387354,0.0,0.0,-1,0.0,0,63.71428571428572,-0.10602068356406887,-0.027450980392156803,-0.6149659327876329,1.406119139007592,1.078566831879457,0.14601769911504436,-0.15359477124183007,-0.3849711017572274,0.04247104247104243,0.0
2025-07-03,2.57,2.59,0.03174869831458027,0.0038535693159899723,-0.04326112269028629,0.24702595883267195,-0.007751976804317936,2.416,2.4365,2.6503333333333337,3,3,7,2.5038979065374405,2.80626508187061,56.02836879432625,-0.23860942305889754,-0.3434871195889135,2.939261845888682,1.9337381541113183,0.06386342861882247,0.06562983813591057,0.18683670691750207,340230424.0,0.5310665520531899,0.0,0.0,-1,0.0,0,77.62857142857145,-0.10558773910389323,-0.011583011583011508,-0.45072441103399974,1.3204102632369252,1.0418413817582537,0.04471544715447151,-0.21406727828746186,0.5369401001682544,0.08754863813229576,0.0
2025-07-07,2.5,2.57,-0.007843177461025893,0.01526747213078838,0.009637619118717921,-0.07063343220289772,-0.027615167032973266,2.4509999999999996,2.4145,2.603666666666667,0,7,7,2.503189196257906,2.786506044330571,60.305343511450396,-0.22174264799168597,-0.319138225269468,2.85970722554939,1.9692927744506095,0.0638701963604471,0.06223224465068118,0.1835037224883257,340184583.0,0.38409080128693884,0.0,0.0,-1,0.0,0,75.08571428571429,-0.10770424064121631,-0.011673151750972686,-0.43792271646800146,1.3496280981378135,0.9879062572501925,0.008064516129032251,-0.14965986394557818,0.8806592423148195,0.0968,0.0
2025-07-08,3.38,2.5,0.15302518730552372,0.5852582185487603,0.19351802457807862,6.625022320442725,0.30158497762077224,2.577,2.4455,2.5885000000000002,1,8,7,2.662609342392832,2.8247959769544053,76.1467889908257,-0.13580152623826702,-0.2824708854632278,3.0498865963867203,1.8411134036132797,0.1222908628085319,0.10009068112283626,0.19454264894993542,374735909.0,3.092391544044284,205759.0,704724.575,1,0.0,0,74.62857142857142,-0.09637035290656529,0.184,4.248075090181221,2.7824178139269233,1.5888903048365515,0.198581560283688,0.2246376811594204,1.9123570465809352,0.5414201183431953,0.0
2025-07-09,2.73,3.38,0.0067340321813441194,-0.4376222197426957,-0.1320597220130665,-4.054861148475845,-0.21357410029805904,2.634,2.4465,2.5708333333333333,2,9,7,2.674862189230499,2.8186801074734764,60.1449275362319,-0.11877299465096458,-0.24973130730077517,3.0527924428961466,1.840207557103853,0.1450650123859682,0.11014627212822087,0.1958905598828159,374136862.0,0.9351922601765346,0.0,0.0,-1,0.0,0,75.91428571428571,-0.10440933262859274,-0.11834319526627217,-0.1618481310599726,3.1548991811450877,1.7485178633527052,0.07058823529411762,0.007380073800737907,1.2242303684923002,0.1868131868131869,0.0
2025-07-10,2.49,2.73,-0.12874898274430752,-0.11411330676742111,-0.04409531986522423,-1.0734770790210963,-0.09201889872025201,2.657,2.439,2.555333333333333,3,10,7,2.6412508820976806,2.797474939249381,54.72972972972973,-0.1232233132688787,-0.2244297084943959,3.0388912182065977,1.8391087817934024,0.14977539896330036,0.11194260269777878,0.19579204806125333,373932097.0,0.1700308270971761,0.0,0.0,-1,0.0,0,76.97142857142856,-0.10837206541070918,-0.04029304029304025,-0.21411731424223815,3.264374868542217,1.777033727109785,-0.03861003861003842,-0.05681818181818177,1.5363767042054768,0.11646586345381527,0.0
2025-07-11,2.3,2.49,-0.07528306042054835,-0.10617484795038444,-0.07221820781179922,-0.24190686832008396,-0.07937358754151243,2.6409999999999996,2.4405,2.557666666666667,4,11,7,2.579205267170829,2.7653797818784533,52.42718446601941,-0.14046247100919462,-0.20763626099735566,3.0387597569946445,1.8422402430053557,0.150350528552281,0.10851456940542381,0.19059971875042384,373771330.0,-0.4696956409229379,0.0,0.0,-1,0.0,0,75.25714285714285,-0.11102360960435592,-0.024096385542168693,-0.22006621966158968,3.3201768916329115,1.7226153856440574,-0.10505836575875482,0.013215859030836885,1.76218658895005,0.08043478260869569,0.0
2025-07-14,2.32,2.3,-0.0377403279828472,-0.031026273563100618,-0.0730918840053363,-0.34093708358281166,0.008658062743114531,2.625,2.4364999999999997,2.574666666666667,0,14,7,2.5320770367761325,2.736645602402424,53.246753246753244,-0.15077278011047746,-0.19626356481998003,3.036965608811699,1.8360343911883,0.15035295949016722,0.10784391318166317,0.18673955156476058,373885652.0,-0.3880322146360696,0.0,0.0,-1,0.0,0,76.11428571428573,-0.11276898068821171,0.017391304347826105,-0.2266163320036344,3.3157340929659815,1.7119690481443273,-0.07200000000000006,-0.033333333333333326,1.5977331664662113,0.1163793103448276,0.0
2025-07-15,2.27,2.32,0.04593709518702561,0.028987536873252406,0.05086429242676047,-0.702692072367628,-0.02178735418490718,2.57,2.4385,2.5376666666666665,1,15,7,2.484426666453199,2.7065394345054936,51.77993527508091,-0.16112105327973847,-0.18923506251193173,3.036330287480288,1.8406697125197118,0.14276593987690903,0.10661479572075926,0.09644210602996783,373829034.0,-0.5637051301304494,0.0,0.0,-1,0.0,0,73.4857142857143,-0.11360105030418353,0.056034482758620836,-0.23391160125091676,1.2241110370753319,1.6924574133424939,-0.32840236686390534,0.017937219730941756,-0.8702389494952916,0.10127753303964768,0.0
2025-07-16,2.21,2.27,-0.09858082867244755,-0.06836624570047019,-0.0320843977751642,0.7275207910151211,-0.026787315963649843,2.536,2.437,2.508666666666666,2,16,7,2.4345309089162535,2.674504632279333,49.180327868852466,-0.17217886213565858,-0.1858238224366771,3.0370736796842666,1.836926320315733,0.13997046379651584,0.1068595229120712,0.0953291680469248,373711838.0,-0.756573759807088,0.0,0.0,-1,0.0,0,72.94285714285715,-0.11367396573063668,-0.022026431718061595,-0.2260288252816178,0.6402606332511663,1.6963423370660942,-0.19047619047619047,-0.013392857142857206,-0.12641146222087932,0.06248868778280548,0.0
2025-07-17,3.03,2.21,0.6399554518101018,0.6401525692561478,0.3163373282121572,6.427825183986357,0.31557010399161634,2.58,2.4799999999999995,2.5076666666666663,3,17,7,2.5427980163860253,2.69743981729357,57.76566757493189,-0.1134671299044201,-0.17135248393022573,3.1213472661411092,1.8386527338588898,0.1842723308666718,0.13418325453332772,0.11768324825285426,446235846.0,1.7151394541969995,116132.0,371053.3532,1,0.0,0,74.17142857142858,-0.10244832017956329,0.9049773755656109,3.819630499744309,2.8802688618998706,2.130093129626793,0.21686746987951788,0.3963133640552996,2.075987553733874,0.4587458745874587,0.0
2025-07-18,3.03,3.03,-0.3256051322761598,-0.27092615872334186,-0.017094433359300183,-4.413419459902768,0.0,2.626,2.521,2.4996666666666667,4,18,7,2.6313801952249296,2.718895312952049,57.534246575342465,-0.06617483678986691,-0.150316954502154,3.1937445749726363,1.8482554250273637,0.18411640488537515,0.1342898133723928,0.11708298531650224,446235846.0,1.5132043243030342,0.0,0.0,-1,0.0,0,73.94285714285715,-0.10208724983376741,0.0033003300330033767,-0.2646090270337557,2.71377421069698,2.1317846987557645,0.31739130434782603,0.37104072398190047,2.195480286050145,0.13531353135313537,0.0
2025-07-21,2.86,3.03,-0.05060101329378949,-0.09833590072086183,-0.04586341679318119,-0.8172996790482773,-0.057740994689516566,2.662,2.5564999999999998,2.497,0,21,7,2.6729474324567604,2.727998841148691,50.57471264367816,-0.04192959475664315,-0.12863948255305183,3.2217035699475134,1.8912964300524862,0.18533582863443213,0.13501872859077388,0.11598701163027855,445847866.0,0.912502619382957,0.0,0.0,-1,0.0,0,73.28571428571429,-0.1026437149030814,-0.046204620462046105,-0.2936934309735145,2.8367165022321816,2.143355869123885,0.23275862068965525,0.3302325581395349,2.1655553124370335,0.08041958041958042,0.0
2025-07-22,2.65,2.86,-0.003466207976486284,-0.040821994520255166,-0.06333587517181076,-0.8021111589784643,-0.07626198483363039,2.589,2.5829999999999997,2.493333333333333,1,22,7,2.6687751720100765,2.7229666578487755,51.461988304093566,-0.03920834137156293,-0.11075325431675405,3.216456682353494,1.9495433176465053,0.14742287521817346,0.1365002373542611,0.11624795005382244,445673903.0,0.2115377479358927,0.0,0.0,-1,0.0,0,73.88571428571429,-0.10549190836158756,0.006993006993007,-0.30639698200847043,2.944898218860257,2.1668740916439844,0.1674008810572687,0.25,2.109914485723171,0.1056603773584905,0.0
2025-07-23,2.59,2.65,-0.024605810802200076,-0.024605810802200076,-0.0038535693159900777,-0.1497752340004021,-0.022901764286684455,2.575,2.6045000000000003,2.4893333333333336,2,23,7,2.6544524134627894,2.7143881637940157,50.0,-0.04141581132488659,-0.09688576571838056,3.2058834926736934,2.003116507326307,0.1339524409649545,0.1368188048913735,0.116281217989125,445524138.0,-0.04822214170041415,0.0,0.0,-1,0.0,0,76.3714285714286,-0.10615392094303984,0.060377358490566094,-0.308206258069241,2.9393849636406655,2.171931194517851,0.17194570135746612,0.19907407407407396,2.1047459104205335,0.08494208494208502,0.0
2025-07-24,2.55,2.59,-0.03623584845404486,-0.03623584845404486,-0.015564516541111573,-1.5022495353982541,-0.015564516541111573,2.581,2.6189999999999998,2.4863333333333335,3,24,7,2.635461065560464,2.703782475807305,49.710982658959544,-0.04586421870911561,-0.08668145631652757,3.199014518872175,2.0389854811278245,0.1304911569191879,0.13681959130239285,0.11620375596089395,445490796.0,-0.2379250786141314,0.0,0.0,-1,0.0,0,75.25714285714287,-0.10665370732055526,0.04633204633204638,-0.3143952129836877,0.48092931257507615,2.171943678405764,-0.15841584158415845,0.12831858407079655,-0.45221246961952855,0.06274509803921574,0.0
2025-07-25,2.55,2.55,-0.04143718986417318,-0.03759841355700755,-0.015810606026642315,0.3433084613621248,0.0,2.606,2.6234999999999995,2.4956666666666667,4,25,7,2.6199226900040156,2.693861025755221,50.73746312684366,-0.04882676901061567,-0.0791105188553452,3.1997044593237955,2.0472955406762035,0.12715098869071428,0.1357071797622251,0.11295219257232546,445490796.0,-0.255117775680721,0.0,0.0,-1,0.0,0,74.65714285714286,-0.10648556084928097,0.01960784313725501,-0.3134708443839028,0.48092931257507615,2.154284692660711,-0.15841584158415845,0.03658536585365857,-0.45221246961952855,0.03921568627450984,0.0
2025-07-28,2.69,2.55,-0.007722046093910278,0.05949709886464516,0.0,1.4739026470959669,0.053447834443412987,2.643,2.634,2.505333333333333,0,28,7,2.6326640190941943,2.6936119273194006,36.9811320754717,-0.03942333384500296,-0.07117308185327677,3.2068378111577487,2.061162188842251,0.1276778312733757,0.13608496962259595,0.11291839036000018,445696005.0,0.19551781991073452,0.0,0.0,-1,0.0,0,73.8,-0.10454992098451091,0.01176470588235304,-0.3047031439965905,0.7324628070607215,2.1602819207710096,-0.05944055944055937,0.08467741935483875,0.21559490927693234,0.09665427509293689,0.0
2025-07-29,3.15,2.69,-0.011696039763191411,0.23391564829612085,-0.06586742498762474,2.979277193987804,0.15786125922379385,2.731,2.6505,2.536,1,29,7,2.7267251065316134,2.723056319105246,58.53658536585366,0.00508845534566138,-0.05592077441348914,3.2634986691815273,2.037501330818473,0.13485968459950842,0.1379264322655637,0.11560304696160772,449733203.0,1.6296935869923825,0.0,0.0,-1,0.0,0,70.62857142857143,-0.10056533188858174,-0.05204460966542756,-0.09769066932761643,1.2786709215193077,2.1895142339824596,0.18867924528301883,0.1170212765957448,1.5635396177627963,0.36507936507936506,0.0
2025-07-30,2.66,3.15,0.042232763623272995,-0.20895891632225339,0.1049348931785344,-2.727368426526349,-0.16907633004393385,2.776,2.6559999999999997,2.55,2,30,7,2.714593268980411,2.718988169485553,53.13653136531365,0.000816057072300147,-0.04457340811633128,3.2671731600587677,2.0448268399412317,0.14754303706959124,0.14103374111958375,0.11983164082223183,449469206.0,0.013089580045091722,0.0,0.0,-1,0.0,0,68.02857142857142,-0.10468119179999712,-0.15555555555555547,-0.3125731561377124,1.8797992897170923,2.238841232828897,0.027027027027027195,0.04313725490196085,-0.1144594431993295,0.08646616541353383,0.0
2025-07-31,2.64,2.66,0.04412480490893789,0.008624672190513032,-0.03906746819090951,0.11590709763777217,-0.007547205635382966,2.7369999999999997,2.6584999999999996,2.5656666666666665,3,31,7,2.701030856438518,2.7138921585510016,56.69291338582678,-0.004136004903379398,-0.03648592747374091,3.2689450490355463,2.048054950964453,0.08478928000518467,0.14108456910931358,0.1196144429269368,449172766.0,-0.0606115162346816,0.0,0.0,-1,0.0,0,63.71428571428572,-0.10502448275921698,0.04511278195488709,-0.3115330430116678,1.8736123665201931,2.2396481021516954,0.03529411764705892,0.01930501930501949,-0.17967816658273797,0.1343181818181818,0.0
2025-08-01,2.42,2.64,-0.10616019582839055,-0.11633536519329285,-0.03796254084069073,0.990997826713611,-0.08701137698962981,2.676,2.651,2.572666666666667,4,1,8,2.64993433708606,2.6949313741283567,51.82481751824818,-0.02551854913044105,-0.034292451805080934,3.2696538867381486,2.032346113261851,0.08769046465006043,0.142572012508375,0.12088510757307458,448374180.0,-0.74678266782723,0.0,0.0,-1,0.0,0,49.8,-0.10546008738020883,-0.05303030303030307,-0.2851597392152594,1.9980913602648462,2.2632605340909024,-0.050980392156862675,-0.05836575875486383,0.3348889220797937,0.055165289256198236,0.0
2025-08-04,2.46,2.42,-0.020202707317519355,-0.019802627296179643,-0.02365859326548308,-2.3448332270397105,0.016393809775676352,2.636,2.649,2.5829999999999997,0,4,8,2.615400821252231,2.6797745112813662,53.47985347985348,-0.038789561853859844,-0.03519187381483672,3.2699635975409143,2.028036402459086,0.08726533246162516,0.14237732238866405,0.1206926574815116,448450735.0,-0.6087313354549652,0.0,0.0,-1,0.0,0,56.885714285714286,-0.10540359939780607,0.012396694214876136,-0.32657093996232994,1.9445580490432472,2.260169924254043,-0.08550185873605942,-0.016000000000000014,0.6325161446974343,0.05691056910569111,0.0
2025-08-05,2.61,2.46,0.028170876966696224,0.0857372322785649,0.04571846181080142,0.974743237587234,0.059188871390330654,2.632,2.6105,2.599333333333333,1,5,8,2.614418853751825,2.6752729299083753,57.09219858156029,-0.036779220690112524,-0.03550934318989188,3.12739253693016,2.0936074630698402,0.0870259252139189,0.11815766057854524,0.12093668408284264,448653643.0,-0.0019346381086083459,0.0,0.0,-1,0.0,0,55.02857142857143,-0.10492304081612773,0.024390243902439046,-0.23941923778827706,1.3629003035578993,1.8756947123280658,-0.17142857142857149,-0.22781065088757402,-0.6131463200971476,0.09708812260536402,0.0
2025-08-06,2.52,2.61,0.03509131981126998,-0.02370184135911225,0.011910651025835125,-0.932127020586039,-0.03509131981127006,2.625,2.6,2.6113333333333335,2,6,8,2.597251789433311,2.66525532152719,37.79904306220096,-0.041964517833158244,-0.036800378118545155,3.1152005230438133,2.084799476956187,0.08747622299004636,0.11011036265089334,0.1212446015330266,448573755.0,-0.31055869092429783,0.0,0.0,-1,0.0,0,55.31428571428573,-0.10446017473490087,0.0,-0.2453385314433882,0.8594150980161628,1.7479478180723915,-0.052631578947368474,-0.07692307692307687,-0.12625265748719305,0.06349206349206354,0.0
2025-08-07,2.32,2.52,-0.10068860229708337,-0.10314909464936906,-0.08765158187705306,0.12441475681077245,-0.08269171584511341,2.602,2.5915,2.613333333333333,3,7,8,2.546842373172709,2.642980784654468,34.49781659388647,-0.061503260405822324,-0.04174095457600059,3.119785210047699,2.063214789952301,0.0910500303291689,0.10976266210232895,0.12217067224555189,448483283.0,-1.027853874521629,0.0,0.0,-1,0.0,0,54.71428571428572,-0.10642767430373161,-0.06349206349206354,-0.24430697035557264,0.9900607384445562,1.742428242979059,-0.12121212121212133,-0.0682730923694781,0.5108077632939163,0.047025862068965606,0.0
2025-08-08,2.26,2.32,-0.03010980147137034,-0.025026098774628674,-0.013274336712907595,-0.8655875731174482,-0.026202372394024072,2.573,2.5895,2.606666666666667,4,8,8,2.4946892144140342,2.6182723469348255,36.23853211009175,-0.0808968249809201,-0.0495721286569845,3.1227117185877966,2.0562882814122037,0.09123772775302198,0.10845125889925075,0.12133374153847999,448445212.0,-1.235906820925378,0.0,0.0,-1,0.0,0,58.37142857142857,-0.10615758767935418,-0.012931034482758537,-0.2471486125727096,0.8465017796380635,1.7216103625157881,-0.06611570247933896,-0.017391304347826098,0.2944771736600123,0.03539823008849561,0.0
2025-08-11,2.14,2.26,-0.004376374599799,-0.025975486403260677,-0.09265883048270471,0.8241998661022489,-0.05455898425043425,2.518,2.5805,2.5953333333333335,0,11,8,2.430200266338755,2.5874160664874175,37.79904306220096,-0.10474196161404903,-0.06060609524839741,3.1383709528172643,2.0226290471827353,0.08930046443488004,0.1091902727529965,0.12176856378746438,448358408.0,-1.5792182682230074,4953.0,10527.1062,1,0.0,0,57.62857142857143,-0.10744319470684634,0.008849557522123902,-0.2440398556420037,0.8406807143334054,1.7333418437504446,-0.13008130081300806,-0.0775862068965516,1.396522766286916,0.10280373831775688,0.0
2025-08-12,2.18,2.14,-0.04027389913793985,-0.035718082602079114,0.019231361927887592,2.6513663071652966,0.01851904776723753,2.4210000000000003,2.576,2.574,1,12,8,2.3847093088226177,2.5611311589721004,40.096618357487934,-0.1190395249406988,-0.0722927811868577,3.145742324026146,2.006257675973854,0.06213692223992807,0.10912395244430405,0.11911290383959933,449588715.0,-1.3901020980910204,3579.0,7632.575400000001,1,0.0,0,62.25714285714286,-0.10721479829324597,0.023364485981308327,-0.1769976269950184,0.5757750850143389,1.732289041488405,-0.16475095785440608,-0.03964757709251099,0.5196031558982368,0.04587155963302756,0.0
2025-08-13,14.32,2.18,0.4660001923859264,2.0765965895476044,0.42433359241254714,5.359042199362913,1.8823322847315018,3.5870000000000006,3.1815,2.9663333333333335,2,13,8,4.554762161763961,3.3197678583932553,91.53140437544107,0.8395483046460073,0.1100754359797153,8.453009421308554,-2.090009421308554,1.7681769144022945,1.248964433836906,1.0233769588367752,711055153.0,4.225924345302631,36665.0,123854.37,1,0.0,0,63.34285714285714,-0.06462872104086412,0.6009174311926605,4.0910880772102,39.786600333519644,19.82669572978223,4.682539682539683,5.479638009049774,2.234898974953097,1.0013966480446927,0.0
2025-08-14,8.5,14.32,0.877138784264779,-0.6425949013971141,0.8379081200373646,-3.8671095849605384,-0.5215909980362289,4.173,3.4549999999999996,3.1633333333333336,3,14,8,5.2720781323523305,3.6539763836582067,64.8824412206103,1.1167376491410508,0.3114078786119824,9.2363547856789,-2.3263547856789013,1.7862620215554896,1.258137383350844,1.028693028065135,705585603.0,1.7452656641993538,0.0,0.0,-1,0.0,0,63.25714285714287,-0.07302655236790834,-0.4141061452513966,-0.14287149104606903,40.4522193940484,19.972311788999214,2.6637931034482762,1.8052805280528053,2.2109240836089863,0.2129411764705883,0.0
2025-08-15,8.79,8.5,-0.13098058773832996,0.42229630221513553,-0.008119124438504129,1.5702546773473276,0.033548548200814696,4.81,3.743,3.3706666666666663,4,15,8,5.911700290106452,3.9853327460028387,65.14399205561072,1.3443163361483812,0.5179895701192622,9.990307125136972,-2.504307125136973,1.7823950718822381,1.2578123917679287,1.0284688410564486,731882502.0,1.6157361560447832,0.0,0.0,-1,0.0,0,63.54285714285715,-0.0774599376973946,-0.13411764705882348,0.1925694386087568,40.35661197750128,19.967152707559716,2.8893805309734515,1.900990099009901,2.2077957295638164,0.764505119453925,0.0
2025-08-18,7.02,8.79,0.2022751388794616,-0.39346355212340123,-0.06453852113757118,-2.4628640030833493,-0.22485149365936588,5.266,3.9509999999999996,3.5213333333333328,0,18,8,6.1132093282689155,4.181117730131688,59.02097902097902,1.3661023007706667,0.6876121162495431,10.349696906813211,-2.4476969068132117,1.790411617783775,1.2600635214525824,1.0301321101943253,729642253.0,0.9592578128625492,0.0,0.0,-1,0.0,0,64.2,-0.08430168169516329,0.025028441410694047,-0.2217966528782496,40.62072664267687,20.00288828344701,2.2803738317757007,1.4545454545454546,2.208060463518016,0.37037037037037035,0.0
2025-08-19,8.11,7.02,-0.2962275452233261,0.26317365342304944,-0.0535842461341064,2.710707057324989,0.14433465008960183,5.816,4.223999999999999,3.679,1,19,8,6.476262177674567,4.434594005607063,62.35827664399093,1.4545545260357544,0.8410005982067854,10.850817605679612,-2.4028176056796138,1.7881584585034007,1.2581217227323243,1.0295458937235447,763335387.0,1.172810308426007,0.0,0.0,-1,0.0,0,59.88571428571429,-0.08259072272953308,-0.0455840455840455,0.2890861409528551,40.42336821762754,19.97206318438733,2.7201834862385317,2.060377358490566,2.1956091087376133,0.7176325524044389,0.0
2025-08-20,8.74,8.11,0.21414798840563187,-0.1871975025902795,0.2151607026582141,-1.7482559611341915,0.07481232154012263,6.438,4.531499999999999,3.8793333333333333,2,20,8,6.887850872642827,4.7123621342775746,63.45984112974404,1.5575349928270823,0.9843074771308449,11.4052189045629,-2.342218904562902,1.7847984829929109,1.2571781287891473,1.0275257727772145,769200596.0,1.2245190873913454,0.0,0.0,-1,0.0,0,55.91428571428572,-0.08237901706308647,0.02342786683107291,-0.19339873779809394,3.670225823957002,19.957084094913693,-0.38966480446927376,2.374517374517375,-0.8682455590270932,0.24483981693363854,0.0
2025-08-21,8.9,8.74,0.06979576193554192,-0.035905596467700085,0.005533367945655631,-1.159848254140229,0.018141087070650003,7.096000000000001,4.848999999999999,4.093,3,21,8,7.2536961685259485,4.9825323191628925,64.33628318584071,1.633231540964709,1.1140922898976178,11.92110055894199,-2.2231005589419928,1.781486063249884,1.2568189170494333,1.0267878640691475,771039537.0,1.1456285063361833,0.0,0.0,-1,0.0,0,52.60000000000001,-0.08292932205276463,0.018306636155606425,-0.26421931171028107,2.1116518488985774,19.951381785325903,0.04705882352941182,2.490196078431373,-1.3273639967241744,0.19476404494382038,0.0
2025-08-22,8.26,8.9,-0.016997576368571136,-0.1075607959674864,-0.0018410560585280938,-0.9449829297628213,-0.07462668920520749,7.696,5.1345,4.291666666666667,4,22,8,7.436660501521231,5.1939818469588355,62.50000000000001,1.6228714970159581,1.2158481313212859,12.276498761956471,-2.0074987619564704,1.7831085750440194,1.2576937800875119,1.0267512457440977,770324766.0,0.8752451811245635,0.0,0.0,-1,0.0,0,55.54285714285715,-0.08641692740495606,-0.0168539325842697,-0.2841587317714869,2.189598266495736,19.965269805505894,-0.060295790671217264,2.23921568627451,-0.5260040912435793,0.08958837772397098,0.0
2025-08-25,7.43,8.26,-0.07842496929912271,-0.09301214663068093,-0.12270915399243931,-0.2819758054582623,-0.10589872880321896,8.225,5.371499999999999,4.462,0,25,8,7.435449501244642,5.338241082638911,60.092127303182586,1.5300495651812849,1.2786884180932858,12.486481303374365,-1.7434813033743675,1.7848452598495193,1.2594597722853835,1.0275507404768225,769785620.0,0.5786382035954842,0.0,0.0,-1,0.0,0,53.942857142857136,-0.08986718298389366,-0.020581113801452777,-0.2874890757059797,1.6744182817177256,19.993304062542986,0.05840455840455849,1.7620817843866172,0.25082190440022445,0.11995962314939437,0.0
2025-08-26,6.75,7.43,-0.10138545730871328,-0.06925509223329333,-0.11778303565638339,-0.03430930378187142,-0.09598335384522932,8.682,5.5515,4.6113333333333335,1,26,8,7.310822319200161,5.42932230311382,58.643236616264815,1.3856443528870956,1.3000796050520478,12.611785591360835,-1.5087855913608346,1.7885475495314545,1.2616387929476087,1.0280807463593788,769264658.0,0.33950467994283934,0.0,0.0,-1,0.0,0,55.4,-0.09239667165606888,-0.016150740242261118,-0.2845482585248434,1.239176648326309,20.0278949431865,-0.16769420468557328,1.1428571428571428,0.8471597190104992,0.1703555555555555,0.0
2025-08-27,5.92,6.75,-0.07822038370681436,-0.09390452704965153,-0.10570779817564208,0.04303682261920101,-0.1312060559885241,7.841999999999999,5.714499999999999,4.735,2,27,8,7.057945533891041,5.46097892871938,57.17131474103586,1.1905047209997734,1.2781646282415928,12.643005496934467,-1.2140054969344698,0.15840391088807557,1.2611328340033403,1.02886128758655,768720786.0,0.05932015211387927,0.0,0.0,-1,0.0,0,59.11428571428572,-0.0978271937093907,0.00148148148148145,-0.28441576595683243,0.8669517359227904,20.01986309394564,-0.322654462242563,1.225563909774436,1.6242095004707653,0.18837837837837834,0.0
2025-08-28,4.99,5.92,-0.09619814789582165,-0.1128050489314019,-0.1861496456866194,0.608529222813089,-0.17090053913248693,7.491,5.831999999999999,4.800333333333333,3,28,8,6.681955436819942,5.430593191382647,55.25606469002696,0.9498625054641234,1.2125042036860991,12.619234457343133,-0.955234457343134,0.11278146470168396,1.2630799993979915,1.029729769500393,767721298.0,-0.24811283750159419,0.0,0.0,-1,0.0,0,64.42857142857143,-0.09785755326244817,0.03716216216216212,-0.277244469659884,0.518147753839679,20.05077338632019,-0.4393258426966292,0.8901515151515151,-0.7143071522366461,0.2725450901803606,0.0
2025-08-29,4.55,4.99,-0.1914839245559591,-0.1857606885897726,-0.0493133135405056,-1.2624537101177975,-0.09230867680056834,7.067,5.9384999999999994,4.851,4,29,8,6.294327175579952,5.373780727422477,54.58349182198554,0.7154007980733548,1.1130835225635503,12.56525684749245,-0.6882568474924513,0.10971797377874777,1.2631429120531112,1.030290275552234,767438484.0,-0.41905868344193276,0.0,0.0,-1,0.0,0,61.54285714285714,-0.10380019900720013,0.016032064128256526,-0.28907364519715745,0.45411020706456323,20.051772093758785,-0.4491525423728814,0.8801652892561984,-1.2265853139845917,0.12068131868131872,0.0
2025-09-02,3.79,4.55,-0.15316497250249927,-0.11393682060641942,-0.22040006536845885,1.092796545700331,-0.182761213868524,6.744,6.005,4.882,1,2,9,5.838994961838143,5.271601325653285,52.980377637911886,0.4629262319059624,0.9830520644320327,12.510361351668955,-0.5003613516689542,0.10518477373297246,1.2654090022006232,1.0312329907320663,766594962.0,-0.6809767760039157,18515.0,70902.02,1,0.0,0,62.45714285714286,-0.11373038119822583,-0.043956043956043994,-0.28015771165292536,0.5765953292763316,20.087745159631407,-0.4899057873485868,0.5406504065040652,-0.1234316983012319,0.23746701846965695,0.0
2025-09-03,2.89,3.79,-0.20041530023665358,-0.23141946061806956,-0.3089103730716347,0.9065799677332615,-0.2711095169699942,6.2219999999999995,6.019,4.890000000000001,2,3,9,5.302814059685753,5.117949627224041,13.76030437539633,0.18804813896107042,0.8240512793378404,12.494735763927462,-0.45673576392746096,0.09030433320085832,1.269096347888675,1.032840737708575,764506536.0,-0.9663766756604957,10940.0,35336.2,1,0.0,0,61.371428571428574,-0.11981066780731851,-0.06068601583113456,-0.26051418250243896,0.8853057084231584,20.146279957762474,-0.5718518518518518,0.10727969348659006,-0.5963070538397401,0.3217993079584774,0.0
2025-09-04,4.25,2.89,0.2925857600363106,0.366872083420486,0.3491842722095747,3.001343490129429,0.38566248081198456,5.773,6.1055,4.945333333333334,3,4,9,5.11139332156107,5.061952877080555,31.211317418213966,0.0790348394861713,0.6750479913675066,12.428868439451502,-0.21786843945150114,0.19643869114224052,1.2691726835061798,1.0341671582655299,806510087.0,-0.5868707533862914,0.0,0.0,-1,0.0,0,61.17142857142858,-0.11209761870213815,0.6505190311418683,0.38876768431534364,4.571860864031562,20.14749174812304,-0.2820945945945946,0.6865079365079365,2.049484644442029,0.33176470588235296,0.0
2025-09-05,3.86,4.25,-0.18863072598721922,-0.2131172080709855,-0.04027389913793996,-3.4061666939282205,-0.09625179945958601,5.269,6.182499999999999,4.989,4,5,9,4.8838672630954205,4.984407530172132,28.396143733567058,-0.038386233771783296,0.5323611463396486,12.34729606526562,0.017703934734377036,0.19496697252854078,1.2693332536503503,1.0346859760697462,805116909.0,-0.7534718019581171,0.0,0.0,-1,0.0,0,58.68571428571429,-0.11431898308260058,-0.0705882352941176,-0.3091721305591765,4.485406892906697,20.15004072013978,-0.22645290581162325,0.663793103448276,1.9685744262930291,0.1450777202072539,0.0
2025-09-08,3.74,3.86,-0.05730734525730641,0.14151605725510163,0.010899290458035638,0.4339003735393271,-0.03158157205029881,4.817,6.256500000000001,5.028666666666667,0,8,9,4.675891397078071,4.904123173386833,33.196721311475414,-0.13951800075426313,0.39798531692086625,12.256371138967008,0.25662886103299254,0.19525157544954716,1.269388456589813,1.0348559540282432,802966866.0,-0.8388513492085644,0.0,0.0,-1,0.0,0,58.22857142857144,-0.1151078852106041,-0.03367875647668391,-0.29817424350427485,4.4511414622701695,20.150917039636532,-0.17802197802197794,0.6548672566371685,1.815926088440615,0.31016042780748654,0.0
2025-09-09,3.67,3.74,-0.07513964458609133,-0.25243434823527516,-0.07891416675701036,-1.1794348196181297,-0.018893949359961738,4.441000000000001,6.333,5.061333333333333,1,9,9,4.493002052154785,4.824502323490909,24.599542334096114,-0.222746387982653,0.27383897594016243,12.148044372369856,0.5179556276301431,0.19515902863188173,1.2690136082854802,1.035171597336329,802305830.0,-0.9159001477798608,0.0,0.0,-1,0.0,0,57.942857142857136,-0.12038528168791912,-0.07486631016042787,-0.32429285813876224,4.244056908818972,20.144966507280696,-0.0316622691292876,0.7149532710280373,1.6195787823137977,0.09754768392370564,0.0
2025-09-10,3.87,3.67,0.03966525639243157,0.04717122219891392,0.05422155416663885,-0.34466715487753946,0.053062844975211666,4.1530000000000005,6.4174999999999995,5.085333333333334,2,10,9,4.379728951763006,4.76292152842698,20.697954271961507,-0.269460977543555,0.16517898524341895,12.02381551771833,0.8111844822816705,0.19744921943064814,1.2687282047224167,1.0352913843098144,802774145.0,-0.9087965141986111,0.0,0.0,-1,0.0,0,57.94285714285714,-0.12317652495531649,-0.019073569482288784,-0.32687636250454843,3.5914992158309107,20.14043586617375,0.33910034602076133,0.775229357798165,1.9499799288847017,0.09043927648578813,0.0
2025-09-11,3.85,3.87,0.043485111939738676,-0.0025348556031880663,0.0408219945202552,-0.13100545750324646,-0.005181358741997629,3.946,5.894,5.125,3,11,9,4.283414596897005,4.704023365302659,19.094247246022036,-0.30458538842410743,0.07122611050991368,10.197185600899417,1.5908143991005845,0.19538128335179322,0.174563693888111,1.0341660361715899,802363333.0,-0.9499938834024637,0.0,0.0,-1,0.0,0,60.34285714285715,-0.12526339710651066,-0.028423772609819202,-0.49351396404536696,0.8336896890138954,2.7711127318124853,-0.09411764705882353,-0.7311452513966481,-0.01625062756690544,0.04935064935064933,0.0
2025-09-12,3.84,3.85,0.06187540371808745,0.015113637810048106,0.021108963210235265,-0.7129668474256573,-0.0026007817000574785,3.8310000000000004,5.661,5.165,4,12,9,4.202793761097549,4.648279922379907,20.689655172413794,-0.32943117599805394,-0.008905346791679841,9.873752069609425,1.4482479303905738,0.18999782517202843,0.15308290082769124,1.0341411214355678,802161958.0,-0.8645180014919933,0.0,0.0,-1,0.0,0,61.34285714285714,-0.1278316678086673,0.03896103896103894,-0.4859805396421276,0.5215777229554807,2.430115713398609,-0.005181347150259086,-0.5482352941176472,1.5629607368820582,0.044270833333333315,0.0
2025-09-15,3.73,3.84,-0.040821994520255166,-0.0317486983145803,-0.0318329265732109,2.4100774129538145,-0.02906413294391124,3.749,5.4079999999999995,5.208666666666668,0,15,9,4.116831259079813,4.589036056419913,22.873900293255133,-0.35391797622267873,-0.07790787267787962,9.433119024065391,1.382880975934608,0.18825981824059645,0.1523658983792598,1.0337695077428941,799919683.0,-0.8337641644719418,0.0,0.0,-1,0.0,0,64.45714285714287,-0.13000557432035445,0.0,-0.2407875459325808,0.512802690274463,2.4187336523907645,-0.002673796791443861,-0.5756541524459613,1.6465053966722831,0.04423592493297588,0.0
2025-09-16,3.86,3.73,0.007782140442054949,0.024220431893788853,-0.06399958283296077,1.0667990273030137,0.03425894982101534,3.7560000000000002,5.25,5.255333333333334,1,16,9,4.070134666519847,4.542001472134758,26.953748006379584,-0.3586991675528237,-0.13406613165286846,9.25673117850954,1.243268821490461,0.17967014363573788,0.14762657325151768,1.0336941495242102,806435874.0,-0.6938324225270662,0.0,0.0,-1,0.0,0,64.37142857142858,-0.13145934795955885,0.037533512064343195,0.11579195801270403,0.5311483061363101,2.3434991983690545,0.05177111716621252,-0.45014245014245013,0.3598197904859823,0.1269430051813472,0.0
2025-09-17,3.61,3.86,-0.08068891125014276,-0.06773421807975533,0.019915309700941516,-2.7538848407835066,-0.06695941113194995,3.8280000000000003,5.025,5.288666666666667,2,17,9,3.9864738180616923,4.481872344900257,29.70123022847099,-0.3783003953180053,-0.18291298438589582,8.8570943840698,1.1929056159302007,0.1599872247794562,0.14195373276340637,1.0343193154956059,806020923.0,-0.7384995556906028,0.0,0.0,-1,0.0,0,63.77142857142858,-0.13543492999302084,-0.0751295336787565,-0.3384343348565258,0.5823839405650743,2.2534456474157696,-0.06718346253229979,-0.5548705302096177,-0.22860790620536944,0.04432132963988924,0.0
2025-09-18,3.57,3.61,-0.06360524995457252,-0.016304709024943697,-0.06698282055892728,0.01332446568718169,-0.011142176553241848,3.7600000000000002,4.7665,5.323666666666667,3,18,9,3.910751305686839,4.423041871035725,35.20833333333333,-0.39253725017314167,-0.224837837543345,8.22247438465139,1.3105256153486091,0.042672209467996804,0.13974161820524456,1.0341880256849665,805600406.0,-0.6924241136241481,0.0,0.0,-1,0.0,0,66.54285714285714,-0.13883881687428215,-0.07202216066481988,-0.3080347916903648,0.5787061497187869,2.2183294174608794,-0.07272727272727275,-0.5915331807780321,-0.07521662714299263,0.09243697478991598,0.0
2025-09-19,3.69,3.57,0.06360524995457266,0.10505087868415004,0.059915653335834894,0.6178923428872996,0.03306086226088821,3.743,4.506,5.3693333333333335,4,19,9,3.870614704652868,4.375748847097936,40.401785714285715,-0.38964547263601945,-0.2577993645618799,7.38783713335017,1.6241628666498302,0.03597809976510047,0.1400939337986895,1.0335450478054145,806380471.0,-0.5663054241038185,0.0,0.0,-1,0.0,0,66.22857142857144,-0.13892528940023585,0.0,-0.26299772146849415,0.674576729688391,2.2239222541204726,-0.0390625,-0.5853932584269663,-0.31616950632681967,0.1434417344173441,0.0
2025-09-22,3.65,3.69,0.00836824967051658,-0.06741202718421507,0.009880108599707237,-1.20930063178559,-0.010899290458035742,3.7340000000000004,4.275499999999999,5.415666666666667,0,22,9,3.8305029401705277,4.328926340833553,48.138297872340424,-0.3861303139088035,-0.28346555443126464,6.5708635189678475,1.9801364810321513,0.03483005992908102,0.13990899178303015,1.0334607240525904,806147695.0,-0.5450117115055194,0.0,0.0,-1,0.0,0,66.51428571428572,-0.14104839136398226,-0.024390243902438987,-0.3193707533622042,0.6503312308302032,2.2209863906380622,-0.02144772117962468,-0.5581113801452784,-0.7294322482686666,0.06301369863013698,0.0
2025-09-23,4.04,3.65,0.0,0.08348714426710005,0.011173300598125255,1.031938394192956,0.10151752437865867,3.771,4.106,5.479,1,23,9,3.8685933146849774,4.310285931747518,67.69230769230768,-0.34786481560219507,-0.29634540666545073,5.856565622876751,2.355434377123249,0.04816804685543472,0.1422136582300678,1.032788435869179,806800981.0,-0.07540419980547805,0.0,0.0,-1,0.0,0,56.771428571428565,-0.1427797576786324,-0.013698630136986254,-0.274557619153191,1.0165668639330445,2.257571836280961,0.04663212435233155,-0.45625841184387617,0.7109172615535211,0.12871287128712872,0.0
2025-09-24,4.08,4.04,0.1445812288111077,0.03341599691984402,0.08770558041910566,-0.35232448406316874,0.00985229644301164,3.7920000000000003,3.9725,5.542333333333334,2,24,9,3.907030893833163,4.295428774860582,45.59585492227979,-0.3107295697425765,-0.2992222392808759,5.204509483899725,2.7404905161002757,0.04565884403382689,0.14138852223031714,1.0328298272866137,807260275.0,0.17451164362749266,0.0,0.0,-1,0.0,0,54.57142857142857,-0.1446905562386312,0.02970297029702973,-0.29517889844000567,0.7770978748772704,2.2444732083620798,0.1301939058171746,-0.39555555555555555,1.5369828334293374,0.08088235294117638,0.0
2025-09-25,3.96,4.08,-0.039220713153281385,-0.05055227916283133,-0.03363835914882991,-0.9588145642261807,-0.02985296314968116,3.803,3.8745000000000003,5.197,3,25,9,3.916661640408951,4.273788208740545,53.01204819277108,-0.2876665757529313,-0.29691110657528696,4.698494762373419,3.0505052376265818,0.04695545492970094,0.13920662647453289,0.14591239998588376,807084206.0,0.2075255909484841,0.0,0.0,-1,0.0,0,50.65714285714286,-0.1460175605476827,-0.01960784313725492,-0.32361792557285723,0.8400864026185957,2.2098366870232447,0.10924369747899165,-0.33108108108108103,1.2330681341448233,0.06313131313131314,0.0
2025-09-26,4.11,3.96,0.01980262729617973,0.035128781859665205,0.03109058707003118,0.4990635782890915,0.037179003241754244,3.8299999999999996,3.8305,5.050666666666667,4,26,9,3.951814069425505,4.263221227531479,60.94674556213017,-0.2543532149262524,-0.2883995282454801,4.478979192538704,3.1820208074612952,0.048075123409984155,0.1352580724942745,0.12798481521686603,807374223.0,0.862016864121106,0.0,0.0,-1,0.0,0,51.28571428571428,-0.14743883603957403,0.03030303030303033,-0.3071303936442769,0.8443290375900026,2.1471553358027773,0.11382113821138229,-0.1763527054108216,1.1410982381274954,0.06686131386861312,0.0
2025-09-29,3.81,4.11,-0.004914014802429152,-0.017992499616677884,-0.03109058707003112,-0.45277257968030454,-0.07579383936953367,3.838,3.7934999999999994,4.884666666666666,0,29,9,3.9260296931663223,4.2339811483359,53.64583333333333,-0.2492860152480718,-0.28057682564599845,4.346549916846622,3.2404500831533767,0.053548068535279436,0.1347903028052492,0.1280146637774902,807189812.0,0.059669116647120185,0.0,0.0,-1,0.0,0,50.97142857142857,-0.15044592189698608,-0.012165450121654674,-0.3179464988121749,1.0824130773877343,2.1397297221946876,0.043835616438356206,-0.16263736263736261,0.358050805491834,0.08398950131233603,0.0
2025-09-30,3.78,3.81,-0.06093255099515738,-0.05487661022583437,-0.038002508098037735,0.08309850549430788,-0.007905179507113374,3.8299999999999996,3.793,4.776666666666667,1,30,9,3.899478839863354,4.204692041991649,47.42857142857142,-0.24486828313270959,-0.2734351171433407,4.346081320753252,3.2399186792467485,0.052453020399699325,0.12905890531950379,0.1233614643864991,806989422.0,-0.04700936195890833,0.0,0.0,-1,0.0,0,51.40000000000001,-0.15241049797993034,0.0026246719160104427,-0.31243062343365197,0.664391346947846,2.048746607721828,-0.06435643564356441,-0.0026385224274406704,-0.49449460900874354,0.0639417989417989,0.0
2025-10-01,4.19,3.78,0.0,0.1296778233085328,0.03800250809803784,1.8070224047403936,0.10297672430255016,3.8880000000000003,3.8579999999999997,4.646,2,1,10,3.9523008689791075,4.203744168314769,57.943925233644855,-0.20591002255078505,-0.25993009822482954,4.244814248904641,3.4711857510953585,0.057380987784893416,0.11724063622188888,0.12143114912770958,808210254.0,1.716586195778153,0.0,0.0,-1,0.0,0,52.48571428571428,-0.15457868179278852,0.010582010582010592,-0.1975507607962833,1.099658542106916,1.8611374019646554,0.026960784313725616,0.44982698961937717,0.6246785565177873,0.15274463007159916,0.0
2025-10-02,3.9,4.19,0.09483410267083896,-0.055569851154810765,0.015666116744399456,-1.454781148532038,-0.07172418079844574,3.9210000000000003,3.8405,4.4846666666666675,3,2,10,3.9427916200738147,4.184147770358978,51.2396694214876,-0.19617451898886973,-0.24717898237763758,4.181611187302649,3.499388812697351,0.06313609867663031,0.05425666088615527,0.12051072655462132,807925249.0,0.3488598569310999,0.0,0.0,-1,0.0,0,54.54285714285715,-0.15783414181339323,0.002386634844868684,-0.47320562813874834,1.2135719526148148,0.8612977900411932,-0.015151515151515138,-0.08235294117647063,0.6172557104494064,0.08717948717948726,0.0
2025-10-03,3.86,3.9,-0.08701137698962981,-0.031441525834819004,-0.0025940351770465356,-0.447418204706719,-0.010309369658861213,3.938,3.8405,4.316666666666666,4,3,10,3.9277385982422115,4.16323501098098,52.76595744680851,-0.18950226384504631,-0.23564363867111934,4.181611187302649,3.499388812697351,0.06288589882335029,0.05013547587357269,0.12030871406596866,807743052.0,0.11433222201943545,0.0,0.0,-1,0.0,0,52.57142857142857,-0.1640232602369683,-0.012820512820512775,-0.5001912986274945,1.164159405225044,0.7958760061401127,-0.060827250608272654,0.0,1.298533185709791,0.05699481865284979,0.0
2025-10-06,3.82,3.86,0.03822121282019767,-0.01734863833461309,-0.010443959161083262,-0.3215141678085984,-0.010416760858255715,3.9550000000000005,3.8445,4.168666666666667,0,6,10,3.908149762198173,4.141090816724143,49.115044247787615,-0.18530602675122365,-0.22557611628714022,4.182511211271357,3.5064887887286433,0.06287166183366782,0.049645417519275974,0.11993742486462469,807610950.0,-0.14496560577294867,0.0,0.0,-1,0.0,0,53.971428571428575,-0.17796886546565724,0.0362694300518135,-0.4719769862594148,1.0289868256731425,0.7880965709398404,0.002624671916010346,0.021390374331550666,1.2748402301926058,0.04973821989528795,0.0
2025-10-07,3.99,3.82,-0.03822121282019774,0.01980262729617973,-0.007905179507113374,1.3406315404347438,0.0435408082832884,3.95,3.8604999999999996,4.053999999999999,1,7,10,3.9230316236166867,4.131343022096779,58.71559633027522,-0.16634537345263034,-0.21372996772023825,4.193996626666249,3.5270033733337502,0.0542995664198533,0.05025200983517414,0.1194649771202084,808115772.0,0.7766195496160095,0.0,0.0,-1,0.0,0,51.85714285714285,-0.19727247978041695,0.007853403141361322,-0.2055189119220596,1.0634427340710824,0.7977259254302561,0.05555555555555558,0.08719346049046339,0.4717518176983885,0.0751879699248121,0.0
2025-10-08,3.97,3.99,0.04569322765889877,0.0,0.04145671367834613,-0.07053959058284345,-0.005025136202673043,3.939,3.8655,3.9613333333333336,2,8,10,3.9315713284136526,4.120933794864729,59.25925925925925,-0.15118992857820412,-0.20122195989183142,4.2025756591594385,3.5284243408405613,0.05420408324399767,0.04893449499057927,0.11857659412980125,807645333.0,0.620038837930871,0.0,0.0,-1,0.0,0,52.942857142857136,-0.19504964353169957,0.010025062656641612,-0.22963553774483086,0.6400052380995825,0.7768110256656525,-0.05250596658711226,0.025839793281653867,-0.28133646798091677,0.03526448362720406,0.0
2025-10-09,3.8,3.97,-0.007472014838701066,-0.019802627296179754,-0.06826797112900286,-0.22072904570509463,-0.04376502796675909,3.9229999999999996,3.8629999999999995,3.8906666666666667,3,9,10,3.9076492687020794,4.100228388744424,52.48868778280542,-0.1511542959435026,-0.19120842710216568,4.20129915132504,3.524700848674959,0.05513123445207219,0.04995435203895426,0.11686647644788876,807268072.0,-0.3724514220815697,0.0,0.0,-1,0.0,0,48.62857142857143,-0.1985078767450837,0.0075566750629722425,-0.2935052164652173,0.4980345258022783,0.793000754402672,-0.02564102564102566,-0.012987012987013102,0.8693087817966122,0.08421052631578943,0.0
2025-10-10,3.58,3.8,-0.05657035148839435,-0.01765493523872071,-0.02754995176823063,-0.684619284052277,-0.059638266319731105,3.87,3.85,3.8436666666666666,4,10,10,3.84807667439261,4.066665266889945,48.535564853556494,-0.16695368010784284,-0.18635747770330113,4.211225982625945,3.4887740173740553,0.055602280185217796,0.05163730588282882,0.11388865196906325,807077826.0,-1.494909076236574,0.0,0.0,-1,0.0,0,30.14285714285714,-0.21329667099783234,-0.005263157894736847,-0.4237483300331179,0.6286717657108599,0.8197168184360258,-0.07253886010362687,-0.06770833333333326,0.6605564083328584,0.09776536312849164,0.0
2025-10-13,3.63,3.58,-0.03774032798284697,-0.05760754926182616,-0.008415196925284585,-0.3184228505255722,0.013869847864150377,3.8519999999999994,3.845,3.813,0,13,10,3.8084263699575898,4.0384933141873685,40.00000000000001,-0.17344090496471454,-0.18377416315558381,4.215859598909109,3.474140401090892,0.05172859641841275,0.05136951827391004,0.11285079098156867,807216191.0,-1.1594684383655023,0.0,0.0,-1,0.0,0,29.74285714285714,-0.2188126766916905,0.016759776536312863,-0.39617069334550736,0.6611991885035251,0.8154658219317237,-0.04973821989528793,-0.02680965147453085,0.11047089497586278,0.04407713498622594,0.0
2025-10-14,3.72,3.63,-0.016620881236040407,0.013387080782459279,-0.017045867272988496,0.14999878702028138,0.02449102000829591,3.846,3.838,3.8106666666666666,1,14,10,3.7923488481471184,4.017945358433345,41.428571428571445,-0.16936746683303605,-0.18089282389107428,4.212930168933771,3.4630698310662287,0.05245854702063215,0.05105732733602847,0.10852900131071626,807376948.0,-0.6294505472075987,0.0,0.0,-1,0.0,0,28.285714285714285,-0.22538152465899594,-0.013774104683195544,-0.7936137151055602,0.5681319140603183,0.8105099444325077,-0.06766917293233088,-0.03626943005181338,-0.3349868943084244,0.0725806451612902,0.0
2025-10-15,3.51,3.72,0.03836086787244637,-0.010695289116747806,-0.011527505171067383,0.5722899624601456,-0.05810763080728081,3.778,3.8329999999999997,3.8313333333333337,2,15,10,3.741012693938551,3.9851746901473235,39.726027397260275,-0.18099804987137258,-0.18091386908713394,4.223093106292208,3.442906893707791,0.038503870345460295,0.050538774385222474,0.09925404890337781,807092035.0,-1.6560149092101573,0.0,0.0,-1,0.0,0,27.41428571428571,-0.23083099138588922,0.0,-0.30604822424375483,0.6338849043214956,0.8022781715357995,-0.11586901763224189,-0.027700831024930817,0.5563769587202417,0.07692307692307693,0.0
2025-10-16,2.79,3.51,-0.06956907432628742,-0.06956907432628742,-0.24883303742952068,0.6713719020186946,-0.2295744416445001,3.6670000000000003,3.7939999999999996,3.782666666666666,3,16,10,3.5681012950406323,3.90806664562169,26.086956521739154,-0.24548357162652135,-0.19382780959501142,4.3941894437748745,3.1938105562251247,0.07007592072980244,0.06825609333972123,0.060227107405546196,806534483.0,-3.3456103249179763,0.0,0.0,-1,0.0,0,23.11428571428572,-0.22520848120385634,-0.01139601139601128,0.6747030931091734,1.4563464504245522,1.083531890650287,-0.26578947368421046,-0.2184873949579832,-1.3124719977698434,0.27956989247311836,0.0
2025-10-17,2.91,2.79,-0.22530727375952067,-0.14918225521125378,0.02568948611531087,-1.2055559721043891,0.04211148535012685,3.572,3.755,3.7509999999999994,4,17,10,3.4484465141241536,3.8436752491299684,32.55813953488375,-0.2836362331540423,-0.21178949430681762,4.473375360025984,3.0366246399740158,0.07371297971302065,0.06860296679547039,0.05909518470552972,806701484.0,-2.352530576687473,0.0,0.0,-1,0.0,0,22.32857142857143,-0.22598834207598928,-0.007168458781362013,-0.6836423873763037,1.6161191479573047,1.0890383360522182,-0.1871508379888268,-0.21138211382113814,-1.5828650207767703,0.07872852233676986,0.0
2025-10-20,2.98,2.91,0.06634194813672195,0.02016925187180605,0.052922401454342745,-0.6822665357996478,0.02377021933391185,3.4880000000000004,3.7215000000000003,3.7256666666666667,0,20,10,3.3632744206470346,3.787954265315132,34.732824427480935,-0.30471155220661217,-0.23037390588677653,4.518660090900208,2.924339909099792,0.07526673641207061,0.06900814585493273,0.059196907823154885,806785898.0,-1.8603540454782364,0.0,0.0,-1,0.0,0,29.85714285714286,-0.23446113114480913,0.01718213058419238,-0.9549123528059491,1.6372040660932765,1.0954703542189486,-0.17906336088154273,-0.18356164383561646,-1.5854919183534746,0.04697986577181197,0.0
2025-10-21,2.91,2.98,0.0067340321813441194,-0.021541843774754803,-0.013841051411871468,1.7081003762296785,-0.023770219333911845,3.3800000000000003,3.665,3.700333333333333,1,21,10,3.280860889620301,3.7313120546496403,21.929824561403507,-0.32333510357592976,-0.24896614542460718,4.524828624294158,2.805171375705842,0.07160394519985444,0.06356048969063334,0.05923932922315752,806320062.0,-1.756163911430111,0.0,0.0,-1,0.0,0,28.542857142857148,0.003161037999150812,0.0,0.5465969828604428,1.5622394873900611,1.0089914935854034,-0.217741935483871,-0.27970297029702973,-1.42035927379449,0.039518900343642534,0.0
2025-10-22,2.75,2.91,-0.0551864155672909,-0.04277812201280418,-0.15822400521489416,0.10538842208542964,-0.05655216950492125,3.258,3.5985,3.663,2,22,10,3.184340727871155,3.668001599510954,23.255813953488385,-0.34700500731455763,-0.2685739178025973,4.526231245111189,2.670768754888811,0.07152650970927206,0.06391956106152928,0.05875931158796428,805802452.0,-1.8291935395542416,0.0,0.0,-1,0.0,0,26.37142857142857,0.04049759894732265,-0.030927835051546494,0.7328548325480134,1.5615129429292411,1.0146915748872856,-0.2165242165242165,-0.3259803921568628,-1.4369912436645793,0.14909090909090897,0.0
2025-10-23,2.62,2.75,0.0,-0.014084739881738972,0.020162706517497898,-0.7564857753357472,-0.04842659390547441,3.14,3.5315,3.622,3,23,10,3.0817333228036725,3.6003885930908925,22.321428571428584,-0.3719657010435169,-0.2892522744507813,4.539390449350709,2.5236095506492915,0.07160481638379636,0.06421938793646265,0.05915207364031227,805559531.0,-1.8087283207955702,0.0,0.0,-1,0.0,0,27.571428571428573,0.029442165925298264,0.025454545454545396,-0.35269279064977405,0.6896511156354139,1.0194511789719696,-0.06093189964157708,-0.33838383838383834,0.41947929238595805,0.12217557251908398,0.0
2025-10-24,2.65,2.62,-0.08507900923857578,-0.028778964550043175,0.02375652741733742,-1.0278516810635254,0.01138532222512521,3.0469999999999997,3.4584999999999995,3.582333333333333,4,24,10,3.0032363550211865,3.5390731999882545,23.766816143497778,-0.3848897123577326,-0.30837976203217154,4.500871284492454,2.4161287155075453,0.07238074719362035,0.06326623752829166,0.059276139415250964,805646442.0,-1.5512706691525369,0.0,0.0,-1,0.0,0,32.45714285714286,0.02143957014794028,-0.011450381679389407,-0.9042136319741187,0.555080024564779,1.004320385319609,-0.08934707903780081,-0.35523114355231156,0.24165477145976597,0.06792452830188686,0.0
2025-10-27,2.69,2.65,0.03042059670071172,-0.0036563112031105433,0.015504186535965254,0.241333810558604,0.014981553615616894,2.9530000000000003,3.4025000000000007,3.5476666666666667,0,27,10,2.94628429047188,3.48429428385998,19.047619047619037,-0.3874382715086675,-0.3241914639274707,4.484931473458911,2.3200685265410907,0.0724525269117904,0.062419611897649996,0.059352438092514774,805757075.0,-1.3164805670759128,0.0,0.0,-1,0.0,0,37.34285714285715,0.019147021771854816,0.007547169811320762,-0.7913028087482524,0.5144167434985432,0.9908806200861024,-0.09731543624161076,-0.29396325459317585,0.11236673357211534,0.04832713754646836,0.0
2025-10-28,2.59,2.69,0.011173300598125255,-0.011049836186584935,-0.023347363996991177,-0.22283175807127098,-0.037883317902301365,2.84,3.343,3.5053333333333336,1,28,10,2.881505328567901,3.426597878449659,18.348623853210995,-0.39299696290602526,-0.33795256372318166,4.468046899606123,2.217953100393877,0.07015431422478371,0.06258050816530185,0.0589709681743245,805668541.0,-1.3386108619358426,0.0,0.0,-1,0.0,0,39.34285714285714,0.019029160429809913,0.003717472118959194,-0.8417981188593651,0.5294869444707639,0.9934347691526142,-0.10996563573883167,-0.31481481481481477,0.4565347906388197,0.06177606177606183,0.0
2025-10-29,2.53,2.59,-0.03007745523727795,-0.026305950357183926,-0.019881370553828933,0.5759372067774613,-0.023438572972017582,2.742,3.2600000000000002,3.4693333333333336,2,29,10,2.8175952688282826,3.368752854033552,19.323671497584527,-0.3976597899221197,-0.3498940089629693,4.366725849187904,2.1532741508120967,0.06971091740746804,0.055207560329008795,0.058157460521099665,805511057.0,-1.3192065596654527,0.0,0.0,-1,0.0,0,42.114285714285714,0.028418897392590327,0.01158301158301168,-0.6332663050381716,0.4488485267247119,0.8763928507269151,-0.08000000000000007,-0.39618138424821014,0.2276943830624251,0.055296442687747006,0.0
2025-10-30,2.33,2.53,-0.071176278467895,-0.041576426845740325,-0.07071552479839785,-0.3021710628247818,-0.08235103516181953,2.696,3.1815,3.428,3,30,10,2.7289415835867765,3.301736540870097,19.512195121951223,-0.4127356824284947,-0.3624623436560744,4.3193701248605345,2.043629875139466,0.03918999983648294,0.05567986469739647,0.05950687745077263,805394643.0,-1.4966558685322124,0.0,0.0,-1,0.0,0,37.05714285714286,0.03450775281672445,-0.035573122529644216,-0.8192708120365293,0.6137806485163371,0.8838904501382144,-0.11068702290076338,-0.4025641025641026,-0.652399379765386,0.08703862660944219,0.0
2025-10-31,2.48,2.33,-0.037582711149042894,0.026211256845243534,0.008583743691391435,-0.19697998292162364,0.06239029259928158,2.653,3.1125,3.3876666666666666,4,31,10,2.68367947748009,3.248721280168801,23.25581395348837,-0.4078779266152157,-0.3715454602479027,4.244482425006583,1.9805175749934163,0.04321086934791233,0.0590358922251058,0.06058124532549774,805490243.0,-1.11750851608199,0.0,0.0,-1,0.0,0,34.45714285714286,0.029872240580817572,0.00858369098712447,-0.9024810111250693,0.863009375107093,0.9371657355266493,-0.0641509433962264,-0.3575129533678756,0.3788047121242597,0.10072580645161291,0.0
2025-11-03,2.31,2.48,0.0457460217882038,-0.03528992077844749,-0.030371097876298644,0.017770043676251863,-0.07101103564318857,2.586,3.037,3.3429999999999995,0,3,11,2.6157377543018914,3.188158616932104,18.38565022421524,-0.41298506463483786,-0.37983338112528975,4.171717214944841,1.902282785055159,0.04382572223573773,0.059958415181989515,0.06147567352849826,805392929.0,-1.2813765234633188,0.0,0.0,-1,0.0,0,32.6,0.0363001659893785,-0.008064516129032265,-0.8745368081711996,0.9011162584922645,0.9518103334626229,-0.1412639405204461,-0.39528795811518325,1.4020695704570805,0.09956709956709955,0.0
2025-11-04,2.19,2.31,-0.08923113372794264,-0.06613980250454507,-0.04045495469231364,0.2305109646319521,-0.053345980705292735,2.5140000000000002,2.947,3.2813333333333334,1,4,11,2.5383308898833654,3.1237612868074525,19.1588785046729,-0.4218526506657687,-0.3882372350333856,4.048503279015371,1.8454967209846291,0.044684527573969214,0.05809427096900646,0.05748747404851311,805270387.0,-1.3744852410728712,0.0,0.0,-1,0.0,0,20.94285714285714,0.039651473286786164,-0.025974025974025997,-0.6494422913788335,0.9158395969950199,0.9222179614895426,-0.15444015444015446,-0.45112781954887227,1.565975568428068,0.07305936073059346,0.0
2025-11-05,2.11,2.19,-0.004454350349380197,-0.034343736073777144,-0.06148508365068104,0.15520166186971288,-0.03721359634043432,2.45,2.854,3.2156666666666665,2,5,11,2.460452546268208,3.058357332819875,27.333333333333314,-0.4303745183462331,-0.39666469169595514,3.904742093648954,1.8032579063510459,0.043777971114568034,0.0578703641113933,0.0573207405207348,805127271.0,-1.4161419904979378,0.0,0.0,-1,0.0,0,23.057142857142857,0.041865161518891095,0.022831050228310626,-0.44623760279404784,0.9129339820843451,0.9186635503170243,-0.16600790513833985,-0.46851385390428213,1.8119600770972888,0.10000000000000014,0.0
2025-11-06,2.33,2.11,-0.018018505502678365,0.08028083126080289,0.0660617506780927,0.5108060590255652,0.09918032008963425,2.4210000000000003,2.7805000000000004,3.1613333333333333,3,6,11,2.43673390149217,3.011366537154077,31.875,-0.4145967848383778,-0.40025111032443966,3.7555460178060542,1.8054539821939466,0.0589251833587688,0.06498216229972584,0.061604890923058916,805365793.0,-0.9240589505994152,0.0,0.0,-1,0.0,0,24.342857142857145,0.03106920287572765,0.042654028436019106,0.24183284883542708,1.2224574075593198,1.0315598466018698,0.0,-0.3868421052631579,0.6604696610585594,0.11158798283261812,0.0
2025-11-07,2.21,2.33,0.026907452919924187,-0.050219756979026454,-0.06606175067809275,-0.4574267755840142,-0.05287575204794779,2.377,2.7119999999999997,3.098,4,7,11,2.3955095557663206,2.959665470240911,26.666666666666657,-0.4070832126047206,-0.40161753078049583,3.642005093363214,1.781994906636785,0.059721678926561335,0.0648119740395797,0.061087995903158825,805214830.0,-1.079563979987673,0.0,0.0,-1,0.0,0,20.428571428571427,0.03421658418751085,-0.030042918454935744,-0.34536092565376214,1.1247818497185977,1.028858191727413,-0.1088709677419355,-0.3826815642458101,2.09371440881169,0.12669683257918563,0.0
2025-11-10,2.24,2.21,-0.008888947417245815,-0.026088436084297967,0.055042355428482105,-1.0011023048581658,0.013483350337287207,2.332,2.6425,3.0456666666666665,0,10,11,2.367235091081535,2.9132354399027878,29.19254658385094,-0.39416422338912316,-0.40012686930222136,3.487519464115547,1.797480535884453,0.05963445192082758,0.06480068009605476,0.060471028988311255,805270305.0,-0.9526407783311427,0.0,0.0,-1,0.0,0,29.942857142857143,0.03265185232555595,0.013574660633484276,-0.9514515234851854,1.054281273121734,1.028678905932084,-0.030303030303030276,-0.38292011019283734,1.4867723671245419,0.046428571428571465,0.0
2025-11-11,2.2,2.24,-0.018018505502678365,0.004395611473037908,-0.0023573469975090794,-0.3724950401513041,-0.018018505502678365,2.293,2.5665,2.993,1,11,11,2.3368287108848924,2.8672202502316404,31.543624161073836,-0.38274149140095837,-0.3966497937219688,3.2640226840283377,1.8689773159716623,0.05920417238372344,0.0638843329193476,0.06045392035657967,805232082.0,-1.0508618813179995,0.0,0.0,-1,0.0,0,30.457142857142856,0.0344132415613347,-0.01785714285714287,-0.9990138725074964,0.9828341674672939,1.0141323454671043,0.004566210045662267,-0.4086021505376344,1.4658939652113798,0.05413636363636362,0.0
2025-11-12,2.33,2.2,0.0,0.025975486403260736,0.008800075219707998,2.6598406704673376,0.05741090721333902,2.273,2.5075,2.9309999999999996,2,12,11,2.3355871270876394,2.832560879248954,40.26845637583892,-0.35905996073899527,-0.3891318271253741,3.051786108970534,1.9632138910294659,0.0634498001091108,0.06597246256157198,0.057549879680429857,805778442.0,-0.6522304981684148,0.0,0.0,-1,0.0,0,34.57142857142858,0.031458095277353375,0.0,1.9951166348603522,0.9787086742336494,1.0472803758986322,0.10426540284360208,-0.33618233618233617,0.3003103669279977,0.06866952789699558,0.0
2025-11-13,1.91,2.33,0.05741090721333902,-0.004282661792000736,-0.15874838907588779,-0.8095543237441193,-0.1987650255190708,2.2310000000000003,2.4635000000000002,2.864666666666667,3,13,11,2.258207649435341,2.7730408225232153,30.319148936170222,-0.3699184770495485,-0.38528915711020895,3.0521031636066365,1.8748968363933638,0.08175453984619022,0.06239891423025603,0.06416892947705154,805535281.0,-1.8807238364417098,0.0,0.0,-1,0.0,0,24.542857142857144,0.047274600296170526,0.0,0.36340553774498985,1.4392011757693315,0.9905520548022411,-0.18025751072961382,-0.3154121863799284,-1.1620463032861834,0.24607329842931938,0.0
2025-11-14,1.8,1.91,-0.18834826466081506,-0.15773362884120823,-0.043963123421116176,-0.7388154878378844,-0.05931657715641939,2.163,2.4080000000000004,2.7960000000000003,4,14,11,2.1748971677198243,2.710263995263653,27.179487179487182,-0.38298519521822083,-0.38482836473181137,3.027833593965122,1.7881664060348785,0.0773202287077172,0.06136636653793404,0.0644671408662957,805419128.0,-1.961816868009941,0.0,0.0,-1,0.0,0,22.057142857142853,0.05151333095231496,0.010471204188481685,-0.46087980937643713,1.4441368312640668,0.9741608683380554,-0.18552036199095023,-0.38144329896907214,-1.0869709587318586,0.11666666666666664,0.0
2025-11-17,1.59,1.8,-0.08090663861280034,-0.09480779345866659,-0.12553774494377704,-0.0457835738447466,-0.12405264866997888,2.091,2.3385,2.7216666666666662,0,17,11,2.0685522281344015,2.6379888987950304,25.728155339805838,-0.40561028557580503,-0.38898474890061013,2.998684184824131,1.6783158151758684,0.08145997112879552,0.06384070022020955,0.06663577849938682,805308173.0,-2.2675490180044076,0.0,0.0,-1,0.0,0,11.642857142857142,0.06295078869501336,-0.01111111111111112,-0.5067449621265959,1.4549695041890667,1.0134396978414055,-0.2901785714285715,-0.46644295302013417,0.05987968026074545,0.1509433962264151,0.0
2025-11-18,1.72,1.59,-0.11287934807185354,-0.045205436768046794,0.0063492276786587445,-0.6520148380960659,0.0785902745932215,2.044,2.2790000000000004,2.6460000000000004,1,18,11,2.0051790957463282,2.57876380855019,30.985915492957744,-0.4083437861627912,-0.39285655635304634,2.936808162722622,1.6211918372773784,0.08875044963691728,0.06848039224486682,0.06833050869282671,805365980.0,-1.6995836527365014,0.0,0.0,-1,0.0,0,8.9,0.05557565946361742,0.0,-0.7905907906615238,1.7830899697547773,1.087092525384443,-0.21818181818181825,-0.40893470790378006,-0.006828668281540106,0.08720930232558134,0.0
2025-11-19,1.56,1.72,0.05505977718302739,0.011494379425735212,-0.0321571116345314,0.638905993675793,-0.09763846956391593,1.989,2.2195,2.5656666666666665,2,19,11,1.9242374419742685,2.5130371112243712,31.578947368421055,-0.41859545999974324,-0.39800433708238575,2.9122739815198058,1.526726018480194,0.09165784297679296,0.06990991078285975,0.06931332371564573,805256470.0,-1.9039398637725695,819.0,1359.54,1,0.0,0,7.857142857142857,0.06941086097326088,-0.023255813953488393,-0.3332068693503746,1.5472586528454593,1.1097854286609585,-0.33047210300429186,-0.43272727272727274,1.0812643095609527,0.141025641025641,0.0
2025-11-20,1.47,1.56,-0.048790164169431945,-0.06498052356815989,-0.04000533461369925,-0.5221979922346034,-0.059423420470800764,1.9029999999999998,2.162,2.4879999999999995,3,20,11,1.8416488161607651,2.445744394371186,25.123152709359616,-0.4290365667380991,-0.4042107830135284,2.9039632562878763,1.4200367437121237,0.07963865432678247,0.07011883360004806,0.06947450443221932,805191507.0,-1.8653214809103946,0.0,0.0,-1,0.0,0,5.171428571428572,0.07319460668384205,0.025641025641025664,-0.6610041417617895,1.2235734296586909,1.1131019755658822,-0.23036649214659688,-0.4389312977099237,1.650477266069662,0.11557823129251697,0.0
2025-11-21,1.615,1.47,-0.06453852113757118,6.097746884410648e-05,-0.020619287202735703,0.30632182384824375,0.09407255588397492,1.8435000000000001,2.1102499999999997,2.4225,4,21,11,1.8004399404951714,2.3921479818311093,32.66832917705736,-0.42076066384948185,-0.4075207591807191,2.853277059078869,1.3672229409211303,0.09099492049562652,0.07510725330038383,0.07299469346838795,805279754.0,-1.333060469194651,0.0,0.0,-1,0.0,0,5.6571428571428575,0.06441719364252914,0.02040816326530614,-0.44965841305812576,1.5972287057849237,1.192290683339705,-0.10277777777777786,-0.3905660377358491,0.43402727561547316,0.12383900928792567,0.0
2025-11-24,1.86,1.615,0.09531017980432474,0.14689445180943614,0.06642476189975981,0.2699443508757689,0.14124153105049,1.8054999999999999,2.06875,2.3635,0,24,11,1.811269042223322,2.357815853971038,42.25352112676057,-0.38993754148547155,-0.40400411564166966,2.766791432941001,1.3707085670589996,0.10692767324559793,0.08428189120138911,0.07947491312217772,805395348.0,-0.5981020327704354,0.0,0.0,-1,0.0,0,13.685714285714283,0.053591040974529616,0.02167182662538695,-0.20286034260591268,1.6805580914355291,1.3379335448704706,0.16981132075471694,-0.30855018587360594,-0.39230119146685755,0.1938709677419355,0.0
2025-11-25,2.0,1.86,0.12516314295400618,0.12387714849402828,0.1677686256010351,0.3581497110830734,0.07257069283483537,1.7855,2.03925,2.306166666666667,1,25,11,1.8455837618190816,2.3347309601664548,47.48858447488585,-0.35017654770756623,-0.393238602054849,2.6930025284219585,1.3854974715780415,0.11047250848577897,0.08643916324774292,0.0809520293306481,805560726.0,-0.12007601743351565,0.0,0.0,-1,0.0,0,15.028571428571428,0.05434867009190607,0.00537634408602151,0.21688803096319784,1.6700878978072167,1.372179176940252,0.16279069767441867,-0.2277992277992278,-0.35046994954034194,0.16499999999999992,0.0
2025-11-26,2.17,2.0,0.06720874969344989,0.01385703466142628,0.07093969314800105,0.11054785082437585,0.08157998699242285,1.7695,2.0212499999999998,2.2615,2,26,11,1.9045685323974302,2.3241031562847483,46.26168224299065,-0.30147290246610137,-0.3748854621370995,2.636818842613922,1.4056811573860775,0.11240037726701692,0.08887274230819645,0.0826878853495153,805745435.0,0.48329281699299526,0.0,0.0,-1,0.0,0,17.657142857142862,0.05334420089225685,0.0,0.38010370584910147,1.230964087409552,1.4108110468788977,0.39102564102564097,-0.14229249011857703,-1.3867037609988973,0.10423963133640561,0.0
2025-11-28,2.09,2.17,0.09075436326846412,0.009132483563272474,0.04317361361942003,-1.3920550928784647,-0.037563101575648614,1.7875,2.00925,2.238166666666667,4,28,11,1.9382833446888066,2.3089997268470226,47.142857142857146,-0.2662609536020919,-0.35316056043009797,2.60862050310892,1.4098794968910806,0.09480016482809402,0.08748374955565023,0.07446847998768322,805699523.0,0.2694493625600574,0.0,0.0,-1,-0.708386,1,21.77142857142857,0.043748373911224776,0.00921658986175116,-0.8387128968744753,1.0956855341809595,1.3887614705022475,0.4217687074829932,-0.10300429184549365,-1.1658831512778707,0.07655502392344504,-0.708386
2025-12-01,2.09,2.09,-0.07586575077471361,-0.022989518224698833,-0.009852296443011594,-0.39642351400525216,0.0,1.8165,1.9897500000000001,2.2108333333333334,0,1,12,1.9658681911090237,2.294870712211731,46.376811594202884,-0.23563893151659077,-0.3296562346473965,2.5486443502432943,1.430855649756706,0.09173128538175022,0.0860963237013518,0.07388664800568358,805699523.0,0.358744009333283,0.0,0.0,-1,0.0,0,22.085714285714285,0.04527103937806413,-0.028708133971291894,-0.9256400269979542,1.1806696474833045,1.3667367678641575,0.2941176470588234,-0.15725806451612911,-0.0034794022426857417,0.06220095693779899,0.708386
2025-12-02,2.23,2.09,0.052770035980064404,0.06308397542657687,0.029270382300113237,0.8761511222751288,0.06483751949530787,1.8805,1.98575,2.1858333333333335,1,2,12,2.013892156361928,2.2906855049722648,50.69124423963133,-0.19779388365454187,-0.30328376444882565,2.5360731108292836,1.4354268891707165,0.0791095896927156,0.08616169365906134,0.07494330930644895,805773700.0,0.8876603406022294,0.0,0.0,-1,0.0,0,23.257142857142856,0.04088743511372966,0.023923444976076683,-0.5328103644771783,0.8506971644746014,1.3677744837720431,0.19892473118279552,-0.03463203463203468,-0.8047427202536743,0.09417040358744393,0.0
2025-12-03,2.27,2.23,0.04119575643826712,-0.004376374599799,0.03774032798284711,-0.31982470431093823,0.01777824602128397,1.9355,1.9897500000000001,2.1645,2,3,12,2.0604572188415773,2.289350956264377,48.557692307692314,-0.1626982605870726,-0.275166663676475,2.547437660176215,1.4320623398237853,0.07767461080800846,0.08527904577736997,0.07500834732703174,805827573.0,1.0050428582602964,0.0,0.0,-1,0.0,0,24.77142857142857,0.03891710264754478,0.0,-0.671938445335649,0.7878356205708732,1.3537628830308832,0.135,0.0365296803652968,-0.03545219713466228,0.052863436123347866,0.0
2025-12-04,2.24,2.27,0.01777824602128397,-0.0043956114730379975,-0.037740327982847086,-0.31164607584317483,-0.013303965626362702,2.0035,1.9962500000000003,2.1475,3,4,12,2.0931013608703815,2.286167023602159,59.763313609467474,-0.13574074096911737,-0.2472814791350035,2.5627988783644198,1.4297011216355808,0.06689058038916508,0.08483518938293341,0.07444370705386102,805788125.0,0.8604729770313423,0.0,0.0,-1,0.0,0,36.02857142857143,0.040779075360644415,0.0,-0.7404241319939269,0.6199109075660733,1.3467168812058536,0.032258064516129226,0.06161137440758302,0.8726563968223571,0.08482142857142853,0.0
2025-12-05,2.13,2.24,-0.004415018209116943,0.02178735418490723,-0.0317486983145803,1.6801443153252114,-0.05035388614561491,2.0695,1.9862499999999996,2.1311666666666667,4,5,12,2.099810204348494,2.2760917317568583,59.76331360946745,-0.1218482029098178,-0.22219482388996636,2.5347683391811824,1.4377316608188169,0.06555666814060877,0.08242835677072403,0.07448112931041043,805576434.0,0.5241392665725174,0.0,0.0,-1,0.0,0,38.142857142857146,0.04345818562687769,0.008928571428571237,0.7433115469173498,0.6778266267863445,1.3085095979702577,0.019138755980861344,-0.0858369098712447,0.46167249008455064,0.14319248826291067,0.0
2025-12-08,1.99,2.13,-0.09265883048270471,-0.10679833042745375,-0.0800427076735365,-0.7585644118743932,-0.06798734098493266,2.107,1.9752500000000002,2.109166666666667,0,8,12,2.0798447126487676,2.257634200675771,62.34567901234568,-0.12074324342848808,-0.20190450779767072,2.513604950407819,1.436895049592181,0.06959967145903855,0.08294509996464075,0.07525194076616797,805477291.0,0.054796561223506075,0.0,0.0,-1,0.0,0,40.77142857142858,0.04524520066054977,-0.03286384976525814,-0.20143531542859774,0.8453499430750913,1.3167126418669908,-0.04784688995215303,-0.09954751131221717,0.5473915220318334,0.11306532663316576,0.0
2025-12-09,2.09,1.99,-0.0746607761539646,0.00239521072595485,0.026526754333428604,-0.6881266704799175,0.049029427240318606,2.13,1.96775,2.0891666666666664,1,9,12,2.0816911285308097,2.2468190909547534,61.635220125786155,-0.11052433507783421,-0.18362847325370343,2.494632339803702,1.4408676601962984,0.054554899034173834,0.0837072271357458,0.07587487735691482,805527112.0,0.46405047489557494,0.0,0.0,-1,0.0,0,40.94285714285714,0.044975821884451817,-0.039296482412060324,-0.6219045929475095,0.7545208988507496,1.3288110356398857,-0.06278026905829603,-0.06696428571428592,0.23721261241288616,0.08612440191387558,0.0
2025-12-10,2.18,2.09,0.09389213808185215,0.05129329438755069,0.09245031131556261,0.21352314736234834,0.04216081082427812,2.1479999999999997,1.96675,2.0755,2,10,12,2.0995654687979353,2.2425081818608983,70.39473684210526,-0.09407904408996792,-0.16571858742095633,2.4918492387381064,1.4416507612618936,0.051329138515857096,0.08413314996368106,0.07613608340482723,805588792.0,0.8122274201443235,0.0,0.0,-1,0.0,0,36.371428571428574,0.04828375616323424,0.004784688995215422,-0.5337633331930799,0.8341486542473154,1.3355723509224178,-0.03964757709251099,-0.00909090909090915,0.0974516629666864,0.04816513761467889,0.0
2025-12-11,2.19,2.18,0.04196419909903199,0.05310982531394833,0.018913093306486557,0.03033922622758249,0.004576667027411673,2.15,1.95975,2.0641666666666665,3,11,12,2.116008110834674,2.2391205572247115,75.0,-0.0793247101924659,-0.14843981197525824,2.467919832776788,1.451580167223212,0.0440236929833604,0.08309623452359247,0.07604983780975785,805652372.0,0.9061931076933345,0.0,0.0,-1,0.0,0,43.74285714285714,0.04658361812096164,0.0045871559633026545,-0.5987657681476519,0.8352945299576711,1.3191118286119528,-0.022321428571428714,-0.06008583690987135,-0.236841455512222,0.08447488584474888,0.0
2025-12-12,2.13,2.19,0.0314632694557849,-0.026202372394024072,-0.01652930195121047,-0.2595403222359685,-0.027779564107075706,2.154,1.97075,2.0575,4,12,12,2.118552090682915,2.23208052127473,69.00369003690037,-0.07164738636744339,-0.13308132685369528,2.483885613548467,1.4576143864515332,0.043193843945626774,0.07189432161796779,0.07481926714390644,805603326.0,0.620693617029403,0.0,0.0,-1,0.0,0,39.285714285714285,0.0487086566433387,0.03196347031963463,-0.8098890104022941,0.7722733079618747,1.1412869740730256,0.0,0.11518324607329844,-0.45165411053562754,0.07511737089201864,0.0
2025-12-15,1.823,2.13,-0.07342746855481708,-0.06867686579621937,-0.148610499451643,0.7465037529091724,-0.15563848402480776,2.1273,1.9719000000000002,2.0356,0,15,12,2.0648153469223853,2.2056882295795863,48.694424841213824,-0.08930592312712715,-0.12432624610838167,2.483525232904314,1.4602747670956864,0.06348840385070482,0.07835688534343835,0.07821647886613543,805499858.0,-0.5820666785910777,0.0,0.0,-1,0.0,0,49.31428571428573,0.04861700996975228,-0.01408450704225343,0.29043022008085295,1.250989046862425,1.2438769927700388,-0.08391959798994975,0.012777777777777777,-1.4427110704140822,0.16456390565002735,0.0
2025-12-16,1.81,1.823,-0.15415067982725836,-0.12326604941959517,-0.02234729869199666,-1.0010185480105043,-0.007156650418791599,2.0853,1.9829,2.0189333333333335,1,16,12,2.018485283845588,2.180159956703484,42.63565891472869,-0.10316026476930551,-0.12009304984056644,2.468764568521309,1.4970354314786913,0.05731077979983458,0.07316683865820917,0.07735433286025489,805461833.0,-0.7117209658905888,0.0,0.0,-1,0.0,0,46.4,0.0491914872102797,-0.012616566099835387,-0.9315095038105318,1.1230018302644116,1.1614875558384496,-0.13397129186602863,0.1383647798742138,-1.4966495871255996,0.052651933701657425,0.0
2025-12-17,1.61,1.81,-0.00557104504945536,-0.008236258978146367,-0.11355469954686236,0.7291512759838069,-0.11709266628136268,2.0193000000000003,1.9773999999999998,1.9996,2,17,12,1.9442152322372992,2.1433754433677756,28.787878787878796,-0.1287936063434416,-0.12183316114114148,2.4780603639165246,1.476739636083475,0.06226837793955905,0.07569640411322505,0.07929011206630329,805382995.0,-1.4676616184510116,0.0,0.0,-1,0.0,0,37.68571428571429,0.05168950392516324,-0.011049723756906087,-0.14997365836235466,1.0532952749014064,1.2016431625526416,-0.26146788990825687,-0.06395348837209291,-0.6213139332565674,0.16770186335403728,0.0
2025-12-18,1.58,1.61,-0.11848160362052346,-0.10836803672178165,-0.03871451218069039,-0.4745141542293839,-0.018809331957496227,1.9533,1.9784000000000002,1.9819333333333333,3,18,12,1.8779942809214265,2.107028640569855,29.92125984251969,-0.14980213770387918,-0.127426956453689,2.4756181137374287,1.4811818862625716,0.062110825608106775,0.07268194161881518,0.07912823639653344,805333943.0,-1.602516034684881,0.0,0.0,-1,0.0,0,42.371428571428574,0.052192748450549296,-0.012422360248447215,-0.6760639975608843,0.9780931212861868,1.153790053972202,-0.27853881278538806,0.012820512820512775,-0.7126149781491694,0.08860759493670879,0.0
2025-12-19,1.71,1.58,0.03096222560396689,0.02967576814611654,0.049792168261283264,0.5568393693627665,0.07906852347569303,1.9113,1.9904,1.9612666666666667,4,19,12,1.8474498662084398,2.0814138895653485,36.42857142857142,-0.15418429603238293,-0.1327784243694278,2.4457797258704805,1.5350202741295194,0.07140233844238181,0.07325157918252176,0.07816281290485992,805419546.0,-1.2314997092327797,0.0,0.0,-1,0.0,0,44.2,0.05151501495526187,0.03797468354430369,0.023611980977664395,1.4265307151646311,1.1628327699582517,-0.19718309859154926,0.16326530612244894,0.2052934839744226,0.06573099415204682,0.0
2025-12-22,1.69,1.71,0.047628048989254664,0.01739174271186924,0.05029129029569924,-0.9396087537432668,-0.01176484157958637,1.8813000000000002,1.99415,1.9439333333333333,0,22,12,1.8188226178069051,2.0561613805611327,28.90625,-0.15745596656289318,-0.1377139328081209,2.4375921697265275,1.5507078302734727,0.06952110665695044,0.07033315741273516,0.07772212315499069,805386094.0,-1.3717684999943542,0.0,0.0,-1,0.0,0,54.88571428571429,0.051042365992364995,0.005847953216374275,-0.930176556195545,1.0839943869626147,1.1165042606163378,-0.07295666483817886,0.046439628482972006,-0.07094727262731507,0.03550295857988169,0.0
2025-12-23,1.56,1.69,-0.03436276467402123,-0.041061486797773925,-0.08701137698962969,0.8833123624400299,-0.08004270767353637,1.8283,1.97915,1.9212666666666667,1,23,12,1.7717639600238315,2.0241509689120276,24.087591240875895,-0.16859524157610895,-0.1438901945617185,2.4603840605668506,1.4979159394331494,0.06809310047042998,0.06341049165049827,0.07868992360307564,805305177.0,-1.7419797738600575,0.0,0.0,-1,0.0,0,58.57142857142857,0.04846757675906532,-0.016627218934911252,0.019173935310990375,1.1695014340193142,1.0066103485173363,-0.13812154696132595,-0.16129032258064513,0.6343359016829923,0.08333333333333326,0.0
2025-12-24,1.48,1.56,-0.04422750991920027,-0.04908961019652351,-0.0953101798043249,-0.3224333014355176,-0.05264373348542203,1.7583000000000002,1.9531500000000002,1.8972666666666667,2,24,12,1.7187159672922256,1.989044454788671,23.23943661971829,-0.18178304688189195,-0.1514687650257532,2.483339747560315,1.4229602524396854,0.0637593049373553,0.06106083383435371,0.07905648149335291,805246562.0,-1.7848327025455137,0.0,0.0,-1,0.0,0,58.0,0.045043281407625604,0.019230769230769246,-0.3382082781796425,0.9603015072673454,0.9693106870316307,-0.08074534161490687,-0.26,1.2166060509858316,0.12837837837837848,0.0
2025-12-26,1.35,1.48,-0.10103723997491354,-0.09909090264423101,-0.05129329438755046,0.17264998375173718,-0.09193749532568549,1.6743,1.91215,1.8645999999999998,4,26,12,1.6516767005118207,1.9478157802861762,22.916666666666657,-0.20041414167266947,-0.16125784035513646,2.495854422313709,1.328445577686291,0.06390755341730163,0.058624502419370686,0.07917701120110215,805176901.0,-1.926146105838051,0.0,0.0,-1,0.0,0,54.85714285714285,0.043621297342876605,-0.028918918918918884,0.020666605627780554,1.092268001856238,0.9306351248193556,-0.14556962025316456,-0.37788018433179715,1.360377135153641,0.08148148148148139,0.0
2025-12-29,1.06,1.35,-0.012039904644057367,0.08643250577230754,-0.2752286113804943,5.676043949503163,-0.24183568432636227,1.5673000000000001,1.8606500000000001,1.8362666666666667,0,29,12,1.5440991186005806,1.8905373428483585,20.754716981132077,-0.23586113455236468,-0.17617849919458212,2.5504036631192735,1.1708963368807268,0.08276499591045725,0.07282130890742164,0.08187063395107325,784850323.0,-2.321553455415431,0.0,0.0,-1,0.0,0,47.885714285714286,0.038373871773796794,0.05185185185185173,4.248370527841466,1.2134900979981966,1.1560024410915022,-0.3801169590643274,-0.49282296650717694,-1.4070964648457978,0.5283018867924528,0.0
2025-12-30,0.8347,1.06,-0.3506568716131693,-0.44112528850704863,-0.21304618686359977,-2.7700440669565545,-0.23895180824942194,1.4684700000000002,1.7978850000000002,1.80409,1,30,12,1.4151174606732022,1.8224188046000773,13.408733166209984,-0.2789177684660593,-0.19672635304887756,2.616232966844828,0.9795370331551724,0.09238710449386767,0.08291975586467662,0.08914406187888009,783576675.0,-2.3539741992971455,0.0,0.0,-1,0.0,0,46.114285714285714,0.043286233111075476,-0.05660377358490571,0.028439609480399485,1.2497133158904568,1.3163103167527437,-0.5060946745562129,-0.600622009569378,-0.4769199431660575,0.2321792260692464,0.0
2025-12-31,0.799,0.8347,-0.19237189264745613,-0.19627990904466158,-0.1252693317168843,-0.723231336533799,-0.0437114330904162,1.36737,1.7263350000000002,1.7777233333333333,2,31,12,1.3030961041871654,1.7563917849484594,8.428657435279945,-0.3123209116352952,-0.21984526476616112,2.631257613206051,0.8214123867939496,0.09031771924609758,0.07891162682990671,0.08742110853502069,782958724.0,-2.0495343722587385,0.0,0.0,-1,0.0,0,43.25714285714286,0.0429795154516301,-0.011620941655684728,-0.12268080495174943,1.3576826542284999,1.2526832408607924,-0.48782051282051286,-0.6417040358744395,-0.44236666312174383,0.13754693366708384,0.0
2026-01-02,0.5832,0.799,-0.030771658666753545,-0.006769851774339583,-0.28745064989630587,1.6553608210710664,-0.3148307650718262,1.26469,1.641995,1.7398300000000002,4,2,1,1.1722059034258625,1.6807019923711395,6.963788300835645,-0.352147067546972,-0.2463056253223233,2.6429024545247497,0.6410875454752503,0.10946143807514659,0.09172155542314164,0.09658686383615996,779723770.0,-2.115670125571672,0.0,0.0,-1,0.0,0,45.22857142857142,0.04483692374215838,0.001251564455569463,0.4200212313287013,1.520103128942495,1.4560345530819632,-0.605945945945946,-0.7430837004405286,0.4561332083677721,0.48731138545953356,0.0
2026-01-05,0.5,0.5832,-1.0861897686695525,-0.4741850910683849,-0.7312578103429874,-0.9116550593050438,-0.1539220822722567,1.15669,1.554995,1.7044966666666668,0,5,1,1.0499866482575237,1.604527670282679,6.878306878306873,-0.3859738612949015,-0.274239272516839,2.63629902068741,0.47369097931258963,0.10743008312014166,0.09272045831461477,0.09810765996237235,778423776.0,-1.9513383466923853,0.0,0.0,-1,0.0,0,47.60000000000001,0.04616426587108562,-0.5370370370370371,-0.020850774499711563,1.3874277181528651,1.4718916448904105,-0.6296296296296297,-0.7767857142857143,0.9452308396696375,0.5062,0.0
2026-01-06,0.3857,0.5,0.5596157879354225,-0.06086826872454261,0.26826398659467937,-0.9896760033223249,-0.2595482332080097,1.02426,1.4677799999999999,1.6683533333333334,1,6,1,0.9292072576652466,1.5258936270386352,7.659223472574084,-0.41719572122510407,-0.30283056225849203,2.6320080706192766,0.30355192938072295,0.09174654360872304,0.09928523056154122,0.10440069226850872,777940572.0,-1.8588797630079805,0.0,0.0,-1,0.0,0,52.85714285714285,0.025896428817320766,-0.05500000000000005,-0.20462039193587875,1.414549859476437,1.5761041735652872,-0.6361320754716981,-0.8189201877934272,0.996668713699712,0.3702359346642468,0.0
2026-01-07,0.3615,0.3857,-0.19189100781010526,-0.1883879733706039,0.0,-0.594108290583388,-0.06479782361536267,0.8914100000000001,1.386355,1.62657,2,7,1,0.8259877562715654,1.4507714575522717,7.609013754755637,-0.4388334095325265,-0.3300311317132989,2.6223774277887517,0.1503325722112483,0.08539028119983827,0.09930471771235623,0.10123378502794715,777673817.0,-1.6583113331260002,0.0,0.0,-1,0.0,0,48.57142857142857,0.0382703142576141,0.011148561057817023,-0.25450882169995886,1.5827401555067433,1.5764135224941935,-0.5669102671618546,-0.8183417085427136,-0.16586154751195667,0.16569847856154898,0.0
2026-01-08,0.39,0.3615,-0.07588469752487281,0.11803306691159289,-0.060624621816434854,-0.6714136031113641,0.07588469752487288,0.7744099999999999,1.301355,1.5775700000000001,3,8,1,0.7467172551312807,1.382334589323093,10.312296681847755,-0.4485115595223015,-0.3537272172750994,2.5670918438132158,0.03561815618678432,0.10893707525327911,0.10140826849416253,0.09718833236293802,777810125.0,-1.4400386691034623,0.0,0.0,-1,0.0,0,48.371428571428574,0.043828480324118575,0.0,-0.2844327827111941,2.2099402676104316,1.6098063559273232,-0.5118898623279099,-0.8133971291866029,0.7028343941499371,0.3333333333333333,0.0
2026-01-09,0.3513,0.39,0.10120250550916267,-0.0573937356435996,0.08961215868968714,0.1374742212992982,-0.10450617985191077,0.66154,1.20992,1.5226133333333332,4,9,1,0.6748232087437751,1.315816228721603,10.254253736171322,-0.4540700923117571,-0.373795792282431,2.4726077458721454,-0.052767745872144944,0.10643410885889026,0.097605850070588,0.09489466731098652,777653729.0,-1.359987855757556,0.0,0.0,-1,0.0,0,54.114285714285714,0.04687209908722462,0.025641025641025664,-0.28112296861519376,1.7979898548725992,1.5494448347509924,-0.39763374485596714,-0.8388532110091743,0.6192010099613351,0.2132080842584686,0.0
2026-01-12,0.3478,0.3513,-0.1053605156578264,-0.16574981567061017,-0.028987536873252187,-0.2985338555535248,-0.010012957351598755,0.56132,1.11781,1.4618733333333331,0,12,1,0.6153644435176342,1.2533635688040805,2.008173618940262,-0.4535296824765811,-0.38974257032126103,2.3478134812089637,-0.11219348120896377,0.11240081305994683,0.0969774184216428,0.09171501216419027,777537698.0,-1.2520452368852832,0.0,0.0,-1,0.0,0,58.0,0.04588922824661783,0.024765157984628482,-0.2906994121938103,1.8040124857622222,1.539468791596325,-0.3044,-0.8411872146118722,-0.39137036554534094,0.05750431282346165,0.0
2026-01-13,0.3101,0.3478,-0.034476429529973,-0.0033389012655145986,-0.12516314295400616,-0.07772561185762296,-0.11473277581377948,0.48633000000000004,1.026815,1.4025433333333335,1,13,1,0.5598618174235188,1.1925078546876884,1.983436564827059,-0.4509452624350434,-0.40198310874401755,2.209904686103755,-0.15627468610375517,0.10740125064355027,0.09622631902108161,0.09216503675164947,777430344.0,-1.2115987628297946,0.0,0.0,-1,0.0,0,59.085714285714296,0.043846345747729235,0.0,-0.2933278722818766,1.2226406409081412,1.5275454582536774,-0.1960072595281307,-0.8544131455399061,1.0826791546202201,0.1896162528216705,0.0
2026-01-14,0.27,0.3101,-0.11505530444099075,-0.08367247572411507,-0.30561977313844824,0.28622321499558856,-0.1384728671080284,0.42986,0.949165,1.3418766666666666,2,14,1,0.5071596688010608,1.132991218901386,2.1158129175946527,-0.4469803149673425,-0.41098254998868256,2.1159733922874486,-0.21764339228744856,0.10162508079889945,0.09581898158461036,0.09242847946105193,777287414.0,-1.1641414382845554,0.0,0.0,-1,0.0,0,58.62857142857143,0.04146029437271465,-0.0003224766204449822,-0.28591854464866434,1.3807460148179636,1.5210791769141403,-0.2531120331950206,-0.8518924849149753,1.0850999692194379,0.40370370370370373,0.0
2026-01-15,0.279,0.27,-0.1396329184410399,-0.12921173148000634,0.10309550902697422,0.05416958487546396,0.03278982282299097,0.37786,0.8726149999999999,1.2768433333333333,3,15,1,0.4656760926554133,1.077895011230329,2.938871473354226,-0.43806213316253584,-0.41639846662345326,2.0019123917658863,-0.25668239176588625,0.10908682398650237,0.09797925877239112,0.09101046541620063,777438300.0,-1.0512996918761357,0.0,0.0,-1,0.0,0,63.65714285714286,0.023048143913848507,-0.001481481481481524,-0.2855176345614291,1.118659797034691,1.5553725141251438,-0.2846153846153846,-0.8458563535911602,0.7065554326674044,0.1612903225806451,0.0
2026-01-16,0.2791,0.279,0.03427240278321372,0.15168458733206494,0.12995357127663873,-0.6911608984905518,0.00035835872091082753,0.34745,0.8060700000000001,1.2104800000000002,4,16,1,0.4317531667180654,1.026359849215469,3.2806910391763466,-0.42607481541617703,-0.418333736381998,1.9089555475270064,-0.29681554752700623,0.09286687382641741,0.09953520057920273,0.09053017321109842,777513893.0,-0.9556204652089634,0.0,0.0,-1,0.0,0,63.77142857142858,0.02275459281983259,0.0,-0.30217436052525604,1.1371209872643224,1.5800723245770159,-0.20552234557358384,-0.8266459627329192,-0.42274370272492373,0.20960229308491576,0.0
2026-01-20,0.29,0.2791,0.07257069283483537,-0.11778303565638351,-0.10575884268958181,-0.527114265137657,0.03831078243824301,0.32645,0.7415700000000001,1.14548,1,20,1,0.40597986367841715,0.9788527621693098,5.594002306805066,-0.4109579731315235,-0.41685858373190315,1.8040248656155873,-0.32088486561558716,0.09415125511816984,0.10216652221379328,0.09201351535363328,777558516.0,-0.8500502272882153,0.0,0.0,-1,0.0,0,50.85714285714287,0.025992902880410715,0.0748835542816194,-0.30898781986056384,1.2715819661188466,1.6218432605643194,-0.16618746405980456,-0.8164556962025317,-0.5022200511050288,0.1689655172413793,0.0
2026-01-21,0.3788,0.29,-0.17435338714477766,0.26236426446749106,0.003976148379639417,1.0170196026132134,0.2671274383314037,0.32576,0.67501,1.0871066666666667,2,21,1,0.4010380702823413,0.9401396807390319,18.795345653661883,-0.3873472508500254,-0.4109563171555276,1.64476198760828,-0.2947419876082801,0.12681437967282758,0.12911294480720634,0.1139040336996984,777681896.0,-0.6108984643187976,0.0,0.0,-1,0.0,0,53.85714285714285,0.03485369987769229,-0.13103448275862062,-0.29198093576365264,2.5182121309776737,2.049604457994458,0.22154143824572725,-0.7784795321637427,1.1425237432434268,0.36430834213305174,0.0
2026-01-22,0.39,0.3788,0.40810711757100304,0.02531780798429,0.296571019869027,-0.07590016784791692,0.029138377811768982,0.32861,0.61001,1.0337733333333334,3,22,1,0.39903114841282467,0.9046467981107073,21.033994334277622,-0.36354116073375164,-0.4014732858711724,1.4602131779439396,-0.24019317794393957,0.12469229871179185,0.1303260156679233,0.1147608561084531,777796258.0,-0.5175468775170986,0.0,0.0,-1,0.0,0,54.771428571428565,0.036711945016865394,0.0005279831045405965,-0.2949625827671723,2.006346414691488,2.0688613609153945,0.4444444444444444,-0.7692307692307692,2.155567673868537,0.1564102564102564,0.0
2026-01-23,0.37,0.39,-0.1660950819524104,-0.003757048877712288,-0.054558984250434484,-2.363347444866348,-0.05264373348542203,0.32661,0.5505099999999999,0.9764400000000001,4,23,1,0.39375275779231106,0.8701534562971134,29.106232849862792,-0.3423421880132096,-0.3896470662995799,1.278569375540393,-0.17754937554039318,0.12396684473141231,0.13030268342400414,0.11330304313359874,777785496.0,-0.49586615065843664,0.0,0.0,-1,0.0,0,54.885714285714286,0.03635690107267624,-0.17692307692307693,-0.317086160208365,2.2140423037689803,2.0684909730257597,0.3261648745519712,-0.7628205128205128,1.870650680991997,0.20945945945945948,0.0
2026-01-26,0.36,0.37,0.027651531330510164,-0.07420449259199968,0.027651531330510164,1.449026580346511,-0.027398974188114503,0.32748,0.49451,0.9157733333333334,0,26,1,0.3876158927391635,0.8372403300843964,33.9816933638444,-0.3226296915738879,-0.3762435913544415,1.0798496778988864,-0.09082967789888641,0.11950041158838444,0.1305126371493338,0.11204015939119238,777739661.0,-0.45959638506937417,0.0,0.0,-1,0.0,0,57.65714285714286,0.03531282041182821,-0.10810810810810806,-0.30915178131631743,2.2720201260645525,2.0718238850900828,0.28986026513794316,-0.7567567567567568,1.8505484125904548,0.11111111111111106,0.0
2026-01-27,0.33,0.36,0.0,-0.027398974188114503,-0.0953101798043249,-0.3812062766992902,-0.08701137698962969,0.3257,0.44351,0.8537733333333333,1,27,1,0.3771402758774974,0.8045151474983062,42.10377091012192,-0.30590189873312146,-0.3621752528301775,0.8716362622375429,0.015383737762457217,0.12294586905588242,0.13046593972466816,0.11165750936887403,777708354.0,-0.5302641300571269,0.0,0.0,-1,0.0,0,64.97142857142858,0.02745861732982855,-0.08333333333333326,-0.3119053662307618,2.4958501455072937,2.071082586454888,0.13793103448275867,-0.7555555555555555,1.8720444399957967,0.1818181818181818,0.0
2026-01-28,0.31,0.33,-0.03077165866675366,0.0,-0.0026702285558788097,1.5007534870057568,-0.06252035698133405,0.32569000000000004,0.40601000000000004,0.7931066666666667,2,28,1,0.3649329529906796,0.7726109444338994,42.611190817790536,-0.2909054582027988,-0.3479212939047017,0.7239896279416276,0.08803037205837244,0.11909316853260209,0.1252741874225875,0.11153943194204209,777567940.0,-0.6038751640883413,0.0,0.0,-1,0.0,0,65.54285714285713,0.014715965976486224,-0.030303030303030328,-0.37950031661765093,0.6840251977234457,1.988666073695173,-0.18162618796198526,-0.7075471698113207,1.1180299349490976,0.1961290322580644,0.0
2026-01-29,0.3205,0.31,0.06062462181643484,-0.0002778163651706027,0.0672087496934501,-0.8340328614752711,0.03330997888153286,0.33074000000000003,0.3803,0.7430233333333334,3,29,1,0.3568542342651015,0.743442496405906,39.48562783661119,-0.2750033414545084,-0.33333770341466307,0.6276413239285505,0.13295867607144954,0.1093171551516514,0.12069334124518565,0.11142741148234163,777628921.0,-0.4835423296858753,0.0,0.0,-1,0.0,0,63.82857142857143,0.02540839227920503,0.09677419354838718,-0.4168519421239032,0.7111652675390657,1.9159473950172958,-0.17820512820512824,-0.6160297112735114,1.1941966131391042,0.12449297971918874,0.0
2026-01-30,0.35,0.3205,-0.09237332013101517,-0.027893060601525736,-0.0317486983145803,-0.5311072034122879,0.08805087812273459,0.33784000000000003,0.35785,0.6943566666666666,4,30,1,0.3556080098532648,0.7180591095410088,49.79769685652038,-0.257057200509785,-0.31808160283368747,0.5073210462953085,0.2083789537046915,0.11154644032877305,0.12422805322530936,0.1141841158924162,777664775.0,-0.10503706496428553,0.0,0.0,-1,0.0,0,58.60000000000001,0.028382538163889245,-0.032761310452418126,-0.4108355922302465,1.1381410113648067,1.972059208151184,-0.05405405405405406,-0.5619524405506884,0.6297907322749271,0.11428571428571424,0.0
2026-02-02,0.2822,0.35,0.0926673945339579,-0.028693462470309437,-0.09395625806047822,-1.2725792624214447,-0.2153171150647456,0.33815,0.34280000000000005,0.6500966666666667,0,2,2,0.342261098970853,0.689939166989976,41.49377593360995,-0.24547595389486176,-0.3035604730459223,0.4518946667449304,0.2337053332550697,0.13189460754177995,0.1175509408654236,0.11676592335441255,777654732.0,-1.1109617327432946,0.0,0.0,-1,0.0,0,63.40000000000001,0.020236760183347628,-0.028285714285714185,-0.588973930631201,1.753313378262015,1.866063335469424,-0.21611111111111103,-0.5161179698216736,-0.2081204889556101,0.205173635719348,0.0
2026-02-03,0.25,0.2822,-0.19445008884390017,-0.1254572173569488,-0.12115512155646728,0.4657753458755356,-0.12115512155646728,0.33415,0.3303,0.6057633333333334,1,3,2,0.32548635370342516,0.6615559949261066,42.09418574059458,-0.23617354183023687,-0.2900830868027853,0.4189243639815258,0.24167563601847414,0.13675252624567383,0.11626636439908547,0.11719313198951364,777638731.0,-1.812142765091976,0.0,0.0,-1,0.0,0,43.34285714285714,0.019934802824887996,-0.007795889440113323,-0.9000631577251474,1.8112782849972953,1.845671316249563,-0.24242424242424243,-0.5,-0.003090043216069053,0.19999999999999996,0.0
2026-02-04,0.2891,0.25,-0.11332868530700324,0.13714983814723367,0.0,0.3289714285246857,0.14531173116005403,0.32518,0.32547,0.5584,2,4,2,0.3188706530300751,0.6375265758986159,52.519124241624894,-0.22307480255646822,-0.27668142995352185,0.4118833542102432,0.23905664578975677,0.102586916351008,0.11309061126619943,0.12086254993733543,777660965.0,-0.8417680422753165,0.0,0.0,-1,0.0,0,47.22857142857144,0.018776764226050666,0.0,-1.0270362088155782,2.3072026753735626,1.7952577981598588,-0.06741935483870964,-0.25045372050816683,-0.3822872369411143,0.32549290902801803,0.0
2026-02-05,0.2501,0.2891,0.0,-0.13714983814723372,0.0,-0.85804473639741,-0.14491181113872711,0.31118999999999997,0.3199,0.5104033333333333,3,5,2,0.3063668979336978,0.6125313129374149,46.46785626986066,-0.21338120566042196,-0.26402138509490186,0.410780488303507,0.229019511696493,0.1065410602214874,0.11602509372925561,0.12159627034653384,777651538.0,-1.536083295831202,0.0,0.0,-1,0.0,0,47.22857142857144,0.0186756469917989,-0.13524731926668979,-1.256227576688668,2.4351674272113453,1.8418412631034202,-0.2196567862714509,-0.30816044260027664,0.5380073903064817,0.1999200319872051,0.0
2026-02-06,0.28,0.2501,0.0,-0.06899287148695131,-0.1573558107762066,2.6162112358632847,0.11292876528567647,0.30219,0.3144,0.46773666666666663,4,6,2,0.30157291649120727,0.5910776798446785,50.10252904989746,-0.2009696274010077,-0.25141103355612304,0.4006121007294017,0.22818789927059835,0.11736811277792278,0.11804439231497628,0.12556840927964982,777780535.0,-0.7980318240469058,0.0,0.0,-1,0.0,0,46.8472049689441,0.020566834014931236,-0.0003998400639743662,0.9629021363797127,2.5341435203108555,1.8738966343870282,-0.19999999999999984,-0.28205128205128205,0.48239005964221854,0.23714285714285718,0.0
2026-02-09,0.2997,0.28,0.017839918128331016,0.06799237115336786,0.15735581077620653,-2.486838792622689,0.06799237115336786,0.29616,0.31182000000000004,0.4283933333333333,0,9,2,0.30123238622007864,0.5722791198546993,51.08331471967836,-0.1873836942644181,-0.23860556569778207,0.3964565007520038,0.22718349924799633,0.12081865371824492,0.11739214281132239,0.1274047647489679,777791264.0,-0.28640125459612853,0.0,0.0,-1,0.0,0,51.5714285714286,0.022170831560696023,-0.09107142857142865,-1.1295217017983812,2.1449417408482936,1.8635424945104273,0.06201275690999286,-0.1468830059777967,-0.3983299186806353,0.16583249916583256,0.0
2026-02-10,0.24,0.2997,-0.013847896858793602,-0.050292794053967124,-0.11428914640212766,1.6429100060127906,-0.2221430509806263,0.28715999999999997,0.30643000000000004,0.3913933333333333,1,10,2,0.2900992250891552,0.5508417572834284,33.420926899187776,-0.17936641110310808,-0.22675773477884728,0.3950550077370037,0.21780499226299638,0.1333816152685436,0.12545167884387617,0.13032067257603494,777735793.0,-1.4991253980396209,0.0,0.0,-1,0.0,0,51.6571428571429,0.020112378741177765,-0.1624958291624959,-0.22196506302993077,2.52939142751861,1.9914836626586363,-0.040000000000000036,-0.30994824611845895,-0.5377217647572103,0.25833333333333325,0.0
2026-02-11,0.185,0.24,-0.04481401578979266,-0.17185025692665915,-0.2713733344098569,0.9777033723711784,-0.2602830982636664,0.27466,0.30017499999999997,0.36222666666666664,2,11,2,0.27099027507294515,0.5272390632651428,27.833044982698965,-0.17542846661942518,-0.21649188114696286,0.40405513080146227,0.19629486919853764,0.14845686959609994,0.1330595800929841,0.13098062999795942,777588332.0,-2.217459664545949,0.0,0.0,-1,0.0,0,53.8,0.01354391153974967,0.0,1.4636194912597433,2.5319677347582354,2.1122553508842996,-0.3600830162573505,-0.4034182521767171,0.46619433279769035,0.3783783783783783,0.0
2026-02-12,0.175,0.185,-0.463359086527067,-0.3158529494184773,-0.15219181534192552,-1.5630017437465187,-0.055569851154810765,0.26010999999999995,0.295425,0.3402366666666667,3,12,2,0.2535374977869551,0.5045139624093271,28.448275862068968,-0.17114171847272858,-0.20742184861211602,0.4129115165681879,0.17793848343181207,0.14618957359769455,0.13076336089702423,0.1272583643658083,777557438.0,-2.0500224794750235,0.0,0.0,-1,0.0,0,38.1117647058824,-0.1285551645455098,-0.1837837837837838,-0.6302341449199238,2.475225785261779,2.0758040011950847,-0.3002798880447821,-0.35185185185185197,0.003147763657925387,0.1657142857142857,0.0
2026-02-13,0.1999,0.175,0.2810375297331124,0.13353139262452277,-0.3665078648549712,1.0698919169175005,0.13303126758284037,0.2451,0.29147,0.3202666666666667,4,13,2,0.24378522546205417,0.4848614487054996,32.869676867108936,-0.16384649734955914,-0.19870677835960465,0.41637589466752156,0.16656410533247845,0.15229894081406417,0.1350102928591263,0.13166457758117792,777647496.0,-1.4662238358524857,0.0,0.0,-1,0.0,0,37.7739130434783,-0.10156626248691822,0.142857142857143,0.6273721304523413,2.5812425991449874,2.1432219560354864,-0.28607142857142864,-0.28351254480286747,0.10036820186297356,0.49424712356178097,0.0
2026-02-17,0.149,0.1999,-0.07310847182063836,-0.07310847182063836,0.16286471950788922,-0.6242860846904015,-0.2938709355608953,0.23178,0.284965,0.3057933333333333,1,17,2,0.22655154810531702,0.46319296814385447,31.46251536255633,-0.1603240705738616,-0.19103023680245607,0.4251944551855596,0.14473554481444045,0.15999141189536784,0.14579924057950228,0.13074603122161083,777599257.0,-1.9391788953338431,0.0,0.0,-1,0.0,0,40.8734693877551,-0.10058828335270883,-0.07003501750875431,-0.22353039765962396,2.625918597868171,2.314491191492639,-0.5028361695028363,-0.46614116804012906,1.2656215635155834,0.4483221476510068,0.0
2026-02-18,0.16,0.149,-0.2212625887819393,0.7536768701737235,0.22398282958420468,-1.7025531108220726,0.07122750928836778,0.22278000000000003,0.27846499999999996,0.29446,2,18,2,0.214451266631623,0.4436321314894123,34.34891485809683,-0.15485978668322836,-0.18379614677861053,0.42935800878979236,0.12757199121020757,0.1626077282649567,0.1467526415556676,0.1306323143440737,777608047.0,-1.5701854042162076,0.0,0.0,-1,0.0,0,41.9102040816327,-0.0853639564858513,0.0,-0.9909761330988194,2.8092360904722256,2.3296259627885973,-0.33333333333333326,-0.4482758620689654,0.0071398327739959026,1.5375,0.0
2026-02-19,0.15,0.16,0.29437106060257756,-0.6805683983530851,-0.2147892838443519,0.6575966296884573,-0.06453852113757118,0.20887000000000003,0.26702499999999996,0.2866033333333334,3,19,2,0.20273285451678247,0.42468812300622444,32.191351577188215,-0.14961158948477524,-0.17695923531984348,0.42055881076818347,0.11349118923181645,0.1487256564109214,0.1253632869592551,0.1252833390778345,777591081.0,-1.5244199230707924,0.0,0.0,-1,0.0,0,39.5551020408163,-0.09886834776628992,0.25000000000000006,-0.742060595470628,2.4146639605343503,1.9900804849908944,-0.18918918918918926,-0.604012671594509,-0.5762994274039243,0.5320000000000001,0.0
2026-02-20,0.1542,0.15,-0.2300422930053664,-0.2300422930053664,0.0016625107736134572,-0.9261231868504848,0.02761516703297339,0.19928,0.255235,0.2796933333333333,4,20,2,0.19390869915009473,0.4072372763606616,28.40758711954126,-0.14345973595909514,-0.1702593354476938,0.4051799340908927,0.10529006590910728,0.14765656316613673,0.12531975711615656,0.12539314336666957,777597801.0,-1.3476280557601927,0.0,0.0,-1,0.0,0,44.4081632653061,-0.10537459212210697,0.05933333333333346,-0.8720963432400329,2.4355147564992583,1.9893894701542036,-0.11885714285714277,-0.6046153846153846,-1.0738724737256702,0.2496757457846953,0.0
2026-02-23,0.1379,0.1542,0.0006291286775611392,0.0006291286775611392,0.0,0.8281748490385558,-0.11172167632997307,0.18507,0.24363,0.27129,0,23,2,0.18372529930462295,0.3898606778857802,32.04777307788008,-0.1383053238126609,-0.16386853312068725,0.3920954997901491,0.09516450020985093,0.13806663528585225,0.1262244920803529,0.12488977138745609,777582418.0,-1.4243039648867348,0.0,0.0,-1,0.0,0,36.969416498994,-0.10450977972463679,0.03112840466926069,-0.6893018228236389,2.0320013713179255,2.0037516924603347,-0.31015507753876936,-0.6272972972972973,-0.7078844979752662,0.2799129804205947,0.0
2026-02-24,0.1485,0.1379,-0.26079317223544995,-0.06160780938949051,-0.003327790092674691,0.9150027676550252,0.07405617344349824,0.16995,0.233055,0.26453,1,24,2,0.17732069943105513,0.37428902124798796,36.65527215356298,-0.13184525362599409,-0.15746387722174862,0.3766704583987831,0.08943954160121695,0.1387583824702674,0.1289016047019087,0.12548601862161554,777620826.0,-1.1775194807401945,0.0,0.0,-1,0.0,0,43.2857142857143,-0.10248302898959305,-0.11167512690355329,-0.17238460372462655,1.3090692362297287,2.0462495378304273,-0.003355704697986628,-0.5875,-0.5334847200606286,0.19865319865319866,0.0
2026-02-25,0.145,0.1485,0.1958352759606774,-0.0033500868852819744,-0.13353139262452263,0.9275476920984539,-0.02385121582217991,0.16045,0.22380500000000003,0.25777,2,25,2,0.17144420862540874,0.3594961811674726,29.097766173484203,-0.12556063734155715,-0.15108322924571033,0.36493931414057723,0.0826706858594228,0.1297856632536719,0.12841239267107205,0.12547106308347286,777523719.0,-1.116737633648839,0.0,0.0,-1,0.0,0,45.8,-0.0991882456210111,0.0033670033670033703,1.0226710161247463,1.1452126811362204,2.0384835375985793,-0.09375000000000011,-0.5606060606060607,0.16594305152103966,0.30344827586206896,0.0
2026-02-26,0.149,0.145,-0.2651197351446942,0.05864872708150769,-0.038839833316263776,0.9218382516235222,0.027212563524884794,0.15685,0.215755,0.2524,3,26,2,0.16736344342078896,0.3459157823824744,33.67775266386826,-0.11888681390114011,-0.1446439461767963,0.35453533341838284,0.07697466658161714,0.11266197056522813,0.12888982000140986,0.12465827466212859,777767837.0,-0.9620239173046637,0.0,0.0,-1,0.0,0,42.1730382293763,-0.0962930120764419,-0.21172413793103442,3.11566282901457,1.0992739246552101,2.0460624615096554,-0.00666666666666671,-0.5193548387096774,-0.9206466777658898,0.3825503355704698,0.0
2026-02-27,0.138,0.149,0.09268205739805546,-0.051959738930711104,0.21638811135756086,-4.55063781043362,-0.07669262078825434,0.15315,0.20663,0.24800000000000003,4,27,2,0.16202463552610002,0.3325018609384438,25.58459422283356,-0.11318069224382038,-0.1383512953902011,0.3403177130776218,0.0729422869223782,0.11358947648654294,0.12843813628565512,0.12333067476554833,777765259.0,-1.0267211312104954,0.0,0.0,-1,0.0,0,38.030583501006,-0.08793381651892695,-0.15838926174496634,-0.7951170462588526,1.1746853011063785,2.0388922048107876,-0.10505836575875482,-0.5694227769110765,0.2193980629905474,0.17826086956521725,0.0
2026-03-02,0.12,0.138,-0.003194890896519288,-0.0761613609655639,-0.1633636430493406,3.0296913617176804,-0.13976194237515885,0.14516,0.19513,0.24270000000000003,0,2,3,0.15438379270317273,0.3187920634585442,18.920788654444834,-0.10885617308502202,-0.13245227092916528,0.3158285998110217,0.07443140018897831,0.10332807814060614,0.12666740650979802,0.12475160658550527,777711918.0,-1.2449191642261197,0.0,0.0,-1,0.0,0,33.6460317460318,-0.06859388031721851,-0.09420289855072471,0.011216958052267944,1.2956019791960267,2.0107827410546975,-0.1298042059463379,-0.6571428571428571,-0.08579120205805933,0.2708333333333335,0.0
2026-03-03,0.116,0.12,-0.10803074421370523,0.3633433083756625,0.0,1.0439265622678093,-0.03390155167568123,0.14185999999999999,0.18682,0.23726333333333333,1,3,3,0.1474049213025959,0.30570870452573495,23.43616109682948,-0.10454657917901167,-0.12687113257913457,0.305139791450837,0.06850020854916307,0.07237025775941626,0.12167173388660874,0.12471301523347694,777560411.0,-1.1970947401378143,0.0,0.0,-1,0.0,0,33.2023483365949,-0.06301089415875372,-0.06500000000000002,1.4196039116933212,0.9384592297187768,1.9314788966999823,-0.21885521885521875,-0.5889440113394755,-0.366470326917425,0.8051724137931033,0.0
2026-03-04,0.13,0.116,0.015037877364540502,-0.29454230181639107,0.005617992304223274,-1.9161348401571054,0.11394425934921769,0.13885999999999998,0.18082,0.23193,2,4,3,0.14424039015666937,0.29437265907246174,35.70686070686071,-0.09886189359249062,-0.12126928478180579,0.2978128220763492,0.06382717792365085,0.08036323125681405,0.1250229806084403,0.12694357371473713,777582709.0,-0.8687712476383385,0.0,0.0,-1,0.0,0,37.1583011583012,-0.052749334006642654,-0.01810344827586211,-0.5855744348192667,1.5330618048415785,1.9846782891479031,-0.10344827586206884,-0.48,0.5311608437324686,0.32153846153846155,0.0
2026-03-05,0.11,0.13,-0.03484050466072022,-0.026541197269388993,0.02671738833871305,0.0702597458832709,-0.1670540846631662,0.13486,0.171865,0.22297,3,5,3,0.13801486467363855,0.28247764880972226,33.94268774703558,-0.09487689042820785,-0.11599080591108621,0.2811226341859513,0.06260736581404867,0.09057390933970128,0.12059258673072525,0.1134385945525626,777558788.0,-1.1324609115132165,0.0,0.0,-1,0.0,0,28.3333333333333,-0.01999751671295714,-0.15384615384615388,-0.5621444716660533,1.7234638024781852,1.9143479666849201,-0.261744966442953,-0.6195088204773436,1.273490096346154,0.31818181818181807,0.0
2026-03-06,0.154,0.11,0.009950330853168092,0.15729842981960626,0.0,0.7961764830782153,0.3364722366212129,0.13484,0.16706000000000001,0.21510333333333334,4,6,3,0.14092125291479518,0.27418876824135313,39.63882618510158,-0.08716354731740841,-0.11022535419235066,0.270106773214956,0.06401322678504402,0.1629988726942497,0.153276956912694,0.1380627964706425,777611822.0,-0.253477126794777,0.0,0.0,-1,0.0,0,25.1473684210526,-0.09303408611101739,0.010000000000000035,-0.14635625576727596,3.620910982916172,2.4331962582465056,0.1159420289855071,-0.3842463014794082,1.1996581630649534,0.3876623376623376,0.0
2026-03-09,0.15,0.154,0.3265219057680448,-0.058858357006353605,0.046189382469374506,-0.09565718724583595,-0.026317308317373417,0.13605,0.16055999999999998,0.20776999999999998,0,9,3,0.14257193420301423,0.26617658964513685,50.286368843069866,-0.08044610132099964,-0.10426950361808046,0.248971868675216,0.07214813132478395,0.15857609683235638,0.150071218159203,0.13795155677584087,777563626.0,-0.23888195461160314,0.0,0.0,-1,0.0,0,27.6730983302412,-0.0873090540033393,0.0,-0.16395932932947466,3.37780933913051,2.382306733186629,0.25,-0.4642857142857143,1.1885427192206854,0.29866666666666675,0.0
2026-03-10,0.15,0.15,-0.026317308317373417,-0.06453852113757118,0.26396554583446485,-5.455155140253586,0.0,0.1362,0.15307500000000002,0.20077,1,10,3,0.143922491620648,0.25868132579706354,46.94376528117359,-0.07426638036858824,-0.09826887896818201,0.21247586386496345,0.09367413613503658,0.15728570909445244,0.14865139468993702,0.1379964808980932,777563626.0,-0.10353384782384478,0.0,0.0,-1,0.0,0,26.0515769944341,-0.08894567656320218,0.0,-0.9299989937695049,3.326750001461098,2.3597677343548846,0.2931034482758619,-0.49949949949949957,1.1130719085685374,0.0,0.0
2026-03-11,0.1515,0.15,-0.1046200491301025,0.1239859797809913,-0.1046200491301025,4.3687716991388665,0.009950330853168092,0.13684999999999997,0.14865,0.19482000000000002,2,11,3,0.1453002204168938,0.25176640155209173,50.483558994197296,-0.06845872001705694,-0.09230684717795701,0.19172914376937192,0.10557085623062809,0.15682992105682375,0.14291281964881147,0.13756414774697193,777579889.0,0.13231460751670107,0.0,0.0,-1,0.0,0,25.1274725274725,-0.09250470561118447,-0.09933333333333332,-0.6316577842165824,3.309432665391212,2.2686706797226823,0.16538461538461524,-0.36875,1.6483676975775783,0.22904290429042912,0.0
2026-03-12,0.1242,0.1515,-0.11852350218410723,-0.2670868234216645,-0.11852350218410723,-0.9366653729511663,-0.19869245545004538,0.13437000000000002,0.14561,0.18862666666666664,3,12,3,0.1414638167047313,0.24353631112937615,41.58249158249158,-0.06530618019728673,-0.08690671378182295,0.1864092723942602,0.10481072760573977,0.16819542180836333,0.13939772218401517,0.1405829386830473,777573515.0,-1.0495285206611682,0.0,0.0,-1,0.0,0,22.5294755877034,-0.08119212091959425,-0.20792079207920794,-0.71108531314007,3.413358901582683,2.2128702373666544,0.12909090909090915,-0.3286486486486486,1.4743273470693798,0.08051529790660232,0.0
2026-03-13,0.12,0.1242,0.3483066942682158,0.26826398659467937,0.0,1.495745182207466,-0.034401426717332435,0.13257,0.14286000000000001,0.18194333333333332,4,13,3,0.13756130457659832,0.23556622654038417,44.61167971101746,-0.062427054353338146,-0.08201078189612598,0.1827218878326679,0.10299811216733214,0.16689187154853322,0.13914150973747438,0.14022145637130923,777545070.0,-1.1469602290770404,0.0,0.0,-1,0.0,0,19.9685352622062,-0.08247600796807907,0.36876006441223835,-0.33817410786872826,1.2247722320307202,2.208802990868576,-0.22077922077922085,-0.3142857142857143,-1.9362012006059217,0.4166666666666668,0.0
2026-03-16,0.15,0.12,-0.19415601444095737,-0.06563716363997919,0.09909090264423097,-0.1972469426831211,0.22314355131420976,0.13557,0.14036500000000002,0.17527666666666666,0,16,3,0.13982288556267133,0.23004582482810132,50.40431266846361,-0.05706674716103269,-0.07702197494910733,0.17017324853175045,0.11055675146824957,0.1775567236350052,0.14719490317458914,0.14746280632759487,777568423.0,0.6464653560397684,0.0,0.0,-1,0.0,0,19.9685352622062,-0.10946414556581374,0.16666666666666682,-0.3712589547144993,2.4566017971331027,2.336646648337168,0.0,-0.24962481240620316,0.7970380064358815,0.17800000000000002,0.0
2026-03-17,0.13,0.15,0.1272617796109272,-0.0012570711900512029,-0.09909090264423101,-0.46799306240156946,-0.1431008436406733,0.13696999999999998,0.139415,0.17020333333333332,1,17,3,0.13803690636945837,0.22359125548435285,46.287128712871294,-0.05381218457833145,-0.07238001687495216,0.16927553717752306,0.10955446282247697,0.18453383055706374,0.1385962821957235,0.14537313995272355,777553798.0,-0.6305981666724313,0.0,0.0,-1,0.0,0,19.9685352622062,-0.09669250038532079,0.06000000000000005,-0.48747084705376675,2.6618421919297037,2.200147771968081,-0.1333333333333333,-0.12751677852348986,1.1742371577235817,0.30000000000000004,0.0
2026-03-18,0.13,0.13,-0.20136975176464905,-0.20136975176464905,0.08004270767353656,-4.722953221644475,0.0,0.13697,0.13791499999999998,0.16620333333333331,2,18,3,0.13657565066592048,0.21755310996923333,45.20202020202021,-0.05064906934027971,-0.06803382736801768,0.16640413175051283,0.10942586824948713,0.18152793132757525,0.13754838457722543,0.1441940950088282,777553798.0,-0.5556504894086493,0.0,0.0,-1,0.0,0,19.9685352622062,-0.1072152703029221,0.0,-0.7205854573551288,2.656281651974541,2.1835129129800643,-0.14191419141914186,-0.1875,1.240023324889495,0.0,0.0
2026-03-19,0.1358,0.13,0.20763936477824455,0.20763936477824455,0.0,2.7100993821471455,0.043648764669013226,0.13955,0.137205,0.16109333333333337,3,19,3,0.13643462327211675,0.21227871577766988,49.42946058091286,-0.04713096971684569,-0.06385325583778328,0.16512816330486998,0.10928183669513002,0.17181459440515073,0.1371604939794464,0.14111002473693404,777555752.0,-0.10063329749999696,0.0,0.0,-1,0.0,0,19.9685352622062,-0.10961998697798114,0.23076923076923075,-0.6725111208900009,2.2472714381776964,2.1773553406343233,0.09339774557165859,-0.09466666666666657,1.0414543726507994,0.22091310751104565,0.0
2026-03-20,0.1368,0.1358,-0.1335313926245225,-0.06988612746416645,-0.0800427076735365,-0.1709231024250878,0.007336790063854308,0.13782999999999998,0.136335,0.15731666666666666,4,20,3,0.13650105540445914,0.20740912121136862,54.77815699658703,-0.04375774671025953,-0.05983415401227853,0.16308839814132026,0.10958160185867978,0.11369343298982333,0.13704157066871758,0.139338061001903,777557399.0,0.03476193921562491,0.0,0.0,-1,0.0,0,19.9685352622062,-0.1155932710015753,0.03092783505154646,-0.671512715561006,2.1972614607849703,2.175467491602662,0.14000000000000012,-0.11284046692607008,0.8480879594280525,0.21345029239766083,0.0
2026-03-23,0.1359,0.1368,-0.14502577205025788,-0.09336836661256245,-0.040821994520255166,0.8195952578378678,-0.006600684031352136,0.13641999999999999,0.136235,0.15251333333333333,0,23,3,0.13639177260364838,0.2027956295203126,55.76143601621308,-0.040688039263956866,-0.0560049310626142,0.16297871734391306,0.10949128265608694,0.11348261494956835,0.1347079454310944,0.13715667969170048,777553661.0,-0.02505261297014485,0.0,0.0,-1,0.0,0,19.9685352622062,-0.12654006202433218,-0.11476608187134507,-0.6238004522636433,1.0742999472764516,2.138422339410812,-0.09399999999999997,-0.014503263234227681,-1.7311525305547604,0.15231788079470196,0.0
2026-03-24,0.1364,0.1359,0.07091779989653582,0.06481442126347642,0.006058002083915111,1.5073417852287212,0.00367242425226379,0.13506,0.13563,0.14706999999999998,1,24,3,0.1363932684938941,0.19851204051900212,52.01005025125628,-0.03777943041840398,-0.05235983093377216,0.16174554077560835,0.10951445922439167,0.11350368778230624,0.13370358799013893,0.13626393044968027,777570537.0,0.05896871955407988,0.0,0.0,-1,0.0,0,19.9685352622062,-0.1325259144450341,-0.043414275202354594,-0.38777535176761985,0.3194504970288394,2.1224786593136997,0.04923076923076919,-0.08148148148148149,1.8685086985929027,0.21334310850439875,0.0
2026-03-25,0.1201,0.1364,-0.07920972136964466,-0.006920442844573795,0.03559697874023176,-2.0136298328119846,-0.12726701632342388,0.13192,0.134385,0.14307333333333333,2,25,3,0.1334308560404588,0.19345319919519555,53.247588424437296,-0.03637035590501178,-0.04916193592802009,0.16098925562518904,0.10778074437481097,0.11900520953898779,0.13641721213256816,0.13333831496261309,777568284.0,-1.0738883433727722,0.0,0.0,-1,0.0,0,19.9685352622062,-0.13527489459508443,-0.11950146627565979,-0.5588277689294293,0.9846777903847341,2.1655561071091114,-0.07615384615384624,-0.17172413793103447,-1.664353009184183,0.19900083263946702,0.0
2026-03-26,0.1385,0.1201,-0.0347345379795731,-0.008368249670516466,-0.0347345379795731,0.11871961916703737,0.14254559654145535,0.13335,0.13386,0.14152333333333333,3,26,3,0.13435251857855718,0.18990783150518292,44.033872209391845,-0.03338409688847932,-0.04600636812011194,0.15965191216563196,0.10806808783436805,0.11476160022166444,0.14064577332265646,0.13035468518796664,777570821.0,0.35980271413787324,0.0,0.0,-1,0.0,0,19.9685352622062,-0.15274629258612502,-0.03413821815154032,-0.6071942946870532,1.5385227316815344,2.2326824349846692,0.01988217967599426,-0.07046979865771796,0.4700489758986848,0.19350180505415163,0.0
2026-03-27,0.1465,0.1385,0.0339015516756812,0.025580378551637896,-0.0008624407606585953,-0.3050438497506496,0.05615510282972874,0.13599999999999998,0.13428500000000002,0.14057333333333333,4,27,3,0.13656115156427404,0.18710732624678403,48.69305451829724,-0.03002581307907662,-0.04281025711190488,0.1606381701179403,0.10793182988205972,0.11394567282697579,0.1398429515575693,0.13040682014134983,777572691.0,0.9270231964756638,0.0,0.0,-1,0.0,0,19.9685352622062,-0.15927212201749644,-0.1335740072202167,-0.6249348515714327,1.5790352133447672,2.219938034559486,0.0709064327485378,0.061594202898550554,-0.02071521450737313,0.2088737201365187,0.0
2026-03-30,0.1298,0.1465,0.14410034397375687,0.0,-0.0522473845532898,4.339050751344013,-0.12103062418713231,0.13398,0.134775,0.13823666666666667,0,30,3,0.13533185127986058,0.1834100793921528,43.29349269588313,-0.028384698264540903,-0.03992514534243209,0.16036314479818065,0.10918685520181938,0.08995219023721293,0.13901041562175678,0.12928636212251476,777429384.0,-0.3888519499353263,0.0,0.0,-1,0.0,0,19.9685352622062,-0.15451578132952856,-0.053924914675767856,2.643597574503528,1.8448938076526233,2.20672193629738,-0.04488594554819714,0.08166666666666678,0.3217769163747542,0.2812018489984591,0.0
2026-03-31,0.12,0.1298,-0.27572878645219334,-0.17646841274407976,-0.09231467082452634,-3.394084219493192,-0.07850306148794363,0.13298000000000001,0.134975,0.13727,1,31,3,0.13254424195624956,0.17931910652814298,40.08810572687224,-0.027557218586320098,-0.03745155999120969,0.1600016278507744,0.10994837214922562,0.0827618959693977,0.1400554043410904,0.12132741567047926,777424573.0,-1.196725351037387,0.0,0.0,-1,0.0,0,19.9685352622062,-0.14634547328655345,-0.1895223420647149,-0.4887582470766931,1.9092668749884998,2.2233106179427278,-0.12023460410557185,0.0344827586206895,0.8649170798333959,0.18750000000000006,0.0
2026-04-01,0.13,0.12,0.21167115015197294,0.05774636980541742,0.1367664333953603,-0.08975507058474724,0.08004270767353656,0.13298000000000001,0.134975,0.13627,2,1,4,0.13208165250965873,0.17613722868761764,52.04802259887005,-0.025797145122342907,-0.03512067701743634,0.1600016278507744,0.10994837214922562,0.08737632107615194,0.13874772562977064,0.12154080847132157,777428971.0,-0.3975765356534893,0.0,0.0,-1,0.0,0,19.9685352622062,-0.156168966006788,0.08333333333333341,-0.4711210666019212,1.7792688246081003,2.2025518619531748,0.08243130724396353,0.0,-0.22200066771285282,0.11615384615384607,0.0
2026-04-02,0.12,0.13,0.07410797215372204,0.07333903709084476,-0.09097177820572676,0.303249222689193,-0.0800427076735365,0.13140000000000002,0.13547499999999998,0.13526999999999997,3,2,4,0.1298849884169935,0.17251547199809394,50.0,-0.02492190642410047,-0.03308092289876917,0.15873815126642363,0.11221184873357636,0.0894407771436791,0.13503100541946642,0.12182352811798428,777423015.0,-1.3304302433295438,0.0,0.0,-1,-0.244171,1,19.9685352622062,-0.16246211153416848,0.07692307692307698,-0.394905589125857,1.414340112749105,2.143550757737539,-0.13357400722021673,0.09090909090909083,0.5130562432986939,0.2916666666666668,-0.244171
2026-04-06,0.125,0.12,-0.33547273628812957,-0.020931836041035677,-0.048790164169431945,2.8678550186708414,0.0408219945202552,0.13022,0.134025,0.13429666666666668,0,6,4,0.12899680870481287,0.16944995767563628,39.787581699346404,-0.02355330737078687,-0.03117539979317271,0.15600622396146194,0.11204377603853807,0.09077384349085398,0.10013106984683262,0.12196034164113252,777527836.0,-0.8211553656723463,0.0,0.0,-1,0.0,0,19.9685352622062,-0.16425807791400115,-0.16583333333333336,2.216255032378942,1.3584714010892511,1.589531455953345,-0.14675767918088733,-0.18831168831168832,0.5869756955283629,0.29679999999999995,0.244171
2026-04-07,0.125,0.125,0.22214405098112633,-0.0243644388741406,0.22314355131420976,-5.226729784335051,0.0,0.12913000000000002,0.132775,0.13386666666666666,1,7,4,0.1282701162130287,0.16658221847075652,47.55859374999999,-0.022212629396016537,-0.029382845713741477,0.1537515657843848,0.1117984342156152,0.09078726401540167,0.10002279104163028,0.12032683042061647,777527836.0,-0.7413034221061867,0.0,0.0,-1,0.0,0,19.9685352622062,-0.1678294849107231,0.0,-0.4999703473088224,1.1266335228520357,1.5878125832083976,-0.036979969183358996,-0.16666666666666663,0.11403369375043759,0.07040000000000002,0.0
2026-04-08,0.115,0.125,0.0,0.16371402972965068,-0.08338160893905101,4.214611189717453,-0.08338160893905101,0.12699,0.131025,0.13275,2,8,4,0.12585736781065984,0.16325433340812706,43.32740213523132,-0.021706826089333026,-0.02784764178885979,0.15178973469232848,0.11026026530767151,0.09374480122356085,0.10142688834956705,0.12042344019775593,777489739.0,-1.543482277760131,0.0,0.0,-1,0.0,0,19.9685352622062,-0.16477858629862774,0.0,0.45645154266331617,1.1445591384014357,1.6101019369684133,-0.04166666666666663,-0.23333333333333328,0.09277971305396066,0.3704347826086955,0.0
2026-04-09,0.12,0.115,0.11332868530700327,-0.11841775481447434,-0.3011050927839218,-1.713845176689345,0.0425596144187959,0.12698,0.12945,0.13191666666666665,3,9,4,0.12479239184508532,0.16046373125276403,42.921146953405014,-0.020664309810998843,-0.026410975393287604,0.14837250112821893,0.1105274988717811,0.08710286901768391,0.10202124365605261,0.12063191225886685,777496603.0,-0.9988108798056654,0.0,0.0,-1,0.0,0,19.9685352622062,-0.17614761388544456,0.21739130434782614,-0.3685076013186894,0.9692946911512597,1.6195370349566476,-0.07692307692307698,-0.20792079207920788,-0.2847593260002148,0.4575000000000002,0.0
2026-04-10,0.1183,0.12,-0.5546282464243838,-0.1541506798272585,-0.05681285939440772,-0.6453565167235968,-0.014267971797704894,0.12495999999999999,0.129155,0.13089333333333333,4,10,4,0.1236119569641607,0.15774349052677925,41.76313446126447,-0.019747645378560413,-0.02507830939034217,0.1485988976085169,0.10971110239148307,0.06937432598954789,0.0935685854279198,0.12054592950022044,777493003.0,-1.116545686318079,0.0,0.0,-1,0.0,0,19.9685352622062,-0.1793858828085418,-0.32999999999999996,-0.45142935105337495,0.8020510215729987,1.4853552454222678,-0.01416666666666666,-0.04750402576489532,-0.9853802014804804,0.33474218089602703,0.0
2026-04-13,0.0861,0.1183,0.0012430082395970227,-0.33198233134836086,0.0012430082395970227,-2.3336172022417743,-0.3177143595506561,0.11892,0.12746,0.12916333333333335,0,13,4,0.11679160115249512,0.1531213298476322,32.66016713091922,-0.02137307757105382,-0.0243372630264845,0.15463687865000697,0.10028312134999302,0.10236842874684488,0.1117315400758268,0.12975604894561013,777492654.0,-3.0437638209043842,0.0,0.0,-1,0.0,0,19.9685352622062,-0.15134256258677914,-0.31952662721893493,-0.49793942776352385,1.972021664933461,1.7736832118573076,-0.31120000000000003,-0.2825,-1.5852411222935283,0.065040650406504,0.0
2026-04-14,0.0806,0.0861,0.06841299324512978,0.14966077455440646,0.0012414650880649455,4.947132848590692,-0.06601076192110242,0.11400000000000002,0.12399,0.12785,1,14,4,0.11021131003385964,0.14844253437359142,31.22476446837146,-0.022841742934733233,-0.02403815900813425,0.15628879574906898,0.09169120425093102,0.09989002619092073,0.09385023090389324,0.12814596334696057,777443525.0,-2.686787478833525,0.0,0.0,-1,0.0,0,19.9685352622062,-0.1488167124944554,0.0011614401858304631,0.7522465596670691,1.890707515337775,1.4898262287461408,-0.35519999999999996,-0.46266666666666656,-1.3261966738418003,0.24069478908188585,0.0
2026-04-15,0.0701,0.0806,-0.006984894521950982,-0.0010005003335835344,-0.14100340746322365,-2.4947454437811736,-0.13957585547203827,0.10901000000000001,0.120995,0.12632000000000002,2,15,4,0.10291834457315789,0.1433881773172307,32.49299719887955,-0.02456970875602356,-0.024144468957712113,0.16111027988838084,0.08087972011161917,0.10340627280679952,0.09366841891552218,0.13007754069606328,777439471.0,-2.537437113320078,0.0,0.0,-1,0.0,0,19.9685352622062,-0.1385871707269919,0.06203473945409417,-0.4115194054082208,1.9284531782975498,1.4869400529065406,-0.3904347826086957,-0.4607692307692308,-0.8692666434388341,0.4265335235378031,0.0
2026-04-16,0.0702,0.0701,-0.1983369721159309,-0.09221188138859521,0.0028530689824062595,0.7218386696686631,0.0014255169912211687,0.10303,0.118005,0.12432666666666667,3,16,4,0.09696955465076554,0.13866635942579644,22.57028112449798,-0.025635554242720848,-0.02444268601471386,0.1638057342677969,0.0722042657322031,0.09483338937038818,0.09368971605416533,0.12778547466857088,777447815.0,-2.087521117914143,0.0,0.0,-1,0.0,0,19.9685352622062,-0.13878676126861364,0.0014265335235378442,-0.31189187070222035,1.7648127123857902,1.487278134501463,-0.41500000000000004,-0.4600000000000001,-1.222371836983668,0.29772079772079774,0.0
2026-04-17,0.0733,0.0702,0.35382187495632605,0.09321238172217881,0.0,2.3396993594825353,0.04321229786084036,0.09836,0.11488000000000001,0.12310333333333333,4,17,4,0.09266599925971726,0.1344491749467128,19.397993311036785,-0.02593118185488856,-0.0247403851827488,0.1639785517687022,0.0657814482312978,0.09935741356793568,0.09367173206529605,0.1253386424774585,777534410.0,-1.6937363120557507,0.0,0.0,-1,0.0,0,19.9685352622062,-0.1445449580973123,0.4245014245014246,1.5268773509489317,1.9713127035836309,1.4869926475286885,-0.3803888419273035,-0.4602356406480118,-0.8701808657963849,0.40654843110504785,0.0
2026-04-20,0.0721,0.0733,-0.327116141697188,-0.327116141697188,0.026705733259138005,-5.444741558748611,-0.016506564601702526,0.09307,0.111645,0.12037333333333332,0,20,4,0.08892672666704138,0.13042664753079583,22.286263208453406,-0.02596301338174488,-0.024984910822548015,0.16313032643787218,0.06015967356212781,0.09548325287909573,0.09337873266892834,0.09912022161782494,777534036.0,-1.5361658451449973,0.0,0.0,-1,0.0,0,19.9685352622062,-0.15880917627970104,-0.016371077762619462,-0.5907916593451564,1.0598791661311622,1.4823414263062025,-0.16260162601626016,-0.472953216374269,-0.6240236706065531,0.0,0.0
2026-04-21,0.072,0.0721,-0.0013879252748480802,0.14679258756590655,-0.0013879252748480802,2.7208027649996014,-0.0013879252748480802,0.08777,0.10845,0.11777333333333333,1,21,4,0.08584914000030658,0.12665718639977674,24.576271186440692,-0.025700055023791912,-0.0251279396627968,0.1615046292091302,0.055395370790869806,0.09540549676526065,0.09344578296274703,0.09917133017932454,777528354.0,-1.3740554045273512,0.0,0.0,-1,0.0,0,19.9685352622062,-0.1564948210820978,-0.0013869625520111354,-0.46336820786742566,1.0377511438274172,1.4834058167228708,-0.1066997518610423,-0.4701986754966887,-1.5442719913419225,0.15972222222222238,0.0
2026-04-22,0.0835,0.072,0.0,0.0,0.0,0.5065928132133699,0.14818051284075456,0.08462,0.105805,0.11555666666666667,2,22,4,0.08542202363661447,0.12387285179333954,25.755995828988546,-0.024283776480965025,-0.024959107026430446,0.1582638048551724,0.053346195144827586,0.11486170698975601,0.10222422446971599,0.10439033393623702,777537784.0,-0.8503815541196315,0.0,0.0,-1,0.0,0,19.9685352622062,-0.16591919622851195,0.0,-0.3610845900774034,1.141922450394686,1.6227592554798727,0.1911554921540657,-0.3878299120234604,1.7500185633722847,0.1377245508982037,0.0
2026-04-23,0.0835,0.0835,0.16362942378180212,0.015448910941047557,0.0,-1.8311244133547637,0.0,0.08097,0.103975,0.11329000000000002,3,23,4,0.08507256479359365,0.12126815167764023,28.754365541327132,-0.022897418346488535,-0.024546769290442066,0.15688572417901822,0.051064275820981775,0.1127879633917288,0.09949495410342224,0.10432725589080799,777537784.0,-0.7739451809703018,0.0,0.0,-1,0.0,0,19.9685352622062,-0.16723659320552878,0.015568862275449048,-0.5541172752361871,1.1448035702851054,1.579433431580644,0.1894586894586896,-0.3047460449625312,1.7501819315829767,0.15329341317365275,0.0
