date,close,YesterdayClose,YesterdayOpenLogR,YesterdayHighLogR,YesterdayLowLogR,YesterdayVolumeLogR,YesterdayCloseLogR,MA10,MA20,MA30,DayOfWeek,DayOfMonth,MonthNumber,EMA10,EMA30,RSI,MACD,MACD_Signal,BollingerUpper,BollingerLower,Volatility_10,Volatility_20,Volatility_30,OBV,ZScore,insider_shares,insider_amount,insider_buy_flag,sentiment,num_articles,fear_greed,fear_greed_correlation,overnight_gap,abnormal_vol,volatility_5d,volatility_20d,momentum_5d,momentum_20d,skew_5d,intraday_range,sentiment_change
2022-11-15,2.72,2.995,-0.0033277900926745796,-0.0025614171647733194,-0.07632913930034124,1.0609079390263052,-0.09631235125950668,3.01904,3.21302,3.3375133333333333,1,15,11,3.0179590209613054,3.276912083340834,21.47651006711412,-0.18467526019073777,-0.16259194817654507,3.767333943347473,2.6587060566525276,0.04025819112013347,0.03897690613234998,0.033533257091875,105687.0,-1.7788475499016974,0,0,-1,0.0,0,66.91428571428573,0.046088431689135345,0.0016694490818029693,2.16538758928675,0.7816796861036283,0.6187392030054386,-0.09333333333333327,-0.25068870523415976,-0.6739569061578178,0.129485294117647,0.0
2022-11-16,2.119,2.72,-0.09798040836020366,-0.052059667315451856,-0.23504382176110702,0.25669874135701615,-0.24968760102174392,2.9169400000000003,3.1434699999999998,3.28648,2,16,11,2.854511926241068,3.2022080779640065,15.912481352560931,-0.24531601825449556,-0.17913676219213517,3.864790768415354,2.4221492315846453,0.07397426728283465,0.06057734106767209,0.05083945220809024,-26054.0,-2.840539313045495,0,0,-1,0.0,0,65.08571428571427,-0.012985979020439648,0.0,2.385360821523687,1.599781854866114,0.9616354773036019,-0.29366666666666663,-0.39629629629629615,-1.096166602991378,0.3563001415762151,0.0
2022-11-17,2.24,2.119,-0.2031246844237179,-0.22095296993439106,0.016568426347232487,-1.307088727032405,0.0555315865807864,2.8319400000000003,3.07297,3.24048,3,17,11,2.742782485106328,3.1401301374501998,23.812095032397423,-0.28037853789698985,-0.19938511733310613,3.8585938207879265,2.287346179212074,0.07954525163723077,0.06163087469235492,0.052578741064380236,9596.0,-2.120531424733503,0,0,-1,0.0,0,61.0,-0.08314046049904913,0.04766399244926851,0.1321414180840378,1.6718619430960335,0.9783598051161332,-0.28205128205128205,-0.38630136986301367,-0.8963564351461898,0.06919642857142867,0.0
2022-11-18,2.27,2.24,-0.0045146803545266945,0.06972200021046761,0.03233538064293645,-0.13609126819537518,0.013303965626362666,2.74694,3.00497,3.1961466666666665,4,18,11,2.6568220332688135,3.0839927092276063,28.68453105968331,-0.30226081353829404,-0.2199602565741437,3.8223755415571667,2.1875644584428335,0.07974994810889344,0.06204216489785616,0.052801796880659835,40710.0,-1.7982995285299244,0,0,-1,0.0,0,60.34285714285715,-0.07208646652124105,-0.013392857142857253,-0.01568949801420238,1.7502802799368564,0.9848888347187308,-0.24469288613828433,-0.3746556473829201,-1.1220950167396753,0.11013215859030837,0.0
2022-11-21,2.28,2.27,0.04304215257883137,-0.05069197145902839,-0.004555816535860802,-2.4055415812851844,0.004395611473037908,2.6749400000000003,2.94447,3.154146666666667,0,21,11,2.588308936310847,3.0321222118580833,27.80517879161529,-0.31516275811722716,-0.2390007568827604,3.7893734254373284,2.0995665745626715,0.08028102711604607,0.06215219320742303,0.05290195858609578,43517.0,-1.572889823842448,0,0,-1,0.0,0,60.0,-0.07554119764305174,0.016387665198237842,-0.7536493362364737,1.764052018262934,0.9866354799844754,-0.23873121869782976,-0.346704871060172,-1.1491295793527312,0.060921052631578966,0.0
2022-11-22,2.2499,2.28,-0.011859225142143479,-0.01688790460721007,0.0,0.9268510908322161,-0.013289672182148693,2.59993,2.8794649999999997,3.11381,1,22,11,2.5267800387997834,2.981656262705949,20.56742278949804,-0.324080660472605,-0.2560167376007293,3.7282525495762933,2.030677450423706,0.07995392361862742,0.061589001028782515,0.05287137238045942,36425.0,-1.4834454164985635,0,0,-1,0.0,0,60.0,-0.10073342268415471,0.0,-0.6360675795640534,1.727746832130805,0.9776950813143586,-0.1728308823529413,-0.36622535211267604,-1.9106071759444085,0.04440197342104089,0.0
2022-11-23,1.7016,2.2499,-0.01769957709940075,-0.02203228262344867,-0.568790164211464,4.349121945787972,-0.2793167858803102,2.47009,2.7860450000000005,3.0521966666666667,2,23,11,2.3767473044725502,2.899071987692662,15.469558296856349,-0.3711134254465045,-0.2790360751698843,3.7216644558742695,1.8504255441257316,0.10474173495771313,0.07883161684468015,0.06707578771354714,-512570.0,-2.318132640768281,0,0,-1,0.0,0,64.0,-0.13888678770536297,-0.004400195564247112,4.042448014617259,1.8849671757706141,1.251413121720924,-0.19697970740915538,-0.5233613445378151,-1.9628510726250028,0.5876821814762577,0.0
2022-11-25,1.82,1.7016,-0.2411620568168881,-0.1912902267767151,0.2101563557873986,-1.8056054647513011,0.0672675161848137,2.34009,2.702545,2.992863333333333,4,25,11,2.275520521841177,2.829454440099587,19.029921860110534,-0.394288230762847,-0.3020865062884769,3.6711379229666026,1.7339520770333978,0.10791969844377129,0.08209889175804995,0.06884001349700407,-422329.0,-1.822323866040534,0,0,-1,0.0,0,63.08571428571429,-0.12704467640684275,0.03432063939821345,0.23320578617530122,1.925609285833987,1.3032795030348634,-0.1875,-0.47851002865329517,-1.8570069529560873,0.17582417582417587,0.0
2022-11-28,1.8,1.82,0.0,-0.008141157583699885,0.10536051565782635,-0.27814959542327317,-0.011049836186584935,2.2195500000000004,2.632045,2.93253,0,28,11,2.189062245142781,2.7630380246092914,19.981989193516114,-0.40954725793932223,-0.32357865661864593,3.6491606420822333,1.614929357917767,0.1084851594906853,0.08125447577358684,0.06872947939143258,-490658.0,-1.636087315099476,0,0,-1,0.0,0,59.0,-0.12430376288427962,-0.032967032967032996,0.026012288081175207,1.8954234889178598,1.2898748148470005,-0.20704845814977968,-0.43925233644859807,-1.7657582152102385,0.075,0.0
2022-11-29,1.81,1.8,0.022472855852058576,0.018893949359961828,0.03468555798789011,-0.27876044488613133,0.005540180375615351,2.10105,2.5740450000000004,2.8726966666666667,1,29,11,2.1201418369350025,2.70155170044095,20.380326563122253,-0.41603741019508655,-0.3420704073339341,3.6410875917114307,1.50700240828857,0.10889587044398127,0.08064550408644754,0.0688071607726917,-438952.0,-1.4320796675501921,0,0,-1,0.0,0,58.0,-0.12113781088446894,0.0,-0.13305392935665158,1.89709145947265,1.2802076890091003,-0.20614035087719285,-0.39057239057239057,-1.7691166433852803,0.06077348066298348,0.0
2022-11-30,1.83,1.81,0.038151765964376326,0.0,0.028013036227673888,0.48257274134820677,0.010989121575595165,2.01205,2.5155450000000004,2.8126966666666666,2,30,11,2.0673887756740927,2.645322558477018,21.165220820189276,-0.414785678655357,-0.3566134615982187,3.6121401888986746,1.4189498111013263,0.10863676561954393,0.08066499781243744,0.06886702772785923,-355176.0,-1.2503155347389454,0,0,-1,0.0,0,73.0,-0.11542046950289914,0.03314917127071826,0.10766173481963671,1.9251120246618452,1.2805171423156723,-0.1866305169118626,-0.39,-1.8683936960053795,0.03278688524590167,0.0
2022-12-01,1.85,1.83,-0.03261158558876089,-0.005361943141385399,0.0,-1.5486672535576937,0.010869672236903891,1.9851500000000002,2.451045,2.757363333333333,3,1,12,2.0278635437333485,2.5940114256720492,17.077975943591852,-0.40748263339026547,-0.36678729595662807,3.544737527705032,1.3573524722949681,0.0864991144440457,0.0794768263149707,0.06904706538780625,-337371.0,-1.0991114683049228,0,0,-1,0.0,0,75.0,-0.10808441090085744,-0.010928961748633888,-0.44938187630101784,0.4861327277030004,1.261655504532519,0.08721203573107661,-0.410828025477707,1.7262740207878517,0.02702702702702705,0.0
2022-12-02,1.8099,1.85,0.021858793812499017,-0.005390848634876423,-0.02234729869199666,0.8333851826346562,-0.021914043957544826,1.9421399999999998,2.38704,2.696026666666667,4,2,12,1.9882338085091034,2.543423591757724,17.764115838861017,-0.4003160579445071,-0.37349304835420394,3.47308996570136,1.3009900342986396,0.08327789268970208,0.07946151171058441,0.06816062140194583,-378342.0,-1.0628240287771447,0,0,-1,0.0,0,68.0,-0.10927310009249945,0.0,-0.2698148495009218,0.23245881838058444,1.2614123927247183,-0.005549450549450552,-0.4142718446601942,-0.8013787709043396,0.044201337090447025,0.0
2022-12-05,1.8299,1.8099,-0.021858793812499073,0.0010804971337541789,-0.011363758650315095,-0.5982386958699956,0.010989725418815825,1.89813,2.3225350000000002,2.636023333333333,0,5,12,1.9594458433256299,2.4973898116443225,18.74564086056118,-0.38854377167852006,-0.37650319301906715,3.378107005123253,1.2669629948767476,0.08318469000684313,0.07949110534225999,0.06835334113515634,-355817.0,-0.9333991383041239,0,0,-1,0.0,0,65.0,-0.10476531935727978,5.5251671363052645e-05,-0.4327382295855069,0.22550259795214878,1.261882177063547,0.016611111111111132,-0.41349358974358974,-2.0918277293400602,0.05574075086070282,0.0
2022-12-06,1.85,1.8299,0.022939290946253226,0.004310351501122263,0.02817087696669644,-1.4151643884127127,0.01092431853872896,1.8551299999999997,2.265035,2.5813566666666667,1,6,12,1.9395465990846061,2.4556227270221083,22.96457426973275,-0.37328920241965746,-0.3758603948991852,3.290069913448999,1.2400000865510015,0.08340466196913525,0.07975002313519762,0.06848819264547781,-350346.0,-0.8097968070248573,0,0,-1,0.0,0,61.82857142857144,-0.10102330418058904,0.012077162686485605,-0.5725510984863117,0.2319991527552122,1.2659923696042832,0.022099447513812098,-0.3833333333333333,-2.2360008850403963,0.03243243243243246,0.0
2022-12-07,1.86,1.85,-0.011950169370658084,0.005361943141385373,0.016529301951210506,1.5382361640270996,0.005390848634876373,1.81614,2.2080349999999997,2.525023333333334,2,7,12,1.925083581069223,2.417195454311005,37.27897838899803,-0.35628588801548156,-0.3719454935224445,3.1867246207630866,1.229345379236913,0.08370685557300762,0.07983199998322048,0.06831075819672801,-324871.0,-0.7112265065785327,0,0,-1,0.0,0,58.42857142857143,-0.09773394259496186,-0.01081081081081082,-0.412310898755858,0.22527339162138596,1.2672937117230838,0.016393442622950838,-0.38,-2.0849816506709824,0.02150537634408604,0.0
2022-12-08,1.844,1.86,0.016260520871780326,-0.005361943141385399,-0.010989121575595206,0.230223434596275,-0.008639362590707854,1.83038,2.150235,2.4674899999999997,3,8,12,1.9103411117839095,2.3802151024199723,28.313253012048165,-0.3401803181772758,-0.36559245845341076,3.0665439165949975,1.233926083405002,0.024396868327548532,0.07974082384235404,0.06818479996512467,-356941.0,-0.6684099531366965,0,0,-1,0.0,0,55.0,-0.0964352349502259,0.0,-0.3636136685567036,0.22648343065586757,1.2658463353576725,-0.00324324324324321,-0.3853333333333333,-0.9470407397329758,0.027114967462039067,0.0
2022-12-09,1.81,1.844,-0.010810916104215617,-0.010810916104215617,-0.005540180375615356,-0.4051377529014624,-0.018610279856667713,1.82938,2.084735,2.41149,4,9,12,1.8920972732777441,2.343427031296103,24.918211559432933,-0.3263975461595672,-0.3577534759946421,2.8896822484186524,1.2797877515813472,0.013109379569145468,0.07846448082639944,0.06818227634130014,-378328.0,-0.6826161603502003,0,0,-1,0.0,0,52.0,-0.0966938316628151,-0.0021691973969631254,-0.4205285610321939,0.2078761428967681,1.2455850181106924,5.525167136299913e-05,-0.4198717948717948,-0.7861631028258567,0.022099447513812175,0.0
2022-12-12,1.87,1.81,-0.016438726343159835,0.016172859245600968,-0.015113637810048297,1.3663058559799899,0.03261158558876101,1.8363799999999997,2.027965,2.3668233333333335,0,12,12,1.8880795872272451,2.312883351857645,28.800413650465373,-0.30709312311253556,-0.3476214054182208,2.7103363706432884,1.3455936293567115,0.01623355852006831,0.0793949331243703,0.06781840022152286,-294473.0,-0.46298835735468313,0,0,-1,0.0,0,57.0,-0.1449324658760795,0.0,0.10143792619151336,0.31364368637401374,1.2603554904341294,0.02191376577955073,-0.37778665069541484,0.5116528182492909,0.0518716577540108,0.0
2022-12-13,2.21,1.87,0.02724964244737554,0.3256808340609544,0.03709254452882344,1.0505493062248166,0.16705408466316607,1.87638,1.9887149999999998,2.34149,1,13,12,1.946610571367746,2.306245716253926,48.43762236666929,-0.2613464312880802,-0.3303664105921927,2.507603400028489,1.4698265999715106,0.05859719630515512,0.09133874413347257,0.07577565174173848,-54713.0,0.8529194331106674,0,0,-1,0.0,0,59.17142857142858,-0.08490984276284651,-0.0053475935828877046,1.2798373944242465,1.3072253587093037,1.4499576122527693,0.1945945945945946,-0.26210350584307185,1.9435729996976252,0.3393212669683258,0.0
2022-12-14,2.0,2.21,0.12611145976286514,-0.18615142278787833,0.03208831455150045,-1.0409833760316936,-0.09984533496971613,1.8933799999999998,1.952715,2.3081566666666666,2,14,12,1.956317740209974,2.2864879281085115,65.89601534199872,-0.23927883591236054,-0.3121488956562263,2.3415984666471346,1.5638315333528654,0.06933018859122743,0.09149105128930256,0.07738224724774502,-139374.0,0.24318339068348993,0,0,-1,0.0,0,60.0,-0.08095503989639241,-0.04524886877828058,0.027539641620523955,1.6242060698412715,1.4523754133960998,0.07526881720430101,-0.26470588235294124,1.095397593126239,0.125,0.0
2022-12-15,1.93,2.0,-0.0788585749123197,-0.07232066157962613,-0.010582109330536972,-1.6732168287657738,-0.03562717764315116,1.90138,1.9432649999999998,2.2678233333333333,3,15,12,1.9515326965354332,2.2634887069402208,56.17838687935295,-0.22484663057910614,-0.29468844264080224,2.3242397568649853,1.5622902431350143,0.07083739391496068,0.0773825064395507,0.07674394987432272,-155260.0,-0.06963715973812339,0,0,-1,0.0,0,60.142857142857146,-0.0990784032029873,-0.025000000000000022,-0.4833111451098279,1.6624020831077653,1.2284092071954325,0.046637744034706996,-0.08919301557338377,1.2254355310692202,0.06217616580310886,0.0
2022-12-16,2.26,1.93,0.26826398659467937,0.2429461786103894,0.06187540371808745,2.628102960775504,0.15784481036740028,1.9463900000000003,1.9442650000000001,2.2401566666666666,4,16,12,2.007617660801718,2.26326362907311,69.1634727545409,-0.18465220610913047,-0.2726811953344679,2.328609359163715,1.5599206408362856,0.08677057944364341,0.0856757348534069,0.08376377721786472,64721.0,1.6429797522565421,0,0,-1,0.0,0,44.0,-0.10629925159880256,0.32124352331606215,1.0652330639855014,1.9530605252250963,1.3600601268889414,0.24861878453038666,0.008928571428571175,0.03959948159095979,0.243362831858407,0.0
2022-12-19,2.4,2.26,-0.11631352767702341,-0.060624621816434854,0.05354076692802976,-0.4135644249550926,0.060103924069705515,2.0034,1.950765,2.216156666666667,0,19,12,2.0789599042923146,2.272085330423232,72.17711622312433,-0.13988845809294848,-0.24612264788616403,2.3617763035965367,1.5397536964034633,0.08731120115229288,0.0866359296292815,0.08465623970768515,210192.0,2.1859982733758816,0,0,-1,0.0,0,39.971428571428575,-0.10453257969988636,0.004424778761062049,0.4334032409670082,1.9469967408686724,1.375302746411827,0.28342245989304793,0.05726872246696035,-0.19343596966664378,0.12083333333333335,0.0
2022-12-20,2.11,2.4,0.013129291441792581,-0.035584000682370664,-0.14785144639927097,1.308669599828694,-0.12878078986592484,2.0294,1.9422650000000001,2.18649,1,20,12,2.0846035580573483,2.2616282123314106,58.748906386701655,-0.12635687821596342,-0.2221694939521239,2.331037423079727,1.5534925769202732,0.09969464847563118,0.09120189998011277,0.08707930344042596,-328232.0,0.8628955658493388,0,0,-1,0.0,0,38.31428571428573,-0.09964209741396775,-0.041666666666666706,2.635617159453675,1.9092987747805201,1.4477852786637901,-0.045248868778280604,-0.07456140350877194,0.7648949265367845,0.23511848341232228,0.0
2022-12-21,2.17,2.11,-0.1548755801852068,-0.06515756911916107,0.0054794657646255705,-0.21832672710651582,0.028039220064393126,2.0604,1.93827,2.1588233333333333,2,21,12,2.1001301838651028,2.2557167147616424,59.75490793805633,-0.109528923859739,-0.19964137993364692,2.315193480158308,1.5613465198416918,0.09964916472247728,0.09135379305846192,0.08732121597076851,104587.0,1.2295864396809304,0,0,-1,0.0,0,38.54285714285714,-0.10163229697613074,-0.0663507109004739,1.708753216162956,1.729518664779337,1.4501965065308935,0.08499999999999996,-0.035512689452864565,0.12854400974491148,0.15668202764976952,0.0
2022-12-22,2.12,2.17,0.09669362480247112,0.004597709248629549,0.017066647477304974,-1.7087891097847245,-0.023311078868446997,2.088,1.95919,2.12949,3,22,12,2.1037428777078113,2.2469607976802464,59.396400218168594,-0.09908504026030718,-0.17953011199897898,2.327142770996666,1.591237229003334,0.10021018512477897,0.07117166892695646,0.08736047322476995,26210.0,0.8740795703993071,0,0,-1,0.0,0,37.0,-0.09506896334483035,0.0,-0.2560026659588524,1.70701553569961,1.1298152182449004,0.09844559585492241,0.24588622472966626,0.05281470839141939,0.15023584905660387,0.0
2022-12-23,2.1,2.12,-0.06669137449867228,-0.013857034661426354,0.08665317872306141,-0.1586305481923591,-0.00947874395454377,2.117,1.97319,2.0954900000000003,4,23,12,2.103062354488209,2.237479455894424,58.18435246348706,-0.091368777722173,-0.1618978451436178,2.340149770633066,1.606230229366934,0.09988232127254473,0.07007137165645949,0.08689687071232818,-40670.0,0.6911384306853687,0,0,-1,0.0,0,39.51428571428572,-0.09610605328467015,-0.04245283018867939,-0.32759806471169683,1.0962234790578762,1.1123485405690314,-0.07079646017699104,0.15384615384615397,-0.9951200051938603,0.05714285714285719,0.0
2022-12-27,2.13,2.1,0.01951281422358172,0.004640379556502301,0.005012049212585555,-0.2260259910286838,0.014184634991956381,2.143,1.98969,2.06631,1,27,12,2.1079601082176254,2.2305452974496225,58.433734939759034,-0.08188887085927954,-0.14589605028675015,2.3535239985848366,1.6258560014151633,0.09976977722410121,0.06991177691659098,0.08683944461631991,12680.0,0.7712858091643314,0,0,-1,0.0,0,39.94285714285714,-0.09662539068736913,-0.014285714285714403,-0.4160310470420043,0.9319902443762985,1.1098150526155546,-0.11250000000000004,0.18333333333333335,-1.611149749254746,0.056244131455399124,0.0
2022-12-28,2.04,2.13,0.009615458699441973,-0.009302392662313561,-0.05035986919104469,-0.2903222306430043,-0.043172171865208664,2.1260000000000003,2.00119,2.0344766666666665,2,28,12,2.0956037249053296,2.218252052452873,55.17241379310345,-0.08070787407656521,-0.13285841504471316,2.355525463412137,1.6468545365878622,0.08239251306001885,0.07090640033007296,0.08706519027366154,-27227.0,0.2190579493583414,0,0,-1,0.0,0,35.0,-0.0923027565008249,-0.018779342723004713,-0.5046081801489943,0.4499145814252437,1.1256042098169676,-0.033175355450236865,0.1270718232044199,0.0075973409961598735,0.09803921568627459,0.0
2022-12-29,1.965,2.04,-0.024214258120594512,-0.0478560211776351,0.005141399500418652,0.22340913360493975,-0.03745756253490044,2.1225,2.00794,2.00931,3,29,12,2.0718575931043604,2.2019132103591392,53.362979433018346,-0.08484574982712711,-0.12325588200119596,2.3535811732295424,1.6622988267704577,0.07721648258022999,0.07161091445470598,0.08582702331703974,-77124.0,-0.24846576927618094,0,0,-1,0.0,0,37.142857142857146,-0.09405927737450903,0.0,-0.42170075398640133,0.3612207013612042,1.1367880248304356,-0.09447004608294929,0.07377049180327866,0.7869392888477857,0.045801526717557293,0.0
2022-12-30,2.0,1.965,-0.05542980493933087,0.009756174945364656,-0.025975486403260677,0.3968976046365761,0.017654935238720745,2.1295,2.01544,2.0053433333333333,4,30,12,2.0587925761762946,2.1888865516262914,55.27777777777777,-0.08432874934876855,-0.11547045547071048,2.3530679945987267,1.677812005401273,0.07629392927712568,0.07165289888593797,0.0757849968039992,-2917.0,-0.09146161009753025,0,0,-1,0.0,0,36.51428571428571,-0.10062980969267832,-0.01781170483460567,-0.2753855370688622,0.44279418794333986,1.1374545070142936,-0.05660377358490576,0.08108108108108092,-0.09625437962351352,0.08000000000000007,0.0
2023-01-03,1.85,2.0,0.02051353983310303,-0.03960913809504583,-0.03753791931906509,-1.0964181392991748,-0.0779615414697118,2.0885,2.017445,1.9923433333333334,1,3,1,2.0208302895987864,2.1670229031342725,49.47089947089947,-0.09492849257115088,-0.11136206289079857,2.350377251524509,1.684512748475491,0.05347184412835898,0.07370893448417379,0.07624710786182039,-27707.0,-1.005880320895696,0,0,-1,0.0,0,36.6,-0.08190725898902854,-0.015000000000000013,-0.6134109792166499,0.630520056787073,1.170093060292061,-0.11904761904761907,0.022155920216586633,-0.0287579190172647,0.08108108108108103,0.0
2023-01-04,1.9,1.85,-0.030930300691358614,0.015037877364540502,-0.033336420267591836,1.0878649480724374,0.026668247082161273,2.0385,2.02095,1.98001,2,4,1,1.9988611460353707,2.1497956190610936,40.3125,-0.09816272452519792,-0.10872219521767845,2.3469732313322735,1.6949267686677267,0.04854926506956077,0.07388059932337468,0.07639139086515029,45868.0,-0.741971665673919,0,0,-1,0.0,0,39.85714285714285,-0.08802877306680383,0.03243243243243234,-0.2935742367097895,0.683972483866928,1.1728181551323376,-0.107981220657277,0.03830810426799269,0.08795658271848732,0.1263157894736841,0.0
2023-01-05,1.9,1.9,-0.005249355886143678,-0.05628083589858958,0.02785695450296628,-0.7987720117365192,0.0,2.0175,2.02345,1.9673433333333332,3,5,1,1.9808863922107578,2.1336797726700554,46.40287769784172,-0.09957800341198464,-0.1068933568565397,2.344685427684924,1.702214572315076,0.034097150235062046,0.07386969228585598,0.07638092930937293,45868.0,-0.7685951757542946,0,0,-1,0.0,0,44.17142857142858,-0.08475535905304415,0.0,-0.592122245937429,0.6701479204842409,1.172645011279448,-0.06862745098039225,0.027027027027026973,-0.8193005279544593,0.04210526315789466,0.0
2023-01-06,1.9,1.9,0.005249355886143745,0.005249355886143745,-0.011049836186584935,-0.3611302576648638,0.0,1.9904999999999997,2.02545,1.95568,4,6,1,1.9661797754451653,2.1186036583042456,48.86363636363635,-0.09955204808497142,-0.10542509510222606,2.3428761455750817,1.7080238544249187,0.03164283266636937,0.07387348916995765,0.0763589363969486,45868.0,-0.790420081954637,0,0,-1,0.0,0,45.0,-0.08721995984952603,0.005263157894736847,-0.661947942990631,0.6394676894051693,1.1727052849459878,-0.03307888040712481,0.021505376344086002,-1.7715658979652282,0.0578947368421052,0.0
2023-01-09,1.86,1.9,-0.005249355886143678,0.0,0.011049836186584935,1.2730367705240777,-0.02127739844728485,1.9645,2.02625,1.9609599999999998,0,9,1,1.9468743617278623,2.101919551316875,30.58252427184466,-0.10158809963121507,-0.10465769600802385,2.341825914630146,1.7106740853698545,0.03157705109411022,0.07403360041768964,0.061501226019446395,-36520.0,-1.0536292048450193,0,0,-1,0.0,0,47.2,-0.0858619817293835,0.0,-0.2619292465895783,0.6068634938622646,1.1752469722076064,-0.06999999999999995,0.008676789587852562,-1.1649544741821583,0.04838709677419347,0.0
2023-01-10,2.27,1.86,0.4765610297918947,0.4745743195405673,0.14785144639927103,6.257482017474252,0.19920334376820145,1.9815,2.04925,1.97596,1,10,1,2.0056244777773418,2.112763451231915,45.0,-0.06931904486395624,-0.09758996577921034,2.3655156278642018,1.7329843721357978,0.08024598546188322,0.08829819480511712,0.07221897902335984,42962036.0,1.3959784469198522,0,0,-1,0.0,0,49.0,-0.07755407769509977,0.6451612903225806,4.24808768064013,1.5777237647387103,1.4016903880216516,0.22702702702702693,0.2541436464088398,2.0751851104786323,0.4229074889867841,0.0
2023-01-11,1.89,2.27,-0.3717269684763143,-0.3702614729151846,-0.15336110221024066,-3.0252970853177255,-0.18320300242176038,1.9575000000000002,2.05025,1.97896,2,11,1,1.9846018454541885,2.098391615668566,42.086330935251794,-0.07356045158631508,-0.0927840629406313,2.3642475695513063,1.736252430448694,0.09790550572642044,0.09706593747062434,0.0790877638939789,40874740.0,-1.020708537515071,0,0,-1,0.0,0,54.0,-0.08675511783477155,-0.07048458149779742,-0.02933060250475507,2.200369424320372,1.5408739879357076,-0.0052631578947368585,0.010695187165775222,0.7094493092564265,0.16402116402116407,0.0
2023-01-12,1.73,1.89,-0.12074951662147969,-0.12014431184206334,-0.09255155736524526,-0.4062693423149768,-0.08845542056186342,1.9264999999999997,2.02625,1.9762933333333332,3,12,1,1.9383106008261541,2.074624414657691,35.23489932885904,-0.08880872806011442,-0.09198899596452792,2.361493430800147,1.6910065691998533,0.10045240286361193,0.08948849495271036,0.08074563389550207,39484328.0,-1.7673724391432297,0,0,-1,0.0,0,56.0,-0.09295237550412747,-0.010582010582010474,-0.10823876364576265,2.295874916841801,1.4205858170779826,-0.08947368421052626,-0.2171945701357466,1.1092967507260332,0.1329479768786127,0.0
2023-01-13,1.77,1.73,-0.0953101798043249,-0.06029223025612001,0.02985296314968113,-1.130602021410432,0.022858138076050184,1.907,2.0147500000000003,1.9742933333333332,4,13,1,1.907708673403217,2.054971226615259,38.17567567567567,-0.096552434949158,-0.09290168376145394,2.369024276737404,1.6604757232625966,0.10059436061892023,0.08734866744994915,0.08082471082075743,39933207.0,-1.3816978317136734,0,0,-1,0.0,0,61.0,-0.08808666676036023,-0.01734104046242776,-0.2086788937115498,2.3083932891502843,1.3866171085526875,-0.06842105263157894,-0.11499999999999999,0.9372857441629078,0.039548022598870095,0.0
2023-01-17,1.53,1.77,0.01749315744751712,-0.017094433359300183,-0.11851860023533736,0.1417613530783556,-0.14571181118139365,1.8599999999999999,1.9947500000000002,1.9636266666666666,1,17,1,1.8390343691480866,2.0211021152207262,33.235294117647044,-0.12066442826736434,-0.09845423266263602,2.4092182706412353,1.5802817293587652,0.10798957606315629,0.09208222712377895,0.08460157847321768,39415963.0,-2.242632466321115,0,0,-1,0.0,0,64.0,-0.10481493956578951,-0.022598870056497196,-0.2042791345561316,2.4916704277369206,1.4617600388309133,-0.17741935483870974,-0.20725388601036265,1.246897864156225,0.1503267973856209,0.0
2023-01-18,1.63,1.53,-0.04734612059719843,-0.023256862164267235,0.026145280104322207,-0.17287447607334297,0.06331227941432686,1.8380000000000003,1.96325,1.9576299999999998,2,18,1,1.8010281202120708,1.995869720690357,35.87570621468926,-0.13020328994667274,-0.10480404411944337,2.388459236419855,1.538040763580145,0.1093492482099931,0.08397260916390675,0.08542537741587042,39851091.0,-1.5674635988901535,0,0,-1,0.0,0,58.0,-0.09802417566263207,0.07843137254901954,-0.21405701412937939,1.5969713934717358,1.3330238447335245,-0.2819383259911895,-0.27876106194690264,0.34309384693672107,0.09202453987730057,0.0
2023-01-19,1.54,1.63,0.0239532410224928,-0.005899722127188271,-0.02614528010432236,-0.6112323304467872,-0.05679759839313307,1.802,1.92025,1.9479666666666664,3,19,1,1.7535684619916942,1.9664587709683987,35.87570621468926,-0.14337244607779254,-0.11251772451111322,2.333255352329173,1.5072446476708272,0.10957508664844588,0.08255246160142594,0.08598353469501187,39614955.0,-1.841380494734769,0,0,-1,0.0,0,55.42857142857144,-0.10046449573376473,0.03680981595092028,-0.23539347725979826,1.2900115531882932,1.310479701081492,-0.18518518518518512,-0.3583333333333333,0.19298441660203836,0.11688311688311684,0.0
2023-01-20,1.55,1.54,-0.11926342082681775,-0.06099451270284191,-0.006644542718668613,0.12589600121982616,0.00647251450561752,1.7670000000000001,1.89225,1.9379666666666668,4,20,1,1.7165560143568408,1.9395904631639862,37.8299120234604,-0.1512585661682393,-0.12026589284253844,2.326476171966827,1.458023828033173,0.10969632467424177,0.0791021996693072,0.0859636043865552,39882772.0,-1.5763674421087006,0,0,-1,0.0,0,58.54285714285714,-0.0989946902077052,-0.025974025974025997,-0.23058479131740614,1.2410067937039797,1.2557084908989755,-0.10404624277456642,-0.2654028436018957,-0.8098231954027031,0.05806451612903231,0.0
2023-01-23,1.65,1.55,0.045610511252052274,0.037041271680349076,0.0,0.0970544223906307,0.06252035698133393,1.7419999999999998,1.8662499999999997,1.9309666666666667,0,23,1,1.7044549208374151,1.9209072074759872,40.11299435028248,-0.14773619796368065,-0.1257599538667669,2.292653256134397,1.4398467438656026,0.1125275019356397,0.08048125826578566,0.08682185948660164,40177885.0,-1.0142980706124836,0,0,-1,0.0,0,63.0,-0.0886521725461266,0.012903225806451623,-0.22696897426185172,1.359052295388743,1.277600367436982,-0.06779661016949157,-0.23963133640552992,-0.7630883327318891,0.09090909090909086,0.0
2023-01-24,1.57,1.65,0.04969966855227254,0.0,0.013245226750020723,-0.37087693666632493,-0.04969966855227241,1.7129999999999999,1.8387499999999999,1.9218333333333333,1,24,1,1.6800085715942485,1.8982680328001171,41.764705882352935,-0.14967467076109275,-0.13054289724563206,2.2671850346870324,1.4103149653129676,0.11320258064761694,0.08088885865050967,0.08725555273682963,39974219.0,-1.2545659352826695,0,0,-1,0.0,0,63.0,-0.09273156875389393,0.0,-0.2372350220118237,0.9277541105764686,1.284070822950626,0.026143790849673332,-0.25943396226415094,-0.007286462937269126,0.08280254777070056,0.0
2023-01-25,1.59,1.57,-0.04335044087361374,-0.030771658666753545,0.0130720815673527,-0.7812724084935798,0.012658396871923465,1.645,1.81325,1.9145,2,25,1,1.6636433767589305,1.8783797726194644,40.7185628742515,-0.14789228140566224,-0.1340127740776381,2.2368967619931466,1.3896032380068535,0.08025246742530642,0.08107531004437213,0.08723572693034742,40067462.0,-1.05394408752078,0,0,-1,0.0,0,63.0,-0.0900557866660971,0.006369426751592362,-0.24894053243757067,0.7811891953165522,1.2870306470691943,-0.024539877300613355,-0.24285714285714288,0.36657198874033636,0.03773584905660381,0.0
2023-01-26,1.52,1.59,0.012578782206860185,0.018576385572935238,-0.019672765598704893,0.26924638794488437,-0.04502368137395513,1.608,1.78275,1.9028333333333334,3,26,1,1.6375263991663975,1.855258496966596,39.080459770114935,-0.1503944859687223,-0.13728911645585495,2.1981315620669406,1.3673684379330595,0.06517623246912384,0.08117669864827654,0.08734031823237974,39945409.0,-1.265101891824735,0,0,-1,0.0,0,68.02857142857144,-0.09560145969282267,0.0062893081761006345,-0.24630761383089084,0.7377982627465738,1.288640141259437,-0.012987012987012991,-0.2863849765258215,0.48566448847450017,0.07894736842105256,0.0
2023-01-27,1.54,1.52,-0.05789397841890262,-0.0439582981759849,-0.006644542718668613,0.28664715040379546,0.0130720815673527,1.589,1.7577500000000001,1.8805,4,27,1,1.619794326590689,1.8349192390977833,39.77272727272727,-0.1490455637777437,-0.13964040592023272,2.16809613117261,1.3474038688273904,0.06156343144418785,0.08109453929167328,0.08014591821467286,40107978.0,-1.0612991494656239,0,0,-1,0.0,0,69.2,-0.09132278624506396,-0.006578947368421058,-0.2427489494713718,0.743981759664253,1.2873359019067412,-0.006451612903225823,-0.2450980392156863,0.34255534416184374,0.038896103896103935,0.0
2023-01-30,1.52,1.54,0.0,6.410461875978104e-05,0.0,0.03879027071499763,-0.013072081567352775,1.564,1.7355,1.8645,0,30,1,1.6016499035742,1.8146018688334105,40.22988505747126,-0.14788563255942444,-0.14128945124807107,2.1467868124620217,1.3242131875379783,0.06046758812613437,0.08086901772987456,0.078489073833467,39938979.0,-1.0479305120919693,0,0,-1,0.0,0,67.0,-0.09203856123980741,-0.019480519480519497,-0.24273883896258516,0.4713035170538365,1.2837558580999275,-0.07878787878787874,-0.22646310432569972,-0.13667208793493016,0.03947368421052635,0.0
2023-01-31,1.4999,1.52,0.0,-0.006495408540577675,-0.013423020332140661,-0.08707431640562113,-0.013311895639008314,1.5609899999999999,1.7104949999999999,1.8501633333333334,1,31,1,1.5831499211061635,1.7942985224570616,21.479890378490467,-0.14689496698883908,-0.1424105543962247,2.114823451554857,1.3061665484451428,0.042790624048344175,0.08061091568095574,0.07831386185202471,39784073.0,-1.041702601882952,0,0,-1,0.0,0,70.0,-0.09318904119344817,-0.006578947368421058,-0.24466431354528248,0.37431201854524204,1.279658615094035,-0.044649681528662444,-0.25005,-0.7257832064023682,0.046603106873791635,0.0
2023-02-01,1.495,1.4999,-0.006644542718668613,-0.01948007786268299,-0.020478531343540676,-0.12493464337547786,-0.003272232376526879,1.54749,1.692745,1.8246633333333335,2,1,2,1.5671226627232246,1.7749889403630577,29.74358974358975,-0.14483567097782402,-0.14289557771254457,2.102420689321393,1.283069310678607,0.03588101187912153,0.07920831354495414,0.07088613646347106,39647360.0,-0.9653733680294991,0,0,-1,0.0,0,82.17142857142858,-0.09019046701585502,6.667111140741981e-05,-0.24719440634854367,0.3308269419656168,1.2573929964526656,-0.05974842767295596,-0.19189189189189182,-0.7319411955283387,0.046822742474916426,0.0
2023-02-02,1.51,1.495,0.0,0.0065574005461590396,0.033901551675681416,-0.0603375652323202,0.009983443984183205,1.54449,1.673245,1.7949966666666666,3,2,2,1.5567367240462744,1.7578928796944733,36.74698795180722,-0.14037513226859177,-0.142391488623754,2.0784865548649707,1.2680034451350295,0.032078250664473895,0.07890728985529008,0.06966036840286323,39776068.0,-0.8056676223858361,0,0,-1,0.0,0,75.0,-0.08615889843569748,0.003344481605351099,-0.2483406517771666,0.19765160114468092,1.2526143935231244,-0.006578947368421018,-0.20526315789473681,0.23728754309430125,0.01986754966887419,0.0
2023-02-03,1.4701,1.51,0.01980262729617973,0.0,-0.027028672387919374,0.07109051347045957,-0.026779225139049522,1.5365,1.6517500000000003,1.7736666666666667,4,3,2,1.540984592401497,1.7393255971335395,31.93155801903842,-0.13846359758450832,-0.14160591041590487,2.0519230599311276,1.2515769400688732,0.032846037479246144,0.07897861369643366,0.06668980690707751,39637877.0,-0.907857215731932,0,0,-1,0.0,0,76.0,-0.09130497830296476,0.013245033112582794,-0.24793405104487645,0.21479270591023536,1.2537466244004192,-0.045389610389610424,-0.22626315789473683,0.34257613006404225,0.04761580844840491,0.0
2023-02-06,1.57,1.4701,-0.03322564762832039,0.050966443592027566,0.006825965070399891,0.38642953030316113,0.06574519367243324,1.5285,1.6352499999999999,1.753666666666667,0,6,2,1.5462601210557703,1.728401365060408,52.899391127863154,-0.12741879294501857,-0.1387684869217276,2.019209364626147,1.2512906353738527,0.03366015401583166,0.0808627482420818,0.06785222782074908,39841255.0,-0.33987971650871074,0,0,-1,0.0,0,75.0,-0.07628275197610555,0.006734235766274417,-0.24210916339514316,0.5808973887718399,1.283656333066643,0.03289473684210531,-0.17368421052631566,1.5269707522376608,0.08917197452229307,0.0
2023-02-07,1.55,1.57,0.03974032864951412,-0.006230549750636086,0.013513719166722855,-0.5108403747327939,-0.012820688429061434,1.5265,1.6197500000000002,1.7346666666666666,1,7,2,1.5469400990456301,1.71689159957264,43.44047228599542,-0.11890883155573162,-0.1347965558485284,1.9903022961883117,1.2491977038116888,0.030182967993303424,0.08080494963825349,0.06780230091648234,39719230.0,-0.3764650804622399,0,0,-1,0.0,0,76.34285714285714,-0.07859593638789672,-0.019108280254777087,-0.2508565602297448,0.5798424667247369,1.2827388086755045,0.03340222681512106,-0.16666666666666674,1.5270192453735445,0.07096774193548393,0.0
2023-02-08,1.5167,1.55,0.012903404835908001,-0.01892800988551891,-0.01351371916672282,-0.4052684464393479,-0.021718008855941082,1.5191700000000001,1.582085,1.7152233333333333,2,8,2,1.5414418992191519,1.7039760125034376,47.893690110287466,-0.11354280674582595,-0.1305458060279879,1.793166907524338,1.371003092475662,0.03040680313718335,0.06073987667785533,0.0678456249782193,39637864.0,-0.6195225423804838,0,0,-1,0.0,0,74.62857142857142,-0.08091197728666086,0.006451612903225812,-0.5802774062787619,0.6138121121730993,0.9642156501260238,0.014515050167223986,-0.3318502202643172,1.5996660517751713,0.06593261686556345,0.0
2023-02-09,1.49,1.5167,-0.0064308903302904025,-0.012820688429061434,-0.020619287202735703,0.6786757929151204,-0.017760802117846405,1.51617,1.562085,1.6938900000000001,3,9,2,1.5320888266338515,1.6901711084709579,44.73499473499473,-0.11017463566403896,-0.12647157195519812,1.7192352569614826,1.4049347430385173,0.02758880993350838,0.049570105673050424,0.06772459923797043,39477470.0,-0.917402254298164,0,0,-1,0.0,0,72.62857142857143,-0.08859179482728786,0.021955561416232682,-0.3893797626827131,0.6264186390230205,0.7869010324445008,-0.013245033112582738,-0.21164021164021163,2.145754992546951,0.07382550335570476,0.0
2023-02-10,1.42,1.49,-0.07361181734324608,-0.04715923679029277,-0.02105340919783238,-1.4541460529020995,-0.04811924834419846,1.5041699999999998,1.5465849999999999,1.6732233333333333,4,10,2,1.5117090399731512,1.6727407143760573,28.695813264171917,-0.11186424936732209,-0.12355010743762293,1.6949051838836173,1.3982648161163824,0.030410452389840376,0.047270865630351606,0.06780850170291429,39440002.0,-1.706915359534984,0,0,-1,0.0,0,72.0,-0.0906292910168034,-0.0335570469798658,-1.3063281747469864,0.6905090098647989,0.7504017282999652,-0.034079314332358335,-0.17919075144508678,1.6906697442328613,0.04830985915492957,0.0
2023-02-13,1.31,1.42,0.006920442844573757,-0.019532137708379582,-0.09672962645855102,1.7286741696732635,-0.08062973440010908,1.4831699999999999,1.523585,1.65139,0,13,2,1.475034669068942,1.6493380876421182,27.184977184977186,-0.12068814330160538,-0.12297771461041943,1.6686605632507852,1.3785094367492148,0.03763893664372087,0.049021870109163354,0.06876680002836202,39228938.0,-2.944465562829291,0,0,-1,0.0,0,71.82857142857144,-0.10277373425966273,0.021126760563380302,0.14947836843973764,0.4294426342578192,0.7781980626729421,-0.16560509554140124,-0.25988700564971745,-1.2058614967253987,0.12977099236641215,0.0
2023-02-14,1.3,1.31,-0.07145896398214487,-0.07145896398214487,-0.015748356968139168,-0.5730379119086183,-0.007662872745569137,1.46318,1.512085,1.6280566666666667,1,14,2,1.4432101837836797,1.6268001465039172,24.09789210432298,-0.1270238078563677,-0.12378693325960909,1.6881692893255076,1.3360007106744922,0.03769519382817258,0.03975961935408118,0.06855366373252701,39109938.0,-2.408903154419888,0,0,-1,0.0,0,73.25714285714287,-0.10488766985809712,0.030534351145038195,-0.6257502195533783,0.4474571918517094,0.6311643902009361,-0.16129032258064513,-0.15032679738562094,-1.0675362076546393,0.06923076923076929,0.0
2023-02-15,1.26,1.3,-0.07696104113612844,-0.04538485770138426,-0.06136894637629213,0.3575157668186674,-0.031252543504104426,1.43968,1.493585,1.60839,2,15,2,1.409899241277556,1.6031356209230194,25.46243865609665,-0.1337309660362369,-0.12577573981493465,1.6936243990137814,1.2935456009862185,0.037863611823755916,0.036152316587637734,0.06762161345815976,38939795.0,-2.3353899396979023,0,0,-1,0.0,0,73.65714285714284,-0.10872233562968998,-0.03846153846153849,0.15164457061735231,0.4354849560868545,0.5739002340585881,-0.16924902749390114,-0.22699386503067476,-0.8598894426620467,0.08341269841269838,0.0
2023-02-16,1.16,1.26,0.007968169649176881,-0.02360801378556724,-0.03871451218069051,-0.2088929425130039,-0.08269171584511341,1.4046800000000002,1.474585,1.5837233333333331,3,16,2,1.3644630155907276,1.57454622602476,18.842243358478186,-0.14543907041036563,-0.12970840593402083,1.7225151537889136,1.2266548462110864,0.04134603930952175,0.03802074498315643,0.06836925692381624,38801727.0,-2.537690516401131,0,0,-1,0.0,0,70.0,-0.12009325415307105,0.0,-0.2936915811501769,0.48788939703699297,0.6035606153210316,-0.2214765100671141,-0.24675324675324684,0.27946466974427076,0.10344827586206906,0.0
2023-02-17,1.17,1.16,-0.08269171584511341,-0.01600034134644119,8.771545113291436e-05,-0.398895778302514,0.008583743691391435,1.37467,1.455585,1.55939,4,17,2,1.3291061036651406,1.5484464695070337,20.82360786928976,-0.15215694055635987,-0.13419811285848865,1.735375924008971,1.1757940759910288,0.04269861894375979,0.03808218431469153,0.06844856986884429,38894379.0,-2.041417183288212,0,0,-1,0.0,0,69.0,-0.11846417824241286,0.0,-0.9774316693206064,0.6356811518363004,0.604535934472791,-0.176056338028169,-0.24516129032258072,-0.10106424006930216,0.08538461538461548,0.0
2023-02-21,1.0,1.17,-0.03509131981126994,-0.032789822822990956,-0.1513186851750564,1.415700581649231,-0.15700374880966467,1.3176700000000001,1.423085,1.52939,1,21,2,1.2692686302714786,1.5130628263130315,16.659997332266244,-0.16924750046497206,-0.14120799037978535,1.7541056116970954,1.0920643883029044,0.04604327819678138,0.04397013455462985,0.0724615026918022,38512711.0,-2.556245653893898,0,0,-1,0.0,0,65.91428571428573,-0.13286760575249212,-0.04273504273504258,3.319949419080745,0.9894990148532603,0.6980042468735903,-0.23664122137404586,-0.3939393939393939,-0.971639880077838,0.21999999999999997,0.0
2023-02-22,1.0489,1.0,-0.13782631690740343,-0.11466290832013976,-0.00429492428288073,-1.8117393343182318,0.0477419959854211,1.26756,1.39703,1.5023533333333334,2,22,2,1.2292016065857552,1.4831168375186423,21.897442358573755,-0.1768079391345121,-0.1483279801307307,1.7598646591694822,1.0341953408305178,0.05399448278399356,0.04641261256419905,0.0734993134114801,38575064.0,-1.9189456751284972,0,0,-1,0.0,0,64.17142857142859,-0.1275311419856516,-0.0242,-1.1542545960148047,1.2034572339142886,0.7367773832499751,-0.19315384615384623,-0.3319108280254778,-0.4198367951058527,0.08980837067403953,0.0
2023-02-23,1.06,1.0489,0.07328779576983235,0.01851904776723753,0.03444796245356823,0.29287281756766664,0.01052691213855467,1.22189,1.37053,1.4620199999999999,3,23,2,1.1984376781156176,1.4558189770335688,21.511775132945047,-0.17983098436979805,-0.15462858097854418,1.7510115513888487,0.9900484486111514,0.05592976782022255,0.04633770825977265,0.05868441098870397,38658634.0,-1.6322999045104354,0,0,-1,0.0,0,62.0,-0.12633996020169044,0.0010487177042617037,-0.843668125183478,1.2571443330851135,0.735588314280132,-0.15873015873015872,-0.33333333333333337,-0.7875163320931152,0.07547169811320761,0.0
2023-02-24,1.01,1.06,-0.009569451016150672,-0.0469569830877711,0.0,-0.22194766502004723,-0.04831857727080768,1.17389,1.34503,1.4326866666666667,4,24,2,1.1641762820945962,1.4270564623862418,21.24015501937744,-0.1841387151453664,-0.16053060781190864,1.7508495352096676,0.9392104647903323,0.05576549873619557,0.04643232838151709,0.0522579440978512,38591698.0,-1.6511280060823388,0,0,-1,0.0,0,60.0,-0.12929401392398374,-0.018867924528301903,-1.0109565842311823,1.1990503646640884,0.7370903621470827,-0.1293103448275862,-0.3355263157894737,-1.2317200091885654,0.02970297029702973,0.0
2023-02-27,1.12,1.01,-0.009661910911736859,0.16779345623104486,-0.004962789342129125,1.1476234402919494,0.10337835445383518,1.14389,1.32403,1.4123533333333333,0,27,2,1.1561442308046697,1.4072463680387424,22.222222222222243,-0.17664034221858538,-0.163752554693244,1.7308353464430282,0.9172246535569719,0.07198891358289752,0.054222814491640965,0.055743359511781235,38802593.0,-1.0030841619166073,0,0,-1,0.0,0,61.0,-0.11629592053025976,0.01980198019801982,0.9020182145988764,1.538797696763196,0.860760495185227,-0.04273504273504258,-0.2727272727272727,-0.5576416553969662,0.2008928571428572,0.0
2023-02-28,1.115,1.12,0.14439450488189357,-0.016393809775676383,0.06453852113757137,-0.8512063238179068,-0.004474280394921189,1.12439,1.30378,1.39052,1,28,2,1.148663461567457,1.3883917636491463,22.641509433962284,-0.169151413660924,-0.16483232648678,1.7098311640044495,0.8977288359955504,0.06928517679267138,0.054267729938579146,0.05535579372020678,38712562.0,-0.929833561555466,0,0,-1,0.0,0,61.0,-0.11785210614317797,0.062499999999999854,-0.6552590815808158,0.9352212559773165,0.8614735058009695,0.11499999999999999,-0.26644736842105265,0.5474703029435726,0.12376681614349767,0.0
2023-03-01,1.09,1.115,-0.078643127319113,-0.06663437982765859,-0.0018674141747954732,-0.19704888229848316,-0.0226767086710297,1.1033899999999999,1.2832849999999998,1.3758533333333332,2,1,3,1.137997377646101,1.369140682123395,22.880386424304064,-0.16335067004838666,-0.16453599519910134,1.6890348024773645,0.8775351975226352,0.0692974946173738,0.05430026599185969,0.05040161081677161,38638633.0,-0.9527299770443262,0,0,-1,0.0,0,65.0,-0.11894640919147882,-0.01345291479820619,-0.801291439685696,0.9494329057207898,0.8619899996347127,0.03918390695013829,-0.27328488565904385,1.5247508058979748,0.05688073394495397,0.0
2023-03-02,1.05,1.09,-0.027651531330510123,-0.03323161651252694,-0.0478560211776351,-0.03606860312864471,-0.03738753207162033,1.08239,1.2610350000000001,1.3565200000000002,3,2,3,1.121997854437719,1.348550960696079,22.500000000000014,-0.16013526499527742,-0.16365584915833656,1.6667062917464852,0.855363708253515,0.06947016807906806,0.054453709937058024,0.04855055697994018,38567323.0,-1.040423635064034,0,0,-1,0.0,0,52.0,-0.11915816856785412,-0.018348623853211024,-0.7793598287019519,1.0025866304230497,0.8644258467498132,-0.009433962264150941,-0.2976588628762542,1.8917220793537095,0.07142857142857138,0.0
2023-03-03,1.04,1.05,-0.038099846232270404,-0.02309571479464928,0.009756174945364656,-0.4577774544226266,-0.009569451016150672,1.07039,1.2375349999999998,1.3398533333333336,4,3,3,1.107089153630861,1.3286444471027838,24.324324324324337,-0.1565888904950321,-0.1622424574256757,1.6368848889312055,0.8381851110687941,0.06578724835410311,0.054134842066601754,0.0479057710410749,38522206.0,-0.9892828593425668,0,0,-1,0.0,0,55.6857142857143,-0.1194419071921198,-0.019047619047619063,-1.0297279715869132,0.9244513260455863,0.8593639762319168,0.02970297029702973,-0.3112582781456954,1.9767827174934223,0.03846153846153849,0.0
2023-03-06,1.01,1.04,0.00966191091173689,-0.018868484304382805,-0.019608471388376313,0.33940000570532014,-0.029270382300113224,1.0543900000000002,1.21453,1.3218533333333333,0,6,3,1.0894365802434316,1.3080867408380883,27.27272727272728,-0.15441906556754614,-0.1606777790540498,1.6104653168862142,0.8185946831137861,0.06574820706916296,0.0541596136812172,0.04787311651056658,38458857.0,-1.0331485537006493,0,0,-1,0.0,0,55.25714285714285,-0.11990819643527964,0.0,-0.7452522355359347,0.21198002952145223,0.8597572134229929,-0.09821428571428581,-0.31297190667301544,0.06543459001135293,0.03960396039603964,0.0
2023-03-07,0.984,1.01,-0.019418085857101627,-0.028987536873252298,-0.030153038170687558,-0.17381156276152468,-0.026079712783051736,1.05279,1.18523,1.2996533333333333,1,7,3,1.070266292926444,1.2871779188485342,26.627218934911255,-0.1530333729255835,-0.15914889782835656,1.5563585894331342,0.8141014105668658,0.047188052296325514,0.050324988105427765,0.045613261953614516,38405615.0,-1.0844219805720756,0,0,-1,0.0,0,48.51428571428571,-0.11986034699972718,0.00990099009900991,-0.7843811242816284,0.1582890780900065,0.7988844195554726,-0.11748878923766815,-0.37324840764331213,0.690863070931067,0.040650406504065074,0.0
2023-03-08,0.98,0.984,0.0,0.0,0.0,-0.6173930998471445,-0.004073325387635786,1.0459,1.15673,1.2799866666666666,2,8,3,1.0538542396670905,1.2673599886002418,28.125000000000014,-0.15052283455452375,-0.15742368517359,1.496099459283871,0.8173605407161291,0.043864231897503166,0.0504449563199623,0.04524378806839211,38376899.0,-1.0415197665277913,0,0,-1,0.0,0,49.82857142857143,-0.12167658961190014,0.03658536585365857,-1.000892690609538,0.21721849480158736,0.8007888559208176,-0.10091743119266061,-0.367741935483871,0.3015913697876998,0.04081632653061228,0.0
2023-03-09,0.91,0.98,-0.02985296314968116,-0.02985296314968116,-0.12482306473273824,2.473788517944654,-0.07410797215372185,1.0309,1.126395,1.25732,3,9,3,1.027698923363983,1.2443045054647424,29.508196721311492,-0.15242457418341382,-0.15642386297555477,1.4375755329790931,0.8152144670209069,0.04791103752551451,0.05166935833305869,0.046093193585366385,38036117.0,-1.3908003687013333,0,0,-1,0.0,0,37.54285714285714,-0.11342084931047433,0.01020408163265307,2.218081227461835,0.42045527576354613,0.820225635309337,-0.1333333333333333,-0.40001318652337303,-1.4024776891599147,0.13736263736263735,0.0
2023-03-10,0.8801,0.91,-0.1147195511024484,-0.07333127308554951,-0.07811777926395193,-1.0550987069454847,-0.03340906213112974,1.01791,1.0959,1.2359900000000001,4,10,3,1.0008627554796223,1.2208074405960492,26.9884108588665,-0.15456269412988433,-0.15605162920642068,1.3749253789624727,0.8168746210375274,0.04702035395209436,0.051683747120727236,0.045915349431685945,37917471.0,-1.5468127007115289,0,0,-1,0.0,0,26.885714285714283,-0.10884705881250964,-0.02999999999999999,-0.04437800445297171,0.3874715768802348,0.8204540502323691,-0.15375000000000005,-0.4093288590604027,-1.0033411358195559,0.13634814225656175,0.0
2023-03-13,0.8654,0.8801,0.019409371298123503,0.010810916104215676,0.04997993230502056,-0.4527005924718221,-0.016843709588981726,0.99245,1.0681699999999998,1.2135033333333334,0,13,3,0.9762331635742364,1.19787792829953,35.8196375895491,-0.15564911067905773,-0.1559711255009481,1.3205366513958006,0.8158033486041991,0.019843152499917596,0.05143920668384055,0.04556111427068373,37842023.0,-1.6069476603070219,0,0,-1,0.0,0,23.0,-0.10193177006701852,0.02261106692421319,-0.5171738411446052,0.40409357670093526,0.8165720911433615,-0.14316831683168318,-0.39056338028169013,-1.263473812984784,0.10284261613126887,0.0
2023-03-14,0.81,0.8654,0.043485111939738676,0.22099069795310852,-0.11451845344259184,1.9674808101287133,-0.06615758012429984,0.9619500000000001,1.0431700000000002,1.1898366666666667,1,14,3,0.9460089520152843,1.1728535458285927,25.17148202037002,-0.1591458859163979,-0.15660607758403808,1.2937240815659574,0.7926159184340429,0.02174843231881496,0.05077575991504653,0.0463136632056956,37302371.0,-1.861234896216361,0,0,-1,0.0,0,25.0,-0.0923624130436147,0.08620291194823204,3.011119191367633,0.4645680651349548,0.8060402001932114,-0.17682926829268286,-0.38167938931297707,-0.13302391571037725,0.5061728395061728,0.0
2023-03-15,0.8321,0.81,-0.14884562759756503,-0.3127051994261292,0.0,-0.9050038357114774,0.026918378239899537,0.9361600000000001,1.019775,1.1675766666666667,2,15,3,0.9252982334670508,1.1508694460977158,26.844137370453154,-0.1583089333426171,-0.1569466487357539,1.2563446859609775,0.7832053140390227,0.028589415228045315,0.05190163134554373,0.04709310760127645,37520682.0,-1.5866360834663955,0,0,-1,0.0,0,22.685714285714287,-0.09667088978730831,0.0,0.5407345288632498,0.6313969128663538,0.8239128550731802,-0.15091836734693886,-0.359923076923077,0.7229071680418874,0.1183751952890278,0.0
2023-03-16,0.8131,0.8321,0.0,0.0017662648100810682,0.013245226750020723,-0.7077044858026714,-0.02309852269259224,0.9124700000000001,0.9974299999999999,1.1448466666666666,3,16,3,0.9048985546548597,1.1290778689301213,28.648883105617003,-0.1573647803763487,-0.15703027506387285,1.2226107704230231,0.7722492295769766,0.028362267085904967,0.05185134230295877,0.04701235043512588,37413104.0,-1.6371735442037842,0,0,-1,0.0,0,32.57142857142857,-0.09746955086598325,-0.02655930777550763,-0.26632582923710546,0.5229432408993054,0.8231145412710723,-0.1064835164835165,-0.3546825396825396,0.49095566746250313,0.11068749231336855,0.0
2023-03-17,0.7947,0.8131,0.03636764417087479,0.0,0.026103683313890718,-0.2855587388262412,-0.022889418267658213,0.8879400000000001,0.9791649999999998,1.1210033333333334,4,17,3,0.8848624538085216,1.1075051031926941,5.9810554803788705,-0.1562995348286873,-0.15688412701683574,1.2080541000138447,0.750275899986155,0.02787276156393265,0.04997099697805218,0.04669372216693204,37332249.0,-1.6118286103518438,0,0,-1,0.0,0,27.000000000000004,-0.09368019058699548,0.03308326159144007,-0.4427633222754443,0.5143200187881809,0.7932649846193175,-0.09703442790591987,-0.31491379310344825,0.21630641493447147,0.0879577198942997,0.0
2023-03-20,0.8001,0.7947,-0.05505977718302731,0.023141913029133043,0.0011530332454185695,2.5327589721718238,0.006772034909944685,0.8669499999999999,0.96067,1.0986699999999998,0,20,3,0.8694510985706085,1.0876725158899396,7.434441741011085,-0.1532529802277709,-0.15615789765902277,1.1843514097159522,0.7369885902840477,0.02971251676609663,0.04992237554513482,0.04693178172006762,38350067.0,-1.435702682703082,0,0,-1,0.0,0,30.428571428571438,-0.10326163938830292,0.00037750094375245754,3.5079883589274985,0.5490566820215586,0.7924931432999959,-0.07545643633002075,-0.3161538461538461,-0.31810466980187413,0.11111111111111108,0.0
2023-03-21,0.87,0.8001,0.006394605201746353,0.034016500810815774,0.02403657782824132,-1.5697881304406884,0.08375649179255103,0.85555,0.9541700000000001,1.0753366666666666,1,21,3,0.8695508988304979,1.0736291277680081,23.481195756991312,-0.1435435373896995,-0.15363502560515813,1.180577979215653,0.7277620207843472,0.045647037363476764,0.04551555607678865,0.048285942209072445,38561864.0,-0.7435250320381017,0,0,-1,0.0,0,43.0,-0.1054809163003303,0.0,0.1452184064367485,0.7232034539698428,0.7225370529839849,0.07407407407407396,-0.13,1.1806369156869163,0.11494252873563215,0.0
2023-03-22,0.795,0.87,0.09518518761617382,-0.013986241974739952,-0.025317807984289897,0.25206172016933637,-0.09015109699429745,0.83705,0.941475,1.05017,2,22,3,0.8559961899522255,1.055653055008782,21.654068474877718,-0.1402835062500173,-0.15096472173412998,1.1739109685452485,0.7090390314547514,0.05124598182969574,0.04694566185396023,0.049830286765094704,38289350.0,-1.260347104768215,0,0,-1,0.0,0,41.0,-0.09863440255196644,0.011494252873563229,0.3622370006035683,0.9996637135941707,0.7452392783934613,-0.044585987261146376,-0.24206311373820188,0.6041432774934606,0.13522012578616344,0.0
2023-03-23,0.7953,0.795,-0.10788896201118488,-0.0550066295122116,-0.019418085857101627,-0.36129242877703416,0.00037728730875758007,0.8255800000000001,0.92824,1.0261233333333333,3,23,3,0.8449605190518208,1.0388560837178928,22.19950011361054,-0.13610674673887013,-0.14799312673507803,1.1623975843650436,0.6940824156349562,0.04809898662769954,0.04673388258781658,0.049979437854021175,38479231.0,-1.1354746450813313,0,0,-1,0.0,0,38.34285714285715,-0.09728877306898155,-0.0062893081761006345,-0.017173896002176572,0.9907785247709553,0.7418773867671261,-0.02189152625753299,-0.24971698113207552,0.2548054659687508,0.09430403621274985,0.0
2023-03-24,0.74,0.7953,-0.023825899686939822,-0.08519484606323188,-0.0887954987831312,0.9011900061554746,-0.07206921576487418,0.81157,0.9147400000000001,1.0011233333333334,4,24,3,0.825876788315126,1.019575046058674,20.9926944563816,-0.13569467878296992,-0.1455334371446564,1.1599235093619484,0.6695564906380519,0.05113929727637923,0.04784273253581365,0.05078412347501513,38011643.0,-1.4253813435881855,0,0,-1,0.0,0,37.0,-0.10200789106019126,-0.03005155287312968,1.0738219819962838,1.0997079003684969,0.7594798339892491,-0.06883100541084686,-0.26732673267326734,0.5068017000809385,0.09648648648648651,0.0
2023-03-27,0.75,0.74,0.0011660298010907353,0.036404681893799896,0.01559209475983628,-0.8952827251430211,0.01342302033214077,0.8000300000000001,0.89624,0.97879,0,27,3,0.8120810086214667,1.002183107603276,23.965287049399194,-0.13302773461486617,-0.14303229663869838,1.131861743255199,0.660618256744801,0.051979612712930036,0.038808191552606286,0.05095030871697022,38202649.0,-1.2413115867800817,0,0,-1,0.0,0,40.0,-0.09344980951039514,0.04364864864864864,-0.09255147046440539,1.108037374704972,0.6160609420821231,-0.06261717285339341,-0.3303571428571429,0.4116680388042682,0.11866666666666677,0.0
2023-03-28,0.81,0.75,-0.0029825607274886683,0.02444868040230972,0.07971808504448867,0.6916565881730896,0.0769610411361284,0.8000299999999999,0.88099,0.9621233333333333,1,28,3,0.8117026434175636,0.9897841974353226,33.181638306292044,-0.12463593807729345,-0.1393530249264174,1.0955342062161881,0.666445793783812,0.05606134670589502,0.04464520987141649,0.052876982719367964,38584092.0,-0.6617750369680557,0,0,-1,0.0,0,39.0,-0.0983937952055815,0.02666666666666669,0.6488420653090721,1.0673827861636842,0.708720735300324,-0.06896551724137923,-0.2735426008968609,0.2990586932927354,0.06148148148148142,0.0
2023-03-29,0.8091,0.81,0.03822121282019788,-0.0034213132102343187,0.025642430613337652,-0.8729776299742354,-0.0011117288526905406,0.79773,0.8669450000000001,0.94576,2,29,3,0.811229435523461,0.9781271524394954,38.43685537474215,-0.11671261101136265,-0.13482494214340646,1.059532111936629,0.6743578880633712,0.05531958666328867,0.044710718443870826,0.05291970284292198,38424761.0,-0.6007151716261679,0,0,-1,0.0,0,41.0,-0.09758938088908875,-0.012345679012345689,-0.30778923801473745,0.8441456436895983,0.7097606516490661,0.017735849056603747,-0.2577064220183486,0.055462349243449505,0.03337041156840923,0.0
2023-03-30,1.0396,0.8091,0.024692612590371414,0.2974263639264592,0.025001302205417186,2.3890691265893,0.2506687839535412,0.8203800000000001,0.8664250000000001,0.9384133333333333,3,30,3,0.8527513563373772,0.9820931426046893,62.52158894645942,-0.09078735349803968,-0.1260174244143331,1.0569764090044085,0.6758735909955917,0.10519237801352993,0.07997597245173606,0.07591743896277668,40162001.0,1.817619726926224,0,0,-1,0.0,0,45.0,-0.09071908133446716,0.01347175874428366,3.491240180256226,2.1538419671310094,1.2695792038070777,0.3071796806236642,-0.00990476190476186,1.4240417647816919,0.27895344363216623,0.0
2023-03-31,0.96,1.0396,0.2754119798599666,-0.01834913866819654,0.07145896398214485,-0.6080577447938045,-0.07965801830545334,0.8369099999999999,0.862425,0.9317466666666666,4,31,3,0.8722511097305813,0.9806677785656771,56.739811912225704,-0.07579078589075772,-0.11597209670961804,1.0405909412779557,0.6842590587220444,0.10945025802870326,0.08187731250123309,0.07582307812737359,39216235.0,1.0953271910457205,0,0,-1,0.0,0,49.0,-0.09349577059654052,0.038861100423239696,1.3770339209067635,2.1812183727410765,1.299762041379496,0.29729729729729737,-0.07692307692307698,1.3608658918201746,0.21875000000000008,0.0
2023-04-03,0.87,0.96,-0.1823215567939547,-0.11778303565638351,-0.018562017860059538,-1.3856791761803418,-0.09844007281325252,0.8439,0.855425,0.9217466666666667,0,3,4,0.8718418170522938,0.9735279218840206,54.07387289516567,-0.07035711285495838,-0.1068490999386861,1.0196320179277452,0.6912179820722547,0.11564437758054445,0.08428505606495527,0.07753390807405924,38979648.0,0.1775198183845386,0,0,-1,0.0,0,61.48571428571428,-0.09205794141086808,-0.062499999999999944,-0.31403571051358337,2.4429094188229112,1.3379837855220478,0.15999999999999992,-0.13861386138613863,1.2662519336207176,0.1218390804597701,0.0
2023-04-04,0.9349,0.87,0.08515780834030677,0.02061928720273561,0.05257467447446973,0.886884656708052,0.07194636004864051,0.85039,0.8529699999999998,0.9195766666666666,1,4,4,0.883306941224604,0.9710357978915032,56.59650924024641,-0.06012096317899074,-0.09750347258674705,1.0104120140539186,0.695527985946081,0.11481069627370555,0.08591593459427681,0.07434800172898448,39553976.0,1.0407641250313504,0,0,-1,0.0,0,50.22857142857144,-0.0973548005471543,0.1264367816091954,0.43136022843113087,2.4374492388649887,1.3638731795648849,0.1541975308641974,-0.04989837398373986,1.3071801563316485,0.08546368595571716,0.0
2023-04-05,0.9897,0.9349,0.040005334613699206,0.040005334613699206,0.034075591264572595,-0.38349615636244044,0.056962295205375504,0.8698599999999999,0.8534550000000001,0.9176033333333334,2,5,4,0.9026511337292213,0.9722399399630192,60.83435582822085,-0.04704453863879965,-0.08741168579715758,1.0125952621982015,0.6943147378017988,0.1099923546527968,0.08687258255085757,0.07458813351815187,39945366.0,1.71226310825495,0,0,-1,0.0,0,52.62857142857143,-0.09002795448141536,0.09102577815809185,-0.05280763869134252,2.4144455027185825,1.3790594950769899,0.22321097515758237,0.009897959183673422,0.9591702363851472,0.089623118116601,0.0
2023-04-06,0.9471,0.9897,-0.042150490960087314,-0.04000533461369925,-0.023026975944302145,-0.12551971366751893,-0.04399718267058975,0.88504,0.85531,0.91384,3,6,4,0.9107327457784538,0.9706180083525019,59.08007626310773,-0.039661647176954196,-0.0778616780731169,1.018049661648797,0.692570338351203,0.11200324673657273,0.08580434457114039,0.07498083906289046,39600145.0,1.1280593688106457,0,0,-1,0.0,0,55.0,-0.09656261383658339,-0.011922804890370852,-0.16672545595972182,1.2352659258937846,1.3621017428647955,-0.08897652943439782,0.04076923076923089,0.3972528826049752,0.07380424453595182,0.0
2023-04-10,0.9,0.9471,-0.0610337452751434,-0.03414788743256184,-0.03363257611105782,-0.675338500561437,-0.05100992090774495,0.9010399999999998,0.8563049999999999,0.9101733333333333,0,10,4,0.9087813374550984,0.9660620078136309,55.670337155182196,-0.03718261087861985,-0.0697258646342175,1.0199238057004087,0.692686194299591,0.1103530325519272,0.08627997093518375,0.07503636731898615,39424433.0,0.5341073089117526,0,0,-1,0.0,0,57.91428571428572,-0.0988620922237234,-0.028613662760004235,-0.5928371174353574,1.165106108065902,1.3696520773222631,-0.06249999999999989,0.02261106692421322,0.3004388902423943,0.07455555555555561,0.0
2023-04-11,0.8499,0.9,-0.07913732055872398,-0.05100992090774495,-0.05849620668160861,0.16133789178994645,-0.057276067819730284,0.9110299999999999,0.8555300000000001,0.90117,1,11,4,0.8980756397359896,0.9585676847288805,48.83288816629892,-0.03881319371179259,-0.06354333044973252,1.0191142496596872,0.691945750340313,0.11326510250137768,0.08721555353427635,0.07267797874448534,39217957.0,-0.06883303266313863,0,0,-1,0.0,0,58.48571428571428,-0.10114742432069179,-0.0555555555555556,-0.5394335157434713,1.0158110612778155,1.3845039906512138,-0.023103448275862082,-0.017910792697018674,0.6218663361218648,0.08236263089775275,0.0
2023-04-12,0.812,0.8499,-0.028399474521697887,-0.026115847130559675,-0.0368139731227162,-0.306336557318018,-0.04561835534290256,0.9112300000000001,0.85563,0.8910700000000001,2,12,4,0.8824255234203551,0.9491117050689528,51.03155339805826,-0.04267176210004142,-0.05936901677979431,1.0190994640723192,0.6921605359276808,0.11251582185437349,0.08654241219957136,0.0730018170202335,39065962.0,-0.5338000004783515,0,0,-1,0.0,0,60.74285714285714,-0.10645956414469118,-0.02788563360395334,-0.6217898145295576,0.7627778843309432,1.3738182032382489,-0.13145790993689155,0.0024691358024691024,2.176341363059174,0.0945812807881773,0.0
2023-04-13,0.84,0.812,-0.025621996161164975,-0.007785704545121697,0.0,0.14971118283683327,0.0339015516756812,0.91432,0.856025,0.8827366666666667,3,13,4,0.8747117918893813,0.9420722402257946,52.62416343783022,-0.042974950870321216,-0.05609020359789969,1.019293121424744,0.6927568785752559,0.11285074286233562,0.08666191595602644,0.07335665595882111,39242504.0,-0.19630286500707417,0,0,-1,0.0,0,63.17142857142856,-0.10859092799355295,-0.008251231527093644,-0.5543190301659077,0.5926200476088991,1.375715266560158,-0.15125795695665356,0.009494051195769737,2.1369678810144728,0.08333333333333327,0.0
2023-04-14,0.8019,0.84,0.01808946145679955,-0.011560822401075971,0.0022474725404791483,-0.7845069087945891,-0.04641798002437631,0.89055,0.855465,0.8744666666666667,4,14,4,0.8614732842731301,0.9330288698886466,53.70880766926303,-0.04576206513911241,-0.054024575906142236,1.019428388403396,0.6915016115966042,0.05821720692617945,0.08717038148261809,0.07349748481324268,39161940.0,-0.6533775682680473,0,0,-1,0.0,0,65.71428571428571,-0.10330903481928577,-0.023809523809523832,-0.7858704132079662,0.5956277050188938,1.383786906561824,-0.1533101045296168,-0.013774443487886034,2.157863521316798,0.07257762813318373,0.0
2023-04-17,0.819,0.8019,-0.0024420036555517443,-0.028902041212104997,0.00024940765810800434,-0.3907227658222217,0.021100172040086428,0.87645,0.8566800000000001,0.8671000000000001,0,17,4,0.8537508689507427,0.9256721686055082,54.09933460076045,-0.046060094094557136,-0.052431679543825216,1.0191003461453831,0.6942596538546171,0.056623162687735304,0.08705424094081399,0.07366993393774075,39216447.0,-0.4639812793684437,0,0,-1,0.0,0,67.08571428571429,-0.09438013825809391,0.020077316373612677,-0.8444413397542917,0.6723393793553797,1.3819432326173482,-0.09000000000000008,0.0305775764439411,0.6133264213561371,0.040903540903540876,0.0
2023-04-18,0.8383,0.819,0.0,0.01720600144891373,0.01004908896993115,-0.5330308267197342,0.023291947790742402,0.87328,0.8585900000000001,0.8613766666666667,1,18,4,0.8509416200506077,0.920035254501927,51.76676239230866,-0.044229090067118726,-0.05079116164848392,1.0190959880827104,0.6980840119172896,0.05011505245130344,0.0871549770061861,0.0737190030885548,39248433.0,-0.25282545831927944,0,0,-1,0.0,0,65.4857142857143,-0.08893534203442925,-0.001221001221001222,-0.818369160539956,0.62611716539707,1.383542368079527,-0.01364866454877034,0.047744031996000524,-0.5341851516037459,0.04759632589764993,0.0
2023-04-19,0.8148,0.8383,0.038374012881615044,0.0,-0.0001234491699611105,0.9284963124547028,-0.028433347291161017,0.86127,0.8558299999999999,0.8557366666666667,2,19,4,0.8443704164050426,0.9132458832437382,50.34608378870674,-0.04416515141237776,-0.049465959601262696,1.0174047127162986,0.6942552872837011,0.04248098337658502,0.08526035511154036,0.07374372726290283,39167486.0,-0.5078765025817191,0,0,-1,0.0,0,67.25714285714287,-0.08956726237484633,0.013956817368483755,-0.6690368446980437,0.5632135061832532,1.3534661779091428,0.0034482758620688614,-0.06344827586206903,-0.6497030727588945,0.049091801669121166,0.0
2023-04-20,0.8374,0.8148,-0.011834457647002796,-0.00023532180365088762,0.0,-0.15976058131986393,0.02735916923239232,0.84604,0.8579500000000001,0.8509833333333334,3,20,4,0.843103067967762,0.9083526004538197,33.57699805068226,-0.041808901453109115,-0.047934547971631984,1.0172609042420109,0.6986390957579892,0.037545038403410114,0.08298104333485612,0.07396867414931366,39236481.0,-0.25798610707503544,0,0,-1,0.0,0,64.05714285714285,-0.08330381017196926,0.030927835051546393,-0.6658471833233048,0.539639007276961,1.3172832251802191,-0.00309523809523804,0.05333333333333323,-0.7329403270927276,0.047528063052304684,0.0
2023-04-21,0.8325,0.8374,-0.02409755157906053,0.0002353218036509739,0.006153865574378066,-0.06955725380103947,-0.005868631730444118,0.8345800000000001,0.8598100000000001,0.8484,4,21,4,0.8411752374281689,0.9034588842955088,38.214087631724915,-0.03987726514367529,-0.04632309140604065,1.0168941665105111,0.702725833489489,0.03638513252036362,0.08301330185951722,0.07283035739538464,39172122.0,-0.3477116835728017,0,0,-1,0.0,0,63.51428571428572,-0.08922840194107798,-0.020778600429902174,-0.6561251974426275,0.38059768911497294,1.31779531338371,0.038159371492704874,0.04677480196152395,-1.0243551095776289,0.04204204204204208,0.0
2023-04-24,0.8225,0.8325,0.0060790460763821925,-0.026223195099102443,0.0,0.37298185171254394,-0.012084739215071999,0.82683,0.8639349999999999,0.8464799999999999,0,24,4,0.8377797397139564,0.8982357304699922,44.84703840312432,-0.03870715390245294,-0.04479990390532311,1.0118365358800256,0.7160334641199743,0.03393627489812284,0.0812631039884258,0.07261108402672463,39078669.0,-0.5603052024234693,0,0,-1,0.0,0,63.48571428571429,-0.08236612067388968,-0.009009009009009084,-0.5339112812736924,0.3792634232324728,1.2900117835113345,0.004273504273504258,0.1114864864864864,0.09320274816484188,0.015805471124620076,0.0
2023-04-25,0.8175,0.8225,-0.012195273093818243,-0.009708814126960938,0.0,-0.4577709632365552,-0.006097579868118557,0.82359,0.86731,0.8448833333333334,1,25,4,0.8340925143114188,0.8930269736654766,35.361596009975074,-0.03774815331286341,-0.04338955378683117,1.0071240253482878,0.7274959746517121,0.029616817381360638,0.08131312506015809,0.07255221075949932,39019542.0,-0.7125179305283478,0,0,-1,0.0,0,57.0,-0.08188873655178512,-0.009118541033434726,-0.59850568815711,0.3227213372962509,1.2908058434080336,-0.024812119766193574,0.09000000000000008,1.079253581154476,0.006116207951070342,0.0
2023-04-26,0.8101,0.8175,0.0,0.0,-0.006153865574378112,-0.12305465653185219,-0.00909320593496289,0.8234,0.867315,0.8448866666666667,2,26,4,0.82973023898207,0.8876768463322201,24.60407239819007,-0.037156934579562706,-0.04214302994537748,1.0071204027262899,0.72750959727371,0.026053216165935346,0.07953390390720709,0.07155524017595197,38967261.0,-0.8184948347384693,0,0,-1,0.0,0,52.0,-0.08435723630220104,-0.003058103975535239,-0.5701331317222951,0.25856769783349115,1.26256158321947,-0.005768286696121616,0.0001234567901233774,2.1012340474483113,0.012344155042587209,0.0
2023-04-27,0.8175,0.8101,0.006116227017436054,0.0,0.0,0.7589419416199371,0.009093205934962906,0.8211499999999999,0.8677349999999999,0.8443999999999999,3,27,4,0.8275065591671482,0.8831493078591737,29.64824120603015,-0.035679974779061485,-0.040850418912114286,1.006852811110951,0.7286171888890489,0.02343486017834904,0.07954093909288361,0.07141315857366433,39078934.0,-0.7221936515366227,0,0,-1,0.0,0,58.0,-0.08284783579879763,0.01222071349216135,-0.41742987536991877,0.12969705922741281,1.2626732633298334,-0.023764031526152363,0.010381905821282844,1.7022601200656189,0.012232415902140548,0.0
2023-04-28,0.8267,0.8175,0.0,0.0178878349447469,-0.00992563979996993,-0.6952358090549471,0.011190969487221484,0.82363,0.85709,0.8448533333333333,4,28,4,0.8273599120458486,0.8795074170295496,36.93404634581105,-0.03338230000910669,-0.039356795131512766,0.9711632525496193,0.7430167474503807,0.018167192584209478,0.04424815009960247,0.07128076401839208,39134654.0,-0.5328155254761595,0,0,-1,0.0,0,59.0,-0.08184924898210012,0.003058103975535103,-0.6345055446441034,0.17100086639761383,0.7024176068292363,-0.00696696696696697,-0.20479030396306275,0.46046201877615445,0.03967581952340624,0.0
2023-05-01,0.8102,0.8267,0.024097551579060524,0.018044174281316456,0.0,-0.16209673916810596,-0.020160741490039696,0.8227500000000001,0.8496,0.8453700000000001,0,1,5,0.8242399280375124,0.8750359707695787,41.96030781692994,-0.032517941713454346,-0.03798902444790109,0.9545276041141877,0.7446723958858124,0.018280927075838664,0.04152287357920967,0.07124955366178966,39087272.0,-0.7509939892866105,0,0,-1,0.0,0,59.0,-0.08227311607414502,0.016088060965283632,-0.7497880144379663,0.20760346776882935,0.6591551832681795,-0.014954407294832772,-0.15604166666666663,-0.10582088497556844,0.05924463095531959,0.0
2023-05-02,0.8054,0.8102,0.0,-0.011834457647002796,-0.0024968801985871545,-0.04096974086116361,-0.005942082351236385,0.81946,0.8463700000000001,0.8455466666666668,1,2,5,0.8208144865761464,0.8705433274941221,48.45650140318054,-0.03185306906912899,-0.03676183337214667,0.9526223134107846,0.7401176865892155,0.01614419660892004,0.03624318892295661,0.07126344008086749,39041792.0,-0.7711832088136282,0,0,-1,0.0,0,55.0,-0.0819044281506964,0.036781041718094216,-0.6929279888387746,0.20745909583645836,0.5753427876604446,-0.014801223241590167,-0.07425287356321841,-0.11705757952923511,0.04966476285075729,0.0
2023-05-03,0.7902,0.8054,-0.048790164169431945,-0.03636764417087472,-0.025317807984289897,-0.6624448188225658,-0.019052970440063387,0.817,0.839135,0.8428866666666667,2,3,5,0.8152482162895743,0.8653598870106304,37.61194029850749,-0.03218169512763036,-0.03584580572324341,0.9395509617207405,0.7387190382792594,0.014827573550770846,0.03137934118635141,0.06951807777749083,39018343.0,-0.9746458463663279,0,0,-1,0.0,0,54.0,-0.07718198274057085,-0.006704742984852198,-0.9169361144675598,0.2355864097366977,0.49813159850479416,-0.024564868534748818,-0.15477591186223116,0.09761755033690668,0.03796507213363709,0.0
2023-05-04,0.7992,0.7902,0.01242251999855711,0.03636764417087479,0.012739025777429712,0.4285799711119325,0.011325149357053503,0.81318,0.8296100000000001,0.8430266666666667,3,4,5,0.812330358782379,0.8610915072034929,49.21465968586389,-0.03135447400391911,-0.03494753937937855,0.9021669946563668,0.7570530053436333,0.011621426692406086,0.027667684571721276,0.06765480317563291,39054339.0,-0.8382375853361402,0,0,-1,0.0,0,49.6,-0.07980104377463719,0.025056947608200507,-0.7908365217022595,0.24441169458539536,0.4392108763785187,-0.0223853211009174,-0.19248257047590178,0.11815652515902259,0.06256256256256247,0.0
2023-05-05,0.85,0.7992,0.012270092591814183,0.011834457647002798,-0.03792534996690782,1.090037645563347,0.06162512215001823,0.81493,0.824755,0.84485,4,5,5,0.8191793844583101,0.8603759260935901,57.538910505836576,-0.026296628690425594,-0.03321735724158796,0.8731978898686589,0.7763121101313412,0.02444493989624608,0.031079156634723475,0.06857369071133984,39161405.0,1.0422582165698882,0,0,-1,0.0,0,53.885714285714286,-0.0804964458846595,0.026026026026025936,0.39416818463862097,0.5486075598978604,0.49336631647860846,0.028184347405346477,-0.10252349276739525,1.572352759857196,0.1051764705882352,0.0
2023-05-08,0.8499,0.85,0.03593200922606337,0.0,0.02646755434552655,-0.4642257964865365,-0.00011765397978160611,0.81767,0.82225,0.8485133333333332,0,8,5,0.8247649509204354,0.8597000598940037,53.1115879828326,-0.022042229898481258,-0.030982331772966623,0.8577667862445734,0.7867332137554267,0.023953210417920954,0.0292410515658099,0.06715294861976724,39094101.0,1.557010243528136,0,0,-1,0.0,0,57.142857142857146,-0.08036783524451206,0.0,-0.27637919763006247,0.505782393661502,0.4641873031028931,0.04900024685262894,-0.05566666666666675,1.6031314789795044,0.08118602188492759,0.0
2023-05-09,0.85,0.8499,-0.030580500468058113,0.0,0.04860723176244588,-0.968425810079381,0.00011765397978158856,0.8209199999999999,0.822255,0.8518466666666666,1,9,5,0.8293531416621744,0.8590742495782615,60.797546012269954,-0.018449840760650593,-0.028475833570503418,0.8577882001889645,0.7867217998110354,0.023756242539968334,0.02642278073277813,0.06715000801705712,39119655.0,1.5616381216694748,0,0,-1,0.0,0,59.0,-0.08010357421881446,-0.030003529827038435,-1.148844460642152,0.4955063461425528,0.4194486405943197,0.05537621057859443,0.0001176609012825125,1.553415042214512,0.03541176470588237,0.0
2023-05-10,0.8597,0.85,0.03058050046805822,0.023256862164267183,-0.05284153590123439,1.4036643443994878,0.011347141696036355,0.82588,0.8246399999999999,0.8535033333333334,2,10,5,0.8348707522690518,0.8591146205732124,57.428381079280484,-0.01465124709698662,-0.02571091627580006,0.8635206216092508,0.785759378390749,0.023370584529501852,0.024292413287201435,0.06570143321248416,39223662.0,1.8034691087170382,0,0,-1,0.0,0,59.971428571428575,-0.07826226655708451,0.0,0.9531588301101978,0.42063895920535704,0.3856301058212165,0.08795241710959245,0.058743842364531895,1.981531576853479,0.10736303361637786,0.0
2023-05-11,0.863,0.8597,0.011696039763191236,0.0,0.08287743145790159,-0.17920547304706508,0.003831199903029463,0.83043,0.8257900000000001,0.8553,3,11,5,0.8399851609474059,0.8593652902136504,60.26936026936027,-0.011244927308110442,-0.02281771848226214,0.8678168034759487,0.7837631965240516,0.023356689492442927,0.02315080210637962,0.06569468554511412,39310605.0,1.770774692455242,0,0,-1,0.0,0,59.057142857142864,-0.07793706657350723,0.0003489589391647865,0.826899031967521,0.4305908142845738,0.36750759015090456,0.07982982982982989,0.027380952380952506,2.0796587707803917,0.02908458864426421,0.0
2023-05-12,1.05,0.863,-0.07232066157962602,0.1975309754574835,-0.09934244333226323,2.6718484245246508,0.1961307520681412,0.85276,0.838195,0.8556466666666667,4,12,5,0.8781696771387867,0.8716643037482537,84.9462365591398,0.006469367994377806,-0.016960301186934153,0.9458116779281966,0.7305783220718034,0.07085673246217981,0.05171015639331654,0.05612428423554272,40568382.0,3.9362857891101117,0,0,-1,0.0,0,57.34285714285715,-0.07231410965313717,-0.0730011587485515,4.227788812306463,1.513060337757896,0.8208732844378336,0.23529411764705888,0.3093901982790872,2.2228767322115592,0.28095238095238095,0.0
2023-05-15,0.9,1.05,0.22314355131420976,-0.05826890812397588,0.14129529304614832,-1.1289564986870246,-0.15415067982725836,0.86174,0.8422449999999999,0.8536466666666667,0,15,5,0.8821388267499164,0.8734924131838503,58.7672688629118,0.008308552428015314,-0.01190653046394426,0.9528745568190776,0.7316154431809222,0.08827271279044872,0.06250871363356351,0.06045285022636368,40161654.0,1.0441151833311952,0,0,-1,0.0,0,57.0,-0.07472120711597469,-0.04761904761904766,0.9653612586504231,2.0377999352389105,0.9922950662937704,0.05894811154253454,0.098901098901099,0.7296028058867526,0.13211111111111112,0.0
2023-05-16,0.89,0.9,-0.10536051565782628,-0.03056230558263998,0.010050335853501506,-1.4572300437116474,-0.011173300598125189,0.8702,0.84483,0.8543133333333334,1,16,5,0.8835681309772043,0.8745574187848922,58.44430352990911,0.008857103737241134,-0.007753803623707182,0.9574692490250757,0.7321907509749243,0.08841741066295915,0.06249127942197131,0.05788253226856298,40066935.0,0.8020294948867126,0,0,-1,0.0,0,55.28571428571429,-0.07310603476568234,0.0,-0.18150360869721704,2.0454966113151003,0.9920183067647056,0.04705882352941182,0.06167243230347119,0.8049104325791605,0.08977528089887638,0.0
2023-05-17,0.89,0.89,-0.02247285585205863,-0.05826890812397576,-0.030922653211923723,0.3444519811976683,0.0,0.88018,0.8485900000000001,0.8528166666666667,2,17,5,0.8847375617086217,0.8755537143471572,57.78398110371484,0.00918594474888823,-0.0043658539491881,0.9620261661435815,0.7351538338564186,0.08785150635424074,0.062029641692985346,0.056249552929623255,40066935.0,0.7301022488292735,0,0,-1,0.0,0,60.0,-0.07311881238656509,-0.011235955056179785,-0.04903291623798239,2.0485684990004738,0.9846900350044967,0.03524485285564727,0.09229258713794808,0.8890160546491416,0.058539325842696666,0.0
2023-05-18,0.9067,0.89,0.0,0.03490287168106003,0.002661884564641764,-0.09690194191222501,0.018590171925824905,0.8909299999999998,0.852055,0.85005,3,18,5,0.8887307323070541,0.8775631521312116,58.4530853761623,0.010671094319279706,-0.0013584642954945388,0.9682520282249151,0.7358579717750849,0.08784605868625694,0.06189771438641569,0.05527549359297609,40188259.0,0.9405576172606958,0,0,-1,0.0,0,64.0,-0.06299368798050282,-0.011235955056179785,-0.1039215706865444,2.046960193807283,0.9825957539385654,0.05063731170336028,0.08275614998805825,0.7755344194592834,0.09076872173817144,0.0
2023-05-19,0.9188,0.9067,0.022472855852058576,-0.029453266913495382,0.028260768647281952,-0.5859963723526938,0.01325683616293267,0.89781,0.8563699999999999,0.8491066666666666,4,19,5,0.8941978718875897,0.8802235939291979,61.58276450511945,0.012678307295292623,0.001448890022662894,0.9758719682722147,0.736868031727785,0.08624764490175435,0.0618577228308992,0.05477053489641112,40255782.0,1.0448363470932986,0,0,-1,0.0,0,65.45714285714287,-0.043218599199220796,-0.007389434211977422,-0.3015892736065856,1.0676085261227832,0.9819609076759298,-0.12495238095238104,0.10366366366366364,-2.0720269155528515,0.03265128428384853,0.0
2023-05-22,0.915,0.9188,-0.009825894151291172,0.06317890162153146,-0.021464681901339232,1.3230493767716955,-0.00414440553942175,0.9043199999999999,0.8609950000000002,0.8496066666666667,0,22,5,0.897980076998937,0.8824672330305401,61.71440786660966,0.013803294016723977,0.0039197708214751105,0.9821264288387312,0.7398635711612691,0.08631457001454866,0.06175747638728649,0.053958653234700574,40002243.0,0.8916760995513345,0,0,-1,0.0,0,67.85714285714286,-0.04597689730958586,-0.030039181541140575,0.3496780511182809,0.19665755837767035,0.9803695447182225,0.016666666666666607,0.11246200607902734,0.2494510076826789,0.11901639344262294,0.0
2023-05-23,0.9331,0.915,-0.015377960211999064,-0.022809183275771572,0.007434128136174306,-0.3480592284500174,0.01958831096445497,0.91263,0.866775,0.85238,1,23,5,0.9043655175445848,0.885733863157602,65.1795198640323,0.01597126601765464,0.006330069860711017,0.9901785378657189,0.7433714621342811,0.08627305849545086,0.06173840715426016,0.052931533729535525,40181256.0,1.0749286632636312,0,0,-1,0.0,0,65.0,-0.044484336826771574,-0.040874316939890694,0.05558725974165245,0.17434658074963513,0.98006683002854,0.04842696629213483,0.1414067278287463,-0.4805158200447806,0.08605722859286243,0.0
2023-05-24,0.88,0.9331,0.06868896630302908,0.0020857239806452094,0.0027309985112315125,-0.18841000405762512,-0.05859046876772412,0.9146599999999999,0.87027,0.8546466666666667,2,24,5,0.8999354234455694,0.885363936502273,57.84770784770785,0.013251913414193961,0.007714438571407606,0.9908419719542396,0.7496980280457604,0.08903598144434112,0.06335504255487928,0.05337058944863524,40032984.0,0.16139737689108738,0,0,-1,0.0,0,61.82857142857143,-0.04766741392596043,0.00739470581931187,-0.07510443378373377,0.5119531126435758,1.0057301214127488,-0.011235955056179803,0.08628564374768533,-1.7982323495682233,0.09079545454545451,0.0
2023-05-25,0.89,0.88,-0.05073354066456688,-0.05591518483690967,-0.011313759900273404,-1.0163805798468575,0.011299555253933466,0.9173600000000001,0.8738950000000001,0.8563133333333333,3,25,5,0.8981289828191023,0.885663037373094,54.219409282700425,0.011768068344084504,0.008525164525942985,0.9921234937598529,0.7556665062401473,0.08904992051483777,0.06336286242561279,0.05308145243781602,40086644.0,0.27243855500202174,0,0,-1,0.0,0,62.6857142857143,-0.046210706145772745,0.015340909090909042,-0.4115585890586457,0.4956337482164072,1.0058542580122218,-0.018418440498511046,0.08868501529051986,-1.8326610662482203,0.04224719101123592,0.0
2023-05-26,0.88,0.89,-0.02665312295085327,-0.008519164208270731,-0.12091977400864924,-0.00917351748123095,-0.011299555253933394,0.9003599999999998,0.8765599999999999,0.8589166666666667,4,26,5,0.89483280412472,0.8852976801232171,53.110146724529855,0.009673681826544822,0.008754867986063354,0.9926935420058688,0.760426457994131,0.04978546931611399,0.06346571675449326,0.052365123535873706,40033474.0,0.059242143838621,0,0,-1,0.0,0,65.71428571428571,-0.028033091369953005,-0.02247191011235957,-0.4128064256110468,0.47383522835811664,1.0074870198651271,-0.042228994340444026,0.06447320672553536,-1.344772077638632,0.1465909090909091,0.0
2023-05-30,0.87,0.88,-0.014938613743792387,-0.01680711831638129,0.09825360925620374,-0.7112142450407607,-0.011428695823622744,0.8973599999999999,0.87955,0.8606166666666667,1,30,5,0.8903177488293164,0.8843107330184935,52.02511138112597,0.007124818522756815,0.008428858093402047,0.9914934349636486,0.7676065650363515,0.022572730651629316,0.06331704475299235,0.05234027277166926,40007365.0,-0.17062188601057734,0,0,-1,0.0,0,66.08571428571429,-0.03394647907189139,-0.02602272727272731,-0.5072545746252718,0.4726808142575731,1.0051269250077892,-0.049180327868852514,0.07380893606516903,-1.1132398068240756,0.039540229885057454,0.0
2023-05-31,0.8613,0.87,-0.008318248420474945,0.042149925988176414,-0.012540090982173964,0.436524949710023,-0.01005033585350145,0.89449,0.8823449999999999,0.8613833333333333,2,31,5,0.8850417944967133,0.8828261695979456,50.16233766233766,0.004352634241751918,0.007613613323072022,0.9891674591991564,0.7755225408008435,0.022531886405644328,0.06336190674964402,0.052250398465109635,39966966.0,-0.39401826465658013,0,0,-1,0.0,0,64.17142857142858,-0.03408145312600208,-0.022988505747126457,-0.45377242717064914,0.3969944681636756,1.0058390871265381,-0.07694780838066673,0.06940650608393328,-1.3407497282303003,0.09648206199930345,0.0
2023-06-01,0.92,0.8613,0.05715841383994862,-0.0033639009530198783,0.023530497410194036,0.5124481093934122,0.06593079424795815,0.89749,0.8888349999999999,0.86489,3,1,6,0.8913978318609472,0.8852244812367879,55.19883254286757,0.0068137134034518265,0.0074536333391479834,0.9875501409486588,0.7901198590513411,0.03190908177932813,0.06459906416134971,0.05327469034297579,40034407.0,0.6314127640502251,0,0,-1,0.0,0,68.05714285714286,-0.025546758072677568,0.044932079414838115,-0.3641572788212426,0.5435179926425753,1.0254783521906197,0.045454545454545414,0.1642622120982029,1.8479470541650314,0.06521739130434788,0.0
2023-06-02,0.88,0.92,0.0,0.010810916104215676,0.011905590547914647,-0.8576716138584294,-0.04445176257083392,0.8948200000000002,0.8928750000000001,0.86631,4,2,6,0.8893254987953204,0.8848874179311887,28.81355932203391,0.005473376981382394,0.007057582067594865,0.9823229178062975,0.8034270821937026,0.03461642926526445,0.06567227515019425,0.053827381113472364,40005802.0,-0.28787701973971797,0,0,-1,0.0,0,75.42857142857143,-0.03556618116341837,-0.021739130434782625,-0.5051953680953777,0.6582649403183619,1.0425150484753258,-0.011235955056179803,0.10110110110110115,1.5380939567056724,0.06784090909090919,0.0
2023-06-05,0.9501,0.88,0.0,0.07257069283483537,-0.005646152004683631,2.4971687486916307,0.07664533474045158,0.89795,0.89788,0.87023,0,5,6,0.9003754081052621,0.889094681290467,57.79645191409897,0.009952903978548755,0.007636646449785644,0.9884220542004084,0.8073379457995916,0.043252544585297086,0.06649803780925159,0.055578349770514936,40353297.0,1.1534971337057291,0,0,-1,0.0,0,69.0,-0.028127902074643767,0.02272727272727275,0.6162162294669622,0.8597574526882269,1.0556236243023007,0.07965909090909085,0.117764705882353,0.3421150764743327,0.14166929796863495,0.0
2023-06-06,0.9517,0.9501,0.023716526617316065,-0.04845522026940337,-0.02397355063198524,-0.6133406967679707,0.0016826168655938592,0.9016200000000001,0.90297,0.8745366666666666,1,6,6,0.9097071520861235,0.893133734110437,59.85937999360818,0.013476716822726997,0.008804660524373915,0.9936007743707423,0.8123392256292578,0.043167234441204815,0.0664882583654514,0.055482777233930275,40541479.0,1.0753521712318304,0,0,-1,0.0,0,73.0,-0.024952268466494128,-0.029996842437638113,0.014532972399534013,0.8377353582888104,1.0554683804447658,0.09390804597701141,0.11977879750558884,0.17487141418681829,0.11327098875696123,0.0
2023-06-07,0.902,0.9517,0.00368244757079845,-0.003048622597712222,0.06461988840356499,-1.4058810505883224,-0.05363533901567398,0.8985099999999999,0.90557,0.8773533333333333,2,7,6,0.9083058517068283,0.8937057512646024,51.65471594043023,0.012119285668476532,0.009467585553194439,0.9927191425804878,0.8184208574195122,0.04627740974640141,0.0678185703265014,0.0564686757508336,40495346.0,-0.08192851689166857,0,0,-1,0.0,0,74.0,-0.03451371391526406,-0.02805505936744767,-0.5096003378255254,0.9731459969871921,1.0765864281352033,0.04725415070242667,0.06117647058823539,0.1917501859824733,0.05376940133037692,0.0
2023-06-08,0.8858,0.902,-0.03857227478623973,-0.026998385287841972,-0.022780539626184558,1.072693843946362,-0.01812332857352582,0.89909,0.906875,0.8798766666666666,3,8,6,0.9042138786692231,0.8931957027959184,47.11405689036179,0.009625352021488509,0.009499138846853253,0.9918875161056858,0.8218624838943142,0.042682944477352915,0.0679917833949069,0.0565671647580637,40360488.0,-0.49580934585678976,0,0,-1,0.0,0,75.0,-0.037400159717917984,-0.013303769401330389,-0.19048480859949543,0.835473493297257,1.0793361003521675,-0.03717391304347828,0.030359427707339792,1.4041584949105173,0.04910815082411377,0.0
2023-06-09,0.88,0.8858,-0.0027002716677467595,-0.026858287502868734,-0.02412523668862612,-1.0792180173173946,-0.006569284016845723,0.89809,0.9077249999999999,0.88196,4,9,6,0.8998113552748189,0.8923443671316657,44.54749859471614,0.007099046719472257,0.009019120421377055,0.9912167676363398,0.82423323236366,0.04259689797264934,0.06802952111767456,0.0565949947748142,40314655.0,-0.6641373343719347,0,0,-1,0.0,0,76.0,-0.03743543529964613,0.002032061413411507,-0.507797829007912,0.771048617303065,1.0799351681291023,0.0,0.01969872537659323,1.2031040354741893,0.0454545454545455,0.0
2023-06-12,0.882,0.88,-0.008599283586186597,-0.011285666461494225,0.016834249731266956,-0.1758537437998576,0.0022701485345390775,0.8982899999999999,0.8993249999999999,0.8838033333333333,0,12,6,0.8965729270430336,0.891676988607042,45.33898305084745,0.0051983910359044705,0.00825497454428254,0.9498382760025911,0.8488117239974088,0.042426511722617306,0.04588724545032277,0.056578745693226726,40353097.0,-0.6859582815064784,0,0,-1,0.0,0,78.0,-0.03542666961475427,0.0,-0.7983106588677493,0.3586214054206562,0.7284374388680049,-0.07167666561414587,-0.16000000000000003,-1.5873881930665559,0.017346938775510183,0.0
2023-06-13,0.88,0.882,-0.011428695823622744,0.011285666461494178,-0.005273427330190866,0.21925482838748336,-0.0022701485345391855,0.89929,0.898325,0.88613,1,13,6,0.8935596675806639,0.890923634503362,42.14264575318141,0.0034904882520732095,0.007302077285840674,0.9495686029372213,0.8470813970627787,0.04222856612984309,0.03305817144433372,0.05641621119428719,40305231.0,-0.7152112244117593,0,0,-1,0.0,0,79.0,-0.03487163592144623,-0.01360544217687076,-0.6843077559484417,0.34829731665152436,0.5247822026414637,-0.07533886729011241,-0.022222222222222254,-1.6483160951691287,0.03409090909090912,0.0
2023-06-14,0.88,0.88,0.01142869582362285,-0.011173300598125189,0.0,-0.558227456997436,0.0,0.90116,0.8978250000000001,0.8886166666666667,2,14,6,0.8910942734750886,0.8902188838902418,50.0,0.002112610136512316,0.006264183855975002,0.9496029825173454,0.8460470174826548,0.04203263404166465,0.03296564779299087,0.056389787769332116,40305231.0,-0.688516590774034,0,0,-1,0.0,0,79.0,-0.03343446785302011,0.0,-0.8680729771511891,0.12691385880456477,0.5233134352103948,-0.024390243902439046,-0.011235955056179803,-1.4079683038215607,0.02272727272727275,0.0
2023-06-15,0.8991,0.88,-0.02298951822469872,0.011173300598125255,-0.011560822401075971,0.44477007080865416,0.02147235551847508,0.89907,0.89828,0.8922466666666666,3,15,6,0.8925498601159816,0.8907918591231295,51.54814562776454,0.0025326473948447115,0.005517876563748944,0.9499282271554734,0.8466317728445265,0.03618369706095249,0.03332286697049145,0.05629810083856907,40347963.0,0.03175326802725089,0,0,-1,0.0,0,80.0,-0.03162573369832047,-0.02272727272727275,-0.6332105639025785,0.17358660563582967,0.5289841138536522,0.015014675999096783,0.010224719101123547,1.7378923570325273,0.0444889333778223,0.0
2023-06-16,0.8828,0.8991,0.02298951822469878,0.0,0.008798389705165992,-0.5620466629876759,-0.018295588608145882,0.8993499999999999,0.897085,0.8950333333333335,4,16,6,0.8907771582767122,0.8902762553087341,50.46635576282479,0.0015325894360471715,0.00472081913820859,0.9490181260259736,0.8451518739740265,0.03373815500261052,0.03331066917289987,0.056454499292609026,40323604.0,-0.550130565714668,0,0,-1,0.0,0,81.25714285714287,-0.031618542825924245,-0.021243465687910138,-0.7767164626246659,0.22554931432746886,0.5287904798198321,0.0031818181818181746,-0.026359325024815194,0.3674834174117302,0.03670140462165834,0.0
2023-06-20,0.845,0.8828,-0.017423641147253578,-0.019069562720350805,-0.026394151595545486,1.1058930799930915,-0.0437620470254075,0.8888400000000001,0.8933950000000002,0.8948666666666667,1,20,6,0.8824540385900372,0.8873552065791385,46.1890243902439,-0.002283781778806282,0.0033198989548056156,0.9491764711727645,0.8376135288272358,0.02219317833365815,0.03440360550463487,0.05597517732927263,40249993.0,-1.7351639884187706,0,0,-1,0.0,0,80.11428571428571,-0.03834398964355154,-0.020389669234254663,-0.22346225894553043,0.38013399839947415,0.5461403062154201,-0.04195011337868482,-0.08032215933826725,-0.43272812630418056,0.04497041420118347,0.0
2023-06-21,0.822,0.845,-0.017261916840636375,-0.003403293131707807,-0.04341410854337983,0.003417554894737602,-0.027596232300993936,0.8758700000000001,0.8887449999999999,0.8939366666666667,2,21,6,0.8714623952100304,0.883138741638549,44.259421560035065,-0.0070825480379783645,0.0012394095562488197,0.9519539092645037,0.825536090735496,0.022177820357479998,0.034806567091083,0.05621625569265311,40176130.0,-2.1118858330777055,0,0,-1,0.0,0,80.11428571428573,-0.022527871960152965,0.0059171597633136145,-0.13144507945577916,0.39611561995515754,0.5525371230893429,-0.06590909090909092,-0.10163934426229515,0.4467322807417644,0.08625304136253037,0.0
2023-06-22,0.844,0.822,-0.03593200922606333,-0.0346855579878901,0.0011117288526904154,-1.4738338821019712,0.026412099539777276,0.8700699999999999,0.88429,0.8937366666666667,3,22,6,0.8664692324445704,0.8806136615328362,37.56544502617801,-0.0090065666394612,-0.0008097856828931842,0.9468928383406284,0.8216871616593716,0.021223462973077232,0.035099646892033445,0.05642256890176108,40193048.0,-1.2871620861909832,0,0,-1,0.0,0,80.0,-0.003812719600009288,-0.0024330900243309025,-0.7604806863732101,0.48768339071959665,0.5571896206950101,-0.040909090909090895,-0.09548815775372421,0.24703911531658576,0.047393364928909866,0.0
2023-06-23,0.9029,0.844,0.09309042306601203,0.06820825002653357,0.059898141581068806,2.0617679562123183,0.06745931071747654,0.87178,0.885435,0.8951766666666666,4,23,6,0.8730930083637394,0.8820514898210403,53.52850539291218,-0.005712774186042102,-0.001790383383522968,0.9485431035741365,0.8223268964258634,0.03154938131905895,0.03653316968666275,0.057775840081781896,40326021.0,0.5534946864465027,0,0,-1,0.0,0,75.0,-0.014698419052729289,0.066350710900474,0.7428034835380884,0.7307183917819678,0.5799460895749988,0.004226448670893168,0.026022727272727364,0.9046507622242493,0.05537711817477023,0.0
2023-06-26,0.87,0.9029,0.06453852113757116,0.06385147198653277,0.0,2.0727032411975674,-0.0371185936648041,0.8707799999999999,0.8844350000000001,0.89541,0,26,6,0.8725306432066958,0.8812739743487152,36.05986773407591,-0.005691566147767446,-0.0025706199363718634,0.9478715086638662,0.820998491336134,0.03382069351584494,0.03743448657605487,0.05822633431402808,39269381.0,-0.45510070790583657,0,0,-1,0.0,0,73.0,-0.012306349211170737,0.06324066895558747,4.007132008642589,0.7723570087680983,0.5942540516257621,-0.014499320344358857,-0.022471910112359605,0.9710705700231921,0.1264367816091954,0.0
2023-06-27,0.8901,0.87,-0.06453852113757105,-0.07479020323438888,-0.011578399624240296,-1.0227780935716104,0.022840604316256424,0.87159,0.8849400000000001,0.89008,1,27,6,0.8757250717145693,0.8818433953584756,39.92805755395684,-0.004006670207264307,-0.0028578299905503523,0.9483886580662518,0.8214913419337483,0.03465095285238182,0.037701875604919936,0.042085304142690606,39649343.0,0.16265119412334852,0,0,-1,0.0,0,75.0,-0.011038450493598957,0.03448275862068969,0.9982863936744345,0.6902099329583157,0.5984987208678662,0.053372781065088803,0.011477272727272725,0.21162620991263995,0.056173463655769064,0.0
2023-06-28,0.8622,0.8901,-0.00011111728440785351,-0.00011110493872883352,-0.02392828883266955,-0.4568523221147196,-0.031846553651851656,0.86981,0.88455,0.88882,2,28,6,0.8732659677664657,0.8805760795288965,42.99295774647887,-0.00486657600650231,-0.0032595791937407442,0.9484793853847452,0.8206206146152547,0.036183556722819595,0.038313058223004993,0.033503505516121725,39408723.0,-0.6992089745737834,0,0,-1,0.0,0,76.0,-0.01559812215185524,0.011009998876530761,0.36978462259238715,0.7051381333264212,0.6082009441464568,0.048905109489051135,-0.008965517241379395,0.19485200597930794,0.08118765947575976,0.0
2023-06-29,0.8424,0.8622,-0.057047296555540826,-0.03505163805891877,0.0,-0.723072686218813,-0.023232301493268423,0.8660500000000001,0.883605,0.8872333333333333,3,29,6,0.8676539736271083,0.8781131066560646,42.454798331015304,-0.007064319000133268,-0.0040205271550192495,0.9495096991367294,0.8177003008632705,0.036804085141738135,0.03860391223624435,0.03369749502180705,39291960.0,-1.250441942372389,0,0,-1,0.0,0,79.0,-0.014655333255928443,-0.014149849222918103,-0.168217897197855,0.7205278838861318,0.6128181084675953,-0.0018957345971563067,-0.02194357366771149,1.1154244638793394,0.046296296296296335,0.0
2023-06-30,0.89,0.8424,0.022451940600656466,0.02387833746079345,0.014591814937183823,-0.04767442292360251,0.05496650190641982,0.8651399999999999,0.8821049999999999,0.8872333333333333,4,30,6,0.8717168875130886,0.8788800030008346,51.51791135397692,-0.004908541356965168,-0.004198129995408434,0.9458521807416868,0.8183578192583131,0.04089675313654501,0.037589618325833525,0.03531245978469536,39403287.0,0.2476972285877808,0,0,-1,0.0,0,79.0,-0.01168399217094932,0.03193257359924018,-0.20105905287661668,0.6418583048949948,0.5967166918079497,-0.014287296489090773,-0.03260869565217395,0.9153527720525343,0.0537078651685394,0.0
2023-07-03,0.902,0.89,-0.0054213178514871205,0.016713480973740532,0.009454100196862457,0.3469853873305762,0.013393057336438256,0.86706,0.8832049999999999,0.8870766666666666,0,3,7,0.8772229079652543,0.8803716157104582,52.94637595757219,-0.0022063390284776663,-0.0037997718020222806,0.9475556340694861,0.8188543659305138,0.0405839415605728,0.036338485988119784,0.035231836459741206,39560792.0,0.5841434283213175,0,0,-1,0.0,0,82.22857142857143,-0.014293254512369423,-0.028539325842696604,-0.0328042301315193,0.5678023666177463,0.576855581671021,0.0367816091954023,0.02499999999999991,0.28112339931410996,0.06075388026607546,0.0
2023-07-05,0.8804,0.902,0.011842621878687459,-0.00542907543688654,0.0003527959112268937,-0.4491004911181477,-0.024238170410317148,0.8705999999999999,0.8797200000000001,0.8857966666666667,2,5,7,0.8778005610624807,0.8803734469549448,50.05571030640669,-0.001787162400420761,-0.0033972499217019766,0.9358397816693764,0.8236002183306237,0.038613492617945666,0.03175918212562084,0.0354174351054295,39460272.0,0.024233879027044325,0,0,-1,0.0,0,79.25714285714287,-0.012106271320089334,-0.03004434589800445,-0.22728840640951817,0.585653048632054,0.5041613864832026,-0.010897651949219211,-0.0733606988738027,1.2716854127382067,0.05633802816901406,0.0
2023-07-06,0.8401,0.8804,0.005812313360033279,-0.006911956169232628,-0.024398711045272976,0.5753069407206769,-0.04685541728150519,0.87241,0.87414,0.8833,3,6,7,0.870945913596575,0.8777751600546259,45.0037565740045,-0.004653195955072409,-0.003648439128376063,0.9216588339380165,0.8266211660619835,0.0407105819409423,0.03310928791255141,0.03635516866644494,39281580.0,-1.4326950886211482,0,0,-1,0.0,0,77.0,-0.035595966053665204,-0.0004543389368468378,0.11449979150522759,0.6383316624085877,0.5255936514182874,-0.025632103920204097,-0.11726384364820852,0.9590618614941959,0.07606237352696116,0.0
2023-07-07,0.9,0.8401,-0.05849620668160861,0.010128641323178445,0.0,0.1774203332729883,0.06887383095350931,0.87801,0.8740399999999999,0.8821966666666666,4,7,7,0.876228474760834,0.8792090206962629,50.102249488752555,-0.0020672883872914216,-0.003332208980159135,0.9213197898281834,0.8267602101718164,0.04573531735756416,0.03541510870235921,0.03857872432227674,39494962.0,1.0981436294171225,0,0,-1,0.0,0,77.0,-0.016994678464911046,-0.01202237828829901,0.2299646053714099,0.7977964920805672,0.5621974216845713,0.06837606837606836,-0.0022172949002217113,-0.04196873601261561,0.08111111111111118,0.0
2023-07-10,0.8808,0.9,0.043151808515165514,0.003206371258256715,0.027099352620936535,-0.2779350884131516,-0.021564177915840525,0.8758000000000001,0.87379,0.8822233333333334,0,10,7,0.8770596611679551,0.8793116645223106,49.77426636568849,-0.0015493575192317977,-0.0029756386879736677,0.9208603795550913,0.8267196204449087,0.040720476620527836,0.03551541839336164,0.03731086636637458,39333358.0,0.29785185784599655,0,0,-1,0.0,0,76.0,-0.01826405783240648,-0.037111111111111095,-0.0019484524710324067,0.726666190628533,0.5637897886634643,-0.010337078651685427,-0.005644615037254441,1.2038162849873735,0.06028610354223437,0.0
2023-07-11,0.88,0.8808,0.003915702342820366,-0.003538652371133031,0.008407335835973228,-0.002763648037065643,-0.0009086779362180643,0.8768,0.8737900000000002,0.8818900000000001,1,11,7,0.8775942682283269,0.8793560732628067,54.310344827586206,-0.0011897323944645155,-0.002618457429271837,0.9208603795550915,0.8267196204449089,0.03886440077086426,0.03548050224585331,0.03725705635905221,39172200.0,0.2638602050247601,0,0,-1,0.0,0,78.0,-0.01643559283072561,-0.012261580381471425,-0.029291122829004677,0.7153732536592766,0.5632355120051793,-0.024390243902439046,0.0,1.5670548206500488,0.048522727272727224,0.0
2023-07-12,0.8552,0.88,-0.022081083075255276,-0.01991562803080462,-0.011578399624240296,-0.34622189015923066,-0.0285865477614167,0.87331,0.8724500000000001,0.8810633333333334,2,12,7,0.8735225830959038,0.8777976169232709,54.070622854340364,-0.002872764192501931,-0.002669318781917856,0.9200590880299051,0.824840911970095,0.03912553252645428,0.03605331914257309,0.03756489443825762,39058204.0,-0.7246515618683861,0,0,-1,0.0,0,78.0,-0.02214171212964379,-0.032954545454545486,-0.2552256584648097,0.7233505920474622,0.5723286983381571,-0.02862335302135388,-0.03038548752834469,1.5817357954487947,0.040692235734331214,0.0
2023-07-13,0.851,0.8552,0.0,0.013581217785491715,-0.00011764013895102922,-0.24975418779259015,-0.004923231137461299,0.87219,0.8710000000000001,0.88043,3,13,7,0.8694275679875576,0.8760687384120921,50.8974358974359,-0.004493683530650827,-0.0030341917316644503,0.9194007829415496,0.8225992170584506,0.03789510102680539,0.03606331041938515,0.037517703968485694,38969402.0,-0.8264329122176741,0,0,-1,0.0,0,79.0,0.004603326775761749,-0.004911131898970979,-0.3776032989662658,0.6303560036402982,0.5724873049405055,0.012974645875491131,-0.03295454545454546,1.7947059531497587,0.05522914218566397,0.0
2023-07-14,0.8739,0.851,0.0011743982559416616,0.0,0.0002352664403276668,-0.11213752996620419,0.026553824060124544,0.8753400000000001,0.8706949999999999,0.88085,4,14,7,0.8702407374443653,0.8759288198048605,45.90395480225988,-0.003885643883552059,-0.003204482162041972,0.9189335945056578,0.822456405494342,0.03791730919027991,0.03660311805769616,0.037784995196423275,39048784.0,0.13288115181814464,0,0,-1,0.0,0,79.0,-0.004602543859461714,0.0011750881316098718,-0.43396951608922224,0.3401736887112014,0.5810564855412096,-0.029000000000000026,-0.006931818181818206,0.8265626412381366,0.05355303810504641,0.0
2023-07-17,0.8579,0.8739,0.009345862418237599,-0.026089909425297514,0.0001176124670571332,-0.16365629841332735,-0.01847841005457905,0.87213,0.868635,0.87878,0,17,7,0.8679969669999352,0.8747656701400308,48.20528033224563,-0.0046413319790326035,-0.0034918521254400986,0.9152579342693188,0.8220120657306813,0.033611665382130694,0.03646368368928025,0.035741284903679824,38981386.0,-0.46050297641023685,0,0,-1,0.0,0,80.02857142857142,-0.012638481547564518,-0.015905710035473194,-0.4947618548825304,0.33198739862605325,0.5788430335629465,-0.02599909173478654,-0.045823601379156975,0.8274644057018362,0.027509033686909972,0.0
2023-07-18,0.84,0.8579,-0.03550668845690987,-0.007465721232232789,-0.028994454870768745,0.3244327618687969,-0.02108565074156032,0.86593,0.8664949999999999,0.8774466666666666,1,18,7,0.8629066093635833,0.8725227236793838,42.52015527022992,-0.006608422857496854,-0.004115166271851449,0.9142945584640152,0.8186954415359846,0.03347586036020717,0.03653353706823285,0.035062232869090534,38888158.0,-1.108587646053092,0,0,-1,0.0,0,81.68571428571428,-0.01519810202474323,-0.032521272875626575,-0.39766185222163997,0.3461186426885898,0.5799519215766232,-0.045454545454545525,-0.04848210240145001,1.4972547203707922,0.04928571428571428,0.0
2023-07-19,0.8401,0.84,0.03550668845690982,-0.008567842153712407,0.004830927269665592,-0.5213353135597741,0.00011904053344211783,0.8619,0.86625,0.87378,2,19,7,0.858759953115659,0.8704309350549074,46.40182351025725,-0.00806630405449904,-0.004905393828380968,0.9145609446016343,0.8179390553983656,0.03295132607512126,0.03523849103909209,0.03159080750751827,38943510.0,-1.082570428528338,0,0,-1,0.0,0,82.34285714285716,-0.012402680664695031,0.023809523809523832,-0.5639943592811688,0.3033471171267773,0.5593937031996943,-0.017656688493919548,-0.005798816568047371,1.1520319768595995,0.03571003451970007,0.0
2023-07-20,0.8338,0.8401,-0.0353862137865636,-0.02950066439669799,-0.01212136053234485,0.18535208079599375,-0.007527366924104875,0.86127,0.86684,0.86985,3,20,7,0.8542217798219027,0.8680676489223329,48.53542234332425,-0.009619159077170036,-0.005848146878138782,0.9131211272196698,0.8205588727803304,0.02964171616052864,0.03470007274402494,0.03158216135869051,38876886.0,-1.4277958202348158,0,0,-1,0.0,0,80.0,-0.009267000396681121,-0.011903344839900023,-0.5109195747147712,0.3047066219271127,0.5508465777392438,-0.020211515863689744,0.014355231143552416,1.2677231197852252,0.017989925641640696,0.0
2023-07-21,0.81,0.8338,0.010664531006216196,0.004778981616350601,-0.02469261259037141,0.36040686454383986,-0.028959317780212015,0.8522700000000001,0.8651399999999999,0.8667833333333334,4,21,7,0.8461814562179204,0.8643213489918599,35.17420311341736,-0.012624738834793758,-0.007203465269469777,0.9171026343472126,0.8131773656527872,0.01689267414404605,0.034765621186653106,0.030614530929525718,38781353.0,-2.1222942482690956,0,0,-1,0.0,0,81.02857142857144,-0.01814207819700103,0.006236507555768748,-0.40228889003924645,0.17988560204311224,0.5518871270073742,-0.07312049433573631,-0.040284360189573376,0.3395152421071378,0.04814814814814805,0.0
2023-07-24,0.8142,0.81,-0.03517645880072159,-0.010905494862803934,0.0,-0.8662019351211142,0.005171788402394005,0.84561,0.8607049999999999,0.8643966666666666,0,24,7,0.8403666459964803,0.8610877135730303,33.244274809160316,-0.014500623387521117,-0.008662896893080045,0.9142159029705443,0.8071940970294555,0.017057965698533954,0.030538810567179508,0.030519503910948927,38821529.0,-1.7381504485393964,0,0,-1,0.0,0,82.51428571428572,-0.01530361876707066,0.0,-0.6280007840481395,0.22459085531775455,0.4847885885788102,-0.0509383378016085,-0.0982390076420423,-0.34363759355310186,0.03672316384180782,0.0
2023-07-25,0.807,0.8142,0.08855339734144503,0.06428243340352724,0.0,1.1745415327811584,-0.008882367798929666,0.8383100000000001,0.857555,0.8619633333333334,1,25,7,0.8342999830880292,0.8575981836650929,35.1777059773829,-0.01637944321216489,-0.010206206156897015,0.9159558101952339,0.799154189804766,0.01689064125285954,0.029640549948572834,0.03053323232212727,38691493.0,-1.7313115975958056,0,0,-1,0.0,0,81.0,-0.01566887949424406,0.0869565217391304,-0.03276028065208686,0.20433631371632238,0.47052914332267237,-0.039285714285714146,-0.0724137931034482,-1.174165892975187,0.10532837670384133,0.0
2023-07-26,0.8198,0.807,-0.08855339734144506,-0.06043396202706604,-0.006269613013595374,0.3030532692190069,0.01573673980028825,0.83477,0.85404,0.85989,2,26,7,0.8316636225265693,0.8551595911705708,45.388459791004095,-0.016643710103698806,-0.011493706946257374,0.9126551911321596,0.7954248088678404,0.016928681723208865,0.029343228955585665,0.030705837894934092,38867560.0,-1.1682978196829266,0,0,-1,0.0,0,80.0,-0.012159649111646303,0.0037174721189591107,0.9947872103050229,0.26491816027880816,0.4658093188806554,-0.024163790024997023,-0.07897988990001126,-0.3374166501285565,0.04647474993900941,0.0
2023-07-27,0.7899,0.8198,0.01604345231211388,-0.012075983002265119,-0.03195159980660236,0.06401763203522448,-0.03715405289986371,0.82866,0.8504250000000001,0.8568866666666667,3,27,7,0.8240702366126477,0.850949294966018,21.04155707522355,-0.019046270088761363,-0.013004219574758173,0.9154849035698034,0.7853650964301968,0.01979780251076702,0.02961855809208635,0.031345046745202214,38679853.0,-1.8605929821295335,0,0,-1,0.0,0,77.65714285714286,-0.01672028989504954,0.0040253720419615524,1.3894907539643737,0.3499430745770601,0.4701800334238812,-0.052650515711201606,-0.08385525400139171,-0.03296468757882114,0.06722369920243072,0.0
2023-07-28,0.7632,0.7899,-0.023976067037819047,-0.023976067037819047,-0.010443959161083262,-0.7806744848167295,-0.03438623503629676,0.81759,0.8464649999999999,0.8529933333333333,4,28,7,0.8130029208648935,0.8452880501295008,20.24291497975706,-0.022841480674337444,-0.014971671794674027,0.9223262660327448,0.770603733967255,0.017312917856467245,0.030080085781996196,0.03183253239332591,38593865.0,-2.195191415973978,0,0,-1,0.0,0,76.91428571428573,-0.018949846613260317,0.0173439675908342,-0.6515068586590049,0.36846387711486955,0.4775065583679107,-0.05777777777777782,-0.09401709401709402,-0.025988513463421396,0.054507337526205416,0.0
2023-07-31,0.7161,0.7632,-0.04922579911424351,-0.04909508870297316,-0.06786864427467058,1.1739671655138333,-0.06370029812118269,0.8034099999999998,0.8377699999999999,0.8468933333333334,0,31,7,0.7953842079803674,0.8369533372179202,16.40016400163998,-0.029311899444525613,-0.017839717324644344,0.9305896916487808,0.744950308351219,0.023157873809505722,0.029059029924166157,0.033104872363873265,38315711.0,-2.621641977876534,0,0,-1,0.0,0,77.62857142857142,-0.028331712686091273,0.002358490566037767,2.4858603298236206,0.46874686637584845,0.4612977991207667,-0.12048636698599857,-0.1953932584269663,0.3349877746678759,0.07415165479681614,0.0
2023-08-01,0.69,0.7161,-0.060624621816434854,-0.03335635803959076,-0.045985113241823264,-0.8278080818963719,-0.03712822442158902,0.78841,0.82717,0.8404666666666666,1,1,8,0.7762234428930278,0.827472476752248,16.313213703099493,-0.03612932840185801,-0.021497639540087078,0.93612376324935,0.7182162367506499,0.02390974004988806,0.02904289640061644,0.03348336188053176,38194156.0,-2.5179488235954692,0,0,-1,0.0,0,77.34285714285716,-0.03236214852469305,0.005446166736489338,-0.05305974223861153,0.4493920484344891,0.4610416873742642,-0.14498141263940534,-0.2350332594235034,1.2657524467475783,0.08695652173913036,0.0
2023-08-02,0.7,0.69,-0.08701137698962969,-0.055569851154810765,-0.03669449496639795,0.6523654619209126,0.01438873745209967,0.7744,0.8181499999999999,0.8356333333333333,2,2,8,0.7623646350942954,0.8192484459940385,19.92031872509959,-0.040261167859575786,-0.025250345203984823,0.9378851902715026,0.6984148097284972,0.02557525989755569,0.029541613309683364,0.033039286157164366,38427551.0,-1.9735217312820357,0,0,-1,0.0,0,77.0,-0.029003462119996864,-0.0434782608695651,1.5718098327612717,0.44051238322047453,0.46895857287034753,-0.14613320322029766,-0.20490686051794638,1.2260267273744059,0.06357142857142856,0.0
2023-08-03,0.69,0.7,0.044451762570833796,0.0,0.023370833767927295,-2.2023965656857905,-0.014388737452099669,0.76002,0.8106450000000001,0.8312333333333334,3,3,8,0.7492074287135144,0.8109098365750683,11.381772364552674,-0.04383726808588384,-0.028967729780364625,0.9427634233532655,0.6785265766467347,0.025361337014157145,0.028407320070282065,0.03283300501439977,38401752.0,-1.826316072171297,0,0,-1,0.0,0,73.62857142857145,-0.030512874116758952,-0.0142857142857143,-1.4416903071010407,0.4505232411131958,0.4509522259186814,-0.12647170527914942,-0.17866920604689918,0.44164799384384923,0.04202898550724626,0.0
2023-08-04,0.709,0.69,-0.039916607405442436,0.02803197843185259,-0.04573968005101178,2.502265478359576,0.027163928940822424,0.74992,0.8010949999999999,0.8267333333333333,4,4,8,0.7418969871292391,0.8043350084089349,19.12069680630441,-0.04462381649013225,-0.03209894712231815,0.9336297299067589,0.6685602700932409,0.028844207626014015,0.0230415205284445,0.03285930449240827,38716761.0,-1.3897489369735874,0,0,-1,0.0,0,64.0,-0.03239405058411154,-0.039130434782608574,2.384965786808788,0.5788015844877796,0.3657727988823223,-0.07101677148846963,-0.2122222222222223,-0.20468080855114498,0.11128349788434411,0.0
2023-08-07,0.709,0.709,0.07830085041375778,0.01256141853340095,0.10082606961145733,-2.6724818330318936,0.0,0.7394000000000001,0.792505,0.82027,0,7,8,0.7359157167421047,0.7981843627051327,20.654121863799247,-0.04473152459613727,-0.03462546261708198,0.9255572252029527,0.6594527747970473,0.028528879207219027,0.023061031987332798,0.029678315343060258,38716761.0,-1.2552213970510424,0,0,-1,0.0,0,72.0,-0.029265417284842252,0.011283497884344157,-1.2331718808656578,0.39572029727255476,0.36608253368992927,-0.009914816366429213,-0.19504995458673935,-0.3873879047375504,0.028208744710860392,0.0
2023-08-08,0.7009,0.709,-0.011220314067492888,-0.027818205476530675,-0.025281643580908092,0.0037153449613810947,-0.011490303025848385,0.7287899999999999,0.78355,0.8146333333333333,1,8,8,0.7295492227889946,0.7919079522080273,19.896193771626287,-0.04495230417097151,-0.03669083092785989,0.9159139400722752,0.6511860599277247,0.028495050292654728,0.02294962840091876,0.02918759068190991,38694919.0,-1.2488295521404131,0,0,-1,0.0,0,69.0,-0.03844806390910386,0.0,-1.113535232107904,0.2805822712325918,0.36431405658105587,0.015797101449275486,-0.20352272727272736,0.5363182177361135,0.025253245826794033,0.0
2023-08-09,0.6618,0.7009,-0.024125072684309697,-0.024125072684309697,-0.05852932102456632,0.4909517550346633,-0.057401828018767205,0.7129899999999999,0.77388,0.8070233333333333,2,9,8,0.7172311822819046,0.7835138907752515,17.424242424242408,-0.04773209096981912,-0.03889908293625174,0.9123225946010749,0.6354374053989251,0.029254390155507102,0.024789797850847048,0.02994726717018514,38659232.0,-1.6191548608715514,0,0,-1,0.0,0,67.31428571428572,-0.03949433589928236,-0.012555286060778884,-0.8813914636017272,0.477723427981748,0.3935258409894285,-0.05457142857142838,-0.22614593077642642,-0.5131679815527047,0.06059232396494412,0.0
2023-08-10,0.678,0.6618,-0.022798006236975043,0.005619206486601915,0.012195273093818206,-1.086468983900118,0.024183892452883746,0.7018,0.76523,0.8008833333333334,3,10,8,0.710098240048831,0.7767065429832998,24.258970358814338,-0.04807372346498673,-0.04073401104199874,0.9049961219394116,0.6254638780605883,0.031857697297527056,0.02609623843061135,0.030269196456579075,38671273.0,-1.2482280940414725,0,0,-1,0.0,0,66.34285714285714,-0.03688701321466796,0.022212148685403346,-1.0788088717513655,0.53562091772544,0.4142649422498648,-0.017391304347825987,-0.2032902467685076,-1.061848416367998,0.053097345132743244,0.0
2023-08-11,0.69,0.678,-0.03673452321168608,-0.008658062743114541,-0.012041910621314626,1.236170388671222,0.017544309650909307,0.69448,0.756035,0.7958033333333333,4,11,8,0.7064440145854072,0.7711125724682483,26.49507948523842,-0.046836270594078355,-0.041954462952414666,0.8897657786478925,0.6223042213521075,0.03258033360229965,0.025466252931371437,0.03046440453927183,38712723.0,-0.9875811786584664,0,0,-1,0.0,0,65.0,-0.03545673037740038,-0.03820058997050152,-0.7153005596313211,0.503854762629959,0.40426423248647075,-0.026798307475317418,-0.21043597665636804,-1.2214303428032132,0.05492753623188397,0.0
2023-08-14,0.645,0.69,0.01204191062131459,-0.014598799421152523,-0.01716846747848654,0.017339746850728057,-0.06744128079553253,0.6873699999999999,0.74539,0.7876366666666665,0,14,8,0.6952723755698786,0.7629762774702968,23.178807947019834,-0.048922753152835896,-0.04334812099249891,0.8788733701445226,0.6119066298554774,0.0332163000570517,0.028151590730759766,0.02992853639176413,38670548.0,-1.5041574076427289,0,0,-1,0.0,0,66.28571428571429,-0.03339095869892512,-0.0434782608695651,-0.687336467789944,0.6535262471951442,0.4468926485067686,-0.09026798307475314,-0.2481641216925049,-0.21362398298381935,0.06046511627906982,0.0
2023-08-15,0.6068,0.645,-0.01526747213078842,-0.0148150857851407,-0.06609980170452369,0.4801476180936229,-0.061051069321395264,0.67905,0.73373,0.7777966666666667,1,15,8,0.6791864891026279,0.7529003886012454,17.47098350641417,-0.053047230905106546,-0.045287942975020444,0.873030222540655,0.594429777459345,0.03591100750930003,0.029911684794886383,0.030870317614959793,38602380.0,-1.822394791407533,0,0,-1,0.0,0,54.0,-0.021263149870126938,0.007751937984496131,-0.3829147018338697,0.7087667362958467,0.4748332755733286,-0.13425595662719358,-0.27761904761904754,0.5954269958446249,0.11535926170072522,0.0
2023-08-16,0.6,0.6068,-0.047252884850545615,-0.030305349495328922,0.0,0.12817364925020397,-0.011269592258230881,0.66905,0.721725,0.76845,2,16,8,0.6647889456294228,0.7430358474011651,18.797239566217527,-0.05621658263802376,-0.04747367090762111,0.8637838147281991,0.5796661852718008,0.03468945783444104,0.02970303398089689,0.03079729049932666,38524890.0,-1.7137268142479738,0,0,-1,0.0,0,49.0,-0.02026778514000257,0.021753460777851005,-0.29343970186463714,0.6665203677585196,0.47152104658532423,-0.0933816863100636,-0.2857993096059993,-0.21495491604142175,0.08333333333333341,0.0
2023-08-17,0.6,0.6,0.0,-0.047252884850545615,-0.050942478737574605,0.7923680976155072,0.0,0.6600499999999999,0.710035,0.7604466666666667,3,17,8,0.6530091373331641,0.7338077282139932,20.605187319884706,-0.05805904815369367,-0.04959074635683563,0.8517399607268988,0.5683300392731011,0.03500311985063971,0.029866339276515018,0.0302067681197242,38524890.0,-1.553015496924841,0,0,-1,0.0,0,46.142857142857146,-0.018464987727382857,0.03333333333333337,0.6858048238810832,0.5842009540124814,0.47411343778523696,-0.11504424778761069,-0.2804029743343728,-0.2672672537957571,0.08299999999999993,0.0
2023-08-18,0.5704,0.6,-0.08531194208210094,-0.03612872408850554,-0.0015796405215354656,-3.0091792977040033,-0.05059178611606008,0.64619,0.698055,0.7494600000000001,4,18,8,0.6379892941816796,0.7232652941356712,21.991541714725088,-0.06120218725396287,-0.05191303453626108,0.8446054615801272,0.5515045384198728,0.03344091835451834,0.030680757688717735,0.02674344751644787,38516447.0,-1.7421303027449557,0,0,-1,0.0,0,43.65714285714286,-0.0034183232035044746,-0.05116666666666658,-1.0320777854667846,0.46800109713196403,0.4870419292762798,-0.17333333333333323,-0.29580246913580255,0.5277520173870901,0.0503155680224403,0.0
2023-08-21,0.5525,0.5704,0.001930333143049868,0.007164906099043638,-0.06195389063977724,1.5500014391620596,-0.031884435708178394,0.6305400000000001,0.68497,0.7385166666666667,0,21,8,0.6224457861486469,0.7122481783849828,22.707423580786013,-0.06439522002763287,-0.05440947163453544,0.8345576310671948,0.5353823689328051,0.032715716148310744,0.030381896229935024,0.026891458730920373,38476668.0,-1.7711357423729024,0,0,-1,0.0,0,43.0,0.0010886189670161065,0.0,-0.6957844233357354,0.3954883654587781,0.4822976506978736,-0.14341085271317833,-0.3214197985752887,0.08502615514772197,0.12162895927601797,0.0
2023-08-22,0.5852,0.5525,-0.015369969561699254,-0.014549968196504594,-0.005810155975614491,0.46266448819286415,0.0575002357540615,0.61897,0.6738799999999999,0.72869,1,22,8,0.6156738250307111,0.704051521714984,29.096868171886385,-0.0635544882118172,-0.05623847494999179,0.8181685646702833,0.5295914353297165,0.04205245471451477,0.035006020388071137,0.030036880973185902,38539849.0,-1.2292034396855258,0,0,-1,0.0,0,43.0,-0.006487451576564992,0.016651583710407213,-0.4080268481011048,0.6560974061302921,0.555703346021358,-0.0355965721819379,-0.2748451053283767,1.1246023952146502,0.10526315789473681,0.0
2023-08-23,0.54,0.5852,0.023749906868450053,-0.031487885446333685,0.014925650216675792,-0.04273235600366502,-0.08038452958764916,0.6067899999999999,0.6598900000000001,0.7181833333333333,2,23,8,0.6019149477524,0.6934675525720818,25.790832795351847,-0.06577722552749654,-0.058146225065492746,0.7987636328271499,0.5210163671728503,0.0447097567561664,0.03678193378065283,0.032149233143705075,38479311.0,-1.72660565665798,0,0,-1,0.0,0,50.0,0.0025884742793849847,-0.01708817498291184,-0.3798002218964721,0.830051489774416,0.5838950971419191,-0.09999999999999987,-0.3413027567699438,0.8224728666966541,0.0651851851851852,0.0
2023-08-24,0.4485,0.54,-0.07563368880028053,-0.026781022677641955,-0.23244594397652338,1.3664078160670279,-0.18566045805946935,0.58384,0.64282,0.7047666666666667,3,24,8,0.5740213208883272,0.677663194341625,15.929897985874973,-0.0740682336747952,-0.06133062678735324,0.7974423868855616,0.4881976131144383,0.062259630912124456,0.04967349113617102,0.042718351580925545,38241927.0,-2.513478208609199,0,0,-1,0.0,0,40.58571428571429,0.041975695999257476,-0.01240740740740748,1.4597573661066776,1.309313678725564,0.7885422257920788,-0.25249999999999995,-0.4322066084314471,-0.08809165313085177,0.29431438127090315,0.0
2023-08-25,0.46,0.4485,-0.23242141003381228,-0.12055473039874287,-0.01863041740646047,-0.09014124118635723,0.02531780798429,0.56084,0.62766,0.69097,4,25,8,0.5532901716359041,0.6636204076099073,18.38496698831895,-0.07880257642638466,-0.06482501671515953,0.7917515585239512,0.4635684414760488,0.06310275856675665,0.05098444571445899,0.04267073007878277,38458849.0,-2.0434932973779754,0,0,-1,0.0,0,47.0,0.036115076216089816,-0.05752508361204011,1.1345618514038782,1.4276959802657645,0.809352984557588,-0.19354838709677413,-0.3972746331236897,-0.6258339131548865,0.16586956521739138,0.0
2023-08-28,0.5506,0.46,0.08456378191039651,0.15547362155194266,0.018163018472968927,0.5950780605863756,0.1797821032253661,0.5514,0.619385,0.6807266666666667,0,28,8,0.5528010495202851,0.6563287684092681,34.22212891035062,-0.07438643383658872,-0.06673730013944537,0.7813764133522872,0.4573935866477127,0.09622574340525905,0.07006728108502178,0.058257370808726554,38852166.0,-0.8492425441144996,0,0,-1,0.0,0,45.0,0.005040052418296478,0.0,2.523956478692984,2.207970427186327,1.1122836047605653,-0.0034389140271493535,-0.2311129730484569,0.1404937399654236,0.2762440973483472,0.0
2023-08-29,0.546,0.5506,0.149356597862584,-0.017219314053799048,0.19901179123433338,-1.2134510236422054,-0.008389616963601788,0.54532,0.612185,0.6709266666666667,1,29,8,0.5515644950620514,0.6492107833506057,36.89452240832956,-0.07044573598034864,-0.06747898730762603,0.7737613567249333,0.45060864327506667,0.094762066035465,0.06980611219140836,0.05824429382345376,38735284.0,-0.819241148167153,0,0,-1,0.0,0,49.17142857142857,0.005373994993625759,-0.029967308390846277,0.060321893630526265,2.1589604249020504,1.1081376771044436,-0.06698564593301437,-0.20869565217391295,0.6248186231691375,0.08791208791208778,0.0
2023-08-30,0.5499,0.546,0.029153356168044365,-0.035718082602079114,-0.0019175461292718174,-1.1694573365017997,0.007117467768863955,0.5403100000000001,0.60468,0.6612533333333334,2,30,8,0.5512618595962239,0.6428036360376634,35.08731082654249,-0.06624438311884595,-0.06723206646987001,0.7629930223718271,0.4463669776281729,0.09483880805248775,0.06969326693539106,0.05831140969407211,38771580.0,-0.6920466703154602,0,0,-1,0.0,0,50.0,0.004462172707992752,0.007142857142857169,-0.5851985723335218,2.065852202777117,1.1063463142001124,0.018333333333333313,-0.2144285714285713,0.1276483045131172,0.052736861247499586,0.0
2023-08-31,0.529,0.5499,-0.03837001127296845,0.0,-0.041141943331175185,1.0538077244414192,-0.038748011655469705,0.5332100000000001,0.59663,0.6510933333333334,3,31,8,0.5472142487605468,0.6354614659707174,31.637773722627756,-0.06386503961631429,-0.06655866109915887,0.7530378487728971,0.44022215122710284,0.09539026439446606,0.06997645720190107,0.05848872166984667,38667463.0,-0.8647903609773209,0,0,-1,0.0,0,52.94285714285714,0.004285436930067097,-0.0376432078559739,-0.0005968594640320282,1.46976657878843,1.11084182031351,0.17948717948717952,-0.23333333333333328,1.8808233336844664,0.09451795841209838,0.0
2023-09-01,0.5415,0.529,0.010900314655206026,0.03396215589981421,0.0,-0.7977748152749157,0.023354634582745816,0.53032,0.588255,0.6421433333333334,4,1,9,0.5461752944404473,0.6293994359080906,37.25055432372505,-0.06027592388508507,-0.06530211365634411,0.737082494276098,0.439427505723902,0.09470649177965151,0.06986888998711444,0.058798309246230904,38714350.0,-0.6283113241597985,0,0,-1,0.0,0,55.0,0.0021719293667931154,0.011342155009451805,-0.45543839104727607,1.4707870443070252,1.109134243716214,0.17717391304347818,-0.23624823695345554,1.898162870205708,0.12742382271468136,0.0
2023-09-05,0.5056,0.5415,0.01207631954503868,-0.01612223777148328,-0.04040541463503886,0.5278656153427927,-0.06859722360839748,0.52563,0.578085,0.6318566666666666,1,5,9,0.5387979681785477,0.6214123755269235,37.46283448959367,-0.05964085117389317,-0.06416986115985393,0.7197997806423225,0.4363702193576774,0.09656869072465596,0.07088022041520044,0.059535099511590854,38634862.0,-1.0229702176648263,0,0,-1,0.0,0,59.0,0.00231975710096062,0.0,-0.14912645633895863,0.5711489664669945,1.1251886165523823,-0.08172902288412631,-0.28688293370944984,-0.5095817538437132,0.15763449367088594,0.0
2023-09-06,0.5002,0.5056,-0.07973496801885349,-0.06435993376322373,0.0,0.22812308132072823,-0.010737824389129102,0.5171300000000001,0.56805,0.62163,2,6,9,0.5317801557824481,0.6135922222671221,37.59323719542516,-0.058894388495051686,-0.06311476662689348,0.7013191380544063,0.43478086194559384,0.09392601973700662,0.07088206489086353,0.059530490568417326,38535006.0,-1.0182402466248532,0,0,-1,0.0,0,56.0,-2.7495141747510763e-05,-0.011075949367088705,0.02452297526735787,0.5693264900854604,1.1252178966958055,-0.08388278388278403,-0.2863461264089029,-0.4526289562596216,0.0895641743302679,0.0
2023-09-07,0.5005,0.5002,0.0,0.015685855014932696,0.025291776824990703,-0.4389882553478555,0.0005995803117565037,0.51318,0.559985,0.6109866666666667,3,7,9,0.5260928547310939,0.6062959498627916,37.639751552795026,-0.057614460316528504,-0.06201470536482049,0.6888147166596518,0.43115528334034814,0.09106991389663308,0.07026685230890617,0.05933029685885277,38599382.0,-0.9234670624503536,0,0,-1,0.0,0,53.0,-0.00038664048348863,-0.0003998400639743662,-0.37327621470547684,0.5536390234640132,1.1154516997240227,-0.0898345153664305,-0.24372922333031144,-0.3878969498998372,0.08151848151848154,0.0
2023-09-08,0.5327,0.5005,0.031498667059371016,0.048674078748291064,-0.025083551941364867,0.08586640296321446,0.06235081516767814,0.5216000000000001,0.5527200000000001,0.6024133333333332,4,8,9,0.527294153870895,0.6015478240651921,45.34682794371759,-0.05338643156906431,-0.06028905060566926,0.6693368101987089,0.4361031898012913,0.07181820544343481,0.07188899618416726,0.06088501144042881,38669530.0,-0.3433467261861672,0,0,-1,0.0,0,51.91428571428571,-0.02344301251337738,0.03096903096903111,-0.3498300290573272,0.7605008913984824,1.1412024354322674,0.0069943289224951855,-0.21430678466076714,-0.29187340336283085,0.14942744509104552,0.0
2023-09-11,0.52,0.5327,0.05467902918168144,0.0001785873743474334,0.07941790290469439,-1.0493253393398934,-0.02412960234748032,0.5276000000000001,0.54422,0.5943066666666665,0,11,9,0.5259679440761867,0.5962866741255024,45.93648412103026,-0.0504785864641385,-0.05832695777736312,0.6419600763565514,0.44647992364344863,0.07304201646605299,0.07165970394241152,0.06078498655968617,38644966.0,-0.4956001857753119,0,0,-1,0.0,0,52.0,-0.03220460761427301,0.023089919279144153,-0.8365634813615838,0.7513065947656281,1.137562533936814,-0.03970452446906736,-0.24637681159420277,0.6087100116138411,0.07692307692307698,0.0
2023-09-12,0.521,0.52,0.027150989065950898,0.0,0.0,0.48491891344102306,0.0019212301778938723,0.52464,0.5380199999999999,0.5878033333333333,1,12,9,0.52506468151688,0.5914294693432119,41.28191200434546,-0.047545333615958696,-0.05617063294508223,0.6238485831415094,0.45219141685849057,0.03511743871529893,0.07058207051303812,0.060058032198592015,38684859.0,-0.39660447317272607,0,0,-1,0.0,0,51.0,-0.03890029376529583,0.07692307692307698,-0.6670979339469487,0.5392924583548502,1.120455633585144,0.030458860759493556,-0.19224806201550382,1.7067811142798308,0.07677543186180429,0.0
2023-09-13,0.5205,0.521,-0.11332868530700324,0.0,-0.039220713153281385,-0.4086788496072416,-0.0009601536983434815,0.52209,0.533705,0.5821533333333334,2,13,9,0.5242347394229018,0.5868533745468757,46.98608964451313,-0.044745259918769875,-0.05388555833981976,0.6134347666124693,0.4539752333875307,0.03511575550007014,0.06956374890586917,0.05984418241001532,38658349.0,-0.3312439145641456,0,0,-1,0.0,0,51.40000000000001,-0.06518069730641245,-0.04030710172744725,-0.7799145183651989,0.524019036918991,1.104290279221628,0.04058376649340256,-0.14222148978246552,1.6191752885806037,0.11527377521613844,0.0
2023-09-14,0.5105,0.5205,0.0005998200719675495,-0.040821994520255284,-0.0397808700118446,0.291757122911762,-0.019399250450303294,0.51815,0.52923,0.5758366666666668,3,14,9,0.5217375140732833,0.5819273503825612,62.809917355371894,-0.042839273290843916,-0.0516763013300246,0.6031259467578334,0.45533405324216664,0.03515755429685198,0.06962213270104547,0.05973070685826449,38622858.0,-0.50692902173324,0,0,-1,0.0,0,54.42857142857144,-0.05253738867796713,-0.038808837656099895,-0.6535659505578217,0.5602496583542612,1.105217093237424,0.01998001998001997,-0.14916666666666667,1.6939557653225823,0.11185112634671888,0.0
2023-09-15,0.5,0.5105,0.0355392265439055,-0.03636764417087483,-0.0006245446231942307,0.42524508372719355,-0.02078253918252839,0.51525,0.52423,0.5695033333333334,4,15,9,0.5177852387872317,0.5766417148740088,58.29875518672199,-0.04169538891522273,-0.04968011884706423,0.5911689383957658,0.4572910616042341,0.033848578763574666,0.06968434679135709,0.05976175647311916,38568558.0,-0.7239433603426437,0,0,-1,0.0,0,52.0,-0.0579139044892975,0.015475024485798274,-0.3958765452791605,0.19114804789742632,1.1062047113034756,-0.06138539515674857,-0.16666666666666663,0.5503514042190139,0.07639999999999991,0.0
2023-09-18,0.5,0.5,-0.05634175393339261,-0.004834196787460665,0.007882222929478907,-0.4691642026573119,0.0,0.5111,0.52071,0.5625366666666667,0,18,9,0.514551559007735,0.5716970881079437,33.178191489361694,-0.04032402208058805,-0.047808899493769,0.5847683911252226,0.4566516088747774,0.032413978719929896,0.0689688137617704,0.059392073810865906,38568558.0,-0.6465975693805889,0,0,-1,0.0,0,49.0,-0.06789668217186677,-0.020000000000000018,-0.6365699400093195,0.1766686256080318,1.0948459765966418,-0.03846153846153855,-0.12342215988779803,-0.576883417529435,0.06380000000000008,0.0
2023-09-19,0.486,0.5,0.02020270731751947,-0.031304849828412536,-0.0020682530640590683,-1.4390670076536403,-0.028399474521698,0.5091399999999999,0.5173850000000001,0.5551033333333333,1,19,9,0.509360366460874,0.5661682437138829,31.226533166458054,-0.03990686547703581,-0.04622849269042236,0.5813991193296595,0.45337088067034076,0.026394766439344682,0.06890311751295934,0.05945133525091705,38560503.0,-0.9805649231343453,0,0,-1,0.0,0,49.0,-0.06116096441737717,0.0,-0.8905808101891355,0.1995457365090074,1.0938030809780985,-0.06717850287907878,-0.12036199095022626,0.2757899038716574,0.03497942386831279,0.0
2023-09-20,0.4859,0.486,-0.028605257010334437,-0.028399474521698,-0.006230549750636086,1.5304726295096904,-0.00020578248863647409,0.50771,0.51242,0.5479366666666667,2,20,9,0.5050948452861697,0.5609896473452454,29.48717948717946,-0.039133231494457354,-0.044809440451229365,0.5692928813358915,0.4555471186641084,0.026291980826249176,0.0672903497118565,0.05948267389662206,38523286.0,-0.9326061693049351,0,0,-1,0.0,0,48.0,-0.04168730384908845,-0.00020576131687240532,-0.5584585024906732,0.20263755864867442,1.0682011858328349,-0.06647454370797301,-0.16968557758031455,0.2828445070617127,0.01234821979831242,0.0
2023-09-21,0.4661,0.4859,-0.0528217416853948,0.00819676720417849,-0.04255961441879589,-0.5706254700407914,-0.04160263803316196,0.5042699999999999,0.508725,0.5414133333333333,3,21,9,0.498004873415957,0.5548677346132941,29.696578437701717,-0.039660632431246845,-0.04377967884723286,0.5676197634154518,0.4498302365845482,0.02886010879226858,0.06576682224122958,0.059149877507286674,38502252.0,-1.4474971127506637,0,0,-1,0.0,0,37.0,-0.05294508476658694,-0.051450915826301756,-0.7028324384959147,0.28227034502190945,1.0440159370157103,-0.08697355533790385,-0.1368518518518519,-0.12494276739735759,0.06436387041407417,0.0
2023-09-22,0.4769,0.4661,-0.023489171253830668,0.02020270731751947,-0.08859365580075934,1.8110564068834991,0.022906621925483373,0.49869,0.510145,0.53471,4,22,9,0.4941676237039648,0.5498375581866299,28.916449086161876,-0.0387603268127058,-0.042775808440327454,0.5640870146753509,0.4562029853246489,0.01876944883541332,0.05340714439610234,0.059124111226985306,38630915.0,-1.2326198863755595,0,0,-1,0.0,0,33.0,-0.06083803154872522,-0.034112851319459396,0.530424203003431,0.4017689846876965,0.8478121338372221,-0.04620000000000002,0.06332218506131548,-0.075870883255214,0.16565317676661778,0.0
2023-09-25,0.4599,0.4769,0.027170821324706995,-0.05657035148839435,0.02115237500522676,-1.9881052103947423,-0.03629775075830056,0.49268,0.51014,0.5270400000000001,0,25,9,0.48793714666688026,0.5440351350778151,32.985852568875615,-0.038969371392906405,-0.042014521030843244,0.564101600380797,0.456178399619203,0.020008202840928694,0.053876006202727166,0.05906487009117498,38613294.0,-1.8620648626232599,0,0,-1,0.0,0,38.0,-0.07275693269553915,-0.029985321870413043,-0.6526171061166409,0.4293412167385566,0.8552550842747365,-0.08020000000000005,-0.00021739130434794696,0.886328261068151,0.09241139378125676,0.0
2023-09-26,0.45,0.4599,0.005174655790017487,0.056370331485727274,0.024352225680634536,1.3702333773134798,-0.021761491781512633,0.48557999999999996,0.50511,0.52054,1,26,9,0.48103948363653837,0.537968352169569,31.9164265129683,-0.03947880094841516,-0.04150737701435763,0.5618737727305365,0.44834622726946344,0.01956102800475078,0.02808446720724517,0.058234277541684684,38543933.0,-1.9417314018788987,0,0,-1,0.0,0,24.22857142857143,-0.058374061623189866,0.011089367253750922,0.39101304325717495,0.4205845459714918,0.4458270956047165,-0.07407407407407407,-0.18270977115873588,0.7310546003082711,0.13177777777777783,0.0
2023-09-27,0.4778,0.45,0.03174869831458027,-0.040621974517588075,0.002946177768451583,-0.6866660156974284,0.05994465212734365,0.48130999999999996,0.5017,0.51624,2,27,9,0.4804504866117132,0.5340865229973387,43.174984966927255,-0.0372103619853702,-0.04064797400856015,0.5562727520198947,0.4471272479801054,0.031035317944707184,0.03231592292274588,0.05891594655140215,38578839.0,-0.8758949884472466,0,0,-1,0.0,0,22.82857142857143,-0.06436462672327348,0.0666666666666666,-0.5232336060654054,0.6971378288439559,0.512999372646703,-0.016670096727721795,-0.12490842490842502,0.9121843182630918,0.07974047718710751,0.0
2023-09-28,0.4799,0.4778,-0.049759383710983256,0.02061928720273561,-0.027298403449086177,-0.7090874545477566,0.004385513972490569,0.47824999999999995,0.49820000000000003,0.5122366666666667,3,28,9,0.48035039813685626,0.530590618287833,30.61674008810573,-0.03484152391477524,-0.03948668398980317,0.5485741370554117,0.4478258629445883,0.030993625086685152,0.032262206826490475,0.058939780980281506,38596016.0,-0.7265633148164894,0,0,-1,0.0,0,29.0,-0.06593438574491063,-0.04416073670992048,-1.0234585843370232,0.6096618962105157,0.512146656054145,0.02960738039047417,-0.1272958719767231,0.5723909542289836,0.1250260470931444,0.0
2023-09-29,0.485,0.4799,-0.060241511503345134,0.0,0.0,0.5437975940707329,0.010571142073283413,0.47675,0.496,0.5084033333333333,4,29,9,0.48119578029379145,0.5276492880757148,36.391912908242595,-0.032181704641063846,-0.03802568812005531,0.544519513164927,0.447480486835073,0.030904593856373754,0.0315714861559048,0.059007467397006345,38625604.0,-0.45342581911772006,0,0,-1,0.0,0,28.0,-0.022888279593142546,-0.1039799958324651,-0.5694267285580982,0.5942768632500697,0.5011818053354562,0.016984692807716417,-0.08317580340264652,0.9170583723574293,0.12371134020618557,0.0
2023-10-02,0.4899,0.485,0.08894748601649612,-0.00020410246014317717,0.00023253110208246185,-0.11871289869539473,0.010052397707046063,0.47574000000000005,0.49341999999999997,0.50572,0,2,10,0.4827783656949203,0.5252138501353462,38.26415094339622,-0.029340174387972984,-0.03628858537363885,0.5369872788838179,0.4498527211161821,0.031163661126379503,0.031092837543137703,0.05847700651611719,38651880.0,-0.16158916003851656,0,0,-1,0.0,0,28.314285714285717,-0.04145361700646651,-0.03092783505154642,-0.6369492281343088,0.48014695580504596,0.49358349416684943,0.06523157208088715,-0.0952908587257617,1.10518738099148,0.12206572769953056,0.0
2023-10-03,0.441,0.4899,-0.021506205220963505,-0.06297479916138843,0.02298423402735509,0.46431213226004503,-0.10515641319768314,0.47124000000000005,0.49018999999999996,0.5020033333333334,1,3,10,0.47518229920493477,0.519780698513711,28.026533996683256,-0.030680397985830887,-0.03516694789607726,0.53919452825342,0.44118547174658,0.043682580171929684,0.03522567005096961,0.06089035525930071,38610077.0,-2.0075695758408636,0,0,-1,0.0,0,20.0,0.008454731181314292,-0.06103286384976522,-0.07501574846809383,0.9385031141245991,0.5591901763228893,-0.020000000000000018,-0.12776898734177222,-1.3066467041140861,0.04512471655328805,0.0
2023-10-04,0.4413,0.441,-0.02754995176823063,-0.02754995176823063,-0.0038702381832399152,-0.44901640568588314,0.0006800408286556885,0.4667800000000001,0.487245,0.4972066666666667,2,4,10,0.4690218811676739,0.5147174276418587,29.78971962616822,-0.03135686493018297,-0.0344049313028984,0.540602640402665,0.43388735959733493,0.04370281381531835,0.03524144543828615,0.05966506392366849,38636758.0,-1.7221526159430822,0,0,-1,0.0,0,20.0,0.015835223450319263,0.014739229024943323,-0.5080339099269894,0.7572726378003419,0.5594406028329408,-0.07639179573043109,-0.1177528988404637,-2.1945340290169284,0.020620892816677987,0.0
2023-10-05,0.44,0.4413,-0.030632003614505226,0.0055710450494554295,-0.019346526946197744,-1.8768748013019694,-0.0029501893631947115,0.46417,0.48422,0.49387333333333333,3,5,10,0.4637451755008241,0.5098969484391582,31.48148148148148,-0.03163322091302079,-0.03385058922492288,0.5411535938188471,0.4272864061811529,0.04223263512337598,0.03521728458397869,0.058201071832343104,38632674.0,-1.553388677366843,0,0,-1,0.0,0,20.0,0.020556297517714085,-0.0165420348968956,-1.2099027758489729,0.7472758063028571,0.5590570611611786,-0.08314232131694099,-0.12087912087912078,-2.1493842214802363,0.0454545454545455,0.0
2023-10-06,0.47,0.44,-0.03041170041802348,0.10536051565782635,-0.02115237500522668,3.3930019579850983,0.06595796779179737,0.46348,0.48108499999999993,0.49459,4,6,10,0.4648824163188561,0.5073229517656641,42.187499999999986,-0.029096084194013216,-0.03289968821874095,0.5335046538058897,0.4286653461941101,0.04761461276064,0.03562865496518176,0.05076942099303448,38754194.0,-0.4229329724705072,0,0,-1,0.0,0,27.0,-0.010030768807914883,-0.04318181818181822,2.498843090423691,0.9593906344202643,0.5655873635135854,-0.030927835051546393,-0.11770227144734369,-0.8822290188790151,0.16808510638297877,0.0
2023-10-09,0.4726,0.47,0.08292544790629933,-0.05635873366938424,0.03730036141320885,-2.6564894967839296,0.005516670048703211,0.46475,0.47871499999999995,0.49500999999999995,0,9,10,0.4662856133517913,0.5050827613291697,46.290143964562574,-0.02656931230084192,-0.03163361303516115,0.5279136852613464,0.4295163147386535,0.04598192693314066,0.035443410466153874,0.05058913427604409,38762724.0,-0.24858387851287758,0,0,-1,0.0,0,29.25714285714286,-0.015419643202048913,-0.026808510638297874,-0.9207536251929919,0.9554701516324088,0.5626466982565623,-0.0353133292508675,-0.09115384615384614,-0.8213698309063125,0.07532797291578507,0.0
2023-10-10,0.48,0.4726,-0.0479160382396464,0.01553673914912899,-0.016147986407982103,-0.9124878897893991,0.01553673914912899,0.46775,0.476665,0.4926566666666667,1,10,10,0.46877913819692013,0.5034645186627718,48.430015965939326,-0.023696550136097005,-0.03004620045534832,0.5216843069678555,0.43164569303214456,0.04521225046861986,0.035699656856838735,0.034903093361608864,38766149.0,0.14815865567993855,0,0,-1,0.0,0,32.31428571428572,-0.023139440162159644,-0.07744392721117228,-0.9913560884042869,0.46391732883468934,0.5667144836012226,0.08843537414965974,-0.0786948176583494,1.9359514311559467,0.10416666666666664,0.0
2023-10-11,0.4594,0.48,0.00022933149968643838,-0.02318333545565728,0.014086366161112664,0.4330140020106076,-0.04386481364693878,0.46591000000000005,0.47361000000000003,0.48977,2,11,10,0.46707384034293464,0.5006216464909801,48.224695283518805,-0.02281906923624155,-0.02860077421152697,0.5141768207681388,0.43304317923186125,0.04330781883814098,0.03676105364794094,0.03561598849831169,38760868.0,-0.7005725236008934,0,0,-1,0.0,0,34.34285714285714,-0.011878969059715024,-0.09145833333333332,-0.8884324851546688,0.6348038833738399,0.5835636353109329,0.04101518241559021,-0.11738712776176752,0.46666833170382904,0.07161515019590768,0.0
2023-10-12,0.4499,0.4594,-0.002525543760036637,-0.041355185681913834,-0.002525543760036637,1.4101044528779358,-0.020895954407871224,0.46291000000000004,0.47058,0.4864366666666667,3,12,10,0.4639513239169465,0.4973492822012394,42.79615795090716,-0.022629372585514396,-0.027406493886324455,0.5085123275524975,0.4326476724475025,0.04355403128144204,0.03679114866275116,0.03564786557122262,38739235.0,-1.0903628295089098,0,0,-1,0.0,0,35.68571428571429,-0.008494612609160691,-0.05311275576839351,-0.39768664644864316,0.6669713941478527,0.584041378860277,0.022499999999999964,-0.11870714985308506,0.6920656424725506,0.033340742387197184,0.0
2023-10-13,0.4298,0.4499,0.026317308317373358,-0.007584243358307922,-0.03509131981127017,0.21582240569326067,-0.045705351638716564,0.45739,0.46707,0.48313,4,13,10,0.45774199229568346,0.49299126399470783,42.099737532808405,-0.023826284069012937,-0.02669045192286215,0.5065019186750014,0.4276380813249986,0.044764921710128976,0.03768974646711636,0.03587413534694022,38712391.0,-1.8903467674084042,0,0,-1,0.0,0,26.27142857142857,0.00836690014170382,-0.0073349633251834296,-0.21105604341426176,0.43651811929917983,0.5983061767743909,-0.08553191489361689,-0.14039999999999997,0.2282994853305063,0.061889250814332275,0.0
2023-10-16,0.442,0.4298,-0.07314388434706441,0.028910763406124747,-0.011735256218420852,1.386527160722389,0.027989897869288023,0.4526,0.46417,0.47981333333333337,0,16,10,0.45487981187828647,0.48970150502730736,47.9253112033195,-0.023519291253303654,-0.026056219788950452,0.5018991789896614,0.4264408210103386,0.04608052905448845,0.038487348245310915,0.036021024679612546,38819792.0,-1.1752177276942635,0,0,-1,0.0,0,35.74285714285715,-0.001837066145239085,-0.03420195439739412,1.8094854079830602,0.5319317121198389,0.610967712476585,-0.06474820143884896,-0.11599999999999999,0.3690920213704872,0.10090497737556554,0.0
2023-10-17,0.43,0.442,0.032937463869023756,-0.06678889412457416,0.01244928695207794,-1.4467537281118468,-0.027524673390090033,0.45149999999999996,0.46136999999999995,0.4772933333333333,1,17,10,0.450356209718598,0.4858497950255456,36.497175141242934,-0.023968008662610563,-0.02563857756368248,0.5005613577996624,0.4221786422003375,0.0344838656285846,0.038461556820867486,0.03443990256186572,38794517.0,-1.6008631372434936,0,0,-1,0.0,0,39.142857142857146,0.0013731951211526365,-0.02941176470588238,-0.3544486094926806,0.47070770174142407,0.6105582863063724,-0.10416666666666663,-0.1152263374485597,1.6095811621755993,0.02255813953488369,0.0
2023-10-18,0.4488,0.43,-0.06227224880489686,0.04435064522406681,-0.0417840718879509,0.49652805318976007,0.04279214552087839,0.45225,0.459515,0.47558,2,18,10,0.4500732624970347,0.4834594856690588,41.972121837893646,-0.022546713086852632,-0.02502020466831651,0.49730468252219723,0.4217253174778028,0.037415982776423544,0.039996754596326206,0.03553477582721148,38836044.0,-0.5670860025725895,0,0,-1,0.0,0,30.571428571428573,-0.010967262039087081,-0.06255813953488368,0.06843923901757405,0.6042087269351238,0.6349287954693525,-0.02307357422725298,-0.07635315908623175,0.4509683646799754,0.1033868092691622,0.0
2023-10-19,0.43,0.4488,0.09257759830022581,-0.010061571745434745,0.029093850107578204,0.31581231238021945,-0.042792145520878434,0.45125000000000004,0.45770999999999995,0.47323,3,19,10,0.44642357840666474,0.48001048659363565,36.74059787849566,-0.022675934922519736,-0.024551350719157157,0.4975673720298815,0.4178526279701184,0.03996386284521187,0.040053882029073375,0.03622663593575864,38779095.0,-1.3904579548910272,0,0,-1,0.0,0,29.0,-0.0008255193107182513,-0.014705882352941166,0.42821376060953587,0.6573461311654548,0.635835665349884,-0.04423205156701493,-0.07745119073160267,0.5743148921496587,0.06976744186046518,0.0
2023-10-20,0.429,0.43,-0.07073891907381956,-0.03428907347863219,-0.01212136053234485,-0.0494383223427122,-0.0023282897595911845,0.44715000000000005,0.455315,0.4697733333333333,4,20,10,0.4432556550599984,0.4767194874585624,35.03685503685503,-0.02259853396844108,-0.024160787369013944,0.49606374360183747,0.4145662563981626,0.03164076172407058,0.0395715219938884,0.03382969471978953,38724893.0,-1.291573563942396,0,0,-1,0.0,0,22.0,-0.0018600356390446025,-0.04186046511627911,0.5376793539719299,0.5731531372629328,0.6281784371769091,-0.0018613308515589289,-0.10044034388760748,0.0937910383893779,0.046620046620046665,0.0
2023-10-23,0.4099,0.429,-0.004866189651172899,-0.02353049741019416,-0.02219573239178421,0.35377231836145756,-0.04554369141772511,0.44088000000000005,0.452815,0.46610333333333337,0,23,10,0.437190990503635,0.4724085527838165,41.04778353483017,-0.023804005768311765,-0.024089431048873507,0.49824553807009897,0.4073844619299011,0.033077315467625094,0.039986480257411604,0.0343984122585212,38647686.0,-1.889257835061629,0,0,-1,0.0,0,25.0,0.011570419370184732,-0.04428904428904433,1.1331975493597608,0.5805269269394998,0.6347656953954307,-0.07262443438914035,-0.10871928680147858,1.2647469971072536,0.04635276896804089,0.0
2023-10-24,0.401,0.4099,-0.02469261259037141,-0.012458234922041726,-0.0024968801985871545,-0.8718874004168295,-0.021951800203722546,0.43298000000000003,0.450365,0.46210333333333337,1,24,10,0.430610810412065,0.467801549378409,38.94679100383982,-0.025187164520138472,-0.0243089777431265,0.5013768778724667,0.3993531221275334,0.03147159757977088,0.03999055946059216,0.03445001895339041,38615401.0,-1.935431591968287,0,0,-1,0.0,0,33.48571428571429,0.015399021507888536,-0.024152232251768636,-0.1818421664031193,0.5742737211815215,0.634830450738409,-0.06744186046511624,-0.10888888888888881,1.170873381295086,0.03690773067331666,0.0
2023-10-25,0.3997,0.401,0.0,-0.03383504904880302,-0.05129329438755058,-0.1120075821982172,-0.003247161589291446,0.42701,0.44645999999999997,0.4580766666666667,2,25,10,0.4249906630644168,0.46340790103141494,38.94679100383982,-0.026087506396696325,-0.024664683473840467,0.5004966113693838,0.39242338863061615,0.030375856385391302,0.03679307379423837,0.03443620436496756,38586537.0,-1.7306784720587916,0,0,-1,0.0,0,25.0,0.014243679631355177,-0.002493765586034915,-0.2783567435675911,0.321350447774222,0.5840719393752144,-0.10940285204991085,-0.1634575136040184,-0.07251198808725334,0.05253940455341511,0.0
2023-10-26,0.385,0.3997,-0.0005001250416823539,-0.0029970052402696215,-0.02154625178940706,-0.1083135658814594,-0.03747093142949362,0.42052000000000006,0.44171499999999997,0.4538933333333333,3,26,10,0.417719633416341,0.4583493267713237,24.55089820359281,-0.02766825850628779,-0.025265398480329933,0.49989545520864914,0.3835345447913508,0.03121885427007776,0.037199122434855576,0.034777797603643176,38560636.0,-1.9496237970846493,0,0,-1,0.0,0,22.71428571428572,0.024472530171584066,0.00025018764073052037,-0.3867531253328326,0.30372339660642994,0.5905177617148282,-0.10465116279069764,-0.1977495311523234,-0.10013558425641203,0.07246753246753242,0.0
2023-10-27,0.3736,0.385,-0.03772108777851539,-0.03772108777851539,-0.029747042598143477,0.70712189352683,-0.0300576279330967,0.4149,0.43614499999999995,0.44967999999999997,4,27,10,0.4096978818860971,0.452881628269948,21.843003412969253,-0.02950083342398724,-0.0261124854690614,0.4980858028079708,0.3742041971920291,0.029966991810489885,0.03709635849768902,0.03492245236990878,38508105.0,-2.0195088589310743,0,0,-1,0.0,0,21.0,0.03197696744135694,0.0,0.40936903980247086,0.25121067682060794,0.5888864347858968,-0.12913752913752918,-0.22969072164948456,0.8143671152762434,0.0642398286937902,0.0
2023-10-30,0.35,0.3736,-0.028987536873252298,-0.028987536873252298,-0.09373247766270713,0.8179132802212169,-0.06525255187122822,0.40569999999999995,0.42915000000000003,0.44468,0,30,10,0.3988437215431704,0.4462441038654352,16.145833333333314,-0.032483040742139424,-0.027386596523677007,0.4968597676221313,0.36144023237786876,0.029729078757036214,0.038363889808126314,0.0362362680676174,38389082.0,-2.337919705815959,0,0,-1,0.0,0,29.0,0.04681348364728627,0.0010706638115631998,2.056586134014237,0.34841623724235443,0.6090078705443261,-0.14613320322029766,-0.2855684833639519,-0.46723818001295736,0.12942857142857145,0.0
2023-10-31,0.32,0.35,-0.06632264293107261,-0.06632264293107261,-0.0582506545637705,0.08193647459729882,-0.08961215868968704,0.3947,0.4231,0.43914666666666663,1,31,10,0.38450849944441207,0.43809932297089105,15.392254220456806,-0.036842513247903774,-0.029277779868522362,0.5062209138283098,0.3399790861716902,0.03584869712446405,0.036840993738213076,0.03861420060239783,38259896.0,-2.4807234485645324,0,0,-1,0.0,0,30.142857142857142,0.06574553485051202,0.0,1.9646137076377166,0.5037214082699757,0.5848326449027977,-0.201995012468828,-0.2743764172335601,-0.15855864126222455,0.12468749999999997,0.0
2023-11-01,0.332,0.32,-0.08961215868968704,-0.028987536873252187,-0.0003225286272112451,-0.05049264828938763,0.0368139731227164,0.38302,0.41763500000000003,0.43401666666666666,2,1,11,0.374961499545428,0.4312542053598658,21.08876900441392,-0.03888093172680285,-0.031198410240178463,0.5096176133449053,0.32565238665509477,0.03448369607371955,0.03855928909006089,0.03964821743600847,38382721.0,-1.8619823222220546,0,0,-1,0.0,0,32.0,0.05509647395017813,0.0,1.5833108580817787,0.7383080771114594,0.612109737982483,-0.16937703277458094,-0.24767731701790163,1.005729556918783,0.0903614457831326,0.0
2023-11-02,0.32,0.332,0.0368139731227164,-0.0008827424436689258,0.03174869831458027,-0.3483066942682157,-0.036813973122716316,0.37202,0.411635,0.4291466666666667,3,2,11,0.3649684996280774,0.4240765146914874,21.96118488253319,-0.040992160657828625,-0.033157160323708496,0.5126834047628982,0.31058659523710175,0.03429514803256053,0.03879860581583217,0.03954123274802269,38296021.0,-1.813685237585174,0,0,-1,0.0,0,37.0,0.06122529116229578,0.0,0.6829314605153296,0.7382556760167182,0.6159087732282974,-0.1688311688311689,-0.2727272727272727,0.9923390913749872,0.061562499999999985,0.0
2023-11-03,0.32,0.32,-0.036813973122716316,-0.022927906250049607,-0.0725706928348355,0.04419898502576338,0.0,0.36112,0.40413499999999997,0.4239166666666667,4,3,11,0.3567924087866088,0.4173619008404237,16.775599128540307,-0.042179110268657005,-0.0349615503126982,0.5091329503552827,0.2991370496447172,0.03450017334598684,0.033767060906834914,0.039060158850447835,38296021.0,-1.6026027120588808,0,0,-1,0.0,0,36.114285714285714,0.06196190282294306,0.0,0.8478776065729159,0.7816103295776389,0.5360354739903381,-0.14346895074946464,-0.31914893617021267,0.3857193743733285,0.10750000000000012,0.0
2023-11-06,0.3212,0.32,0.013656326447485774,0.020865138463961756,-0.038011766804142595,-0.36526570025684757,0.003742986278834297,0.35225,0.39656499999999995,0.4192933333333333,0,6,11,0.35032106173449806,0.41115790723781576,18.518518518518505,-0.04253265642792531,-0.03647577153574363,0.5026050773286342,0.2905249226713656,0.03535089663299248,0.03370264083223498,0.03891584687715569,38358911.0,-1.4214437012608423,0,0,-1,0.0,0,38.0,0.059827653006379544,0.013750000000000047,0.11034092534925244,0.7434849114638653,0.5350128370093483,-0.0822857142857143,-0.3203554803216251,-0.7254000557827547,0.1634495641344958,0.0
2023-11-07,0.3231,0.3212,-0.01365632644748564,0.00265134932162,0.08526465165468813,-0.5557870638954775,0.005897890757846098,0.34446,0.38872,0.41506333333333334,1,7,11,0.3453717777827711,0.40547675193215027,9.685695958948045,-0.042173381693130674,-0.037615293567221035,0.49194809898915637,0.28549190101084365,0.03656588395172415,0.033249142682432446,0.03898599050831031,38394986.0,-1.27135926443619,0,0,-1,0.0,0,39.0,0.05738699056137392,-0.0037359900373598346,-0.6377254518498959,0.41528169852220026,0.5278137770629158,0.009687500000000071,-0.326875,-0.28814923468964115,0.08635097493036206,0.0
2023-11-08,0.35,0.3231,0.022250608934819723,0.04262090507750597,0.025942612753131866,1.044311473216604,0.07997128165300682,0.33948999999999996,0.38325,0.4108033333333333,2,8,11,0.34621327273135816,0.4018976066462051,25.609756097560975,-0.03926542135455219,-0.037945319124687266,0.4822144806024608,0.28428551939753915,0.04921152093883099,0.0398079422343579,0.040521037235424925,38497491.0,-0.6719582581060547,0,0,-1,0.0,0,39.771428571428565,0.04345891006411586,0.012689569792633837,1.0249399575345501,0.6938776207630418,0.6319314921440154,0.054216867469879304,-0.23813670004353504,1.3095362377796484,0.09857142857142867,0.0
2023-11-09,0.333,0.35,0.06736154975486738,0.014831669670579436,-0.022742610022461026,0.23923695386409843,-0.04979066450301545,0.33429000000000003,0.377405,0.40590666666666664,3,9,11,0.34381085950747486,0.3974525997658048,23.33333333333333,-0.03789576101686759,-0.03793540750312333,0.47356376071903106,0.2812462392809689,0.05000360996831853,0.040581263225939766,0.041044380659119764,38367281.0,-0.9235767946250509,0,0,-1,0.0,0,41.0,0.04849277452016242,0.0,1.5797477923335779,0.7507488418943936,0.6442075823081244,0.04062500000000013,-0.2598355190042232,0.8713916824201254,0.1411411411411411,0.0
2023-11-10,0.34,0.333,-0.08961215868968704,0.105110484402617,-0.0096308930609613,0.41704058400741467,0.020803127629763326,0.33093,0.372915,0.40107333333333334,4,10,11,0.34311797596066124,0.3937459804260755,29.18403811792733,-0.03583240022789114,-0.037514806048076894,0.46713937442988884,0.27869062557011115,0.05072437262721974,0.040639047244529956,0.04127892061567193,38564870.0,-0.698651494353865,0,0,-1,0.0,0,41.0,0.04614522024663058,-0.03903903903903907,2.5850588579138805,0.7499342042902735,0.6451248751657859,0.0625,-0.20893438808748255,0.43764411583433244,0.2644117647058823,0.0
2023-11-13,0.36,0.34,0.10997485320857171,-0.08449119719988123,0.09237332013101526,0.3455386619567958,0.057158413839948415,0.33192999999999995,0.368815,0.39674333333333334,0,13,11,0.3461874348769046,0.39156882039858676,38.54748603351954,-0.03221201898036952,-0.03645424863453542,0.4573462499086505,0.2802837500913495,0.05070920907518316,0.042703772266469715,0.043055462547940425,38844014.0,-0.19913872240809036,0,0,-1,0.0,0,39.0,0.03850367915949034,0.05058823529411762,2.994228880595101,0.8065769161440981,0.6779013687684957,0.12079701120797015,-0.18552036199095023,-0.4466410192825073,0.07638888888888881,0.0
2023-11-14,5.3801,0.36,2.5379714238239326,2.8239670470257505,2.5873216552160696,-1.8309268779813894,2.7043582088935265,0.83794,0.61632,0.56138,1,14,11,1.2614442648992856,0.713409541663194,97.90873061679942,0.3714553682532199,0.04512767474301564,2.860436926872028,-1.627796926872028,4.4054760984566705,3.120303481526017,2.5473836787244792,38888751.0,4.245572004699429,0,0,-1,0.0,0,46.6,-0.03452789131134001,11.555555555555554,-0.6940511515966776,98.79759895221504,49.5332821630012,15.651501083255958,11.511860465116278,2.235709830761926,0.31040315235776306,0.0
2023-11-15,5.19,5.3801,0.16107984140970763,-0.14770943372440137,-0.16303962724450421,-0.38284473424634796,-0.03597326418374761,1.32374,0.8533799999999999,0.71967,2,15,11,1.9757271258266882,1.0022218292978269,94.71264795652499,0.6683212087552834,0.16976638154546922,3.8861076460568915,-2.1793476460568915,4.408051311028613,3.121214206573883,2.54761550880215,38858244.0,2.8598809429118446,0,0,-1,0.0,0,52.54285714285714,-0.03415718281158863,-0.013029497592981554,-0.9039016709721506,99.00730226805176,49.547739474937664,13.828571428571431,10.564171122994654,2.2357984529327686,0.2890173410404624,0.0
2023-11-16,4.98,5.19,-0.07831789344741814,-0.050899128044252395,0.22730156146287356,-0.7953186200008328,-0.04130380614123575,1.78974,1.08088,0.8710033333333335,3,16,11,2.521958557494563,1.2588526790205479,91.33673139739403,0.8765400728665265,0.3111211198096807,4.62020621098838,-2.45844621098838,4.408207798151308,3.1211967239476133,2.5478585879924807,38844472.0,2.203312024698139,0,0,-1,0.0,0,55.0,-0.034164243857575195,-0.05394990366088637,-1.101620430398598,98.99268083836566,49.54746194684942,13.954954954954955,10.58139534883721,2.235824326649558,0.05120481927710841,0.0
2023-11-17,4.63,4.98,0.01415594923013246,-0.018896633891289382,-0.04467623136825587,0.06221226245549705,-0.07287302293841895,2.22074,1.2909300000000001,1.00967,4,17,11,2.905238819768279,1.4763460545676095,86.28225560340442,1.001765221980845,0.4492499402439136,5.151427045227521,-2.5695670452275214,4.410741936374076,3.1220216402989402,2.54871133598987,38829816.0,1.7298653312675747,0,0,-1,0.0,0,58.0,-0.03449481764173859,0.0,-1.0328575671877411,99.15554799407663,49.56055708795767,12.617647058823529,9.792540792540793,2.235732602328154,0.08004319654427657,0.0
2023-11-20,4.7,4.63,-0.0903026580737026,0.004008021397538647,-0.016537256741965198,0.10790912109738977,0.015005640617870176,2.65862,1.505435,1.1505833333333333,0,20,11,3.2315590343558642,1.6843237284664734,86.8798625846216,1.0940440114922816,0.5782087544935872,5.6276884543875925,-2.616818454387592,4.410345719450773,3.1213196003039947,2.548654056790702,38846142.0,1.5499119767125473,0,0,-1,0.0,0,61.28571428571429,-0.0341780533551508,-0.01727861771058317,-0.9389583008149496,99.23133119764547,49.549412548535386,12.055555555555557,10.466211271041718,2.2359333746867343,0.09919148936170206,0.0
2023-11-21,4.7,4.7,0.023888215174695592,-0.04709160753385057,0.02745500818526651,-0.6940050763169555,0.0,3.09631,1.7203850000000003,1.2912500000000002,1,21,11,3.498548300836616,1.8788834879202494,86.85329553508151,1.1538744703802468,0.6933418976709191,6.04359100201918,-2.602821002019179,4.410552886085351,3.121064642832168,2.5487481165442643,38846142.0,1.378428415675012,0,0,-1,0.0,0,61.17142857142858,-0.03441563870830496,-0.008510638297872348,-1.0239384432605474,0.5397141771675134,49.54536522414328,-0.12641028977156554,10.72069825436409,-0.009626871539534917,0.023404255319148814,0.0
2023-11-22,4.61,4.7,-0.002148228538289495,-0.024554781418664184,-0.02388821517469549,0.19479049562968784,-0.019334651707455724,3.52231,1.9309,1.4296033333333333,2,22,11,3.7006304279572313,2.055084553215717,85.72499250524633,1.1804211322397036,0.7907577445846761,6.391189294842223,-2.5293892948422227,4.414048813677865,3.1212515610766074,2.548592799097105,38836232.0,1.2013122122361213,0,0,-1,0.0,0,65.05714285714286,-0.03418196972301362,-0.010638297872340387,-0.9733815459953714,0.5346495455938053,49.54833245928501,-0.11175337186897882,10.533650237678259,-0.48016427864572014,0.02262472885032544,0.0
2023-11-24,4.57,4.61,-0.01735401469315162,0.043061712096737946,0.002195390563435656,-0.9717885083595771,-0.008714652102443775,3.9460100000000002,2.14015,1.56694,4,24,11,3.8586976228740983,2.217337162685671,85.15767181761028,1.1845768230727294,0.8695215602822868,6.686905663917774,-2.406605663917774,4.412629394396575,3.120915741280712,2.5485169216344916,38832482.0,1.0688280521792044,0,0,-1,0.0,0,66.85714285714286,-0.03453195212790957,-0.008676789587852502,-1.0297945518060574,0.5163840468312876,49.543001485293374,-0.08232931726907633,10.87012987012987,-1.4254379350775304,0.06544857768052519,0.0
2023-11-27,4.86,4.57,-0.013216051391526488,0.01651209562150761,-0.01102547001170771,0.2528835669090854,0.061525233006289,4.39801,2.36447,1.7146133333333333,0,27,11,4.040752600533353,2.387831539286595,85.8345176061898,1.1974671583627328,0.935110679898376,6.986321632636557,-2.257381632636557,4.411190389728927,3.119860770802851,2.5478655035352924,38837311.0,1.0798832149341038,0,0,-1,0.0,0,65.31428571428572,-0.033371634859880206,-0.013129102844639058,-0.9593563830962899,0.513305257017381,49.526254348143766,0.04967602591792675,12.008565310492507,1.463311413609963,0.08847736625514416,0.0
2023-11-28,4.4701,4.86,0.0022148403295528213,-0.06697062610618372,-0.055573652239006587,2.124883207321011,-0.08362765817250693,4.80902,2.5704750000000005,1.8488833333333334,1,28,11,4.118815764072743,2.522171439977783,80.85106382978724,1.162816940617149,0.9806519320421306,7.1815374773472715,-2.04058747734727,4.416072106548269,3.1200801953331307,2.548571678662826,38796883.0,0.8239424251275156,0,0,-1,0.0,0,65.08571428571429,-0.034425027037994375,-0.06995884773662567,-0.42236485853069183,0.8136102808847007,49.52973760457577,-0.04891489361702117,11.771714285714287,0.05010435845370862,0.07914811749177862,0.0
2023-11-29,4.23,4.4701,-0.04063764573182627,-0.04199512103660332,-0.008521508217393692,-1.6579127508415874,-0.0552087866817089,4.6940100000000005,2.765975,1.97555,2,29,11,4.139031079695881,2.632353927721152,77.97727207176027,1.103264582661296,1.0051744621659637,7.306297085897009,-1.7743470858970092,0.04293084605603397,3.1196693786284877,2.5487487630719903,38789180.0,0.6448991821736629,0,0,-1,0.0,0,63.0,-0.03491742129648552,-0.029104494306615186,-0.7879098686639501,0.8642949005641796,49.52321609156627,-0.09999999999999998,12.218750000000002,0.810471543124686,0.04728132387706838,0.0
2023-11-30,4.2,4.23,-0.03517361417826703,-0.05331505876772154,-0.03121501934792464,0.6731511034228234,-0.0071174677688639896,4.59501,2.9593750000000005,2.10059,3,30,11,4.150116337932993,2.733492383997207,77.83135651773377,1.041640774204017,1.0124677245735745,7.3913904440520355,-1.4726404440520344,0.042952873912102514,3.120177696717782,2.5490462103537515,38774079.0,0.5598468758338713,0,0,-1,0.0,0,64.0,-0.03630225736671926,-0.009456264775413718,-0.616901760006072,0.8689710179557395,49.5312853910734,-0.08893709327548804,11.650602409638553,0.582069237350381,0.023809523809523937,0.0
2023-12-01,4.35,4.2,-0.04390949261556867,0.044244701797757205,-0.022195732391784323,-1.639076182769247,0.03509131981126998,4.5320100000000005,3.160875,2.231256666666667,4,1,12,4.186458821945176,2.8377831979328714,78.27846887252828,0.9934552744246226,1.008665234543784,7.451835063288496,-1.1300850632884964,0.04561338620003106,3.1193389967306997,2.5485689826747295,38777011.0,0.5542465939842287,0,0,-1,0.0,0,64.0,-0.03426848143551658,-0.04523809523809533,-0.7193525867103248,0.9499368691579912,49.517971441530925,-0.04814004376367631,12.593749999999998,-0.015387365270178343,0.08735632183908044,0.0
2023-12-04,4.27,4.35,0.04629328397084485,-0.02771539984654677,0.04629328397084485,-0.6201604760435038,-0.018562017860059538,4.49601,3.358375,2.35929,0,4,12,4.201648127046052,2.930184281937202,77.34189253447455,0.9379999082222521,0.9945321692794777,7.458132868524226,-0.7413828685242252,0.04102902532050583,3.119556867436159,2.5486695870355707,38775434.0,0.4447213856208312,0,0,-1,0.0,0,63.71428571428572,-0.03615123665471129,-0.03448275862068954,-0.6727829685405701,0.7065767362365063,49.52143003175859,-0.12139917695473268,12.343749999999998,0.14923896502042494,0.01639344262295068,0.0
2023-12-05,4.14,4.27,-0.01197619104671565,-0.008230499136515256,-0.01680711831638129,0.8842024173226545,-0.03091803940331009,4.44001,3.549315,2.483626666666667,1,5,12,4.190439376674043,3.0082369089089958,22.565373213574617,0.8734921437249845,0.9703241641685791,7.401734970697843,-0.3031049706978428,0.040792565791168654,3.1199635619144592,2.548576272332078,38771616.0,0.306656597407785,0,0,-1,0.0,0,65.14285714285714,-0.036612769654488085,-0.02810304449648694,-0.5967202499039476,0.5254761447820109,49.527886106453586,-0.0738462226795823,11.889165628891655,0.7623720123682796,0.025362318840579816,0.0
2023-12-06,4.3,4.14,0.06529124981443721,0.04501625595302635,0.019185240721348643,0.33287376208818464,0.03791923486229368,4.40001,3.74816,2.613593333333333,2,6,12,4.210359490006034,3.0915764631729314,30.04484304932734,0.8257610787345331,0.94141154708177,7.298095249461378,0.19822475053862165,0.04376281969507057,3.1195939634625782,2.5482126395631743,38776942.0,0.31090144536226627,0,0,-1,0.0,0,63.97142857142857,-0.03434520633674476,0.07004830917874398,-0.5514649194768523,0.5030355908030933,49.522018912921794,0.016548463356973908,12.308573197152583,0.3117478520771528,0.05116279069767436,0.0
2023-12-07,4.25,4.3,-0.03444657446333867,-0.02978456135752754,0.009456335242035444,0.09691337288899471,-0.011696039763191187,4.36401,3.94316,2.7419366666666667,3,7,12,4.2175668554594825,3.166313465548871,32.367149758454104,0.7749659585427597,0.908122429373968,7.115525655834112,0.7707943441658882,0.0436140593741913,3.120641095568088,2.5482650662524575,38771074.0,0.19344554398116642,0,0,-1,0.0,0,66.14285714285715,-0.03387911422870255,-0.0046511627906975755,-0.4841342588646647,0.5101390184152471,49.53864161976786,0.011904761904761862,11.142857142857144,0.41072152314874455,0.0117647058823529,0.0
2023-12-08,4.1,4.25,-0.007245813788573574,0.0,-0.03593200922606344,0.09425614492359179,-0.03593200922606344,4.31701,4.13151,2.86577,4,8,12,4.196191063557758,3.2265513064812024,35.82887700534758,0.714371879092877,0.8693723193177499,6.810291043212322,1.4527289567876776,0.044514728452114405,3.1204776353356105,2.548255220344774,38764626.0,-0.023525625642186854,0,0,-1,0.0,0,65.0,-0.03412199829351925,-0.00021176470588227738,-0.4074975598346963,0.46872135326370196,49.53604676902155,-0.05747126436781613,11.31231231231231,1.694619184926172,0.0487804878048781,0.0
2023-12-11,4.1,4.1,0.0137665634890103,0.001858736594625342,0.0,-0.248946620493889,0.0,4.24101,4.31951,2.9899833333333334,0,11,12,4.178701779274529,3.2829028350953187,33.333333333333314,0.658756895146754,0.8272492344835507,6.3197172112658775,2.319302788734123,0.0367400195348287,3.120717765346887,2.5480669850850677,38764626.0,-0.21948725988351833,0,0,-1,0.0,0,67.28571428571429,-0.034123623423563995,0.05073170731707322,-0.34484829134194855,0.4696784932830632,49.53985871477452,-0.03981264637002335,11.058823529411763,1.0881101480066682,0.05073170731707322,0.0
2023-12-12,4.19,4.1,-0.025389234004819464,-0.008859932053608998,0.0024360547978813426,-0.1919560433597073,0.02171376022378448,4.212999999999999,4.511010000000001,3.1179833333333336,1,12,12,4.180756001224614,3.3414252328311047,36.50793650793651,0.6148561881217658,0.7847706252111938,5.25221039452373,3.769809605476271,0.030676282226055205,3.1211194485199965,2.547516901435757,38768775.0,-0.8661895011706529,0,0,-1,0.0,0,67.0,-0.03350761962618189,0.024390243902439157,-0.6560499252045353,0.4572675744832007,49.54623523746584,0.012077294685990614,10.638888888888891,-0.07971988733177059,0.03818615751789958,0.0
2023-12-13,4.24,4.19,0.0023781224049674193,-0.007050557996666687,0.02403961918614678,-1.5116985550573467,0.011862535309819948,4.214,4.454005,3.2486499999999996,2,13,12,4.191527637365593,3.3993977984549044,40.0,0.5774427431520825,0.7433050487993715,5.080218888043832,3.827791111956169,0.026005922653870816,0.03658271091352203,2.5468601635814068,38769690.0,-0.6834885143429497,0,0,-1,0.0,0,67.0,-0.03317141756753432,0.004773269689737368,-0.9205863238067992,0.35239473888760986,0.580732532170487,-0.013953488372092981,-0.21191055928328462,-0.6761772581555755,0.007075471698113266,0.0
2023-12-14,4.16,4.24,-0.00954661188358,-0.016647233433156394,-0.014354313451683054,0.12805192685989697,-0.019048194970694474,4.21,4.402505,3.37625,3,14,12,4.185795339662758,3.448468908232008,39.153439153439145,0.5351679045786604,0.7016776199552294,4.936484796483588,3.8685252035164117,0.02664856275965745,0.03619405331169145,2.5472045583014413,38768650.0,-0.9082927915886162,0,0,-1,0.0,0,70.0,-0.034499632209159116,-0.016509433962264217,-0.8508183534470595,0.36749514823131046,0.5745627840128961,-0.02117647058823524,-0.19845857418111756,-0.4026869404744898,0.004807692307692205,0.0
2023-12-15,4.1,4.16,0.007168489478612497,0.03302186830494635,-0.012121360532344963,1.9621241427901326,-0.014528100562909969,4.185,4.358505,3.5022499999999996,4,15,12,4.170196186996802,3.49050317221704,27.10843373493975,0.491161487980353,0.659574393560254,4.833938831690394,3.8830711683096064,0.02359020577578389,0.03551660932936402,2.5470618455750063,38761251.0,-1.0874489056905865,0,0,-1,0.0,0,80.0,-0.0342994186423524,0.009615384615384623,-0.09887619035828675,0.27360049183306506,0.5638086941864023,0.0,-0.17670682730923704,0.17385647809340202,0.05121951219512195,0.0
2023-12-18,4.35,4.1,0.0023781224049674193,0.00923794098493636,0.0,-0.49460434174765605,0.059188871390330654,4.193,4.344505,3.6365833333333333,0,18,12,4.20288778936102,3.5459545804611023,46.0496019998684,0.47102926428674685,0.6218653677055527,4.802445494755444,3.8865645052445554,0.031011632328469815,0.03573650957595322,2.546706094711653,38765763.0,0.023998751204277396,0,0,-1,0.0,0,77.0,-0.030198732881538917,0.026829268292683006,-0.37376313850565984,0.5112082652697956,0.5672995023807033,0.060975609756097615,-0.06047516198704106,0.8321103630790692,0.0574712643678161,0.0
2023-12-19,4.75,4.35,0.04186657939278986,0.08796877294595722,0.06834225337681792,-0.7869514026893912,0.08796877294595722,4.254,4.347005,3.78421,1,19,12,4.302362736749925,3.6236349301087736,65.47619047619045,0.48179713160045434,0.593851720484533,4.8135814696167385,3.880428530383262,0.039618513760946515,0.0414104297453864,2.5462091688821653,38767817.0,1.727455310084683,0,0,-1,0.0,0,77.0,-0.025678317299391056,0.009195402298850583,-0.5849381090023378,0.7702721032237229,0.6573701927436251,0.13365155131264905,0.010638297872340496,0.5895238929610451,0.07578947368421059,0.0
2023-12-20,4.91,4.75,0.0022753138371356054,0.0472852729900119,0.0022753138371356054,4.553471951323697,0.03312932375987934,4.3149999999999995,4.357505000000001,3.9371066666666668,2,20,12,4.412842239159029,3.706626224940466,69.61325966850828,0.4975064620416725,0.574582668795961,4.865172008455055,3.8498379915449465,0.039312653740773564,0.04203351761671219,2.546041426619802,38962868.0,2.1766039187039836,0,0,-1,0.0,0,71.0,-0.0257874954895917,-0.07368421052631571,4.163691707274026,0.7600988189670527,0.6672614060584371,0.15801886792452824,0.044680851063829685,0.17049323576851688,0.11812627291242364,0.0
2023-12-21,5.37,4.91,0.04445176257083359,0.07539801748421164,0.03571808260207903,-0.6162007605880283,0.08955396671434404,4.4270000000000005,4.395505,4.104439999999999,3,21,12,4.586870922948296,3.813940662041081,74.0566037735849,0.5408399094011269,0.5678341169169941,5.069333013274682,3.7216769867253174,0.045322757878276936,0.04626111215520043,2.5459880285613155,39068194.0,2.892414624509689,0,0,-1,0.0,0,77.0,-0.024741448527453747,-0.06313645621181273,1.7817482667753433,0.7167838163463387,0.7343723888155657,0.2908653846153846,0.16485900216919736,-0.8646094622724776,0.15083798882681573,0.0
2023-12-22,5.58,5.37,0.1031842362352308,0.03836086787244616,0.10798863806409593,-0.29505781939908166,0.03836086787244616,4.575,4.4460049999999995,4.27934,4,22,12,4.767439846048605,3.927879974167463,79.1111111111111,0.5853793350029655,0.5713431605341884,5.301733044539005,3.590276955460994,0.04022563350519963,0.046551464445173774,2.545426478208244,39146608.0,2.6503630615750176,0,0,-1,0.0,0,79.74285714285715,-0.02206275072839431,-0.05027932960893863,1.098595041135792,0.4497373442138026,0.7389815885267711,0.36097560975609766,0.2210065645514223,0.1068907880197387,0.08960573476702509,0.0
2023-12-26,5.47,5.58,0.05715841383994883,-8.960974960070571e-05,0.06108769197983828,-2.725727916455294,-0.01991015995932975,4.712,4.476505,4.45034,1,26,12,4.895178055857949,4.027371588737304,79.82062780269055,0.6048289780243152,0.5780403240322138,5.4320267598668135,3.5209832401331873,0.042392758076313784,0.045322220328709695,2.5456848448916833,39141472.0,2.079481685772345,0,0,-1,0.0,0,81.94285714285716,-0.023843232645668795,-0.03225806451612898,-0.40599093772369105,0.7482939933804806,0.7194679431302515,0.2574712643678161,0.1255144032921809,-0.5051883127886307,0.03281535648994516,0.0
2023-12-27,5.7,5.47,0.032789822822990755,0.034439089764238415,0.025595547188963723,-0.6134639911358323,0.041187558406614644,4.863,4.537999999999999,4.62834,2,27,12,5.04150931842923,4.135283099141349,80.43478260869563,0.631522242750167,0.5887367077758044,5.6390157989210286,3.43698420107897,0.04244360442038721,0.04099197282532666,2.545779713180821,39144253.0,2.110778067197101,0,0,-1,0.0,0,76.0,-0.02123827423626832,0.020109689213894028,-0.4148757741801874,0.6383319038687948,0.6507273950743926,0.19999999999999996,0.2751392586295607,-0.09580113838066011,0.04122807017543865,0.0
2023-12-28,5.94,5.7,0.030011078416039404,0.04320875433123674,0.033668672575889125,1.521857578875822,0.04124295853404922,5.0329999999999995,4.6235,4.647003333333333,3,28,12,5.2048712605330065,4.251716447583842,83.93574297188752,0.6643842337148635,0.6038662129636163,5.878607879615818,3.368392120384182,0.04192483945071146,0.03829438120439834,0.04374952862678081,39156992.0,2.097827639171501,0,0,-1,0.0,0,78.0,-0.018663970230535107,0.008771929824561372,-0.21630856270832632,0.6377419024921617,0.6079044556676648,0.20977596741344207,0.4042553191489362,-0.30487321836459885,0.050555555555555555,0.0
2023-12-29,5.91,5.94,-0.027326513045370517,-0.017144471781670587,-0.03908040151461947,-0.532435362141264,-0.005063301956546762,5.208,4.7090000000000005,4.671003333333333,4,29,12,5.333076485890642,4.3587024832235945,88.18565400843879,0.6801663151405961,0.6191262333990123,6.071055721868133,3.346944278131868,0.040139885445816974,0.038227200727460955,0.043150620408186534,39149512.0,1.7635108178287502,0,0,-1,0.0,0,76.0,-0.021043787070613922,-0.058080808080808184,-0.3157726402630201,0.47251661079215274,0.6068379986580545,0.1005586592178771,0.40714285714285703,-0.7371969457306048,0.07062605752961079,0.0
2024-01-02,5.6201,5.91,0.013315775975772156,-0.021744621405049916,-0.05408536992591477,-0.6875479124981866,-0.050296374076405206,5.360010000000001,4.772505,4.69234,1,2,1,5.385262579365071,4.440082968176911,78.57438249558251,0.6616540847460506,0.62763180366842,6.181703690521837,3.363306309478163,0.04607082636926541,0.04076312067613917,0.043491446481665794,39145751.0,1.2029460511152326,0,0,-1,0.0,0,79.71428571428571,-0.023748067818130707,-0.0406091370558376,-0.39292234657172975,0.6319840086206101,0.6470944798318761,0.0071863799283153895,0.29197701149425304,-0.10693316229247636,0.10320101065817336,0.0
2024-01-03,5.725,5.6201,0.0017621149933992233,-0.005203168205079666,0.0844538308385127,-1.0106043331818875,0.018493092098701612,5.49751,4.845255,4.72884,2,3,1,5.447033019480512,4.5229808411977555,78.69373411096153,0.647978074211907,0.6317010577771174,6.2948740940345385,3.3956359059654617,0.04514710479896838,0.0400657699858161,0.041155324371601534,39147120.0,1.2137602265592664,0,0,-1,0.0,0,76.71428571428571,-0.022024130804326945,0.010658173342111322,-0.44166823481635414,0.6068889307639672,0.6360243808127117,0.046617915904936025,0.34074941451990637,-1.0303401498972098,0.01570305676855897,0.0
2024-01-04,5.57,5.725,0.005267790934858805,0.008628330117853855,-0.024956731973867507,1.6258115304234384,-0.027447495501110596,5.579510000000001,4.916755,4.757840000000001,3,4,1,5.469390652302237,4.590530464346288,73.92258435858693,0.6175142132610878,0.6288636888739115,6.360963354227706,3.4725466457722947,0.04222632916052405,0.03986887404999663,0.0416188447358381,39140162.0,0.9046409378365974,0,0,-1,0.0,0,78.68571428571428,-0.021399029125966102,-0.002620087336244486,-0.3308037580670951,0.5725076187120269,0.6328987547306857,-0.02280701754385961,0.3454106280193239,0.06385301058180406,0.05025134649910226,0.0
2024-01-05,5.31,5.57,-0.05711720731282895,-0.04030379229813998,-0.042402665505345015,-0.851330123915142,-0.047803218685345344,5.61951,4.967255,4.778173333333332,4,5,1,5.44041053370183,4.636947853743302,69.42698831002093,0.5658685761826847,0.6162646663356662,6.391149164421545,3.5433608355784543,0.04613109853311708,0.041800615713306684,0.042728176967227985,39137192.0,0.48141920735975413,0,0,-1,0.0,0,75.77142857142859,-0.025674238997427174,-0.03177737881508088,-0.40977454123191825,0.4564733180480214,0.6635642029607297,-0.10606060606060619,0.23488372093023258,0.6230035528259584,0.05273069679849346,0.0
2024-01-08,5.22,5.31,-0.034195718227228916,-0.025235246372640286,-0.018685737125986368,3.7850921955717114,-0.017094433359300068,5.604509999999999,5.015755,4.798506666666667,0,8,1,5.400335891210588,4.674564121243734,68.73034985617767,0.511777338287267,0.5953672007259865,6.402374107530425,3.6291358924695762,0.03556984274300664,0.041971598132149006,0.04268726525891622,39006394.0,0.29459423844773175,0,0,-1,0.0,0,76.17142857142856,-0.025521007978046895,-0.01851224105461378,1.8742141101690346,0.4362738800192021,0.6662784647136561,-0.11675126903553301,0.2282352941176471,1.0552874950202815,0.0457854406130268,0.0
2024-01-09,5.18,5.22,0.011124264425409747,-0.03371367824109664,-0.021665558397581032,-2.5398611282680807,-0.007692345623155614,5.56451,5.069755,4.81884,1,9,1,5.36027482008139,4.707172887615107,64.92913159220086,0.46037505972775516,0.5683687725263402,6.38868070394483,3.7508292960551692,0.03246584014438065,0.04080077629031174,0.042676445197842514,38996077.0,0.1671739350749834,0,0,-1,0.0,0,75.68571428571428,-0.025730680135201175,0.009578544061302648,-0.3527805172627414,0.38361504999491813,0.647692244175272,-0.07830821515631392,0.2634146341463415,0.3419606303495841,0.03281853281853281,0.0
2024-01-10,5.1,5.18,-0.013371736965889195,-9.488116141650869e-05,-0.003929278139889438,-0.418636672746259,-0.015564516541111573,5.52751,5.119755,4.82684,2,10,1,5.312952125521138,4.7325165722851,57.11439954467842,0.40847441345203794,0.5363899007114799,6.357190702487012,3.8823192975129874,0.032306836100314186,0.04119468466953101,0.04136425322717044,38989289.0,-0.03192893167749426,0,0,-1,0.0,0,76.37142857142858,-0.02515650117484524,0.0038610038610039504,-0.4199262827295654,0.2389004924478406,0.6539453458398243,-0.10917030567685593,0.24390243902439024,-1.1895317695595575,0.037156862745097996,0.0
2024-01-11,4.52,5.1,-0.11179140598811668,-0.12292003325429983,-0.169024528650465,-0.3984918350902344,-0.1207285458861403,5.40951,5.136255,4.828503333333333,3,11,1,5.168779011790022,4.718805825686061,43.22869643725257,0.31688872860978545,0.492489666291141,6.329502714124445,3.9430072858755563,0.042301272998121246,0.049717770334026495,0.04403813501490605,38984732.0,-1.032903717652932,0,0,-1,0.0,0,74.65714285714286,-0.028964413734333356,-0.08823529411764693,-0.461642035818018,0.6946815917697521,0.7892451362667529,-0.1885098743267506,0.078758949880668,-1.6807610432975728,0.08185840707964605,0.0
2024-01-12,4.45,4.52,-0.043963123421116176,-0.0438666821055819,0.002328289759591168,-0.04925109987706287,-0.01560789766599083,5.26051,5.146755000000001,4.835836666666667,4,12,1,5.038091918737291,4.701463514351477,31.52462045144189,0.23593824927628493,0.44117938288816977,6.310117495844222,3.9833925041557796,0.03604911479932406,0.049893567807512515,0.042930337455205324,38980394.0,-1.1978295715891785,0,0,-1,0.0,0,73.08571428571429,-0.030501085703511736,-0.015486725663716682,-0.4696389738474695,0.7111482855114205,0.7920358346424977,-0.16195856873822967,0.04952830188679247,-2.1982287329778414,0.03595505617977531,0.0
2024-01-16,4.36,4.45,0.0,0.07969770163250874,0.004640379556502301,2.0088295969129404,-0.020432038817205855,5.10551,5.1567549999999995,4.84117,1,16,1,4.914802478966875,4.679433610199769,24.259431175626645,0.16264726690073594,0.385472959690683,6.287381878701439,4.0261281212985605,0.035294436281706004,0.04992664337094229,0.04309901907605933,38948056.0,-1.4094039598901054,0,0,-1,0.0,0,72.28571428571429,-0.030256106133692923,0.0,0.02023399999808458,0.7066086593428125,0.792560892934349,-0.16475095785440608,0.04807692307692313,-2.1781365841587967,0.11697247706422012,0.0
2024-01-17,4.45,4.36,-0.020432038817205855,-0.03370880948917411,0.009216655104924048,-2.200600918301327,0.020432038817205934,4.9885,5.1742550000000005,4.844503333333333,2,17,1,4.830292937336534,4.664631441799784,28.29602519363351,0.11055151413469932,0.33048867057948633,6.245275458746091,4.10323454125391,0.0377689314452276,0.04987841659678957,0.04278088709508189,38951637.0,-1.3524578248447843,0,0,-1,0.0,0,57.21428571428572,-0.028870501178815247,0.0,-0.5122096876884994,0.7971318901789579,0.7917953166286911,-0.14092664092664087,0.08536585365853666,-1.595472260712213,0.0696404494382022,0.0
2024-01-18,4.66,4.45,0.03382509615364388,0.0032282575150782288,0.031605339415331044,0.27128191602856244,0.04611135195940565,4.882,5.189755,4.857503333333333,3,18,1,4.799330585093528,4.664332639103025,27.68048759550176,0.08522804385777949,0.281436545235145,6.218695160860501,4.160814839139499,0.04204926805642079,0.04915848986939632,0.0433930863194835,38956334.0,-1.0297100262020416,0,0,-1,0.0,0,66.45714285714286,-0.027743319172639776,0.013483146067415642,-0.49162637997807956,0.968983120225723,0.7803668341314642,-0.08627450980392148,0.07126436781609202,-1.1313247240372988,0.03969957081545056,0.0
2024-01-19,4.47,4.66,0.026259714583555728,0.05360651863443675,-0.008928630744301431,-0.838888213991162,-0.041627039512077094,4.772,5.1757550000000005,4.868503333333334,4,19,1,4.739452296894704,4.651795049483475,17.760329853495904,0.04925976322648484,0.23500118883341298,6.237000803116146,4.114509196883855,0.0425421691034362,0.04557352267742384,0.04371414765339277,38954304.0,-1.33005001843623,0,0,-1,0.0,0,72.82857142857144,-0.028681118117032344,-0.0064377682403434005,-0.5413084053052227,0.5584015931771619,0.7234572442417558,-0.011061946902654829,-0.05894736842105264,0.572830706214031,0.10805369127516772,0.0
2024-01-22,4.67,4.47,0.015005640617870176,-0.05040992560880923,0.046010305648833266,-0.7551274005875465,0.043770663055328486,4.708,5.163755,4.880836666666666,0,22,1,4.726824606550212,4.652969562420026,24.691811576455223,0.03647253750992707,0.1952954585687158,6.242929636811343,4.084580363188657,0.04606661387903235,0.04609381750748684,0.04389699905125208,38955258.0,-0.9150604233229698,0,0,-1,0.0,0,72.85714285714286,-0.025820502913297846,0.05145413870246095,-0.5432754427445416,0.6246961858920042,0.7317166686144317,0.049438202247190866,-0.048879837067209775,-0.47710176151236067,0.006423982869379069,0.0
2024-01-23,4.64,4.67,-0.012848142477849137,-0.012848142477849137,-0.006444705442642095,-0.50803427512872,-0.006444705442642095,4.65,5.127255,4.893836666666666,1,23,1,4.711038314450174,4.652132816457444,27.622265856888433,0.02364525197689815,0.1609654172503523,6.2262566818626315,4.028253318137368,0.046055344174227714,0.040284763947308004,0.043844640600061914,38954684.0,-0.8867229378105791,0,0,-1,0.0,0,70.25714285714287,-0.026127506710827385,-0.006423982869379069,-0.4835938509655648,0.5888445843734571,0.6395008021771063,0.06422018348623837,-0.13594040968342647,-0.7483138420320794,0.0,0.0
2024-01-24,4.63,4.64,0.004301081899390702,0.004301081899390702,-0.0021574981400211257,-0.03186110206898401,-0.0021574981400211257,4.595000000000001,5.0797550000000005,4.911503333333333,2,24,1,4.696304075459233,4.650704892815028,23.86634844868736,0.01252820203532945,0.13127797420734771,6.178484583080793,3.9810254169192083,0.046128792964048614,0.03885818382212903,0.043237381388301785,38954128.0,-0.8186818793736419,0,0,-1,0.0,0,72.48571428571428,-0.025685135240247434,0.004310344827586307,-0.40609645188616716,0.5926194697201274,0.6168545447579205,0.04044943820224711,-0.17025089605734767,-0.15140246878376468,0.006479481641468736,0.0
2024-01-25,4.63,4.63,-0.0064585800394118195,-0.0064585800394118195,0.0,-1.4007873684224574,0.0,4.548,5.037755,4.92917,3,25,1,4.684248789012099,4.649369093278575,25.773195876288653,0.0036754910892531356,0.1057574775837288,6.13789281045833,3.93761718954167,0.04619092984991615,0.038810133713493615,0.043237381388301785,38954128.0,-0.7412798580754616,0,0,-1,0.0,0,73.22857142857143,-0.02634018611520594,0.0,-0.41073816262326385,0.48319398486267995,0.6160917729304068,-0.006437768240343367,-0.15356489945155394,0.4693692391686252,0.0,0.0
2024-01-26,4.63,4.63,0.0495098475398257,0.10437947303776744,0.0,2.9100471567057147,0.0,4.558999999999999,4.984255,4.943836666666667,4,26,1,4.67438537282808,4.648119474357377,29.76190476190476,-0.003302279493446747,0.0839455261682937,6.052395628381884,3.916114371618116,0.027761880402442058,0.03708149036156733,0.043125624351564695,38954128.0,-0.6633115351798907,0,0,-1,0.0,0,73.79999999999998,-0.024732389083008267,0.05075593952483808,-0.32779484330230524,0.33546175632271286,0.5886504104420746,0.03579418344519025,-0.18771929824561406,2.147845907389557,0.1100215982721383,0.0
2024-01-29,4.7,4.63,-0.06474409211167383,-0.03351650102737291,-0.015234244571848085,-0.22264665689404814,0.015005640617870176,4.5840000000000005,4.922255000000001,4.959169999999999,0,29,1,4.6790425777684295,4.651466605043998,34.33734939759037,-0.0031475153688562685,0.0665269178608637,5.896649636306667,3.9478603636933345,0.027209391092450883,0.03555812014632801,0.04314915033328539,38956141.0,-0.45619093479913486,0,0,-1,0.0,0,74.11428571428573,-0.022749212586903607,-0.01511879049676032,-0.32565155191786715,0.12943731076036447,0.5644676579768374,0.0064239828693790635,-0.2087542087542088,1.6341170830322513,0.08723404255319152,0.0
2024-01-30,5.17,4.7,0.06165608142309715,0.045238785478844495,0.06165608142309715,0.275310780649234,0.09531017980432474,4.665,4.885254999999999,4.992836666666666,1,30,1,4.768307563628715,4.684920372460515,49.76076555023924,0.034502485188800947,0.06012203132645116,5.751975462372255,4.018534537627743,0.03860234479169542,0.04338361265235631,0.04628798699359418,38958792.0,0.6570630609565626,0,0,-1,0.0,0,74.22857142857143,-0.016530743405465786,0.03191489361702116,-0.29470167721225937,0.6956343924115433,0.6886935003221404,0.11422413793103448,-0.1252115059221659,2.105310702108948,0.067698259187621,0.0
2024-01-31,5.17,5.17,0.0344512287542461,-0.005785937067043999,0.0344512287542461,-0.42566011716664504,0.0,4.737,4.86275,5.028503333333333,2,31,1,4.841342552059858,4.716215832301772,51.74129353233831,0.06360715815917306,0.06081905669299554,5.670498495250215,4.055001504749785,0.03898552052052821,0.042177379079181676,0.046118398228080996,38958792.0,0.7607566013597422,0,0,-1,0.0,0,64.11428571428573,-0.014677497772530941,-0.029013539651837592,-0.3225565184646836,0.6909565618646744,0.669545135976079,0.1166306695464363,-0.0800875429262824,2.117160523251353,0.029013539651837592,0.0
2024-02-01,5.09,5.17,0.023623145763435893,0.028600614833215344,0.0,1.460680668009007,-0.0155948579579064,4.78,4.8309999999999995,5.05317,3,1,2,4.886552997139884,4.740330939895206,68.87417218543048,0.07930333033642523,0.06451591142168148,5.539917633104406,4.122082366895593,0.03840581478845306,0.04193123802960391,0.04523878468676925,38951329.0,0.7306913748662698,0,0,-1,0.0,0,72.34285714285714,-0.015703382505566677,-0.005802707930367553,-0.13594685563283912,0.7310119392708553,0.6656377679483159,0.09935205183585305,-0.11091703056768554,1.9331383926979797,0.05893909626719071,0.0
2024-02-02,4.99,5.09,-0.08101594376008855,-0.062035390919452635,-0.07227086202283181,-1.024140683626485,-0.01984192079900406,4.831999999999999,4.802,5.061170000000001,4,2,2,4.90536154311445,4.756438621192291,67.53246753246754,0.0827199514971051,0.06815671943676621,5.425997300938861,4.178002699061138,0.035827455711051684,0.04175814510782037,0.04244950916729892,38948649.0,0.6025667089172895,0,0,-1,0.0,0,74.60000000000001,-0.01595291240408431,-0.06876227897838894,-0.29327704071860483,0.7766368953638226,0.662890002999847,0.0777537796976242,-0.10412926391382404,1.8223287881362822,0.06613226452905813,0.0
2024-02-05,4.67,4.99,0.03115516777979548,-0.022245608947319737,-0.026031838717946867,1.2840384738483615,-0.06627683808262143,4.832,4.77,5.05317,0,5,2,4.862568535275459,4.750861935954079,58.75706214689264,0.05892704840080576,0.06631078522957412,5.348273291792069,4.191726708207931,0.04083439217794658,0.04285055589918863,0.04371056607391233,38938971.0,-0.3458572319330178,0,0,-1,0.0,0,73.31428571428572,-0.018969120491877624,-0.020040080160320748,-0.06365094812748041,0.9635754752486931,0.6802314867007492,-0.00638297872340432,-0.12052730696798486,1.3383339614047034,0.07280513918629547,0.0
2024-02-06,4.405,4.67,-0.07204309274345677,-0.043894193557225264,-0.08961215868968704,1.1214937772362141,-0.058418812292663096,4.8085,4.7292499999999995,5.021003333333334,1,6,2,4.779374256134466,4.7285482626667195,48.84318766066838,0.018474750551559005,0.0567435782939711,5.288556666658332,4.169943333341667,0.044728730157611606,0.044308396840003,0.04105175094765868,38909265.0,-1.1594712501364708,0,0,-1,0.0,0,73.20000000000002,-0.021013048811714903,-0.02567451820128487,2.6140688975514226,0.44129015237287533,0.7033739941836485,-0.1479690522243713,-0.1561302681992336,-0.32162166883325266,0.11804767309875132,0.0
2024-02-07,4.65,4.405,-0.03581998365624389,0.01904819497069441,0.040075562162769994,-2.5658586780596826,0.054126960211122135,4.810499999999999,4.70275,4.990003333333333,2,7,2,4.7558516641100175,4.723480632817254,49.747474747474755,0.006114975877060225,0.04661785781058893,5.220838338332202,4.184661661667798,0.04860057191862402,0.046502055951255554,0.04177831624925026,38911548.0,-0.20363322660305086,0,0,-1,0.0,0,73.77142857142857,-0.018854587191189234,-0.003405221339387189,-0.4253090270692491,0.7545097396156986,0.7381972530014,-0.10058027079303666,-0.10231660231660222,1.1602195232556038,0.09460215053763435,0.0
2024-02-08,4.7,4.65,0.05322764101106267,0.045089604863177576,0.06696623166220066,0.6986074977194265,0.01069528911674795,4.817500000000001,4.68275,4.964336666666666,3,8,2,4.745696816090014,4.7219657532806565,56.250000000000014,0.00035030938419566837,0.037364348125310275,5.165978996602983,4.199521003397018,0.048683206867667424,0.04654191977690247,0.041783876910965786,38916139.0,0.07139472225907097,0,0,-1,0.0,0,74.60000000000001,-0.017233701223125737,-0.004301075268817303,-0.15323117797057173,0.7868649148336795,0.7388300716152162,-0.0766208251473477,-0.07843137254901955,0.591229000126851,0.07659574468085113,0.0
2024-02-09,4.81,4.7,0.05667833701843823,0.026694615261044552,0.015005640617870176,1.7849476771117054,0.02313457540165689,4.835500000000001,4.69725,4.93467,4,9,2,4.757388304073647,4.72764538210126,54.0,0.004604769432416056,0.030812432386731432,5.177310029141127,4.217189970858874,0.04910773877421736,0.03884076812317821,0.04120708410484573,38943498.0,0.46973292153366664,0,0,-1,0.0,0,75.42857142857143,-0.01707110050939603,0.042553191489361736,2.009201071110317,0.8285156121172201,0.6165780791079271,-0.0360721442885773,0.06415929203539816,-0.1636053038059275,0.08835758835758833,0.0
2024-02-12,4.7,4.81,0.012170535620255114,-0.027697121610670134,-0.02150620522096373,0.08817728452795362,-0.02313457540165674,4.8355,4.70975,4.893336666666667,0,12,2,4.746954066969347,4.725861809062469,51.6393442622951,-0.0008893689278943739,0.024472072123806272,5.175508860129902,4.243991139870097,0.049694357897655216,0.03906832032814202,0.04035463030811623,38913617.0,-0.04186715845740499,0,0,-1,0.0,0,75.82857142857144,-0.018525050302861026,0.031185031185031263,1.9091291452275019,0.6864310066834207,0.6201903583756389,0.0064239828693790635,0.05617977528089879,-0.2793500127824392,0.08191489361702142,0.0
2024-02-13,4.805,4.7,-0.022427035787444323,-0.0070458268332027575,0.0,0.49799983984305585,0.022094533706242862,4.799,4.732,4.856503333333334,1,13,2,4.75750787297492,4.730967498800374,54.54545454545455,0.0031923103502426997,0.020216119769093557,5.169040284786597,4.294959715213404,0.03695530918009663,0.03886953414628107,0.040708126657280935,38962784.0,0.33406531407348344,0,0,-1,0.0,0,66.74285714285715,-0.01659091058060532,0.03191489361702116,2.9490060557204467,0.4480080751400265,0.617034725567958,0.09080590238365471,0.10206422018348604,-0.2544677553990703,0.07284079084287212,0.0
2024-02-14,5.1,4.805,-0.010362787035546547,0.02985296314968113,0.013388237118516238,0.06698001322142935,0.059583497308024196,4.792,4.7645,4.839166666666667,2,14,2,4.819779168797662,4.754776047264866,60.58558558558559,0.029886591148210684,0.022150214044916985,5.209837246542359,4.319162753457641,0.042821557041401274,0.04072457308656468,0.04166958079899281,39015357.0,1.5067232871485767,0,0,-1,0.0,0,67.51428571428572,-0.01555764500934224,-0.001040582726326721,2.4691318408562353,0.47945695460957105,0.6464825558179454,0.09677419354838701,0.146067415730337,0.03492944717579515,0.08588235294117642,0.0
2024-02-15,5.1126,5.1,0.06843716155322847,0.033738139631850204,0.04979066450301561,0.06470137664883677,0.002467541349548027,4.7942599999999995,4.787129999999999,4.818753333333333,3,15,2,4.873019319925359,4.777861463570359,60.8080265161695,0.051465453982536324,0.028013262032440853,5.255510417137534,4.3187495828624645,0.04250077506321173,0.03965094514787893,0.04149197997882211,39071444.0,1.3897677532680859,0,0,-1,0.0,0,73.85714285714286,-0.016254451384962385,0.007843137254901968,2.1792033234142942,0.49188133584160515,0.6294392406597051,0.08778723404255295,0.09712446351931314,0.24452040243949147,0.07334819856824316,0.0
2024-02-16,5.19,5.1126,0.02117499713645878,0.023142457842927757,-0.018538120998911226,0.08019218952719767,0.015025616097969275,4.81426,4.82313,4.806086666666666,4,16,2,4.930652170848021,4.80445104656582,60.93750000000001,0.07395982852245009,0.0372025753304427,5.299490947181901,4.3467690528180984,0.04202042821285894,0.03816892677591746,0.04136038877878969,39132214.0,1.5403025884903583,0,0,-1,0.0,0,73.48571428571428,-0.016517341171226538,0.02687477995540438,2.0198517387136956,0.48896145438688166,0.605912928355872,0.07900207900207912,0.16107382550335592,0.5142640657116544,0.11339113680154154,0.0
2024-02-20,5.135,5.19,0.016997576368571077,-0.010895484232954656,0.038740828316430616,0.24008011109087146,-0.010653853797275814,4.86076,4.84638,4.800253333333333,1,20,2,4.967806321602926,4.825776785497057,49.04109589041096,0.08635331480275266,0.04703272322490469,5.336465206769982,4.356294793230018,0.03511493433432585,0.03737629881817283,0.040517940449567066,39054954.0,1.177836000813882,0,0,-1,0.0,0,63.74285714285715,-0.01828559608515006,0.028901734104046138,2.247690919909685,0.43248589793141934,0.5933303496055361,0.09255319148936159,0.0995717344753746,1.098454749163469,0.06621226874391428,0.0
2024-02-21,5.04,5.135,-0.0677897432086761,-0.0037523496185503527,-0.0020020026706730793,-0.1035644478440325,-0.0186737612972443,4.924259999999999,4.86638,4.794253333333333,2,21,2,4.980932444947848,4.8395976380456345,46.614583333333336,0.08750088023828617,0.05512635462758099,5.353642529908336,4.379117470091665,0.02848327210622214,0.03767390710318233,0.04054088358115788,38985295.0,0.7126343165876571,0,0,-1,0.0,0,63.7,-0.019889122181983993,-0.028237585199610435,1.688709582581231,0.49954337803813786,0.5980547346670215,0.048907388137356955,0.0862068965517242,1.3878649293237426,0.0654761904761905,0.0
2024-02-22,4.95,5.04,0.021804629966852705,-0.02050964409095446,-0.008048333182828372,0.6091992995085858,-0.01801850550267825,4.95426,4.8823799999999995,4.7865866666666665,3,22,2,4.975308364048239,4.846720371074949,46.37305699481866,0.08022332175913682,0.06014574805389216,5.357833129462652,4.4069268705373466,0.02588892321590164,0.03798890399249558,0.040646722114099934,38857195.0,0.28444444177462214,0,0,-1,0.0,0,73.94285714285715,-0.020158870403135472,0.011904761904761828,2.796943648939033,0.22956571103972945,0.6030551552643123,-0.02941176470588225,0.06911447084233258,0.827723999514854,0.05292929292929284,0.0
2024-02-23,4.95,4.95,-0.015810606026642315,-0.03753372555896088,-0.02247285585205863,-0.8385926911598727,0.0,4.97926,4.8983799999999995,4.7815866666666675,4,23,2,4.970706843312195,4.853383572941081,48.907103825136616,0.07360730503890167,0.06283805945089406,5.359390622551481,4.437369377448518,0.025919076211357993,0.03798890399249558,0.04055133845479143,38857195.0,0.22394277908091478,0,0,-1,0.0,0,73.34285714285714,-0.02154403729989936,0.014141414141414019,0.6336204958528094,0.22452609110532845,0.6030551552643123,-0.03180377889919017,0.06911447084233258,1.0038422358630488,0.036363636363636306,0.0
2024-02-26,4.93,4.95,-0.005994023940210413,0.02167572547904032,-0.006217636610870562,0.5706265044506759,-0.0040485885260003315,4.9912600000000005,4.91338,4.795253333333333,0,26,2,4.963305599073614,4.8583265682352055,58.496732026143796,0.06598954487303121,0.06346835653532149,5.356809997323543,4.469950002676457,0.025256263584568697,0.03802214155912558,0.03444740141249953,38759207.0,0.07496109916024947,0,0,-1,0.0,0,71.91428571428573,-0.027550327585086607,0.008080808080808088,1.6367469164576707,0.1303422737410644,0.6035827852772399,-0.05009633911368028,0.06479481641468676,0.20568056412258554,0.06490872210953352,0.0
2024-02-27,4.85,4.93,-0.012096921708828682,-0.009794397592287585,0.0,0.01630710218601558,-0.01636028310520691,5.00626,4.9208799999999995,4.808586666666668,1,27,2,4.942704581060229,4.857789370284547,66.54275092936801,0.052887430271588265,0.06135217128257484,5.354069947883616,4.487690052116383,0.02458618338950436,0.03817757657205047,0.0344617096185293,38659608.0,-0.3272467440497621,0,0,-1,0.0,0,75.77142857142859,-0.028579154809801416,0.0,1.490378572489855,0.13736468565664206,0.6060502396126279,-0.05550146056475169,0.03191489361702127,0.690100158050708,0.055670103092783606,0.0
2024-02-28,4.86,4.85,-0.01636028310520691,-0.003944778291016452,0.008281620831722018,-0.5294793014218235,0.002059732963010784,5.011760000000001,4.90538,4.825253333333333,2,28,2,4.927667384503824,4.857931991556512,59.45945945945946,0.04281725580867324,0.05764518818779452,5.3229405526842015,4.487819447315799,0.02367076765523502,0.030486182655870428,0.03417302177238369,38718263.0,-0.21735769678569392,0,0,-1,0.0,0,76.77142857142859,-0.026019260646552217,0.0,0.3438383924143975,0.14692903473003227,0.48395314638674264,-0.0357142857142857,-0.05996131528046411,-0.38560098998480563,0.04320987654320987,0.0
2024-02-29,4.94,4.86,0.002059732963010784,-0.005946499187726191,-0.008281620831721986,0.5192564407400653,0.016326893287428666,4.99576,4.89388,4.841586666666667,3,29,2,4.929909678230401,4.863226701778673,60.52631578947369,0.04082133842822788,0.0542804182358812,5.293017140921762,4.494742859078238,0.012766897542251342,0.03078211747699774,0.03411204253477528,38816849.0,0.23109851362612463,0,0,-1,0.0,0,77.45714285714287,-0.02625515015662425,0.0,1.2911920797870442,0.1868629218149167,0.48865096603266617,-0.002020202020201922,-0.04448742746615075,0.18152012745128712,0.044534412955465716,0.0
2024-03-01,4.86,4.94,0.004106781952653281,0.007920833491444058,0.004149383546811618,0.0763045083010315,-0.01632689328742878,4.9704999999999995,4.8823799999999995,4.848253333333333,4,1,3,4.917198827643055,4.863018527470372,52.252252252252276,0.032410618675135616,0.049906458323732084,5.2708356391391264,4.4939243608608725,0.013216987673311776,0.030799350752150005,0.03330064393997208,38710446.0,-0.11522551223401693,0,0,-1,0.0,0,76.82857142857142,-0.027444709678267867,-0.01214574898785435,1.3505138383839983,0.21776918050909844,0.4889245357946344,-0.018181818181818188,-0.04518664047151266,0.6804922374532355,0.049382716049382755,0.0
2024-03-04,5.02,4.86,-0.0020512827705573607,-0.003952574315823469,-0.006230549750636086,-0.07861988832640623,0.032391495791235285,4.9535,4.88388,4.866586666666666,0,4,3,4.935889949889773,4.873146364407767,63.79310344827583,0.03821520441074622,0.047568207541134916,5.274312060806107,4.493447939193894,0.016905576495694057,0.03143787019660362,0.03275570160986042,38808804.0,0.6972788029700148,0,0,-1,0.0,0,79.22857142857143,-0.027080625550648284,0.0020576131687242358,1.0370392651893678,0.33789410128986724,0.49906071773845473,0.018255578093306246,0.006012024048096087,0.4610533795111575,0.04980079681274901,0.0
2024-03-05,4.98,5.02,0.012245050960100168,-0.007952328190495035,0.013450797724123257,0.3325342439223453,-0.008000042667076152,4.938000000000001,4.89938,4.87692,1,5,3,4.943909959000723,4.880040147349202,57.9908675799087,0.03913657267185755,0.045881880567279446,5.2785108819975655,4.520249118002434,0.01679780333342398,0.027611303431683415,0.031919318406536695,38671644.0,0.425288489163583,0,0,-1,0.0,0,76.11428571428571,-0.027801900811125106,-0.017928286852589615,1.8401771389864598,0.3110697803327539,0.43831585352747177,0.026804123711340333,0.06638115631691655,0.5229479893415521,0.029116465863453726,0.0
2024-03-06,4.93,4.98,0.00020281918739032607,0.003984069014874513,0.007168489478612497,-0.27059357057202904,-0.010090902981962944,4.9270000000000005,4.92563,4.886586666666667,2,6,3,4.941380875546046,4.883263363649254,40.00000000000002,0.03542383757532708,0.043790271968888975,5.224931229005584,4.626328770994416,0.016126325318185458,0.023976712660028,0.03196148314189256,38567001.0,0.029201350188363145,0,0,-1,0.0,0,72.54285714285714,-0.028182696527428684,-0.00983935742971895,0.8934051911794377,0.33063900347164626,0.38061851373172834,0.014403292181069727,0.11918274687854691,0.8499847254002328,0.02636916835699795,0.0
2024-03-07,5.05,4.93,-0.0002028191873903328,0.0098912774787427,0.0,0.4618668722378029,0.024049255232669663,4.937,4.9456299999999995,4.900586666666666,3,7,3,4.961129807264946,4.894020565994464,46.73072905786507,0.04168395865268515,0.04336900930564821,5.219782021600081,4.671477978399918,0.017036876372027478,0.02145107561847304,0.03219342331387589,38733073.0,0.761402373696515,0,0,-1,0.0,0,73.85714285714286,-0.0279850953836981,0.0,2.1771292868469825,0.354655713135929,0.3405252686479243,0.022267206477732726,0.08602150537634401,0.6062172546528953,0.03564356435643559,0.0
2024-03-08,5.67,5.05,0.024049255232669663,0.13941953524974512,0.030153038170687457,-0.00903073117381274,0.11580087445239234,5.0089999999999995,4.99413,4.935253333333334,4,8,3,5.090015296853138,4.944083755285145,65.99999999999997,0.09557227050927519,0.05380966154637361,5.397885950779081,4.5903740492209195,0.0417061728134145,0.0341038114764996,0.03886048569994732,38897652.0,3.347913504164346,0,0,-1,0.0,0,70.02857142857144,-0.02594476780548631,0.0,1.9232072717493152,0.8571912622966629,0.5413812235574907,0.16666666666666652,0.20638297872340416,1.5750065591485447,0.13932980599647268,0.0
2024-03-11,5.17,5.67,0.12981161152199072,-0.015530942030876623,0.01376619576414797,-0.13355656539435756,-0.09231642921932294,5.0329999999999995,5.01213,4.9532533333333335,0,11,3,5.104557970152567,4.958658996879652,50.899742930591266,0.09681727529139827,0.06241118429537855,5.413413735292838,4.6108462647071615,0.05284297478786087,0.040343933236662376,0.042601178037973565,38753649.0,0.7868248130455304,0,0,-1,0.0,0,62.771428571428565,-0.026551132533939814,0.014109347442680789,1.2895670124127052,1.2108203662462362,0.6404400855264107,0.029880478087649376,0.07484407484407485,0.5667580162685274,0.12185686653771759,0.0
2024-03-12,5.01,5.17,-0.11409419562658091,-0.07023587972654842,-0.0217185239546431,-0.5536234862383717,-0.03143677342356436,5.049,5.02763,4.963586666666667,1,12,3,5.087365611943009,4.96197131966161,49.253731343283576,0.08392584285241789,0.06671411600678642,5.401136970836162,4.654123029163839,0.053728408725343894,0.04067015161880022,0.043034897188781625,38670867.0,-0.09440252191562896,0,0,-1,0.0,0,72.2,-0.028119169222194065,-0.00773694390715668,-0.3407008447288349,1.2407532460070496,0.6456186417998182,0.0060240963855420215,0.06595744680851046,0.7725378110861886,0.06986027944111788,0.0
2024-03-13,4.84,5.01,0.009699397088713578,-0.030305349495328922,-0.03866198703426438,0.8440776965965442,-0.0345211943682331,5.047,5.02938,4.952586666666666,2,13,3,5.042390046135189,4.954102202264087,47.36842105263157,0.059308044299342555,0.06523290166529766,5.398800619491266,4.659959380508734,0.05509972374754742,0.04127419700844369,0.03942143353900944,38478330.0,-1.0252811565353201,0,0,-1,0.0,0,71.77142857142857,-0.029497423666352267,0.0339321357285429,2.1823588144790174,1.2685682292980236,0.6552075650893686,-0.018255578093306246,0.007284079084287187,0.9811895454014568,0.07851239669421485,0.0
2024-03-14,4.7,4.84,-0.0824587513711419,-0.05044345317576187,-0.025211419346496056,-1.0292444946148924,-0.029352212012527336,5.023,5.00938,4.936920000000001,3,14,3,4.9801373104742455,4.937708511795437,44.39461883408072,0.028176628973722195,0.057821647126982574,5.405079000969762,4.6136809990302385,0.055545111031130814,0.039226441686364626,0.03973707382924602,38409541.0,-1.5637138291569341,0,0,-1,0.0,0,70.4,-0.030655413356103632,-0.014462809917355431,-0.8571535838743094,1.257343977848085,0.6227004571205875,-0.06930693069306926,-0.07843137254901955,1.6534363784057493,0.05195744680851068,0.0
2024-03-15,4.68,4.7,0.012500162764231468,0.009320932732884212,-0.017167803622365446,0.026496081115274697,-0.004264398786457651,5.005,4.98775,4.923253333333333,4,15,3,4.925566890388018,4.921082156195731,44.39461883408072,0.0018693761804442488,0.04663119293767491,5.4063249634176005,4.5691750365824,0.05537274367594139,0.03920262697931656,0.03966270924402191,38338905.0,-1.4704653975826394,0,0,-1,0.0,0,68.62857142857143,-0.031233428970341568,0.027659574468085084,-0.8456203785279559,0.4894708250610032,0.6223224103662174,-0.17460317460317465,-0.08461448186832532,-1.3554521499819154,0.07916666666666664,0.0
2024-03-18,4.56,4.68,-0.010405921161116693,-0.0232108935254789,-0.013072081567352888,-0.14290266406101473,-0.025975486403260677,4.959,4.95625,4.908919999999999,0,18,3,4.859100183044742,4.897786533215362,43.61233480176212,-0.028335672317769678,0.031637819886586,5.404508325428356,4.5079916745716435,0.05430599641613848,0.03923178882762784,0.03976939513908803,38277675.0,-1.7679537780869703,0,0,-1,0.0,0,70.74285714285715,-0.03251149016796622,0.021367521367521482,-1.0846247919303624,0.18799486844258742,0.6227853403566331,-0.11798839458413934,-0.12138728323699433,1.883162398699357,0.06929824561403525,0.0
2024-03-19,4.61,4.56,-0.047117922977070084,-0.03995929592863974,-0.019934214900817253,0.5553557762088931,0.010905233482262527,4.922,4.93,4.90692,1,19,3,4.8138092406729704,4.8792196601046935,44.58874458874459,-0.04768907872158046,0.015772440164952706,5.395346503608972,4.464653496391027,0.0546469689197535,0.03938717687870624,0.038066939020010356,38384372.0,-1.3753192406873354,0,0,-1,0.0,0,70.85714285714286,-0.03289994525251239,0.0,0.028286215906955597,0.301823022391216,0.6252520491958199,-0.07984031936127733,-0.10223953261927932,0.8461051396827594,0.04663774403470712,0.0
2024-03-20,4.7,4.61,0.05027193964899467,0.04488969738121717,0.026491615446976285,0.5149316374941898,0.01933465170745563,4.899,4.912999999999999,4.916753333333333,2,20,3,4.793116651459703,4.867657101388263,44.827586206896555,-0.05512905150266878,0.0015921418314284088,5.386201859675173,4.439798140324826,0.055223849594934656,0.03960101526009419,0.03664915265200591,38562932.0,-0.9002500545801401,0,0,-1,0.0,0,69.62857142857145,-0.03358921385177476,0.04015184381778728,1.635290298966434,0.34167672914893793,0.6286466282632984,-0.028925619834710647,-0.06746031746031744,0.0014768373742408624,0.06597872340425537,0.0
2024-03-21,4.695,4.7,-0.02857911503773464,-0.018558528953932847,0.015135424065100813,-0.5327182472034256,-0.0010643960557867014,4.8635,4.900250000000001,4.918253333333333,3,21,3,4.775277260285211,4.856517933556762,46.32516703786192,-0.06072869910605494,-0.010872026356068262,5.38290139430141,4.417598605698592,0.0543823748011047,0.03944173946788483,0.035267267399291265,38458116.0,-0.8505103369568829,0,0,-1,0.0,0,71.37142857142858,-0.03430353780998141,-0.008510638297872348,-0.12302098457276146,0.2724253716298714,0.6261182034469458,-0.0010638297872340718,-0.051515151515151514,-0.6465990766435138,0.03194888178913727,0.0
2024-03-22,4.71,4.695,0.0,-0.0020811662038245117,-0.002148228538289495,-0.08491466044084901,0.003189795368100081,4.7675,4.88825,4.918586666666667,4,22,3,4.763408667506082,4.847065163649874,42.619047619047635,-0.06322724125564694,-0.021343069335983997,5.377581176198738,4.398918823801262,0.031085526193278656,0.03945638661472106,0.03522149826645602,38554399.0,-0.7285454459889357,0,0,-1,0.0,0,69.51428571428572,-0.03690688261308349,-0.007454739084132085,-0.3985367059185297,0.2703834175666241,0.6263507196946178,0.0064102564102563875,-0.048484848484848575,-1.091088786473255,0.03184713375796167,0.0
2024-03-25,4.5,4.71,-0.032718294622967624,-0.025317807984289897,-0.032789822822990956,0.30416574284951353,-0.045610511252052295,4.7005,4.86675,4.908253333333334,0,25,3,4.715516182504976,4.824673862769237,39.42731277533039,-0.08121638691409405,-0.03331773285160601,5.385272952849359,4.34822704715064,0.021810860135061963,0.04060468910764133,0.03588853765838639,38423888.0,-1.4145950453481566,0,0,-1,0.0,0,67.42857142857143,-0.037833126722660954,-0.04246284501061575,0.43171509459796786,0.39463196775768883,0.644579456651473,-0.013157894736842035,-0.08722109533468558,-1.682184685844343,0.03999999999999994,0.0
2024-03-26,3.56,4.5,-0.011148387482614187,-0.008562192199488491,-0.23712979328894968,0.21325813242276062,-0.234316851912335,4.5555,4.80225,4.870253333333333,1,26,3,4.5054223311404344,4.743082000655093,28.322784810126592,-0.16937065901784543,-0.0605283180848539,5.583776677323595,4.020723322676405,0.06579741549921236,0.06129414380516651,0.052097871803408614,38262354.0,-3.17903415467324,0,0,-1,0.0,0,67.91428571428573,-0.04344657420615226,-0.008888888888888898,1.1067485405782682,1.490572269282928,0.9730143679986052,-0.22776572668112804,-0.2659793814432989,-1.9086597178345515,0.3062078651685395,0.0
2024-03-27,3.57,3.56,-0.2366877764219669,-0.20501190809857053,-0.08983225333127098,-0.28883419626527645,0.0028050509276084604,4.4285,4.73775,4.829086666666666,2,27,3,4.335345543660355,4.6673992909354105,25.737704918032804,-0.23570952566303127,-0.09556455960048937,5.692860767894176,3.7826392321058244,0.06665807197292357,0.06130430247122299,0.05182946314870735,38383365.0,-2.445266118346986,0,0,-1,0.0,0,69.77142857142859,-0.046552982789107716,-0.011235955056179785,0.03276331031921996,1.4481474748332475,0.9731756318228307,-0.2404255319148937,-0.26543209876543217,-1.9897753889631122,0.14985994397759095,0.0
2024-03-28,4.05,3.57,0.0,0.06899287148695142,0.07564761833931474,0.11386479742717,0.12615128532690004,4.3635,4.693250000000001,4.794086666666667,3,28,3,4.283464535722109,4.627567078616997,22.164948453608247,-0.24670767445156105,-0.1257931825707037,5.6906797231542745,3.695820276845727,0.0840690680014674,0.06946215461396266,0.05671139162512886,38518970.0,-1.2898151820978145,0,0,-1,0.0,0,68.77142857142857,-0.04272696000528,-0.014005602240896309,0.3681353436975866,1.9629876382895657,1.102677519835578,-0.13738019169329085,-0.18016194331983815,-0.565766981659209,0.13580246913580243,0.0
2024-04-01,4.22,4.05,0.1500839804447046,0.062221022997208664,0.14100340746322365,0.24137536374661692,0.041118246929472545,4.317500000000001,4.661250000000001,4.764333333333334,0,1,4,4.27192552922718,4.601272428383643,31.589147286821714,-0.2389517206596512,-0.1484248901884932,5.677050824861599,3.6454491751384026,0.08575670074176919,0.07029104913226078,0.05737026581705452,38691595.0,-0.8687726751159526,0,0,-1,0.0,0,71.25714285714287,-0.043389876553408084,0.009876543209876552,1.2084078167231351,2.0137470859335296,1.1158358123867071,-0.10403397027600858,-0.13168724279835398,-0.7787707045873262,0.06635071090047379,0.0
2024-04-02,3.72,4.22,0.009732436918231054,-0.011199370439231046,-0.10453372768183225,-0.3373450286895861,-0.1261114597628651,4.2335,4.5962499999999995,4.715333333333334,1,2,4,4.171575433004056,4.544416142681473,27.91095890410959,-0.2700380620402383,-0.17274752455884224,5.679524154928875,3.512975845071124,0.09277086036796693,0.07409065936272562,0.06085735736926765,38568399.0,-1.6177806809348858,0,0,-1,0.0,0,71.14285714285715,-0.04684997858722836,-0.021327014218009446,-0.07611919067687811,2.146462610896796,1.1761527548794277,-0.17333333333333334,-0.2589641434262947,-0.27699895341194225,0.16989247311827949,0.0
2024-04-03,3.64,3.72,-0.09120240551302201,-0.11210934453781571,-0.008298802814695066,0.005778912588531498,-0.021739986636405875,4.1365,4.52925,4.665499999999999,2,3,4,4.074925354276046,4.486066714121377,28.798586572438168,-0.29769786725818825,-0.19773759309871144,5.676458396614661,3.382041603385339,0.09228880069811803,0.07411233372190448,0.060898801652544514,38444489.0,-1.5502850268950616,0,0,-1,0.0,0,69.4,-0.04833891648065599,0.013440860215053715,-0.040898416620461835,1.464425182623376,1.1764968246647116,0.022471910112359605,-0.26907630522088355,0.014491016295712384,0.05769230769230768,0.0
2024-04-04,3.51,3.64,-0.03784235318315999,-0.01854357771216896,-0.02674332497551092,-0.40564267209219823,-0.03636764417087495,4.0175,4.45825,4.6145000000000005,3,4,4,3.972211653498583,4.423094668049031,28.900709219858143,-0.3263464569046377,-0.2234593658598967,5.674704187166004,3.2417958128339954,0.09135817371595721,0.07428378570033416,0.061067143720918746,38361897.0,-1.5590393949962973,0,0,-1,0.0,0,53.8,-0.05786721046448048,-0.002747252747252811,-1.0497826747544636,1.4979335452820002,1.179218540445001,-0.01680672268907568,-0.28803245436105473,0.38199069224700793,0.06695156695156705,0.0
2024-04-05,3.63,3.51,-0.025105921131076243,-0.025208119772920413,-0.010035926527785455,0.1651700276885695,0.033616610798985064,3.911,4.38725,4.5705,4,5,4,3.909991352862477,4.371927270110384,32.02054794520548,-0.3355002356087833,-0.24586753980967402,5.623873054510704,3.1506269454892957,0.09303966192137364,0.07458404670892005,0.06157629670566542,38459322.0,-1.224706263137916,0,0,-1,0.0,0,58.10000000000001,-0.06052992628685085,0.008547008547008619,-0.6037303871936486,1.0264998299166426,1.1839850361877673,-0.10370370370370374,-0.2811881188118812,-0.8730490408048374,0.04873278236914596,0.0
2024-04-08,3.78,3.63,0.02510592113107626,0.0670990614820806,0.002877699827614974,0.19615916912835585,0.04049136135473699,3.818,4.29275,4.531499999999999,0,8,4,3.886356561432935,4.333738413974231,36.779661016949156,-0.32688282307660366,-0.26207059646305997,5.398578934138982,3.186921065861018,0.09491529226204451,0.06873985040356358,0.06222857058403654,38577861.0,-0.9273586251371442,0,0,-1,0.0,0,64.02857142857144,-0.06349604908147047,0.0,-0.00332428274901887,1.024027247289018,1.091211295965673,-0.10426540284360186,-0.33333333333333337,-0.880788025900283,0.1111111111111111,0.0
2024-04-09,4.07,3.78,0.010959013789719602,0.04756841691910968,0.050430853626891904,0.17501320535439813,0.07391898982300732,3.775,4.23775,4.502833333333333,1,9,4,3.9197462775360377,4.3167230324275065,41.536050156739805,-0.29327222553057464,-0.26831092227656295,5.266609741860405,3.2088902581395953,0.09873564474842274,0.06972149695580639,0.06407973223897769,38719072.0,-0.32608915127084454,0,0,-1,0.0,0,59.62857142857144,-0.0615324508232789,-0.029100529100529068,0.604600352869148,0.7401186128789102,1.1067944518812638,0.09408602150537626,-0.21276595744680848,-0.09613872006523588,0.10565110565110557,0.0
2024-04-10,3.99,4.07,0.1083533079882314,0.015767458252701236,0.05149272805124784,0.33983841854053565,-0.019851768552731585,3.818,4.186750000000001,4.474166666666666,2,10,4,3.9325196816203944,4.295644127109603,38.83647798742138,-0.26997876904259765,-0.2686444916297699,5.153689147924769,3.2198108520752324,0.06905713502026985,0.06958374555197072,0.06410480180728828,38520710.0,-0.40695425440631455,0,0,-1,0.0,0,49.67142857142858,-0.06220658896445512,0.004914004914004809,1.8281466607805692,0.733831681604622,1.1046077161374686,0.09615384615384626,-0.20359281437125742,-0.10196602538495454,0.07558897243107772,0.0
2024-04-11,3.8174,3.99,-0.027263150758363996,-0.015767458252701212,-0.04062305581434397,-0.07869674973072749,-0.04422166828811724,3.84274,4.13562,4.439413333333333,3,11,4,3.911588830416686,4.26478966729608,36.892101804277694,-0.2624208898107905,-0.26739977126597403,5.064514314083601,3.2067256859163997,0.07135605494334885,0.06979143588566407,0.06447994631386222,38337360.0,-0.6851586777424505,0,0,-1,0.0,0,56.65714285714286,-0.06237061352044257,-0.0025062656641604585,1.4973607117079522,0.7705440179939785,1.1079046979734561,0.08757834757834759,-0.21128099173553716,-0.21863120595509405,0.10216377639230881,0.0
2024-04-12,3.72,3.8174,-0.015190165493975233,-0.037364246744867935,-0.013605652055778709,-1.7378478440043459,-0.025845894328599676,3.80974,4.08662,4.398746666666667,4,12,4,3.876754497613652,4.229641946825366,35.568513119533534,-0.2612787235772007,-0.2661755617282194,4.993286220949321,3.1799537790506784,0.056490057388046584,0.06974521282682199,0.06443295503810025,38305109.0,-0.8087209858025408,0,0,-1,0.0,0,45.01428571428572,-0.06480647144253972,0.026876931943207366,-2.0826313203345697,0.8065855267417913,1.1071709296622592,0.024793388429752206,-0.2085106382978723,0.738358506367971,0.07795698924731183,0.0
2024-04-15,3.49,3.72,-0.047006042375930486,-0.023107575010149605,-0.04482543138006427,0.6308283474094863,-0.06382193207071933,3.7367399999999997,4.027120000000001,4.35308,0,15,4,3.8064354980475335,4.18192311154631,35.36231884057972,-0.27575390702863656,-0.2680912307883028,4.925979847631546,3.128260152368456,0.05602744575690571,0.07071305272865185,0.06518398262137223,38244504.0,-1.1951140134144107,0,0,-1,0.0,0,38.4,-0.06300767015881845,0.00537634408602151,-1.3911427770985707,0.8524947584086271,1.122534911797261,-0.07671957671957663,-0.25427350427350415,1.7082593838875446,0.10315186246418334,0.0
2024-04-16,3.21,3.49,-0.057787740481235285,-0.0823093438175499,-0.09932970861551509,0.15904867951530144,-0.08363079907241136,3.68574,3.95962,4.292746666666667,1,16,4,3.697992680220709,4.119218394672355,43.72759856630824,-0.30628855039339564,-0.2757306947093214,4.892116013480961,3.0271239865190394,0.049253227408122366,0.07230095637822648,0.06595326081530148,38173451.0,-1.6077709484284146,0,0,-1,0.0,0,35.11428571428572,-0.06251674309691149,0.011461318051575813,-1.1815958341372277,0.4002836331877306,1.147742100773499,-0.21130221130221138,-0.29605263157894735,-0.4269392270600847,0.12018691588785037,0.0
2024-04-17,3.15,3.21,-0.10756628305601618,-0.021609210523375173,-0.00794285351393688,0.08403499204879067,-0.018868484304382805,3.6367399999999996,3.8866200000000006,4.231746666666667,2,17,4,3.598357647453307,4.056688175661236,42.605633802816904,-0.3315075610023275,-0.2868860679679226,4.83322248668037,2.940017513319631,0.049210733104014644,0.07204886116877683,0.06595628386632028,38096169.0,-1.5563449502087106,0,0,-1,0.0,0,31.157142857142865,-0.05933375831716433,-0.012461059190031164,-0.9794491321264261,0.404335200986209,1.143740213388012,-0.21052631578947378,-0.3167028199566161,-0.3992095581844662,0.10634920634920648,0.0
2024-04-18,3.19,3.15,0.021841741915048854,-0.04328660458631068,0.001593625835278026,-0.08310653912217873,0.012618463959211464,3.6047400000000005,3.8111200000000003,4.173746666666667,3,18,4,3.5241108024617964,4.000772809489543,32.08333333333334,-0.34429729796371467,-0.298368313967081,4.724869323219553,2.8973706767804472,0.04913827693846883,0.07188644569696474,0.06612155222786406,38167288.0,-1.3594975869563724,0,0,-1,0.0,0,30.40000000000001,-0.06075323284331529,0.028571428571428668,-1.0182080863694276,0.583055096413926,1.1411619477031079,-0.16435270079111441,-0.3212765957446809,-0.023279058859694314,0.057366771159874555,0.0
2024-04-19,2.9,3.19,-0.009302392662313561,-0.03145557439774365,-0.09690380563960282,-0.587193469204651,-0.0953101798043249,3.53174,3.7213699999999994,4.10208,4,19,4,3.4106361111051062,3.929755208877315,23.809523809523824,-0.37352803435267923,-0.3134002580442007,4.622100606610092,2.820639393389907,0.05286668154971289,0.07364991790278134,0.06726279885936806,38127754.0,-1.8237861442084948,0,0,-1,0.0,0,27.67142857142857,-0.05092046546655374,0.006269592476489034,-1.5587283469473574,0.6925993947704147,1.1691562011064993,-0.22043010752688175,-0.382321618743344,0.6468280193821401,0.12762068965517237,0.0
2024-04-22,3.68,2.9,-0.07099754973932933,0.16821677416389602,0.034486176071169404,1.2463464855397515,0.2382020151884113,3.52174,3.6698700000000004,4.035746666666666,0,22,4,3.45961136363145,3.9136419695949076,49.285714285714285,-0.3299506564881627,-0.3167103377329931,4.441065438673979,2.898674561326022,0.10548196661292167,0.09816082194004837,0.08146396421530776,38265238.0,0.02627090226938489,0,0,-1,0.0,0,34.17142857142857,-0.0678546021660137,0.031034482758620793,0.5046937896825782,2.3258668971770926,1.5582547400583648,0.054441260744985565,-0.21868365180467086,1.7782289038438206,0.233695652173913,0.0
2024-04-23,4.57,3.68,0.20763936477824455,0.2597361420612216,0.221107581829111,0.7882430976058887,0.21660045272527378,3.5717399999999997,3.67337,4.015746666666667,1,23,4,3.66150020660755,3.955987648975882,62.880886426592795,-0.22105156378532875,-0.2975785829434603,4.460891043595176,2.885848956404824,0.12884594150114598,0.11237807608254599,0.09227354356602681,38567638.0,2.277094706972458,0,0,-1,0.0,0,36.57142857142857,-0.08110054324001613,0.0,2.8618025614032896,2.5761669694643192,1.7839466527818744,0.42367601246105924,0.015555555555555545,0.3752862680020002,0.275711159737418,0.0
2024-04-24,4.79,4.57,0.2122144807820194,0.4616183685776086,0.20621851889811343,2.116046322910067,0.04701720651671048,3.65174,3.73487,4.008413333333333,2,24,4,3.866681987224359,4.0097948974290505,67.29729729729729,-0.11566279812031244,-0.2611954259788307,4.6644159471104425,2.8053240528895573,0.12840727979701252,0.10051928246025622,0.09249367261021746,41077033.0,2.270205153989309,0,0,-1,0.0,0,37.48571428571429,-0.08872853833395654,-0.00437636761487975,4.220043648998372,2.450970631945916,1.5956941401389688,0.5206349206349208,0.345505617977528,0.11515519378038166,0.6921085594989561,0.0
2024-04-25,4.97,4.79,0.1258093465306123,-0.3800197246947291,-0.038955425978360415,-2.5884284398921547,0.03688942868571342,3.7670000000000003,3.80487,4.012746666666667,3,25,4,4.067285262274475,4.07174361372395,67.81914893617021,-0.017416183446919753,-0.21243957747244852,4.881377845523508,2.7283621544764927,0.12614881450762924,0.10051851617393266,0.09244497636773687,41265584.0,2.164647484632859,0,0,-1,0.0,0,39.08571428571429,-0.09259703076536246,0.07724425887265138,-0.10196028110573481,2.4035078991784045,1.5956819757206977,0.5579937304075235,0.392156862745098,0.0033581499398925023,0.20321931589537237,0.0
2024-04-26,4.61,4.97,-0.05989814158106896,-0.08478184254006096,0.04714677842570208,-1.0047549049551747,-0.07519198309998013,3.8560000000000003,3.8328699999999998,4.009746666666667,4,26,4,4.1659606691336615,4.1064698321933735,60.45340050377835,0.03103818626524646,-0.16374402472490954,4.9639704443275035,2.701769555672496,0.1294060583000538,0.0988718005572049,0.09333003550542664,41196549.0,1.374113154843721,0,0,-1,0.0,0,40.51428571428572,-0.09134871425792858,-0.022132796780683993,-0.3177052520789612,2.3123665669320013,1.5695411757092497,0.5896551724137933,0.13827160493827173,0.12678093490188122,0.0790238611713666,0.0
2024-04-29,4.45,4.61,-0.057158413839948755,-0.0703021084701959,-0.07736901908465693,0.10060962319106748,-0.035323760830408356,3.9519999999999995,3.84437,4.00208,0,29,4,4.217604183836632,4.128633068826059,54.947916666666664,0.05588376725038913,-0.11981846632984983,4.996523939093385,2.692216060906615,0.12757353267223745,0.09908421888847035,0.09358132095864514,41120207.0,1.0513004893713465,0,0,-1,0.0,0,42.42857142857143,-0.09583154992728092,-0.004338394793926347,-0.29459736416506394,1.92719956736286,1.5729132121798879,0.2092391304347827,0.05450236966824651,1.3187818093816257,0.08303370786516842,0.0
2024-04-30,5.05,4.45,-0.051407966711510725,0.2408507727676819,-0.0024672040603238967,-0.3225950129570724,0.1264841471091195,4.136,3.91087,4.018413333333333,1,30,4,4.368948877684517,4.188076096643734,62.15596330275229,0.12257607409344562,-0.07133955824519074,5.180354737745361,2.641385262254639,0.12479398061158711,0.09839758727848108,0.09646648056355635,41175499.0,1.794633627534783,0,0,-1,0.0,0,40.54285714285714,-0.10811611399033276,-0.020224719101123563,-0.32676249410237074,1.2746201161094484,1.562013273285803,0.10503282275711157,0.35752688172043,0.3065479828578489,0.32275247524752476,0.0
2024-05-01,4.91,5.05,0.17040063115939477,-0.12185810831979788,0.15378754142511541,-1.7382368739788472,-0.028114301480839158,4.311999999999999,3.9743699999999995,4.028413333333333,2,1,5,4.467321809014605,4.234651832344138,62.624208531681845,0.1622629119437775,-0.024619064207397096,5.312027404176181,2.6367125958238185,0.12539950463807073,0.09854397389451262,0.09668002850894654,41165777.0,1.3989082661658412,0,0,-1,0.0,0,40.51428571428572,-0.11365663138264043,0.023762376237623783,-0.3992294508793377,1.2928135584949862,1.5643370887735295,0.025052192066805867,0.348901098901099,1.1272691906220222,0.05295315682281054,0.0
2024-05-02,5.33,4.91,-0.051598746713908565,0.06550517176866603,0.0,0.960633367984308,0.08207729637132398,4.526000000000001,4.06537,4.049413333333334,3,2,5,4.624172389193767,4.305319456063871,67.31182795698925,0.22501171183285518,0.02530709100065336,5.5131107460555455,2.6176292539444534,0.12498887776580878,0.09871221303011263,0.09773376623293796,41191184.0,1.747039314111395,0,0,-1,0.0,0,42.22857142857144,-0.12658650819769102,0.0,-0.36437401060529406,1.4032158051164871,1.567007802255046,0.07243460764587528,0.5185185185185186,0.6065552644475672,0.11444652908067532,0.0
2024-05-03,5.23,5.33,0.06885708494318919,0.025046031926087734,0.04966263768704218,-0.11964449078768484,-0.018939960100921614,4.759,4.14537,4.067246666666667,4,3,5,4.734322863885809,4.364976265350074,69.24778761061948,0.26363243297862393,0.07297215939624749,5.66676783523332,2.6239721647666796,0.11720699083006056,0.09917152409444482,0.09784767902582903,41168642.0,1.4258334998007445,0,0,-1,0.0,0,43.25714285714286,-0.12507200801316126,-0.013133208255159528,-0.36197433457880995,1.2282889363204124,1.5742991393589063,0.13449023861171372,0.4407713498622592,0.8092617952590211,0.09560229445506692,0.0
2024-05-06,5.78,5.23,-0.011472401162236696,0.054996675747448764,-0.023510656337188268,0.3590676075818613,0.09999240460745452,4.969,4.245369999999999,4.102913333333333,0,6,5,4.924445979542934,4.456268119198457,76.8267223382046,0.33476111840076594,0.12532995119715118,5.920771854198758,2.5699681458012407,0.09510240752462681,0.10081634616772488,0.0994315624750137,41200922.0,1.8319545202293206,0,0,-1,0.0,0,39.0,-0.13337683680987644,-0.005736137667304062,-0.3354184290251386,1.1800266380623516,1.6004098802999984,0.29887640449438213,0.5291005291005293,-0.36277672103751807,0.16261245674740493,0.0
2024-05-07,5.51,5.78,0.10054122922187746,-0.025403567600139454,0.08913870000853999,-0.7165921207640316,-0.04783905951946303,5.063000000000001,4.31737,4.13658,1,7,5,5.030910346898764,4.524250821185653,73.60000000000001,0.36513531788078346,0.17329102453387762,6.082408745481993,2.552331254518008,0.07117340747200858,0.10131767513929112,0.09947363873239529,41185156.0,1.3513924303959903,0,0,-1,0.0,0,37.17142857142858,-0.13061947671693255,-0.005190311418685164,-0.353156805447538,1.1162329580773005,1.6083682310027745,0.09108910891089117,0.3538083538083536,0.5572238808535449,0.058076225045372104,0.0
2024-05-08,5.17,5.51,-0.046271599287819744,-0.03846628082779605,-0.06369193464448535,0.11587839410542491,-0.06369193464448535,5.101,4.3763700000000005,4.190246666666667,2,8,5,5.056199374735352,4.5659120585285145,68.67924528301887,0.35764917424967724,0.21016265447703758,6.173921271327928,2.578818728672073,0.07491330251610241,0.10260583866976272,0.09154950598867757,41167453.0,0.8830123653871761,0,0,-1,0.0,0,38.17142857142857,-0.12661628025832478,-0.003629764065335676,-0.33208073958159273,1.2273498423607017,1.6288171931004396,0.05295315682281054,0.2957393483709272,0.47226898631725595,0.08510638297872349,0.0
2024-05-09,5.38,5.17,-0.08156177222206522,-0.008952611272114051,-0.02150620522096362,-1.45352153741979,0.03981568565335519,5.142,4.4545,4.25058,3,9,5,5.115072215692561,4.618433861204094,73.75478927203066,0.3644603246896976,0.24102218851956958,6.2852832663701825,2.623716733629818,0.0750432550114931,0.10169696446863383,0.09161789478538343,41171591.0,1.0110426690046712,0,0,-1,0.0,0,42.22857142857144,-0.12881310170357163,-0.021276595744680913,-0.33939535101842133,1.093544318390076,1.6143892624450622,0.009380863039399667,0.409336197411851,0.8596466835689673,0.0929368029739777,0.0
2024-05-10,5.92,5.38,0.04445176257083401,0.06611102511206278,0.03868849493125252,1.4071010426056765,0.09564807472222125,5.273,4.564500000000001,4.3129133333333325,4,10,5,5.261422721930277,4.702405870158669,72.48995983935744,0.4087202251804296,0.27456179585174156,6.472218118866795,2.6567818811332065,0.07373136811761664,0.10250637067633465,0.09032028885854589,41188491.0,1.4210694825346433,0,0,-1,0.0,0,46.02857142857143,-0.1293025789772311,-0.01672862453531596,-0.3146686761293483,1.2544654384456813,1.627238187656312,0.1319311663479923,0.5913978494623655,-0.2233020666512859,0.11493243243243254,0.0
2024-05-13,6.22,5.92,0.09719875449219308,0.04606077337653431,0.0856605524960216,0.25257595963168655,0.049433457855173744,5.45,4.701,4.379580000000001,0,13,5,5.435709499761136,4.80031516885811,68.79271070615034,0.46267062898165356,0.31218356247772394,6.674539699972731,2.7274603000272686,0.07057896019707013,0.10037633257455693,0.0904191413833374,41210247.0,1.5393660436838323,0,0,-1,0.0,0,48.114285714285714,-0.1349414510116327,-0.01520270270270268,-0.30201788118523853,1.0910792519997854,1.5934248810539362,0.07612456747404828,0.7822349570200571,-0.12248462726301257,0.0787781350482314,0.0
2024-05-14,6.03,6.22,0.028742468865653945,-0.004705587694620465,-0.00524935588614379,0.08815599959016163,-0.031022896011993914,5.548,4.8420000000000005,4.45658,1,14,5,5.543762317986384,4.879649674093071,64.22018348623854,0.48451016895148236,0.34664888377247566,6.769426427021014,2.914573572978987,0.06397419506390364,0.09799418304053895,0.0872558590949251,41186486.0,1.232731878472939,0,0,-1,0.0,0,55.285714285714285,-0.1352291670934162,-0.03536977491961411,-0.29375246381619835,1.0366101422395477,1.5556094295372564,0.09437386569872963,0.8785046728971964,-0.16729755209562108,0.08139303482587067,0.0
2024-05-15,5.97,6.03,0.006644542718668511,-0.003414104687565215,0.03592581725642873,-0.9414779745807462,-0.010000083334583422,5.654000000000001,4.983,4.534246666666666,2,15,5,5.6212600783524955,4.9499948564096465,61.79245283018868,0.4913131114469147,0.37558172930736344,6.798606031923761,3.1673939680762384,0.06274569426428223,0.09775562140282265,0.08709338844306136,41177218.0,1.0872402742066292,0,0,-1,0.0,0,59.371428571428574,-0.13457960531045687,0.0016583747927031154,-0.3133399770643064,0.8231078162519155,1.5518223809427107,0.15473887814313336,0.8952380952380952,0.19507259137120034,0.043752093802345,0.0
2024-05-16,5.85,5.97,-0.006644542718668613,-0.02789074514084733,-0.019396515305218236,0.8882357616248759,-0.02030526616074557,5.7059999999999995,5.116,4.612246666666667,3,16,5,5.662849155015678,5.008059704383218,65.5,0.48147139275875617,0.396759661997642,6.760197452606576,3.4718025473934238,0.059572744269294646,0.0984512043073217,0.08679504261573028,41154689.0,0.8928368047722937,0,0,-1,0.0,0,62.31428571428573,-0.0892895312181341,0.005025125628140745,-0.2846258946318289,0.8853651300872699,1.5628644172319055,0.08736059479553893,0.8338557993730407,0.9579781796659079,0.03504273504273506,0.0
2024-05-17,5.8039,5.85,-0.040821994520255166,-0.013642639041158549,-0.016511758245453128,-2.4490273844311923,-0.007911555867151933,5.763389999999999,5.261195,4.68471,4,17,5,5.688494763194645,5.0594042395843015,67.41977818378322,0.4645962981425775,0.41032698922662914,6.557505444421341,3.9648845555786583,0.05906788798833234,0.0945347589696639,0.08690654986818562,41152743.0,0.8373071471197737,0,0,-1,0.0,0,62.8,-0.09397219044095254,-0.015384615384615361,-0.31810903844135885,0.5021764031052391,1.50069277491098,-0.019611486486486585,1.0013448275862067,1.7771146655594179,0.03766432915798004,0.0
2024-05-20,6.07,5.8039,0.02401487620387392,0.028531251534909083,0.031073043364273665,1.9571519639215618,0.04482849969479367,5.792389999999999,5.380695,4.761043333333333,0,20,5,5.757859351704709,5.124603966062734,64.35729970159338,0.467307875886112,0.42172316655852576,6.490496456828662,4.270893543171338,0.05111532143949865,0.07764456540744796,0.08695032485206514,41166519.0,1.2422131828331509,0,0,-1,0.0,0,60.42857142857143,-0.0999474700294507,0.01655783180275345,-0.28497711302210693,0.46943341074971434,1.2325692643427748,-0.024115755627009516,0.6494565217391304,1.7117308453338729,0.03459637561779241,0.0
2024-05-21,5.87,6.07,0.008438868645864604,-0.011560822401076084,-0.007562537643249403,-0.9450840025872143,-0.03350397123140181,5.828390000000001,5.445695000000001,4.821043333333334,1,21,5,5.778248560485671,5.172694032768365,63.2883007585405,0.448152469549723,0.42700902715676525,6.506784266496351,4.38460573350365,0.0497021323908131,0.06015577812905334,0.08675728688199691,41161165.0,0.7997536369414571,0,0,-1,0.0,0,59.42857142857143,-0.10359600455161198,-0.0197693574958814,-0.27324274494738404,0.47805316689677607,0.954943373118321,-0.026533996683250405,0.28446389496717717,1.6190463385505294,0.03139693356047691,0.0
2024-05-22,5.7701,5.87,-0.02985296314968116,-0.04154900291287228,-0.01130481287492802,-1.8690044505593197,-0.01716522244764698,5.8884,5.4947,4.88038,2,22,5,5.776767004033731,5.211236353234923,56.68418334801495,0.4200682911431546,0.4256208799540432,6.51814592534503,4.47125407465497,0.0445349346493387,0.05998880345541342,0.0867216344882268,41160339.0,0.5381818290148666,0,0,-1,0.0,0,58.51428571428572,-0.10194975903686611,-0.016183986371379855,-0.7265735083006887,0.48523830703326776,0.9522927323481367,-0.03348408710217743,0.2046137787056368,1.7561098924838685,0.0008492053863884727,0.0
2024-05-23,5.84,5.7701,0.02310757501014949,0.03655315571950079,0.01204138544777764,1.9572602279086364,0.01204138544777764,5.934399999999999,5.5382,4.9478,3,23,5,5.788263912391234,5.251801749800412,59.35009196811771,0.3988539828058917,0.4202675005244129,6.541502380824697,4.534897619175303,0.04339054546243945,0.05966451671349314,0.08600959997612635,41166187.0,0.6016132439592655,0,0,-1,0.0,0,52.37142857142857,-0.10295818427829949,0.024245680317498814,-0.7849336537089274,0.48190330101666673,0.9471448399125579,-0.0017094017094017033,0.17505030181086512,0.8446732569586548,0.025684931506849376,0.0
2024-05-24,5.76,5.84,0.021758180528716777,0.026360669691068633,-0.017271586508660595,0.8724574821260989,-0.013793322132335873,5.9184,5.5957,5.0158000000000005,4,24,5,5.783125019229191,5.284588733684258,49.641833810888244,0.3713059750452903,0.41047519542858846,6.5021609516367445,4.689239048363255,0.029482130936126977,0.05678314896963751,0.08583242628890689,41152194.0,0.3625087207636089,0,0,-1,0.0,0,51.74285714285714,-0.10047107892005569,0.034246575342465786,-0.31613196784031167,0.48962320058271397,0.9014045449967664,-0.0075638794603628545,0.249457700650759,0.9644206655398647,0.07118055555555558,0.0
2024-05-28,5.95,5.76,0.0131580845775112,-0.004889985294191792,0.03593200922606337,0.730116985383019,0.03245374484973857,5.891399999999999,5.6707,5.0978,1,28,5,5.813465924823883,5.327518492801403,58.11209439528024,0.36064806611552935,0.4005097695659766,6.411018483385494,4.930381516614506,0.02630667572589511,0.05581980805373203,0.08452923834646969,41181234.0,0.7545401236580092,0,0,-1,0.0,0,54.68571428571428,-0.10284201347689623,0.06250000000000006,0.9133773848583048,0.41462707907758933,0.8861119820492119,-0.01976935749588138,0.3370786516853932,0.5858397254220225,0.02857142857142856,0.0
2024-05-29,5.76,5.95,-0.03322564762832039,-0.01150382448148469,-0.03245374484973863,0.004226592550446266,-0.03245374484973863,5.864400000000001,5.7062,5.182799999999999,2,29,5,5.803744847583177,5.355420525523893,61.51444184231069,0.33303120793847274,0.3870140572404759,6.386887024456359,5.0255129755436405,0.026464575418766186,0.04920721887196824,0.0829782946871817,41152071.0,0.1580755855981477,0,0,-1,0.0,0,49.971428571428575,-0.09856496735700995,-0.005042016806722731,1.359566853859628,0.41015172895894403,0.7811403830661134,-0.01873935264054516,0.1405940594059405,0.6266796387262105,0.05034722222222223,0.0
2024-05-30,5.91,5.76,0.011754963231443684,-0.008298802814695066,0.02570835671020703,-1.423140910296981,0.02570835671020703,5.8584000000000005,5.756200000000001,5.2748,3,30,5,5.823063966204417,5.391199846457836,60.59152677857713,0.31956465286598146,0.37352417636557705,6.328993784882569,5.183406215117432,0.028006943856094806,0.04863448910821161,0.08260954434937018,41159098.0,0.5370170000414054,0,0,-1,0.0,0,45.08571428571429,-0.10215446606526896,0.03993055555555563,-0.9171176345443476,0.4340307892825122,0.7720485799260446,0.024245680317498852,0.20366598778004064,-0.5348322281345966,0.015228426395939063,0.0
2024-05-31,5.99,5.91,0.0016680571006970134,0.03601043752303303,-0.006791197578001733,1.6277968832596095,0.013445580709351118,5.872400000000001,5.7892,5.368133333333334,4,31,5,5.853415972349068,5.429832114428298,51.71400587659158,0.31175393703578624,0.36117012849961894,6.333969660643831,5.244430339356169,0.02742644595770833,0.045332877451458975,0.08260565832629524,41194884.0,0.7371923016516243,0,0,-1,0.0,0,48.42857142857144,-0.10419425399940244,0.015228426395939063,1.838338705097503,0.43559294586200203,0.719637119709168,0.025684931506849473,0.12382739212007499,-0.5757841032190395,0.058430717863105115,0.0
2024-06-03,6.0,5.99,0.021435280720065085,-0.003220614700042172,0.02190483538804983,-2.255267724325692,0.0016680571006970134,5.892010000000001,5.8277,5.471466666666667,0,3,6,5.880067613740146,5.466617139303891,43.72146118721462,0.30287939970972566,0.3495119827416403,6.31149278295796,5.34390721704204,0.02718209676442579,0.04495504994128252,0.07983850122790384,41198636.0,0.7122884262412491,0,0,-1,0.0,0,45.48571428571429,-0.10323886975098026,0.023372287145242015,-1.0933982765110295,0.40581825316961373,0.7136392939267343,0.04166666666666674,0.14722753346080286,-1.144730410321134,0.03333333333333336,0.0
2024-06-04,6.08,6.0,0.00162999221093097,0.0,-0.008351443089058887,0.9090148598451038,0.013245226750020723,5.89301,5.8427,5.551466666666667,1,4,6,5.916418956696483,5.5061902270907375,51.5225334957369,0.2988565639162628,0.33938089897656487,6.3387143079431425,5.346685692056857,0.023232546940573542,0.03875195317179585,0.06551644332772626,41207948.0,0.9568272374401012,0,0,-1,0.0,0,47.62857142857143,-0.10464417420387327,0.02333333333333328,-0.5022023824347067,0.35131490259375436,0.6151681854635549,0.02184873949579824,0.05190311418685112,-1.4274178529794381,0.04110197368421056,0.0
2024-06-05,6.1,6.08,-0.006535970979785533,0.023905520853554386,0.024880745040269457,0.9171923871165379,0.0032840752011897975,5.91601,5.872199999999999,5.602466666666667,2,5,6,5.9497973282062135,5.544500535020368,54.05742821473158,0.29389443827846495,0.3302836068369449,6.354901263178158,5.3894987368218406,0.02006113522346246,0.03693006921783362,0.05019813634613561,41231249.0,0.9438549984316994,0,0,-1,0.0,0,51.142857142857146,-0.10437373766889925,0.0032894736842104563,0.8302092859438197,0.15533371609362187,0.5862466743047363,0.05902777777777768,0.10707803992740472,0.6675231290420763,0.04098360655737705,0.0
2024-06-06,5.8,6.1,0.07422506131725372,0.03405901959191889,-0.050430853626891856,0.8565615932897154,-0.050430853626891856,5.919,5.9037,5.6361333333333326,3,6,6,5.922561450350538,5.560984371470667,48.59708193041527,0.2627258847072156,0.31677206241099903,6.258823527804211,5.548576472195789,0.02561906107529372,0.03581555712094367,0.05084590260139513,41176374.0,-0.5840221324742666,0,0,-1,0.0,0,45.31428571428571,-0.09338072389744788,0.07704918032786896,2.8016223702276633,0.41495273018242473,0.5685543432554727,-0.01861252115059231,0.12185686653771755,-1.9922470951072953,0.13275862068965524,0.0
2024-06-07,6.1,5.8,-0.1229332616326994,-0.07258705931301518,0.001722653311446156,-0.047048629130491584,0.050430853626891904,5.945,5.9397,5.6738,4,7,6,5.954823004832258,5.59575957331127,57.27196817132472,0.25924367453364816,0.30526638483552887,6.206212533525961,5.673187466474039,0.03021061349095484,0.03645499010502852,0.05119777800343122,41228727.0,1.2029453015153198,0,0,-1,0.0,0,43.4,-0.10207601181352789,0.001724137931034446,2.153933638083065,0.5722891218844735,0.5787050271913553,0.01836393989983298,0.13382899628252787,-0.38696067824976954,0.049180327868852576,0.0
2024-06-10,5.96,6.1,0.032178898364235195,0.013008313513000747,0.009421911241618947,0.10793584543555886,-0.023218290102007107,5.965,5.9417,5.7188,0,10,6,5.955764276680939,5.619258955678285,47.12011728976856,0.24239301215226483,0.2926917102988761,6.2081904145607165,5.675209585439283,0.03097140454810356,0.029600990266414193,0.04927533981182526,41170407.0,0.13734077475293635,0,0,-1,0.0,0,44.74285714285715,-0.0963061692892186,-0.01639344262295076,2.0942574390527393,0.6048252908607905,0.46990115283705325,-0.00666666666666671,0.006756756756756799,0.17276178101194495,0.05453020134228191,0.0
2024-06-11,5.97,5.96,0.016529301951210506,0.001614205354541201,0.01438873745209967,1.1808157919332318,0.0016764463272523522,5.9670000000000005,5.9292,5.769466666666665,1,11,6,5.9583525900116765,5.6418874101506535,52.90731480404697,0.22722633350984367,0.2795986349410696,6.162057046727464,5.696342953272536,0.02923266775673692,0.02718015528818966,0.04858682273731203,41360357.0,0.35042959251950245,0,0,-1,0.0,0,44.4,-0.09480327355766639,0.023489932885905986,3.844116185650327,0.5932687312513333,0.43147158893200177,-0.018092105263157965,-0.04019292604501612,0.4732205395054818,0.04187604690117253,0.0
2024-06-12,6.0,5.97,-0.01486402263214928,-0.01790121032924029,0.0067001925698195654,-2.230001238887568,0.005012541823544414,5.991,5.9277,5.8011333333333335,2,12,6,5.9659248463731895,5.66499144820545,56.96708891447967,0.21514729658475762,0.26670836726980723,6.1581975944619405,5.697202405538059,0.026887873736534933,0.02634412093639461,0.04258253149344312,41380782.0,0.6273384342146633,0,0,-1,0.0,0,46.57142857142857,-0.09454562460764439,0.006700167504187611,-0.21349559082660047,0.5945706908506089,0.41819995503786106,-0.016393442622950727,-0.004975124378109541,0.42595453274593187,0.016666666666666607,0.0
2024-06-13,6.0,6.0,0.009933856524290675,0.01142869582362285,-0.006700192569819562,1.3226465080911745,0.0,6.0,5.9292,5.837466666666667,3,13,6,5.972120328850791,5.686604903159937,55.06329113924051,0.20323184262254212,0.25401306234035426,6.161241929060709,5.697158070939291,0.02579980017285175,0.02623848784161875,0.04210980959616204,41380782.0,0.6102345406849015,0,0,-1,0.0,0,44.57142857142858,-0.09436136409168473,0.011666666666666714,1.0276060402475007,0.4331792330050574,0.4165230816438908,0.034482758620689724,0.005025125628140836,1.255790043668502,0.034999999999999996,0.0
2024-06-14,5.95,6.0,-0.01326719294404891,-0.0032520353863773432,0.0,-0.8821120278232155,-0.00836824967051658,5.9959999999999996,5.9342,5.858133333333333,4,14,6,5.96809845087792,5.7035981352141345,56.129032258064534,0.18759173661086326,0.24072879719445608,6.163347812557987,5.705052187442012,0.025621877867790157,0.02587990888862916,0.03952226768148014,41349051.0,0.1379022546506065,0,0,-1,0.0,0,41.11428571428572,-0.09176479850390745,-0.0016666666666666312,-0.03374427388543545,0.17808566223522906,0.41083081723393655,-0.024590163934426146,0.017094017094017255,-1.333223977816957,0.03193277310924361,0.0
2024-06-17,5.96,5.95,-0.010067199117723968,-0.0297542610817926,-0.003367006547904407,-1.3415206500867993,0.0016792615197199939,5.991999999999999,5.942005,5.882466666666667,0,17,6,5.966626005263753,5.720140191006772,50.36496350364963,0.17399801552922423,0.22738264086140972,6.162953009841099,5.721056990158901,0.025621977593251747,0.025792184522517213,0.039284461093401925,41357347.0,0.16288899830273718,0,0,-1,0.0,0,43.285714285714285,-0.08947679712036959,-0.0033613445378152034,-0.5930367529043247,0.07950564400126181,0.4094382360940186,0.0,0.026895708058374712,-1.4771168386521887,0.005033557046979908,0.0
2024-06-18,5.95,5.96,0.028264558169631422,0.038672034003847416,-0.018723951266287526,0.8387721582965147,-0.001679261519719914,5.979,5.936005,5.888133333333333,1,18,6,5.963603095215798,5.73496985610311,57.98319327731095,0.16056706008886135,0.21401952470690006,6.148680591602018,5.723329408397982,0.0251653762428974,0.023601383149628993,0.03444449683167544,41338154.0,0.13160889686099395,0,0,-1,0.0,0,41.28571428571429,-0.08545691738018052,0.023489932885905986,-0.3438371725859044,0.07863534138446555,0.3746603424664119,-0.00335008375209378,-0.01976935749588138,-0.8764790017067615,0.06302521008403361,0.0
2024-06-20,6.09,5.95,-0.026579637804711898,-0.017094433359300183,0.008554372096658595,-1.0423400069198188,0.023256862164267183,5.978,5.947004999999999,5.907466666666667,3,20,6,5.986584350631107,5.757875026677103,57.6271186440678,0.1593824988738879,0.20309211954029763,6.16790488658858,5.726105113411418,0.02640999882468625,0.02291265558845384,0.03342421118777231,41344922.0,1.294658881073346,0,0,-1,0.0,0,38.71428571428572,-0.0979979698482541,-0.0016806722689075271,-0.6395124248634421,0.19156858068319585,0.363727131378739,0.014999999999999902,0.03747870528109032,1.6585478570449255,0.036124794745484363,0.0
2024-06-21,6.0,6.09,0.008382278752804439,-0.009072227172310765,0.014477319559253186,2.6206734016694266,-0.014888612493750637,5.998,5.958499999999999,5.935133333333334,4,21,6,5.9890235596072685,5.773495992697935,50.42016806722688,0.14945861189493304,0.19236541801122473,6.164031403670701,5.752968596329297,0.020945568410512063,0.022819599154332536,0.03127850236532598,41251896.0,0.40383123219935213,0,0,-1,0.0,0,39.05714285714286,-0.10771328747746654,-0.016420361247947397,1.253732353138289,0.2310110489146121,0.36224990628326237,0.0,0.039843330271572386,1.2177408234302531,0.01323333333333343,0.0
2024-06-24,6.04,6.0,-0.00334448472284736,0.025359232147010004,-0.0009407338417198739,-0.8673193751810293,0.006644542718668511,5.992,5.968500000000001,5.957133333333333,0,24,6,5.998292003315038,5.790689799620649,51.639344262295076,0.1431711379154672,0.18252656199207323,6.169159439166038,5.767840560833963,0.012640219694334326,0.02272739460428808,0.030567814843112454,41290974.0,0.7126502525588754,0,0,-1,0.0,0,37.77142857142858,-0.11106661220514735,-0.005000000000000042,-0.023906010997997797,0.22090071987296564,0.3607862044282649,0.015126050420168013,0.03424657534246589,0.4302258932505201,0.03973509933774838,0.0
2024-06-25,6.09,6.04,0.026447822543609355,0.04888247470212921,0.010033528989577784,-0.10656111553290315,0.008244069775082062,6.005,5.985,5.9628000000000005,1,25,6,6.014966184530485,5.810000135128995,50.42016806722688,0.1406020783826616,0.1741416652701909,6.166861717276178,5.803138282723823,0.010216839875098688,0.022461701585462693,0.024636492936564915,41326102.0,1.154723507207896,0,0,-1,0.0,0,37.285714285714285,-0.12686533830539318,0.014900662251655606,-0.14211938954865216,0.22321338576852318,0.3565684585108771,0.021812080536912637,0.05729166666666674,-0.03251426542627081,0.08047619047619048,0.0
2024-06-26,6.11,6.09,0.05860742695347147,-1.5384497042622583e-05,-0.005840650729541842,1.1714994880025094,0.0032786914616982953,6.019,5.993,5.959133333333332,2,26,6,6.032245060070397,5.8293549651206735,50.42016806722691,0.13858242116029107,0.16702981644821094,6.182303432282141,5.80369656771786,0.010220224895069449,0.021330202896748866,0.02280864337183844,41439454.0,1.236110709557779,0,0,-1,0.0,0,40.88571428571429,-0.1344798453502011,0.0673234811165846,1.5017755963082156,0.21740044528064137,0.33860647367608226,0.026890756302521135,0.026890756302521135,-0.36204468405362145,0.0859247135842881,0.0
2024-06-27,6.1,6.11,-0.07837742835447521,-0.048479443217418046,-0.02285330097743859,-1.1060504273073783,-0.0016380020042384695,6.029,6.01,5.961466666666667,3,27,6,6.044564140057598,5.846815935112889,66.66666666666666,0.13462306098709131,0.16054846535598702,6.170000000000363,5.849999999999636,0.0102448296434984,0.019852209412627518,0.022087904527774312,41401950.0,1.124999999997446,0,0,-1,0.0,0,45.51428571428571,-0.1305289330931207,-0.01636661211129305,-0.18358298854532948,0.1472519510399572,0.31514405448592836,0.0016420361247946325,0.05902777777777768,-1.4135758644732237,0.057770491803278735,0.0
2024-06-28,5.92,6.1,-0.0016652793190612089,-0.03156326445611841,-0.0017137964777346304,-2.5813480152166965,-0.029952322283351217,6.021,6.0104999999999995,5.9598,4,28,6,6.021916114592579,5.851537487686251,38.46153846153847,0.11562785787718166,0.15156434386022594,6.169241763151784,5.851758236848215,0.014254326852368621,0.02034727311061851,0.022691039444967753,41399112.0,-1.1402166412057035,0,0,-1,0.0,0,44.31428571428571,-0.1325416368843947,-0.01639344262295076,-0.9426691509952543,0.24641372380930235,0.3230029470540493,-0.013333333333333308,0.0016920473773265332,-1.9210123934042633,0.028716216216216204,0.0
2024-07-01,5.5,5.92,-0.03217889836423521,-0.02874246886565398,-0.05826890812397576,2.6811228876480815,-0.07358835665748907,5.976000000000001,5.986,5.948133333333333,0,1,7,5.927022275575746,5.828857649771009,28.30188679245282,0.06592360634802485,0.13443619635778573,6.264295564198831,5.707704435801168,0.02633976177429973,0.025553871150150956,0.025911974031859217,41357673.0,-3.492689518060525,0,0,-1,0.0,0,47.94285714285714,-0.13166917375795192,-0.018581081081081134,-0.09771304566261245,0.5233153430160488,0.4056551285897251,-0.08940397350993379,-0.08180300500834725,-1.3537685340279924,0.06000000000000001,0.0
2024-07-02,5.81,5.5,-0.04398246260132886,-0.0034364294985812097,0.010850016024065623,-1.9482536830642014,0.05483247862539466,5.961,5.9765,5.948336666666666,1,2,7,5.905745498198338,5.8276410272051375,44.11764705882352,0.05095960749927819,0.11774087858608422,6.265547437374465,5.687452562625534,0.033233994299642494,0.028894350897608567,0.027959666364689308,41363579.0,-1.152060032169023,0,0,-1,0.0,0,49.74285714285714,-0.13589091819570814,0.010909090909090839,-0.8865430746290666,0.7417872738763712,0.4586836006182492,-0.04597701149425293,-0.03166666666666673,0.0889511537471803,0.04302925989672978,0.0
2024-07-03,5.825,5.81,0.06779311129504739,0.07539801748421185,0.04656089118927329,0.723005123677705,0.002578428587944529,5.9485,5.96375,5.940169999999999,2,3,7,5.891064498525912,5.827470638353193,43.49442379182157,0.03985152170610906,0.1021630072100892,6.2560525649456356,5.671447435054365,0.03326646924005417,0.02870899360190463,0.026619026625593258,41375749.0,-0.9493587579418322,0,0,-1,0.0,0,48.371428571428574,-0.12731450706924502,0.024096385542168773,-0.7530643852744412,0.7411014988605273,0.4557411447695047,-0.04664484451718498,-0.04194078947368418,0.10311621034553879,0.07553648068669519,0.0
2024-07-05,5.98,5.825,-0.008438868645864595,-0.030796599121419403,0.012793351459909542,-0.15553481999712407,0.02626156851077624,5.9375,5.95775,5.943836666666667,4,5,7,5.90723458970302,5.837311242330407,49.33333333333335,0.04305912945555068,0.0903422316591815,6.243120949725933,5.672379050274067,0.0335383036753636,0.029389742111365864,0.02637606117756491,41386166.0,0.155937386208156,0,0,-1,0.0,0,49.71428571428572,-0.13326273234168445,0.012875536480686725,-0.7702601316065318,0.7837912834585249,0.4665476923379787,-0.01967213114754085,-0.01967213114754085,-0.3377426446404708,0.02926421404682271,0.0
2024-07-08,5.98,5.98,0.01680711831638119,0.041118246929472545,0.01346821705086661,0.9914047941098224,0.0,5.935499999999999,5.966749999999999,5.950833333333334,0,8,7,5.92046466430247,5.846516968631671,51.0344827586207,0.04508151012014938,0.08129008735137508,6.242359850102998,5.6911401498970005,0.033202740227893206,0.02707566850808546,0.026158214227091664,41386166.0,0.09615040968274109,0,0,-1,0.0,0,51.057142857142864,-0.12875722596210554,0.003344481605351099,-0.35203764884749356,0.7480511572766055,0.42981291271930416,0.01013513513513531,0.031034482758620863,-0.9443465390058188,0.05852842809364542,0.0
2024-07-09,5.96,5.98,0.0,-0.02787302017945209,-0.013468217050866593,0.9171879569455602,-0.0033500868852820854,5.9275,5.9597500000000005,5.954833333333334,1,9,7,5.927652907156566,5.853838454526403,50.0,0.04455680539731244,0.07394343096056255,6.228126699122133,5.691373300877868,0.033135925511740646,0.024408710589493322,0.02609460714123829,41315918.0,0.0018630529462294904,0,0,-1,0.0,0,50.57142857142856,-0.12110991103200593,0.003344481605351099,0.5488119428724236,0.4008953290351799,0.3874762682612887,0.08363636363636373,-0.022950819672131084,1.2888714095252527,0.042953020134228075,0.0
2024-07-10,6.0,5.96,-0.011735256218420965,-0.025667746748577733,-0.006802747322752523,-2.664839534570914,0.00668898815079671,5.9185,5.96175,5.962833333333333,2,10,7,5.94080692403719,5.8632682316537315,51.677852348993284,0.046828825282299036,0.06852050982490984,6.2307300423042715,5.692769957695729,0.03309174014708405,0.023892384299405794,0.025963646583327026,41320808.0,0.2844077179282402,0,0,-1,0.0,0,54.60000000000001,-0.11885706732213563,-0.005033557046979908,-0.8024036249508655,0.1876535598836398,0.37927984250767155,0.03270223752151469,0.006711409395973256,1.7212356096198658,0.02333333333333328,0.0
2024-07-11,6.76,6.0,0.011735256218420932,0.11926342082681776,0.023609865639133667,2.811125899963987,0.11926342082681776,5.9835,6.00125,5.989833333333333,3,11,7,6.089751119666792,5.921121894127685,65.87677725118482,0.10870201664196255,0.07655681118832039,6.44836796394724,5.554132036052759,0.05229279628686438,0.036959661367450804,0.03418832376868622,41402122.0,3.3939589154576306,0,0,-1,0.0,0,49.4,-0.12564251308201677,0.0,1.349340519125739,0.8659004657217627,0.5867164351166176,0.16051502145922747,0.13232830820770514,2.00023540514033,0.11242603550295856,0.0
2024-07-12,6.74,6.76,0.15272108701766393,0.03345766619084628,0.04879016416943204,-1.6574136654776102,-0.0029629651306569606,6.0475,6.03825,6.0225,4,12,7,6.2079781888182834,5.973952739667834,68.13725490196079,0.15434395270276102,0.09211423949120852,6.594168159444461,5.482331840555538,0.052330929462197445,0.037023565312494004,0.03351715120809582,41386621.0,2.5246521923344667,0,0,-1,0.0,0,54.371428571428574,-0.12309787552268774,0.03402366863905332,-0.6407886952400801,0.9007931526424483,0.587730878794899,0.1270903010033444,0.1233333333333333,2.2084317537148315,0.10237388724035613,0.0
2024-07-15,6.17,6.74,-0.14112195117431195,-0.0773044477329098,-0.2172088157943952,1.2423594766522323,-0.08836108700691932,6.0725,6.046749999999999,6.031166666666667,0,15,7,6.201073063578596,5.986600950011845,52.52918287937742,0.14287431340335388,0.1022662542736376,6.60539756802771,5.488102431972289,0.059498065069044016,0.04225930283081315,0.03710328525878723,41332929.0,0.4412442013669944,0,0,-1,0.0,0,57.74285714285715,-0.10405828058838908,-0.09940652818991097,0.5682377910703241,1.2011277814407346,0.6708456352157968,0.03177257525083599,0.02833333333333332,0.808550224745262,0.22690437601296587,0.0
2024-07-16,6.04,6.17,0.026017727727954874,-0.037799775713447295,0.16841865162496306,-2.7683512702611193,-0.021294825970572882,6.1265,6.0512500000000005,6.0328333333333335,1,16,7,6.17178705201885,5.990046050011081,49.05660377358491,0.12188956109295379,0.10619091563750084,6.608063065106956,5.494436934893045,0.05421386678283402,0.042522025031036914,0.037272756068254045,41329559.0,-0.04040853458723879,0,0,-1,0.0,0,57.02857142857143,-0.10160004199043245,0.009724473257698622,-0.9383016573235821,1.2186050718402213,0.6750162208499235,0.01342281879194629,0.015126050420168013,0.9830796320752269,0.038079470198675566,0.0
2024-07-17,5.79,6.04,-0.03428907347863219,-0.014551590640310797,-0.04255961441879589,1.1589692305118091,-0.04227172036181975,6.1245,6.04275,6.025833333333334,2,17,7,6.102371224379058,5.977139853236173,44.444444444444436,0.08411644106522864,0.10177602072304641,6.610510837343657,5.4749891626563425,0.05387721396290845,0.04359458085476192,0.03806431242507776,41318820.0,-0.8903396760598128,0,0,-1,0.0,0,46.114285714285714,-0.09317785397843906,-0.0033112582781457717,-0.7192290156302671,1.261338737224764,0.692042516710786,-0.03500000000000003,-0.028523489932885893,1.4128978382936281,0.06735751295336782,0.0
2024-07-18,5.711,5.79,-0.006666691358189122,-0.026404174196510626,-0.006805715126533203,-1.5594025091486092,-0.013738151902177977,6.1131,6.0308,6.013533333333332,3,18,7,6.031212819946502,5.9599695401241615,43.40454391319093,0.047261530034215404,0.09087312258528021,6.616556047658527,5.445043952341473,0.054065733007109706,0.04369274459154875,0.038044961102104875,41316562.0,-1.091922144989721,0,0,-1,0.0,0,45.94285714285714,-0.09116960942388846,0.03281519861830749,-0.9350843480081468,0.5112561122548429,0.6936008177226025,-0.15517751479289932,-0.0401680672268907,-1.3106569158494858,0.04710208369812644,0.0
2024-07-19,5.32,5.711,-0.07102551402334778,-0.056765022804190754,-0.08036377712945503,1.0916498133159984,-0.07092083632917281,6.0470999999999995,5.9923,5.987533333333333,4,19,7,5.901901398138047,5.918681182696796,40.50632911392405,-0.013342876386483127,0.07002992279092755,6.657504392807685,5.327095607192315,0.057009184546536806,0.04575083629065089,0.03994808999443634,41309835.0,-2.02133361495815,0,0,-1,0.0,0,43.0,-0.08465107513023674,-0.024689196287865523,-0.8007308570922969,0.48161450700135555,0.7262720105897462,-0.21068249258160232,-0.12643678160919536,-0.31558446722327954,0.07142857142857158,0.0
2024-07-22,5.39,5.32,-0.0496693656345854,-0.04433109406717795,-0.02109378305979948,0.033762797686281605,0.0130720815673527,5.9881,5.9618,5.973866666666667,0,22,7,5.808828416658402,5.884572719297003,48.04270462633452,-0.055088860033623455,0.04500616622601735,6.679392642102825,5.244207357897175,0.057421279462014536,0.04588718100350262,0.039118242942381865,41316793.0,-1.593661825529327,0,0,-1,0.0,0,48.42857142857144,-0.07929056613233203,-0.003740601503759529,-0.7222062630301938,0.4860563847934788,0.7284364158064515,-0.12641815235008103,-0.10166666666666668,-0.2176546098338251,0.04545454545454548,0.0
2024-07-23,5.6,5.39,0.031552928129282426,0.03544214664993176,0.02488166637673669,0.33532181946816336,0.03822121282019767,5.9521,5.9398,5.957199999999999,1,23,7,5.770859613629602,5.866213189019777,46.125461254612546,-0.07041589724966091,0.021921753530881702,6.674083066026136,5.205516933973864,0.05939965652032616,0.046853666169662384,0.03858280560891819,41326523.0,-0.9255286298210922,0,0,-1,0.0,0,46.85714285714285,-0.09009852294259457,0.014842300556586285,-0.580053025131169,0.6762422814792441,0.7437788921794015,-0.07284768211920534,-0.07284768211920534,-0.04053193057398636,0.05535714285714279,0.0
2024-07-24,6.01,5.6,0.019910159959329873,0.08059200733030349,0.04074637729461506,0.8795713072106777,0.07065815080601262,5.9531,5.9357999999999995,5.958866666666667,2,24,7,5.814339683878765,5.875489757470114,52.97906602254428,-0.04891524666678748,0.007754353491347867,6.667505031164669,5.20409496883533,0.06433221844817585,0.04981420387636822,0.04072891860625919,41349971.0,0.20281396693936787,0,0,-1,0.0,0,38.614285714285714,-0.1004507428407324,-0.0035714285714284954,-0.11629490327772507,0.8530714697785482,0.7907759712932403,0.03799654576856648,-0.013136288998357948,-0.4628716268514062,0.09317803660565732,0.0
2024-07-25,5.86,6.01,0.05593305168181201,-0.02671277365340006,0.016219831559700793,-1.1915966185530054,-0.02527514495819483,5.8631,5.923299999999999,5.9552000000000005,3,25,7,5.82264155953717,5.874490418278494,48.064516129032256,-0.04347838086349132,-0.0024921933796199693,6.651005579562522,5.195594420437477,0.04729425145538614,0.050130456284682004,0.04100459738034319,41342849.0,-0.17397145707760908,0,0,-1,0.0,0,39.07142857142857,-0.09500749206558404,-0.018136439267886852,-0.6240450179480069,0.8751901550575695,0.7957963226367814,0.02609000175100684,-0.04091653027823239,-0.29010552847414606,0.05288395904436857,0.0
2024-07-26,5.9,5.86,-0.027662617743556567,0.02506396866321622,0.010639437490567637,1.4309506129946625,0.00680274732275262,5.7791,5.9133000000000004,5.951866666666667,4,26,7,5.836706730530413,5.876136197744398,48.72611464968153,-0.035532364853916754,-0.009100227674479327,6.636262938556623,5.190337061443378,0.047629065344959795,0.050159717155521144,0.041013249488668066,41372638.0,-0.03679303402897308,0,0,-1,0.0,0,42.54285714285714,-0.0955643287078177,-0.02047781569965872,0.3649135405831712,0.5844826564229155,0.7962608245610947,0.10902255639097747,-0.032786885245901565,0.33879712470870493,0.06779661016949143,0.0
2024-07-29,5.82,5.9,0.012121360532344602,-0.023373351185308713,0.0017652255245691492,-2.6483995671711327,-0.01365208916832732,5.7440999999999995,5.9083,5.945866666666666,0,29,7,5.833669143161247,5.87251450756734,47.8125,-0.035283692882268625,-0.014336920716037187,6.632450057145111,5.184149942854888,0.04038163998829942,0.04979955623080633,0.041090645477573434,41370530.0,-0.2438721066959884,0,0,-1,0.0,0,42.07142857142857,-0.09336752359083317,-0.015254237288135719,-0.8267431250197538,0.6367708509875702,0.7905434471285439,0.07977736549165138,-0.016891891891891886,0.6598732777836191,0.0429553264604811,0.0
2024-07-30,5.4853,5.82,-0.0017226533114461818,-0.020478531343540676,-0.03311733088646794,1.3368220383369638,-0.059228474890153704,5.68863,5.907565,5.930376666666666,1,30,7,5.770329298950111,5.8475329264339635,42.63599164449022,-0.06138648614798825,-0.023746833802427404,6.633487644204278,5.181642355795722,0.04350666553732589,0.048869584628814744,0.04238627685751731,41362505.0,-1.1633884226407263,0,0,-1,0.0,0,40.8,-0.08688450952419889,-0.0034364261168385673,-0.5069203748289415,0.772398367220531,0.7757806056172115,-0.020482142857142893,-0.002672727272727382,0.9966345200187768,0.05737152024501854,0.0
2024-07-31,5.48,5.4853,-0.06960882469398347,-0.03509131981127017,-0.02124387833241945,0.701893863288536,-0.0009666858932685564,5.65763,5.891064999999999,5.9143766666666675,2,31,7,5.717542153686454,5.823821124728547,26.642335766423358,-0.08156062347984339,-0.03530959173791061,6.6409317117351785,5.14119828826482,0.0419869634713086,0.04709940889700915,0.04238142981872937,41346314.0,-1.0963681773492817,0,0,-1,0.0,0,46.885714285714286,-0.10648861590516502,-0.013727599219732645,-0.17411584564510718,0.3996735735405401,0.7476799370377752,-0.08818635607321124,-0.05679862306368322,-1.0814644361644024,0.04197080291970794,0.0
2024-08-01,5.61,5.48,0.03630162667621482,0.0017841217935016136,0.007421184337616826,-1.4041792435102878,0.023445618574680725,5.647530000000001,5.8803149999999995,5.903043333333333,3,1,8,5.697989034834372,5.810026213455738,30.17543859649122,-0.08606673536685427,-0.04546102046369935,6.640266121073692,5.120363878926307,0.04275762551349836,0.04744093080128589,0.042639734130430144,41350290.0,-0.7114010164708655,0,0,-1,0.0,0,42.68571428571429,-0.10906944144982164,0.023722627737226255,-0.6880032693097928,0.48652018816640646,0.75310142919376,-0.0426621160409556,-0.036909871244635184,-1.1961728861399796,0.03565062388591803,0.0
2024-08-02,5.4,5.61,-0.018403606382472442,0.0,-0.001850139288161366,-0.5854754545078825,-0.03815176596437629,5.655530000000001,5.8513150000000005,5.880043333333333,4,2,8,5.643809210319031,5.78357290936182,34.53815261044177,-0.1053684841630389,-0.05744251320356726,6.639008836528744,5.063621163471257,0.03819676292788478,0.04765236816143574,0.04287792028181788,41348076.0,-1.145914768075074,0,0,-1,0.0,0,41.385714285714286,-0.10106299302531273,-0.018235294117647148,-0.7390493718948768,0.5010917144613144,0.756457893230707,-0.0847457627118644,-0.09698996655518399,-0.020247449676890242,0.03888888888888888,0.0
2024-08-05,5.5,5.4,-0.021601728231226785,-0.012556218775412594,-0.018692133012152633,1.8228869267353738,0.0183491386681964,5.66653,5.8273150000000005,5.8633766666666665,0,5,8,5.617662081170116,5.76527788295138,39.024390243902424,-0.11131294850007034,-0.06821660026286788,6.627648470695744,5.026981529304257,0.03840552966151119,0.04791400068212037,0.042996601648243725,41361780.0,-0.8179465484942412,0,0,-1,0.0,0,33.05714285714286,-0.10064039350459006,-0.0018518518518519768,-0.2121307264689366,0.5634380245529199,0.760611180738418,-0.054982817869415834,-0.08026755852842815,-0.5079181387038867,0.043636363636363674,0.0
2024-08-06,5.45,5.5,0.02020270731751947,0.0,0.02699093582684769,-1.2961986232680438,-0.009132483563272474,5.651529999999999,5.8018149999999995,5.843710000000001,1,6,8,5.587178066411913,5.744937374373872,42.47787610619469,-0.11869037271284455,-0.07831135475286322,6.616714568303455,4.986915431696544,0.03631094815480415,0.04793274164536116,0.042983157013848715,41358031.0,-0.8634560961480082,0,0,-1,0.0,0,19.014285714285712,-0.08293618231098006,0.0,-0.5819323132214773,0.387627984629113,0.7609086843068076,-0.00643538183873249,-0.08557046979865768,-0.7437013274867894,0.01743119266055041,0.0
2024-08-07,5.31,5.45,0.014440684154794428,0.007194275634027231,-0.030752719452162354,-0.4055984859009596,-0.02602377342130536,5.58153,5.767315,5.81771,2,7,8,5.53678205433702,5.716876898607816,41.36148211977594,-0.1342859002560397,-0.08950626385349852,6.604992353475919,4.929637646524081,0.025315124132137653,0.04812044694375691,0.043135492520885214,41355532.0,-1.091864303367841,0,0,-1,0.0,0,16.557142857142857,-0.06011056815937832,0.023853211009174292,-0.6366574876257209,0.42520346952514804,0.7638884135427535,-0.031021897810219135,-0.1150000000000001,0.04833357996108664,0.0564783427495292,0.0
2024-08-08,5.49,5.31,-0.05148195583514345,-0.01626052087178029,-0.012981377670162829,0.5055295112424494,0.033336420267591926,5.54453,5.7038150000000005,5.797043333333334,3,8,8,5.528276226275743,5.702239679342796,54.02843601895735,-0.13061532040804646,-0.09772807516440811,6.406280733271847,5.001349266728154,0.02860000423666744,0.03821026263799486,0.04366457923347427,41359675.0,-0.6087556726906027,0,0,-1,0.0,0,17.65714285714286,-0.0808443191017892,-0.0018832391713747246,-0.5736034033494778,0.4734106269532285,0.6065691148235834,-0.021390374331550777,-0.187869822485207,0.27822880788215626,0.050637522768670395,0.0
2024-08-09,5.49,5.49,0.03522143496336321,0.0,0.051964596258840604,-2.622065177328526,0.0,5.5035300000000005,5.641315,5.77671,4,9,8,5.521316912407426,5.688546796804552,52.45098039215687,-0.12625101630596536,-0.10343266339271956,6.151802590549821,5.130827409450179,0.02833672429934454,0.03824324500565807,0.04366691160047024,41359675.0,-0.5928253802879933,0,0,-1,0.0,0,24.085714285714285,-0.08195968792913348,0.0,-0.8082695079110411,0.3699419160558627,0.6070926936785053,0.016666666666666607,-0.185459940652819,0.14459765532249688,0.0,0.0
2024-08-12,5.46,5.49,0.0,0.014466798417753479,-0.009149194653587977,2.758579083800246,-0.005479465764625596,5.467530000000001,5.605815000000001,5.761376666666666,0,12,8,5.510168382878803,5.673801842172001,46.23655913978496,-0.12378609410284369,-0.10750334953474439,6.056779068005064,5.154850931994937,0.028237966882560986,0.03391682001617618,0.04337560503353657,41354926.0,-0.6466812340284432,0,0,-1,0.0,0,23.8,-0.08463440154557833,0.0,-0.4393559786252643,0.34719704207169383,0.5384128261496393,-0.0072727272727273196,-0.11507293354943271,1.1303171942633508,0.02380952380952379,0.0
2024-08-13,5.45,5.46,-0.03522143496336319,-0.012646961700767421,-0.035550984264318984,0.9267225489658062,-0.0018331810816609605,5.464,5.576315,5.75971,1,13,8,5.499228676900838,5.659363013644775,30.821917808219183,-0.12124194030720314,-0.11025106768923613,5.982674318700621,5.169955681299379,0.021681599798446922,0.03372567942848473,0.04136492680448222,41342929.0,-0.6216911693026084,0,0,-1,0.0,0,25.514285714285712,-0.0782111299656088,-0.029304029304029332,0.4593124639742833,0.34065709868551763,0.5353785633867454,0.0,-0.09768211920529801,0.877913498131776,0.04587155963302752,0.0
2024-08-14,5.4199,5.45,0.027908788117076658,-0.009132483563272474,0.030021016254857844,-1.2296105440228544,-0.0055382435783064956,5.45799,5.55781,5.746706666666666,2,14,8,5.4848052811006855,5.643913786958016,33.579583613163194,-0.12026812248660423,-0.11225447864870976,5.9568386041720105,5.158781395827989,0.021741839416628623,0.03260037585608289,0.04000418749957483,41339421.0,-0.6912286415464616,0,0,-1,0.0,0,26.428571428571438,-0.07912164100855608,0.0,-0.6098292369014605,0.2660987020313897,0.5175149229745785,0.020696798493408775,-0.06392055267702934,2.12529510052572,0.007380209966973567,0.0
2024-08-15,5.4,5.4199,-0.027908788117076616,-0.009216655104923952,-0.03959046727100853,-0.07270557031111448,-0.0036784115266175208,5.43699,5.54226,5.73254,3,15,8,5.4693861390823795,5.628177413605886,31.060606060606062,-0.11972204729967917,-0.11374799237890365,5.940390882473391,5.144129117526608,0.019948059541508186,0.03250176500124174,0.03999819020371238,41336159.0,-0.7146393623936332,0,0,-1,0.0,0,32.37142857142857,-0.08763949927797983,-0.02212217937600331,-0.651879162811468,0.03790902368066806,0.5159495241836913,-0.016393442622950838,-0.05445631237961823,0.5445556646470288,0.03703703703703707,0.0
2024-08-16,5.48,5.4,0.011257154524634468,0.025595547188963723,0.030305349495329058,1.7764165332302735,0.014706147389695487,5.44499,5.55026,5.715873333333334,4,16,8,5.471315931976492,5.618617580470023,37.12121212121213,-0.11154809041761826,-0.11330801198664657,5.935817900082314,5.164702099917686,0.016685825999293826,0.02868907237041827,0.03976700394031804,41355433.0,-0.3644588788609922,0,0,-1,0.0,0,33.74285714285715,-0.09075077363301683,-0.007407407407407414,1.3094358743716328,0.1365844172565797,0.45542490502356636,-0.0018214936247722413,0.03007518796992481,2.0685800985705747,0.0328467153284671,0.0
2024-08-19,5.78,5.48,0.178895295849868,0.22962072401324,-0.011257154524634558,2.346163480252513,0.05329858172436192,5.47299,5.5697600000000005,5.709206666666668,0,19,8,5.527440307980766,5.629029349471957,61.46424959153508,-0.07994116590412137,-0.10663464277014154,5.96060333865184,5.178916661348161,0.02336402217125309,0.030966829015824232,0.041102907191786914,41556758.0,1.075827469518575,0,0,-1,0.0,0,39.88571428571429,-0.09974143503005994,0.16970802919708022,4.177650071073492,0.40304933508051366,0.49158317080877983,0.05860805860805862,0.07235621521335811,1.7442024908158535,0.2889273356401384,0.0
2024-08-20,6.07,5.78,-0.09655900918923217,-0.10903376102412236,0.03250371981787103,-1.2907200571621342,0.048954922387120785,5.53499,5.59326,5.7128733333333335,1,20,8,5.626087524711535,5.657479068860863,68.78980891719745,-0.031132992386092795,-0.09153431269333179,6.043729590772365,5.142790409227635,0.026620353037934738,0.031726170932028695,0.042116431496682157,41612137.0,2.1166356609448025,0,0,-1,0.0,0,44.68571428571429,-0.10092313130588763,0.006920415224913501,0.7770755040695814,0.458305960271427,0.5036373500308454,0.11376146788990837,0.08392857142857157,0.31610483811283935,0.12766062602965397,0.0
2024-08-21,5.7999,6.07,-0.022590013605106936,-0.055935632330303305,0.024340179158657955,-1.0433758226716683,-0.04551792904697797,5.58398,5.582755000000001,5.706203333333334,2,21,8,5.657689792945801,5.66666751603113,55.552306882638426,-0.014084617209448425,-0.07604437359655512,6.000947680219979,5.164562319780022,0.029966337558121878,0.029121615679713525,0.04292595831985851,41592629.0,1.0384925909548501,0,0,-1,0.0,0,50.22857142857144,-0.09839932059101358,-0.06260296540362437,-0.025494779420301546,0.6498389574290094,0.4622913171895272,0.07011199468624874,-0.034958402662229604,-0.5892276278801171,0.05172502974189207,0.0
2024-08-22,5.3,5.7999,-0.0035211303985789363,-0.03161116069618761,-0.056843898976528834,-0.4202863146309764,-0.0901338554663529,5.56498,5.554755,5.657536666666667,3,22,8,5.592655285137473,5.643011547254928,47.499999999999986,-0.040445182330772766,-0.06892453534339865,5.969765439818072,5.139744560181928,0.04102110745407821,0.03446085531112884,0.038597366751558816,41579815.0,-1.227704055404858,0,0,-1,0.0,0,46.77142857142858,-0.09109746150150015,-0.022396937878239303,-0.18280660876596308,0.9759500870121152,0.5470491187189577,-0.0185185185185186,-0.0955631399317407,-0.6013230342461985,0.08039622641509432,0.0
2024-08-23,5.16,5.3,-0.048790164169431945,-0.04941906204666648,-0.03846628082779605,0.1345161580910642,-0.02677024106460478,5.53198,5.517754999999999,5.60487,4,23,8,5.513990687839751,5.611849511948159,41.66666666666667,-0.07180522415140267,-0.06950067310499947,5.935106879681615,5.100403120318384,0.0416700803258156,0.03468993150352611,0.03874268590985299,41565156.0,-1.7144046423028891,0,0,-1,0.0,0,51.57142857142857,-0.09226233713186015,0.018867924528301987,-0.12426341904085357,0.9745808129646322,0.5506855905371704,-0.058394160583941646,-0.12542372881355934,0.03831065475666395,0.06782945736434119,0.0
2024-08-26,4.81,5.16,0.0018501392881613734,-0.007366515816762554,-0.0585434556126103,0.6941699195438537,-0.07023949537580168,5.46698,5.467255,5.559536666666667,0,26,8,5.385992380959795,5.5601172853708585,36.324786324786324,-0.12347699225415987,-0.08029593693483156,5.966923818634784,4.967586181365215,0.046113116655939375,0.0373266004667601,0.03771057402948999,41535808.0,-2.6307625190452315,0,0,-1,0.0,0,52.94285714285714,-0.09377664677763181,0.04844961240310077,0.17694010266835616,0.8368681642041305,0.5925414127350882,-0.16782006920415238,-0.1735395189003438,1.2698943385092234,0.12474012474012486,0.0
2024-08-27,4.75,4.81,-0.11963317494454502,-0.10786930802430297,-0.02313457540165674,-0.1566354780716643,-0.01255246607111986,5.39698,5.43049,5.516536666666666,1,27,8,5.2703574026034685,5.50785165405661,37.61061946902656,-0.16733975082749808,-0.09770469971336487,6.023967391579392,4.837012608420608,0.04598466736757911,0.03555045995913663,0.03763706780853642,41510715.0,-2.2932297326071507,0,0,-1,0.0,0,52.28571428571429,-0.09119498253662983,-0.002079002079002035,0.06145918301058634,0.4756195292931598,0.5643460562750099,-0.21746293245469528,-0.13404918600623483,-0.2192309301332116,0.03301052631578939,0.0
2024-08-28,4.57,4.75,-0.023183335455657164,-0.0014010798846954644,-0.0959486814754798,-0.24956248676173046,-0.03863141314043645,5.31199,5.38499,5.47587,2,28,8,5.143019693039201,5.447345095730378,29.64601769911505,-0.21415712861769087,-0.12099518549423008,6.091293947990847,4.678686052009153,0.04656014382085643,0.036197733521103545,0.03753309806210188,41491164.0,-2.3077600013940796,0,0,-1,0.0,0,51.08571428571429,-0.09367588994220169,-0.01263157894736834,-0.06814342439937748,0.48051398983645327,0.5746212055261584,-0.2120553802651769,-0.166058394160584,-0.4180684100373548,0.12691466083150985,0.0
2024-08-29,4.87,4.57,-0.05703299840114391,0.0041152321451065794,-0.04038298083061087,-0.8181296159239113,0.06358073218838499,5.25899,5.34799,5.447836666666666,3,29,8,5.093379748850255,5.4100970250380955,37.890625,-0.22446524935225565,-0.1416891982658352,6.081663556835795,4.614316443164205,0.05326414188687746,0.039242027646076094,0.0397855278975808,41499791.0,-1.3030045734822093,0,0,-1,0.0,0,56.057142857142864,-0.09511018038266705,-0.030634573304157673,-0.3220850609018052,0.7918323164033721,0.6229478765606324,-0.0811320754716981,-0.13190730837789666,1.3001924274992451,0.15790554414784397,0.0
2024-08-30,4.4,4.87,-0.012378785063295481,-0.03128513749703448,0.06478995258382647,0.06289262119488764,-0.10148939617028287,5.15099,5.29799,5.41717,4,30,8,4.9673107036047535,5.344929475035638,32.33333333333333,-0.2674762812741829,-0.16684661486750474,6.144381127453297,4.451598872546704,0.059054331162939115,0.04368035320963523,0.04162655554392679,41490604.0,-2.121926780357348,0,0,-1,0.0,0,60.31428571428573,-0.1022796161239901,-0.10154004106776188,-0.31832222962110523,0.9840889748674995,0.6934041106329409,-0.14728682170542629,-0.18518518518518512,0.9144958060432142,0.07829545454545454,0.0
2024-09-03,5.0,4.4,0.005583741930466782,0.05762911283663642,0.005583741930466782,1.9005645733931231,0.1278333715098848,5.07299,5.27299,5.40417,1,3,9,4.973254212040253,5.32267596051721,43.73259052924791,-0.2502629725945056,-0.1835298864129049,6.123783464701646,4.4221965352983545,0.07423968373931944,0.054286147331529165,0.048958782547089144,41552062.0,-0.6417303642447032,0,0,-1,0.0,0,56.34285714285714,-0.10297272825320106,0.0,0.8063391385047173,1.446282917698654,0.861765872850233,0.03950103950103956,-0.09090909090909094,0.41782513239275737,0.11999999999999993,0.0
2024-09-04,4.65,5.0,0.09324192674026578,-0.019182819416773873,0.01578386770126195,-1.3549952578213618,-0.07257069283483537,4.9309899999999995,5.23299,5.372503333333333,2,4,9,4.914480718942025,5.279277511451584,40.1544796542111,-0.26184499032302533,-0.199192907194929,6.123060277296347,4.342919722703653,0.07277595217922082,0.0562951866670191,0.04989751536404295,41536209.0,-1.3099864468474864,0,0,-1,0.0,0,56.62857142857143,-0.1076282321426679,-0.03399999999999999,-0.23171545390858705,1.5584787962398927,0.8936583835853499,-0.021052631578947323,-0.14678899082568808,0.69470738465677,0.0935483870967743,0.0
2024-09-05,4.52,4.65,-0.06633447382034155,-0.019433276554318993,0.009352105570280362,-0.48486145939613506,-0.02835522575512535,4.803,5.19349,5.322836666666666,3,5,9,4.842756951861656,5.230291865551482,39.054726368159194,-0.27830560261376913,-0.21501544627869704,6.137645252398491,4.249334747601509,0.07244503530774962,0.056338334141577816,0.047805012590916185,41526447.0,-1.4266509629408834,0,0,-1,0.0,0,50.62857142857143,-0.10721910075580027,-0.027956989247311995,-0.37877225931624425,1.5449864766475059,0.894343328509647,-0.010940919037199293,-0.1487758945386064,0.62523799595607,0.06606194690265496,0.0
2024-09-06,4.86,4.52,0.015368030228313937,0.016370487023772987,-0.009352105570280288,0.3620589082740387,0.0725264440682628,4.759,5.16199,5.289503333333333,4,6,9,4.8458920515231725,5.2064020677739675,42.757009345794394,-0.26090801278328346,-0.22419395957961433,6.106530079448347,4.217449920551654,0.07458470895325749,0.05861096822694816,0.050051611979243224,41540468.0,-0.6394434848680547,0,0,-1,0.0,0,39.34285714285715,-0.1216793917080523,0.015486725663716878,-0.2949096846942734,1.5713015216132804,0.930420276175279,-0.002053388090349051,-0.11475409836065575,0.5563205459334913,0.08641975308641973,0.0
2024-09-09,4.59,4.86,0.04473589384139152,-0.01857638557293542,-0.03390155167568134,-0.04530149878212885,-0.057158413839948755,4.702,5.11699,5.2458366666666665,0,9,9,4.799366223973505,5.166634192433712,36.0,-0.2658425733117262,-0.2325236823260367,6.0812811569482,4.152698843051801,0.07601841347409151,0.059694695182342605,0.050832262729545136,41527068.0,-1.0930101270820007,0,0,-1,0.0,0,41.971428571428575,-0.14806466413302674,-0.01234567901234578,-0.326329455126236,1.4275324969292913,0.9476239082537044,0.04318181818181799,-0.16393442622950827,0.7391775174139668,0.10435729847494556,0.0
2024-09-10,4.5901,4.59,-0.04910271300773185,-0.036988207050565575,0.05602634795631743,-1.9687816596649133,2.178625505243111e-05,4.68001,5.073494999999999,5.204840000000001,1,10,9,4.7613178196146855,5.12943843808315,31.31486578621751,-0.2666711597848739,-0.23935317781780416,6.051026125308775,4.095963874691224,0.07316854992307276,0.0597158977539984,0.050833216203458244,41528939.0,-0.9890119863903221,0,0,-1,0.0,0,39.6857142857143,-0.13554576673450602,-0.004357298474945441,-0.5861277099337543,0.9119564452383387,0.9479604886442419,-0.08198000000000005,-0.15932234432234438,1.1613120316423218,0.012134811877736839,0.0
2024-09-11,4.75,4.5901,0.04701720651671048,0.0369882070505655,0.008714652102443909,1.3207219902262353,0.03424280771904354,4.68001,5.038494999999999,5.1803300000000005,2,11,9,4.759260034230197,5.104958538851979,36.364580898205155,-0.25152579408964915,-0.24178770107217315,6.009369454402111,4.0676205455978875,0.07396378802012106,0.06044038074825145,0.050441476450545836,41535948.0,-0.5942992911017759,0,0,-1,0.0,0,43.08571428571429,-0.13108051098447954,0.04355024944990315,-0.4617627825125281,0.817137508103068,0.9594612996355759,0.021505376344086002,-0.12844036697247707,0.3204192117481429,0.0399999999999999,0.0
2024-09-12,4.48,4.75,-0.00838579337627407,-0.010471299867295366,-0.03757348056442378,-0.5836576635209133,-0.05852157161965595,4.671010000000001,4.9915,5.146996666666666,3,12,9,4.708485482551979,5.064638633119594,38.67403314917128,-0.2583318375581811,-0.24509652836937476,5.975542470200329,4.007457529799671,0.07534106764706995,0.061537132409360505,0.05136524081777893,41532038.0,-1.0395892768649917,0,0,-1,0.0,0,42.97142857142857,-0.12055760086423631,0.0,-0.5330738538037877,0.9115113007499297,0.9768716925073252,-0.008849557522123686,-0.17341648369896123,0.28857700112512485,0.06919642857142848,0.0
2024-09-13,4.5,4.48,-0.0011374888004225712,-0.0011374888004225712,0.01342302033214055,1.0247665943993087,0.004454350349380153,4.63401,4.9465,5.1099966666666665,4,13,9,4.6705790311788915,5.028210334208652,40.57142857142856,-0.25912481363685114,-0.24790218542287004,5.934194073667531,3.9588059263324693,0.07186924393914809,0.061592036904844626,0.051108032340719645,41542933.0,-0.9041261092962624,0,0,-1,0.0,0,48.62857142857143,-0.11482825078537044,0.059062499999999934,-0.3839982457464547,0.6390794729429907,0.977743274352788,-0.07407407407407418,-0.16666666666666674,-0.08242828123300429,0.05435555555555559,0.0
2024-09-16,4.605,4.5,-0.030950825751078014,-0.01370901931657192,0.021978906718775167,0.738061752792611,0.023065272930996188,4.65451,4.90275,5.083496666666666,0,16,9,4.658655570964548,5.000906441679062,46.8509984639017,-0.24841703348610178,-0.2480051550355164,5.868209451027858,3.9372905489721424,0.06465471483391164,0.06178213326136837,0.051026359956579635,41565724.0,-0.616804775556355,0,0,-1,0.0,0,50.31428571428571,-0.11441379887918038,0.022222222222222143,-0.11542121414668172,0.56137078325593,0.9807609604597957,0.0032679738562093608,-0.15967153284671531,-1.3760352816759442,0.017372421281216084,0.0
2024-09-17,4.65,4.605,0.0,0.01904819497069441,0.0,0.4306095870443757,0.00972454989199478,4.61951,4.8462499999999995,5.055163333333334,1,17,9,4.657081830789175,4.978267316409445,48.4567901234568,-0.23360704010889144,-0.2451255320501914,5.7238066282522935,3.968693371747705,0.046112746698758714,0.06022032142065522,0.05091785476924793,41600781.0,-0.44726458369038263,0,0,-1,0.0,0,54.62857142857143,-0.10815170860822775,-0.001085776330076174,0.9905350945935523,0.5643819186228527,0.9559679661085776,0.013049824622557438,-0.19550173010380623,-1.6227875103680542,0.03655913978494622,0.0
2024-09-18,4.525,4.65,0.0021715535135079325,-0.025479085300984784,-0.052438114203483654,-0.6295218754328734,-0.027249642447375474,4.607010000000001,4.769,5.024330000000001,2,18,9,4.633066952463871,4.9490242637378685,49.293563579277865,-0.22931309042465298,-0.24196304372508376,5.44088470502175,4.09711529497825,0.041251172980852735,0.05867246296325618,0.05107846579937028,41582101.0,-0.7263150900037271,0,0,-1,0.0,0,55.17142857142858,-0.11546751652830421,-0.008602150537634416,0.07596375555130264,0.5136253041853621,0.931396474850542,-0.047368421052631504,-0.2545304777594728,-0.8544883675579713,0.06298342541436466,0.0
2024-09-19,4.36,4.525,-0.015300844955300598,-0.02394020754600835,-0.0011461319306225722,-0.6212748042965208,-0.03714551979094646,4.59101,4.697005,4.992663333333335,3,19,9,4.5834184156522575,4.911022698335426,41.63934426229508,-0.23649802340224735,-0.24087003966051648,5.188007971263442,4.206002028736558,0.04192904805358433,0.05847241928911341,0.05126701012660416,41572065.0,-1.3727208172806902,0,0,-1,0.0,0,63.80000000000001,-0.12893051404432446,0.003314917127071752,-0.5373560400904884,0.40310312355418093,0.9282208799717416,-0.0267857142857143,-0.24826290108450144,-0.34629956318616995,0.041284403669724704,0.0
2024-09-20,4.36,4.36,-0.03816400294575779,-0.03816400294575779,0.0,-1.0078961447074986,0.0,4.54101,4.650005,4.954996666666667,4,20,9,4.542796885533665,4.875472846829915,49.224806201550386,-0.23943211022626265,-0.24058245377366574,5.073260057979601,4.226749942020399,0.03192992203590944,0.055879364692887526,0.05074439313775268,41572065.0,-1.3703557442849348,0,0,-1,0.0,0,61.2,-0.13030399797577974,0.0022935779816513273,-0.9585759676925659,0.3975998100785345,0.8870574143859814,-0.03111111111111109,-0.1773584905660377,-0.20251668333115655,0.0022935779816513273,0.0
2024-09-23,4.24,4.36,0.02038575692447396,0.02038575692447396,-0.030270064302756337,0.7675671043636917,-0.027908788117076616,4.506010000000001,4.604005000000001,4.91333,0,23,9,4.487742906345726,4.83447459864734,31.904761904761926,-0.24857497471543333,-0.24218095796201927,4.992423442160741,4.21558655783926,0.02857239090825057,0.05589885616271285,0.05087294999724165,41564173.0,-1.8742930844121095,0,0,-1,0.0,0,63.85714285714287,-0.1378730595646378,0.02293577981651368,-0.6176405115738168,0.31648883548071666,0.8873668318770509,-0.07926167209554835,-0.17829457364341084,0.571615105250984,0.054245283018867815,0.0
2024-09-24,4.2,4.24,-0.009009069942365968,0.08382993891741905,-0.01668691878501471,0.7746897959879201,-0.00947874395454377,4.4670000000000005,4.573505,4.87133,1,24,9,4.435426014282867,4.793540753573318,37.430167597765376,-0.25609630758056223,-0.24496402788572788,4.988692544053156,4.158317455946844,0.028450969835116965,0.05412343768744805,0.05087307167514723,41547048.0,-1.7992110088552207,0,0,-1,0.0,0,66.42857142857143,-0.12913267108813636,0.04245283018867917,0.09898338132719828,0.23634387105167698,0.8591829373253302,-0.09677419354838712,-0.12681912681912666,0.5209529396111978,0.16428571428571417,0.0
2024-09-25,3.92,4.2,-0.06303136184699971,-0.1558703707067847,-0.11179140598811668,0.7581965201126815,-0.06899287148695156,4.384,4.532005,4.82033,2,25,9,4.341712193504163,4.737183285600846,34.536082474226816,-0.28140679563636883,-0.2522525814358561,5.030483022426417,4.033526977573582,0.029374025094099906,0.05582631283719134,0.051990160112369656,41510496.0,-2.455494414862955,0,0,-1,0.0,0,65.74285714285715,-0.09015477328098932,-0.011904761904761862,1.4323814061347908,0.4121014074315945,0.8862152422854058,-0.13370165745856366,-0.1747368421052632,-0.7126787654851153,0.10969387755102045,0.0
2024-09-26,4.19,3.92,-0.06727318060742499,0.05394039014574777,0.04211148535012685,-1.476354612089878,0.0666090801316753,4.355,4.513005,4.7793333333333345,3,26,9,4.314128158321588,4.701881138142728,32.08556149732621,-0.2764915735075988,-0.2571003798502047,5.03385155978719,3.992158440212809,0.03708983374436469,0.05789442263094135,0.053931174702965205,41518847.0,-1.2403077026446097,0,0,-1,0.0,0,70.74285714285713,-0.06970883305437284,-0.01020408163265307,-0.5257744489860235,0.7854920811061078,0.9190454674748435,-0.03899082568807333,-0.08315098468271331,0.7381658511616073,0.11933174224343675,0.0
2024-09-27,4.115,4.19,0.09108382930114349,-0.03012974145202927,-0.03141619623337893,-0.21387636241864744,-0.018061899805013323,4.3165,4.475255,4.7365,4,27,9,4.277923038626754,4.664017838907713,35.82089552238807,-0.2754726208596159,-0.26077482805208696,4.996598751533671,3.953911248466328,0.03705949288208199,0.0556698950699271,0.05396207151910877,41512104.0,-1.3820248116150373,0,0,-1,0.0,0,67.31428571428572,-0.11289895835085727,0.014319809069212316,-0.630019545000088,0.7857945151095345,0.883732187208527,-0.056192660550458684,-0.15503080082135523,1.0940465245486166,0.1190765492102066,0.0
2024-09-30,4.0,4.115,0.03241024415075454,0.03468555798789011,0.06187540371808745,1.2544775630752159,-0.028344473009142553,4.256,4.455255,4.687166666666666,0,30,9,4.227391577058253,4.621177978333022,33.51583887368011,-0.28070879618259603,-0.2647616216781888,5.01781507108485,3.8926949289151507,0.035721417046163474,0.05184363536414222,0.053913618133064146,41488463.0,-1.6185115986709802,0,0,-1,0.0,0,73.6857142857143,-0.13591347428135395,0.0668286755771566,0.505454618199488,0.7863771904444841,0.8229921974102032,-0.05660377358490576,-0.09090909090909094,1.0988780448130582,0.10000000000000009,0.0
2024-10-01,4.26,4.0,-0.06834225337681792,-0.004555816535860802,0.012397828335695877,-0.31042798894999774,0.06297479916138839,4.2170000000000005,4.418255,4.6365,1,1,10,4.233320381229479,4.597876173279278,37.03703703703703,-0.2608715113651856,-0.26398359961558815,4.924479021451748,3.9120309785482528,0.04319287164581472,0.043493048400025325,0.05436271645677991,41505795.0,-0.6252370227163748,0,0,-1,0.0,0,70.31428571428572,-0.07717767922167842,0.02499999999999991,0.3244577295566031,0.9532533839443114,0.6904307389593762,0.014285714285714235,-0.14800000000000002,0.17750672070137344,0.07748826291079809,0.0
2024-10-02,4.14,4.26,0.019324272826402842,-0.004576667027411755,-0.012397828335695844,0.11673111966134463,-0.028573372444056114,4.1785,4.392754999999999,4.572166666666666,2,2,10,4.216353039187755,4.568335775003197,40.22988505747124,-0.25192923395707023,-0.2615727264838846,4.901202214980172,3.884307785019826,0.04325761961061921,0.04125643411944257,0.05330809745306079,41486317.0,-0.994223166351126,0,0,-1,0.0,0,70.57142857142857,-0.07953815953706321,-0.018779342723004713,0.5262499070860818,0.7995507271300151,0.6549255879681906,0.05612244897959173,-0.10967741935483888,0.5818582958542594,0.08695652173913052,0.0
2024-10-03,4.3,4.14,-0.014458083175229775,-0.013857034661426354,0.002995508979798371,-0.5644147370042116,0.03791923486229368,4.1725,4.381755,4.52217,3,3,10,4.231561577517254,4.55102378951912,44.68085106382978,-0.22928865497399364,-0.25511591218190643,4.8881260745668005,3.8753839254331997,0.04427938910947621,0.04198670885089114,0.05368377423406585,41497394.0,-0.32290549008922564,0,0,-1,0.0,0,69.42857142857143,-0.06398302498106903,-0.004830917874396033,-0.35406170708187656,0.6845350928495708,0.6665183399371949,0.026252983293555854,-0.04867256637168138,0.7750679467182632,0.06697674418604657,0.0
2024-10-04,4.94,4.3,0.0427618593380817,0.13875030850031458,0.06743965523610315,0.4248658328240136,0.13875030850031458,4.2305,4.3857550000000005,4.5101700000000005,4,4,10,4.360368563423207,4.576119028904984,56.93581780538302,-0.1578832024376915,-0.23566937023306347,4.909014945362814,3.8624950546371872,0.06475206756170897,0.05127971607548808,0.05886200342450886,41514335.0,2.1184308293106695,0,0,-1,0.0,0,71.4,-0.02360630661756248,0.0,0.24115253525612396,1.17013207528279,0.8140402562264553,0.2004860267314703,0.016460905349794164,0.7508663702272266,0.13119433198380573,0.0
2024-10-07,4.6,4.94,0.13672396535508197,0.04163138347581365,0.06932677815925715,1.4128697895139715,-0.07130902770478192,4.2665,4.386255,4.491503333333333,0,7,10,4.403937915528078,4.577659736717566,49.07749077490774,-0.12726202791565822,-0.21398790176958243,4.910355132959784,3.862154867040217,0.06890541995699824,0.05214250664950716,0.05999884929642073,41444746.0,0.8156647425098099,0,0,-1,0.0,0,70.82857142857144,-0.05334934865304113,-0.002024291497975845,3.3452830881524633,1.3415186435822148,0.8277366319807663,0.1499999999999999,0.002178649237472685,0.3214940730125343,0.11956521739130452,0.0
2024-10-08,4.19,4.6,-0.09795057942912125,-0.09569860474608956,-0.09335556956100276,-1.7216894215617475,-0.09335556956100276,4.2655,4.36625,4.470836666666667,1,8,10,4.365040112704791,4.552649431122885,44.40734557595994,-0.13452735240220548,-0.19809579189610704,4.888127934911421,3.8443720650885793,0.07570718491210257,0.055935459111200875,0.060922108253472065,41432306.0,-0.675445303239022,0,0,-1,0.0,0,71.17142857142856,-0.09166423695728869,-0.02826086956521737,-0.3629112409432022,1.5292453256731338,0.8879478856707571,-0.016431924882629012,-0.08716585695300738,1.057118002962294,0.11694510739856785,0.0
2024-10-09,3.88,4.19,-0.06468767469143093,-0.030371097876298644,-0.07944622689235596,0.946068034889125,-0.0768655802988644,4.2615,4.322750000000001,4.441836666666666,2,9,10,4.276851001303919,4.509252693631086,42.35668789808916,-0.16341582768480212,-0.19115979905384609,4.854880524154443,3.790619475845559,0.07647914994528515,0.057326448320748694,0.062277619433148516,41400266.0,-1.6640654121600449,0,0,-1,0.0,0,71.14285714285715,-0.11105764344883982,0.0,0.838910090743757,1.6151085020463098,0.9100291548197842,-0.0628019323671497,-0.18315789473684208,1.1962729429729042,0.17268041237113402,0.0
2024-10-10,4.1999,3.88,-0.007185659660874486,-0.055475456617037955,0.03802739558923911,-1.442659963078989,0.07922556184687987,4.26249,4.308745,4.429500000000001,3,10,10,4.262859910157752,4.489294455332307,47.68634931645423,-0.1586678715365819,-0.18466141355039326,4.838186713804105,3.779303286195895,0.07791373121204159,0.059567008295972515,0.06393213591171103,41407837.0,-0.4111689621806891,0,0,-1,0.0,0,70.28571428571429,-0.08282757686509945,0.07216494845360831,-0.7819998988214384,1.7226821363473201,0.9455969417715878,-0.023279069767441762,-0.06252232142857139,0.7945792728613995,0.06547774947022555,0.0
2024-10-11,4.29,4.1999,-0.024332100659530783,0.025629168121359566,0.009901070982711537,0.18877276737133988,0.02122601745786366,4.27999,4.298245,4.410166666666667,4,11,10,4.267794471947251,4.476436748536674,50.72886297376093,-0.14595231761377114,-0.17691959436306884,4.819989726753203,3.7765002732467963,0.07774020388567617,0.059778450763790916,0.06284640966916794,41416981.0,-0.031605494324045864,0,0,-1,0.0,0,71.65714285714286,-0.07663856120894906,-0.033310316912307625,-0.6696595221607009,1.180870597307065,0.9489534868902594,-0.13157894736842113,-0.046666666666666634,0.9268660416305519,0.08076923076923093,0.0
2024-10-14,4.39,4.29,0.03151776032040532,0.02099667321869589,-0.024913696140839034,0.6061358035703155,0.023042494147154258,4.31899,4.287495,4.409833333333334,0,14,10,4.2900136588659326,4.470860184114954,52.72206303724928,-0.12634950678975976,-0.16680557684840702,4.791174620289301,3.783815379710699,0.07687726402722161,0.059777957176257515,0.060416515292338664,41433745.0,0.40702460798840184,0,0,-1,0.0,0,74.22857142857143,-0.07619724250367162,-0.02331002331002323,-0.14784081201288263,1.149165710963949,0.9489456514310777,-0.04565217391304344,-0.04668838219326832,-0.08417206208800809,0.12298405466970384,0.0
2024-10-15,5.23,4.39,0.10416648566521863,0.1786109773974189,0.16059794212646294,2.0230539158048266,0.17508205098975177,4.41599,4.316495000000001,4.4175,1,15,10,4.4609202663448535,4.519836946430119,66.17283950617283,-0.04254275179328548,-0.14195301183738274,4.956417414622962,3.6765725853770395,0.09484519001812541,0.07363781756416875,0.06528201332743752,41560504.0,2.85504923448644,0,0,-1,0.0,0,71.14285714285715,-0.04168891213513933,0.05922551252847396,3.6354356798781344,1.5457251629445716,1.1689641141860077,0.2482100238663485,0.12473118279569895,0.4663506321937458,0.1395793499043976,0.0
2024-10-16,5.1,5.23,0.1060054689210728,0.0037105793965357746,0.047765573915864196,-1.4704504195119827,-0.02517073834655156,4.51199,4.345245,4.4325,2,16,10,4.57711658155488,4.557266820853982,61.636828644501264,0.013232258552023701,-0.11091595775950146,5.0705765480741345,3.6199134519258664,0.09464602277856046,0.07358819845651547,0.06403839514478242,41531372.0,2.0811310413947646,0,0,-1,0.0,0,69.02857142857142,-0.05245060302304061,-0.011472275334608125,0.1768353156120532,1.3229262972187303,1.1681764352712427,0.31443298969072164,0.12707182320441968,1.1983086735470698,0.10245098039215686,0.0
2024-10-17,4.99,5.1,-0.04348511193973878,-0.057158413839948755,-0.02333525640896395,-0.728289991467558,-0.02180462996685271,4.58099,4.3767450000000006,4.448166666666666,3,17,10,4.652186293999447,4.5851850904763065,61.089987325728764,0.04800490473650143,-0.07913178526030089,5.157385642374171,3.59610435762583,0.09558677256461078,0.07318396481092526,0.06393562970069776,41517309.0,1.5711582685085437,0,0,-1,0.0,0,68.57142857142857,-0.056134945924846906,-0.029411764705882252,-0.362403237367304,1.4087972000422755,1.1617594250844623,0.18812352675063693,0.14449541284403655,1.8744761493939441,0.06713426853707413,0.0
2024-10-18,5.1,4.99,0.010050335853501506,0.0,0.027733565550272305,-0.9234628023669467,0.021804629966852705,4.59699,4.4137450000000005,4.456166666666666,4,18,10,4.73360696781773,4.618398955606867,63.959390862944154,0.08347629528289957,-0.0466101691516608,5.258554104503897,3.5689358954961037,0.08416298905274684,0.07320418108058221,0.0626514758901587,41522894.0,1.6246392145666888,0,0,-1,0.0,0,72.42857142857143,-0.07543973371088523,0.0020040080160320215,-0.6671647366974218,1.4083676020631406,1.1620803484161606,0.18881118881118875,0.1697247706422016,1.8698056322704402,0.039411764705882285,0.0
2024-10-21,4.94,5.1,0.005982071677547469,-0.003929278139889438,-0.030886484609887885,0.6136116554979343,-0.03187520853044883,4.63099,4.448745,4.467833333333333,0,21,10,4.771132973669052,4.639147410083844,58.85416666666668,0.09755244120633932,-0.017777647080060778,5.3208077101425095,3.57668228985749,0.08123455280211771,0.07331383841152476,0.062018869140881276,41512578.0,1.1266506279570683,0,0,-1,0.0,0,69.8,-0.047231070763255764,-0.013725490196078313,-0.5050451123826031,1.4952573526397681,1.1638211045788152,0.12528473804100249,0.16509433962264164,1.9809656382174425,0.06680161943319839,0.0
2024-10-22,4.67,4.94,-0.034381546199245425,-0.044272823677988044,-0.016985546365743884,-2.4775664584388,-0.05620625951902533,4.678990000000001,4.472245,4.470496666666667,1,22,10,4.752745160274678,4.641137899755854,56.64160401002506,0.08593059039186901,0.0029640004143251814,5.341410142021532,3.6030798579784675,0.0771926380137548,0.07463364330583001,0.06294325902683698,41511712.0,0.455045860537055,0,0,-1,0.0,0,70.37142857142858,-0.030069059867239286,-0.016194331983805682,-0.7989357629248639,0.4421018329731371,1.1847723577555607,-0.107074569789675,0.11190476190476195,0.9747354493399057,0.04068522483940051,0.0
2024-10-23,4.73,4.67,-0.010341353794732708,-0.010341353794732708,0.010649727916657928,1.53614680321714,0.012766130823035751,4.76399,4.512745000000001,4.46983,2,23,10,4.748609676588373,4.646870938481284,55.52699228791774,0.08063221051851599,0.018497642435163344,5.348402485803243,3.677087514196758,0.07089553296396303,0.07254416953005285,0.0626800672945367,41515736.0,0.5199618352994755,0,0,-1,0.0,0,63.2,-0.020721973562793945,0.029978586723768668,-0.6282436794470716,0.5039072128315178,1.1516029898653757,-0.07254901960784299,0.20663265306122458,-0.0020123329497864838,0.019027484143763183,0.0
2024-10-24,4.71,4.73,-0.040302379024022277,-0.02100917608934332,-0.03558326888554233,0.7702416712994892,-0.004237294475515267,4.8149999999999995,4.5387450000000005,4.477496666666667,3,24,10,4.741589735390487,4.650943781159911,46.48318042813455,0.0739667310106924,0.029591460150269158,5.364420036051077,3.713069963948924,0.06793415070989119,0.07134985135656395,0.061715025214803036,41507043.0,0.4148242166047653,0,0,-1,0.0,0,62.94285714285714,-0.01629716617617866,-0.023255813953488438,-0.4666372129453818,0.5037087863565078,1.1326437766253565,-0.05611222444889785,0.12410501193317414,-0.5323877086748006,0.03290870488322723,0.0
2024-10-25,4.66,4.71,0.008620743043906955,-0.010672459890771872,0.022789917425633004,-2.548180584908912,-0.010672459890771872,4.852,4.565995,4.482830000000001,4,25,10,4.726755238046762,4.651528053343143,51.00671140939599,0.06391295953293064,0.036455760026801454,5.36843249840231,3.76355750159769,0.06826951342853221,0.07122829136195527,0.061767664665078846,41506363.0,0.23429862185445816,0,0,-1,0.0,0,58.74285714285715,-0.02679017758816091,-0.01061571125265389,-0.7296630623903677,0.4137647912402812,1.1307140715347028,-0.08627450980392148,0.13244228432563787,-0.5293408520513613,0.0,0.0
2024-10-28,4.77,4.66,0.020181247859799037,0.029600469776290682,-0.030503454293414854,2.6594364919519107,0.023330856762695265,4.89,4.604495,4.48833,0,28,10,4.734617922038259,4.65917140474036,60.82089552238804,0.06408264900724348,0.041981137822889855,5.365405245692653,3.8435847543073467,0.06827586212946264,0.0707701558146168,0.06177078170684588,41516079.0,0.43501845569010866,0,0,-1,0.0,0,60.85714285714287,-0.027248185866758996,0.020386266094420548,-0.3919021242428037,0.4776678373434105,1.1234413951846067,-0.0344129554655872,0.1924999999999999,-1.1625476057880504,0.05870020964360593,0.0
2024-10-29,4.77,4.77,0.0031496089028962013,-0.006269613013595485,0.05383431105610995,0.24850870276402964,0.0,4.843999999999999,4.629995,4.49233,1,29,10,4.741051027122212,4.6663216366925955,68.77637130801688,0.0634853100027053,0.04628197225885295,5.376338509102212,3.8836514908977886,0.024955052525270853,0.06964854194007296,0.06175923337502169,41516079.0,0.375175769046116,0,0,-1,0.0,0,60.057142857142864,-0.011661598327917695,0.0,-0.28871118272300633,0.2187365217655905,1.105636326910111,0.021413276231263323,0.11971830985915499,0.5974858838902017,0.0,0.0
2024-10-30,4.6401,4.77,-0.04416878374519393,0.0,-0.04416878374519393,-0.2519109432745616,-0.027610387170182937,4.79801,4.655,4.496166666666666,2,30,10,4.722696294918173,4.664629918196299,60.09633027522936,0.051931436879460335,0.04741186518297443,5.364838828259852,3.9451611717401485,0.02513474161174276,0.06962336246325712,0.061765045092381246,41506396.0,-0.04198136085772262,0,0,-1,0.0,0,57.2,-0.017686190914075778,-0.04320754716981117,-0.36579045014214323,0.29283577750686934,1.1052366151073265,-0.019006342494714557,0.12079710144927547,0.46612205571696746,0.044417146182194195,0.0
2024-10-31,4.64,4.6401,0.007878782339993439,0.005540180375615351,-0.0030502881921967836,-0.9104213848491053,-2.155149190302632e-05,4.7630099999999995,4.672,4.5055,3,31,10,4.707660604933051,4.663040891215893,58.37320574162678,0.04227946862757914,0.04638538587189538,5.362050802096295,3.981949197903704,0.02487096036854132,0.06926063558968708,0.06132718767463728,41502500.0,-0.09274679459189866,0,0,-1,0.0,0,40.45714285714286,-0.008765644975023208,-0.008642055128122387,-0.5483808866699557,0.2938735545768857,1.0994785044994886,-0.014861995753715607,0.07906976744186034,0.23702710321611947,0.05312500000000004,0.0
2024-11-01,4.62,4.64,0.008658062743114531,-0.03317211903770144,-0.016285741870785447,-0.7086674093190423,-0.004319661144516284,4.71501,4.656,4.514166666666667,4,1,11,4.691722313127041,4.660264059524545,55.72139303482588,0.032640126337614817,0.04363633396503926,5.334631443266173,3.977368556733826,0.022762675101178954,0.0605525217421012,0.06134146762494848,41500582.0,-0.1060958797509759,0,0,-1,0.0,0,50.48571428571429,-0.010532459711431448,0.0,-0.5846743805790326,0.2867021681097297,0.9612414827245883,-0.008583690987124526,-0.06477732793522273,-0.06170393909967958,0.03538961038961039,0.0
2024-11-04,4.36,4.62,-0.025096789086274312,-0.014107667510679113,-0.0425780684471407,1.6041056817018247,-0.05792264773270451,4.6570100000000005,4.644,4.518166666666667,0,4,11,4.631409165285761,4.64089218471651,19.580419580419544,0.00397522709234277,0.035704112590499965,5.335172614589113,3.9528273854108873,0.026470139595019492,0.05988151980485415,0.06206596540095467,41491043.0,-0.8217918187306413,0,0,-1,0.0,0,42.42857142857143,0.011597758597244975,-0.02056277056277051,-0.24678161825486974,0.38755225939830035,0.9505896571933987,-0.08595387840670843,-0.05217391304347807,-1.3099753802761895,0.06538990825688071,0.0
2024-11-05,4.43,4.36,-0.015590516229116861,0.005427865400831447,0.03213616141211135,-0.8913399059905002,0.015927526696101278,4.6330100000000005,4.656000000000001,4.525833333333334,1,5,11,4.594789317051986,4.627286237315445,25.547445255474415,-0.012944283451301608,0.02597443338213965,5.321854104456156,3.9901458955438454,0.023060640383161007,0.05624826857103116,0.062068492857394957,41494955.0,-0.6788273842198184,0,0,-1,0.0,0,43.54285714285715,0.0014898784528773572,0.021788990825688016,-0.4355470783269085,0.44578884076117536,0.8929135819015134,-0.07127882599580715,0.0572792362768495,-0.822386867966023,0.038352144469526,0.0
2024-11-06,4.0332,4.43,-0.09946695538584942,-0.13147445859139298,-0.09383947852012102,-0.8363660113401573,-0.09383947852012102,4.56333,4.663659999999999,4.529606666666666,2,6,11,4.492682168497079,4.588958092972513,21.125060357315263,-0.05770635828234738,0.009238275049242245,5.294532136181796,4.032787863818203,0.034265721577337184,0.05748287338712447,0.06309446241762254,41493260.0,-1.9986934398964225,0,0,-1,0.0,0,44.0,-0.0006259306867955049,-0.08957110609480809,-0.4628692961146858,0.7040720216905203,0.9125123257664666,-0.13079459494407453,0.039484536082474264,-0.778779366854148,0.0,0.0
2024-11-07,4.43,4.0332,0.0802029035705756,0.13149619795812598,0.05007391592092752,0.8930130470048093,0.09383947852012094,4.53533,4.675165,4.537606666666666,3,7,11,4.4812854105885185,4.578702732135578,32.763943198188926,-0.06046517636043358,-0.00470241523269292,5.278205490130555,4.072124509869445,0.04978553896992403,0.05873275627999419,0.06437705235441897,41497400.0,-0.8130963144677845,0,0,-1,0.0,0,59.05714285714286,0.014591729134607014,0.08350689278984434,-0.3661998989186604,1.1472159401037525,0.9323536015813902,-0.04525862068965514,0.054787018738541304,0.5619469111302164,0.08119638826185085,0.0
2024-11-08,4.6,4.43,-0.061339980599355456,0.0,-0.04099102200334704,1.1308565364804906,0.03765671943800514,4.52933,4.690665,4.553773333333334,4,8,11,4.502869881390605,4.580076749417154,41.29811629811628,-0.04837632811551096,-0.013437197809256528,5.26738301109021,4.11394698890979,0.05155048700663879,0.05911477072013364,0.06454330519934626,41510227.0,-0.314417092084952,0,0,-1,0.0,0,59.42857142857144,0.02579565936237082,-0.07223476297968384,-0.0551553237924035,1.1929686890684135,0.9384178928164575,-0.0043290043290044045,0.07226107226107215,0.021256404095428623,0.1152173913043477,0.0
2024-11-11,4.5543,4.6,0.12987508142141208,0.017241806434506173,0.1022993239312828,-1.7031122593517332,-0.009984461870407206,4.50776,4.69888,4.57225,0,11,11,4.512220812046859,4.578413733325725,46.65471578095182,-0.041999295124583114,-0.019149617272321846,5.262087665169182,4.135672334830818,0.05092413512404151,0.059042029989177625,0.06430330994139728,41507891.0,-0.5134163078429339,0,0,-1,0.0,0,66.6,0.02624507857795764,0.017391304347826105,-0.41104822374191075,1.0930100077672462,0.9372631695106896,0.04456422018348616,0.0374259681093394,-0.4075267104916475,0.03767867729398585,0.0
2024-11-12,4.49,4.5543,0.0,0.0,-0.015175340669364734,0.1693236358388083,-0.014219139870479009,4.47976,4.66188,4.579916666666666,1,12,11,4.5081806644019755,4.57270962149826,43.07798800184585,-0.041653764489245404,-0.023650446715706562,5.172993552529185,4.150766447470815,0.0510133887287795,0.03913988122111521,0.06342731558636219,41505124.0,-0.6725707003833962,0,0,-1,0.0,0,66.71428571428571,0.025238041535681245,0.02760028983597922,-0.6968276271664565,1.1045594402632057,0.6213263523340675,0.013544018058690765,-0.14149139579349912,0.021116925327650478,0.05334075723830726,0.0
2024-11-13,4.88,4.49,-0.041445408175392294,0.041847109935500504,0.011085719037741179,-0.7795345120725382,0.08329251811089289,4.50375,4.65088,4.604583333333334,2,13,11,4.575784179965253,4.592534807208049,54.040692146795976,-0.009797251718091537,-0.02087980771618356,5.130810532692578,4.170949467307421,0.05776653704491113,0.044096176195500034,0.06489936833759931,41506393.0,0.9548048494208378,0,0,-1,0.0,0,66.31428571428572,0.04255712736417809,0.0,-1.0742055260767231,0.8335762406417037,0.7000050958930765,0.20995735396211446,-0.04313725490196074,0.06263702541284502,0.07991803278688518,0.0
2024-11-14,4.81,4.88,-0.013453117697118752,-0.014448135747386041,-0.013453117697118752,-0.49441259412466054,-0.014448135747386041,4.5207500000000005,4.64188,4.621583333333334,3,14,11,4.618368874517024,4.60656481964624,53.53173855716707,0.009689158592277813,-0.014766014454491286,5.1013488127553295,4.18241118724467,0.058123864700340026,0.043950641187113,0.06474193840074358,41505619.0,0.7318015731767417,0,0,-1,0.0,0,60.31428571428573,0.04380330817679446,-0.0922131147540984,-1.1066983885223252,0.7105011795749273,0.6976947992576017,0.08577878103837477,-0.0360721442885773,1.2148195266004973,0.07900207900207899,0.0
2024-11-15,4.5,4.81,0.02413087360798816,-0.04464078062262044,0.01567781271922979,1.612018559027592,-0.06661968734139569,4.50875,4.61188,4.606916666666667,4,15,11,4.596847260968474,4.599689669991644,44.190049922534,0.00011652668624506646,-0.011789506226344016,5.020996133814621,4.2027638661853794,0.06217690602964303,0.045788462586818776,0.060018207295014635,41501739.0,-0.5469351646283174,0,0,-1,0.0,0,51.2,0.044604697448497314,-0.05650727650727647,-0.3346686994480897,0.8749346070377649,0.7268693095242464,-0.021739130434782483,-0.11764705882352933,1.2383302982641742,0.022222222222222143,0.0
2024-11-18,4.55,4.5,0.015697399343524775,0.004338401598598362,0.011049836186584935,-0.5387019932942455,0.011049836186584935,4.527749999999999,4.59238,4.60525,0,18,11,4.588329577156024,4.596483884830893,45.36568924839905,-0.003396122547099978,-0.010110829490495209,4.971741638878637,4.213018361121364,0.05908330864121667,0.045497346993099756,0.0586823039226743,41504003.0,-0.22342796770528783,0,0,-1,0.0,0,50.285714285714285,0.03895440097806202,0.024444444444444515,-0.6466735827901299,0.877478272193734,0.7222479927417258,-0.0009441626594646202,-0.07894736842105277,0.8539115831968409,0.015384615384615448,0.0
2024-11-19,4.55,4.55,-0.013100624045698206,-0.015267472130788533,-0.03352269203864345,1.7653538177859278,0.0,4.53975,4.58638,4.61725,1,19,11,4.581360563127656,4.593484924519223,47.99215581405712,-0.0061094959060215,-0.009310562773600468,4.964365979132965,4.208394020867035,0.05899285250852152,0.043850977482020256,0.056150936760819226,41504003.0,-0.19249391251733644,0,0,-1,0.0,0,49.51428571428572,0.0425067904480197,0.0,1.7940765300502026,0.8678125689495667,0.6961126869871136,0.013363028953229383,-0.025695931477516032,0.6330435193929865,0.03296703296703285,0.0
2024-11-20,4.72,4.55,-0.03125254350410431,0.06385147198653277,0.0022701485345390775,0.11017882093159835,0.03668156663460505,4.60843,4.5858799999999995,4.645250000000001,2,20,11,4.606567733468082,4.601647187453467,51.65727543917799,0.005395519221957024,-0.00636934637448897,4.96309172387882,4.208668276121179,0.049451471471587245,0.04457718815152939,0.05445852613789132,41518774.0,0.7111125742374121,0,0,-1,0.0,0,49.51428571428572,0.04321866151420168,-0.0307692307692307,1.8338737784045895,0.5989870578526554,0.7076409239728909,-0.032786885245901676,-0.0021141649048627142,-0.8718244418135798,0.09322033898305075,0.0
2024-11-21,4.42,4.72,0.024637304385385077,-0.03141619623337881,0.0022650066308520615,-0.001965236291365695,-0.0656691035078572,4.607429999999999,4.5713799999999996,4.652586666666666,3,21,11,4.572646327382976,4.589928014069373,46.28749628749628,-0.009583691366913172,-0.007012215372973811,4.95079135903986,4.191968640960139,0.04622237974540575,0.046848054989864635,0.05409149483534404,41504032.0,-0.7979729462137479,0,0,-1,0.0,0,56.60000000000001,0.0379468606078442,-0.04237288135593224,1.6416658124532155,0.729525658665106,0.7436898174615624,-0.08108108108108103,-0.06157112526539277,-0.2046970896500282,0.06334841628959281,0.0
2024-11-22,4.42,4.42,-0.022372297754532984,-0.06142281262640624,0.0,-2.7762584511287436,0.0,4.58943,4.559379999999999,4.65692,4,22,11,4.54489244967698,4.578964916387478,51.232741617357,-0.021210324262844082,-0.009851837150947867,4.942156299106863,4.176603700893136,0.044302920137126924,0.04680702126866511,0.05398157152101672,41504032.0,-0.7282582559328584,0,0,-1,0.0,0,60.71428571428572,0.038247522024684344,0.0,-1.0596439836513518,0.5893749623590104,0.7430384273315933,-0.01777777777777778,-0.05150214592274682,-1.2472557239679665,0.0,0.0
2024-11-25,4.5101,4.42,0.06989743961737833,0.06989743961737833,0.020179630128166298,0.6302050606031478,0.020179630128166298,4.58501,4.546385,4.660923333333333,0,25,11,4.538566549735711,4.574522018556029,51.63222887883607,-0.022890332095692578,-0.01245953613989681,4.916491495484815,4.176278504515185,0.044818231240856654,0.04672119496656745,0.053945013264028056,41505756.0,-0.19607869865925212,0,0,-1,0.0,0,62.88571428571429,0.04000804201806154,0.07239819004524893,-0.8184150660900099,0.6067993308869614,0.7416759770238012,-0.00876923076923064,-0.05448637316561822,-1.311138236791045,0.0509744795015631,0.0
2024-11-26,4.5,4.5101,-0.023480267608842472,-0.023480267608842472,-0.0022419294414990263,1.2855314068904984,-0.0022419294414990263,4.58601,4.532885,4.63659,1,26,11,4.531554449783763,4.5697141463911235,61.291727140783756,-0.024751417069055037,-0.014917912325728457,4.888043166544441,4.1777268334555595,0.04456134955156871,0.04671942739333955,0.040430100256960554,41499521.0,-0.1851850983462343,0,0,-1,0.0,0,65.91428571428573,0.03933855877806642,0.026584776390767263,0.12388363080796805,0.6067373312904583,0.7416479176686904,-0.01098901098901095,-0.05660377358490554,-1.2529663873945298,0.028888888888888867,0.0
2024-11-27,4.43,4.5,-0.04415728404109847,-0.04415728404109847,-0.015677812719229904,-0.943110705934748,-0.015677812719229904,4.54101,4.52238,4.614256666666667,2,27,11,4.513090004368533,4.560700330494923,50.0,-0.031511510229734974,-0.01823663190652976,4.876613182789987,4.168146817210014,0.03291031688865228,0.046458102844006394,0.04030177980723464,41497093.0,-0.5215773365578201,0,0,-1,0.0,0,64.4,0.03923362180530316,-0.01555555555555562,-0.582399386833512,0.49940719093497615,0.7374995190546211,-0.06144067796610175,-0.04527919656903956,-1.3139025228211914,0.0,0.0
2024-11-29,4.48,4.43,0.01567781271922979,0.03111362084906925,-0.0022598879674374786,0.7376526627680056,0.011223462369849576,4.50801,4.51438,4.5972566666666665,4,29,11,4.50707363993789,4.5554938575597665,46.29675348722383,-0.03246016999688006,-0.021081339524599823,4.864633157166804,4.164126842833197,0.033452625522642325,0.0465431195074875,0.04025149405796964,41502170.0,-0.19631514689603008,0,0,-1,0.0,0,65.0,0.042077959491149,0.015801354401805936,-0.050494889567403105,0.2175736618915951,0.7388491167478258,0.013574660633484337,-0.0344827586206895,-0.03720734537826169,0.03348214285714293,0.0
2024-12-02,4.3,4.48,-0.0454623740767574,-0.06089818220659671,-0.05582844955294184,1.467185181037391,-0.041008023727377135,4.48801,4.49838,4.57059,0,2,12,4.46942388722191,4.539010382878492,42.7529210601311,-0.0471924798429697,-0.026303567588273798,4.857443182242561,4.139316817757439,0.029424376389679607,0.04737211687053386,0.040529029414648636,41480151.0,-1.1049865862659611,0,0,-1,0.0,0,65.31428571428572,0.03535420573725276,-0.040178571428571556,2.593794719206817,0.3778222900830057,0.7520090419087199,-0.02714932126696834,-0.06926406926406936,-0.6873766055112759,0.027906976744186074,0.0
2024-12-03,4.3,4.3,0.0,0.0,0.007982409693606102,-0.302767201218332,0.0,4.46301,4.495379999999999,4.5492566666666665,1,3,12,4.4386195440906535,4.523590358176654,44.37936338894805,-0.05819708180394656,-0.03268227043140835,4.860266673683252,4.1304933263167465,0.028991128771828904,0.04565111429543899,0.040225486301272685,41480151.0,-1.0709078412088184,0,0,-1,0.0,0,59.57142857142858,0.03645892164581632,0.0,1.497284333231116,0.3127685406423057,0.7246889729923032,-0.04658433294162001,-0.013761467889908396,-1.0694981097955218,0.020116279069767446,0.0
2024-12-04,4.3988,4.3,0.02298951822469878,0.1120820614181531,0.015659353363434617,1.059007083255069,0.022716753755125545,4.44789,4.49382,4.540216666666666,2,4,12,4.4313796269832615,4.515539367326547,32.80200142959258,-0.05827422485822886,-0.037800661316772455,4.860147530180944,4.127492469819057,0.030332891082493752,0.04580287861500666,0.0393304602571988,41527057.0,-0.5187707293146467,0,0,-1,0.0,0,57.48571428571429,0.0382898289163378,0.023255813953488497,3.461426042048028,0.3904140418022283,0.7270981568771171,-0.022488888888889003,-0.007042889390519225,-0.6580468794557811,0.12048740565608788,0.0
2024-12-05,5.0,4.3988,0.024692612590371414,0.038740828316430616,0.05234414392088143,-0.6307508704529831,0.12810613597945802,4.47589,4.542160000000001,4.549216666666666,3,5,12,4.534765149349941,4.546794892015157,54.921769764791215,-0.009711596483568563,-0.03218284835013168,4.907714410378839,4.176605589621163,0.05287782919953362,0.05008844372707202,0.04667267972451457,41552020.0,2.5049075431781684,0,0,-1,0.0,0,54.91428571428572,0.03823946414548976,0.02527962171501323,1.3106360743772667,1.0508925487927985,0.7951293939605146,0.12866817155756216,0.23971040364970753,1.4893394065193033,0.09800000000000005,0.0
2024-12-06,5.155,5.0,0.13269956116105794,0.058268908123975824,0.12294338621569315,-1.3944596418898978,0.03052920503482301,4.549390000000001,4.57841,4.564049999999999,4,6,12,4.647535122195405,4.586033931239986,68.44862550698511,0.04081139265878431,-0.017584000148348482,5.030645238739694,4.126174761260306,0.04698913926037732,0.04607405919881968,0.04693009582275962,41558210.0,2.5499560874860774,0,0,-1,0.0,0,52.142857142857146,0.04408149118066006,0.030000000000000072,-0.34152227844286254,1.0426113615064014,0.7314030151880684,0.1506696428571428,0.16365688487584662,1.2295085954249334,0.03879728419010672,0.0
2024-12-09,5.185,5.155,0.02871010588243136,0.0,-0.017804624633506592,0.13983217942523152,0.005802724212567236,4.62589,4.60766,4.581549999999999,0,9,12,4.745256009068967,4.624676903418052,68.08910665451228,0.08232300645796364,0.0023974011729139422,5.135182197687154,4.080137802312846,0.0467986300014875,0.04553808491467982,0.04684878315741262,41565329.0,2.1888747147750904,0,0,-1,0.0,0,49.25714285714287,0.04188295480149666,0.028128031037827267,-0.23490607709744776,0.8867867112382132,0.7228946871983087,0.20581395348837206,0.12717391304347836,1.9607577161474774,0.05593056894889104,0.0
2024-12-10,5.2145,5.185,0.0,0.009389740349838917,0.017804624633506686,0.7985076962177716,0.005673364897639911,4.69633,4.64067,4.596366666666667,1,10,12,4.830573098329155,4.66273000642334,68.61657421415362,0.11626147303614687,0.025170215545560527,5.23280133713823,4.0485386628617706,0.04691170932914754,0.04536678864878989,0.046712199765656014,41581149.0,1.9381848722052792,0,0,-1,0.0,0,46.971428571428575,0.04174470010223256,0.02217936354869821,0.4727156965416986,0.8716956046612931,0.7201754432779562,0.2126744186046512,0.14496190413455423,2.0179171820476727,0.047943235209511936,0.0
2024-12-11,5.1953,5.2145,-0.022515738418157755,-0.02651670514263961,0.000979911886349009,-0.04373658336498941,-0.003688835860825663,4.76586,4.675935,4.610543333333334,2,11,12,4.896887080451126,4.697089360847641,64.54495379154167,0.13999489872519533,0.04813515218148749,5.312617736079052,4.039252263920948,0.04697466008277273,0.04516173895131567,0.04672792337784643,41566006.0,1.6314719107933022,0,0,-1,0.0,0,49.2,0.04229091394323779,-0.006232620577236504,0.36162586686595943,0.9242856741774219,0.7169203802424013,0.18107211057561146,0.15708240534521134,1.982168311261603,0.020210574942736616,0.0
2024-12-12,5.14,5.1953,-0.00038602586852670966,-0.004597886150561879,-0.00885396831725491,-2.008025844328309,-0.010701291251231185,4.83686,4.688935,4.627206666666667,3,12,12,4.941089429460012,4.7256642407929546,75.91419522027059,0.1525826835388342,0.06902465845295684,5.3531824341610434,4.024687565838956,0.04663949503348532,0.041330344185080234,0.04644430567818825,41563973.0,1.358123424502808,0,0,-1,0.0,0,47.114285714285714,0.043032097676031715,-0.002944969491655895,-0.8130912083665093,0.2504000495130513,0.6560988738865609,0.028000000000000025,0.05327868852459017,1.1881864757398815,0.02453307392996111,0.0
2024-12-13,5.94,5.14,0.04897400459645968,0.13572716375983998,-0.011908571065271054,2.7042390455872973,0.14465605390747993,4.9828600000000005,4.745435,4.67054,4,13,12,5.122709533194556,4.804008483322441,84.7158779462817,0.22452373792514546,0.10012447434739458,5.613885405274308,3.876984594725691,0.06411931689280448,0.05325196931433635,0.05400852403127448,41594352.0,2.7510264092114407,0,0,-1,0.0,0,49.114285714285714,0.03521236885095688,0.05836575875486395,1.5206838927673818,1.1153592616866799,0.8453488057810605,0.15227934044616886,0.2349272349272351,2.181584651579397,0.15823232323232334,0.0
2024-12-16,5.78,5.94,0.08117329004382244,0.0,0.14494577045018317,-0.9551033516078739,-0.027305450690267446,5.13086,4.809435,4.709206666666666,0,16,12,5.242216890795545,4.8669756779468,78.10632552786504,0.2655656040349319,0.13321270028490206,5.78391412191729,3.83495587808271,0.06262054400886904,0.05103648085444008,0.05436662195352534,41582663.0,1.9919667403246402,0,0,-1,0.0,0,56.057142857142864,0.03414867108906509,-0.00673400673400674,-0.11353884324738758,1.1833136898835495,0.8101790167965464,0.11475409836065587,0.2844444444444445,2.091735564807597,0.027681660899654004,0.0
2024-12-17,5.77,5.78,-0.02575249610241474,-0.02903705285454552,-0.00520382787502711,-1.9633424165176794,-0.0017316021642780463,5.2778599999999996,4.870435,4.756206666666667,1,17,12,5.338177456105445,4.9252353116276515,78.10978308986272,0.2938968027929141,0.16534952078650447,5.925907356764874,3.814962643235125,0.06272002679483647,0.051152169573150545,0.05300783777990058,41581022.0,1.7045733016774671,0,0,-1,0.0,0,51.4,0.0340691618339611,-0.005190311418685164,-0.981126392345123,1.1916948813348036,0.8120155182717679,0.10652986863553537,0.26813186813186807,2.136019643247715,0.0034662045060657844,0.0
2024-12-18,5.58,5.77,-0.003484324082610811,-0.003472225710749092,-0.06095076195086893,2.4556905676046457,-0.033483304126788564,5.39598,4.9219349999999995,4.79454,2,18,12,5.382145191359,4.967478194748449,74.16981925178644,0.2975876644660582,0.19179714952241525,6.011537815660275,3.832332184339724,0.06596967261577504,0.052117379505111666,0.05358810515945098,41561897.0,1.207898861019788,0,0,-1,0.0,0,33.12857142857143,0.045627136663346245,-0.006932409012131569,0.5046223043793182,1.2489362950072407,0.8273377509294001,0.07404769695686486,0.22637362637362646,2.097642619887205,0.06093189964157703,0.0
2024-12-19,5.476,5.58,-0.008764297993588355,-0.006980831141340205,-0.020542272300314038,0.005163118721568298,-0.018813868967017113,5.44358,4.959735,4.842633333333334,3,19,12,5.399209702021,5.000286053151775,70.46855733662142,0.2887917564952618,0.21119607091698456,6.072057973307409,3.847412026692592,0.05422754743029889,0.05215733155327984,0.050566017309357,41542673.0,0.9282645641399005,0,0,-1,0.0,0,19.51428571428572,0.049542767481922385,0.017921146953404955,0.49090580283089114,1.2611836972607842,0.8279719700323241,0.06536964980544746,0.1601694915254237,2.1181028801338093,0.07487216946676409,0.0
2024-12-20,5.645,5.476,0.044757900641493625,0.03949010970663479,0.024250729424453308,-0.6102276009367562,0.030395290175422755,5.492579999999999,5.0209850000000005,4.883133333333333,4,20,12,5.443898847108091,5.041880501335532,77.76630883567297,0.292090782939848,0.22737501332155727,6.143035696434207,3.898934303565794,0.054221725900922856,0.04948002227897839,0.047999366884960135,41553116.0,1.1122759461458778,0,0,-1,0.0,0,27.600000000000005,0.04123688063290171,0.0847333820306794,-0.24113999927462948,0.40667803196946867,0.7854710028966734,-0.04966329966329974,0.27714932126696823,1.2451820754426848,0.09032772364924713,0.0
2024-12-23,5.6545,5.645,-0.05359969122295459,-0.011003073344330991,0.036151892169069645,-0.34742929832292757,0.0016814907276192397,5.53953,5.0827100000000005,4.918283333333333,0,23,12,5.48218996581571,5.081404339959047,77.85317705120293,0.2921046551350095,0.24032094168424772,6.201374444114671,3.9640455558853303,0.05427584326386212,0.049457478568037415,0.04769606071900235,41560494.0,1.0222725912282362,0,0,-1,0.0,0,30.142857142857142,0.04195734746927837,-0.0026572187776793058,-0.5430645717628337,0.3809753169752976,0.7851131325800034,-0.02171280276816623,0.27929864253393655,0.49007866064854616,0.043328322574940334,0.0
2024-12-24,5.8,5.6545,0.00179235369763907,-0.012848142477849024,0.00179235369763907,-0.8073111292132811,0.02540622922312902,5.59808,5.147205,4.959806666666666,1,24,12,5.539973608394671,5.127765350284269,78.27051892502621,0.3003935332920742,0.25233546000581303,6.275560001015132,4.018849998984868,0.0544714803153833,0.04951122386073624,0.04767947635008355,41563785.0,1.1570737922244485,0,0,-1,0.0,0,34.51428571428571,0.03691725992155591,-0.0025466442656290216,-0.9136254180358807,0.4376371235036155,0.7859663126517321,0.005199306759098743,0.28600252766014034,-0.15895932913329244,0.027568965517241292,0.0
2024-12-26,5.79,5.8,0.039952837990767036,0.023851215822180062,0.009669241633230595,1.1021510416659104,-0.0017256259674697252,5.65755,5.211705,5.00314,3,26,12,5.585432952322913,5.170490166394963,70.93269740328563,0.3026666596739087,0.2624016999394322,6.331736474134858,4.091673525865143,0.0544125931572202,0.04950260350142477,0.047524473365329105,41553877.0,1.0326406236872767,0,0,-1,0.0,0,34.17142857142857,0.03687765369808786,0.01206896551724143,-0.3502375258219362,0.32535573159481007,0.7858294686900311,0.037634408602150504,0.2866666666666666,-0.02159449411713431,0.04233160621761671,0.0
2024-12-27,5.7038,5.79,-0.028722014456340032,-0.04057651399088859,0.001561581901196186,-2.2618438445677422,-0.014999672201238823,5.7139299999999995,5.2753950000000005,5.030599999999999,4,27,12,5.6069542337187475,5.204897252433997,65.09184908150917,0.2941220531676665,0.2687457705850791,6.352301031134941,4.19848896886506,0.054626081253368805,0.04948200430756156,0.0454000758059101,41552845.0,0.7956218790018437,0,0,-1,0.0,0,33.82857142857143,0.03717963333596092,-0.014887737478411024,-1.1243748960470883,0.30687943754646896,0.7855024666250083,0.041599707815924036,0.28753950338600465,0.16551292419803135,0.0,0.0
2024-12-30,5.83,5.7038,-0.01302317723206604,0.03889159362596907,-0.01302317723206604,2.390911819003023,0.021884380978736018,5.70293,5.342895,5.0645999999999995,0,30,12,5.647508009406248,5.245226461954385,66.846009193481,0.29414297908821574,0.27382521228570644,6.3783211618951485,4.307468838104852,0.02227297555728993,0.049512366771336754,0.04532037712055529,41564118.0,0.9408782932593627,0,0,-1,0.0,0,28.6,0.0279906606615141,-0.01293874259265758,-0.25231785179337085,0.27059608954327197,0.7859844557950506,0.03277236492471225,0.3013392857142856,0.014966774658534179,0.05145797598627784,0.0
2024-12-31,5.8,5.83,0.00501405159149874,-0.022166295457260378,0.0,-0.07380095475706921,-0.005159082810027448,5.704929999999999,5.417895,5.1079333333333325,1,31,12,5.675233825877839,5.281018303118618,65.28800459554022,0.288414154905305,0.27674300080962616,6.347108005947037,4.488681994052962,0.020520655191591915,0.04808100785805624,0.04332922126604018,41553647.0,0.8224271454542663,0,0,-1,0.0,0,26.314285714285717,0.030458141086165902,-0.029451114922813104,-0.27571707484075725,0.28247278624175354,0.7632623374665551,0.0257317181006278,0.34883720930232553,0.2871729598126676,0.029310344827586196,0.0
2025-01-02,5.68,5.8,-0.0014679485847480817,-0.0001724286580700662,-0.0035052481109520833,-0.5924772397204211,-0.020906684819313712,5.69593,5.486895,5.1456,3,2,1,5.67610040299096,5.3067590577561266,62.02311851962098,0.2710663393214814,0.27560766851199725,6.258102481059528,4.715687518940471,0.021600603864446538,0.04866454134968043,0.043672285967468874,41547857.0,0.5007861172059727,0,0,-1,0.0,0,24.31428571428572,0.03645696075659838,-0.02586206896551715,-0.6458236265736079,0.2615811256743834,0.7725256444696439,-0.020689655172413834,0.32093023255813957,1.1279794204833755,0.03322183098591563,0.0
2025-01-03,5.6468,5.68,-0.007104825623744683,0.012254320193825817,-5.3474506041900925e-05,0.1947653989814486,-0.0058622197051525,5.70261,5.549294999999999,5.18216,4,3,1,5.670773056992603,5.328697183062183,62.71067415730337,0.25173723777493606,0.270833582364585,6.127651715549436,4.970938284450562,0.01870681517173165,0.04884417634638557,0.04372355351008193,41540822.0,0.3371794512919987,0,0,-1,0.0,0,28.885714285714283,0.03796938521946207,-0.012323943661971726,-0.5053989579426812,0.26089357761042054,0.7753772616379181,-0.02473229706390334,0.2837137401109395,1.3861956341694919,0.04613232273145844,0.0
2025-01-06,5.63,5.6468,0.015915455305899582,0.005012541823544414,0.0035587226169939328,-0.134770864890003,-0.002979570876308438,5.71801,5.580795,5.212493333333333,0,6,1,5.663359773903038,5.348136074477527,37.194315928618614,0.23238438342621937,0.26314374257691187,6.098645136724269,5.062944863275732,0.01746185449053285,0.039394818369984444,0.04341160193097158,41534674.0,0.19003567445691008,0,0,-1,0.0,0,33.77142857142857,0.03823475486292519,0.009421265141319041,-0.5446122656408534,0.24537530713462075,0.6253733541092266,-0.012938742592657593,0.1259999999999999,1.0014544880190077,0.04795737122557735,0.0
2025-01-07,5.665,5.63,-0.005277057100843781,-0.02923682018502556,-0.0017599848099973704,1.1971997562785928,0.00619745232837072,5.72001,5.606295,5.253993333333333,1,7,1,5.663657996829759,5.368578908382203,44.7024138566427,0.21736565841310895,0.2539881257441513,6.084578274243554,5.128011725756447,0.014580436912542736,0.03897567333875256,0.041334202018941696,41555029.0,0.24548213647172543,0,0,-1,0.0,0,34.31428571428572,0.03679909691963083,0.007104795737122564,1.2841289935180284,0.1535914492573805,0.6187196330137789,-0.028301886792452824,0.09893307468477208,-0.7678282644739685,0.01939982347749348,0.0
2025-01-08,5.35,5.665,0.01748296278034738,0.006956549793359931,-0.07385205544705427,-0.8772684398562103,-0.05721033357205458,5.68956,5.614545000000001,5.2849933333333325,2,8,1,5.606629270133439,5.367380269131738,34.8964326812428,0.17799354441807136,0.23878920947893534,6.067238024721677,5.161851975278324,0.022914313569002746,0.04129186676104836,0.04296957849106916,41546563.0,-1.168761105442912,0,0,-1,0.0,0,31.91428571428572,0.04775399165119743,0.01853486319505729,-0.3180537342188466,0.38531461585875487,0.6554880637160886,-0.07758620689655171,0.03182256509161041,-1.4440206382939185,0.10280373831775698,0.0
2025-01-10,5.43,5.35,-0.07557551961209295,-0.060732946574164066,0.024599159013367816,-0.1202222235078666,0.014842573037928849,5.652559999999999,5.62532,5.3156566666666665,4,10,1,5.574514857381905,5.3714202517684,44.14245548266166,0.15149979647987433,0.22133132687912316,6.047125885013072,5.203514114986929,0.021503583878962205,0.04138343935009019,0.042923629064817094,41554070.0,-0.9261132048641176,0,0,-1,0.0,0,25.62857142857143,0.0454142801089896,0.0,-0.39434099116191745,0.4364001713528507,0.6569417335011786,-0.04401408450704225,0.041327068750599105,-1.7422915467864353,0.014732965009208118,0.0
2025-01-13,5.88,5.43,-0.009389740349839032,0.08213147241112677,-0.01506619835464429,1.2669157078648083,0.0796176279646916,5.66156,5.659554999999999,5.361656666666666,0,13,1,5.630057610585195,5.404231848428504,62.42006886374815,0.16491352904704293,0.21004776731270713,6.043886263228505,5.275223736771493,0.03556933499144199,0.04503574122811503,0.045049184352638584,41580719.0,1.1471614260478928,0,0,-1,0.0,0,25.34285714285715,0.022485382826859624,-0.023941068139963148,1.9159364322895889,0.786449768256309,0.7149202283943059,0.041297726145781644,0.1317921967932556,0.4428682296827572,0.10625850340136063,0.0
2025-01-14,5.81,5.88,0.10044278303084528,0.01602080577038727,0.03235513204352922,-1.8013743840890908,-0.011976191046715762,5.672179999999999,5.693054999999999,5.407656666666666,1,14,1,5.6627744086606135,5.430410438852472,55.40133560298547,0.16795946163901743,0.2016301061779692,5.994586623374431,5.3915233766255675,0.035423229049874105,0.045062779568772214,0.04498299037889383,41576320.0,0.7756732026397238,0,0,-1,0.0,0,25.142857142857142,0.03285853430164874,-0.0034013605442176145,-0.8334983008146629,0.7975587052168663,0.7153494487457625,0.03197158081705154,0.13035019455252916,0.577805177216973,0.09409638554216875,0.0
2025-01-15,6.0,5.81,0.00680274732275262,0.0016680571006970134,0.05655198011099972,1.3746330880122708,0.032178898364235195,5.6891799999999995,5.696054999999999,5.458323333333333,2,15,1,5.724088152540501,5.467158152474893,60.11476081737807,0.18358850328071874,0.1980217855985191,6.008912683973298,5.383197316026701,0.03622641576817375,0.029385025327762434,0.04517362499879448,41593712.0,1.9430240366155862,0,0,-1,0.0,0,27.428571428571427,0.026337276778030116,0.015490533562822848,1.011850401346127,0.8172007773823966,0.466472815719562,0.059135039717564064,0.010101010101009944,0.07039826772213327,0.040000000000000036,0.0
2025-01-16,5.93,6.0,-0.01365208916832732,-0.0033389012655145986,-0.009594491393760847,-1.2984974908096727,-0.011735256218420965,5.70218,5.703555,5.5126566666666665,3,16,1,5.76152667026041,5.497018916831352,53.98186718941435,0.1881572566663161,0.19604887981207852,6.031703929443355,5.375406070556644,0.03645645345864905,0.028816409692781122,0.044358551512146696,41588965.0,1.3801355401897686,0,0,-1,0.0,0,27.342857142857145,0.027401996196501133,-0.029999999999999954,-0.7711308178287487,0.6224969724125611,0.4574463223491002,0.108411214953271,0.025951557093425448,1.1093218827135327,0.04637436762225976,0.0
2025-01-17,5.6555,5.93,-0.026111144003685773,-0.02797978199191266,-0.013286828550216068,0.1479622610618616,-0.047395690020335335,5.699730000000001,5.697830000000001,5.55784,4,17,1,5.742249093849425,5.507243502842233,46.454741947387845,0.16769508616595719,0.19037812108285426,6.025092007379055,5.370567992620947,0.03909318143270602,0.03075084943236116,0.0455669378905824,41583461.0,-0.2586918068431428,0,0,-1,0.0,0,36.02857142857143,0.03354241268265482,-0.0438448566610455,-0.7101841280502047,0.7913411754591133,0.4881546012121162,0.041528545119705385,-0.019844020797227024,0.7575252014831174,0.0327645654672444,0.0
2025-01-21,6.0,5.6555,0.012270092591814401,0.03131868325742726,-0.00881361637494511,1.3783596211444942,0.05913094623875624,5.735049999999999,5.71883,5.611213333333334,1,21,1,5.789112894967711,5.539034244594347,56.871752041573856,0.17723389747005225,0.18774927636029387,6.067460343215576,5.370199656784424,0.043400398322837465,0.03265226526556539,0.046453782425280275,41605303.0,1.6129978670625265,0,0,-1,0.0,0,39.91428571428572,0.02262914128919747,0.01494120767394576,1.6347072407628775,0.6682260252286989,0.5183386418135906,0.020408163265306145,0.07526881720430101,0.3182813446175786,0.06994999999999996,0.0
2025-01-22,5.725,6.0,0.034249923043078445,-0.010050335853501338,0.02297648527904104,-1.746205532636927,-0.04691691978775172,5.744549999999999,5.73128,5.63538,2,22,1,5.7774560049735815,5.5510320352656795,47.721354166666664,0.16075024367730606,0.18234946982369632,6.0606498647259,5.4019101352740995,0.04649232208438371,0.03418098604746244,0.041125372241562944,41601493.0,-0.03813342186132578,0,0,-1,0.0,0,41.62857142857143,0.02663461394635228,-0.009999999999999934,-0.8618858839266108,0.7587800639557682,0.5426063318913255,-0.014629948364888068,0.0454711468224982,0.45695611873594427,0.040174672489083046,0.0
2025-01-23,5.71,5.725,-0.041242958534049134,-0.015763321539516748,-0.035654400503095755,2.8171674309920234,-0.002623525772384481,5.7490499999999995,5.7345299999999995,5.65388,3,23,1,5.765191276796566,5.561288032990475,48.0340760157274,0.1448072073020512,0.1748410173193673,6.061589872838502,5.407470127161497,0.04650068112558268,0.033546994735363544,0.04085818416017723,41537754.0,-0.15000311586442833,0,0,-1,0.0,0,43.68571428571429,0.02790614786978933,-0.004366812227074143,3.703782939655605,0.6957217684939618,0.5325420318201901,-0.04833333333333334,0.011514614703277415,1.2000237400764613,0.05903677758318746,0.0
2025-01-24,5.52,5.71,0.0017528488274143868,-0.008329302729682513,0.0018132371241807218,0.06722263434579882,-0.033841163378914955,5.76605,5.727805,5.665046666666667,4,24,1,5.7206110446517355,5.558624288926573,46.60873251377702,0.1155093046456317,0.1629746747846202,6.067096078108893,5.388513921891107,0.043904004240066866,0.03441454339407766,0.04142369680178988,41469583.0,-1.2249364242540268,0,0,-1,0.0,0,45.8,0.037710141993619356,0.0,2.8396320913794146,0.7173226353591393,0.5463139398274213,-0.06913996627318719,-0.023786364842161123,1.511131416830487,0.050471014492753784,0.0
2025-01-27,5.51,5.52,-0.02681877670530251,0.00024140844701915263,-0.04067103973092775,0.7861596919331167,-0.0018132371241808313,5.77405,5.713305,5.674896666666666,0,27,1,5.682318127442329,5.555487238028085,47.07166709478551,0.09044104125788888,0.14846794807927394,6.064193937144804,5.362416062855196,0.043758497498216,0.033849845018872796,0.041428786073873416,41319951.0,-1.1587997139738875,0,0,-1,0.0,0,37.971428571428575,0.035125494415354716,0.007047101449275512,3.6190229657343145,0.655783037327733,0.5373496310280954,-0.02572716824330301,-0.050000000000000044,1.0993618179399407,0.09074410163339383,0.0
2025-01-28,5.3,5.51,-0.029001293392387613,-0.07145896398214487,0.0,-4.019753616776194,-0.03885780260674695,5.71605,5.6888049999999994,5.6783866666666665,1,28,1,5.612805740634633,5.53900419041337,43.475682087781735,0.05301786007082043,0.12937793047758325,6.082911149072715,5.294698850927284,0.03482146277201687,0.03479752135979336,0.04208141272243325,41317264.0,-1.9730978616538237,0,0,-1,0.0,0,40.62857142857143,0.03919246667497627,-0.01996370235934654,-0.5573080426198771,0.32829564833371233,0.5523935265568283,-0.1166666666666667,-0.08462867012089814,0.3946082302986706,0.018867924528301987,0.0
2025-01-29,5.5,5.3,-0.026267926820610302,0.03636764417087479,-0.019048194970694363,0.46318849760717895,0.037041271680349076,5.6850499999999995,5.678614999999999,5.690386666666667,2,29,1,5.59229560597379,5.536487791031862,46.937639198218264,0.0390479276869824,0.11131192991946309,6.081529154497977,5.275700845502021,0.03788960498843773,0.03589086129859242,0.04252538906629382,41321534.0,-0.886615662448241,0,0,-1,0.0,0,42.4,0.035242002825859806,-0.007547169811320762,-0.5184008203843012,0.4830561104867202,0.5697497600159296,-0.0393013100436681,-0.0357305655878537,0.714986891900189,0.07272727272727263,0.0
2025-01-30,5.41,5.5,0.01059011410138045,-0.03451750488271327,0.02206251526361706,-1.868645571720163,-0.016498999380035077,5.62605,5.657615,5.67272,3,30,1,5.559150950342191,5.528327288384645,51.21506682867558,0.020478346159052307,0.09314521316738093,6.07095332847869,5.24427667152131,0.03559749003638999,0.035604353731226515,0.031384905531537055,41320875.0,-1.1981226174275095,0,0,-1,0.0,0,45.91428571428571,0.03058875427211694,-0.03345454545454549,-0.6016150994491118,0.4839530061602975,0.565201593384,-0.05253940455341499,-0.07204116638078906,1.1516828434312316,0.017375231053604494,0.0
2025-01-31,5.25,5.41,0.0029302398967271303,-0.01459771211066413,-0.012493064247466445,0.07594889530073358,-0.03002101625485782,5.55805,5.630115,5.655053333333333,4,31,1,5.502941686643611,5.510370689134024,46.469203609258535,-0.007067375507092244,0.07310269543248629,6.075508315361271,5.184721684638729,0.03615175937677679,0.03609257813061635,0.0314589589399663,41320164.0,-1.7068733943241978,0,0,-1,0.0,0,43.771428571428565,0.03233695067126559,-0.014491682070240342,-0.5825302569759994,0.47351853356625934,0.5729519154526763,-0.048913043478260754,-0.09482758620689657,1.1829190699445842,0.015542857142857122,0.0
2025-02-03,5.49,5.25,-0.005944560189649952,0.029276874773713314,0.009478743954543739,0.8363886612868501,0.04470017891790699,5.5415,5.620615,5.64572,0,3,2,5.500588652708409,5.509056451125377,41.663103890551525,-0.009422942333761952,0.05659756787923664,6.069618792153813,5.171611207846187,0.03798164139307788,0.03753659593699632,0.03267968586708557,41321805.0,-0.5817990951633462,0,0,-1,0.0,0,37.4,0.028121169003891465,0.00952380952380949,-0.5489570379181201,0.6203624546624056,0.5958749874792588,-0.003629764065335661,-0.03345070422535201,0.45981090260245144,0.03460837887067402,0.0
2025-02-04,5.2785,5.49,-0.05627090546130271,-0.039002157803269204,-0.05826890812397576,1.1997591862935835,-0.039286289073826745,5.46935,5.6022,5.63567,1,4,2,5.460208897670516,5.494181841375354,39.28643418665594,-0.028032882812393467,0.03967147774091062,6.0761966022530665,5.128203397746933,0.03215642734395103,0.038456837038408936,0.032882682815184736,41316358.0,-1.365832575429208,0,0,-1,0.0,0,37.142857142857146,0.02994658587750547,-0.08743169398907111,-0.4398547100328785,0.6219571646959406,0.6104833620826066,-0.004056603773584855,-0.06522278104413115,0.4543038862120215,0.05304537273846741,0.0
2025-02-05,5.3,5.2785,0.005970166986503975,0.003780722839905931,0.005982071677547469,-0.3648120281652716,0.004064854110463659,5.42685,5.5857,5.629803333333333,2,5,2,5.431080007184968,5.48165398064146,34.86159169550173,-0.04057875774223341,0.023621430644281814,6.078234305511145,5.093165694488855,0.030180038408072575,0.03848619993236198,0.032731616314851004,41320140.0,-1.1601222363729766,0,0,-1,0.0,0,38.62857142857143,0.03280109932323446,-0.04518329070758741,-0.4823149365551654,0.5320027480294715,0.610949483573644,-0.036363636363636376,-0.05861456483126115,1.1436528964183363,0.050943396226415014,0.0
2025-02-06,5.41,5.3,0.04005979936140475,0.08149303425118301,0.04204589733303415,1.003540049881973,0.020542272300314107,5.396850000000001,5.5729500000000005,5.62197,3,6,2,5.427247278605882,5.477031143180721,38.94557823129253,-0.04117078217168402,0.01066298808108865,6.070022154033872,5.075877845966129,0.031458814613326204,0.03879199760895769,0.03244765704322845,41330457.0,-0.6556392212986318,0,0,-1,0.0,0,39.68571428571429,0.028070291424196907,-0.010188679245282902,-0.2853566625613839,0.5553110522596868,0.6158038711962857,0.0,-0.04501323918799649,0.13941297740475372,0.09316081330868753,0.0
2025-02-07,5.0,5.41,0.04181273498920769,-0.04481546506620504,-0.0480279690105816,-0.5097277161382685,-0.07881118042428986,5.344849999999999,5.5554499999999996,5.600153333333334,4,7,2,5.349565955222994,5.4462549403948675,36.82412060301508,-0.07387198897912661,-0.006244007330954404,6.1072076603814,5.003692339618599,0.03792178952000382,0.0404959284108221,0.03519986129097914,41324260.0,-2.0133839179180484,0,0,-1,0.0,0,38.371428571428574,0.028681601363305376,0.011090573012938929,-0.3963971677226589,0.7687923844042837,0.6428529341142623,-0.04761904761904767,-0.06542056074766345,-0.5068938195363715,0.09960000000000005,0.0
2025-02-10,5.2,5.0,-0.018450707913116485,0.053473527809319625,0.001998002662673058,1.2782767046322787,0.03922071315328133,5.31385,5.543950000000001,5.580153333333333,0,10,2,5.32237214518245,5.430367524885522,32.92787025181393,-0.08269633062052328,-0.02153447198886818,6.115933704221388,4.971966295778613,0.04100529770262903,0.04144359849239197,0.03570120026927231,41346510.0,-1.2026566402558698,0,0,-1,0.0,0,44.71428571428572,0.03904998691668532,0.07400000000000002,0.02951100132354435,0.7439560206850493,0.6578967302788833,-0.05282331511839711,-0.04235727440147319,-0.6224481302041227,0.15192307692307694,0.0
2025-02-11,5.09,5.2,-0.013121087962697212,-0.05310982531394841,-0.08208071113623086,0.7754207601307828,-0.02138079502495033,5.29285,5.50445,5.55682,1,11,2,5.280122664240186,5.408408329731618,35.422405876951345,-0.09744250905044272,-0.036716079401183085,6.087720533963063,4.9211794660369375,0.03981755630901672,0.03655675176834839,0.03585281456201321,41298194.0,-1.4211244212321092,0,0,-1,0.0,0,45.4,0.04075755780052082,0.019230769230769162,0.7166050559121039,0.7113505645707263,0.5803204435162232,-0.035710902718575466,-0.13435374149659862,-0.9985987226151628,0.17383104125736745,0.0
2025-02-12,5.58,5.09,-0.017472513931406242,0.039028386967478186,0.030892464282786136,-0.5633949624156105,0.09191094583078814,5.30085,5.49295,5.552693333333334,2,12,2,5.334645816196516,5.419478760071514,47.5499434602337,-0.06879700771718333,-0.04313226506438314,6.059690161384738,4.926209838615263,0.04961797470221586,0.043133457399065704,0.04014041436624058,41325699.0,0.3071954519238837,0,0,-1,0.0,0,41.371428571428574,0.029928145758984923,0.02322200392927306,0.11283332212211214,1.027777511025151,0.6847224087859606,0.05283018867924527,-0.03958691910499135,-0.14243496439768236,0.1718458781362007,0.0
2025-02-13,5.5,5.58,0.0707449805403379,-0.02279719203889571,0.11754024241231356,-1.4648112383731497,-0.01444068415479436,5.30985,5.46795,5.541693333333333,3,13,2,5.364710213251694,5.4246736787765775,49.60676366496265,-0.05195170601486243,-0.044896153254479,5.982194146398718,4.953705853601282,0.04953624944737371,0.04246819200163779,0.04000035536941445,41319342.0,0.12464896382174875,0,0,-1,0.0,0,46.60000000000001,0.030351913410048652,0.0017921146953404636,-0.4553100956294906,1.0391120611718598,0.6741616480012557,0.01663585951940849,-0.08333333333333337,0.37265645510681045,0.04296363636363636,0.0
2025-02-14,5.41,5.5,-0.016231194928582552,-0.016231194928582552,-0.0063146073020890064,-1.5910458728027705,-0.016498999380035077,5.32585,5.44195,5.528693333333334,4,14,2,5.372944719933204,5.423726989823249,48.09378574151736,-0.04534126501144886,-0.04498517560587297,5.908171417918995,4.975728582081006,0.04874846609481717,0.04252870665866627,0.04009106571962676,41318047.0,-0.13705934035639433,0,0,-1,0.0,0,43.68571428571429,0.0304287314180796,0.0,-0.5884465100635498,0.8080057897799552,0.675122288400286,0.08200000000000007,-0.08768971332209097,1.2336251503319853,0.033271719038816955,0.0
2025-02-18,5.32,5.41,-0.0036429912785009805,-0.0036429912785009805,-0.0015048911794202768,0.239837407103377,-0.016775789504837126,5.30885,5.425175,5.5166933333333334,1,18,2,5.363318407218077,5.417034925963685,50.39952057530963,-0.04682492217388656,-0.04535312491947569,5.883113547359771,4.96723645264023,0.04677696435103052,0.04147054821113204,0.04003112119282952,41316401.0,-0.4593411085674397,0,0,-1,0.0,0,46.8,0.030598921104366496,0.012939001848428888,-0.571831795683509,0.8059582083039728,0.6583245438010195,0.023076923076922995,-0.059322783131464885,2.2224823843039148,0.03157894736842108,0.0
2025-02-19,5.32,5.32,-0.02963179760637123,-0.02963179760637123,0.0015048911794203067,-4.461664402070575,0.0,5.313,5.3911750000000005,5.505799999999999,2,19,2,5.355442333178426,5.410774608159578,46.092053842813726,-0.047453714284926285,-0.04577324279256581,5.762128149971484,5.020221850028517,0.045003011507473975,0.03873429054080868,0.04002304344199019,41316401.0,-0.38374118136196816,0,0,-1,0.0,0,47.62857142857143,0.03373624066802955,0.0,-0.5810105693124432,0.7751977237980437,0.614887799889008,0.045186640471512884,-0.11333333333333329,2.130709153305914,0.0,0.0
2025-02-20,5.35,5.32,0.005623257554362039,0.005623257554362039,0.005623257554362039,2.830112566377968,0.005623257554362039,5.318,5.372425,5.496466666666667,3,20,2,5.3544528180550754,5.406853665697669,48.66250557289344,-0.04501241221483099,-0.04562107667701885,5.708612490765867,5.036237509234133,0.04501497968466621,0.03759200001291718,0.040040921128791124,41316723.0,-0.13340770026221888,0,0,-1,0.0,0,44.22857142857144,0.040381111765639355,0.005639097744360781,-0.5665763376040795,0.16537965578913846,0.5967544999182944,-0.04121863799283165,-0.06550218340611358,0.7399475080135965,0.0,0.0
2025-02-21,5.33,5.35,0.0018674141747954624,0.027651531330510164,-0.0037453227301619415,1.3369605709517485,-0.0037453227301619415,5.31,5.353425,5.4853,4,21,2,5.35000685113597,5.401895364684917,51.9020446980504,-0.044182190795640786,-0.04533329950074324,5.649887525367793,5.056962474632206,0.04453515854677616,0.03759267721817049,0.04002086435777501,41315497.0,-0.15803009146561336,0,0,-1,0.0,0,36.971428571428575,0.044478681046532145,0.0018691588785047992,-0.47228268877243457,0.15812253646877372,0.5967652502184152,-0.030909090909090886,-0.06654991243432573,-0.1055150511147461,0.03189493433395871,0.0
2025-02-24,5.32,5.33,0.0074349784875179905,-0.01834913866819643,-0.0018779348242000977,0.47376896214296876,-0.0018779348242000977,5.342,5.343425,5.4843,0,24,2,5.344551060020339,5.396611792769761,45.46182594767752,-0.04382595246669485,-0.045031830093933564,5.629541515647729,5.057308484352271,0.03598535877565352,0.036901162197222,0.03868522109082655,41313528.0,-0.16374447974083964,0,0,-1,0.0,0,29.542857142857144,0.04420815836480831,0.013133208255159528,-0.37868095635194304,0.13062982658653816,0.5857877895786433,-0.01663585951940849,-0.03623188405797084,-1.196863719847725,0.015037593984962419,0.0
2025-02-25,5.14,5.32,0.0009254975209429712,0.0009254975209429712,-0.050106820054178984,1.1299429632762463,-0.03442022388647942,5.336,5.324925,5.474633333333333,1,25,2,5.307359958198459,5.3800561932362285,46.23947868585391,-0.05740638166804324,-0.0475067404087555,5.613528584432782,5.036321415567219,0.03598666226773552,0.037616688320971266,0.039081232254826036,41307433.0,-1.2815156150153189,0,0,-1,0.0,0,24.2,0.050579092339100414,0.01597744360902255,-0.1286303731825225,0.24662400240905433,0.5971464146587068,-0.03383458646616555,-0.06715063520871145,-1.9425154030274854,0.06712062256809351,0.0
2025-02-26,5.17,5.14,-0.08390461098263438,-0.04445176257083392,-0.017946643190836827,-0.44265343349046843,0.0058196090532640025,5.343999999999999,5.318425,5.450966666666667,2,26,2,5.282385420344194,5.366504180769375,46.48648648648649,-0.06499895290365121,-0.05100518290773465,5.615134192201595,5.021715807798405,0.03527929480308051,0.036718588830458844,0.03576341626110174,41311348.0,-1.000474565002051,0,0,-1,0.0,0,21.25714285714286,0.04820283240000987,-0.03307392996108948,-0.3164021504275486,0.259832898836573,0.5828895272317688,-0.02819548872180455,-0.024528301886792447,-1.8577832254952098,0.0386847195357834,0.0
2025-02-27,4.95,5.17,0.03945284841180045,0.0,-0.00403226352793834,-0.24216104629441887,-0.04348511193973878,5.281000000000001,5.290925,5.422300000000001,3,27,2,5.22195170755434,5.3396329433003835,38.265306122448976,-0.08775667734290327,-0.05835548179476838,5.61724906801905,4.964600931980949,0.016329292647006836,0.03669476863462351,0.03643818041836339,41308275.0,-2.089487312839559,0,0,-1,0.0,0,12.757142857142858,0.06773877142074597,0.0,-0.3811667339326995,0.3411054125153406,0.5825113933456019,-0.07476635514018681,-0.09999999999999998,-0.5700025724092848,0.04444444444444439,0.0
2025-02-28,4.92,4.95,-0.02745270440868986,-0.02745270440868986,-0.010152371464017962,-0.7299367478626858,-0.006079046076382226,5.223,5.266425,5.3863,4,28,2,5.167051397089915,5.31255985018423,47.46835443037975,-0.10697988962615934,-0.06808036336104657,5.626897391088309,4.905952608911691,0.016395258076573292,0.03659344742497522,0.035747229742969365,41306794.0,-1.9220612094818237,0,0,-1,0.0,0,20.65714285714285,0.06912395602372523,0.016161616161616175,-0.5185854820765756,0.33654305898314635,0.5809029690060082,-0.07692307692307698,-0.09057301293900188,-0.516606560555854,0.026422764227642254,0.0
2025-03-03,4.95,4.92,-0.04160924932069861,-0.016032407531048884,-0.03109058707003112,1.1195484653961651,0.0060790460763821925,5.1770000000000005,5.251424999999999,5.353633333333334,0,3,3,5.12758750670993,5.289168892107829,41.13475177304964,-0.11842850449621789,-0.07814999158808084,5.638742804366165,4.864107195633833,0.01709610477601408,0.036153524619412465,0.035796921942702065,41311331.0,-1.5564737618673226,0,0,-1,0.0,0,12.342857142857143,0.06607460132704006,-0.019308943089430843,-0.28091299001099707,0.3610428451944648,0.573919410968499,-0.06954887218045114,-0.05714285714285716,-0.496552398846263,0.040404040404040435,0.0
2025-03-04,4.82,4.95,-0.00937018828758463,-0.020408871631207238,-0.003796671930409424,0.07328897128894142,-0.026613648518089943,5.127000000000001,5.217925,5.325783333333334,1,4,3,5.071662505489943,5.258899931326678,40.55944055944057,-0.13641897478476928,-0.08980378822741852,5.633246343565597,4.802603656434403,0.017846412858489855,0.03467200541865906,0.035189470997431756,41306449.0,-1.9162270668959762,0,0,-1,0.0,0,11.042857142857144,0.07117751262227492,-0.03434343434343433,-0.2670131153754738,0.33825463794611754,0.5504010227619348,-0.06225680933852129,-0.12204007285974494,-0.7064953996256303,0.024481327800829757,0.0
2025-03-05,4.79,4.82,0.01783169785796616,0.02040887163120725,0.012182465306683413,-0.7781866473208001,-0.006243516639685159,5.074,5.1935,5.28545,2,5,3,5.020451140855408,5.2286483228539895,9.278350515463899,-0.1513526027910732,-0.10211355114014947,5.649305821999348,4.737694178000653,0.017578006030174773,0.03381518224640636,0.03293381986253839,41304207.0,-1.7704907683280011,0,0,-1,0.0,0,11.514285714285714,0.08610063772174746,0.00954356846473016,-0.4748831266982236,0.3061827946097373,0.5367993765739062,-0.07350096711798837,-0.09254523065264753,-0.6714480095473394,0.03340292275574116,0.0
2025-03-06,4.79,4.79,0.023157646675230938,0.006042314455962662,-0.03721854346800831,0.942005428081649,0.0,5.018,5.168,5.254283333333333,3,6,3,4.978550933427152,5.200348431056958,10.112359550561777,-0.1613279227072244,-0.11395642545356446,5.654733472944167,4.681266527055834,0.017093723921269562,0.033774290814642074,0.03212143427362879,41304207.0,-1.5532114432711746,0,0,-1,0.0,0,17.2,0.07669157286753844,0.03966597077244267,-0.18760882768368803,0.19308561404244406,0.5361502452186961,-0.03232323232323231,-0.0962264150943396,-1.2648088790911274,0.07620041753653449,0.0
2025-03-07,4.7493,4.79,-0.016194685919980606,-0.006042314455962698,0.028685370810889017,-0.9732650514573246,-0.008533172657119448,4.95993,5.134964999999999,5.22226,4,7,3,4.936868945531305,5.17124853227909,10.705364577138084,-0.17055157309501023,-0.1252754549818536,5.641810656046009,4.62811934395399,0.016938928027682508,0.033251885248579666,0.0321216081211466,41302034.0,-1.5218242295243816,0,0,-1,0.0,0,17.642857142857146,0.08588018775151052,0.02296450939457209,-0.45360958811696256,0.1935184814772939,0.5278573139507938,-0.03469512195121949,-0.12212569316081334,-1.0582357295578626,0.04225885920030327,0.0
2025-03-10,4.52,4.7493,-0.05452083887841711,-0.030771658666753774,-0.05614453701154148,1.908809335770871,-0.0494852449215647,4.87993,5.110965,5.188926666666666,0,10,3,4.8610745917983404,5.129232497938505,9.183673469387742,-0.1941262100302259,-0.13904560599152807,5.685638521135972,4.536291478864029,0.020117175388357444,0.030682120000863712,0.032678954922192194,41287377.0,-2.056698206076472,0,0,-1,0.0,0,17.071428571428573,0.10141746536136934,-0.023013917840523906,0.5568599582191314,0.31128526497575637,0.4870635553111576,-0.08686868686868698,-0.09600000000000009,-1.1430636115671677,0.0685840707964601,0.0
2025-03-11,4.3967,4.52,-0.026202372394024072,-0.053488684950986236,-0.07393666594345291,-0.1936152197519254,-0.027657734310628405,4.8056,5.0708,5.151816666666667,1,11,3,4.776642847835006,5.081972336781182,8.157346143388011,-0.22022000010733045,-0.15528048481468854,5.725928525759057,4.415671474240943,0.019569978483010682,0.029186745515056067,0.03289301295790987,41275300.0,-2.057916801039801,0,0,-1,0.0,0,15.114285714285716,0.11658798074904654,0.0,0.39823386067220656,0.31309308779997586,0.4633252212730089,-0.08782157676348556,-0.15448076923076925,-1.0850351788810164,0.08642845770691653,0.0
2025-03-12,4.485,4.3967,-0.04063764573182627,-0.014388737452099443,0.03765150620368838,-3.314558683200204,0.019884235977248078,4.7371,5.0405500000000005,5.12465,2,12,3,4.723616875501368,5.043457992472718,12.766873278236972,-0.23111034845711487,-0.1704464575431738,5.745892071547427,4.335207928452574,0.021685667768740275,0.02965859019952694,0.032709070710878654,41275739.0,-1.5752640382876857,0,0,-1,0.0,0,15.914285714285716,0.10576965906274931,-0.012896035663111014,-0.7146753714800727,0.41488279054532595,0.4708155234283549,-0.06367432150313146,-0.11886051080550086,-0.23368184261103098,0.03455964325529548,0.0
2025-03-13,4.4,4.485,0.025029748065835515,-0.007834399332610665,-0.00846529088399617,2.5074301244550834,-0.019133954586543985,4.6821,4.98155,5.087983333333333,3,13,3,4.664777443592028,5.001944573603511,12.090330996249861,-0.24378956327865975,-0.185115078690271,5.694267310166243,4.268832689833758,0.01938245929203041,0.017443501658458975,0.03177696257785229,41270351.0,-1.6319233213638458,0,0,-1,0.0,0,15.185714285714289,0.1105790655097089,-0.007803790412486096,0.37071090436905935,0.39959649176033607,0.2769070042945512,-0.0814196242171189,-0.2114695340501792,0.4376565705844974,0.03556818181818189,0.0
2025-03-14,4.52,4.4,-0.052121549774188446,0.02002291587510773,-0.016319704726441918,0.6000431770877431,0.026907452919924187,4.642100000000001,4.93255,5.058316666666667,4,14,3,4.638454272029841,4.970851375306511,20.073320365105488,-0.24137254283082488,-0.19636657151838177,5.629770999472434,4.235329000527566,0.022964329137678784,0.019471194077355675,0.03232413797330641,41280169.0,-1.1834124339690415,0,0,-1,0.0,0,22.057142857142857,0.10422700522792998,-0.040000000000000036,1.4192020569589692,0.510505163563604,0.3090956235489412,-0.04828079927568274,-0.17818181818181822,0.12493749114290442,0.06991150442477873,0.0
2025-03-17,4.35,4.52,-0.0033198987096703944,-0.04047789073515923,-0.04453785443090166,-0.35661674349639255,-0.0383361487435471,4.5821,4.87955,5.028316666666667,0,17,3,4.586008040751688,4.930796447867381,20.224634403738875,-0.25028943515425084,-0.2071511442455556,5.585059495627896,4.174040504372104,0.024072583292250316,0.020417338525815367,0.03256315815803412,41273296.0,-1.5011846141878111,0,0,-1,0.0,0,22.571428571428573,0.11096626445775201,-0.0685840707964601,0.6142692315188255,0.46273377635314056,0.3241152010387535,-0.03761061946902655,-0.1959334565619224,0.4108679697610012,0.07354022988505739,0.0
2025-03-18,4.35,4.35,0.03271319740630257,-0.00227327621750465,0.07393115312753389,-3.65357242082952,0.0,4.5351,4.83105,4.990316666666667,1,18,3,4.543097487887744,4.893325709295292,18.37883695819835,-0.2544233030981964,-0.2166055760160838,5.542411086783322,4.119688913216678,0.023844891072834398,0.02049908025464389,0.031109411935508202,41273296.0,-1.35247769083137,0,0,-1,0.0,0,22.228571428571428,0.10997890085324237,0.0,-1.0326921500373363,0.4277233639224,0.325412810756054,-0.010621602565560662,-0.18233082706766923,-0.3312579022401857,0.0,0.0
2025-03-19,4.24,4.35,-0.023256862164267235,-0.009237940984936362,-0.05918887139033065,3.4850358150799647,-0.02561257585672623,4.4801,4.77705,4.955700000000001,2,19,3,4.4879888537263355,4.851175663534305,20.082588909489274,-0.263537606437775,-0.22599198210042207,5.496056965781403,4.058043034218597,0.024272227541883306,0.02064139129893103,0.030742460712211893,41267489.0,-1.493865916629456,0,0,-1,0.0,0,21.6,0.1145005798176484,-0.022988505747126357,0.29607787173912303,0.4016952260791375,0.32767192854806404,-0.05462653288740249,-0.20300751879699253,0.8866907929015446,0.04952830188679244,0.0
2025-03-20,4.3,4.24,0.0023501773449534514,0.0,0.038282186571016966,-2.268224430836842,0.014051753455650287,4.4311,4.72455,4.922366666666666,3,20,3,4.453809062139729,4.815615943306286,24.51915173434159,-0.26288884003502044,-0.23337135368734174,5.420370958520123,4.028729041479877,0.02542530196045062,0.021087113896123617,0.030920183669068055,41268090.0,-1.2202851748039776,0,0,-1,0.0,0,21.685714285714287,0.10926182756674306,0.004716981132075371,-1.0382958273854221,0.4278636924206126,0.33474755542342444,-0.022727272727272818,-0.19626168224299068,-0.17910793583625947,0.011627906976744146,0.0
2025-03-21,4.06,4.3,0.01398624197474009,0.002317498140362704,-0.06297479916138843,2.5225956217141596,-0.05743204908587552,4.362170000000001,4.66105,4.877366666666666,4,21,3,4.38220741447796,4.766866527609106,18.806953595962383,-0.2785299621977062,-0.24240307538941466,5.3560250968655145,3.966074903134486,0.029153134571673064,0.02328880554106317,0.03174314242457579,41260601.0,-1.7297022661987878,0,0,-1,0.0,0,22.685714285714287,0.12353467422891785,0.004651162790697782,0.6503920972822782,0.4477944967933311,0.3696983267603771,-0.10176991150442483,-0.23827392120075053,0.09277754316380758,0.07881773399014787,0.0
2025-03-24,4.09,4.06,-0.06207242864237784,-0.028170876966696335,0.014888612493750559,-2.1469666698917527,0.00736199644106926,4.31917,4.59955,4.847033333333333,0,24,3,4.3290787936637845,4.723197719376261,22.486054575606786,-0.2852171096220584,-0.2509658822359434,5.266111061284803,3.9329889387151957,0.02739020274465378,0.02361690243025951,0.029246585784440712,41261476.0,-1.5288921888651479,0,0,-1,0.0,0,25.4,0.1286418036006437,0.0,-1.0308265545701032,0.4559597864520852,0.37490670340886173,-0.05977011494252871,-0.23120300751879708,-1.0624363806653865,0.03422982885085588,0.0
2025-03-25,4.04,4.09,0.017094433359300255,0.07784248676393393,-0.0928501539634624,4.024351190401566,-0.012300278081651676,4.283499999999999,4.544549999999999,4.808366666666667,1,25,3,4.276519012997642,4.679120447158438,22.15208673696715,-0.29119459424658434,-0.2590116246380716,5.204845361342631,3.8842546386573673,0.02671628579685305,0.023091983108825678,0.027921947680702622,41212525.0,-1.5282554733507645,0,0,-1,0.0,0,29.285714285714285,0.13037325860310767,0.009779951100244507,3.9490863228826343,0.4439398998881621,0.36657386751154153,-0.07126436781609191,-0.21400778210116722,-0.7447611160557152,0.20792079207920788,0.0
2025-03-26,3.86,4.04,0.019185240721348643,-0.026787315963649843,-0.021858793812499073,-0.9405033877535347,-0.04557750849631925,4.220999999999999,4.479049999999999,4.767366666666667,2,26,3,4.200788283361707,4.626273966696603,19.540154591903544,-0.3069183261404822,-0.2685929649385537,5.138007442919507,3.8200925570804904,0.026958322928173118,0.023814401141701053,0.028619973338998933,41193413.0,-1.8788770250694808,0,0,-1,0.0,0,28.88571428571429,0.14240346944513643,0.04207920792079206,1.0349489828734366,0.4922669523299199,0.3780418982572419,-0.089622641509434,-0.25338491295938104,-0.28743972555465463,0.20725388601036265,0.0
2025-03-27,3.8101,3.86,-0.1183770362678494,-0.08004270767353637,0.03261158558876101,-1.1431758387571511,-0.013011747963408926,4.16201,4.422055,4.70837,3,27,3,4.129754050023214,4.573617581748435,19.42310196640186,-0.3197204713435031,-0.27881846621954365,5.1062064036035455,3.7379035963964555,0.02691662596127268,0.02286230789068211,0.02062556891916563,41187320.0,-1.7889461215068088,0,0,-1,0.0,0,28.342857142857145,0.14657813683179582,-0.031088082901554317,-0.17291280898241607,0.41093577786569396,0.36292788645440716,-0.1139302325581395,-0.2302828282828283,-0.23951438026244293,0.08923650297892441,0.0
2025-03-28,4.0,3.8101,0.06720874969344989,-0.019802627296179754,0.06720874969344989,-3.0381420479802124,0.048638925606560066,4.11001,4.376055,4.658370000000001,4,28,3,4.106162404564448,4.536609995829181,32.6249665864742,-0.31095838600292325,-0.2852464501762196,5.04272956426029,3.7093804357397104,0.0313405892061764,0.0268009935570248,0.023542728512373223,41187612.0,-1.128151635475257,0,0,-1,0.0,0,26.371428571428574,0.15312467608816177,0.04984121151675814,-0.6988870742580281,0.5504404886658397,0.4254525830479921,-0.01477832512315258,-0.1869918699186992,0.6782554681119362,0.0,0.0
2025-03-31,3.92,4.0,-0.04866517198128101,0.011187189390564376,-0.06512535996046229,2.5785550095173155,-0.020202707317519466,4.06701,4.324555,4.608703333333334,0,31,3,4.072314694643639,4.496828705775686,33.59713715504782,-0.3069315853970229,-0.28958347722038025,4.963087763780465,3.686022236219535,0.0301970218498199,0.02661300585201554,0.02358440781356724,41183764.0,-1.2671393637025357,0,0,-1,0.0,0,21.11428571428572,0.1415356445686223,-0.04749999999999999,-0.3691526259370542,0.553788317907386,0.42246837074603844,-0.041564792176039145,-0.2080808080808081,1.397094526802644,0.07581632653061228,0.0
2025-04-01,3.95,3.92,0.031010236742560218,-0.013690319608682897,0.0474704247217416,-1.1124814106239764,0.007623925110659366,4.02701,4.281055,4.563036666666666,1,1,4,4.050075659253887,4.4615494344353195,30.82162317178087,-0.29788572639927136,-0.2912439270561585,4.895558672979527,3.6665513270204735,0.03057165993310814,0.02668709705350112,0.0237794143022681,41185029.0,-1.077471183841174,0,0,-1,0.0,0,19.571428571428573,0.14375682047628374,0.002551020408163324,-0.5848422926450703,0.5620917156100407,0.4236445321068514,-0.022277227722772297,-0.18049792531120334,0.8082827649428412,0.015189873417721532,0.0
2025-04-02,3.93,3.95,0.0076045993852192125,0.014925650216675574,-0.07940677760441048,2.0712061426521795,-0.005076153031860661,3.9960099999999996,4.238055,4.516703333333334,2,2,4,4.028243721207725,4.4272559225362675,32.32816964957135,-0.2889992473964833,-0.29079499112422347,4.822215167203682,3.6538948327963183,0.030052048504939956,0.026696001554642412,0.023726835149582882,41174992.0,-1.0546936175899477,0,0,-1,0.0,0,22.6,0.1544907166875666,0.002531645569620199,0.17845928042999173,0.4390237446259675,0.42378588668026507,0.0181347150259068,-0.17954070981210857,1.5339491048355982,0.10687022900763357,0.0
2025-04-03,4.0,3.93,-0.01526747213078842,-0.012422519998557096,0.013680103904080176,-0.6438684676314572,0.017654935238720745,3.96601,4.198555,4.471703333333333,3,3,4,4.023108499169957,4.3996910243081215,29.684325675886868,-0.2731594219966187,-0.2872678772987025,4.730032905566476,3.6670770944335245,0.030361128984586275,0.02731959809753418,0.024100558384845074,41180264.0,-0.7471806369386892,0,0,-1,0.0,0,12.142857142857142,0.13202629604671287,-0.007633587786259605,-0.2551143111329889,0.4185533046534012,0.4336851749058525,0.04984121151675813,-0.16492693110647183,0.7474681414531861,0.07999999999999996,0.0
2025-04-04,3.77,4.0,-0.05806380095476109,0.0,-0.02197890671877523,0.10180716902144785,-0.059219359659971216,3.93701,4.14959,4.4197033333333335,4,4,4,3.977088772048146,4.359065796933404,28.354978354978357,-0.27598395284291577,-0.2850110924075452,4.646764021847545,3.6524159781524546,0.030666773389055955,0.029424809245428327,0.025618830842397664,41174427.0,-1.5269904834907013,0,0,-1,0.0,0,5.385714285714286,0.16009552237789304,-0.07999999999999996,-0.22169383464134676,0.46659069974155953,0.4671043658335049,-0.057499999999999996,-0.20619880824542558,-1.0880106698893621,0.10610079575596815,0.0
2025-04-07,3.82,3.77,0.045160396118853335,0.0,0.02604670893810069,0.4534636196819477,0.013175421158564328,3.9100099999999998,4.11459,4.369703333333333,0,7,4,3.948527177130301,4.3242873584215715,30.932508274571887,-0.2710631841003517,-0.2822215107461065,4.600397095785819,3.62878290421418,0.03102621631287951,0.028532487521421297,0.025954807673265818,41183613.0,-1.2127859084622237,0,0,-1,0.0,0,4.0,0.1432422521636416,0.021220159151193654,0.11281021997734841,0.48734864330372835,0.45293919760640683,-0.025510204081632626,-0.15486725663716805,-1.8338578129520946,0.07984293193717282,0.0
2025-04-08,3.65,3.82,-0.013072081567352888,-0.03562717764315116,-0.020506528562485325,-0.9096180730532847,-0.0455232550240837,3.8710100000000005,4.077254999999999,4.320036666666667,1,8,4,3.8942495085611553,4.280784948200825,29.652365843564624,-0.27768009538067506,-0.28131322767302025,4.586003787041159,3.5685062129588387,0.03329874227082597,0.0293923773457928,0.02635341450174906,41179914.0,-1.6796305401920584,0,0,-1,0.0,0,2.9,0.12184552796028185,-0.005235602094240842,-0.3582724156106522,0.5412822227698333,0.4665895253876189,-0.07594936708860767,-0.16983191939409104,-0.42878084781659986,0.06575342465753418,0.0
2025-04-09,3.29,3.65,-0.08796877294595704,-0.06973333801467507,-0.09558646106039921,0.5221160662816828,-0.10383960281711953,3.8140100000000006,4.017505,4.25737,2,9,4,3.784385961550036,4.216863338639482,21.139558806720785,-0.3084177883167616,-0.28673413980176854,4.599974065724847,3.4350359342751524,0.04267657953176375,0.034742173140810226,0.030609333777429543,41173679.0,-2.4980039037598125,0,0,-1,0.0,0,9.5,0.17355755710478116,-0.04657534246575341,-0.15121146251784456,0.7840535247247508,0.55151490081919,-0.1628498727735369,-0.26644370122631,-0.14533524457680208,0.09422492401215807,0.0
2025-04-10,3.56,3.29,-0.11734132288100915,0.02739897418811456,-0.06119659387190674,-0.29137774629734003,0.0788729800866586,3.789,3.9755049999999996,4.211036666666667,3,10,4,3.743588513995484,4.1744850587272575,35.95347791886729,-0.3074468322032482,-0.2908766782820645,4.5629637393350375,3.3880462606649613,0.05260750579090224,0.040901605678660614,0.03483394270491329,41178338.0,-1.4145844539492995,0,0,-1,0.0,0,5.614285714285715,0.1736812646321652,-0.05936170212765958,-0.29572311790537414,1.1142657355331118,0.6492928610937794,-0.10999999999999999,-0.19090909090909092,0.7340047511270635,0.17002808988764048,0.0
2025-04-11,3.6,3.56,0.12877001870463187,-0.0027063615977430252,0.12877001870463187,0.2145642484060837,0.011173300598125255,3.7489999999999997,3.929505,4.167036666666666,4,11,4,3.71748151145085,4.137421506551306,36.31131970052521,-0.29999156080715395,-0.2926996547870824,4.480383935883429,3.378626064116571,0.049414218617554836,0.040290582294478725,0.03504959879624948,41184112.0,-1.1962882533222363,0,0,-1,0.0,0,8.385714285714286,0.19636375120789576,-0.011235955056179785,-0.17198912681009698,1.078943110753562,0.6395931655750372,-0.0450928381962864,-0.20353982300884943,-0.11115515560414346,0.0472222222222222,0.0
2025-04-14,3.71,3.6,0.06595796779179737,0.04244669024725705,0.039002157803269176,0.5746928077263334,0.030098031157279347,3.728,3.897505,4.125703333333333,0,14,4,3.7161212366416043,4.10984592548348,41.08011676938048,-0.28195690018847985,-0.2905511038673619,4.419113344601535,3.3758966553984657,0.05077292196913409,0.04076009741220849,0.03570936763669424,41194370.0,-0.7189493877565877,0,0,-1,0.0,0,12.342857142857143,0.1647356757579056,0.04444444444444436,0.23316992654511065,1.106356008377559,0.6470464870048263,-0.028795811518324554,-0.14712643678160908,-0.29535685583331733,0.05121293800539082,0.0
2025-04-15,3.81,3.71,0.010582109330537008,-0.005208345107138235,-0.05908891637000644,0.005444306661690465,0.02659731251926585,3.714,3.870505,4.092036666666667,1,15,4,3.733190102706767,4.090501027065192,48.58741100689344,-0.2566367883056042,-0.2837682407550104,4.347487380674321,3.3935226193256796,0.05163776275921785,0.04144795326418365,0.03613854349159251,41204684.0,-0.2536990985472578,0,0,-1,0.0,0,13.114285714285716,0.1503010084285308,0.024258760107816673,0.19340775209794436,1.0561228574426453,0.6579658601379467,0.043835616438356206,-0.12413793103448267,-1.2978428755090652,0.09973753280839892,0.0
2025-04-16,3.9682,3.81,0.010471299867295437,0.06568016686215566,0.10709813555636691,0.028765899526452123,0.04068340223962323,3.7178199999999997,3.856915,4.064643333333334,2,16,4,3.7759191749419,4.082610638222277,54.209041052127155,-0.22125451502636384,-0.2712654956092811,4.3041302208831125,3.409699779116887,0.05343885745791393,0.04247253290211085,0.03721688354321338,41215299.0,0.49767984095105855,0,0,-1,0.0,0,11.142857142857142,0.12984816381659575,0.007874015748031444,0.19925699791855073,0.4235065635585294,0.6742305576599625,0.20613981762917932,-0.06410377358490571,1.3318942128099864,0.06300085681165264,0.0
2025-04-17,4.01,3.9682,0.047052544270891346,0.07078425703236961,0.0408219945202552,-1.1635088578821708,0.010478649940244913,3.71882,3.842415,4.038643333333334,3,17,4,3.8184793249524636,4.077926080917614,50.28901734104046,-0.18767746883862468,-0.2545478902551498,4.245798741942106,3.439031258057894,0.053253025579911364,0.04240582074753976,0.037320864254079045,41218615.0,0.8308961545805279,0,0,-1,0.0,0,16.057142857142857,0.07114799549858011,0.014313794667607582,-0.51248371586006,0.21042948622203306,0.6731715350374401,0.1264044943820224,-0.06744186046511624,0.14807513882852155,0.09725685785536152,0.0
2025-04-21,4.3,4.01,0.030583423372080185,0.0022753138371356054,0.0368139731227164,1.7608275896445893,0.06982378138103897,3.7718199999999995,3.8544150000000004,4.023666666666666,0,21,4,3.90602853859747,4.092253430535832,59.79381443298969,-0.13609798856232036,-0.23085790991658392,4.297389017415606,3.411440982584395,0.05308177928986811,0.04360835228691256,0.039903965059861005,41237905.0,2.0117884231658874,0,0,-1,0.0,0,12.371428571428572,0.058452937066480595,0.03491271820448892,0.940255158836079,0.36449792159280114,0.6922611314187926,0.19444444444444442,0.05911330049261099,0.9731733188724169,0.05813953488372093,0.0
2025-04-22,4.5,4.3,0.060766355216147636,0.09737416402517617,0.0355066884569096,0.006716635945541249,0.04546237407675741,3.8398200000000005,3.874915,4.023,1,22,4,4.014023349761566,4.118559660823843,63.03317535545024,-0.07818132465852301,-0.20032259286497175,4.395025940695961,3.354804059304039,0.05402636048450442,0.044643593819328434,0.039909535393383926,41257325.0,2.4036602620339926,0,0,-1,0.0,0,13.600000000000003,0.05344399180309599,0.025581395348837285,0.8623973939356632,0.3660417725651111,0.7086950812687396,0.21293800539083563,0.10024449877750619,0.30548762650925765,0.12222222222222218,0.0
2025-04-23,4.5245,4.5,0.09510401549063717,0.0,0.04989697114462304,-0.4928791501842126,0.005429677032776726,3.92727,3.89914,4.02726,2,23,4,4.106837286168554,4.144749360125531,64.05769685504848,-0.02995964980901178,-0.16625000425377978,4.491711329572768,3.3065686704272323,0.04976114107659972,0.04444368513866345,0.039566235908124234,41269188.0,2.110665733527378,0,0,-1,0.0,0,21.542857142857144,0.04373487752851185,0.0777777777777777,0.623115391115478,0.4375979515716136,0.7055216293449642,0.18753280839895003,0.11992574257425725,0.21655775729635066,0.07293623604818214,0.0
2025-04-24,5.07,4.5245,-0.04426433871122789,0.09811785595852342,0.026202372394024117,0.5511383425429017,0.11383374379404104,4.10527,3.9596400000000003,4.04676,3,24,4,4.281957779592453,4.204442949794852,70.65637065637067,0.05167795470053704,-0.12266441246291643,4.749589353206672,3.1696906467933283,0.036925160079402074,0.04948628105672,0.045047895520481794,41289773.0,2.8112182015028506,0,0,-1,0.0,0,24.08571428571429,0.03906324809172725,0.02552768261686373,2.0870767100243324,0.7541165718412703,0.7855703579131665,0.2776573761403156,0.3134715025906738,0.7128874339240027,0.14003944773175542,0.0
2025-04-25,5.0,5.07,0.13299245431991238,-0.009389740349839032,0.07472354619593657,-0.6108835147222356,-0.013902905168991493,4.24927,4.019135,4.0667599999999995,4,25,4,4.412510910575643,4.25576921109841,75.30864197530865,0.10946607271000719,-0.0762383154283317,4.931424026858473,3.1068459731415285,0.038575168589599355,0.04951267068973963,0.044963006975482646,41278598.0,2.1503382614995905,0,0,-1,0.0,0,34.51428571428572,0.06285033584900136,0.04536489151873758,0.4323635654950929,0.8502278502104,0.7859892803501277,0.24688279301745641,0.3123015143959478,0.39344447180124403,0.05999999999999996,0.0
2025-04-28,5.13,5.0,-0.006492730343379347,0.011257154524634468,0.0,-0.1509789812045017,0.025667746748577813,4.40227,4.075635,4.087093333333333,0,28,4,4.542963472289162,4.312171197479158,76.09561752988047,0.1638645575013582,-0.02821774084239373,5.114166192091712,3.0371038079082884,0.03783214894628752,0.0489089211940596,0.04494209601954993,41288207.0,2.0304926958937015,0,0,-1,0.0,0,32.142857142857146,0.058435199770316665,0.053139999999999965,0.09008577710871736,0.8237850080478164,0.7764050542316276,0.19302325581395352,0.2825,1.2593068741546283,0.0701754385964913,0.0
2025-04-29,5.25,5.13,-0.026108431032018632,-0.010088026899997972,0.01980262729617973,0.1825990358980901,0.023122417420854212,4.55627,4.142135,4.117093333333333,1,29,4,4.671515568236586,4.372676281512761,82.52032520325203,0.2141897002011186,0.02026374736630874,5.301950259835563,2.9823197401644372,0.038027902483364504,0.04829639404408095,0.04431413609224065,41299741.0,1.9104163195043191,0,0,-1,0.0,0,32.74285714285714,0.05987393434278574,0.0,0.3780572004122587,0.8232178360559197,0.7666814871709156,0.16666666666666674,0.3392857142857144,1.699166533830701,0.039276190476190465,0.0
2025-04-30,5.23,5.25,0.026924703370592683,0.008220612725202461,-0.019802627296179643,0.2542482934172399,-0.003816798526700742,4.69827,4.206135,4.146426666666667,2,30,4,4.77305819219357,4.4279874891571,95.75471698113208,0.24958188094650158,0.06612737408234731,5.45885236010796,2.9534176398920398,0.040027706377264625,0.04846607981663789,0.04434101834273784,41284868.0,1.6346304962386142,0,0,-1,0.0,0,32.371428571428574,0.06375958925018674,0.0038095238095237284,0.9122274406432506,0.8445942647355869,0.7693751653021847,0.15592883191512885,0.32405063291139236,1.670641574226658,0.06692160611854678,0.0
2025-05-01,5.23,5.23,0.0037878833169371563,0.0312812993810887,0.044973365642731196,-0.03065400270944478,0.0,4.824450000000001,4.271135,4.179426666666667,3,1,5,4.856138520885648,4.479730231792126,95.13513513513514,0.2744665595254032,0.1077952111709585,5.596334307790526,2.945935692209474,0.04116753461925188,0.048367549428466786,0.04394261703325856,41284868.0,1.4471257181664146,0,0,-1,0.0,0,41.25714285714287,0.05736010222516956,0.011472275334607955,0.7694583461312953,0.27795997869769673,0.7678110438800844,0.03155818540433919,0.3307888040712468,0.2346771959981947,0.05544933078393865,0.0
2025-05-02,5.3149,5.23,0.029797362804944758,-0.0036297680505786127,-0.03869312768558074,-0.8231194283667229,0.01610291886463444,4.95494,4.33688,4.213256666666667,4,2,5,4.939549698906439,4.533612152321666,95.25040899255899,0.2976079281040249,0.14575775455757178,5.7339604755481925,2.939799524451807,0.04092660060074088,0.048364860285733724,0.04395439938788144,41291201.0,1.4000911430907226,0,0,-1,0.0,0,38.28571428571429,0.05872463304445505,0.04206500956022939,-0.7941428276745548,0.21547499426045086,0.7677683550626145,0.06298000000000004,0.32872499999999993,-0.3639219382169394,0.08814841295226622,0.0
2025-05-05,5.4,5.3149,-0.027908788117076616,-0.01834913866819643,0.03101554678654634,0.5979633152156363,0.01588475662876265,5.06494,4.418380000000001,4.257923333333333,0,5,5,5.023267935468905,4.589508142494462,95.18716577540108,0.31913569063024916,0.18043334177210726,5.865499608194543,2.9712603918054583,0.038125618618647106,0.04522297958702862,0.04228209407779825,41302717.0,1.3566535819726606,0,0,-1,0.0,0,53.057142857142864,0.07010548655289883,-0.002803439387382625,0.15418414227559343,0.18518972033396733,0.7178925451957691,0.052631578947368585,0.43236074270557046,-0.3593955050786948,0.03888888888888888,0.0
2025-05-06,5.2327,5.4,0.009389740349838917,-0.009302392662313674,-0.013149662915618629,-0.2784622307204904,-0.03147155631575943,5.13821,4.489015,4.296013333333334,1,6,5,5.0613464926563765,4.631004391365787,86.71862901976979,0.31901942832879904,0.20815055908344562,5.950989827740698,3.0270401722593023,0.04074875273722529,0.04658485346635878,0.04295165802070685,41294000.0,1.0173704579432106,0,0,-1,0.0,0,54.65714285714286,0.06180810958482667,-0.00925925925925939,-0.3923252778737074,0.3066860995189942,0.7395116228062235,-0.003295238095238018,0.36981675392670166,-1.1053384727385411,0.04353393085787439,0.0
2025-05-07,5.2,5.2327,0.00930239266231363,0.00930239266231363,-0.01024321665908689,-1.0455538901510941,-0.0062687716670876085,5.20576,4.566515000000001,4.3346800000000005,2,7,5,5.086556221264307,4.6677137854712205,83.99381830224087,0.3126842435817494,0.22905729598310642,6.0053696530963165,3.1276603469036846,0.04124702752499036,0.044678222749616456,0.0428629701550386,41290936.0,0.8805406420124274,0,0,-1,0.0,0,54.142857142857146,0.06100219640545216,0.031972022091845506,-1.484638815256507,0.30882167913760844,0.7092447984950013,-0.005736137667304075,0.4246575342465755,-0.9657949499612466,0.06346153846153847,0.0
2025-05-08,5.19,5.2,-0.03639507938946679,-0.018692133012152633,0.005899722127188102,0.5534423514363004,-0.0019249284095843938,5.21776,4.661515,4.379013333333334,3,8,5,5.105364181034433,4.70140967027953,83.14606741573036,0.3033597057476598,0.2439177779360171,5.992338321383016,3.330691678616983,0.017916385002589234,0.03561489020812538,0.04170600563732689,41285607.0,0.7942226312216849,0,0,-1,0.0,0,57.65714285714286,0.06559721337083628,0.0013461538461537832,-1.0251816993036573,0.308732248381489,0.5653688547694151,-0.007648183556405397,0.5775075987841947,-0.8678380185851433,0.03853564547206169,0.0
2025-05-09,5.3877,5.19,0.009157100471370938,0.027908788117076658,-0.003929278139889438,1.6089123474396467,0.037384880532866066,5.25653,4.7528999999999995,4.4316,4,9,5,5.156697966300899,4.745686465745366,82.22432896841856,0.30836800566969647,0.256807823482753,6.01445008077994,3.4913499192200588,0.02006079327030511,0.033084813212269595,0.0417473867548873,41312238.0,1.00638097475693,0,0,-1,0.0,0,60.02857142857143,0.07417009461447394,0.012504816955683956,2.446341645393424,0.4097736261239243,0.5252051275961362,0.013697341436339272,0.5133988764044943,0.12954590030090707,0.06867494478163226,0.0
2025-05-12,5.25,5.3877,0.012312328701420154,-0.019847031951776645,0.003929278139889557,-1.1390729275847116,-0.025890501107130898,5.26853,4.8354,4.4732666666666665,0,12,5,5.1736619724280075,4.778222822794052,73.07124400147657,0.2977931066836037,0.2650048801229231,5.990842123627454,3.679957876372546,0.021408458794042663,0.03466667081572729,0.04168838104280282,41303713.0,0.7176473689541173,0,0,-1,0.0,0,64.4857142857143,0.07525902406756621,-0.0125656588154499,-0.5594092223001302,0.4322083135012565,0.5503163385657304,-0.02777777777777779,0.45833333333333326,1.170608838724853,0.046266666666666775,0.0
2025-05-13,5.35,5.25,-0.021661496781179304,0.0013279841845390368,0.0,0.09621619420264549,0.018868484304382736,5.278530000000001,4.9174,4.520933333333334,1,13,5,5.205723431986551,4.815111672936371,74.26656475983305,0.29409148375508476,0.27082220084935543,5.964227676966582,3.870572323033418,0.020977628494065793,0.034570463074049936,0.041329452018798625,41313099.0,0.8264970625414788,0,0,-1,0.0,0,68.2,0.05647160638472229,-0.008380952380952303,-0.40704854221807646,0.3888622311904221,0.5487890880136659,0.022416725590995057,0.44204851752021557,0.3121492330036177,0.04672897196261683,0.0
2025-05-14,5.7957,5.35,0.0272847543355414,0.11048753690965925,0.042232763623272995,1.5622073667138934,0.08001970237656586,5.3351,5.016685,4.582456666666667,2,14,5,5.312991898898087,4.8783754359727345,72.66254450065581,0.32339429788510543,0.28133662025650547,5.9957505894915375,4.037619410508462,0.032937409458729146,0.03742996552286508,0.043361287184824356,41357864.0,1.591343845318003,0,0,-1,0.0,0,70.4,0.07780427537435688,0.0,3.2943240597870775,0.6573437314648556,0.5941822821313363,0.1145576923076923,0.5211811023622048,0.5933617502953389,0.11301482133305715,0.0
2025-05-15,5.79,5.7957,0.08076135664445859,-0.029726180265200734,0.061066806214530804,-2.22162347678171,-0.0009839716995771431,5.3911,5.107775,4.644456666666667,3,15,5,5.39972064455298,4.937189923974493,75.7027589796981,0.3422122371848646,0.2935117436421773,6.012261166139064,4.203288833860936,0.032974681675396265,0.03745987697494184,0.043306574577339045,41353010.0,1.5085360628834845,0,0,-1,0.0,0,69.14285714285714,0.0809309495441818,0.0007419293614230806,-0.8706323026630685,0.6551662446374166,0.5946571117126238,0.11560693641618491,0.45909984375787505,0.5861933403969315,0.025043177892918753,0.0
2025-05-16,6.3,5.79,0.0,0.08269171584511341,0.025317807984289786,2.8143620564291356,0.08441734181258301,5.489610000000001,5.222275,4.721123333333333,4,16,5,5.563407800088802,5.025113154685816,80.5196160267112,0.3937395430500894,0.31355730352375977,6.121401806524324,4.323148193475675,0.04113292216136169,0.040361499460016416,0.04537653773734997,41433987.0,2.3972703119954066,0,0,-1,0.0,0,70.60000000000001,0.11922221534502313,0.0017271157167529857,3.605220183702537,0.8072398005815402,0.6407189406772272,0.16933014087644072,0.5710723192019951,0.1854865113996636,0.07936507936507936,0.0
2025-05-19,6.93,6.3,0.06830297839301383,0.1582240052148942,0.06830297839301383,0.004669422589703652,0.09531017980432493,5.64261,5.353775,4.826456666666667,0,19,5,5.811879109163565,5.148009080189958,84.61348277567168,0.47987928931999324,0.3468217006830065,6.43567647595995,4.27187352404005,0.04860413157583685,0.04253660186152615,0.0456611177028689,41515343.0,2.9138050645534914,0,0,-1,0.0,0,69.74285714285715,0.12624963397588715,-0.014285714285714263,2.679479979599296,0.7233698640340782,0.675247620860192,0.31999999999999984,0.6116279069767443,-0.6344357959325586,0.16883116883116883,0.0
2025-05-20,7.3,6.93,0.11974925310992582,0.0553500950831649,0.1168880208288938,-0.4085550829293354,0.05201453495253352,5.84934,5.493775,4.942456666666667,1,20,5,6.0824465438610975,5.28684720404867,87.27312013828869,0.57141465418308,0.3917402913830212,6.809812618843261,4.1777373811567395,0.04472745442023553,0.04274726867056249,0.04599831850849835,41569413.0,2.7449443300679985,0,0,-1,0.0,0,69.17142857142858,0.14864360341746236,0.010101010101010142,1.3357845737446297,0.6439122887224245,0.6785918527774261,0.36448598130841137,0.6222222222222222,-1.3909342229452935,0.11232876712328758,0.0
2025-05-21,8.09,7.3,0.04333312470637381,0.09531017980432493,0.04482543138006425,0.2521976663298825,0.10275438291605482,6.1383399999999995,5.6720500000000005,5.090456666666667,2,21,5,6.447456263159079,5.467695771529401,90.09195917909611,0.6996384909939541,0.45331993130520776,7.351149823370316,3.9929501766296847,0.04763060182144368,0.04626571789421453,0.04673492703014107,41638993.0,2.880055094219058,0,0,-1,0.0,0,66.22857142857143,0.19192615465630403,0.0013698630136986009,1.7119100232719147,0.710012832320299,0.7344455026557755,0.3958624497472263,0.7880428776660404,-1.2448090479074942,0.1582200247218789,0.0
2025-05-22,11.225,8.09,0.1377972467174277,0.3346390555395519,0.13318886821631,0.5754952803118368,0.3275147025579177,6.741840000000001,5.9798,5.354956666666666,3,22,5,7.316100578948337,5.839134754011376,94.65913040849945,1.0422111438686397,0.5710981738178942,8.952327731002535,3.0072722689974647,0.11520870242148086,0.09075145973002743,0.07628400321143272,41762707.0,3.529117622886544,0,0,-1,0.0,0,66.8,0.2445988828435591,0.037082818294190446,2.7419798925200363,2.156152046376842,1.4406347613704729,0.9386873920552676,1.2140039447731752,2.0999305134040505,0.3251670378619154,0.0
2025-05-23,10.31,11.225,0.34190610973015606,-0.0109015754698436,0.18522501154777166,-0.6688398737452312,-0.08502913559944933,7.23407,6.2453,5.579956666666666,4,23,5,7.860445928230457,6.1275776731074165,82.96718053392063,1.2257400184129814,0.7020265427369117,9.750227186870408,2.7403728131295932,0.1263066204503698,0.09421044994153371,0.07926631701800879,41699328.0,2.3194205090630833,0,0,-1,0.0,0,64.08571428571429,0.21729209524377457,0.052115812917594734,0.8874988861499454,2.714242991953569,1.4955445286927869,0.6365079365079367,1.0620000000000003,1.0778250133767104,0.1768089233753636,0.0
2025-05-27,10.0316,10.31,-0.12906575247152838,-0.13136558742225235,-0.003703134924381199,-0.6612988879686995,-0.027374187341522853,7.71223,6.49038,5.794343333333333,1,27,5,8.255201214006737,6.379450081294035,81.7475753846968,1.333353352960109,0.8282919047815511,10.335878633111616,2.6448813668883835,0.12643283174898537,0.09537553190204685,0.08002648526450848,41666613.0,1.841748151726473,0,0,-1,0.0,0,65.74285714285715,0.2029434211072624,0.006789524733268698,-0.03133029852559673,2.897661424554239,1.514039631439939,0.4475613275613275,0.9554775828460038,1.3972746522361728,0.03987399816579612,0.0
2025-05-28,10.05,10.0316,-0.03729578474369701,-0.030439382145942388,0.0,-0.5447640673510171,0.0018325238177390392,8.18223,6.730379999999999,6.005676666666668,2,28,5,8.581528266005511,6.616259753468614,82.14645527334429,1.403938690819424,0.9434212619891258,10.840001208104882,2.620758791895117,0.127362845135934,0.09566786985342429,0.08028252876966593,41685587.0,1.6155357547080678,0,0,-1,0.0,0,64.74285714285715,0.21552019661015454,-0.0031500458550978096,-0.44656292705190853,2.9590583112099837,1.5186803525487238,0.37671232876712346,0.9142857142857144,1.5503964528855165,0.008776119402985123,0.0
2025-05-29,10.0,10.05,0.0009995003330834232,-0.0008131613581620778,0.0,0.6249125783362958,-0.004987541511039162,8.60266,6.968879999999999,6.212010000000001,3,29,5,8.839432217640873,6.834565575825478,81.7131705258716,1.4392526883921715,1.042587547269735,11.261451687829808,2.676308312170188,0.1294789989486209,0.09569418898616168,0.0806235166061512,41650142.0,1.4122629604969699,0,0,-1,0.0,0,64.45714285714287,0.21351558389414488,-0.003980099502487654,0.007634996796374199,2.9946773687932096,1.5190981558283998,0.23609394313967869,0.9120458891013383,2.0624051407113515,0.008000000000000007,0.0
2025-05-30,9.3,10.0,0.0,-0.003976148379639517,-0.08992470752798701,0.37544256926069686,-0.07257069283483537,8.953660000000001,7.1723799999999995,6.389736666666667,4,30,5,8.923171814433442,6.993625861256093,74.19211219530294,1.3946781544290285,1.1130056687015937,11.503576196798072,2.841183803201928,0.13495970166843776,0.09834766898373944,0.08287000673585375,41598547.0,0.9824629979001595,0,0,-1,0.0,0,61.91428571428571,0.1906383164963045,0.0009999999999999788,0.43404230605164296,0.5993512425682529,1.56122084492325,-0.17149220489977723,0.7782026768642447,-0.33420705281753765,0.09677419354838694,0.0
2025-06-02,9.2,9.3,-0.0735701931679189,-0.06374202567531138,-0.03677294551797051,-0.8419370573478232,-0.01081091610421573,9.24366,7.366635,6.562736666666667,0,2,6,8.973504211809178,7.135972579884733,74.53964861708207,1.3358841103903378,1.1575813570393425,11.695553624309646,3.0377163756903522,0.13592845050222319,0.09877583736828063,0.08314776466303654,41576316.0,0.8470313993450846,0,0,-1,0.0,0,62.42857142857144,0.18929898159406452,0.0,-0.4739548963633938,0.4568774682115456,1.5680178073117876,-0.10766246362754617,0.7309827089879395,-1.5562020836359103,0.06630434782608689,0.0
2025-06-03,7.53,9.2,-0.01081091610421573,-0.0160517090105079,-0.4566986635548687,1.1226123739947829,-0.20030844224319228,9.303659999999999,7.473134999999999,6.670403333333335,1,3,6,8.711048900571146,7.161393703763137,61.33268179077166,1.1413772769082824,1.1543405410131307,11.701982997056732,3.2442870029432678,0.1516679884001303,0.1097062892100534,0.09130783001092026,41508003.0,0.02689384912372304,0,0,-1,0.0,0,54.57142857142857,0.15242604828381706,0.0,0.8374553357975079,1.2271933276705658,1.7415333510571798,-0.24937198452888865,0.3944444444444444,-1.5970680607604157,0.4900398406374501,0.0
2025-06-04,9.0,7.53,-0.1715106406897389,0.023981964686485405,0.315516871445225,-0.38142715792128457,0.17832953552441722,9.473659999999999,7.661499999999999,6.820403333333333,2,4,6,8.763585464103665,7.280013464810677,65.05426356589147,1.0932436919646982,1.1421211712034443,11.804906387579159,3.518093612420839,0.1616950264627719,0.11547567644001172,0.09654352814103724,41554653.0,0.6460867579933606,0,0,-1,0.0,0,54.88571428571429,0.1719223213280741,0.029216467463479383,0.12670548106057888,2.17462425428453,1.8331195340233888,-0.10447761194029859,0.7199533701530758,0.7088563998713223,0.20499999999999988,0.0
2025-06-05,8.21,9.0,0.14842000511827322,0.0018203537353789674,0.06331227941432686,-0.5140103968144458,-0.09187165387188248,9.48566,7.811999999999999,6.943253333333333,3,5,6,8.662933561539361,7.3400125961132145,60.589141316904126,0.9800536331973353,1.1097076636022225,11.794487805908606,3.829512194091394,0.16326074314103475,0.11834537258249984,0.09875100590508232,41526752.0,0.19987506272310993,0,0,-1,0.0,0,57.97142857142858,0.16493948773181188,-0.0011111111111110875,-0.5136239336111242,2.230729173151678,1.8786745480114586,-0.17899999999999994,0.578846153846154,1.1899255589698285,0.16593179049939089,0.0
2025-06-06,8.325,8.21,-0.09686867950751332,-0.10082349474016597,-0.012345835822299266,-0.3715151722404852,0.013910112402170577,9.19566,7.96875,7.051753333333334,4,6,6,8.601491095804931,7.403560170557523,59.17801265432658,0.8893770500240743,1.065641540886593,11.758844210466377,4.178655789533623,0.0971850887841285,0.11817882738479617,0.09707247959694136,41545995.0,0.1879900499656246,0,0,-1,0.0,0,61.77142857142858,0.1674687469446182,-0.00609013398294771,-0.8360024035084314,2.217807847928776,1.8760307249604025,-0.10483870967741948,0.6040462427745663,0.6289051691330932,0.06606606606606594,0.0
2025-06-09,7.72,8.325,0.02421425812059453,0.02287587540396159,-0.05619577903874679,0.8645132071093328,-0.07544867182982268,8.93666,8.085365,7.14242,0,9,6,8.441219987476762,7.423975643424781,53.58869062761202,0.7599366837199639,1.0045005694532672,11.67953991843622,4.491190081563779,0.09665508320886453,0.12035168918999767,0.0983819023074266,41500315.0,-0.2033095262703382,0,0,-1,0.0,0,63.42857142857143,0.1452424005803438,0.004204204204204222,0.0070936230318859456,2.255057809480736,1.9105238367796467,-0.16086956521739126,0.4328934424708131,1.0064020002333962,0.15400259067357505,0.0
2025-06-10,8.0,7.72,-0.0796440630599254,-0.058382563860871255,-0.02529725521243628,0.053864417040190654,0.03562717764315125,8.733500000000001,8.222865,7.238086666666667,1,10,6,8.360998171571895,7.461138505139312,53.20606771215007,0.6721992265447208,0.9380403008715579,11.561658065433932,4.88407193456607,0.09851620560028386,0.11979385964875738,0.09842559858144419,41548523.0,-0.1335003371771024,0,0,-1,0.0,0,64.0,0.1355463835929024,0.0,0.02639885920366369,1.7953270732531994,1.9016685673391245,0.062416998671978696,0.5238095238095237,1.0931196381227823,0.1100000000000001,0.0
2025-06-11,7.6,8.0,0.03562717764315125,0.018821754240587886,0.010723963362975642,-1.0521837369510008,-0.05129329438755058,8.4885,8.335365,7.31642,2,11,6,8.222634867649731,7.470097311259357,47.67260706007524,0.5638898315892487,0.8632102070150961,11.40755925734154,5.26317074265846,0.09871793471278022,0.12103829792802173,0.09922570994889887,41531690.0,-0.47872298325063123,0,0,-1,0.0,0,64.2,0.11874303095538759,0.0,-1.100195438481451,0.8646438107232349,1.9214234125925402,-0.15555555555555556,0.42056074766355134,0.4387543585223742,0.12601315789473697,0.0
2025-06-12,8.02,7.6,0.06414781982375174,0.06103557944038878,-0.027028672387919374,1.6050678954178383,0.05379017458613779,8.2905,8.446579999999999,7.40942,3,12,6,8.185792164440688,7.505574904081334,29.48616196011163,0.5061102220761091,0.7917902100272988,11.283719947274594,5.609440052725405,0.10174641195389823,0.12047657657719654,0.09939032317461127,41615488.0,-0.30071128525738017,0,0,-1,0.0,0,64.6,0.12838153708855557,0.12236842105263154,1.162115871789124,0.8798654100193083,1.912506362590148,-0.023142509135201106,0.3837845299101057,-0.3989953416022132,0.21072319201995018,0.0
2025-06-13,7.01,8.02,-0.111501516207222,-0.0560466849872582,-0.059255696209093135,0.20137560589722772,-0.1346007208319244,8.061499999999999,8.50758,7.468753333333334,4,13,6,7.9720117709060165,7.473602329624475,29.13188647746243,0.3745038588156593,0.7083329397849709,11.150003107759485,5.865156892240517,0.10640279564802999,0.12492331979595471,0.10280750881542232,41512996.0,-1.1334899362652047,0,0,-1,0.0,0,59.54285714285715,0.10035899715803,-0.04862842892768076,1.6198218996904696,1.2057298490138484,1.98309622279613,-0.15795795795795786,0.21070811744386875,0.03822965671845675,0.23109843081312412,0.0
2025-06-16,7.01,7.01,-0.07199306124909595,-0.08722530361361384,0.012996572827180137,-0.2239195225982872,0.0,7.842500000000001,8.54308,7.5252566666666665,0,16,6,7.797100539832194,7.443692501906767,30.19506056315872,0.2671256100068673,0.6200914738293503,11.077497023467595,6.008662976532404,0.10659212066104255,0.12381020769288455,0.10284072254691713,41512996.0,-1.209808792952658,0,0,-1,0.0,0,61.114285714285714,0.09997962780222774,0.012838801711840209,0.9204971165590661,1.1585235614418863,1.9654261159597715,-0.09196891191709844,0.11269841269841274,-0.8606324003290067,0.1169757489300999,0.0
2025-06-17,7.51,7.01,-0.012757083000770999,-0.002570695503100866,0.005722476274066315,-1.820133327509658,0.06889776472954474,7.8405000000000005,8.57208,7.59559,1,17,6,7.744900441680886,7.447970405009556,34.3403205918619,0.21983922578337545,0.5400410242201553,11.041213154176354,6.102946845823645,0.09367921912216387,0.12289997776938467,0.10337350598255576,41526269.0,-0.86028572270683,0,0,-1,0.0,0,57.42857142857144,0.11048993872666552,0.0,-1.2568226925929746,1.2801927979865877,1.9509766638789514,-0.06125000000000003,0.0836940836940836,-0.6479706387663767,0.10119840213049265,0.0
2025-06-18,9.26,7.51,0.13210384063333727,0.2310912921628628,0.005689915777678676,3.3575634184761904,0.2094685828820446,7.8665,8.67008,7.729833333333334,2,18,6,8.020373088647997,7.564875540170231,46.22833843017329,0.3198873381349614,0.49601028700311656,11.081539677282235,6.258620322717766,0.1026094968089465,0.13239314470115454,0.11026223194604019,41907458.0,0.4892638309962134,0,0,-1,0.0,0,54.285714285714285,0.12106138409437861,0.06524633821571241,3.931084624737274,2.0603207622249653,2.1016760170142623,0.21842105263157907,0.2684931506849315,0.23440216494858973,0.2958963282937364,0.0
2025-06-20,8.96,9.26,0.16974277458709455,0.04298512823313954,0.20711795227062138,-0.5810130294128127,-0.03293382167124877,7.9415,8.713579999999999,7.8551666666666655,4,20,6,8.191214345257452,7.654883569836668,48.19341126461211,0.37069554766244295,0.4709473391349819,11.11233495038577,6.314825049614226,0.0983091515505576,0.1311632018095661,0.1106172044096394,41694247.0,0.205456584850714,0,0,-1,0.0,0,54.51428571428573,0.1207040582002232,0.023758099352051906,1.6061857953998568,2.130263776719633,2.082151278906534,0.11720698254364104,0.10754017305315222,0.7844002091123934,0.17272321428571438,0.0
2025-06-23,8.1303,8.96,-0.051959738930711104,-0.12712200743933905,-0.09708750666548673,-0.8657111872276961,-0.0971724037389181,7.922030000000001,8.558845,7.953176666666666,0,23,6,8.180139009756097,7.685555597589142,44.72518910815902,0.3400912041564821,0.444776112139282,10.65574732533617,6.461942674663829,0.10380126642852593,0.09887564237234793,0.11256377801067334,41604538.0,-0.4087410222422223,0,0,-1,0.0,0,56.60000000000001,0.10524723835491757,0.004464285714285619,0.19388218829895754,1.9855527285048082,1.569602162633959,0.15981455064194017,-0.2756971046770601,1.1121570003829488,0.13898626126957184,0.0
2025-06-24,8.01,8.1303,-0.10166365377650005,-0.029131338061820843,-0.03228169273075692,-0.4096708431468827,-0.014907062167653284,7.95103,8.443845,8.040586666666666,1,24,6,8.149204644345897,7.706487494518875,52.793946449359716,0.30264117771555554,0.4163491252545367,10.38269620460008,6.504993795399919,0.10072907990846774,0.09750549859782211,0.11269602921547288,41544983.0,-0.4475278958701603,0,0,-1,0.0,0,57.885714285714286,0.10121750965216361,-3.6899007416614496e-05,-0.156644829482355,2.005075845374315,1.5478518045071668,0.1426533523537803,-0.22308438409311349,1.1798072913836992,0.14002496878901372,0.0
2025-06-25,7.79,8.01,0.00857323071048809,-0.04831382024011456,0.012260490087481138,0.19849157260568423,-0.027849901197610914,7.9300299999999995,8.331765,8.125253333333333,2,25,6,8.083894709010279,7.711875398098303,41.7574931880109,0.25230122904855445,0.3835395460133403,10.138841311877172,6.524688688122829,0.10075906737355148,0.09751025649726607,0.11272253170507078,41472352.0,-0.5996038976762648,0,0,-1,0.0,0,59.25714285714286,0.09337287090173213,0.023720349563046132,-0.027210179693098392,2.008491313804306,1.5479273338193174,0.037283621837550074,-0.22345388572112124,1.9056169691021754,0.07898587933247747,0.0
2025-06-26,9.0,7.79,-0.05129329438755046,0.1315123795722112,0.009804000096620835,0.8087693313579901,0.1443837174535624,8.07003,8.279265,8.24692,3,26,6,8.250459307372045,7.794980211124219,55.090206185567006,0.30651008716929695,0.36813365424453165,9.930441568421891,6.628088431578109,0.10959925744966023,0.10415538113411738,0.1154430905428536,41635419.0,0.8729956732475203,0,0,-1,0.0,0,63.00000000000001,0.11784379846640379,0.0,0.9400882489957187,1.4784579480410525,1.6534154171401392,-0.028077753779697567,-0.10447761194029859,1.6216042521172676,0.19,0.0
2025-06-27,8.49,9.0,0.1443837174535624,-0.05406722127027582,0.050073037982321135,-0.5911122963752073,-0.05833557701296341,8.11703,8.203765,8.33673,4,27,6,8.294012160577127,7.839820197503302,51.01164929491111,0.30480466162663955,0.35546785572095324,9.648887437755878,6.758642562244123,0.11154282110574525,0.10491029165218232,0.1157670531151118,41545127.0,0.3961394446888422,0,0,-1,0.0,0,64.8,0.1048498573980068,0.0,0.06326880900118603,1.5189780743964023,1.6653992500975798,-0.052455357142857206,-0.15100000000000002,1.6859613455109952,0.09540636042402832,0.0
2025-06-30,8.515,8.49,-0.05715841383994864,0.0011104942840271153,0.010868682235424008,-0.4212999606856504,0.0029403137913956755,8.267529999999999,8.164515,8.427563333333334,0,30,6,8.334191767744922,7.883380184761155,55.24752475247525,0.3019892466102938,0.3447721338988214,9.524400783555373,6.804629216444626,0.10090349181915721,0.10372362064645228,0.11574618688752648,41604376.0,0.5154624075614204,0,0,-1,0.0,0,69.22857142857143,0.1042673713507705,0.001177856301531188,-0.30529658709982727,1.3190021260391878,1.6465614318823043,0.047316827177348975,-0.08440860215053769,1.8522185542044873,0.08578978273634753,0.0
2025-07-01,8.28,8.515,-0.023810648693718447,-0.03558692381400015,6.0388296766215374e-05,-1.0728536421554091,-0.027986345717483447,8.39453,8.118515,8.493563333333334,1,1,7,8.324338719064027,7.908968559937855,51.85922974767596,0.27759552548227084,0.3313368122155113,9.390307103624774,6.846722896375226,0.10200035403071624,0.1038884124916441,0.11528718337292175,41584111.0,0.25394873822497493,0,0,-1,0.0,0,67.54285714285714,0.0969805589644837,-0.02524955960070462,-0.7607898165613032,1.3382967866308737,1.6491774213251182,0.033707865168539186,-0.09999999999999998,1.8956010054483838,0.05012077294686002,0.0
2025-07-02,7.91,8.28,-0.002412546405384101,-0.03809426330486258,-0.054604134034851745,0.9090104085060297,-0.04571518661760568,8.43453,8.137515,8.52623,2,2,7,8.24900440650693,7.9090351044579945,52.06666666666666,0.22580448442205459,0.31023034665682,9.383377253558686,6.891652746441314,0.10225136069234522,0.09549222942452046,0.11463418765624406,41533816.0,-0.3652329932143389,0,0,-1,0.0,0,63.71428571428572,0.08742485738412689,0.0,-0.3969429764694179,1.3732350483254965,1.5158921471784341,0.015404364569961526,0.050464807436918946,1.8844515140011429,0.0670037926675094,0.0
2025-07-03,8.0,7.91,-0.02941388520629334,0.017527686999638015,0.0,-0.49146298156810836,0.011313759900273314,8.30853,8.087515,8.549563333333333,3,3,7,8.203730878051125,7.91490380739619,49.860529986053,0.1898336746521192,0.28615101225587986,9.266082425264655,6.908947574735345,0.06602213054451361,0.08460122189409706,0.1143445987984858,41564583.0,-0.14851080748366638,0,0,-1,0.0,0,77.62857142857145,0.08971453172796928,0.016434892541087105,-0.612646031482729,0.4682182877848963,1.343002762463842,-0.11111111111111116,-0.11111111111111116,0.14391360542277223,0.0847500000000001,0.0
2025-07-07,8.0068,8.0,0.007434978487518212,-0.012760097516165149,-0.0337256347080362,-0.11062165609351336,0.0008496389545779379,8.21321,8.077355,8.54679,0,7,7,8.167925263860011,7.920832594015791,58.08198741648829,0.16003051970812798,0.2609269137463295,9.254979585832903,6.899730414167098,0.06575413152068758,0.08219464852806578,0.1127952720226483,41592128.0,-0.11982596295762439,0,0,-1,0.0,0,75.08571428571429,0.08766769803681419,0.012499999999999956,-0.6497949355541072,0.3760792874267278,1.3047995946337396,-0.056914016489988284,-0.02475030450669924,-0.763709472823589,0.10366188739571365,0.0
2025-07-08,8.11,8.0068,-0.008032171697264267,-0.0002854152811688301,0.04640007560476407,0.3756051774558323,0.012806687492907587,8.21118,8.066605000000001,8.442956666666667,1,8,7,8.157393397703645,7.933036942788966,58.771929824561404,0.14308923854451017,0.23735937870596563,9.238623035562778,6.894586964437224,0.05902885882337729,0.08218627194965049,0.08674002487255657,41632230.0,0.07405176146314368,0,0,-1,0.0,0,74.62857142857142,0.08682157835937829,0.00354698506269665,-0.5201981603450175,0.405489208981621,1.3046666205737927,-0.04756312389900186,-0.02582582582582582,-0.7144959378118654,0.05765721331689273,0.0
2025-07-09,8.08,8.11,0.02030226428907855,-0.025001904433480604,-0.01395076525633261,-0.4629169345440734,-0.0037059955943174244,8.21818,8.084605,8.368623333333334,2,9,7,8.143321870848437,7.942518430350969,54.91379310344827,0.1257923460254986,0.21504597216987226,9.245211847572339,6.923998152427662,0.05879820820428656,0.08032629294897937,0.08559919447187662,41606988.0,-0.007935503757593897,0,0,-1,0.0,0,75.91428571428571,0.08373200492911538,0.011097410604192339,-0.6774812947926344,0.37216746351913044,1.2751403692963235,-0.02415458937198056,0.04663212435233155,-1.761259676704177,0.045792079207920694,0.0
2025-07-10,7.82,8.08,-0.014742281737203319,0.010915814876996187,-0.003838776307165713,0.6152777164738447,-0.03270731797578433,8.22118,8.075605,8.294903333333334,3,10,7,8.084536076148721,7.9346140154896165,33.29466357308584,0.09006637785789096,0.190050053307476,9.241752684923677,6.909457315076322,0.05908172569800666,0.0803897052287823,0.08565094577837738,41560286.0,-0.43837500739321555,0,0,-1,0.0,0,76.97142857142856,0.07419295448526803,0.0,-0.42680833205703705,0.28862297667076875,1.2761470080308805,-0.011378002528445008,-0.022499999999999964,-1.4674715585617828,0.06265984654731449,0.0
2025-07-11,7.89,7.82,-0.013707379730880351,-0.025658096614199447,0.0,-0.6088803483695551,0.00891158030056315,8.11018,8.090105,8.222903333333333,4,11,7,8.049165880485317,7.931735691909641,36.887254901960766,0.06663359507292199,0.16536676166056521,9.2384283644617,6.941781635538297,0.025320550483075896,0.0794678861905001,0.08567993998882331,41585690.0,-0.3485168136308064,0,0,-1,0.0,0,75.25714285714285,0.07489493357971375,0.01918158567774929,-0.6820489287638061,0.2818921152974221,1.261513584456284,-0.01375000000000004,0.03815789473684217,-1.5208690246673633,0.0354879594423321,0.0
2025-07-14,8.05,7.89,0.0037570488777123423,0.013522025331973947,0.013953477905240185,0.36081531368695857,0.020075956572689225,8.06618,8.091605000000001,8.157903333333334,0,14,7,8.049317538578896,7.939365647270311,48.82268422132951,0.06027875277617589,0.14434915988368735,9.239621120325207,6.943588879674795,0.021972693959404554,0.07867734864596064,0.08580019510528027,41622132.0,-0.07248156060424456,0,0,-1,0.0,0,76.11428571428573,0.07474987586025315,0.01394169835234478,-0.5215932678811598,0.3271473053469016,1.2489641899868176,0.005395413898186652,0.0037406483790525247,-1.3588327054228533,0.03483229813664587,0.0
2025-07-15,8.2499,8.05,-0.011313759900273404,0.013341616937574356,5.057017877640524e-05,-0.38859487779403423,0.024528987630533957,8.039670000000001,8.1536,8.1229,1,15,7,8.085787077019095,7.959400121639968,53.43706123384625,0.07055938912173332,0.12959120573129654,9.18352489659771,7.123675103402292,0.023869885063569848,0.07267234180185521,0.0850192547744105,41646840.0,0.1870039268263545,0,0,-1,0.0,0,73.4857142857143,0.079503280862008,-0.017391304347826157,-0.6071807286847807,0.3629489301462613,1.153637661602355,0.017250308261405722,0.1768758915834523,-1.1175189673807628,0.04727330028242773,0.0
2025-07-16,8.42,8.2499,0.054337329175368335,0.04130380614123558,0.05293543459109291,1.039895652030153,0.02040874919322939,8.05367,8.2241,8.0969,2,16,7,8.146553063015622,7.989116242824486,59.156976744186046,0.09137915390390106,0.12194879536581744,9.106952212702618,7.341247787297382,0.023186184194226515,0.07266200971911314,0.08508305697590957,41716737.0,0.4437888860249985,0,0,-1,0.0,0,72.94285714285715,0.0904605812345713,0.012339543509618177,-0.0813018399240594,0.3729041893605022,1.1534736448735898,0.04207920792079212,0.20114122681883018,-1.9139758475878612,0.03681710213776728,0.0
2025-07-17,8.06,8.42,0.017601052541340065,-0.005797117684325958,-0.06182438200833887,-0.5654700511363303,-0.04369627173569835,8.068670000000001,8.2516,8.114566666666667,3,17,7,8.130816142467326,7.993689388448713,31.853281853281857,0.07793162883119642,0.11314536205889325,9.072914497106996,7.430285502893002,0.022759062110905157,0.07219601845522464,0.07835567115798632,41677029.0,-0.4665691417231577,0,0,-1,0.0,0,74.17142857142858,0.07912749482286431,0.009501187648456066,-0.44735432915314655,0.44599258946168424,1.1460762628893237,0.03069053708439906,0.07323568575233041,-2.0067505039460634,0.0942928039702233,0.0
2025-07-18,7.91,8.06,-0.040821994520255166,-0.05251803428344636,-0.02605067719994255,-0.4432272300379615,-0.01878577473897443,8.05967,8.184099999999999,8.078233333333333,4,18,7,8.090667752927812,7.988290073064926,36.995515695067255,0.054541896892965624,0.10142466902570774,8.866640631526383,7.5015593684736155,0.023370625870612574,0.04857933395571265,0.06971037196475838,41651538.0,-0.8031756274700358,0,0,-1,0.0,0,73.94285714285715,0.07731956528087693,0.012406947890818814,-0.7109300339760608,0.477790554094271,0.771173019023828,0.0025348542458809575,-0.14578833693304527,-0.9425380219594757,0.06594184576485465,0.0
2025-07-21,8.075,7.91,-0.007380107297622646,0.006108754488321191,0.03493962461718868,1.1790441982563638,0.020645087329157718,8.066489999999998,8.139850000000001,8.073733333333333,0,21,7,8.0878190705773,7.993884261899447,40.717299578059034,0.04875744142121441,0.09089122350480908,8.717242303013448,7.562457696986555,0.024370632521025413,0.04856022660484246,0.06790243939970395,41734416.0,-0.22463063557150129,0,0,-1,0.0,0,73.28571428571429,0.07890593536357593,0.024020227560050504,0.8402592801416451,0.479292249545699,0.7708696992321333,0.0031055900621115295,-0.09877232142857162,-0.9427096197279474,0.0371517027863778,0.0
2025-07-22,8.12,8.075,0.0036968618813262026,-0.007334996211565584,-0.01657144358926225,-0.5390688989227638,0.005557285064866233,8.06749,8.139334999999999,8.066899999999999,1,22,7,8.093670148654153,8.00202076113174,46.33027522935779,0.047259563870170496,0.08216489157788137,8.716781539881637,7.561888460118361,0.0240861733622119,0.04388045867485294,0.06786656993070427,41782758.0,-0.06696723822767407,0,0,-1,0.0,0,73.88571428571429,0.07693547496626955,0.0068111455108360985,-0.10759786049670113,0.4365262491222611,0.6965806864146465,-0.015745645401762598,-0.00126686592130687,-0.8113892229108545,0.04556650246305421,0.0
2025-07-23,8.63,8.12,0.01283244006988436,0.07673379423138943,0.04030772348809281,0.6771433359423247,0.06091435092175021,8.122489999999999,8.170335,8.097233333333334,2,23,7,8.19118466708067,8.042535550736146,65.51724137931038,0.08623120323764155,0.0829781539098334,8.783980878594498,7.556689121405501,0.03101727415555367,0.045816938366707735,0.06728114439332493,41877907.0,1.4981441773969812,0,0,-1,0.0,0,76.3714285714286,0.08873417889692546,0.014162561576354708,1.1946128454780287,0.6364658575362533,0.7273213485160952,0.024940617577197344,0.07740324594257197,0.41379982174250735,0.08111239860950185,0.0
2025-07-24,8.06,8.63,0.031672799866667115,-0.0346855579878901,-0.004950505159856091,-0.16391276227731094,-0.06833094857679967,8.14649,8.183834999999998,8.099233333333334,3,24,7,8.167332909429637,8.04366228939833,51.07142857142858,0.07031176167953213,0.08044487546377316,8.77366817989537,7.5940018201046255,0.03703999613215248,0.04800197797329361,0.06826908049905872,41797143.0,-0.419898385580697,0,0,-1,0.0,0,75.25714285714287,0.0740369009048366,-0.015063731170336126,0.762056375548583,0.7578140011839838,0.762007776939211,0.0,0.03465982028241332,-0.23984471312236463,0.05459057071960291,0.0
2025-07-25,8.06,8.06,-0.05315260697773384,-0.03593200922606344,-0.009975145056819509,0.04773775107334428,0.0,8.16349,8.136835,8.114566666666667,4,25,7,8.147817834987885,8.0447163352436,50.952312759558936,0.0570379910949228,0.07576349859000309,8.585826831012561,7.687843168987438,0.037005808696686626,0.03187314022886672,0.06755272200033434,41797143.0,-0.3422556701164099,0,0,-1,0.0,0,74.65714285714286,0.07299249296293049,0.0,1.3738046624464295,0.7388840601894059,0.5059704152896181,0.01896333754740831,-0.10444444444444434,-0.6288940269905342,0.027295285359801347,0.0
2025-07-28,8.1,8.06,-0.007472014838701066,-0.01227009259181436,-0.006285375814960865,-0.6831048718419394,0.0049505051598559835,8.168490000000002,8.117335,8.117233333333335,0,28,7,8.139123683171906,8.0482830232924,49.81684981684982,0.04917919088082634,0.07044663704816774,8.534492348958036,7.700177651041964,0.03651364575024987,0.029507847960495954,0.06685841815386492,41839927.0,-0.08311012639858734,0,0,-1,0.0,0,73.8,0.07329132463697162,-0.007444168734491377,-0.21610630258264463,0.7253928668172464,0.4684225645690607,0.003095975232198178,-0.04593639575971742,-0.3346897067917596,0.020987654320987648,0.0
2025-07-29,8.01,8.1,0.009950330853168092,0.014706147389695487,-0.006325131776968814,-0.23839933690146867,-0.011173300598125189,8.144499999999999,8.092085,8.150566666666666,1,29,7,8.115646649867923,8.045813150821925,48.74551971326164,0.035282077426696645,0.06341372512387353,8.4668770982993,7.717292901700703,0.03569130436070073,0.029552948459977933,0.062397720006551395,41806218.0,-0.43802951221479824,0,0,-1,0.0,0,70.62857142857143,0.07059875024568664,-0.0024691358024690833,-0.5496230625204711,0.7290924596399905,0.46913851280286534,-0.013546798029556606,-0.05930710510863191,0.025594288146017594,0.042446941323345914,0.0
2025-07-30,8.05,8.01,0.026863642269548252,0.010889399799268317,-0.0016256861942498132,-0.2780673234575651,0.004981330350204162,8.107499999999998,8.080585,8.185233333333334,2,30,7,8.103710895346481,8.046083270123736,54.47470817120623,0.027182833809625606,0.056167546861023945,8.44507235607297,7.7160976439270295,0.03490646895661049,0.028997304627522875,0.062387269188429836,41831744.0,-0.16782475161566626,0,0,-1,0.0,0,68.02857142857142,0.06971513056439274,0.036204744069912725,-0.9224681250532064,0.47835998982531613,0.4603179404136478,-0.06720741599072999,-0.027777777777777568,-1.989607785430149,0.05500621118012423,0.0
2025-07-31,8.07,8.05,-0.036813973122716434,-0.024361740740035432,-0.0009156112344226846,0.4399645640038278,0.002481390851385476,8.1085,8.088585,8.2039,3,31,7,8.097581641647121,8.047626284954463,53.57142857142858,0.02212293828275058,0.049358625145369275,8.444223848597565,7.7329461514024365,0.032137703418164174,0.027114665419134484,0.0611697111140745,41871377.0,-0.10451614087318331,0,0,-1,0.0,0,63.71428571428572,0.07002236368719596,-0.0062111801242236905,-0.28742730400551014,0.10614647881777542,0.4304319694905167,0.001240694789081953,0.020227560050569027,-1.74554563757588,0.030978934324659122,0.0
2025-08-01,8.0,8.07,0.002496880198587146,-0.004324999018601346,-0.06301296782873415,0.6076416777946684,-0.008711940602021568,8.1175,8.088585,8.1619,4,1,8,8.079839524984008,8.044553621409014,48.97119341563784,0.01232247382969831,0.04195139488223509,8.444223848597565,7.7329461514024365,0.03162762517924011,0.027095219269861696,0.04327422536643528,41798607.0,-0.4981739219397918,0,0,-1,0.0,0,49.8,0.06980820822951528,-0.006195786864931934,1.0367119575017005,0.1238945995192622,0.4301232714409149,-0.007444168734491385,0.0,-0.5896791334524837,0.08687499999999992,0.0
2025-08-04,7.815,8.0,0.0024906613124518304,0.03408729293863693,0.03331420668398442,-0.7096073172058196,-0.023396577806395945,8.0915,8.078995,8.123733333333332,0,4,8,8.031686884077825,8.029743710350369,40.99623204008115,-0.010254214546108642,0.03151027299656634,8.453749883961308,7.704240116038693,0.03170759380128018,0.027597684081096936,0.04309704341535125,41762816.0,-1.4088942468712813,0,0,-1,0.0,0,56.885714285714286,0.06772349494811289,0.004999999999999893,-0.5598031759356761,0.17986027406048313,0.4380996530394516,-0.0351851851851851,-0.02395463855722635,-0.4455659881443057,0.09277031349968017,0.0
2025-08-05,7.98,7.815,-0.045809536031294104,-0.04592175058563958,0.006531701863215059,-1.5280700085525252,0.020893447588277388,8.0775,8.072495,8.118723333333334,1,5,8,8.022289268790948,8.026534438714862,40.87136929460582,-0.014663252851416786,0.022275567826969718,8.449488510903542,7.695501489096458,0.03253435721526108,0.027873031165116944,0.039887385919444365,41770581.0,-0.4906981012925999,0,0,-1,0.0,0,55.02857142857143,0.07067246027969695,-0.017274472168906034,-1.5814801161778833,0.2614270675257318,0.4424706524907141,-0.0037453183520598232,-0.01602959309494434,-0.12859574203652865,0.0375939849624061,0.0
2025-08-06,7.88,7.98,0.013579258126380854,0.007490671729157438,0.009073296205674975,0.8572199569448997,-0.012610507591929696,8.002500000000001,8.062495,8.114389999999998,2,6,8,7.996418492647138,8.017080603959064,45.81395348837208,-0.025927732972652606,0.012634907667045253,8.449137091944706,7.675852908055294,0.023525773905427632,0.027997137326521877,0.03986032030000724,41752282.0,-0.9439996513680105,0,0,-1,0.0,0,55.31428571428573,0.06788515867859528,-0.024436090225563943,-1.1281579742407377,0.2671699516760362,0.44444077672620386,-0.021118012422360333,-0.024752475247524774,0.7770791813381587,0.03680203045685269,0.0
2025-08-07,7.99,7.88,-0.014882189906796895,-0.004987541511038939,-0.010376227986090858,-0.5068624145643716,0.013862855908395665,7.995500000000002,8.070995,8.121056666666666,3,7,8,7.995251493984022,8.01533346821977,51.8957345971564,-0.025682778845727228,0.004971370364490756,8.4423635102715,7.699626489728499,0.013252188659363789,0.027170958448850615,0.03958579843062992,41763305.0,-0.4361974575646479,0,0,-1,0.0,0,54.71428571428572,0.06845608893099792,-0.026649746192893398,-1.2825979980765032,0.2959789277884295,0.4313255936335682,-0.009913258983890949,0.021739130434782705,0.3150317171584187,0.04130162703379225,0.0
2025-08-08,7.42,7.99,0.03333642026759171,-0.006684793528721581,-0.05356032383373688,1.0801477841022804,-0.07401170259889427,7.9315,8.047495000000001,8.06839,4,8,8,7.890660313259653,7.976924857366883,36.97813121272368,-0.0706682674488972,-0.010156557198186837,8.514306019917065,7.580683980082938,0.02592257826683319,0.03157550841696695,0.029598731985152317,41730841.0,-2.6884326771526776,0,0,-1,0.0,0,58.37142857142857,0.06296405883855004,-0.007509386733416833,-0.4917261359908338,0.5825712663037192,0.501245656750328,-0.07250000000000001,-0.05956907477820017,-0.9940202356169912,0.09119946091644208,0.0
2025-08-11,8.0,7.42,-0.05575001510449183,0.0066847935287215115,0.025799122670241603,-0.4711871780573331,0.07526248450054678,7.9215,8.044995,8.052056666666667,0,11,8,7.910540256303353,7.978413576246439,48.03278688524591,-0.05884016572831641,-0.019893278904212754,8.512284836690146,7.5777051633098536,0.037650351323396225,0.03610941406903228,0.03179307983674229,41751107.0,-0.19257855175581617,0,0,-1,0.0,0,57.62857142857143,0.06447859325111577,0.010781671159029659,-0.90651177823209,0.8631023009981095,0.5732191776894979,0.023672424824056293,-0.006211180124223725,-0.21950418004926286,0.0675,0.0
2025-08-12,7.75,8.0,0.06453852113757116,0.0,0.005347606326595277,0.7254338891590286,-0.0317486983145803,7.895500000000001,8.02,8.026556666666668,1,12,8,7.881351118793652,7.9636772164886045,34.229390681003565,-0.06884561120959098,-0.0296837453652884,8.494563511361763,7.545436488638235,0.03879586099124794,0.03628193999992668,0.032238459199526524,41709245.0,-1.137887736986909,0,0,-1,0.0,0,62.25714285714286,0.061307129585892114,0.0,-0.1354497500553307,0.8846421948249865,0.575957941936637,-0.028822055137844638,-0.06059467387483486,0.6179018828919932,0.06451612903225806,0.0
2025-08-13,7.65,7.75,-0.025317807984289897,-0.025317807984289897,0.007055054473677037,-0.3904924792361127,-0.012987195526811079,7.855499999999999,7.9815,8.005556666666667,2,13,8,7.8392872790129875,7.943439976715147,41.16379310344826,-0.08387727805435397,-0.04052245190310151,8.444216236790638,7.518783763209362,0.03881839323786962,0.03593056216935904,0.03195640319780861,41680916.0,-1.4328436032383762,0,0,-1,0.0,0,63.34285714285714,0.05951148929480524,0.006451612903225784,-0.5774564044102319,0.8848561999677272,0.5703799918012168,-0.029187817258883197,-0.09144893111638952,0.6239486455512354,0.03227450980392158,0.0
2025-08-14,7.69,7.65,-0.024660561821951497,-0.012903404835907841,0.007505096857652667,-1.746925624026054,0.005215135679108119,7.8175,7.962999999999999,7.998223333333334,3,14,8,7.812144137374262,7.92708901047546,42.16101694915255,-0.09150747540504511,-0.05071945660349024,8.44180772978877,7.484192270211228,0.038882196613223965,0.034802915661455734,0.030948345643021766,41685854.0,-1.1403324675666122,0,0,-1,0.0,0,63.25714285714287,0.06258497983199593,-0.0052287581699346445,-1.3381259535329992,0.8753943353859815,0.5524791584410013,-0.03754693366708384,-0.04590570719602982,0.7891281721024962,0.011703511053315976,0.0
2025-08-15,7.6,7.69,0.01175715698604374,0.0012978587156000124,-0.00131492458130914,-0.4498754488041002,-0.011772536225267348,7.777500000000001,7.947500000000001,7.984890000000001,4,15,8,7.773572476033487,7.905986493670592,39.626556016597526,-0.1036222171994039,-0.06130000872267297,8.452865943492752,7.44213405650725,0.03893325554669365,0.03466101650358076,0.030930393033404537,41682705.0,-1.3752410682774294,0,0,-1,0.0,0,63.54285714285715,0.0610709510025417,0.0013003901170350828,-1.3089644382258614,0.6765681456900062,0.5502265791430814,0.02425876010781658,-0.03919089759797734,1.7362310714134754,0.014473684210526359,0.0
2025-08-18,7.58,7.6,0.0,0.009038150615062081,-0.006600684031352024,2.471774327288239,-0.0026350476380050023,7.7540000000000004,7.922749999999999,7.970663333333333,0,18,8,7.738377480391034,7.884955106982168,40.81196581196583,-0.11352838564570344,-0.07174568410727908,8.449842072252837,7.395657927747162,0.03837571850140254,0.03426176885386266,0.030928791703540428,41645410.0,-1.300531797168018,0,0,-1,0.0,0,64.2,0.06011988777938004,0.013157894736842176,-0.034908939586663475,0.21693212453226318,0.5438887191869946,-0.05249999999999999,-0.061300309597523084,-0.6908147989782163,0.03034300791556734,0.0
2025-08-19,7.72,7.58,0.007762005335489109,0.02161559047594024,0.005284028146605206,0.06944501933091264,0.018301164382404443,7.728,7.90275,7.957663333333333,1,19,8,7.735036120319936,7.874312842015577,43.23770491803276,-0.1088277667857307,-0.07916210064296941,8.428682505175532,7.376817494824469,0.03820455328516381,0.03454391775882815,0.03103405898821211,41685387.0,-0.6949560949422862,0,0,-1,0.0,0,59.88571428571429,0.06124191310581386,0.023746701846965663,0.08132904966699055,0.20642241243161677,0.548367694198362,-0.003870967741935516,-0.049261083743842304,0.7792800064480772,0.04663212435233165,0.0
2025-08-20,7.48,7.72,-0.0025806465934916254,-0.012021656958656049,-0.05089118399589832,0.3545013348933563,-0.03158157205029881,7.688000000000001,7.845250000000002,7.937663333333334,2,20,8,7.6886659166254026,7.848873303821024,38.90977443609023,-0.1230500424163985,-0.08793968899765522,8.279948625184218,7.410551374815785,0.03917597594412686,0.03152756368731389,0.031510079881916696,41628401.0,-1.6804746039636824,0,0,-1,0.0,0,55.91428571428572,0.05933824029099484,0.0025906735751295936,0.8971986104220401,0.2953299986945587,0.5004845577622986,-0.022222222222222254,-0.1332560834298957,-0.4379102792768396,0.08577540106951877,0.0
2025-08-21,7.29,7.48,-0.05715841383994864,-0.05697121452829545,0.010563138608926664,-1.8331036581174056,-0.0257292459658192,7.617999999999999,7.806750000000001,7.919996666666667,3,21,8,7.616181204511692,7.812816961639023,37.23021582733813,-0.14794726642998235,-0.09994120448412067,8.294519089027514,7.318980910972489,0.03909146144533088,0.028678486225624765,0.031310579961559386,41619288.0,-2.1188304532797253,0,0,-1,0.0,0,52.60000000000001,0.05838117705109904,-0.022727272727272835,-1.0697930971396752,0.3123395971120012,0.45525685518476716,-0.052015604681404426,-0.09553349875930528,0.6907584347789867,0.017832647462277078,0.0
2025-08-22,7.25,7.29,0.005457039463058117,0.05769660382052422,-0.015900784374882033,2.7851832784910004,-0.005502077153983422,7.600999999999999,7.766250000000001,7.898663333333333,4,22,8,7.549602803691384,7.776506189920377,39.27893738140417,-0.1689585129770368,-0.1137446661827039,8.298008502765455,7.234491497234547,0.032270931863256816,0.02865821208914022,0.03124953524852822,41471632.0,-1.9416708799772842,0,0,-1,0.0,0,55.54285714285715,0.05764987990129903,0.008230452674897066,3.520041797945151,0.31390807666409065,0.454935013245659,-0.046052631578947345,-0.10049627791563276,0.3723359203426503,0.09457931034482756,0.0
2025-08-25,7.33,7.25,-0.023400930164612473,-0.053661628608345044,0.0006966214144479138,-0.9744384196271361,0.01097404703197665,7.533999999999999,7.727749999999999,7.874663333333333,0,25,8,7.509675021202041,7.747699338957772,37.254901960784316,-0.17711309630618643,-0.12641835220740041,8.26917574939271,7.186324250607287,0.017269052107770452,0.02879992503356781,0.031063793403914294,41527358.0,-1.4692688718485705,0,0,-1,0.0,0,53.942857142857136,0.05765410905706497,-0.009655172413793142,0.6098675689462206,0.3454112149867696,0.45718463649674373,-0.03298153034300788,-0.09506172839506166,-0.027876880945188316,0.03683492496589365,0.0
2025-08-26,7.25,7.33,0.0355714657848678,0.027144996718178986,0.009702085806450668,-0.1815538079464329,-0.010974047031976675,7.484,7.689749999999999,7.841333333333334,1,26,8,7.462461380983488,7.7155897041863035,37.54940711462451,-0.18786539838678884,-0.1387077614432781,8.253967903035216,7.125532096964783,0.015397932114769811,0.028797610138371427,0.030656108245060834,41480884.0,-1.558794918184478,0,0,-1,0.0,0,55.4,0.05241120444969589,0.015006821282401136,0.30160024799509666,0.2653277035493747,0.45714788867473893,-0.060880829015544036,-0.09488139825218478,0.39105866947495727,0.05586206896551728,0.0
2025-08-27,7.4,7.25,-0.01762757508331346,-0.02297918911182068,0.0068728792877620504,-2.719498188580783,0.0204785313435407,7.4590000000000005,7.65725,7.807333333333333,2,27,8,7.451104766259217,7.695229078109769,38.52140077821012,-0.1821828384968125,-0.14740277685398498,8.208835990814986,7.1056640091850145,0.017390778235406714,0.029282041241054206,0.030658070670923597,41483947.0,-0.9327648065169496,0,0,-1,0.0,0,59.11428571428572,0.054243486902179984,0.008275862068965464,-0.9860190150915754,0.28880550024865864,0.4648379940249995,-0.010695187165775444,-0.08074534161490687,0.027136657219939134,0.024472972972972948,0.0
2025-08-28,7.4,7.4,-0.0027397277411203274,0.0038556257782168166,-0.004118056608917486,1.928692676037281,0.0,7.4300000000000015,7.623749999999999,7.785333333333333,3,28,8,7.441812990575722,7.676182040812365,49.500000000000014,-0.17565453273119847,-0.15305312802942767,8.150616356768891,7.096883643231107,0.01718727200236123,0.029259260472163075,0.0297675446750757,41483947.0,-0.8493615017371321,0,0,-1,0.0,0,64.42857142857143,0.045014074531200904,-0.014864864864864907,-0.41079833455822795,0.20268542246734592,0.4644763605300349,0.015089163237311354,-0.08302354399008671,0.5196021812200369,0.03243243243243246,0.0
2025-08-29,7.615,7.4,0.033718635999297954,0.050627293696932474,0.01907414776256762,0.2590189543746408,0.028639986137001045,7.4315,7.6045,7.7755,4,29,8,7.473301537743772,7.672234812372857,38.226299694189606,-0.1513870050489512,-0.1527199034333324,8.100726815712095,7.108273184287904,0.019724579523729954,0.030139539164632526,0.030143022730276615,41511253.0,0.04231935746935673,0,0,-1,0.0,0,61.54285714285714,0.04563265812317997,0.018918918918918875,-0.16026213800662248,0.2529718424179505,0.4784503515582545,0.05034482758620684,-0.04812499999999997,-0.1981634555047633,0.0643466841759685,0.0
2025-09-02,8.15,7.615,0.046640577453111086,0.11242411717657623,0.05129329438755048,1.7839899175150822,0.06789794090564617,7.488499999999999,7.621250000000001,7.7780000000000005,1,2,9,7.596337621790358,7.703058372864931,60.41666666666668,-0.08797071407227453,-0.13977006556112082,8.167489536814333,7.075010463185668,0.02952389561783795,0.03372041310727387,0.032616164572631966,41673821.0,1.935963856016972,0,0,-1,0.0,0,62.45714285714286,0.051510044366596106,0.03742613263296128,2.86297094610462,0.4986777071800797,0.5352949631292567,0.11186903137789916,0.04286628278950744,0.9217881706702307,0.12760736196319017,0.0
2025-09-03,8.1,8.15,0.03115516777979548,-0.07210857999811646,0.02531780798429,-1.9716873575300533,-0.006153865574378335,7.5265,7.627250000000001,7.777333333333334,2,3,9,7.687912599646656,7.728667510099452,62.032085561497304,-0.041271674542715076,-0.12007038735743968,8.192390643883105,7.062109356116896,0.02954831280126111,0.03348421971373265,0.03262737092578169,41651188.0,1.6730348635048224,0,0,-1,0.0,0,61.371428571428574,0.04446745895491766,0.0,-0.394261752749829,0.47970929827302267,0.5315455092454978,0.11724137931034484,0.015037593984962294,1.0770089106271707,0.027777777777777735,0.0
2025-09-04,8.01,8.1,-0.006153865574378335,-0.015314234973042481,-0.011313759900273404,0.5682446849405288,-0.011173300598125189,7.579499999999999,7.633750000000001,7.756666666666666,3,4,9,7.7464739451654445,7.746817993318842,58.33333333333331,-0.011393262665793102,-0.09833496241911037,8.213921254209236,7.053578745790767,0.027421014037289717,0.03345489511902989,0.030474280747800404,41611237.0,1.2970308241583695,0,0,-1,0.0,0,61.17142857142858,0.04151849319922727,0.0,-0.015093507329786449,0.5379940156319045,0.5310799957362102,0.08243243243243237,0.016497461928933976,1.2992967315348605,0.023720349563046132,0.0
2025-09-05,8.09,8.01,-0.025001302205417155,0.0,-0.0012650223065866339,-0.90214875568179,0.009937969990132493,7.6594999999999995,7.63875,7.757666666666666,4,5,9,7.808933227862636,7.768958767943433,62.82722513089006,0.018527353621434095,-0.07496249921100148,8.233391643522143,7.044108356477857,0.02491543882140297,0.03338779304287199,0.028030647195821615,41627445.0,1.5177208152701336,0,0,-1,0.0,0,58.68571428571429,0.04135753189506424,-0.013732833957552988,-0.5820403849954937,0.5232692064897155,0.5300147833003908,0.09324324324324307,0.01251564455569465,1.1569919251436012,0.024721878862793485,0.0
2025-09-08,9.3875,8.09,0.03605113839200222,0.16989903679539742,0.025001302205417186,2.018507900472024,0.14875028601985277,7.8732500000000005,7.737125000000001,7.801916666666667,0,8,9,8.095945368251247,7.873380782914825,78.35294117647058,0.14526256748041444,-0.0309174858727183,8.710055022636555,6.764194977363447,0.052669124843954467,0.045071689287817795,0.04046744248931358,41749444.0,3.3925872603409437,0,0,-1,0.0,0,58.22857142857144,0.045163635119741266,0.012360939431396743,1.6673368971042857,1.1485659271736004,0.7154908861508388,0.23276428102429403,0.26516172506738545,1.3413114914632482,0.15978695073235688,0.0
2025-09-09,9.3,9.3875,0.10865179674189927,-0.027456846233039317,0.11090069603344174,-0.5839611731335173,-0.009364616931042746,8.07025,7.802125000000001,7.841916666666666,1,9,9,8.314864392205566,7.965420732404191,75.19936204146734,0.2359210675980714,0.022450224821439643,8.99731632469734,6.6069336753026615,0.05375088282834685,0.042562404205208675,0.040562109130565724,41681407.0,2.5065024637445554,0,0,-1,0.0,0,57.942857142857136,0.03400858736112151,-0.027430093209054436,0.4431417394755166,1.1755335636161102,0.6756572203679514,0.14110429447852768,0.1625000000000001,2.167678242062049,0.031182795698924636,0.0
2025-09-10,10.08,9.3,0.0032804840791616796,0.1443135270292919,-0.014760333429044082,0.5282660203617418,0.0805388624840122,8.35325,7.9186250000000005,7.910916666666667,2,10,9,8.63579813907728,8.10184520128134,85.37414965986395,0.366483470053808,0.09125687386791331,9.488059590612409,6.349190409387592,0.05500019501231159,0.044656822195909586,0.04287244184784046,41796797.0,2.754335877300386,0,0,-1,0.0,0,57.94285714285714,0.030158629595103483,-0.015053763440860275,1.3264882589395761,1.1808596576759443,0.7089050752368367,0.24444444444444446,0.3006451612903225,1.1114343715107324,0.18577380952380937,0.0
2025-09-11,8.86,10.08,0.10557883243633767,-0.02724452210656551,-0.08387027001258351,0.6878902986809036,-0.12900649802623299,8.49925,7.979125000000001,7.937916666666666,3,11,9,8.676562113790501,8.1507584141019,66.68437832093517,0.36727756348717655,0.14646101179176596,9.597484529211506,6.360765470788494,0.07400593205539523,0.05372456304639446,0.04897189829194119,41567227.0,1.0886023582524664,0,0,-1,0.0,0,60.34285714285715,0.025370594978567883,0.009920634920634885,2.7045340350627125,1.6747929675983317,0.8528509986982225,0.10611735330836458,0.15816993464052276,-0.15714171331778884,0.25959367945823936,0.0
2025-09-12,10.075,8.86,-0.01884041846191453,0.018868484304382736,0.16532839388835058,-0.0338459770528422,0.12851034321575702,8.766749999999998,8.098375,8.00475,4,12,9,8.930823547646773,8.274903032546938,74.02210884353741,0.46063729408611565,0.2092962682506359,9.960199427106017,6.236550572893985,0.08203539934943468,0.06089307090209656,0.05463885586224258,41789157.0,2.1233205142467986,0,0,-1,0.0,0,61.34285714285714,0.0270690537139312,0.12753950338600462,2.131581668865598,1.8392262686878083,0.9666475330438263,0.24536464771322608,0.31014304291287376,-0.8572303364011382,0.10181637717121574,0.0
2025-09-15,9.78,10.075,0.020803127629763107,-0.0478560211776351,-0.012921393665918952,-1.5389621895188712,-0.029717623786020747,8.98325,8.207374999999999,8.064083333333333,0,15,9,9.08521926625645,8.3720060627052,70.09844134536505,0.5050001907766095,0.26843705275583063,10.197202733220886,6.217547266779113,0.08448794990800253,0.06142784673226924,0.05499476878572774,41741530.0,1.5806644703402846,0,0,-1,0.0,0,64.45714285714287,0.02816254909613616,0.01240694789081886,-0.39231044325645337,1.6008768471877035,0.9751368361666565,0.04181091877496668,0.2868421052631578,-0.05574237913184335,0.06646216768916141,0.0
2025-09-16,9.49,9.78,-0.04204823624349939,-0.002945510229756803,-0.028679607694529808,-0.9311932546416536,-0.030100871424889368,9.11725,8.302875,8.119916666666667,1,16,9,9.158815763300732,8.444134703820994,67.76367961934973,0.5108685549554686,0.31692335319575826,10.348478292172656,6.2572717078273445,0.08490446961922814,0.062115998002227446,0.05513544719370434,41722761.0,1.1606600405293075,0,0,-1,0.0,0,64.37142857142858,0.01773272587813876,0.0,-0.7921087176819707,1.6244882240800351,0.9860608989148726,0.02043010752688157,0.25197889182058053,0.12072294938464047,0.09378292939936782,0.0
2025-09-17,10.72,9.49,-0.02799560748942698,0.06932057917462951,0.024482329759189812,1.8030616186039674,0.1218725430208194,9.379249999999999,8.452875,8.21125,2,17,9,9.442667442700598,8.590964722929318,72.47799593771158,0.6077640704237446,0.37509149664135555,10.743776497457471,6.161973502542529,0.09115254382046185,0.06737317297805631,0.05942247500386555,41836655.0,1.9792426715126255,0,0,-1,0.0,0,63.77142857142858,0.02424573177053812,0.0021074815595363092,0.5280044132470606,1.7833839799113047,1.0695159644236436,0.06349206349206349,0.3886010362694301,0.08150292286647975,0.12966417910447767,0.0
2025-09-18,10.84,10.72,0.07004384373292645,0.009132483563272474,0.07004384373292645,-0.3108647713976445,0.011131840368844199,9.66225,8.620875,8.309916666666666,3,18,9,9.696727907664126,8.736063773062911,72.9180546302465,0.6863259236205561,0.43733838203719566,11.096715779571607,6.145034220428393,0.0902472034837384,0.06638713078971091,0.059248753485369184,41920118.0,1.7926233530929836,0,0,-1,0.0,0,66.54285714285714,0.01853652502437229,-0.04850746268656729,0.06999563156862836,1.3251554038162707,1.0538630299481646,0.2234762979683973,0.44919786096256664,0.44664020917845965,0.07380073800738014,0.0
2025-09-19,12.0,10.84,0.05715841383994883,0.0878443632935216,0.009765883636099409,1.03812669085101,0.10166365377650026,10.05325,8.856375,8.443583333333333,4,19,9,10.115504651725193,8.946640303833046,75.94674556213019,0.8325914675938915,0.5163889991485349,11.671916209542468,6.0408337904575315,0.09253079372192478,0.06812286376672919,0.06172127192159648,42155811.0,2.233052025198982,0,0,-1,0.0,0,66.22857142857144,0.027152794394440308,-0.003690036900368925,1.9318828276208315,1.2031354315225011,1.0814169367457895,0.19106699751861056,0.6460905349794239,0.4588723836953613,0.1424916666666666,0.0
2025-09-22,12.39,12.0,0.10951852580648995,0.047163211964363565,0.1569110560103393,0.19095155931238803,0.03198304585305074,10.3535,9.113375,8.60925,0,22,9,10.529049260502429,9.16879254229543,75.526791089705,0.9688098685121016,0.6068731730212482,12.233416444984563,5.993333555015436,0.083004152156419,0.06768688114622926,0.05956145287114493,42441094.0,2.1003727404116024,0,0,-1,0.0,0,66.51428571428572,0.016856709075116945,0.004166666666666726,2.1797814952605266,1.057312395046532,1.0744959272070551,0.266871165644172,0.7089655172413794,0.1602584871716236,0.043583535108958765,0.0
2025-09-23,12.39,12.39,0.02782503570438698,-0.01601315241520468,-0.01842598194636864,-0.44152861714879554,0.0,10.6625,9.366375000000001,8.755583333333334,1,23,9,10.867403940411076,9.37661237827637,75.98425196850394,1.0644931185931839,0.6983971621356353,12.691409022382379,6.041340977617624,0.08254961366797352,0.0678879652903092,0.05858054117335814,42441094.0,1.8187031950028474,0,0,-1,0.0,0,56.771428571428565,0.016573429582308022,0.0,0.9121332681754266,0.9295870923218069,1.077688039034058,0.3055848261327714,0.6903137789904503,0.5196866072291959,0.04519774011299439,0.0
2025-09-24,13.7,12.39,0.0,0.11139553699229633,0.015100958101596777,0.6490980927408077,0.10050613719302814,11.0245,9.688875,8.953916666666666,2,24,9,11.382421405790879,9.655540611935958,80.02638522427442,1.2318290767069282,0.805083545049894,13.380584942916958,5.997165057083041,0.08434177835355154,0.06930026501297033,0.06006734953570423,42792187.0,2.173044503507586,0,0,-1,0.0,0,54.57142857142857,0.013549730736715962,0.0,2.2641869603846696,0.8195003398511788,1.1001076020911391,0.2779850746268655,0.8896551724137931,0.38894275902861414,0.1343065693430657,0.0
2025-09-25,12.31,13.7,0.11283853868568906,0.0014430016933927351,-0.05475253329336568,-0.9334569387526007,-0.10698389263771699,11.3695,9.934375,9.109250000000001,3,25,9,11.551072059283445,9.826796056327188,69.56420955030136,1.2380116185144825,0.8916691597428117,13.638210094587109,6.23053990541289,0.08047460741563306,0.07567492656339078,0.06384071740544324,42654140.0,1.2827919922632665,0,0,-1,0.0,0,50.65714285714286,0.0074866962089016045,0.012408759124087588,0.12958968928425724,1.3712398662750014,1.2013022170188468,0.13560885608856088,0.6635135135135135,-0.8380960545618686,0.20307879772542634,0.0
2025-09-26,12.57,12.31,-0.1080076114160236,-0.03903615916783311,0.08590259284252465,-0.6174127218627077,0.020901082405793903,11.619,10.192874999999999,9.271916666666668,4,26,9,11.736331684868272,10.003776955918983,66.32469864067711,1.249487836528786,0.9632328951000065,13.873532576761088,6.51221742323891,0.07226316885443027,0.07540408776482836,0.06379788718369782,42728594.0,1.2916849505418149,0,0,-1,0.0,0,51.28571428571428,0.0037029261465658506,0.011372867587327277,-0.5513298487950841,1.185419929743278,1.1970027843805446,0.0475000000000001,0.6986486486486485,-0.6016407371887423,0.07549721559268097,0.0
2025-09-29,13.59,12.57,0.011182225145539227,0.01937771758309935,0.016013152415204665,0.9165539470218264,0.0780212055608962,12.0,10.491624999999999,9.471583333333333,0,29,9,12.073362287619494,10.235146184569372,70.08426966292134,1.3256075191721433,1.035707819914434,14.260175703903974,6.723074296096025,0.07153515892094357,0.07628267076113195,0.06453366753462425,42914778.0,1.6443323937715815,0,0,-1,0.0,0,50.97142857142857,0.00904607821400159,0.0015910898965791228,0.5319536587525562,1.285582655076325,1.2109498570666402,0.09685230024213065,0.7846355876559421,-0.8190423616307632,0.07431935246504781,0.0
2025-09-30,13.3,13.59,0.09321397028326806,0.01604702559751746,0.01810360343626817,-0.8087867881924192,-0.021570192935344224,12.381,10.749125000000001,9.66225,1,30,9,12.29638732623413,10.432878688790703,65.79980372914623,1.3470049056400466,1.0979672370595566,14.547657013887306,6.950592986112697,0.07073488056258094,0.07661998151845117,0.06486465443693887,42831852.0,1.3430846393680964,0,0,-1,0.0,0,51.40000000000001,0.003470334438837207,0.01692420897718914,-0.5138019076646836,1.3164206111605798,1.2163044993371215,0.07344632768361592,0.6319018404907977,-0.5548131556316123,0.07518796992481203,0.0
2025-10-01,14.6,13.3,-0.03835278311181568,0.055589407423084256,0.03675758373518415,0.15167726261325576,0.09325749348658252,12.769000000000002,11.074124999999999,9.891583333333333,2,1,10,12.71522599419156,10.701725224997755,77.94547224926974,1.4521224602158682,1.168798281690819,15.027428506995319,7.120821493004678,0.06667826235872105,0.0777314943595686,0.06635980865573073,42928360.0,1.7837613498488087,0,0,-1,0.0,0,52.48571428571428,0.001581260554827059,0.0,-0.42360727607699467,1.283328852735473,1.2339492186770307,0.06569343065693434,0.8024691358024691,-0.6356888644130722,0.08972602739726018,0.0
2025-10-02,15.06,14.6,0.12028616587450203,0.04614660263578175,0.0682978932033742,0.5456576496985027,0.0310206936574568,13.190999999999999,11.426625,10.144250000000001,3,2,10,13.141548540702184,10.982904242739835,76.1954808197583,1.5546262712343513,1.2459638795995254,15.485380407822301,7.367869592177697,0.06623574579355557,0.07704807431689481,0.06556217189476396,43094908.0,1.7903887447849258,0,0,-1,0.0,0,54.54285714285715,-0.0017896721514363857,0.02739726027397263,0.2759027013262626,0.7612194067287872,1.2231002618335587,0.22339561332250213,0.8801498127340825,-0.12146381948344083,0.07037848605577694,0.0
2025-10-03,14.27,15.06,0.01980262729617973,0.0032626456348163694,-0.018434191625418178,-0.15877363317454035,-0.05388279088300254,13.418000000000001,11.735625,10.376916666666666,4,3,10,13.346721533301785,11.19497493675662,72.42757242757243,1.5541990431578405,1.3076109123111883,15.663693989572689,7.807556010427312,0.06627466092726716,0.07933943500268344,0.06646814864544001,42952811.0,1.29039230559731,0,0,-1,0.0,0,52.57142857142857,0.0015364319713806597,0.015936254980079695,-0.07162170340635367,1.0228400623579044,1.2594744850648414,0.13524264120922824,0.7639060568603213,-0.18326141572777993,0.09600560616678341,0.0
2025-10-06,14.98,14.27,-0.06969339690964484,0.0064935293105483115,0.020531694683080862,-0.07500429477286923,0.04855654660032834,13.677000000000001,12.01525,10.634583333333333,0,6,10,13.643681254519642,11.43917010212716,76.3183125599233,1.5927908269365556,1.3646468952362618,16.03466796650637,7.99583203349363,0.06687409740454998,0.07354174632333611,0.06636739584292133,43084640.0,1.475213587989669,0,0,-1,0.0,0,53.971428571428575,-0.022880920638548043,0.0,-0.19928109978325712,0.9396660567426875,1.1674390305176763,0.10228108903605593,0.5957390146471373,0.005840809847702318,0.07877169559412547,0.0
2025-10-07,14.38,14.98,0.05653531233213353,-0.022914259522875777,-0.011984634104622492,-0.7396733369248373,-0.04087762579617271,13.876,12.26925,10.869583333333335,1,7,10,13.777557390061524,11.628901063280248,68.6734693877551,1.557011844689832,1.403119885126976,16.207425205265626,8.331074794734374,0.06943373348644254,0.0746356984767779,0.0674266855823913,43021722.0,1.0719431665598702,0,0,-1,0.0,0,51.85714285714285,-0.02114091687162008,0.008010680907877116,-1.009976755118581,1.0002788321066245,1.1848049825829396,0.08120300751879705,0.5462365591397849,0.04925600020503996,0.06954102920723226,0.0
2025-10-08,14.81,14.38,-0.048856391527977966,-0.006644542718668501,0.0028328630843041072,0.32379992723922235,0.029464275986806704,13.987,12.50575,11.121583333333335,2,8,10,13.965274228232156,11.834133252746039,69.63402571711178,1.5455381481182986,1.4316035377252405,16.45843765991479,8.55306234008521,0.06247975646204343,0.07334646064003221,0.06709080734283887,43108698.0,1.1659155482321482,0,0,-1,0.0,0,52.942857142857136,-0.04488283518558558,0.0,-0.7021025792988111,0.7381553892337661,1.1643389664018757,0.014383561643835696,0.46924603174603186,-0.5158750870182237,0.05806887238352461,0.0
2025-10-09,14.235,14.81,0.02540473049292815,-0.011155323231629117,-0.03967343230537442,0.028941546117386044,-0.0395989075497066,14.179499999999999,12.7745,11.349416666666665,3,9,10,14.01431527764449,11.989027881601134,61.732283464566926,1.4730668684896813,1.4398962038781287,16.400924801661525,9.148075198338475,0.05244420271253451,0.06693502026268706,0.06813195765612325,43019168.0,0.8054765119248248,0,0,-1,0.0,0,48.62857142857143,-0.08563381314688763,-0.004051316677920357,-0.6000849922353491,0.7402936498186117,1.0625605056968355,-0.05478087649402397,0.6066591422121896,0.6492457055496017,0.08736213558131371,0.0
2025-10-10,13.89,14.235,-0.019856866055210115,0.003794968825336764,-0.039014700526921776,0.6898803737523966,-0.024534563963748406,14.3115,12.965250000000001,11.565750000000001,4,10,10,13.991712499890946,12.111671244078481,57.9113924050633,1.3719789215613947,1.4263127474147819,16.389509389769067,9.540990610230933,0.053879428545971886,0.062415197839865204,0.06857157840898527,42840692.0,0.5401167929993556,0,0,-1,0.0,0,30.14285714285714,-0.0531685926530698,0.015806111696522757,0.49405825312893437,0.662116561585618,0.990810549091075,-0.0266292922214435,0.37866004962779165,0.6393801062659407,0.13102951763858892,0.0
2025-10-13,13.81,13.89,-0.051074929936415395,-0.04182988978447934,0.016827776098417197,-0.6977747384629888,-0.005776189345051606,14.3335,13.166750000000002,11.772250000000001,0,13,10,13.958673863547137,12.221240841234708,57.42677824267783,1.2707621093348305,1.3952026197987917,16.260108377658845,10.073391622341157,0.04805876322804608,0.06169495990506109,0.0687674793749837,42751866.0,0.4158910294039911,0,0,-1,0.0,0,29.74285714285714,-0.05079289385431438,-0.010799136069114496,-0.6340236040019998,0.4613922817008609,0.9793771263293564,-0.07810413885180245,0.41206543967280185,1.1767092430991988,0.07155684286748726,0.0
2025-10-14,13.99,13.81,0.02159911180346172,0.015288692515090336,0.03752128842861142,0.31577484423608826,0.012949821256189101,14.4025,13.391749999999998,11.966916666666666,1,14,10,13.964369524720386,12.3353543353486,51.72004744958482,1.1913385429540746,1.3544298044298484,15.97097321027507,10.812526789724927,0.0473788445155478,0.060646452092588114,0.06818177004370267,42873675.0,0.4638993613400365,0,0,-1,0.0,0,28.285714285714285,-0.04513444770680108,0.016654598117306203,-0.30734797404160574,0.43892405610986973,0.9627325808122854,-0.02712100139082063,0.47418335089567965,0.08252248481853074,0.050035739814152914,0.0
2025-10-15,14.84,13.99,-0.009302392662313448,0.030562650410166668,0.007939413772192525,-0.1469522258524667,0.05898344906184448,14.426499999999999,13.597750000000001,12.191583333333334,2,15,10,14.123575065680313,12.496944378229335,66.03295310519644,1.1833418622517264,1.320212215994224,15.924225705982533,11.27127429401747,0.040348335679861264,0.055947111020781815,0.0683787485060307,42978837.0,1.0679243258853324,0,0,-1,0.0,0,27.41428571428571,-0.052440112641256253,-0.00571837026447463,-0.5207003638130899,0.6140166280799233,0.8881328540010582,0.002025658338960179,0.38432835820895517,0.9770450345373989,0.07008086253369267,0.0
2025-10-16,15.86,14.84,0.0754421951668585,0.1273248810465059,0.06471823180388278,0.5328832878547445,0.06647397846746757,14.506499999999999,13.84875,12.45325,3,16,10,14.439288690102074,12.713915708666153,69.01734104046243,1.2449588005931727,1.3051615329140138,15.998995701995003,11.698504298004998,0.0448069743099837,0.05705454161301752,0.06857515632759323,43158016.0,1.8707164470869142,0,0,-1,0.0,0,23.11428571428572,-0.05806617948504026,0.010781671159029659,0.3997392171352317,0.6484118570991547,0.9057127696489821,0.11415525114155245,0.46309963099631,0.17854759942099804,0.13493064312736447,0.0
2025-10-17,15.0,15.86,0.06453852113757116,-0.059447458643420104,-0.023170691784762627,-0.8913312192242937,-0.05575001510449183,14.579500000000001,13.998750000000001,12.683583333333335,4,17,10,14.541236200992607,12.861405017784467,58.303886925795055,1.2104426263525045,1.2862177516017121,16.020702873103936,11.976797126896068,0.04506631784672082,0.05559558319931942,0.07005433750412578,43084533.0,0.9903791659228571,0,0,-1,0.0,0,22.32857142857143,-0.037833506027758174,0.008827238335435092,-0.9212056206003869,0.8014855889082728,0.8825525228339993,0.079913606911447,0.25,-0.4399168274464293,0.09999333333333335,0.0
2025-10-20,16.24,15.0,-0.02275698712261618,0.03922071315328133,0.040539197866406834,0.6827370458517052,0.07942713363132183,14.7055,14.19125,12.912,0,20,10,14.850102346266677,13.079378887604824,65.57203389830508,1.2685232006499572,1.2826788414113612,16.299549077455715,12.082950922544285,0.04959812991434827,0.05763135805661106,0.06613034054986208,43229977.0,1.9435098387202432,0,0,-1,0.0,0,29.85714285714286,-0.03199467706395235,0.04266666666666671,0.17140588956042088,0.8878999394942024,0.9148694468202694,0.175959449674149,0.31073446327683607,-1.2545477120570123,0.09482758620689662,0.0
2025-10-21,16.54,16.24,0.022756987122616278,0.05039144553640582,0.026145280104322207,0.027679157951849068,0.018304354862013313,14.9215,14.398750000000001,13.153333333333334,1,21,10,15.15735646512728,13.302644765823867,61.49289099526066,1.3235034431832897,1.290843761765747,16.576358236478633,12.22114176352137,0.04649656828264887,0.05752307546870369,0.06589204076343369,43379503.0,1.9666071831750334,0,0,-1,0.0,0,28.542857142857148,-0.020620592685513552,-0.014778325123152615,0.26353622428248863,0.8805434232011375,0.9131505140267411,0.18227305218012857,0.3349475383373688,-1.3706792823212544,0.12091898428053205,0.0
2025-10-22,16.31,16.54,0.027128667388252696,-0.0564191913339232,0.0,-0.32853862120295424,-0.014003272962622835,15.0715,14.52925,13.360999999999999,2,22,10,15.36692801692232,13.496667684157812,57.61266747868452,1.3331488931090245,1.2993047880344029,16.83933834417547,12.219161655824527,0.047002935529307496,0.053813932301860275,0.06511170792546092,43271848.0,1.541715930033484,0,0,-1,0.0,0,26.37142857142857,-0.01523954164052395,-0.006045949214026474,-0.32721935639175487,0.9036842462477782,0.8542696916471277,0.09905660377358494,0.19051094890510956,-0.22500405653343344,0.06376456161863882,0.0
2025-10-23,17.38,16.31,-0.01717833653508463,0.07734163957579157,0.027677923944098806,0.6663837801584744,0.06354170320432341,15.386000000000001,14.782749999999998,13.645,3,23,10,15.732941104754625,13.747205252921825,68.31566548881037,1.4108694149242424,1.321617713412371,17.178574163216755,12.386925836783242,0.046380822490583964,0.04826066009387386,0.06007168798463335,43481472.0,2.1681474290774316,0,0,-1,0.0,0,27.571428571428573,0.0024792293123829827,-0.009196811771918981,1.9646435192056435,0.8933428796061396,0.766114228297256,0.09583858764186637,0.41186027619821264,-0.22543053365398355,0.11133486766398162,0.0
2025-10-24,16.76,17.38,0.07909023593756119,0.006692718791104935,0.03271896795902792,-0.12056927632900162,-0.03632502478330886,15.672999999999998,14.992249999999999,13.867833333333332,4,24,10,15.919679085708328,13.941579107572032,60.59523809523811,1.4062245882561157,1.3385390883811201,17.30470250306855,12.679797496931444,0.04774435416734303,0.049745295521858496,0.057102203328568094,43295658.0,1.528896267191869,0,0,-1,0.0,0,32.45714285714286,0.008346045088588069,0.006329113924050601,1.2776067503741875,0.8015972328019381,0.7896820850775158,0.11733333333333351,0.3333333333333335,0.07817970300236873,0.09099045346062043,0.0
2025-10-27,13.08,16.76,-0.22471711576164005,-0.22119991610563866,-0.28192883932299495,1.4839970338632378,-0.2479107490248845,15.6,14.96675,13.977833333333335,0,27,10,15.403373797397723,13.885993358696417,44.337979094076644,1.0929988740488223,1.2894310455146607,17.354336923190466,12.579163076809532,0.0898529868746465,0.07016154924423593,0.07139143632146316,42476118.0,-1.580466019204684,0,0,-1,0.0,0,37.34285714285715,0.059769126485819196,-0.16646778042959431,4.100640166797858,1.7293720573745317,1.1137800653955603,-0.19458128078817727,-0.03752759381898452,-1.5534124687459112,0.1529051987767584,0.0
2025-10-28,12.23,13.08,-0.006463218190212005,-0.03816717677814456,-0.026102623902637307,-1.084761802790209,-0.06719239632997158,15.423999999999998,14.91325,14.069166666666666,1,28,10,14.826396743325407,13.779155077490199,39.159663865546214,0.7673320167747466,1.1850112397666779,17.497909755680084,12.328590244319916,0.09182493644981118,0.07154519214737987,0.07239200681100791,42199128.0,-2.0762887603316083,0,0,-1,0.0,0,39.34285714285714,0.07621413367029321,0.06116207951070342,0.6572095157554366,1.660808809032231,1.13574471554579,-0.26058041112454644,-0.08045112781954888,-1.01780203603831,0.1455437448896158,0.0
2025-10-29,13.82,12.23,-0.1257396779944785,0.021383566025322827,-0.0049710127220204976,-0.34993623888032954,0.12222486864044291,15.322,14.874249999999998,14.172499999999998,2,29,10,14.643415517266241,13.781790233781155,48.393341076267916,0.6302730030497621,1.0740635924232946,17.501991225343367,12.246508774656629,0.09994074099773673,0.0742163853474738,0.07241450414512897,42394332.0,-0.802400167742726,0,0,-1,0.0,0,42.114285714285714,0.05689256544359053,0.000817661488143891,0.12066909477277289,2.126931011043017,1.178148593013322,-0.1526670754138565,-0.05342465753424652,-0.5161317702431213,0.15484804630969612,0.0
2025-10-30,14.15,13.82,0.13434805253107854,0.055550791010524916,0.1151957120914325,0.0914400748337645,0.023597805749722856,15.151,14.82875,14.282833333333334,3,30,10,14.553703605036015,13.805545702569468,51.00775193798449,0.5420327728885947,0.9676574285163547,17.47440159618981,12.183098403810188,0.09737265542132965,0.07406559218799161,0.07245181169098287,42608227.0,-0.5131061104020759,0,0,-1,0.0,0,37.05714285714286,0.05246173893094151,0.013024602026049183,0.2220638877310892,2.033628334603889,1.1757548258169246,-0.18584579976985038,-0.06042496679946885,-0.3881934062338829,0.10459363957597176,0.0
2025-10-31,14.82,14.15,0.060288430856805006,0.017851713741804477,0.06379805460984751,0.12427033304050071,0.04626299577869422,15.133,14.85625,14.376833333333334,4,31,10,14.602121131393103,13.870994366919826,53.74351371386212,0.5201689712194337,0.8781597370569705,17.488849025977864,12.223650974022135,0.09717039870188748,0.07373115518329108,0.07053518756422907,42850425.0,-0.02753932493501106,0,0,-1,0.0,0,34.45714285714286,0.04552779378848197,0.05088339222614833,0.3661457178745505,2.1113705163009793,1.1704458029549951,-0.11575178997613367,0.03854239663629988,-0.8823499653271369,0.058029689608636935,0.0
2025-11-03,13.57,14.82,-0.005056474619890733,-0.03060784508624156,-0.06379805460984744,-0.2905074431108283,-0.08811614602116302,14.866,14.785749999999998,14.416166666666667,0,3,11,14.414462743867084,13.851575375505643,48.55769230769231,0.39739626083796153,0.7820070418131687,17.47921045274976,12.092289547250235,0.09637910718613535,0.07548964838795366,0.07242663654126365,42669289.0,-0.9027420460239796,0,0,-1,0.0,0,32.6,0.06617620871101251,-0.0016869095816464477,-0.028214480125640606,1.3864688319323601,1.1983610171654002,0.03746177370030579,-0.09412550066755676,0.3044694316592726,0.09506263817243928,0.0
2025-11-04,12.805,13.57,-0.08569116372162291,-0.07723134793599029,-0.057114874055463706,-0.2384265240305702,-0.05802575419528928,14.492499999999998,14.706999999999999,14.430000000000001,1,4,11,14.121833154073068,13.784054383537537,42.9706390328152,0.23565244203950897,0.6727361218584368,17.53894818566944,11.875051814330558,0.09654220382055588,0.0760084250853784,0.073305247747333,42526578.0,-1.343244915019791,0,0,-1,0.0,0,20.94285714285714,0.08309371063121679,0.000736919675755327,-0.29631769737981034,1.3580381100906187,1.2065963419295678,0.04701553556827465,-0.10952712100139084,0.31024236996436005,0.07340882467786017,0.0
2025-11-05,12.72,12.805,-0.026111144003685773,0.013773323932173292,-0.007078283583596147,-0.07590071819159129,-0.00666016173951238,14.133499999999998,14.602499999999997,14.397333333333332,2,5,11,13.866954398787055,13.71540571363189,38.40472673559823,0.09946395218842063,0.5580816879244336,17.56946992339262,11.635530076607374,0.09662719969481519,0.07561724582290892,0.07074380361630131,42394298.0,-1.2689714076018845,0,0,-1,0.0,0,23.057142857142857,0.08443746825442759,0.03319016009371345,-0.3793876473069293,0.8690960838043889,1.2003865636503284,-0.07959479015918958,-0.14112086428089132,-0.23977760732467662,0.09591194968553464,0.0
2025-11-06,12.345,12.72,-0.04403956141083416,-0.05322764101106281,-0.05017233439638363,0.25994222271427975,-0.02992443511483321,13.63,14.508000000000001,14.3985,3,6,11,13.590235417189406,13.626992441784672,39.83148219073152,-0.03828445384520762,0.43880845957050535,17.640057336303947,11.375942663696053,0.09181799734249212,0.07542393688810156,0.06836247835721233,42222750.0,-1.3812007685354162,0,0,-1,0.0,0,24.342857142857145,0.09218389315579893,-0.0047169811320755105,-0.15744894595064546,0.7974449988590744,1.197317879444086,-0.12756183745583038,-0.13277133825079024,0.5657300357559278,0.09072498987444302,0.0
2025-11-07,12.34,12.345,-0.028848154337658277,-0.019939310896638484,-0.02862148232703804,-0.30748656511682804,-0.00040510431990117563,13.187999999999999,14.430499999999999,14.390833333333331,4,7,11,13.362919886791332,13.543960671346953,33.502538071066,-0.14616956451149576,0.32181285475410515,17.70060848041542,11.160391519584579,0.09223447624303902,0.07527942269067751,0.06827277212705105,42096612.0,-1.278550856963883,0,0,-1,0.0,0,20.428571428571427,0.09120305887447891,-0.0036452004860267257,-0.4306400577838558,0.5568821624480652,1.1950237876802732,-0.16734143049932526,-0.11159107271418289,-0.568536208345804,0.09724473257698536,0.0
2025-11-10,11.89,12.34,0.06148508365068067,0.025995347573680085,-0.005995735306334268,0.4655203189106257,-0.03714830777455126,13.068999999999999,14.3345,14.334166666666668,0,10,11,13.095116271011088,13.437253531260055,30.57644110275689,-0.2649266219906501,0.20446495940515408,17.78884722297032,10.880152777029682,0.06313367770242259,0.07564997969546218,0.06691942397471998,41895694.0,-1.4153180570527752,0,0,-1,0.0,0,29.942857142857143,0.10084441851455386,0.059967585089141025,0.012351346262226314,0.3614877834197732,1.2009061977676725,-0.12380250552689753,-0.1390296886314265,-0.21088237756455916,0.13540790580319592,0.0
2025-11-11,12.93,11.89,-0.0453557017207972,-0.019048194970694474,0.04985325459134305,-0.2616353769836528,0.08385248208107549,13.139000000000001,14.2815,14.321833333333334,1,11,11,13.065095130827254,13.404527496985214,36.77621283255086,-0.27198783087613343,0.1091744013488966,17.790202114217795,10.772797885782204,0.06611274016140516,0.07834500126028933,0.0687681429264488,42050359.0,-0.7703703284034948,0,0,-1,0.0,0,30.457142857142856,0.08308255340025314,0.05130361648444066,-0.29948278677844536,0.7878300256231124,1.243688338798605,0.009761811792268649,-0.0757684060042888,1.73533685739064,0.05916473317865434,0.0
2025-11-12,13.87,12.93,0.052971884766105724,0.07232066157962608,0.04626103794138253,0.10709308430383321,0.070178041542974,13.144,14.232999999999999,14.297499999999998,2,12,11,13.211441470676844,13.434557981050684,36.126482213438734,-0.19943478563397932,0.04745256395232142,17.736008331195016,10.729991668804983,0.05602799436671872,0.07888293831073487,0.06770258613854181,42222507.0,-0.20725043487188383,0,0,-1,0.0,0,34.57142857142858,0.06475947453492012,0.019334880123743233,-0.2094498010383145,0.9179387307375296,1.252227824737524,0.09040880503144644,-0.06536388140161731,0.416840947421102,0.08368421052631582,0.0
2025-11-13,13.47,13.87,0.015060525625721214,0.00035771776450136593,0.029276235119269873,-0.36452787055975255,-0.02926324390446749,13.075999999999999,14.113499999999998,14.244499999999999,3,13,11,13.258452112371963,13.436844562918383,36.765888978278355,-0.17222730248831297,0.0035165906641945396,17.545148522058746,10.68185147794125,0.05619637622373634,0.07739463164562632,0.06764954493046432,42102946.0,-0.3750384084288112,0,0,-1,0.0,0,24.542857142857144,0.07288640132938407,-0.03532804614275403,-0.5317769024435055,0.9158221793165775,1.2286016888746614,0.09113001215066818,-0.15069356872635553,0.41820834033059673,0.05827765404602822,0.0
2025-11-14,12.2,13.47,0.010409015914735524,-0.03345766619084624,-0.08580641239028655,0.1059357886356948,-0.0990290386830619,12.813999999999998,13.973499999999998,14.1755,4,14,11,13.066006273758878,13.357048139504295,45.60878243512974,-0.2502587353230368,-0.04723847453325172,17.48050366935119,10.466496330648805,0.05969489567019515,0.07922847261474031,0.069152471246163,41970024.0,-1.01140470168262,0,0,-1,0.0,0,22.057142857142853,0.08862073638958973,0.003711952487008087,-0.4702256703460739,1.2292947024406282,1.2577130117645652,-0.011345218800648316,-0.18666666666666676,0.12068385562997846,0.1155737704918033,0.0
2025-11-17,11.79,12.2,-0.07444940503702509,-0.07444940503702509,-0.04648069432076942,-0.19595890988808512,-0.03418423718993134,12.636,13.751000000000001,14.069166666666666,0,17,11,12.834005133075443,13.255948259536275,47.7035490605428,-0.34124907460582143,-0.10604059454776567,17.216958665893873,10.285041334106129,0.05539944908144685,0.07651105925819722,0.06864118013467373,41860756.0,-1.1315772569920473,0,0,-1,0.0,0,11.642857142857142,0.08938156274308114,0.028688524590164053,-0.6109099443268663,1.2240890294772755,1.2145754120598953,-0.008410428931875602,-0.2740147783251231,0.09477762938912715,0.08396946564885499,0.0
2025-11-18,12.315,11.79,-0.0830352286099904,-0.007237281434566947,-0.01701240593972495,-0.43511758351458696,0.043566317023221765,12.587,13.539750000000002,14.000333333333334,1,18,11,12.739640563425361,13.195241920211355,41.16265413975337,-0.3667685817407005,-0.15818619198635264,16.798815857444204,10.280684142555799,0.0557273356262799,0.07729222214205601,0.0689125082793285,41931473.0,-0.7515957354482339,0,0,-1,0.0,0,8.9,0.06969798257978636,-0.02035623409669198,-0.8252374961856026,1.0591537089126746,1.2269759884046416,-0.047563805104408385,-0.25544135429262393,-0.004284737684535889,0.08887535525781567,0.0
2025-11-19,12.71,12.315,0.07181716224871318,0.04707073970505913,0.052282685992472336,0.687936860159426,0.0315710536288615,12.586,13.35975,13.930333333333332,2,19,11,12.734251370075294,13.16393598987514,41.60839160839161,-0.3510728271399266,-0.19676351901706743,16.36214812045052,10.35735187954948,0.056743501268117225,0.07790307277172712,0.06894912919588522,42072172.0,-0.4328206812909287,0,0,-1,0.0,0,7.857142857142857,0.05164305439920123,0.00771416971173371,-0.38518551061078016,0.8901807456400483,1.2366729415305435,-0.08363374188896888,-0.22072348252605756,-0.36271123082749657,0.08536585365853665,0.0
2025-11-20,12.88,12.71,0.030942571709055764,0.024954035854796205,0.0177948001962013,0.17654914242850367,0.013286635474844922,12.6395,13.13475,13.885166666666667,3,20,11,12.760751120970694,13.145617538915456,37.995049504950494,-0.3212135000066727,-0.2216535152149885,15.468647745020363,10.800852254979638,0.05576456836077372,0.07611298657275833,0.06866353873002148,42240039.0,-0.21830433706321356,0,0,-1,0.0,0,5.171428571428572,0.021236819139307552,0.007081038552320996,-0.19464833047549993,0.9022633041072544,1.2082562040835017,-0.043801039346696324,-0.2589182968929804,-1.0354441952411937,0.09316770186335412,0.0
2025-11-21,12.68,12.88,0.013193827402780944,-0.031869161374728665,0.011013776435573592,-0.8917357231616692,-0.015649771667127776,12.6735,12.93075,13.844833333333332,4,21,11,12.746069098976022,13.115577697695105,43.669985775248925,-0.31011330353467415,-0.23934547287892563,14.527171244369507,11.334328755630493,0.0561508820405031,0.07591575760702855,0.0685800078497105,42171223.0,-0.31414014425626324,0,0,-1,0.0,0,5.6571428571428575,0.032836597239617085,0.006987577639751542,-0.7867811961976532,0.5160679929888878,1.2051252913155448,0.03934426229508192,-0.24343675417661104,-0.2951731473157662,0.05086750788643544,0.0
2025-11-24,14.1,12.68,0.016819968400870525,0.11838253038593824,0.029972273535791717,0.9933906199672555,0.1061488483750427,12.894499999999999,12.98175,13.8545,0,24,11,12.992238353707652,13.179088813972841,58.42550422901757,-0.18460616038955102,-0.22839761038105072,14.66125580137215,11.30224419862785,0.0633805978707756,0.0630789312865932,0.0715810897512913,42357052.0,1.3316417235193758,0,0,-1,0.0,0,13.685714285714283,0.006828346912821984,0.040220820189274434,0.49053682088465117,0.7538700832544637,1.0013469909123431,0.19592875318066172,0.07798165137614665,0.9961982695032381,0.13475177304964542,0.0
2025-11-25,15.31,14.1,0.07659593925460652,0.0481376355981545,0.09459410386968099,-0.3067017055913869,0.08233141228546985,13.132499999999999,13.135750000000002,13.898500000000002,1,25,11,13.41364956212444,13.316566955006852,64.69920544835414,0.012353637349670876,-0.18024736083490642,15.07046410916733,11.201035890832673,0.06318401911796878,0.0632077125034373,0.07313958246265294,42493798.0,2.2476189011055108,0,0,-1,0.0,0,15.028571428571428,-0.012981816047691856,0.009929078014184438,-0.371753810611207,0.8318058664115909,1.003391329352178,0.2431993503857086,0.25183973834832374,0.2753987384766787,0.08883082952318742,0.0
2025-11-26,14.28,15.31,0.04329085448823393,-0.0013063359140554128,0.008331954838037147,0.18854729187594862,-0.06964625275815418,13.173499999999999,13.158750000000001,13.879833333333332,2,26,11,13.57116782355636,13.378723925651572,60.221870047543575,0.08436084483938089,-0.12732571970004894,15.138135537297817,11.179364462702186,0.06538854170681553,0.059285164743027335,0.07355062227608625,42328678.0,1.1329273442410694,0,0,-1,0.0,0,17.657142857142862,0.00427053766796192,-0.02873938602220779,0.3076125273467736,1.1653345156824853,0.9411228140732689,0.12352478363493291,0.0332850940665701,-0.015121981835298953,0.08565826330532215,0.0
2025-11-28,14.55,14.28,-0.030036387686284183,-0.024547198326936692,0.016430541396095955,-1.0043266821856118,0.018731036706063346,13.2815,13.178749999999999,13.836166666666665,4,28,11,13.749137310182476,13.454290123996634,61.356628982528264,0.1613538325325763,-0.0695898092535239,15.207768105805073,11.149731894194925,0.0643929160647192,0.05920470284244867,0.07253409580647431,42389160.0,1.3516389982689843,0,0,-1,0.0,0,21.77142857142857,0.006155040654360789,0.010504201680672294,-1.8421194925083793,1.162313858634053,0.9398455209995884,0.12965838509316763,0.028268551236749095,-0.08915920482377512,0.04254295532646046,0.0
2025-12-01,14.76,14.55,0.012739025777429712,0.002408511233209135,-0.05678852295354163,0.8334725526269425,0.014329825554824868,13.5375,13.175749999999999,13.828166666666666,0,1,12,13.932930526512934,13.538529470835561,65.12118018967332,0.23658932052545012,-0.008353983297729094,15.194703024661562,11.156796975338436,0.05309086097355541,0.05835983650208376,0.07185150248806448,42528347.0,1.5693777721901856,0,0,-1,0.0,0,22.085714285714285,0.00509057222597151,0.00446735395189,0.006375400784592507,1.1119779099850635,0.9264336836334196,0.16403785488959,-0.004048582995951455,-0.4413168055371419,0.09789972899728999,0.0
2025-12-02,14.14,14.76,0.023331573983122023,-0.0003341687583310561,-0.005190964566969918,0.21291953676737765,-0.04291315870389969,13.772499999999999,13.204249999999998,13.758166666666666,1,2,12,13.9705795216924,13.577334021104235,56.67034178610805,0.24337963937427887,0.0419927412366725,15.262348956753556,11.14615104324644,0.05409829099291039,0.05579730908254004,0.07062369934255212,42356133.0,0.9093343125503095,0,0,-1,0.0,0,23.257142857142856,0.01850701820086265,0.013550135501355086,0.8733347690894381,0.9458722107344563,0.8857548219540391,0.0028368794326241176,0.04200442151805461,0.35246681058782103,0.1067892503536069,0.0
2025-12-03,14.39,14.14,-0.054252918843742164,-0.016172859245601072,0.01842402602966465,-0.12055086549241649,0.01752586043084964,13.98,13.2835,13.6865,2,3,12,14.0468377904756,13.6297640842588,53.10262529832936,0.26586915255356836,0.08676802350005167,15.398155875948806,11.168844124051194,0.05338688749898951,0.05404312803856048,0.07061588870387829,42508789.0,1.0465059706261044,0,0,-1,0.0,0,24.77142857142857,0.012041539780526031,0.0021216407355020765,0.3528395251397802,0.6394339389806079,0.8579080611723175,-0.060091443500979724,0.12377977352596647,-0.8194978954709468,0.07087560806115356,0.0
2025-12-04,13.93,14.39,0.009831539865770582,-0.02824851973237061,-0.0578529392937467,-0.100310344547746,-0.03248873310756215,14.102,13.344,13.607166666666668,3,4,12,14.025594555843671,13.649134143338879,52.72511848341232,0.24376413692419518,0.11816724618488036,15.460010645680258,11.22798935431974,0.05518144952415854,0.054678056964706415,0.0707965973702306,42370703.0,0.5538724497405466,0,0,-1,0.0,0,36.02857142857143,0.020487254094666896,-0.005559416261292569,-0.030833529639121622,0.47354031420510495,0.8679872454050183,-0.02450980392156865,0.09512578616352196,-0.6591354624165865,0.09906676238334536,0.0
2025-12-05,13.99,13.93,-0.031230359241619376,0.013190055858169224,0.05198910793760013,-0.1583707154451747,0.0042980008856754615,14.213,13.42625,13.494166666666667,4,5,12,14.01912281841755,13.671125488929919,62.3789764868603,0.22845377838922687,0.14022455262574968,15.506338244585734,11.346161755414265,0.05520422502192858,0.054043832211374876,0.06963164934820076,42488564.0,0.5420443113097595,0,0,-1,0.0,0,38.142857142857146,0.019728568692068852,-0.004307250538406353,-0.49034525864179723,0.4379003082456484,0.857919239569199,-0.03848797250859115,0.13325232887808824,-0.5453324405701867,0.06290207290922092,0.0
2025-12-08,14.32,13.99,0.028431197162004825,-0.0049085791114100415,0.010226531783831374,-0.0029229600465568817,0.02331437285510984,14.377,13.52525,13.412833333333335,0,8,12,14.073827760523448,13.71298836061186,67.69230769230768,0.24017980770354797,0.16021560364130935,15.575922482767435,11.474577517232564,0.05460568993712587,0.05412197736723236,0.06956512247622926,42606081.0,0.7751115857637734,0,0,-1,0.0,0,40.77142857142858,0.0257604755481466,0.02001429592566114,-0.4858739312991606,0.4704191820299989,0.8591597554605787,-0.02981029810298097,0.16045380875202597,-0.4369287491322087,0.0467178770949721,0.0
2025-12-09,14.035,14.32,-0.02627059135209887,6.930247066082961e-05,0.010123007631448598,0.15368985004585184,-0.020102951718653696,14.370500000000002,13.632499999999999,13.444666666666667,1,9,12,14.066768167701003,13.733763305088516,62.445730824891456,0.22389473314692054,0.1729514295424316,15.542623997077449,11.722376002922548,0.042849757608200284,0.05351542711453484,0.056418888675986024,42469041.0,0.42143860881894485,0,0,-1,0.0,0,40.94285714285714,0.024464424131349707,-0.02932960893854748,0.11550909691175108,0.3804585448729814,0.8495310687027725,-0.007425742574257432,0.18040370058873,-0.3974727447310579,0.03776273601710006,0.0
2025-12-10,14.3,14.035,0.012156030989651671,0.032051840165634046,0.007882520212269468,-0.031300613118181254,0.018705327452015735,14.269499999999999,13.701000000000002,13.513666666666667,2,10,12,14.109173955391729,13.770294704760225,61.72566371681415,0.2297238658088574,0.18430591679571676,15.603293906120655,11.79870609387935,0.03182771128421203,0.050373111816220464,0.05494828965011128,42601858.0,0.6297659873405566,0,0,-1,0.0,0,36.371428571428574,0.028698047161693555,0.0024937655860349226,0.026943578726974827,0.38430121940034345,0.7996483597810111,-0.006254343293954134,0.10595514307811293,-0.3948698935568311,0.06223776223776228,0.0
2025-12-11,15.47,14.3,0.019705071079332337,0.052299499402848844,0.009236300119511058,0.7966666295222283,0.07864312731911313,14.388499999999999,13.781,13.568666666666667,3,11,12,14.356596872593231,13.879953110904728,66.64524421593829,0.32500624762879404,0.21244598296233222,15.841236573028137,11.720763426971864,0.03488288155679864,0.0510431075298976,0.05183425242050743,42896464.0,1.6396175294738191,0,0,-1,0.0,0,43.74285714285714,0.020596719876287764,0.003496503496503422,3.141948759952591,0.597087928196624,0.8102842120082248,0.11055276381909551,0.11535688536409539,1.0910968430006271,0.1008403361344537,0.0
2025-12-12,14.855,15.47,0.08672097478053224,-0.003189795368100038,0.03269856529418129,-0.8655105423615994,-0.04056615567040376,14.419,13.850249999999999,13.592166666666666,4,12,12,14.447215623030825,13.9428593618141,63.27028676021965,0.34689408241502306,0.2393356028528704,15.959007366692422,11.741492633307576,0.03776548167799469,0.0514994030205524,0.05233697045543864,42772483.0,0.9529308737647209,0,0,-1,0.0,0,39.285714285714285,0.03408743660637606,0.011635423400129264,-0.2861439063613845,0.742385619230892,0.8175276783640215,0.06182987848463184,0.10282108389012623,0.5980760117666554,0.0700100976102323,0.0
2025-12-15,14.63,14.855,-0.04642873728149106,-0.005831667653336581,-0.04122134415616403,-0.16733055819735332,-0.015262293882538053,14.406,13.97175,13.585833333333333,0,15,12,14.480449146116129,13.98719101589061,53.78571428571429,0.34214074405762673,0.25989663109382166,15.956534954545477,11.986965045454523,0.03790322999280457,0.046137370917557666,0.051748607610071426,42667605.0,0.6632960396968974,0,0,-1,0.0,0,49.31428571428573,0.034640779057562555,0.005721979131605458,-0.6348110679153741,0.7581019551635856,0.7324080575652091,0.0216480446927374,0.19918032786885265,1.292362362803799,0.10519480519480517,0.0
2025-12-16,16.58,14.63,-0.01755615651830172,0.08857409472339034,0.03676241034072098,0.718691059023772,0.12512293467511587,14.65,14.211249999999998,13.686166666666669,1,16,12,14.862185665004104,14.15446901486541,58.204134366925054,0.4900731343011717,0.30593193173529165,16.24298473973159,12.179515260268408,0.05369246909405999,0.052472155796647234,0.05457094249880869,42882788.0,2.331751240629899,0,0,-1,0.0,0,46.4,0.02822282962464333,0.003417634996582292,1.3844523838200495,1.1284244883776817,0.8329696499601893,0.18133238332739565,0.40627650551314676,0.5272802574271569,0.1480699638118215,0.0
2025-12-17,15.98,16.58,0.11929566640917567,-0.025016194349067232,0.06488222280790781,-0.8192237618916288,-0.03685920936902022,14.809000000000001,14.394499999999999,13.792,2,17,12,15.065424635003357,14.27224520745474,61.62790697674421,0.5525264527620593,0.3552508359406452,16.366346316206577,12.42265368379342,0.056287323913670535,0.053456088175694395,0.05386839680889801,42787941.0,1.6081374972976321,0,0,-1,0.0,0,37.68571428571429,0.025826357013812397,-0.002412545235223109,-0.944648798538378,1.2424580885283185,0.8485890922513669,0.11748251748251737,0.2976045473000406,0.7842040081608282,0.0663329161451814,0.0
2025-12-18,16.49,15.98,-0.03069608715717688,0.023249929538986133,0.03295608768329563,0.5877304324088608,0.0314161962333787,15.064999999999998,14.5835,13.917666666666667,3,18,12,15.324438337730019,14.4153261618125,62.847682119205295,0.6358442783053526,0.41136952441358676,16.599645619218848,12.567354380781154,0.054348210750731665,0.05345332204732872,0.05394773089233577,42958656.0,1.89123244058003,0,0,-1,0.0,0,42.371428571428574,0.025926605631555046,0.003754693366708305,0.5010963492161973,1.144865394411398,0.8485451813248666,0.0659340659340657,0.29740361919748204,1.4943343851909097,0.05639781685870223,0.0
2025-12-19,17.48,16.49,0.048671406375812236,0.030182209784375743,0.012434834814512543,-0.019155441985004375,0.05830323365588209,15.414000000000001,14.813500000000001,14.088833333333334,4,19,12,15.716358639960923,14.61304705459879,66.32653061224491,0.7728500472830842,0.4836656289874862,17.04899382275585,12.578006177244152,0.05559902430335431,0.05441535748139093,0.05416026320461026,43126132.0,2.3856026555356964,0,0,-1,0.0,0,44.2,0.02986130974412661,0.02122498483929663,0.4388680524350549,1.061309183393565,0.8638170203906307,0.17670817906428815,0.357142857142857,0.6833000075940225,0.07147025171624703,0.0
2025-12-22,18.38,17.48,0.03844387211528772,0.0550597771830276,0.0311762839363928,-0.2371143192553868,0.05020574670015149,15.819999999999999,15.098500000000001,14.290166666666668,0,22,12,16.200657069058934,14.856076276882739,74.62253193960511,0.9431782133222395,0.5755681458544369,17.623382696597915,12.573617303402088,0.0562800403006923,0.05438681834280352,0.054543101035341546,43258254.0,2.59932867726613,0,0,-1,0.0,0,54.88571428571429,0.0330555572090372,0.001144164759725376,-0.3259761273720029,0.9648698250598787,0.8633639756106248,0.2563226247436772,0.44952681388012605,0.030689701758429985,0.09385201305767146,0.0
2025-12-23,17.11,18.38,0.04305948946044701,-0.011428695823622857,0.0032772262312503906,0.450851231006776,-0.07160002902343884,16.127499999999998,15.248999999999999,14.464166666666666,1,23,12,16.365992147411855,15.00149071063224,64.12253374870198,0.9645671956797273,0.653367955819495,17.87989058365385,12.618109416346147,0.06259630960807729,0.053346977852515194,0.05590848230427644,43050869.0,1.4147300625595722,0,0,-1,0.469385,2,58.57142857142857,0.030001874651254073,-0.005984766050054376,1.173321070572904,0.9073048382468697,0.8468570195677546,0.03196622436670693,0.21347517730496457,-0.6544182983245374,0.08533021624780836,0.469385
2025-12-24,16.91,17.11,-0.07853863957020654,-0.03707741778289948,-0.03881008955873268,-0.6221590494392556,-0.011757924993613144,16.3885,15.328999999999999,14.596833333333333,2,24,12,16.464902666064244,15.124620342204356,65.90181430096052,0.9543783106814097,0.713570026791878,18.062986100915765,12.59501389908423,0.06349066477149089,0.05053512259327552,0.05430440364073261,42939548.0,1.1565530632876548,0,0,-1,0.451414,1,58.0,0.015106709464697207,-0.012857977790765569,-0.7236741388095326,0.8474599747561694,0.8022202011358112,0.05819774718397985,0.10450685826257344,-1.052933050860743,0.08485511531638078,-0.017971000000000015
2025-12-26,16.88,16.91,0.014693182349925026,-0.015743848879501213,0.020808456987092928,-0.817602112638667,-0.0017756737426779723,16.529500000000002,15.459,14.697166666666668,4,26,12,16.540374908598018,15.2378706427073,65.4710920770878,0.9331262975268153,0.7574812809388656,18.229974747743505,12.688025252256494,0.05963833269498659,0.04755990233784044,0.05304518239923689,42890401.0,1.0256318655788301,0,0,-1,0.0,0,54.85714285714285,0.022492103236368022,0.013601419278533438,-1.695330681691884,0.8325304243354203,0.7549900437866713,0.023650697392359143,0.18207282913165268,-0.49330364108904073,0.048572274881516414,-0.451414
2025-12-29,16.28,16.88,-0.029004696743181062,-0.03882840696481192,-0.018961072610546047,0.46602549479047234,-0.03619212859341668,16.672,15.545499999999999,14.790833333333333,0,29,12,16.49303401612565,15.3051047947907,60.19771071800209,0.8579786940863023,0.7775807635683529,18.304982979797135,12.786017020202864,0.05925937934686304,0.048537999017404285,0.053219189233749666,42812078.0,0.5323460991623871,0,0,-1,0.0,0,47.885714285714286,0.023224914298590096,-0.013625592417061638,-1.206701767719124,0.7073058264357347,0.7705168472204952,-0.06864988558352403,0.1189003436426117,0.42072228213885665,0.028869778869779015,0.0
2025-12-30,15.74,16.28,-0.02124510861373604,-0.01025031585616783,-0.0506437328187548,0.250469988863957,-0.0337321175851371,16.782999999999998,15.5945,14.908833333333332,1,30,12,16.356118740466442,15.333162549965495,58.641662442980234,0.746247908552153,0.7713141925651129,18.32995320020777,12.859046799792232,0.060396942294671956,0.04930092085162481,0.050269600139948134,42711462.0,0.10638090974391295,0,0,-1,0.114463,2,46.114285714285714,0.02880806194523475,0.0012285012285012022,-0.7423676965206842,0.4125099556010536,0.7826278558792678,-0.14363438520130567,0.06639566395663965,-0.6950760419239718,0.06988564167725538,0.114463
2025-12-31,15.75,15.74,-0.03178827954516597,-0.011581964273612499,-0.00044815235331835526,-0.1873872400237968,0.0006351222823848089,16.7,15.675,15.040833333333332,2,31,12,16.245915333108908,15.3600552886774,57.54422476586889,0.6510030149450312,0.7472519570410966,18.323608373427465,13.026391626572536,0.041731195243100754,0.04809863957170111,0.04963678016556171,42794885.0,0.05663351422765808,0,0,-1,0.000761,1,43.25714285714286,0.03506519081273141,0.003176620076238814,-0.9607145110648051,0.2719618050662559,0.7635422322435085,-0.07948568088836938,0.11386138613861374,-0.3213894736397812,0.05821587301587291,-0.113702
2026-01-02,15.78,15.75,0.011961112070578057,0.011581964273612499,0.017637232345084877,0.19552372368516555,0.0019029501460860636,16.68,15.744499999999999,15.156333333333333,4,2,1,16.161203454361832,15.387148495859503,51.82998819362455,0.5713552719201349,0.7120726200169043,18.323159178312505,13.16584082168749,0.040211843777343326,0.048034437894472135,0.04924823493707793,42896323.0,0.02753368905714186,0,0,-1,0.0,0,45.22857142857142,0.034161288452877504,0.01460317460317463,-0.5840819938741844,0.3019751401092138,0.7625230622133018,-0.0668243642814903,0.09659485753995822,-0.595720847358791,0.05278833967046896,-0.000761
2026-01-05,15.85,15.78,-0.005018831111942735,-0.028898414285073303,-0.04350638830913989,0.08993827237220141,0.0044261849055613825,16.616000000000003,15.8405,15.261000000000001,0,5,1,16.104621008114226,15.417009883223407,56.277602523659304,0.5080260684456999,0.6712633097026635,18.27358100109621,13.40741899890379,0.038657233834301745,0.04721549203519413,0.04906832717483835,43007307.0,0.007809028960169437,0,0,-1,0.0,0,47.60000000000001,0.035411683917775265,0.007604562737642649,-0.3866255612121173,0.31996571595427786,0.7495226997280476,-0.061018957345971514,0.13783201722900218,-0.5952772100103786,0.06498422712933762,0.0
2026-01-06,16.3,15.85,0.020542272300314107,0.023124199791603336,0.045291989191706815,1.070236470559483,0.027995607489427074,16.497999999999998,15.956,15.375,1,6,1,16.140144461184367,15.473976987531575,60.245398773006144,0.48851713616862824,0.6347140749958564,18.233553165362608,13.678446834637393,0.03390108469351461,0.047436339512526335,0.04919603297937432,43330944.0,0.30207856855471765,0,0,-1,0.609564,1,52.85714285714285,0.035017520296921546,0.023974763406940113,2.577219263414343,0.3486090469298496,0.7530285447442296,0.0012285012285011554,0.16511794138670477,-0.6317947351305294,0.04355828220858901,0.609564
2026-01-07,16.49,16.3,0.0024615397044465428,0.016923945790272166,0.019558983127909404,0.03775943928990365,0.011589028758790818,16.309,16.064500000000002,15.502,2,7,1,16.203754559150845,15.539526859303733,49.29577464788733,0.48282190847384143,0.6043356416914535,18.21722874571605,13.911771254283956,0.028198972699605005,0.047314190186892834,0.04897824661662921,43667035.0,0.39531222951033257,0,0,-1,0.0,0,48.57142857142857,0.037472725930917036,-0.0018404907975460819,2.222900247191531,0.18158718576705166,0.7510894843135867,0.04764930114358301,0.1515363128491618,1.569157080986328,0.04123711340206184,-0.609564
2026-01-08,16.75,16.49,0.01343121534056103,0.01398624197474009,0.013343875265440475,-0.40998599505353717,0.01564412169956807,16.273000000000003,16.20025,15.590333333333332,3,8,1,16.303071912032507,15.617621900638976,56.36363636363637,0.4935983322631259,0.582188179805788,18.146643358307553,14.253856641692446,0.02022129374089442,0.046872956942195725,0.04505757644367727,43890085.0,0.5648909534689568,0,0,-1,0.080113,1,48.371428571428574,0.04711963843167772,0.0,0.7794573817626231,0.16671605227841485,0.7440851236997307,0.06349206349206349,0.1934449590309939,0.8721812284945141,0.04179104477611957,0.080113
2026-01-09,15.53,16.75,0.01564412169956807,0.0023612761856796854,-0.05904602874629595,0.19669140016164735,-0.07562462111047978,16.134999999999998,16.26175,15.597666666666667,4,9,1,16.16251338257205,15.611968874791302,42.89940828402367,0.39909440979304023,0.5455694258032384,18.024389393517446,14.499110606482553,0.030253644721791793,0.050308004614649474,0.04476283395805428,43618551.0,-0.8302889436049103,0,0,-1,0.0,0,54.114285714285714,0.04198775509737888,0.0,1.226778342501485,0.6391136518442737,0.798614814997514,-0.01584283903675543,0.08601398601398591,-1.9722035395213156,0.10753380553766914,-0.080113
2026-01-12,15.83,15.53,-0.06092317384134234,-0.05826890812397588,-0.04207632348246538,-0.30265983674868213,0.019133236732325188,16.029999999999998,16.27975,15.649333333333335,0,12,1,16.102056403922585,15.626035398998315,36.40856672158154,0.34443641458379304,0.5053428235593493,18.015493356605635,14.544006643394363,0.031451539754104835,0.04714702738928593,0.042934496550853525,43819174.0,-0.5182217731537413,0,0,-1,0.0,0,58.0,0.040136970629267944,0.014810045074050253,0.4923076706089457,0.6577728076410344,0.7484358571680085,-0.0012618296529968154,0.023270846800258482,-2.1100015237694243,0.0846493998736576,0.0
2026-01-13,15.83,15.83,0.015113637810048106,0.01242251999855711,0.06502868066234001,-0.06865184924992243,0.0,15.985,16.3285,15.692,1,13,1,16.052591603209386,15.639194405514553,25.338491295938113,0.2976879976582154,0.46381185837912253,17.946533569361137,14.710466430638858,0.029693947776629533,0.04611262076922807,0.04285155880824416,43819174.0,-0.6161800464953576,0,0,-1,0.0,0,59.085714285714296,0.03576638191504554,0.010739102969046111,0.29185146934509537,0.6110401035005488,0.7320151611408566,-0.028834355828220914,0.0656344665095927,-2.047032838414983,0.03506001263423877,0.0
2026-01-14,15.72,15.83,-0.012578782206860073,0.000555401291700105,-0.009311353195644441,-0.25014213005365465,-0.006973086891860232,15.983,16.383000000000003,15.724,2,14,1,15.992120402625861,15.644407669674905,32.66832917705736,0.2488943604924998,0.42082835880179803,17.823878387066863,14.942121612933144,0.027769308142406163,0.04596809819735523,0.04284439833463143,43673316.0,-0.9202719756934463,0,0,-1,0.0,0,58.62857142857143,0.03158206953714865,-0.0018951358180669211,-0.24458482893967134,0.5926684380380377,0.7297209364367907,-0.04669496664645223,0.07450444292549552,-1.7814764166607637,0.04510178117048343,0.0
2026-01-15,14.87,15.72,-0.006349227678658892,-0.03190593117577609,-0.093247791860105,0.38520055511126644,-0.055588026528996866,15.895000000000001,16.297500000000003,15.748333333333335,3,15,1,15.78809851123934,15.59444588453459,28.111587982832617,0.14002305661061243,0.36466729836356093,17.884670604036128,14.71032939596388,0.032642250955618415,0.03646709232840842,0.04333497603717348,43458918.0,-1.7987984358706208,0,0,-1,0.0,0,63.65714285714286,0.034288522340459746,-0.0012722646310433427,0.6072117219549207,0.6161679245020308,0.5788971440316003,-0.11223880597014935,-0.10313630880579006,-0.4514147528083741,0.10625420309347682,0.0
2026-01-16,15.715,14.87,-0.009600073729019118,0.039343194628111255,0.07304508454258556,0.010402888928981712,0.05526990977746727,15.888500000000002,16.28425,15.792499999999999,4,16,1,15.774807872832186,15.602223569403327,39.360730593607315,0.12053672956228922,0.31584118460330657,17.886929581858418,14.681570418141584,0.038135647106324146,0.03814442646877059,0.04438242171335811,43675558.0,-0.7103728111890165,0,0,-1,0.0,0,63.77142857142858,0.04688744536358616,0.045729657027572396,0.5666463946687431,0.6413272645624395,0.6055239980373399,0.011912427559562122,-0.016583229036295388,-0.17119977938289663,0.0725421571746738,0.0
2026-01-20,16.23,15.715,0.020369895913074493,-0.004910998206627139,-0.003627374133999446,0.41760493228098566,0.032245711276968944,15.926499999999999,16.271250000000002,15.869166666666667,1,20,1,15.857570077771788,15.642725274603112,49.53617810760667,0.14497864734993016,0.2816686771526313,17.871118004423977,14.671381995576027,0.039508862574078374,0.03818276079178449,0.04415302837668895,44004487.0,-0.051566754114635134,0,0,-1,0.0,0,50.85714285714287,0.04487910814251202,0.009863188036907373,1.7191754771915368,0.6693597569592347,0.6061325365495768,0.025268477574226234,-0.015767131594905837,-0.34793484299886607,0.0686999383857055,0.0
2026-01-21,16.37,16.23,0.01748951513034786,0.01526747213078838,0.02253892568789923,-0.1738336532003794,0.008589009856543652,15.9335,16.21575,15.948500000000001,2,21,1,15.950739154540553,15.689646224628719,56.31262525050101,0.1736442108889662,0.26006378389989826,17.712769055534093,14.718730944465907,0.03858594840745684,0.03556214373810164,0.04415425768009093,44280931.0,0.20607620114089895,0,0,-1,0.0,0,53.85714285714285,0.04550679853836295,-0.004929143561306337,1.0222076764419783,0.6675183247711585,0.5645315305160991,0.03411244472520547,-0.06350114416475972,-0.5549199191018008,0.06230910201588268,0.0
2026-01-22,18.9,16.37,-0.021277398447284736,0.14002541227524695,0.02109378305979963,0.5419820964609262,0.14371153068255296,16.174500000000002,16.24175,16.101166666666664,3,22,1,16.48696839916954,15.89676582303977,70.97203728362183,0.39594749615870484,0.2872405263516596,17.90578211950294,14.57771788049706,0.06217419483681941,0.04881870869256946,0.05175509058457806,44756252.0,3.1949503484272164,0,0,-1,0.0,0,54.771428571428565,0.0410991009390236,-0.034208918753817985,2.4950543998592765,1.2113270877355602,0.774972975167076,0.2022900763358777,0.028291621327529937,0.621086155458103,0.16772486772486772,0.0
2026-01-23,18.42,18.9,0.17640062598393075,-0.0063425159764704045,0.10384133572265629,-0.6901327162116772,-0.0257248912384357,16.3415,16.307250000000003,16.247333333333334,4,23,1,16.838428690229623,16.05955512477914,66.58291457286433,0.5273139162856104,0.3352552043384498,18.202278051452033,14.412221948547973,0.06349584084462304,0.04636229441348645,0.051876114756388675,44517874.0,2.2297822962368743,0,0,-1,0.0,0,54.885714285714286,0.05794537028941269,-0.0021164021164020714,0.31609215942834723,1.0815791222829494,0.735978607370666,0.23873570948217915,0.07656341320865012,1.1739479070518795,0.07166123778501629,0.0
2026-01-26,18.35,18.42,-0.03479784674478433,0.002118644860285155,0.02533206101840463,-0.12043202435506532,-0.00380745632658151,16.6235,16.37925,16.38233333333333,0,26,1,17.1132598374606,16.207325761890164,65.70351758793971,0.6186430042336362,0.39193276431748714,18.47001736101732,14.288482638982677,0.05672576402893313,0.04624918620561577,0.0519128558877352,44306543.0,1.8851930030523127,0,0,-1,0.0,0,57.65714285714286,0.05910941837623716,-0.011129207383279143,0.024689823428376185,1.1262128052625777,0.7341830702350699,0.16767419662742622,0.08515671200473096,1.7634645112275382,0.04959128065395096,0.0
2026-01-27,19.29,18.35,0.010105234154412791,0.026626475115322314,0.022534616652498122,0.4030251985245846,0.049957252417058305,16.969500000000004,16.49975,16.509666666666668,1,27,1,17.509030776104126,16.406207970800477,67.6923076923077,0.758132825227289,0.46517277649944755,18.957606308163587,14.04189369183641,0.05768571375638841,0.047342074981049996,0.05073239138893163,44622767.0,2.2704744705639555,0,0,-1,0.0,0,64.97142857142858,0.06691470278607672,0.0027247956403268206,0.9121655452121723,1.1332141690727089,0.7515321416977871,0.18853974121996298,0.14277251184834117,1.4787114979072813,0.0523587350959047,0.0
2026-01-28,19.33,19.29,0.0570376335994491,0.021407545350785706,0.02681125745065677,-0.22654565857837541,0.002071466302601869,17.319499999999998,16.652250000000002,16.658833333333334,2,28,1,17.840116089539737,16.594839714619802,67.10843373493977,0.8619709148920904,0.5445324041779762,19.412567439792323,13.89193256020768,0.0576039961297847,0.04626789978832339,0.04992658128996404,44874887.0,1.9401754025808438,0,0,-1,0.0,0,65.54285714285713,0.07023862034987877,0.00984966303784351,0.21906305016125574,1.1444640010424627,0.7344801391509702,0.18081857055589468,0.18734643734643708,1.5044002928894507,0.048111743404035165,0.0
2026-01-29,20.48,19.33,-0.009283202303549171,0.05207463303676988,0.020943173845243388,0.248366162002031,0.05779050695106769,17.795499999999997,16.88925,16.853833333333334,3,29,1,18.320094982350692,16.845495216902396,70.29379760609359,1.0252404049156034,0.6406740043255017,20.09739797368407,13.68110202631593,0.05777858143878003,0.04639917713921394,0.05048813672765767,45198087.0,2.238518939559118,0,0,-1,0.0,0,63.82857142857143,0.07855498920691271,-0.0015519917227106873,0.8587704664286279,0.5848646108240594,0.7365641024903608,0.08359788359788367,0.30114358322744605,0.2738028051129771,0.07763671874999999,0.0
2026-01-30,19.095,20.48,0.0539581343278746,-0.005760937680453522,-0.02094317384524325,-0.3640972230093266,-0.07002227949382762,18.218,17.0565,16.937666666666665,4,30,1,18.460986803741473,16.990624557747402,69.05398182789952,1.0309901147070661,0.7187372264018146,20.36187058994036,13.751129410059642,0.06003884010842847,0.0498353601159281,0.04712151237616743,44973520.0,1.2334471700111433,0,0,-1,0.0,0,58.60000000000001,0.07033126291558987,-0.005371093749999972,-0.2788607668341848,0.8099679536238871,0.7911118161845567,0.03664495114006505,0.21238095238095234,-0.7077359601856454,0.09793139565331245,0.0
2026-02-02,19.41,19.095,-0.07384366661498219,-0.023381484050297618,-0.011173300598125076,0.11693214807589403,0.016361876503439447,18.5875,17.238,17.052,0,2,2,18.63353465760666,17.146713295957248,69.10352187833512,1.0488739031225158,0.7847645617459549,20.645319366181933,13.830680633818066,0.059151331107243174,0.04980480458326717,0.04648142725314617,45225943.0,1.2749025063851482,0,0,-1,0.0,0,63.40000000000001,0.07199867538923159,-0.009164702801780422,-0.050327750101967744,0.8037004977624004,0.7906267621409692,0.057765667574931845,0.23003802281368824,-1.1189559748800757,0.08243173621844399,0.0
2026-02-03,19.47,19.41,0.030194901945968914,-0.017902019613020004,-0.009677494882065369,-0.30473611647885895,0.0030864222031893648,18.9115,17.419,17.151333333333334,1,3,2,18.785619265314537,17.296602760734203,69.30010604453871,1.0557187640961843,0.8389554022160008,20.899675373060827,13.938324626939174,0.05934203624488613,0.04981581766162629,0.046257184555405645,45412059.0,1.1785069161427688,0,0,-1,0.0,0,43.34285714285714,0.07522215263782003,0.004636785162287473,-0.9950687991153503,0.7258233433638585,0.7908015893400141,0.009331259720062102,0.22839116719242902,-0.7068589795965147,0.07293271700051351,0.0
2026-02-04,18.93,19.47,-0.005656996315140684,-0.022324620705233986,-0.03267277582848911,0.1889032584257905,-0.028126854162876823,19.167499999999997,17.5505,17.199666666666666,2,4,2,18.81187030798462,17.40198322778361,66.27789046653143,1.0059736407667685,0.8723590499261544,21.051833430205445,14.049166569794554,0.06119289440679545,0.050390608955429766,0.04552827934727133,45187245.0,0.7879855075208055,0,0,-1,0.0,0,47.22857142857144,0.07363470623961232,-0.004108885464817581,-0.41547757683505326,0.7576118494811374,0.7999261182550285,-0.0206932229694774,0.1613496932515337,-0.10103039310121885,0.08320126782884307,0.0
2026-02-05,17.71,18.93,-0.07995675640785117,-0.01499123448573348,-0.021154363812880186,-0.058786180498629735,-0.06661851342648929,19.048499999999997,17.6115,17.17733333333333,3,5,2,18.611530251987414,17.421855277604024,63.880742913000994,0.8582135168959546,0.8695299433201146,21.07736983082329,14.145630169176709,0.04253689297108102,0.05296145268694791,0.04624126703202099,44975266.0,0.056839988117270666,0,0,-1,0.0,0,47.22857142857144,0.07387971543376741,-0.05441098784997365,-0.5199317610775137,0.6068448512754034,0.8407369972942663,-0.13525390625,0.07398423286840528,0.06182270807637198,0.09373235460191982,0.0
2026-02-06,19.24,17.71,-0.02259983191724092,0.012422519998557329,-0.03127064288782091,-0.09015082996895057,0.08286199344281812,19.1305,17.736,17.24833333333333,4,6,2,18.72579747889879,17.539154937113445,66.14750343563904,0.8547181091123122,0.8665675764785542,21.250122784902224,14.221877215097777,0.05068356172190108,0.05599400184006863,0.04696438124713263,45168971.0,0.8559746440628966,0,0,-1,0.0,0,46.8472049689441,0.07376710745595369,-0.01185770750988147,-0.7465673639608519,0.8920125964616447,0.888877222680688,0.007593610892903779,0.14865671641791045,0.6003333916746839,0.1268191268191269,0.0
2026-02-09,21.12,19.24,0.08434114843375075,0.10905737753915237,0.11043584962754951,1.1819515642984295,0.09322901360050034,19.407500000000002,18.015499999999996,17.388666666666666,0,9,2,19.16110702818992,17.77017719923516,69.91042345276874,0.9922106744201464,0.8916961960668727,21.676982156032974,14.35401784396702,0.05821643892154437,0.05595789948643723,0.049790000530843544,45800591.0,1.6957613707797323,0,0,-1,0.0,0,51.5714285714286,0.08729842243972036,-0.01039501039501036,3.2606237717331075,1.1263695247075551,0.8883041155839713,0.08809891808346215,0.35994848679974245,0.12410508955426856,0.12760416666666669,0.0
2026-02-10,21.43,21.12,0.10083347734261025,0.007352974305258733,0.05457996006881255,-0.4420086822452923,0.014571350647424899,19.621499999999997,18.295499999999997,17.540333333333333,1,10,2,19.57363302306448,18.006294799284507,70.32128514056225,1.113354870323203,0.9360279309181389,22.10670356732351,14.484296432676485,0.05686765524830573,0.055957086840139385,0.04976238737565834,46206561.0,1.6448872093186369,0,0,-1,0.0,0,51.6571428571429,0.08120959218499524,-0.0028409090909091985,1.1279224807752453,1.1190375130377346,0.8882912152239236,0.10066769388803287,0.35375868603916616,-0.033187300575854256,0.08352776481567892,0.0
2026-02-11,21.4,21.43,0.08201315166083528,0.04564550748996036,0.022200610428667188,-0.16518422229528035,-0.0014008874576798506,19.8285,18.574,17.711,2,11,2,19.905699746143664,18.225243521911313,62.56281407035176,1.193187446938726,0.9874598341222564,22.440265163667643,14.707734836332358,0.0569456643821198,0.05597994090442112,0.04909084650433711,45862405.0,1.4618759347168924,0,0,-1,0.0,0,53.8,0.08673682852613758,0.06672888474101725,0.5286691887445523,1.0603885992740634,0.8886540122471429,0.13048071843634435,0.35186355022109916,-0.28564596486122557,0.11027570093457943,0.0
2026-02-12,20.96,21.4,-0.0483965408618501,-0.04244550475928943,-0.0024468816924346523,-0.2512691840419116,-0.020775062574964295,19.8765,18.836,17.884999999999998,3,12,2,20.09739070139027,18.401679423723486,62.815338042381434,1.2070370446068566,1.0313752762191764,22.59667827029009,15.075321729709906,0.05507112502155794,0.05636307413464049,0.048758813893904615,45594716.0,1.1295834673122198,0,0,-1,0.0,0,38.1117647058824,0.09215783666316907,0.017757009345794512,-0.20146008599445256,0.8474045512805796,0.8947360637241348,0.18351214003387906,0.33333333333333326,0.38835471051458953,0.06965648854961835,0.0
2026-02-13,21.97,20.96,-0.02087758502155537,0.018987912244691162,0.041662716808833,-0.8692755218806397,0.04706202694367734,20.164,19.191,18.092333333333332,4,13,2,20.437865119319312,18.631893654451005,66.68202764976958,1.284702261644771,1.0820406733042953,22.707880495702565,15.674119504297433,0.05039289558012441,0.05427686117720637,0.04919109058761633,45706946.0,1.580377839619961,0,0,-1,0.0,0,37.7739130434783,0.09041743624615274,0.017652671755725068,-1.490962857658083,0.7389334132576761,0.8616184597203872,0.14189189189189189,0.47747141896435785,0.875504145438312,0.045971779699590265,0.0
2026-02-17,21.74,21.97,0.03952720446124342,0.0022366370317126933,-0.05445816697289766,0.7518043667261293,-0.010524004703455466,20.397,19.49225,18.291,1,17,2,20.67461691580671,18.832416644486425,62.08086785009862,1.3125630184506072,1.1281451423335578,22.78018404178952,16.204315958210476,0.05103563391212435,0.054028126058123425,0.04933286191817203,45468926.0,1.3672719534097575,0,0,-1,0.0,0,40.8734693877551,0.09485279683014072,0.010013654984069295,-0.4147584089469544,0.42643587759747353,0.8576699121158582,0.029356060606060552,0.3833916640152719,1.1042068175959616,0.10073597056117746,0.0
2026-02-18,20.06,21.74,-0.04752912995440391,-0.04899125677325347,-0.10431543979471522,0.48845474039405423,-0.08042609915927389,20.455999999999996,19.683749999999996,18.43133333333333,2,18,2,20.562868385660035,18.911615570648593,53.098471986417664,1.1854161695839451,1.1395993477836353,22.59639190980239,16.771108090197604,0.0584754474603666,0.057878345909661746,0.051944660032093894,45081002.0,0.2583565104476087,0,0,-1,0.0,0,41.9102040816327,0.09851584107951791,-0.026678932842686215,0.8478822235833569,0.7130766276489033,0.9187902574364247,-0.0639290713952404,0.23598274799753538,-0.2399601511959332,0.15553339980059808,0.0
2026-02-19,19.3,20.06,-0.0316877208457361,-0.03243011902736528,-0.00994483334216611,0.16224461134681534,-0.03862268662294947,20.493000000000002,19.83025,18.531333333333336,3,19,2,20.333255951903663,18.93667263060675,44.82001755926252,1.0116638957472865,1.1140122573763656,22.30256507743365,17.35793492256635,0.05918123630576987,0.058953589831702,0.05250477259084327,44624746.0,-0.4289501810185273,0,0,-1,0.0,0,39.5551020408163,0.09916811622618504,0.021934197407776735,1.2913090132042584,0.7248759033595217,0.9358592255351381,-0.09813084112149528,0.17898594990836902,0.5001663555191384,0.13575129533678743,0.0
2026-02-20,17.05,19.3,-0.07335778457165247,-0.06871592071318083,-0.057713815131648694,0.14912837026296674,-0.12395489218131404,20.427,19.73775,18.55,4,20,2,19.736300324284816,18.814951815728897,41.65646674826602,0.6845170841003636,1.0281132227211651,22.48027759905519,16.995222400944808,0.06753732181047185,0.054970712033155206,0.0571249221969159,44095114.0,-1.9600532012337344,0,0,-1,0.0,0,44.4081632653061,0.10141404461058552,-0.012953367875647668,1.7987045000240778,1.0008648019754327,0.8726330005912467,-0.18654580152671751,-0.0978835978835978,0.2554835504017272,0.13255131964809394,0.0
2026-02-23,15.61,17.05,-0.16020572004621014,-0.14322066869623581,-0.1365611879063754,0.3278730903516305,-0.08823846920218524,20.064,19.59725,18.512,0,23,2,18.986063901687576,18.608180730843163,35.7997010463378,0.305532920170716,0.8835971622110753,22.862182456785117,16.33231754321488,0.0643033992011989,0.05771592015356728,0.05922480982563104,43359978.0,-2.4424701293368414,0,0,-1,0.0,0,36.969416498994,0.10870793448568676,-0.048093841642228755,2.5751907253115056,0.6592264120038093,0.9162118284935992,-0.28948566226672734,-0.15255157437567868,0.24757996420361386,0.11915438821268426,0.0
2026-02-24,15.9,15.61,-0.04602135760129896,-0.01813834491800545,0.004709056801572644,-0.4398064593110399,0.01840737469884523,19.541999999999998,19.47475,18.524333333333335,1,24,2,18.424961374108015,18.433459393369414,36.88464364437914,0.028260051904805294,0.7125297401498214,23.100618280767268,15.848881719232732,0.05207801539486399,0.05799022561811031,0.05771615843366926,43833524.0,-1.9718035643829566,0,0,-1,0.0,0,43.2857142857143,0.10998168432781527,-0.007046764894298491,0.8444300235938758,0.8233481340509339,0.9205662927482806,-0.2686292548298067,-0.13351498637602188,0.8353571070539155,0.09371069182389938,0.0
2026-02-25,16.94,15.9,0.032373503083422434,0.04182210437176111,0.061808287371876026,-1.0195333177542005,0.06335857999772249,19.093,19.35725,18.561333333333334,2,25,2,18.154968396997468,18.33710717444236,42.94826364280653,-0.1063356147070067,0.5487566691784558,23.156490194121986,15.558009805878013,0.05861883494711679,0.05880177657592272,0.058786154994134594,44004362.0,-1.2724912753554565,0,0,-1,0.0,0,45.8,0.11022785792770365,0.0069182389937107675,-0.9748981185798589,1.1767961196055146,0.933449264812048,-0.1555333998005981,-0.12182477967858985,0.24264780886459367,0.0731995277449823,0.0
2026-02-26,17.81,16.94,0.059999817047592746,0.04630721571920975,0.07004384373292645,0.046038582535811626,0.05008240807766171,18.734,19.28125,18.627333333333333,3,26,2,18.092246870270653,18.303100259962207,50.36337209302326,-0.14117454877942848,0.41077042558687893,23.143081955514386,15.419418044485614,0.06286385729039848,0.06012353580634292,0.0594126717094392,44183249.0,-0.7619440809169202,0,0,-1,0.0,0,42.1730382293763,0.11134986678848546,0.003541912632821648,-0.8893433762856886,1.3071665388223466,0.9544315421128239,-0.07720207253886024,-0.07863424728401447,-0.5110358804871095,0.0505334081976417,0.0
2026-02-27,16.91,17.81,0.05715841383994862,0.021553749556065076,-0.02758281461514191,0.601522476052311,-0.05185493439108131,18.329,19.10275,18.666999999999998,4,27,2,17.877292893857806,18.21322282383561,41.127189642041124,-0.23865605497543285,0.2808851294744166,23.06012482762453,15.14537517237547,0.06379352610992649,0.05919336918785073,0.06025767217673723,43856799.0,-1.1081841349439363,0,0,-1,0.0,0,38.030583501006,0.11246846253973428,0.010668163952835558,-0.006872467890225855,1.033299093423838,0.9396656048105185,-0.008211143695014744,-0.17431640625,-0.4734373644152952,0.10363690124186858,0.0
2026-03-02,15.84,16.91,-0.08701137698962981,-0.06493954923314048,-0.04435556710156629,-0.5528353351362769,-0.06536677652420911,17.716,18.94,18.699333333333335,0,2,3,17.506876004065475,18.060111673910736,28.571428571428555,-0.3976668526506444,0.1451747330494044,23.157871750689402,14.7221282493106,0.060321867006429636,0.05896970894501942,0.06058701944368131,43668987.0,-1.4699356373238777,0,0,-1,0.0,0,33.6460317460318,0.11971529212783846,-0.024246008279124785,-0.8190796505135577,0.9299065902468344,0.9361151085262948,0.014734144778987934,-0.17046347211311863,-0.286945084769267,0.08333333333333336,0.0
2026-03-03,15.29,15.84,-0.040821994520255166,-0.04108943595825291,-0.08368396872200627,0.10749069681062245,-0.03533936644530897,17.071,18.734,18.685166666666664,1,3,3,17.103807639689933,17.881394791722947,25.55732484076431,-0.5615907898303618,0.0038216284734511607,23.24731317210253,14.220686827897474,0.05991257509525757,0.058978684690963755,0.06013146981718469,43459862.0,-1.5261515736545328,0,0,-1,0.0,0,33.2023483365949,0.12007313492966776,0.0,-0.6746071237078027,0.9550219795143987,0.9362575940758947,-0.03836477987421394,-0.2122617207624936,0.5133254000881933,0.12426422498364936,0.0
2026-03-04,15.38,15.29,-0.03533936644530897,-0.024928202649560603,0.03644127916225588,0.2088950017189184,0.005868944136527187,16.603,18.529500000000002,18.65683333333333,2,4,3,16.790388068837217,17.720014482579533,26.148969889064972,-0.6764418427223866,-0.1322310657657164,23.26744747921397,13.791552520786034,0.05883645891006344,0.05901512845481162,0.05983842651855323,43717570.0,-1.3294786461088033,0,0,-1,0.0,0,37.1583011583012,0.11083159248826845,0.0,-0.41504753037091346,0.7432551018863303,0.9368361208917785,-0.09208972845336483,-0.2100667693888032,0.9017271494922586,0.062093628088426646,0.0
2026-03-05,15.07,15.38,-0.0026195168875502465,-0.049507155331279244,-0.03644127916225591,-0.21112582048295006,-0.020361951439093872,16.18,18.3365,18.6135,3,5,3,16.47759023813954,17.54904580628408,26.42113690952762,-0.7834454671509263,-0.2624739460427584,23.314164956689346,13.358835043310656,0.05865922748916265,0.05891989823334272,0.05992469398020536,43508911.0,-1.312462782618682,0,0,-1,0.0,0,28.3333333333333,0.11599227436083244,-0.00845253576072827,-0.7009401489095926,0.4276677520802644,0.9353243879919526,-0.15384615384615374,-0.20390913893291074,0.5102001563193463,0.04777704047777033,0.0
2026-03-06,17.8,15.07,0.07878087785311438,0.18128412734165839,0.10029616707348821,0.6783832373994002,0.1664924446596354,16.255,18.341,18.576833333333333,4,6,3,16.718028376659625,17.565236399427043,35.32723434201267,-0.6405742843852416,-0.3380940137112551,23.316442429414852,13.36555757058515,0.0781279240648242,0.07121538116017015,0.062450203788400396,43920113.0,-0.21746809763152092,0,0,-1,0.0,0,25.1473684210526,0.09185121691757239,0.09489051094890509,0.44917774897592694,1.53741856173708,1.1305091284349083,0.05263157894736836,0.005081874647091977,1.870500522515787,0.12471910112359544,0.0
2026-03-09,20.49,17.8,0.05310982531394833,0.12825939383334348,0.04259846974100847,-0.12672791278941986,0.1407385049527688,16.743000000000002,18.4035,18.645833333333332,0,9,3,17.403841399085145,17.75393082527046,46.25074985002999,-0.3067512861000452,-0.3318254681890131,23.457279304951733,13.34972069504827,0.08288470156846016,0.07649885191641902,0.06805411526455761,44282371.0,0.8257186846111894,0,0,-1,0.0,0,27.6730983302412,0.07352745403411144,-0.022471910112359668,0.10715966469126731,1.6120965955760602,1.2143816265168095,0.29356060606060597,0.06496881496881501,0.5671465141128351,0.19643728648121028,0.0
2026-03-10,19.94,20.49,0.16833531481921474,0.01816179859263585,0.1712386217244541,-0.6249470602832484,-0.02720919771711603,17.147,18.344500000000004,18.698833333333333,1,10,3,17.864961144706026,17.89496754622075,49.61389961389962,-0.08558795369882333,-0.2825779652909751,23.291164905187237,13.397835094812768,0.08483116971463815,0.07364237505589143,0.0682949986851342,44088458.0,0.6450810922433432,0,0,-1,0.0,0,26.0515769944341,0.060284143895725284,0.004880429477794115,-0.8496177767892407,1.5846948169055024,1.1690364621242104,0.3041203400915633,-0.055871212121212155,0.5938881411760267,0.06376128385155465,0.0
2026-03-11,20.56,19.94,-0.08036654187325767,0.012129206375847069,-0.04728527299001185,0.5242036332095937,0.030619676053272017,17.509,18.301000000000002,18.741166666666665,2,11,3,18.35496820930493,18.06690512388393,54.090909090909086,0.13812221218474008,-0.19843792979583208,23.14771087602613,13.45428912397387,0.08374429695958824,0.07391013230917395,0.06792262263711539,44415999.0,0.9321785671903641,0,0,-1,0.0,0,25.1274725274725,0.058865191013714534,-0.04714142427281852,0.057077260786711694,1.541759636266342,1.173286976747726,0.33680104031209357,-0.04059729351376584,0.4412143193883694,0.1191634241245136,0.0
2026-03-12,20.78,20.56,0.061243625240718594,-0.0023337233462202116,0.061243625240718594,-0.3334841030895276,0.010643545084117158,17.806,18.27,18.7895,3,12,3,18.795883080340396,18.241943502988192,63.949139865370235,0.32936952491762383,-0.0928764388531409,23.040585311104586,13.499414688895413,0.08317305817653337,0.07394387012740194,0.06793116832242041,44650657.0,1.0522817794107675,0,0,-1,0.0,0,22.5294755877034,0.04805939399316436,-0.017509727626459116,-0.5200543103958729,1.4493580032699938,1.173822548008581,0.3788984737889849,-0.028971962616822333,0.4308665861015224,0.057747834456207854,0.0
2026-03-13,20.72,20.78,0.026863642269548252,0.05809255683174557,-0.01747859727395956,0.3301936104308929,-0.002891568279799125,18.187,18.258000000000003,18.7975,4,13,3,19.145722520278504,18.40181811569863,71.3094245204337,0.47066733945287353,0.019832316808061995,23.00122386479697,13.514776135203038,0.08009027212290239,0.073777604459538,0.06714246425395515,44324192.0,1.0381125033006988,0,0,-1,0.0,0,19.9685352622062,0.07272980747525222,-0.0014436958614052519,0.06648646852055415,1.1033196441547486,1.1711831623561648,0.1640449438202245,-0.011450381679389388,1.734471583846184,0.1365830115830115,0.0
2026-03-16,21.73,20.72,0.03550668845690982,-0.012422519998557209,0.07144159216444437,-0.7000352910414375,0.047594376877056054,18.776,18.246,18.88533333333333,0,16,3,19.61559115295514,18.616539527589044,72.93469708890638,0.656576825604958,0.14718121856744118,22.95074072220334,13.541259277796659,0.07427274064468938,0.07379613000662846,0.06630769422214264,44486304.0,1.4810592998495198,0,0,-1,0.0,0,19.9685352622062,0.04448484866421778,0.0376447876447877,-1.0592737864054738,0.4659839174987166,1.1714772462991814,0.06051732552464628,-0.010923987255348155,-0.11536877605583133,0.04970087436723416,0.0
2026-03-17,20.73,21.73,0.002786810907179216,-0.01847315429432434,-0.03484007825794573,-0.2094250998926136,-0.047111867820650084,19.32,18.195500000000003,18.929333333333332,1,17,3,19.818210943326932,18.752891816131687,64.95659037095501,0.7149779691645115,0.26074056868685525,22.761979583823212,13.629020416176791,0.07551659085860013,0.07453540418071894,0.06695792922614895,44354823.0,1.1100454752840605,0,0,-1,0.0,0,19.9685352622062,0.06157023292985086,-0.00782328578002769,-1.1908022072149038,0.5743880445771947,1.183212859991198,0.03961885656970909,-0.04645814167433293,-0.7394856014797574,0.06753497346840322,0.0
2026-03-18,20.46,20.73,-0.03925781959310816,-0.031411358456144026,-0.04902088529540306,-0.09630777948436722,-0.013110165924207752,19.828,18.2155,18.962333333333333,2,18,3,19.934899862722034,18.86302782799416,60.97763048881525,0.7310474922477574,0.3548019533990357,22.819710772988763,13.611289227011234,0.07650906003177119,0.07237497273000698,0.06703252827022566,44235414.0,0.9749770853965549,0,0,-1,0.0,0,19.9685352622062,0.07285663258520504,0.0,-1.1456882804876392,0.5490555085166351,1.1489170739320798,-0.004863813229571856,0.019940179461615193,0.24665366663736876,0.08333333333333325,0.0
2026-03-19,21.15,20.46,-0.03935579222298491,0.01675236943774195,0.016441498480408254,0.26758344376037396,0.033168144968806525,20.436,18.308,19.036333333333335,3,19,3,20.155827160408933,19.01057441973647,67.8752107925801,0.7903492839255435,0.44191141950433727,23.07539187220417,13.540608127795826,0.0743423071141482,0.07199620485152106,0.06697598394933041,44391458.0,1.1922661598556688,0,0,-1,0.0,0,19.9685352622062,0.04453925063383578,-0.025904203323558216,-0.8254284510720304,0.6005525575583486,1.14290432026552,0.01780558229066398,0.09585492227979264,-0.12625619030378799,0.0822695035460994,0.0
2026-03-20,19.62,21.15,0.05609858944845822,0.0055223334082606405,-0.016186494016448415,-0.26323811775101824,-0.07509045135506982,20.618000000000002,18.436500000000002,19.1,4,20,3,20.05840404033458,19.049892199108314,65.3409090909091,0.7057526901240827,0.49467967362828635,23.19966248327787,13.673337516722135,0.061803124441015884,0.06860020947881473,0.06727628818565479,44271529.0,0.49693874779831104,0,0,-1,0.0,0,19.9685352622062,0.05707217152912851,-0.0033096926713948125,-0.9689448130918502,0.8154711174083694,1.0889945650072779,-0.05308880308880304,0.15073313782991193,-0.02946029833910558,0.11111111111111109,0.0
2026-03-23,21.46,19.62,-0.07177526953594439,-0.01526041175397602,-0.0005100739717832513,0.10610734541702845,0.08964128306533536,20.715,18.729,19.174,0,23,3,20.313239669364656,19.205383024972292,72.66715650257166,0.7782111685973128,0.5513859726220917,23.47980004342764,13.978199956572357,0.048665573267484594,0.06736248321333563,0.06759529558097789,44404883.0,1.1497010924625737,0,0,-1,0.0,0,19.9685352622062,0.019288557726957613,0.0,-0.9823808014565582,1.0484963870090536,1.0693462696694953,-0.012425218591808562,0.37475976937860356,0.6153619014261325,0.08667287977632802,0.0
2026-03-24,22.15,21.46,0.06797298358620585,0.07753041406488795,0.057016680440235744,0.9467939415702592,0.03164675928859218,20.936,19.0415,19.208333333333332,1,24,3,20.647196093116534,19.395358313683758,73.82125263898664,0.8811548634854844,0.6173397507947702,23.83084903828556,14.252150961714438,0.04785227417786927,0.0674360342563369,0.06554978770447686,44748594.0,1.2980887277794841,0,0,-1,0.0,0,19.9685352622062,0.007941233075266037,-0.021435228331780094,1.2775656931500372,0.9806614618955983,1.0705138562802001,0.06849975880366599,0.3930817610062891,-0.32030333259811444,0.11015801354401812,0.0
2026-03-25,21.56,22.15,0.053315058767721676,0.01879593993137614,0.01197619104671562,-0.6793445722365878,-0.026997750450348197,21.035999999999998,19.2725,19.212666666666667,2,25,3,20.813160439822617,19.53501261602674,72.39475500345065,0.9047015775604237,0.6748121161479009,24.0806985903466,14.464301409653402,0.048712857221047116,0.06722587350902395,0.06574283223094232,44574350.0,0.9514998006083203,0,0,-1,0.0,0,19.9685352622062,0.013972357502949737,0.0,-0.5973882397507033,1.0093851314299453,1.0671776578437748,0.053763440860215006,0.2727272727272725,-0.16015832464214314,0.12198515769944338,0.0
2026-03-26,21.32,21.56,-0.046670516049053035,-0.06965810691410274,-0.0014295928095944335,-0.08442691690136608,-0.011194146743152587,21.09,19.448,19.21,3,26,3,20.905313087127592,19.650173092412114,64.66666666666669,0.8936945691854028,0.7185886067554013,24.287563268682355,14.608436731317646,0.048958422926184804,0.06685739182294302,0.06578534407433938,44414213.0,0.7736235259549279,0,0,-1,0.0,0,19.9685352622062,0.0022479905524233107,-0.019480519480519397,-0.7378942323081212,0.9991268402035182,1.0613281924194633,0.008037825059101777,0.197080291970803,0.5157146753652987,0.050187617260788006,0.0
2026-03-27,20.5,21.32,0.0014181047046821727,-0.020170299234940674,-0.047360571359837574,-0.036968930580959056,-0.03922071315328127,21.068,19.627499999999998,19.194666666666667,4,27,3,20.831619798558936,19.70500063483714,50.04935834155973,0.8094731857669615,0.7367655225577134,24.335217627806323,14.919782372193675,0.05074497277888756,0.06632461907257226,0.06607666170952975,44259888.0,0.3706679410194639,0,0,-1,0.0,0,19.9685352622062,0.022332419226798073,-0.0070356472795496516,-0.7210312894785353,0.8566146485208582,1.0528706872027056,0.04485219164118237,0.212300413956239,1.1365626058671783,0.07804390243902447,0.0
2026-03-30,19.95,20.5,-0.025354144533411817,-0.04400531135609597,-0.027885203489535777,0.036512966975194176,-0.027195742808490055,20.89,19.833000000000002,19.127333333333333,0,30,3,20.67132528973004,19.720807045492812,50.04935834155972,0.6903883618833788,0.7274900904228465,24.190368109547986,15.475631890452018,0.048258539277982175,0.06463702191457237,0.06565948554060966,44099824.0,0.05370214177848493,0,0,-1,0.0,0,19.9685352622062,0.025218451534323078,0.006829268292682955,-0.6361025252658007,0.4391236848592126,1.026080912842743,-0.07036346691519113,0.259469696969697,1.5990091073273904,0.06115288220551391,0.0
2026-03-31,19.32,19.95,-0.03701384774748111,0.008670574551133577,-0.01606668403964705,-0.26357638923781457,-0.03208831455150051,20.749,20.0345,19.046666666666667,1,31,3,20.425629782506395,19.69494852642876,43.88560157790928,0.5389642022950021,0.6897849127972776,23.845809900532263,16.22319009946774,0.04718116563053684,0.06451739824121963,0.06587507386720941,43976847.0,-0.37493671133917433,0,0,-1,0.0,0,19.9685352622062,0.02172336021773428,-0.003007518796992417,-0.9738848174774406,0.15959028737724704,1.024181945899099,-0.12776523702031595,0.2635709614126882,0.9457499428929331,0.08850931677018638,0.0
2026-04-01,19.57,19.32,-0.0327060321320876,0.002347362691303762,0.004171017517338104,0.2878934717533243,0.012856952623613013,20.660000000000004,20.244,19.030333333333335,2,1,4,20.270060731141594,19.686887331175292,44.05113077679449,0.43412801797596146,0.6386535338330144,23.378610863114975,17.109389136885024,0.04746730948601019,0.06449215526015903,0.06435705461672889,44140851.0,-0.4300374301199362,0,0,-1,0.0,0,19.9685352622062,0.023303699501836767,-0.0036231884057971162,-0.47946687634042595,0.3253643699049799,1.0237812259976813,-0.09230055658627079,0.27243172951885564,1.1271466594491681,0.08579458354624435,0.0
2026-04-02,19.68,19.57,0.011363758650315003,-0.04396903738212322,-0.0311782189286493,-0.3408242700056938,0.005605110216122535,20.512999999999998,20.4745,19.043,3,2,4,20.16277696184312,19.6864429872285,44.911937377690805,0.3558190072647385,0.5820866285193592,22.482782586532316,18.46621741346768,0.045826187011391545,0.06403006883173275,0.06393684167510759,44257488.0,-0.7912233122250533,0,0,-1,0.0,0,19.9685352622062,0.010046363258353574,-0.005109862033725162,-0.9197747267798149,0.3696500857733488,1.0164458313546774,-0.07692307692307698,0.30590577305905775,0.5201016103537014,0.06961382113821143,0.0
2026-04-06,19.96,19.68,0.022347298691996618,0.03922071315328133,0.02805158792921752,0.1055868333161988,0.014127379259210709,20.547,20.5825,19.14,0,6,4,20.125908423326187,19.70409182676215,40.674394099051625,0.3127470586190242,0.5282187145392923,22.174332773550002,18.990667226449997,0.03972411292854362,0.05077575672050089,0.05986223403791901,44387114.0,-0.7821173308446707,0,0,-1,0.0,0,19.9685352622062,0.003464865823566834,0.011686991869918721,-0.7289366926473332,0.35382950988563777,0.8060401494813717,-0.02634146341463406,0.12134831460674156,-0.5402990737171313,0.08216432865731466,0.0
2026-04-07,19.1,19.96,-0.012636003357084376,-0.020050638817725546,-0.026442577123516733,0.31452565681569783,-0.044041935830733715,20.311,20.512999999999998,19.25633333333333,1,7,4,19.93937961908506,19.665118160519434,41.28342245989304,0.20683317225991615,0.46394160608341706,22.237670525362205,18.78832947463779,0.025926045444159322,0.038936263951513075,0.058136240804218524,44209577.0,-1.6385738368239862,0,0,-1,0.0,0,19.9685352622062,0.018994448623926463,-0.015030060120240515,-0.040093345736811906,0.427756820416491,0.6180940283860361,-0.04260651629072676,-0.06783796974133705,-0.6461252968860371,0.09042408376963351,0.0
2026-04-08,19.75,19.1,0.018145659168054058,-0.017172071672882754,0.03682688642923319,-0.7646126116552033,0.033465156294546695,20.070999999999998,20.5035,19.384666666666664,2,8,4,19.90494696106959,19.670594408227856,46.35149023638232,0.1733469858274539,0.40582268203222444,22.243485178400423,18.763514821599575,0.02628009718141838,0.03933456793251641,0.058298694513836756,44292223.0,-0.8660993315962553,0,0,-1,0.0,0,19.9685352622062,0.0066399612402665426,0.048167539267015606,-1.2331668728584613,0.4561925920182613,0.6244169080656871,0.02225672877846785,-0.00952858575727189,-1.4558766871649784,0.03443037974683543,0.0
2026-04-09,17.47,19.75,-0.041300797106609145,0.004088437325768025,-0.11800904259898728,0.9682804901091189,-0.12266836720116572,19.662,20.348999999999997,19.40233333333333,3,9,4,19.462229331784208,19.528620575438964,33.745583038869256,-0.03674443642963254,0.317309258339853,22.55437047848404,18.143629521515955,0.042262297358951414,0.04631539589579143,0.06150694359723515,44074582.0,-2.6108991918482585,0,0,-1,0.0,0,19.9685352622062,0.031039206949775883,-0.027341772151898692,0.7257559309779867,0.9519866614152386,0.7352341164825944,-0.10730710270822696,-0.15029182879377434,-1.2112224127630336,0.16697767601602756,0.0
2026-04-10,17.73,17.47,-0.06062462181643497,-0.02018536436794282,0.02270454459670294,-0.19460672699623763,0.014772995940151473,19.303,20.1965,19.39966666666667,4,10,4,19.147278544187078,19.412580538313872,40.59701492537313,-0.18018649732701064,0.2178101072064803,22.680582166621473,17.712417833378527,0.04364489286936753,0.046409225350686936,0.06087091050825769,44253735.0,-1.9858441344189635,0,0,-1,0.0,0,19.9685352622062,0.024733243051248625,0.03491700057240982,0.19408847917915822,0.9703537104983878,0.736723612902432,-0.09908536585365846,-0.14677574590952847,-1.2456666474786058,0.11956570783981939,0.0
2026-04-13,18.17,17.73,-0.013923923088981435,-0.06819631834732837,-0.020092440368777702,-0.7189813687377912,0.024513762321963416,19.07,20.069,19.441666666666666,0,13,4,18.96959153615306,19.332414051971043,30.982658959537574,-0.255416755895304,0.12316473458612345,22.697514889879127,17.44048511012087,0.04481851778576524,0.04694460889048354,0.0601977132824202,44341027.0,-1.4449223835953406,0,0,-1,0.0,0,19.9685352622062,0.026489840555097885,0.005640157924421764,-1.2221257587832277,0.9958282903239177,0.7452225631164676,-0.08967935871743482,-0.12306949806949796,-1.240985297829151,0.06439185470555871,0.0
2026-04-14,18.01,18.17,0.043890752738448086,0.014016401973535562,0.03194795382420137,0.1935763175657369,-0.008844723220215159,18.875999999999998,19.883000000000003,19.514000000000003,1,14,4,18.795120347761593,19.24709701636001,24.507389162561594,-0.32421064217080087,0.033689659234738586,22.542909772905933,17.223090227094072,0.04447417185593961,0.04517629398331269,0.05890357329099473,44235091.0,-1.4083184467973608,0,0,-1,0.0,0,19.9685352622062,0.02667935288715228,0.025316455696202382,-0.8175527190480892,0.9685310672785578,0.7171514342123335,-0.0570680628272251,-0.17119190059825118,-1.8800086356686085,0.048306496390894,0.0
2026-04-15,17.75,18.01,-0.033846025425632184,-0.0238364481545113,-0.010725476793536665,0.31560060329148215,-0.014541643266440007,18.719,19.734,19.596000000000004,2,15,4,18.605098466350395,19.150510112078717,25.545571245186153,-0.3951550186866939,-0.05207927634954792,22.524777292214004,16.943222707786,0.04384332842204927,0.04433473814340049,0.05853648993062479,44089844.0,-1.421826102380272,0,0,-1,0.0,0,19.9685352622062,0.028493364880080658,0.0,-0.12960263793640042,0.8870842324175232,0.703792149411643,-0.10126582278481011,-0.1437530149541727,-1.7741013472350775,0.034929577464788586,0.0
2026-04-16,17.94,17.75,-0.011728701889825348,0.014153747438093984,0.004530019071749897,-0.33371797268338166,0.010647340709225375,18.556000000000004,19.608,19.681333333333335,3,16,4,18.484171472468503,19.072412685492992,28.165374677002603,-0.4310783334078465,-0.12787908776120765,22.486922312986405,16.729077687013596,0.04373293488331498,0.04447610374353157,0.05854114870631151,44193878.0,-1.1587669403067191,0,0,-1,0.0,0,19.9685352622062,0.027890572145576286,0.0028169014084507443,-0.8439555146336222,0.26209104671895245,0.7060362587429605,0.026903262736119204,-0.12316715542521994,-0.22733833510706614,0.04459308807134898,0.0
2026-04-17,17.83,17.94,0.010617590664402111,0.0,0.0022573373016498643,0.7602228158708747,-0.006150424755601201,18.371000000000002,19.442,19.773333333333333,4,17,4,18.365231204746955,18.99225702836441,31.00995732574681,-0.46308573572888534,-0.1949204173547432,22.329407141364108,16.554592858635893,0.04349097319858929,0.04350398358301526,0.05837477260659102,43971375.0,-1.1165727042140923,0,0,-1,0.0,0,19.9685352622062,0.03299636685819996,0.0027870680044591502,1.1493065800015791,0.25675981420458016,0.6906043296077703,0.005640157924421851,-0.15697399527186762,0.8586064982564865,0.04262478968031417,0.0
2026-04-20,18.2,17.83,-0.010617590664402122,0.033225647628320386,0.0033764804166060906,-0.08881276996746715,0.02053916220770058,18.195,19.371,19.78666666666667,0,20,4,18.335189167520234,18.94114367169574,37.226277372262786,-0.4533697605020208,-0.24661028598419876,22.309362594514596,16.4326374054854,0.043923628485243775,0.04112621159924967,0.048383198440407796,44174969.0,-0.7970425448418446,0,0,-1,0.0,0,19.9685352622062,0.03755178881036458,-0.0016825574873806834,0.7514222387258279,0.23383087602651503,0.6528583695470075,0.00165107319757829,-0.07237512742099905,0.6722070773761504,0.07280219780219777,0.0
2026-04-21,17.98,18.2,0.022772436441477143,-0.04327598348182173,0.002244669853823728,-0.9517179480482835,-0.012161565039275408,18.083000000000002,19.197,19.703,1,21,4,18.27060931888019,18.879134402554083,39.59627329192548,-0.45814077979149204,-0.28891638474565745,22.02456432287586,16.369435677124137,0.0422558203216656,0.03426358602949012,0.039353546555654144,44096366.0,-0.8608115402745011,0,0,-1,0.0,0,19.9685352622062,0.03287045902773893,0.0005494505494506353,-1.266207279686726,0.24296850343481133,0.5439175659557872,-0.0016657412548585215,-0.16216216216216217,0.6777292082104962,0.026418242491657477,0.0
2026-04-22,17.96,17.98,-0.011599135843351918,0.017589413026667486,-0.0016830298502931238,0.16382527786825404,-0.0011129661694206081,17.904000000000003,18.9875,19.637,2,22,4,18.21413489726561,18.81983540884092,37.03703703703706,-0.4582532219152462,-0.3227837521795752,21.49680793562486,16.47819206437514,0.040036188015627874,0.032983856318388224,0.03910883267579315,44003771.0,-0.8189509030856631,0,0,-1,0.0,0,19.9685352622062,0.03699185881644286,0.0011123470522802878,-1.1514133933586395,0.2101139254768221,0.5236024865900504,0.01183098591549303,-0.18916478555304728,0.5382864222644186,0.04621380846325177,0.0
2026-04-23,17.5,17.96,-0.0022246950221110513,-0.03493805136128046,-0.03485071348216287,-0.10776935202162616,-0.025946181944585277,17.907000000000004,18.7845,19.535000000000004,3,23,4,18.08429218867186,18.734684737302796,33.384146341463435,-0.4898142153522045,-0.3561898448141011,21.06391335943227,16.505086640567733,0.016695269160230074,0.03295727173252864,0.0387868436526731,43920636.0,-1.1270443727853994,0,0,-1,0.0,0,19.9685352622062,0.04152209173692416,0.0,-1.2236988916049623,0.2696936342935578,0.5231804693726977,-0.024526198439241975,-0.18831168831168832,0.6339977314822306,0.045714285714285756,0.0
