date,close,YesterdayClose,YesterdayOpenLogR,YesterdayHighLogR,YesterdayLowLogR,YesterdayVolumeLogR,YesterdayCloseLogR,MA10,MA20,MA30,DayOfWeek,DayOfMonth,MonthNumber,EMA10,EMA30,RSI,MACD,MACD_Signal,BollingerUpper,BollingerLower,Volatility_10,Volatility_20,Volatility_30,OBV,ZScore,insider_shares,insider_amount,insider_buy_flag,sentiment,num_articles,fear_greed,fear_greed_correlation,overnight_gap,abnormal_vol,volatility_5d,volatility_20d,momentum_5d,momentum_20d,skew_5d,intraday_range,sentiment_change
2022-05-10,7.93,8.55,0.04701218199705469,-0.015573173462970033,-0.04565876332086898,-1.2489639618302648,-0.07527824730191239,9.466,10.2215,10.652666666666667,1,10,5,9.264213230502454,10.35624677760182,10.275689223057697,-0.7706504234102844,-0.5364876098396876,12.235997717206812,8.207002282793189,0.038408137694713074,0.029641624974817076,0.028447004509449935,-2077354.0,-2.2750087830104513,6200.0,51460.00000000001,1,0.0,0,7.0,0.22898648874005217,0.018713450292397675,0.049729859147349335,0.6908677699840231,0.4705462088352432,-0.2171767028627839,-0.27909090909090917,1.3609220653207088,0.12610340479192939,0.0
2022-05-11,8.45,7.93,-0.08253336898598844,-0.03421086191631638,0.0018921481520379623,0.0486711243148194,0.06351340572232572,9.293000000000001,10.0895,10.533999999999999,2,11,5,9.11617446132019,10.233263114530734,20.66666666666667,-0.7923736554533143,-0.587664818962413,12.207686662417165,7.971313337582833,0.048202368865123295,0.03446988530451723,0.0317717691527868,-1025248.0,-1.5480222107801274,0.0,0.0,-1,0.0,0,4.028571428571429,0.1789272611879264,0.011349306431273626,0.07252918392513885,1.0686163082169369,0.5471924654200352,-0.13863404689092773,-0.2380522993688008,0.8186100947820405,0.08106508875739642,0.0
2022-05-12,8.48,8.45,0.05222801949065929,0.006936443996657169,0.02637868173165717,-0.051388046183690715,0.0035440084347293315,9.101,9.9595,10.418333333333333,3,12,5,9.000506377443791,10.12014936520617,21.917808219178127,-0.7979702200972465,-0.6297258991893797,12.1399535983911,7.7790464016089,0.04689938035500259,0.034565866111962065,0.03186706316426404,-25842.0,-1.3570570830690316,0.0,0.0,-1,0.0,0,3.0,0.15635752442419987,0.0,-0.026449841449368867,0.9634603427273267,0.5487161135028404,-0.05882352941176461,-0.23465703971119134,0.0180645063827081,0.06284198113207544,0.0
2022-05-13,9.8,8.48,0.00824989947214184,0.12543418239190324,0.04473083067726829,0.1013169544461921,0.14467193587271454,9.065000000000001,9.897,10.341333333333333,4,13,5,9.145868854272193,10.099494567450934,41.45454545454546,-0.6879621699453704,-0.6413731533405779,12.016653397684545,7.777346602315456,0.07238895647183846,0.05114154027957049,0.04391168180643019,1080128.0,-0.09152439743776963,0.0,0.0,-1,0.0,0,11.0,0.03934065972501862,0.004716981132075371,0.06503719162579892,1.33272093743325,0.8118467834672172,0.17224880382775143,-0.1131221719457014,0.3588087002374485,0.13471428571428568,0.0
2022-05-16,9.67,9.8,0.139966044835302,0.004056800695614469,0.11832802250804897,-0.3258858671670638,-0.013354076211323326,9.019000000000002,9.8255,10.263666666666667,0,16,5,9.241165426222702,10.071785240518615,42.30055658627088,-0.6043038723056355,-0.6339592971335895,11.86941239898795,7.781587601012049,0.07248813195121076,0.051125796297951914,0.04392802423682258,281742.0,-0.15215916306099636,0.0,0.0,-1,0.0,0,11.0,0.0003876052618619822,0.0,-0.29733516792742376,1.377349466049237,0.8115968555071649,0.13099415204678344,-0.12882882882882885,0.6705252125009006,0.029989658738366176,0.0
2022-05-17,10.23,9.67,0.010152371464017908,0.03578910785158529,0.022681384681924835,-0.7508192623636953,0.05629627049833223,9.029,9.783,10.215666666666666,1,17,5,9.420953530545846,10.081992644356124,50.44404973357017,-0.4872006035302814,-0.6046075584129278,11.751019041414045,7.814980958585954,0.07496801978898565,0.05307044462107413,0.04525225323753245,658564.0,0.45426389744565293,0.0,0.0,-1,0.0,0,15.2,0.024599487537779168,0.023784901758014523,-0.7496580647428412,1.0516130621864572,0.8424671906099258,0.29003783102143776,-0.0767148014440433,0.8964988894095035,0.04203323558162265,0.0
2022-05-18,10.1,10.23,0.01901007722497336,0.028875923501854542,0.01617831039647527,0.048350046516175825,-0.012789156116321447,9.058,9.733,10.164666666666667,2,18,5,9.544416524992055,10.083154409236375,47.292418772563174,-0.40027125501933014,-0.5637402977342083,11.6087858703964,7.857214129603601,0.07422190617215746,0.05310496738122969,0.04528401719377458,263075.0,0.3913026596393361,0.0,0.0,-1,0.0,0,6.0,0.011911771272356235,-0.01368523949169116,-0.6771100418253613,1.13993828090145,0.8430152224375846,0.19526627218934922,-0.09009009009009006,1.4814516949026033,0.05643564356435629,0.0
2022-05-19,9.85,10.1,-0.005964232391673439,-0.029852963149681045,-0.014141649814671853,0.04982884435566367,-0.025063968663216276,9.142,9.671,10.124666666666666,3,19,5,9.599977156811681,10.06811218928564,47.207207207207205,-0.3475457397469981,-0.5205013861367663,11.436671484017769,7.90532851598223,0.06881132929973292,0.05331295273623552,0.044628926506520575,-152620.0,0.20275572395006053,0.0,0.0,-1,0.0,0,13.714285714285714,0.031138801092642943,-0.006930693069306959,-0.6391914550987966,1.2097537448677165,0.8463168875917181,0.16155660377358472,-0.11181244364292153,1.4157862053656505,0.0406091370558376,0.0
2022-05-20,9.75,9.85,-0.0009975063171254136,-0.0058823699030665245,-0.032569433410962356,0.044702019273500405,-0.010204170174241623,9.281,9.6115,10.095333333333334,4,20,5,9.627254037391374,10.047588822234955,46.61921708185053,-0.31025314812625915,-0.4784517385346649,11.274322900972868,7.948677099027132,0.06303881613754869,0.053288582709811946,0.04416040961388363,-587319.0,0.1665841863483698,0.0,0.0,-1,0.0,0,12.657142857142858,0.04340991573616854,0.01725888324873096,-0.6195052689918659,0.5268052745319575,0.8459300254155531,-0.005102040816326592,-0.10877513711151732,2.068806999546328,0.06717948717948712,0.0
2022-05-23,9.93,9.75,-0.018127384592556604,-0.013363227812167141,0.00889359772567764,-0.31977908871447297,0.018293193047325483,9.419,9.571000000000002,10.056333333333333,0,23,5,9.682298757865668,10.040002446606893,48.27586206896551,-0.26314068291768855,-0.43538952741126963,11.155715149565681,7.986284850434322,0.06301170795973918,0.053419432327947915,0.04347682675754019,-271593.0,0.45307827100458853,0.0,0.0,-1,0.0,0,17.885714285714283,0.03859015479871105,0.009230769230769216,-0.7062928852966641,0.5268765102197667,0.8480071987079663,0.026887280248190315,-0.07541899441340782,1.1995331130962816,0.04380664652567981,0.0
2022-05-24,10.0,9.93,0.011116840106339393,0.01139472323949481,0.019598358068628446,1.3002284090137226,0.0070246149369644385,9.626000000000001,9.546000000000001,10.023,1,24,5,9.74006262007191,10.037421643599997,51.7117117117117,-0.21764640752159892,-0.3918409034333355,11.084097252417596,8.007902747582406,0.054997934089238504,0.05325171275718133,0.043496870230779104,887164.0,0.5903397841539575,0.0,0.0,-1,0.0,0,16.0,0.033312038264893935,0.002014098690835808,0.17761363915852912,0.2715034744676029,0.845344733062485,-0.022482893450635477,-0.04761904761904767,0.36033680115431516,0.03600000000000012,0.0
2022-05-25,10.41,10.0,0.005012541823544414,0.02625333083742451,0.010162689092201837,-0.5941788793861916,0.04018178963283176,9.822,9.557500000000001,10.000333333333334,2,25,5,9.861869416422472,10.061458956916127,63.56589147286821,-0.146815890815013,-0.34283590090967103,11.118820291494156,7.996179708505845,0.05349891760515721,0.053576160883724966,0.04417659448087258,1526816.0,1.0920244931732381,0.0,0.0,-1,0.0,0,17.571428571428573,0.02413595042727297,0.0,-0.35356452983328385,0.4037469852529442,0.8504951873995367,0.03069306930693072,0.022593320235756442,0.22845076764924824,0.05091258405379437,0.0
2022-05-26,10.85,10.41,0.04592893188839995,0.046868933991538124,0.05698987924782482,0.12410741653436715,0.04139819735959097,10.059,9.58,9.992666666666668,3,26,5,10.041529522527476,10.112332572598957,75.15151515151513,-0.054549065579770684,-0.28517853384369096,11.204146739546266,7.9558532604537335,0.05339406861928186,0.05416103771512795,0.044883792238187954,2250990.0,1.563898099939906,0.0,0.0,-1,0.0,0,24.11428571428572,0.023830166720553513,0.005763688760806964,-0.14554119203494653,0.356354447515103,0.8597798192605112,0.10152284263959399,0.043269230769230616,-0.28086395767684624,0.04147465437788012,0.0
2022-05-27,11.05,10.85,0.038412216545351076,0.025317807984289786,0.03288224853588998,-0.16886983658892102,0.018265347977293404,10.184000000000001,9.624500000000001,9.992666666666667,4,27,5,10.224887791158844,10.172827245334508,75.20161290322578,0.03431581533764039,-0.22127966400742471,11.360478110461024,7.8885218895389775,0.028009999054687224,0.053884642571694334,0.04500161499575184,2862641.0,1.6423018140723327,0.0,0.0,-1,0.0,0,29.542857142857144,0.0219492416488778,0.0027649769585254506,-0.3157345280975467,0.24608992770584331,0.8553921823818429,0.1333333333333333,0.08759842519685046,0.1813627958308605,0.03438914027149312,0.0
2022-05-31,10.95,11.05,0.019117559934479084,-0.0013401833589558679,-0.023376473536189154,1.8992475293765783,-0.009090971701252075,10.312,9.6655,9.987666666666666,1,31,5,10.356726374584508,10.222967423054863,84.00900900900896,0.09557102613803004,-0.15790952597833377,11.488308417337274,7.8426915826627255,0.027609262052413073,0.053952484973467184,0.0450326793835908,-1223717.0,1.4093636915242842,0.0,0.0,-1,0.0,0,40.057142857142864,0.023281237785253893,0.003619909502262366,3.0927392239972673,0.3505775775320146,0.8564691471224606,0.10271903323262843,0.08094768015794651,-0.23357112975364255,0.05616438356164386,0.0
2022-06-01,11.42,10.95,-0.014532499173828468,0.026032795949327357,0.00754009227328786,-1.3303255426248466,0.04202674796535434,10.431,9.73,9.998999999999999,2,1,6,10.550048851932779,10.300195331244872,83.82687927107058,0.17996674940172142,-0.09033427090232274,11.706802308886978,7.753197691113022,0.02519193885354442,0.05458284548485118,0.045689398812176235,-143320.0,1.70983207820264,0.0,0.0,-1,0.0,0,40.0,0.026305929617145597,-0.0018264840182648013,0.06552597289479342,0.3598576062091056,0.8664758100190859,0.1419999999999999,0.12734452122408668,-1.3536787654554832,0.07267950963222418,0.0
2022-06-02,12.01,11.42,0.051704920545343994,0.06736553182757593,0.07765633057835712,-0.3096352207954328,0.05037343186402801,10.622,9.84,10.029333333333334,3,2,6,10.815494515217727,10.410505309874235,85.65656565656562,0.29110337874618963,-0.014046740972620271,12.064826427292429,7.615173572707571,0.026550015774288994,0.054628120146106254,0.04658056964613695,649383.0,1.950713973351034,0.0,0.0,-1,0.0,0,44.82857142857143,0.034096055792403775,0.007880910683012247,-0.24297947259150793,0.39228264687492537,0.8671945229853276,0.15369836695485106,0.2242609582059123,-1.143266024120357,0.06411323896752702,0.0
2022-06-03,11.74,12.01,0.03751505564372827,-0.018907262782332297,-0.003481291592511891,-0.35758742933822985,-0.022737821691941704,10.811,9.9765,10.050999999999998,4,3,6,10.983586421541776,10.496279160850092,74.87179487179483,0.3533203575346331,0.0594266787288304,12.318800039210192,7.634199960789807,0.026152443819304882,0.050791657896226396,0.04681931951224466,94997.0,1.5057848870588246,0.0,0.0,-1,0.0,0,35.45714285714286,0.03294006930629825,-0.004995836802664488,-0.4928766009066587,0.5088821970497313,0.8062925728205109,0.08202764976958532,0.30299667036625966,-0.14524924420704793,0.04940374787052811,0.0
2022-06-06,11.48,11.74,0.012474174225175818,0.03345885342264318,-0.014932205422984473,0.9975913655713765,-0.02239542350853005,10.984,10.1325,10.068999999999999,0,6,6,11.073843435806907,10.559745021440408,72.45657568238212,0.37729867017475804,0.12300107701801594,12.436774060820088,7.828225939179912,0.02781013194341628,0.04742108496231418,0.046950088794798964,-1408355.0,1.1695657412559914,0.0,0.0,-1,0.0,0,42.8,0.027794063910415917,0.030664395229982915,0.43257839754990424,0.5753575314495816,0.7527863862668885,0.03891402714932113,0.37320574162679443,0.5451896068965585,0.10104529616724739,0.0
2022-06-07,11.27,11.48,-0.05783924837483121,-0.08715730913144297,-0.054558984250434484,0.05137683753217901,-0.018462062839735557,11.117999999999999,10.2685,10.086666666666666,1,7,6,11.109508265660196,10.605567923282962,64.13043478260866,0.37503326075975885,0.17340751376636454,12.499414610647367,8.037585389352632,0.029916846192323987,0.048043665565086824,0.04695026016697065,-2990963.0,0.8978380393585614,0.0,0.0,-1,0.0,0,45.0,0.029148601033412727,-0.005226480836236977,0.7358140081745891,0.5961626748263879,0.7626695469430632,0.029223744292237397,0.31812865497076004,0.6307229965106224,0.0638864241348714,0.0
2022-06-08,11.77,11.27,-0.022134591146754836,0.04620154429462151,0.04298787161324893,-0.8416545895362422,0.043409593220500434,11.294999999999998,10.4605,10.129,2,8,6,11.229597671903797,10.68069257339374,70.61728395061726,0.40887052391598644,0.22050011579628895,12.49645548498537,8.42454451501463,0.03136542170285818,0.04376151199683594,0.04730430998075614,-2308864.0,1.2863739012539455,0.0,0.0,-1,0.0,0,48.0,0.03993784887248051,-0.008873114463176544,-0.34580501254001367,0.6018042904114341,0.694692466438785,0.030647985989492144,0.4842370744010087,0.621180132151693,0.06711979609175879,0.0
2022-06-09,11.51,11.77,0.06162470085338962,-0.004189365155276994,0.014222461958805617,0.18160684015208886,-0.022337698538394086,11.405,10.6135,10.173333333333334,3,9,6,11.280579913375831,10.73419627833608,70.44334975369458,0.4099809662872076,0.25839628589447267,12.46484119235927,8.76215880764073,0.03230319886347808,0.04342994257506818,0.04711263518234151,-3126798.0,0.9684870662414624,0.0,0.0,-1,0.0,0,47.05714285714286,0.03483458900792116,0.009345794392523468,-0.16571170069828586,0.4666382942574085,0.6894289650446791,-0.04163197335553703,0.36213017751479293,2.2174262309906734,0.05039096437880105,0.0
2022-06-10,11.24,11.51,-0.04387800617205431,-0.03633654722614725,-0.016911840540776893,-0.34341911837879435,-0.0237373782682462,11.443999999999999,10.7515,10.201333333333334,4,10,6,11.2732017473075,10.766828776507946,67.61229314420802,0.3846403616915879,0.28364510105389573,12.323642688046757,9.179357311953243,0.0318176426307661,0.0442629917735919,0.047287801776595216,-3706992.0,0.6214448646603655,0.0,0.0,-1,0.0,0,40.00000000000001,0.031942987099367846,-0.012163336229365818,-0.42793472368735574,0.46857809561095265,0.7026532110997318,-0.04258943781942082,0.32547169811320753,2.212629278507622,0.03069395017793584,0.0
2022-06-13,10.76,11.24,-0.033083034964074026,-0.029602338234933728,-0.048745281873246345,0.46056103839050216,-0.043643289731906745,11.415,10.7995,10.221333333333332,0,13,6,11.179892338706136,10.766388210281628,59.16114790286975,0.32211264741648193,0.291338610326413,12.30659864169185,9.292401358308151,0.03449453111389039,0.031479845010703195,0.047803243947492524,-4626578.0,-0.05241859942977342,0.0,0.0,-1,0.0,0,25.085714285714293,0.03777126765733009,-0.021352313167259804,-0.004795848427444284,0.5259945428807876,0.49972704725506856,-0.06271777003484325,0.09795918367346923,1.7534853946685465,0.05018587360594804,0.0
2022-06-14,10.8,10.76,-0.02298951822469872,-0.01263554717153923,-0.007568626480007617,0.06277047120371695,0.0037105793965357746,11.4,10.856,10.243666666666666,1,14,6,11.11082100439593,10.768556712844104,58.88888888888889,0.272643781275967,0.2875996445163238,12.2664333040818,9.445566695918199,0.034446076473632695,0.031184666800492963,0.04779015454132436,-3647419.0,-0.07940822134295174,0.0,0.0,-1,0.0,0,20.0,0.037236903916882946,-0.0009293680297397572,0.05663153075383853,0.5337077629215089,0.49504123843510006,-0.041703637976929775,0.11685625646328868,1.067627918916331,0.04444444444444448,0.0
2022-06-15,11.49,10.8,0.007414306439227461,0.045280704533156496,0.02677970185950091,0.1532256978117386,0.0619309577304903,11.407,10.919,10.288999999999998,2,15,6,11.179762639960307,10.815101441047712,61.297071129707106,0.285821806023133,0.28724407681768566,12.324251803620582,9.513748196379419,0.03787398587209321,0.031732259635316375,0.049048946405651196,-2506123.0,0.8126657422233343,0.0,0.0,-1,0.0,0,29.0,0.03447510853386949,0.0027777777777777185,0.2096769814374104,0.6579923129856973,0.5037340051990817,-0.023789294817332163,0.12316715542521983,1.4320167420233454,0.061288076588337695,0.0
2022-06-16,11.0,11.49,0.043367229115129864,-0.006968669316093316,0.015067408075999609,-0.09616238143654958,-0.04358181906229384,11.306000000000001,10.964,10.328666666666665,3,16,6,11.147078523603888,10.827030380334957,51.552795031055894,0.25380092163959667,0.28055544578206787,12.315434325759881,9.61256567424012,0.03559823655888503,0.033341276198408897,0.049376467230214376,-3542781.0,0.05327672875225754,0.0,0.0,-1,0.0,0,17.700000000000003,0.04502929229421422,-0.015665796344647494,0.04215768621475787,0.7076501105483585,0.5292763512870419,-0.04430929626411817,0.08910891089108919,1.3724513386260855,0.041818181818181734,0.0
2022-06-17,11.75,11.0,-0.0250684568626181,0.04110167568555199,0.0033550213541644544,0.26661343416754263,0.06595796779179737,11.307,11.059000000000001,10.419999999999998,4,17,6,11.256700610221362,10.88657680741012,56.50557620817843,0.2856500757933542,0.28157437178432515,12.346312991017363,9.771687008982639,0.042440260152209766,0.0354172710982286,0.04787355588206028,-2189387.0,1.0735539916425485,0.0,0.0,-1,0.0,0,16.92857142857143,0.025570609891884068,0.002727272727272669,0.3828856818355059,0.8650486694257878,0.5622317486548101,0.045373665480427094,0.19289340101522856,0.14874211954468197,0.07685957446808513,0.0
2022-06-21,11.95,11.75,0.07591956685207278,0.03947881097378742,0.07289741014559098,-0.1424577674347794,0.01687803778735173,11.354,11.169,10.539666666666667,1,21,6,11.382755044726569,10.955184755319147,59.12408759124088,0.32330226123241346,0.2899199496739428,12.357540015490024,9.980459984509977,0.04188259144185254,0.035146028544047136,0.045298830611138825,-1015691.0,1.3142174261217454,0.0,0.0,-1,0.0,0,19.0,0.021600977141297193,0.012765957446808541,0.11154549572684361,0.7285668134144375,0.5579259065947575,0.1105947955390334,0.2256410256410255,-0.45352480352712665,0.046025104602510525,0.0
2022-06-22,11.5,11.95,-0.006745388139531538,-0.03696519423347159,-0.04752514186284518,-0.16331773159788246,-0.03838424300831522,11.377,11.247499999999999,10.638000000000002,2,22,6,11.404072309321737,10.990334125943718,50.73260073260074,0.31322004456806063,0.29457996865276637,12.289883402541845,10.205116597458153,0.04348578396537706,0.036708032599303164,0.04618179465197251,-2012536.0,0.4844666547534844,0.0,0.0,-1,0.0,0,26.0,0.025378636178452797,-0.010878661087866026,-0.1632041043331902,0.8441367733063979,0.5827219522572485,0.06481481481481466,0.15810674723061435,-0.07795817049485522,0.05652173913043466,0.0
2022-06-23,11.19,11.5,-0.025708356710207037,-0.028003526953754496,-0.02509092199352654,0.36589294457230054,-0.027326513045370517,11.318999999999999,11.306999999999999,10.746666666666668,3,23,6,11.365150071263239,11.003215795237674,42.084942084942085,0.27702206804108087,0.29106838853042927,12.16997161019351,10.444028389806487,0.041735984180703664,0.0375326511186176,0.04404294209256631,-3449788.0,-0.2711560811919712,0.0,0.0,-1,0.0,0,26.742857142857144,0.027640903887754063,0.0017391304347825717,0.3968538724940671,0.7447728306884025,0.5958123654288744,-0.026109660574412552,0.119,1.163192545834337,0.053619302949061635,0.0
2022-06-24,11.21,11.19,-0.015748356968139168,0.0008602151068079291,-0.012785562296971703,2.353672375842259,0.001785714760234753,11.289,11.347,10.838666666666667,4,24,6,11.336940967397195,11.016556711673953,44.624746450304265,0.24710032497246637,0.2822747758188367,12.102362582856031,10.591637417143968,0.04128379552722909,0.03663806614904451,0.04291481516374937,11676064.0,-0.36273970437349634,0.0,0.0,-1,0.0,0,30.85714285714286,0.027366194517465147,0.013404825737265447,4.129997188787834,0.6634247849024173,0.5816112692922343,0.01909090909090927,0.07684918347742564,0.8828861188372059,0.06690454950936663,0.0
2022-06-27,11.17,11.21,-0.00885745383406094,-0.03233134381902886,-0.004606180414897364,-2.967188616557818,-0.0035746240029592455,11.282,11.363,10.928333333333335,0,27,6,11.306588064234068,11.026456278662732,46.70912951167728,0.21765052256859363,0.2693499251687881,12.08693951477497,10.639060485225029,0.04060234178108413,0.035558323284606744,0.04297316223100517,10897873.0,-0.5331937159418401,0.0,0.0,-1,0.0,0,30.0,0.0017784388017562953,0.002676181980374608,-0.3373950351822323,0.3516487395414488,0.5644708826970412,-0.04936170212765956,0.029493087557603603,-0.19684429858516003,0.038495971351835245,0.0
2022-06-28,10.78,11.17,-0.008039346559417253,-0.0053428444104954695,-0.00509142502308771,-0.29388872090091284,-0.035539047600258326,11.284,11.349499999999999,10.961,1,28,6,11.210844779827873,11.010555873587718,44.989775051124745,0.16098585661036324,0.2476771114571031,12.107293889489322,10.591706110510676,0.03975563338545561,0.036258447078731354,0.03382224993121762,10317841.0,-1.5030472214121064,0.0,0.0,-1,0.0,0,28.142857142857142,0.0035344183618338547,-0.0017905102954341606,-0.3985274374856877,0.28913422162430646,0.5755850033743174,-0.09790794979079498,-0.02443438914027163,0.4593986550573839,0.039424860853432185,0.0
2022-06-29,10.85,10.78,-0.03746440882540911,-0.027150989065950745,-0.028714611107365933,0.21867313029377616,0.00647251450561752,11.289,11.3445,11.000333333333334,2,29,6,11.145236638040986,11.000197430130445,39.68609865470853,0.12033991198086014,0.22220967156185453,12.11461209026929,10.57438790973071,0.03978728559874028,0.03623484213010006,0.03367198325839402,11039647.0,-1.2842286369691602,0.0,0.0,-1,0.0,0,26.542857142857144,0.0016207860327622082,-0.003710575139146489,-0.3053232344065234,0.29167354961830827,0.5752102864315842,-0.05652173913043479,-0.0091324200913242,-0.5465151707448046,0.03963133640552993,0.0
2022-06-30,10.84,10.85,-0.003731347612858247,0.0013752007668091596,-0.011044530034898019,0.34478137355541144,-0.000922083974968425,11.224,11.3155,11.020666666666667,3,30,6,11.089739067488079,10.989862112057514,42.04275534441806,0.08632568286109787,0.1950328738217032,12.116695816790184,10.514304183209816,0.03316126593980404,0.03480957542505911,0.03212484215384936,10020687.0,-1.1869757430960812,0.0,0.0,-1,0.0,0,24.0,-0.001811861897763525,-0.013824884792626762,-0.2107854547329038,0.26135806583574456,0.5525848789107114,-0.03127792672028595,-0.05078809106830118,-1.9490848612127079,0.051660516605165935,0.0
2022-07-01,10.61,10.84,0.011152531950475107,0.0022878069919279173,0.011044530034898041,-0.5324722206800078,-0.021446043385608373,11.184999999999999,11.2455,11.037666666666667,4,1,7,11.002513782490245,10.965354879021545,42.44604316546762,0.04034501123893719,0.16409530130515002,12.035769108062484,10.455230891937516,0.031110105922010554,0.03263928254547841,0.032300168521612584,9422403.0,-1.6083128987746111,0.0,0.0,-1,0.0,0,24.0,0.010618200473644217,-0.0018450184501844625,-0.33976476115952875,0.26787515293200037,0.5181325475214427,-0.0535236396074934,-0.1165695253955038,-0.7415805888545745,0.044297832233741646,0.0
2022-07-05,10.09,10.61,-0.0453764043380524,-0.0564059279135521,-0.06403180458625349,0.24878884242516613,-0.05025211826037413,11.019,11.163,11.045666666666666,1,5,7,10.836602185673836,10.908880370697574,42.04275534441806,-0.03762098517431234,0.12375204400925756,12.071558140537421,10.25444185946258,0.021975198324142374,0.03387374697112408,0.03328525433832143,8655121.0,-2.361984230013746,0.0,0.0,-1,0.0,0,22.0,0.013507565235488574,-0.025447690857681393,-0.290313213366936,0.3664392300569602,0.5377290627571305,-0.09668755595344669,-0.14054514480408864,-0.092924694237098,0.05147670961347861,0.0
2022-07-06,10.1,10.09,-0.02944275481670003,-0.014613021845649674,0.0045109191783865524,-0.4441907412876324,0.0009905894816960882,10.834,11.094,11.057333333333332,2,6,7,10.702674515551319,10.85669454032999,41.62679425837319,-0.0974790053251553,0.079505834142375,12.105021369965186,10.082978630034813,0.019872439251616397,0.03372423261741916,0.03321476904351823,9147212.0,-1.966328367587771,0.0,0.0,-1,0.0,0,22.0,0.006371713378190994,-0.004955401387512459,-0.3597464264463404,0.3624774891825261,0.5353555959731038,-0.06307977736549164,-0.12020905923344949,-1.2954049336854616,0.03217821782178211,0.0
2022-07-07,10.74,10.1,0.022649909676883705,0.05952721217038871,0.03339458081564666,-0.028939961916987184,0.061439665233504914,10.758000000000001,11.067499999999999,11.084333333333335,3,7,7,10.70946096726926,10.849165860308702,40.920096852300254,-0.09221131165045726,0.04516240498380855,12.086847056233841,10.048152943766157,0.030666949646417075,0.036929339734245205,0.03496184712717319,9625266.0,-0.6425681969593467,0.0,0.0,-1,0.0,0,27.0,-0.010988958334656879,0.016831683168316826,-0.34568117658132413,0.6574089986339279,0.5862350941117737,-0.010138248847926246,-0.04702750665483579,0.910071793647113,0.05726256983240225,0.0
2022-07-08,10.85,10.74,0.04474806514025187,0.00874574043995743,0.0473886222441436,-0.2709831764967554,0.010189990905749945,10.724,11.0215,11.112666666666666,4,8,7,10.73501351867485,10.849219675772657,47.99999999999999,-0.07825843128822463,0.020478237729401914,11.98908570951783,10.053914290482169,0.03014743049421968,0.03544421791591734,0.03497882036975276,9989844.0,-0.3544905599845255,0.0,0.0,-1,0.0,0,31.342857142857145,-0.008899586890964692,0.0,-0.3755444928045199,0.6626328751570834,0.5626595161241842,0.0009225092250921829,-0.07816482582837725,0.629894838839655,0.019815668202764966,0.0
2022-07-11,10.4,10.85,-0.006539023767056651,-0.0036730987118614618,-0.028932537423232936,0.3670472660314862,-0.04235927383914151,10.643,10.966,11.112333333333334,0,11,7,10.674101969824875,10.82023776120668,30.434782608695656,-0.10233228933732263,-0.004083867683942997,11.94289949922134,9.989100500778658,0.03245189036013095,0.03623629444153604,0.03515483453686558,9463588.0,-1.1587681239495793,0.0,0.0,-1,0.0,0,30.0,-0.00426396188659024,-0.016589861751152048,-0.32011717254551797,0.7184362908591039,0.5752333411608991,-0.01979264844486328,-0.09643788010425713,0.6503862874482753,0.046153846153846025,0.0
2022-07-12,10.21,10.4,-0.039183225571038524,-0.04275962642018278,-0.029298970745618557,-0.469544642443427,-0.018438173970752727,10.547,10.9145,11.091,1,12,7,10.58971979349308,10.780867583064314,24.70930232558142,-0.13518408935485127,-0.030303912018124653,11.938063949098783,9.890936050901217,0.032611672295660026,0.03611134432177897,0.03440765917221222,9134527.0,-1.3765627455329796,0.0,0.0,-1,0.0,0,30.314285714285717,-0.00042488041466793344,-0.013461538461538516,-0.37712846158493063,0.6214899760072524,0.5732498195019095,0.01189296333002976,-0.09163701067615648,0.8560887789802962,0.031831537708129215,0.0
2022-07-13,10.1,10.21,-0.026668247082161294,-0.016945455101573526,-0.031103106057161694,-0.21800121675262052,-0.01083220832936054,10.479,10.881499999999999,11.059333333333335,2,13,7,10.500679831039792,10.736940642221457,27.419354838709694,-0.16815704846425739,-0.0578745393073512,11.966736331283098,9.7962636687169,0.031303989417561136,0.03500756963996314,0.03423817524385671,8869921.0,-1.4402392870058363,0.0,0.0,-1,0.0,0,27.0,-0.0012712172148409912,-0.021547502448579885,-0.3857962333136923,0.6294131171237474,0.5557279396327046,0.0,-0.06133828996282531,1.1040157558940065,0.04544554455445541,0.0
2022-07-14,9.91,10.1,-0.011072080900685677,-0.0317486983145803,-0.01867862983456545,0.0684338970216626,-0.018991075505317048,10.385000000000002,10.837,11.024666666666665,3,14,7,10.393283498123466,10.683589633045878,28.523489932885937,-0.20723093895208855,-0.08774581923629868,12.00605900080722,9.66794099919278,0.031199307685516695,0.035156219473631074,0.03434943928771207,8586573.0,-1.5858908735314783,0.0,0.0,-1,0.0,0,26.0,0.0036181777641014056,-0.02178217821782167,-0.36807515900548177,0.2946216584464554,0.5580876825866035,-0.07728119180633153,-0.08240740740740748,0.058264975482748144,0.03229061553985876,0.0
2022-07-15,10.01,9.91,0.03187520853044882,0.029793663478776978,0.02520061361729841,0.3297156934280724,0.010040244985232505,10.302,10.763,10.977666666666668,4,15,7,10.323595589373745,10.640132237365501,30.392156862745082,-0.2275055717963781,-0.11569776974831457,11.945309960249517,9.580690039750483,0.03169046233640295,0.031588731535973504,0.033352387942028314,8980589.0,-1.2737776476840064,0.0,0.0,-1,0.0,0,33.0,0.009441191668814543,0.029263370332996887,-0.32145904946146997,0.2937794827506675,0.5014555672570157,-0.07741935483870965,-0.12880765883376855,0.04679922052965641,0.037462537462537464,0.0
2022-07-18,10.12,10.01,-0.008862687257845317,0.019380451549662375,0.025571711756124913,-0.05640686062950012,0.01092907053219023,10.253,10.719,10.914666666666667,0,18,7,10.28657820948761,10.606575318825792,33.22683706070285,-0.2320226707849642,-0.1389627499556445,11.929339665244061,9.508660334755938,0.03177639640086551,0.030611446319998653,0.03180875725381159,9352995.0,-0.9898047914991096,0.0,0.0,-1,0.0,0,35.885714285714286,0.013749231213617796,0.009990009990009955,-0.31712618259116254,0.2358483708133354,0.4859416454083187,-0.02692307692307705,-0.08000000000000007,0.41942210470652,0.03162055335968383,0.0
2022-07-19,10.63,10.12,0.021527250099167287,0.021832855830213316,0.014839837954050717,0.3345496748872995,0.04916652849453733,10.306999999999999,10.663,10.877666666666668,1,19,7,10.349018535035317,10.608086588578967,47.692307692307715,-0.19223381476992607,-0.14961696291850082,11.771875200609276,9.554124799390724,0.03177230116562235,0.02860520865882217,0.0331966618170956,9873362.0,-0.05951977279655545,0.0,0.0,-1,0.0,0,39.0,0.025541021694821798,0.020750988142292575,-0.25829187600145165,0.42605240699839436,0.45409360987412967,0.04113614103819785,-0.0953191489361701,1.014639556257724,0.03753527751646293,0.0
2022-07-20,10.82,10.63,0.026744669494344633,0.019526422350355236,0.015391620825613047,0.2826556922125599,0.017716081064478965,10.379000000000001,10.6065,10.855666666666668,2,20,7,10.434651528665258,10.621758421573873,49.55489614243325,-0.14371281572942785,-0.14843613348068624,11.540653712134509,9.672346287865492,0.03194387562745393,0.028639759234640606,0.033195669984349654,10563706.0,0.45709822104578496,0.0,0.0,-1,0.0,0,44.0,0.04278245013952538,-0.001881467544684981,-0.1984512214296247,0.3921141423391551,0.4546420832617476,0.07128712871287135,-0.09456066945606689,0.33365602167097164,0.041589648798521194,0.0
2022-07-21,10.74,10.82,0.009380931833765807,-0.010180559932117493,-0.005780362915499537,-0.3164547352866561,-0.007421184337616816,10.379000000000001,10.5685,10.838000000000001,3,21,7,10.490169432544302,10.629386910504591,48.54651162790699,-0.1104418014871058,-0.14083726708197017,11.406499497550374,9.730500502449626,0.025307793876241522,0.027579316897598936,0.03306431296700183,10060633.0,0.4093081213087264,0.0,0.0,-1,0.0,0,48.2,0.04316267979042665,-0.010166358595194032,-0.24799869651692935,0.33610077316795867,0.4378080830405292,0.08375378405650857,-0.06608695652173913,1.1176780610713888,0.03724394785847303,0.0
2022-07-22,10.55,10.74,0.011142176553241803,0.009259325412796726,0.004819286435948922,-0.08367368285129909,-0.017849229158643024,10.349,10.5365,10.797333333333333,4,22,7,10.501047717536247,10.624265174343005,49.11764705882355,-0.09827286666492263,-0.13232438699856067,11.32179310652637,9.751206893473631,0.025626425748097963,0.027232308352990616,0.03204856576343257,9597941.0,0.03438206674120909,0.0,0.0,-1,0.0,0,42.0,0.03994726675388166,0.00837988826815641,-0.24504199229613938,0.4170342263224321,0.4322994931694408,0.05394605394605412,-0.057193923145665626,0.7582452304183898,0.042654028436018884,0.0
2022-07-25,10.9,10.55,-0.021466059894877803,0.03797924806521647,0.017159620282826284,0.4141858579908714,0.03263692931302253,10.399000000000001,10.521,10.777,0,25,7,10.57358449616602,10.64205451793378,62.538699690402495,-0.059698654292384745,-0.1177992404573255,11.261267377015646,9.780732622984356,0.02382305101717863,0.028378242798432655,0.03250744044215184,10298058.0,1.0239543488406078,0.0,0.0,-1,0.0,0,42.2,0.04920983677539714,0.004739336492890894,0.8197425445554384,0.4462705907404588,0.45049063853797483,0.07707509881422947,-0.027653880463871627,0.030490364414811746,0.06330275229357793,0.0
2022-07-26,11.05,10.9,0.023311078868447146,0.011469027348764819,0.022430846988182134,0.7986249554567307,0.013667638728663835,10.483,10.514999999999999,10.770666666666667,1,26,7,10.660205496863108,10.66837358129289,64.09495548961425,-0.016830554521392926,-0.09760550327013899,11.234780668347138,9.79521933165286,0.02246777568091182,0.02856037217050291,0.032342781264884546,11854056.0,1.4865639590697641,0.0,0.0,-1,0.0,0,42.0,0.04988536539626758,-0.004587155963302818,3.311865800446013,0.32353052281515654,0.45338185268760434,0.03951081843838189,-0.01074306177260509,-0.15855480514012218,0.05248868778280543,0.0
2022-07-27,11.48,11.05,0.023680523665070098,0.0130720815673527,0.003690041087453742,-0.33743465456077326,0.0381759629276584,10.621,10.55,10.794666666666666,2,27,7,10.809259042887998,10.720736576048187,61.70886075949368,0.0512493590259222,-0.06783453081092676,11.3831803368324,9.716819663167602,0.02329398806052675,0.02860235605200635,0.032064184917787154,12964414.0,2.2324098610768726,0.0,0.0,-1,0.0,0,46.62857142857143,0.06295453140489815,0.005429864253393549,1.5845492229748455,0.39154161832547735,0.4540483261447922,0.060998151571164616,0.06493506493506507,-0.1552559456401752,0.06010452961672485,0.0
2022-07-28,11.6,11.48,0.03883983331626396,0.02479819248805705,0.044131429421622244,-0.43615205669399354,0.010398707220898517,10.79,10.5875,10.821333333333333,3,28,7,10.953030125999272,10.777463248561208,61.82965299684543,0.11357693392452184,-0.03155223786383704,11.536934734876187,9.638065265123814,0.020506661904639793,0.02863758179794615,0.0320954630550797,13682282.0,2.132848025898349,0.0,0.0,-1,0.0,0,48.48571428571429,0.06377535902014084,0.006097560975609781,0.3480254923736017,0.35412220275792267,0.4546075175258129,0.08007448789571692,0.06912442396313367,-0.7382727990450888,0.04224137931034485,0.0
2022-07-29,11.55,11.6,0.0008654262764289014,-0.005080451232419064,0.010517187213867678,-0.34951784028024085,-0.004319661144516284,10.944,10.623000000000001,10.823333333333334,4,29,7,11.061570103090313,10.827304329299196,70.75812274368234,0.1571261514784137,0.006183440004613107,11.661138009281876,9.584861990718126,0.02145589183610812,0.028676577436159877,0.02996990079467299,13176165.0,1.7858897212351286,0.0,0.0,-1,0.0,0,52.0,0.058355696452717716,-0.003448275862068892,-0.25031244863867536,0.2794508153567047,0.4552265540913915,0.09478672985782,0.06549815498154987,-0.03448340855230073,0.026839826839826726,0.0
2022-08-01,11.29,11.55,-0.013937507843781624,-0.01798763701785533,-0.01847830842973509,-0.022070721061807692,-0.02276805880623198,11.061,10.657,10.833,0,1,8,11.103102811619346,10.857155662892797,69.01408450704221,0.1687145566676076,0.03868966333721201,11.737040934896719,9.576959065103281,0.02448642967622972,0.028736789038782375,0.029183067756359628,12681096.0,1.1721777935398927,0.0,0.0,-1,0.0,0,59.08571428571429,0.043409038926277135,-0.012987012987013017,-0.2692517612706129,0.3615256902725395,0.45618238365087016,0.035779816513761276,0.06409048067860512,0.1439243651023053,0.027457927369353458,0.0
2022-08-02,11.29,11.29,-0.01324522675002068,-0.010862587801055153,-0.0013330373002654024,1.06741439908426,0.0,11.127,10.717,10.817666666666668,1,2,8,11.137084118597645,10.88508110399649,71.7948717948718,0.17587111849198855,0.06612595436816732,11.797742434868857,9.636257565131144,0.020380262956272287,0.025980798072390707,0.02630593055871152,12681096.0,1.0603821623225698,0.0,0.0,-1,0.0,0,57.0,0.04669839439096422,-0.0035429583702390743,2.3181911577221275,0.3591306395769553,0.4124323833751926,0.021719457013574583,0.11892963330029716,0.7352058876579276,0.017714791851195844,0.0
2022-08-03,11.11,11.29,0.01148930004775571,-0.005695524706345112,-0.014781904092141182,-0.4027312577729781,-0.01607177451003203,11.156,10.7675,10.789666666666667,2,3,8,11.132159733398073,10.899592000512845,72.05882352941177,0.1651149077448011,0.08592374504349407,11.82089301407652,9.71410698592348,0.021028341740134925,0.026423127801148992,0.026215638614697168,11718744.0,0.6502796115469963,0.0,0.0,-1,0.0,0,60.0,0.03725042212662688,0.007971656333038233,0.9002695020861369,0.20697262645743228,0.4194541501339031,-0.03222996515679455,0.10000000000000009,0.02521448888841288,0.027002700270027068,0.0
2022-08-04,10.91,11.11,-0.012378584232639869,-0.012378584232639869,-0.02977091859944435,-0.14640037404295347,-0.01816580380655913,11.173,10.776,10.77,3,4,8,11.091767054598423,10.900263484350726,65.95744680851064,0.13885160977768862,0.096509317990333,11.83120065440303,9.72079934559697,0.02185364222473438,0.023026087233504744,0.025532998353820856,10887453.0,0.2539801305862714,0.0,0.0,-1,0.0,0,61.51428571428571,0.027092764083723422,0.011701170117011772,0.4919102826422402,0.15165391649263166,0.3655278029203969,-0.059482758620689635,0.01582867783985109,0.435758631893954,0.04445462878093487,0.0
2022-08-05,9.98,10.91,-0.050170119428591196,-0.04271435329724788,-0.1240789641131983,1.0805033246612363,-0.08909670952160675,11.116000000000001,10.7325,10.729666666666667,4,5,8,10.889627590125981,10.84089164665068,48.076923076923094,0.04250456311083184,0.08570836701443277,11.845029124396987,9.619970875603013,0.03501810233620354,0.029892075933437325,0.02945746950726481,8438335.0,-1.3527735741891145,0.0,0.0,-1,0.0,0,63.31428571428573,-0.0258885828953322,-0.020164986251145798,3.1558409710167847,0.5226325077193109,0.4745219945480046,-0.1359307359307359,-0.08018433179723494,-1.8481230876913808,0.12725450901803603,0.0
2022-08-08,10.35,9.98,-0.06872563471358117,-0.032557723483431895,0.04628075256400618,-0.9102245290937859,0.03640342938800535,11.061,10.73,10.700999999999999,0,8,8,10.791513482830347,10.809221217834509,45.99999999999998,-0.00394972773198532,0.06777674806514915,11.845894731877308,9.614105268122692,0.0355082679089262,0.029833177012707306,0.030361701106938227,9423943.0,-0.6810678268203918,0.0,0.0,-1,0.0,0,64.0,-0.0020454271505010945,0.0,0.38601389520369356,0.7041628515395078,0.4735870031675542,-0.08325952170062001,-0.004807692307692402,-0.8040005784688475,0.045893719806763426,0.0
2022-08-09,10.75,10.35,0.04026071478776351,0.03718950573347026,0.04230832656724142,-0.14383935641077283,0.03791923486229368,11.031,10.757,10.687000000000001,1,9,8,10.783965576861192,10.805400494103251,49.056603773584904,-0.008391696594797438,0.05254305913315983,11.845719189545294,9.668280810454705,0.03773861797082304,0.03068234788101129,0.031261437572658674,10277506.0,-0.012859146908071384,0.0,0.0,-1,0.0,0,64.0,0.020178675918559163,0.0038647342995169975,0.09258375093215644,0.8069048175711399,0.4870671727963529,-0.04782993799822843,0.05288932419196857,-0.7861579057812483,0.04093023255813949,0.0
2022-08-10,10.74,10.75,0.04700113183373312,0.012856008101533955,0.01766577333027722,-0.6428999329521242,-0.0009306654929531506,10.956999999999999,10.789,10.685666666666666,2,10,8,10.775971835613703,10.801181107386913,50.0,-0.012573960557459074,0.03951965519503605,11.833119372082448,9.744880627917551,0.0349267852716518,0.030527748088806306,0.03059117634674637,9828732.0,-0.09385899986180932,0.0,0.0,-1,0.0,0,65.11428571428571,0.0180247572492678,0.013023255813953541,-0.7062933431099275,0.8054444143014956,0.48461297717885304,-0.03330333033303323,0.06336633663366342,-1.0840585875231454,0.03677839851024221,0.0
2022-08-11,10.93,10.74,-0.008298802814695066,0.002733486895660419,0.017359103505651896,0.19143484646669764,0.01753621310772857,10.89,10.84,10.688333333333333,3,11,8,10.803976956411212,10.809492003684532,55.21978021978021,-0.0005506749378039189,0.03150558916846806,11.799561303271863,9.880438696728136,0.03537944975439366,0.03021144564526135,0.03073690694510561,10372191.0,0.18758572212764824,0.0,0.0,-1,0.0,0,65.0,0.02805653300217211,0.005586592178770996,-0.5601781077502775,0.8109143977295419,0.47959183155064106,0.0018331805682858526,0.10292633703329956,-1.7208873485801186,0.021957913998170195,0.0
2022-08-12,11.41,10.93,0.017439634285355998,0.04013021753612181,0.01385703466142628,-0.5056238184791071,0.04297886168553704,10.876,10.91,10.707333333333334,4,12,8,10.914162964336445,10.848234455059725,56.76392572944298,0.04716615197147078,0.034637701729068604,11.817466107820046,10.002533892179954,0.03867108389670649,0.031413539911132916,0.0317291599109605,10699967.0,1.1019695296414356,0.0,0.0,-1,0.0,0,68.0,0.052479387923126966,0.0054894784995425895,-0.9734583323173958,0.29588621374841234,0.49867448643035855,0.14328657314629245,0.13986013986014,-1.0499759388444785,0.04732690622261167,0.0
2022-08-15,11.77,11.41,0.029585304359506966,0.02843793532053341,0.03515458892647245,0.23745536916813767,0.031063757398201056,10.924,10.9925,10.746,0,15,8,11.069769698093454,10.907703199894582,59.04522613065326,0.11273157303176795,0.05025647598960847,11.897570511937555,10.087429488062444,0.03903398000880119,0.03188245725507259,0.03184864031402079,11115593.0,1.7180981807385265,0.0,0.0,-1,0.0,0,66.0,0.06815512758670485,-0.007887817703768611,-0.8083478618020672,0.28682764943028044,0.5061183184954144,0.13719806763285014,0.16304347826086962,-0.907356844411218,0.04078164825828381,0.0
2022-08-16,12.09,11.77,0.04828524115946212,0.036291782572738136,0.04629855621642599,-0.006125172097962881,0.026824743354516036,11.004,11.0655,10.812666666666669,1,16,8,11.255266116621918,10.983980412804609,57.88113695090439,0.18834286790201027,0.07787375437208884,12.076751959857559,10.054248040142442,0.03959935430130338,0.03065987333051391,0.030488004701784376,11528681.0,2.026201264706192,0.0,0.0,-1,0.0,0,67.0,0.0804964912671241,0.009345794392523468,-0.7965813874468919,0.26623269717110903,0.4867104003676887,0.12465116279069766,0.13734713076199423,-0.617309618658528,0.031430934656741176,0.0
2022-08-17,11.74,12.09,0.00587496444302075,-0.008640251242228073,-0.00891915022913003,-0.2174238739765419,-0.029376850226750854,11.066999999999998,11.111500000000001,10.867333333333333,2,17,8,11.343399549963387,11.032755870043022,51.707317073170735,0.21751590100089402,0.10580218369784988,12.158787725005567,10.064212274994436,0.0406578030279957,0.03155338341155767,0.03115722499734184,11196315.0,1.2002432282812427,0.0,0.0,-1,0.0,0,67.0,0.06481299050170213,-0.011579818031430981,-0.900132242606032,0.44502786194499444,0.5008944331779145,0.09310986964618251,0.08502772643253231,-1.6160455213071752,0.03236797274275971,0.0
2022-08-18,11.83,11.74,-0.019434494228652975,-0.021721823146835798,-0.014611347181063947,-0.07104284273746281,0.007636863590344971,11.159,11.166,10.903666666666668,3,18,8,11.431872359060952,11.084190975201539,53.381642512077285,0.24507293945727682,0.13365633484973527,12.244857095068163,10.087142904931838,0.0397537014590442,0.03143231935464983,0.029187422715616765,11505888.0,1.2309322579151198,0.0,0.0,-1,0.0,0,66.37142857142858,0.06793601422951134,-0.001703577512776795,-0.9120136977419411,0.4515063437734184,0.4989726008541942,0.0823421774931381,0.10148975791433901,-1.2159290516470316,0.024513947590870597,0.0
2022-08-19,11.39,11.83,-0.003418806748785609,-0.013605652055778598,-0.030771658666753774,0.09461602123951293,-0.03790290053120457,11.3,11.208,10.921666666666669,4,19,8,11.42425920286805,11.103920589704666,51.157407407407426,0.228770642641539,0.15267919640809602,12.25068075550223,10.16531924449777,0.02839759694616896,0.032469273770574,0.030088632425931065,11165594.0,0.3491001421855838,0.0,0.0,-1,0.0,0,63.71428571428572,0.05094340833254019,-0.012679628064243479,-0.8351094213167319,0.5029270362680214,0.5154337418868677,-0.0017528483786152238,0.07962085308056865,-0.3195784258332106,0.04214223002633893,0.0
2022-08-22,11.14,11.39,-0.024264621999631208,-0.024264621999631208,-0.009869976938773157,0.044263672216375505,-0.022193542959952794,11.379000000000001,11.219999999999999,10.946333333333333,0,22,8,11.372575711437495,11.106248293594689,48.358862144420144,0.19344809507773775,0.16083297614202438,12.253237120591583,10.186762879408414,0.029116489390848037,0.03223219711022104,0.029315638479518107,10809899.0,-0.1548531279135499,0.0,0.0,-1,0.0,0,60.31428571428573,0.04154336886541416,0.0008779631255487082,-0.7621090157501439,0.4299530578421005,0.5116702665771578,-0.053525913338997366,0.022018348623853212,0.7135330963604278,0.0278276481149013,0.0
2022-08-23,11.36,11.14,-0.019486887673496735,0.0130720815673527,0.004498433136862371,0.35885561463219834,0.01955617879386716,11.440000000000001,11.2355,10.984666666666667,1,23,8,11.37028921844886,11.12261937142729,52.711496746203906,0.18111905530464156,0.16489019197454782,12.267299144060596,10.203700855939404,0.027455119547083635,0.03237864611369638,0.029198789725460954,11319144.0,0.24132603853504989,0.0,0.0,-1,0.0,0,57.42857142857144,0.04541622501478106,0.003590664272890408,-0.40560680376599423,0.39010841187681716,0.5139950724348518,-0.06038047973531846,0.028054298642533837,0.526277410818482,0.03609154929577466,0.0
2022-08-24,11.48,11.36,0.024736243559640565,0.00302572091653689,0.021315194199046934,-0.26157046283066765,0.010507977598415165,11.514,11.2355,11.030666666666667,2,24,8,11.39023663327634,11.145676186173915,56.291390728476834,0.17896816596327625,0.1677057867722935,12.267299144060596,10.203700855939404,0.027379106299331213,0.031274226791820896,0.0290866454368879,11711182.0,0.47392944917124563,0.0,0.0,-1,0.0,0,57.51428571428571,0.04759619305473873,0.008802816901408576,-0.5682987378538782,0.38361661357602783,0.4964629592219489,-0.022146507666098825,0.0,-0.6688375052732487,0.017857142857142863,0.0
2022-08-25,11.47,11.48,0.005221943981151625,-0.0021602946401081944,-0.0035211303985789363,-0.29754421846334245,-0.0008714597501409748,11.568000000000001,11.229,11.082666666666666,3,25,8,11.404739063589732,11.166600303194954,70.63711911357342,0.17444575219481884,0.16905377985679856,12.252737219571902,10.205262780428097,0.027204173879336654,0.031186426529416264,0.028769433962226126,11420039.0,0.47082394855347887,0.0,0.0,-1,0.0,0,58.0,0.0463037069153456,0.0034843205574912146,-0.7143231094419384,0.3715312329972983,0.4950691732657357,-0.030431107354184195,-0.011206896551724022,-0.42419508170354403,0.019180470793374073,0.0
2022-08-26,10.99,11.47,-0.003478264376324697,-0.005638705029086599,-0.04141005687180938,0.19970506794405576,-0.04274916272574931,11.526,11.201,11.115333333333332,4,26,8,11.329331961118871,11.155206735246894,58.602150537634415,0.1306239664537756,0.16136781717619397,12.218383641348817,10.183616358651184,0.027149825128188892,0.03255323171440459,0.030006790314330598,11064541.0,-0.4147894489835965,0.0,0.0,-1,0.0,0,55.0,0.034220014153824876,0.0008718395815169823,-0.5713274765536296,0.39680892254941924,0.5167665329266522,-0.03511852502194912,-0.048484848484848575,-0.5826187684682187,0.05595996360327556,0.0
2022-08-29,10.72,10.99,-0.05459968975830235,-0.05223235837016533,-0.025129288801904882,-0.25828060781144996,-0.024874612772873995,11.421000000000001,11.1725,11.135333333333335,0,29,8,11.21854433182453,11.12712888136,49.58217270194987,0.07326360478824512,0.1437469746986042,12.211099765879126,10.133900234120873,0.024820480945165996,0.03262471544144629,0.030402806749691775,10789962.0,-0.8713654958644794,0.0,0.0,-1,0.0,0,54.0,0.028734183208757817,-0.010919017288444131,-0.6979412804195754,0.403457529593185,0.5179013019138943,-0.037701974865350096,-0.05048715677590776,-0.5048913388691215,0.027985074626865735,0.0
2022-08-30,10.15,10.72,-0.006460567002943906,-0.009208168193862477,-0.04728328876657234,0.6183203674998753,-0.05463745015485965,11.227,11.1155,11.119333333333334,1,30,8,11.02426354422007,11.064088308369032,42.89156626506024,-0.017981847853276278,0.1114012101882281,12.24784688752351,9.983153112476492,0.02480343108234296,0.034556226503099044,0.030641022237346528,10280396.0,-1.7053078180160688,0.0,0.0,-1,0.0,0,49.8,0.01906190377293663,0.007462686567164185,-0.1738969163666657,0.42588545884794343,0.5485630894561155,-0.10651408450704214,-0.10097431355181563,0.12205534361204987,0.06798029556650259,0.0
2022-08-31,9.75,10.15,-0.05813928689554067,-0.04462585896264228,-0.05066939918170441,0.5594929868251239,-0.04020642047804059,11.028,11.047500000000001,11.083666666666666,2,31,8,10.792579263452785,10.979308417506514,36.467889908256886,-0.121174360915969,0.06488609596738869,12.334076444432428,9.760923555567574,0.025569337780908648,0.03534627262497859,0.031199000639927976,9388765.0,-2.0169808107630836,0.0,0.0,-1,0.0,0,52.08571428571429,0.008029896267995672,0.003940886699507305,0.613841488801589,0.3198981820779055,0.5611046828327013,-0.1506968641114983,-0.12241224122412242,0.9976478607427115,0.0736615384615386,0.0
2022-09-01,9.46,9.75,-0.05341319901020678,-0.06475134678579986,-0.038140216019526996,-0.3418539347424915,-0.03019490194596886,10.791,10.975000000000001,11.040999999999999,3,1,9,10.550292124643187,10.881288519602869,26.61870503597123,-0.2237761946725989,0.007153637839391172,12.444600733461114,9.50539926653889,0.024073062989174766,0.03565395488725608,0.031572445524099886,8755304.0,-2.061784490855509,0.0,0.0,-1,0.0,0,49.371428571428574,0.0009040530829356535,-0.009230769230769216,0.1067369823772306,0.17663702162991343,0.5659889873255733,-0.17523975588491714,-0.1329055912007332,-0.28432289627063795,0.04545454545454542,0.0
2022-09-02,9.3,9.46,-0.020921265160639684,0.013316513112460645,-0.0021621630044951256,-0.3004123146132853,-0.017057982904576625,10.581999999999999,10.940999999999999,10.999333333333334,4,2,9,10.322966283798971,10.779269905434942,18.891687657430737,-0.3143756234600126,-0.05715221442048958,12.53382470043497,9.348175299565028,0.02348330889716489,0.03063046232437461,0.03156090896963743,8286218.0,-2.0604903974076643,0.0,0.0,-1,0.0,0,42.457142857142856,-0.007805956761280498,0.0,-0.06532295474670835,0.22283349436047745,0.4862435151193721,-0.15377616014558682,-0.06813627254509014,-0.6385827224613055,0.062354838709677445,0.0
2022-09-06,10.01,9.3,0.001056524134199868,0.02713389535038211,0.024587021544394155,1.225872807965702,0.07357019316791882,10.469,10.924000000000001,10.969666666666665,1,6,9,10.266063323108249,10.72963958895527,26.14678899082567,-0.32513727708593443,-0.11074922695357856,12.550289286106636,9.297710713893366,0.038354025929221124,0.034369981115003,0.03417620666040334,9884459.0,-1.1240312628365567,0.0,0.0,-1,0.0,0,40.0,-0.018129570175436115,0.01827956989247311,3.5384348138244195,0.8167403065726654,0.5456065355777064,-0.06623134328358216,-0.032850241545893666,1.8717267146783576,0.06193806193806186,0.0
2022-09-07,10.09,10.01,0.05445618579605875,0.011822797811056626,0.03832680386617506,-0.35390314816055696,0.007960241038388324,10.342,10.891,10.937666666666667,2,7,9,10.234051809815838,10.68837251870009,29.8288508557457,-0.3234817375952943,-0.1532957290819217,12.558420320829681,9.223579679170319,0.037512218924103904,0.03316603522216793,0.0340990418385866,11006333.0,-0.9607655490265777,0.0,0.0,-1,0.0,0,39.62857142857143,-0.025922395029538317,-0.0009990009990009777,1.8176459769134665,0.73673339595305,0.5264944870311912,-0.005911330049261143,-0.06139534883720932,1.5091778997432634,0.03666997026759177,0.0
2022-09-08,10.18,10.09,-0.0020020026706730793,0.007804917669383915,0.003044142381228052,-0.01237442083391402,0.00888017675685917,10.212,10.863,10.894333333333334,3,8,9,10.22422420803114,10.65557429168718,29.8288508557457,-0.31131877374826544,-0.18490033801519046,12.559648088686062,9.166351911313937,0.03740990763876165,0.033265811831537526,0.03327382674017439,12114410.0,-0.8051168707930896,0.0,0.0,-1,0.0,0,40.0,-0.013509477140621213,-0.010901883052527199,1.5602609289005418,0.6500946756706811,0.5280783916015103,0.04410256410256408,-0.05214152700186225,1.3554835466493413,0.041257367387033395,0.0
2022-09-09,10.23,10.18,0.026694615261044552,-0.0004860267410376531,0.0230355704018236,0.042529983066657215,0.00489956884115848,10.088000000000001,10.828,10.848666666666666,4,9,9,10.225274352025478,10.62811788577188,34.32432432432432,-0.2942529898367958,-0.20677086837951153,12.547554409846056,9.108445590153943,0.03763351187393543,0.03298617200699789,0.03320924650707499,13270630.0,-0.6955290237702162,0.0,0.0,-1,0.0,0,43.0,-0.01182635979253875,0.006876227897838928,1.5056487655318949,0.5590887988400434,0.5236392470071006,0.08139534883720922,-0.06404391582799629,1.6988466020397668,0.018084066471163292,0.0
2022-09-12,10.46,10.23,0.005836592444451377,0.02543933681715513,0.019608471388376337,-0.1199981933670266,0.02223387867324171,10.035,10.7805,10.812333333333333,0,12,9,10.2679517425663,10.617271570560792,40.7608695652174,-0.2591814726430588,-0.217252989232221,12.484779134537831,9.076220865462169,0.037222786915934766,0.03171247841839816,0.03354926931978856,14296107.0,-0.3761120974903124,0.0,0.0,-1,0.0,0,47.0,-0.010367668944608392,0.007820136852394924,1.0464448348405428,0.47558382305227903,0.5034199881155068,0.12473118279569895,-0.0832602979842243,1.976101132780661,0.02390057361376673,0.0
2022-09-13,10.07,10.46,-0.0038872740884017677,-0.0018975337761914996,-0.028059926117808543,0.03839704235828966,-0.037997751906305915,9.97,10.695500000000001,10.771666666666668,1,13,9,10.231960516645152,10.581963727298806,33.24675324675327,-0.2598612643272471,-0.22577464425122623,12.361121110640262,9.02987888935974,0.03819609686981053,0.03140059469963337,0.03395529227803568,13230489.0,-0.7510711721942088,0.0,0.0,-1,0.0,0,36.0,-0.010736060546552014,-0.018164435946462835,1.0425119650906869,0.3596672242581365,0.49846898756857694,0.005994005994006013,-0.1444350042480883,-1.7121858392100329,0.05114200595829183,0.0
2022-09-14,10.02,10.07,-0.023646421966622748,-0.024514565763585704,-0.007516948449299045,0.05406544320484646,-0.004977611073752244,9.956999999999999,10.592,10.729333333333333,2,14,9,10.193422240891488,10.545708002956948,30.687830687830683,-0.261421086708566,-0.2329039327426942,12.146302686771545,9.037697313228456,0.03437408341828982,0.03034713987709532,0.03395103486415603,12105672.0,-0.7360213745600703,0.0,0.0,-1,0.0,0,41.0,-0.007896990698795703,-0.003972194637537331,1.0784557971847575,0.3564645083343138,0.4817459107013128,-0.0069375619425173785,-0.1712158808933003,-1.1985522695921154,0.033433133732535016,0.0
2022-09-15,9.82,10.02,-0.009013581305361524,-0.01717833653508463,-0.016227536621756695,0.33140475510247797,-0.020161973290344193,9.964,10.495999999999999,10.686333333333332,3,15,9,10.125527288002125,10.498888131798434,29.2191435768262,-0.2756184280419802,-0.2414468318025514,11.987666676467697,9.0043333235323,0.03244060612047854,0.03010030953611311,0.03401003730947882,10538888.0,-0.906368709128479,0.0,0.0,-1,0.0,0,40.0,-0.008552354721395105,-0.007984031936127753,1.8651591874923952,0.3637652209431722,0.47782760051172757,-0.03536345776031424,-0.16354344122657583,-0.09901273072593604,0.03258655804480654,0.0
2022-09-16,9.0,9.82,-0.027538711203279723,-0.043507114382010735,-0.09992202502688782,1.8131305147310697,-0.08719654503015513,9.918000000000001,10.3545,10.622666666666667,4,16,9,9.920885962910829,10.402185671682407,26.914153132250576,-0.3490138558326379,-0.2629602366085687,11.850255046087,8.858744953913,0.04136195086082218,0.03415900544398352,0.03694603013360551,935119.0,-1.8111254293187462,0.0,0.0,-1,0.0,0,35.285714285714285,-0.004755451401848268,-0.015274949083503091,4.154404084508905,0.6277117049503397,0.5422574006284914,-0.12023460410557185,-0.23922231614539302,-0.6301292522197458,0.09111111111111114,0.0
2022-09-19,9.36,9.0,-0.0886108504453648,-0.029383016245031344,0.0,-2.55424071042487,0.03922071315328133,9.924000000000001,10.253,10.602,0,19,9,9.81890669692704,10.334947886412575,34.54545454545453,-0.37382208152808083,-0.2851326055924711,11.728256980290123,8.777743019709877,0.04328860237662719,0.035614065793733586,0.034656225872822306,1681824.0,-1.2106365357774946,0.0,0.0,-1,0.0,0,36.31428571428571,-0.005736022808882854,-0.016666666666666705,-0.24530614013876786,0.7165948197042116,0.5653557675966674,-0.10516252390057379,-0.1782265144863917,-0.06297156347645762,0.05769230769230779,0.0
2022-09-20,8.99,9.36,0.03987239124737756,-0.01718624470541079,0.010118130165584686,1.182450234322089,-0.04033244200597174,9.822,10.145500000000002,10.556666666666668,1,20,9,9.66819638839485,10.24817705503112,36.19047619047618,-0.4185143144059573,-0.3118089473551684,11.661387442009502,8.629612557990502,0.03590544183409811,0.036159111547151505,0.03453398062306805,-754195.0,-1.5245195229907582,0.0,0.0,-1,0.0,0,36.114285714285714,-0.00529641815347086,-0.016025641025640875,0.5415489990970601,0.7199502433461089,0.5740081006968413,-0.10724925521350548,-0.19299820466786355,-0.02157129680952714,0.032258064516129135,0.0
2022-09-21,8.62,8.99,-0.010917138995348642,-0.0087051692273309,-0.03645050450982103,-0.300055004575647,-0.04202776380792732,9.675,10.0085,10.485666666666669,2,21,9,9.477615226868513,10.143133374061371,36.450839328537164,-0.4782758721945406,-0.3451023323230429,11.557139810658988,8.459860189341011,0.03651342524645241,0.036082896102863415,0.03419919595082363,-2558743.0,-1.793186498814281,0.0,0.0,-1,0.0,0,27.0,-0.000418954457155094,0.01334816462736365,0.19700346176442238,0.7131094374268759,0.5727982180269497,-0.13972055888223556,-0.24119718309859162,0.7366268628184433,0.061484918793503616,0.0
2022-09-22,8.4,8.62,-0.06344142832319796,-0.05619455834364194,-0.02943120017421781,-0.6048675922481646,-0.025853378826333668,9.497,9.8545,10.407666666666668,3,22,9,9.281685185619693,10.030673156379994,37.07317073170731,-0.5371970257645717,-0.38352127101134864,11.399576731189484,8.309423268810516,0.03561899862718979,0.03573868552034671,0.03434889504956259,-3544291.0,-1.882754390948917,0.0,0.0,-1,0.0,0,24.0,0.0053234056793476595,-0.008120649651971986,-0.22671507336546928,0.709836689937806,0.5673340444270945,-0.14460285132382888,-0.2682926829268293,0.8681968466202036,0.033333333333333465,0.0
2022-09-23,8.41,8.4,-0.0345066954157823,-0.016317378358505292,-0.020519730231176567,-0.15548856322348933,0.0011897681355887508,9.315000000000001,9.7015,10.323666666666668,4,23,9,9.123196970052476,9.926113597903866,38.73417721518987,-0.5764406984959116,-0.42210515650826125,11.177487091656587,8.225512908343411,0.03536633164099814,0.03578419054049942,0.03406110060906999,-2700665.0,-1.7500153047415505,0.0,0.0,-1,0.0,0,21.0,0.004602343491624237,-0.016666666666666732,-0.3136189590031796,0.5420519840580732,0.5680564142274689,-0.06555555555555559,-0.26678291194420234,1.1389430061528922,0.03686087990487521,0.0
2022-09-26,8.12,8.41,0.021557721074979056,0.008774551764156131,-0.019580700704195337,0.3103982134782068,-0.03509131981127017,9.081,9.558,10.214,0,26,9,8.940797520952025,9.809590139974585,23.229461756373937,-0.6237519441002863,-0.4624345140266663,11.064275993442468,8.051724006557532,0.032440246472150006,0.03552800979824557,0.03291816267633029,-3851344.0,-1.90934464369119,0.0,0.0,-1,0.0,0,17.62857142857143,0.011645942239849006,0.003567181926278164,-0.18034971981103992,0.27566871878660937,0.563989671019343,-0.13247863247863256,-0.2611464968152867,1.626657865868044,0.06699507389162568,0.0
2022-09-27,8.01,8.12,-0.03619212859341668,-0.051998567096667524,-0.018957318708229157,1.0734608271881303,-0.013639393093318686,8.875,9.4225,10.088666666666667,1,27,9,8.771561608051655,9.693487550298807,20.786516853932582,-0.6624858038290657,-0.5024447719871462,10.975492018822493,7.869507981177506,0.032270580614234975,0.03544768420440968,0.03193489976049967,-7217640.0,-1.8190692326557905,0.0,0.0,-1,0.0,0,16.514285714285716,0.011939219237356047,0.002463054187192285,0.8578047607732059,0.2682261286705352,0.562714541748123,-0.10901001112347053,-0.2527985074626866,0.5587618869545105,0.03245942571785277,0.0
2022-09-28,8.13,8.01,-0.011118088583976936,0.009160369398664195,0.010088357944340737,0.0437114415606275,0.014870162479451407,8.686,9.3215,9.956666666666667,2,28,9,8.654914042951354,9.5926173857634,21.448467966573844,-0.6757104995843317,-0.5370979175065833,10.936772830140322,7.7062271698596785,0.03401968039069664,0.034739187152400396,0.03148972733849345,-3700935.0,-1.4752925670104804,0.0,0.0,-1,0.0,0,17.0,0.005709732630957303,0.004993757802746682,0.8484583338765664,0.3166275325771922,0.5514674997226892,-0.05684454756380497,-0.19901477832512315,0.29374434755902895,0.031365313653136516,0.0
2022-09-29,8.08,8.13,0.0012414650880649455,-0.016549565581035274,-0.011991308090426924,-0.6588945853297365,-0.006169051026715352,8.511999999999999,9.238,9.834666666666667,3,29,9,8.550384216960198,9.495029167327052,20.055710306406695,-0.6823599278873527,-0.5661503195827372,10.930803342947666,7.545196657052333,0.03430746691021667,0.03407007265188713,0.031357856312058646,-5520559.0,-1.3681447461978455,0.0,0.0,-1,0.0,0,13.257142857142858,0.007049380132172472,-0.008610086100861043,-0.018776843793901894,0.29134542363672294,0.5408456363207773,-0.03809523809523818,-0.17128205128205132,-0.5011136267188665,0.02660891089108909,0.0
2022-09-30,8.01,8.08,0.0,0.003701423103186184,0.008220090547347741,-0.1253167395925349,-0.008701111452736165,8.413,9.1655,9.707333333333333,4,30,9,8.452132541149252,9.399220833951114,14.285714285714292,-0.6853774580063892,-0.5899957472674676,10.940477835295285,7.3905221647047155,0.025701261290562803,0.03371214003142673,0.031147551318371703,-7125863.0,-1.3019880891163595,0.0,0.0,-1,0.0,0,16.45714285714286,0.003470607373320966,-0.0024752475247524224,-0.1517873652073595,0.28081993502878233,0.5351636321216421,-0.04756242568370994,-0.15327695560253707,-0.050933017576585214,0.022471910112359404,0.0
2022-10-03,7.86,8.01,-0.004975134640113955,0.0012307693861328883,-0.01522872070182467,1.2350679744070343,-0.01890415463915261,8.263,9.0935,9.589666666666666,0,3,10,8.344472079122115,9.299916264018785,15.360501567398131,-0.6918968624243647,-0.610375970298847,10.959971763007768,7.227028236992232,0.018333289562108123,0.033740527034198046,0.030822329360684634,-12645881.0,-1.321745149803122,0.0,0.0,-1,0.0,0,20.0,0.008745659381056849,0.001248439450686615,1.5972465836956733,0.20473861623263495,0.5356142618204385,-0.03201970443349744,-0.15483870967741942,1.4696885916931675,0.03944020356234103,0.0
2022-10-04,8.1,7.86,-0.0037476621002397615,0.03860551780936317,0.007643349312568066,0.8124127270529004,0.03007745523727774,8.174000000000001,8.998000000000001,9.488333333333335,1,4,10,8.30002261019082,9.222502311501446,21.59763313609467,-0.6699744942341823,-0.6222956750859141,10.862477914789263,7.133522085210739,0.021879763094233052,0.028938538683747975,0.03170486120255674,-207414.0,-0.963272337931126,0.0,0.0,-1,0.0,0,27.88571428571429,0.014084910073833064,0.016539440203562326,3.1321946955000612,0.31666206928721036,0.4593850599769175,0.011235955056179803,-0.1908091908091908,0.6758796037021714,0.0703703703703703,0.0
2022-10-05,7.56,8.1,-0.007537724131426746,-0.05472489968924649,-0.05142688599819599,-1.7569552395236745,-0.06899287148695143,8.068,8.871500000000001,9.361666666666668,2,5,10,8.16547304470158,9.115244097856191,19.62365591397848,-0.6882407357463283,-0.6354846872179969,10.767071292860248,6.9759287071397535,0.026824397048129587,0.03120520699138473,0.032807921276404174,-2353914.0,-1.3837517005451854,0.0,0.0,-1,0.0,0,29.0,0.01970369079700642,-0.020987654320987648,-0.19580216350278906,0.5538762639683473,0.4953673038569885,-0.07011070110701123,-0.2507433102081269,-0.5707961221635981,0.06812169312169308,0.0
2022-10-06,7.6,7.56,-0.05575001510449183,-0.012578782206860073,0.0020020026706729687,0.0907579796407174,0.005277057100843819,7.988000000000001,8.7425,9.232333333333333,3,6,10,8.062659763846746,9.017486414123534,26.19047619047619,-0.6915178111675662,-0.6466913120079107,10.614137335540612,6.870862664459387,0.026957957414560217,0.03107608937625838,0.03269148755389144,-3488.0,-1.2208561758253182,0.0,0.0,-1,0.0,0,23.142857142857142,0.02569616955284823,-0.007936507936507886,-0.1510034669412677,0.5697350044554349,0.493317625259976,-0.05940594059405946,-0.25343811394891946,-0.7839718267577326,0.052631578947368474,0.0
2022-10-07,7.5,7.6,0.0026631174194836284,-0.03491909232862713,-0.03943406924540701,-0.35891668410014044,-0.013245226750020567,7.897,8.606,9.1,4,7,10,7.960357988601883,8.919584064825242,15.298507462686572,-0.694181983521327,-0.6561894463105941,10.41811594842229,6.7938840515777095,0.026699008784079378,0.030757192908892776,0.032609414697015206,-1645102.0,-1.2206724420288155,0.0,0.0,-1,0.0,0,19.0,0.03377743098196822,-0.010526315789473694,-0.3914916671924718,0.5691457232066911,0.48825530078021756,-0.06367041198501866,-0.2668621700879765,-0.661287261743813,0.05585333333333331,0.0
2022-10-10,7.55,7.5,0.006626929487609078,0.0007992715262469677,0.0273614880111378,-0.12720801863515377,0.006644542718668511,7.840000000000001,8.4605,8.985333333333333,0,10,10,7.885747445219723,8.831223802578453,19.491525423728802,-0.6843697882597839,-0.661825514700432,10.105415291372045,6.815584708627954,0.025845077740513835,0.02993669071455936,0.03235936802067439,-199578.0,-1.107047888454535,0.0,0.0,-1,0.0,0,19.0,0.024812256274456473,0.00933333333333337,-0.4643112666130702,0.5802136282400648,0.47523023224188354,-0.039440203562341014,-0.2782026768642448,-1.2619777206293306,0.029801324503311213,0.0
2022-10-11,7.61,7.55,-0.005298025637555161,0.004573676708569006,0.001348617871293463,0.16880947847175606,0.007915608612661218,7.8,8.337499999999999,8.881666666666668,1,11,10,7.835611546088864,8.752435170154037,25.365853658536622,-0.6640967601972108,-0.6622797637997878,9.83715434613942,6.837845653860577,0.026127149051474,0.02993135322788084,0.03246572367193793,1511770.0,-0.9702235743493965,0.0,0.0,-1,0.0,0,16.0,0.022620906615225762,-0.0026490066225165,-0.3897236348502554,0.5041931374004672,0.4751455022676186,-0.060493827160493785,-0.24428997020854015,-1.8720629589217803,0.0328515111695138,0.0
2022-10-12,7.53,7.61,0.005298025637555194,-0.01048502397162625,-0.002023609459526983,-0.470263107508874,-0.010568130061792235,7.74,8.213,8.794333333333332,2,12,10,7.780045810436343,8.67356838498281,27.22513089005237,-0.647027045786964,-0.6592292201972231,9.526398163864345,6.899601836135654,0.02521083533650936,0.02987403225026461,0.03146668495083791,442455.0,-1.0400501824830368,0.0,0.0,-1,0.0,0,15.942857142857145,0.023293370587620515,-0.005256241787122212,-0.6005346457482684,0.16196680561312227,0.47423555995754074,-0.003968253968253843,-0.24850299401197595,-0.6082592391985262,0.024568393094289456,0.0
2022-10-13,7.67,7.53,-0.02813313470857251,0.01698277262914622,-0.01154511974654186,0.3289640314040533,0.018421573567362595,7.699000000000001,8.105500000000001,8.725,3,13,10,7.760037481266099,8.608822037564563,31.862745098039213,-0.6151117191602822,-0.650405719989835,9.198549331963292,7.01245066803671,0.026521089679590167,0.03068491725279681,0.031342250578899035,1928298.0,-0.7968533299732654,0.0,0.0,-1,0.0,0,19.0,0.018563429890779408,-0.02257636122177954,-0.46140204396313494,0.21279096030935243,0.48710796030897385,0.009210526315789558,-0.21894093686354377,-0.06254224234046417,0.05215123859191649,0.0
2022-10-14,7.39,7.67,0.05163291062447064,0.010950189930710622,0.004770026080180738,-0.19509088957663867,-0.037188880419054486,7.6370000000000005,8.025,8.656,4,14,10,7.692757939217716,8.530188357721688,32.01970443349755,-0.6054331958013686,-0.6414112151521417,9.07704562638706,6.972954373612941,0.028361272307263156,0.026408019077890744,0.03153157587239708,705806.0,-1.2071719782358126,0.0,0.0,-1,0.0,0,16.45714285714286,0.026474102843935608,0.010430247718383322,-0.47760169755350235,0.34215985824066497,0.41921430658768893,-0.014666666666666717,-0.17888888888888888,-1.1268650571016532,0.06089309878213793,0.0
2022-10-17,7.47,7.39,-0.035460051378869706,-0.013544225107757149,0.0101455046762668,-0.1584269134840718,0.01076726418461559,7.598000000000001,7.930499999999999,8.595,0,17,10,7.652256495723586,8.461789108836419,36.50000000000001,-0.5845690171492137,-0.6300427755515561,8.80161483320612,7.05938516679388,0.028617788166635866,0.024249035905108653,0.03165893470135655,1749185.0,-1.0572658906636663,0.0,0.0,-1,0.0,0,23.4,0.02408060717380912,0.012178619756427707,-0.5541517883544952,0.3505509618138688,0.38494151122796133,-0.01059602649006619,-0.20192307692307687,-1.171670494491513,0.03614457831325307,0.0
2022-10-18,7.39,7.47,0.018543577712168885,0.010336009330662073,-0.008786808815074184,-0.36507070065575675,-0.010767264184615554,7.526999999999999,7.850499999999999,8.507666666666667,1,18,10,7.604573496501115,8.39264142439536,31.12244897959181,-0.5679424496337147,-0.6176227103679879,8.596872984223772,7.1041270157762275,0.025810126508482852,0.02329766300856833,0.0274917470517415,1024926.0,-1.2339674927514148,0.0,0.0,-1,0.0,0,28.800000000000004,0.02449198027204883,0.02008032128514061,-0.6369465010779434,0.342357532915397,0.36983893469796403,-0.02890932982917227,-0.17797552836484987,-0.4500995506107249,0.05615696887686063,0.0
2022-10-19,7.37,7.39,-0.036076056473809646,-0.05142860323018994,-0.031026273563100618,0.5493959118039148,-0.0027100287588651298,7.508,7.788000000000001,8.417,2,19,10,7.561923769864548,8.326664558305337,31.606217616580295,-0.5500390995901352,-0.6041059882124173,8.469595651085822,7.106404348914181,0.01590909922464711,0.0221026809317108,0.027323341372816664,-229640.0,-1.2265336474318855,0.0,0.0,-1,0.0,0,29.428571428571427,0.023839920704520054,-0.005412719891745607,-0.4227247600747569,0.3398662359094258,0.35086918231869707,-0.021248339973439556,-0.1450116009280742,-0.8195458427470407,0.033921302578018994,0.0
2022-10-20,7.15,7.37,0.0,0.004724949728653004,-0.01837507530499423,0.001610415320600919,-0.030305349495328922,7.462999999999999,7.725499999999999,8.316,3,20,10,7.487028538980084,8.250750715834025,29.32692307692308,-0.5472938640905749,-0.5927435633880489,8.400012689592428,7.050987310407571,0.017785440892524432,0.02230800466685135,0.02731220349933916,-1486228.0,-1.7064171182538972,0.0,0.0,-1,0.0,0,39.08571428571429,0.02165310775672164,-0.0027137042062415823,-0.4282121838560763,0.3086576080211403,0.35412859556734183,-0.06779661016949146,-0.14880952380952384,0.02486505706163731,0.058041958041958046,0.0
2022-10-21,7.05,7.15,-0.023400930164612473,0.010716780396661957,-0.0633029557092729,2.3156418164253227,-0.014084739881739085,7.417999999999999,7.657500000000001,8.209999999999999,4,21,10,7.407568804620068,8.1732829277157,30.04926108374383,-0.5468832794217988,-0.583571506594799,8.315467364412358,6.999532635587644,0.017824661551008546,0.02224474686592351,0.02714186742158006,-14217253.0,-1.8465961470370822,0.0,0.0,-1,0.0,0,43.0,0.01994311462843589,0.0041958041958041065,2.812495371556624,0.2374269958374408,0.3531244091089024,-0.046008119079837595,-0.16171224732461364,-0.04806064841558972,0.13120567375886522,0.0
2022-10-24,7.22,7.05,-0.011204599012863132,-0.014089464875301128,0.0718257345712556,-2.02648580473302,0.023827336080557503,7.385,7.6125,8.102,0,24,10,7.373465385598236,8.111780803346946,27.551020408163268,-0.5267680546309128,-0.5722108162020217,8.260310076131121,6.964689923868878,0.01993389282163301,0.0225054985601677,0.02721477292724502,-12539331.0,-1.2117749150927228,0.0,0.0,-1,0.0,0,47.0,0.02366053543915693,0.007092198581560258,-0.38291712382240967,0.31455093502781345,0.3572637139303557,-0.03346720214190091,-0.11083743842364524,0.8633980407953805,0.04570637119113575,0.0
2022-10-25,7.49,7.22,0.0167601688574651,0.022713067239233435,0.02099447299625343,0.10532737888436039,0.03671384462439323,7.373,7.586500000000001,8.016,1,25,10,7.394653497307647,8.071665912808433,47.92899408284026,-0.4834667468359921,-0.5544620023288158,8.208357150629984,6.9646428493700165,0.023750724352123238,0.024366050130738236,0.028211452061501666,-10675035.0,-0.310360666922426,0.0,0.0,-1,0.0,0,51.371428571428574,0.02823483297946349,0.0,-0.30655731134021363,0.43684691252721164,0.3867990544731974,0.013531799729364025,-0.0649188514357053,0.19251110783927022,0.04672897196261689,0.0
2022-10-26,7.62,7.49,0.043367229115129864,0.022208620152278348,0.030015895940265786,-0.21876129511982706,0.017207572169426782,7.382,7.561,7.936000000000001,2,26,10,7.435625588706257,8.042526176498212,50.56179775280901,-0.43366125785893406,-0.5303018534348395,8.12846527832585,6.99353472167415,0.024185197216575492,0.02446422446864791,0.028624480252017945,-9177048.0,0.20794223806631298,0.0,0.0,-1,0.0,0,53.8,0.026420578871852566,0.006675567423230951,-0.38191871148842393,0.4435243430608602,0.38835752377262184,0.03392130257801895,-0.0627306273062731,-0.48016182489442827,0.03937007874015746,0.0
2022-10-27,7.8,7.62,0.02747066134539082,0.02425134804512084,0.03304993467255219,0.02595941342227264,0.023347363996991107,7.394999999999999,7.547,7.868666666666667,3,27,10,7.501875481668755,8.026879326401554,58.06451612903225,-0.37533888036569607,-0.49930925882101085,8.07284168119728,7.021158318802719,0.024629476218596538,0.025155016008560824,0.02913373278869546,-7639665.0,0.9622668154565026,0.0,0.0,-1,0.0,0,54.0,0.036226204294800134,0.017060367454068227,-0.36601000341526374,0.3041389599595063,0.3993234995070034,0.09090909090909083,-0.034653465346534684,-1.404319543851079,0.030769230769230684,0.0
2022-10-28,7.94,7.8,0.010269666637456045,0.016260520871780326,0.0,-0.446575906139607,0.01778954156349846,7.45,7.5435,7.833333333333333,4,28,10,7.581534485001708,8.021274208569196,60.000000000000014,-0.3141992526389057,-0.46228725758458983,8.057156653704503,7.029843346295496,0.020921746367520682,0.025455806268743206,0.025655204247273713,-6656024.0,1.5438328196098823,0.0,0.0,-1,0.0,0,57.114285714285714,0.03627885569699143,0.003846153846153878,-0.5141052269236636,0.12806509587882522,0.4040983968584014,0.12624113475177312,-0.008739076154806402,1.445067142118945,0.04659949622166248,0.0
2022-10-31,7.99,7.94,0.007633624855070985,-0.0024844733276620564,0.02186582292356253,0.15429343368593926,0.00627748451913903,7.502,7.55,7.7876666666666665,0,31,10,7.655800942274125,8.019256517693764,59.79381443298969,-0.2587286126519466,-0.42157552859806124,8.083429815834496,7.016570184165504,0.020888369911034297,0.025106039281205826,0.02437493224512643,-5508279.0,1.6497015612509998,0.0,0.0,-1,0.0,0,64.05714285714286,0.03890956291249981,-0.006297229219143666,-0.40973436370376304,0.17983314354157323,0.39854601806333656,0.10664819944598336,0.01653944020356235,0.5457321869719916,0.022528160200250166,0.0
2022-11-01,7.76,7.99,0.03119404515666614,0.013588844061896579,-0.014739132572283258,-0.08666886668671943,-0.029208425583056013,7.539,7.5329999999999995,7.746666666666666,1,1,11,7.674746225497011,8.00253029074578,55.50239234449759,-0.2306678136575817,-0.3833939856099654,8.011466849756555,7.0545331502434445,0.023236406582491376,0.024952307116075552,0.0239244183682478,-6560739.0,0.948864064942005,0.0,0.0,-1,0.0,0,63.0,0.02887292544006452,0.01877346683354197,-0.3671951142050367,0.33526231892524727,0.39610559559865927,0.03604806408544725,-0.041975308641975295,-1.784904849827819,0.05219072164948457,0.0
2022-11-02,7.47,7.76,-0.05686939649689637,-0.03814154106777555,-0.04017662502383142,0.538537391373796,-0.03808733505040142,7.549000000000001,7.528499999999999,7.708333333333333,2,2,11,7.637519639043009,7.968173497794439,45.53571428571428,-0.22918806728128516,-0.3525528019442294,8.007590146445557,7.049409853554442,0.026842909737953367,0.021578329343142983,0.023734243877120753,-8364128.0,-0.24421291247177573,0.0,0.0,-1,0.0,0,55.0,0.014620456152249762,-0.009020618556700954,-0.06707624301417807,0.4403673129902859,0.34254535890122445,-0.019685039370078816,-0.011904761904761862,-0.44521033886235617,0.054216867469879436,0.0
2022-11-03,7.16,7.47,-0.04794526761899258,-0.059748651224885554,-0.03836086787244633,-0.5332901745820675,-0.04238501817217165,7.55,7.5065,7.667,3,3,11,7.550697886489734,7.9160332721302815,44.933920704845825,-0.2501462367325473,-0.33207148890189303,8.011476289177772,7.0015237108222275,0.028560723948758065,0.02339181575042983,0.02439267578320466,-9422125.0,-1.3723416620775932,0.0,0.0,-1,0.0,0,55.51428571428572,-0.02083552788891476,-0.018741633199464484,-0.3322485094001655,0.4287423749775802,0.3713335631392864,-0.08205128205128198,-0.05789473684210522,0.5869626892673583,0.03212290502793289,0.0
2022-11-04,8.84,7.16,0.07108254653075172,0.2168994696722887,0.07815007118290213,0.9719135373791226,0.2107768956769977,7.729000000000001,7.5735,7.681333333333333,4,4,11,7.785116452582509,7.975644028767038,67.70025839793283,-0.12969869158202574,-0.2915969294379196,8.354815355161216,6.792184644838785,0.07871592779688853,0.05783533780654339,0.05011528424568516,-6625842.0,3.241968794376688,0.0,0.0,-1,0.0,0,56.0,0.00865247264711153,0.09916201117318435,0.32193526364844255,1.869707038210812,0.9181075249651539,0.11335012594458438,0.17866666666666675,2.100977193419937,0.16266968325791853,0.0
2022-11-07,9.24,8.84,0.12074349457476695,0.029696280364232715,0.13714150484862236,-0.5003168914742842,0.04425500900404078,7.931,7.6579999999999995,7.718666666666667,0,7,11,8.049640733931144,8.05721538174981,72.0763723150358,-0.0019440771013377045,-0.23366635897060323,8.737329226393658,6.5786707736063414,0.07896175897806994,0.05837073758958689,0.05018607496271777,-4930348.0,2.9314503143510837,0.0,0.0,-1,0.0,0,59.65714285714286,0.027865045244388993,0.004524886877828159,-0.11095401135315161,1.8634259228862262,0.9266067330327402,0.15644555694618267,0.223841059602649,1.793686244883088,0.06241341991341979,0.0
2022-11-08,9.62,9.24,0.05903353158419293,0.03718834273179258,0.04513699582166827,-0.16660374080132412,0.040302379024022325,8.144,7.758500000000001,7.772333333333334,1,8,11,8.335160600489118,8.158040195830468,74.72527472527472,0.1284841146097584,-0.16123626425453091,9.148589357218732,6.368410642781268,0.0790225549255074,0.05873172734531269,0.05046544149338434,-3495053.0,2.6782450931420074,0.0,0.0,-1,0.0,0,57.0,0.009884011108919594,0.01948051948051945,-0.20663783087576543,1.7781148294836977,0.9323372677496948,0.23969072164948457,0.26412614980289084,1.51128919330845,0.05457380457380462,0.0
2022-11-09,9.25,9.62,0.014752638475038224,-0.01178594221908731,-0.004315001301413236,-0.3289196699163522,-0.03922071315328127,8.307,7.844500000000001,7.809666666666667,2,9,11,8.501495036763824,8.22848921545431,72.34042553191489,0.19969156834797097,-0.08905069773403054,9.380255942781805,6.308744057218197,0.08177034507767075,0.059652471117741475,0.05112185821706155,-4528036.0,1.8303689549188862,0.0,0.0,-1,0.0,0,54.0,0.027701458644488135,-0.006237006237006105,-0.3622262766607358,1.7814433247536652,0.9469536220080428,0.23828647925033475,0.22841965471447545,1.5053599902978982,0.048648648648648575,0.0
2022-11-10,9.56,9.25,-0.007349114441473454,-0.004132237284910383,0.016086137751624444,0.14870431026779368,0.03296417553897619,8.483,7.939,7.859,3,10,11,8.693950484624946,8.314393137037904,75.56008146639512,0.2779345412955969,-0.015653649928105057,9.651921788241285,6.226078211758715,0.08184822485753715,0.059834076874394425,0.05132369382425672,-3329435.0,1.89267252145159,0.0,0.0,-1,0.0,0,60.34285714285714,0.037913981311897584,0.02594594594594597,-0.29187128152071096,1.615313682540755,0.9498365240206114,0.3351955307262571,0.2464146023468059,1.559625911614452,0.02719665271966525,0.0
2022-11-11,9.92,9.56,0.004206105044274196,0.05243136289795001,0.01373502839015247,-0.36423328635706326,0.03696519423347155,8.681000000000001,8.0655,7.922666666666666,4,11,11,8.9168685783295,8.417980676583847,76.47058823529413,0.36478661934521206,0.06043440392655837,9.970611959688329,6.1603880403116715,0.08194320467133082,0.05892105936415744,0.05153925361657405,-2496732.0,1.9468672070101232,0.0,0.0,-1,0.0,0,63.0,0.10368199984855077,-0.00313807531380765,-0.42510794749035646,0.556915444444317,0.9353428203722047,0.12217194570135748,0.3423545331529094,-2.151510502820551,0.06552419354838714,0.0
2022-11-14,9.73,9.92,0.038090039474433644,-0.02084442714862958,0.019740900806237045,0.11089994629478771,-0.01933902509886763,8.855,8.178500000000001,7.985,0,14,11,9.064710654996864,8.50262708454618,72.31075697211156,0.41351931161376676,0.13105138546400005,10.199466678545098,6.157533321454904,0.08298537868908513,0.05944713214271911,0.05154703436108856,-3427097.0,1.5354038406184216,0.0,0.0,-1,0.0,0,62.0,0.09320158756399018,-0.0020161290322580215,-0.3848043066996704,0.5876054492318166,0.9436939668337743,0.05303030303030298,0.3025435073627847,-0.7367518295820956,0.025693730729701953,0.0
2022-11-15,9.84,9.73,0.00403226352793823,0.016907414189290218,-0.0051573090071448105,-0.532297052840093,0.011241814866248322,9.062999999999999,8.300999999999998,8.043000000000001,1,15,11,9.205672354088343,8.588909208123846,72.20000000000002,0.4557626538570645,0.19599363914261295,10.415570007303987,6.1864299926960085,0.0811707246935007,0.05915263579694678,0.051380482614289257,-2880736.0,1.4556150845648075,0.0,0.0,-1,0.0,0,66.91428571428573,0.1159444265854025,0.021582733812949544,-0.5288952809547033,0.5259908445374465,0.9390189822761891,0.022869022869022926,0.33152909336941816,-0.43018958010125885,0.04776422764227649,0.0
2022-11-16,9.71,9.84,-0.010111309604320566,-0.02698814471764703,-0.0036260075988732493,0.11179084282128311,-0.013299428760928374,9.287,8.418,8.114666666666666,2,16,11,9.297368289708643,8.661237646309406,69.29292929292932,0.47329504275016454,0.2514539198641233,10.574211101861222,6.261788898138777,0.07939186181563694,0.05937296810474415,0.04960993911767371,-3491720.0,1.1983984303621833,0.0,0.0,-1,0.0,0,65.08571428571427,0.10680645510345275,0.0,-0.4891493229189648,0.4130553098948113,0.9425166492295377,0.04972972972972989,0.3175033921302579,-0.07819895141608124,0.02420185375901127,0.0
2022-11-17,9.47,9.71,-0.03621709844232551,-0.032958698952751185,-0.03377629781277791,0.23186894240990874,-0.02502737510524669,9.518,8.533999999999999,8.177,3,17,11,9.32875587339798,8.713415862676541,65.14851485148516,0.4624922700282337,0.29366158989694535,10.652275366026782,6.415724633973217,0.07789657190215112,0.059177830419644924,0.04999777796094913,-4262143.0,0.8837377944451511,0.0,0.0,-1,0.0,0,61.0,0.09161521111709149,-0.022657054582904287,-0.41722133249528637,0.4112824799371764,0.9394189345124014,-0.009414225941422605,0.3244755244755244,1.0425334348495927,0.024815205913410895,0.0
2022-11-18,9.46,9.47,-0.0063425159764704045,0.014553271410035758,0.006953758964581558,-0.24099085502294532,-0.0010565241341999848,9.58,8.6545,8.242333333333333,4,18,11,9.352618441871074,8.761582581213538,64.67065868263475,0.44796027122867876,0.32452132616329205,10.689897025799064,6.619102974200937,0.030765176597034396,0.05890701293173485,0.04986604000630663,-4867579.0,0.791491772651848,0.0,0.0,-1,0.0,0,60.34285714285715,0.08823959538063024,-0.004223864836325334,-1.187396269706508,0.23039652471374855,0.9351198401702177,-0.04637096774193539,0.34184397163120583,0.6536464598418203,0.03276955602536984,0.0
2022-11-21,9.38,9.46,-0.011733467947866292,0.004119470295239025,-0.024825883730703366,1.5907629071159,-0.008492620045653588,9.594,8.7625,8.303333333333333,0,21,11,9.357596906985425,8.801480479199762,66.66666666666669,0.4250880753460784,0.3446346759998493,10.70448894245865,6.820511057541348,0.027948660974586318,0.05912937490253146,0.049965296262931516,-7838751.0,0.6359459485059858,0.0,0.0,-1,0.0,0,60.0,0.0922324381967074,-0.014799154334038113,2.4925898394397854,0.21367924474049352,0.9386497270248139,-0.03597122302158273,0.29916897506925233,0.1766293072274625,0.061833688699360345,0.0
2022-11-22,9.91,9.38,0.014909754366287064,0.02336317539859315,0.023759216962900724,0.18375615603291923,0.05496458532376324,9.623000000000001,8.8835,8.38,1,22,11,9.458033832988075,8.872997867638487,73.92156862745101,0.44460315748539614,0.3646283722969587,10.792947701906462,6.974052298093537,0.030642681202534626,0.05966779566255764,0.050732238068799514,-4268226.0,1.0751800104031184,0.0,0.0,-1,0.0,0,60.0,0.10813224482485377,0.00852878464818764,2.621369969191443,0.504142249326908,0.9471968916152759,0.007113821138211351,0.32309746328437905,1.8266013352713577,0.059535822401614695,0.0
2022-11-23,10.24,9.91,0.054512209596675104,0.046109197416174134,0.063069994073042,-0.11274251199483033,0.032757271269465114,9.722,9.0145,8.470333333333334,2,23,11,9.600209499717515,8.961191553597294,80.07812500000003,0.4811508354294727,0.3879328649234615,10.918451293052389,7.110548706947611,0.02804461137778014,0.059798501300344274,0.0507528243683329,-1078388.0,1.2873228474613925,0.0,0.0,-1,0.0,0,64.0,0.13135631459386723,0.00807265388496469,1.8530045512263817,0.5245407128451457,0.949271779290501,0.054582904222451045,0.3438320209973753,0.567311179253043,0.04394531249999993,0.0
2022-11-25,10.63,10.24,0.009960241705055434,0.03947881097378742,0.010961744042144938,-0.024359790575449854,0.037378572742494835,9.828999999999999,9.156,8.568999999999999,4,25,11,9.787444136132512,9.068856614655534,73.36814621409926,0.5354129667482859,0.4174288852884264,11.100129083866836,7.211870916133164,0.02849395157577976,0.05997735154794596,0.05097196916322084,2034685.0,1.5163602172631891,0.0,0.0,-1,0.0,0,63.08571428571429,0.1518446379239874,-0.014648437500000035,1.565284838218918,0.43633711722139357,0.9521109389529593,0.12249208025343195,0.36282051282051286,-0.18136621125824398,0.07149576669802443,0.0
2022-11-28,10.38,10.63,0.03026097178180948,-0.017666661248769977,0.013779745598017593,-0.42123605822714266,-0.023799314616114006,9.875000000000002,9.278,8.668666666666667,0,28,11,9.895181565926599,9.15344651048421,65.48913043478262,0.5518814403827026,0.4443193963072817,11.207009563153303,7.348990436846698,0.02870728876991098,0.06066096347423537,0.050598856672281235,-8223.0,1.142555248091761,0.0,0.0,-1,0.0,0,59.0,0.14937717062751243,-0.02163687676387586,0.43000683689765606,0.5346172122420068,0.9629629418543969,0.09725158562367864,0.3073047858942066,-0.4082674512121543,0.04142581888246625,0.0
2022-11-29,10.44,10.38,-0.0028887839058911206,-0.012745039169253335,0.01069528911674795,-1.2454961558789384,0.005763704716749913,9.946000000000002,9.4005,8.767666666666667,1,29,11,9.994239463030853,9.236449961420714,62.20238095238098,0.5632811682685546,0.46811175069953626,11.295995769060527,7.505004230939472,0.027440070918433975,0.06066500868578485,0.05061304788920712,579722.0,1.0968106782060636,0.0,0.0,-1,0.0,0,58.0,0.14988211558624673,-0.0009633911368016919,-0.9993611802593473,0.4964372273954679,0.9630271575969603,0.11300639658848599,0.306633291614518,-0.7118574037378204,0.01772030651341001,0.0
2022-11-30,10.84,10.44,0.005769246771245137,0.029950764710392513,0.000966650631094974,0.8529328711493742,0.03759841355700759,10.046000000000001,9.5545,8.882666666666667,2,30,11,10.148014106116152,9.339904802619378,73.45132743362834,0.597702252301417,0.4940298510199125,11.388270633651368,7.7207293663486345,0.02914336593502732,0.05996473847919106,0.050634364819664,1959346.0,1.4020292139157422,0.0,0.0,-1,0.0,0,73.0,0.16474219809433552,-0.0009578544061302479,-0.22933555748529738,0.42909021412786774,0.9519107126937904,0.09384460141271433,0.3969072164948453,-1.1976409758429758,0.04566420664206651,0.0
2022-12-01,11.0,10.84,0.05411768172190747,0.03666398437159131,0.05269328013360147,-0.74955085686039,0.014652276786870415,10.175,9.731,9.003666666666668,3,1,12,10.302920632276852,9.447007718579417,72.22222222222224,0.6306224491670331,0.5213483706493367,11.391322099378378,8.070677900621622,0.027976065795750214,0.0585286424700282,0.05053619285964974,2611327.0,1.528619055874895,0.0,0.0,-1,0.0,0,75.0,0.16861790387892406,0.015682656826568258,-0.8818655458257286,0.4081891215340888,0.9291133952994468,0.07421875,0.47255689424364133,-0.7463090732943863,0.030909090909090896,0.0
2022-12-02,10.9,11.0,-0.01740767731625305,-0.016129381929883644,-0.02037107480802568,-0.22519095080810797,-0.009132483563272474,10.318,9.918,9.128666666666668,4,2,12,10.411480517317424,9.540749156090424,66.44295302013425,0.6412508376040034,0.54532886404027,11.14500491141298,8.690995088587018,0.026008793887638382,0.0571391236110346,0.05004682204082881,2090809.0,1.6006455897053586,22599.0,247685.04,1,0.0,0,68.0,0.16256902379500512,-0.016363636363636337,-0.9649998913948706,0.3737463357154978,0.907055467241859,0.02539981185324547,0.5223463687150838,0.32740798047631325,0.03486238532110099,0.0
2022-12-05,10.83,10.9,0.0018467225931647112,-0.009074472433406608,0.003734831605653304,-0.07275402578751335,-0.006442728222198801,10.455000000000002,10.017500000000002,9.254666666666667,0,5,12,10.487574968714254,9.623926629891043,69.23076923076923,0.6366861751246624,0.5636003262571485,11.198309267543147,8.836690732456857,0.02641668974638355,0.028119592154148235,0.04991330170888191,1606816.0,1.376174835908138,38923.0,421925.32,1,0.0,0,65.0,0.15993201285662978,-0.005504587155963348,-0.9068658587420635,0.3040534043441988,0.44638468685063565,0.043352601156069204,0.2251131221719458,1.0210804340016764,0.02216066481994462,0.0
2022-12-06,10.34,10.83,-0.007407441277861805,-0.018864143470812583,-0.04479071689998374,0.685803023549278,-0.04630019193261618,10.551,10.072500000000002,9.358666666666666,1,6,12,10.460743156220753,9.670124911833557,57.71604938271605,0.5867658706166363,0.5682334351290461,11.202192552492882,8.942807447507121,0.031877181246442135,0.029493697166915554,0.05109328505100741,645913.0,0.4735801779160338,126952.0,1326648.4,1,0.0,0,61.82857142857144,0.14795631891331068,-0.006463527239150534,-0.40210787532527476,0.49217377786427324,0.468197927685053,-0.009578544061302652,0.11904761904761907,-0.2297377272201505,0.048839458413926576,0.0
2022-12-07,9.74,10.34,-0.05148896995807986,-0.03834789398498948,-0.058190938454137885,-0.0420920929370325,-0.0597787514258393,10.534,10.0785,9.433666666666669,2,7,12,10.329698945998798,9.674632982037846,50.4043126684636,0.49310448251927497,0.5532076446070919,11.199313144669146,8.957686855330854,0.03392038294899096,0.0315493201060583,0.052486005809815994,-275383.0,-0.6040257497157062,0.0,0.0,-1,0.0,0,58.42857142857143,0.13336340502536462,-0.011605415860734934,-0.41378594222634535,0.4756893347190704,0.5008299302028012,-0.10147601476014756,0.012474012474012586,-0.2570693515802289,0.06981519507186855,0.0
2022-12-08,9.75,9.74,-0.04913268857764465,-0.043399315534555484,-0.009862524790877755,-0.1292707205893461,0.0010261673553119532,10.485000000000001,10.1035,9.504666666666669,3,8,12,10.22429913763538,9.679495370293468,54.02298850574712,0.414901349593773,0.5255463856044281,11.167361387884512,9.039638612115489,0.03173764126488144,0.030148149130411476,0.05249191596107128,534193.0,-0.6645602594957131,0.0,0.0,-1,0.0,0,55.0,0.13457515321993732,-0.0010266940451745161,-0.5093550449034495,0.41742527384022077,0.47858703052774176,-0.11363636363636365,0.054054054054053946,-0.6482468612010582,0.03435897435897427,0.0
2022-12-09,9.62,9.75,-0.002057613894680154,-0.014213437250055501,-0.0005217845148386861,-0.00034591987852287113,-0.013423020332140774,10.383999999999999,10.1065,9.565333333333335,4,9,12,10.114426567156219,9.675656959306794,52.22222222222219,0.33853249787614104,0.4881436080587708,11.164228947469894,9.048771052530107,0.028032527890174845,0.029470411224980394,0.05258190624724144,-275103.0,-0.9198954064058046,0.0,0.0,-1,0.0,0,52.0,0.13227381334289634,-0.004102564102564015,-0.48774471265750563,0.40917119855025413,0.46782827481662703,-0.11743119266055058,0.006276150627614996,-0.5712244683396435,0.02079002079002072,0.0
2022-12-12,8.78,9.62,-0.02291766968139706,-0.009637291920407465,-0.1261030417230057,0.9174875994154343,-0.09136785703058983,10.224,10.0495,9.593333333333334,0,12,12,9.871803554945997,9.617872639351518,43.11926605504585,0.2078328847312605,0.43208146339326875,11.261205626922553,8.837794373077447,0.03728995947956703,0.03411150773929781,0.05535099601413956,-2300766.0,-2.095393421955516,0.0,0.0,-1,0.0,0,57.0,0.10546880018879715,-0.013513513513513412,0.6238673382376105,0.5603558805152031,0.5415033979418227,-0.18928901200369352,-0.11491935483870974,-0.14462181617136172,0.14136674259681084,0.0
2022-12-13,9.16,8.78,-0.0441644200086346,-0.008939093652527904,0.06253829822376542,-1.0820126054376396,0.042369771039013675,10.096,10.020999999999999,9.632333333333333,1,13,12,9.742384726773997,9.588332469070776,41.09263657957244,0.13337782731311876,0.37234073617723873,11.28981461463674,8.752185385363259,0.04137989729189842,0.03562188616057979,0.055797153838590074,-1614243.0,-1.3571722615230155,0.0,0.0,-1,0.0,0,59.17142857142858,0.11517381722223569,0.03416856492027343,-0.6443690204976075,0.8105107216656465,0.5654799120716855,-0.11411992263056092,-0.058581706063720485,-0.02201260407069652,0.06659388646288203,0.0
2022-12-14,9.05,9.16,-0.0033094349013671424,-0.03605904981570252,-0.002784741426432771,0.11259782160531577,-0.01208142097420409,9.917,9.9815,9.675333333333333,2,14,12,9.61649659463327,9.553601342033952,35.08771929824563,0.06474918885374237,0.31082242671253946,11.321245066087297,8.641754933912704,0.03742433169915842,0.03553106967861595,0.05552026011859473,-2382587.0,-1.3905630609567088,0.0,0.0,-1,0.0,0,60.0,0.12691419603493173,-0.012008733624454086,-0.5813946184638732,0.7482195460692718,0.5640382451143529,-0.07084188911704303,-0.08028455284552838,-0.8418759143831843,0.03259668508287292,0.0
2022-12-15,8.73,9.05,-0.020089961390346762,-0.038529807175370016,-0.028856316192684604,0.05015494016005442,-0.035999387860323986,9.69,9.932500000000001,9.717333333333332,3,15,12,9.45531539560904,9.50046577158015,25.765306122448976,-0.015284635453218343,0.2456010142793879,11.381301682698316,8.483698317301686,0.03599158318146134,0.03618654127670868,0.05546659962540498,-3190450.0,-1.6599925502024666,0.0,0.0,-1,0.0,0,60.142857142857146,0.10687997544870725,-0.019889502762431104,-0.5564771789528141,0.7477812328121228,0.5744435341544695,-0.10461538461538455,-0.10092687950566426,-0.11657209031659202,0.02290950744558984,0.0
2022-12-16,8.72,8.73,-0.030912593062026046,-0.018120541113194912,-0.023817565016586387,0.7754104749090331,-0.0011461319306225722,9.472,9.895,9.769333333333334,4,16,12,9.321621687316487,9.450113141155624,27.445652173913047,-0.07861273557459114,0.18075826430859213,11.430440961863535,8.359559038136464,0.03639973780693927,0.03588201189898923,0.05474481445216777,-4944711.0,-1.530504954842319,0.0,0.0,-1,0.0,0,44.0,0.1346335250134896,-0.014891179839633537,0.3125612818915176,0.7604976789192575,0.5696092801523159,-0.0935550935550934,-0.0791974656810982,-0.33774960184707786,0.028096330275229266,0.0
2022-12-19,8.6,8.72,0.012709587604949533,0.016435620748275294,-0.002943776044013399,-1.1053327978830474,-0.013857034661426354,9.248999999999999,9.852,9.761333333333333,0,19,12,9.190417744168034,9.39526713204881,25.401069518716596,-0.13690554637538632,0.11722550217179643,11.48387460818597,8.220125391814031,0.036135976110945926,0.03594893938133733,0.03420653479401053,-5525548.0,-1.5344316208115452,0.0,0.0,-1,0.0,0,39.971428571428575,0.1435283633385463,-0.0011467889908256636,-0.8271703199391924,0.4618760294051358,0.5706717209973284,-0.02050113895216399,-0.09090909090909105,1.2076637342850458,0.048255813953488276,0.0
2022-12-20,8.82,8.6,-0.018540507915742552,-0.00507186209796034,0.004705891037412493,-0.07851490366408023,0.025259666759237975,9.097,9.824000000000002,9.747333333333332,1,20,12,9.12306906341021,9.358153123529531,21.629213483146103,-0.1634665172720151,0.06108709828303413,11.508347757567025,8.139652242432978,0.03800746558710644,0.03653436531821112,0.03348337830156357,-4988571.0,-1.1921528621265738,0.0,0.0,-1,0.0,0,38.31428571428573,0.13254017001869678,-0.005813953488371969,-0.7889783975947453,0.35231874180321804,0.5799650696374188,-0.037117903930131035,-0.059701492537313494,0.5163336338453733,0.037414965986394565,0.0
2022-12-21,9.12,8.82,0.04460430623675385,0.033336420267591926,0.044757900641493625,0.3130454702694458,0.03344793406753991,9.035,9.7845,9.730666666666668,2,21,12,9.12251105188108,9.342788405882464,24.594594594594582,-0.1584819045298076,0.01717329772046579,11.497170736782639,8.07182926321736,0.03760107448254508,0.03493615848910503,0.03319879663222002,-4254210.0,-0.7759810286106783,0.0,0.0,-1,0.0,0,38.54285714285714,0.1232413643900519,0.01360544217687066,-0.5233141066402018,0.4514396130375259,0.5545943227566598,0.007734806629834168,-0.07971745711402634,-0.16057978436727213,0.026315789473684237,0.0
2022-12-22,8.96,9.12,0.011123585218662302,-0.009884759232541973,-0.008453135711058128,-0.17622303571969225,-0.01769957709940075,8.956,9.7205,9.721000000000002,3,22,12,9.092963587902702,9.3180923796965,24.202127659574472,-0.16553405232973262,-0.019368172289573896,11.456999503690053,7.984000496309945,0.037679335129829385,0.03394918809596769,0.032604410669565494,-4869921.0,-0.875900048786584,0.0,0.0,-1,0.0,0,37.0,0.12592274651482618,-0.008771929824561412,-0.6175542490462775,0.3690992719897655,0.5389266534869095,0.026345933562428536,-0.12499999999999989,0.3999565576164322,0.025111607142857102,0.0
2022-12-23,8.94,8.96,-0.01560789766599083,-0.0022099456508029554,-0.0005660911557911908,-0.17243572722802455,-0.002234637801416488,8.888000000000002,9.636,9.700333333333335,4,23,12,9.065152026465846,9.293699322941887,24.52830188679245,-0.17076825300113008,-0.049648188431885135,11.350488108353112,7.921511891646887,0.03766039893955602,0.0323467769718037,0.031963826668127374,-5388111.0,-0.8119041439938097,0.0,0.0,-1,0.0,0,39.51428571428572,0.12596824239625898,-0.006696428571428627,-0.7971077107446103,0.3703970074305026,0.5134891654911813,0.025229357798165042,-0.15898400752587027,0.4369137769461993,0.023489932885905937,0.0
2022-12-27,8.81,8.94,0.0011229647446237235,-0.010005642117321058,-0.010244824948424514,-0.3592117027489264,-0.014648149237334518,8.891,9.557500000000001,9.663333333333334,1,27,12,9.018760748926601,9.262492915010153,27.164179104477626,-0.18329341588611392,-0.0763772339227309,11.272325447615444,7.842674552384558,0.025363902606228565,0.03218362261857586,0.031156203983177668,-5749925.0,-0.8718088491623911,0.0,0.0,-1,0.0,0,39.94285714285714,0.11984463835389922,-0.003355704697986506,-1.086932082764445,0.3729464716032985,0.5108991704274306,0.024418604651162967,-0.15125240847784205,0.43302086651306043,0.023836549375709316,0.0
2022-12-28,8.77,8.81,-0.009019226866849256,0.0,-0.004587164006906154,0.4937352408698384,-0.00455063356399658,8.852,9.474,9.631333333333334,2,28,12,8.973531521849036,9.230719178557885,32.61648745519712,-0.19420864702522067,-0.09994351654322886,11.170428446379113,7.777571553620889,0.020463516360365485,0.03203913358128844,0.031016521797094677,-6342730.0,-0.8299790085489681,0.0,0.0,-1,0.0,0,35.0,0.12286291806469209,0.002270147559591325,-0.5465444395490432,0.32697902916176336,0.5086054780684046,-0.005668934240362855,-0.1599616858237548,1.7025751278921557,0.028506271379703536,0.0
2022-12-29,9.02,8.77,0.004519781705619336,0.013318731840281437,0.019351770660950163,-0.3961798188366688,0.0281075276904406,8.849,9.383000000000001,9.604000000000001,3,29,12,8.981980336058301,9.217124392844473,37.95379537953795,-0.18060424239602746,-0.11607566171378858,10.962101676670379,7.803898323329623,0.02263141620246168,0.03135785583137031,0.03144583293160928,-5943840.0,-0.45975506880013767,0.0,0.0,-1,0.0,0,37.142857142857146,0.11994948803825353,0.011402508551881374,-0.908958079679347,0.2901186124776295,0.49779052906813454,-0.010964912280701733,-0.16789667896678973,1.5650019627815341,0.022172949002217415,0.0
2022-12-30,9.14,9.02,0.005621150270429911,0.03520536873838338,-0.006787356373399877,1.1460577406837977,0.013216051391526462,8.89,9.290000000000001,9.584999999999999,4,30,12,9.0107111840477,9.212148625564186,42.05298013245036,-0.15831470324328478,-0.12452347001968783,10.675321547321682,7.90467845267832,0.019176072567029738,0.031302224533403075,0.03150441891718298,-4689025.0,-0.21655622160790575,0.0,0.0,-1,0.0,0,36.51428571428571,0.11280872391474452,-0.011086474501108608,1.0457444297556968,0.2683011966583006,0.4969074095909363,0.020089285714285587,-0.16909090909090907,0.6855317546466534,0.06400437636761477,0.0
2023-01-03,9.1,9.14,0.037408102066170006,0.018455572599434346,0.022447631672158297,-0.6891537781573068,-0.0043859719432544405,8.928,9.2,9.572666666666667,1,3,1,9.026945514220845,9.204913230366499,57.20720720720721,-0.14223811612084347,-0.12806639923991897,10.360562477059272,8.039437522940727,0.01931342841322011,0.031317213595520345,0.03120563310472437,-5318943.0,-0.17233023120545451,0.0,0.0,-1,0.0,0,36.6,0.09848188267493715,0.013129102844638864,-0.429912727249888,0.27189671098314544,0.49714535357542666,0.017897091722595126,-0.1651376146788991,0.7544735034900445,0.0615384615384616,0.0
2023-01-04,9.09,9.1,-0.0010804971337541407,-0.0329291568067749,-0.0011104942840271764,-0.2517150141487575,-0.0010995053334168876,8.977,9.113,9.560333333333334,2,4,1,9.03840996618069,9.19749947356866,48.1081081081081,-0.12881927303493335,-0.12821697399892185,9.983767356688196,8.242232643311803,0.018379954276328433,0.03135845946430871,0.03120564382864813,-5808683.0,-0.05282696881857389,0.0,0.0,-1,0.0,0,39.85714285714285,0.09997330038134077,0.016483516483516522,-0.7608875702204495,0.22844879735539123,0.4978001114439635,0.031782065834279116,-0.16066481994459836,1.1536237288424511,0.02860286028602858,0.0
2023-01-05,9.04,9.09,-0.025179217449801616,-0.014138354051210831,-0.005012541823544286,-0.1593122880245745,-0.005515733785302441,8.999,9.047999999999998,9.549,3,5,1,9.038699063238745,9.187338217209394,49.72067039106141,-0.12082651251993148,-0.12673888170312378,9.699624690172321,8.396375309827675,0.01723828526100762,0.030125142347380583,0.031185463876656553,-6226299.0,-0.024554011291019404,0.0,0.0,-1,0.0,0,44.17142857142858,0.11920277710148133,-0.007700770077007732,-0.8520130427769462,0.23141746371618227,0.4782218091695376,0.03078677309007971,-0.12572533849129597,1.1254698790068953,0.0193584070796461,0.0
2023-01-06,9.11,9.04,0.01430954521289765,0.0021881846805526933,0.000558191474164017,0.06927506861692576,0.007713536867781808,8.998000000000001,9.0165,9.522333333333334,4,6,1,9.051662869922609,9.182348654808788,62.33766233766228,-0.10760339231564231,-0.1229117838256275,9.582567691693335,8.450432308306667,0.013519539473326903,0.027665400218269923,0.029312860789131655,-5778727.0,0.3303491839299393,0.0,0.0,-1,0.0,0,45.0,0.12197338685054196,0.012168141592920489,-0.7193111800628833,0.1297637624024804,0.43917461339168556,0.009977827050997812,-0.06468172484599599,0.6952296021168606,0.02085620197585066,0.0
2023-01-09,9.18,9.11,0.010869672236903891,0.03753791931906524,0.017699577099400638,0.3281504524035787,0.007654493360532265,9.02,8.988000000000001,9.487,0,9,1,9.074996893573044,9.182197128692092,64.37499999999994,-0.09043310278446981,-0.11641604761739596,9.445572542422536,8.530427457577467,0.012174772339113984,0.0277558573752006,0.028602203120109505,-5157319.0,0.8392111947254929,0.0,0.0,-1,0.0,0,47.2,0.1133492702877199,0.015367727771679536,-0.2995090926423159,0.10215793253553238,0.4406105762409527,0.004376367614879584,-0.058461538461538454,0.3446095867994287,0.041394335511982655,0.0
2023-01-10,9.05,9.18,-0.014153747438093884,-0.03208831455150063,-0.01769957709940075,-0.39249773768330776,-0.014262446920564253,9.030999999999999,8.9595,9.434333333333335,1,10,1,9.07045200383249,9.1736682816797,63.97515527950313,-0.08632039044199225,-0.11039691618231523,9.30974652971732,8.609253470282681,0.01322822555722501,0.027773268350319694,0.02757166102110614,-5576998.0,0.5167788533010855,0.0,0.0,-1,0.0,0,49.0,0.10928468638950586,-0.006535947712418355,-0.7058658242680668,0.14749547081265046,0.44088696690244217,-0.005494505494505364,-0.059251559251559116,-0.5083367711004061,0.026519337016574412,0.0
2023-01-11,9.01,9.05,-0.01102547001170771,-0.01643872634315972,-0.005595985504121225,0.20349743139582535,-0.004429686091588285,9.051,8.971,9.388666666666667,2,11,1,9.0594607304084,9.163109037700366,56.64335664335661,-0.08530535495495783,-0.10537860393684376,9.31139605415499,8.63060394584501,0.01223092229024606,0.01939955932101244,0.027348307115014556,-6091391.0,0.2291448418626031,0.0,0.0,-1,0.0,0,54.0,0.10669930378100317,-0.0033149171270719486,-0.4402260158614345,0.14941302726058975,0.3079584570458638,-0.008800880088008833,0.026195899772209597,-0.15428271218980952,0.015538290788013382,0.0
2023-01-12,9.18,9.01,0.005527930052513011,0.032611585588760796,0.0011217051091999518,-0.057003245833107626,0.018692133012152546,9.091999999999999,8.972,9.346666666666668,3,12,1,9.081376961243237,9.164198777203568,52.30769230769233,-0.06997670487303509,-0.09829822412408203,9.314842606208236,8.629157393791763,0.012989805897693408,0.017283046021141748,0.027618325017636405,-5605500.0,1.2133847790998584,0.0,0.0,-1,0.0,0,56.0,0.1042067684772355,0.006659267480577192,-0.4937510721539495,0.20168894337949125,0.27435985001775265,0.015486725663716783,0.0021834061135370675,-0.31172630846436283,0.04684095860566446,0.0
2023-01-13,9.03,9.18,0.0011019284861567347,-0.017804624633506592,0.007816901891610863,-0.5087340645526062,-0.016474837203505097,9.093,8.971,9.286333333333333,4,13,1,9.072035695562647,9.15554079157753,52.713178294573574,-0.06913543538009748,-0.09246566637528512,9.313000307786986,8.628999692213014,0.011495814207582765,0.017470853718579527,0.026518288080801942,-5897645.0,0.34502892925317147,0.0,0.0,-1,0.0,0,61.0,0.10331504758924173,-0.010893246187363797,-0.988697708876462,0.23653796783608147,0.27734120478809676,-0.008781558726673966,-0.0022099447513813653,0.5497361769325557,0.021594684385382094,0.0
2023-01-17,9.2,9.03,-0.00220507255831387,0.004887329847671764,-0.00893860700081102,0.5901571039162865,0.018651116626100514,9.099,8.9945,9.226333333333333,1,17,1,9.095301932733074,9.158409127604788,59.02777777777775,-0.05412719933429244,-0.08479797296708659,9.33132573973413,8.657674260265871,0.012301251877954751,0.01581647269387095,0.026636713268911774,-5370536.0,1.2202155343722154,0.0,0.0,-1,0.0,0,64.0,0.10969238385304064,0.003322259136212751,-0.2479320832404896,0.2744902610770922,0.25107872019735816,0.002178649237472685,0.05383734249713612,0.3312299331534943,0.03478260869565221,0.0
2023-01-18,9.25,9.2,0.029365894804364537,0.019313905082527383,0.026579637804712102,-0.3734261004636219,0.0054200674693393345,9.114,9.021,9.171333333333333,2,18,1,9.123428854054334,9.164318216146416,66.17647058823522,-0.037763171670663453,-0.07539101270780198,9.350203184738817,8.691796815261185,0.012240504131881097,0.01579975449220443,0.026702777157029307,-5007689.0,1.3912380597513583,0.0,0.0,-1,0.0,0,58.0,0.11797853344178721,0.014130434782608782,-0.8847737040725645,0.2415861203045182,0.2508133269734911,0.022099447513812098,0.06077981651376141,-0.44691685331798253,0.028108108108108085,0.0
2023-01-19,9.22,9.25,-0.016207810226853425,-0.016068904939200327,-0.016529301951210582,-0.01839063237742703,-0.0032485139558313327,9.126999999999999,9.052000000000001,9.117666666666668,3,19,1,9.140987244226272,9.16791058929826,66.66666666666666,-0.026905165134536446,-0.06569384319314887,9.326502420658619,8.777497579341384,0.01231361822055108,0.01537939868439761,0.026703671767770793,-5363924.0,1.2240329218002126,0.0,0.0,-1,0.0,0,55.42857142857144,0.11889460461223486,-0.007567567567567599,-0.8454585245035852,0.23898760246373263,0.24414038539578012,0.023307436182020025,0.07209302325581413,-0.510035931371791,0.028199566160520582,0.0
2023-01-20,9.18,9.22,0.014061886656576629,0.0075309662011644315,-0.008928630744301431,0.9726980484721742,-0.004347832936103509,9.141,9.069999999999999,9.079,4,20,1,9.148080472548768,9.168690551279019,57.0175438596491,-0.02128245157905795,-0.05681156487033069,9.327109438095853,8.812890561904144,0.012245616455317116,0.014561953492989627,0.025599248692750702,-6306191.0,0.8556667605410243,0.0,0.0,-1,0.0,0,58.54285714285714,0.11822250802426426,0.00976138828633404,1.7532792017454863,0.20701916575513893,0.23116384527443343,0.0,0.04081632653061207,0.41632771685389797,0.04466230936819174,0.0
2023-01-23,9.37,9.18,-0.0129731549213801,0.011720965298156893,0.02436443887414081,-0.9568571918873559,0.020485891617931726,9.166999999999998,9.0825,9.066666666666666,0,23,1,9.1884294775399,9.181678257648116,59.50413223140488,-0.0014779614534941032,-0.04574484418696338,9.372100450712185,8.792899549287814,0.013579553351142689,0.013273494392917562,0.02380317788132791,-5944268.0,1.9854941474916799,0.0,0.0,-1,0.0,0,63.0,0.1210034080740511,0.0010893246187363603,-0.7545393643758096,0.18821060307955442,0.2107101911548208,0.03765227021040962,0.0274122807017545,0.2213125883609031,0.032017075773745886,0.0
2023-01-24,9.19,9.37,0.022593752908362665,-0.004246290881450985,0.003276900802314791,-0.3312615203445145,-0.019397159882735084,9.168000000000001,9.094,9.048,1,24,1,9.1887150270781,9.182215144251465,53.33333333333332,-0.00030375452943687264,-0.03665662625545808,9.38137651810467,8.806623481895329,0.015104545843337917,0.013403499434320365,0.02402914934857977,-6204135.0,0.6681130430081571,0.0,0.0,-1,0.0,0,63.0,0.12003717080002596,0.003201707577374721,-1.0975990511635039,0.23225066071104133,0.21277395720723963,-0.0010869565217390686,0.025669642857142794,0.2874790104953937,0.02502720348204575,0.0
2023-01-25,9.17,9.19,-0.03463549666275634,-0.020419839008742738,-0.025401697082950717,0.8586288116261193,-0.00217865009922215,9.18,9.105500000000001,9.032999999999998,2,25,1,9.185312294882081,9.181427070428791,52.94117647058823,-0.000975771845009632,-0.029520455373368393,9.385234836849895,8.825765163150107,0.014290994479845151,0.013402718777908131,0.023928771513141073,-6817401.0,0.46115100090025374,0.0,0.0,-1,0.0,0,63.0,0.12105482439184304,-0.011969532100108753,0.41363567598783413,0.22698338406230115,0.2127615646708827,-0.008648648648648671,0.02572706935123037,0.8169624699746123,0.029443838604144096,0.0
2023-01-26,9.24,9.17,0.009863093655171577,0.012945164592036986,0.010016778243471209,-0.28466564262861316,0.007604599385219433,9.203,9.126999999999999,9.048333333333334,3,26,1,9.195255513994429,9.185205969110804,57.24637681159424,0.0040928843532714865,-0.02279778742804042,9.37545628652915,8.878543713470847,0.014252929980763477,0.012927178064083198,0.017604421688319393,-6356062.0,0.9096167505243848,0.0,0.0,-1,0.0,0,68.02857142857144,0.1246920518195958,0.0,-0.2669812613008757,0.23517290832972118,0.20521258986848123,0.002169197396963085,0.04880817253121439,0.09694306720391026,0.03246753246753254,0.0
2023-01-27,9.21,9.24,0.0010899183640256005,-0.004942526447061831,-0.001108033354361733,0.007095345670700346,-0.0032520353863772318,9.206,9.149,9.05,4,27,1,9.197936329631805,9.186805584006882,53.73134328358214,0.005624248789494857,-0.017113380184533365,9.334233849356515,8.963766150643483,0.013121728136857642,0.012893478787116256,0.01578426106585377,-6820686.0,0.6586269217198627,0.0,0.0,-1,0.0,0,69.2,0.12353321718957454,-0.006493506493506547,-0.22492811723692752,0.23387590760239924,0.20467763043117793,0.0032679738562093608,0.05017103762827846,0.03244486014406682,0.028664495114006636,0.0
2023-01-30,8.95,9.21,-0.0043668191663404025,-0.012355202143817186,-0.011148387482614187,0.11334621084547972,-0.0286363179804516,9.198,9.145499999999998,9.046666666666669,0,30,1,9.152856996971476,9.171527804393536,42.483660130718945,-0.013980799003087796,-0.01648686394824425,9.343221228527922,8.947778771472075,0.015184172143320355,0.013116845092138655,0.01648289699675412,-7341074.0,-1.9775317142781155,0.0,0.0,-1,0.0,0,67.0,0.11575649646391145,-0.007600434310532061,-0.007768446782411456,0.22872210630923534,0.20822346059734193,-0.04482390608324438,-0.0077605321507761005,-0.411076028247976,0.02793296089385475,0.0
2023-01-31,9.3,8.95,-0.015435808129839362,0.024772403007584848,-0.004494389587839215,0.7843158660191909,0.03836086787244637,9.208,9.1535,9.065666666666667,1,31,1,9.17961027024939,9.179816333142341,57.142857142857125,-0.0012613259174685254,-0.013441756342089106,9.362887578176931,8.944112421823068,0.018975494781286305,0.015566267323128527,0.016618116120551835,-6200952.0,1.3993189211655066,0.0,0.0,-1,0.0,0,70.0,0.1297712576778091,0.00558659217877103,2.9945658857577593,0.3860420998926187,0.2471068330712952,0.011969532100108982,0.017505470459518557,0.5517373814736971,0.05591397849462361,0.0
2023-02-01,9.25,9.3,0.028479471321868705,0.003186407369407781,0.024472856518725522,-0.696647662990002,-0.005390848634876534,9.208,9.161,9.083333333333334,2,1,2,9.192408402931319,9.184344311649289,56.81818181818181,0.004729843319610794,-0.009807436409749126,9.373047660978326,8.948952339021673,0.01901804365793727,0.015585979588112446,0.016665748585517694,-6769021.0,0.8394339233866615,0.0,0.0,-1,0.0,0,82.17142857142858,0.12577381601785073,-0.004301075268817303,0.26451506722979634,0.38920101723748607,0.24741975557684673,0.008724100327153872,0.016483516483516425,0.6576442655451726,0.035675675675675686,0.0
2023-02-02,9.57,9.25,0.004310351501122263,0.015781495337403046,0.02173998663640604,0.07885566323989257,0.034009653940529155,9.243,9.184999999999999,9.115666666666668,3,2,2,9.26106142058017,9.209225323800949,60.209424083769626,0.03489694351025996,-0.0008665604257473095,9.461938146238769,8.908061853761229,0.02182263334194071,0.017291368798765624,0.017400794250462263,-6154343.0,2.7804042543713954,0.0,0.0,-1,0.400655,1,75.0,0.13916080249252444,0.005405405405405482,0.45703659561692794,0.4553327560046217,0.2744919700166131,0.03571428571428581,0.05280528052805278,0.06640810870846373,0.029258098223615397,0.400655
2023-02-03,9.4,9.57,0.01705798290457677,0.0010432969125776675,0.009098269879261793,-0.06449969397386568,-0.0179235161889047,9.264999999999999,9.203,9.135,4,3,2,9.286322980474685,9.221533367426694,59.58549222797929,0.04457319644014035,0.008221390947430223,9.486964415858296,8.919035584141703,0.022780815137802484,0.017807834424931782,0.017321821842537676,-6730626.0,1.3874977919649454,0.0,0.0,-1,0.0,0,76.0,0.13470777546569526,-0.01149425287356316,0.2356149210654493,0.4872045337851604,0.2826906076619065,0.02062975027144409,0.039823008849557695,0.317400067197204,0.02180851063829788,-0.400655
2023-02-06,9.25,9.4,-0.011696039763191411,-0.02427559840584626,-0.022630276097838034,-0.23433853313053798,-0.01608613775162438,9.253,9.209999999999999,9.139333333333333,0,6,2,9.27971880220656,9.223369924366908,51.30890052356023,0.03968053766508639,0.014513220290961458,9.491200434229011,8.928799565770987,0.02249298468999098,0.018197151992426743,0.016549373527140355,-7186520.0,0.28449458202062766,0.0,0.0,-1,0.0,0,75.0,0.14885856888822147,-0.005319148936170288,-0.34818972555667427,0.4409072046524225,0.28887083244962813,0.033519553072625774,0.015367727771679496,0.4990145379075432,0.01999999999999986,0.0
2023-02-07,9.44,9.25,-0.019439057032222068,0.012739025777429932,-0.01703805986610182,-0.029024697904650617,0.02033242863307551,9.278,9.222999999999999,9.155333333333333,1,7,2,9.308860838169004,9.237346058278721,54.63414634146339,0.05055175329528794,0.021720926891826756,9.521846906767106,8.924153093232892,0.022441928799670684,0.01866965820112779,0.0165700128104769,-6743668.0,1.4522485934184997,0.0,0.0,-1,0.0,0,76.34285714285714,0.1486516374360149,-0.008648648648648656,-0.3687813645062052,0.36943282236669955,0.29637163597656985,0.015053763440860068,0.028322440087146017,0.635834480415909,0.048728813559322126,0.0
2023-02-08,9.02,9.44,0.0268978023198983,-0.004758137446416923,-0.003331485591003357,-0.2543222078010636,-0.04551164608287702,9.263000000000002,9.2215,9.157999999999998,2,8,2,9.256340685774639,9.223323731938159,45.90163934426228,0.024988725617577145,0.022374486636976835,9.52427836257263,8.918721637427371,0.02702867023098325,0.021089120654597646,0.018602621460588088,-7087074.0,-1.3310066035624692,0.0,0.0,-1,0.0,0,74.62857142857142,0.12442500650773775,-0.002118644067796565,-0.821543557360683,0.5058636817707651,0.33477941172660636,-0.024864864864864944,-0.0033149171270719924,0.11670796779817154,0.04933481152993351,0.0
2023-02-09,8.75,9.02,-0.03896596853338372,-0.037251270631126154,-0.02820265881608481,0.33652340340058945,-0.030390633705009204,9.214,9.2085,9.155999999999999,3,9,2,9.164278742906522,9.192786716974407,41.94756554307117,-0.01686252086060236,0.014527085137460996,9.566757478711459,8.850242521288543,0.028230092524279087,0.022119904840018436,0.019232355799693512,-7567867.0,-2.559611604754686,0.0,0.0,-1,0.0,0,72.62857142857143,0.11434696702924055,0.004434589800443561,-0.15632152909017,0.3833507514683494,0.35114260338661657,-0.0856844305120168,-0.02885682574916759,0.9945040918642682,0.03999999999999996,0.0
2023-02-10,8.81,8.75,-0.034815419685364966,-0.02788803153983536,-0.017311453671280088,-0.25226717777824226,0.006833739578565117,9.174000000000001,9.190000000000001,9.157333333333332,4,10,2,9.099864426014426,9.168090799750251,38.97637795275594,-0.04467346871831346,0.002686974366306105,9.590210470943344,8.789789529056659,0.02848251815429737,0.021704677994527577,0.01925313435082137,-7194273.0,-1.8990007887814484,0.0,0.0,-1,0.0,0,72.0,0.11263608677194524,0.0,-0.6349376830342819,0.4204248252143672,0.34455108156153663,-0.06276595744680846,-0.04030501089324612,0.13585659428191543,0.028376844494892167,0.0
2023-02-13,8.8,8.81,0.007968169649176881,0.006764400088542063,-0.0011648224962930943,-0.2901673536733978,-0.0011357184639273798,9.159,9.1785,9.15,0,13,2,9.04534362128453,9.144343006217978,41.77215189873421,-0.06675129431944526,-0.01120067937084417,9.61005898541775,8.74694101458225,0.027187665194929118,0.021434332822805553,0.018503336365552014,-7473773.0,-1.7541055234134926,0.0,0.0,-1,0.0,0,71.82857142857144,0.10217092062038499,0.0011350737797956624,-1.073296471800585,0.42609145923722164,0.34025948500639547,-0.048648648648648596,-0.025470653377629993,-0.39125975780937583,0.03636363636363639,0.0
2023-02-14,8.89,8.8,-0.01600034134644119,0.01006157174543484,0.008125407443917152,0.10871802140143945,0.010175328041652446,9.118,9.163,9.141666666666667,1,14,2,9.017099326505525,9.127933780010368,44.26229508196724,-0.07610855033948383,-0.0241822535645721,9.613174235274883,8.712825764725117,0.02372554743795291,0.021097824865571938,0.018431680875268707,-7162173.0,-1.2128637252343077,0.0,0.0,-1,0.0,0,73.25714285714287,0.09870688136173918,-0.013636363636363748,-0.8536813333582332,0.38432494693175107,0.33491758679218847,-0.05826271186440668,-0.033695652173912904,-0.6824997393489973,0.03824521934758154,0.0
2023-02-15,8.88,8.89,0.0171334859436098,0.0022222231367175172,0.014917086703237166,-0.07183939101607342,-0.0011254925217344803,9.081,9.144499999999999,9.134333333333334,2,15,2,8.992172176231792,9.111938052267764,42.43697478991599,-0.0833701207216837,-0.03601982699599443,9.609777506327998,8.679222493672,0.02374108528437465,0.021035229278237953,0.018419235388417388,-7452173.0,-1.1369558871970853,0.0,0.0,-1,0.0,0,73.65714285714284,0.0921816812490083,-0.006749156355455623,-0.9239806068868174,0.2515656434241397,0.33392391264865395,-0.015521064301551979,-0.039999999999999925,-1.6947461535483463,0.025900900900900945,0.0
2023-02-16,8.79,8.88,-0.012535776694980273,-0.010039125028328542,-0.016073824831060908,0.16950413124425667,-0.010186845306993243,9.003,9.123,9.124333333333333,3,16,2,8.955413598735102,9.091167855347262,41.3934426229508,-0.09528878559980036,-0.04787361871675562,9.612687333112254,8.633312666887745,0.019541967106231524,0.021115920012209684,0.018500514243995618,-7795741.0,-1.3600515164792504,0.0,0.0,-1,0.0,0,70.0,0.09643589215256666,-0.018018018018018032,-0.6757435644246185,0.12612348583175828,0.33520483833983283,0.004571428571428449,-0.04663774403470733,-0.30436909685586555,0.0318543799772468,0.0
2023-02-17,8.79,8.79,0.013667638728663615,-0.003931484985303337,0.004618945856294458,0.263759498435755,0.0,8.942,9.1035,9.116000000000001,4,17,2,8.925338398965083,9.07173767113131,46.3302752293578,-0.10354085881656161,-0.05900706673671682,9.614238371586268,8.592761628413733,0.0193920646535634,0.02111478995764648,0.018481131652046737,-7795741.0,-1.2276344110442405,0.0,0.0,-1,0.0,0,69.0,0.09471047647778462,0.005688282138794166,-0.10470390798389648,0.11472885439444029,0.3351868992797798,-0.00227014755959154,-0.042483660130719025,0.32883766073841286,0.023321956769055754,0.0
2023-02-21,8.59,8.79,-0.018265347977293313,-0.017599091755103737,-0.01845261731088378,-0.05035210168515613,-0.023015975700921593,8.876000000000001,9.0645,9.098666666666666,1,21,2,8.864367780971431,9.040657821380904,32.51231527093594,-0.12478062149275182,-0.07216177768792383,9.607647745723279,8.521352254276723,0.019872831663684018,0.02089546710287747,0.018832155547218295,-8221040.0,-1.747222569682717,0.0,0.0,-1,0.0,0,65.91428571428573,0.09708655725276791,-0.012514220705346921,-0.23664623572104257,0.1965387975614375,0.33170525689647057,-0.02386363636363642,-0.08324439701173958,-0.5408810292683024,0.02429569266589061,0.0
2023-02-22,8.76,8.59,0.019395930347579235,0.0315697017687356,0.019604027915925547,0.11955929138838153,0.019597168952136132,8.808,9.043000000000001,9.084666666666665,2,22,2,8.845391820794806,9.022550865162781,38.604651162790695,-0.12643820625053337,-0.08301706340044573,9.599118124521333,8.48688187547867,0.019757596188531436,0.02123107766830502,0.019168780213026954,-7741728.0,-1.0177693821563132,0.0,0.0,-1,0.0,0,64.17142857142859,0.10399359989133293,0.03026775320139695,-0.012328135610079196,0.24757315960597934,0.33703290945739295,-0.014623172103487181,-0.0467899891186071,0.3676106320889104,0.036529680365296836,0.0
2023-02-23,8.79,8.76,-0.004530019071749899,-0.010039125028328542,-0.005191820142046824,-0.10185653799407376,0.003418806748785461,8.785,9.024,9.075999999999999,3,23,2,8.835320580650295,9.007547583539376,29.032258064516085,-0.1239028301348295,-0.09119421674732249,9.587761801136901,8.460238198863097,0.014953948505338868,0.021268018718511812,0.019032920667841905,-7308833.0,-0.8301378331348717,0.0,0.0,-1,0.0,0,62.0,0.10274681314361896,0.005707762557077707,-0.21729545624530905,0.2516375140673113,0.3376193304494933,-0.01013513513513531,-0.0414394765539805,0.08792774148116457,0.03128555176336751,0.0
2023-02-24,8.67,8.79,-0.02296312150844882,-0.023824155727506482,-0.007547205635382854,0.14929146209293784,-0.013745920904635014,8.777,8.995500000000002,9.064666666666666,4,24,2,8.805262293259332,8.985770320085223,29.834254143646376,-0.13007707585460615,-0.09897078856877924,9.570797634638911,8.420202365361092,0.01227977202538065,0.021298460792488545,0.019167692751875808,-7811429.0,-1.1315881741954466,0.0,0.0,-1,0.0,0,60.0,0.09983626248687917,-0.02047781569965867,0.1530312649405773,0.25995861336479825,0.3381025833923061,-0.013651877133105672,-0.06168831168831168,0.1943572463252026,0.014994232987312662,0.0
2023-02-27,8.48,8.67,0.03424992304307866,0.027181741422352485,-0.01882408524563559,0.0368478209055962,-0.022158340988638708,8.744,8.959,9.041333333333332,0,27,2,8.746123694484908,8.953139976853919,29.18918918918918,-0.14858878317517643,-0.10889438749005868,9.5686038402974,8.3493961597026,0.013575590100844293,0.02171650633621115,0.01914861316748965,-8332890.0,-1.571512409653837,0.0,0.0,-1,0.0,0,61.0,0.09650904307428362,0.027681660899654004,0.24036627432779553,0.2906872272232021,0.34473885066463883,-0.03526734926052322,-0.07926167209554835,0.8770134815056849,0.062499999999999924,0.0
2023-02-28,8.56,8.48,-0.047108077986447186,-0.03756844761116229,-0.014354313451683054,-0.003238461738765025,0.009389740349839137,8.72,8.9395,9.025666666666666,1,28,2,8.712283022760378,8.927776107379474,24.71264367816093,-0.15501717172348606,-0.11811894433674416,9.574728098278232,8.30427190172177,0.014197015160106252,0.021120154569660904,0.019082614533909376,-7813115.0,-1.194846389914502,0.0,0.0,-1,0.0,0,61.0,0.10131586657813456,0.0023584905660376855,0.23132919421219336,0.27001987776246517,0.33527205985540287,-0.0034924330616995514,-0.043575418994413306,-0.20413586848552162,0.03738317757009328,0.0
2023-03-01,8.71,8.56,0.0163364193196936,0.03084196485021169,0.024998178595005492,0.21167814131824964,0.017371600710760736,8.702,8.91,9.009333333333334,2,1,3,8.711867927713035,8.913726035935637,39.4557823129252,-0.146321269056509,-0.12375940928069715,9.529337506831693,8.290662493168307,0.015092717166628132,0.019389018406343092,0.01903594473765944,-7170803.0,-0.6458514066849506,0.0,0.0,-1,0.0,0,65.0,0.10618122620641711,0.009345794392523372,1.797420636023637,0.2595185753906889,0.3077911252130263,-0.0057077625570775,-0.0634408602150538,-0.33159616501609046,0.043616532721010445,0.0
2023-03-02,8.54,8.71,-0.0023174981403627014,-0.018734581437322463,0.0011626474436665383,-0.23847821088018267,-0.01971078306393311,8.668000000000001,8.874500000000001,8.985666666666667,3,2,3,8.680619213583391,8.8896146787785,42.33576642335764,-0.15140201461307612,-0.12928793034717295,9.493173453532105,8.255826546467897,0.016071261151670083,0.01973152508287244,0.01925965343529587,-7676833.0,-1.0813458960952311,0.0,0.0,-1,0.0,0,52.0,0.10631165909209596,-0.01033295063145828,0.5499353646615579,0.28457156243674775,0.3132282501438817,-0.028441410693970437,-0.07675675675675686,0.600287049515494,0.024004683840749424,0.0
2023-03-03,8.64,8.54,-0.00932407687512329,-0.00747774551414699,-0.010619568827460261,-0.27169166427133945,0.01164157501548599,8.653,8.828,8.966333333333333,4,3,3,8.673233902022774,8.87351050595408,43.97163120567377,-0.1456800686575317,-0.1325663580092447,9.360347334181927,8.295652665818071,0.01658778106068822,0.01797304328936061,0.01943190947152378,-7291193.0,-0.7063057816900822,0.0,0.0,-1,0.0,0,55.6857142857143,0.10869669348406988,0.0,-0.5452543620977197,0.2962254267173323,0.28531321707987883,-0.0034602076124566894,-0.09717868338557989,-0.501559754545597,0.02662037037037042,0.0
2023-03-06,8.4,8.64,0.009324076875123244,-0.0023352881744502715,-0.01253373614725658,0.31632985656321905,-0.028170876966696335,8.614,8.778,8.940333333333333,0,6,3,8.623555010745907,8.842961441053816,37.80487804878049,-0.15868218998970995,-0.13778952440533776,9.270495257791838,8.285504742208163,0.018505835734137333,0.018481288742843483,0.019993097895287196,-7820323.0,-1.5350401613806761,0.0,0.0,-1,0.0,0,55.25714285714285,0.10643440274707093,-0.002314814814814971,1.0052873886512455,0.32444260239788525,0.29338136352924843,-0.009433962264150941,-0.1063829787234043,-0.6035710392655116,0.03747619047619047,0.0
2023-03-07,8.11,8.4,-0.02943120017421781,-0.02695796041503684,-0.03110955358465,-0.24411533647512523,-0.03513383772194648,8.565999999999999,8.721,8.898333333333333,1,7,3,8.53018137242847,8.795673606147119,28.804347826086968,-0.19019459627572388,-0.14827053877941498,9.246272861422947,8.195727138577054,0.020109625664218492,0.019476651642096852,0.020298494441076297,-8234842.0,-2.3264099285267528,0.0,0.0,-1,0.0,0,48.51428571428571,0.10529807579200173,-0.0035714285714287066,-0.20497442114393885,0.37528689212616384,0.3091822597033564,-0.052570093457944056,-0.12324324324324332,0.4201110926696032,0.041923551171393326,0.0
2023-03-08,8.26,8.11,-0.02786370448693491,-0.007159935122092595,-0.0012399257633204362,-0.3268525117306424,0.018326719405565114,8.516,8.662,8.867333333333333,2,8,3,8.481057486532382,8.761114018653757,34.34343434343434,-0.20075053172743296,-0.15876653736901858,9.106029396845798,8.217970603154203,0.01993171977951925,0.019332770870908386,0.020528866004028555,-7935895.0,-1.8106909265721796,0.0,0.0,-1,0.0,0,49.82857142857143,0.11859404847005386,0.003699136868064259,-1.3047160948084189,0.37989896572759985,0.30689822326930316,-0.05166475315729058,-0.125,0.436535934216706,0.03510895883777229,0.0
2023-03-09,7.99,8.26,0.014634407518437777,-0.0011983224921086443,-0.013112894728786774,0.38075097530666213,-0.03323382775470329,8.436,8.6105,8.828000000000001,3,9,3,8.391774307162857,8.711364727127709,31.481481481481524,-0.22827155771692276,-0.17266754143859944,9.114566620492592,8.106433379507408,0.021321818442722018,0.01826160957208759,0.021213319631006408,-8373369.0,-2.4619761546345775,0.0,0.0,-1,0.0,0,37.54285714285714,0.1254475347974264,0.0,0.0667488267764471,0.4102718824419798,0.2898940648050025,-0.0644028103044495,-0.11419068736141902,0.6071258538604576,0.04818523153942425,0.0
2023-03-10,7.76,7.99,-0.03825265886664611,-0.04663421651436368,-0.04696907038221166,0.5952320848727579,-0.029208425583056013,8.345,8.561,8.778666666666668,4,10,3,8.276906251315063,8.649986357635598,28.451882845188322,-0.2655798081905463,-0.1912499947889888,9.187062045016798,7.934937954983202,0.02218535449842183,0.01818371194529882,0.02154266644609796,-9166707.0,-2.5588518146903754,0.0,0.0,-1,0.0,0,26.885714285714283,0.13508466068457795,-0.005006257822277852,2.7681071383483267,0.35371558566855665,0.28865747831577127,-0.10185185185185197,-0.11314285714285721,2.1502195011434275,0.04768041237113404,0.0
2023-03-13,7.6,7.76,-0.047658729011960235,-0.02287266166599134,-0.010596125631495158,-0.5489785101725831,-0.020834086902842025,8.257,8.500499999999999,8.725,0,13,3,8.153832387439596,8.582245302304269,28.936170212765987,-0.30454690120332195,-0.21390937607185545,9.247436902852037,7.75356309714796,0.022116916431087128,0.018212837874102047,0.021710694945697766,-9624891.0,-2.4111809084853304,0.0,0.0,-1,0.0,0,23.0,0.14155037057922132,-0.023195876288659757,0.05838147928189322,0.3487612316999349,0.28911983810167396,-0.09523809523809534,-0.13734392735527823,1.9286578974470672,0.035526315789473746,0.0
2023-03-14,7.77,7.6,0.028610534041265838,0.026634421587883053,0.03145737758921224,0.03362840721002991,0.022121917087270692,8.178,8.449000000000002,8.685666666666666,1,14,3,8.084044680632397,8.529842379574962,28.936170212765987,-0.3180448014132935,-0.23473646114014307,9.249128936978016,7.648871063021987,0.0237421016849615,0.019347758395770638,0.021901261041612708,-9151037.0,-1.6972264559372132,0.0,0.0,-1,0.0,0,25.0,0.1329664186077807,0.026315789473684237,0.11244575695088159,0.4218503602348785,0.3071361428506266,-0.04192355117139335,-0.11704545454545467,0.502954801700804,0.030888030888030917,0.0
2023-03-15,7.74,7.77,-0.03655759573379758,-0.022785795926588782,-0.030126705403507273,0.06758610486630784,-0.003868476777920206,8.081,8.391499999999999,8.633666666666667,2,15,3,8.021491102335597,8.478884806699158,27.659574468085168,-0.32738879956739453,-0.2532669288255934,9.222866028704747,7.560133971295251,0.02194453535267048,0.018977794219515103,0.020299744070932248,-9658024.0,-1.5673000279191647,0.0,0.0,-1,0.0,0,22.685714285714287,0.1263521521991699,-0.032175032175032175,0.32553633525075387,0.35751925315541594,0.30126314362437656,-0.06295399515738498,-0.12935883014623173,1.140803610917903,0.037467700258397935,0.0
2023-03-16,7.89,7.74,0.02624822607493641,0.030267127578877638,0.015831465216680662,0.047151982012836866,0.01919444725614716,8.016,8.342,8.588333333333333,3,16,3,7.99758362918367,8.44089223852502,33.61344537815128,-0.3190128573853652,-0.26641611453754777,9.168778147548213,7.515221852451789,0.023743040934228108,0.0198312267319397,0.020818384678304748,-9126559.0,-1.0934009355239844,0.0,0.0,-1,0.0,0,32.57142857142857,0.1203491008812246,-0.002583979328165434,0.4681055497765649,0.3652913748512791,0.3148109647562917,-0.01251564455569465,-0.11148648648648662,0.016833165622468477,0.0519645120405578,0.0
2023-03-17,7.49,7.89,0.021781770821098147,-0.0200759565726893,-0.027199023266310723,0.5812445521696324,-0.05202733732865467,7.900999999999999,8.277000000000001,8.519,4,17,3,7.905295696604821,8.379544352168567,30.88803088803091,-0.3407238672725459,-0.28127766508454743,9.15810218058502,7.395897819414982,0.0261722217822269,0.02223636892807476,0.021036701556168286,-10076958.0,-1.7863989383784347,0.0,0.0,-1,0.0,0,27.000000000000004,0.1318435552016624,0.0,3.0576511929657606,0.48036192544569806,0.35299141346861834,-0.03479381443298968,-0.1478953356086461,-0.6871893301798271,0.060747663551401876,0.0
2023-03-20,7.47,7.49,-0.053363342871396845,-0.044048571596849495,-0.005394483749355231,-0.7391283697609736,-0.0026737983844022043,7.808,8.211,8.454666666666666,0,20,3,7.826151024494853,8.320864071383498,28.458498023715435,-0.35544646627506626,-0.2961114253226512,9.127352035318129,7.294647964681872,0.025892676380032315,0.022195472448641687,0.02097353511686727,-10530802.0,-1.6172823793483437,0.0,0.0,-1,0.0,0,30.428571428571438,0.11825040776234272,-0.0013351134846461665,-0.4150323688424407,0.46419230836634484,0.35234220198415045,-0.017105263157894735,-0.15017064846416373,-1.3330335447526274,0.020749665327978613,0.0
2023-03-21,7.64,7.47,0.015915455305899363,0.024207920764096166,0.015298204954983814,-0.17078176568988077,0.022502604033703244,7.761,8.163499999999999,8.401,1,21,3,7.792305383677606,8.276937357100692,29.01960784313725,-0.34936934052176927,-0.30676300836247483,9.095487689098777,7.231512310901222,0.026527173701762632,0.022910380445609772,0.021611248268046942,-10148209.0,-1.123405397138279,0.0,0.0,-1,0.0,0,43.0,0.12437690610790737,0.017402945113788475,-0.8880240837711865,0.46554391525903127,0.3636910146057637,-0.016731016731016735,-0.11059371362048898,-1.3220284581173187,0.029581151832460732,0.0
2023-03-22,7.41,7.64,0.00262812240626963,-0.008438868645864708,-0.01597456615763653,-0.12363300896377516,-0.030567163870433595,7.675999999999999,8.096,8.333333333333334,2,22,3,7.722795313918041,8.2210059147071,28.35249042145597,-0.35897422102249976,-0.3172052508944798,9.041535771262486,7.150464228737514,0.02606359365435647,0.02271683701710785,0.021433732813993744,-10486308.0,-1.4510291854617992,0.0,0.0,-1,0.0,0,41.0,0.1209922655895184,-0.002617801047120363,-1.1085750295376298,0.5042125508195623,0.3606186079275223,-0.04263565891472865,-0.15410958904109584,-0.4633459569119338,0.03778677462887992,0.0
2023-03-23,7.5,7.41,-0.025250510968887214,-0.01312354792980734,-0.003388685045516707,0.1948699603562725,0.01207258123426924,7.627,8.0315,8.282666666666666,3,23,3,7.6822870750238526,8.174489404080836,28.076923076923066,-0.35522905080486744,-0.32481001087655736,8.953403636932613,7.109596363067386,0.025674476969015533,0.023030943392858497,0.020568600609291464,-10075466.0,-1.153048927691451,0.0,0.0,-1,0.0,0,38.34285714285715,0.10681929839198262,0.00269905533063422,-0.6124752897251862,0.48131895854344725,0.3656048920602585,-0.049429657794676785,-0.14675767918088733,-0.48257917232718256,0.02733333333333334,0.0
2023-03-24,7.61,7.5,0.0026881736618003956,0.005270104424237023,0.0033886850455168305,0.19670733863901124,0.014560151331329652,7.612,7.9784999999999995,8.244666666666667,4,24,3,7.669143970474061,8.138070732849814,34.0080971659919,-0.33947167754826246,-0.32774234421089843,8.86712460252383,7.089875397476169,0.02506092991031607,0.02350808119163482,0.020384529698683467,-9575312.0,-0.8293715905533169,0.0,0.0,-1,0.0,0,37.0,0.09547619953941214,-0.006666666666666643,-0.01729185889277036,0.3308560637264942,0.373179219800284,0.01602136181575431,-0.12226066897347165,-1.3009951115736622,0.028909329829172225,0.0
2023-03-27,7.76,7.61,0.03300629646817008,0.03613296298418827,0.02688829266595475,-0.2272386661465253,0.01951916232153291,7.628,7.9425,8.209666666666667,0,27,3,7.6856632485696865,8.113679072665954,42.48927038626609,-0.31129172211874767,-0.3244522197924683,8.803487804791747,7.081512195208253,0.0249162194427595,0.02388633346918759,0.02076175019750081,-9176824.0,-0.42393167239840907,0.0,0.0,-1,0.0,0,40.0,0.09406614248663707,0.011826544021024949,-0.6456472809895121,0.34308774710401285,0.3791837885557745,0.038821954484605126,-0.08490566037735858,-2.031317783420317,0.03847938144329891,0.0
2023-03-28,7.77,7.76,0.0051813587419975845,-0.0012682309879950536,0.013554739664777493,-0.3295096214580748,0.0012878301844286859,7.627999999999998,7.9030000000000005,8.175333333333334,1,28,3,7.700997203375197,8.091506229268152,38.812785388127836,-0.28486820464982543,-0.31653541676393976,8.715846849043603,7.090153150956398,0.023907560320975692,0.02371128575353165,0.020778036058839763,-8890201.0,-0.32724491743183604,0.0,0.0,-1,0.0,0,39.0,0.07876848698061045,-0.0025773195876288113,-1.2482626074194523,0.31713228519515346,0.37640499221660106,0.017015706806282616,-0.09228971962616828,-1.6649759358088707,0.02380952380952376,0.0
2023-03-29,7.84,7.77,0.012837146760680682,0.0050633019565466345,0.00841156690428478,0.3366785590590614,0.008968669982760536,7.638,7.8595,8.140333333333334,2,29,3,7.726270439125161,8.075280020928272,46.23115577889446,-0.2553356117080803,-0.30429545575276784,8.578167626858795,7.140832373141205,0.024007173151305163,0.02336787760819068,0.020750585115240135,-8488846.0,-0.05426708890515044,0.0,0.0,-1,0.0,0,41.0,0.07184120024440196,0.009009009009009045,-0.46033289365762375,0.10890191605908765,0.3709535569120043,0.05802968960863697,-0.0998851894374283,-0.5393405740266771,0.02040816326530614,0.0
2023-03-30,7.81,7.84,0.007623925110659366,0.008799553951848841,-0.008411566904284804,-0.12983541730283713,-0.0038338705107219006,7.63,7.822999999999999,8.104666666666667,3,30,3,7.741493995647859,8.058165180868384,51.39664804469274,-0.2316808951673046,-0.28977254363567523,8.46634978617276,7.179650213827237,0.023200064117182558,0.023116347464313982,0.020743670101172285,-8841332.0,-0.04041347422320605,0.0,0.0,-1,0.0,0,45.0,0.08104636665314492,0.00765306122448986,-0.7159039122837951,0.15213310633103574,0.36696063966440007,0.04133333333333322,-0.08548009367681497,-0.11366682177504282,0.037772087067861705,0.0
2023-03-31,8.08,7.81,-0.008900249470264125,0.023501390836472402,0.01739174271186924,0.9319904509760497,0.03398690868140941,7.689,7.795,8.081,4,31,3,7.8030405418937026,8.059573878876876,62.631578947368446,-0.1889692979325952,-0.26961189449505923,8.327896751133405,7.262103248866594,0.017869081827545878,0.024470111375007604,0.021867618327707956,-7946173.0,1.0696255865468876,0.0,0.0,-1,0.0,0,49.0,0.07780910073867732,0.0025608194622279722,2.209488958070082,0.2437338548405438,0.38845097551393754,0.06176084099868584,-0.06481481481481488,0.7265477937386876,0.04331683168316827,0.0
2023-04-03,7.57,8.08,0.0339015516756812,-0.0049019706002066685,-0.05648250979258761,-0.19398614683874082,-0.06519880508364655,7.699000000000001,7.7535,8.040333333333333,0,3,4,7.760669534276666,8.027988467336433,45.5357142857143,-0.19403606023665443,-0.2544967276433783,8.212114618630036,7.294885381369965,0.028718412031091902,0.02744441869341359,0.024490871026059794,-8683488.0,-0.8002361570948054,0.0,0.0,-1,0.0,0,61.48571428571428,0.06304324362472526,0.0024752475247524224,1.2360501791053085,0.5712139336153828,0.4356666404370274,-0.02448453608247414,-0.09880952380952379,-1.2559494036575147,0.09775429326287981,0.0
2023-04-04,7.45,7.57,-0.0663508620241127,-0.06470233471808334,0.001350439097871325,-0.1088590298117321,-0.01597903505788926,7.68,7.7204999999999995,8.002333333333334,1,4,4,7.70418416440818,7.990698888798599,43.776824034334766,-0.20536715822146778,-0.2446708137589962,8.165896334444911,7.275103665555088,0.028164341265547555,0.02668813282035622,0.02434719617082277,-9344754.0,-1.2146485234869204,0.0,0.0,-1,0.0,0,50.22857142857144,0.055242845874839144,0.0013210039630118609,0.7652485370860294,0.5733881895306115,0.4236609743959404,-0.041184041184041065,-0.08138101109741047,-0.7802542964960657,0.029530201342281844,0.0
2023-04-05,7.24,7.45,-0.03081288642953502,-0.03738753207162033,-0.051222269138044514,0.26555838244792246,-0.0285928259938432,7.663000000000001,7.669499999999999,7.951666666666666,2,5,4,7.619787043606692,7.942266702424496,36.401673640167374,-0.22865656936943957,-0.24146796488108485,8.08753928296918,7.2514607170308185,0.02795872918269719,0.02666856948814292,0.024276060407628332,-10207150.0,-2.05483081374275,0.0,0.0,-1,0.0,0,52.62857142857143,0.06701982168484352,-0.01342281879194638,1.5946345148706895,0.5652642276842008,0.42335041612482766,-0.07653061224489788,-0.12348668280871666,0.12735168969817345,0.042817679558010996,0.0
2023-04-06,7.17,7.24,-0.013698844358161802,-0.004773278752657548,-0.005698021114637779,0.27564470225994225,-0.00971555178609601,7.630000000000001,7.6285,7.897666666666667,3,6,4,7.538007581132748,7.892443044203562,42.23300970873786,-0.2498815317290255,-0.243150678250673,8.074123159182875,7.182876840817125,0.027584430040270544,0.025953561723727522,0.024217591998160985,-11343253.0,-2.0577925116851508,0.0,0.0,-1,0.0,0,55.0,0.04289240418791592,0.0013812154696132301,2.3393798488928343,0.5592949681418672,0.41200001974408723,-0.08194622279129316,-0.10262828535669588,0.2847229868780619,0.04393305439330549,0.0
2023-04-10,7.41,7.17,-0.009702085806450591,0.02896800733971465,0.024692612590371414,0.1436963869040598,0.03292478469646661,7.609999999999999,7.611,7.855666666666666,0,10,4,7.514733475472248,7.8613176865130105,48.6842105263158,-0.24451782381440967,-0.24342410736342035,8.06233252999502,7.15966747000498,0.02957814596839022,0.02668336096485548,0.02524298524164881,-10031584.0,-0.890695824660445,0.0,0.0,-1,0.0,0,57.91428571428572,0.04902749697216085,0.0013947001394699842,2.46953298483102,0.5530019446076494,0.42358522353825667,-0.08292079207920788,-0.045103092783505105,0.2433493421258002,0.04790823211875849,0.0
2023-04-11,7.48,7.41,0.028828351899977595,0.010568130061792249,0.025457171095100116,-0.5764948963099964,0.009402352678390334,7.582000000000001,7.6049999999999995,7.822333333333333,1,11,4,7.508418298113657,7.836716545447655,46.33027522935782,-0.2319449150629076,-0.24112826890331782,8.060122886817824,7.149877113182176,0.028901342093701748,0.02642259023884834,0.025163719343878475,-9294604.0,-0.5493021934097282,0.0,0.0,-1,0.0,0,58.48571428571428,0.043551525233999834,-0.0026990553306343403,0.42074814186649356,0.38277932267155573,0.4194456165969327,-0.011889035667106973,-0.015789473684210464,0.7777105826663707,0.03342245989304812,0.0
2023-04-12,7.47,7.48,0.030648634738444584,0.0013131978249603929,0.004067802219325527,-0.4215590791735609,-0.0013377928416600535,7.552000000000001,7.589999999999999,7.786,2,12,4,7.501433153002083,7.813057413483291,51.530612244897945,-0.22024881943067331,-0.23695237900878893,8.041989753027911,7.138010246972087,0.028867065754799026,0.025870649860143893,0.025043999202868122,-9778080.0,-0.5309854889236342,0.0,0.0,-1,0.0,0,60.74285714285714,0.04807732230270447,0.01871657754010691,-0.46592454485894486,0.3634463175245198,0.410683834713412,0.0026845637583892135,-0.038610038610038644,0.35948317911686695,0.03078982597054892,0.0
2023-04-13,7.49,7.47,-0.023905520853554366,-0.009891277478742667,0.00539812376955731,0.25890125845851636,0.002673798384402205,7.517,7.577500000000001,7.745333333333333,3,13,4,7.499354397910794,7.7922149997101755,49.73544973544975,-0.20697981208996907,-0.23095786562502496,8.025836105124295,7.129163894875706,0.02862947418135596,0.025882465235998,0.024744361858008025,-9151734.0,-0.39033215928814047,0.0,0.0,-1,0.0,0,63.17142857142856,0.054909778864031276,-0.004016064257028027,0.012249527252404751,0.25997267766007814,0.4108713979903524,0.03453038674033149,-0.03229974160206717,1.2843424134058432,0.01535380507343127,0.0
2023-04-14,7.36,7.49,0.008032171697264253,0.00396825917562067,-0.018336676754918856,-0.17820325610797164,-0.017508864788343226,7.4719999999999995,7.551,7.706,4,14,4,7.474017234654285,7.764330161019196,43.455497382198956,-0.20459549224081286,-0.22568539094818255,7.983953139557575,7.118046860442425,0.028928932277279634,0.025638765204205417,0.024702897055915926,-9675843.0,-0.8823125763456922,0.0,0.0,-1,0.0,0,65.71428571428571,0.04548057733030694,0.0013351134846461665,-0.34482743476435496,0.2943332186795733,0.40700277991862216,0.02649930264993028,-0.06717363751584271,0.6640848589853962,0.038043478260869595,0.0
2023-04-17,7.49,7.36,-0.021564177915840525,0.0006598482588475243,-0.0006856359541822224,-0.002697731683519611,0.017508864788343126,7.412999999999999,7.550999999999999,7.667666666666666,0,17,4,7.476923191989869,7.7466314409534425,42.857142857142875,-0.19002549244742006,-0.21855341124803007,7.983953139557574,7.1180468604424245,0.026735336023783255,0.02342836529998384,0.024862216432659786,-9153146.0,-0.2817856919219185,0.0,0.0,-1,0.0,0,67.08571428571429,0.06253103344203122,-0.002717391304347889,-0.28482099347803563,0.20801236199920656,0.37191376925119446,0.010796221322537214,0.0,-0.6452814673873846,0.03871829105473966,0.0
2023-04-18,7.47,7.49,0.02156417791584064,0.0013183917532582322,0.014976454189557259,-0.37007135774568684,-0.0026737983844022043,7.4030000000000005,7.550999999999999,7.636666666666667,1,18,4,7.475664429809893,7.7287842512145115,42.10526315789476,-0.17804015936202777,-0.21045076087082962,7.983953139557574,7.1180468604424245,0.01814864009109373,0.02342836529998384,0.024469263270569003,-9514165.0,-0.3741744433717314,0.0,0.0,-1,0.0,0,65.4857142857143,0.0375935834076714,0.0013351134846461665,-0.8449406351565706,0.19908220132344162,0.37191376925119446,-0.0013368983957220415,0.0,0.14069142314706834,0.025435073627844647,0.0
2023-04-19,7.46,7.47,-0.0026702285558788097,-0.007936549595736303,0.0,0.5585289864472431,-0.0013395849290564722,7.404000000000001,7.542,7.614999999999999,2,19,4,7.472816351662639,7.711443331781318,39.67391304347827,-0.16741871424541532,-0.20184435154574676,7.974646689453261,7.109353310546739,0.017410360807485738,0.02282250305549412,0.02376350121794456,-10145262.0,-0.37906218630090016,0.0,0.0,-1,0.0,0,67.25714285714287,0.044420006099044354,0.0013386880856761279,0.08103649445083111,0.1990828429860299,0.3622960042850952,-0.0013386880856760541,-0.023560209424083767,0.1408313130695144,0.017426273458445028,0.0
2023-04-20,7.4,7.46,-0.005361943141385399,-0.008000042667076376,-0.006779686985378804,-0.15949693100987003,-0.008075414005545307,7.42,7.541500000000001,7.586333333333333,3,20,4,7.459577014996705,7.691350213601878,39.037433155080244,-0.16197548842191,-0.19387057892097942,7.974811605393338,7.108188394606664,0.014707329944204388,0.021851195675608726,0.023446651227011048,-10683318.0,-0.653109670910174,0.0,0.0,-1,0.0,0,64.05714285714285,0.038136341767060586,-0.002680965147453026,-0.3024049371912663,0.20379594049334768,0.3468769776424242,-0.012016021361815787,-0.0013495276653171517,0.8764993284216651,0.01621621621621623,0.0
2023-04-21,7.4,7.4,-0.004040409537004974,-0.0013395849290564722,-0.0027247973261851424,-0.42112921469402953,0.0,7.443,7.536500000000001,7.566666666666666,4,21,4,7.448744830451849,7.672553425627564,28.75000000000003,-0.15586497829327328,-0.18626945879543821,7.97411434595955,7.098885654040452,0.014141130504418304,0.021668648333213004,0.022788433494114694,-10683318.0,-0.6238369526058374,0.0,0.0,-1,0.0,0,63.51428571428572,0.03728157042543188,0.0013513513513513226,-0.9738008810023311,0.15458222994144374,0.3439791284195752,0.005434782608695565,-0.013333333333333308,1.6627390000146431,0.01756756756756755,0.0
2023-04-24,7.41,7.4,-0.009491596681571396,-0.0026845653706688757,-0.0054719698779933795,0.23465524194900544,0.001350439097871325,7.443,7.5265,7.555000000000001,0,24,4,7.44170031582424,7.655614494941916,42.727272727272734,-0.14850358171621192,-0.17871628337959297,7.966178111924387,7.0868218880756135,0.009350264700842877,0.021382586658434947,0.0222381895885703,-10236796.0,-0.52993313444739,0.0,0.0,-1,0.0,0,63.48571428571429,0.027812054306822036,-0.008108108108108174,-0.6145340206392366,0.057530884447393627,0.3394380401130389,-0.010680907877169576,-0.026281208935611033,-1.3388036140828177,0.020242914979757134,0.0
2023-04-25,7.26,7.41,-0.0054644944720787375,-0.010308325032965398,-0.015204162960434047,0.7622562023251833,-0.02045061047129088,7.420999999999999,7.5015,7.543666666666667,1,25,4,7.4086638947652865,7.630090979139212,41.592920353982294,-0.15300956922174969,-0.1735749405480243,7.942134709672936,7.060865290327064,0.0106540061224853,0.021200540922480002,0.022227036911615844,-11193740.0,-1.0961460579410793,0.0,0.0,-1,0.0,0,57.0,0.023721548188139957,-0.014844804318488572,1.1404700577958997,0.14158776053557887,0.33654815364557983,-0.028112449799196804,-0.06443298969072164,-1.4758364501294037,0.0253030303030303,0.0
2023-04-26,7.22,7.26,-0.015183176421390006,-0.0011821697586342427,-0.001393728448603803,-0.4336690074061107,-0.005524875931969916,7.395999999999999,7.473999999999999,7.525333333333333,2,26,4,7.374361368444324,7.603633496614102,48.95833333333331,-0.15798708570931552,-0.17045736958028257,7.912725426662431,7.035274573337568,0.010666401471185229,0.021180826595685064,0.02178247297224683,-11813961.0,-1.1578996090209959,0.0,0.0,-1,0.0,0,52.0,0.02841099497482142,-0.009641873278236832,-0.14274168243287572,0.1365858516497009,0.33623519840979305,-0.03217158176943702,-0.07078507078507079,-1.2099117775721886,0.025623268698061013,0.0
2023-04-27,7.4,7.22,0.008310297133628035,0.011490494791599684,0.011095814255054447,-0.09070470478339893,0.024625047305389194,7.3870000000000005,7.452,7.514,3,27,4,7.379022937818084,7.590495851671258,60.747663551401864,-0.1457274523510348,-0.165511386134433,7.8562198463839445,7.047780153616055,0.013895489336863031,0.02195860029426051,0.02233456720589314,-11247521.0,-0.25728573431106516,0.0,0.0,-1,0.0,0,58.0,0.032881150837902405,0.004155124653739647,-0.386317392961109,0.2588377353695992,0.3485819731060983,0.0,-0.05612244897959173,0.6437808631405125,0.025675675675675726,0.0
2023-04-28,7.48,7.4,0.02452438986308435,0.014014243374811766,0.02452438986308435,0.20506572620737354,0.010752791776261915,7.399000000000001,7.4355,7.500333333333333,4,28,4,7.397382403669341,7.583367087047306,53.846153846153854,-0.12807984841106013,-0.15802507858975842,7.803508867170241,7.067491132829759,0.01306918162719469,0.022160390637275155,0.022115331886895927,-10552156.0,0.24184199876583143,0.0,0.0,-1,0.0,0,59.0,0.034309179598317,0.0040540540540539675,0.04870625747000223,0.2697093615227562,0.35178529549364534,0.010810810810810922,-0.04225352112676051,0.03265201102453969,0.015374331550802168,0.0
2023-05-01,7.42,7.48,0.00670693325671808,-0.0013262601413534553,-0.002695419421672211,-0.31488697609102045,-0.008053734807096827,7.392,7.402500000000001,7.498,0,1,5,7.401494693911278,7.572827274979739,46.66666666666665,-0.11758010346195036,-0.1499360835641968,7.6109403234050195,7.194059676594982,0.01206786614197381,0.020449545036738077,0.020127358927343658,-11059683.0,0.16791376749109246,0.0,0.0,-1,0.0,0,59.0,0.0348058091399898,0.0,-0.638145959804097,0.2797379259276939,0.32462646354974495,0.0013495276653170407,-0.08168316831683164,0.4807640767735865,0.016846361185983826,0.0
2023-05-02,7.31,7.42,-0.0148150857851407,-0.01807883186833472,-0.03992271388411116,0.03187306819964419,-0.014935783417602037,7.3759999999999994,7.389500000000001,7.492666666666667,1,2,5,7.384859295018318,7.555870676593949,42.000000000000014,-0.11678879213758364,-0.14330662527887417,7.586046499118978,7.192953500881024,0.012855361594785003,0.015313941268752039,0.02030214449277795,-11583647.0,-0.808968873588298,0.0,0.0,-1,0.0,0,55.0,0.03465781745128526,-0.006738544474393507,-0.5248224704820003,0.256212234920088,0.24310128113620108,0.00688705234159781,-0.034346103038309206,0.8110593629488361,0.03830369357045147,0.0
2023-05-03,7.24,7.31,-0.0040788635748210044,0.0026990569691649835,0.01533131074678893,-0.04151892958948104,-0.009622067364062096,7.354000000000001,7.379,7.479333333333333,2,3,5,7.358521241378623,7.535491923265307,38.0952380952381,-0.12042193805566992,-0.1387296878342333,7.584185410377336,7.173814589622663,0.013064170670717442,0.015069633491689549,0.019877595338991916,-12086302.0,-1.3548721592278687,0.0,0.0,-1,0.0,0,54.0,0.033889922744047216,0.0041039671682626885,-0.5738339654369125,0.26468423896967713,0.23922301540740296,0.0027700831024930483,-0.028187919463087296,0.8890382357167195,0.026243093922651863,0.0
2023-05-04,7.18,7.24,-0.019257816604414533,-0.024557850781664062,-0.016736792355523864,-0.32993527416399565,-0.008321823337492217,7.331999999999999,7.376,7.471666666666667,3,4,5,7.326062833855237,7.512556960473997,40.81632653061223,-0.12668241490823728,-0.1363202332490341,7.5912501604623905,7.16074983953761,0.013075058878873278,0.013806341445456515,0.01918573733310092,-12447696.0,-1.8211368537794603,0.0,0.0,-1,0.0,0,49.6,0.03913147276792454,-0.005524861878453044,-1.0320455023193356,0.15525060035410163,0.21916887588193182,-0.02972972972972987,-0.008287292817679592,1.7703197280013925,0.01810584958217269,0.0
2023-05-05,7.31,7.18,0.01925781660441452,0.021858793812499017,0.013966707481708102,0.38946967605516297,0.01794389070155427,7.323,7.383,7.465333333333334,4,5,5,7.32314231860883,7.4994887694756756,40.81632653061223,-0.11977330230089667,-0.13301084705940663,7.578216479028661,7.187783520971339,0.014681827077584612,0.01420817766770909,0.01935527945089987,-11914207.0,-0.7478876820566246,0.0,0.0,-1,0.0,0,53.885714285714286,0.03805882733714651,0.022284122562674116,-0.2576669842441916,0.20547104062948857,0.22554782815307978,-0.022727272727272818,0.019525801952580135,1.972286518662241,0.02599179206566353,0.0
2023-05-08,7.36,7.31,0.0027210901143608075,0.009414998934601883,0.017869891329566498,-0.2543046301630862,0.0068166589790979405,7.3180000000000005,7.3805,7.456999999999999,0,8,5,7.329843715225406,7.490489494025632,44.55445544554459,-0.10900663798117449,-0.12821000524376022,7.575541156250972,7.185458843749028,0.01488591608668468,0.012102769738788518,0.019193473424137582,-11500510.0,-0.21021204338658264,0.0,0.0,-1,0.0,0,57.142857142857146,0.03834999619970234,0.006839945280437854,-0.9192482299508796,0.21632044725242267,0.19212551342347545,-0.008086253369272156,-0.006747638326585648,0.8264617557699003,0.017663043478260854,0.0
2023-05-09,7.42,7.36,-0.004084416842224736,0.0,-0.010959013789719543,0.6558287558018814,0.008119124438504191,7.3340000000000005,7.3775,7.445666666666667,1,9,5,7.3462357670026055,7.485941784733656,48.11320754716981,-0.09454265154286023,-0.12147653450358023,7.567887416656642,7.1871125833433585,0.013346505179992738,0.012051427470822917,0.01887820754874297,-10703424.0,0.4464580773911854,0.0,0.0,-1,0.0,0,59.0,0.04826788932234296,-0.004076086956521773,1.6823242857019747,0.18699310725155122,0.19131048018677735,0.015047879616963078,-0.008021390374331583,0.03446505131450691,0.028301886792452827,0.0
2023-05-10,7.31,7.42,0.08746602578127581,0.11912082849804341,-0.0069108775398470275,0.8685628998309498,-0.014935783417602037,7.343000000000001,7.3695,7.4303333333333335,2,10,5,7.339647445729404,7.474590701847615,45.94594594594592,-0.09090798807645584,-0.11536282521815536,7.5569454306560235,7.182054569343977,0.01424408934435215,0.012480275015010324,0.019030100905134344,-12603265.0,-0.6348514316061183,0.0,0.0,-1,0.0,0,59.971428571428575,0.04271262983136611,0.07816711590296498,3.8181278663649194,0.21143135412251765,0.1981182239004613,0.00966850828729271,-0.021419009370816644,-0.23300959428681636,0.16484268125854984,0.0
2023-05-11,7.02,7.31,-0.09568525013440798,-0.1421414794884238,-0.09447834834086011,-0.25699771357707457,-0.040480055723967366,7.305,7.345999999999999,7.403,3,11,5,7.281529728324057,7.44526226947035,36.42857142857142,-0.11015823193523921,-0.11432190656157214,7.581519582379786,7.110480417620212,0.01677601067769897,0.01513274312719157,0.020116267843081622,-14072545.0,-2.768347300092507,0.0,0.0,-1,0.0,0,59.057142857142864,0.03808242534010468,-0.00547195622435021,2.095534027282619,0.367444483208206,0.24022484981262462,-0.02228412256267409,-0.06275033377837125,-1.041216521131072,0.10541310541310545,0.0
2023-05-12,6.99,7.02,-0.040707374771146713,-0.03484673133016819,0.030032287098875076,0.015635189271630528,-0.004282661792000736,7.2559999999999985,7.327499999999999,7.375666666666667,4,12,5,7.228524323174229,7.415890510149683,35.211267605633836,-0.12637812975126472,-0.11673315119951065,7.611521867208796,7.0434781327912015,0.01583522802933265,0.014763470380484898,0.02011670051748425,-15564978.0,-2.3765775735280794,0.0,0.0,-1,0.0,0,57.34285714285715,0.03660728079608665,-0.005698005698005577,1.8369113218046533,0.3116645772811866,0.23436282669018701,-0.04377564979480153,-0.05027173913043481,-1.1593593589173707,0.04148783977110158,0.0
2023-05-15,7.08,6.99,0.0014316394714376703,0.014783796184236912,0.024836923146939104,-0.6845639694700217,0.012793351459909542,7.2219999999999995,7.307,7.342333333333333,0,15,5,7.201519900778914,7.394220154656155,43.38235294117649,-0.1304663331142324,-0.119479787582455,7.60065930850873,7.013340691491271,0.016970537014056864,0.01445542486352844,0.019063545791371928,-14812329.0,-1.5460092251307078,0.0,0.0,-1,0.0,0,57.0,0.03305597956687878,0.0,0.0743246908336497,0.33291282342652,0.2294727557080563,-0.03804347826086962,-0.05473965287049398,-0.9535593102277599,0.03177966101694923,0.0
2023-05-16,6.61,7.08,-0.0028653314732863936,-0.01478379618423698,-0.047276159338216855,0.1669503431142405,-0.06869025384203345,7.151999999999999,7.264,7.310333333333333,1,16,5,7.09397082791002,7.343625305968662,32.96089385474862,-0.16967542312095407,-0.1295189146901548,7.682488508299919,6.845511491700082,0.025914838061894298,0.020289409586647905,0.019417492129211067,-15701731.0,-3.1255338535188537,0.0,0.0,-1,0.0,0,55.28571428571429,0.025595499737727307,-0.015536723163841852,0.34038580341748514,0.4933385265279659,0.32208439208760103,-0.10916442048517516,-0.1151271753681391,-0.5457397654882226,0.0665658093797276,0.0
2023-05-17,6.5,6.61,-0.05303157090883747,-0.06293224687526042,-0.01986314349941156,0.04487931560359928,-0.016781476962003543,7.0779999999999985,7.215999999999999,7.278666666666666,2,17,5,6.98597613192638,7.28919786687391,23.837209302325576,-0.20723610135276171,-0.1450623520226762,7.745365061579623,6.686634938420376,0.02600710090973567,0.020396739066198957,0.019434179597790972,-16631958.0,-2.7051275271679547,0.0,0.0,-1,0.0,0,60.0,0.0267712407092662,0.0,0.40153186509731126,0.49173420240449295,0.32378819475502946,-0.11080711354309158,-0.12868632707774796,-0.49592267525772626,0.02153846153846149,0.0
2023-05-18,6.5,6.5,-0.01986314349941156,-0.012158204479809519,-0.013986241974739952,0.08644549477829858,0.0,7.01,7.170999999999999,7.2540000000000004,3,18,5,6.897616835212492,7.2382818754626905,20.121951219512184,-0.23430231818562852,-0.16291034525526665,7.781328643135587,6.560671356864412,0.0262135112758557,0.020447298768331467,0.018916500107701354,-16631958.0,-2.198815367906414,0.0,0.0,-1,0.0,0,64.0,0.023233590217466592,-0.0030769230769230114,0.5454888715770795,0.4867074147028843,0.3245908051442542,-0.07407407407407407,-0.12162162162162171,-1.6005112740522942,0.02307692307692313,0.0
2023-05-19,6.19,6.5,0.004618945856294458,0.0,-0.03503543047214693,0.5750202251244521,-0.04886709020508658,6.898000000000001,7.110499999999999,7.221333333333333,4,19,5,6.768959228810221,7.170650786723162,17.46031746031747,-0.2775672764656738,-0.1858417314973481,7.851210185529752,6.369789814470247,0.026743939182939352,0.022369517985710578,0.020553237516216617,-18434394.0,-2.4854525237604554,0.0,0.0,-1,0.0,0,65.45714285714287,0.013676055134707106,0.0015384615384615057,2.0423635399421953,0.5233032538836436,0.3551050892314602,-0.11444921316165946,-0.1635135135135135,-0.3570861100335484,0.05977382875605817,0.0
2023-05-22,6.21,6.19,-0.055262678675049415,-0.03303195203196529,-0.011410066738030899,-0.162619843777316,0.0032258092488825687,6.7829999999999995,7.0504999999999995,7.181333333333333,0,22,5,6.667330278117453,7.10867331661199,19.44444444444443,-0.3067057221099745,-0.21001452961987338,7.878343743201607,6.222656256798392,0.026421459224921864,0.022417620368806613,0.01932227310860062,-16902478.0,-2.0305764388565533,0.0,0.0,-1,0.0,0,67.85714285714286,0.018806733056818212,-0.004846526655896647,1.3038555211331342,0.4839909383153139,0.3558686908903102,-0.1228813559322034,-0.16194331983805665,-0.5631510065893219,0.03663446054750403,0.0
2023-05-23,6.14,6.21,0.008084118399959058,0.00590901857222785,0.0049059787688544056,-0.1908559877521802,-0.011336153786336352,6.654999999999999,6.9944999999999995,7.136666666666668,1,23,5,6.571452045732461,7.046178263927347,19.44444444444443,-0.33162381232006766,-0.23433638615991226,7.909600799739771,6.079399200260228,0.02508612185513066,0.022260550220837984,0.019132038753699704,-18168226.0,-1.8675538262954106,0.0,0.0,-1,0.0,0,65.0,0.016563332211997666,0.0,0.7009695515119224,0.32156851893539373,0.35337527959080756,-0.07110438729198199,-0.15426997245179064,-1.4058170408352508,0.038273615635179205,0.0
2023-05-24,5.86,6.14,-0.012966145997267423,-0.03761948206124991,-0.04675308870435495,0.30381280062029425,-0.046675138570129754,6.510000000000001,6.9265,7.083,2,24,5,6.442097128326559,6.969650633996551,17.32673267326733,-0.3697035261619357,-0.26140981416031694,7.964864604862733,5.888135395137267,0.026441279168323534,0.023768998601038403,0.0203951360014131,-19883334.0,-2.054191745376347,0.0,0.0,-1,0.0,0,61.82857142857143,0.010140086313747888,-0.001628664495113972,1.446803680574128,0.39189913229987017,0.37732115526833865,-0.09846153846153838,-0.18836565096952906,-0.41157203736960607,0.047781569965870345,0.0
2023-05-25,5.7,5.86,-0.05361417908430017,-0.04504514635919869,-0.03655759573379758,-0.10455635459604361,-0.027683428748416856,6.378,6.841499999999999,7.0233333333333325,3,25,5,6.30717037772173,6.887737689867742,10.731707317073159,-0.40808844696497193,-0.290745540721248,7.989225897957464,5.693774102042534,0.025780085024830438,0.02255528431780943,0.02059490748980352,-21428173.0,-1.9891508974946956,0.0,0.0,-1,0.0,0,62.6857142857143,-0.0004901344597633321,-0.008532423208191246,1.0038569645294937,0.3484725961173676,0.35805403833167343,-0.12307692307692308,-0.22972972972972971,0.3488255296797914,0.03859649122807029,0.0
2023-05-26,5.63,5.7,-0.024391453124159124,-0.018949748779662233,-0.023319442345144416,-0.016854307716125765,-0.012356732688905492,6.242,6.7490000000000006,6.9656666666666665,4,26,5,6.1840484908632325,6.806593322779501,8.212560386473399,-0.43909556785663817,-0.320415546148326,7.975546714196176,5.5224532858038256,0.025347501725166758,0.02186802569300659,0.020543421478313287,-22947193.0,-1.8246349479372983,0.0,0.0,-1,0.0,0,65.71428571428571,-0.010679804243987248,-0.005263157894736885,0.8648722689904894,0.29433302806251793,0.347144145885998,-0.0904684975767367,-0.24732620320855625,-0.5954752929651608,0.04262877442273538,0.0
2023-05-30,5.6,5.63,0.0017621149933992233,0.005203827875027044,0.014414664002184748,0.43995576966605604,-0.0053428444104954695,6.093999999999999,6.6579999999999995,6.902666666666667,1,30,5,6.077857856160826,6.728748592277598,5.392156862745082,-0.4607781204884951,-0.3484880610163598,7.943573392447352,5.372426607552647,0.023198339546897612,0.021914188132977602,0.01994685554102463,-25305682.0,-1.6459581478827587,0.0,0.0,-1,0.0,0,66.08571428571429,-0.019190023882578212,0.008880994671403165,2.0868196043164384,0.25832221305463365,0.3478769519024495,-0.09822866344605485,-0.24528301886792458,-1.1364270323025858,0.0339285714285715,0.0
2023-05-31,5.42,5.6,-0.015971945566052113,-0.01657255548178683,-0.0420153120842971,0.04551781293236363,-0.03267078228954871,5.975,6.5635,6.834333333333333,2,31,5,5.958247336858856,6.6443131992274305,5.213270142180065,-0.4868738170463489,-0.37616521222235766,7.923008812228335,5.203991187771666,0.01802053644257718,0.022298176020569507,0.02032367045062607,-27774005.0,-1.6822252120980672,0.0,0.0,-1,0.0,0,64.17142857142858,-0.02367192178378922,-0.0017857142857142477,1.9442856327169216,0.25454257353093596,0.35397257064462473,-0.11726384364820841,-0.2585499316005472,-0.0906865521641395,0.05996309963099618,0.0
2023-06-01,5.65,5.42,-0.023530497410194046,0.01484095331750893,0.018484814674102942,-0.3166894133932113,0.04155972970679472,5.89,6.484,6.774,3,1,6,5.902202366520882,6.580163960567597,16.585365853658544,-0.48342316543730224,-0.3976168028653466,7.862762221399353,5.105237778600647,0.026670562201933038,0.025690368478067837,0.022458324117882796,-25975691.0,-1.209780754151422,0.0,0.0,-1,0.0,0,68.05714285714286,-0.008947099772891987,0.007380073800738014,0.7792143679836563,0.47084158807276155,0.4078219564954825,-0.03583617747440271,-0.2196132596685083,1.5266715916464169,0.05486725663716807,0.0
2023-06-02,6.05,5.65,0.05695489292747244,0.05397600120179744,0.05695489292747244,-0.005284430289364129,0.06840272688440041,5.845000000000001,6.4275,6.729,4,2,6,5.929074663517085,6.545959834079365,30.578512396694208,-0.4433017356531499,-0.4067537894229073,7.778505473517362,5.076494526482638,0.03776806853014985,0.031680298235693176,0.02676979123069544,-24186855.0,-0.5588430356498464,0.0,0.0,-1,0.0,0,75.42857142857143,0.009285746758357714,0.023008849557522103,0.6874640554771856,0.6744023464013927,0.5029091435520148,0.06140350877192979,-0.15738161559888575,0.6023464286807461,0.05123966942148754,0.0
2023-06-05,5.99,6.05,0.04730611739693684,0.02240717224994619,0.028987536873252187,-0.7158087752166487,-0.009966859915392036,5.825,6.3615,6.6819999999999995,0,5,6,5.940151997423069,6.510091457687149,27.196652719665266,-0.41160202017379266,-0.4077234355730844,7.6588864416385585,5.064113558361442,0.0349781355211261,0.031076584625297936,0.026749961892180797,-25061232.0,-0.5726898140399977,0.0,0.0,-1,0.0,0,69.0,-0.0019327410041504,0.001652892561983436,-0.9963259005909165,0.6690758119489991,0.49332548709475027,0.06394316163410307,-0.1805745554035567,0.583129750372651,0.04641068447412347,0.0
2023-06-06,6.29,5.99,-0.01831858052368463,0.028804016960826854,-0.003367006547904407,0.5624019710810623,0.0488696585849912,5.833,6.308,6.644666666666667,1,6,6,6.003760725164328,6.495892008804107,42.79279279279279,-0.35814381550849905,-0.3978075115601673,7.51727294381036,5.09872705618964,0.038796106760266146,0.03366610296470492,0.02866528296146537,-23526803.0,-0.029769954073863056,0.0,0.0,-1,0.0,0,73.0,0.022471678668094085,-0.0066777963272120254,0.12661947753377883,0.6879458156751886,0.5344328163438213,0.12321428571428572,-0.14538043478260876,-0.4871073216784212,0.0763116057233705,0.0
2023-06-07,7.0,6.29,0.06663715779449236,0.09941463677304962,0.07000416434239674,0.2811938427675275,0.10694907834296406,5.919,6.287,6.636,2,7,6,6.1848951387708135,6.528415105010294,58.86524822695036,-0.2555410190840268,-0.3693542130649392,7.427601872512554,5.146398127487446,0.05178571259286786,0.04303471096303555,0.03567814292308688,-21494129.0,1.2502171304162097,0.0,0.0,-1,0.0,0,74.0,0.06759020754699412,0.011128775834658232,1.0420503487147108,0.7090604240888969,0.6831548577104222,0.29151291512915134,-0.05660377358490565,-0.16859883350101132,0.10285714285714283,0.0
2023-06-08,6.84,7.0,0.09302053942225041,0.02096512846504487,0.062472709572152785,-0.21898601883908778,-0.023122417420854264,6.017,6.2635,6.623333333333333,3,8,6,6.3040051135397555,6.548517356299953,55.70469798657719,-0.1850055971664606,-0.3324844898852435,7.332474422420701,5.194525577579299,0.04929911946584708,0.043197360505669545,0.03590011534024924,-23127043.0,1.0786039177523281,0.0,0.0,-1,0.0,0,75.0,0.06467859726460723,-0.0028571428571427964,0.237891159155448,0.8981314122636128,0.6857368391544298,0.2106194690265486,-0.06429548563611487,0.0851591147504601,0.06725146198830421,0.0
2023-06-09,6.52,6.84,-0.02318944491891044,-0.05689972140672391,-0.03916163070370577,-1.1899580520365671,-0.047913355695897504,6.098999999999999,6.2385,6.593999999999999,4,9,6,6.343276911077981,6.546677526861247,55.51839464882942,-0.15316154185023034,-0.29661990027824087,7.255084063368562,5.221915936631438,0.0515612245245399,0.04354771487294492,0.03648357224435822,-23623831.0,0.5538154888386082,0.0,0.0,-1,0.0,0,76.0,0.046930898372050577,-0.0029239766081870723,-1.8608381233447528,1.0247361805110984,0.691298542313766,0.07768595041322301,-0.07122507122507127,0.9158109194049497,0.04909509202453989,0.0
2023-06-12,6.28,6.52,-0.04959694113937206,-0.04953713786235799,-0.04235927383914151,0.40554830579800033,-0.03750439545845417,6.164,6.203,6.554,0,12,6,6.3317720181547115,6.529472525128264,51.09034267912773,-0.14561236413124412,-0.2664183930488415,7.156731728803503,5.249268271196498,0.053532542908932876,0.04420802719131617,0.03686965277950758,-24369075.0,0.16147098324305467,0.0,0.0,-1,0.0,0,78.0,0.0294094099712203,-0.004601226993864933,-1.2567304576545286,1.084739387995547,0.701780675406023,0.048414023372287174,-0.10157367668097284,0.9913631474401196,0.04140127388535028,0.0
2023-06-13,6.34,6.28,-0.02180771781139841,-0.0061728591070809675,0.009569451016150672,-0.1419559787108705,0.009508787969027136,6.238,6.166,6.518,1,13,6,6.333268014853855,6.517248491249021,53.12500000000001,-0.13325204125589885,-0.23978512269025298,7.029637350792806,5.302362649207195,0.05319580736112203,0.04414576800277177,0.036962300933939596,-23722457.0,0.4029469078433681,0.0,0.0,-1,0.0,0,79.0,0.03458220776761228,0.011146496815286528,-1.4078290687064114,1.0302442553230242,0.7007923414277201,0.007949125596184325,-0.10451977401129942,1.6967859004134567,0.025236593059936932,0.0
2023-06-14,6.12,6.34,0.00940445802797842,-0.0015491869868293781,-0.032260862218221435,0.2972833368436031,-0.035316671924899845,6.308,6.141500000000001,6.4783333333333335,2,14,6,6.294492012153155,6.49161955632973,54.14012738853503,-0.13959934337628788,-0.21974796682745998,6.979524619661082,5.303475380338919,0.053446375067103015,0.04234370657245156,0.03732849783853538,-24592932.0,-0.05131114169102972,0.0,0.0,-1,0.0,0,79.0,0.019428924269595967,0.011041009463722443,-1.0018006778757875,0.34579211429792256,0.6721855030763882,-0.12571428571428567,-0.07413010590015134,1.4469939949945887,0.05718954248366022,0.0
2023-06-15,6.37,6.12,-0.047932497749074675,-0.004662013105811301,-0.004930166107858609,0.2938318819854839,0.04003737305983734,6.38,6.135,6.449333333333334,3,15,6,6.308220737216217,6.483773133340716,60.371517027863774,-0.12303840522700504,-0.200406054507369,6.963276587417128,5.306723412582872,0.053353150058747086,0.04331055655373309,0.03825073928864151,-23425139.0,0.5674432999073823,0.0,0.0,-1,0.0,0,80.0,0.03971963834460371,-0.0016339869281045403,-0.497190426793655,0.5932241452757145,0.6875337707098585,-0.06871345029239762,-0.020000000000000018,0.9184849353612969,0.05494505494505489,0.0
2023-06-16,6.14,6.37,0.049491344518365864,0.0,0.006568168112097169,0.12219710366010465,-0.0367747274250209,6.389,6.117,6.414666666666666,4,16,6,6.27763514863145,6.461594221512283,57.52212389380531,-0.1270087425148656,-0.18572659210886833,6.9273306667490075,5.306669333250992,0.051222143629824635,0.04405048266633379,0.03870368346673266,-24744718.0,0.05676694945354629,0.0,0.0,-1,0.0,0,81.25714285714287,0.021126786356525918,0.00784929356357925,-0.2520461999880565,0.5594543590867682,0.6992797336048839,-0.05828220858895705,-0.055384615384615477,1.0313097254672063,0.05048859934853414,0.0
2023-06-20,6.01,6.14,-0.05770831762064673,-0.054413421723794174,-0.04177716959458269,-0.12020045640494306,-0.021399993611934894,6.391,6.108,6.371333333333333,1,20,6,6.228974212516641,6.432459110446975,55.873925501432666,-0.13904238292541216,-0.1763897502721771,6.918915012744828,5.297084987255172,0.051650089156436936,0.04298736832952533,0.038576993291300175,-25914845.0,-0.2417022707923098,0.0,0.0,-1,0.0,0,80.11428571428571,0.013689504706061843,-0.013029315960912065,-0.4727520169032674,0.5247213092908455,0.6824033167023487,-0.042993630573248454,-0.029079159935379795,0.9528259095797147,0.03660565723793673,0.0
2023-06-21,5.98,6.01,-0.008285051534106806,0.0,0.0051063940745740555,-0.09616677842510876,-0.005004180584575727,6.36,6.096500000000001,6.325333333333334,2,21,6,6.183706173877251,6.403268200095558,58.38323353293414,-0.14927908258694877,-0.17096761673513144,6.9078478065281885,5.285152193471813,0.04874802065836345,0.0429878942243672,0.03850369933109433,-26977686.0,-0.28717647120662493,0.0,0.0,-1,0.0,0,80.11428571428573,0.013129500777037787,0.0,-0.6227158654888216,0.5032352515177202,0.6824116650241527,-0.05678233438485791,-0.03703703703703698,1.4664650297582338,0.03177257525083618,0.0
2023-06-22,6.08,5.98,-0.015088299651201884,0.007374060452715031,-0.010238997301094312,0.3456602791134651,0.01658412801553526,6.268,6.093500000000001,6.280666666666666,3,22,6,6.164850505899569,6.382412187186167,56.69781931464174,-0.1476208947709221,-0.1662982723422896,6.9046142433650655,5.282385756634936,0.028341350254721676,0.04309261063177465,0.038645363218748015,-25475974.0,-0.033287542686941715,0.0,0.0,-1,0.0,0,80.0,0.018309224046214448,-0.010033444816053593,0.16476123378218818,0.48416035942931374,0.6840739864572822,-0.006535947712418277,-0.009771986970683932,0.391377324651284,0.04851973684210525,0.0
2023-06-23,5.77,6.08,-0.0016906174779074388,-0.02479465861321639,-0.04114365859851255,1.622454672060468,-0.05233261545806757,6.161,6.089,6.229333333333333,4,23,6,6.093059504826919,6.3429017234967375,45.512820512820504,-0.1693688001028555,-0.1669123778944028,6.906541886903854,5.271458113096147,0.03066010549128372,0.04341055026315703,0.03948777180212655,-33082910.0,-0.7803881491824199,0.0,0.0,-1,0.0,0,75.0,0.012172945849655717,-0.02796052631578946,3.962375146967147,0.4194274519989395,0.6891211216366981,-0.0941915227629514,-0.015358361774744145,0.2973471616805302,0.06585788561525129,0.0
2023-06-26,5.78,5.77,-0.03267702602630036,-0.01432810015407903,0.02209546362781792,-1.9191859504479005,0.0017316021642781155,6.087000000000001,6.093,6.188000000000001,0,26,6,6.036139594858388,6.306585483271142,46.57980456026059,-0.18367990769792808,-0.17026588385510788,6.903278704488509,5.282721295511491,0.02912571272499891,0.04292880802927664,0.039031626329300725,-31966772.0,-0.7725736793183575,0.0,0.0,-1,0.0,0,73.0,0.030392527234268767,-0.008665511265164615,-0.3810212504806326,0.4098623204781593,0.6814737007553928,-0.05863192182410415,0.01403508771929829,-0.8591276977377954,0.02941176470588234,0.0
2023-06-27,5.68,5.78,0.008703275128301671,-0.010410538600082564,-0.02478002899848685,-0.006662903818706424,-0.017452449951226166,6.027,6.0954999999999995,6.144333333333334,1,27,6,5.971386941247772,6.266160613382682,39.37282229965157,-0.20077630358924825,-0.17636796780193598,6.900052180114207,5.290947819885792,0.027875349312756686,0.04302849036053078,0.03908722057031075,-33075498.0,-1.0328727216698836,0.0,0.0,-1,0.0,0,75.0,0.01861400909888065,-0.0017301038062284904,-0.3709600071966557,0.4051428296169459,0.6830561087070265,-0.05490848585690522,0.008880994671403242,-1.0245304584244102,0.043838028169014026,0.0
2023-06-28,5.73,5.68,-0.02101653536165844,-0.0153862487319376,0.0,-0.025819178853385024,0.008764297993588258,5.965999999999999,6.101999999999999,6.099333333333333,2,28,6,5.92749840647545,6.231569606067671,21.26696832579188,-0.2078942627224558,-0.18267322678603995,6.89165948690772,5.312340513092279,0.02781882243284799,0.04302997936385553,0.039025813216216114,-31995032.0,-0.9421782582686062,0.0,0.0,-1,0.0,0,76.0,0.023926462195094055,-0.0052816901408449584,-0.34809519361557634,0.429084108282576,0.6830797459020184,-0.041806020066889604,0.023214285714285854,-1.216506189316576,0.02792321116928449,0.0
2023-06-29,5.95,5.73,0.012313260233356887,0.05342516667358036,0.024780028998486865,-0.24270820776807467,0.03767568883089006,5.949,6.128500000000001,6.077333333333333,3,29,6,5.931589605298095,6.2134038250310475,30.39647577092512,-0.19355198839408683,-0.18484897910764933,6.85482528597925,5.4021747140207514,0.03003880141005528,0.04297456229929233,0.03814232156011435,-31147406.0,-0.4915153126173835,0.0,0.0,-1,0.0,0,79.0,0.03678775998013267,-0.001745200698080397,-0.45125652829396745,0.5252198797925478,0.6822000272746777,-0.021381578947368363,0.09778597785977872,-0.3370230217911189,0.056302521008403356,0.0
2023-06-30,6.15,5.95,0.04612260673565154,0.02849195579430624,0.03436764350420782,0.991154311161278,0.03306086226088821,5.9270000000000005,6.1535,6.065666666666667,4,30,6,5.971300586152987,6.209313255674206,41.395348837209326,-0.16415502715796748,-0.18071018871771297,6.844015444394675,5.462984555605326,0.028948387423253466,0.042619642709383,0.03861472361511741,-28863611.0,-0.010137354720771059,0.0,0.0,-1,0.0,0,79.0,0.0512729190446432,0.006722689075630258,0.49325853068552294,0.3665336651302554,0.676565853452727,0.06585788561525141,0.08849557522123885,-0.15234035571170382,0.05040650406504073,0.0
2023-07-03,5.99,6.15,0.02147068439687665,-0.0032154368539744657,0.005054770661624054,-1.3992419347001648,-0.026360669691068508,5.912000000000001,6.1505,6.048666666666667,0,3,7,5.974700479579716,6.195164013372645,42.995169082125614,-0.15201604012501946,-0.1749713589991743,6.843425909307539,5.457574090692461,0.0278252496052685,0.040192872728390096,0.03887950114025169,-29427215.0,-0.46325299095942946,0.0,0.0,-1,0.0,0,82.22857142857143,0.055673231179618476,-0.004878048780487845,-0.6075808652539552,0.46121561394045446,0.638042074299542,0.03633217993079585,-0.009917355371900749,-0.09505085406147537,0.043405676126878096,0.0
2023-07-05,5.78,5.99,-0.02481516911972402,-0.03606948381802935,-0.030719139037530315,0.5119683266056883,-0.03568772944307185,5.889,6.14,6.035,2,5,7,5.939300392383403,6.168379238316346,37.3873873873874,-0.1575251979752741,-0.17148212679439426,6.849336235319364,5.430663764680635,0.029194462938501455,0.0409142547744965,0.03843344013060168,-30367629.0,-1.0150334413352415,0.0,0.0,-1,0.0,0,79.25714285714287,0.0508863095041037,-0.003338898163606087,-0.3611037404408112,0.5330102088867008,0.6494936592651288,0.01760563380281699,-0.035058430717863076,-0.21076178859733383,0.03806228373702433,0.0
2023-07-06,5.65,5.78,-0.044527903736591795,-0.04787238845943917,-0.03887415276166506,-0.18236919652192382,-0.02274813752593654,5.856,6.108,6.016333333333334,3,6,7,5.8867003210409665,6.134935416489485,38.96713615023476,-0.17041670115737784,-0.171269041666991,6.846008700562175,5.3699912994378245,0.029811191378003334,0.03933221288288219,0.03860882362806295,-31151270.0,-1.241177779208076,0.0,0.0,-1,0.0,0,77.0,0.043794084275595044,-0.012110726643598664,-0.437627787066003,0.560635203914751,0.6243795228117428,-0.013961605584642212,-0.10174880763116056,0.5406898015687166,0.028318584070796484,0.0
2023-07-07,5.74,5.65,-0.012334958157951397,0.01045305685208922,0.016086137751624444,-0.32995937693660965,0.015803665173125543,5.822000000000001,6.045,6.003,4,7,7,5.860027535397155,6.109455712199841,34.01015228426398,-0.1713953238652106,-0.17129429810663493,6.668656450637097,5.421343549362903,0.029747192762332657,0.028595998797080576,0.038713565422249664,-30587869.0,-0.9781026066143516,0.0,0.0,-1,0.0,0,77.0,0.052095426748596456,-0.0017699115044248982,-0.5321523412851291,0.4738404427225919,0.45394740785146437,-0.03529411764705881,-0.17999999999999994,0.693630309055665,0.02264808362369336,0.0
2023-07-10,5.69,5.74,0.005305052229693319,0.0051858370323654155,0.003539826705124208,0.5545512670780706,-0.008748962193235425,5.814,5.9875,5.997333333333334,0,10,7,5.829113438052218,6.082394053348239,37.43016759776539,-0.1741974319825701,-0.17187492488182196,6.505669856321469,5.469330143678531,0.02519457582802237,0.028422228184854105,0.037841620641742825,-31568840.0,-1.1482721210839117,0.0,0.0,-1,0.0,0,76.0,0.0497787749297535,-0.012195121951219561,-0.2369634388547405,0.31506253107788584,0.4511888849007283,-0.0747967479674797,-0.16812865497076013,1.134289375092359,0.02460456942003509,0.0
2023-07-11,5.5,5.69,-0.001765225524569081,-0.017391742711869107,-0.042405992788568395,0.2078489565522097,-0.03396215589981441,5.786,5.9365000000000006,5.990666666666668,1,11,7,5.769274631133633,6.0448202434548035,36.21621621621624,-0.18956435507186864,-0.17541281091983132,6.4343807720309245,5.438619227969077,0.027128352577456064,0.027626311534429186,0.03800736218740106,-32776442.0,-1.7534318436096952,0.0,0.0,-1,0.0,0,78.0,0.042707637486517215,-0.005272407732864718,-0.11275643300462629,0.33465424256074233,0.43855409977256904,-0.08180300500834725,-0.15644171779141103,1.0875950443311602,0.050000000000000065,0.0
2023-07-12,5.47,5.5,-0.0017683470567420034,-0.008810629682154807,0.004597709248629549,-0.3752336588741767,-0.005469475804535433,5.765,5.896,5.985333333333333,2,12,7,5.714861061836608,6.00773506645772,36.21621621621621,-0.20183685202135404,-0.18069761914013588,6.407814110992206,5.384185889007794,0.026769494037124038,0.026788715837876287,0.03795485235136094,-33606220.0,-1.664666881396272,0.0,0.0,-1,0.0,0,78.0,0.045968710022721404,0.027272727272727337,-0.36541842566258614,0.2963975537214682,0.4252576802987877,-0.05363321799307963,-0.12898089171974525,0.39877300736747645,0.036563071297989067,0.0
2023-07-13,5.52,5.47,-0.02690745291992438,-0.012466768765130047,0.0,-0.15498096527853095,0.009099243855114089,5.744000000000001,5.8549999999999995,5.982666666666666,3,13,7,5.6794317778663155,5.976268287976577,34.44444444444446,-0.20516331712968228,-0.18559075873804515,6.348089081308316,5.361910918691683,0.02678687263648685,0.026775802023100648,0.03798042428689959,-32895572.0,-1.358780847919576,0.0,0.0,-1,0.0,0,79.0,0.04784054796901873,0.0054844606946984,-0.4467428078824444,0.3029502979017187,0.42505267984454675,-0.02300884955752225,-0.12933753943217674,-0.787696222778063,0.023550724637681143,0.0
2023-07-14,5.4,5.52,-0.0036429912785009805,-0.009905528989403011,-0.019454064198144244,0.6896604829555959,-0.021978906718775115,5.689,5.819,5.982,4,14,7,5.62862600007244,5.939089688752282,38.50931677018637,-0.21500412805923208,-0.19147343260228256,6.335217008631272,5.302782991368728,0.02281624242201524,0.026209733733371543,0.03772152770972335,-34311921.0,-1.6233482934278405,0.0,0.0,-1,0.0,0,79.0,0.040793229270858405,-0.007246376811594049,0.002151872951488379,0.2575701566329476,0.4160666243263295,-0.059233449477351874,-0.11764705882352933,-0.0829300318084535,0.033333333333333444,0.0
2023-07-17,5.65,5.4,-0.007326040092072898,0.033811049842957346,-0.012235446758838297,-0.04298219229099729,0.045256591588120856,5.639,5.783,5.982,0,17,7,5.632512181877451,5.920438741090845,46.48648648648649,-0.20032095567572394,-0.19324293721697083,6.233688362397144,5.3323116376028565,0.025650466358014153,0.02674402945454014,0.03787563519632341,-32955160.0,-0.5902082729298489,0.0,0.0,-1,0.0,0,80.02857142857142,0.062078305134657,0.007407407407407414,-0.04370569422362888,0.4917870980878343,0.42454830595499765,-0.00702987697715296,-0.11302982731554156,0.8995309071425553,0.0769911504424778,0.0
2023-07-18,5.83,5.65,0.04668711397265326,0.03355153417123286,0.07184486130102974,-0.41424122751112,0.031361455204051356,5.623,5.7675,5.974666666666666,1,18,7,5.668419057899733,5.914603983601113,53.886010362694314,-0.17217521143593117,-0.1890293920607629,6.186716060359545,5.348283939640456,0.027624455974198655,0.026985852418353197,0.03601117436541773,-32058556.0,0.2981755992191533,0.0,0.0,-1,0.0,0,81.68571428571428,0.07514873270685435,0.008849557522123862,-0.334330590684,0.4363147896714984,0.42838712649632116,0.06000000000000005,-0.05048859934853411,0.08508430270669903,0.04060034305317323,0.0
2023-07-19,5.67,5.83,0.034486176071169404,0.015113637810048106,-0.00943929511360017,0.2390923529456456,-0.027827882622740344,5.612,5.750500000000001,5.964,2,19,7,5.668706501917963,5.8988230814333,48.52941176470587,-0.16092512450804897,-0.18340853855022013,6.155649744896494,5.345350255103507,0.026713007028782897,0.02725253868726286,0.036308142962974924,-33197329.0,-0.3973839352685096,0.0,0.0,-1,0.0,0,82.34285714285716,0.0638675685319531,0.012006861063464885,-0.17287318300540785,0.5129904027154896,0.43262063976998516,0.03656307129798897,-0.056572379367720416,0.045060951784308044,0.06701940035273367,0.0
2023-07-20,5.45,5.67,-0.04329680575332419,-0.06010392406970532,-0.0380825710472096,-0.02952068299159118,-0.039573509064507996,5.5920000000000005,5.723999999999999,5.935999999999999,3,20,7,5.628941683387424,5.869866753598894,37.74509803921568,-0.16782690683511436,-0.180292212207199,6.135231782511504,5.312768217488495,0.028563930856303408,0.028434590942984086,0.03559817662211692,-34302976.0,-1.3325818268549507,0.0,0.0,-1,0.0,0,80.0,0.0513110465833734,-0.0035273368606701188,-0.19628727585522773,0.6081331792317604,0.4513851376019129,-0.0126811594202898,-0.08862876254180607,0.5696606053650648,0.04403669724770646,0.0
2023-07-21,5.52,5.45,-0.028727289636910312,-0.0214677296241062,-0.012087548381381647,-0.0014862071513876735,0.012762251613851071,5.569999999999999,5.696,5.886666666666667,4,21,7,5.60913410458971,5.847294704979611,33.507853403141326,-0.16573768322429583,-0.17738130641061836,6.080565373267031,5.311434626732969,0.028349839844955798,0.02829696139262952,0.02816565879448016,-33198971.0,-0.9153190184795487,0.0,0.0,-1,0.0,0,81.02857142857144,0.057427893991207936,0.00733944954128441,-0.18405241144526033,0.5864661948915083,0.449200336222162,0.022222222222222143,-0.0921052631578948,-0.22388412459266763,0.03351449275362328,0.0
2023-07-24,5.6,5.52,0.0054496047675644645,0.030278359306261073,0.024943556482915786,-0.3117442103608982,0.01438873745209967,5.561,5.6875,5.8453333333333335,0,24,7,5.6074733583006715,5.8313402078841525,39.34426229508193,-0.15583031221041388,-0.17307110757057748,6.072693047978216,5.302306952021784,0.0288252047344808,0.02634886543812855,0.028288757450828057,-32390653.0,-0.4543176490815005,0.0,0.0,-1,0.0,0,82.51428571428572,0.06421058807959892,0.0,-0.6268124247878628,0.47878876789014696,0.4182752716679586,-0.008849557522124019,-0.029462738301559765,-0.3976099750897517,0.03928571428571424,0.0
2023-07-25,5.5,5.6,0.016172859245601186,-0.002635047638005225,-0.00548949228477148,0.5132309393038093,-0.01801850550267825,5.561,5.6735,5.811333333333334,1,25,7,5.587932747700549,5.809963420278724,41.860465116279045,-0.1542694909065423,-0.16931078423777043,6.064841821241806,5.282158178758194,0.027275662710698166,0.02659840220573672,0.027336763561467144,-33741094.0,-0.8866928632848358,0.0,0.0,-1,0.0,0,81.0,0.059157930208054675,0.0017857142857144064,0.7821870565227269,0.3813277210255649,0.4222365450483074,-0.05660377358490565,-0.04844290657439454,0.18976105220819672,0.04272727272727262,0.0
2023-07-26,5.68,5.5,-0.021622464013165657,0.007011422237804083,0.007312646846286557,-0.6437429787896455,0.032203140494634734,5.582,5.673500000000001,5.791333333333333,2,26,7,5.60467224811863,5.801578683486548,50.84745762711862,-0.13692959397722326,-0.162834546185661,6.0648418212418065,5.282158178758195,0.02899370540111413,0.02743722064241848,0.02751975351428978,-33031677.0,0.03321904098761158,0.0,0.0,-1,0.0,0,80.0,0.07044156643350707,-0.0018181818181817794,-0.8394750301845482,0.4537538213121303,0.4355523749198829,0.0017636684303350414,0.0,-0.5454646700975692,0.04137323943661962,0.0
2023-07-27,5.54,5.68,0.0357819926168004,-0.002623525772384481,0.00635499188237722,0.20926367549449898,-0.024956731973867507,5.584,5.664,5.764666666666667,3,27,7,5.592913657551607,5.784702639390642,44.5054945054945,-0.1329518445998108,-0.15685800586849097,6.058776419068887,5.269223580931112,0.030287660638615453,0.027910730264840717,0.02769070297046272,-33906225.0,-0.6282036819345175,0.0,0.0,-1,0.0,0,77.65714285714286,0.06409700443265733,0.001760563380281809,-0.38421776826410386,0.3815512796679086,0.44306910714583486,0.016513761467889854,-0.03315881326352532,-0.15045728770678113,0.03339350180505408,0.0
2023-07-28,5.5,5.54,-0.015943650397136112,-0.014109581516319891,-0.010004630969926752,-0.5344493981981442,-0.007246408520767198,5.593999999999999,5.6415,5.744,4,28,7,5.576020265269497,5.766334727171891,44.75138121546959,-0.13151113674457626,-0.15178863204370802,6.018539715903569,5.2644602840964305,0.029424287243915524,0.02631299000318328,0.02709212647636469,-34418703.0,-0.7505840580263405,0.0,0.0,-1,0.0,0,76.91428571428573,0.06211570988619627,0.010830324909747223,-1.2269610340379944,0.3771980234390377,0.4177057667937098,-0.0036231884057970065,-0.0756302521008404,0.6350853448105621,0.029090909090909115,0.0
2023-07-31,5.56,5.5,-0.01801850550267825,-0.012511333889108092,0.0036496390875495523,0.2996877939468606,0.010850016024065623,5.585,5.612,5.717,0,31,7,5.573107489765952,5.753022809289834,51.78571428571427,-0.12409734982956788,-0.14625037560088,5.904330022586609,5.319669977413391,0.025385903297687917,0.025084228769633333,0.025940484679295165,-33727146.0,-0.355762295913992,0.0,0.0,-1,0.0,0,77.62857142857142,0.06589648676905104,0.0,-0.8600724118556442,0.3689922708208637,0.3981997869258091,-0.0071428571428571175,-0.09593495934959362,0.7700896574773681,0.012589928057553849,0.0
2023-08-01,5.6,5.56,0.003629768050578731,0.014285957247476434,-0.003649639087549504,0.11651279101457016,0.007168489478612497,5.561999999999999,5.592499999999999,5.699,1,1,8,5.577997037081232,5.743150369980813,53.846153846153854,-0.1136837293140518,-0.13973704634351436,5.824459615360344,5.360540384639655,0.022879279814540143,0.024697329485733915,0.0253005611366305,-32950132.0,0.0646664290104911,0.0,0.0,-1,0.0,0,77.34285714285716,0.07037037253567895,-0.007194244604316554,-0.6116489780615169,0.3395043223581779,0.3920579512000481,0.018181818181818077,-0.06510851419031727,0.012130843349706249,0.030357142857142846,0.0
2023-08-02,5.41,5.6,-0.005449604767564591,-0.023319442345144416,-0.01102952357549962,0.37776941761955757,-0.03451750488271327,5.536,5.574,5.679,2,2,8,5.547452121248281,5.721656797723987,46.9945355191257,-0.11938606390373074,-0.13566684985555763,5.801979685152713,5.346020314847287,0.023701580288394877,0.024621486379048724,0.025724409242495007,-34083816.0,-1.4387246818956159,0.0,0.0,-1,0.0,0,77.0,0.05743222385607099,-0.019642857142857042,0.6978276008814777,0.3101255171209619,0.3908539792063627,-0.047535211267605515,-0.06401384083044981,-0.26326730134341975,0.018484288354898272,0.0
2023-08-03,6.01,5.41,0.0054496047675644645,0.10336215001868095,0.018315530306432976,0.0836605542973976,0.10517565568872592,5.592,5.5920000000000005,5.680000000000001,3,3,8,5.631551735566775,5.740259584967601,63.20346320346321,-0.07462993215600111,-0.12345946631564633,5.891022970425902,5.292977029574099,0.04073666414006543,0.03496383521081578,0.03309078831482642,-32851207.0,2.795771839231197,0.0,0.0,-1,0.0,0,73.62857142857145,0.07468449360254249,0.020332717190388063,0.9688446877681447,0.8741882709061854,0.5550336770931729,0.08483754512635366,0.06371681415929187,1.6462112089956695,0.09983361064891856,0.0
2023-08-04,5.99,6.01,0.08504688825811232,0.012200232660947196,0.07598590697792205,0.0010865344596225001,-0.003333336419758116,5.639,5.6045,5.6770000000000005,4,4,8,5.696724147281906,5.756371869808401,58.173076923076934,-0.04030954480771065,-0.1068294820140592,5.9472735173708005,5.261726482629199,0.040955529877603494,0.03487307241109939,0.032957896134117676,-34085156.0,2.2492986211824526,0.0,0.0,-1,0.0,0,64.0,0.067391754283219,0.0,0.888532944099667,0.8676459358142092,0.5535928623150997,0.08909090909090911,0.04355400696864109,1.628100521307931,0.04006677796327201,0.0
2023-08-07,5.79,5.99,-0.006677821142605487,-0.02537999510535707,-0.05444108799114623,-0.25718647298527214,-0.033959120542454084,5.6579999999999995,5.6095,5.677666666666667,0,7,8,5.71368339323065,5.758541426594956,49.04761904761905,-0.028915400363236365,-0.09124666568389464,5.960347095200673,5.258652904799327,0.04298110939657127,0.03572399242439045,0.03216592897923338,-35039275.0,1.0289382609638544,0.0,0.0,-1,0.0,0,72.0,0.06583680339505804,-0.003338898163606087,-0.18535076579219015,0.9451165221959607,0.5671007987597553,0.04136690647482033,0.017574692442882123,1.7379185777258865,0.06908462867012095,0.0
2023-08-08,5.76,5.79,-0.053323035189419075,-0.042343328054808005,-0.010714388212406258,-0.0822697509741661,-0.005194816877104023,5.684,5.6225000000000005,5.6770000000000005,1,8,8,5.722104594461442,5.758635528104959,52.28426395939086,-0.022052006278668657,-0.07740773380284945,5.975524525762301,5.2694754742377,0.042443968749904075,0.034821061768083916,0.032182313554996324,-35918041.0,0.7789827049726347,0.0,0.0,-1,0.0,0,69.0,0.06850253847984099,-0.022452504317789272,-0.4176955502774992,0.9510759903176643,0.5527672189534147,0.028571428571428692,0.04727272727272713,1.9060661858740753,0.03645833333333333,0.0
2023-08-09,5.76,5.76,0.01751358249270821,0.015450951155718885,0.008936609966406975,1.0469251828064503,0.0,5.692,5.637,5.679666666666666,2,9,8,5.728994668195725,5.7587235585498,58.85714285714286,-0.0164233983061024,-0.06521086670350004,5.987464353619762,5.286535646380237,0.04135074770489869,0.034773767891017174,0.03200925305469687,-35918041.0,0.7019258805045229,0.0,0.0,-1,0.0,0,67.31428571428572,0.06327711486996156,0.0,3.3969539593766496,0.8874267135775427,0.5520164519298867,0.06469500924214411,0.05301645338208405,1.8985516240302522,0.043402777777777776,0.0
2023-08-10,5.85,5.76,0.010362787035546658,0.031029743165050465,0.029800627679304127,-0.6708581644739524,0.015504186535965254,5.723000000000001,5.6535,5.683666666666666,3,10,8,5.750995637614683,5.764612361224007,59.3220338983051,-0.00464687185117274,-0.05309806773303458,6.0117574787116865,5.295242521288314,0.040403125947604264,0.03486275826082111,0.03209110778290831,-34638079.0,1.096976402037016,0.0,0.0,-1,0.0,0,66.34285714285714,0.07375592102384891,0.010416666666666753,0.4377647938265476,0.2816137160374959,0.553429130255372,-0.0266222961730449,0.059782608695652106,-0.9713153087083751,0.04529914529914525,0.0
2023-08-11,5.92,5.85,-0.0017196908795266994,-0.011628037995118986,-0.0017286089006177425,-0.26073562116253984,0.011894787652149146,5.765,5.6795,5.682666666666667,4,11,8,5.781723703502922,5.774637370177297,59.09090909090911,0.010216752828343445,-0.04043510362075898,6.035765719875092,5.323234280124908,0.040151974390038564,0.034391694347140817,0.031389240816527025,-33651888.0,1.3501158634309256,0.0,0.0,-1,0.0,0,65.0,0.07923726072566513,-0.006837606837606844,-0.220292342340114,0.3079083498250709,0.5459512224520829,-0.0116861435726211,0.0962962962962961,-1.2485915818057105,0.03462837837837839,0.0
2023-08-14,5.81,5.92,0.008569032725101587,-0.010919890114022212,0.0034542348680873824,-0.19330468737024584,-0.018755878032094515,5.79,5.687499999999999,5.671333333333334,0,14,8,5.7868648483205725,5.776918830165859,58.75706214689264,0.012970683812826955,-0.029753946134041795,6.048135404164738,5.32686459583526,0.0409950048004446,0.03335046601078869,0.030921815829179473,-34464737.0,0.6793564835028911,0.0,0.0,-1,0.0,0,66.28571428571429,0.07679473309737185,-0.01013513513513507,-0.5792953475079091,0.2183095354512359,0.5294222350359555,0.003454231433505983,0.028318584070796238,-0.44317072799554,0.02065404475043031,0.0
2023-08-15,5.79,5.81,-0.020690393257446166,-0.015319448533513231,-0.02266879981271294,0.12038325176505812,-0.0034482792789159327,5.808999999999999,5.685499999999999,5.664666666666666,1,15,8,5.78743487589865,5.777762776606771,53.416149068322994,0.013385066392546996,-0.021126143628724038,6.043239982021949,5.32776001797805,0.04107335966560942,0.032607760650794536,0.030575999891406587,-35381573.0,0.5842232082048298,0.0,0.0,-1,0.0,0,54.0,0.07643717175223969,-0.012048192771084234,-0.3272253379183073,0.21565803746470866,0.51763215295632,0.005208333333333481,-0.006861063464837058,-0.5651907421102726,0.027633851468048382,0.0
2023-08-16,5.66,5.79,0.0,0.011935350549272854,-0.001765225524569081,-0.2673770474525455,-0.02270839936981224,5.8340000000000005,5.685,5.660666666666667,2,16,8,5.764264898462532,5.770165178116012,53.75,0.003186818369334432,-0.016263551229112345,6.042859131356123,5.327140868643876,0.04004121849732712,0.032403961400133345,0.030171376787469104,-36083305.0,-0.13971978250358355,0.0,0.0,-1,0.0,0,49.0,0.07894304919653979,-0.008635578583765081,-0.7883898663538176,0.27398143957714843,0.5143969401485351,-0.01736111111111105,-0.0017636684303350414,0.0013972462756000116,0.04240282685512371,0.0
2023-08-17,5.62,5.66,-0.01403531811638348,-0.020548668227387677,-0.00709222830949191,0.1965259883482349,-0.00709222830949191,5.795,5.6935,5.659666666666666,3,17,8,5.738034916923889,5.760477102108528,53.75,-0.008030462200069088,-0.014616933423303693,6.035584938667841,5.351415061332159,0.014972584120384356,0.031135993607036182,0.029909982084753563,-36937430.0,-0.42971783724958135,0.0,0.0,-1,0.0,0,46.142857142857146,0.0793215497230852,0.0,-0.3889615752095942,0.216073359637926,0.49426857544268815,-0.03931623931623929,0.031192660550458662,0.6052561238187009,0.02846975088967974,0.0
2023-08-18,5.62,5.62,-0.02504603192608769,-0.02009678820431649,-0.023403408384160423,0.16943434520475614,0.0,5.758,5.6985,5.655666666666667,4,18,8,5.716574022937728,5.751414063262816,51.94805194805196,-0.016727414643901817,-0.015039029667423319,6.0327406948674644,5.364259305132536,0.015089547868807153,0.031032374107798178,0.02976291828009888,-36937430.0,-0.46972137866771335,0.0,0.0,-1,0.0,0,43.65714285714286,0.07843947200961984,-0.017793594306049917,0.0015177581707726928,0.15469057974319184,0.49262366688692333,-0.05067567567567566,0.018115942028985588,-0.4069688710180532,0.031138790035587158,0.0
2023-08-21,5.65,5.62,0.021506205220963682,0.002644338253090202,0.010869672236903891,-0.3136944912041892,0.005323881252750017,5.744,5.701,5.654333333333333,0,21,8,5.704469655130868,5.7448712204716665,51.6339869281046,-0.020957478072615388,-0.01622271934846173,6.032878227509668,5.369121772490331,0.012005580688026951,0.030895313189540637,0.029736354487352592,-36198046.0,-0.307341643847447,0.0,0.0,-1,0.0,0,43.0,0.0741466291204129,0.0035587188612098883,-0.6432441050212989,0.16683121350778812,0.4904478922618697,-0.02753872633390697,0.008928571428571619,-1.2186193933624991,0.023008849557522103,0.0
2023-08-22,5.56,5.65,0.007067167223092353,0.012248622076199239,-0.003610112224099674,0.13360797371340952,-0.01605743689585875,5.723999999999999,5.704,5.656333333333333,1,22,8,5.678202445107074,5.732944044957366,55.244755244755225,-0.03121228585211977,-0.01922063264919334,6.029246465250765,5.378753534749235,0.012742741141012799,0.030836731222741894,0.029223026628684406,-37043121.0,-0.8854823365350093,0.0,0.0,-1,0.0,0,43.0,0.0796955337906013,0.005309734513274223,-0.33463855708866225,0.18004086591967608,0.4895179323690946,-0.039723661485319584,0.010909090909090757,-0.17061974518442188,0.03956834532374096,0.0
2023-08-23,5.65,5.56,-0.021353124470568946,-0.012248622076199086,-0.007259560012804223,-0.004748112140269636,0.016057436895858687,5.712999999999999,5.7025,5.662333333333333,2,23,8,5.673074727814878,5.727592816250439,30.434782608695713,-0.03171149666680684,-0.02171880545271604,6.028488375640688,5.376511624359312,0.014177629809066776,0.030154595997414636,0.02933121476603371,-36202049.0,-0.32209737477183,0.0,0.0,-1,0.0,0,50.0,0.07415181905014526,0.0,-0.3635786503228648,0.19340968209490592,0.478689371368697,-0.0017667844522968323,-0.005281690140845008,0.12046357288420767,0.033628318584070706,0.0
2023-08-24,5.49,5.65,0.007168489478612497,-0.0004402377354834585,-0.0018231545615150252,-0.3098520058564236,-0.028727289636910312,5.6770000000000005,5.7,5.661333333333333,3,24,8,5.639788413666718,5.712264247460089,26.415094339622698,-0.04450476443709572,-0.026275997249591978,6.031947998464267,5.368052001535733,0.014953319381158797,0.030324151796993864,0.02978773750270185,-36819022.0,-1.265258419822078,0.0,0.0,-1,0.0,0,40.58571428571429,0.08357971763488367,-0.008849557522124019,-0.8658724960401099,0.2798299741416498,0.4813809862429091,-0.02313167259786475,-0.009025270758122761,-0.3760347829407677,0.03597449908925315,0.0
2023-08-25,5.5,5.49,-0.01801850550267825,-0.013744397256473003,-0.007326040092072898,-0.05145598641109898,0.0018198367169858993,5.635,5.7,5.664666666666666,4,25,8,5.614372338454587,5.6985697798820185,33.33333333333337,-0.05322308232621609,-0.0316654142649168,6.031947998464267,5.368052001535733,0.013887901538355429,0.030278768481255325,0.029497617072191045,-36232993.0,-1.2050080188781707,0.0,0.0,-1,0.0,0,47.0,0.08134251566588602,0.0018214936247722745,-0.9586170982863447,0.28198411446651317,0.4806605484402149,-0.02135231316725983,0.0,-0.45784139037679444,0.029090909090908956,0.0
2023-08-28,5.75,5.5,0.007246408520767253,0.03163708494318266,0.010059526987733335,0.25275756981626607,0.044451762570833796,5.629,5.7095,5.668,0,28,8,5.639031913281025,5.701887858599308,49.54128440366974,-0.03950412246924451,-0.033233155905782345,6.035397949800905,5.383602050199095,0.02101446482483552,0.031853230717845696,0.029453431343367423,-35478439.0,0.24854406126053724,0.0,0.0,-1,0.0,0,45.0,0.06484391818283443,0.007272727272727279,-0.5589270296133348,0.4568777617980914,0.5056543616002989,0.017699115044247815,0.03417266187050361,0.5754895828341499,0.04956521739130437,0.0
2023-08-29,5.88,5.75,0.033721029967455796,0.018852314979209195,0.03662758698491971,-0.13711190254944983,0.022356907101276396,5.638,5.7235,5.669666666666667,1,29,8,5.682844292684475,5.713378964496127,54.91803278688525,-0.01793508984661152,-0.03017354269394818,6.053621189868542,5.393378810131457,0.022235401976336354,0.03216680618008079,0.029166178758333643,-34820564.0,0.9481366528596369,0.0,0.0,-1,0.0,0,49.17142857142857,0.058783148116189045,-0.0034782608695651434,-0.7732960888347334,0.433105264503024,0.510632217742256,0.05755395683453246,0.050000000000000044,-0.4897707203108735,0.032312925170067945,0.0
2023-08-30,5.99,5.88,0.030930300691358558,0.03010260740791162,0.030239885189718176,0.0397832640808009,0.018534650216822393,5.670999999999999,5.7524999999999995,5.6803333333333335,2,30,8,5.738690784923661,5.7312254829157325,55.6451612903226,0.007943042149429758,-0.022550225725272596,6.06825306807729,5.436746931922709,0.021031526479981917,0.0311303284431543,0.028846840377534745,-34135989.0,1.5043400936447264,0.0,0.0,-1,0.0,0,50.0,0.052788701822292235,0.005102040816326573,-0.6491180171894221,0.43516978973414816,0.4941786437540808,0.060176991150442394,0.10720887245841038,-0.5693899960741677,0.03255425709515864,0.0
2023-08-31,5.91,5.99,0.013445580709351118,0.011466137087644006,-0.011125489166402837,0.7335736982845864,-0.013445580709351208,5.7,5.7475000000000005,5.695666666666667,3,31,8,5.769837914937542,5.742759322727621,49.600000000000016,0.02174564650929689,-0.0136910512783587,6.04892643337482,5.446073566625181,0.02154930826526154,0.019053200359972006,0.027959527828726342,-35561623.0,1.0782066999275624,0.0,0.0,-1,0.0,0,52.94285714285714,0.051552898058583894,0.0,1.085810708391723,0.3529016358330576,0.3024601789942336,0.07650273224043724,-0.016638935108153063,0.1277692956894529,0.05583756345177666,0.0
2023-09-01,5.91,5.91,-0.00334448472284736,-0.018077731419956916,0.01197619104671584,-1.0205806404974784,0.0,5.729000000000001,5.743499999999999,5.708666666666667,4,1,9,5.795321930403443,5.753549043841968,54.38596491228073,0.032311839138716714,-0.004490473194943619,6.033274867240816,5.453725132759183,0.02154930826526154,0.01904326739830365,0.02790297239865578,-35561623.0,1.1491679839965667,0.0,0.0,-1,0.0,0,55.0,0.052843323771209254,0.010152284263959324,-0.9609022650581164,0.357410436854894,0.3023024981160928,0.07454545454545447,-0.013355592654424098,0.16398238626623526,0.025380710659898536,0.0
2023-09-05,5.7,5.91,-0.0185973238155894,-0.025190248828558633,-0.03636764417087483,0.3005063281789335,-0.036179656577502356,5.734,5.739,5.712000000000001,1,5,9,5.777990670330089,5.750094266819906,46.61654135338347,0.0234698323482192,0.001101587913688945,6.02852956398488,5.44947043601512,0.02511234489910781,0.01924313762096224,0.028654963114086707,-36255502.0,-0.2694025401981839,0.0,0.0,-1,0.0,0,59.0,0.05142076195030792,-0.008460236886632796,-0.5095322919665642,0.3798803520361732,0.3054753395379432,-0.008695652173912993,-0.015544041450777146,-0.5691188174611731,0.036842105263157884,0.0
2023-09-06,5.5,5.7,-0.027683428748416856,-0.031090587070031005,-0.048790164169431945,0.5977314292271187,-0.03571808260207923,5.728,5.726,5.712000000000001,2,6,9,5.727446912088254,5.733959152831526,44.28571428571429,0.0003204557192173496,0.0009453614747946261,6.03429923946201,5.41770076053799,0.027204951661050636,0.020722358374533813,0.029212675421930772,-37516967.0,-1.4661080604309993,0.0,0.0,-1,0.0,0,56.0,0.04718187780565842,0.0,0.7415415682355243,0.36974994185917953,0.3289572410266388,-0.06462585034013602,-0.04513888888888884,0.40253629852395795,0.054545454545454515,0.0
2023-09-07,5.25,5.5,-0.03936107388058031,-0.03936107388058031,-0.035819097804953175,0.28095698521406787,-0.04652001563489282,5.688000000000001,5.7005,5.697666666666667,3,7,9,5.640638382617663,5.702735981681105,38.509316770186345,-0.03776319213221413,-0.0067963492466071255,6.074354742408432,5.326645257591568,0.029800179019294153,0.02286175758705839,0.0297122876052889,-39187647.0,-2.4100269377234964,0.0,0.0,-1,0.0,0,53.0,0.058584122295635255,-0.0036363636363635587,2.5690754613647613,0.29568377388344785,0.3629191506552036,-0.12353923205342243,-0.08854166666666663,0.6540376101770575,0.05142857142857152,0.0
2023-09-08,5.36,5.25,-0.046693822883092664,-0.008245580386751545,-0.0019212301778938213,-0.4220116337334515,0.020735898479178342,5.675,5.676,5.691666666666666,4,8,9,5.589613222141724,5.680623982862969,42.4418604651163,-0.05839552942741211,-0.017116185282768124,6.072160520363854,5.279839479636147,0.029941130890677153,0.02313644155893732,0.0296910523373717,-38092138.0,-1.5953129287581191,0.0,0.0,-1,0.0,0,51.91428571428571,0.04133844840058934,-0.0038095238095237284,0.7234442965100525,0.44823967020767214,0.3672796235275662,-0.0930626057529611,-0.08376068376068369,0.8082232107212225,0.04384328358208944,0.0
2023-09-11,5.55,5.36,0.04303751167998198,0.02273858768931823,0.04328050835846225,-0.0506176052354168,0.03483395267563249,5.680000000000001,5.6575,5.693333333333333,0,11,9,5.582410818115955,5.672196629129875,47.340425531914875,-0.05873829477917791,-0.025440607182050084,6.040005589914725,5.274994410085275,0.03221824072022595,0.02454789709873627,0.030381210523146452,-37050701.0,-0.5620832888950237,0.0,0.0,-1,0.0,0,52.0,0.017583025398128956,0.01865671641791038,0.5272087128598013,0.5909486559645284,0.38968578559716094,-0.06091370558375642,-0.0625,0.6359516280049023,0.023423423423423406,0.0
2023-09-12,5.6,5.55,0.025317807984289786,0.02047245510497535,0.014625489218979012,-0.2753951411671607,0.008968669982760316,5.665,5.647,5.6946666666666665,1,12,9,5.58560885118578,5.667538782089238,51.086956521739125,-0.054348856866411666,-0.031222257118922403,6.023359290824202,5.270640709175798,0.028527777067476463,0.024397148520034623,0.03036124446125437,-36259967.0,-0.2497613378804798,0.0,0.0,-1,0.0,0,51.0,0.001724397012426698,0.009009009009008978,-0.32045232059925,0.5628274139126735,0.38729272609871485,-0.01754385964912286,-0.03614457831325302,-0.3444888907848204,0.029464285714285724,0.0
2023-09-13,5.65,5.6,0.005342844410495446,-0.0008814456278056542,0.003623192369420331,0.05845018968874077,0.008888947417246214,5.642,5.64,5.6963333333333335,2,13,9,5.597316332788365,5.6664072477609,50.0,-0.0463018743778747,-0.034238180570712866,6.010319918591325,5.269680081408675,0.0275120890493508,0.024503388570992452,0.030375738843125333,-35421637.0,0.054007356871540076,0.0,0.0,-1,0.0,0,51.40000000000001,0.017560112865437363,0.005357142857142902,-0.145563667813908,0.4864245417397741,0.3889792346233703,0.027272727272727337,-0.024179620034542215,-1.5174929848083432,0.024778761061946843,0.0
2023-09-14,5.86,5.65,0.014109581516319773,0.03636764417087479,0.026763417198816506,0.2539792746935452,0.036494058430571685,5.6290000000000004,5.65,5.711333333333333,3,14,9,5.645076999554116,5.6788971027440684,60.0,-0.022717465027848327,-0.031934037462139964,6.033172353689305,5.266827646310696,0.029709701433113002,0.025359808601040975,0.030351898597314315,-34340908.0,1.0961124829495323,0.0,0.0,-1,0.0,0,54.42857142857144,0.01026811279270896,0.010619469026548603,0.6124881999670678,0.217542577385235,0.4025744811273075,0.11619047619047618,0.035335689045936425,0.1320890544790198,0.034129692832764534,0.0
2023-09-15,5.86,5.86,0.04117219588961949,0.011834457647002798,0.015720847786948246,0.5901771487585035,0.0,5.6240000000000006,5.662,5.706333333333333,4,15,9,5.684153908726095,5.690581160631548,59.78260869565218,-0.003980762944177485,-0.026343382558547467,6.056093229686115,5.267906770313885,0.02943102663773749,0.02527527151148095,0.022509328381458835,-34340908.0,1.0048383736899118,0.0,0.0,-1,0.0,0,52.0,0.023456011858103205,0.015358361774744003,2.64395177777354,0.27020602848983394,0.4012324964340853,0.09328358208955234,0.04270462633451966,0.39406567083060956,0.030716723549488158,0.0
2023-09-18,5.68,5.86,-0.020374219195137423,-0.005899722127188271,-0.017482962780347455,-0.6796507531704872,-0.031198370855861395,5.601,5.665,5.696,0,18,9,5.683398652594077,5.689898505106932,48.02259887005649,-0.003614620138518987,-0.021797630074541774,6.058660286354687,5.271339713645313,0.03094217184064546,0.026339443018583028,0.023169665927158502,-35329140.0,0.07620783970311251,0.0,0.0,-1,0.0,0,49.0,-0.005491791769137551,-0.005119453924914718,0.09154302523686235,0.38615412042016023,0.41812569539476274,0.023423423423423406,0.010676156583629748,-0.33023709143165747,0.04313380281690143,0.0
2023-09-19,5.6,5.68,-0.022550825521896488,-0.037025322589845575,-0.016000341346441075,-0.12520948942056676,-0.014184634991956413,5.591,5.6625,5.689666666666667,1,19,9,5.668235261213335,5.684098601551646,41.860465116279066,-0.009668330246466184,-0.019371770108926656,6.057195085511003,5.2678049144889965,0.02916981813532454,0.026523114311407244,0.02251251685904228,-36201069.0,-0.3167001682784195,0.0,0.0,-1,0.0,0,49.0,-0.0022055038673350976,0.003521126760563462,-0.2370214257910917,0.4049357114046359,0.42104138677753034,0.0,-0.008849557522124019,0.45837582585729264,0.02142857142857145,0.0
2023-09-20,5.49,5.6,-0.014134510934904806,0.0,-0.021739986636405875,-0.03479260157402058,-0.019838342219664216,5.59,5.659000000000001,5.680666666666666,2,20,9,5.635828850083637,5.67157611112896,35.465116279069775,-0.023076013889485658,-0.020112618865038456,6.058731488824833,5.2592685111751685,0.02755093885494789,0.026652376178397847,0.02276154964202978,-37043183.0,-0.8455676108822062,0.0,0.0,-1,0.0,0,48.0,0.014770804849191412,0.003571428571428654,-0.316439914490916,0.4170199967869627,0.4230933553018966,-0.02831858407079646,-0.012589928057553879,1.3325748910611854,0.043715846994535554,0.0
2023-09-21,5.13,5.49,-0.0343925299597557,-0.048527040894660436,-0.06429435070539725,0.28007705608606803,-0.06782259633876117,5.578,5.633,5.659666666666667,3,21,9,5.543859968250248,5.6366357168625765,30.5,-0.062035583536984795,-0.028497211799427727,6.0975813055579255,5.1684186944420745,0.031677683499253734,0.030045565091801025,0.025599236597322893,-38157495.0,-2.1653906172394826,0.0,0.0,-1,0.0,0,37.0,0.03794864833136544,-0.01092896174863397,0.375521280027898,0.3926111904334109,0.4769585593998544,-0.12457337883959052,-0.09203539823008855,-1.1713742790138577,0.06042884990253404,0.0
2023-09-22,5.09,5.13,-0.054886054478770305,-0.044242509394653295,-0.0197245053477787,-0.18793427484141703,-0.007827828620246792,5.551,5.613,5.634333333333333,4,22,9,5.4613399740229305,5.60136889641983,29.90196078431373,-0.0950433878643775,-0.04180644701241768,6.134459490277262,5.091540509722739,0.030666628493086028,0.02953115340262488,0.0253507255595972,-39080891.0,-2.005908454065798,0.0,0.0,-1,0.0,0,33.0,0.048880396937005,0.0019493177387913815,-0.18065199813666794,0.3628503395488741,0.4687925269934659,-0.1313993174061434,-0.07285974499089254,-1.5450296068105565,0.03438113948919464,0.0
2023-09-25,5.01,5.09,-0.01964699738379642,-0.009671255265177975,-0.01001009359510046,-0.22640831066778644,-0.015841915465657976,5.497,5.5885,5.604,0,25,9,5.3792781605642155,5.563216064392744,31.93717277486911,-0.1262028540711455,-0.05868572842416325,6.174378557561844,5.002621442438156,0.027302932043967547,0.029629512790813533,0.025241264412100003,-39817200.0,-1.9748119897319663,0.0,0.0,-1,0.0,0,38.0,0.06581484904168267,-0.009823182711198393,-0.7289606499527423,0.3701884238810462,0.4703539338749998,-0.11795774647887325,-0.08909090909090911,-2.046964831979882,0.03493013972055885,0.0
2023-09-26,4.77,5.01,-0.020040750883446038,-0.034605529177475496,-0.04738270440155208,0.6989944377232136,-0.04908961019652363,5.414,5.5395,5.569333333333333,1,26,9,5.268500313188903,5.5120408344319225,31.282051282051285,-0.1683226312522743,-0.08061310898978546,6.224112068408633,4.854887931591367,0.02882598278540506,0.028729714477102264,0.026320468104746576,-41298454.0,-2.2479884171153697,0.0,0.0,-1,0.0,0,24.22857142857143,0.11187180379906898,-0.013972055888223433,1.2172483802656442,0.3873413369134551,0.456070078465828,-0.14821428571428574,-0.1704347826086957,-0.7541987145417502,0.04821802935010473,0.0
2023-09-27,4.79,4.77,-0.024591403137322207,-0.0141846349919563,-0.01809522497795468,0.012409401231466324,0.004184106522574091,5.327999999999999,5.485,5.5360000000000005,2,27,9,5.1815002562454655,5.465457554791153,36.6279069767442,-0.19780880845968607,-0.10405224888376559,6.226648235529066,4.743351764470934,0.02841542076208153,0.027951196541861442,0.02638503957679118,-39798704.0,-1.8742038791589966,0.0,0.0,-1,0.0,0,22.82857142857143,0.10521453156489277,0.010482180293501198,1.14396813537064,0.4623405514139218,0.4437114893787238,-0.127504553734062,-0.18537414965986387,-0.5421069644557174,0.05114822546972862,0.0
2023-09-28,4.66,4.79,-0.0083333815591443,-0.011287959773851507,-0.009714053720473218,0.1657596470247154,-0.027514963285269367,5.208,5.4185,5.502666666666667,3,28,9,5.086682027837199,5.41349255125624,29.885057471264375,-0.22902665318390003,-0.12904712974379248,6.20654955761892,4.63045044238108,0.021472589526013205,0.027361998482534934,0.02649969764840331,-41568843.0,-1.925005839205839,0.0,0.0,-1,0.0,0,29.0,0.1251642631644652,-0.002087682672233776,1.6431738601026655,0.3150817182162787,0.43435826015108486,-0.09161793372319682,-0.22203672787979967,-0.6058858550735282,0.0504291845493561,0.0
2023-09-29,4.54,4.66,-0.008403410796379504,-0.01246122043781189,-0.018610279856667713,-0.18487840752765689,-0.026088436084297967,5.076,5.35,5.466666666666667,4,29,9,4.987285295503162,5.357138193110677,19.760479041916213,-0.2604477377606047,-0.15532725134715494,6.194324706808069,4.50567529319193,0.01997451751404196,0.027531427840910234,0.0267412557649002,-43040192.0,-1.9186931128953155,0.0,0.0,-1,0.0,0,28.0,0.13761707799972142,0.01716738197424894,0.8666214480084222,0.3007770612827594,0.43704786783341054,-0.10805500982318272,-0.2318104906937395,0.1620811483240354,0.057268722466960305,0.0
2023-10-02,4.3,4.54,-0.051959738930711104,-0.06140862812864349,-0.06505430790802304,0.9264544293744109,-0.05431198935373996,4.938,5.2695,5.422666666666667,0,2,10,4.8623243326844054,5.288935729039021,15.053763440860251,-0.3012426303747118,-0.1845103271526663,6.192366814819425,4.346633185180575,0.0218196621558086,0.028754838808978743,0.02799419638009986,-46756141.0,-2.1010615712511,0.0,0.0,-1,0.0,0,28.314285714285717,0.17698197525540882,-0.008810572687224677,3.5821538710086664,0.35837610328712455,0.4564689148698389,-0.14171656686626743,-0.27241962774957706,0.7870067071011259,0.06046511627906972,0.0
2023-10-03,4.15,4.3,-0.05480823649499503,-0.04779066383634844,-0.026285862270925085,-1.0961575200785947,-0.035506688456909644,4.793,5.192,5.372666666666666,1,3,10,4.732810817650877,5.21545600458489,11.734693877551024,-0.34173728834445694,-0.21595571939102443,6.217292769484945,4.166707230515056,0.021415134415090607,0.028731243831281866,0.028270317510835856,-47997835.0,-2.0325901654869725,0.0,0.0,-1,0.0,0,20.0,0.19642997168115137,-0.009302325581395357,-0.11714669010467609,0.32776412225029883,0.4560943562107826,-0.12997903563941282,-0.27192982456140347,0.6646542736103986,0.03855421686746991,0.0
2023-10-04,4.07,4.15,-0.026160826038671935,-0.004672905699392482,-0.025752496102414625,-0.04009596540654448,-0.01946533478810335,4.651000000000001,5.1205,5.3229999999999995,2,4,10,4.612299759896172,5.141555617192317,1.0928961748634123,-0.3759511965732374,-0.247954814827467,6.249551301804074,3.991448698195926,0.021433779908440833,0.028374765793411798,0.028301763646296756,-49190727.0,-1.8608543266748643,0.0,0.0,-1,0.0,0,20.0,0.19950226570785262,0.0,-0.18553188396775988,0.2051652331087523,0.45043544279441977,-0.15031315240083498,-0.2599999999999999,-1.297249189104553,0.06019656019656,0.0
2023-10-05,3.93,4.07,-0.021925360628965888,-0.046743080547706976,-0.039270403828836356,-0.07036700858711686,-0.03500357357333382,4.531000000000001,5.0545,5.265666666666666,3,5,10,4.4882452580968675,5.063390738663781,1.0152284263959643,-0.4096407121761487,-0.28029199429720336,6.2999967303302595,3.8090032696697405,0.017467093095463765,0.027843811886293552,0.02819730722196686,-50302564.0,-1.8057052621917749,0.0,0.0,-1,0.0,0,20.0,0.2120392099250044,-0.0024570024570026226,-0.26728900259946714,0.20079510973203193,0.44200681081918197,-0.1566523605150214,-0.25142857142857145,-0.8331292835639597,0.05216284987277355,0.0
2023-10-06,3.79,3.93,-0.037645599616366765,-0.036231320811656184,-0.03283289007250762,0.37726650315720633,-0.03627340678683487,4.401,4.976,5.2090000000000005,4,6,10,4.361291574806528,4.981236497459666,1.0362694300518456,-0.44253545275192074,-0.31274068598814686,6.33331003323338,3.6186899667666204,0.01640179814743827,0.02696572204729755,0.0283772626484287,-51923948.0,-1.747574203330266,0.0,0.0,-1,0.0,0,27.0,0.2253277215369427,-0.005089058524173033,0.4646888985064816,0.18887315857798395,0.42806756676264496,-0.1651982378854625,-0.292910447761194,-0.27660037415375416,0.04881266490765173,0.0
2023-10-09,3.79,3.79,-0.03646237253735507,-0.02614022476095078,-0.018868484304382916,-0.08073659444400691,0.0,4.279,4.888,5.152,0,9,10,4.25742037938716,4.904382529881623,1.0810810810811091,-0.4632645463340559,-0.3428454580573287,6.315041105150682,3.460958894849318,0.018436186197462245,0.024390696934538752,0.02834886191647234,-51923948.0,-1.5388484550822543,0.0,0.0,-1,0.0,0,29.25714285714286,0.22269985804868814,-0.0052770448548812715,0.2408555105708233,0.2454762539570082,0.38719031035400997,-0.11860465116279062,-0.3171171171171171,1.3914879246390683,0.04052770448548811,0.0
2023-10-10,3.87,3.79,0.0026490081715768625,0.03878261817612735,0.028170876966696224,-0.11390589528866504,0.02088848794735553,4.189,4.8015,5.089333333333333,1,10,10,4.186980310407676,4.837648173115067,5.494505494505518,-0.4678441547379055,-0.36784519739344407,6.256281951467639,3.3467180485323604,0.022386823314256364,0.025246644998886618,0.026963674844570282,-50589340.0,-1.2806042844568797,0.0,0.0,-1,0.0,0,32.31428571428572,0.2074037581129753,-0.0026385224274406943,-0.04560989052562976,0.3839062604817672,0.4007780646347194,-0.06746987951807237,-0.30892857142857133,0.7285965942727177,0.05167958656330754,0.0
2023-10-11,3.45,3.87,-0.013315775975772062,-0.05023593240693414,-0.12076366379452122,0.4846691887006214,-0.11488027599842202,4.055000000000001,4.6915,5.008333333333334,2,11,10,4.052983890333553,4.7481224845269985,5.319148936170251,-0.49960488320544716,-0.3941971345558447,6.207551311449441,3.1754486885505586,0.03397254070325121,0.03153192213430294,0.031311765795955,-52756260.0,-1.637807362618943,0.0,0.0,-1,0.0,0,34.34285714285714,0.24050033037300947,-0.03617571059431528,1.1196798603937936,0.7824719472799438,0.5005537459633116,-0.15233415233415237,-0.3893805309734514,-0.9762805508136703,0.12608695652173915,0.0
2023-10-12,3.32,3.45,-0.07513964458609133,-0.07828291839404419,-0.033387016032737055,-0.8764154131357199,-0.0384094481148713,3.9210000000000003,4.564500000000001,4.9193333333333324,3,12,10,3.9197140920910885,4.655985550041386,5.076142131979708,-0.529165512253174,-0.4211908100953106,6.093895821541163,3.0351041784588384,0.03397763911326932,0.028168403872693964,0.030774330222191462,-53658289.0,-1.62744004197151,0.0,0.0,-1,0.0,0,35.68571428571429,0.24958981119434465,0.002898550724637619,-0.7826098645368663,0.7835875046165883,0.44715954886066167,-0.15521628498727746,-0.4334470989761092,-0.9063374296419272,0.07831325301204813,0.0
2023-10-13,3.23,3.32,-0.0443203996806613,-0.04688198590013037,-0.023420274208098613,0.6358998129693016,-0.027482645693832006,3.79,4.433000000000001,4.83,4,13,10,3.794311529892709,4.56398648229678,5.05050505050508,-0.553474660227852,-0.44764758012181893,5.945559350727726,2.920440649272275,0.03394909578088526,0.027411771347477784,0.03078967418975297,-55361970.0,-1.5906813830759248,0.0,0.0,-1,0.0,0,26.27142857142857,0.2571170734464559,-0.0030120481927710203,0.44893842190460853,0.7835377223912818,0.43514837988715277,-0.14775725593667544,-0.44880546075085326,-1.078521046006845,0.054086687306501575,0.0
2023-10-16,3.28,3.23,-0.00606062461169107,-0.001408303227650623,0.017228303960177566,0.06177685928872829,0.015361285161487149,3.688,4.313000000000001,4.742333333333334,0,16,10,3.7008003426394884,4.481148644729246,8.37988826815645,-0.5622242814589775,-0.4705629203892507,5.789383918120353,2.836616081879648,0.03628795035382268,0.029148152524463986,0.031253356265016734,-53549722.0,-1.3993650124761008,0.0,0.0,-1,0.0,0,35.74285714285715,0.24461704216661811,0.01857585139318887,0.5533189541797018,0.8278792249497307,0.4627125765402675,-0.1345646437994723,-0.4225352112676056,-1.0099982738028819,0.03506097560975603,0.0
2023-10-17,3.39,3.28,-0.012232568435634408,0.03099879201772004,0.009273636785329033,-0.09456034291690005,0.032986498996306665,3.6119999999999997,4.202500000000001,4.665333333333333,1,17,10,3.644291189432309,4.410751957972521,12.765957446808514,-0.5538973547146009,-0.48722980725432075,5.602122129456143,2.802877870543858,0.04063571791328739,0.03203184365426175,0.032508418887609344,-51900988.0,-1.1610276558226713,0.0,0.0,-1,0.0,0,39.142857142857146,0.22906726845401992,-0.009146341463414575,0.24886756373202784,0.8769531793911253,0.5084897540644742,-0.12403100775193798,-0.3946428571428571,-0.7983327200547269,0.05604719764011798,0.0
2023-10-18,3.35,3.39,0.021309786586751027,-0.014641549992948005,0.012232568435634451,-1.227402719756466,-0.011869575555383882,3.54,4.0954999999999995,4.593666666666666,2,18,10,3.590783700444616,4.342316347780746,13.407821229050299,-0.5442520718839403,-0.49863426018024465,5.4049872439643885,2.7860127560356105,0.04070388882343729,0.03213942037065111,0.03233044920901019,-52384154.0,-1.1386136114515262,0.0,0.0,-1,0.0,0,30.571428571428573,0.2284852554193856,-0.020648967551622502,-1.4876433634096262,0.4699928915878576,0.5101974814950371,-0.02898550724637683,-0.38979963570127507,0.4046864928057341,0.029850746268656744,0.0
2023-10-19,3.14,3.35,0.0030075210639553224,-0.01785761740000646,-0.04666476485711844,1.4791322625924783,-0.06473754591681305,3.461,3.996,4.5233333333333325,3,19,10,3.5088230276365038,4.26474755114973,12.765957446808514,-0.5472450602999865,-0.508356420204193,5.276614983842643,2.715385016157357,0.04285747309354527,0.03194823419516265,0.03301990234534702,-54504835.0,-1.3368576985277285,0.0,0.0,-1,0.0,0,29.0,0.24842017548487066,-0.0059701492537313485,0.8889232512812232,0.594772070323089,0.507162495048301,-0.054216867469879415,-0.3879142300194931,-0.34473482592313937,0.06050955414012737,0.0
2023-10-20,3.16,3.14,-0.058749504072190394,-0.03359094443603544,-0.022545238321056323,-1.0313916442814084,0.0063492276786587445,3.3979999999999997,3.8994999999999997,4.45,4,20,10,3.445400658975321,4.193473515591683,15.662650602409656,-0.5417581417051509,-0.5150367645043846,5.122584538972621,2.676415461027378,0.0433557585616134,0.03247309261406593,0.03255443582330524,-53748790.0,-1.2092377532973673,0.0,0.0,-1,0.0,0,22.0,0.23666962177716028,0.0,-1.1093097119676614,0.5833081284919966,0.5154943641479209,-0.021671826625386914,-0.37917485265225925,-1.2103575693778634,0.047468354430379854,0.0
2023-10-23,3.09,3.16,-0.00638979809877101,-0.006230549750636086,0.003252035386377316,0.5300355959597708,-0.022400936689166772,3.3280000000000003,3.8035000000000005,4.367999999999999,0,23,10,3.3807823573434446,4.122281675876091,16.455696202531655,-0.5368694374874865,-0.519403299101005,4.959122866910526,2.6478771330894753,0.042947215477449875,0.03242863242195833,0.031021160400262884,-55033305.0,-1.2348319169340976,0.0,0.0,-1,0.0,0,25.0,0.240086723992836,-0.012658227848101276,-0.3879302887773465,0.5657825640039037,0.5147885804785677,-0.05792682926829262,-0.38323353293413176,-0.3737354982348749,0.03883495145631072,0.0
2023-10-24,3.13,3.09,0.009569451016150672,-0.00156372197618287,-0.004882027597308421,-0.13501710277614545,0.012861913642407822,3.254,3.7215,4.285666666666667,1,24,10,3.3351855650991817,4.0582635032389245,19.480519480519476,-0.5237302027017097,-0.520268679821146,4.81967599969949,2.6233240003005096,0.042163270234968575,0.03285586906253499,0.03115110491629735,-53911023.0,-1.0772408068685906,0.0,0.0,-1,0.0,0,33.48571428571429,0.23091049328132526,0.01941747572815536,-0.6004411804806692,0.4743727514551172,0.5215707518902108,-0.0766961651917405,-0.3438155136268344,-1.127551364827493,0.041533546325878565,0.0
2023-10-25,3.09,3.13,-0.019231361927887644,-0.025357935590081575,-0.008190053970044367,-0.3437162046628948,-0.01286191364240781,3.218,3.6365000000000003,4.200333333333334,2,25,10,3.2906063714447846,3.995794890126736,20.83333333333333,-0.5106583782661098,-0.5183466195101388,4.646039238308445,2.6269607616915556,0.02853669711372533,0.03240570737116625,0.03073607759297864,-54706867.0,-1.0826721325179993,0.0,0.0,-1,0.0,0,25.0,0.23088152153637234,-0.012779552715654964,-1.0075353505076592,0.473946484883134,0.5144246565794315,-0.07761194029850749,-0.3549060542797495,-1.0982345021612192,0.024271844660194233,0.0
2023-10-26,3.15,3.09,0.0,0.019078480105238365,0.004922077205428455,0.022117279082522527,0.019231361927887592,3.2009999999999996,3.561000000000001,4.11,3,26,10,3.2650415766366416,3.941227477860495,26.470588235294116,-0.48981112689045636,-0.5126395209862024,4.4689972177097275,2.653002782290274,0.02822392138044362,0.033603734666907525,0.02976417631120225,-53893225.0,-0.9052891175959341,0.0,0.0,-1,0.0,0,22.71428571428572,0.21545159344914921,0.0,-0.8956699915546091,0.2790839944048271,0.5334427503098234,0.0031847133757960666,-0.3240343347639485,-0.46236450608381136,0.03809523809523799,0.0
2023-10-27,3.11,3.15,0.03184982588709917,0.004713284452098357,0.0,0.4229948330237689,-0.012779726646398995,3.1889999999999996,3.4895000000000005,4.0183333333333335,4,27,10,3.236852199066343,3.8875998986436895,25.714285714285722,-0.4710868002925457,-0.504328976847471,4.291982332975017,2.6870176670249837,0.02731605608396184,0.033589066458851236,0.029559012994912346,-55135271.0,-0.9458152146305641,0.0,0.0,-1,0.0,0,21.0,0.21508159024275328,0.01269841269841271,-0.2659202468422263,0.28763818802452135,0.5332098997256479,-0.015822784810126667,-0.31497797356828194,0.46632933126664855,0.0434083601286173,0.0
2023-10-30,3.17,3.11,-0.003139720004667641,0.015552413007485003,0.022654690564806176,-0.19597356295989773,0.019108861698046507,3.178,3.433,3.9346666666666663,0,30,10,3.224697253781553,3.841303130989258,24.637681159420296,-0.4462619085102224,-0.4927155631800213,4.149749974758264,2.7162500252417354,0.02763418453835869,0.033542878993325066,0.03035984251121666,-54114267.0,-0.7338681807102985,0.0,0.0,-1,0.0,0,29.0,0.20282582417078712,0.022508038585209094,-0.6023681886303908,0.2637670356065903,0.5324766964408243,0.025889967637540368,-0.26279069767441854,-0.5019288092131682,0.03627760252365937,0.0
2023-10-31,3.2,3.17,-0.009478743954543883,0.009216655104924048,0.0,0.6228747424634136,0.009419221916491778,3.159,3.3854999999999995,3.8546666666666667,1,31,10,3.220206844003089,3.799928735441564,37.373737373737384,-0.41933343878321416,-0.4780391383006599,4.023802848431661,2.747197151568338,0.025016959739220797,0.03359534668423361,0.03078714572724153,-52210830.0,-0.5812288021455058,0.0,0.0,-1,0.0,0,30.142857142857142,0.19509459962896591,-0.006309148264984233,1.2214767805722906,0.2584611011066028,0.5333095952128832,0.022364217252396346,-0.22891566265060248,-0.3564401140572173,0.045312500000000006,0.0
2023-11-01,2.92,3.2,0.009478743954543959,-0.024769068112408858,-0.11339268735509052,-0.22442008434388616,-0.0915671935254905,3.116,3.3280000000000003,3.7689999999999997,2,1,11,3.1656237814570725,3.743159139606625,32.456140350877206,-0.41579308855512265,-0.46558992835155244,3.911513856778752,2.7444861432212484,0.036131752312072905,0.03756419890236748,0.033301531369509495,-53731637.0,-1.398424374195109,0.0,0.0,-1,0.0,0,32.0,0.2153050425815336,-0.0062500000000000056,0.37583751575385616,0.7150136628728913,0.5963131709701789,-0.055016181229773475,-0.2825552825552826,-1.8133447001565142,0.13698630136986298,0.0
2023-11-02,2.94,2.92,-0.0683192439774772,-0.04196554258403672,0.024780028998486865,0.03506939382516749,0.006825965070399891,3.0959999999999996,3.2784999999999997,3.6959999999999997,3,2,11,3.1246012757376045,3.6913424209223265,36.44859813084113,-0.4066854855153914,-0.45380903978432025,3.8128870074060486,2.744112992593951,0.03196493351896188,0.03761972577897781,0.0325198842670223,-52156550.0,-1.2668721181793021,0.0,0.0,-1,0.0,0,37.0,0.21073268805040793,0.01712328767123297,0.44215900076746095,0.6870074644658447,0.5971946328097256,-0.06666666666666665,-0.25190839694656497,-1.8633937146758326,0.06765306122448983,0.0
2023-11-03,3.19,2.94,0.01337812594617605,0.052877576035019275,0.05111845392902319,0.4548009133458524,0.08161133544616295,3.0989999999999998,3.2485,3.6326666666666663,4,3,11,3.136491952876222,3.658997748604757,46.456692913385844,-0.3749722867177061,-0.43804168917099745,3.7263581599730338,2.770641840026966,0.04310665805917118,0.04318297806427365,0.03753911650339666,-49674434.0,-0.24484252818158947,0.0,0.0,-1,0.0,0,36.114285714285714,0.1827679460256762,0.023809523809523756,2.0154685663751195,0.9777996468292515,0.6855085249753529,0.025723472668810254,-0.158311345646438,-0.623896669683754,0.06739811912225716,0.0
2023-11-06,3.18,3.19,0.07054205847378084,0.019954614529544615,0.03589292306060675,0.23121046695649905,-0.003139720004667641,3.1079999999999997,3.218,3.5716666666666668,0,6,11,3.144402506898727,3.6280946680496116,41.025641025641036,-0.34665029578826356,-0.4197634104944507,3.6225842570501396,2.8134157429498603,0.04234597625742862,0.04315934899989809,0.03759829700097447,-52802209.0,-0.18784715093494372,0.0,0.0,-1,0.0,0,38.0,0.18136224086707572,0.012539184952978068,2.4922225267604614,0.9724475620781742,0.6851334252070476,0.003154574132492094,-0.16094986807387857,-0.2726941340560053,0.05345911949685532,0.0
2023-11-07,3.06,3.18,-0.018750549345375917,-0.03715597688809128,-0.0835209720498613,0.199169606813415,-0.03846628082779605,3.101,3.1775,3.5146666666666664,1,7,11,3.1290565965535038,3.591443399143185,38.400000000000006,-0.33008292060664024,-0.40182731251688864,3.4468364165190803,2.90816358348092,0.044111121039443,0.04308854952388449,0.037330168745120386,-56619311.0,-0.8725147643870597,0.0,0.0,-1,0.0,0,39.0,0.18660414656666813,-0.003144654088050387,2.634461435752953,1.0071716278539729,0.6840095183681336,-0.04375000000000007,-0.2093023255813954,0.4012421073127702,0.09803921568627445,0.0
2023-11-08,3.05,3.06,-0.035316671924899845,-0.01589858606779816,0.04430025889658002,-0.1562877838100374,-0.003273325344969249,3.097,3.1574999999999998,3.4566666666666666,2,8,11,3.114682669907412,3.556511566940399,45.7142857142857,-0.31413887542893937,-0.38428962509929876,3.3996721875468654,2.915327812453134,0.043940199786218624,0.036434402515682154,0.037229492618598065,-59884128.0,-0.8877980670608294,0.0,0.0,-1,0.0,0,39.771428571428565,0.18571929451785865,0.0,1.7583593071496273,0.7216481276454609,0.5783782093423265,0.044520547945205546,-0.11594202898550732,1.4202668710489386,0.039344262295082005,0.0
2023-11-09,3.22,3.05,0.019418085857101516,0.11206873439294483,0.01980262729617973,-0.6214017442228706,0.05423976893699687,3.104,3.1525,3.408666666666667,3,9,11,3.1338312753787916,3.534801143266825,52.5,-0.28450591837599504,-0.36433288375463807,3.384459615360252,2.9205403846397475,0.047146930252463304,0.03804525084257381,0.03925963815327861,-58130298.0,0.5819978610946326,0.0,0.0,-1,0.0,0,41.0,0.17362840187468995,0.022950819672131244,0.04655764445130763,0.7903203474177517,0.6039496337791254,0.09523809523809534,-0.030120481927710774,0.41630887103547287,0.13354037267080748,0.0
2023-11-10,3.38,3.22,0.04695698308777108,-0.011527505171067383,0.03531667192489972,-0.5468729621635241,0.048494349938610355,3.1310000000000002,3.16,3.3699999999999997,4,10,11,3.1785892253099197,3.5248139727334817,61.24031007751937,-0.2452834486806572,-0.3405229967398419,3.411396101799892,2.9086038982001083,0.048903849263803784,0.03911467408119115,0.040704046090133464,-57115257.0,1.75022602518409,0.0,0.0,-1,0.0,0,41.0,0.16169294754820124,0.01552795031055895,-0.7345665030265411,0.628446910540688,0.620926201393054,0.059561128526645746,0.046439628482972006,0.015481358506474245,0.08284023668639061,0.0
2023-11-13,3.84,3.38,0.021180822079447045,0.11488027599842202,0.0522392190994197,0.6584842351381142,0.1275966571047081,3.198,3.1879999999999997,3.3546666666666667,0,13,11,3.2988457297990252,3.5451485551377733,70.76023391812865,-0.17506318383467256,-0.307431034158808,3.5807018421681853,2.795298157831814,0.06333656160100196,0.049150420810303026,0.04769728329030277,-55154338.0,3.3205853906881466,0.0,0.0,-1,0.0,0,39.0,0.12706157893780828,-0.011834319526627229,0.30462512755341037,1.04972015951328,0.7802387417894134,0.2075471698113207,0.1707317073170731,0.484149615229253,0.1380208333333334,0.0
2023-11-14,4.18,3.84,0.18032355413128168,0.07944622689235599,0.1588445224541575,-0.2686270298616885,0.08483887993702953,3.2960000000000003,3.2275,3.3556666666666666,1,14,11,3.459055597108293,3.58610671287082,77.11442786069651,-0.09092977765807841,-0.2641307828586621,3.8159099895393136,2.6390900104606865,0.06657300258711897,0.052047221824898446,0.050086497200256146,-53655356.0,3.2375385086366224,0.0,0.0,-1,0.0,0,46.6,0.11591503689546281,0.041666666666666706,-0.19770857973562422,0.81675606551292,0.8262240322829678,0.36601307189542465,0.23303834808259571,0.11758626589225069,0.06578947368421062,0.0
2023-11-15,4.25,4.18,0.04162167469081945,0.03402087629845881,0.05588045839445642,-0.22479737292290006,0.016607736399660546,3.429,3.2725,3.361666666666667,2,15,11,3.60286367036133,3.6289385378468966,77.22772277227722,-0.018393008970911673,-0.21498322808111203,4.017246512862755,2.527753487137245,0.05309574724849894,0.05175705198534658,0.050004452979393654,-52458152.0,2.6250542516608943,0.0,0.0,-1,0.0,0,52.54285714285714,0.11570601189822956,-0.0023923444976076047,-0.5943096842443696,0.7170877622846326,0.8216177288824134,0.39344262295081966,0.26865671641791034,0.6709553585735616,0.04588235294117654,0.0
2023-11-16,3.89,4.25,0.019002947125615482,-0.00971252752739093,-0.06357280401761219,0.0958336870841954,-0.08850982530597054,3.524,3.31,3.3603333333333336,3,16,11,3.6550702757501794,3.645781212824516,66.66666666666666,0.009929450928959138,-0.1700006922790978,4.100762456846603,2.519237543153397,0.06573268116821301,0.05365587370636416,0.05208947337263013,-53775766.0,1.4669386361940346,0.0,0.0,-1,0.0,0,55.0,0.1137816658330508,0.0,-0.41012889632860616,1.3226558037004594,0.8517605892295744,0.2080745341614907,0.23885350318471343,-0.7602529734335213,0.1049100257069409,0.0
2023-11-17,4.11,3.89,-0.07827955705515549,-0.03873167573217296,0.0013375863708439337,-0.01736047988485387,0.055013870877788425,3.6160000000000005,3.3575000000000004,3.3710000000000004,4,17,11,3.7377847710683287,3.6757308119971284,68.8,0.0495561138028866,-0.12608933106270093,4.221100175519943,2.493899824480058,0.0636827973237951,0.0545394904100458,0.05257332900725589,-52480829.0,1.7427046018070729,0.0,0.0,-1,0.0,0,58.0,0.11952996793744415,0.010282776349614406,-0.47941029986592043,1.326301248100366,0.86578756954304,0.21597633136094685,0.3006329113924051,-0.8340638501571487,0.058345498783454935,0.0
2023-11-20,4.11,4.11,0.044783602626973444,0.030991753308337554,0.042476067666306024,-0.3512519038034428,0.0,3.7090000000000005,3.4085,3.381666666666667,0,20,11,3.8054602672377236,3.7037481789650557,68.42105263157895,0.08003790250692822,-0.08486388434877509,4.324470006404009,2.4925299935959915,0.06352301871656163,0.05397544104796511,0.05257332900725589,-52480829.0,1.5317095430973933,0.0,0.0,-1,0.0,0,61.28571428571429,0.1190310078506722,0.0,-0.8963247242051601,1.0440918692323073,0.8568335635076593,0.07031250000000022,0.33009708737864085,-0.8014381594378865,0.048905109489050996,0.0
2023-11-21,4.13,4.11,-0.014706147389695562,-0.02375408600810703,-0.01227009259181436,-0.22438419177548677,0.004854378464798143,3.8160000000000003,3.4585,3.390333333333333,1,21,11,3.864467491376319,3.7312482964511813,77.37556561085972,0.1046029745399304,-0.046970512571034004,4.4185718174892035,2.4984281825107963,0.05997130800279986,0.05402756354225794,0.0524749969601834,-51752625.0,1.398853685250586,0.0,0.0,-1,0.0,0,61.17142857142858,0.12038948396983004,-0.01459854014598552,-1.06443553458787,0.8198517848904361,0.8576609824533266,-0.011961722488038284,0.31948881789137373,-1.1500067840129011,0.03644067796610172,0.0
2023-11-22,4.14,4.13,0.024391453124159267,0.01904819497069441,0.01987842478976392,0.08755205909740346,0.0024183808642816527,3.925,3.511,3.4133333333333336,2,22,11,3.914564311126079,3.7576193740994923,77.27272727272728,0.12345477770493263,-0.01288545451584068,4.500607045884041,2.5213929541159597,0.0596252736683842,0.053717444278374084,0.04802911014222189,-50957791.0,1.2712116442907866,0.0,0.0,-1,0.0,0,65.05714285714286,0.12443196023810796,0.00484261501210665,-0.9883744665982768,0.8061715888871427,0.852737991759284,-0.02588235294117658,0.3398058252427183,-0.9456534933550643,0.036231884057971106,0.0
2023-11-24,4.21,4.14,-0.004830927269665692,0.011723463696059234,0.009732436918231054,-0.5792346264466486,0.016766859857067107,4.023999999999999,3.564,3.4429999999999996,4,24,11,3.9682798909213375,3.7868052209317833,75.24752475247524,0.14240186248999187,0.01817200888532583,4.5852355777504705,2.5427644222495296,0.05921359814458656,0.05371217725705641,0.04729891244328065,-50512424.0,1.2651341454886995,0.0,0.0,-1,0.0,0,66.85714285714286,0.12864967213151457,-0.0024154589371980163,-1.3318007465947819,0.3731171977775767,0.8526543803879442,0.08226221079691509,0.33650793650793664,1.8524134563698078,0.038004750593824264,0.0
2023-11-27,4.12,4.21,0.004830927269665592,-0.0070175726586466465,-0.006071664068549683,0.5433899456479739,-0.02160948433285499,4.098000000000001,3.6144999999999996,3.4726666666666666,0,27,11,3.995865365299276,3.808301658291023,72.38095238095238,0.14844414415931206,0.04422643594012308,4.641082988159811,2.5879170118401884,0.060663078629879366,0.05399023089369282,0.047159366816168204,-51279272.0,0.9848205275759118,0.0,0.0,-1,0.0,0,65.31428571428572,0.12764517537630368,-0.014251781472683992,-0.9302265906572424,0.22037091980591433,0.8570683450300065,0.0024330900243307862,0.32475884244373,-0.951735719790369,0.037621359223300815,0.0
2023-11-28,4.2,4.12,-0.009685305734463655,0.02320289707966401,-0.0036607728496812577,0.7121741662122092,0.019231361927887592,4.134,3.6660000000000004,3.503333333333333,1,28,11,4.0329807534266795,3.833572519046441,77.66990291262135,0.15786822074742002,0.06695479290158246,4.701992277963585,2.630007722036415,0.04552853648978458,0.05399069686989619,0.047182910596551685,-49716115.0,1.0308957148786193,0.0,0.0,-1,0.0,0,65.08571428571429,0.13001455693357378,-0.0024271844660193657,-0.09248005260729367,0.2572686481382069,0.8570757421729124,0.021897810218977964,0.3249211356466877,-1.168906099907675,0.06428571428571439,0.0
2023-11-29,4.2,4.2,0.02166149678117925,0.0022909517465557624,0.007308193306724622,0.2160340856343115,0.0,4.136,3.716,3.530333333333333,2,29,11,4.063347889167283,3.8572130016886064,78.04878048780489,0.163452688493118,0.08625437201988957,4.753819576653085,2.678180423346915,0.03619663730550719,0.054088046030415844,0.04698661455514171,-49716115.0,0.9327247450098697,0.0,0.0,-1,0.0,0,63.0,0.13334855972733367,0.0,0.32120170684965565,0.2590823437957588,0.8586211121873679,0.016949152542373058,0.3125,-0.8543629332288272,0.05952380952380952,0.0
2023-11-30,4.16,4.2,0.0,-0.02666824708216141,-0.012210163906931396,0.08303600073735558,-0.009569451016150672,4.127000000000001,3.778,3.5573333333333332,3,30,11,4.080921000227777,3.8767476467409545,74.47916666666667,0.16277439184381493,0.10155837598467465,4.762374768170489,2.7936252318295107,0.03588550513975721,0.04886452016172829,0.04695501266970242,-51824195.0,0.7761271669121843,0.0,0.0,-1,0.0,0,64.0,0.1276373909869148,0.0,0.4713772090442276,0.27549811984896055,0.7757002096946085,0.004830917874396157,0.4246575342465755,-0.19177750775808822,0.04447115384615375,0.0
2023-12-01,4.41,4.16,-0.019231361927887644,0.04255961441879611,0.004901970600206688,-0.010979948808011585,0.058359615185582615,4.179,3.8515,3.5996666666666663,4,1,12,4.140753545640909,3.9111510243705707,75.62189054726369,0.18033100396366208,0.11731290158047214,4.790912470363185,2.9120875296368145,0.026618166117790967,0.049614984673502775,0.045893952660216515,-49739135.0,1.189041060491945,0.0,0.0,-1,0.0,0,64.0,0.11878500199065925,-0.009615384615384623,0.41631346848985284,0.5059752359155784,0.7876134644902173,0.04750593824228022,0.5,1.1658997811602614,0.07936507936507949,0.0
2023-12-04,4.34,4.41,0.06575137756278043,-0.00338409798424068,0.01697010421846156,-0.3492971641265655,-0.01600034134644119,4.202,3.9090000000000003,3.6390000000000002,0,4,12,4.176980173706198,3.938818700217631,65.4320987654321,0.1864470846391697,0.13113973819221164,4.818225234095474,2.999774765904527,0.023044688711851363,0.04792877772712289,0.04617330891900502,-51209485.0,0.9480599170320485,0.0,0.0,-1,0.0,0,63.71428571428572,0.11876841782564886,-0.002267573696145076,-0.20334226161929475,0.48576486597485585,0.7608457590555524,0.05339805825242716,0.3605015673981191,1.3311561895168391,0.06105990783410131,0.0
2023-12-05,4.23,4.34,-0.022989518224698833,-0.02865525576037606,-0.009661910911736859,0.05709791998830277,-0.02567235505412672,4.214,3.9615,3.677,1,5,12,4.186620142123253,3.957604590526171,51.79856115107917,0.1803392038619842,0.14097963132616614,4.812908121569123,3.110091878430877,0.025047264993520207,0.04866117255040009,0.04625752138922242,-52766232.0,0.6307198467995863,0.0,0.0,-1,0.0,0,65.14285714285714,0.10737036279473273,-0.00921658986175116,-0.021452584223498997,0.5371067356648442,0.7724721664389679,0.0071428571428571175,0.33018867924528306,1.8305165968345218,0.04255319148936163,0.0
2023-12-06,4.18,4.23,0.0,0.017291497110061043,0.014458083175229917,-0.2698373877078503,-0.011890746521521786,4.218999999999999,4.0175,3.712,2,6,12,4.185416479919025,3.9719526814599666,47.445255474452544,0.16951007557373998,0.14668572017568093,4.759556176054907,3.275443823945093,0.02547309832370879,0.047501249950122684,0.04645211416446601,-53954814.0,0.437972232409466,0.0,0.0,-1,0.0,0,63.97142857142857,0.08739593036347655,0.01654846335697385,-0.3965071047667095,0.5461792335794269,0.7540589659964635,-0.004761904761904856,0.36601307189542465,2.0588466786623827,0.04665071770334935,0.0
2023-12-07,4.11,4.18,-0.02115237500522668,-0.0242926925690447,-0.021766276481954512,0.07867453208963886,-0.016888218028521515,4.215999999999999,4.0705,3.746,3,7,12,4.17170439266102,3.980858960075453,60.1851851851852,0.15350993146672476,0.1480505624338897,4.656637221225066,3.4843627787749343,0.026108487796971332,0.04789430742651256,0.04652687672804992,-55240684.0,0.13478072563773616,0.0,0.0,-1,0.0,0,66.14285714285715,0.09041427293754906,0.0071770334928230265,-0.12196557306121922,0.5560207672390466,0.760298559997357,-0.012019230769230727,0.3475409836065575,2.123307983630404,0.04379562043795613,0.0
2023-12-08,4.2,4.11,-0.02160948433285499,0.004672905699392423,-0.0024479816386400017,0.11925868108718629,0.02166149678117925,4.215000000000001,4.1195,3.7809999999999997,4,8,12,4.176849048540834,3.9949970916834885,54.73684210526315,0.14640429227784768,0.1477213084026813,4.549260030959959,3.6897399690400414,0.02652100047158788,0.04700927236632413,0.04654532235462626,-53791944.0,0.3746276721927176,0.0,0.0,-1,0.0,0,65.0,0.10461514443370255,0.0024330900243308483,0.2555706728165309,0.2900505364085755,0.746249063972367,-0.04761904761904756,0.30434782608695654,1.8192191450546316,0.04999999999999999,0.0
2023-12-11,4.03,4.2,0.00966191091173689,-0.028370697129215576,-0.027330893716971304,0.11051143850776295,-0.041318149330730976,4.206,4.152,3.8116666666666665,0,11,12,4.150149221533409,3.997255343832941,46.42857142857142,0.1256075175027691,0.14329855022269888,4.410465105046105,3.8935348949538953,0.028824913322173684,0.0477635049913456,0.047296303904267936,-55409968.0,-0.9440345920447375,0.0,0.0,-1,0.0,0,67.28571428571429,0.1086326967604496,-0.009523809523809532,0.5544933903926501,0.3662694443232142,0.7582221357113564,-0.07142857142857129,0.1923076923076925,0.997741975456526,0.04962779156327537,0.0
2023-12-12,3.91,4.03,-0.03423317164224233,-0.02459249769795792,-0.033293728099463696,-0.3241053263110254,-0.03022900196131727,4.177,4.1555,3.8363333333333336,1,12,12,4.106485726709153,3.991625966811461,40.98360655737706,0.09830967381855871,0.13430077494187087,4.397550451461694,3.9134495485383063,0.02899177686489639,0.038122933236880735,0.047800235666626466,-56580081.0,-2.0285027234402992,0.0,0.0,-1,0.0,0,67.0,0.10155978383206651,-0.002481389578163939,-0.33464910550472265,0.3757647568996717,0.6051828035586304,-0.0756501182033098,0.01822916666666674,1.0393585664845761,0.05849104859335036,0.0
2023-12-13,4.18,3.91,-0.030305349495328808,0.026987708423912682,0.0013012363579719556,0.31751204233408015,0.06677387253939052,4.175,4.1555,3.869,2,13,12,4.11985195821658,4.00377913024298,51.35135135135135,0.0973405977261601,0.12690873949872872,4.397550451461694,3.9134495485383063,0.03769681208444984,0.03597190631439867,0.049079809419945546,-54972690.0,0.20243713533314395,0.0,0.0,-1,0.0,0,67.0,0.11939776877304749,-0.002557544757033307,0.6285680010928901,0.7121543511148871,0.5710363097568775,0.0,0.0,1.0303977006819933,0.08014354066985635,0.0
2023-12-14,4.5,4.18,0.13192754304254825,0.12149755306079917,0.13710108650114738,0.34470700539903343,0.0737661502396093,4.209,4.168,3.921666666666667,3,14,12,4.188969783995383,4.035793379904723,58.38150289017341,0.12099912104150423,0.12572681580728384,4.4526678581678345,3.883332141832166,0.04446332186011435,0.039678506000276274,0.046923811456137644,-52703735.0,2.3325429301137297,0.0,0.0,-1,0.0,0,70.0,0.1193356124478708,0.06459330143540681,1.799110128739749,0.8600818488992529,0.6298767556278911,0.0948905109489051,0.05882352941176472,-0.06872951893215093,0.0688888888888888,0.0
2023-12-15,4.39,4.5,0.017817843316793893,-0.03888178754420729,-0.006825965070399871,0.21021289745115998,-0.02474816968919414,4.207,4.193,3.97,4,15,12,4.2255207323598585,4.05864541991087,57.7142857142857,0.1293811649946477,0.12645768564475662,4.462275831972325,3.9237241680276744,0.041559468778963014,0.034579828631585416,0.04746870640272461,-55503491.0,1.4631836697490666,0.0,0.0,-1,0.0,0,80.0,0.1236438837206261,0.006666666666666722,2.2925350596769274,0.9130669656022516,0.548937761630436,0.04523809523809508,0.1285347043701799,0.5717461201023406,0.036446469248291605,0.0
2023-12-18,4.39,4.39,-0.029117398570727097,-0.00220507255831387,-0.002285715280855951,-0.5988381083729161,0.0,4.212,4.207,4.010000000000001,0,18,12,4.255426053748975,4.08002313475533,55.68862275449101,0.1344738642172576,0.1280609213592568,4.487007518696361,3.9269924813036385,0.041174368482600185,0.032533238885232955,0.04561511837845155,-55503491.0,1.3071077580487698,0.0,0.0,-1,0.0,0,77.0,0.13012860521656042,0.002277904328018377,0.12532917287558412,0.8111131177968478,0.5164491566026957,0.08933002481389574,0.06812652068126512,0.4178983444377771,0.036446469248291605,0.0
2023-12-19,4.64,4.39,0.011299555253933247,0.0347106429632453,0.018141087070650003,-0.1766699641729904,0.055385139151083965,4.253,4.2335,4.058666666666666,1,19,12,4.3253485894309796,4.116150674448535,61.45833333333332,0.15687442498463167,0.1338236220843318,4.569562337575961,3.8974376624240397,0.04329530723647044,0.03460974626593727,0.04625676868599451,-54214288.0,2.419194027703968,0.0,0.0,-1,0.0,0,77.0,0.14446204082581532,0.013667425968109454,-0.33888818349176436,0.7154490196509503,0.5494126893522981,0.18670076726342688,0.12895377128953744,-0.6657970098289597,0.05172413793103453,0.0
2023-12-20,4.35,4.64,0.043963123421116204,-0.002134472528632792,-0.02502974806583539,-0.0033822179649300402,-0.06453852113757118,4.2700000000000005,4.2445,4.101666666666667,2,20,12,4.329830664079892,4.13123772770992,54.37788018433178,0.1495030760133771,0.13695951287014085,4.580700128369943,3.9082998716300574,0.048768951517128185,0.03791194774609823,0.04741249253206891,-55499138.0,0.6276023778546018,0.0,0.0,-1,0.0,0,71.0,0.1266062441733834,0.002155172413793249,-0.4134452393671282,0.9110207620157894,0.6018335127255099,0.04066985645933019,0.0532687651331718,0.005620740367023769,0.07816091954022986,0.0
2023-12-21,4.42,4.35,-0.046212843155131564,-0.03478611608541554,0.0023014969882791674,-0.293137248678961,0.01596385098901399,4.301,4.2585,4.147333333333333,3,21,12,4.346225088792639,4.149867551728636,50.251256281407024,0.14760810942890767,0.13908923218189423,4.599660557972292,3.9173394420277075,0.04824086852192597,0.038018914825739686,0.04731712397098924,-54540743.0,0.946768295607704,0.0,0.0,-1,0.0,0,77.0,0.14355972615463783,0.020689655172413966,-1.0430882630461598,0.7084679562504327,0.6035315624727227,-0.01777777777777778,0.06763285024154597,-0.015565204111686255,0.03846153846153844,0.0
2023-12-22,4.59,4.42,0.006734032181343899,0.021882711249507806,0.027212563524884794,-0.2013919525892156,0.03774032798284711,4.34,4.277500000000001,4.1930000000000005,4,22,12,4.39054779992125,4.178263193552595,55.98086124401913,0.1580025588635383,0.14287189751822305,4.648324117764697,3.9066758822353043,0.04903610839993374,0.03870471409108636,0.046888546285884514,-53757167.0,1.6854351431278465,0.0,0.0,-1,0.0,0,79.74285714285715,0.15292907598435843,0.011312217194570096,-1.4852949311017614,0.7277773451853494,0.6144182883052313,0.04555808656036442,0.09026128266033262,-1.0822376706584524,0.03267973856209158,0.0
2023-12-26,4.56,4.59,0.03300629646817008,0.00647251450561752,0.015538603427779166,-0.32748844377813363,-0.006557400546159164,4.392999999999999,4.2995,4.232333333333333,1,26,12,4.421357290844658,4.202891374613718,58.20895522388057,0.161952596923566,0.14668803739929165,4.682973048528242,3.916026951471758,0.04625034641768001,0.038312001731129294,0.04649037042440933,-54321915.0,1.3586352469869285,0.0,0.0,-1,0.0,0,81.94285714285716,0.1546031627771155,0.006535947712418355,-1.8324692643175922,0.7347677536198727,0.6081841728578652,0.03872437357630987,0.10679611650485432,-0.9247508838688471,0.02412280701754393,0.0
2023-12-27,4.57,4.56,-0.015267472130788533,-0.006472514505617479,-0.0088496152769825,0.39114791469291266,0.0021905813798186818,4.4590000000000005,4.318,4.256666666666667,2,27,12,4.448383237963811,4.226575802057995,59.89847715736042,0.16399946324496995,0.1501503225684273,4.71666091646406,3.9193390835359394,0.043984793309535905,0.03818254156796426,0.04005348201698359,-53486835.0,1.2642322815846871,0.0,0.0,-1,0.0,0,76.0,0.15307323096177447,-0.0021929824561403044,-1.1975853113041601,0.5972388017634226,0.606129056479318,-0.015086206896551602,0.08809523809523823,-1.107325000806323,0.026258205689277923,0.0
2023-12-28,4.7,4.57,0.0,0.017167803622365498,0.011049836186584935,0.08667612337222078,0.028049303809899586,4.511,4.343,4.274,3,28,12,4.494131740152209,4.257119298699415,64.53201970443348,0.17410456405809338,0.15494117086636053,4.772055265732523,3.9139447342674765,0.040324470348283056,0.03851825421862458,0.03721564124904122,-52576144.0,1.6641212846577997,0.0,0.0,-1,0.0,0,78.0,0.1504793980406205,-0.00437636761487975,-0.9584983266955356,0.29245131482913955,0.6114583295930711,0.08045977011494276,0.11904761904761907,0.01846763595330688,0.03191489361702135,0.0
2023-12-29,4.6,4.7,0.02603183871794702,-0.0021299262578248533,0.0054794657646255705,-0.1665762401042511,-0.02150620522096373,4.521,4.365,4.285666666666667,4,29,12,4.513380514669989,4.279240634267195,59.80392156862743,0.17206036026144567,0.15836500874537757,4.799632331008715,3.9303676689912854,0.03451164816544651,0.038861058225570885,0.03743398771757789,-53347097.0,1.081373764600533,0.0,0.0,-1,0.0,0,76.0,0.13672469964953762,-0.006382978723404308,-1.099608175426413,0.39269458376443683,0.6169001744979694,0.040723981900452344,0.10576923076923062,0.18056781034841593,0.02500000000000005,0.0
2024-01-02,4.59,4.6,-0.01076436658715843,0.028378152332761256,0.0021834069809435813,0.1674202975348977,-0.0021762794225955173,4.5409999999999995,4.3740000000000006,4.308999999999999,1,2,1,4.527311330184537,4.299289625604795,64.89361702127658,0.16770025346622042,0.16023205768954615,4.8198652144694165,3.9281347855305846,0.03325843778879031,0.036712637128134454,0.03357589267999049,-54258557.0,0.9689026772677993,0.0,0.0,-1,0.0,0,79.71428571428571,0.144739573047007,0.004347826086956622,-0.7599690991405041,0.2877250745974907,0.5827950468864018,0.0,0.04081632653061207,0.8812388139385808,0.052287581699346455,0.0
2024-01-03,4.26,4.59,-0.006514681021193754,-0.04775443129589999,-0.07587112277210266,0.06443360153983121,-0.0746108637911747,4.5280000000000005,4.37,4.313999999999999,2,3,1,4.4787092701509845,4.296754811049647,58.37320574162678,0.13604831505439297,0.15539530916251554,4.818576696487628,3.9214233035123724,0.04125954350956039,0.040173128519693686,0.03507245215741387,-55230679.0,-0.4904401002606889,0.0,0.0,-1,0.0,0,76.71428571428571,0.13446645591053322,0.0,-0.5936372869280823,0.594128241590538,0.6377286447032752,-0.06578947368421051,-0.018433179723502335,-1.032183674629488,0.08215962441314546,0.0
2024-01-04,4.21,4.26,-0.060624621816434736,-0.053584246134106166,-0.011834457647002796,-0.043596969725882596,-0.011806512586988952,4.484999999999999,4.369,4.317333333333333,3,4,1,4.429853039214442,4.291157726465799,50.802139037433165,0.1057107756712865,0.14545840246426975,4.8189777772292475,3.9190222227707525,0.03565044944043927,0.03983807711027119,0.03515842486598884,-56161330.0,-0.706701566370888,0.0,0.0,-1,0.0,0,78.68571428571428,0.13705138398248698,0.01408450704225364,-0.6106888942669332,0.5798316849373475,0.6324098684687536,-0.07877461706783373,-0.004728132387706974,-0.7577569424135214,0.038004750593824264,0.0
2024-01-05,4.22,4.21,-0.04014706801341202,-0.0045977092486295425,-0.031441525834819004,0.26988374047685343,0.0023724803536303955,4.4719999999999995,4.371,4.320333333333334,4,5,1,4.391697941175452,4.28656690540349,41.02564102564102,0.08153508782786911,0.13267373953698963,4.817785006580836,3.924214993419165,0.030362392956321472,0.03973309041596287,0.035152885759267394,-54942352.0,-0.6759403192850012,0.0,0.0,-1,0.0,0,75.77142857142859,0.13381050292407565,-0.014251781472683992,-0.07380900898123134,0.474713565745803,0.6307432563640901,-0.10212765957446812,0.009569377990430672,-1.7485666754519713,0.06398104265402833,0.0
2024-01-08,4.22,4.22,0.03084467535109857,-0.004618945856294417,0.004901970600206688,-0.35874391957925617,0.0,4.452,4.3765,4.3229999999999995,0,8,1,4.3604801336890056,4.2822722663452,44.13793103448277,0.06166484706362141,0.118471961042316,4.812330725228048,3.9406692747719525,0.0296801212689439,0.039510308786087994,0.03515303080562107,-54942352.0,-0.7181687335977154,0.0,0.0,-1,0.0,0,76.17142857142856,0.1359203333095062,0.014218009478673105,-0.7111056261859945,0.49726301147666546,0.6272067076281548,-0.08260869565217388,0.02676399026763976,-2.081268024393103,0.05450236966824655,0.0
2024-01-09,4.2,4.22,-0.052770035980064335,-0.02223614144688196,-0.01850762265598544,0.0225971485785251,-0.004750602758597753,4.412999999999999,4.3765,4.322666666666666,1,9,1,4.3313019275637314,4.276964378193897,43.537414965986414,0.043798819717688176,0.10353733277739044,4.812330725228048,3.9406692747719525,0.02564848998799537,0.03925453842826083,0.03504214061114344,-55813334.0,-0.8099474854951848,0.0,0.0,-1,0.0,0,75.68571428571428,0.14425527518661757,-0.037914691943128,-0.617858263513462,0.4928602198201266,0.6231464790708386,-0.08496732026143783,0.0,-2.073718278029366,0.04999999999999999,0.0
2024-01-10,4.07,4.2,0.02433210065953072,-0.008318526875090647,0.0,-0.43908612007935366,-0.031441525834819004,4.363999999999999,4.3785,4.321,2,10,1,4.283792486188507,4.263611837665259,28.888888888888914,0.018931717726228037,0.08661620976715796,4.8079562044948485,3.9490437955051507,0.026582289325648732,0.038783321545730796,0.035291079341903696,-56374791.0,-1.4367006310358235,0.0,0.0,-1,0.0,0,76.37142857142858,0.13769697978028123,-0.009523809523809532,-1.070554643550619,0.21267527146135112,0.615666142962341,-0.04460093896713602,0.00992555831265518,-1.4378765408579282,0.042997542997543166,0.0
2024-01-11,4.18,4.07,-0.03423317164224233,0.0011926059851231061,-0.0037429862788342805,0.6369172213318999,0.026668247082161273,4.324999999999999,4.392,4.320333333333333,3,11,1,4.264921125063324,4.258217525557823,42.73504273504273,0.008008128214671117,0.0708945934566606,4.773774251289348,4.010225748710653,0.02899942201360617,0.03847377503260313,0.0354609735262917,-55313276.0,-1.1106039722900283,0.0,0.0,-1,0.0,0,74.65714285714286,0.14110851641245373,-0.01228501228501246,-0.15865382214346313,0.32809790319023713,0.6107522444046831,-0.0071258907363420665,0.06905370843989767,-0.16738647778825907,0.04665071770334935,0.0
2024-01-12,4.16,4.18,0.06965600148472668,0.04543588716791034,0.03801806718752095,-0.3420321929112459,-0.004796172263492944,4.271,4.391,4.319,4,12,1,4.245844556869993,4.251880911005705,38.392857142857146,-0.0022369419521011125,0.056268286374908265,4.77520937274543,4.00679062725457,0.026050223537018996,0.03532078195495936,0.03547379812697066,-56067297.0,-1.2024693637708628,0.0,0.0,-1,0.0,0,73.08571428571429,0.14659908151497864,0.031100478468899496,-0.6409504244007339,0.3270386993717697,0.5607000309909616,-0.01421800947867291,-0.004784688995215225,0.17485254308410056,0.05649038461538448,0.0
2024-01-16,4.15,4.16,-0.05484091569958601,-0.04901798055041499,-0.029306126585499474,-0.00826192344321933,-0.0024067400305649764,4.226,4.3735,4.318666666666667,1,16,1,4.228418273802721,4.245307949005338,27.08333333333333,-0.011035934909519263,0.042807442118022766,4.768536307458821,3.9784636925411783,0.02597217333853348,0.030429128975298838,0.03542970244097246,-56815114.0,-1.1315415610161208,0.0,0.0,-1,0.0,0,72.28571428571429,0.13421011034947522,-0.019230769230769246,-0.5866813366185264,0.3262373738119498,0.48304744728570254,-0.016587677725118377,-0.07777777777777772,0.2922073218676014,0.03493975903614447,0.0
2024-01-17,4.1,4.15,-0.012330612457478674,-0.004796172263492944,-0.011215070820140068,-0.30440404259005344,-0.012121360532344963,4.1770000000000005,4.359,4.308333333333334,2,17,1,4.205069496747681,4.235933242617897,26.530612244897952,-0.021792571159239493,0.029887439462570314,4.772350876820886,3.9456491231791135,0.025831924052380127,0.03010663572163759,0.03365038516688716,-57366676.0,-1.2531726168914372,0.0,0.0,-1,0.0,0,57.21428571428572,0.12468904040925666,-0.02891566265060243,-1.419763533142096,0.33251735841605945,0.47792802559360015,-0.023809523809523947,-0.06605922551252852,0.5940532209271127,0.04146341463414633,0.0
2024-01-18,4.06,4.1,0.019656652549551592,0.011947573421117982,0.0025031302181184748,-0.013588117947031634,-0.009804000096620856,4.156999999999999,4.342499999999999,4.299,3,18,1,4.178693224611739,4.224582710836097,24.752475247524686,-0.033162669974156955,0.01727741757522486,4.776471864234933,3.9085281357650654,0.014538467230877204,0.030134915800290922,0.033581151511062106,-57910794.0,-1.301927720581749,0.0,0.0,-1,0.0,0,66.45714285714286,0.13306200969939827,0.0024390243902440672,-1.4329563962477134,0.25083473474031653,0.4783769579246445,-0.002457002457002644,-0.0751708428246014,1.9136936673502183,0.05172413793103448,0.0
2024-01-19,4.07,4.06,-0.009780029053639606,-0.02647567398402802,-0.030459207484708574,0.5080082984922412,0.0024600258408626207,4.143000000000001,4.314,4.293666666666667,4,19,1,4.158930820136877,4.214609632717639,14.606741573033702,-0.04089522408870305,0.005642889242439279,4.740510936492307,3.8874890635076933,0.014468288750255437,0.026647202038731325,0.03328786522088774,-57006482.0,-1.1441676127073983,0.0,0.0,-1,0.0,0,72.82857142857144,0.14648885312598187,0.002463054187192285,0.26879470257774196,0.09198760130515844,0.42301121838105865,-0.02631578947368407,-0.12284482758620674,0.21175401100486801,0.05405405405405399,0.0
2024-01-22,4.34,4.07,0.004901970600206688,0.0660617506780927,0.04783241554205359,-0.2504884112409812,0.0642313486578097,4.154999999999999,4.3134999999999994,4.299,0,22,1,4.191852489202899,4.22269933383263,37.73584905660377,-0.02494898900364806,-0.00047548640677818905,4.739856658210208,3.887143341789791,0.026436345393008643,0.02786278705033563,0.03538430663367862,-56302547.0,0.12430907077301945,0.0,0.0,-1,0.0,0,72.85714285714286,0.15512594673846444,0.004914004914004809,-0.6518334854970487,0.517770171111112,0.442308032210034,0.043269230769230616,-0.0022988505747125743,2.063836533990624,0.07140552995391701,0.0
2024-01-23,4.48,4.34,0.07985461400233394,0.02924842912623219,0.06650827592335706,0.09692769291014543,0.031748698314580485,4.181,4.3165,4.311333333333334,1,23,1,4.244242945711463,4.239299376811171,45.378151260504225,-0.00100308984579911,-0.0005810070945823733,4.7468376887003565,3.886162311299642,0.02793944789930817,0.028571878925810847,0.035626346767219375,-55526965.0,0.7598683745027286,0.0,0.0,-1,0.0,0,70.25714285714287,0.15667354252932744,0.02073732718894006,-0.20281133733752463,0.5283828276704058,0.4535645167652568,0.07951807228915664,0.013574660633484337,1.041822105607824,0.03571428571428574,0.0
2024-01-24,4.35,4.48,0.02452742799621242,0.006629858538669582,-0.006920442844573683,-0.09253213128222107,-0.02944720132630125,4.196,4.304499999999999,4.316333333333334,2,24,1,4.263471501036651,4.2464413525007725,54.54545454545454,0.007399003110871938,0.001014994946508489,4.715684425263316,3.8933155747366825,0.02998890426094497,0.02789946825821361,0.03593051283476935,-56234001.0,0.22131188442199873,0.0,0.0,-1,0.0,0,72.48571428571428,0.156294105065617,0.013392857142857054,-0.5660668769681297,0.594437457238903,0.44289032833304154,0.060975609756097615,-0.05228758169934644,0.6419130203572548,0.050574712643678105,0.0
2024-01-25,4.47,4.35,-0.04045495469231364,-0.0033094349013671424,0.004618945856294458,0.08401198630461866,0.027212563524884794,4.236,4.3,4.331,3,25,1,4.301022137211805,4.26086449104911,62.2641509433962,0.023470169921814943,0.0055060299415697804,4.7012611697086655,3.8987388302913346,0.02807970248698309,0.02866044517657742,0.03531321894553649,-55464999.0,0.8473284376030108,0.0,0.0,-1,0.0,0,73.22857142857143,0.15312753721350744,0.002298850574712799,-0.28901555421721575,0.5649065207787939,0.4549704624097472,0.100985221674877,-0.019736842105263164,-0.18732008860843372,0.04138702460850123,0.0
2024-01-26,4.53,4.47,0.040454954692313534,0.010989121575595165,0.033978353641849555,-0.46140457889703457,0.013333530869465388,4.271,4.298,4.3516666666666675,4,26,1,4.342654475900568,4.278228072271748,63.96396396396397,0.04058039839281857,0.012520903631819541,4.693958530524238,3.9020414694757624,0.027473535735826525,0.02882765829895267,0.034762416862242754,-54980222.0,1.1718398878429965,0.0,0.0,-1,0.0,0,73.79999999999998,0.16370648164358217,0.015659955257270756,-1.7149286446611518,0.5486880158804373,0.45762488843625637,0.11302211302211296,-0.008752735229759279,-0.4710847842693055,0.018763796909492265,0.0
2024-01-29,4.74,4.53,-0.0066298585386696885,0.03543043697950048,-0.01119832531002945,0.13397917870111473,0.04531519621204249,4.329,4.3,4.370333333333333,0,29,1,4.41489911664592,4.308019809544539,69.69696969696969,0.07027553011918464,0.024071828929292563,4.704813147279955,3.895186852720044,0.029435331916880636,0.030013144881660715,0.03355765776946841,-54425943.0,2.173842440427019,0.0,0.0,-1,0.0,0,74.11428571428573,0.17569815319996346,-0.004415011037527695,-1.2015202368278286,0.45809013539604615,0.4764439045189521,0.09216589861751157,0.008510638297872353,-1.364042050844737,0.06329113924050629,0.0
2024-01-30,4.77,4.74,0.03913542894360113,0.03319806940959583,0.03757348056442371,0.4803693363889136,0.0063091691932645345,4.391,4.3085,4.379333333333333,1,30,1,4.479462913619388,4.337824983122311,71.42857142857139,0.09513324836497894,0.03828411281642984,4.745681162015507,3.871318837984494,0.029037257556574624,0.02957345753824465,0.030703470112033983,-53529856.0,2.1112529088507697,0.0,0.0,-1,0.0,0,74.22857142857143,0.1744767250821208,-0.010548523206751016,0.5616653496896468,0.4444612055484513,0.46946408432714276,0.06473214285714257,0.03695652173913033,-0.6388492447176515,0.06079664570230609,0.0
2024-01-31,4.74,4.77,0.01691372244206162,0.016194685919980606,0.02146005101976907,0.4338817147481659,-0.006309169193264609,4.455,4.316,4.391,2,31,1,4.526833292961317,4.363771758404742,77.23577235772356,0.11113136666735457,0.05285356358661479,4.777959214422279,3.8540407855777206,0.028506843798253485,0.029620011112536003,0.030332776341544663,-54912730.0,1.8356598884178532,0.0,0.0,-1,0.0,0,64.11428571428573,0.1724571113160956,0.0,2.4592717959740176,0.3216140719918274,0.47020309940843924,0.08965517241379328,0.03267973856209161,0.5123216954877101,0.05696202531645579,0.0
2024-02-01,4.95,4.74,0.0,0.0,-0.014973541790162593,-0.3666352127366668,0.04335044087361382,4.544,4.350499999999999,4.409666666666666,3,1,2,4.603772694241077,4.401592935281856,78.94736842105263,0.13915118736958831,0.0701130883432095,4.891200325601379,3.80979967439862,0.028422770619487718,0.025461338167374562,0.03124611037129731,-53954312.0,2.217494503385856,0.0,0.0,-1,0.0,0,72.34285714285714,0.19160469935952582,0.0063291139240504975,0.6345921722999978,0.372567387302198,0.4041862130267409,0.10738255033557054,0.1619718309859155,0.19994456530270605,0.06868686868686884,0.0
2024-02-02,4.99,4.95,0.01663240004914205,0.009990093075086186,0.029726180265200904,0.0507608170686575,0.008048333182828415,4.636000000000001,4.3895,4.421333333333333,4,2,2,4.673995840742699,4.439554681392705,80.7407407407407,0.16270915302097233,0.08863230127876207,4.9960424009998805,3.78295759900012,0.028082884374055057,0.025041655248576822,0.029649724855840408,-52945988.0,1.9800759155834147,0.0,0.0,-1,0.0,0,74.60000000000001,0.17433359603750795,-0.020202020202020308,0.823566231535267,0.3810865469441862,0.3975239532308977,0.10154525386313473,0.18527315914489306,0.35942143890419914,0.0501002004008016,0.0
2024-02-05,4.78,4.99,0.0041152321451065794,-0.02618477899506691,-0.0031430093971992513,-0.42541993021220637,-0.04299536326006273,4.68,4.4174999999999995,4.435666666666666,0,5,2,4.693269324244026,4.461518895496402,70.32258064516127,0.16255987650258685,0.10341781632352703,5.04251789448081,3.7924821055191895,0.029500664557181647,0.02749750750912508,0.028301622089340644,-53604923.0,1.1599667887944947,0.0,0.0,-1,0.0,0,73.31428571428572,0.1631435191647892,-0.02404809619238479,-0.5934852245216811,0.4929687849094925,0.43650939925965665,0.00843881856540074,0.1327014218009479,-0.15329038997261984,0.028242677824267922,0.0
2024-02-06,4.91,4.78,-0.022846268851169846,0.003056548482548874,-0.011588397880717183,-0.5014404456831237,0.026833395303064535,4.723,4.452,4.452,1,6,2,4.732674901654203,4.490453160303086,74.84662576687117,0.17096075813060274,0.11692640468494218,5.106590269598321,3.7974097304016787,0.02911911027352787,0.02782423715175623,0.02854311050231873,-53205834.0,1.3993486346231347,0.0,0.0,-1,0.0,0,73.20000000000002,0.1771341235841003,-0.004184100418410139,-1.5736688543880735,0.5255176253432592,0.44169607154178686,0.029350104821803003,0.16350710900473953,-0.5797163543240208,0.04173116089613041,0.0
2024-02-07,4.88,4.91,0.03102627356310068,0.015144156164297406,0.025137328439033206,0.05549616711748269,-0.006128721941373499,4.776000000000001,4.486,4.461666666666668,2,7,2,4.75946128317162,4.51558521447708,75.30864197530863,0.17320121230490937,0.12818136620893564,5.155937938995422,3.816062061004578,0.026530515968170996,0.02785884027169368,0.027833542920650087,-53627697.0,1.1762283550945236,0.0,0.0,-1,0.0,0,73.77142857142857,0.17631690938266575,0.0,-1.318562664290878,0.5252497077535979,0.44224537904143546,0.029535864978902815,0.16190476190476177,-0.5850658722243303,0.03278688524590167,0.0
2024-02-08,4.98,4.88,-0.004081638319648619,0.007984074348220549,0.00413223728491037,0.3999417752577799,0.02028467117150593,4.827,4.5315,4.475666666666667,3,8,2,4.799559231685871,4.545547458704366,76.60818713450291,0.1809599588824451,0.13873708474363755,5.206068868163145,3.8569311318368555,0.026156049908290666,0.02642101316646907,0.027970769876150412,-52998388.0,1.3297382110777465,0.0,0.0,-1,0.0,0,74.60000000000001,0.18076119281506484,0.0020491803278688088,-0.4831361478463378,0.4363182905527114,0.41942058134904214,0.0060606060606061,0.2235872235872236,-1.1892705599403377,0.03614457831325313,0.0
2024-02-09,5.12,4.98,0.016227536621756754,0.02163309535542585,0.016360283105206853,-0.17490508908048266,0.02772454801485477,4.886,4.5785,4.494,4,9,2,4.857821189561167,4.582608912981504,74.68354430379746,0.1961446183505151,0.15021859146501307,5.280385430747002,3.876614569252998,0.02670340363963845,0.02645790591072374,0.028332723466789132,-52470060.0,1.5429868644621756,0.0,0.0,-1,0.0,0,75.42857142857143,0.184792155955348,-0.0020080321285141918,-0.8169379044176786,0.47662295949976907,0.4200062355079255,0.02605210420841675,0.2248803827751198,-1.2991881570863553,0.04101562499999999,0.0
2024-02-12,5.42,5.12,0.031685819074140795,0.06222553696681609,0.03976667112807948,0.726384877473405,0.056941376400138424,4.954,4.6415,4.518,0,12,2,4.960035518731864,4.636634144402053,77.01149425287355,0.2297377889497083,0.16612243096195212,5.408401489591074,3.8745985104089256,0.028630928418165228,0.028262031124701357,0.029723445218021758,-51377693.0,2.0302477190782633,0.0,0.0,-1,0.0,0,75.82857142857144,0.19561526588422834,0.0019531249999999584,1.4381464129036747,0.3662377910157458,0.4486458354091613,0.13389121338912124,0.3028846153846154,0.12060737078055199,0.06273062730627303,0.0
2024-02-13,5.05,5.42,0.0038910554929667217,-0.039147589684271344,-0.021675725479040394,0.03217194402280823,-0.07070757216428647,4.982,4.6865000000000006,4.533,1,13,2,4.976392697144252,4.6633029092793405,67.6767676767677,0.22392346062771207,0.17768263689510413,5.437422940892113,3.935577059107888,0.038743339879616666,0.03357404090499899,0.03229314645838673,-52505775.0,0.9681419496071152,0.0,0.0,-1,0.0,0,66.74285714285715,0.1851159121810228,-0.04981549815498147,1.4191447258929022,0.7582269468429081,0.5329713764528237,0.02851323828920571,0.21686746987951788,-1.0228554192963673,0.04752475247524757,0.0
2024-02-14,5.23,5.05,0.005808341595746734,-0.0038095284166676188,0.01776947051197544,-0.15904140239024175,0.035023034789563104,5.031000000000001,4.743,4.554333333333333,2,14,2,5.022503115845297,4.699864011906481,68.62745098039217,0.23117521524007856,0.188381152564099,5.477993018226887,4.008006981773113,0.039479243174509154,0.033589527912034796,0.0327933122630147,-51543565.0,1.3251826559518882,0.0,0.0,-1,0.0,0,67.51428571428572,0.1896645437442029,0.025742574257425724,0.7121040578163274,0.7720710950372245,0.5332172250678403,0.07172131147541005,0.2756097560975612,-1.7414210733793662,0.024856596558317377,0.0
2024-02-15,5.55,5.23,0.017225306281879342,0.06017548639455739,0.030830958337657675,-0.1428578429000839,0.059386649681511514,5.090999999999999,4.8175,4.597333333333334,3,15,2,5.118411640237061,4.754711495009289,72.17391304347827,0.25974937950628885,0.202654797952537,5.562981123344729,4.072018876655271,0.0413952027397756,0.034807784038566006,0.03100126067462937,-50709447.0,1.9651738375708643,0.0,0.0,-1,0.0,0,73.85714285714286,0.19938292501740443,0.00764818355640519,0.17203042114882844,0.8415155902998926,0.5525564415317349,0.11445783132530107,0.36699507389162567,-1.843492069120604,0.053153153153153304,0.0
2024-02-16,5.72,5.55,0.03541842720354279,0.03877137591813177,0.03541842720354279,0.08701587274630991,0.0301708776333633,5.164,4.9,4.647666666666667,4,16,2,5.22779134201214,4.816988172750626,71.68141592920354,0.2927376919142173,0.22067137674487305,5.662185224069342,4.137814775930659,0.041753412140709344,0.034787027053885894,0.030973980695667647,-49799496.0,2.1517079421245717,0.0,0.0,-1,0.0,0,73.48571428571428,0.20412679690527935,-0.016216216216216193,0.46602522733170454,0.8426583619785938,0.5522269346151479,0.1171875,0.40540540540540526,-1.8825918027177009,0.05681818181818185,0.0
2024-02-20,5.61,5.72,0.023530497410194036,-0.022728251077556064,0.01092907053219023,-0.1627495438105195,-0.019418085857101513,5.247,4.963500000000001,4.694,1,20,2,5.29728382528266,4.8681502261215535,67.94871794871797,0.3064722649755378,0.237831554391006,5.740708906414926,4.1862910935850755,0.03883310822378216,0.03374140466647878,0.03142291529952427,-50572776.0,1.6636453716984445,0.0,0.0,-1,0.0,0,63.74285714285715,0.20196472571056567,-0.02272727272727271,-0.07970383110031919,0.8196141935747122,0.5356281938009827,0.035055350553505615,0.2926267281105992,-0.848843751008857,0.024064171122994773,0.0
2024-02-21,5.65,5.61,0.0017873105740956587,0.007926065272420723,0.003616640470188515,-0.04221017611369921,0.007104825623744582,5.321,5.022,4.741666666666666,2,21,2,5.361414038867631,4.918592147016938,69.36170212765958,0.31693129213212323,0.2536515019392295,5.821778916819911,4.22222108318009,0.03875598454535197,0.03347134060524129,0.031371505143625446,-49831457.0,1.5704339956773563,0.0,0.0,-1,0.0,0,63.7,0.20354533810627962,-0.0017825311942960204,-0.19760700656607866,0.4835528102609065,0.5313410597364396,0.11881188118811892,0.2611607142857142,-0.3238451556877501,0.028318584070796484,0.0
2024-02-22,5.99,5.65,0.014184634991956381,0.07679858479591228,0.018775696842432726,0.6404008671585583,0.05843586696900833,5.432,5.104000000000001,4.801333333333334,3,22,2,5.4757023954371515,4.987715234306168,70.96774193548387,0.3486364411336389,0.2726484897781114,5.948708607496752,4.25929139250325,0.040412155092190975,0.03363173479360925,0.0325198364167261,-48424996.0,2.097764820049869,0.0,0.0,-1,0.0,0,73.94285714285715,0.21151759195201705,0.005309734513274223,2.000219340251706,0.5504729800119912,0.5338872385414097,0.14531548757170176,0.3770114942528737,-0.4422763290880142,0.08514190317195336,0.0
2024-02-23,5.8,5.99,0.0430729802765741,-0.03555562626186322,0.014945333125022985,-0.37030462711983275,-0.03223349457498443,5.514,5.1705000000000005,4.858999999999999,4,23,2,5.53466559626676,5.040120703060609,65.39923954372622,0.35434689757490023,0.2889881713374692,6.014462458631366,4.326537541368635,0.043781564491740844,0.035196055242641015,0.032555394383754314,-49396191.0,1.491772515618396,0.0,0.0,-1,0.0,0,73.34285714285714,0.2045751374335778,-0.010016694490818113,0.46074744801714673,0.5910313849112051,0.5587200558151154,0.04504504504504503,0.29753914988814323,0.3836752507404882,0.036206896551724134,0.0
2024-02-26,5.62,5.8,-0.03082435820037492,-0.013559529785632362,-0.039150907561825155,-0.36598582548408204,-0.031526253646773895,5.564,5.225,4.907,0,26,2,5.550180942400075,5.077532270605086,66.15384615384616,0.34042378626734227,0.2992752943234438,6.034899278988081,4.415100721011918,0.045939359222747125,0.03659059655770532,0.03337070533874491,-50069727.0,0.9754299336913311,0.0,0.0,-1,0.0,0,71.91428571428573,0.19362401720012018,-0.008620689655172384,-0.6133239556992608,0.613181121429655,0.5808577128911061,-0.01748251748251739,0.24061810154525376,1.460759840911026,0.06227758007117447,0.0
2024-02-27,6.0,5.62,0.005203827875027044,0.030254408357802343,0.027865829436161376,0.17127496495012254,0.0654278053224552,5.622,5.287999999999999,4.968333333333333,1,27,2,5.6319662256000615,5.137046317662822,69.12280701754386,0.35594928269284587,0.3106100919973242,6.134257395209942,4.441742604790057,0.04706766153278654,0.03794105347323974,0.03481741937890753,-49270363.0,1.6827031681616555,0.0,0.0,-1,0.0,0,75.77142857142859,0.20529836023256348,0.02846975088967974,-0.21687328337730688,0.7601381788480568,0.6022955518199747,0.06951871657753994,0.26582278481012644,0.20276403843275245,0.06238333333333331,0.0
2024-02-28,5.98,6.0,0.02730545069026744,0.004130530449289978,0.04390599629493003,-0.12493515434044085,-0.0033389012655145986,5.715,5.3485,5.0293333333333345,2,28,2,5.695245093672778,5.1914304262007045,69.3661971830986,0.36246128949125733,0.3209803314961108,6.211671020439439,4.48532897956056,0.03860249140921883,0.038085516683747885,0.03483188595398412,-49975845.0,1.463209456866392,0.0,0.0,-1,0.0,0,76.77142857142859,0.21010919477027962,-0.009999999999999934,-0.5211948189997083,0.7700370854197657,0.6045888341915898,0.05840707964601766,0.25366876310272546,0.39186677533113684,0.02424749163879606,0.0
2024-02-29,6.08,5.98,0.02985296314968113,0.013917539422412955,0.008410478508596293,0.2503191838155208,0.01658412801553526,5.8,5.4155,5.095333333333333,3,29,2,5.765200531186818,5.248757495478079,69.36619718309859,0.3714098841111948,0.33106624201912765,6.287774099846661,4.543225900153338,0.03808586447715718,0.037849029696519695,0.0345178299332945,-49069699.0,1.5236036473324472,0.0,0.0,-1,0.0,0,77.45714285714287,0.21484411302029652,0.02341137123745814,0.32792581551404304,0.652849506131326,0.6008347196525377,0.015025041736226985,0.28270042194092815,1.0641174014265464,0.029605263157894836,0.0
2024-03-01,6.24,6.08,0.0032626456348163694,0.032002731086173734,0.006677821142605448,0.106782894529798,0.025975486403260736,5.869000000000001,5.48,5.168000000000001,4,1,3,5.851527707334669,5.312708624802075,69.58041958041959,0.3869518327836676,0.34224336017203566,6.396974429994263,4.563025570005738,0.03493636707641206,0.03728060183015263,0.03429677939315838,-48061437.0,1.657625284065457,0.0,0.0,-1,0.0,0,76.82857142857142,0.22082577638199943,0.009868421052631514,0.7275472750425276,0.5807974163736588,0.5918112070164199,0.07586206896551739,0.2606060606060605,0.33407360776349687,0.05448717948717946,0.0
2024-03-04,6.18,6.24,0.012945164592036986,-0.006319136351478546,0.013223333174689433,-0.33093507002436945,-0.009661910911736972,5.915,5.539499999999999,5.238333333333333,0,4,3,5.911249942364728,5.368662907072909,64.50381679389312,0.3899325409141392,0.35178119632045635,6.476808015430155,4.602191984569844,0.03491170915055548,0.03759483167567663,0.03451914926903874,-48785623.0,1.3666798735441474,0.0,0.0,-1,0.0,0,79.22857142857143,0.21663246383143073,-0.003205128205128279,-0.36500185885556014,0.48529962769898566,0.5967994511710443,0.0996441281138789,0.23847695390781554,1.0885472561641099,0.03559870550161808,0.0
2024-03-05,6.01,6.18,-0.021121825029282434,-0.01920058985661696,-0.013223333174689428,-0.2400296392581502,-0.027893522922483142,5.955,5.601,5.294,1,5,3,5.929204498298414,5.4100394937133665,69.83471074380166,0.374262924310786,0.35627754191852234,6.488572680493285,4.713427319506715,0.03572567873684755,0.03663195406022914,0.03391513890844345,-49355271.0,0.921614666581874,0.0,0.0,-1,0.0,0,76.11428571428571,0.2093659890070259,-0.014563106796116483,-0.9623972347407889,0.3396448037976327,0.5815142428902547,0.0016666666666667052,0.2573221757322175,-0.07136543863684962,0.029950083194675643,0.0
2024-03-06,6.11,6.01,0.013050756195490775,-0.0032362487792084163,0.009109793848897233,-0.4144857793123958,0.016502024636387728,6.0009999999999994,5.661,5.348333333333333,2,6,3,5.962076407698702,5.45519823605444,68.80341880341881,0.3656982625923657,0.358161686053291,6.513436754869692,4.8085632451303075,0.035841834386856654,0.03647946397307729,0.03370416113692711,-48978916.0,1.0534505872371425,0.0,0.0,-1,0.0,0,72.54285714285714,0.213001394436684,0.02662229617304495,-1.7204236555253,0.3546479322939985,0.5790935378022164,0.021739130434782483,0.24439918533604899,-0.8098416657060007,0.017184942716857533,0.0
2024-03-07,6.26,6.11,0.00485045413374948,0.027179930531838196,0.02120797268509224,0.26097447129634943,0.02425341192850306,6.0280000000000005,5.73,5.412000000000001,3,7,3,6.016244333571665,5.507120930502541,66.35944700460831,0.3667863679401302,0.35988662243065883,6.5385334351711215,4.921466564828879,0.031651949608313794,0.036339032275888666,0.03292396842276116,-48490334.0,1.311015666007253,0.0,0.0,-1,0.0,0,73.85714285714286,0.21667750789166976,0.014729950900163642,-1.312699726366371,0.37537597735099015,0.5768642537205055,0.02960526315789469,0.2827868852459017,-0.8183817102972353,0.023162939297124534,0.0
2024-03-08,6.35,6.26,0.02705017753302604,0.019524243774686343,0.01680711831638119,0.20310131219327815,0.014274627792593033,6.083,5.7985,5.474666666666667,4,8,3,6.07692718201318,5.56150022530883,65.07177033492823,0.3706384576805135,0.3620369894806298,6.570817769342543,5.026182230657456,0.0289757394507969,0.03629975732201993,0.032806552819264104,-47891725.0,1.4281686163183294,0.0,0.0,-1,0.0,0,70.02857142857144,0.21722855575020417,0.01757188498402561,-0.8545805185174838,0.34299381646524313,0.5762407831563642,0.017628205128205066,0.27510040160642557,-0.8362326924957426,0.025984251968503944,0.0
2024-03-11,6.34,6.35,-0.0031446566794717194,0.0007730962889884549,0.0031695747612790395,-0.36288784877121144,-0.0015760444554656545,6.154999999999999,5.8595,5.535,0,11,3,6.124758603465329,5.61172601722439,68.34170854271356,0.36863495582263095,0.36335658274903004,6.598160950639829,5.12083904936017,0.025713725591509834,0.03624971713727412,0.03290281602047892,-48308156.0,1.301002847338255,0.0,0.0,-1,0.0,0,62.771428571428565,0.2184135192089996,0.0,-1.520593516724248,0.3277573026057843,0.5754464198499815,0.025889967637540368,0.23828125,-1.2442106673583102,0.023659305993690767,0.0
2024-03-12,6.31,6.34,-0.0015760444554656545,-0.02029734006367466,-0.012739025777429714,0.18435623741364773,-0.004743091896012849,6.186,5.904000000000001,5.5873333333333335,1,12,3,6.158438857380724,5.656775951597011,66.66666666666666,0.36047113008414655,0.3627794922160533,6.638399862401181,5.16960013759882,0.017239483639351565,0.034637091197294204,0.03236977444077107,-48808891.0,1.105664695177226,0.0,0.0,-1,0.0,0,72.2,0.21969702209587555,0.0,-1.0777442101832224,0.1985627013697201,0.5498467766802296,0.04991680532445919,0.16420664206642055,-0.21569746670092999,0.015847860538827203,0.0
2024-03-13,6.42,6.31,-0.00791769773678535,0.021841741915048854,0.0047961722634930135,0.05527618561022206,0.017282441148747968,6.2299999999999995,5.972499999999999,5.642333333333334,2,13,3,6.205995428766046,5.7060162127843,62.28571428571428,0.3587419659860851,0.3619719869700597,6.622192234831334,5.3228077651686645,0.017349856107839522,0.029616940285640353,0.032388803463390556,-48279698.0,1.37757533800962,0.0,0.0,-1,0.0,0,71.77142857142857,0.22229303266765804,-0.003169572107765384,-0.878022730732013,0.2003438518146456,0.47015435154272794,0.0507364975450082,0.2712871287128713,-0.24739195944999884,0.03271028037383191,0.0
2024-03-14,6.21,6.42,0.014207026644349276,-0.015552413007484884,-0.016077516727532777,0.5215230679080377,-0.03325722175648235,6.243,6.0215000000000005,5.691333333333334,3,14,3,6.206723532626764,5.738531295830475,61.58192090395481,0.3365468435048564,0.3568869582770191,6.576298208929799,5.466701791070202,0.021010445667068212,0.030726794977308305,0.03320868892200923,-49171172.0,0.6795263465742417,0.0,0.0,-1,0.0,0,70.4,0.21717576729246674,-0.006230529595015582,0.6191028268440842,0.3169975784972973,0.487772748576158,-0.007987220447284282,0.18738049713193106,-1.0426927477552512,0.033816425120772944,0.0
2024-03-15,6.25,6.21,-0.04160600083246379,0.002348337674107429,-0.014694141939220749,0.537980344605955,0.0064205678029227616,6.244,6.0565,5.734666666666667,4,15,3,6.21459198124008,5.771529276744638,69.32515337423314,0.31851309405654415,0.34921218543292415,6.5730584493347095,5.53994155066529,0.019363574916784764,0.028171626490912042,0.03255643097060274,-47644483.0,0.7491891779108993,0.0,0.0,-1,0.0,0,68.62857142857143,0.21973677616742296,-0.014492753623188383,2.5075567655041193,0.29638570783568824,0.44721070633891497,-0.015748031496062964,0.12612612612612617,-1.0714337939632832,0.05039999999999992,0.0
2024-03-18,6.06,6.25,0.019418085857101516,-0.02453625264946961,-0.011579947430959421,-0.7449346486408608,-0.030871663667087143,6.232,6.0735,5.770333333333334,0,18,3,6.186484348287338,5.79014029114821,52.08333333333332,0.2855976140721799,0.3364892711607753,6.565211297409499,5.581788702590501,0.02154259758312834,0.028701127345047227,0.033315145422512994,-48369302.0,-0.05491026979092433,0.0,0.0,-1,0.0,0,70.74285714285715,0.2144972338772142,-0.0015999999999999658,-0.14020006450338532,0.3527622935822302,0.45561627181314285,-0.04416403785488965,0.05944055944055937,-0.08068732288877059,0.037953795379538025,0.0
2024-03-19,6.17,6.06,-0.03423317164224221,-0.001603849581974516,0.00332226219197786,-0.3145026276191974,0.017989037836073522,6.248,6.1015,5.816666666666666,1,19,3,6.183487194053276,5.814647369138648,56.209150326797364,0.265329387713237,0.32225729447126766,6.543327544351301,5.659672455648699,0.02027789657795855,0.028373559803722297,0.03204386477593448,-47840074.0,0.31007573373712183,0.0,0.0,-1,0.0,0,70.85714285714286,0.21399180621915576,-0.004950495049504846,-0.7440788724884895,0.4031691660794088,0.450416298301607,-0.022187004754358086,0.09982174688057044,-0.47136921794201103,0.032414910858995165,0.0
2024-03-20,6.35,6.17,0.014815085785140682,0.034703798008319305,0.014815085785140682,0.024093862461036415,0.02875597498730372,6.272,6.1365,5.8646666666666665,2,20,3,6.213762249679952,5.849186248549058,58.38509316770184,0.2607850008198982,0.3099628357409938,6.536672331298622,5.736327668701378,0.021573208539250634,0.028878323125093065,0.03208449659513859,-47297940.0,1.0670402889033266,0.0,0.0,-1,0.0,0,69.62857142857145,0.21546468384274098,-0.008103727714748757,-0.6604237805690057,0.44890958441280493,0.4584291676173712,-0.010903426791277315,0.12389380530973448,-0.258881638479759,0.05196850393700789,0.0
2024-03-21,6.3,6.35,0.03846628082779614,-0.007782140442054963,0.021019367224075342,0.2623384402602467,-0.007905179507113261,6.276,6.151999999999999,5.912,3,21,3,6.229441840647233,5.878271006707184,51.999999999999986,0.250264070908365,0.29802308277446804,6.55229462833495,5.751705371665048,0.020566396834097337,0.026061462091358394,0.0321149445837549,-48002696.0,0.7394553387619286,0.0,0.0,-1,0.0,0,71.37142857142858,0.21191629950793622,0.0015748031496064057,-0.017387253988634572,0.368909281785926,0.4137128849788296,0.01449275362318847,0.05175292153589317,-0.5887741324062176,0.023809523809523867,0.0
2024-03-22,6.22,6.3,-0.0174469136037207,-0.010997754209541398,-0.020202707317519466,0.09934649170210616,-0.012779726646398995,6.263,6.173,5.953333333333333,4,22,3,6.227725142347736,5.900318038532527,51.315789473684205,0.232787398517182,0.28497594592301084,6.538058034319455,5.807941965680545,0.020365817487831943,0.025061571075653502,0.03227832920253415,-48781063.0,0.2574933056198455,0.0,0.0,-1,0.0,0,69.51428571428572,0.19719987327300048,-0.007936507936507908,0.30600936687051516,0.3827473734717495,0.3978401071844921,-0.0048000000000000265,0.07241379310344831,0.15666767556426417,0.032958199356913194,0.0
2024-03-25,7.21,6.22,0.03922071315328133,0.16157061268891582,0.059423420470800806,1.5515365063128093,0.1476990445457697,6.35,6.2525,6.023,0,25,3,6.406320571011783,5.984813648949784,75.64102564102564,0.29541636005096006,0.2870640287486007,6.770832346137844,5.734167653862157,0.05485735300324945,0.04170731060584852,0.04238743756426679,-45108171.0,3.6945407985222056,0.0,0.0,-1,0.0,0,67.42857142857143,0.19758096119355217,0.04501607717041805,3.962508484197781,1.1175470493242097,0.662083030298411,0.1897689768976898,0.2829181494661921,1.9012163614414623,0.13037447988904305,0.0
2024-03-26,7.33,7.21,0.15634607039069384,0.023905520853554386,0.10297305254989392,-1.1476455878254515,0.016506564601702408,6.452,6.319000000000001,6.086666666666667,1,26,3,6.574262285373277,6.071599865146572,75.84745762711864,0.35069071612385194,0.299789366223651,7.012576543038158,5.625423456961844,0.05445288220655546,0.03972422869626592,0.041490312711745726,-43942457.0,2.9153235072552874,0.0,0.0,-1,0.0,0,67.91428571428573,0.19550871773919784,0.05409153952843269,0.41592456891134255,1.1192152788561616,0.6306025809250512,0.18800648298217193,0.22166666666666668,1.912013355330967,0.056616643929058665,0.0
2024-03-27,7.33,7.33,-0.02802051233217502,-0.023905520853554366,0.006226239415097878,-0.1834548951353539,0.0,6.543000000000001,6.3865,6.1626666666666665,2,27,3,6.711669142578136,6.152786970620987,74.20814479638008,0.39000036015675743,0.3178315650102723,7.194493616441773,5.578506383558227,0.054692264562624764,0.039668948744305196,0.03878181706100409,-43942457.0,2.3354144904138425,0.0,0.0,-1,0.0,0,69.77142857142859,0.17912974826885453,0.008185538881309632,0.1245971897962731,1.150596457053969,0.6297250388927972,0.1543307086614174,0.22575250836120397,2.1089867136549953,0.025920873124147394,0.0
2024-03-28,7.42,7.33,-0.010884461198423331,-0.0026917916657115256,0.0013783599701213596,0.02523520363770321,0.012203541280728843,6.664,6.4535,6.235666666666666,3,28,3,6.840456571200292,6.234542649935762,74.20814479638008,0.4235335529442841,0.3389719625970747,7.369492990090461,5.537507009909539,0.052160971681829406,0.03964720567486209,0.0385491655547513,-42947331.0,2.110278158143002,0.0,0.0,-1,0.0,0,68.77142857142857,0.18288865706486265,-0.002728512960436625,0.1529589016686707,1.1160252873363172,0.629379878365883,0.1777777777777778,0.2203947368421053,2.086841059566969,0.021563342318059318,0.0
2024-04-01,7.61,7.42,0.02298951822469878,0.027253265314186304,0.010959013789719602,-0.558857126673667,0.025284114694305335,6.8,6.522,6.304333333333333,0,1,4,6.980373558254784,6.323281833810875,76.56903765690376,0.46013609939668587,0.3632047899569969,7.566637433955523,5.477362566044477,0.05199649774879928,0.039632818691485355,0.037530570168073964,-42378256.0,2.0830193608518983,0.0,0.0,-1,0.0,0,71.25714285714287,0.176795119891553,0.008086253369272304,-0.4101805896806012,1.0434923208982898,0.6291514920850956,0.2234726688102895,0.21955128205128216,2.1256606307018533,0.03745072273324575,0.0
2024-04-02,7.62,7.61,0.0,0.001965280684953823,0.010840214552864807,-0.1104116419049711,0.0013131978249603929,6.956,6.593999999999999,6.367666666666667,1,2,4,7.096669274935732,6.406941070339206,77.63713080168776,0.4843673127209698,0.3874372945097915,7.733573327355979,5.45442667264402,0.04941595992587269,0.03941317633814978,0.03738915044638845,-41868669.0,1.8006739458890468,0.0,0.0,-1,0.0,0,71.14285714285715,0.16791191089823007,-0.01708278580814716,-0.4755512837101421,0.17051397290950068,0.6256647778192781,0.0568654646324549,0.2330097087378642,0.27741074223143575,0.028871391076115454,0.0
2024-04-03,7.84,7.62,0.00666224982541625,0.02838900326268611,0.01471598463251311,0.5457154484262582,0.028462464663761452,7.122999999999999,6.6855,6.442000000000001,2,3,4,7.231820315856508,6.499396485156032,78.62903225806451,0.5153818836990167,0.41302621234763653,7.917741859376691,5.453258140623309,0.04938702098514694,0.03850362686181911,0.03711197354348707,-40989202.0,1.873820453695648,0.0,0.0,-1,0.0,0,69.4,0.1516527813396277,-0.011811023622047225,0.015283064864585102,0.2122411722992316,0.6112261275023982,0.0695770804911322,0.3044925124792013,0.15515219571262534,0.04209183673469389,0.0
2024-04-04,7.6,7.84,0.059295717966381035,0.020151815437307912,0.005298025637555194,-0.183124410528085,-0.03109058707003112,7.248,6.76,6.507000000000001,3,4,4,7.2987620766098695,6.570403163533062,77.68924302788844,0.5146624520299756,0.4333534602841044,8.025460182575625,5.494539817424375,0.05238660896982691,0.039764304420684383,0.037908555193359283,-41721503.0,1.327580293028779,0.0,0.0,-1,0.0,0,53.8,0.13867348381512176,0.019132653061224535,-0.21669402117376438,0.3805101251154121,0.6312387633275832,0.03683492496589347,0.24386252045826495,-1.2020793356073285,0.05921052631578938,0.0
2024-04-05,7.79,7.6,-0.051359168370644755,-0.026533458026828508,-0.003970885429492732,-0.5779804852429663,0.02469261259037163,7.397,6.836500000000001,6.566999999999999,4,5,4,7.388078062680803,6.649086830401898,78.94736842105263,0.5233903907276778,0.45136084637281904,8.15841686974879,5.5145831302512125,0.05151830507754587,0.03977210381587129,0.03685111612886146,-41310660.0,1.442602060417306,0.0,0.0,-1,0.0,0,58.10000000000001,0.12895785261216675,-0.0013157894736841825,-0.6612989471544374,0.4007711846548059,0.6313625748878309,0.049865229110512166,0.24440894568690097,-1.398728408938824,0.034659820282413295,0.0
2024-04-08,7.51,7.79,0.031130918595173213,0.0038338705107218572,-0.009327182875138769,0.16886746933452343,-0.03660539410661357,7.526000000000001,6.894500000000001,6.624,0,8,4,7.410245687647929,6.70462961553726,76.36363636363636,0.5019277741435113,0.4614742319269575,8.228279355223783,5.560720644776217,0.05376134639591104,0.04116077069470993,0.03702138163278085,-41797083.0,0.9229412609954958,0.0,0.0,-1,0.0,0,64.02857142857144,0.11038277439724323,0.005134788189987168,-0.5453081169300669,0.48041524652128775,0.6534069781797467,-0.013140604467805628,0.18267716535433065,-0.15602285040223704,0.04926764314247671,0.0
2024-04-09,7.55,7.51,-0.028499338129117206,-0.024533186523871937,0.0013377928416599535,-0.23074137121172947,0.005312097484889884,7.56,6.955,6.6883333333333335,1,9,4,7.435655562621032,6.759169640341308,75.74626865671641,0.4825832423565606,0.4656960340128782,8.29264128619239,5.61735871380761,0.022524264312139636,0.04109477074787047,0.036243211946619086,-41410890.0,0.8896256509750431,0.0,0.0,-1,0.0,0,59.62857142857144,0.09458088580963359,0.013315579227696476,-0.6822073583740985,0.48313977320000717,0.6523592615044626,-0.009186351706036766,0.1908517350157728,-0.27945813221829136,0.02251655629139072,0.0
2024-04-10,7.45,7.55,-0.04846170300701112,-0.014483465818579826,-0.046435985552073816,0.5027625043357488,-0.013333530869465144,7.572,7.0120000000000005,6.736666666666666,2,10,4,7.43826364214448,6.80373934096445,71.15384615384616,0.45395053805218044,0.4633469348207387,8.330940563682244,5.693059436317758,0.02276692980098132,0.041293786236170846,0.034827247525629705,-42049376.0,0.664169428191947,0.0,0.0,-1,0.0,0,49.67142857142858,0.09655478477431714,-0.03973509933774832,-0.341384245635919,0.40224724403325374,0.6555185344390198,-0.04974489795918369,0.18066561014263094,0.49714349799584456,0.053610738255033555,0.0
2024-04-11,7.36,7.45,0.028553945349086174,-0.010666767804195192,0.020706739586254713,-0.26022476940903855,-0.012154099650683283,7.575,7.058999999999999,6.782666666666667,3,11,4,7.424033889027301,6.839627125418357,70.07575757575758,0.41916479492991954,0.4545105068425749,8.355925920053021,5.762074079946977,0.02319308419892156,0.041506976147886655,0.03495996343944513,-42541571.0,0.4641745458949503,0.0,0.0,-1,0.0,0,56.65714285714286,0.10522373752276587,0.0013422818791946022,-0.5429803356353899,0.3615751011321579,0.6589028193695868,-0.03157894736842093,0.14641744548286617,0.1750729857474967,0.02309782608695651,0.0
2024-04-12,7.25,7.36,-0.021681066061324052,-0.01757989831710937,-0.012422519998557096,0.0978862136132671,-0.0150584638742015,7.558,7.111,6.821666666666667,4,12,4,7.39239136374961,6.866102794746205,69.28838951310861,0.3783592720286624,0.4392802598797924,8.34654207153234,5.875457928467658,0.023274323410823045,0.04078224520439716,0.035149496133309234,-43084382.0,0.22500245552563006,0.0,0.0,-1,0.0,0,45.01428571428572,0.06927132718216501,-0.008152173913043546,-0.445313500363961,0.23276758277576057,0.6473980723061484,-0.06931964056482676,0.16747181964573277,-0.3809872636844669,0.017931034482758606,0.0
2024-04-15,7.11,7.25,0.0,0.0,-0.019635974516858962,0.12702620883952706,-0.019499225051433894,7.508,7.154000000000001,6.850666666666666,0,15,4,7.341047479431499,6.881838098310967,47.252747252747255,0.3309092552595443,0.4176060589557428,8.321352379938244,5.986647620061757,0.021614445699280484,0.04125472794321324,0.03524701397719705,-43700715.0,-0.07538426400831635,0.0,0.0,-1,0.0,0,38.4,0.06183278552319416,0.006896551724137907,-0.2858918897900086,0.15002725865700897,0.6548985032602166,-0.053262316910785534,0.13759999999999994,1.74938961520036,0.03797468354430386,0.0
2024-04-16,7.06,7.11,-0.03768764233177181,-0.019979996367571966,-0.024373966479583543,-0.18815193627171897,-0.007057192309998863,7.452,7.204000000000001,6.879999999999999,1,16,4,7.289947937716681,6.8933324145489685,42.28571428571428,0.28597366656283363,0.39127958047716105,8.253799980948806,6.154200019051196,0.021436914128692836,0.04045635475177718,0.035213411539367204,-44211340.0,-0.2743379741155155,0.0,0.0,-1,0.0,0,35.11428571428572,0.05075914777992215,-0.011251758087201134,-0.41914576586911706,0.0708167577356351,0.6422247217524519,-0.0649006622516557,0.16501650165016502,0.14968742481337044,0.041784702549575066,0.0
2024-04-17,6.92,7.06,0.01272101960131086,-0.002089864919459242,0.002898552754011479,-0.3510019593008517,-0.020029281875572416,7.360000000000001,7.241499999999999,6.910333333333333,2,17,4,7.222684676313648,6.895052903932906,39.153439153439145,0.23634067067153186,0.3602917985160352,8.183866003318581,6.299133996681418,0.017441498228482497,0.04086338806744574,0.03499614805878948,-44570811.0,-0.6823251239281205,0.0,0.0,-1,0.0,0,31.157142857142865,0.06511523049402297,0.00849858356940517,-0.6172066691798401,0.0844745890227701,0.6486861753239143,-0.07114093959731549,0.12155591572123181,0.5953168804292187,0.03757225433526008,0.0
2024-04-18,6.99,6.92,-0.00422238487984825,-0.0013956736389746914,0.0,0.6456594023926613,0.010064786616140837,7.2989999999999995,7.2735,6.939666666666667,3,18,4,7.180378371529349,6.90117852303401,38.502673796791456,0.20034512493707535,0.3283024638002433,8.127746975257713,6.419253024742287,0.0174369924103707,0.040527424602237815,0.03494327299921747,-43885212.0,-0.6637424731049764,0.0,0.0,-1,0.0,0,30.40000000000001,0.07157873236408134,0.024566473988439298,-0.16892955489041336,0.19779772817348062,0.6433529206526523,-0.05027173913043481,0.10078740157480315,1.4348135234126933,0.035765379113018594,0.0
2024-04-19,7.02,6.99,-0.017070115771603587,-0.002797204621061254,-0.0021731265343134607,-0.30358036555726237,0.004282661792000728,7.2219999999999995,7.3095,6.965,4,19,4,7.151218667614922,6.9088444247737515,32.748538011695885,0.1722535136073784,0.2970926737616703,8.043185003397667,6.5758149966023325,0.013934716783137412,0.04040665416923174,0.034748618013825915,-43379123.0,-0.7891670094368474,0.0,0.0,-1,0.0,0,27.67142857142857,0.06447943364009641,-0.0028612303290415537,-0.40654131850313135,0.2151145684689876,0.6414357494638703,-0.03172413793103457,0.11428571428571432,0.17569553422850698,0.03490028490028492,0.0
2024-04-22,7.24,7.02,0.002865331473286427,0.023530497410194036,0.005063301956546855,0.5770124461436076,0.030857988359905282,7.195,7.360499999999999,6.994666666666666,0,22,4,7.167360728048572,6.9302093005948,40.10416666666667,0.1658312709575318,0.27084039320084263,7.88819508739732,6.832804912602678,0.01621540026742083,0.040525429184942306,0.035053660402504024,-42477925.0,-0.4567031336005978,0.0,0.0,-1,0.0,0,34.17142857142857,0.023095190904135973,-0.004273504273504183,0.13997104114972353,0.30475772368205695,0.643321244385098,0.0182841068917019,0.16398713826366573,0.3989375900516323,0.05248618784530385,0.0
2024-04-23,7.28,7.24,0.02821061548723642,0.03890497353059835,0.03265016777074241,0.6929929295288486,0.0055096558109697,7.168000000000001,7.364,7.026,1,23,4,7.187840595676104,6.952776442491911,33.908045977011525,0.1621006675030081,0.24909244806127576,7.888410445919589,6.839589554080411,0.016227580844574156,0.019582504506338673,0.03503212911590605,-40675807.0,-0.32035975123531335,0.0,0.0,-1,0.0,0,36.57142857142857,0.02370602823637172,-0.006906077348066274,3.205477265769604,0.2893478170103438,0.3108626218294428,0.031161473087818692,0.009708737864077666,-0.14098039662808434,0.06043956043956037,0.0
2024-04-24,7.0,7.28,0.011065119812472607,-0.03344793406754013,-0.041345874738296304,-0.3282451151189731,-0.039220713153281385,7.123,7.347499999999999,7.049,2,24,4,7.15368776009863,6.955823123621465,33.14606741573036,0.13499434664828946,0.22627282777867852,7.896599741682599,6.7984002583173995,0.019530304774810783,0.021038589558498775,0.03589176904450971,-41973668.0,-1.2657081168356006,0.0,0.0,-1,0.0,0,37.48571428571429,0.024853742730312038,-0.0013736263736264663,1.6580386496103483,0.40315282023012045,0.33397725544408763,0.011560693641618602,-0.04502046384720326,-1.1382558814290202,0.0685714285714285,0.0
2024-04-25,6.97,7.0,-0.04789647834361609,-0.04025526171959455,-0.004376374599798888,-0.8135290144865758,-0.004294924282880841,7.0840000000000005,7.3295,7.067333333333334,3,25,4,7.120289985535242,6.956737760807177,24.691358024691368,0.10982564117352922,0.20298339045764865,7.90402863975162,6.754971360248381,0.01941760873501113,0.02103801104703418,0.03583153283783468,-42548998.0,-1.251460676200302,0.0,0.0,-1,0.0,0,39.08571428571429,0.03128622873007048,-0.01000000000000004,-0.3437377068516775,0.39909706394375716,0.33396807185929217,-0.0028612303290415086,-0.049113233287858216,-0.6170718520176937,0.03156384505021517,0.0
2024-04-26,7.06,6.97,0.007189103572469256,0.00771801470639895,0.020261185139822144,-0.5030344558527345,0.012829826732718217,7.065,7.3115,7.095666666666667,4,26,4,7.10932816998338,6.963399840755101,34.26573426573427,0.09603448285371918,0.18159360893686277,7.896551504705358,6.726448495294641,0.01986672142083606,0.02106161101877919,0.03521210205430048,-42201100.0,-0.8597533652243474,0.0,0.0,-1,0.0,0,40.51428571428572,0.019163201600593562,0.0014347202295553337,-0.902906590176163,0.40991646147480015,0.33434270979640485,0.005698005698005604,-0.04851752021563349,-0.8502766025113015,0.019079320113314393,0.0
2024-04-29,7.11,7.06,0.0170458672729886,0.017458140186075475,0.004288784272217499,0.6920111452580648,0.007057192309998979,7.065,7.286500000000001,7.124333333333333,0,29,4,7.109450320895492,6.972857915545095,34.72222222222226,0.0881236382116608,0.16289961479182238,7.860471391181519,6.7125286088184835,0.019120554386795035,0.020159054543286557,0.03521329656964619,-41506094.0,-0.6150132313621983,0.0,0.0,-1,0.0,0,42.42857142857143,0.026995665998322756,0.005665722379603405,0.07537451128351437,0.3258831315705916,0.320015069926338,-0.017955801104972413,-0.06570302233902758,-1.7660287253845368,0.03234880450070329,0.0
2024-04-30,7.0,7.11,-0.015614227801550714,-0.01811896258247553,-0.010035926527785455,-0.36244732923771983,-0.015592094759836275,7.059,7.2555000000000005,7.155666666666666,1,30,4,7.089550262550857,6.9746090177679925,34.482758620689665,0.07214649624752312,0.14474899108296252,7.82053283556203,6.690467164437971,0.01965236104988702,0.020310136532511097,0.03480076131312205,-41989798.0,-0.9043722202298502,0.0,0.0,-1,0.0,0,40.54285714285714,0.02293334944788085,-0.016877637130801704,-0.5274475571443363,0.323553065299461,0.3224134221527524,-0.03846153846153855,-0.0813648293963255,-0.8772115362084223,0.024285714285714275,0.0
2024-05-01,6.94,7.0,0.009964495259431728,0.018809331957496074,-0.0007207207519182903,0.19433330696569653,-0.008608374536600164,7.061,7.210500000000001,7.181333333333333,2,1,5,7.062359305723428,6.972376177911993,35.211267605633836,0.05402028534972203,0.12660324993631444,7.72017378628017,6.700826213719831,0.018734322716692356,0.0187854611995484,0.034804236283904395,-42577257.0,-1.0614632625084848,0.0,0.0,-1,0.0,0,40.51428571428572,0.03516952336643145,0.008571428571428516,-0.1895593626641223,0.18345066646048977,0.29820995158594904,-0.008571428571428563,-0.11479591836734693,0.2134955107278925,0.04466858789625367,0.0
2024-05-02,7.09,6.94,-0.002836881335199615,-0.00869190974673984,0.008614554350649586,0.045349035868044674,0.021383566025322827,7.071000000000001,7.1850000000000005,7.206,3,2,5,7.067384886500986,6.9799648115950905,44.52054794520548,0.05116903424347008,0.11151640679774558,7.662647745123081,6.70735225487692,0.01972052360266614,0.018800820154458445,0.03464626645992298,-41962544.0,-0.39778267968383646,0.0,0.0,-1,0.0,0,42.22857142857144,0.03224969879298006,0.014409221902017239,-0.09369413301294684,0.24272445550923114,0.2984537674364881,0.017216642754662947,-0.06710526315789467,-0.2098792820311756,0.026417489421720675,0.0
2024-05-03,7.09,7.09,0.030771658666753687,0.020355849872654305,0.012784265025199151,-0.3339285948219771,0.0,7.078,7.15,7.232333333333333,4,3,5,7.071496725318988,6.9870638560083105,49.24242424242422,0.0483520251517513,0.09888353046854673,7.534488724083659,6.765511275916341,0.01970206256591764,0.017613941500921177,0.034581219823103464,-41962544.0,-0.3121027808708658,0.0,0.0,-1,0.0,0,43.25714285714286,-0.014246705043179424,0.023977433004231302,-0.6058501780170839,0.22809218853077268,0.27961265291446324,0.004249291784702569,-0.08985879332477542,0.5351171320570131,0.034555712270803965,0.0
2024-05-06,7.43,7.09,-0.00968865710374933,0.018249915092593525,0.014711298590311726,-0.008181968544731126,0.04684051818563159,7.0969999999999995,7.145999999999999,7.272666666666667,0,6,5,7.136679138897353,7.015640381427129,61.49068322981366,0.07271645363941648,0.09365011510272069,7.51611520254916,6.775884797450838,0.022960459194062026,0.01961979099382846,0.03530727630122869,-41525932.0,1.5346573069355511,0.0,0.0,-1,0.0,0,39.0,-0.030086980109393,0.014104372355430259,-0.606545917116583,0.40975977472723923,0.3114545264684094,0.04500703234880432,-0.010652463382157085,0.9562547838153719,0.03701211305518162,0.0
2024-05-07,7.53,7.43,0.03820382741177059,0.028394116168427002,0.0361937764837463,-0.08753538275485326,0.013369183082134417,7.122,7.1450000000000005,7.283333333333333,1,7,5,7.208192022734198,7.04882487294796,69.42675159235668,0.0989539237805861,0.09471087683829377,7.510599723597884,6.779400276402117,0.02319977041692275,0.019826892278043254,0.020500965233850737,-41125914.0,2.1061285069430444,0.0,0.0,-1,0.0,0,37.17142857142858,0.00026094876014598625,0.0053835800807537065,-0.7156622132257249,0.3471306913596613,0.3147421574338161,0.07571428571428584,-0.0026490066225165476,0.8060479441514885,0.029880478087649355,0.0
2024-05-08,7.67,7.53,-0.0026809667532577126,0.0,-0.007404948006577682,0.42507076408529015,0.018421573567362595,7.189,7.156000000000001,7.294666666666667,2,8,5,7.292157109509798,7.088900687596479,70.73170731707316,0.12955075738086919,0.10167885294680887,7.570241221359966,6.741758778640035,0.01817046995822253,0.01998051036605303,0.020553127338949137,-40514007.0,2.4816458309606326,0.0,0.0,-1,0.0,0,38.17142857142857,-0.008780230861545604,-0.010624169986719797,-0.0970260558882491,0.2781802105148757,0.3171807689803467,0.10518731988472618,0.029530201342281792,0.9580844241681715,0.036505867014341505,0.0
2024-05-09,7.42,7.67,0.01993421490081711,0.00519481687710393,-0.008822588615179108,0.12440351189677823,-0.03313755819987579,7.234,7.159000000000001,7.297666666666667,3,9,5,7.315401271417107,7.110261933557997,60.752688172043015,0.13210325370723375,0.10776373309889385,7.5802712590295265,6.737728740970475,0.02226994799661321,0.02121084969330611,0.02148727138845709,-41206975.0,1.2391066060440938,0.0,0.0,-1,0.0,0,42.22857142857144,-0.013115204304433022,-0.009126466753585435,0.1095459519958081,0.4654857553982708,0.3367118003091517,0.04654442877291953,0.008152173913043459,-0.2906017370804274,0.05188679245283016,0.0
2024-05-10,7.6,7.42,-0.013245226750020567,0.0038784793285708383,0.022245608947319737,-0.10768045128041918,0.023969190112996187,7.287999999999999,7.1765,7.303666666666667,4,10,5,7.367146494795814,7.141857937844578,59.890109890109876,0.14695659694062968,0.11560230586724102,7.640590508414157,6.712409491585842,0.022912845090570514,0.021506205768948388,0.021819980020027163,-40584749.0,1.82507503308844,0.0,0.0,-1,0.0,0,46.02857142857143,-0.02223967099407325,0.010781671159029659,-0.1085774966887601,0.46621139715518417,0.3414004326553204,0.07193229901269382,0.04827586206896539,-1.0575566728202592,0.03289473684210526,0.0
2024-05-13,7.77,7.6,0.023716526617316065,0.005148016517401237,0.013245226750020505,0.06526187113494195,0.022121917087270692,7.353999999999999,7.2095,7.308999999999999,0,13,5,7.44039258665112,7.182383232177186,62.56410256410255,0.17048036617544593,0.126577917928882,7.742435268114347,6.676564731885653,0.023377262393252433,0.021291721880904755,0.021701903313203114,-39920561.0,2.1034449530172137,0.0,0.0,-1,0.0,0,48.114285714285714,-0.008473585048093167,0.010526315789473694,0.007102752290130416,0.37677370385450093,0.3379956064873583,0.04576043068640634,0.09282700421940926,-2.072855760675252,0.024453024453024504,0.0
2024-05-14,7.92,7.77,0.03957121261860264,0.03902320179573624,0.03456668130511225,-0.13547679538472823,0.019121041446778377,7.446,7.2524999999999995,7.319,1,14,5,7.527593934532733,7.2299714107463995,75.27472527472527,0.1989336854770789,0.14104907143852138,7.867158655806623,6.637841344193376,0.02184207627048327,0.021344688657306102,0.021960168709357717,-39340526.0,2.1719372002466404,0.0,0.0,-1,0.0,0,55.285714285714285,0.005787080559655194,0.0283140283140284,-0.25009386376319376,0.38315234902986994,0.3388364279959987,0.05179282868525892,0.12181303116147313,-2.1853292755840394,0.029381313131313064,0.0
2024-05-15,8.05,7.92,0.0,-0.006191970247920995,-0.002201396803080636,-0.21737393882634973,0.016280885604137537,7.5569999999999995,7.309,7.325999999999999,2,15,5,7.622576855526781,7.282876481020826,78.12500000000001,0.22932949193303553,0.1587051555374242,7.998191746292717,6.6198082537072835,0.020536274739155945,0.02056227663744874,0.021538907594614694,-38873813.0,2.150344962736334,0.0,0.0,-1,0.0,0,59.371428571428574,0.060331531199783774,0.008838383838383874,-0.6060554955157751,0.3805162780956046,0.3264160222320169,0.049543676662320735,0.16329479768786137,-2.1502724614465607,0.02484472049689454,0.0
2024-05-16,7.76,8.05,0.0012507819016526766,0.00865806274311431,-0.015404669194986354,1.5060763892650937,-0.03668975723534478,7.624,7.347499999999999,7.331333333333333,3,16,5,7.647562881794639,7.313658643535612,66.50943396226414,0.22739652557308077,0.17244342954455552,8.047601496401247,6.647398503598751,0.025903733827805163,0.022758969650824034,0.021834396848838932,-40978224.0,1.1784005665475246,0.0,0.0,-1,0.0,0,62.31428571428573,0.08920470065012612,-0.0062111801242236905,2.9320414540496214,0.40469058290238175,0.3612874427528815,0.04582210242587603,0.11015736766809714,-2.160136379014559,0.05025773195876273,0.0
2024-05-17,7.97,7.76,-0.025317807984289897,-0.013639393093318686,-0.0038885337396924805,-1.1451417403098203,0.026702158606996197,7.712000000000001,7.394999999999999,7.3373333333333335,4,17,5,7.706187812377431,7.356003247178476,68.859649122807,0.24004281659507498,0.1859633069546594,8.129603365948771,6.660396634051226,0.02622725938191158,0.023260130509519465,0.02191588303968421,-40308645.0,1.5654706380425114,0.0,0.0,-1,0.0,0,62.8,0.09129611743408585,0.005154639175257737,-0.17347803849234214,0.41166293523096903,0.3692431247465677,0.048684210526315885,0.13532763532763536,-2.106194943655795,0.03889585947302379,0.0
2024-05-20,7.97,7.97,0.016529301951210506,0.0,0.021202207650602906,0.047470839626699964,0.0,7.766,7.4315,7.352666666666667,0,20,5,7.754153664672443,7.395615940908897,72.35023041474653,0.24721534868814743,0.198213715301357,8.205179520214998,6.657820479785002,0.023141418318964303,0.022552359704256897,0.02077996916993467,-40308645.0,1.3920492553566794,0.0,0.0,-1,0.0,0,60.42857142857143,0.07815822067390232,-0.005018820577164371,-0.08168234435269296,0.39916281417893457,0.3580076115308276,0.025740025740025763,0.10082872928176778,-1.48559418046787,0.018193224592220777,0.0
2024-05-21,8.08,7.97,0.0025188930194839864,0.021001389534387883,0.004440222962734785,0.4760838621844537,0.013707379730880286,7.821,7.471500000000001,7.370333333333333,1,21,5,7.813398452913816,7.43976975117284,75.67567567567565,0.2587925137332814,0.2103294749877419,8.293417526916624,6.649582473083377,0.023151833525650475,0.02263718118142656,0.02088141471355316,-39178384.0,1.4806838400995095,0.0,0.0,-1,0.0,0,59.42857142857143,0.08434033855802915,-0.0025094102885821297,1.061615631019123,0.38882084845121584,0.35935411073739604,0.02020202020202011,0.10989010989010994,-1.442373975609367,0.03465346534653457,0.0
2024-05-22,7.64,8.08,0.0012570711900511137,-0.023501390836472357,-0.03937262342523973,-0.39070456613199483,-0.05599426935457494,7.818,7.5035,7.376666666666667,2,22,5,7.781871461474941,7.452687831742335,60.95617529880477,0.2298140246520246,0.21422638492059845,8.297484621354517,6.709515378645483,0.029775754848555096,0.024478466007653417,0.023180176714895136,-39943096.0,0.34383537496515837,0.0,0.0,-1,0.0,0,58.51428571428572,0.08958917310186387,-0.014851485148514865,0.22724748200902836,0.5437832629447127,0.38858360119559426,-0.05093167701863366,0.09142857142857141,-0.4267786368051699,0.051701570680628334,0.0
2024-05-23,7.67,7.64,-0.03841701610379171,-0.02406702608263726,-0.007267954027871442,-0.01722584147227614,0.003919012200735823,7.842999999999999,7.538500000000001,7.387,3,23,5,7.761531195752224,7.466707971629926,61.41732283464566,0.20688427936440767,0.2127579638093603,8.294257549538422,6.782742450461581,0.027483346649198555,0.024389027478352206,0.023050159202951562,-39191444.0,0.34799520052512306,0.0,0.0,-1,0.0,0,52.37142857142857,0.08954588167166114,0.0026178010471204793,0.16913296989153795,0.4947249115951074,0.3871638085586441,-0.011597938144329856,0.10043041606886649,-1.6024428187373243,0.033898305084745735,0.0
2024-05-24,7.58,7.67,0.006506203822738058,-0.007722046093910278,-0.001991371384925287,-0.34129164131520434,-0.011803415724884489,7.840999999999999,7.5645,7.398,4,24,5,7.728525523797273,7.474017134750577,53.27510917030568,0.17938223642551243,0.20608281833259073,8.285945187034221,6.843054812965778,0.02683599149127431,0.024594333106112247,0.022977842896725484,-39725757.0,0.04296930738070069,0.0,0.0,-1,0.0,0,51.74285714285714,0.09313744919683654,0.005215123859191661,-0.4440722268647674,0.4229369637185005,0.39042293436153447,-0.04893350062735258,0.07365439093484416,-1.6149440580778898,0.028364116094986788,0.0
2024-05-28,7.51,7.58,-0.014369940282952787,-0.009085072222470982,-0.02489196800851533,0.36735615841067804,-0.009277733878236988,7.815,7.5845,7.411333333333333,1,28,5,7.688793610379586,7.476338609927959,49.55752212389379,0.15020676419218404,0.19490760750450942,8.274380996602886,6.894619003397115,0.025756956877577196,0.024751582864160106,0.022731846312519427,-40497258.0,-0.21597927864908187,0.0,0.0,-1,0.0,0,54.68571428571428,0.0948442189432252,0.0026385224274405768,0.19023054049169055,0.41460361290246206,0.39291919688265275,-0.057716436637390234,0.05625879043600546,-1.381261680016752,0.04394141145139815,0.0
2024-05-29,7.24,7.51,-0.02666824708216118,-0.016431523159352625,-0.013717636228799195,-0.4544817072102891,-0.036614259378418314,7.747,7.596499999999999,7.417333333333334,2,29,5,7.607194772128752,7.461090957674543,41.00418410041842,0.1040982686909473,0.17674573974179703,8.251015489744814,6.941984510255184,0.026338381029077082,0.025952035758345978,0.023723080258644242,-40986989.0,-1.0893554257638487,0.0,0.0,-1,0.0,0,49.971428571428575,0.10556520648826256,-0.01464713715046597,-0.5762176140122639,0.37120974586419164,0.41197579579463406,-0.10396039603960394,0.03428571428571425,-0.6406693429902649,0.04212707182320438,0.0
2024-05-30,7.43,7.24,-0.010869672236903879,-0.004649626443768904,0.0055096558109697,-0.12716365475239153,0.02590465233204276,7.6850000000000005,7.6209999999999996,7.434333333333333,3,30,5,7.574977540832615,7.459085089437476,50.214592274678104,0.08194376915361445,0.15778534562416052,8.204921407833641,7.037078592166358,0.027532713292203387,0.026369205995756293,0.023811655272902573,-40555737.0,-0.6541976280972919,0.0,0.0,-1,0.0,0,45.08571428571429,0.09682161659064141,0.011049723756906087,-0.7058790706427595,0.3616910736687485,0.41859816801002686,-0.027486910994764413,0.07060518731988452,0.11823293384193186,0.03095558546433372,0.0
2024-05-31,7.6,7.43,0.022958469555908,0.013227706097551126,0.017699577099400857,0.7143321022388095,0.022622388562617647,7.669,7.646499999999999,7.454666666666667,4,31,5,7.579527078863048,7.468176373989897,50.0,0.07721367670523538,0.14167101184037548,8.174665643873706,7.118334356126292,0.027081926998724158,0.026415837951737707,0.024062393731409157,-39674766.0,-0.17608112356175157,0.0,0.0,-1,0.0,0,48.42857142857144,0.09103073741477496,0.00807537012113062,0.46451833856240726,0.413618829775161,0.4193384273620789,-0.009126466753585416,0.07193229901269382,-0.14363184981179727,0.026315789473684237,0.0
2024-06-03,7.39,7.6,0.02765153133050995,0.016938515728041365,-0.010854923409435386,-0.7403867370974886,-0.02802051233217502,7.611,7.661499999999999,7.467,0,3,6,7.545067609978857,7.463132736958292,41.94915254237289,0.05587569912653123,0.12451194929760664,8.137592649099334,7.1854073509006655,0.026123383286513188,0.027332465126005356,0.02470403904104014,-40094927.0,-1.1405343078227308,0.0,0.0,-1,0.0,0,45.48571428571429,0.10104817144714671,0.013157894736842176,-0.7635211566779277,0.45188350249994735,0.43388943265053526,-0.02506596306068609,0.042313117066290484,0.1501205738169525,0.055480378890392444,0.0
2024-06-04,7.21,7.39,-0.049244812961078,-0.05374427600669069,-0.021372754252875333,-0.24722200470562672,-0.024658783663252665,7.534999999999999,7.650500000000001,7.465999999999999,1,4,6,7.484146226346338,7.446801592638402,35.14644351464436,0.024162175962286092,0.10444199463054253,8.158228688427922,7.14277131157208,0.026508537264769136,0.025729442898161443,0.024516083784225637,-40423059.0,-1.7351786890905043,0.0,0.0,-1,0.0,0,47.62857142857143,0.10931518947897925,-0.008119079837618351,-0.981900071553215,0.4735936415308137,0.40844224368463294,-0.039946737683089206,-0.029609690444145298,0.5224146185278822,0.022191400832177553,0.0
2024-06-05,7.5,7.21,-0.0054719698779933795,0.026237630216857308,0.0020884100872706744,0.7294368369589693,0.03943406924540703,7.476999999999999,7.649000000000001,7.473333333333333,2,5,6,7.487028730647003,7.450233747952055,39.21568627450979,0.022173949255686942,0.08798838555557142,8.158402126336254,7.139597873663749,0.030169547337024497,0.02718579688881731,0.025573803300058817,-39742542.0,-0.5849995211902478,0.0,0.0,-1,0.0,0,51.142857142857146,0.10081839958974481,0.011095700416088776,-0.09209235513784829,0.49616952498386974,0.4315611465655444,0.035911602209944826,-0.003984063745019917,-0.4106875950017819,0.045333333333333316,0.0
2024-06-06,7.35,7.5,0.016326893287428666,-0.0046589102572411785,0.017235862739132312,-0.7281089853857623,-0.020202707317519466,7.448,7.633,7.484999999999999,3,6,6,7.462114415983912,7.443767054535794,41.49377593360995,0.008397715234782055,0.07207025149141356,8.159441879633151,7.1065581203668495,0.025799913563182546,0.02717784049316366,0.024793989660387372,-40071110.0,-1.0751424267279341,0.0,0.0,-1,0.0,0,45.31428571428571,0.10931966692291975,-0.011999999999999981,-0.9731880436229977,0.49455469703454347,0.4314348427001525,-0.010767160161507361,-0.041720990873533315,0.7472866457812031,0.02448979591836731,0.0
2024-06-07,7.12,7.35,-0.024591403137322207,-0.02567708635189824,-0.02701930904820328,0.145309006630597,-0.031792587800860875,7.392999999999999,7.618,7.489999999999999,4,7,6,7.399911794895928,7.422878857468969,32.510288065843625,-0.02083890931418697,0.05348841933029346,8.185491247324203,7.050508752675798,0.02703794856063845,0.027101584333166662,0.02550733125280537,-40451065.0,-1.7550931484781018,0.0,0.0,-1,0.0,0,43.4,0.12103529611004345,-0.016326530612244792,-0.7841738865431901,0.4734826536579577,0.4302243136884196,-0.06315789473684208,-0.040431266846361114,2.1285158009115057,0.025983146067415676,0.0
2024-06-10,7.18,7.12,-0.028052330348099796,-0.012396852976828571,-0.016997576368571136,-0.21559555413308948,0.00839165763624838,7.353,7.5969999999999995,7.494,0,10,6,7.359927832187577,7.407209253761294,34.13654618473895,-0.03872129140452785,0.035046477183329205,8.19742441129947,6.996575588700528,0.027402038406807893,0.026528306466836158,0.025448330822028853,-40144798.0,-1.3890174754804046,0.0,0.0,-1,0.0,0,44.74285714285715,0.1203646057970865,-0.012640449438202228,-0.9118817549318999,0.47061312591788707,0.4211238096897302,-0.02841677943166443,-0.05526315789473679,1.124497047617008,0.029944289693593296,0.0
2024-06-11,7.39,7.18,0.007087201883054831,0.02531780798429,0.007117467768863955,0.5827117774861391,0.028828351899977595,7.340999999999999,7.578,7.503333333333333,1,11,6,7.365395499062563,7.4060989793250815,36.679536679536675,-0.035538299692920106,0.020929521808079343,8.179422874260961,6.9765771257390385,0.02938271596076983,0.0269096121326647,0.02595152222775421,-39596308.0,-0.6251840694653261,42000.0,300258.0,1,0.0,0,44.4,0.11081379015555383,-0.01392757660167126,-0.28817947365641117,0.48811985731312346,0.4271768494814235,0.02496532593619971,-0.04890604890604888,-0.13006801798934298,0.04736129905277409,0.0
2024-06-12,7.46,7.39,0.08264687581192427,0.057758834152192254,0.05652779739149217,-0.08151814639151085,0.009427679255559046,7.3629999999999995,7.5550000000000015,7.518666666666666,2,12,6,7.382596317414824,7.409576464529915,45.94594594594595,-0.027055462315529688,0.011332524983357538,8.136196587812005,6.973803412187998,0.026816015181121318,0.026584712440858863,0.02578425892214644,-39090756.0,-0.326911760984841,0.0,0.0,-1,0.0,0,46.57142857142857,0.11372237916711286,0.040595399188092116,-0.3853391070164075,0.3881927873580881,0.42201922676806486,-0.005333333333333301,-0.058080808080808066,-0.17728556592886757,0.050938337801608564,0.0
2024-06-13,7.47,7.46,-0.03036536930188317,-0.04300336858627308,-0.009427679255559082,-0.31095671382609225,0.0013395849290563455,7.366999999999999,7.526000000000001,7.536333333333333,3,13,6,7.398487896066674,7.413474757140889,45.454545454545446,-0.019303319500587612,0.005205356086568509,8.059090295501617,6.992909704498384,0.02557859172114009,0.026227080207053204,0.025701578031066406,-38720315.0,-0.21009573977446794,0.0,0.0,-1,0.0,0,44.57142857142858,0.1176687121380814,0.0,-0.7056530201336457,0.3494251043051598,0.41634199105924313,0.01632653061224487,-0.07204968944099388,-0.9521087295020817,0.016064257028112466,0.0
2024-06-14,7.5,7.47,0.0316649146439687,0.037888267919502686,0.006070844952007954,0.051547418627599706,0.004008021397538868,7.356999999999999,7.513000000000001,7.55,4,14,6,7.416944642236368,7.419057030873736,48.13084112149532,-0.010616560092862493,0.0020409728506823083,8.034620955342803,6.991379044657198,0.02444214102619798,0.025110310932796302,0.025456488478199556,-38330278.0,-0.04984462325313353,0.0,0.0,-1,0.0,0,41.11428571428572,0.11366550650368437,0.03078982597054892,-0.8185361959743229,0.17439865760006443,0.39861382843011206,0.05337078651685401,-0.03350515463917525,1.7400939137107936,0.0486666666666667,0.0
2024-06-17,7.75,7.5,-0.02765153133051001,-0.005141399500418652,0.002015452479349929,0.332073248076664,0.03278982282299097,7.392999999999999,7.502000000000001,7.572,0,17,6,7.477500161829755,7.440408190172205,55.17241379310346,0.01625331192279411,0.0048834406651046686,7.991321764766081,7.0126782352339205,0.024678837422350795,0.025520269367076267,0.026077466148424076,-37786623.0,1.013647942345486,0.0,0.0,-1,0.0,0,43.285714285714285,0.09537822842839633,-0.0013333333333333049,-0.08848457566866842,0.23488607331943923,0.40512171681998127,0.0793871866295266,-0.027603513174404015,0.4816656614949831,0.03999999999999995,0.0
2024-06-18,7.98,7.75,0.03024556650755662,0.02920842558305603,0.03560033164521667,-0.008580730882593394,0.029245568096461866,7.470000000000001,7.5025,7.590333333333333,1,18,6,7.568863768769799,7.4752205649998045,66.2280701754386,0.05546756137183895,0.015000264806451526,7.993851519575935,7.011148480424065,0.02340972329985877,0.02643328252488327,0.025196898472233133,-37247613.0,1.9436186964970028,0.0,0.0,-1,0.0,0,41.28571428571429,0.09581669862134264,-0.003870967741935516,-0.07317725999683444,0.23648625559183684,0.4196153513757039,0.07983761840324766,0.0012547051442912682,0.47486573158180906,0.03383458646616547,0.0
2024-06-20,7.88,7.98,0.026838671610071908,0.0012507819016526766,0.010950189930710622,-0.033715403944850786,-0.012610507591929696,7.508,7.4925,7.602,3,20,6,7.625433992629835,7.501335367257882,60.27397260273973,0.07758165924363247,0.027516543693887716,7.940601257353973,7.044398742646027,0.021845487308446977,0.02638620796394119,0.0252606763282448,-37768753.0,1.7295198066980573,0.0,0.0,-1,0.0,0,38.71428571428572,0.10362011291034215,-0.0062656641604010915,-0.018912048002286522,0.311812780594816,0.4188680658877221,0.05630026809651478,-0.024752475247524774,0.14344482195265956,0.02474619289340105,0.0
2024-06-21,7.79,7.88,-0.0075949732174447485,-0.016383479250524056,-0.024644567620270195,0.8051260924000978,-0.011487043987130812,7.552,7.5,7.606,4,21,6,7.6553550848789556,7.519958891950923,54.50236966824645,0.0868439107472474,0.03938201710455966,7.963260754128704,7.036739245871296,0.020895048860605964,0.023373462143292546,0.025167923774048293,-38934532.0,1.2519946808161146,0.0,0.0,-1,0.0,0,39.05714285714286,0.0959702745709549,-0.0012690355329948969,2.8923280737725023,0.3481906965314439,0.371042208658409,0.04283801874163329,0.01963350785340312,0.2705041099178702,0.03273427471116815,0.0
2024-06-24,7.78,7.79,-0.006373507872092118,0.008225291549060456,0.009800797170427514,-0.8831114903780997,-0.0012845216923566276,7.618,7.5055,7.617999999999999,0,24,6,7.6780177967191445,7.536735737631509,60.20942408376965,0.09231326550652152,0.04996826678495203,7.979740667305559,7.03125933269444,0.01666692996215409,0.023370878606191133,0.024370824603480452,-39416575.0,1.157640071483522,0.0,0.0,-1,0.0,0,37.77142857142858,0.11251978931808639,0.003851091142490404,-0.2330319009361068,0.35457480113526607,0.3710011962783695,0.03733333333333344,0.014341590612777066,0.4610225636377634,0.03149100257069399,0.0
2024-06-25,7.61,7.78,-0.01028286695558392,-0.014598799421152636,-0.015727716068195268,-0.12393910539340058,-0.022093166316705704,7.661,7.507000000000001,7.618333333333333,1,25,6,7.665650924588391,7.541462464235928,60.5263157894737,0.08198511592468272,0.05637163661289818,7.982421142943814,7.0315788570561875,0.019326256525975045,0.023766480420645317,0.02436409225089549,-39842428.0,0.4333000394648947,0.0,0.0,-1,0.0,0,37.285714285714285,0.1195212713593554,-0.005141388174807203,-0.4723509617356775,0.316169752808579,0.37728118039387964,-0.01806451612903226,0.003957783641161061,1.5310723189304212,0.0328515111695138,0.0
2024-06-26,7.62,7.61,-0.02220862015227834,-0.018065007397639003,-0.013298068304631488,0.08167628135255038,0.0013131978249603929,7.684,7.5125,7.613333333333333,2,26,6,7.657350756481411,7.546529402027159,53.70370370370371,0.07375667832153532,0.059848644954625614,7.990604811235385,7.0343951887646154,0.017527760998081718,0.02365668048655387,0.024008084865861774,-39380333.0,0.44969219080740297,0.0,0.0,-1,0.0,0,40.88571428571429,0.10918866780517404,-0.005256241787122212,-0.23582487289701207,0.1483396750750512,0.37553816047641614,-0.045112781954887216,0.014647137150466172,-0.23581595790745058,0.027559055118110232,0.0
2024-06-27,7.67,7.62,0.018325120125880695,0.003898640415657323,0.009327182875138881,0.006469038046436379,0.006540245680609975,7.705000000000001,7.534000000000001,7.605,3,27,6,7.659650618939335,7.554495247057665,60.5263157894737,0.070457968765548,0.0619705097168101,7.999002546682446,7.0689974533175555,0.01743608260221006,0.022015381064436557,0.023759423629861245,-38915239.0,0.5849430329803121,0.0,0.0,-1,0.0,0,45.51428571428571,0.11342603077181049,0.011811023622047225,-0.21477407134677504,0.17959469234910477,0.3494833398889175,-0.026649746192893398,0.05939226519337004,-0.7725379777242505,0.02216427640156453,0.0
2024-06-28,7.83,7.67,0.005174655790017487,0.0167206467870783,0.0006629101999474445,1.5225823471327968,0.020645894623546893,7.741000000000001,7.554,7.597666666666667,4,28,6,7.690623233677638,7.572269747247494,74.48275862068965,0.07983410266025182,0.06554322830549844,8.034324451748477,7.073675548251523,0.018310861308184566,0.02174910075894488,0.02388401363373762,-36783226.0,1.149223192761912,0.0,0.0,-1,0.0,0,44.31428571428571,0.10927614853747313,0.010430247718383322,3.7082044589325696,0.2449998604567803,0.3452562710847258,0.005134788189987249,0.053835800807537026,-0.4853247313774266,0.03767560664112387,0.0
2024-07-01,7.55,7.83,0.011545990997060728,0.0,-0.006648960665251167,-1.3962825723844918,-0.036414946741778406,7.746,7.5515,7.5906666666666665,0,1,7,7.665055373008976,7.570832989360559,61.07784431137724,0.06393410382948961,0.06522140341029668,8.031336594993382,7.071663405006618,0.022383632407174937,0.022832263996841334,0.02387052575934691,-37310932.0,-0.0062521283939202,0.0,0.0,-1,0.0,0,47.94285714285714,0.10953285457251284,0.0012771392081736637,-0.11826033238321945,0.36107323767532046,0.36245095442529485,-0.029562982005141403,-0.006578947368421018,-0.3535149971985903,0.045695364238410564,0.0
2024-07-02,7.76,7.55,-0.03769127110138317,-0.0019150979360995752,-0.0006673340254328494,0.09853576545991415,0.02743477093419401,7.747,7.57,7.583666666666667,1,2,7,7.68231803246189,7.583037312627621,61.07784431137724,0.0675003827645968,0.06567719928115671,8.052144333052711,7.08785566694729,0.02154725999292138,0.022676845300729574,0.023901020575423062,-36728580.0,0.7881457355186943,0.0,0.0,-1,0.0,0,49.74285714285714,0.113722170708227,0.0,-0.004617543222276473,0.39254602904042696,0.35998375911128505,0.019710906701708275,0.05006765899864685,-1.2598267066988968,0.043170103092783504,0.0
2024-07-03,7.95,7.76,0.036414946741778496,0.03205575979257703,0.04077286113699519,-0.8047217659990052,0.024189594471113282,7.744,7.606999999999999,7.583,2,3,7,7.730987481105182,7.606712324716161,63.687150837988824,0.08468193597284834,0.06947814661949504,8.086389963226402,7.127610036773596,0.02081163647636459,0.022236488763356446,0.024336713371205344,-36468145.0,1.4309853201411789,0.0,0.0,-1,0.0,0,48.371428571428574,0.1127241129070833,0.009020618556701068,-0.7809426916659882,0.41574911435487044,0.35299331579474014,0.04330708661417315,0.10263522884882104,-1.7613765568270676,0.0349937106918239,0.0
2024-07-05,7.85,7.95,0.015209418663528708,-0.016207567552553464,-0.004715202065473034,0.1647582465302535,-0.012658396871923577,7.741000000000001,7.624499999999999,7.575333333333334,4,5,7,7.752626120904239,7.622408303766733,60.106382978723396,0.08920102254942286,0.07342272180548061,8.11291203485334,7.136087965146659,0.020814759603999925,0.020948174412155993,0.024305022401469204,-36775226.0,0.9234006695503044,0.0,0.0,-1,0.0,0,49.71428571428572,0.14675623675155777,0.0,-0.6161788043192806,0.44349847013633187,0.3325419594922286,0.02346805736636237,0.046666666666666634,-0.9468331283997958,0.023566878980891784,0.0
2024-07-08,8.0,7.85,0.0,0.02668479775618779,0.02354547206559011,0.5512597626572198,0.01892800988551886,7.7620000000000005,7.656999999999999,7.5873333333333335,0,8,7,7.79760318983074,7.646769058362429,62.499999999999986,0.10369089354190208,0.07947635615276491,8.154915655508145,7.159084344491854,0.021218738019972608,0.02055988080369784,0.022322094693751075,-36242306.0,1.3777433836658695,0.0,0.0,-1,0.0,0,51.057142857142864,0.1522761804396479,0.012738853503184782,-0.09618035389178115,0.43969997481156425,0.3263779895502916,0.02171136653895278,0.08843537414965996,-0.9315991587297634,0.02687499999999987,0.0
2024-07-09,7.78,8.0,0.0012570711900511137,-0.01791830454400526,-0.0254790853009849,-0.23373811219396604,-0.027885203489535663,7.7620000000000005,7.6899999999999995,7.591,1,9,7,7.794402609861514,7.655364602984208,50.76142131979696,0.09631183641587349,0.08284345220538662,8.121057451293787,7.258942548706212,0.02330549104227485,0.020227708889101043,0.02294640296669316,-36664149.0,0.417577748533855,0.0,0.0,-1,0.0,0,50.57142857142856,0.1579898031610974,-0.0050000000000000044,-0.3727574763127548,0.39339022678430047,0.3211049238790318,0.030463576158940464,0.0926966292134832,-0.7397129281033578,0.034704370179948534,0.0
2024-07-10,7.76,7.78,-0.008832864998508837,-0.015202252696141083,-0.0153429092192703,0.21407789763434135,-0.0025740039951728773,7.776999999999999,7.718999999999999,7.5969999999999995,2,10,7,7.788147589886693,7.662115273759421,43.749999999999986,0.08783751147193897,0.08384226405869709,8.077529159058008,7.360470840941991,0.022037401804048982,0.020268688640171617,0.02283550144004974,-37186694.0,0.2287122202708579,0.0,0.0,-1,0.0,0,54.60000000000001,0.16111869855549424,0.01413881748071972,-0.15500611892045943,0.344656084507257,0.3217554572597642,0.0,0.0807799442896937,-0.09023082090796596,0.034407216494845405,0.0
2024-07-11,8.12,7.76,0.015094626222484888,0.03678804301351099,0.028163597648331755,0.3074225022133551,0.04534781997845904,7.827,7.7555,7.617333333333334,3,11,7,7.848484391725475,7.691656223839459,55.94059405940592,0.10891503453327811,0.08885681815361329,8.121558666566612,7.389441333433386,0.026081377745497583,0.02170072679588752,0.024191055395119267,-36476077.0,1.9914840613870304,0.0,0.0,-1,0.0,0,49.4,0.15732641929975047,0.03221649484536083,0.28887912967097407,0.4583013334883126,0.3444883582276434,0.02138364779874191,0.0987821380243572,0.6550386441907119,0.04248768472906412,0.0
2024-07-12,7.97,8.12,0.03676884778708906,0.05979881346474482,0.013915468061974579,0.11211542181520799,-0.01864566137146286,7.856999999999999,7.780999999999999,7.641666666666667,4,12,7,7.870578138684479,7.709613886817559,54.32692307692307,0.11222175448694038,0.09352980542027872,8.131091717306223,7.430908282693775,0.027268595382102984,0.02228559226793051,0.02342157276695554,-37271003.0,1.0797170607420175,0.0,0.0,-1,0.0,0,54.371428571428574,0.1738997127848262,0.023399014778325282,0.45891386022498826,0.47384300476616037,0.3537728097643683,0.015286624203821653,0.06836461126005355,0.6775894387831206,0.09284818067754069,0.0
2024-07-15,8.12,7.97,-0.03303052567648195,-0.05797010219620102,-0.016466489853579843,0.11906395547874916,0.018645661371462896,7.885999999999998,7.8134999999999994,7.664666666666666,0,15,7,7.915927568014573,7.736090410248684,57.65765765765764,0.12549942106616907,0.0999237285494568,8.162711141077624,7.464288858922375,0.027137241570000203,0.022535880483185788,0.023210984282720334,-36375565.0,1.7553850032056624,0.0,0.0,-1,0.0,0,57.74285714285715,0.1680032109003082,0.008782936010037566,0.6398449768115114,0.4732458289728825,0.3577460120063023,0.014999999999999902,0.08701472556894241,0.6865164679275607,0.04679802955665035,0.0
2024-07-16,8.6,8.12,0.014815085785140682,0.057970102196200905,0.03019097227914573,0.09040896103553486,0.057432049085875604,7.991,7.868499999999999,7.6979999999999995,1,16,7,8.040304373830105,7.7918265128132855,69.56521739130433,0.17276255674999508,0.11449149418956447,8.33620548537807,7.4007945146219285,0.028263407610204856,0.025637952006404872,0.025132219629136726,-35395399.0,3.1280368645182386,0.0,0.0,-1,0.0,0,57.02857142857143,0.16939250599429784,0.004926108374384351,0.7698859315132911,0.5153235653039423,0.40698987080374044,0.10539845758354738,0.14666666666666672,0.017925543468400293,0.07325581395348826,0.0
2024-07-17,8.55,8.6,0.03964483134724038,-0.0011500863832373297,0.040673284578721436,-0.36128125973904457,-0.005830920310793099,8.07,7.908499999999999,7.736666666666666,2,17,7,8.132976305860996,7.840740931341461,68.0933852140078,0.2038346709552723,0.13236012954270604,8.462424752632568,7.35457524736743,0.028366252211505624,0.025022787253868292,0.02447959907634863,-36078362.0,2.3161990756008817,0.0,0.0,-1,0.0,0,46.114285714285714,0.1746050156029398,-0.012790697674418539,0.0301382063157667,0.5249574186126453,0.3972244331004742,0.10180412371134029,0.10322580645161294,0.04572947715448227,0.03333333333333335,0.0
2024-07-18,8.44,8.55,0.005872007477222368,-0.0017276134443775877,-0.0005950610113108451,-0.3302858050723502,-0.012948974340803294,8.119,7.9315,7.777666666666666,3,18,7,8.188798795704452,7.879402806738787,64.63878326996196,0.2170810889684649,0.14930432142785782,8.533995686815834,7.329004313184165,0.02871829201064866,0.024639427889476356,0.024088588306891125,-36569220.0,1.6879788889025977,0.0,0.0,-1,0.0,0,45.94285714285714,0.17824684537371382,-0.0011695906432750366,-0.43133439964012055,0.5055315028130253,0.39113879185478106,0.039408866995073843,0.05764411027568905,1.3240816689706099,0.03258293838862564,0.0
2024-07-19,8.47,8.44,-0.015339533815621713,-0.018616011718271278,-0.019231361927887644,0.15446727641659583,0.003548200056097398,8.181,7.961,7.8100000000000005,4,19,7,8.239926287394551,7.917505851465317,62.800000000000004,0.22737864052901724,0.1649191852480897,8.60894086799735,7.3130591320026515,0.02797961659541408,0.024363633395221115,0.023181435823097594,-35996371.0,1.5711310248826076,0.0,0.0,-1,0.0,0,43.0,0.1815294859396499,-0.003554502369668171,-0.23866672087978294,0.4539916124218493,0.3867606899862199,0.06273525721455475,0.0748730964467006,1.3849669934839786,0.032467532467532506,0.0
2024-07-22,8.88,8.47,0.016509808963812288,0.05205636195605313,0.02101548372138891,0.14087952718561433,0.04727104834011564,8.269,8.0155,7.861000000000001,0,22,7,8.356303326050087,7.979602248144975,75.2851711026616,0.2655618659336767,0.18504772138520711,8.776399052714062,7.254600947285937,0.030678496146673256,0.026001815841656856,0.024054642984881847,-35336858.0,2.2723119365608446,0.0,0.0,-1,0.0,0,48.42857142857144,0.17509941891738584,0.009445100354191271,0.035703857383976106,0.5230250308181914,0.412766030118742,0.09359605911330071,0.13992297817715027,0.5293978773294787,0.06250000000000017,0.0
2024-07-23,9.08,8.88,0.0367435133728191,0.01768001853617241,0.040180077305530755,0.11847135391933614,0.022272635609123223,8.399,8.0805,7.926333333333333,1,23,7,8.487884539495525,8.050595651490461,75.19083969465649,0.30840556827711474,0.20971929076358864,8.968228621405924,7.1927713785940774,0.027648983089225938,0.02615257007303821,0.023119843281475035,-34594395.0,2.2518142952675335,0.0,0.0,-1,0.0,0,46.85714285714285,0.1565123675998038,-0.001126126126126302,0.21419373273653972,0.39203647233612593,0.41515917935069657,0.05581395348837215,0.16709511568123392,0.9387312021251538,0.040748898678414205,0.0
2024-07-24,8.83,9.08,0.014549781014731365,0.002122608760007363,0.007959109667568643,-0.09006055595485786,-0.02791917799733333,8.506,8.141499999999999,7.981333333333334,2,24,7,8.550087350496337,8.100879803007206,66.41791044776119,0.31851495822394504,0.23147842425565993,9.060223943418602,7.222776056581396,0.030484194424491486,0.026523041506371473,0.024032255463868092,-35272914.0,1.498818018039389,0.0,0.0,-1,0.0,0,38.614285714285714,0.16043915115662177,-0.008810572687224677,0.019059297372219064,0.47320212848238496,0.4210402310334173,0.03274853801169586,0.16031537450722722,0.4344752268499454,0.036172140430351066,0.0
2024-07-25,8.85,8.83,-0.017937700686667318,-0.013135935937990506,-0.015982075338568037,-0.03663389121296059,0.0022624444039695433,8.578999999999999,8.203,8.03,3,25,7,8.604616923133365,8.149210138297065,69.23076923076923,0.3244010619347204,0.25006295179147203,9.139243333192535,7.2667566668074635,0.028295031754241962,0.026511665695647994,0.023680814991793496,-34618802.0,1.3821193210396863,0.0,0.0,-1,0.0,0,39.07142857142857,0.17367711227238922,0.001132502831257054,-0.069088117944852,0.4448988754459676,0.4208596456366009,0.04857819905213279,0.1614173228346456,0.12282589993400464,0.038418079096045187,0.0
2024-07-26,8.96,8.85,0.027888031539835302,0.006622540760493457,0.018244519742537494,-0.22863472667215162,0.012352767967001126,8.678,8.2675,8.08,4,26,7,8.669232028018207,8.201519161632739,68.75000000000001,0.3340907322273825,0.2668685078786541,9.226597711942183,7.308402288057817,0.02659783831248067,0.02652923075200524,0.02370063882611919,-34098378.0,1.4440655865973873,0.0,0.0,-1,0.0,0,42.54285714285714,0.1652116589427879,0.027118644067796634,-0.42496852021917364,0.44144381591829746,0.4211384822619175,0.05785123966942152,0.16818774445893103,-0.18879990115810172,0.02678571428571431,0.0
2024-07-29,9.2,8.96,-0.011062059705858546,0.019608471388376337,0.006195457721786691,1.0780719137062098,0.02643325706815543,8.786,8.336,8.137666666666666,0,29,7,8.76573529565126,8.265937280237079,77.51937984496124,0.3570203516050814,0.2848988766239396,9.357214962679308,7.314785037320693,0.026938872635332366,0.026711293738788378,0.02396734081126527,-32568848.0,1.6921021167437036,0.0,0.0,-1,0.0,0,42.07142857142857,0.15694328794997442,0.003348214285714214,3.2314507478980032,0.34382333532171955,0.42402864257778444,0.03603603603603589,0.17496807151979565,-1.2834612563181789,0.03967391304347829,0.0
2024-07-30,9.32,9.2,0.027429037170063883,0.014989574019524596,0.02495277786525227,-0.23477742473893032,0.012959144642505336,8.858,8.4245,8.198333333333332,1,30,7,8.866510696441939,8.333941326673397,79.10447761194031,0.3804891946889768,0.30401694023694703,9.465501036452334,7.383498963547666,0.02155659706824097,0.0246083121570952,0.02398210024707026,-31359377.0,1.7204593821574037,0.0,0.0,-1,0.0,0,40.8,0.1413936883804692,0.004347826086956622,1.762354701507331,0.32334905150464216,0.390644844916328,0.026431718061673992,0.2344370860927154,-1.24073644667923,0.030042918454935553,0.0
2024-07-31,9.69,9.32,0.008620743043906955,0.04468275746687368,0.004371591661496295,0.37811661385262235,0.03893179720517502,8.972,8.520999999999999,8.263,2,31,7,9.016236024361586,8.42142898301705,79.18215613382901,0.42405607522833577,0.3280247672352248,9.656195786498657,7.385804213501341,0.02300636637531865,0.025175979120804298,0.02424489942860479,-29594114.0,2.059556622572758,0.0,0.0,-1,0.0,0,46.885714285714286,0.13558975584494348,0.0,2.6787053928928946,0.23109299929735513,0.3996562785972164,0.09739524348810868,0.24871134020618557,0.61512864279066,0.06914344685242518,0.0
2024-08-01,10.73,9.69,0.1952914463424151,0.14522595526429355,0.09163534823671136,0.12783951221906953,0.10194913073993242,9.201,8.66,8.354666666666667,3,1,8,9.32782947447766,8.570369048628853,88.54748603351955,0.5363200861896189,0.36968383102610364,10.131726519217654,7.188273480782345,0.03588294746539179,0.03302291704653706,0.030103022031228617,-27588121.0,2.813022627465295,0.0,0.0,-1,0.0,0,42.68571428571429,0.10926147913389461,0.16924664602683184,2.5722972187628184,0.6246947945295721,0.5242225564263159,0.21242937853107358,0.3496855345911949,1.8118450113369229,0.12376514445479957,0.0
2024-08-02,9.69,10.73,-0.12287097938319629,-0.10342882658583216,-0.08836915045009032,-0.5869772190781335,-0.1019491307399323,9.323,8.751999999999999,8.415,4,2,8,9.393678660936267,8.642603303556024,67.56152125279641,0.5352013473565549,0.40278733429219393,10.240476437590884,7.263523562409114,0.05265634035149147,0.04118819865259671,0.035731477820285525,-28703464.0,1.2603491413248893,0.0,0.0,-1,0.0,0,41.385714285714286,0.11939872992311062,-0.0661696178937559,0.5452123755294304,1.1708352928607222,0.6538423835129793,0.08147321428571419,0.23439490445859867,-0.8239798752682298,0.10939112487100108,0.0
2024-08-05,9.41,9.69,-0.11628714906480074,-0.08223809823697212,-0.10777889652210788,-0.2629625553787467,-0.029321472305386523,9.376,8.822500000000002,8.469,0,5,8,9.396646177129671,8.692112767842733,59.48477751756441,0.505889499582997,0.42340776735035457,10.294482193828262,7.350517806171741,0.052848769128301415,0.042103240776587614,0.03619056579037722,-29560907.0,0.7982433516699775,0.0,0.0,-1,0.0,0,33.05714285714286,0.13121962328869075,-0.07946336429308562,-0.07605347337545079,1.210529290957191,0.6683682269083489,0.022826086956521774,0.17625000000000002,-0.10633811878510371,0.12646121147715192,0.0
2024-08-06,10.2,9.41,0.05134934662825362,0.08126296407876579,0.11858981262632373,-0.02167844597765736,0.08061476669293707,9.488,8.9435,8.549666666666667,1,6,8,9.542710508560639,8.789395815078686,66.46706586826346,0.540179197201061,0.4467620533204959,10.45206188052347,7.43493811947653,0.0581488235389467,0.04433606328748618,0.038775546799110695,-28721852.0,1.6658249372760154,0.0,0.0,-1,0.0,0,19.014285714285712,0.09688787371846867,-0.0021253985122209962,-0.17179792774138444,1.3319680037461283,0.7038131854218554,0.09442060085836901,0.31105398457583533,-0.6118444854977262,0.09313725490196072,0.0
2024-08-07,9.97,10.2,0.11172996394330603,0.044833450058238786,0.06352994818268623,0.3766836642277438,-0.022807136316478353,9.602,9.054,8.628333333333334,2,7,8,9.620399507004159,8.865563827009094,64.9122807017544,0.5425408782727494,0.46591781831094664,10.520731418028422,7.587268581971578,0.057780955357461056,0.04496301255441655,0.03879539468162961,-29944727.0,1.2490357658408735,0.0,0.0,-1,0.0,0,16.557142857142857,0.1062393746224487,0.029411764705882425,0.6646098180843105,1.3501913866234563,0.7137656964915674,0.028895768833849367,0.2847938144329898,0.0905434925962629,0.08124373119358079,0.0
2024-08-08,10.41,9.97,-0.028987536873252413,-0.027424886629974887,0.0020161297151844956,-0.36697591525179535,0.043186298653130416,9.758000000000001,9.1685,8.721333333333332,3,8,8,9.763963233003402,8.965204870427863,67.50902527075812,0.5733081112688279,0.4873958769025229,10.684926200331791,7.652073799668208,0.058373042763956814,0.044878949901056585,0.03925858691048594,-29097487.0,1.6374024660459727,0.0,0.0,-1,0.0,0,17.65714285714286,0.08552570443641364,0.02306920762286847,-0.25658738055101504,1.112669224520138,0.7124312432395352,-0.02982292637465056,0.2820197044334978,-0.03505638503477974,0.04803073967339097,0.0
2024-08-09,10.25,10.41,0.02708095860267083,0.00668898815079671,0.02191322743071508,-0.5399951984599834,-0.015489177042460304,9.887,9.2825,8.807333333333332,4,9,8,9.85233355427551,9.048094878787357,62.948960302457465,0.5781165347128319,0.5055400084645847,10.76191489145294,7.8030851085470605,0.05931684491173411,0.04476800599686306,0.039550925118975705,-29591217.0,1.3079495219218908,0.0,0.0,-1,0.0,0,24.085714285714285,0.0899620928609665,0.006724303554274763,-1.047068782935854,0.7867353649161684,0.7106700633596874,0.057791537667698734,0.28607277289836897,0.9175851891022972,0.0341463414634146,0.0
2024-08-12,10.29,10.25,-0.007662872745569137,-0.005730674708985095,-0.001972387227204235,0.12846266731465403,0.003894844261541057,9.995999999999999,9.391,8.889333333333333,0,12,8,9.931909271679963,9.128217789833334,61.79337231968811,0.57848647861098,0.5201293024938638,10.829155251117163,7.952844748882837,0.059258177293910905,0.04480080166315357,0.03951836293237315,-29029807.0,1.2502127281483046,0.0,0.0,-1,0.0,0,23.8,0.0818971850921011,0.014634146341463448,-0.8320747177576199,0.7093050367867911,0.7111906784221995,0.09351753453772571,0.26724137931034475,0.8341958485821461,0.030126336248785107,0.0
2024-08-13,10.43,10.29,-0.010633256301368816,0.004777839953713297,-0.004948055617369525,-0.3703640837148143,0.013513719166722855,10.107,9.4825,8.985333333333333,1,13,8,10.022471222283606,9.212203738876344,65.9362549800797,0.5833519733618253,0.5327738366674561,10.941466829823899,8.023533170176101,0.059258666682343725,0.043463649635046404,0.03856801546559588,-28642163.0,1.2988643478815296,0.0,0.0,-1,0.0,0,25.514285714285712,0.05791724995775191,0.0,-1.124220523208087,0.418508945369049,0.6899640480334562,0.02254901960784328,0.21279069767441872,0.7579807062585534,0.039309683604985636,0.0
2024-08-14,10.41,10.43,0.010633256301368878,-0.004777839953713197,0.007905179507113247,0.1333491856656155,-0.00191938638580348,10.179,9.5755,9.073666666666666,2,14,8,10.092931000050223,9.289480917013355,65.5378486055777,0.5789206433419842,0.5420031980023617,11.021255675653492,8.129744324346508,0.05862447415233846,0.04339495873464978,0.03851744376043681,-29085104.0,1.1544135901424695,0.0,0.0,-1,0.0,0,26.428571428571438,0.08202224799667453,-0.002876318312559862,-0.9549883799698056,0.3544744683081929,0.6888736137947609,0.04413239719157458,0.21754385964912282,1.060137118566606,0.026897214217098883,0.0
2024-08-15,10.5,10.41,0.01526747213078838,0.03575169096384288,0.02718614030415678,0.44087973674061487,0.008608374536600101,10.156,9.6785,9.158666666666667,3,15,8,10.166943545495638,9.367578922367333,65.4,0.5760309045134235,0.5488087393045742,11.076367172366181,8.280632827633818,0.047417243326358514,0.043043244706531474,0.03842833052686912,-28396741.0,1.175362031872371,0.0,0.0,-1,0.0,0,32.37142857142857,0.07294492752341347,0.014409221902017325,-0.4467126071421033,0.17735276383628604,0.683290326688678,0.008645533141210304,0.24407582938388628,-0.9255462141542253,0.036190476190476266,0.0
2024-08-16,10.8,10.5,-0.0028449521322313617,-0.001850139288161366,-0.0028680937258191755,0.17084286048370315,0.02817087696669644,10.267,9.795,9.257,4,16,8,10.282044719041885,9.459993185440409,65.8102766798419,0.5911340333000101,0.5572737981036614,11.156693991437086,8.433306008562914,0.03394304144505635,0.043152720742955855,0.03832801230911677,-27580133.0,1.4761025697695223,0.0,0.0,-1,0.0,0,33.74285714285715,0.04538183985775219,0.0028571428571427964,-0.1916743546103422,0.18399433084258784,0.6850282048900777,0.0536585365853659,0.2750885478158205,0.9698377950949951,0.03610185185185193,0.0
2024-08-19,10.75,10.8,0.02993675384058444,0.021045500215939036,0.030732942602070774,-0.04437022014884463,-0.004640379556502225,10.401,9.8885,9.348666666666666,0,19,8,10.367127497397906,9.543219431541027,64.32865731462927,0.5922417947903575,0.5642673974410006,11.242438115665818,8.534561884334183,0.03152266555346326,0.042493773118001066,0.03840824007749117,-28361300.0,1.2725840125659582,0.0,0.0,-1,0.0,0,39.88571428571429,0.037589560622325484,0.0046296296296295305,-0.28670936952864906,0.2113801308353134,0.6745677356341955,0.044703595724004064,0.21058558558558538,0.7181881940547844,0.027413953488372153,0.0
2024-08-20,10.5,10.75,-0.005545300716425264,-0.01827157333321389,-0.033628553593001674,0.03484554764206887,-0.02353049741019416,10.431000000000001,9.9595,9.439333333333334,1,20,8,10.391286134234651,9.604947210151284,58.31622176591377,0.5664174849062675,0.564697414934054,11.28352059134889,8.635479408651111,0.021737754054872025,0.04303886880262229,0.038270617157431575,-29170167.0,0.8164525590185086,0.0,0.0,-1,0.0,0,44.68571428571429,0.04635500407463309,0.0037209302325580604,-0.2321456537035189,0.301826718057441,0.683220861367649,0.006711409395973256,0.15638766519823788,0.29323624075804583,0.04285714285714279,0.0
2024-08-21,10.85,10.5,-0.025341571960479398,0.013755375068485419,0.011494379425734991,0.5001827762033919,0.032789822822990755,10.519,10.060500000000001,9.542333333333335,2,21,8,10.474688655282895,9.685273196593137,51.435406698564584,0.5676500912944427,0.5652879502061318,11.328743293943104,8.792256706056898,0.021590004961398117,0.04253078584153587,0.03840100035089513,-27836327.0,1.2450292523059352,0.0,0.0,-1,0.0,0,50.22857142857144,0.045790207451687534,0.0019047619047618642,0.8713192086434575,0.37232331872994134,0.6751552944051051,0.04226705091258398,0.22876557191392966,-0.3585980500787584,0.04423963133640557,0.0
2024-08-22,10.9,10.85,0.03548458192553425,0.004543397184026351,0.02817087696669644,-0.7545486214455793,0.004597709248629549,10.568000000000001,10.163,9.635,3,22,8,10.552017990686005,9.763642667780678,68.96551724137933,0.5661354656294026,0.5654574532907859,11.347942370350856,8.978057629649145,0.0176394977678448,0.04250807566021795,0.037862415799752504,-27209125.0,1.2439423527099949,0.0,0.0,-1,0.0,0,46.77142857142858,0.023792915708329372,0.004608294930875642,-0.7038183236578502,0.3733481996516671,0.6747947814531268,0.03809523809523818,0.23163841807909624,-0.18584437227339556,0.021100917431192537,0.0
2024-08-23,11.1,10.9,0.0027485129533490935,0.025068456862618105,0.0036968618813259814,0.7081080010588369,0.01818231908319033,10.653,10.27,9.739333333333333,4,23,8,10.651651083288549,9.849859269859344,77.17041800643088,0.5744515228362275,0.5672562671998742,11.381774305002246,9.158225694997753,0.016555734391366962,0.04253676799530432,0.0374840786804989,-25935813.0,1.4931088014276834,0.0,0.0,-1,0.0,0,51.57142857142857,0.04055899397093013,0.0027522935779815925,0.6619651271365663,0.34322719952257047,0.6752502581521603,0.02777777777777768,0.2388392857142856,-0.08862655263707137,0.0423423423423424,0.0
2024-08-26,11.39,11.1,0.026186597906103126,0.020131970951924233,0.023702112306788307,-0.35426949682951975,0.025790669140802493,10.763,10.3795,9.848333333333333,0,26,8,10.785896340872448,9.949223187932935,72.79693486590041,0.5975543993049808,0.5733158936208955,11.478867760889996,9.280132239110005,0.017396745526452186,0.04252464549069695,0.03755507826806125,-25042348.0,1.8383293306362714,0.0,0.0,-1,0.0,0,52.94285714285714,0.05751601951026447,0.010810810810810902,-0.1301160439936834,0.3542925896320444,0.6750578193574103,0.05953488372093019,0.2380434782608698,-1.1408479622266117,0.03863037752414394,0.0
2024-08-27,11.35,11.39,0.010638398205055577,-0.004342169219289153,0.008075414005545331,-0.8563052675112651,-0.0035180335316791727,10.855,10.481,9.940000000000001,1,27,8,10.888460642532003,10.03959588548565,78.51239669421483,0.6056543236117804,0.5797835796190726,11.542694772273913,9.419305227726086,0.01787566271505652,0.04265574483808052,0.036574883830611006,-25421828.0,1.6370053290152238,0.0,0.0,-1,0.0,0,52.28571428571429,0.02857505081389066,-0.004389815627743697,-1.207334057406539,0.2405842064482304,0.6771389569787291,0.08095238095238089,0.21781115879828317,-0.24464105017687535,0.026431718061674072,0.0
2024-08-28,11.27,11.35,-0.003533572581311016,0.012970350442627405,0.0062361003877103895,0.43154077156905274,-0.007073415875726736,10.940999999999999,10.559999999999999,10.030666666666667,2,28,8,10.95783143479891,10.118976796099478,70.87378640776694,0.5987166081984565,0.5835701853349493,11.608929278635607,9.51107072136439,0.018281148598624994,0.0422655206009049,0.036593901217220295,-26006086.0,1.3537614297954026,0.0,0.0,-1,0.0,0,51.08571428571429,0.033102902520842685,-0.004405286343612241,-0.6721011145214328,0.22529731428942312,0.6709443392560297,0.03870967741935494,0.16305469556243546,0.40892586484700494,0.03371783496007105,0.0
2024-08-29,11.44,11.27,0.00265134932162,0.007702220362092303,-0.008920665758379376,0.43818657611397205,0.014971657899966857,11.035,10.5955,10.130666666666666,3,29,8,11.045498446653653,10.204204099576932,78.74396135265697,0.6000193484507115,0.5868600179581017,11.714380549572024,9.476619450427975,0.018414664996508283,0.035376128675709266,0.03634950664487772,-25100548.0,1.5095445180864455,0.0,0.0,-1,0.0,0,56.057142857142864,0.02849426190215614,0.005323868677905989,0.3968919663043522,0.2284800402712455,0.5615786329448847,0.04954128440366956,0.06616961789375564,-0.2818987155014899,0.04982517482517485,0.0
2024-08-30,11.71,11.44,0.01228085610136445,0.002979359513941633,0.02739897418811456,-0.4055595315742881,0.023327191657974287,11.126000000000001,10.6965,10.238666666666665,4,30,8,11.166316910898443,10.301352222184873,80.86956521739128,0.6157406480962049,0.5926361439857224,11.835719954733602,9.557280045266399,0.01787993742923221,0.026453302558503936,0.036395503357781196,-24496913.0,1.7792876534312472,0.0,0.0,-1,0.0,0,60.31428571428573,0.021321661593609747,0.002622377622377722,-0.5934885435825311,0.24341696451302236,0.41993315955690047,0.05495495495495506,0.2084623323013417,-0.3447291277105188,0.02519214346712211,0.0
2024-09-03,11.68,11.71,0.019853910662430953,-0.0008503401872929018,-0.00436872691341526,-0.27172800387475116,-0.0025652002095450637,11.219,10.809999999999999,10.331999999999999,1,3,9,11.259713836189635,10.39029724010843,78.53881278538806,0.6186477558173618,0.5978384663520503,11.858226572535008,9.76177342746499,0.0177255304704345,0.025041663511161293,0.03579761172665063,-24956920.0,1.659946471106932,0.0,0.0,-1,0.0,0,56.34285714285714,0.029743973576717878,-0.0008539709649873239,-1.0148102318657293,0.21333960007050892,0.39752408439535986,0.025460930640913038,0.2412327311370881,0.7586504139719291,0.02868150684931514,0.0
2024-09-04,11.39,11.68,-0.007722046093910278,0.00042526047844802567,-0.0065890859960590015,0.07832570874051109,-0.025142199940990186,11.308,10.869499999999999,10.408999999999999,2,4,9,11.283402229609699,10.454794192359499,69.91869918699184,0.5907413843075293,0.5964190499431461,11.906976188693182,9.832023811306815,0.01804251349121704,0.019625227829480653,0.03625792784950623,-25454406.0,1.0033965225855057,0.0,0.0,-1,0.0,0,56.62857142857143,0.04413974039603302,-0.005993150684931532,-0.8095300239842076,0.30262357881391316,0.31154083355873835,0.0035242290748900285,0.1166666666666667,-0.1684721455788369,0.03643546971027209,0.0
2024-09-05,11.28,11.39,-0.01300408442320646,-0.0236621063294193,-0.01165870864759844,-0.45904449495915683,-0.00970453138917802,11.351,10.934999999999999,10.490666666666668,3,5,9,11.282783642407935,10.508033276723403,65.72580645161285,0.5533703937023038,0.5878093186949777,11.895953473872401,9.974046526127596,0.016472452053026276,0.018844253104552,0.03579412142634296,-25768761.0,0.7180368444056646,0.0,0.0,-1,0.0,0,50.62857142857143,0.03828462771902064,0.006145741878841113,-1.3358429595976393,0.30744191954888295,0.2991432441444086,0.0008873114463177068,0.1313941825476428,-0.06418815897696276,0.02406914893617018,0.0
2024-09-06,11.12,11.28,-0.022056474202524975,-0.01535454601303241,-0.0219541352970677,0.481606774231662,-0.014285957247476541,11.373000000000001,10.9705,10.566333333333334,4,6,9,11.253186616515583,10.547515000805763,56.83760683760679,0.505021379482228,0.5712517308524278,11.901791689282357,10.039208310717642,0.01744089313776139,0.017125171670407075,0.036023102719824326,-26277599.0,0.3210594526301482,0.0,0.0,-1,0.0,0,39.34285714285715,0.03187641373999016,-0.006205673758865117,-0.5741761115227354,0.28857413482658845,0.2718536723951142,-0.027972027972028024,0.06820365033621512,1.1671509224264842,0.030575539568345314,0.0
2024-09-09,11.11,11.12,-0.004470280130903745,-0.004430667416484843,0.011726778516122308,0.02309429693336802,-0.0008996851708976849,11.374,11.0135,10.638000000000002,0,9,9,11.227152686240021,10.58380435559249,57.826086956521706,0.4605881474923432,0.5491190141804109,11.882020217623703,10.144979782376298,0.016489077448780684,0.016585694082119934,0.03605211583455657,-26798325.0,0.22221704927958008,0.0,0.0,-1,0.0,0,41.971428571428575,0.02833453658628685,0.003597122302158357,-0.5377919901647611,0.15365464706368587,0.2632897311761102,-0.05123825789923153,0.0839024390243901,-0.7760030373745467,0.014455445544554503,0.0
2024-09-10,11.13,11.11,-0.01444068415479436,-0.010714388212406258,-0.024570991790362054,0.1673685369534568,0.0017985616359148977,11.348,11.0555,10.702333333333334,1,10,9,11.209488561469108,10.619042784263943,65.21739130434781,0.42212236006445814,0.5237196833572203,11.855222978352714,10.255777021647287,0.013819511713115719,0.016594115685713038,0.03588704381115979,-26182728.0,0.18631451644282426,0.0,0.0,-1,0.0,0,39.6857142857143,0.030872729474122517,-0.00990099009900985,-0.2051783314803931,0.16997428549791976,0.2634234199885966,-0.047089041095890294,0.08163265306122458,-0.5265038900614656,0.02785265049415997,0.0
2024-09-11,11.17,11.13,0.0063434739221749515,0.0062640025849306355,-0.001848429361782316,-0.5080468235770439,0.003587447793655719,11.33,11.0925,10.764,2,11,9,11.202308823020179,10.654588411085625,59.09090909090908,0.390365719087459,0.49704889050326806,11.83693549789514,10.348064502104858,0.01392799936492687,0.01644136071839345,0.03587350119143188,-25812342.0,0.20821145745770706,0.0,0.0,-1,0.0,0,43.08571428571429,0.03644623232521439,-0.005390835579514869,-1.0876352920448638,0.12208126430653239,0.26099851005825203,-0.019315188762072055,0.07094918504314474,-0.6112634972045272,0.03581020590868401,0.0
2024-09-12,11.72,11.17,0.010781775603288194,0.045258170455299264,0.03424500178645483,0.6274765866161361,0.048065171067757304,11.375,11.158,10.831666666666667,3,12,9,11.296434491561964,10.723324642628487,68.14159292035394,0.4049111916087593,0.47862135072436635,11.879769754802346,10.436230245197653,0.021012883492281895,0.019278673744103848,0.036217004897377496,-25118654.0,1.557283319952641,0.0,0.0,-1,0.0,0,42.97142857142857,0.02541489675518859,0.0017905102954341606,0.03628130478777483,0.3831164966052945,0.30603945800429555,0.03900709219858167,0.1258405379442844,1.7434025573230036,0.04627986348122857,0.0
2024-09-13,11.97,11.72,0.0589936862977427,0.031967150025632995,0.04998730903290907,-0.30920891950071866,0.021106735421015155,11.428,11.2315,10.873,4,13,9,11.418900947641607,10.803755310846004,68.83116883116881,0.43163586447748337,0.4692242534749898,11.970326238385175,10.492673761614826,0.02146312198153372,0.019572620838394943,0.031033759089622713,-24609468.0,1.9991168738514546,0.0,0.0,-1,0.0,0,48.62857142857143,0.046468543226185,0.012798634812286568,-0.6042988919003659,0.33388533457819064,0.3107057234649213,0.07643884892086339,0.14000000000000012,1.4563243966455943,0.029239766081871312,0.0
2024-09-16,12.05,11.97,0.05331315705037592,0.03887129049125493,0.022699587516106536,-0.055525074806770096,0.006661140366782222,11.462,11.294,10.951666666666666,0,16,9,11.533646229888587,10.88415819401723,65.71428571428568,0.4540368376426933,0.46618677030853056,12.088518059812673,10.499481940187328,0.020454574496969795,0.018888410291075935,0.02447250214913076,-24127784.0,1.9030404423487781,0.0,0.0,-1,0.0,0,50.31428571428571,0.04657082979793306,0.04594820384294059,-0.6409217755366351,0.3149197453075698,0.29984421774924036,0.08460846084608464,0.1157407407407407,1.5366250744171217,0.04647302904564319,0.0
2024-09-17,12.33,12.05,-0.039092925791277544,-0.018842008615682398,-0.005417808626250842,0.3102039218802933,0.022970657239588847,11.527000000000001,11.373000000000001,11.049000000000001,1,17,9,11.6784378244543,10.977438310532248,70.94017094017092,0.4887494310041234,0.4706993024476492,12.249718763044203,10.496281236955799,0.021278241536538654,0.0191159597245308,0.023629883405175856,-23470910.0,2.183140227721463,0.0,0.0,-1,0.0,0,54.62857142857143,0.07082026398063515,-0.0008298755186723288,0.018090124796231687,0.2873159988738111,0.30345645302061164,0.10781671159029638,0.14697674418604656,1.0571368336944202,0.03163017031630175,0.0
2024-09-18,12.35,12.33,0.02865525576037615,0.031470432163861674,0.025171537362483305,-0.04417051115169586,0.0016207458977333445,11.623000000000001,11.4655,11.120666666666667,2,18,9,11.800540038189881,11.065990677594684,73.68421052631575,0.5119715547943713,0.4789537529169936,12.344769433588008,10.586230566411993,0.01853872943970024,0.017804432475923452,0.018987079648123278,-22842419.0,2.011897528134573,0.0,0.0,-1,0.0,0,55.17142857142858,0.0640753727080343,0.0048661800486618405,-0.05311934475467304,0.29500081438723963,0.2826366033956127,0.10564010743061769,0.17619047619047623,0.9553151847996895,0.03886639676113364,0.0
2024-09-19,12.66,12.35,0.017600454335777074,-0.0023557136924590365,-0.004083304979370768,-0.2038141892240718,0.02479135364204392,11.761,11.556000000000001,11.210333333333333,3,19,9,11.956805485791719,11.168829988717608,75.20661157024792,0.5490604374813817,0.49297508982987126,12.535417657268079,10.576582342731923,0.018054803365577365,0.017282656241790022,0.0184528523681766,-22329813.0,2.2544008509697946,0.0,0.0,-1,0.0,0,63.80000000000001,0.05969733469792347,0.02105263157894735,-0.4090167835382249,0.16955344252624105,0.27435366246236753,0.08020477815699656,0.16682027649769582,-0.6639560517644995,0.03949447077409163,0.0
2024-09-20,12.5,12.66,-0.003177127374672013,-0.0023612761856799313,0.009772064733792522,0.9198730289413634,-0.012718772407774671,11.899,11.636,11.280000000000001,4,20,9,12.055568124738679,11.254711924929376,67.09956709956705,0.5590980471366596,0.5061996812912289,12.650555126773911,10.621444873226087,0.01781300955042227,0.017874828021305526,0.017523851080933878,-23615927.0,1.7032095688035276,0.0,0.0,-1,0.0,0,61.2,0.062028445474183604,-0.007109004739336481,2.4432726363089023,0.24970747205230467,0.28375409803453905,0.044277360066833804,0.14678899082568808,-0.3098868254517854,0.027999999999999973,0.0
2024-09-23,12.47,12.5,-0.0007958615621034533,-0.002366865010266168,-0.004060094899298349,-1.0387732867811772,-0.002402884616310315,12.035,11.7045,11.354000000000001,0,23,9,12.130919374786192,11.333117607191998,67.09956709956711,0.5581976211157347,0.5165992692561301,12.751168398702365,10.657831601297634,0.017938766024912536,0.017784722616787048,0.01712721235185178,-24071068.0,1.462736432950588,0.0,0.0,-1,0.0,0,63.85714285714287,0.06946871388595173,0.0048000000000000395,-0.6233034766497039,0.2625563320072192,0.28232371908170645,0.03485477178423246,0.1234234234234235,0.15682974788660084,0.0296712109061749,0.0
2024-09-24,13.05,12.47,0.0,0.044795133792832016,0.016942720730312135,1.1433668578664344,0.04546237407675741,12.227,11.7875,11.446,1,24,9,12.298024943006883,11.443884213179611,81.9230769230769,0.597398738949872,0.5327591631948785,12.981993947022652,10.593006052977348,0.020561659492404624,0.019501171517434402,0.01859162201444943,-22643148.0,2.1138658812744233,0.0,0.0,-1,0.0,0,66.42857142857143,0.018060381289181276,0.007217321571772242,2.842258514038101,0.3793432743627461,0.3095715006572851,0.05839416058394176,0.1457418788410887,0.8172709536562255,0.05670498084291189,0.0
2024-09-25,13.05,13.05,0.04438252727465233,-0.006820791885088565,0.034980968895245594,-0.744237034443559,0.0,12.415000000000001,11.872499999999999,11.533333333333333,2,25,9,12.434747680641994,11.547504586522862,85.54216867469881,0.6213039026210634,0.5504681110801155,13.173137495513991,10.571862504486006,0.02083659338092062,0.01941713348197296,0.01861904497628699,-22643148.0,1.810650552611773,0.0,0.0,-1,0.0,0,65.74285714285715,0.008868069476884621,0.006130268199233722,0.15387442832238551,0.3822057722168167,0.3082374382022767,0.05668016194331993,0.14977973568281944,0.8493556432120143,0.015708812260536404,0.0
2024-09-26,13.13,13.05,0.006074430219529086,0.018832948333092178,0.0034702174790071237,-0.08897621339270376,0.006111554546002366,12.556000000000001,11.9655,11.624,3,26,9,12.56115719325254,11.64960106481171,91.70124481327804,0.6393343994845768,0.5682413687610077,13.348151533524614,10.582848466475387,0.017329778411926493,0.019130388882347877,0.018534024593089067,-22022502.0,1.6844446655788856,0.0,0.0,-1,0.0,0,70.74285714285713,0.012728811636923094,0.012260536398467444,-0.06008676063032794,0.36230668786653736,0.3036855087998842,0.03712480252764627,0.16503992901508435,1.7411984814506078,0.031226199543031234,0.0
2024-09-27,13.24,13.13,-0.007598820758625583,-0.006739074549845407,0.0030745604542456104,0.28711999999732885,0.008342862194157188,12.683000000000002,12.0555,11.715333333333335,4,27,9,12.684583158115714,11.752207447727084,92.43027888446217,0.6549499238137155,0.5855830797715493,13.525687599916228,10.585312400083772,0.016999045637299842,0.019055322018739596,0.01853373346359922,-21195439.0,1.6113589858430226,0.0,0.0,-1,0.0,0,67.31428571428572,0.01028770437677504,-0.001523229246001626,0.7045522124475355,0.3164572053742601,0.3024938592830295,0.05919999999999992,0.1573426573426575,1.9701063218734054,0.02114803625377652,0.0
2024-09-30,13.45,13.24,0.01438873745209967,0.02668801832883788,0.008406621919710765,0.30383414405234704,0.015736555538985966,12.823000000000002,12.142500000000002,11.803666666666667,0,30,9,12.823749856640129,11.86174245109953,92.96296296296298,0.676472628928412,0.6037609896029219,13.728011705545288,10.556988294454715,0.01703205855212681,0.01878787650339581,0.01818747571621309,-20074732.0,1.6493098038028358,0.0,0.0,-1,0.0,0,73.6857142857143,0.004628866398639537,0.004531722054380702,1.5619216241534164,0.2906100483266558,0.2982482933458745,0.07858861267040895,0.14859094790777094,1.726026371907831,0.0394052044609665,0.0
2024-10-01,13.43,13.45,0.012700955194564606,-0.014367533940797308,-0.01688451470200872,-0.5514946263752244,-0.0014880955127018446,12.932999999999998,12.23,11.893,1,1,10,12.933977155432832,11.962920357480208,92.16417910447764,0.6840306157968659,0.6198149148417107,13.898999069723201,10.5610009302768,0.01688127877563589,0.018760251437857218,0.018124148664085484,-20720358.0,1.437987619967956,0.0,0.0,-1,0.0,0,70.31428571428572,0.0029066017565012475,0.0014869888475837435,-0.07867517712757097,0.1107568694361777,0.29780975902567264,0.029118773946360088,0.14982876712328763,0.5733014231183835,0.041325390915859996,0.0
2024-10-02,13.2,13.43,-0.009697949934795046,-0.003345106259914614,-0.01324522675002068,0.15383952694134986,-0.017274180942821096,13.018,12.320500000000001,11.983,2,2,10,12.982344945354134,12.042731947320195,81.35593220338984,0.6638093164397088,0.6286137951613103,13.994002158255043,10.646997841744959,0.01869884633243353,0.018137485325675603,0.017795818661921595,-21473354.0,1.0510891732784522,0.0,0.0,-1,0.0,0,70.57142857142857,-0.02599571711623886,-0.006701414743112424,0.24754838107640426,0.1987807423506777,0.287923653478926,0.011494252873563093,0.15891132572431954,-0.9988186241281893,0.05151515151515149,0.0
2024-10-03,13.04,13.2,-0.0007499062968603498,0.005191267474395276,0.0,0.2159474308218348,-0.012195273093818243,13.056000000000001,12.4085,12.056000000000001,3,3,10,12.992827682562472,12.107071821686636,73.56828193832598,0.6276381067845023,0.6284186574859487,14.036094608778976,10.780905391221024,0.018360015555749135,0.01826842903424898,0.01747986478408147,-22407850.0,0.7759917569077615,0.0,0.0,-1,0.0,0,69.42857142857143,-0.02909105136803451,0.009848484848484908,0.7901672098033754,0.21820240671451857,0.29000232041072804,-0.006854531607006997,0.15602836879432624,0.1166945847604612,0.05750766871165646,0.0
2024-10-04,13.07,13.04,-0.00904301565638328,-0.019439727500679224,0.011696039763191236,-0.23413043219502824,0.0022979711376237273,13.113,12.506,12.128333333333334,4,4,10,13.00685901300566,12.1691962202875,72.97297297297298,0.5945394313362993,0.6216428122560189,14.039505100981707,10.972494899018294,0.017524959441262932,0.017601528484552386,0.017492607561614023,-21668422.0,0.7355697736368049,0.0,0.0,-1,0.0,0,71.4,-0.03608691238392058,0.013036809815951051,0.0560904943611058,0.20509489462032357,0.2794156023884713,-0.012839879154078582,0.17535971223021596,0.4465769179847585,0.026013771996939546,0.0
2024-10-07,12.84,13.07,-0.019878330388687318,-0.0037835837796390288,-0.013265898798311257,0.2768312892496466,-0.01775422937431549,13.15,12.5925,12.186333333333332,0,7,10,12.976521010640992,12.212473883494757,61.75115207373271,0.5434844641750445,0.606011142639824,13.982946728667889,11.20205327133211,0.018811628249020537,0.018434953593066745,0.01786015879083462,-22643686.0,0.35600069372972915,0.0,0.0,-1,0.0,0,70.82857142857144,-0.03145333944209021,-0.009181331293037566,0.8220706073062353,0.14497730909339965,0.2926458158296274,-0.04535315985130106,0.15571557155715565,0.47652905649887056,0.03582554517133949,0.0
2024-10-08,12.4,12.84,-0.010089336653022687,-0.028452515236699203,-0.02990057312874172,-0.5509626111491854,-0.034868825650823936,13.084999999999999,12.656,12.22,1,8,10,12.871699008706265,12.22457234262413,50.96525096525099,0.4621908635310401,0.5772470868180672,13.870030260613092,11.44196973938691,0.015061821309624348,0.02064540845010695,0.018778945386040698,-23205823.0,-0.4217357809033838,0.0,0.0,-1,0.0,0,71.17142857142856,-0.05563575575779081,-0.0015576323987538609,-0.6499676151281757,0.20807287548669953,0.3277356988460066,-0.07669396872673118,0.114106019766397,-0.07480840834169485,0.037499999999999985,0.0
2024-10-09,12.64,12.4,-0.03654099946297936,-0.004691173575880166,-0.002025522264320485,-0.09647445265831707,0.019169916107720123,13.044,12.7295,12.263,2,9,10,12.829571916214217,12.251374126970962,49.603174603174615,0.4123774628722785,0.5442731620289095,13.72262319689483,11.73637680310517,0.016905461733986812,0.020863747073743177,0.018968432854433125,-22695384.0,-0.18023947135629573,0.0,0.0,-1,0.0,0,71.14285714285715,-0.04438079381169356,-0.003225806451612978,-0.8858318603783123,0.3226475219369123,0.33120171704445617,-0.042424242424242364,0.13160250671441376,0.23795301401078298,0.034018987341772125,0.0
2024-10-10,12.52,12.64,0.007255170881171795,-0.012793082378723555,0.0036429912785010087,-0.25183624420090917,-0.009539023046758948,12.983,12.7695,12.304666666666666,3,10,10,12.773286113266177,12.268704828456707,50.4032258064516,0.35907776192456,0.5072340820080397,13.649415665815452,11.88958433418455,0.016682493181381042,0.018519162456963285,0.019021688187599115,-23092185.0,-0.5670998021583805,0.0,0.0,-1,0.0,0,70.28571428571429,-0.047978931681590536,-0.015031645569620354,-1.2002779527089682,0.32130878127476453,0.29398259010197253,-0.039877300613496924,0.06825938566552892,0.11348649923203662,0.017795527156549477,0.0
2024-10-11,12.92,12.52,0.006405145997260215,0.030657635144587914,0.012447460453222795,0.28322850683783823,0.031449132682503295,12.950999999999999,12.817000000000002,12.354000000000001,4,11,10,12.7999613653996,12.310723871782082,57.894736842105246,0.3451355146074082,0.47481436852791337,13.613838489875743,12.020161510124261,0.02004862626448894,0.019197920577615553,0.01961027077942816,-22565468.0,0.2585216485113812,0.0,0.0,-1,0.0,0,71.65714285714286,-0.032069494947997455,0.0007987220447284176,-0.7456836568393491,0.43104565509012527,0.3047575412276414,-0.011476664116296886,0.0793650793650793,0.23205906545534527,0.0356037151702787,0.0
2024-10-14,12.98,12.92,0.03374192201615178,0.008432399524597609,0.013476224556568555,-0.1471597049627189,0.0046332129214881985,12.904,12.863499999999998,12.396333333333335,0,14,10,12.832695662599672,12.353902976828401,48.497854077253216,0.33506525799587905,0.4468645464215065,13.575953876623512,12.151046123376485,0.019218553430532467,0.019188330478539684,0.019267562522005666,-22110829.0,0.32703871456808675,0.0,0.0,-1,0.0,0,74.22857142857143,-0.03722350379777548,0.0030959752321982137,-0.9917611775748681,0.40872053874942893,0.3046053031244221,0.010903426791277315,0.07717842323651447,-0.5027589141533099,0.03081664098613254,0.0
2024-10-15,13.14,12.98,0.0007713074042238268,0.02264247674975997,0.010963304797269594,0.3232084287606168,0.012251301780520585,12.875,12.904,12.445,1,15,10,12.88856917849064,12.404618913807214,51.807228915662655,0.3361205810723664,0.4247157533516785,13.579913417065015,12.228086582934985,0.019855961968708837,0.018759921564161217,0.0192946811879065,-21482721.0,0.6983142930488692,0.0,0.0,-1,0.0,0,71.14285714285715,-0.036464450243220876,-0.0007704160246532963,-0.3737623588669562,0.24694301708577804,0.2978045224430906,0.059677419354838834,0.06569343065693434,-0.14198153822782192,0.042617960426179644,0.0
2024-10-16,13.41,13.14,0.02362014571993512,0.006693963262798815,0.02689366846740804,0.009808325892971056,0.020339684237122565,12.896,12.956999999999999,12.512333333333334,2,16,10,12.98337478240143,12.46948220969062,55.22388059701491,0.3546554287126611,0.410703688423875,13.61602958962408,12.297970410375918,0.02023818127453559,0.01914149895005387,0.01871767537489918,-20848422.0,1.3747485913596034,0.0,0.0,-1,0.0,0,69.02857142857142,-0.03920687942596196,0.010654490106544809,-0.35310994038828736,0.24938909827044733,0.30386187565707906,0.06091772151898733,0.08582995951417005,-0.18791827845768563,0.0223713646532439,0.0
2024-10-17,13.4,13.41,0.010486987495248071,0.00959063050170162,0.013554424384628517,-0.3456111565527374,-0.0007459903367214449,12.931999999999999,12.994,12.583,3,17,10,13.059124821964804,12.529515615517033,53.10077519379845,0.3643376548842596,0.40143048171595197,13.665789440696757,12.322210559303242,0.019683070467868397,0.0185257138356814,0.018536615821991145,-21297371.0,1.2087120618594733,0.0,0.0,-1,0.0,0,68.57142857142857,-0.039876631340525846,0.0007457121551081124,-0.9849325895084071,0.20583102135240172,0.2940865900149689,0.07028753993610226,0.05845181674565558,0.4872473232275661,0.018656716417910446,0.0
2024-10-18,13.5,13.4,-0.0007454342499485086,0.008408018825870889,-0.0037467260016086166,0.20560379506053134,0.0074349784875179905,12.975,13.044,12.662333333333333,4,18,10,13.13928394524393,12.592127511290128,51.01214574898787,0.3757486565299928,0.39629411667876013,13.709808570560385,12.378191429439616,0.01973317814122139,0.018174221407098522,0.018144134189051198,-20745942.0,1.3697630825514968,0.0,0.0,-1,0.0,0,72.42857142857143,-0.038952823912055665,0.000746268656716402,-0.5560531429642694,0.12813739587026457,0.2885068206924544,0.04489164086687314,0.08000000000000007,0.5422348017080246,0.030740740740740676,0.0
2024-10-21,13.2,13.5,0.00520640819057375,-0.016147139818826133,-0.019712541263958022,-0.3709349333026085,-0.02247285585205863,13.011000000000001,13.0805,12.732,0,21,10,13.150323227926851,12.631345091206894,45.81818181818181,0.35647524008115106,0.38833034135923833,13.69160684740678,12.469393152593222,0.020325719387538656,0.019061111952788395,0.018853562960824778,-21126477.0,0.3910936377397655,0.0,0.0,-1,0.0,0,69.8,-0.04292733314505977,-0.00148148148148145,-1.186301738363345,0.25889328909238635,0.302585771636633,0.016949152542372836,0.05854049719326371,-1.0861316551444686,0.03446969696969698,0.0
2024-10-22,13.3,13.2,-0.02250657640979986,-0.0011104942840271764,0.004583659667657893,0.11729033294722606,0.007547205635383124,13.100999999999999,13.093,12.804333333333334,1,22,10,13.177537186485605,12.674484117580644,51.90839694656491,0.3452897971074851,0.3797222325088877,13.7116606926512,12.4743393073488,0.015559509665781944,0.016151661169222817,0.01883939458070545,-20698586.0,0.6691874963412515,0.0,0.0,-1,0.0,0,70.37142857142858,-0.04103611712364816,-0.0015151515151514828,-1.0538304261394809,0.2507267850480545,0.25639967228605387,0.0121765601217656,0.019157088122605304,-0.9605772637743738,0.02857142857142863,0.0
2024-10-23,13.19,13.3,0.0030303053491790633,-0.01042451733588409,-0.010728072239999,-0.2180349908143019,-0.008305068498484957,13.156,13.1,12.871666666666668,2,23,10,13.179803152579131,12.70774320676899,52.91828793774319,0.32381641817247697,0.3685410696416056,13.719779247627377,12.480220752372622,0.015602172176697153,0.016285911664815626,0.019018047192657202,-21042652.0,0.29042598746097253,0.0,0.0,-1,0.0,0,63.2,-0.0587938772648674,-0.006015037593984967,-1.318755080831429,0.19817434061117145,0.2585308328344083,-0.01640566741237892,0.010727969348658828,-0.9552373247855243,0.028809704321455572,0.0
2024-10-24,13.33,13.19,-0.0030303053491790963,0.005225842426646483,0.00614441257234099,0.14026753146985352,0.01055816746139412,13.237,13.11,12.925333333333333,3,24,10,13.207111670292015,12.74788880633228,54.8507462686567,0.3144704213638807,0.35772693998606064,13.738213842237682,12.481786157762317,0.014895596486659292,0.01639567199648997,0.017190563255820367,-20646776.0,0.7003984478163233,0.0,0.0,-1,0.0,0,62.94285714285714,-0.059489106277090364,-0.0007581501137225009,-0.993528761788879,0.22214222683269655,0.26027322408299003,-0.0052238805970149516,0.015232292460015229,-1.0969345990291646,0.027756939234808643,0.0
2024-10-25,13.32,13.33,0.02398915637002258,0.01990482229893304,0.009328482730903405,0.11806703488374885,-0.0007504690783742176,13.277000000000001,13.114,12.970333333333334,4,25,10,13.227636821148012,12.784799205923747,59.756097560975604,0.30276662988861247,0.34673487796657104,13.746701808870066,12.481298191129936,0.01196100289906649,0.016302879182307155,0.0169129768548593,-21092263.0,0.6511756315914207,0.0,0.0,-1,0.0,0,58.74285714285715,-0.05894480914532804,0.012753188297074263,-0.6886478272069477,0.2098151098622345,0.25880018382430064,-0.013333333333333308,0.0060422960725075026,-0.7846141418067917,0.03885885885885885,0.0
2024-10-28,13.47,13.32,-0.004454350349380309,-0.0014609206396747599,0.016372100377677334,-0.13269317538487602,0.011198325310029535,13.325999999999999,13.115,13.017666666666667,0,28,10,13.271702853666556,12.829005708767378,74.65437788018428,0.30211247269415864,0.3378103969120886,13.74999689182835,12.480003108171651,0.012234707150031533,0.0161049425587154,0.016961349284306905,-20702135.0,1.118115709126852,0.0,0.0,-1,0.0,0,60.85714285714287,-0.05691549521049745,0.00900900900900895,-0.9264537187494271,0.13337304399505429,0.2556580373360472,0.020454545454545503,0.0014869888475836923,-0.9201816412773167,0.020786933927245684,0.0
2024-10-29,13.57,13.47,-0.006718950248744981,-0.0036616664859630385,-0.011257154524634447,-0.15410411499800722,0.007396483424505173,13.369,13.122,13.059,1,29,10,13.325938698454454,12.876811792072708,72.90640394088663,0.3061342871692254,0.331475174963516,13.774464155095355,12.469535844904645,0.01194906393253885,0.016178971616677872,0.016579802673823814,-20367724.0,1.3732555160352902,0.0,0.0,-1,0.0,0,60.057142857142864,-0.06150000739637432,-0.008908685968819673,-1.1161241735636616,0.13312686056728765,0.25683321219901367,0.020300751879699153,0.01042442293373047,-0.9109397394569755,0.02800294767870308,0.0
2024-10-30,13.61,13.57,0.005229746697277123,0.015289704481082286,0.012748579111304472,0.33670630952061237,0.0029433428165969323,13.389,13.142499999999998,13.101,2,30,10,13.37758620782637,12.924114257100277,77.9487179487179,0.30898745478166667,0.32697763092714616,13.830100710326994,12.454899289673003,0.010308107245149937,0.01563202630680952,0.016576855966878936,-19899439.0,1.3598008058417406,0.0,0.0,-1,0.0,0,57.2,-0.06541868126359918,-0.011053795136330166,-0.3297439817084447,0.0814997715691375,0.24815072457502474,0.03184230477634564,0.03106060606060601,-0.566767481923879,0.030859662013225566,0.0
2024-10-31,13.28,13.61,0.005943553900848137,-0.015289704481082148,-0.011240283199419656,0.019809536086642023,-0.02454567261508697,13.376999999999999,13.154499999999999,13.121666666666666,3,31,10,13.359843260948848,12.947074627609938,59.57446808510635,0.2813768316315084,0.31785747106801865,13.842945235371229,12.466054764628769,0.013167028339759815,0.016409915603581345,0.016793680501460653,-20377093.0,0.3645896392392853,0.0,0.0,-1,0.0,0,40.45714285714286,-0.0545590674007749,-0.008082292432035227,-0.17755909430300687,0.22122444206155625,0.2604993343358078,-0.0037509377344336903,0.01840490797546024,-1.6662363477277995,0.02710843373493985,0.0
2024-11-01,13.48,13.28,-0.011922644956906146,-0.01069528911674803,-0.011368064828173216,0.1785778922868564,0.014947961435873366,13.375,13.175,13.154333333333334,4,1,11,13.38168994077633,12.98145690969962,62.37623762376236,0.2724924194012548,0.3087844607346659,13.877132091336307,12.472867908663694,0.013897040210737946,0.016706824449524593,0.016737773482708284,-19806050.0,0.8687823951174779,0.0,0.0,-1,0.0,0,50.48571428571429,-0.05554515477792235,0.0045180722891566645,0.5248157003341375,0.24775925191614,0.2652126161463339,0.012012012012011963,0.03136954858454466,-1.7896876893935862,0.027077151335311588,0.0
2024-11-04,13.68,13.48,0.010440064996683422,0.050607111669121504,0.027069321968218124,0.6661496571296363,0.014727806710243386,13.423000000000002,13.216999999999999,13.194666666666668,0,4,11,13.435928133362452,13.026524205848032,63.10679611650482,0.27838078680602507,0.3027037259489378,13.935070514056925,12.498929485943073,0.012163766312017975,0.016306612853765844,0.01685374446136066,-18694385.0,1.2895669462436548,0.0,0.0,-1,0.0,0,42.42857142857143,-0.04621680372140105,0.0,3.628156227769753,0.25686753251781835,0.25885945402124216,0.015590200445434244,0.06542056074766345,-1.7083675812654835,0.05153508771929825,0.0
2024-11-05,13.5,13.68,0.013996545251697122,-0.03698141752495655,-0.009690720637902467,-0.01960046452078175,-0.013245226750020567,13.443000000000001,13.272,13.209666666666667,1,5,11,13.447577563660188,13.057071031277193,52.28426395939085,0.2654627750940257,0.2952555357779554,13.88781268512266,12.656187314877341,0.013146698652216125,0.014307568270986563,0.014987148517149392,-19784473.0,0.7404849088309586,0.0,0.0,-1,0.0,0,43.54285714285715,-0.040276382494570336,-0.0007309941520467681,2.6323961705827466,0.27638432142112307,0.22712560506665302,-0.005158437730287457,0.08870967741935476,-0.5135110650685148,0.023703703703703723,0.0
2024-11-06,14.08,13.5,0.04784918443561608,0.05479848272882192,0.036046565343264884,0.33711928821945847,0.04206566528551249,13.532,13.344,13.244,2,6,11,13.562563461176516,13.123066448614148,63.38582677165352,0.2985844152046333,0.295921311663291,13.984900682017587,12.703099317982412,0.017979565745614615,0.016427023481767538,0.01680681331659319,-18257362.0,2.2967677228335437,0.0,0.0,-1,0.0,0,44.0,-0.04205406448985818,0.062222222222222213,3.071798116196196,0.42017877424646327,0.2607709134826517,0.03453343130051434,0.11392405063291133,0.1809277028765569,0.04261363636363634,0.0
2024-11-07,13.96,14.08,-0.015460603106378378,-0.01781706520386547,0.002886004889135073,-0.8235971061187517,-0.008559253395669836,13.594999999999999,13.416,13.271666666666667,3,7,11,13.634824650053513,13.177062161606784,58.98437500000001,0.3115590971693045,0.2990488687644937,13.986849782065557,12.845150217934444,0.01852622377247393,0.016381639328594173,0.016915404476869463,-18927535.0,1.9059304815063502,0.0,0.0,-1,0.0,0,59.05714285714286,-0.05315752348748076,0.0028409090909090303,0.24938948632382005,0.35626325882711773,0.26005046238609175,0.051204819277108626,0.11501597444089473,0.5845867609032623,0.021848137535816596,0.0
2024-11-08,13.97,13.96,-0.013547444273381674,0.0003524229111365053,0.001295989813477131,-0.03270427643267307,0.0007160759346440892,13.66,13.4685,13.296,4,8,11,13.695765622771056,13.228219441503121,66.9603524229075,0.3189716360627699,0.303033422224149,14.040413685059185,12.896586314940816,0.018483324652511634,0.015180786466090489,0.01687644727173171,-18278925.0,1.7537611464852496,0.0,0.0,-1,0.0,0,59.42857142857144,-0.05176112239582266,-0.0021489971346705682,0.15902620582632843,0.3585721152360392,0.24098751417390304,0.03635014836795247,0.08126934984520129,1.177411362493099,0.02090193271295632,0.0
2024-11-11,14.08,13.97,0.017082265910874684,0.011212451033678805,0.0037273948907640487,0.5744475349386493,0.007843177461025879,13.721,13.523499999999999,13.317,0,11,11,13.765626418630864,13.283173025922276,67.10526315789473,0.32991910515522704,0.3084105588103646,14.109019112906681,12.937980887093316,0.01838514562076211,0.015204900618944977,0.016711256903610226,-17126897.0,1.900877316326629,0.0,0.0,-1,0.0,0,66.6,-0.049124711331332324,0.014316392269148123,1.580967793836894,0.3527947326512599,0.24137031448308288,0.029239766081871288,0.0847457627118644,1.5342046438880075,0.028416193181818192,0.0
2024-11-12,12.23,14.08,-0.012784265025199262,-0.025407153528240235,-0.17161909919273174,0.7197952342155781,-0.14086340103081532,13.587,13.478,13.277,1,12,11,13.486421615243433,13.21522637908858,38.059701492537314,0.1871580726190576,0.2841600615721032,14.287563885194125,12.668436114805875,0.04666436480074389,0.03377526410629956,0.029495514190214858,-19493177.0,-3.083141485988449,0.0,0.0,-1,0.0,0,66.71428571428571,-0.09370667002232996,-0.0063920454545454445,3.245020676144006,1.0554842680546255,0.5361656957447692,-0.09407407407407409,-0.06925418569254183,-1.7351429364044746,0.1831561733442355,0.0
2024-11-13,12.1,12.23,-0.11181446419857011,-0.10782562763733713,0.011087244885982455,-0.5331598942346093,-0.010686497096385595,13.436000000000002,13.4125,13.240333333333332,2,13,11,13.234344957926446,13.143276290115125,34.66334164588527,0.06280503490417999,0.23988905623851858,14.43040031566537,12.39459968433463,0.046465767023266075,0.033347947982082175,0.029409436402394153,-20881587.0,-2.578837986000738,80000.0,964000.0,1,0.0,0,66.31428571428572,-0.10014678923501738,0.022894521668029383,1.192132282976082,0.9216043652727366,0.5293822625694461,-0.140625,-0.09768829231916487,-2.144229940928983,0.056115702479338864,0.0
2024-11-14,12.12,12.1,-0.034977131972150854,-0.01848184386379977,-0.00599385526687943,0.08886022488898813,0.0016515280384729392,13.319999999999999,13.348500000000001,13.209666666666665,3,14,11,13.031736783758,13.077258464946407,35.07462686567163,-0.033742844045132614,0.18516267618178836,14.51919974576615,12.177800254233853,0.046345331298301116,0.03336669562643969,0.029360755826825354,-19364155.0,-2.098744796764309,100000.0,1217000.0,1,0.0,0,60.31428571428573,-0.09176107044446886,-0.001652892561983436,1.285257586697181,0.9381079926090893,0.5296798721972756,-0.13180515759312328,-0.09552238805970159,-2.1664009495168406,0.042904290429042875,0.0
2024-11-15,12.16,12.12,0.02533850313438213,0.02166149678117925,0.014291962478032456,0.04863851804290898,0.0032948958968527058,13.187999999999999,13.2815,13.179333333333334,4,15,11,12.87323918671109,13.018080499465995,33.24808184143221,-0.10581035212171486,0.12696807052108772,14.56375582470897,11.999244175291029,0.04583992909229401,0.0333014636678254,0.029366363654195784,-17771093.0,-1.7492609171879439,80156.0,974696.96,1,0.0,0,51.2,-0.09819151313950278,0.02227722772277239,1.2750546363503605,0.9429726057287176,0.5286443469571134,-0.129563350035791,-0.09925925925925927,-2.164140993828371,0.050986842105263094,0.0
2024-11-18,12.34,12.16,-0.023684243038355698,-0.004693537115519551,0.009553551374687358,-0.7422207385740688,0.014694141939220784,13.053999999999998,13.238499999999998,13.162666666666667,0,18,11,12.776286607309073,12.974333370468191,34.586466165413526,-0.1467087091375916,0.07223271458935186,14.588170915055759,11.888829084944238,0.0458379368841444,0.03330221741645384,0.029367203095617696,-17012707.0,-1.3314356706914412,0.0,0.0,-1,0.0,0,50.285714285714285,-0.09786612956180527,-0.00493421052631583,-0.22403098782968126,0.9597126502434176,0.5286563123456447,-0.12357954545454541,-0.06515151515151507,-2.1131592849466965,0.03614262560777956,0.0
2024-11-19,13.27,12.34,0.01720648759366688,0.06774285470162308,0.006181762937445136,0.7810415128743641,0.07265982986687446,13.031,13.237,13.191666666666666,1,19,11,12.866052678707423,12.993408636889598,46.51639344262295,-0.1028916531342201,0.037207841044637466,14.586449790411702,11.887550209588298,0.052987316600787156,0.03758751813810762,0.03179042050566345,-15356585.0,0.04890882229850362,0.0,0.0,-1,0.0,0,49.51428571428572,-0.09998652730433706,-0.0024311183144245835,1.2366512525184066,0.5382032042402317,0.5966833523613739,0.08503679476696635,-0.0022556390977443996,1.8489430319638105,0.09419743782969103,0.0
2024-11-20,13.42,13.27,0.08260145091748962,0.005202538676128735,0.06366509132891686,0.15474862810814843,0.01124028319941954,12.965,13.248500000000002,13.217666666666666,2,20,11,12.96677037348789,13.020930660316075,51.48936170212766,-0.05542368443489032,0.018681535948731908,14.600181603742104,11.896818396257899,0.05101864597542469,0.03759943246753372,0.031679417576200394,-13423287.0,0.2537579849059188,0.0,0.0,-1,0.317901,1,49.51428571428572,-0.09221149403712,0.007535795026375256,1.522519654232348,0.4876811885876369,0.5968724864775713,0.10909090909090913,0.01743745261561802,2.0624028467972817,0.03874813710879282,0.317901
2024-11-21,12.97,13.42,0.019993261301464383,0.011057982195651479,-0.0007713074042238699,-1.1230389920999178,-0.03410713321518319,12.866,13.230500000000001,13.232666666666667,3,21,11,12.967357578308274,13.017644811263425,44.84848484848486,-0.05349950742618681,0.004245327273748165,14.58719063300529,11.873809366994712,0.0518947859297688,0.0383293487102409,0.0322915018421277,-14052169.0,-0.3840227000358227,0.0,0.0,-1,0.0,0,56.60000000000001,-0.09614651521853926,0.01639344262295087,-0.6955005688291273,0.6223033607276485,0.6084595476142305,0.07013201320132034,-0.027006751687921993,0.8152587448076406,0.052428681572860424,-0.317901
2024-11-22,13.13,12.97,-0.0635614814897445,-0.026747508367028338,-0.03214702534633571,0.4435772987738247,0.012260689986352385,12.782,13.221,13.239666666666666,4,22,11,12.996928927706769,13.0248935331174,44.39918533604889,-0.038618747576904866,-0.004327487696382441,14.577712745456566,11.864287254543434,0.05219245984496068,0.03843884202633619,0.03185365705381021,-13072200.0,-0.13414777786196092,50000.0,640500.0,1,0.0,0,60.71428571428572,-0.09410493680486326,-0.013107170393215106,-0.14604660534663408,0.6155587090821587,0.610197700121902,0.07976973684210531,-0.014264264264264193,0.6184441141974755,0.05559786747905549,0.0
2024-11-25,13.11,13.13,0.015504186535965254,-0.0030165935394255677,0.017722502677105477,0.5813781033150187,-0.0015243905390965001,12.684999999999999,13.203,13.244,0,25,11,13.017487304487357,13.030384272916278,45.89473684210526,-0.02811537450322632,-0.009085065057751217,14.555348444665633,11.850651555334366,0.0520213884882427,0.038348225992320455,0.03184957319576124,-14824876.0,-0.1375385173352924,0.0,0.0,-1,0.0,0,62.88571428571429,-0.09434248571877847,-0.00990099009900996,1.0972842649730543,0.6284282496257759,0.6087592151770983,0.06239870340356557,-0.026726057906458878,0.9583262112432945,0.03551487414187645,0.0
2024-11-26,12.87,13.11,0.008425940314071796,-0.009867252733253735,0.005511462306948456,-0.8658024595030128,-0.018476276167573233,12.748999999999999,13.168000000000001,13.235000000000001,1,26,11,12.9906714309442,13.020036900470068,36.28117913832198,-0.03871113207224752,-0.015010278460650478,14.516583662490737,11.819416337509265,0.028804718096357387,0.03849545090280137,0.03195967125355918,-15562251.0,-0.44194514332113083,0.0,0.0,-1,0.0,0,65.91428571428573,-0.10283348650514468,0.0,-0.7623083975814857,0.3140109666677949,0.6110963381766559,-0.03014318010550121,-0.05158437730287402,-0.6222599295959415,0.020590520590520498,0.0
2024-11-27,12.6,12.87,-0.01614798640798199,-0.0007630675685026116,-0.030431117202539812,-0.1441785297730246,-0.021202207650602937,12.799,13.117500000000001,13.208,2,27,11,12.919640261681618,12.992937745601031,35.0877192982456,-0.06810996057136798,-0.025630214882793982,14.47202263877259,11.762977361227414,0.02962204728812685,0.038707822225103966,0.03193045505730225,-16200621.0,-0.7641068302393811,0.0,0.0,-1,0.0,0,64.4,-0.10670151938148618,0.0023310023310024195,-0.9782897689191268,0.28455170552286524,0.6144676284031435,-0.06110283159463492,-0.07421013960323286,0.44503994227849963,0.050793650793650696,0.0
2024-11-29,12.8,12.6,-0.008563695776875213,-0.018879389489253016,0.011966636617520962,-0.663188623153609,0.01574835696813933,12.866999999999999,13.0935,13.187999999999999,4,29,11,12.897887486830415,12.980490149110643,37.684210526315795,-0.07441263292171918,-0.03538669849057902,14.45290040962341,11.73409959037659,0.02981397986085009,0.03859386200108146,0.03208882427070075,-15871729.0,-0.4318080205394483,0.0,0.0,-1,0.0,0,65.0,-0.10178267440263451,0.01507936507936504,-1.5137468965624197,0.26916015977462315,0.612658565930443,-0.013107170393215073,-0.036144578313252906,-0.06170827887307186,0.019140625000000078,0.0
2024-12-02,12.89,12.8,0.002342835901772667,0.018879389489252944,0.00793040601177898,0.6941485276757008,0.007006646025524582,12.940000000000001,13.064000000000002,13.167666666666666,0,2,12,12.896453398315794,12.974652074974474,37.42071881606766,-0.07132312968712995,-0.042573984729889214,14.413657266435518,11.714342733564486,0.029801675884282324,0.03845846060825661,0.03208499468778669,-15213286.0,-0.2578432381719254,0.0,0.0,-1,0.0,0,65.31428571428572,-0.10544263641855164,0.0015624999999999667,-0.9238613551714296,0.2528546131496826,0.6105091354549251,-0.018278750952018252,-0.04376854599406532,0.011009146288532489,0.030224980605120227,0.0
2024-12-03,13.25,12.89,0.023131332023418927,0.014399642518048093,0.009365622638938084,-0.07970471984433417,0.027545735481135245,13.031,13.0425,13.169333333333332,1,3,12,12.960734598622011,12.992416457234187,65.74074074074073,-0.03937183080319606,-0.04193355394455058,14.364251230674501,11.7207487693255,0.030501703301843285,0.03886046490968102,0.032248280536430037,-14605287.0,0.3139773887618936,0.0,0.0,-1,0.0,0,59.57142857142858,-0.10427717793710181,0.01784328937160579,-0.9464742449987491,0.3395423110636564,0.6168907559002085,0.01067887109077037,-0.0314327485380117,-0.08419595120527724,0.0347169811320754,0.0
2024-12-04,12.81,13.25,0.00532118321328028,-0.0037693222162917535,-0.007039528483527808,0.05667108671170144,-0.033771436523588355,12.985,13.008000000000001,13.152999999999999,2,4,12,12.933328307963464,12.98064765354166,60.00000000000001,-0.04898979514423729,-0.04334480218448793,14.315413678342045,11.700586321657957,0.021747706705942317,0.03944897661640469,0.032801215122603235,-15248737.0,-0.3028880656214152,0.0,0.0,-1,0.0,0,57.48571428571429,-0.1081896061171452,-0.00452830188679249,-0.8260983684848572,0.4064316111276519,0.6262330896180545,-0.004662004662004615,-0.05111111111111111,-0.3585948925087668,0.039032006245121,0.0
2024-12-05,12.72,12.81,-0.028452515236699203,-0.022146762363315465,-0.012241021556738037,-0.056419473218299536,-0.007050557996666799,12.915000000000001,12.940000000000001,13.137333333333334,3,5,12,12.894541342879197,12.963831675893811,58.28729281767958,-0.0631464362075107,-0.04730512898909248,14.150532723095207,11.729467276904796,0.02114343522776258,0.0380180879307409,0.03279210326306978,-15856889.0,-0.36347633699233434,0.0,0.0,-1,0.0,0,54.91428571428572,-0.11276481540501794,0.0007806401249024033,-0.8049237660507612,0.37322243952332584,0.6035184359215597,0.009523809523809712,-0.09659090909090906,-0.7997452041494996,0.028694968553458995,0.0
2024-12-06,12.74,12.72,-0.013349236318994779,-0.009309609518001633,-0.0051782629153268684,-0.09523865419175359,0.0015710922320411461,12.892000000000001,12.879,13.117666666666668,4,6,12,12.86644291690116,12.949390922610341,58.05555555555555,-0.0719227625538661,-0.052228655702047204,13.992153888259594,11.765846111740405,0.018676056271241304,0.03802674014967334,0.032726337351462055,-15303984.0,-0.24974085158580286,0.0,0.0,-1,0.0,0,52.142857142857146,-0.12050709863790265,-0.0055031446540880725,-0.8846092385524411,0.3532998030997017,0.6036557856390645,-0.004687500000000067,-0.08739255014326652,-0.39415976132547514,0.0243328100470958,0.0
2024-12-09,12.9,12.74,0.03876454345024431,0.06560965420653418,0.027571655936082774,0.4029280031923077,0.012480661223609224,12.869,12.8255,13.103666666666667,0,9,12,12.872544204737313,12.946204411474191,57.821229050279335,-0.0652156363288885,-0.05482605182741546,13.813714232047452,11.837285767952547,0.018694684820633765,0.03819329242388246,0.032819460390020545,-14476728.0,0.15077702300572215,0.0,0.0,-1,0.0,0,49.25714285714287,-0.12048513511709162,0.03218210361067505,-0.42331832663978985,0.363006027994714,0.6062997210261619,0.0007757951900697613,-0.07659269863994278,-0.5397350577035994,0.06434108527131784,0.0
2024-12-10,12.83,12.9,-0.017645260269317828,-0.043639219515242175,-0.006235406017284022,-0.10708711962745997,-0.005441132740081448,12.841,12.763,13.082333333333333,1,10,12,12.864808894785075,12.938707352669406,41.91176470588236,-0.06480161280414443,-0.05682116402276126,13.55597175897153,11.97002824102847,0.018733427830899714,0.038105100777718864,0.03275418128071663,-15219974.0,0.16898458045188894,0.0,0.0,-1,0.0,0,46.971428571428575,-0.11568761131221375,0.0015503875968991916,-0.5319366037435606,0.2683374630776542,0.6048997220453882,-0.03169811320754712,-0.08877840909090906,-1.0581987035251434,0.025331254871395252,0.0
2024-12-11,13.17,12.83,-0.0007742934959046684,0.01924929833548043,0.0,0.020247159982784223,0.0261553371276446,12.871,12.809999999999999,13.068999999999999,2,11,12,12.920298186642333,12.9536294589488,45.70446735395189,-0.0366162483582162,-0.05278018088985225,13.581082629199177,12.03891737080082,0.019731257087535432,0.024078968771566154,0.03310822935912056,-14461526.0,0.9337520685011044,0.0,0.0,-1,0.0,0,49.2,-0.11625556461737598,0.006235385814497277,-0.4321997634881844,0.22202447990627708,0.3822417791787269,0.02810304449648715,0.07686017988552729,0.9082862507856959,0.04403189066059228,0.0
2024-12-12,12.89,13.17,0.01917972103861991,-0.006746767606029738,0.0050692251271015724,-0.23141388356453088,-0.021489698804093557,12.9,12.8495,13.044999999999998,3,12,12,12.914789425434636,12.949524332565007,48.54014598540146,-0.03645260101900405,-0.04951466491568261,13.544640273613956,12.154359726386046,0.019768602865248876,0.02453152754383884,0.03331705884536261,-15063287.0,0.11652324440776499,0.0,0.0,-1,0.0,0,47.114285714285714,-0.11363998317739832,-0.0007593014426727249,-0.6830723084011798,0.28673469257745504,0.3894259269691724,0.013364779874213806,0.06528925619834713,-0.014277038861653865,0.03297129557796733,0.0
2024-12-13,12.82,12.89,-0.02461662763535603,-0.022849432772343803,-0.009378732286432582,0.16153799284082349,-0.00544536545857206,12.902000000000001,12.8845,13.029666666666666,4,13,12,12.897554984446518,12.941167924012426,44.15094339622641,-0.04149301861912136,-0.047910335656370366,13.48965243838581,12.279347561614188,0.019304316462822067,0.024609819921968912,0.0330452295853463,-15770547.0,-0.2131694294153277,0.0,0.0,-1,0.0,0,49.114285714285714,-0.11331132753873326,-0.003878975950349163,-0.3913271924980334,0.29285139211894506,0.3906687799416764,0.006279434850863463,0.057755775577557955,0.33037968228534387,0.019110764430577302,0.0
2024-12-16,12.96,12.82,0.001556420547658158,0.009965586499664551,0.0035273405179684406,0.8488592102787764,0.010861239431604634,12.909,12.9245,13.012333333333334,0,16,12,12.908908623638059,12.942382896656786,47.2924187725632,-0.03380111766628957,-0.04508849205835421,13.42466734041832,12.42433265958168,0.019492715973802196,0.0246720899840185,0.03298606626490895,-14117695.0,0.14195249122147796,0.0,0.0,-1,0.0,0,56.057142857142864,-0.10774529158264125,0.003120124804992133,1.656392972301698,0.289121376415584,0.39165728653152304,0.0046511627906977715,0.06578947368421062,0.3969050002411587,0.02546296296296297,0.0
2024-12-17,13.02,12.96,-0.0015564205476581953,-0.0030557701394778847,-0.0317991816929386,0.17480206228798875,0.004618945856294458,12.886,12.9585,12.990333333333332,1,17,12,12.929107055703865,12.947390451711188,52.8957528957529,-0.022603176832403093,-0.04059142901316399,13.377183400045627,12.539816599954374,0.017127168152402554,0.02453072441909323,0.03287206752901218,-12149131.0,0.29377806711848015,0.0,0.0,-1,0.0,0,51.4,-0.10225847810489536,-0.009259259259259335,1.9637779213969222,0.283669383258275,0.38941317775908046,0.014809041309431059,0.05510534846029169,-0.12223019736835258,0.05299539170506909,0.0
2024-12-18,12.34,13.02,0.014689092874938553,0.01593961641215716,-0.022571076272530247,-0.029127332026066648,-0.05364061830318146,12.838999999999999,12.912,12.951666666666666,2,18,12,12.821996681939526,12.908203970955629,45.666666666666664,-0.06781728954850408,-0.04603660112023201,13.387708889309948,12.436291110690053,0.021518290860460684,0.02105658985860699,0.03411652069019429,-14061183.0,-2.404832084721944,0.0,0.0,-1,0.0,0,33.12857142857143,-0.08121785877723199,0.000768049155145913,1.7588421354865706,0.40055808234422086,0.3342630013497529,-0.06302201974183752,-0.07008289374529009,-1.136478873694317,0.09532414910858991,0.0
2024-12-19,12.71,12.34,-0.04312702819547201,-0.04347674517420475,0.012014746006816167,0.24870702327539518,0.029543066724120933,12.838,12.876500000000002,12.906,3,19,12,12.80163364885961,12.895416617990751,48.58044164037855,-0.07295293581270279,-0.05141986805872617,13.295133114087516,12.457866885912487,0.023899074422760423,0.02213064729818618,0.03359974957175179,-11609232.0,-0.7954459138423267,0.0,0.0,-1,0.0,0,19.51428571428572,-0.10151386506646705,0.011345218800648345,2.446045119795275,0.48718868970732077,0.35131313462330477,-0.013964313421256813,-0.05290611028315939,-1.2509559346115275,0.03658536585365852,0.0
2024-12-20,12.93,12.71,0.011947573421118202,0.024471992262670727,0.029756920122331026,0.22185533893879072,0.01716110758240323,12.857,12.874500000000001,12.871666666666668,4,20,12,12.82497298543059,12.897647803926832,50.606060606060595,-0.05859536025544898,-0.052854966498070734,13.291631810544947,12.457368189455055,0.02451106941899415,0.021279602402219065,0.03377953799582414,-8548239.0,0.2661029372346007,0.0,0.0,-1,0.0,0,27.600000000000005,-0.10890916216168181,-0.0062942564909520115,2.6029738394040907,0.5047795481273779,0.33780321572762584,0.00858034321372858,-0.0030840400925212785,-1.7459578247752088,0.03170920340293892,0.0
2024-12-23,13.2,12.93,0.02115237500522676,0.02426199370950473,0.014943258795575794,-1.0361028016587455,0.020666636808559128,12.887,12.878,12.846,0,23,12,12.8931597153523,12.917154397221875,49.221183800623045,-0.02514033256523085,-0.04731203971150276,13.305211275230763,12.450788724769238,0.02505393972108342,0.021622047850039884,0.0340346331226433,-7462092.0,1.507450850055715,0.0,0.0,-1,0.0,0,30.142857142857142,-0.12415563122646074,-0.0023201856148491384,-0.03843750469710123,0.5204277175593411,0.34323936868286603,0.01851851851851838,0.005331302361005319,-1.8274625311295798,0.040909090909090846,0.0
2024-12-24,13.24,13.2,0.020714204387563235,-0.004504512121104653,0.01856201786005956,-1.2862161197954272,0.0030257209165371114,12.928,12.8845,12.818000000000001,1,24,12,12.956221585288244,12.937983145788206,57.65124555160141,0.004548254172863864,-0.03693998093462944,13.330132607708093,12.438867392291906,0.02489558765674224,0.021623705769088553,0.03400106511228821,-7161974.0,1.5954846833509442,0.0,0.0,-1,0.0,0,34.51428571428571,-0.12388020190035297,-0.0022727272727272245,-0.9838364350683744,0.5204520129329218,0.343265687331846,0.016897081413210557,0.009916094584286883,-1.778439718662502,0.01812688821752254,0.0
2024-12-26,13.3,13.24,0.0015174509740336296,0.013453117697118676,0.0007659900795826371,1.0851957072240432,0.004521484718846057,12.940999999999999,12.906,12.853666666666667,3,26,12,13.018726751599472,12.961339071866385,60.431654676258994,0.032543035757719,-0.023043377596159757,13.388641852614152,12.42335814738585,0.02356783153533601,0.02116432701863919,0.02353667609893998,-6273619.0,1.6326806217320893,0.0,0.0,-1,0.0,0,34.17142857142857,-0.1229109145788828,-0.003776435045317274,-0.21478916962829178,0.18050761506714272,0.3359732757441863,0.07779578606158832,0.033411033411033575,0.13861960149544672,0.030827067669172942,0.0
2024-12-27,12.97,13.3,-0.0015174509740335006,-0.016090150681283766,-0.015432405038811752,-0.03906911858592952,-0.025125036899355548,12.949000000000002,12.9245,12.882666666666667,4,27,12,13.009867342217749,12.961897841423394,53.72168284789645,0.027780622062005378,-0.01287857766452673,13.385641604008413,12.463358395991587,0.023967892377548723,0.021398088348442656,0.02395986078397898,-7127936.0,0.19733634790050505,0.0,0.0,-1,0.0,0,33.82857142857143,-0.10847615641810156,-0.009774436090225621,-0.27613659330092305,0.2854438709707981,0.3396841218130086,0.020456333595594067,0.029365079365079483,-1.2527675874227864,0.03045489591364698,0.0
2024-12-30,12.78,12.97,-0.02537621749337453,-0.022507148816860178,-0.014884724476425642,-0.4724058558522286,-0.014757549378963824,12.944999999999999,12.923499999999999,12.904666666666667,0,30,12,12.96807327999634,12.950162496815434,48.07692307692306,0.008576102818217635,-0.008587641567977856,13.385863493368673,12.461136506631325,0.02441084459312456,0.02142008051419908,0.02416588753926638,-7660603.0,-0.6207237468273791,0.0,0.0,-1,0.0,0,28.6,-0.10220148403082127,-0.01002313030069397,-0.729168988417465,0.2830520740889856,0.34003323662130785,-0.011600928074245953,-0.0015625000000001332,-0.053835043130016885,0.022691705790297414,0.0
2024-12-31,12.78,12.78,-0.0015588467692910788,-0.0015444018513742473,-0.0015718740524239031,0.11708295797238087,0.0,12.926999999999998,12.918000000000001,12.925333333333333,1,31,12,12.933878138178823,12.939184271214438,49.18032786885245,-0.0065679063080335,-0.008183694515988986,13.384638595647052,12.45136140435295,0.024108423830573707,0.021358669999644125,0.024167508025614303,-7660603.0,-0.5914641492894431,0.0,0.0,-1,0.0,0,26.314285714285717,-0.09820625747263001,0.0031298904538341883,-0.6338794173861181,0.20336154217871855,0.3390583749249263,-0.03181818181818186,-0.008533747090768151,-0.8791001028322784,0.022683881064162706,0.0
2025-01-02,12.69,12.78,-0.0007803355838810867,0.0,-0.0095393513726468,-0.1160903350115777,-0.007067167223092443,12.894,12.89,12.937000000000001,3,2,1,12.889536658509945,12.92310786661996,41.428571428571416,-0.025537509967540117,-0.011654457606299212,13.339654838386394,12.440345161613607,0.02408100012364798,0.020341090388105665,0.02409555698656276,-8193799.0,-0.8895712129673072,0.0,0.0,-1,0.0,0,24.31428571428572,-0.08983393445881195,0.002347417840375676,-0.714985024687873,0.1858131088030035,0.32290479937688343,-0.041540785498489496,-0.042264150943396306,-0.49785866387309824,0.03230890464933019,0.0
2025-01-03,12.4,12.69,-0.007837030707280205,-0.006201570263281157,-0.014874646110834016,0.48273229233273934,-0.023117809115305032,12.9,12.869499999999999,12.908,4,3,1,12.800529993326318,12.889358971999318,41.281138790035584,-0.06324261243618601,-0.021972088572276574,13.369119855490233,12.369880144509764,0.018446320717021434,0.01962293640579585,0.01999658565158724,-9057841.0,-1.879428909162621,0.0,0.0,-1,0.0,0,28.885714285714283,-0.07746714865906837,0.001576044129235725,-0.2862094070408634,0.16649664738811015,0.3115044583354287,-0.06766917293233088,-0.032006245120999255,0.3441095951470851,0.041532258064516034,0.0
2025-01-06,12.1,12.4,-0.02469261259037152,-0.03400881328685359,-0.05366228099343252,0.2032795362289864,-0.02449102000829587,12.838999999999999,12.8385,12.864,0,6,1,12.673160903630624,12.838432586709041,38.157894736842096,-0.11599455753342802,-0.04077658236450686,13.443088594352501,12.233911405647499,0.01674753328576175,0.020245734423568633,0.020227281744503108,-10116651.0,-2.4429835656787864,0.0,0.0,-1,0.0,0,33.77142857142857,-0.0673913652748627,0.0,-0.053299128322388686,0.16397502788475346,0.32139107036773334,-0.06707787201233628,-0.04874213836477992,0.37965991294323026,0.06033057851239673,0.0
2025-01-07,11.72,12.1,-0.022839491969822903,-0.022783735736062204,-0.00944618445205006,-0.427647156572782,-0.03190866845382879,12.718,12.7875,12.822333333333335,1,7,1,12.499858921152327,12.766275645631039,31.097560975609753,-0.18631594406222796,-0.06988445470405108,13.572299672729205,12.002700327270794,0.016693308200698653,0.021232687303752808,0.020120907689640942,-10807039.0,-2.720439462691617,0.0,0.0,-1,0.0,0,34.31428571428572,-0.05582416248530904,0.001652892561983436,-0.5715366515091801,0.20722335227842514,0.3370584616279709,-0.08294209702660393,-0.0800627943485086,0.4758520303488284,0.047781569965870345,0.0
2025-01-08,11.98,11.72,-0.024218302650872967,0.06376661835898922,0.0025850940721048555,1.323924247304009,0.02194180853843673,12.596,12.741499999999998,12.783999999999999,2,8,1,12.405339117306449,12.715548184622586,35.05747126436782,-0.21854704810544767,-0.0996169733843304,13.60266872850066,11.880331271499337,0.016960974102967947,0.021729793613008957,0.020460175550714853,-8212464.0,-1.7685268282460938,0.0,0.0,-1,0.0,0,31.91428571428572,-0.06168653779520545,0.00938566552901019,1.7662909649762883,0.3399119564878432,0.3449497796446885,-0.06259780907668222,-0.07131782945736431,1.4138534896747799,0.11101836393989983,0.0
2025-01-10,12.63,11.98,0.0622641700659604,-0.003876228745951154,0.06738515409885468,-0.033183400805838335,0.05283634367509646,12.535,12.7315,12.767999999999999,4,10,1,12.446186550523457,12.710028946905,54.20289855072465,-0.18945692109537404,-0.11758496292653914,13.59298647544143,11.870013524558571,0.02632435735440678,0.025258191674381987,0.0229657468155299,-5702573.0,-0.23563921870738727,0.0,0.0,-1,0.0,0,25.62857142857143,-0.08319991016999743,0.0509181969949916,1.4662389419430735,0.5901928805280697,0.40096136242570124,-0.004728132387706752,-0.015588464536243074,0.9748884650621408,0.03720506730007924,0.0
2025-01-13,12.9,12.63,0.03204650940528087,0.038035147557270166,0.016753483196091646,-0.2733638584771555,0.02115237500522676,12.495000000000001,12.718,12.769,0,13,1,12.528698086791918,12.72228514387887,52.83582089552238,-0.1429679962744288,-0.12266156959611708,13.558766567516042,11.877233432483958,0.02747325550949178,0.02499476810780944,0.023076406563517164,-3793008.0,0.43293824238920553,0.0,0.0,-1,0.0,0,25.34285714285715,-0.08889676161054429,0.029295328582739446,0.679722899561012,0.5672812908165914,0.39677964294595347,0.040322580645161255,-0.02050113895216399,0.026174512919193173,0.05891472868217053,0.0
2025-01-14,12.98,12.9,0.00230503367521705,-0.0014936522567832536,0.015698909543103615,0.07973501879110065,0.00618239990831756,12.496,12.7225,12.781666666666668,1,14,1,12.610752980102479,12.738911908789913,50.77881619937695,-0.09853401818081764,-0.11783605931305721,13.568092286973782,11.876907713026219,0.026432240879011703,0.02455855365017759,0.022741866897127948,-1724949.0,0.6090405600115989,0.0,0.0,-1,0.0,0,25.142857142857142,-0.09133366794242534,0.010077519379844883,0.7846571692266677,0.49333109560294763,0.3898549531068447,0.07272727272727275,0.006982156710628296,-0.4713632822485458,0.04160246533127896,0.0
2025-01-15,13.61,12.98,0.023512649350724044,0.01777824602128375,0.016988825586469945,0.24853841409256153,0.047395105387430796,12.579,12.762,12.808666666666666,2,15,1,12.792434256447482,12.795111140480888,55.74229691876751,-0.01234176733048642,-0.09673720091654306,13.695958186824722,11.828041813175279,0.02977860652862571,0.02672616550534315,0.024201553710654557,926613.0,1.8159271195706024,0.0,0.0,-1,0.0,0,27.428571428571427,-0.11639622859613291,0.027734976887519216,1.3246229698551304,0.3206970969150636,0.4242647245529453,0.16126279863481208,0.06162246489859591,0.17888723719692032,0.041146216017634,0.0
2025-01-16,13.38,13.61,0.01709443335930004,0.0014673516939497444,0.019712541263958064,-0.5833426511549578,-0.01704376196329218,12.639,12.783,12.825,3,16,1,12.899264391638848,12.832845905611153,51.861702127659576,0.036980842507585265,-0.06999359223171739,13.75386179839307,11.81213820160693,0.030667722916165634,0.027032686243315705,0.024434515811900304,-553038.0,1.2298351855807501,0.0,0.0,-1,0.0,0,27.342857142857145,-0.10738479521266812,-0.002939015429830944,-0.024413361319554936,0.4699373742556782,0.4291305904191015,0.11686143572621033,0.03240740740740744,-0.28685942537697756,0.023916292974588957,0.0
2025-01-17,13.86,13.38,-0.0059128036271132636,0.024621084390348137,0.005241494590838192,0.16694402146874093,0.03524593906167467,12.756,12.825,12.845333333333334,4,17,1,13.073943593159056,12.899113911700757,56.69856459330142,0.11349307708148615,-0.03329625836907668,13.905516445721103,11.744483554278895,0.031775611754648846,0.028078766839252554,0.024771251252011354,1195448.0,1.9157505729758204,0.0,0.0,-1,0.0,0,36.02857142857143,-0.11558191361276803,0.008221225710014905,0.30207596157426764,0.4059149920353824,0.4457366050681764,0.09738717339667446,0.06451612903225801,-0.44657301279102024,0.04256854256854256,0.0
2025-01-21,13.8,13.86,0.03353083804771015,0.004987541511038968,0.008181525741302589,-0.36302971601087813,-0.004338401598598019,12.896,12.898,12.878333333333334,1,21,1,13.205953848948319,12.957235594816838,60.613810741688,0.16735886682364232,0.00683476666946712,14.03628310233119,11.75971689766881,0.03019299265459736,0.02494262339925787,0.023910196684698636,-20739.0,1.5848429940718904,0.0,0.0,-1,0.0,0,39.91428571428572,-0.11404657887342542,0.0064935064935064835,-0.27989989734944243,0.4363831396626641,0.3959518713598611,0.06976744186046524,0.11831442463533226,0.3338351189001766,0.03984782608695646,0.0
2025-01-22,13.91,13.8,-0.010810916104215506,-0.0007048797190382332,0.007446281578644656,-0.2884149585463012,0.007939413772192525,13.077000000000002,12.958000000000002,12.918000000000001,2,22,1,13.333962240048624,13.018704266118977,64.75195822454312,0.21642911386580366,0.04875363610873443,14.178122513261892,11.737877486738112,0.027611115252327654,0.02430134680031657,0.023855259126292303,890733.0,1.5604990312897526,0.0,0.0,-1,0.0,0,41.62857142857143,-0.11477223017291255,0.0,-0.5638193855330889,0.43459962912413913,0.3857719209454372,0.071648690292758,0.09441384736427993,0.2783232018662834,0.03156721782890006,0.0
2025-01-23,13.53,13.91,-0.0007249003579486336,-0.0064308903302904025,-0.010785182844159327,0.43329098089869256,-0.02769856375265497,13.258000000000001,12.988,12.944333333333333,3,23,1,13.369605469130693,13.05169108765969,58.907363420427565,0.2220946451510759,0.08342183791720273,14.23444505019595,11.74155494980405,0.02687877940443597,0.025127008395924365,0.024500166798399507,-515053.0,0.8696733159874054,0.0,0.0,-1,0.0,0,43.68571428571429,-0.1102129012975503,-0.0086268871315601,0.15231985458384173,0.3885785568898595,0.3988788924398872,-0.005878030859661987,0.04640371229698381,0.79958645518798,0.03658536585365848,0.0
2025-01-24,13.41,13.53,-0.017557144479500447,-0.020275857531516433,-0.005216107206553273,-0.48849351890739817,-0.008908744889109442,13.401,12.998499999999998,12.961333333333334,4,24,1,13.376949929288749,13.074807791681646,58.49056603773587,0.21442980903382924,0.10962343214052804,14.255953985764837,11.74104601423516,0.02770998951968224,0.02486498421408418,0.024503024468665292,-1377573.0,0.6544971102854464,0.0,0.0,-1,0.0,0,45.8,-0.11626548232077101,0.0014781966001479194,-0.5759077459028746,0.37161253686095774,0.3947193875040814,0.0022421524663676085,0.015909090909090873,0.6863038056617818,0.021252796420581664,0.0
2025-01-27,12.82,13.41,-0.016369413135092607,-0.007342176889080385,-0.04625322802292706,0.17422528915715554,-0.04499424580106321,13.420000000000002,12.977500000000001,12.961000000000002,0,27,1,13.275686305781704,13.05836857931509,54.62555066079296,0.15891542393873515,0.11948183050016947,14.231997173330745,11.723002826669257,0.02834777040490705,0.026817715102335195,0.025857916940993684,-2404251.0,-0.25109661998174365,0.0,0.0,-1,0.0,0,37.971428571428575,-0.10497761342083664,-0.005965697240865032,-0.42086738535122115,0.32447941665357694,0.4257180293505601,-0.07503607503607501,-0.031722054380664666,-0.5433762710778602,0.06162246489859601,0.0
2025-01-28,12.77,12.82,-0.041353518599865996,-0.04908497549232196,-0.022152804641133287,-0.3437441172040991,-0.003907781448076082,13.407,12.950999999999999,12.947666666666667,1,28,1,13.183743341094122,13.03976415484315,57.808857808857816,0.10962164161136734,0.11750979272240905,14.19918858224316,11.702811417756838,0.02752866031067053,0.026787940705282193,0.025387006552841585,-3132279.0,-0.29002027830557153,0.0,0.0,-1,0.0,0,40.62857142857143,-0.10266312199194552,-0.0023400936037442383,-0.8302364979746035,0.3254065741849742,0.42524537545032526,-0.07463768115942038,-0.03984962406015047,-0.5518665064818525,0.03288958496476115,0.0
2025-01-29,12.62,12.77,-0.009426621257703558,-0.002712654250127437,-0.004008021397538822,-0.0834633697675315,-0.01181581293138087,13.370999999999999,12.9335,12.938666666666668,2,29,1,13.08124455180428,13.012682596466174,61.08374384236453,0.057786095439084306,0.1055650532657441,14.190351119600962,11.67664888039904,0.027615595492467306,0.026350204215020205,0.025180102668440917,-3802010.0,-0.49886576876270655,0.0,0.0,-1,0.0,0,42.4,-0.09778894946601359,-0.007830853563038344,-0.8904860527483888,0.2605021999892758,0.4182965240922565,-0.09273903666427041,-0.02698535080956066,-1.0177028984663905,0.03446909667194933,0.0
2025-01-30,12.73,12.62,0.0015772873932486684,0.0019383607542228266,0.01197619104671562,-0.3117505993294528,0.008678555456248249,13.282999999999998,12.931000000000001,12.935666666666668,3,30,1,13.017381906021683,12.994445009597388,59.59079283887469,0.02529059806263234,0.08951016222512176,14.189334739165046,11.672665260834956,0.021676164592000037,0.026232773637838814,0.025215076945266535,-3311657.0,-0.3194698417582782,0.0,0.0,-1,0.0,0,45.91428571428571,-0.0966708044072773,0.005546751188589563,-1.1357986041051256,0.31030914708790175,0.41643237147103607,-0.059127864005912745,-0.00391236306729259,-1.310509570307953,0.024351924587588412,0.0
2025-01-31,12.5,12.73,0.0,0.004636793469801525,-0.014388737452099556,0.8554071304192159,-0.018232768261059747,13.194999999999999,12.916999999999998,12.920333333333334,4,31,1,12.923312468563195,12.962545331558848,48.13753581661889,-0.018804627495130788,0.06784720428107126,14.18856927497196,11.645430725028037,0.021741787779075518,0.02654664248089603,0.025340138193527355,-4465130.0,-0.6558824724814042,0.0,0.0,-1,0.0,0,43.771428571428565,-0.09318102923657176,-0.003142183817753411,-0.2518490365203836,0.31140765312723623,0.4214148848891618,-0.06785980611483966,-0.021909233176838794,-0.8402773927801266,0.04400000000000006,0.0
2025-02-03,11.98,12.5,-0.04019833823311619,-0.05466707560935617,-0.041929693138123926,0.05726865452813554,-0.04249005162095212,13.007,12.881499999999999,12.885666666666667,0,3,2,12.751801110642612,12.899155310167956,37.700534759358284,-0.09461935261878907,0.03535389290109919,14.217752024763403,11.545247975236595,0.018499904166768822,0.028057689013842046,0.026377087565351804,-5686589.0,-1.3492963651967047,0.0,0.0,-1,0.0,0,37.4,-0.07395848158032906,-0.02480000000000004,-0.21111705487064247,0.2968901473112405,0.44540200496289095,-0.06552262090483618,-0.05594956658786443,-0.7124583940035454,0.030884808013355525,0.0
2025-02-04,12.12,11.98,-0.008237278866478806,-0.0016299922109310643,0.010490541215904607,-0.4160153934299609,0.011618387953865057,12.839000000000002,12.867499999999998,12.878333333333332,1,4,2,12.636928181434863,12.848887225640992,38.68421052631576,-0.14177197939523012,-7.128155816666856e-05,14.23059052871545,11.504409471284546,0.02008558903978817,0.027801003736893867,0.02474751970980746,-4880829.0,-1.09677234820849,0.0,0.0,-1,0.0,0,37.142857142857146,-0.09783292825792106,0.00918196994991648,-0.8237014878662633,0.34479854777738606,0.4413272525147912,-0.050900548159749426,-0.022580645161290436,-0.5767820921226886,0.018514851485148455,0.0
2025-02-05,12.0,12.12,0.004127121004651048,-0.004086642385451905,-0.009651262945909766,-0.028829496168864755,-0.00995033085316798,12.648,12.8625,12.854666666666667,2,5,2,12.521123057537615,12.794120307857701,25.531914893617,-0.18667193508166946,-0.037391412262867234,14.238120434185046,11.486879565814956,0.018794305535766546,0.027347367307752526,0.024127837588626747,-5663691.0,-1.253979627761155,0.0,0.0,-1,0.0,0,38.62857142857143,-0.10640059966113183,0.0016501650165017616,-0.8258520544649026,0.34452672435030623,0.43412599745190705,-0.04912836767036444,-0.008264462809917328,-0.6630315742768983,0.024166666666666742,0.0
2025-02-06,12.05,12.0,-0.008271345750677306,-0.012361096823573975,-0.006311824026454845,-0.15465536607326044,0.004158010148663677,12.5,12.879,12.825333333333333,3,6,2,12.435464319803502,12.74611254606043,28.617363344051427,-0.21573404355302195,-0.07305993852089818,14.203901585222994,11.554098414777005,0.019043853732139498,0.026339766883352086,0.023890168703664266,-4993005.0,-1.2514137038495134,0.0,0.0,-1,0.0,0,39.68571428571429,-0.06091923050492708,0.0033333333333332624,-0.9873594925787029,0.3303154007220238,0.41813083658858685,-0.05341712490180672,0.028156996587030747,-0.7018058162731666,0.01784232365145227,0.0
2025-02-07,12.09,12.05,0.0008302200559890558,0.012361096823573926,0.007988270353707165,0.21556021738521003,0.0033140046900372914,12.367999999999999,12.8845,12.788333333333332,4,7,2,12.372652625293775,12.703782704379114,16.853932584269643,-0.23285411094735053,-0.10501877300618866,14.194517677662999,11.574482322337,0.019602233649333514,0.02590240093842565,0.023520623510678677,-4160981.0,-1.2129607310602772,0.0,0.0,-1,0.0,0,38.371428571428574,-0.0803678045133469,0.0,-0.6804595070843724,0.33529680292723174,0.41118786745536207,-0.03280000000000005,0.00918196994991649,-1.5605083116240248,0.02233250620347406,0.0
2025-02-10,11.82,12.09,0.008264509849893431,-0.004926118336055889,-0.0185973238155894,0.14183894634048727,-0.022585652648749153,12.268,12.844,12.741000000000001,0,10,2,12.272170329785816,12.646764465386912,15.624999999999986,-0.26515212259877785,-0.1370454429247065,14.234742323554727,11.453257676445272,0.016375186234234507,0.02308783381588635,0.023763690524405544,-5119798.0,-1.4725948619765352,0.0,0.0,-1,0.0,0,44.71428571428572,-0.04919547176189845,0.004962779156327585,-0.39909074961108487,0.21409963671793156,0.36650799952813623,-0.013355592654424098,-0.06413301662707838,-0.7834375729303478,0.03637901861252112,0.0
2025-02-11,11.95,11.82,-0.039451192386476534,-0.011589533694665283,-0.0059906041371570184,-0.2757069243574968,0.010938266399567438,12.186,12.7965,12.696,1,11,2,12.213593906188393,12.601811919232919,16.206896551724114,-0.2770647856009063,-0.16504931145994647,14.242966111088123,11.350033888911877,0.01742996962137018,0.02262166563812568,0.02386818325704497,-4392022.0,-1.1704387590017025,0.0,0.0,-1,0.0,0,45.4,-0.06081245262333818,-0.011844331641286003,-0.735459172682049,0.21124227259403366,0.35910780912321494,-0.014026402640264002,-0.07364341085271331,-0.8350358440512287,0.030125523012552256,0.0
2025-02-12,11.8,11.95,0.0059752631900870205,-0.012568242522312773,0.001715266286754946,0.019552680768237955,-0.012631746905900462,12.104000000000001,12.7375,12.657000000000002,2,12,2,12.138395014154138,12.550082117992087,17.602996254681628,-0.29520644709145216,-0.1910807385862476,14.247325713190303,11.227674286809698,0.017458888602799816,0.022583761193041195,0.02359027914930613,-5134168.0,-1.2418651925314437,0.0,0.0,-1,0.0,0,41.371428571428574,-0.056960285547055955,-0.01673640167364011,-0.6359344324856723,0.21763856398761483,0.3585060947115502,-0.016666666666666607,-0.09090909090909094,-0.6632141105470515,0.016101694915254195,0.0
2025-02-13,11.95,11.8,0.007630388865691733,0.008396354952906358,0.0034217313111615387,-0.291879623370858,0.012631746905900564,12.026,12.6545,12.629333333333333,3,13,2,12.104141375217022,12.51136714263776,22.962962962962905,-0.29409001154026804,-0.2116825931770517,14.144755718077686,11.164244281922315,0.017887706980860826,0.019342976232981455,0.02364836750496293,-4579890.0,-0.94547531870403,0.0,0.0,-1,0.0,0,46.60000000000001,-0.05142865756291738,0.0033898305084745037,-1.2012207337557004,0.24303216305537143,0.3070602283698114,-0.008298755186722073,-0.12196914033798678,-0.6103985909476468,0.020920502092050212,0.0
2025-02-14,11.87,11.95,0.014256006636032555,0.010810916104215456,0.012306541907742776,-0.04114318458633412,-0.006717069755943,11.963,12.579,12.599,4,14,2,12.061570216086654,12.469988617306292,28.310502283104967,-0.2962456245809033,-0.22859519945782206,14.067494824346172,11.09050517565383,0.01740123120786957,0.019182690431709726,0.023660750490232488,-5111826.0,-0.9526401951870178,0.0,0.0,-1,0.0,0,43.68571428571429,-0.052410351220445225,0.005020920502092092,-1.1690695462986038,0.2407240864565809,0.3045157701566531,-0.018196856906534387,-0.1128550074738417,0.0070029377106780215,0.019797809604043762,0.0
2025-02-18,11.96,11.87,-0.0008329863038918846,0.0033030583292574887,0.00042167405221043604,0.3086424503886485,0.007553539900909121,11.961000000000002,12.484,12.574666666666667,1,18,2,12.0431029040709,12.437086125867177,31.83856502242152,-0.28737898950355856,-0.24035195746696938,13.867046218354737,11.100953781645263,0.012037136758400202,0.01684952305895684,0.023707937883682577,-4387555.0,-0.7577476342379161,0.0,0.0,-1,0.0,0,46.8,-0.05005868192470083,0.01095197978096047,-0.5106557957861164,0.17984527545994689,0.2674778863442887,0.011844331641285955,-0.13708513708513703,-0.6412225445368369,0.02257525083612051,0.0
2025-02-19,11.76,11.96,-0.020202707317519466,-0.011608753916535972,-0.01786521355786973,0.0701086816765556,-0.016863806052004916,11.925,12.382,12.553333333333333,2,19,2,11.991629648785281,12.393403150004778,31.140350877192972,-0.293111637354599,-0.2509038934444953,13.652732900834486,11.111267099165513,0.012295578453716186,0.016965572749314293,0.023545216895436507,-5164426.0,-0.9789626121925918,0.0,0.0,-1,0.0,0,47.62857142857143,-0.03796223734533515,-0.016722408026755942,-0.22333757954594635,0.2026649823506459,0.2693201180667599,-0.01589958158995808,-0.14782608695652177,0.36479978149625425,0.028911564625850327,0.0
2025-02-20,10.82,11.76,0.022699587516106536,0.04165567526883261,-0.07576004588153548,0.8867068852640699,-0.08330766905214532,11.807,12.2275,12.510666666666667,3,20,2,11.778606076278866,12.291893269359308,19.29260450160767,-0.3692484795472435,-0.27457281066504496,13.467005419193718,10.98799458080628,0.027384435437343778,0.02297813875530729,0.02729794879913053,-7049988.0,-2.2710671179082986,0.0,0.0,-1,0.0,0,44.22857142857144,-0.02482949074779057,0.02295918367346935,3.038249952579372,0.5914736060146747,0.3647666444260701,-0.08305084745762714,-0.22214234363767071,-1.7201378293917284,0.1571164510166358,0.0
2025-02-21,10.0,10.82,-0.09680755966982843,-0.11698335548581919,-0.09004628068478394,0.016844312547631066,-0.07881118042428986,11.602,12.050999999999998,12.453333333333331,4,21,2,11.455223153319071,12.14402918746516,16.216216216216168,-0.4901049971677214,-0.3176792479655802,13.497591638445735,10.604408361554261,0.0337403293555732,0.02687868883886501,0.029944660226664362,-8967580.0,-2.8356309348001707,0.0,0.0,-1,0.0,0,36.971428571428575,-0.002921632147528054,0.009242144177449136,2.6051902263164197,0.6462151049585653,0.42668595741074566,-0.16317991631799156,-0.26090169992609014,-0.4093621706287947,0.125,0.0
2025-02-24,10.25,10.0,-0.08801087732271333,-0.07079305199109934,0.003034903695154111,-0.2494705854182432,0.024692612590371414,11.418000000000001,11.892999999999999,12.395666666666667,0,24,2,11.236091670897421,12.021833756015797,24.781341107871683,-0.5592648899225967,-0.36599637635698357,13.403484063227157,10.38251593677284,0.03588654002053568,0.028291611624294118,0.03003654131763947,-7473367.0,-2.1754615490476867,0.0,0.0,-1,0.0,0,29.542857142857144,-0.014262586459916087,0.0,1.3614477843997992,0.7605968736109847,0.44911541128263827,-0.1364785172704296,-0.2356450410141685,-0.20681461980697322,0.04487804878048771,0.0
2025-02-25,10.18,10.25,0.024692612590371414,0.005774799493883958,0.01603240753104901,-0.16589373344331318,-0.006852694462040507,11.254,11.761,12.314,1,25,2,11.044075003461526,11.903005771756714,21.130952380952365,-0.6126606476089229,-0.4153292306073715,13.387360483119501,10.134639516880497,0.035906534108864636,0.027350119549737133,0.027893112804989816,-8739169.0,-1.9442184145639143,0.0,0.0,-1,0.0,0,24.2,-0.010008436205905394,0.0,0.7649138792198991,0.7241652895631345,0.4341696879389419,-0.1488294314381272,-0.20592823712948527,-0.0789621449913966,0.035363457760314285,0.0
2025-02-26,10.35,10.18,-0.005870858349783745,-0.0009601536983433704,0.00890654081620325,0.007145358759868864,0.016561508589001305,11.094,11.639999999999999,12.229000000000001,2,26,2,10.917879548286702,11.802811850998218,25.806451612903217,-0.6339517894132083,-0.4590537423685389,13.30979355799328,9.970206442006718,0.036393431153838876,0.028015092127274623,0.027742949115454225,-7464290.0,-1.5451011819093279,0.0,0.0,-1,0.0,0,21.25714285714286,-0.020981003293411394,0.000982318271119822,0.7162806423023357,0.8001391541286504,0.4447258003519928,-0.11989795918367352,-0.18950665622552854,-0.3857654350588167,0.025120772946859885,0.0
2025-02-27,10.2,10.35,0.015579672476744575,0.003356512381651615,0.0034423441909729197,-0.08123510001118985,-0.014598799421152749,10.934,11.519,12.136333333333333,3,27,2,10.787355994052756,11.699404634804786,23.6467236467236,-0.6553741735685499,-0.4983178286085411,13.239733013940056,9.798266986059945,0.036392087715537556,0.02803049856295938,0.027662243716726247,-8639699.0,-1.5330675814486936,0.0,0.0,-1,0.0,0,12.757142857142858,-0.011279576012712421,0.0,0.42337779576485873,0.6294993021664855,0.44497036993646344,-0.0573012939001849,-0.19175911251980982,-1.3526768862282894,0.025490196078431355,0.0
2025-02-28,10.58,10.2,-0.017544309650909508,0.019436497146905013,-0.0048719370005672015,0.07760621903192474,0.036577706139928015,10.797,11.4115,12.035333333333334,4,28,2,10.749654904224982,11.627184980946414,30.389610389610382,-0.6343760509145469,-0.5255294730697423,13.081574375904468,9.741425624095532,0.03910842158894389,0.029719717326561357,0.026939719467964175,-7369438.0,-0.9957640354186998,0.0,0.0,-1,0.0,0,20.65714285714285,-0.03304159794277536,-0.002941176470588173,0.5769480976745734,0.34453357128598605,0.47178588648731246,0.05800000000000005,-0.16889238020424202,-0.17053486066630727,0.04862948960302457,0.0
2025-03-03,9.9,10.58,0.04799385525319337,0.0037488328815196595,-0.02603780189101642,-0.09027924704759376,-0.06643066928960903,10.6,11.2815,11.919333333333334,0,3,3,10.595172194365896,11.515753691853098,27.464788732394368,-0.6649401878561161,-0.553411616027017,12.998918809848407,9.564081190151592,0.04243681439528706,0.03217457111655066,0.028803315917869932,-8530045.0,-1.6088096765656605,0.0,0.0,-1,0.0,0,12.342857142857143,0.016141772948923275,0.008506616257088833,0.30323447209071647,0.6072998921041756,0.5107554822873289,-0.03414634146341455,-0.20799999999999996,-0.7449221838962056,0.08232323232323227,0.0
2025-03-04,9.46,9.9,-0.1004781499627674,-0.08386979087787859,-0.04505033062977628,0.030291987895503168,-0.04546237407675729,10.35,11.1555,11.772666666666668,1,4,3,10.388777249935734,11.383124421410962,22.757111597374205,-0.7164084981339158,-0.5860109924483968,13.020563566011418,9.290436433988582,0.04225662844033919,0.03232250439428912,0.028158352288265496,-9726347.0,-1.8181685931766465,0.0,0.0,-1,0.0,0,11.042857142857144,0.045229886328512915,-0.025252525252525252,0.3956759995347259,0.6652067613867019,0.5131038502684886,-0.0707269155206286,-0.21035058430717857,0.029291613310364964,0.04122621564482035,0.0
2025-03-05,9.62,9.46,-0.016719302729058052,0.001016776905086811,0.004228336109521105,-0.2228495634270259,0.016771881613827963,10.136,11.0305,11.633333333333333,2,5,3,10.248999568129236,11.269374458739287,26.200873362445392,-0.7358049406805218,-0.6159697820948219,12.957466254859822,9.103533745140178,0.044054977922264704,0.03253794610574899,0.02862773105619487,-8769024.0,-1.4639592119921252,0.0,0.0,-1,0.0,0,11.514285714285714,0.026497131647771573,0.003171247357293801,-0.22002163851346526,0.6658271184191602,0.5165238814118063,-0.0705314009661836,-0.20627062706270627,0.027515708646712055,0.03742203742203737,0.0
2025-03-06,9.53,9.62,-0.0031662295580495493,-0.02573482216881519,-0.012739025777429826,0.07833175025939741,-0.00939954701150435,10.007,10.907,11.487333333333332,3,6,3,10.118272373923919,11.15715675172385,23.23008849557523,-0.7497958293916174,-0.642734991554181,12.888186247521542,8.925813752478458,0.038511476594344084,0.03253911408829903,0.028394191335376375,-9804351.0,-1.3900762754865914,0.0,0.0,-1,0.0,0,17.2,0.03070672002501588,-0.016632016632016463,-0.0565933729617508,0.666492903086908,0.5165424225599847,-0.06568627450980391,-0.20583333333333342,-0.09445709477669699,0.02413431269674716,0.0
2025-03-07,9.38,9.53,-0.002116402906377724,-0.010482276273510342,-0.027072579217633744,0.13329569051611928,-0.01586495464797723,9.944999999999999,10.7735,11.349,4,7,3,9.984041033210477,11.042501477419087,22.87581699346407,-0.7641784820354509,-0.667023689650435,12.789909262969584,8.757090737030417,0.0314903498794838,0.03235669860479256,0.028258926069932744,-10987303.0,-1.3821598874702443,0.0,0.0,-1,0.0,0,17.642857142857146,0.041833384903621165,-0.009443861490031465,0.2599466770888635,0.5016504508882309,0.5136466665321103,-0.11342155009451793,-0.22157676348547717,-0.1202302070918926,0.040511727078891335,0.0
2025-03-10,9.12,9.38,-0.03668156663460498,-0.019149521332860787,-0.01771917898510291,-0.08413428400705687,-0.02810995893189343,9.831999999999999,10.625,11.205999999999998,0,10,3,9.826942663535844,10.91846912403721,20.16806722689074,-0.7874790961349127,-0.6911147709473305,12.670426219899584,8.579573780100416,0.030120656892620813,0.032330934122938144,0.028402092607891567,-12074800.0,-1.471575934011334,0.0,0.0,-1,0.0,0,17.071428571428573,0.05596445688576998,-0.029850746268656834,-0.022406090811790826,0.3614624567162253,0.513237668062239,-0.07878787878787885,-0.2456575682382135,0.41484152844036587,0.03947368421052645,0.0
2025-03-11,9.17,9.12,0.007662872745569097,0.00535619920052489,0.011111225425070849,0.18019715039168877,0.0054674821821336156,9.731,10.4925,11.084333333333332,1,11,3,9.707498542892964,10.805664664421908,21.908893709327543,-0.7927718382796787,-0.7114461844138003,12.555240895022946,8.429759104977053,0.03056739674319084,0.032527989750245345,0.027934843039650492,-10772573.0,-1.2822744758597397,0.0,0.0,-1,0.0,0,15.114285714285716,0.049368159844031416,0.005482456140350956,0.49710819123492817,0.2788959493243041,0.5163658291680432,-0.030655391120507525,-0.22419627749576987,0.20340760795079108,0.03380588876772069,0.0
2025-03-12,9.39,9.17,0.0268978023198983,0.01904819497069441,0.019694290802925944,-0.5959940976530536,0.02370800695179819,9.635000000000002,10.3645,10.971666666666666,2,12,3,9.649771535094242,10.714331460265656,31.619537275064275,-0.7703342791249561,-0.7232238033560314,12.363146647372341,8.365853352627658,0.03135114069305288,0.033137517150510366,0.028625198289856366,-10055027.0,-0.9751598675845907,0.0,0.0,-1,0.0,0,15.914285714285716,0.0349869121825842,0.027262813522355506,-1.0373380305792743,0.3175169971322577,0.526041776678329,-0.023908523908523716,-0.2142259414225941,0.5664035415317017,0.03301384451544182,0.0
2025-03-13,9.03,9.39,-0.004255325570138272,-0.00262398471208214,-0.02745916620065251,0.010382872474522022,-0.03909292579127766,9.518,10.225999999999999,10.852,3,13,3,9.537085801440742,10.605664914442066,35.860058309037896,-0.7726942053812262,-0.7331178837610705,12.189395554966758,8.26260444503324,0.03267417129498925,0.03368006713085197,0.02909576788890518,-10780062.0,-1.2182975529047166,0.0,0.0,-1,0.0,0,15.185714285714289,0.054969540651478216,-0.0010649627263045567,-1.013051211847938,0.4003402730341038,0.5346544906091701,-0.05246589716684158,-0.23474576271186454,0.4681641731452196,0.05924695459579182,0.0
2025-03-14,9.22,9.03,-0.017204725449630833,-0.020706872050613,0.009972381812937043,0.570531425742508,0.020822670139608507,9.382000000000001,10.0895,10.734999999999998,4,14,3,9.479433837542425,10.51626717802645,34.71810089020774,-0.7505808233269509,-0.7366104716742465,11.92356910275602,8.25543089724398,0.03029488245978716,0.034060618019976036,0.029463694480069226,-9497325.0,-0.9481649286751709,250000.0,2292500.0,1,0.0,0,22.057142857142857,0.045406032228346015,0.021040974529346765,0.3737578841789958,0.4516721609375614,0.5406955486921309,-0.017057569296375252,-0.22845188284518814,-0.43435121286185446,0.027114967462039043,0.0
2025-03-17,9.09,9.22,-0.024150460232283098,-0.01430787986403745,-0.014436674941622589,-0.23989561144301136,-0.014200129379115078,9.301,9.9505,10.621333333333332,0,17,3,9.408627685261983,10.424249940734422,34.11078717201168,-0.7350722667507892,-0.736302830689555,11.631382913358667,8.269617086641333,0.024506591069668737,0.034036510750223056,0.029436351929075753,-10506467.0,-1.0238666752588814,0.0,0.0,-1,0.0,0,22.571428571428573,0.05394965764183317,-0.02386117136659443,-0.4913479888067301,0.4136731738142351,0.5403128576488001,-0.003289473684210509,-0.23420387531592246,-0.7706780566796472,0.02723872387238727,0.0
2025-03-18,9.02,9.09,0.0,-0.011230046985327742,-0.004484312447328576,-0.08931210347709138,-0.007730574114855233,9.257000000000001,9.8035,10.522666666666668,1,18,3,9.33796810612344,10.33365317036446,30.030030030030048,-0.7201288418919631,-0.7330680329300368,11.24104578874445,8.365954211255549,0.02097276352770636,0.03372762643345446,0.028831164866506397,-11429388.0,-1.0900522350447104,0.0,0.0,-1,0.0,0,22.228571428571428,0.05522026270896254,-0.009900990099009885,-0.8089661150469637,0.41247903529081675,0.5354094711324534,-0.016357688113413316,-0.2458193979933111,-0.2819472283974153,0.020509977827051055,0.0
2025-03-19,9.27,9.02,0.0011104942840271153,0.04361391077370187,0.002244669853823728,0.27917560571050215,0.027339045503231598,9.222,9.678999999999998,10.427666666666665,2,19,3,9.32561026864645,10.265030385179656,36.44314868804666,-0.6802714139610657,-0.7225087091362425,10.799411578511762,8.558588421488235,0.022428968975397773,0.03494275693869909,0.02937129251290893,-10209250.0,-0.7300888492124856,0.0,0.0,-1,0.0,0,21.6,0.04192399866473282,-0.0011086474501108411,0.052210620045534006,0.4283880752696634,0.5546990698966466,-0.012779552715655007,-0.21173469387755106,-0.19194561393947604,0.06148867313915861,0.0
2025-03-20,9.3,9.27,0.007739120992955468,0.0010531859846586405,0.01667631753512722,-0.3490638624463454,0.00323102058144654,9.199,9.603,10.337666666666667,3,20,3,9.320953856165277,10.202770360329357,29.22077922077925,-0.6388985412065331,-0.7057866755503006,10.596560317878698,8.609439682121302,0.022415428471638812,0.031070786716219462,0.02944702464721846,-9348628.0,-0.6099277407675044,0.0,0.0,-1,0.0,0,21.685714285714287,0.0361452625084881,-0.02049622437971947,-1.085547181277447,0.2858697555449935,0.49323344814147546,0.029900332225913706,-0.14048059149722736,0.1983913852967132,0.04623655913978491,0.0
2025-03-21,9.04,9.3,-0.0011019284861566439,-0.03208831455150063,-0.011086588056340479,1.4104780800514187,-0.02835522575512535,9.165000000000001,9.555,10.237333333333334,4,21,3,9.269871336862497,10.127752917727465,33.83458646616543,-0.6199437429947867,-0.6886180890391979,10.560490192053534,8.549509807946466,0.02353936513077239,0.02708926931583321,0.02957201837565725,-12875383.0,-1.024375979139499,0.0,0.0,-1,0.0,0,22.685714285714287,0.04506141794800581,-0.02473118279569897,3.9832053454232907,0.3318145083697764,0.430028818848885,-0.01952277657266832,-0.09600000000000009,0.7390809204726245,0.025442477876106047,0.0
2025-03-24,9.21,9.04,0.01096502214132824,0.01563795685253174,0.01108658805634055,-1.1304698474286592,0.018630675863130622,9.174,9.503,10.141333333333334,0,24,3,9.258985639251133,10.068543052067628,44.76987447698747,-0.5844669780939054,-0.6677878668501394,10.463725602974433,8.542274397025567,0.022792266704578828,0.02676552354278923,0.029929292885905394,-11736659.0,-0.6099556399722528,0.0,0.0,-1,0.0,0,25.4,0.030063512520548608,0.014380530973451416,-0.13423743179217162,0.34900757632023843,0.42488951402798864,0.013201320132013361,-0.10146341463414621,-0.4235037257468992,0.029858849077090154,0.0
2025-03-25,9.11,9.21,0.0021786500992221724,-0.0059028880817791505,0.0022026440623420965,0.0034146586327495902,-0.010917138995348642,9.168,9.4495,10.050999999999998,1,25,3,9.231897341205471,10.00670156483746,39.055793991416365,-0.5579884075522585,-0.6458279749905632,10.369808300745524,8.529191699254477,0.02303695757291478,0.02679523188556242,0.029820662913613925,-12879278.0,-0.7377962357287853,0.0,0.0,-1,0.0,0,29.285714285714285,0.03489243490102512,-0.002171552660152155,-0.11666449517909078,0.355659342460371,0.42536111934903903,0.009977827050997812,-0.10510805500982323,-0.3108877848542876,0.021953896816684883,0.0
2025-03-26,10.02,9.11,0.09243732627562685,0.1290812470563992,0.08434923744523337,0.7280489299748614,0.09521038438485183,9.231,9.433,9.986666666666666,2,26,3,9.375188733713566,10.007559528396333,57.77777777777775,-0.45829165390792426,-0.6083207107740354,10.295337093692458,8.570662906307541,0.03896712666749867,0.03543614444339247,0.03564227319764981,-10512873.0,1.361416560399862,0.0,0.0,-1,0.0,0,28.88571428571429,0.008799400036595106,0.10647639956092214,1.753443426536941,0.7881484182297683,0.5625313537210791,0.08090614886731395,-0.03188405797101446,1.5851000913940885,0.0678642714570858,0.0
2025-03-27,10.62,10.02,0.007905179507113247,0.01874469128615084,0.02200088739775916,-0.19276439461620568,0.05815592015707406,9.389999999999999,9.453999999999999,9.947333333333331,3,27,3,9.601518054856554,10.047071816886893,67.22222222222214,-0.32709571696255857,-0.5520757120117401,10.410317498477777,8.49768250152222,0.0385974691795649,0.03777445191158272,0.03753293778635965,-8561355.0,2.438520683467538,0.0,0.0,-1,0.0,0,28.342857142857145,-0.022210679507310916,0.01397205588822361,1.003175766230182,0.8290611334246833,0.5996508340188978,0.14193548387096766,0.04117647058823537,0.49973485653235705,0.06214689265536725,0.0
2025-03-28,10.3,10.62,0.03671910096288037,-0.01959652040395978,0.000988630826939435,-0.10517902100675192,-0.030595120578202555,9.498,9.440000000000001,9.892333333333333,4,28,3,9.72851477215536,10.063389764184514,66.12021857923494,-0.24610635648441992,-0.49088184090627607,10.333013820839627,8.546986179160376,0.04129921130777764,0.03753333425487812,0.037735943922410996,-10318040.0,1.9260620159079154,0.0,0.0,-1,0.0,0,26.371428571428574,-0.01465700321572824,-0.007532956685499066,0.656330978868999,0.8383922237570027,0.5958232098808158,0.1393805309734515,-0.026465028355387443,0.46445672059621945,0.04281553398058259,0.0
2025-03-31,10.07,10.3,-0.03671910096288039,-0.011523388309844765,-0.014933079885572437,0.020055578485398743,-0.022583188505119173,9.596,9.4485,9.832333333333333,0,31,3,9.79060299539984,10.063816231011321,61.71874999999998,-0.19819610133505883,-0.43234469299203265,10.362928783449023,8.534071216550975,0.0419512949799934,0.03487068177320303,0.03787853725633434,-12110312.0,1.3593185412555375,0.0,0.0,-1,0.0,0,21.11428571428572,-0.010658784440632504,-0.013592233009708792,0.6556892521009168,0.9128739846559838,0.5535549121150083,0.09337676438653619,0.01717171717171717,0.8112885767046485,0.04667328699106245,0.0
2025-04-01,10.2,10.07,-0.008897735419864891,-0.007692345623155614,0.0,-0.6493055658558133,0.012827013559754399,9.714,9.485499999999998,9.773666666666665,1,1,4,9.86503881441805,10.072602280623494,60.79999999999996,-0.1480305612455588,-0.3754818666427379,10.459811632843822,8.511188367156175,0.041430502826343196,0.033220151398903865,0.03795088160041877,-11174014.0,1.4666765250754858,0.0,0.0,-1,0.0,0,19.571428571428573,-0.019989600183931158,0.0,-0.6137773555619173,0.8783652952866959,0.5273535547044845,0.11964873765093298,0.07822410147991521,0.5466081610462072,0.038235294117646944,0.0
2025-04-02,10.49,10.2,-0.005976113403341778,0.012470185576868947,0.004004009353382181,-0.025090588595764643,0.028034702117980526,9.836,9.529,9.731333333333334,2,2,4,9.978668120887495,10.099531165744558,69.8369565217391,-0.08390621432363687,-0.3171667361789177,10.60134911832808,8.45665088167192,0.04145911367634941,0.0335488676107567,0.03834670918597869,-10260916.0,1.79232674056433,0.0,0.0,-1,0.0,0,22.6,-0.03801839149125818,-0.018627450980392108,-0.6438635407470404,0.5881987479523203,0.5325717627953515,0.04690618762475052,0.09043659043659047,0.29527823831997796,0.045757864632983834,0.0
2025-04-03,9.86,10.49,0.004982571344464093,-0.018278527172615622,-0.02324510928040325,0.4129035316515185,-0.06193625379366182,9.892,9.5455,9.699333333333334,3,3,4,9.95709209890795,10.084077542148137,57.76699029126211,-0.08296655546089404,-0.270326700035313,10.628020936955693,8.462979063044308,0.04753348800930591,0.036468010790895275,0.03712564153747395,-11640789.0,0.5810511173750558,0.0,0.0,-1,0.0,0,12.142857142857142,-0.009694767223595835,-0.040991420400381284,0.028769939805591373,0.5598529493681836,0.5789117241715729,-0.07156308851224102,0.03462749213011551,-0.029241170432944292,0.05273833671399608,0.0
2025-04-04,9.35,9.86,-0.059382848404662666,-0.055902777581146375,-0.06866426641252278,0.005872396135933597,-0.05310982531394841,9.922999999999998,9.544,9.677666666666669,4,4,4,9.84671171728832,10.036717700719226,52.88888888888888,-0.12196862836944611,-0.24065508570213964,10.627569151121987,8.460430848878014,0.049998002017538117,0.03825018695566667,0.03571949718787077,-13028789.0,-0.358075900922655,0.0,0.0,-1,0.0,0,5.385714285714286,0.024501677671764747,-0.0385395537525354,0.02562219701713661,0.6165881272406613,0.6072028937185248,-0.09223300970873793,-0.0031982942430704986,0.19081864461663053,0.0651336898395722,0.0
2025-04-07,9.48,9.35,-0.06650951994544248,0.015283027980177158,-0.041479312685903005,0.3945323640093571,0.013807972966334816,9.95,9.562000000000001,9.652,0,7,4,9.780036859599536,10.000800429705082,55.04385964912281,-0.1407654817494297,-0.22067716491159767,10.627726339910492,8.49627366008951,0.04986582798721109,0.03776190205522871,0.03549099122116582,-10969427.0,-0.15388565887728328,0.0,0.0,-1,0.0,0,4.0,0.018947289448145596,-0.051336898395721975,0.9451839161065737,0.6550659431277924,0.5994516112254842,-0.05858987090367429,0.03947368421052655,-0.5271404024955598,0.11919831223628699,0.0
2025-04-08,9.22,9.48,0.11991029667255769,0.011060947359424976,0.038078508574504365,-0.19568445797795733,-0.027809278698427975,9.961,9.564499999999999,9.620000000000001,1,8,4,9.678211976035982,9.950426208433788,49.45295404814006,-0.17462893688474956,-0.21146751930622804,10.626582859291148,8.50241714070885,0.05068258754926082,0.038342414488851236,0.0357857007513093,-12662782.0,-0.6487252797393281,0.0,0.0,-1,0.0,0,2.9,0.030755681514973383,0.05485232067510544,0.3744046944238131,0.6229229047250127,0.6086669604195607,-0.0960784313725489,0.005452562704471253,0.3061737621085628,0.09761388286334059,0.0
2025-04-09,10.08,9.22,-0.08229524272683016,0.02761516703297339,0.0054794657646255705,-0.09787524501803321,0.08917822507472001,9.966999999999999,9.599,9.610999999999999,2,9,4,9.751264344029439,9.958785807889672,57.222222222222214,-0.1305660719692927,-0.195287229838841,10.681840319666202,8.516159680333798,0.049291976421765686,0.04333741224349287,0.039729591215607284,-11127312.0,0.8884043035048302,0.0,0.0,-1,0.0,0,9.5,-0.004342969919942104,-0.0010845986984815387,0.08428873243621318,0.9952606382775768,0.6879600915682075,-0.03908484270734036,0.07348242811501593,1.254611218022074,0.11210317460317451,0.0
2025-04-10,9.7,10.08,0.05492404593069824,-0.03262770885651765,0.03226086221822126,-0.3893648798918158,-0.03842737713388551,9.875,9.6325,9.594333333333333,3,10,4,9.741943554205903,9.942089949316145,55.97826086956521,-0.12486934222676283,-0.18120365231642538,10.682169120798532,8.582830879201468,0.046040051579133344,0.043304386441922395,0.04024146745936323,-12167573.0,0.1286119571635082,0.0,0.0,-1,0.0,0,5.614285714285715,0.02768716122377565,-0.03472222222222219,-0.7095496684071584,0.9298343762941389,0.6874358232213832,-0.016227180527383367,0.07419712070874862,1.4125386736786902,0.051546391752577324,0.0
2025-04-11,9.97,9.7,0.0,0.01198815555996962,0.011572985557658564,0.010124862449242645,0.027454698464409944,9.841999999999999,9.67,9.574000000000002,4,11,4,9.783408362532102,9.94389059774736,56.76156583629893,-0.09744461844299224,-0.16445184554173875,10.711173427082745,8.628826572917255,0.04660152704421079,0.04346768178290202,0.03996928489955006,-11116726.0,0.576272870967459,0.0,0.0,-1,0.0,0,8.385714285714286,0.005458793907967382,0.0030927835051547566,-0.6686335512098648,0.8273372233171417,0.6900280563963087,0.06631016042780757,0.08134490238611702,0.8603819471634782,0.051153460381143406,0.0
2025-04-14,9.98,9.97,0.03929976766140558,0.007912998757325504,0.02886798400085205,-0.19758852237378224,0.0010025063496255707,9.833,9.7145,9.576666666666664,0,14,4,9.819152296617174,9.94622023660237,57.86618444846293,-0.074049810709921,-0.1463714385753752,10.726979499467607,8.702020500532392,0.04606761450285511,0.043252811856516214,0.038153881890089364,-10254288.0,0.5244550633165596,0.0,0.0,-1,0.0,0,12.342857142857143,0.007727119136132494,0.015045135406218513,-0.9386542152575326,0.8324635182972636,0.6866171020596471,0.052742616033755185,0.09790979097909802,1.084530103946044,0.031062124248497042,0.0
2025-04-15,9.92,9.98,-0.018953185802238263,-0.014888612493750637,-0.008163310639160981,-0.18191859452900114,-0.006030169026591188,9.805,9.7595,9.592,1,15,4,9.837488242686778,9.944528608434476,48.93162393162393,-0.059662997691589226,-0.12902975039861803,10.720715787153829,8.79828421284617,0.045868678315837456,0.04322722296681009,0.03721040863702105,-10973276.0,0.3339520680891914,0.0,0.0,-1,0.0,0,13.114285714285716,-0.0061740721140711085,-0.005010020040080231,-1.1240407123989244,0.781890741331589,0.6862108910287151,0.07592190889370931,0.0997782705099779,1.0583986699245573,0.024193548387096794,0.0
2025-04-16,9.91,9.92,0.0010065426114014722,0.007968169649176881,-0.0020512827705573607,-0.10996117609191401,-0.0010085729548847744,9.747,9.791500000000001,9.601666666666667,2,16,4,9.85067219856191,9.942300956277412,41.32029339853302,-0.048509078686437945,-0.11292561605618202,10.72635208511973,8.856647914880272,0.044637653622024105,0.042931118285768954,0.03711042190879013,-11617395.0,0.2535160414918955,0.0,0.0,-1,0.0,0,11.142857142857142,-0.010089807408829272,0.0020161290322580215,-1.1529145320938023,0.3709075781716516,0.6815103749402535,-0.016865079365079305,0.06903991370010787,-0.3678127632858205,0.03430877901109988,0.0
2025-04-17,9.81,9.91,-0.006054508908706038,-0.005970166986503908,0.00548799346022449,0.19543564929041213,-0.010142074764624814,9.742,9.817,9.611,3,17,4,9.843277253368834,9.933765410711128,43.669250645994836,-0.04719465121874045,-0.09977942308869371,10.722773295675012,8.911226704324989,0.04035500757786982,0.04305010081439556,0.03711817756702638,-12400541.0,-0.015456406218695271,0.0,0.0,-1,0.0,0,16.057142857142857,-0.014572647372066387,-0.0030272452068616914,-0.9404021569234307,0.23642841430970263,0.6833991640268992,0.011340206185567192,0.05483870967741922,1.767455655547478,0.023078491335372063,0.0
2025-04-21,9.67,9.81,-0.01324522675002068,-0.021221597630432354,-0.024664533422431925,0.23629710580352015,-0.014373964112068809,9.774,9.8485,9.620666666666665,0,21,4,9.811772298210863,9.916748287439443,44.70899470899471,-0.05679508951363488,-0.09118255637368194,10.68138401922102,9.015615980778978,0.03655943901437957,0.04262995134765299,0.037095458450739124,-13392435.0,-0.42863110800696386,0.0,0.0,-1,0.0,0,12.371428571428572,-0.02068966000943227,-0.006116207951070387,-0.6412270368638414,0.10011004635112322,0.6767294980120356,-0.030090270812437425,0.06969026548672574,-0.2164457237290966,0.02632885211995863,0.0
2025-04-22,9.95,9.67,0.007153837356618774,0.02636801272807892,0.02021296367517932,0.031100390982674028,0.02854424170529848,9.821000000000002,9.8855,9.648333333333335,1,22,4,9.83690460762707,9.918893559217544,46.81933842239186,-0.04133338060492342,-0.08121272121993024,10.662849748555324,9.108150251444677,0.037316730166711526,0.0428725043332959,0.036990364230058075,-12369208.0,0.1659484681634483,0.0,0.0,-1,0.0,0,13.600000000000003,-0.03207509463839421,0.015511892450879044,-0.5626286391244544,0.2726416409558416,0.6805799072906398,-0.0030060120240481547,0.08034744842562414,1.7964934050069328,0.03232160804020102,0.0
2025-04-23,10.14,9.95,0.03698572486825881,0.02241438448122475,0.023305548955957052,0.011477748429520604,0.01891544699253576,9.913,9.937,9.680666666666667,2,23,4,9.892012860785783,9.93315849088093,45.43080939947781,-0.01359177527069022,-0.06768853203008224,10.62991451587903,9.24408548412097,0.035623330294105256,0.04282269390764323,0.037098162380756375,-11334169.0,0.5859308626042444,0.0,0.0,-1,0.0,0,21.542857142857144,-0.04227513093093304,0.0241206030150754,-0.5253230123002427,0.29769266901612257,0.6797891912967885,0.022177419354838745,0.11306256860592767,0.48618819046024553,0.03155818540433928,0.0
2025-04-24,10.25,10.14,0.005870858349783827,0.006773127005845739,0.008977616407098384,0.24278497059229365,0.010789707421380025,9.930000000000001,9.9485,9.709333333333335,3,24,4,9.957101431552003,9.953599878566033,55.891238670694875,0.01707292150423001,-0.05073624132321979,10.65472122670783,9.242278773292169,0.020617015794879227,0.03677315090977951,0.036931276600138147,-10014707.0,0.8538400959866185,0.0,0.0,-1,0.0,0,24.08571428571429,-0.035094013776107595,0.01084812623274156,0.17653826846270593,0.2956740720576628,0.5837556733891511,0.034308779011099855,0.022954091816367317,-0.11742892210482649,0.029268292682926727,0.0
2025-04-25,10.2,10.25,-0.01375267255203715,-0.009728947452856138,-0.007976114070008757,-0.856589104415927,-0.004889985294191904,9.98,9.9275,9.748333333333333,4,25,4,10.001264807633458,9.969496660594032,64.91228070175437,0.03691480163838001,-0.03320603273089983,10.571921405113534,9.283078594886467,0.01562759441441987,0.034144170830970766,0.036118253696170034,-10574961.0,0.8457198902385623,0.0,0.0,-1,0.0,0,34.51428571428572,-0.04058324202981165,-0.01365853658536591,-1.459407212011258,0.2786181482184435,0.5420219084475255,0.039755351681957096,-0.039548022598870025,-0.18542783174018232,0.027411764705882382,0.0
2025-04-28,10.16,10.2,0.007881814202253375,0.006831794291703272,0.005988041844622693,0.08842045848395648,-0.003929278139889438,9.999,9.9205,9.779666666666667,0,28,4,10.030125751700101,9.981787198620225,62.318840579710134,0.048848869531079586,-0.016795052278503947,10.550770618569246,9.290229381430755,0.013600177115539144,0.03348271142417553,0.03601587722807943,-11187009.0,0.7599910036856231,0.0,0.0,-1,0.0,0,32.142857142857146,-0.03829902899813995,-0.0009803921568627243,-1.2164088555890868,0.23248481930671314,0.5315215658910586,0.050672182006204824,-0.013592233009708798,0.20179897730476373,0.028543307086614088,0.0
2025-04-29,10.24,10.16,-0.004918849071596266,-0.0058196090532640415,0.00545771635049954,0.05537019134425623,0.007843177461025879,10.025,9.928999999999998,9.818,1,29,4,10.068284705936446,9.998446089031823,69.7674418604651,0.06402400683127141,-0.0006312404565488768,10.572212332953308,9.285787667046689,0.01371882925572575,0.033109105946629504,0.035861267654339446,-10540116.0,0.9670212589738303,0.0,0.0,-1,0.0,0,32.74285714285714,-0.04448029034748833,-0.001968503937007832,-1.0435704418288219,0.16171059632564241,0.5255907627988287,0.029145728643216184,0.01688182720953324,0.13678450006460877,0.017089843749999896,0.0
2025-04-30,10.13,10.24,0.0009857073247591282,-0.012726554539222664,-0.012447260532211766,0.1776374970135697,-0.0108003013507696,10.046000000000001,9.925500000000001,9.855,2,30,4,10.079505668493455,10.006933438126545,51.366120218579255,0.06640881233049534,0.012776770100859966,10.563241904568132,9.28775809543187,0.014126514102143554,0.03309696619005922,0.03590147833598161,-11312760.0,0.6413252713524731,0.0,0.0,-1,0.0,0,32.371428571428574,-0.04492646508726266,-0.008789062499999986,-0.6973126412478211,0.145083850752895,0.5253980501376576,-0.0009861932938856066,-0.00686274509803908,0.2800946192025571,0.016781836130306014,0.0
2025-05-01,10.22,10.13,0.0029513056345803197,0.017578577643750905,0.004000005333346137,-0.09254300746080597,0.008845266514966268,10.077000000000002,9.912,9.886666666666667,3,1,5,10.105050092403737,10.020679667924833,66.88311688311691,0.07469994128481083,0.025161404337650142,10.509595180703528,9.314404819296474,0.014224019573796293,0.032501734406618084,0.035645001975546195,-10608410.0,1.030798138758091,0.0,0.0,-1,0.0,0,41.25714285714287,-0.04968538665917833,0.004935834155972253,-0.8285659529403692,0.13608486222575142,0.5159490385090975,-0.0029268292682925745,-0.025738798856053346,0.17544515392689813,0.03033268101761257,0.0
2025-05-02,10.51,10.22,0.02041879398875942,0.027686732682245568,0.020741484306816372,0.3222542659535372,0.027980600113301245,10.147,9.944500000000001,9.927,4,2,5,10.178677348330329,10.052248721607102,67.30769230769229,0.10347846178993336,0.04082481582810679,10.598249509409158,9.290750490590845,0.01539120337353372,0.029930665547613988,0.03592430547879009,-9636241.0,1.7300204187107802,0.0,0.0,-1,0.0,0,38.28571428571429,-0.052141330466365605,0.016634050880626215,-0.12172838918739438,0.23695060684252994,0.4751345856818129,0.030392156862745212,0.06592292089249496,0.6655934450660134,0.037107516650808636,0.0
2025-05-05,10.64,10.51,0.009578617297069747,0.005165543300895585,0.00195312562088207,0.2028005839174086,0.012293299024638656,10.244,10.009,9.980333333333332,0,5,5,10.262554194088452,10.090168158922772,69.64285714285715,0.1352168643305287,0.05970322552859118,10.670287420590824,9.347712579409176,0.013483418724791717,0.026979532315254243,0.03541119064133604,-8445501.0,1.9083986186709452,0.0,0.0,-1,0.0,0,53.057142857142864,-0.049862432140946024,-0.0019029495718363059,0.45955167354462595,0.22127508648796126,0.42828679796996044,0.047244094488189115,0.13796791443850287,-0.18542735729202245,0.039943609022556455,0.0
2025-05-06,10.52,10.64,0.002855784901357892,-0.0014061403769898158,0.01740856342826391,-0.7446729978261865,-0.011342276603934607,10.300999999999998,10.061,10.024000000000001,1,6,5,10.309362522436004,10.117899245443883,67.24137931034481,0.1489695516277969,0.07755649074843234,10.710595825757983,9.411404174242017,0.013091713307738548,0.027218023143283775,0.035463139708224914,-9010971.0,1.4131864208468838,0.0,0.0,-1,0.0,0,54.65714285714286,-0.05062878485953774,-0.011278195488721898,-1.1724066679230558,0.26649011796737787,0.4320727224955765,0.02734375,0.10970464135021096,0.28641438275301906,0.021863117870722475,0.0
2025-05-07,10.25,10.52,-0.0009510224207039691,-0.0009385265822643885,-0.01936168904914592,0.39690944563662667,-0.026000501725146584,10.312000000000001,10.1125,10.062000000000001,2,7,5,10.298569336538547,10.126421874770086,58.49999999999999,0.1365083288364506,0.089346858366036,10.631562920838666,9.593437079161335,0.015431546114781354,0.027108340642568243,0.03579350392053999,-9851950.0,0.5298008949583075,0.0,0.0,-1,0.0,0,54.142857142857146,-0.061845014964221345,-0.000950570342205303,-0.20098265303868942,0.33589099812403533,0.43033156677516277,0.011846001974333609,0.11171366594360088,-0.2908182842168313,0.040975609756097556,0.0
2025-05-08,11.77,10.25,0.04647676584572876,0.10929642177906482,0.03269521991861112,0.6280227419076962,0.13827621568776807,10.464,10.197,10.120333333333333,3,8,5,10.566102184440629,10.232459173172018,78.65497076023391,0.24644317332942656,0.12076612135871412,11.101168125958939,9.29283187404106,0.04921714171501398,0.03733209324761036,0.04095785765702225,-8276038.0,3.479441388915838,0.0,0.0,-1,0.0,0,57.65714285714286,-0.012915330782956569,0.07414634146341462,2.5504990680948203,1.0971884134607541,0.592628607927904,0.15166340508806253,0.16765873015873,1.745260825320907,0.11129991503823285,0.0
2025-05-09,11.62,11.77,0.05392380068917661,0.0008413967681916179,0.08389235833299856,-0.23717119203903508,-0.012826169848420192,10.605999999999998,10.293000000000001,10.153666666666668,4,9,5,10.757719969087788,10.321977936193178,78.42565597667638,0.31780018057230563,0.16017293320143244,11.366785237765082,9.21921476223492,0.04963005205945074,0.03610728212422972,0.03980298118128765,-9519206.0,2.4716301795356124,0.0,0.0,-1,0.0,0,60.02857142857143,-0.015514955680175729,-0.01274426508071371,1.2216765933112104,1.14001177039335,0.5731853341149591,0.10561370123691716,0.19793814432989687,2.0411396206683308,0.033993115318416645,0.0
2025-05-12,11.82,11.62,0.0371664398752743,0.018333846862310325,0.00995463749465526,-0.32085915310267543,0.01706526055418715,10.772,10.3855,10.204333333333333,0,12,5,10.95086179289001,10.418624520954909,77.91044776119404,0.3860394292033682,0.2053462324018196,11.64483106721077,9.12616893278923,0.04922357626701199,0.03590318693456022,0.039349850916553436,-8617256.0,2.2781936177866284,0.0,0.0,-1,0.0,0,64.4857142857143,-0.01317873968523098,0.037865748709122314,0.013517677009751074,1.1378987335068333,0.5699454234210587,0.11090225563909772,0.18555667001002996,1.9859029330766391,0.04230118443316413,0.0
2025-05-13,12.17,11.82,-0.004987541511039162,0.013533116115583499,0.030536723860081702,0.209636924842453,0.02918089502148366,10.965,10.495000000000001,10.274333333333335,1,13,5,11.172523285091826,10.531616487344916,78.91737891737891,0.4630241461741047,0.2568818151562766,11.968506380248048,9.021493619751954,0.04929211320490981,0.03613213841985557,0.03923410373936476,-7504944.0,2.273488628828379,2284.0,27910.480000000003,1,0.0,0,68.2,0.0034985868355158502,0.015228426395939063,0.7249017077124406,1.0961909996414065,0.5735799155754008,0.15684410646387836,0.21943887775551096,1.6777572777991538,0.02506162695152011,0.0
2025-05-14,11.79,12.17,-0.0016680571006969474,-0.015186009053882989,-0.01600034134644119,-0.09880495887226637,-0.03172219245015629,11.131,10.5885,10.327333333333335,2,14,5,11.284791778711494,10.612802520419438,70.37037037037035,0.4877497888585953,0.3030554098967404,12.143448298345138,9.033551701654861,0.05103381768173934,0.037165257258659205,0.039829540701560785,-8512609.0,1.5453890026809274,0.0,0.0,-1,0.0,0,70.4,-0.012055671387270045,-0.015612161051766599,0.2998986001423828,1.1149533142633856,0.5899801687089024,0.1502439024390243,0.188508064516129,1.6018935320283358,0.02629346904156069,0.0
2025-05-15,11.97,11.79,-0.014291962478032296,-0.006222795438268962,-0.0059600006138145626,0.12320650705876818,0.015151805020602246,11.306,10.691500000000001,10.376666666666667,3,15,5,11.409375091673041,10.700363648134312,72.63427109974425,0.515922303339508,0.34562878858529394,12.327982427905123,9.05501757209488,0.0509694849220657,0.037106160528688446,0.03964110659799634,-7372821.0,1.5624976818561027,100000.0,1192000.0,1,0.0,0,69.14285714285714,-0.008278639688903982,0.001696352841391124,0.7012414207387169,0.39509910303288853,0.5890420372041038,0.016992353440951735,0.20787083753784064,-0.6775451031012373,0.025480367585630718,0.0
2025-05-16,11.89,11.97,0.005067578412305664,-0.004588120665946532,-0.012027636404040774,0.13456657556090273,-0.006705808867191317,11.443999999999999,10.7955,10.444333333333333,4,16,5,11.49676143864158,10.777114380512744,71.89873417721518,0.5257335633648417,0.3816497435412035,12.460236109955455,9.130763890044546,0.051306361654037805,0.037016296866494866,0.03776778347492536,-8676785.0,1.3149231201926501,100000.0,1174000.0,1,0.0,0,70.60000000000001,0.05327094019211031,-0.008354218880534788,1.1765692698158543,0.38138504831748204,0.5876154957917094,0.023235800344234114,0.21202854230377155,-0.9069706773742819,0.0328006728343146,0.0
2025-05-19,11.82,11.89,-0.00931026615109581,-0.004189365155276994,0.011173300598125036,-0.26154732109252593,-0.005904698724738333,11.562000000000001,10.903,10.526666666666666,0,19,5,11.555532086161293,10.84439732370547,70.05076142131978,0.5218451367366583,0.4096888221802945,12.539145663313356,9.266854336686645,0.05167517467916397,0.036770421438314334,0.03620874521783,-9680654.0,1.1209270917150311,100000.0,1178000.0,1,0.0,0,69.74285714285715,0.05503006656496239,-0.010933557611438249,0.09782660447842438,0.3692264618450191,0.5837123443729061,0.0,0.22233712512926584,-0.09370587203604125,0.017766497461929005,0.0
2025-05-20,11.83,11.82,0.007623925110659366,0.0008392782699949171,0.008086871055927888,-0.2218533788434892,0.0008456660123431427,11.693,10.997,10.605,1,20,5,11.605435343222874,10.907984593143828,72.13541666666663,0.513649416310173,0.4304809410062702,12.618566494084346,9.375433505915653,0.051216607963449075,0.03657211283071167,0.036219311841265325,-8876522.0,1.027401593507113,68810.0,814710.4,1,0.0,0,69.17142857142858,0.05449705830192513,0.0025380710659897937,-0.5744286766286157,0.26738441083465275,0.5805642928215452,-0.0279375513557929,0.18894472361809056,-0.670410645465773,0.010566356720202874,0.0
2025-05-21,11.7,11.83,-0.0178804252778483,-0.012239021734722272,-0.021423270053179625,0.19458707695527958,-0.011049836186585046,11.838000000000001,11.075,10.687666666666667,2,21,5,11.62262891718235,10.959082361328097,69.07216494845356,0.49100434285568895,0.442585621376154,12.6728999375826,9.4771000624174,0.05018859304754259,0.036765442482862495,0.035786554980380664,-9853389.0,0.7822767687763198,32000.0,374400.0,1,0.0,0,66.22857142857143,0.04834579260807719,-0.016060862214708326,0.05035546547630349,0.16320633603677454,0.5836333059054195,-0.007633587786259555,0.15384615384615374,1.3937877788711528,0.019658119658119696,0.0
2025-05-22,11.79,11.7,0.0,0.007192753667097946,0.005614352903341318,-0.20855251112696638,0.007662872745569097,11.84,11.152000000000001,10.744666666666667,3,22,5,11.653060023149195,11.012689950919832,67.39130434782605,0.47484647228188237,0.44903779155729967,12.730815011996476,9.573184988003526,0.017646270788371173,0.036758345384220056,0.03201221962300934,-9060409.0,0.8082010813834627,0.0,0.0,-1,0.0,0,66.8,0.04836075054823053,-0.005128205128205019,-0.5312623158788656,0.11634111072122563,0.5835206429571915,-0.015037593984962516,0.1502439024390243,0.7389471979832625,0.02120441051738762,0.0
2025-05-23,11.73,11.79,-0.005167970158442673,-0.003378381591627195,-0.0025873235649509123,0.11142672170854664,-0.0051020518838953985,11.851,11.2285,10.812333333333333,4,23,5,11.66704910984934,11.058968018602425,65.09695290858724,0.4519894913789617,0.4496281315216321,12.76067114613636,9.69632885386364,0.01717683837664601,0.03676215165536894,0.031026170130034,-9946859.0,0.6546266078233114,0.0,0.0,-1,0.0,0,64.08571428571429,0.03259937648585299,-0.01781170483460552,-0.2593424822842317,0.11368504874228072,0.5835810656384861,-0.01345668629100083,0.15000000000000013,0.6153669663200353,0.020460358056266004,0.0
2025-05-27,11.95,11.73,0.019667158064421895,0.013445580709351118,0.014573768445318689,-0.09032258216914744,0.018581615712135534,11.864,11.318,10.878333333333332,1,27,5,11.718494726240369,11.11645395288614,69.27223719676549,0.44648058051338424,0.4489986213199826,12.79551712074867,9.84048287925133,0.017344083102263583,0.03673746867827929,0.030857618743810586,-9136966.0,0.8554892408688429,0.0,0.0,-1,0.0,0,65.74285714285715,0.03836160720559532,0.006820119352088668,-0.6226675340242985,0.18327129253695276,0.5831892355245106,0.010998307952622577,0.17618110236220463,0.5280618725075426,0.01924686192468623,0.0
2025-05-28,11.97,11.95,0.01345688936061081,0.006655598611736067,0.008474626990972236,0.19839789327286336,0.0016722411923621328,11.844,11.4045,10.944666666666668,2,28,5,11.764222957833027,11.171521439796711,74.85549132947976,0.4386718260686884,0.44693326226972374,12.81743982439756,9.99156017560244,0.014236197346052755,0.03677134118528989,0.030853751951339266,-8149344.0,0.8004587176826362,0.0,0.0,-1,0.0,0,64.74285714285715,0.04933064551164371,0.0016736401673641298,0.03412241638209436,0.18296775550682884,0.5837269449035046,0.01183431952662728,0.1689453125,0.45957495703473134,0.01754385964912288,0.0
2025-05-29,12.14,11.97,0.003336116522010393,0.016447739209025883,0.01007565198874164,0.10695782659098588,0.014102266061470478,11.879000000000001,11.504999999999999,11.018666666666666,3,29,5,11.83254605640884,11.234003927551763,58.76777251184835,0.44111600049442856,0.44576980991466475,12.81869306677184,10.191306933228159,0.010469489408269732,0.03650879037871119,0.030791545017339782,-7050232.0,0.9667402775602633,0.0,0.0,-1,0.0,0,64.45714285714287,0.05066342669581064,0.0033416875522137967,0.4486565535915211,0.1514446479118951,0.5795590800591446,0.037606837606837695,0.19842053307008878,-0.19579841303747572,0.0238879736408566,0.0
2025-05-30,12.07,12.14,0.010766149539460092,0.0,-0.010919890114022212,0.4956224588252179,-0.005782750521912083,11.889,11.5975,11.090666666666666,4,30,5,11.87571950069814,11.287939158032296,61.08374384236454,0.43241994341494205,0.44309983661472024,12.784657152723833,10.410342847276167,0.00981903029426633,0.03667222497624081,0.03084739161388836,-8854446.0,0.7960192951975873,0.0,0.0,-1,0.0,0,61.91428571428571,0.04910658598175685,0.0,2.670282495061813,0.17789921405550216,0.5821535238632685,0.02374893977947412,0.1810176125244618,0.42608683246483287,0.03479701739850869,0.0
2025-06-02,12.13,12.07,-0.004954593124683341,-0.002449980808984324,0.01342302033214077,-0.68561883654304,0.004958687846518583,11.913,11.6785,11.168,0,2,6,11.921952318753023,11.342265663965698,58.20105820105821,0.42546525546474534,0.4395729203847253,12.770485637075485,10.586514362924515,0.00950891442340505,0.036392019869528204,0.030681353270067328,-7945522.0,0.8269339534706546,0.0,0.0,-1,0.0,0,62.42857142857144,0.059191537189163715,0.0008285004142501894,-0.4900924321249787,0.15579019465861538,0.5777054056925572,0.0341005967604433,0.15413891531874424,0.011969230115343656,0.01896125309150869,0.0
2025-06-03,12.4,12.13,0.01070409561594456,0.02383469727184745,0.014067257211435489,0.11127659053605027,0.022014749655032462,11.971,11.7665,11.259000000000002,1,3,6,12.008870078979747,11.410506588871138,56.353591160221,0.43670628051271443,0.43899959241032316,12.787464971820494,10.745535028179507,0.010956803263683867,0.036524630704046525,0.03051085978300976,-6929614.0,1.2409828299405792,0.0,0.0,-1,0.0,0,54.57142857142857,0.07423717548441222,0.006595218466611712,-0.08226580593357195,0.17372774086371642,0.5798105374282866,0.03765690376569042,0.16541353383458635,0.32214058209789653,0.02862903225806455,0.0
2025-06-04,12.25,12.4,0.008156652073748787,-0.003599284029646873,0.002462044739775125,0.005591147280126609,-0.012170535620255179,12.013,11.853,11.335666666666667,2,4,6,12.05271188280161,11.46466745410526,64.55696202531647,0.4285708297040003,0.43691383986905863,12.709138208222925,10.996861791777075,0.01217929238813629,0.036548143328685875,0.03049370057399247,-7951218.0,0.9274203538329348,0.0,0.0,-1,0.0,0,54.88571428571429,0.0645499911226681,-0.0072580645161290204,-0.1557080514935839,0.22314096931587993,0.5801837887730834,0.023391812865497075,0.164448669201521,0.053027433207626574,0.02285714285714295,0.0
2025-06-05,12.65,12.25,-0.0016260166184187826,0.01865503593280134,0.0049059787688544056,-0.19789753864679457,0.032131278182793196,12.108,11.973,11.419333333333332,3,5,6,12.161309722292227,11.541140521582342,68.88888888888887,0.4492217348572396,0.43937541886669484,12.487877604260122,11.45812239573988,0.014060099655965063,0.0360240370357684,0.03077256917802637,-7113039.0,2.629751204552192,0.0,0.0,-1,0.0,0,57.97142857142858,0.07195390658428708,0.00326530612244891,-0.8641219818677065,0.2983427899979312,0.5718638593033416,0.042009884678748,0.23414634146341462,0.33998948854418753,0.035968379446640324,0.0
2025-06-06,12.8,12.65,0.04222052791458064,0.012893321802124637,0.03447235121823083,-0.03425299092298943,0.011787955752042173,12.209,12.0245,11.504333333333333,4,6,6,12.277435227330004,11.622357262125417,74.33155080213903,0.47224769490770235,0.44594987407489634,12.648391859725548,11.400608140274452,0.014114023274084446,0.016088463916768395,0.030776538365950342,-6303084.0,2.4860077525010396,0.0,0.0,-1,0.0,0,61.77142857142858,0.06693384714860634,0.013438735177865606,-0.9118952605804439,0.2705485402276916,0.25539644700483205,0.06048053024026512,0.08751062022090061,-0.35365315957104876,0.0148437500000001,0.0
2025-06-09,13.01,12.8,0.0062208598751025326,0.018843087801479915,0.006284388318151639,0.3604897225980921,0.01627312159884238,12.337,12.094,11.598,0,9,6,12.410628822360911,11.71188260005281,79.60199004975124,0.5016583736377456,0.4570915739874662,12.828113142004272,11.359886857995727,0.013463057950507666,0.01577804378970809,0.03071801718974481,-5141583.0,2.4955281348026053,0.0,0.0,-1,0.0,0,63.42857142857143,0.08432437510617805,0.007812499999999972,0.6160586903236919,0.26412501237398495,0.2504686802559282,0.07254740313272867,0.1196213425129089,-1.0341931998305318,0.02728670253651041,0.0
2025-06-10,13.3,13.01,0.013092216268504127,0.016248232009790222,0.023220857591682745,-0.43261597869408747,0.022045742703294204,12.472,12.168,11.702666666666666,1,10,6,12.572332672840744,11.814341787146178,82.09606986899564,0.542117926789345,0.47409684454784196,13.065918059794708,11.27008194020529,0.013747573843140787,0.01601081139800075,0.03072322877867631,-4387990.0,2.521388199406104,0.0,0.0,-1,0.0,0,64.0,0.0947169132004515,0.004611837048424328,-1.0899074976354435,0.26418588428551415,0.25416375148481024,0.07258064516129026,0.1252115059221659,-1.0348242564024857,0.020300751879699215,0.0
2025-06-11,13.63,13.3,0.020447512851346945,0.03245122509803472,0.01744450759157764,0.48355126699730805,0.024509210480733148,12.638,12.241000000000001,11.815666666666667,2,11,6,12.764635823233336,11.931481026685134,88.75502008032132,0.5939638111469883,0.49807023786767124,13.351768344790989,11.130231655209014,0.013977703615663124,0.015671302607427367,0.03084875644893279,-3165795.0,2.5009715239253913,0.0,0.0,-1,0.0,0,64.2,0.10345237854985445,0.0030075187969924168,0.8506827051872112,0.1267108394410319,0.24877421651814538,0.11265306122448981,0.11996713229252265,0.2589524969085279,0.035216434336023374,0.0
2025-06-12,13.43,13.63,0.0007493443587807578,-0.006552626285154946,-0.008305068498484957,-0.3724016216237565,-0.014782235173295107,12.767,12.323,11.925666666666666,3,12,6,12.8856111281,12.028159670124804,81.53846153846153,0.6118605716990206,0.5208283046339411,13.531428296329022,11.114571703670979,0.01649430522045206,0.013956615295801982,0.030948135503296198,-4007982.0,1.8321318747051167,0.0,0.0,-1,0.0,0,64.6,0.09412219285495792,-0.02054292002934711,-0.6845606061683864,0.2511057938284732,0.2215543993013533,0.061660079051383265,0.1391009329940629,-1.6965279689285975,0.03723008190618019,0.0
2025-06-13,13.15,13.43,0.0022446698538239494,-0.0124955686855395,-0.009139439093092646,-0.2954415786282061,-0.02106925191137257,12.875,12.382,12.023333333333333,4,13,6,12.933681832081819,12.100536465600623,75.17730496453899,0.5965732978101688,0.5359773032691867,13.632357422583945,11.131642577416054,0.018669870895661557,0.015071523180005717,0.031453027712877994,-4634740.0,1.2284487397417585,0.0,0.0,-1,0.0,0,59.54285714285715,0.08723941068078869,-0.00372300819061794,-1.3929424502512342,0.3436939331542666,0.23925301327944296,0.02734375,0.09857978279030899,-0.5672633995428069,0.03422053231939158,0.0
2025-06-16,13.25,13.15,-0.013544225107757372,-0.008169373321230779,-0.0019146090474389031,0.5315151501099784,0.007575793808457723,12.987,12.45,12.114666666666666,0,16,6,12.991194226248759,12.17469540330381,74.07407407407406,0.5857747407996996,0.5459367907752892,13.735137715331966,11.164862284668033,0.01862896701958942,0.01483435867360559,0.031237099090476002,-3568306.0,1.2450027580014666,0.0,0.0,-1,0.0,0,61.114285714285714,0.08490811496303148,0.0038022813688212117,0.38580610072215127,0.33172688041244075,0.23548814345696625,0.01844734819369709,0.11438183347350717,-0.26574814839561667,0.02754716981132077,0.0
2025-06-17,13.13,13.25,0.0037807228399061523,-0.0007459903367214449,0.005732864927251134,-0.4219014409763101,-0.00909786411752635,13.060000000000002,12.5155,12.197666666666665,1,17,6,13.016431639658073,12.236327957929372,70.71428571428571,0.561066187691214,0.5489626701584742,13.798973494282825,11.232026505717174,0.01878881498182623,0.014979004430923934,0.031382949646818564,-4267672.0,0.9575577567238656,0.0,0.0,-1,0.0,0,57.42857142857144,0.08523989756977879,0.0,-1.015993898310546,0.2944164933368175,0.23778432366935587,-0.012781954887218006,0.11082910321489003,0.8401081781449736,0.02132520944402141,0.0
2025-06-18,13.24,13.13,-0.012148972510422629,-0.0029895388483660483,-0.004583659667657928,0.11914239095793,0.008342862194157188,13.159,12.586,12.288333333333332,2,18,6,13.057080432447513,12.301080992901671,70.07299270072993,0.5440886467920745,0.5479878654851943,13.865825646020106,11.306174353979895,0.0176940733754767,0.014953800370497958,0.031182361123499206,-3479815.0,1.0220142126917908,0.0,0.0,-1,0.0,0,54.285714285714285,0.08813237311159189,-0.003046458492003117,-0.6615697952832201,0.20947000391390994,0.2373842216138588,-0.02861335289801914,0.11918850380388846,0.17202193803960888,0.022658610271903242,0.0
2025-06-20,13.28,13.24,0.016667052485211643,0.010424517335884207,0.0076278020488860674,1.2372070580375691,0.0030165935394255057,13.222,12.665000000000001,12.389333333333333,4,20,6,13.0976112629116,12.364237057875759,72.32472324723247,0.5277775974062298,0.5439458118694014,13.90911033526615,11.420889664733853,0.015432695488906004,0.014447901213666728,0.03054340392396257,-764879.0,0.9886582927042947,0.0,0.0,-1,0.0,0,54.51428571428573,0.0859927888845199,0.00528700906344413,3.572079801205876,0.19923446662364314,0.2293533214691426,-0.011169024571854091,0.135042735042735,-0.9646068526254663,0.02560240963855421,0.0
2025-06-23,13.76,13.28,-0.00075159717931212,0.021978906718775382,0.002277040832051929,-1.2831665175053537,0.03550668845690982,13.318000000000001,12.763499999999999,12.455666666666668,0,23,6,13.218045578745855,12.454286279948292,76.03833865814696,0.5472743239853397,0.5446115142925891,14.027699767691736,11.499300232308261,0.018283262531654118,0.01590384543589462,0.01659845332102188,-12412.0,1.5764913512355405,0.0,0.0,-1,0.0,0,56.60000000000001,0.09441596703091215,0.001506024096385644,-0.613498562424009,0.26333410498273685,0.2524657194779208,0.04638783269961966,0.1670907548770144,1.2026977723966703,0.044331395348837295,0.0
2025-06-24,13.85,13.76,0.03400179727748938,0.016529301951210506,0.032814278979218105,0.18571417251990383,0.0065194001281499705,13.402000000000001,12.869499999999999,12.53,1,24,6,13.332946382610244,12.544332326403243,74.57627118644066,0.563492279863727,0.5483876674068168,14.124309274666768,11.61469072533323,0.01800785593061199,0.015614883673713928,0.016243029104833353,893617.0,1.5627873012978586,0.0,0.0,-1,0.0,0,57.885714285714286,0.09407773443117338,0.0,-0.28865059676211646,0.2638526278181231,0.2478785937110982,0.04528301886792452,0.18073316283034946,1.2582715059956289,0.028880866425992677,0.0
2025-06-25,13.74,13.85,0.0021778593000127897,-0.01291266148102203,-0.005886698382731344,-0.23588847775223554,-0.007973945839144228,13.446000000000002,12.959,12.594,2,25,6,13.406956131226561,12.621472176312713,75.60137457044675,0.5610021623341019,0.5509105663922739,14.192836976350927,11.725163023649072,0.017580349359860508,0.015827816041630628,0.01629326055195944,177973.0,1.2659695161832611,0.0,0.0,-1,0.0,0,59.25714285714286,0.09865128052912124,-0.004332129963898953,-0.6802278548083854,0.2591229306998587,0.2512587902606004,0.046458492003046414,0.14979079497907954,1.3583355632144984,0.0218340611353711,0.0
2025-06-26,13.94,13.74,-0.0014513790646469864,0.017180093277241366,0.016105765414853573,0.35061014810139185,0.014451118538174506,13.477,13.057500000000001,12.652999999999999,3,26,6,13.503873198276278,12.706538487518344,73.80073800738009,0.5686124444709009,0.5544509420079993,14.27330599214126,11.841694007858742,0.016455461570655854,0.015856545859092522,0.01573646743135111,1194140.0,1.4517118778889262,0.0,0.0,-1,0.0,0,63.00000000000001,0.10542325862592533,0.0021834061135370714,-0.046586654663738264,0.26154604906662704,0.2517148619738991,0.052870090634441036,0.16457811194653282,0.9592075701050117,0.02295552367288381,0.0
2025-06-27,13.98,13.94,0.00723592158617662,-0.004980444304144815,-0.002173747952466396,0.7406878476748824,0.002865331473286427,13.532,13.1495,12.725999999999999,4,27,6,13.59044170768059,12.788697294775226,72.69230769230771,0.5712858855242828,0.5578179307112561,14.35136653081572,11.947633469184279,0.015333151158385598,0.01581686756895578,0.0142132988380048,3325426.0,1.3820170188720204,254600.0,3559308.0,1,0.821739,1,64.8,0.10785045396987972,-0.005021520803443349,1.959267260978175,0.26182010595196914,0.25108498864499856,0.052710843373493965,0.15156507413509068,0.9630073104430389,0.020021459227467783,0.821739
2025-06-30,13.92,13.98,0.022104286777241272,0.01977465565941774,0.009409669538643072,-0.3870071464878723,-0.004301081899390697,13.609,13.242,12.791,0,30,6,13.65036139719321,12.86168456608005,68.57142857142858,0.5620837566000159,0.558671095889008,14.376949106208953,12.10705089379105,0.013062379530179632,0.015756587197201282,0.01421228347201134,1878099.0,1.1947672301619048,0.0,0.0,-1,0.0,0,69.22857142857143,0.10474950100632498,0.014306151645207387,0.7332642970748893,0.1412883398493878,0.25012806740939303,0.011627906976744207,0.15327257663628835,0.3028343674895777,0.030890804597701257,-0.821739
2025-07-01,14.07,13.92,-0.02716392894082239,-0.004204631282031924,-0.006147189850980129,-0.2691719603151878,0.010718216220024107,13.690999999999999,13.339000000000002,12.863666666666667,1,1,7,13.726659324976263,12.9396404005265,66.66666666666666,0.5604344105015162,0.5590237588115097,14.403190327259122,12.274809672740883,0.013149739305816022,0.01576541910717425,0.014068160461343147,2983874.0,1.3738144038251672,0.0,0.0,-1,0.0,0,67.54285714285714,0.1081859945678548,-0.008620689655172358,0.04703931907074802,0.15200196184757767,0.25026826963373416,0.015884476534296033,0.15993404781533394,0.04871577906085866,0.03233830845771145,0.0
2025-07-02,15.27,14.07,0.0542960280439544,0.07375678689989314,0.042952476423516336,0.6149251788000633,0.08184524810424332,13.905000000000001,13.482499999999998,12.978666666666667,2,2,7,14.007266720435123,13.089986181137693,75.78616352201257,0.6484819665724739,0.5769154003637025,14.765143241205761,12.199856758794235,0.02729925316238434,0.023338447082890953,0.020050182706086564,5029025.0,2.7872130652941984,0.0,0.0,-1,0.0,0,63.71428571428572,0.13065108385759355,0.0355366027007818,1.6471771579665708,0.5747720612156816,0.37048636180662187,0.11135371179039288,0.2314516129032258,2.0103094071315777,0.061558611656843454,0.0
2025-07-03,15.39,15.27,0.046270405649197495,0.0084443502755532,0.04882325538537175,-0.7253684376849466,0.007827828620246917,14.120000000000001,13.639500000000002,13.097333333333331,3,3,7,14.2586727712651,13.23837416945139,81.61290322580649,0.7196476362397775,0.6054618475389175,15.049322310565675,12.229677689434329,0.02731486532554404,0.02273054425878689,0.019995523053073543,6019177.0,2.4832916699944034,0.0,0.0,-1,0.531796,1,77.62857142857145,0.13002968713719476,-0.0006548788474132146,-0.2554029843568492,0.5820395668414466,0.3608362036433827,0.10401721664275465,0.25632653061224486,2.0988752442610994,0.022742040285900027,0.531796
2025-07-07,15.29,15.39,0.00261780254207888,0.013492013208653517,-0.0006620324637695366,0.26541771427079536,-0.006518927909817036,14.321000000000002,13.7715,13.217,0,7,7,14.446186812853263,13.370737126260979,86.64383561643834,0.7592258943980372,0.6362146569107415,15.282000439903175,12.260999560096824,0.027955702207718227,0.022517027393381225,0.01985707305943563,4728043.0,2.010591933488396,0.0,0.0,-1,0.0,0,75.08571428571429,0.1245230631668783,-0.005847953216374259,0.2485121395566681,0.6033249586846939,0.3574467284838941,0.09370529327610866,0.20869565217391295,2.0234306550033407,0.03727926749509485,-0.531796
2025-07-08,15.28,15.29,0.005865119452398058,-0.01478651177129936,-0.006644542718668501,0.14173325500446843,-0.000654236202596486,14.473000000000003,13.895500000000002,13.333333333333336,1,8,7,14.597789210516304,13.493915376179626,85.86572438162543,0.7807846334747595,0.6651286522235451,15.475766133482557,12.315233866517447,0.027206313110921438,0.022629049124323543,0.019936436769976345,3240309.0,1.7522365007580933,0.0,0.0,-1,0.0,0,74.62857142857142,0.12069304563731448,0.0065402223675605905,0.5454509548182204,0.5951159434859067,0.35922501833294423,0.09770114942528729,0.19374999999999987,2.0497897026683978,0.028795811518324575,0.0
2025-07-09,15.91,15.28,0.01739174271186924,0.03061463581960695,0.024041994480237895,-0.14770706731005206,0.040403058611321194,14.678999999999998,14.0405,13.472666666666667,2,9,7,14.83637299042243,13.649791803522877,91.61676646706584,0.8390339631391459,0.6999097144066653,15.800613333671658,12.280386666328342,0.02876280869450132,0.023704462905645395,0.02060089812760955,4523753.0,2.1242950260483044,0.0,0.0,-1,0.0,0,75.91428571428571,0.1331867376494236,0.02486910994764403,0.16224808569643134,0.6066224688109634,0.37629668286415957,0.13077469793887708,0.22290545734050737,1.2128412800282011,0.03488372093023254,0.0
2025-07-10,16.3,15.91,0.02147903167712423,0.025427726566136774,0.03422691364373797,0.22014711669951803,0.02421726546302109,14.935000000000002,14.1905,13.617666666666668,3,10,7,15.102486992163804,13.820772977489144,92.26519337016572,0.9062203728404263,0.7411718460934176,16.181135709092985,12.199864290907016,0.027786281180339094,0.023768403935972175,0.020707859060542008,6123258.0,2.1194234488651618,0.0,0.0,-1,0.0,0,76.97142857142856,0.1397225436410496,0.005656819610307973,0.6642361904618935,0.30966560877286464,0.37731171525306695,0.0674525212835626,0.2255639097744362,0.7076080400262647,0.02638036809815938,0.0
2025-07-11,16.22,16.3,0.017962700374172472,-0.0009189769370896531,0.0006287331235095472,-0.5490664721826729,-0.00492005912544987,15.163,14.320000000000002,13.759333333333332,4,11,7,15.305671175406749,13.975561817651135,90.16393442622945,0.9421502337421099,0.7813675236231561,16.48633573721068,12.153664262789324,0.028687555662414547,0.02375433745077246,0.020840159184238444,5199562.0,1.7541140713917138,0.0,0.0,-1,0.0,0,75.25714285714285,0.1329675149099604,-0.0006134969325154333,-0.5408976735268461,0.33592281843479194,0.37708841672311166,0.053931124106562534,0.19002201027145982,0.9033189858838048,0.02496917385943287,0.0
2025-07-14,16.7,16.22,-0.012975158863133529,0.023922412562018328,0.0106284214011248,0.07439489924045131,0.029163670735442515,15.434999999999999,14.483500000000001,13.911333333333335,0,14,7,15.559185507150975,14.151332022963967,90.16393442622945,0.9978542531523491,0.8246648695289948,16.85124176223505,12.115758237764954,0.028612597718282378,0.023493759408157684,0.02112491139076354,6194597.0,1.8722480933965673,0.0,0.0,-1,0.0,0,76.11428571428573,0.14516678255931798,-0.008631319358816312,-0.42876800257316017,0.3164173264140258,0.3729518685358155,0.09221713538260312,0.24348473566641848,-0.20660962400028024,0.03772455089820375,0.0
2025-07-15,16.29,16.7,0.04439768366970406,0.005966604813221696,0.007743572842690307,0.43439660326703194,-0.024857296808755643,15.672,14.640499999999998,14.052,1,15,7,15.692060869487161,14.289310602127582,80.65326633165824,0.997418892255503,0.8592156740742964,17.05195053530253,12.229049464697463,0.03100629885460662,0.023772557255053426,0.021900006968230704,4658232.0,1.3680562597922494,0.0,0.0,-1,0.0,0,73.4857142857143,0.14425617328802515,0.006586826347305355,0.4924431614335749,0.4300382251630272,0.3773776471494939,0.06609947643979064,0.23878326996197718,-0.6632445879624047,0.03713934929404546,0.0
2025-07-16,16.68,16.29,-0.032651026189577714,0.0,-0.006500564603093205,-0.15529363943523597,0.023658974316646986,15.933000000000002,14.811999999999998,14.203666666666667,2,16,7,15.871686165944041,14.44354862779677,84.50704225352106,1.0168223115841197,0.8907370015762611,17.293914371481975,12.33008562851802,0.03102683347603749,0.023929043100395668,0.022015292333913982,5973612.0,1.5052896437233645,0.0,0.0,-1,0.0,0,72.94285714285715,0.1555044409271224,-0.0012277470841006491,0.05322967037363364,0.37266909511800644,0.3798617829323576,0.048397234443745996,0.2588679245283019,-0.9469328948732125,0.042565947242206074,0.0
2025-07-17,17.08,16.68,0.024887475699654348,0.01944096574910963,0.032389021214418875,-0.13477678369804783,0.02369779142982296,16.113999999999997,15.0095,14.359666666666666,3,17,7,16.09137959031785,14.613642264713109,85.20179372197303,1.0523455340030203,0.9230587080616129,17.55566719176519,12.463332808234812,0.020398540220330795,0.023547839602498212,0.022048142219120548,7123137.0,1.6263660977931136,0.0,0.0,-1,0.0,0,74.17142857142858,0.16353420913758765,0.0,-0.3129289089729536,0.37135513674974985,0.37381036500629,0.047852760736196265,0.3008377760853007,-0.9452436080123052,0.02985948477751766,0.0
2025-07-18,17.06,17.08,0.0289532779787835,0.005817352065913264,0.022005050851379795,0.06089124372535562,-0.0011716462968907467,16.281,15.2005,14.52,4,18,7,16.26749239207824,14.771471796021942,84.68468468468463,1.0665891352257706,0.9517647934944445,17.7608410545843,12.640158945415699,0.020771647340663026,0.02375290287434975,0.021742273616438695,5901441.0,1.4525408610470523,0.0,0.0,-1,0.0,0,73.94285714285715,0.1710881523051956,0.005269320843091535,-0.2204799943800759,0.3630040248523927,0.37706564352840444,0.05178791615289757,0.28851963746223563,-1.1125132781825475,0.014067995310668139,0.0
2025-07-21,17.22,17.06,0.008120694278733612,0.00923794098493636,0.004109192750133194,-0.36055318606810655,0.009334956936051781,16.473999999999997,15.397499999999999,14.672333333333334,0,21,7,16.440675593518556,14.929441357568914,86.34361233480172,1.0783573226769203,0.9770832993309397,17.94191700488289,12.853082995117108,0.01991305336452119,0.023654458300593498,0.0213669627311892,6753318.0,1.432548199845003,0.0,0.0,-1,0.0,0,73.28571428571429,0.1695141199117081,0.014654161781946074,-0.9979853242384584,0.3215213564339996,0.37550288436790763,0.031137724550898138,0.2966867469879517,-0.9433600464446903,0.019163763066201992,0.0
2025-07-22,16.79,17.22,-0.007538452632008471,-0.0072098365667497555,-0.03335627887431247,0.5428214002917647,-0.02528802791013531,16.625,15.549000000000001,14.805333333333332,1,22,7,16.504189121969727,15.049477399016082,78.21576763485473,1.0409864459201046,0.9898639286487727,18.04321984427583,13.054780155724174,0.022907893179048712,0.02448540857130937,0.022325606550691667,5287361.0,0.9951007348835446,0.0,0.0,-1,0.0,0,73.88571428571429,0.1613383656723194,-0.00232288037166081,0.5152599016347335,0.32406572518436927,0.3886938109769636,0.030693677102516803,0.22020348837209291,-0.960344680209138,0.045562835020845564,0.0
2025-07-23,16.98,16.79,-0.014658720411065414,-0.015458963245963023,0.01084347974170698,-0.5418874293811281,0.011252709793751831,16.732,15.705499999999997,14.937666666666667,2,23,7,16.590700190702503,15.174027244240852,72.44094488188975,1.0150008707297804,0.9948913170649742,18.143000661268545,13.26799933873145,0.020116668014917738,0.0244703363421078,0.022289212388023144,6140034.0,1.0457433060442463,0.0,0.0,-1,0.0,0,76.3714285714286,0.1634683162579662,0.008338296605122131,-1.1144781936631911,0.2913433148339413,0.38845454675593927,0.017985611510791477,0.2259927797833936,-0.9938109860854096,0.018845700824499427,0.0
2025-07-24,16.79,16.98,-0.0088994951059838,0.0,-0.002399521247291001,0.059068094456801216,-0.011252709793751887,16.781,15.857999999999999,15.054,3,24,7,16.626936519665684,15.278283551064025,68.04123711340202,0.9679181452019776,0.9894966826923749,18.155344920600935,13.560655079399062,0.019771661037467383,0.024609635184896266,0.022446244453791148,5235478.0,0.8113714154478894,0.0,0.0,-1,0.0,0,75.25714285714287,0.15740940048066365,-0.011778563015312089,-1.0360915825175656,0.23954070228357777,0.39066584733156345,-0.016978922716627598,0.22197962154294015,-0.6577064266928011,0.021441334127457,0.0
2025-07-25,16.86,16.79,0.006534029780648527,-0.0058962434972815005,-0.003001496985714389,-0.37070908231922356,0.004160481484259885,16.845,16.003999999999998,15.161666666666667,4,25,7,16.669311697908284,15.380329773576024,70.38961038961037,0.9255836093018246,0.976714068014265,18.154568101199107,13.853431898800888,0.01956834659702157,0.024625869962239835,0.022229562249492005,5859843.0,0.7960687220485743,0.0,0.0,-1,0.0,0,74.65714285714286,0.15766254564324003,0.005955926146515868,-1.6419339301673557,0.24549523849321378,0.390923566432213,-0.011723329425556872,0.20946915351506457,-0.9106633649348354,0.018380782918149405,0.0
2025-07-28,16.53,16.86,-0.0017777782459993832,-0.0002957267506395576,-0.0106041550700641,0.03006256592492975,-0.019767040740776468,16.828,16.1315,15.264999999999999,0,28,7,16.643982298288595,15.454502046248539,64.98800959232614,0.8555427779350175,0.9524798099984155,18.068587069749288,14.194412930250712,0.01858946057973502,0.025457205241705305,0.02241414908760282,5216423.0,0.4114425275179591,0.0,0.0,-1,0.0,0,73.8,0.14904909647936856,0.0,-1.5379279135177104,0.24506898340583244,0.40412060486569307,-0.04006968641114972,0.18240343347639487,0.30360945154685554,0.02903811252268605,0.0
2025-07-29,16.29,16.53,-0.00654569430263388,-0.009211177888773977,-0.018123672233556817,0.6972147724687248,-0.014625489218979125,16.828,16.25,15.369666666666667,1,29,7,16.57962188041794,15.508405140038956,55.02645502645501,0.7717724083121897,0.9163383296611703,17.883659115379817,14.616340884620183,0.017402104378083205,0.025832116263265294,0.022169629478434153,3924338.0,0.04896982439411704,0.0,0.0,-1,0.0,0,70.62857142857143,0.14092795149609375,0.013309134906231024,0.32415767031679316,0.20803901796268173,0.4100721328266425,-0.029779630732578943,0.17025862068965503,0.5371160185116693,0.038060159607120995,0.0
2025-07-30,16.0,16.29,-0.023558927096474485,-0.015037877364540559,-0.010595300115454672,-0.4907574883734724,-0.01796270037417248,16.759999999999998,16.3465,15.461333333333334,2,30,7,16.47423608397831,15.5401209374558,45.92391304347825,0.674211322045732,0.8679129281380827,17.628016782238262,15.064983217761736,0.01600822847716778,0.02646481933392888,0.022641584456867654,3133372.0,-0.5407654504450751,0.0,0.0,-1,0.0,0,68.02857142857142,0.1344110762914786,0.004297114794352381,-1.0359469240267776,0.1504365867346605,0.4201159826989792,-0.05771495877502952,0.13717128642501764,1.6392492636106009,0.03374999999999995,0.0
2025-07-31,16.13,16.0,-0.02287580432873814,-0.014037459675588474,-0.01324522675002068,0.13118102861279374,0.008092169897336195,16.665,16.3895,15.561333333333334,3,31,7,16.411647705073165,15.57817765116833,48.79356568364612,0.6004616240073908,0.8144226673119443,17.57288453064456,15.206115469355442,0.013515879795721605,0.018982919452375367,0.022449757661274772,4035211.0,-0.43857257430711855,0.0,0.0,-1,0.0,0,63.71428571428572,0.13512412330654183,-0.0006249999999999867,-0.6870794281324362,0.20706786587202175,0.3013445041737339,-0.0393091125670042,0.056319580877537634,0.5749802923865357,0.032238065716057016,0.0
2025-08-01,15.64,16.13,-0.014488442416129833,-0.02804795889143857,-0.02052669889657257,0.2016376449993449,-0.03084915701995235,16.523000000000003,16.401999999999997,15.641333333333334,4,1,8,16.27134812233259,15.582166189802633,35.82887700534761,0.4967493349573253,0.7508880008410206,17.54554205040875,15.258457949591245,0.01546236705077099,0.020335929765102078,0.02346695631771837,2931897.0,-1.3327013199516786,0.0,0.0,-1,0.0,0,49.8,0.13256489505043154,-0.022938623682579,-0.028426962211902777,0.22451416137963867,0.32282287702641754,-0.0723606168446026,0.01624431448992847,1.2081639271127969,0.024936061381074206,0.0
2025-08-04,15.78,15.64,-0.001905367359546547,0.0028404626956509923,0.012238478036470348,-0.5977771827654327,0.00891158030056315,16.378999999999998,16.4265,15.724666666666666,0,4,8,16.1820121000903,15.59492966142827,42.65129682997118,0.4210003981237147,0.6849104802975595,17.487765877694333,15.365234122305669,0.015407833282198866,0.020329490601950547,0.02346747058897734,3538756.0,-1.2183563300924445,0.0,0.0,-1,0.0,0,56.885714285714286,0.13332871322637024,0.005754475703324799,-1.5026605105890178,0.27270081319218126,0.3227206584803156,-0.04537205081669704,0.03204708960104652,0.051609320141003896,0.015525982256020343,0.0
2025-08-05,15.96,15.78,0.01576822326794205,0.012216283483456526,0.010824683856010781,0.2150580097879921,0.01134227660393451,16.296,16.4605,15.798,1,5,8,16.141646263710246,15.618482586497414,38.95705521472394,0.37121418951477203,0.6221712221410021,17.404165306412576,15.516834693587423,0.015404207437463466,0.02043229725735268,0.022797741984254966,4291221.0,-1.0607574456725375,0.0,0.0,-1,0.0,0,55.02857142857143,0.1314461801639051,0.012674271229404377,-0.943377168784829,0.30103229253729796,0.32435266354021375,-0.02025782688766109,0.04450261780104725,-0.8329745013179642,0.016917293233082678,0.0
2025-08-06,15.82,15.96,0.00187558667049467,-0.0024937668784023505,-0.006671986624909165,0.5250769481392077,-0.00881062968215492,16.18,16.456,15.863666666666667,2,6,8,16.083165124853835,15.631483709949196,29.00000000000003,0.31680944841643033,0.5610988673960877,17.411502623313154,15.500497376686845,0.014318965663270277,0.018384508234499733,0.022937713079780226,3019112.0,-1.331236533489992,0.0,0.0,-1,0.0,0,55.31428571428573,0.13100272982580177,0.0031328320802005457,0.7600951611855596,0.28099262785131623,0.2918450205882326,-0.011249999999999982,-0.0056568196103079504,-1.3449074450739538,0.02117572692793926,0.0
2025-08-07,16.86,15.82,0.036791396616580006,0.07802396149407591,0.019883880597139834,0.13305057925045655,0.0636689902342015,16.187,16.484,15.967666666666668,3,7,8,16.224407829425864,15.710742825436345,47.512437810945286,0.3535372501380536,0.5195865439444809,17.45297993026873,15.515020069731275,0.026916621568143864,0.023019192003298765,0.025355657304417658,4472252.0,0.7760738654220044,0.0,0.0,-1,0.0,0,54.71428571428572,0.13445672931985245,0.04993678887484192,1.436839898283436,0.5663272510229066,0.3654183445342515,0.045257284562926214,0.03435582822085892,1.0099517542911753,0.07829181494661924,0.0
2025-08-08,18.0,16.86,0.020852706738553533,0.04543029760644937,0.058268908123975824,0.30442050954871175,0.0654278053224554,16.301,16.573,16.103,4,8,8,16.54724276953025,15.858436836698516,57.80000000000002,0.4692238497759291,0.5095140051107706,17.74549351922815,15.400506480771847,0.03428516888919393,0.02721399957291123,0.02763810246011091,6442476.0,2.4341285927778733,0.0,0.0,-1,0.0,0,58.37142857142857,0.14123606610800055,0.0059311981020166915,2.4709378095257373,0.5600770874506557,0.43200885029604663,0.15089514066496168,0.10974106041923548,0.3790608458716938,0.06472222222222218,0.0
2025-08-11,17.81,18.0,0.056732484570530796,0.007968169649176881,0.03713217663927727,-0.4636408839511173,-0.010611660594594506,16.429,16.6285,16.230666666666668,0,11,8,16.77683499325202,15.984344137556677,60.71428571428571,0.5393575235688424,0.515482708802385,17.924847500520485,15.332152499479514,0.03361839369140366,0.02682626686995112,0.02784727068879202,5203226.0,1.822813712412183,0.0,0.0,-1,0.0,0,57.62857142857143,0.1391851285108708,-0.0027777777777778173,0.3950033931309297,0.6181527963510549,0.4258537844528506,0.1286438529784537,0.06646706586826334,0.40540242778757474,0.03752947782144853,0.0
2025-08-12,18.1,17.81,-0.007268692891624585,-0.0016433857437301257,0.004127457951647018,0.27138661445006346,0.016151840970209903,16.61,16.718999999999998,16.369999999999997,1,12,8,17.01741044902438,16.120838064165923,61.522633744855966,0.6112929372405667,0.5346447544900214,18.16044518124234,15.277554818757654,0.03272707446137917,0.02611900068101632,0.027775442691457538,6828852.0,1.9161325286193067,0.0,0.0,-1,0.0,0,62.25714285714286,0.14126994991107816,0.0005614823133072187,1.4336001799932643,0.6122959036850408,0.41462628177297517,0.13408521303258158,0.11111111111111116,0.3043288271645268,0.031248618784530377,0.0
2025-08-13,18.51,18.1,0.01559051622911696,0.015234244571847987,0.00370471192675205,-0.198583969498632,0.022399188313626136,16.861,16.8105,16.517999999999997,2,13,8,17.288790367383584,16.274977543897155,66.92913385826773,0.6933928432541343,0.566394372242844,18.458982236547,15.162017763453001,0.03122877509144692,0.026072903045950935,0.02788377395886839,8161688.0,2.0618966493201234,0.0,0.0,-1,0.0,0,63.34285714285714,0.14454753701478293,0.0,0.6288465841370112,0.5354922410910945,0.41389450450250787,0.17003792667509487,0.10971223021582754,-0.03167998881494484,0.04213938411669374,0.0
2025-08-14,18.52,18.51,0.022399188313626136,0.009137392249438332,0.03244427089128172,0.04295687120808634,0.0005401026326270457,17.1,16.8825,16.626333333333335,3,14,8,17.51264666422293,16.419817702355402,66.53386454183267,0.7506119394954851,0.6032378856933722,18.69788309716549,15.06711690283451,0.031508046927139606,0.025724578149341374,0.023963470180088143,9553026.0,1.8040269324494271,0.0,0.0,-1,0.0,0,63.25714285714287,0.14295778217184138,0.0,0.7443361956898854,0.4761044447634734,0.4083650181912208,0.0984578884934757,0.08430913348946145,1.2279914289438334,0.01970842332613402,0.0
2025-08-15,18.56,18.52,-0.0005403945011270826,0.0026716553428046057,-0.004101167744214678,-0.1644692720225468,0.0021574981400210927,17.392000000000003,16.9575,16.732000000000003,4,15,8,17.703074543455124,16.557893979622797,71.45877378435515,0.7900786167273672,0.6406060319001713,18.921608207974312,14.993391792025687,0.027842896969263797,0.025697638287207218,0.023976758451275258,10733359.0,1.6317838227993968,0.0,0.0,-1,0.0,0,63.54285714285715,0.14239814179484178,-0.0010799136069114242,0.18214713170321803,0.21021527674529764,0.4079373611378527,0.03111111111111109,0.08792497069167649,0.08851422847968334,0.026400862068965435,0.0
2025-08-18,18.65,18.56,0.0043150013014132795,0.0005334756061437835,0.011170256453461262,-0.26078443381955446,0.004837418731770024,17.679000000000002,17.029,16.844,0,18,8,17.875242808281463,16.692868561582618,75.76419213973799,0.8191755448523139,0.6763199344905999,19.132509848850493,14.925490151149505,0.028014208462720295,0.025672594126338003,0.023853257705145202,11642743.0,1.5412335729122706,0.0,0.0,-1,0.0,0,64.2,0.1420754281763779,0.0010775862068965287,-0.5588587474724099,0.15361440605557292,0.40753979740912727,0.047164514317799,0.08304297328687582,0.7357301726881866,0.01581769436997328,0.0
2025-08-19,18.53,18.65,0.0005380683476603034,0.000799680170564466,-0.004616437254927469,0.015929472793647596,-0.0064551057925559836,17.936,17.116,16.952333333333332,1,19,8,17.994289570412107,16.811393170512773,78.68480725623587,0.8230642999946305,0.7056688075914062,19.319446104819136,14.912553895180864,0.028975204756153942,0.024882595531575017,0.023939680320605977,10718757.0,1.2834441440681992,0.0,0.0,-1,0.0,0,59.88571428571429,0.1403390840080562,-0.0032171581769436315,-0.45480241442660774,0.17207720076385916,0.3949989585021272,0.02375690607734815,0.10363311494937477,1.387498257969367,0.02131678359417159,0.0
2025-08-20,18.42,18.53,-0.0037725725153193324,-0.0029352923009858633,-0.01812738459255683,-0.027905663840363224,-0.0059540094701076105,18.196,17.188,17.035999999999998,2,20,8,18.071691466700813,16.915174256286143,76.08200455580871,0.8079564665591832,0.7261263393849616,19.465594298700758,14.910405701299238,0.028725077503518045,0.024959400417741282,0.02313026409879181,9820199.0,1.0818432419705208,0.0,0.0,-1,0.0,0,55.91428571428572,0.13967908372141447,-0.000539665407447467,-0.5335344894809027,0.07955566051971256,0.39621819827175053,-0.004862236628849215,0.08480565371024751,-0.18610080524865194,0.03637350705754624,0.0
2025-08-21,18.69,18.42,-0.005414198390872403,0.0005343307634476576,0.020302480610508888,-0.09121622084698368,0.014551590640310686,18.378999999999998,17.283,17.115666666666666,3,21,8,18.184111200027935,17.02967914297736,86.5707434052758,0.8084508253597953,0.7425912365799284,19.647537119495954,14.918462880504046,0.02275833906582369,0.024780057932317946,0.022914742210927642,10640421.0,1.1900849332404886,0.0,0.0,-1,0.0,0,52.60000000000001,0.1425545064256862,0.0,-0.7335523461603907,0.13802412732795943,0.3933712245761203,0.009179265658747493,0.11316259678379992,0.6840284845162568,0.016586409844836742,0.0
2025-08-22,19.48,18.69,0.020951612485778023,0.04823038196097704,0.014559437555709995,0.45418200255342056,0.041399676746917524,18.527,17.413999999999998,17.224333333333334,4,22,8,18.4197273454774,17.18776435955947,88.38174273858924,0.8626449717094502,0.7666019836058329,19.962976265091644,14.865023734908352,0.016153744981830653,0.02608936244315378,0.023824833018691274,11932176.0,1.621042948334963,0.0,0.0,-1,0.0,0,55.54285714285715,0.14034155846564056,0.006420545746388306,0.4924232270631065,0.3188240375535902,0.41415578933288044,0.04956896551724155,0.15539739027283517,1.3194678205475927,0.04953798767967145,0.0
2025-08-25,21.21,19.48,0.05733560884351327,0.076649915566168,0.05832950989962625,0.5971779125339357,0.08508447036220211,18.867,17.648000000000003,17.374666666666666,0,25,8,18.92704964629969,17.44726343313628,91.20879120879123,1.0332797590579332,0.8199375386962531,20.670551031304967,14.625448968695038,0.02893925023178005,0.030957922417893823,0.027915136300068904,14279274.0,2.3569494530334723,0.0,0.0,-1,0.0,0,53.942857142857136,0.14700074309810937,0.0225872689938399,2.681587177877483,0.635373689989942,0.4914417829498708,0.13726541554959804,0.28312159709618867,1.1111794431624793,0.06638378123526643,0.0
2025-08-26,21.53,21.21,0.06979576193554171,0.03338279385320559,0.07503457750960255,0.006416256767844273,0.014974542799680513,19.21,17.91,17.549333333333333,1,26,8,19.40031334697247,17.71066579228878,93.58778625954201,1.1807197803815832,0.8920939870333192,21.320448342188676,14.499551657811324,0.02894953252462841,0.03027392723403202,0.0272331193475847,16641480.0,2.122888040976362,0.0,0.0,-1,0.0,0,55.4,0.14499714294936494,0.007072135785007005,2.2142082212704763,0.5807463064789492,0.48058369602308537,0.16189962223421484,0.321669736034377,1.1590716399364454,0.027171388759869988,0.0
2025-08-27,21.8,21.53,-0.0018744147943503039,-0.005945592634753459,-0.003049855736481615,-0.6429365537945396,0.012462658418771594,19.539,18.2,17.720000000000002,2,27,8,19.836620011159294,17.974493805689505,92.73356401384086,1.3043184320695538,0.9745388760405662,21.900640058436643,14.499359941563355,0.028940352261521286,0.029317042847084224,0.02710661451815655,17883401.0,1.9456093773793506,0.0,0.0,-1,0.0,0,59.11428571428572,0.1498243642322375,-0.009753831862517456,-0.08084140702013068,0.5182028967947201,0.4653936272952592,0.1834961997828446,0.36250000000000004,1.5898204716096256,0.023853211009174292,0.0
2025-08-28,22.02,21.8,0.020427822690098223,0.01185604403031295,0.010285270660173361,0.6070686000432651,0.010041161499490497,19.889000000000003,18.4945,17.884666666666664,3,28,8,20.233598190948513,18.235494205322443,91.35802469135805,1.4038408123713033,1.0603992633067136,22.4314476554948,14.557552344505195,0.028496312647930608,0.029292594932671147,0.02696560395596394,20162381.0,1.790981393963649,0.0,0.0,-1,0.0,0,64.42857142857143,0.14339557817515244,-0.0018348623853210618,1.7675396960461263,0.5301891099805534,0.46500552868559203,0.1781701444622792,0.36515809051456927,1.5447363877518852,0.025431425976385046,0.0
2025-08-29,22.39,22.02,0.015051595444283902,0.01974929538501807,0.017520042420163313,-0.5583298552351434,0.016663299316129525,20.272,18.832,18.062333333333335,4,29,8,20.62567124713969,18.503526837237125,95.436507936508,1.4953316708712876,1.1473857448196285,22.893929020603622,14.77007097939638,0.027974237688731328,0.027177810795591898,0.02693505765802119,21466331.0,1.7518769933952543,0.0,0.0,-1,0.0,0,61.54285714285714,0.15637263814388908,0.003178928247048151,-0.10749112778505003,0.5352399982491699,0.4314343712658159,0.14938398357289517,0.4315856777493605,2.2041805694182535,0.027690933452434167,0.0
2025-09-02,22.52,22.39,-0.006357877910845513,0.0008884940611152349,-0.004580860048965925,0.09141931457552575,0.005789372660826061,20.659,19.169,18.238999999999997,1,2,9,20.970094656750653,18.762654138060537,95.2868852459017,1.560342096523744,1.2299770151604517,23.282822143892446,15.055177856107555,0.027920993296605093,0.027244610337013798,0.026943251492467065,22895106.0,1.6291418942236162,0.0,0.0,-1,0.0,0,62.45714285714286,0.12905824185693537,-0.01965163019205008,0.056085433852376076,0.06868114521023654,0.43249478111158896,0.06176331918906164,0.42712294043092536,-0.612030713368143,0.03285968028419176,0.0
2025-09-03,22.01,22.52,0.02785445130826407,0.009721685050900375,-0.0036798569584006197,0.03322129725839173,-0.022906907733119212,21.006999999999998,19.4715,18.413,2,3,9,21.159168355523263,18.972160322701797,85.14056224899606,1.5528107536984699,1.2945437628680554,23.480181499997475,15.462818500002523,0.02998047362701484,0.028720897085092928,0.026844387140998842,21418068.0,1.2665012174210404,0.0,0.0,-1,0.0,0,61.371428571428574,0.10200285791215284,0.002220248667850831,0.08474655925255323,0.24922468067109566,0.4559301067070148,0.02229447282861119,0.37907268170426067,-1.8845634433505645,0.04725124943207629,0.0
2025-09-04,22.28,22.01,0.03140249306680531,0.04513983599247637,0.01191035609491603,0.35849537853515345,0.012192519520713,21.393,19.7945,18.58966666666667,3,4,9,21.362955927246304,19.185569334140393,85.87786259541993,1.5507527414712783,1.3457855585887,23.600254507114464,15.988745492885533,0.02891637380217301,0.028122610410395352,0.02684728633431959,23531967.0,1.306179889088282,300000.0,6684000.0,1,0.0,0,61.17142857142858,0.10881659026819376,0.05815538391640152,1.2972225809117497,0.2486770743484754,0.44643260018317327,0.022018348623853212,0.4083438685208598,-1.885111665455124,0.08213644524236975,0.0
2025-09-05,22.37,22.28,-0.05380486362760456,-0.05575001510449183,-0.007312646846286602,-0.3024812743901713,0.004031360442954877,21.761000000000003,20.07,18.77566666666667,4,5,9,21.546054849565156,19.39101647387327,86.01134215500953,1.5386474299944695,1.3843579328698539,23.77779548632636,16.36220451367364,0.029309026589510994,0.025860513777914488,0.02658659621665879,25094101.0,1.2406293758552545,40000.0,882000.0,1,0.0,0,58.68571428571429,0.10276246900208436,-0.00942549371633756,0.1576842807978241,0.2437109350282754,0.410522929396327,0.01589464123524076,0.3268090154211152,-1.6280015730183555,0.03129190880643716,0.0
2025-09-08,22.98,22.37,0.01573419737536879,0.025017762975287943,0.020602810751702817,-0.014790034260640843,0.02690349691857136,22.111,20.319,18.979666666666667,0,8,9,21.806772149644218,19.622563798139517,87.26333907056805,1.5602897366152604,1.419544293618935,24.10943061017181,16.52856938982819,0.028325124831830036,0.02290776935643463,0.02674766464120363,26633301.0,1.4040621099138844,0.0,0.0,-1,0.0,0,58.22857142857144,0.0961606730025968,0.002235136343316974,0.15914573730013068,0.28771930171331855,0.36364956485011307,0.026351049575703334,0.2766666666666666,-0.7748924865530185,0.035517841601392604,0.0
2025-09-09,22.2,22.98,0.013292176208936551,-0.011772536225267236,-0.019456678821080372,-0.3544758490199008,-0.034531983542375924,22.21,20.5385,19.168666666666663,1,9,9,21.878268122436175,19.788850004711165,78.36166924265844,1.4972426579094353,1.4350839664770352,24.224160834840184,16.852839165159814,0.018720927038560833,0.024676694416057337,0.027428680781936967,25553489.0,0.9016022224801625,0.0,0.0,-1,0.0,0,57.942857142857136,0.07733936796424518,-0.011314186248912166,-0.7803152041518165,0.40014087453257213,0.3917303796241438,-0.014209591474245165,0.24649073554183043,-0.22371057920531087,0.043918918918918984,0.0
2025-09-10,22.02,22.2,-0.018210585408509502,-0.002635047638005225,0.007986351632649923,-0.0106256856352075,-0.008141157583699885,22.258999999999997,20.734500000000004,19.359666666666666,2,10,9,21.904037554720507,19.932795165697545,77.52293577981652,1.4164252297734272,1.4313522191363135,24.288732317733643,17.180267682266365,0.018732235107056797,0.025020815594870512,0.02725360560171732,24485090.0,0.7233629572192379,0.0,0.0,-1,0.0,0,57.94285714285714,0.07590886409969079,0.0049549549549549295,-0.7373798768422043,0.36612637674288845,0.3971931339842041,0.0004543389368467654,0.21657458563535892,-0.6587457294871741,0.03360581289736596,0.0
2025-09-11,22.2,22.02,-0.006746146565357993,-0.0072823890193407705,0.0004544421800544764,0.20320152817466478,0.008141157583699866,22.299,20.919,19.566333333333333,3,11,9,21.957848908407684,20.079066445329964,77.2093023255814,1.351324108244949,1.4153465969580405,24.368582125722835,17.469417874277166,0.018519595102577252,0.02484857192035408,0.02673284136358755,25794220.0,0.7426986535255046,25000.0,561250.0,1,0.0,0,60.34285714285715,0.08485205313320873,0.006357856494096302,-0.24061970930926416,0.35878124511683823,0.3944588504181575,-0.0035906642728905647,0.1993517017828199,-0.5630416699706707,0.02545045045045035,0.0
2025-09-12,22.26,22.2,0.000902120043137929,-0.010464305661994409,0.002948850951653393,-0.5591631087917618,0.0026990569691652047,22.323,21.106,19.770666666666667,4,12,9,22.012785470515375,20.21977183595384,74.3006993006993,1.2897055758993368,1.3902183927462999,24.410442942145618,17.801557057854385,0.018305954571588602,0.02481260282224424,0.026773432225124006,26542633.0,0.6984535791383303,0.0,0.0,-1,0.0,0,61.34285714285714,0.06330647502122186,-0.0009009009009008817,-1.2651724876373327,0.3578367471129666,0.393887858687266,-0.004917299955297216,0.20194384449244063,-0.5104282410794243,0.01190476190476193,0.0
2025-09-15,22.42,22.26,0.005395696543852055,0.013781058287988413,0.0033962646636159256,0.17105056156605786,0.007162071796614984,22.326,21.299,19.996666666666666,0,15,9,22.086824475876217,20.36172204008585,64.57831325301206,1.2394949813163088,1.3600737104603018,24.423314830150122,18.174685169849877,0.0176378066688057,0.024759489341590394,0.025618658079927532,27430663.0,0.7175973363389488,0.0,0.0,-1,0.0,0,64.45714285714287,0.06941440521988067,0.0017969451931715698,-0.9435904774769325,0.27820776142293385,0.3930447083208153,-0.024369016536118338,0.2079741379310347,-1.5843740134937851,0.022297056199821596,0.0
2025-09-16,21.56,22.42,-0.002244669853823862,-0.017817843316793786,-0.0585714355851652,0.18407577625303467,-0.039113671603217555,22.23,21.4445,20.189333333333334,1,16,9,21.991038207535084,20.439030295564184,50.31982942430702,1.11742690885022,1.3115443501382855,24.30967731608933,18.57932268391067,0.021256977060079892,0.026995893555708857,0.027241913406227586,26363156.0,0.08062328244148101,0.0,0.0,-1,0.0,0,64.37142857142858,0.052973556836541605,-0.007582515611061627,-0.6218624734267449,0.3075704516146007,0.42854652461026105,-0.028828828828828867,0.1560321715817694,-1.691735178982203,0.06307977736549163,0.0
2025-09-17,21.59,21.56,-0.0287231964011869,-0.012664122215730397,0.021781164106159136,-0.1292556633529198,0.0013904984859196875,22.188,21.5975,20.377,2,17,9,21.918122169801432,20.513286405527786,47.64044943820224,1.0114484827431696,1.2515251766592623,24.112824610211998,19.082175389788002,0.020268008373845865,0.026837808420778885,0.02729561892513346,27301227.0,-0.005963445011869198,0.0,0.0,-1,0.0,0,63.77142857142858,0.04643427708568653,0.0027829313543600315,-0.875852834921439,0.31022878896000483,0.42603700089225627,-0.01952770208901,0.16513761467889898,-2.1160851268691276,0.02871699861046769,0.0
2025-09-18,22.04,21.59,0.0013866422374364988,0.004767860093504988,0.0069035162699223026,-0.2191072382153276,0.020628739757997793,22.164,21.7785,20.584333333333337,3,18,9,21.94028177529208,20.61178405678406,50.21367521367521,0.9527879097790333,1.1917777232832167,23.804471112175527,19.752528887824475,0.021091144631304317,0.026773590618281957,0.027110517787431336,28054719.0,0.2581478071710456,0.0,0.0,-1,0.0,0,66.54285714285714,0.058381618767443307,0.002779064381658116,-1.2016038843667236,0.3513027155018711,0.42501757488135666,-0.007207207207207245,0.19652551574375665,-1.5245563883023203,0.0261842105263157,0.0
2025-09-19,21.89,22.04,0.021928699614459566,0.00789626212222554,0.0031163741552505436,1.1362719355345052,-0.006829072749942118,22.116,21.938499999999998,20.752000000000002,4,19,9,21.93113963432988,20.69424960150767,44.39461883408072,0.8840049775731842,1.1302231741412103,23.349602965395754,20.527397034604242,0.021088899713847364,0.026978771175554802,0.02527527572003875,25707491.0,-0.06874055428888537,0.0,0.0,-1,0.0,0,66.22857142857144,0.05469500333571696,0.004083484573502716,1.6269368264013082,0.3510536124472455,0.42827471525181426,-0.01662174303683739,0.17121455323702506,-1.1055002941057406,0.03129282777523978,0.0
2025-09-22,21.95,21.89,-0.011818319374281681,-0.006316536593466129,0.007161864965928124,-1.198174842781814,0.002737227986408837,22.013,22.062,20.883666666666667,0,22,9,21.93456879172445,20.775265756249112,43.50797266514806,0.8248274098612107,1.0691440212852106,22.871043619929555,21.252956380070447,0.018589327454665967,0.02577825307224987,0.02273903417151416,26415754.0,-0.2768701148888717,0.0,0.0,-1,0.0,0,66.51428571428572,0.03917266056243753,-0.000913659205116472,-1.2601717387200044,0.3441567917497049,0.40921708117715944,-0.020963425512934952,0.1267967145790554,-1.0048488559220843,0.01776309794988614,0.0
2025-09-23,22.32,21.95,0.0027397277411202693,0.02722012183416746,0.00962206736406225,0.48992977674950206,0.016715997991929837,22.025,22.1175,21.034,1,23,9,22.004647193229093,20.874926030039493,53.6470588235294,0.7985791455870341,1.0150310461455754,22.82656535961918,21.40843464038082,0.016441360354442207,0.017274729522360352,0.022564371128910993,27571782.0,0.5711744263145436,0.0,0.0,-1,0.0,0,56.771428571428565,0.04464710208186908,-0.0009111617312072699,-0.40028009913203255,0.1825523069057078,0.27422782969242654,0.03525046382189245,0.05233380480905225,0.19642400281143216,0.03539426523297487,0.0
2025-09-24,22.06,22.32,0.025659746780577527,-0.001762114993399221,0.005457039463058117,-0.059191266052049406,-0.011717123687753805,22.029000000000003,22.144,21.166,2,24,9,22.01471133991471,20.951382415198236,47.40566037735847,0.7481729083854773,0.9616594185935559,22.798101231503185,21.48989876849681,0.016687500446009258,0.01729990760342659,0.02277723212136473,26482195.0,-0.25684097798427774,0.0,0.0,-1,0.0,0,54.57142857142857,0.03835113712689075,0.008064516129032246,-0.44918771439572347,0.2260962068721988,0.2746275193383731,0.021769337656322385,0.024616813748258082,0.12116230580580742,0.028558476881232957,0.0
2025-09-25,21.31,22.06,-0.02611584713055956,-0.03408401677973648,-0.0378973261776903,0.028045898258423498,-0.03458956771483065,21.94,22.1195,21.259333333333334,3,25,9,21.886582005384764,20.974519033572545,39.18367346938775,0.6403255953827127,0.8973926539513872,22.85898701992187,21.380012980078128,0.019560352310427558,0.018783203047782145,0.02375050780751934,25361617.0,-2.1893555348287927,0.0,0.0,-1,0.0,0,50.65714285714286,0.07593815191798654,-0.00634632819582942,-0.3706695044518291,0.2984290864114801,0.29817410453797216,-0.03312159709618878,-0.022477064220183585,-0.44509773229349203,0.03237916471140316,0.0
2025-09-26,21.48,21.31,-0.028223015969289143,-0.0073306356908681624,0.000941619655261051,-0.3287484647710544,0.007945823530138351,21.862000000000002,22.0925,21.358,4,26,9,21.812658004405716,21.00713070882593,33.18385650224218,0.5620939331112282,0.8303329097833555,22.884828347673906,21.300171652326096,0.019827749053055135,0.018723543965524378,0.023741450524131492,26168236.0,-1.5460761988338785,0.0,0.0,-1,0.0,0,51.28571428571428,0.09854118942489616,0.0,-0.9656236889106207,0.3156538239998521,0.29722704596736976,-0.018730013704888138,-0.024523160762942697,-0.9632517100106351,0.023738361266294146,0.0
2025-09-29,21.38,21.48,0.007480165780163908,-0.00838528060315117,-0.005189914928334193,-0.13989714545382897,-0.00466636404376485,21.758,22.042,21.452,0,29,9,21.733992912695584,21.03118679212748,39.15343915343917,0.4864184833758891,0.7615500245018623,22.88181451586286,21.202185484137143,0.019476897134828104,0.018254250574200208,0.023804280962230383,25466923.0,-1.5765385986924416,0.0,0.0,-1,0.0,0,50.97142857142857,0.08463290187343565,-0.0004655493482309852,-1.1010848776923325,0.31059891033833775,0.28977724433515056,-0.02596810933940774,-0.045109423849933106,-0.6464643402205372,0.020495790458372236,0.0
2025-09-30,22.39,21.38,0.009733564680755872,0.044494880844062494,0.022220537677503337,0.6356487583385725,0.04615852501376436,21.841,22.0355,21.576666666666668,1,30,9,21.853266928569113,21.118852160377322,54.01301518438178,0.5021551710946284,0.7096710538204156,22.861638130416246,21.209361869583752,0.021662426998687322,0.021301134220818682,0.02502239280049771,26791175.0,0.8582099940633111,0.0,0.0,-1,0.0,0,51.40000000000001,0.06792453246917227,0.014031805425631465,0.30094959641349345,0.47648042373364585,0.3381450227513631,0.0031362007168458383,-0.005772646536412074,0.8369736705719267,0.042206342117016536,0.0
2025-10-01,21.92,22.39,0.019187431952261795,-0.01734819507229985,0.0016179363289038511,-0.42260605546941293,-0.021214968530848605,21.874,22.031,21.689666666666664,2,1,10,21.865400214283817,21.170539117772336,47.142857142857174,0.47126904128914404,0.6619906513141613,22.858701955003806,21.203298044996192,0.023071764074379043,0.02121185507542124,0.025418028386791826,25923344.0,-0.2682124871856473,0.0,0.0,-1,0.0,0,52.48571428571428,0.07346863641056932,-0.012952210808396567,-0.6533182368702866,0.49628916343445795,0.33672776025544704,-0.006346328195829476,-0.004089050431621999,0.9227778448350691,0.023813868613138778,0.0
2025-10-02,21.91,21.92,-0.006354991882377228,0.0017124063487778734,-0.0027752099217828287,0.10467201104633224,-0.00045630847243965147,21.860999999999997,22.0125,21.806,3,2,10,21.87350926623221,21.218246271464444,46.39175257731958,0.4409021983784207,0.6177729607270133,22.833279475480325,21.191720524519674,0.02207554221164282,0.021014749581679478,0.02534946688223328,24959751.0,-0.24976258072246682,0.0,0.0,-1,0.0,0,54.54285714285715,0.08629662770827856,0.001824817518248136,-0.3574270306811075,0.4038096286381572,0.33359880754453525,0.02815579540122015,-0.016606822262118515,1.2753103602337061,0.02829758101323601,0.0
2025-10-03,22.32,21.91,-0.0013670542115331123,0.010302442748159425,0.010138335686821622,-0.490548164306183,0.01853998390573504,21.904000000000003,22.01,21.927,4,3,10,21.954689399644536,21.28932715717642,49.019607843137244,0.44479253856655987,0.5831768762949225,22.826487986182457,21.193512013817546,0.022715121778403315,0.021438122117420095,0.025407390107263783,25549750.0,0.7593498134600235,0.0,0.0,-1,0.0,0,52.57142857142857,0.03979585292403251,0.0009128251939753343,-1.1961882395518868,0.4144697497235186,0.3403196381935621,0.03910614525139655,-0.002235136343316957,0.8169867798509598,0.028225806451613017,0.0
2025-10-06,22.9,22.32,0.023435051758466528,0.02985296314968113,0.028922033974725567,0.5379371809949485,0.02565377304708361,21.999,22.006,22.040999999999997,0,6,10,22.12656405425462,21.39324153413278,63.90041493775932,0.48903947132289005,0.5643493953005161,22.80303133399494,21.20896866600506,0.02393569127856696,0.021354322017676817,0.02477729761254317,26560106.0,2.2433246018547988,0.0,0.0,-1,0.0,0,53.971428571428575,-0.012780296173240216,0.005824372759856586,-0.044765750971454805,0.41274730125103337,0.33898935285098336,0.07109448082319925,-0.003481288076588429,-0.1921829936169382,0.029257641921397456,0.0
2025-10-07,22.19,22.9,0.019846296371930534,-0.003032274361519159,-0.015260619318908392,-0.09761816720288263,-0.03149517361569129,21.985999999999997,22.0055,22.073666666666668,1,7,10,22.13809786257196,21.444645306124215,55.45454545454547,0.461494595604087,0.5437784353612303,22.802031295847495,21.208968704152507,0.025895699390303516,0.02111700108232477,0.02014124906702945,25643718.0,0.463258633934013,0.0,0.0,-1,0.0,0,51.85714285714285,-0.003373436045106344,0.0,-0.2761403233596101,0.3901002533295265,0.3352219997958788,-0.008932559178204569,-0.00045045045045033483,-0.1038265141945045,0.042361424064894154,0.0
2025-10-08,22.29,22.19,-0.018510885534703526,-0.017064513842797346,-0.001810774600709887,0.03239661721913903,0.0044964104532748145,22.009,22.019,22.099,2,8,10,22.165716433013422,21.49918431863233,52.42718446601941,0.4426318628260617,0.5235491208541966,22.825653907395928,21.21234609260407,0.025610265685975363,0.021044391369150324,0.019990882426828956,26590280.0,0.6719114542563928,0.0,0.0,-1,0.0,0,52.942857142857136,-0.03929185225670315,0.01306894997746729,-0.17824178465044802,0.3499817710285972,0.33406935633291496,0.016879562043795593,0.012261580381471404,-1.0317745347736298,0.02646926873037236,0.0
2025-10-09,21.7,22.29,-0.007591016581049226,-0.007361539917449324,-0.02430754854040255,-0.6213712575056646,-0.026825886851363622,22.048,21.994,22.095666666666666,3,9,10,22.08104071792007,21.51214016904315,48.30053667262969,0.375743603665768,0.4939880174165109,22.80799340486224,21.18000659513776,0.024544733594256973,0.021818718157911195,0.020500155292982776,26081780.0,-0.7223645750539132,0.0,0.0,-1,0.0,0,48.62857142857143,0.04485258178325521,0.0008972633467922644,-1.2205901860241164,0.4119699389177989,0.34636141303225404,-0.009584664536741228,-0.022522522522522515,-0.2567415680471242,0.043953917050691294,0.0
2025-10-10,21.2,21.7,-0.028644831872995585,-0.027209804147639367,-0.018981237709489212,0.21681956553681386,-0.02331107886844711,22.02,21.941,22.06833333333333,4,10,10,21.920851496480058,21.49200209362101,43.78109452736318,0.2791702541394372,0.4510244647610962,22.817689946993358,21.06431005300664,0.02565231763151054,0.022347229932969302,0.02083038546324254,25450162.0,-1.6904494058390596,0.0,0.0,-1,0.0,0,30.14285714285714,0.01435504119996017,-0.0009216589861750956,-0.8711536513807646,0.38786361530875246,0.35475127736289236,-0.05017921146953408,-0.04761904761904767,0.9636496017802566,0.03561320754716977,0.0
2025-10-13,22.16,21.2,-0.0013847221229466161,0.01361182540973102,0.023150805946214093,0.28278224427413606,0.04428768020111628,22.098000000000003,21.928,22.06066666666667,0,13,10,21.964333042574594,21.535098732742238,48.79154078549848,0.2769071426400096,0.4162010003368789,22.782205694445064,21.073794305554937,0.029445746986121093,0.024690153253818067,0.022271415042099365,26288203.0,0.5431946930550927,0.0,0.0,-1,0.0,0,29.74285714285714,0.014341058650961741,0.02122641509433959,-0.3275432712760718,0.5066711207876157,0.3919440320500489,-0.03231441048034933,-0.011596788581623607,1.3922837502248648,0.025270758122743785,0.0
2025-10-14,22.07,22.16,0.006445694508029784,0.006737056696552025,0.003691743925233222,-0.39757605182169414,-0.004069641610437975,22.066,21.9535,22.045666666666666,1,14,10,21.98354521665194,21.569608491920157,50.07751937984497,0.26479892545225425,0.385920585359954,22.791750684776122,21.115249315223874,0.025239144032609982,0.023043407074434297,0.022253966870124042,25725084.0,0.2779598087202671,0.0,0.0,-1,0.0,0,28.285714285714285,0.0160982516128461,-0.016696750902527122,-0.9524388932694512,0.4570663096803068,0.3658027468714776,-0.00540784136998651,0.02365491651205942,1.2154782832057012,0.028545536927956458,0.0
2025-10-15,22.54,22.07,0.02403198855658173,0.020820242655242054,0.0173520335418252,0.7888989586019547,0.021072288342985072,22.128,22.000999999999998,22.063333333333336,2,15,10,22.084718813624313,21.632214395667244,59.96758508914101,0.28978765642535365,0.36669399957303395,22.859932017407456,21.14206798259254,0.025088164373792726,0.023468010713595572,0.022187546616731474,26964493.0,1.2550469398658168,0.0,0.0,-1,0.0,0,27.41428571428571,-0.00650476650786719,0.011327594019030357,0.7124689138346965,0.4839940236567568,0.3725431206814401,0.011215791834903621,0.044001852709587785,0.6257472842732364,0.03194321206743562,0.0
2025-10-16,21.99,22.54,0.013351333174864196,0.024134293352039062,-0.011381866555321491,-0.3546694326895352,-0.02470370404496045,22.136000000000003,21.9985,22.053666666666665,3,16,10,22.067497211147163,21.65529733788226,53.89312977099235,0.2621886546928778,0.3457929305970027,22.857245106475762,21.139754893524238,0.02656204342651303,0.02377682137145657,0.022554191700742424,26095165.0,-0.019796328237339244,0.0,0.0,-1,0.0,0,23.11428571428572,0.010482219010286975,0.003549245785270712,-0.22754571722808598,0.4763299042311252,0.3774453378988788,0.013364055299539102,-0.00226860254083483,0.6627620541517107,0.06944974988631199,0.0
2025-10-17,22.92,21.99,-0.009327182875138769,0.0056670915017776845,0.015447831045516629,0.6770701084835983,0.041422087279869235,22.196,22.05,22.072,4,17,10,22.222497718211315,21.73689105801889,60.43360433604337,0.3117656344786255,0.3389874713733273,23.00003601039854,21.099963989601463,0.029251059192555717,0.025493152157077942,0.023845913012106545,27806092.0,1.831509522749645,0.0,0.0,-1,0.0,0,22.32857142857143,-0.03476714140682535,0.019099590723056014,2.6714476057076326,0.4769939292948716,0.4046912444565484,0.0811320754716982,0.047053449063499286,-0.4833345170844741,0.05759162303664922,0.0
2025-10-20,22.18,22.92,0.07477709228574593,0.05585733139252448,-0.007321597838109073,0.5881539746268112,-0.03281890992431798,22.124000000000002,22.061500000000002,22.045333333333335,0,20,10,22.21477086035471,21.76547873169509,48.52320675105485,0.2880237738038858,0.32879473185943897,23.012007343752618,21.110992656247387,0.029967255956246365,0.02666001464891367,0.02406879082601826,24725292.0,0.24934052488675704,0.0,0.0,-1,0.0,0,29.85714285714286,-0.03186455312923201,0.05366492146596845,3.6391778343362917,0.4953519000493795,0.4232146122621872,0.0009025270758122872,0.010478359908883794,0.4170983401555799,0.12767357980162314,0.0
2025-10-21,21.01,22.18,-0.09324192674026582,-0.12181529918432198,-0.11125074834016918,-0.2633919281418475,-0.05419246706531189,22.006,21.996000000000002,22.005666666666666,1,21,10,21.99572161301749,21.716738168359925,44.1741357234315,0.17280694536864516,0.2975971745612802,23.046762129424597,20.945237870575408,0.032888823668463435,0.028909880433689018,0.025178459746771825,22357880.0,-1.876733034792455,0.0,0.0,-1,0.0,0,28.542857142857148,0.03466003544580085,-0.008115419296663649,1.993105273813314,0.6270974495304732,0.4589301243609197,-0.04802899864068866,-0.05869175627240142,0.4454861114363376,0.10947168015230845,0.0
2025-10-22,21.07,21.01,-0.05081493991777366,-0.03515625698457788,0.03393539205063586,-0.8720093404531315,0.0028517129591885495,21.883999999999997,21.9465,21.974,2,22,10,21.827408592468856,21.675013125239932,44.656488549618324,0.08535436530834417,0.255148612710693,23.074969387221497,20.818030612778504,0.032840118669002515,0.02885343304730213,0.025159222243519755,23347720.0,-1.5534315949112418,0.0,0.0,-1,0.0,0,26.37142857142857,0.04886435040375606,-0.004759638267491738,-0.17776479909072077,0.5827548653189516,0.458034049881684,-0.06521739130434778,-0.044877606527651825,0.8360290065712358,0.04081632653061222,0.0
2025-10-23,21.72,21.07,0.014245255136048924,0.026940784031186844,0.03519283406565054,-0.20981644333764765,0.030383267249636896,21.886000000000003,21.967000000000002,21.958000000000002,3,23,10,21.807879757474517,21.677915504256713,46.29629629629629,0.0677165391607204,0.2176621980006985,23.06115865298231,20.872841347017694,0.03369253859580208,0.028699575665153583,0.025782293637676545,24150216.0,-0.45148845521947734,0.0,0.0,-1,0.0,0,27.571428571428573,0.0347986615570844,0.006644518272425276,-0.4462288091240754,0.6427266467492917,0.4555916396584651,-0.012278308321964526,0.019239793524167048,-0.24997645446411465,0.03268876611418052,0.0
2025-10-24,22.05,21.72,0.030185714171801336,0.014107173658033408,0.029407019832834023,-0.21046378071280067,0.0150791068271203,21.971,21.9955,21.951,4,24,10,21.851901619751878,21.70192095559499,44.585987261146514,0.0794508173737114,0.1900199218753011,23.065679030768248,20.925320969231752,0.03287056640704702,0.028832405375476745,0.025934646978208346,24800405.0,0.1018521171375916,0.0,0.0,-1,0.0,0,32.45714285714286,0.022798410753450855,0.006445672191528572,-0.6685122178141593,0.5472958070075318,0.4577002459398801,-0.0379581151832461,0.026536312849162025,-0.43283685848212555,0.017687074829932,0.0
2025-10-27,21.2,22.05,0.01408154087982762,0.00765252440311476,-0.030829158019901833,0.3671476216095836,-0.03931142021488835,21.875,21.9865,21.910333333333334,0,27,10,21.733374052524262,21.669538958459828,43.80475594493115,0.019932649963678273,0.15600246749297655,23.08121986322926,20.891780136770738,0.031970825206991134,0.030190019515802424,0.026827064957142596,23861785.0,-1.436897285630574,0.0,0.0,-1,0.0,0,37.34285714285715,0.03924939918155165,0.005442176870748344,-0.23887492815552105,0.566818005288956,0.479251702289999,-0.044183949504057685,-0.008419083255378879,-0.35137052595050916,0.057547169811320874,0.0
2025-10-28,21.47,21.2,-0.04238312825779438,-0.03699896781165414,-0.003802285949738459,-0.21525091333333785,0.012655430212722972,21.814999999999998,21.9405,21.90733333333333,1,28,10,21.68548786115621,21.656665477268874,44.97549019607843,-0.005387084046617474,0.12372455718505776,23.041130919542947,20.839869080457053,0.032403015509186124,0.028274064213193575,0.026017019906901348,24618631.0,-0.8549641694517963,0.0,0.0,-1,0.0,0,39.34285714285714,0.037625595238189515,0.0023584905660377696,-0.4789404465304009,0.41489189110252156,0.44883685476708796,0.021894336030461536,-0.04108977221974108,-1.415907818816085,0.022822543083372077,0.0
2025-10-29,21.34,21.47,0.011696039763191236,0.024363420640114885,0.008534902449837286,0.16287706240457767,-0.0060733660170822976,21.695,21.9115,21.899,2,29,10,21.622671886400536,21.636235446477333,47.66233766233767,-0.035533461586915394,0.09187295343066314,23.044493705562136,20.778506294437864,0.03132875473207326,0.027933311167373697,0.02604065332642703,23727905.0,-1.0088317299458418,0.0,0.0,-1,0.0,0,42.114285714285714,0.032183610031536726,0.0013972985561248783,-0.27082325353623093,0.4220363744924134,0.4434275678607248,0.012814428096820096,-0.026459854014598605,-1.036244239065782,0.03936269915651358,0.0
2025-10-30,25.85,21.34,0.08468308723003849,0.23092428359215167,0.07018825367969019,1.3411700914490885,0.19172735508083094,22.081,22.1085,22.026,3,30,10,22.391276997964074,21.908091224123957,69.85482493595218,0.3010246011560085,0.13370328297573222,24.202755551691535,20.014244448308464,0.07431772275924725,0.055086929342784856,0.04650134845505137,27133609.0,3.5731073955878814,0.0,0.0,-1,0.0,0,37.05714285714286,-0.053458509820841195,0.09653233364573564,2.6958749917280103,1.5675110773870824,0.8744778931871731,0.19014732965009218,0.17982656321314483,1.963519856535667,0.19419729206963246,0.0
2025-10-31,23.51,25.85,0.0875098282407376,-0.08262956428229229,0.02991768764986888,-0.05108833420201779,-0.09488473840245999,22.14,22.168,22.08,4,31,10,22.59468118015242,22.011440177406282,55.15660809778458,0.37461254659668697,0.1818851356999232,24.35319997880509,19.982800021194908,0.08115868546715595,0.05938560805151968,0.04971516808334245,23897527.0,1.2282628711481436,0.0,0.0,-1,0.0,0,34.45714285714286,0.005058226481904185,-0.01199226305609293,2.065576682258338,1.8266276534786456,0.9427173021640566,0.0662131519274376,0.05331541218637992,1.5828255983811417,0.09059974478945125,0.0
2025-11-03,23.71,23.51,-0.06219202025644762,-0.03973768309437734,-0.006643118826759074,-0.381602976913772,0.00847103752533591,22.293,22.2085,22.13866666666667,0,3,11,22.797466420124707,22.12102468208975,56.21212121212122,0.4439522469095074,0.23429855794184007,24.479175994871476,19.937824005128526,0.08007862365976252,0.05917574918288741,0.04972328091915583,26107014.0,1.3225136509050794,0.0,0.0,-1,0.0,0,32.6,0.00454295438841793,0.020842194810718775,0.8789777923350854,1.7646904686489193,0.9393858959031225,0.1183962264150944,0.035371179039301426,1.3848409211823574,0.05440742302825823,0.0
2025-11-04,24.15,23.71,-0.0317486983145803,0.0006109357689258406,-0.004521062498719299,-0.1929216159609969,0.018387480021267413,22.607,22.3065,22.199666666666666,1,4,11,23.043381616465666,22.251926315503315,56.11237661351557,0.5283186531727218,0.29310257698801645,24.73734802183611,19.87565197816389,0.07705094199408859,0.05870003710198998,0.04973977878653067,27928839.0,1.5167546333131385,0.0,0.0,-1,0.0,0,20.94285714285714,-0.00504403337071339,-0.019401096583719985,0.42223416755290744,1.76216621787177,0.9318342007327807,0.12482533768048443,0.08832807570977907,1.3390784793236516,0.0583809523809524,0.0
2025-11-05,25.0,24.15,0.04827800026579074,0.0312650716140514,0.03647131005582096,-0.5980663176057619,0.03459144476961908,23.0,22.442,22.297666666666668,2,5,11,23.39913041347191,22.429221391922457,61.172976985894586,0.6562032318328157,0.36572270795697637,25.154750400763678,19.729249599236322,0.07709373603490995,0.059065439541308176,0.049974518630592324,28930613.0,1.8859088541871643,0.0,0.0,-1,0.0,0,23.057142857142857,-0.024797767391955886,0.010351966873706004,-0.4492617542353461,1.7355367460970192,0.9376347846301345,0.17150890346766645,0.12157918349035457,1.0365591372926883,0.053199999999999935,0.0
2025-11-06,24.44,25.0,0.026689817168766165,0.0059020434950309165,-0.007105568036012859,0.24229625729800458,-0.02265469056480615,23.272,22.579,22.401999999999997,3,6,11,23.588379429204288,22.558949044056494,55.801526717557245,0.704247238112572,0.4334276139880955,25.408222694068638,19.749777305931364,0.0780727947605155,0.058949892654127804,0.04970407543868582,27654181.0,1.3155556852428196,0.0,0.0,-1,0.0,0,24.342857142857145,-0.007580378241303593,0.002399999999999949,-0.20402620102313623,0.7872815486424608,0.9358005346606532,-0.054545454545454564,0.12626728110599084,-1.3600018800927656,0.06751227495908341,0.0
2025-11-07,24.86,24.44,-0.007610691652608901,-0.007481822654549475,0.013126555809221094,-0.4889492840129997,0.017038951779170426,23.553,22.762,22.514666666666663,4,7,11,23.81958316934896,22.70740394443995,60.48513302034429,0.7673672175270525,0.5002155346958869,25.687493030872858,19.836506969127143,0.07807758212839525,0.05853773053598244,0.04974705639240613,28436979.0,1.4342881544134363,0.0,0.0,-1,0.0,0,20.428571428571427,-0.014091432571184302,0.017594108019639922,-0.7545188247566132,0.33691634036993645,0.9292576638739276,0.05742237345810275,0.17264150943396217,-1.074454997105955,0.04605792437650843,0.0
2025-11-10,25.63,24.86,0.0084084579494066,0.024017555908195293,0.02554547819462634,-0.002519785475997955,0.030503454293414625,23.996,22.935499999999998,22.656333333333333,0,10,11,24.148749865830965,22.89595852866963,68.65912762520193,0.8694997687204271,0.574072381500795,26.11152515567417,19.759474844325826,0.07588368070664625,0.058163779907277134,0.049908853097420894,29217807.0,1.6967749737032813,0.0,0.0,-1,0.0,0,29.942857142857143,-0.027530475652153025,0.008849557522123849,-0.7517506014777788,0.36157435303405006,0.9233213816769047,0.08097849008857017,0.1565884476534296,-1.6067305738388458,0.04428404213811932,0.0
2025-11-11,25.72,25.63,0.014252022707201632,-0.005999050405516866,0.016410214163522497,-0.2599861603146632,0.003505358993438887,24.421,23.118000000000002,22.767333333333333,1,11,11,24.43443170840715,23.078154752626432,68.73489121676067,0.946788807191357,0.6486156666389075,26.497570822955176,19.73842917704483,0.0760586178704121,0.058100275670158553,0.04933409593268738,29819874.0,1.5398404923645004,0.0,0.0,-1,0.0,0,30.457142857142856,-0.03092940754080068,-0.007413187670698312,-0.9512993015738769,0.3702868192542023,0.9223132831652168,0.06501035196687366,0.16538287267784324,-0.909527287359259,0.02216174183514776,0.0
2025-11-12,26.34,25.72,0.010946160897497077,0.04218752139124687,0.020043901536655306,0.7177900851060683,0.023819796945716454,24.921,23.308,22.91466666666667,2,12,11,24.78089867051494,23.288596381489246,68.65912762520193,1.0460119705837805,0.7280949274278821,26.966510482063693,19.649489517936306,0.07547868142633116,0.058134511495662795,0.04917852461280263,31054050.0,1.6575051594711887,0.0,0.0,-1,0.0,0,34.57142857142858,-0.02833511732885513,0.0,-0.25871070729942575,0.33487902278079085,0.9228567600464962,0.05360000000000009,0.16858917480035496,-1.1312919889669497,0.04441913439635542,0.0
2025-11-13,25.66,26.34,0.016580291141513274,-0.017646412475129474,-0.006636760647781632,-0.23038994510302782,-0.026155337127644625,24.901999999999997,23.491500000000002,23.039666666666665,3,13,11,24.94073527587586,23.44159016332865,64.17910447761194,1.0575855376794507,0.7939930494781958,27.238741933110898,19.744258066889106,0.03780964122877204,0.05817855650146381,0.04953200083434782,30073838.0,1.157384571750747,0.0,0.0,-1,0.0,0,24.542857142857144,-0.01159987245235281,-0.007213363705391089,-0.5449965300212866,0.35632747558635347,0.9235559528375594,0.04991816693944351,0.16689404274670316,-1.243995704765843,0.03390491036632882,0.0
2025-11-14,25.33,25.66,-0.04777729297546535,-0.02609511078285184,-0.037107788315075364,-0.4022454840729725,-0.012943895173906638,25.084,23.612000000000002,23.14,4,14,11,25.011510680262067,23.563423056017125,66.9123669123669,1.028276104062904,0.8408496603951375,27.436071129045793,19.78792887095421,0.02171788330114442,0.05783585850245741,0.049596550850436266,29418256.0,0.8985188517812346,0.0,0.0,-1,0.0,0,22.057142857142853,0.0031512269799093785,-0.028448947778643822,-0.8291718552891573,0.38109815159236166,0.9181157907565372,0.01890587288817369,0.10514834205933665,-0.10324836408045528,0.044216344255823034,0.0
2025-11-17,25.63,25.33,0.015917566478117297,0.02172953490199288,0.029243021075266613,0.18136851410082103,0.011774076362395858,25.276,23.7845,23.231,0,17,11,25.12396328385078,23.696750600790214,66.99346405228758,1.017526250328423,0.8761849783817948,27.647640118989855,19.921359881010147,0.02175732316953944,0.05711602219877012,0.0494605610878037,30204205.0,0.9554403636193063,0.0,0.0,-1,0.0,0,11.642857142857142,0.0017563692331831375,0.0,-0.6158062944925261,0.31404236549716114,0.9066887436911419,0.0,0.15554553651938674,-0.23450504330875904,0.03726102223956308,0.0
2025-11-18,25.72,25.63,0.005119129115676698,-0.0032733752394124554,-0.009121617875845546,-0.24704356722915574,0.003505358993438887,25.433,24.02,23.348666666666666,1,18,11,25.23233359587791,23.827282820094073,67.95081967213113,1.0046877466865531,0.9018855320427466,27.742687201471753,20.297312798528246,0.021466690299657785,0.05528663577381375,0.04899663004321621,30818115.0,0.913318744227508,0.0,0.0,-1,0.0,0,8.9,0.00498374694735119,-0.006632852126414286,-0.7369073946405018,0.31404236549716114,0.8776481344975093,0.0,0.22417896239885748,-0.23450504330875904,0.042733281493001554,0.0
2025-11-19,26.05,25.72,0.02098794489222161,0.0181891620154239,0.027700425462952115,0.65130048829186,0.012748868829957278,25.538,24.269,23.474,2,19,11,25.381000214809198,23.9706839284751,51.24688279301745,1.0095044433011964,0.9234093142944365,27.823264451257856,20.71473554874214,0.019192132028587224,0.0552494529674216,0.04901134392492212,31995615.0,1.0021764133896707,0.0,0.0,-1,0.0,0,7.857142857142857,0.003274964976384582,0.010886469673405955,-0.06407669010245358,0.2664698867742506,0.8770578757449429,-0.011009870918754716,0.23635500711912671,-0.7378223327510589,0.03358925143953935,0.0
2025-11-20,25.37,26.05,0.01185255703071932,0.0029940142126046996,-0.024244253517471677,0.30200135344270085,-0.026450394588185457,25.631,24.4515,23.596333333333334,3,20,11,25.379000175752978,24.060962384702513,64.62264150943395,0.9475288700699203,0.9282332254495334,27.824908552659984,21.078091447340014,0.0197907833016807,0.05569311070731144,0.04900296035328795,30402972.0,0.5445530748273878,0.0,0.0,-1,0.0,0,5.171428571428572,0.027645759824652127,0.009980806142034473,0.39426826154878003,0.26808439672513307,0.8841007240268078,-0.01130163678877627,0.16804788213628008,-0.7500244988211348,0.06200630666141112,0.0
2025-11-21,26.35,25.37,-0.038749520495168735,-0.01392308474479506,-0.00584947185132109,-0.20978106113074815,0.0379009013761808,25.78,24.666500000000003,23.768000000000004,4,21,11,25.555545598343343,24.20864223085074,68.4873949579832,0.966351097651458,0.9358567998899183,27.942153570784182,21.390846429215824,0.022380257664886286,0.056071984749791214,0.049022840476875156,31694226.0,1.0278864743300526,0.0,0.0,-1,0.0,0,5.6571428571428575,0.005807009179761398,-0.0023649980291683987,-0.01298443857201417,0.36883083323706145,0.8901151629945231,0.04026845637583909,0.1950113378684808,-0.3911252535488289,0.05123339658444028,0.0
2025-11-24,26.75,26.35,0.04102742580816278,0.026179505581771078,0.04006899543263613,0.2505903220194742,0.015066198354644183,25.892000000000003,24.944,23.921,0,24,11,25.77271912591728,24.372600796602306,68.30985915492958,1.0019941409401127,0.9490842680999573,27.908750100412583,21.979249899587415,0.0209377830970107,0.054881318598015684,0.04854685323130977,33353208.0,1.2183151623799064,0.0,0.0,-1,0.0,0,13.685714285714283,-0.001627755786335581,0.0007590132827324315,0.39900301950499906,0.37169003156963215,0.871213923801921,0.043698790479906435,0.2617924528301887,-0.5150488517467648,0.03836635514018688,0.0
2025-11-25,27.36,26.75,0.013933571308601688,0.013929844010178672,0.020743543325063958,-0.645532897462358,0.02254761941233421,26.056,25.2385,24.097333333333335,1,25,11,26.061315648477773,24.565336229079577,67.20116618075801,1.0671618342182256,0.9726997813236109,27.905453909968532,22.571546090031465,0.021712769482962743,0.054924755648057634,0.0485766851467919,34223150.0,1.5909536284599917,0.0,0.0,-1,0.0,0,15.028571428571428,-0.009546756797238007,-0.000373831775700993,-0.5909225775839109,0.3795176951630257,0.8719034655945046,0.0637636080870918,0.2743362831858407,-1.2114433816716235,0.03143274853801167,0.0
2025-11-26,27.77,27.36,0.012634876370277067,0.015173701532215225,0.01158241978692932,-0.20089091318734897,0.01487420856435845,26.199,25.56,24.271666666666665,2,26,11,26.371985530572722,24.772088730429285,74.81371087928463,1.1387643080490193,1.0059126866686927,27.75703149008447,23.36296850991553,0.02106899010494799,0.0547312301328169,0.04853191041425838,34934764.0,2.0118054838759103,0.0,0.0,-1,0.0,0,17.657142857142862,-0.014889697540954877,-0.010233918128655012,-0.7712897032273387,0.3798840362608392,0.868831343280469,0.0660268714011516,0.30131208997188375,-1.2976242194667014,0.03492978033849474,0.0
2025-11-28,27.88,27.77,0.031979469321535316,0.006076873034917125,0.027840625972941662,-0.9477617719778616,0.003953284573614921,26.421,25.6615,24.468000000000004,4,28,11,26.6461699795595,24.97259913491772,73.59374999999999,1.190660670075438,1.0428622833500418,28.090285921532264,23.232714078467737,0.018037291870052746,0.02916339936269658,0.048152836336157114,35210591.0,1.8268386524576035,0.0,0.0,-1,0.0,0,21.77142857142857,-0.01184786819012214,0.00684191573640624,-1.330854735396132,0.20337840023196102,0.4629546125937284,0.09893575088687423,0.07852998065764005,0.7678660583387952,0.013629842180774714,0.0
2025-12-01,27.48,27.88,-0.0032240758717526764,-0.00321256746044657,-0.010897310889166002,0.6687610537159907,-0.014451118538174485,26.636000000000003,25.860000000000003,24.62,0,1,12,26.797775437821407,25.134366932664964,65.33996683250416,1.1858425984998355,1.0714583463800005,28.195546819776943,23.524453180223063,0.01823772992874104,0.019521293137220196,0.047911868016324695,34672227.0,1.3872554266796655,0.0,0.0,-1,0.0,0,22.085714285714285,-0.0027343480940729297,-0.00035868005738873786,-1.0325460881852033,0.22920362845447123,0.30989092146885916,0.042884250474383157,0.16886431305827299,-1.1854878188026843,0.021470160116448322,0.0
2025-12-02,27.49,27.48,-0.006479504310986396,-0.0032265081285516536,-0.005860822636982835,0.11335575106804756,0.0003638348230055976,26.821999999999996,26.049,24.797000000000004,1,2,12,26.923634449126602,25.286343259589806,64.87394957983193,1.1693516011286356,1.0910369973297276,28.26046200748014,23.83753799251986,0.018352877008537667,0.01959522085439485,0.04735387276792434,35275211.0,1.303210270061979,0.0,0.0,-1,0.0,0,23.257142857142856,-0.0010655201430884048,0.0076419213973799435,-0.870716355431441,0.22618203069390727,0.3110644875966923,0.027663551401869046,0.15942640236187255,-0.29569687916716414,0.024005092761004015,0.0
2025-12-03,27.58,27.49,-0.0076128698287219404,-0.0028987557812077463,-0.007374664691267182,0.3813224141595279,0.0032685701880013213,27.008,26.220499999999998,25.016000000000002,2,3,12,27.042973640194493,25.434321113809823,61.439114391143896,1.1502848470500204,1.1028865672737862,28.342053303844708,24.098946696155288,0.018358308812141982,0.01944305751550698,0.045951646706741414,36158112.0,1.2816081477060168,0.0,0.0,-1,0.0,0,24.77142857142857,0.0010758344834627827,-0.0003637686431428887,-0.09125263913686112,0.16713059963611804,0.308648969476541,0.008040935672514626,0.1420289855072463,-0.6085671184807986,0.028252356780275545,0.0
2025-12-04,28.05,27.58,-0.0032804840791618353,0.020733804569419378,0.010309369658861287,0.026193711644023,0.01689775960354961,27.208,26.373,25.24866666666667,3,4,12,27.22606934197731,25.60307459033822,72.93666026871401,1.159730725227174,1.114255398864464,28.562545494774202,24.1834545052258,0.01855017460026183,0.018447865324504386,0.04594796464015413,37064445.0,1.5318247590675813,0.0,0.0,-1,0.0,0,36.02857142857143,-0.0036581590067347953,-0.006889050036258076,-0.013011911431308896,0.17776635450452813,0.2928507832119029,0.010082823190493473,0.12200000000000011,-0.311098449909701,0.038559714795008845,0.0
2025-12-05,28.65,28.05,0.023810648693718607,0.013418322441728376,0.021790164588940914,-0.17614361958660305,0.021164811192043116,27.536,26.583499999999997,25.479666666666667,4,5,12,27.484965825254164,25.799650423219628,80.29197080291974,1.2017782853348926,1.1317599761585497,28.799900828275597,24.367099171724398,0.014635092986020122,0.0174814059208772,0.045836044272972165,37824403.0,1.864734910433847,0.0,0.0,-1,0.0,0,38.142857142857146,-0.007070445152237376,0.0,-0.3571697124663935,0.2260296503039502,0.2775087158064789,0.02761836441893828,0.17225859247135822,-0.36417809845649163,0.030143106457242642,0.0
2025-12-08,28.28,28.65,0.021164811192043116,0.0017367145733729807,0.013124304925644108,0.13120124869375963,-0.012998602132376462,27.728999999999996,26.7545,25.687333333333335,0,8,12,27.62951749338977,25.9596729765603,73.87387387387392,1.1915103818827042,1.1437100573033807,28.938503807593012,24.57049619240699,0.013364531815199244,0.017949572474345334,0.04601769937819614,36957901.0,1.3969755864860445,0.0,0.0,-1,0.0,0,40.77142857142858,-0.006275350051454996,0.0,-0.06538555402657292,0.21817875036239137,0.2849406294422884,0.02911208151382816,0.13757039420756234,-0.2554269267671963,0.01927157001414433,0.0
2025-12-09,28.9,28.28,-0.014768200895350494,0.014470536739004107,-0.01353297006610131,0.22667015062931978,0.021686754090014394,27.944,26.918,25.944,1,9,12,27.860514312773446,26.14937149420157,76.15131578947373,1.219345951749137,1.158837236192532,29.23320920959907,24.602790790400928,0.013969818211091596,0.017409219149344526,0.0451670352646429,38044855.0,1.7121562853002161,0.0,0.0,-1,0.0,0,40.94285714285714,-0.011337692670932235,-0.001768033946251793,0.5185051202068285,0.23701780401781464,0.27636278633393435,0.051291378683157474,0.1275848614904409,-1.1512351293443708,0.046539792387543216,0.0
2025-12-10,28.71,28.9,0.02414815502516606,0.002562133095167115,0.015300067186121436,0.25260997392894596,-0.0065961009854137685,28.079,27.067499999999995,26.185333333333336,2,10,12,28.01496625590555,26.31457333328534,72.39057239057243,1.212102071140226,1.1694902031820709,29.442367309313077,24.692632690686914,0.01355825371114502,0.01763476696285605,0.04528323005725155,36645531.0,1.3832351757581691,0.0,0.0,-1,0.0,0,36.371428571428574,-0.012575290900002272,0.0006920415224914577,1.2615233175523013,0.2637980212089262,0.2799432468737696,0.040971718636693355,0.11625194401244165,-0.6336808470656489,0.0344827586206896,0.0
2025-12-11,28.78,28.71,0.020195791664284035,0.008493341357199875,0.010362787035546437,-0.014608909395923925,0.0024352073262491726,28.18,27.189500000000002,26.433333333333334,3,11,12,28.154063300286357,26.473633118234673,81.9887429643528,1.1981975826729574,1.1752316790802482,29.65593552734066,24.723064472659345,0.013094946078052195,0.01709945133787914,0.04520166261853229,38024561.0,1.2897154475510633,0.0,0.0,-1,0.0,0,43.74285714285714,-0.008040520856292676,0.027864855451062372,1.160977852403305,0.2530219863793281,0.27144537477407343,0.026024955436720232,0.09263477600607439,0.11969934170652574,0.03283530229325922,0.0
2025-12-12,28.41,28.78,0.005070147754937965,0.007414931175861956,-0.018161479521365397,-0.03183726378490763,-0.012939505593125265,28.232999999999997,27.326999999999998,26.518666666666665,4,12,12,28.200597245688833,26.598560013832437,71.82203389830512,1.1441334098547493,1.1690120252351484,29.740463115634498,24.9135368843655,0.014093190745926014,0.016103571657927,0.024899999405914038,36688744.0,0.897465548973414,237500.0,6757500.0,1,0.0,0,39.285714285714285,-0.0015317529474578168,0.030576789437109068,0.9691558886752045,0.2312903582092955,0.2556362749606977,-0.008376963350785305,0.10717069368667187,1.3574790439686353,0.05913410770855332,0.0
2025-12-15,28.17,28.41,-0.047644495681414,-0.03311447815942587,-0.01686743740437496,-0.4244365523625384,-0.008483613977815255,28.302,27.469,26.674,0,15,12,28.19503411010904,26.699943238746474,65.57017543859655,1.0695915831754732,1.1491279368232132,29.7162055160979,25.2217944839021,0.013442526747345553,0.015871278312054198,0.017679895544729027,35814935.0,0.6238859730259411,0.0,0.0,-1,0.0,0,49.31428571428573,-0.0017238506007430112,-0.004575853572685639,-0.28716867364647924,0.21938778381060622,0.2519487324143304,-0.0038896746817538297,0.11212001579155162,1.4449427188162065,0.04188853390131344,0.0
2025-12-16,27.99,28.17,-0.018919000835928554,-0.004173919103163582,0.0021691982475453135,-0.05560261465394752,-0.006410278360919166,28.351999999999997,27.587,26.816666666666666,1,16,12,28.157755180998304,26.783172707214444,57.6271186440678,0.9846418148862881,1.1162307124358282,29.66941863428633,25.50458136571367,0.013731877948791745,0.016007575173302754,0.017821392202411662,34988386.0,0.38704993641983204,0.0,0.0,-1,0.0,0,46.4,0.0004946748202496954,-0.01490947816826417,-0.4210064665390408,0.08839020034615165,0.2541123780103845,-0.03148788927335644,0.09207959422551704,0.9655250379664102,0.03572704537334763,0.0
2025-12-17,27.62,27.99,-0.00795952103792749,-0.025594901719722223,-0.02822783571619477,1.0619107748265946,-0.013307155546215943,28.356,27.682,26.932333333333336,2,17,12,28.059981511725884,26.837161564813513,48.166259168704165,0.8773490697607329,1.0684543839008092,29.570085635881735,25.79391436411826,0.014515109354734093,0.01649364531171853,0.017974505445002623,32598096.0,-0.06567498721639663,0.0,0.0,-1,0.0,0,37.68571428571429,0.0034763173288229173,-0.01643444087173981,2.773938758274342,0.1010570362330465,0.26182850224628185,-0.037965865552072486,0.0738724727838258,1.1889961226772525,0.03786024619840695,0.0
2025-12-18,27.77,27.62,0.015498598211093584,0.019651867272543918,0.02678222650166813,-1.1395883035583207,0.005416153337562158,28.327999999999996,27.767999999999994,27.02466666666667,3,18,12,28.007257600502996,26.89734468966426,48.6682808716707,0.7952553341807587,1.0138145739567992,29.492713248478005,26.043286751521983,0.01344683626713622,0.016360471057707816,0.017026167503005236,33362871.0,0.002319226111089381,0.0,0.0,-1,0.0,0,42.371428571428574,0.003724639052366985,0.012309920347574216,-0.5961939913834579,0.12035305190430681,0.25971442650338844,-0.035093815149409346,0.0660268714011516,1.4754972410317764,0.03132877205617576,0.0
2025-12-19,28.31,27.77,-0.011691832080383255,-0.005625893882168437,-0.0005426426831174545,0.6081411555270608,0.019258797805100106,28.294,27.915,27.153666666666666,4,19,12,28.062301673138816,26.988483741943988,59.71896955503514,0.7649510646046451,0.9640418720863685,29.23215003341617,26.59784996658383,0.013097793305242097,0.015175136180338937,0.016525296420609015,34767773.0,0.5997798124417533,0.0,0.0,-1,0.0,0,44.2,-0.00030217413371241993,-0.004861361181130645,0.7733627863632729,0.20887682336649327,0.24089781866829268,-0.0035198873636044237,0.11588490342924707,1.0356012063343922,0.025609325326739592,0.0
2025-12-22,27.98,28.31,0.02413201383858196,0.008252175703352667,0.0072111363502447,-0.9407561747071347,-0.011725129886473016,28.264,27.996500000000005,27.25766666666667,0,22,12,28.047337732568124,27.05245253278631,55.33769063180832,0.7061662258814287,0.9124667428453807,29.08836995562746,26.90463004437255,0.01297738883735164,0.013487805029264785,0.016633180023839428,34219394.0,-0.03022337946925602,0.0,0.0,-1,0.0,0,54.88571428571429,-0.0018160841535363372,0.0,-0.9522610180122986,0.2175016490325188,0.21411226703736533,-0.006744763933262399,0.061859582542694413,1.0120356533936072,0.027162258756254398,0.0
2025-12-23,27.84,27.98,-0.011367795596446103,-0.02049179635003162,-0.008478448912366727,0.22107459374552924,-0.005016133771116188,28.158000000000005,28.051,27.331333333333337,1,23,12,28.009639963010283,27.1032620468001,52.80172413793105,0.6408941587805437,0.8581522260324134,28.977132876678645,27.12486712332135,0.010188504681547866,0.013289340532800762,0.015908643362983775,33535337.0,-0.4556581572974705,0.0,0.0,-1,0.0,0,58.57142857142857,-0.0012930176658301333,0.00035739814152959293,-0.5929827085934009,0.21566398303252093,0.21096174082704855,-0.005359056806002127,0.040747663551401914,0.949678641461558,0.014906609195402269,0.0
2025-12-24,27.96,27.84,-0.01005394465247499,-0.0005355708420439128,-0.003266197786621181,-0.6172446034433272,0.004301081899390702,28.083,28.081,27.406000000000002,2,24,12,28.00061451519023,27.158535463135582,48.95104895104895,0.5920240873051412,0.804926598286959,28.9499957906759,27.2120042093241,0.010424023743203564,0.012384234589505641,0.015910400661550517,33904337.0,-0.27848236159092465,0.0,0.0,-1,0.0,0,58.0,-0.003193428414067087,-0.004669540229885021,-1.1796295203008225,0.18711220057537767,0.196593629410296,0.012309920347574277,0.021929824561403466,0.4143607658318998,0.017525035765379057,0.0
2025-12-26,28.08,27.96,0.007549919019284685,0.00818073209019405,0.007243783938403781,0.40483799190937,0.004282661792000728,28.012999999999998,28.096500000000002,27.464,4,26,12,28.015048239701095,27.21798478809458,42.51968503937006,0.5565615060944431,0.7552535798484559,28.95310959602488,27.239890403975124,0.010539312178873038,0.011980067176375895,0.015403335695056891,34457490.0,-0.03852396722281167,0.0,0.0,-1,0.0,0,54.85714285714285,-0.002711058299156539,-0.0014306151645207133,-0.7677426731419997,0.18616256449289048,0.19017767063123037,0.011163125675188956,0.011163125675188956,0.5128789686825537,0.018518518518518504,0.0
2025-12-29,28.13,28.08,0.0035752630146890477,0.0021231430480777515,-0.006517039720371076,0.08588281256357505,0.0017790433441551784,27.985000000000003,28.109,27.546333333333333,0,29,12,28.03594855975544,27.276824479185255,47.85100286532948,0.526423455218886,0.709487554922542,28.959582462973284,27.25841753702672,0.009925798780974533,0.011957992275730491,0.014464944625251499,35060249.0,0.04937792845290977,0.0,0.0,-1,0.0,0,47.885714285714286,0.0001695732277092856,-0.0021367521367520914,-0.7256144646160688,0.11032551460703649,0.18982724244728516,-0.00635817732250088,0.00896700143472029,-1.0014271637618313,0.02701741912548873,0.0
2025-12-30,27.82,28.13,0.007820871716180296,-0.0017689726884345146,0.009399924599896388,-0.3160390159732428,-0.01108143600646863,27.95,28.125999999999998,27.62933333333333,1,30,12,27.99668518525445,27.311868061173307,33.018867924528294,0.4720825497725798,0.6620065538925496,28.93628649904106,27.315713500958935,0.0101721164877572,0.011761909947223382,0.014398375206874092,34620819.0,-0.7552884081423911,0.0,0.0,-1,0.0,0,46.114285714285714,-0.0006113958598659013,0.00391041592605757,-1.0562059388914635,0.10657440780082575,0.18671453198093949,-0.005718370264474637,0.012372634643377012,-0.9383786235949507,0.016175413371675027,0.0
2025-12-31,27.53,27.82,-0.014624837087241965,-0.008534902449837331,-0.01158174364722985,0.40658714487402453,-0.010478867340780875,27.903999999999996,28.128000000000004,27.692666666666664,2,31,12,27.91183333339,27.325941089484708,32.012195121951194,0.4009940050522829,0.6098040441244963,28.931848637232694,27.324151362767314,0.010476146885977727,0.012021691535991023,0.0145125370783825,33960934.0,-1.4878422934413709,0.0,0.0,-1,0.0,0,43.25714285714286,-0.016436954852155874,0.0003594536304815963,-0.5938026674747929,0.1244421314710956,0.19083843685537405,-0.011135057471264309,0.0014550745725718794,-0.5369169802170913,0.01925172539048315,0.0
2026-01-02,27.51,27.53,-0.009749129392341523,0.0,-0.01540749481469188,-0.10533778468270442,-0.0007267442180327977,27.893,28.1245,27.752333333333333,4,2,1,27.83877272731909,27.33781585790505,30.340557275541755,0.3391326779346464,0.5556697708865264,28.938934902572466,27.310065097427536,0.009649775777561178,0.01200008246542454,0.014522851459229182,33367024.0,-1.5090217721736805,0.0,0.0,-1,0.0,0,45.22857142857142,-0.017723226561017495,0.0010897203051215977,-0.6951006368913157,0.11236070658164998,0.19049540349468108,-0.016094420600858306,-0.002538071065989689,-0.3340071127211286,0.03453289712831695,0.0
2026-01-05,27.74,27.51,-0.003999278189918143,0.007826436249463949,0.007366515816762426,-0.23568162579920374,0.008325839950202252,27.889999999999997,28.109,27.808666666666667,0,5,1,27.82081404962471,27.363763221911174,39.158576051779875,0.30514864468937475,0.505565545647096,28.94101467598507,27.276985324014934,0.009886599809305813,0.011495394861888233,0.014434242153221175,33836232.0,-0.8870035845536597,0.0,0.0,-1,0.0,0,47.60000000000001,-0.013418153815497977,-0.002181025081788523,-0.8924919625655657,0.13156811019836592,0.18248373616227573,-0.012108262108262102,-0.011051693404634633,0.1254482738286187,0.03496755587599131,0.0
2026-01-06,28.14,27.74,0.009788006366162724,0.0007084662003734174,0.005489492284771515,0.4868918428129066,0.014316636799557466,27.873,28.083500000000004,27.901,1,6,1,27.87884785878385,27.41384301404594,49.53846153846152,0.3069543320933441,0.4658433029363456,28.87602494564878,27.29097505435123,0.008858969473411565,0.01088652404229695,0.013564350844517147,34599751.0,0.14258226270403235,0.0,0.0,-1,0.0,0,52.85714285714285,-0.010636219422966262,-0.0007209805335255795,-0.2836980344272633,0.1789648312469721,0.17281821154706006,0.00035549235691445524,-0.017801047120418745,0.26906117647543676,0.029850746268656712,0.0
2026-01-07,28.6,28.14,0.014326892620761702,0.017898354618318256,0.013773323932173292,0.0514249130981588,0.01621466613956391,27.935000000000002,28.0995,27.976,2,7,1,28.009966429914055,27.49036927120427,58.640226628895256,0.34156614607545066,0.4409878715641667,28.921115225607018,27.27788477439298,0.0093749029541667,0.011141876899127759,0.012109279595053389,35403561.0,1.2183318526752627,0.0,0.0,-1,0.0,0,48.57142857142857,-0.025955465121683275,-0.0007107320540156209,-0.19362670029870568,0.17707348704256737,0.17687181248152525,0.028037383177570208,0.011315417256011262,-0.7242541498137753,0.033916083916083875,0.0
2026-01-08,29.3,28.6,0.01342302033214055,0.02218682461085885,0.015714609098470184,-0.04058435258023246,0.024180798197214613,28.081,28.1195,28.060999999999996,3,8,1,28.2445179881115,27.607119640803994,71.76165803108812,0.420631628299887,0.4369166229113108,29.037036174535288,27.20196382546471,0.011286312485541497,0.011410049987913905,0.012547809362925847,36175402.0,2.573195548606896,0.0,0.0,-1,0.0,0,48.371428571428574,-0.034844448073143824,-0.003496503496503546,-0.22780509639425167,0.14932639207561865,0.1811289282890144,0.06429349800217943,0.01384083044982698,-0.3419949050083426,0.040102389078498314,0.0
2026-01-09,29.64,29.3,0.027683428748416866,0.016197418397456496,0.03242396637183351,0.13287252312318465,0.011537284404864599,28.249000000000002,28.166000000000004,28.136999999999997,4,9,1,28.498241990273044,27.73827321236503,73.08641975308647,0.5049065032244471,0.4505145989739381,29.282279534884477,27.04972046511553,0.01145813314423916,0.011519481592388338,0.012100477768223861,37056925.0,2.6409155662833923,0.0,0.0,-1,0.0,0,54.114285714285714,-0.030264711126815426,0.0,0.05517621621659258,0.09641123781618993,0.18286610115507518,0.07742639040348953,0.03239289446185989,0.9353419976973346,0.02446018893387319,0.0
2026-01-12,27.78,29.64,-0.01651792545164566,-0.026283836074227875,-0.05681541949599261,0.4914609333751089,-0.06480846310168842,28.219,28.115999999999996,28.137333333333334,0,12,1,28.367652537496124,27.740965263180193,45.06517690875235,0.4168038382425543,0.44377244682766137,29.205749367612764,27.026250632387228,0.024594946017807272,0.01843473539457702,0.016799529883426645,35615897.0,-0.6166555539941163,0.0,0.0,-1,0.0,0,58.0,-0.05252811144119809,-0.027665317139001357,1.2376390980665781,0.5692424319516536,0.2926423520359858,0.0014419610670513006,-0.03474635163307849,-2.134056640851958,0.05615550755939533,0.0
2026-01-13,28.08,27.78,-0.03963717737808329,-0.02223858151574055,0.0018138949286858979,-0.3255727317724393,0.010741241831412616,28.214000000000006,28.0995,28.144,1,13,1,28.31535207613319,27.76283847200728,50.93632958801496,0.36695925641067717,0.42840980874426454,29.180463994727226,27.01853600527277,0.024863706310433473,0.018433496985019594,0.016899103547309387,36656483.0,-0.03607890752165419,0.0,0.0,-1,0.0,0,59.085714285714296,-0.03992450079274734,-0.002879769618430592,0.4279260931683296,0.5643519095710998,0.2926226928937246,-0.002132196162046962,-0.011615628299894487,-2.102273976257341,0.03098290598290602,0.0
2026-01-14,28.37,28.08,0.017534891932728395,0.008049037331567196,0.006682947296499017,-0.2750798582098378,0.010274669663149646,28.269,28.109500000000004,28.173666666666666,2,14,1,28.325288062290788,27.802010183490687,54.82695810564665,0.3468592648738955,0.41209969997019075,29.196891373886107,27.0221086261139,0.024718091644066496,0.018481111872615183,0.016757542510801925,37446820.0,0.47912831802044936,0.0,0.0,-1,0.0,0,58.62857142857143,-0.04708452834852166,0.003917378917379024,-0.1080344640812859,0.5549711973067254,0.293378555801418,-0.008041958041958064,0.0070997515086972385,-2.0698439292231665,0.03225237927388096,0.0
2026-01-15,29.33,28.37,0.0035410801874544797,0.02885806576255798,0.018372049787782122,0.009775719077800721,0.033278634168599566,28.449,28.176500000000004,28.235,3,15,1,28.507962960056098,27.900590171652578,60.8214849921011,0.40373979270264115,0.41042771851668086,29.390632135357258,26.96236786464275,0.026121005759834306,0.01982946459133281,0.01778296495903438,38244921.0,1.9001226743093869,0.0,0.0,-1,0.0,0,63.65714285714286,-0.04795042317981147,-0.0028198801550934735,-0.08801267357971491,0.5853161233653734,0.314782991641366,0.0010238907849828838,0.047874240800285905,-1.8029416846000461,0.04227753153767481,0.0
2026-01-16,28.62,29.33,0.024787444672998198,0.0023642871900983148,-0.015316416961816206,0.18879597096840128,-0.024505108861054684,28.560000000000002,28.226500000000005,28.26966666666667,4,16,1,28.528333330954986,27.94700370896532,53.90173410404627,0.38706510889094403,0.40575519659153353,29.426417102400613,27.026582897599397,0.02785735849201016,0.020431903611712918,0.01842808510713155,37280979.0,0.6558786423041095,0.0,0.0,-1,0.0,0,63.77142857142858,-0.05348072384152383,-0.011251278554381123,0.6969184568837162,0.5985936999000324,0.3243464146094088,-0.03441295546558698,0.036205648081100605,-0.8525250227090818,0.060793151642208325,0.0
2026-01-20,28.24,28.62,-0.017742681476657148,-0.01772033028061107,0.00822167276449267,-0.4404861831251895,-0.01336636150326357,28.610000000000003,28.25,28.276,1,20,1,28.47590908896317,27.965906695483685,50.75862068965517,0.3392765092220529,0.3924594591176374,29.430526198466197,27.069473801533803,0.02834483087673253,0.0206922894089939,0.018372049454994484,36660467.0,-0.01694159776037857,0.0,0.0,-1,0.0,0,50.85714285714287,-0.05736110266121955,-0.0045422781271838766,-0.4907980770238002,0.3610795109128606,0.32847991099664137,0.016558675305975434,0.016924738926899385,0.09426697284085715,0.03505665722379598,0.0
2026-01-21,28.13,28.24,0.004552625618488096,-0.014722704661617736,-0.00786279962229547,0.16381242692530587,-0.003902790123275846,28.609,28.240999999999996,28.258666666666667,2,21,1,28.4130165273335,27.976493360291194,52.19858156028368,0.2891939709148339,0.37180636147707674,29.422344461553863,27.05965553844613,0.028054693431763568,0.020253536399513068,0.017950593670484596,35929508.0,-0.187921480334355,0.0,0.0,-1,0.0,0,53.85714285714285,-0.04610969577190168,0.013456090651558165,0.01940402925466325,0.35740665633160024,0.3215149228962367,0.0017806267806268483,-0.00635817732250088,0.7255342549198883,0.027906150017774623,0.0
2026-01-22,28.89,28.13,-0.0027991620796145775,0.028384119317434984,0.015487625994766366,0.15094838821466955,0.026658891976378423,28.637999999999998,28.2865,28.279,3,22,1,28.499740795091046,28.03542927253047,59.04255319148937,0.307286637814709,0.3589024167446032,29.495297140267,27.077702859733,0.02892129813708683,0.020929085316336193,0.018467705255666857,36779567.0,0.9985132821652755,0.0,0.0,-1,0.0,0,54.771428571428565,-0.046922029806329,0.014575186633487386,0.45670132601966,0.40289531334623246,0.33223892949047495,0.018329221008107188,0.032523230879199394,0.2925435422384533,0.04067151263412948,0.0
2026-01-23,28.22,28.89,0.01564433088487367,-0.013317594814025613,-0.0058464158023802445,-0.14705153107701793,-0.02346456805347596,28.529999999999994,28.305500000000002,28.256333333333334,4,23,1,28.44887883234722,28.047337061399475,54.34516523867807,0.2645126687155859,0.34002446713879975,29.49656277177892,27.114437228221085,0.02862078645123303,0.02162446182522175,0.0185316679158535,36045754.0,-0.14356925936372672,0.0,0.0,-1,0.0,0,54.885714285714286,-0.04394243363407948,0.0034614053305641354,-0.042323599578492584,0.3332871067608987,0.3432776893508798,-0.03784520968291849,0.013649425287356243,1.4636857711871951,0.03366406803685327,0.0
2026-01-26,27.51,28.22,-0.019154337998523865,-0.01647040601172489,-0.027375579531660286,-0.2885759783412572,-0.02548137148818468,28.316999999999997,28.282999999999998,28.216333333333335,0,26,1,28.27817359010227,28.01267015421241,48.67052023121389,0.17134773373803114,0.30628912045864604,29.51774438010967,27.048255619890327,0.028843389592658503,0.022371266907578766,0.019041046877730384,35495886.0,-1.252081017661871,0.0,0.0,-1,0.0,0,57.65714285714286,-0.05000221865928486,0.007795889440113481,-0.8995479573670905,0.33634672111248803,0.3551328525054145,-0.03878406708595383,-0.016094420600858306,1.4321349472716938,0.04488186114140313,0.0
2026-01-27,26.73,27.51,-0.03070573256988449,-0.02888804579879406,-0.025902251107159796,0.4213828095646531,-0.028763044785655622,28.212,28.2155,28.148000000000003,1,27,1,27.996687482810945,27.929917241037423,42.19269102990033,0.03418036036543981,0.2518673684400048,29.631297710796506,26.79970228920349,0.022901108404718692,0.02317440941378148,0.01965565010298713,34657850.0,-2.0984636274970048,0.0,0.0,-1,0.0,0,64.97142857142858,-0.049598272449931355,0.002544529262086395,0.320148896461112,0.3676636171416725,0.3678823445379597,-0.05347025495750701,-0.04807692307692302,1.462387562253214,0.04190048634493083,0.0
2026-01-28,26.48,26.73,-0.024592907626341233,-0.023658974316647017,-0.01548661734997447,-0.1294084751608056,-0.00939679908202013,28.052,28.133,28.083666666666666,2,28,1,27.720926122299865,27.836374193228558,37.981859410430836,-0.09361949467423258,0.18276999581715733,29.748048964550808,26.51795103544919,0.022372820357727932,0.02320740444422229,0.0196009241517158,33921539.0,-2.0469967614384292,0.0,0.0,-1,0.0,0,65.54285714285713,-0.04652134875088888,0.006734006734006723,-0.1719915276878486,0.3633002366347073,0.368406124408244,-0.0586562388908638,-0.0586562388908638,1.7434676322427258,0.0332326283987915,0.0
2026-01-29,25.98,26.48,-0.0018597736437228997,-0.009622576099171052,-0.01766558996692603,0.4035124874128446,-0.019062719826353963,27.813,28.041000000000004,28.010666666666665,3,29,1,27.404394100063524,27.71660811624607,30.74245939675174,-0.23256673728737098,0.09970264919625166,29.919295980263925,26.162704019736083,0.021961616660031453,0.023420316614297172,0.019807936288660205,32819227.0,-2.194542310323648,0.0,0.0,-1,0.0,0,63.82857142857143,-0.045433993250081135,0.0143504531722054,1.3735156215607207,0.11673885649927149,0.37178600032694736,-0.10072689511941846,-0.06613946800862691,1.1541042669694215,0.041570438799076286,0.0
2026-01-30,26.15,25.98,-0.04570483190760117,-0.02218553109705442,-0.0251092045832979,0.1332526214343207,0.006522179268478465,27.494999999999997,27.971999999999998,27.949333333333335,4,30,1,27.176322445506518,27.615536624875357,29.349112426035475,-0.3252169503057907,0.014718729295843197,30.022803180271683,25.921196819728312,0.017312603880203458,0.02345031183840792,0.01986107734175932,34078661.0,-1.7768648084099663,0.0,0.0,-1,0.0,0,58.60000000000001,-0.046250229375898504,-0.012317167051578148,1.8027061106162419,0.22345901742946328,0.3722621597480475,-0.07335223245924882,-0.050127134035597654,1.0139817887057,0.043212237093690216,0.0
2026-02-02,26.2,26.15,0.007764014156220944,0.008330226133942896,0.025570159931085266,-0.40310096863078954,0.0019102202561192452,27.253000000000004,27.9065,27.901999999999997,0,2,2,26.998809273596237,27.524211681335014,38.10240963855419,-0.3901113684791291,-0.06624729025915126,30.098267131311328,25.714732868688674,0.01711403191107748,0.023467065371411085,0.01976008219834972,34920271.0,-1.5571909767430527,0.0,0.0,-1,0.0,0,63.40000000000001,-0.044535515134922245,-0.01108986615678773,-0.03401350550858394,0.22881373187702125,0.372528113839496,-0.04761904761904767,-0.04761904761904767,-0.22206092272773234,0.02664503816793894,0.0
2026-02-03,26.62,26.2,0.029716472328477087,0.0183080024868626,0.01682389979634043,-0.20468402426783153,0.015903402199914464,27.091,27.8505,27.863666666666667,1,3,2,26.929934860215102,27.465875443829532,39.201183431952686,-0.4030045864955163,-0.13359874950642428,30.11616569745705,25.58483430254295,0.018674535554246356,0.023709653164126213,0.019983023134506235,35606103.0,-1.0862149710622317,0.0,0.0,-1,0.0,0,43.34285714285714,-0.045963430355855726,0.016793893129771042,-0.8188240868948249,0.2165942099036593,0.3763790756632419,-0.004115226337448541,-0.040374909877433196,-0.24057741667161078,0.028174305033809164,0.0
2026-02-04,26.81,26.62,0.005614837884328981,-0.005941346849650463,-0.009950330853168092,0.4013116504083735,0.0071121392809022,26.959000000000003,27.784,27.81366666666667,2,4,2,26.908128521994172,27.423560899066338,38.288288288288264,-0.3933567705653829,-0.185550353718216,30.09157471225387,25.476425287746128,0.019115864153073838,0.023502669180301732,0.019668123378214778,36630587.0,-0.8441763508915102,0.0,0.0,-1,0.0,0,47.22857142857144,-0.04708974909308642,0.006386175807663342,0.7046390746891618,0.2067442091391843,0.3730933067838039,0.012462235649546738,-0.04726368159203986,-1.363990430750338,0.03170458784035813,0.0
2026-02-05,26.16,26.81,-0.015801683191321948,0.017719178985102932,0.0007689350628772567,-0.1319235135049362,-0.024543425658869873,26.686,27.661999999999995,27.753,3,5,2,26.77210515435887,27.342040841062058,25.039370078740163,-0.43316709403248765,-0.23507370178107034,30.044706113026656,25.279293886973335,0.016361069674035427,0.02357366122984872,0.02002066775001715,35732721.0,-1.2607513715504453,0.0,0.0,-1,0.0,0,47.22857142857144,-0.04570141243774795,-0.016411786646773507,0.09315042371893795,0.242224159699688,0.37422027063278857,0.006928406466512715,-0.08531468531468533,-1.5974206511990638,0.05007645259938833,0.0
2026-02-06,26.94,26.16,0.015054857167065871,-0.004033002716656594,0.023172926741481616,0.07949544873210634,0.02938064439321996,26.558,27.544,27.723,4,6,2,26.802631489929983,27.316102722283862,36.9158878504673,-0.39719891903910565,-0.2674987452326774,29.81634541481099,25.27165458518901,0.01975869376904046,0.023942745972421752,0.020835851623951986,36704877.0,-0.531609319659916,0.0,0.0,-1,0.0,0,46.8472049689441,-0.05516399055182808,0.023318042813455637,0.3943530190228551,0.31753967855251125,0.3800793092821278,0.03021032504780119,-0.08054607508532419,-0.7205161142883634,0.021900519673348176,0.0
2026-02-09,27.13,26.94,0.01114424609394874,0.006225986051666778,0.002999627296028707,-0.3950474758363805,0.007027955688622399,26.52,27.4185,27.69533333333333,0,9,2,26.86215303721544,27.304096095039743,41.091492776886035,-0.3493355463914263,-0.2838661054644272,29.469946472999226,25.367053527000778,0.018600057505019703,0.02380873766479441,0.02086541435839661,37359768.0,-0.28126495504239457,0.0,0.0,-1,0.0,0,51.5714285714286,-0.0697988223151723,0.004825538233110579,-1.0085445092490648,0.3153268535135703,0.3779519933485363,0.035496183206106924,-0.08468286099865052,-0.9908448281606833,0.025064504238849972,0.0
2026-02-10,27.26,27.13,-0.00592813888739541,0.0036443189021675183,0.005227793833004275,0.2159326023336203,0.004780299597546365,26.573,27.392500000000002,27.668,1,10,2,26.934488848630814,27.30125118568234,43.04000000000002,-0.29748435076840707,-0.2865897545252232,29.437827151801578,25.347172848198426,0.016002265973480912,0.019448603764045516,0.020869812757005002,38172500.0,-0.12956362495192128,0.0,0.0,-1,0.0,0,51.6571428571429,-0.06686266666830133,-0.00810910431256907,-0.18514624293872117,0.3053416274845682,0.30873701344259497,0.02404207362885047,-0.018718502519798452,-0.5453082443961462,0.02347762289068221,0.0
2026-02-11,27.36,27.26,0.028573372444056163,0.01784635016616863,0.010742833451849322,-0.029836632281823847,0.003661666485963174,26.661,27.3565,27.642333333333333,2,11,2,27.011854512516116,27.305041431767354,36.3148479427549,-0.24549285162481382,-0.2783703739451413,29.376059879098705,25.336940120901296,0.01549013726569845,0.019290168358718603,0.020880625341000353,38961341.0,0.0034661017345630194,0.0,0.0,-1,0.0,0,53.8,-0.07088226988351343,0.01577402787967717,-0.25820163556020664,0.30474044017799073,0.30622192935441855,0.02051473330846698,-0.02564102564102555,-0.3684941848191705,0.030884502923976567,0.0
2026-02-12,25.97,27.36,0.0036049065715418192,0.009070760281718443,-0.048504648558538324,0.29322956473779876,-0.05214006707969264,26.660000000000004,27.2365,27.580666666666666,3,12,2,26.822426419331368,27.218909726492043,32.171156893819315,-0.3128443226476385,-0.28526516368564075,29.28746408652432,25.18553591347568,0.022355899437770083,0.022029335973774808,0.02273858398548182,37903702.0,-1.2350289391427445,0.0,0.0,-1,0.103151,1,38.1117647058824,-0.06957814565952992,0.015716374269005837,1.2000402480194428,0.47293275942312724,0.3497048672069823,-0.007262996941896027,-0.08459640465280238,-1.4566656152856772,0.09183673469387747,0.103151
2026-02-13,26.22,25.97,-0.08717495476304671,-0.06548325432073288,-0.03322826095865712,-0.2798065613080926,0.009580452660896764,26.667,27.080999999999996,27.537,4,13,2,26.712894343089303,27.154463937686106,38.97435897435895,-0.3421043717664034,-0.2966330053017933,28.924770735833988,25.237229264166004,0.02247419163331831,0.020438016117014905,0.022778218750896632,38703203.0,-0.9339555979128185,0.0,0.0,-1,0.0,0,37.7739130434783,-0.07004894483640947,-0.019252984212552948,-0.263877901073638,0.40690699917332074,0.3244434476229085,-0.026726057906458878,-0.10603477667916805,-2.1914728807597164,0.054919908466819135,-0.103151
2026-02-17,26.46,26.22,0.024050810157271448,0.01631235195733302,0.03920917923876666,-0.02282893676181551,0.009111680351255813,26.693,26.972999999999995,27.502000000000002,1,17,2,26.666913553436704,27.1096598126741,47.45762711864407,-0.3419849872096954,-0.30570340168337373,28.68558007880444,25.260419921195552,0.022640830086167768,0.020181038311853108,0.02285911010659125,39484659.0,-0.5990960730526789,0.0,0.0,-1,0.0,0,40.8734693877551,-0.0706470622329236,-0.004958047292143364,-0.31753481585271065,0.41112158717026615,0.3203640514333806,-0.024695908588278637,-0.07547169811320753,-2.1793452729761635,0.033065003779289504,0.0
2026-02-18,26.95,26.46,0.020861746523551345,0.018609473013345264,0.014325902743284354,0.06543660083123132,0.0183491386681964,26.726,26.908499999999997,27.475666666666665,2,18,2,26.71838381644821,27.099359179598352,54.23423423423423,-0.29890586840076594,-0.30434389502685216,28.513981072353783,25.30301892764621,0.022834472863730703,0.02063581852052089,0.023077345719178573,40318961.0,0.0516979000433308,0.0,0.0,-1,0.0,0,41.9102040816327,-0.07242744620406019,0.0068027210884353635,-0.07961462152352261,0.4415386853528789,0.32758346343335465,-0.011371973587674278,-0.04567988668555234,-2.0286295127268725,0.03727643784786642,0.0
2026-02-19,26.96,26.95,-0.0022547923870892047,-0.013230622986630514,0.0007425592873177955,-0.1046160585139982,0.00037098868910010813,26.741000000000003,26.85,27.436333333333334,3,19,2,26.762314031639445,27.090368264785557,59.68379446640317,-0.26095036656013804,-0.2956651893335094,28.3498666607409,25.350133339259102,0.0227480140704509,0.020638669198918,0.022901799543843103,41070392.0,0.1466797054421651,0.0,0.0,-1,0.0,0,39.5551020408163,-0.06992595321850394,-0.013729128014842338,-0.5841110214962454,0.4395030027296725,0.3276287165499941,-0.014619883040935644,-0.041592605758976164,-1.9410875268423322,0.023182492581602373,0.0
2026-02-20,26.64,26.96,0.009361611152433471,0.007004636934963709,-0.005125782461448073,-0.031645373924130735,-0.011940440371917863,26.788999999999998,26.7375,27.371,4,20,2,26.740075116795907,27.06131224770262,54.70249520153552,-0.253766422194289,-0.2872854359056653,27.890525767732317,25.584474232267684,0.021538948863856874,0.01957354238325773,0.022736420704259408,40342368.0,-0.1691202447136212,0.0,0.0,-1,0.0,0,44.4081632653061,-0.06822351798345427,-0.004821958456973388,-0.6792570154919202,0.18226013005190392,0.31072035253609487,0.025798998844821064,-0.07788161993769471,-0.6915026857519733,0.035660660660660634,0.0
2026-02-23,26.19,26.64,-0.010490916749584817,-0.024922249535372146,-0.016453616451009456,0.11645007924681493,-0.017036187152567852,26.714,26.636000000000003,27.267333333333333,0,23,2,26.640061459196648,27.005098554302453,49.91087344028522,-0.28114348661199884,-0.28605704604693205,27.5775418485833,25.694458151416704,0.01984202168820052,0.019294820876125423,0.022319047441426574,39524432.0,-0.9473822128481708,0.0,0.0,-1,0.0,0,36.969416498994,-0.06733476286581194,-0.003378378378378373,-0.17269083664415477,0.23181303397394626,0.3062957857785916,-0.0011441647597253413,-0.07193479801559166,0.132900026021712,0.027059946544482637,0.0
2026-02-24,26.38,26.19,-0.006423600398779323,0.010490916749584864,0.013021773235314895,-0.21384450379832265,0.0072284887695478394,26.639,26.579500000000003,27.15866666666667,1,24,2,26.592777557524528,26.964769615315202,47.76951672862451,-0.2842321440718898,-0.2856920656519236,27.431580426153346,25.72741957384666,0.019853081716324345,0.018737159352824447,0.022231579030595548,40184894.0,-0.46826565633160444,0.0,0.0,-1,0.0,0,43.2857142857143,-0.07593193528729344,0.007254677357770054,-1.213955597877337,0.2273650276721708,0.29744318354016863,-0.003023431594860182,-0.041075972373682434,0.216923920035489,0.024639878695981752,0.0
2026-02-25,26.37,26.38,0.007929057965759887,0.0007451565173409311,-0.0049779922823779185,0.5697857471780944,-0.00037914692397314964,26.55,26.561500000000002,27.111666666666665,2,25,2,26.55227254706552,26.926397382069062,45.76923076923078,-0.2842106404399303,-0.285395780609525,27.415401880226717,25.707598119773287,0.01970543397932025,0.017674553700670968,0.01922544183468896,39017271.0,-0.4485292852362793,0.0,0.0,-1,0.0992143333333333,3,45.8,-0.09392619734680821,0.007960576194086461,1.7284519272934253,0.15605437811208953,0.28057484175619035,-0.021521335807050068,-0.013468013468013407,-0.31664161167465277,0.030337504740235142,0.0992143333333333
2026-02-26,23.5,26.37,-0.054882396107703915,-0.06461301180764913,-0.14317466889632685,0.6027614235688851,-0.1152265792150821,26.163999999999998,26.4125,26.959,3,26,2,25.997313902144516,26.705339486451706,32.075471698113205,-0.5099007941135802,-0.3302967833103361,28.02727226681855,24.797727733181453,0.03852177556870597,0.029994204342716192,0.02729050840039783,36883840.0,-3.607319818215924,0.0,0.0,-1,0.174708,5,42.1730382293763,-0.08734791394330818,-0.045506257110352645,3.635391884423579,0.7490766812539209,0.4761432327844836,-0.12833827893175076,-0.11253776435045315,-2.012048456532225,0.11042553191489372,0.07549366666666671
2026-02-27,23.48,23.5,-0.07355801796937497,-0.06737660640795341,0.009039858715986943,-0.037791456756913464,-0.0008514261902175128,25.915000000000003,26.2875,26.796,4,27,2,25.539620465390968,26.497253067970952,24.024024024024,-0.6825081704207037,-0.4007390607324096,28.36421679137553,24.210783208624473,0.03645803299098937,0.029841442352386807,0.027142256304136782,34829530.0,-2.7037870658718313,0.0,0.0,-1,-0.1936085,4,38.030583501006,-0.09069392900054228,-0.004893617021276529,2.592514403274674,0.7661936281058039,0.4737182113673148,-0.11861861861861867,-0.09622786759045421,-2.059489630265266,0.031942078364565585,-0.3683165
2026-03-02,23.26,23.48,0.004905629972263749,0.00021247211383441816,-0.0039586592272856614,0.0054666763647524515,-0.009413847869377285,25.619,26.143,26.593666666666664,0,2,3,25.125144017138066,26.288398031327667,21.076233183856502,-0.8275138564684994,-0.4860940198796276,28.623017826761487,23.662982173238515,0.03584684917476136,0.02974066356298922,0.02608585466035937,32763959.0,-2.324983287531238,0.0,0.0,-1,0.1991526,5,33.6460317460318,-0.09293953295427825,0.0008517887563883975,2.188495083850341,0.7723893344590124,0.47211839768225783,-0.11187476135929741,-0.11051625239005725,-2.1550637757850506,0.03632846087704208,0.3927611
2026-03-03,24.36,23.26,-0.013710583238507693,0.036913793829453125,0.017042142848148218,-0.3673022797591058,0.04620729575117782,25.409,26.051,26.451666666666664,1,3,3,24.986026923112963,26.16398525511298,31.070496083550893,-0.8439426548652804,-0.5576637468767582,28.65550540814466,23.446494591855338,0.04004632593442074,0.031974659556452,0.027708840864777626,34194574.0,-1.2985190928857364,0.0,0.0,-1,-0.0995275,2,33.2023483365949,-0.10578935385837247,-0.0034393809114360205,0.7790142488558787,0.9094797617549198,0.5075819846539609,-0.07657316148597426,-0.07022900763358775,-1.3314029612174276,0.055008210180624115,-0.2986801
2026-03-04,24.15,24.36,0.05293129639178903,0.004494389587839267,0.030298882674967567,-0.22769652716884708,-0.008658062743114654,25.129,25.927500000000002,26.315333333333335,2,4,3,24.834022028001513,26.03405072252505,29.343629343629317,-0.8639487772004735,-0.6189207529415013,28.64997468694473,23.205025313055273,0.038994741996169605,0.031671007275928226,0.027673733071679165,33055281.0,-1.3057972649103207,125000.0,3032500.0,1,-0.2230561666666666,6,37.1583011583012,-0.10714590285596391,0.0032840722495895668,0.128201095603966,0.9033199579545033,0.5027616541381398,-0.08418657565415255,-0.09278737791134495,-1.2197695421245995,0.030641821946169857,-0.1235286666666666
2026-03-05,24.33,24.15,-0.021924352833161263,-0.004903973865529319,-0.005902209376924315,0.4144138563897926,0.007425776696849477,24.866,25.803500000000003,26.188666666666666,3,5,3,24.742381659273967,25.924111966233113,37.499999999999986,-0.8554185451018341,-0.6662203113735679,28.58206665055585,23.024933349444158,0.03927120506654542,0.03167712137303792,0.0277641877962353,34779582.0,-1.0606187904150044,100000.0,2406000.0,1,-0.256893,1,28.3333333333333,-0.10170391188837778,-0.0099378881987577,1.2352338759056967,0.37204117834644346,0.5028587124208035,0.035319148936170164,-0.09250279746363299,1.7976061921178041,0.03123715577476373,-0.03383683333333337
2026-03-06,23.53,24.33,-0.01093366653229144,-0.016106067753031247,-0.012337956977915648,-0.4024883350592724,-0.03343395405616005,24.555,25.672000000000004,26.009999999999998,4,6,3,24.521948630315062,25.769653129701947,31.082981715893098,-0.9028046191544448,-0.7135371729297433,28.623107553017324,22.720892446982685,0.03996905763604,0.032019711546259426,0.0275771813197633,33626621.0,-1.451658376740586,100000.0,2363000.0,1,-0.1089066666666666,3,25.1473684210526,-0.0945648296890526,-0.02794903411426222,0.05405985848402283,0.47173733194652206,0.5082971628205554,0.002129471890971013,-0.10053516819571862,0.9678404728980288,0.028049298767530817,0.1479863333333334
2026-03-09,23.82,23.53,-0.023530497410194046,-0.002918492794913206,-0.02866023347266929,0.04943752119985033,0.01224936118788291,24.318,25.516,25.863333333333333,0,9,3,24.394321606621414,25.64386905681795,31.564245810055837,-0.9065081857864961,-0.7521313755010939,28.514360253626727,22.51763974637327,0.04060071379518879,0.03125489180480559,0.027595392153908615,34838014.0,-1.1312850068290274,125000.0,2920921.19,1,-0.314241,2,27.6730983302412,-0.09866649404083068,-0.018274543136421576,0.14886260051213307,0.4674689206424032,0.49615602581847795,0.02407566638005143,-0.11581291759465484,0.29339886329126313,0.05247691015952981,-0.2053343333333334
2026-03-10,23.44,23.82,0.034882311554683104,0.0016687529946789504,0.02565915940889268,-0.18365892859962268,-0.016081599218342162,24.024,25.3315,25.727666666666664,1,10,3,24.2208085872357,25.501683956378084,25.106382978723374,-0.9293926532527834,-0.7875836310514318,28.365595894123828,22.29740410587617,0.0402516407303768,0.031186058479209904,0.027416982004400778,33829869.0,-1.2468294121245727,100000.0,2363000.0,1,0.0163704999999999,2,26.0515769944341,-0.10171141890467365,0.004198152812762444,-0.3088882127324331,0.2898491041863968,0.4950633306498396,-0.0377668308702791,-0.13601179506081817,-0.3887665426335871,0.02986348122866891,0.3306114999999999
2026-03-11,23.29,23.44,-0.03056265041016681,-0.02447379534878379,-0.024778490043299062,-0.2580180005318615,-0.006419880812562307,23.716,25.133000000000003,25.613,2,11,3,24.051570662283755,25.358994668869823,24.478442280945714,-0.9486965220283388,-0.8198062092468132,28.155296791306096,22.11070320869391,0.04012024256949751,0.03106729729915449,0.027061312435618778,33050995.0,-1.219602260970238,100000.0,2318000.0,1,-0.2131235,2,25.1274725274725,-0.09033212055596747,-0.010238907849829436,-0.7821506186170021,0.289754075865125,0.49317805536282844,-0.03561076604554858,-0.14563462949376382,-0.5106915723396911,0.02962644911979396,-0.2294939999999999
2026-03-12,23.05,23.29,-0.013015368112070361,-0.0008547009067317669,0.002198286222697771,0.31333045532716847,-0.010358314453592017,23.671,24.9175,25.49866666666667,3,12,3,23.86946690550489,25.210027270878225,24.75386779184244,-0.9721545785102883,-0.8502758830995083,27.885340788750423,21.94965921124958,0.02123837354564142,0.03096318376410062,0.027068105312769156,31985516.0,-1.2584906893110606,0.0,0.0,-1,-0.0603246666666666,3,22.5294755877034,-0.08408185350150726,-0.016745384285100928,-0.21710746297601327,0.2594367946508023,0.4915253042316184,-0.05260994656802287,-0.1575292397660818,0.09965824032331717,0.026898047722342777,0.15279883333333338
2026-03-13,22.76,23.05,0.01817445092209777,-0.0010694044436982179,-0.004842624475788015,-0.3582627471338395,-0.012661160184527284,23.599,24.756999999999998,25.391333333333332,4,13,3,23.667745649958547,25.051960995337698,25.3237410071942,-1.0025886161698132,-0.8807384297135693,27.830493469208204,21.683506530791792,0.021506618810915847,0.029322044896304095,0.026974897519776324,31240864.0,-1.2994984502208589,0.0,0.0,-1,-0.0785559999999999,2,19.9685352622062,-0.08165822135207404,0.011713665943600848,-0.8465014794457827,0.1766218983512049,0.4654730323649481,-0.032724181895452564,-0.12360415864458985,1.7150345149644028,0.030975395430579887,-0.0182313333333333
2026-03-16,21.99,22.76,-0.011211846641378689,-0.005364244168679041,-0.030923369203341444,0.46954256940103434,-0.034416804691460474,23.472,24.5455,25.252666666666663,0,16,3,23.36270098632972,24.85441512467075,20.849933598937554,-1.07643193779856,-0.9198771313305676,27.773388180415413,21.317611819584588,0.023611824620609526,0.029699402414664778,0.027432244062211907,30049970.0,-1.5833881827164922,0.0,0.0,-1,0.0,0,19.9685352622062,-0.06941378865654363,0.01318101933216156,0.03968950177784478,0.169135938605786,0.47146339725860525,-0.07682619647355171,-0.16132723112128144,-1.658191069559307,0.05775352432924055,0.0785559999999999
2026-03-17,22.4,21.99,-0.04705706148259704,-0.026156678648728234,-0.00730930618298112,-0.1716868426360675,0.018473154294324334,23.276,24.3425,25.125999999999998,1,17,3,23.18766444336068,24.69606576178877,24.968474148801988,-1.0893128087293604,-0.9537642668103261,27.574093219581403,21.1109067804186,0.017449022289663548,0.03006687124467562,0.027753853074832257,31052992.0,-1.2021933876019333,0.0,0.0,-1,0.1425409999999999,2,19.9685352622062,-0.07923343839310155,0.00045475216007283145,-0.3852469427011948,0.29720391733655777,0.4772967840912646,-0.04436860068259396,-0.1534391534391535,0.33915710655186226,0.03705357142857151,0.1425409999999999
2026-03-18,21.9,22.4,0.014440684154794428,-0.007982304024685008,-0.00828734024857027,0.05763917836779044,-0.022574322038539065,23.051,24.089999999999996,24.968666666666667,2,18,3,22.95354363547692,24.51567442231853,35.61151079136688,-1.1268768778776632,-0.9883867890237936,27.252171139548253,20.92782886045174,0.01801318833993506,0.029564749998329583,0.027643252030084553,29990458.0,-1.3851242727570143,0.0,0.0,-1,0.440899,1,19.9685352622062,-0.055021875550019854,-0.0035714285714284954,-0.28617101239183745,0.3100026967092658,0.4693258564162641,-0.05968226706741098,-0.18738404452690172,0.986922579182139,0.03789954337899552,0.2983580000000001
2026-03-19,21.22,21.9,-0.03650040221952653,-0.03304215504195882,-0.034810664396492885,-0.030384481315770265,-0.031542503636618084,22.740000000000002,23.803,24.78233333333333,3,19,3,22.638353883572023,24.303050266039914,31.832797427652707,-1.197710528886983,-1.0302515369964316,26.90984880122717,20.69615119877283,0.01808152512472704,0.02982463920868979,0.027890747131476358,28959723.0,-1.662778052784383,0.0,0.0,-1,0.0,0,19.9685352622062,-0.04439000030463626,-0.017351598173515937,-0.39391597704617387,0.3363857339600427,0.4734514697305165,-0.07939262472885045,-0.2129080118694363,1.4678375586918408,0.039585296889726666,-0.440899
2026-03-20,20.69,21.22,-0.002791998091031179,-0.012503057065785859,-0.02471654777389576,0.5497332178043746,-0.025293641428385295,22.456,23.5055,24.6,4,20,3,22.284107722922563,24.06995024887605,30.32159264931086,-1.2818370585508418,-1.0805686413073137,26.608011546270113,20.40298845372989,0.01729251531460825,0.02997775273938094,0.027906325680337272,27173675.0,-1.8149811583359539,0.0,0.0,-1,0.0,0,19.9685352622062,-0.045924765189123855,0.011310084825636287,1.1555202444836885,0.33941659820681347,0.47588207167792346,-0.09094903339191562,-0.22334834834834827,1.9812213896685085,0.05219913001449984,0.0
2026-03-23,21.08,20.69,-0.014550831710265593,0.01019943936889305,0.03044448706233042,-0.13480300329120404,0.018674231915709723,22.182000000000002,23.25,24.404666666666667,0,23,3,22.06517904602755,23.87705023281953,21.821305841924357,-1.3020292164521479,-1.1248607563362807,26.261990074772637,20.238009925227363,0.018425374344618974,0.03073373730386425,0.027470441686508557,28734481.0,-1.4409078025689086,0.0,0.0,-1,0.0,0,19.9685352622062,-0.049620250459618,0.02223296278395347,0.5878001659428941,0.393300591619188,0.48788295459368136,-0.041382446566621156,-0.19511263841160764,0.532974002289538,0.03178368121442117,0.0
2026-03-24,22.11,21.08,0.0051874674215150116,0.020543977491512745,0.003326208816252376,-0.15359001567536976,0.04770527119619332,22.049,23.0365,24.237333333333332,1,24,3,22.073328310386174,23.763046991992464,34.63855421686746,-1.220846101230073,-1.144057825315039,25.69944079622757,20.37355920377243,0.026505467799471577,0.033288436342492685,0.029250861228216168,30073065.0,-0.6958472387463652,0.0,0.0,-1,0.0,0,19.9685352622062,-0.0669933064883871,0.008538899430740194,0.014568514779548836,0.5502704906578323,0.5284375445786411,-0.012946428571428581,-0.16186504927975742,0.9747196083953603,0.04748982360922663,0.0
2026-03-25,21.79,22.11,0.057132282004838955,0.028509726012689984,0.03220815157329448,-0.5213412762758064,-0.014578845912826465,21.898999999999997,22.8075,24.055,2,25,3,22.02181407213414,23.635753637670373,31.26843657817109,-1.1688553858711224,-1.1490173374262558,25.011619349142826,20.603380650857176,0.026658064364919392,0.03326229266791925,0.029208798770090024,29278316.0,-0.9232712379170435,0.0,0.0,-1,0.0,0,19.9685352622062,-0.06764155631393177,0.018091361374943563,-1.1910864772874177,0.5347264444274924,0.5280225266109688,-0.005022831050228271,-0.17368221463784606,0.8982748944420939,0.04589261128958238,0.0
2026-03-26,21.44,21.79,-0.03895420047014214,-0.038500726468273114,-0.025117599531291335,0.11771634571112627,-0.016192812753927206,21.738,22.704500000000003,23.857666666666667,3,26,3,21.916029695382477,23.49409211265938,33.49131121642968,-1.1427218580443537,-1.1477582415498753,24.964192340493916,20.44480765950609,0.026815443649610946,0.023691561575985353,0.029182130621132646,28384283.0,-1.119178905322672,0.0,0.0,-1,0.041183,1,19.9685352622062,-0.058993032286669043,-0.006424965580541559,-0.8951167466211074,0.48956095243634073,0.3760918806049844,0.01036757775683328,-0.08765957446808503,1.03243874253205,0.03171641791044775,0.041183
2026-03-27,21.34,21.44,-0.015829008337973082,-0.014249838917255732,-0.0014140940371979841,-0.28026140292614365,-0.004675090328994014,21.595999999999997,22.5975,23.703333333333333,4,27,3,21.811297023494753,23.35511842797168,29.8045602605863,-1.117201608515753,-1.1416469149430508,24.904741460683603,20.290258539316397,0.026745655037051425,0.023677578437918234,0.028023295739302324,27708764.0,-1.0900462924477974,0.0,0.0,-1,0.0,0,19.9685352622062,-0.04988276136438822,-0.0060634328358210145,-1.3639642250304267,0.4362300314687961,0.3758699051697411,0.03141614306428209,-0.09114139693356049,1.1199594643018647,0.01874414245548276,-0.041183
2026-03-30,21.28,21.34,0.012590513719462914,0.004618945856294458,0.0,0.19897318585935306,-0.0028155814001636324,21.525,22.4985,23.538666666666664,0,30,3,21.714697564677525,23.221239819715443,31.44329896907216,-1.0892617935458695,-1.1311698906636145,24.85543176999754,20.14156823000246,0.024908010849350497,0.023652033217844134,0.027873717928187915,26884530.0,-1.0339713822104157,0.0,0.0,-1,0.0,0,19.9685352622062,-0.050810280153310225,0.011246485473289524,-0.9375239255237682,0.4245525911214924,0.3754643873727262,0.009487666034155628,-0.08512467755803954,1.9751329514683271,0.023496240601503758,0.0
2026-03-31,24.42,21.28,0.03281971863608464,0.1197268697126125,0.04834082693428247,1.051214266683805,0.13763480420911495,21.727,22.5015,23.470666666666666,1,31,3,22.206570734736157,23.298579186185414,56.41316685584565,-0.8044740548253522,-1.065830723495962,24.868539234327304,20.134460765672696,0.05387297561987833,0.0400657176728625,0.039564079109854225,29242765.0,1.6210124210680659,0.0,0.0,-1,0.0,0,19.9685352622062,-0.08538822603294624,0.047932330827067646,2.8604553121768306,1.1188429980574695,0.6360235503703182,0.10447761194029859,0.0024630541871921707,2.1979306249495325,0.09049959049959053,0.0
2026-04-01,25.88,24.42,0.11148521906939336,0.06182634282533278,0.10607935835209258,-0.5935765250170457,0.05806800095014119,22.125,22.588,23.435000000000002,2,1,4,22.874466964784126,23.465122464496034,64.10767696909272,-0.455714726143178,-0.9438075240254054,25.308708885953795,19.867291114046207,0.054669210906940865,0.04208482706138378,0.04099139444829411,30545332.0,2.4199575463553704,0.0,0.0,-1,0.0,0,19.9685352622062,-0.11133139836633514,0.0208845208845208,0.3046972333386357,1.0905616193690295,0.6680759182414961,0.18770078017439196,0.07163561076604563,1.4031248611305016,0.04945904173106651,0.0
2026-04-02,25.59,25.88,0.012754258185902327,-0.007328865976610121,0.017430071640284307,-0.10789060433919037,-0.011268819461002387,22.562,22.651,23.389333333333333,3,2,4,23.368200243914284,23.60221133775436,64.10767696909272,-0.20041081078086975,-0.7951281813764983,25.591060149761088,19.710939850238912,0.05302214170086316,0.0422168819698484,0.04103681424023387,29375984.0,1.9992788244409403,0.0,0.0,-1,0.0,0,19.9685352622062,-0.10224380808622244,-0.024343122102009236,0.05468866708687392,1.0761912111376335,0.670172224924713,0.1935634328358209,0.051787916152897795,1.437962068399472,0.025595935912465714,0.0
2026-04-06,24.89,25.59,0.014156744490065055,-0.00038722168925260544,-0.012189180789312654,-0.2068074259617959,-0.0277355337921968,22.982,22.719,23.331,0,6,4,23.64489110865714,23.68529447725408,64.55823293172693,-0.053942947624861404,-0.646891134626171,25.80399867781299,19.63400132218701,0.05325153558322228,0.04198486141988957,0.04127567002032316,28425098.0,1.407456032713154,0.0,0.0,-1,0.0,0,19.9685352622062,-0.09365188304190854,0.0007815552950371072,-0.46738803304988685,1.1425176332316425,0.6664890128792279,0.16635426429240874,0.057798555036123966,1.2945819349539827,0.03816793893129768,0.0
2026-04-07,24.16,24.89,-0.03294602401043738,-0.023512054881722994,-0.039403118207854734,0.25597347175965107,-0.029767743312886435,23.29,22.736,23.263333333333335,1,7,4,23.73854727071948,23.71592064001188,58.560311284046705,0.003192192427565743,-0.5168744692154237,25.85015376695069,19.62184623304931,0.05548456509112329,0.04255859063019523,0.04149787524258455,27196821.0,0.9145341602025959,0.0,0.0,-1,0.0,0,19.9685352622062,-0.08984293963022735,-0.004419445560466028,0.22500372061178622,1.2087553757171072,0.6755966817414014,0.13533834586466154,0.014273719563392184,1.2555435261030197,0.054259105960264904,0.0
2026-04-08,25.28,24.16,0.021162698356036187,0.014017081220766994,0.037793459912616574,-0.2340118488421273,0.04531519621204249,23.607,22.828,23.226666666666667,2,8,4,24.018811403315937,23.81682898581757,65.50458715596332,0.13726454212758554,-0.3860466669468218,26.13261622901287,19.523383770987127,0.055320338337131666,0.04348292602406526,0.04239882691436559,28168821.0,1.4839847232321093,0.0,0.0,-1,0.0,0,19.9685352622062,-0.10837454623451388,0.04759933774834431,-0.41119579807342127,0.6718521068680487,0.6902700512225717,0.03521703521703512,0.07849829351535842,0.5470516569357173,0.029509493670886164,0.0
2026-04-09,25.04,25.28,-0.00039517882355808733,0.0028891598592380445,-0.0006445894993953825,-0.18488657202973008,-0.009539023046758948,23.932000000000002,22.9155,23.182333333333336,3,9,4,24.204482057258495,23.895743244797085,68.2600382409178,0.22159741391959287,-0.2645178507735389,26.36128140248142,19.469718597518582,0.05504951933035119,0.04352973222105019,0.04243004944229272,27360896.0,1.233102017713646,0.0,0.0,-1,0.0,0,19.9685352622062,-0.09768040138368234,0.0007911392405063122,-0.827495386913793,0.48803913442157265,0.6910130765648045,-0.03245749613601234,0.07513954486904262,1.7671096401061115,0.033386581469648506,0.0
2026-04-10,25.48,25.04,-0.008733679968754666,-0.006649740912815865,-0.00016121231697017682,0.07146323203735225,0.01741928447206488,24.336,23.037,23.248333333333335,4,10,4,24.436394410484223,23.997953358035986,73.09546769527483,0.3202445651649626,-0.1475653675858386,26.6690798739192,19.4049201260808,0.053938194115372304,0.043477684039738805,0.03730629694971489,28228671.0,1.3452347331579362,0.0,0.0,-1,0.0,0,19.9685352622062,-0.10284334504417217,0.0015974440894568351,-0.6456936765697824,0.5116529760776377,0.6901868373011458,-0.00429855412270419,0.1054229934924078,0.7976811615975622,0.02629513343799065,0.0
2026-04-13,25.44,25.48,0.006755439956648857,0.011705166807078754,0.007629027164491231,-0.17826124486764855,-0.0015710922320412123,24.746000000000002,23.171,23.31366666666667,0,13,4,24.618868154032544,24.09098862525947,71.75648702594812,0.3906918253695686,-0.03991392899475717,26.954637347705237,19.38736265229476,0.053798333587746106,0.04330104300945774,0.037309311364686175,27502583.0,1.1993749883963603,0.0,0.0,-1,0.0,0,19.9685352622062,-0.09632670685420001,-0.009026687598116185,-0.9924309512320115,0.45594599089136,0.6873827478764223,0.022097227802330366,0.117750439367311,0.5599093211645176,0.030660377358490608,0.0
2026-04-14,26.45,25.44,0.01376619576414797,0.02603516117576825,0.01666044089310739,0.5753872995423344,0.03893341983238692,25.263,23.394,23.42,1,14,4,24.951801216935717,24.243182907500795,71.70000000000002,0.522003019827654,0.07246946076972507,27.40354335239555,19.38445664760445,0.053566764045925794,0.042822227776273855,0.037806387846172254,28793436.0,1.5243631164003533,0.0,0.0,-1,0.0,0,19.9685352622062,-0.10702683128808951,0.0062893081761006345,0.3911018827552069,0.3898836520051932,0.6797817916906985,0.0947847682119205,0.20281946339245116,0.028947633650451627,0.03931947069943286,0.0
2026-04-15,27.15,26.45,0.030771658666753472,0.03381336436577811,0.037827744390962294,0.03963841762043046,0.026120888075636086,25.535999999999998,23.6315,23.512999999999998,2,15,4,25.351473722947404,24.430719494113646,75.81888246628132,0.6747738642625905,0.19293034146829816,27.944380463766564,19.318619536233435,0.03145533768707679,0.04293988974674339,0.03718825600383331,30136484.0,1.6316241683764126,0.0,0.0,-1,0.0,0,19.9685352622062,-0.10937350160780065,-0.001890359168241993,0.47619399634411874,0.31962921278513584,0.6816496175664918,0.07397151898734178,0.2120535714285714,-0.01968009086240978,0.03572744014732974,0.0
2026-04-16,27.7,27.15,0.02616971773338482,0.014148612586016051,0.018762276455523034,-0.2154523339653416,0.02005536681334843,25.718,23.9215,23.631333333333334,3,16,4,25.778478500593327,24.641640817074055,79.58412098298676,0.8306510345262836,0.32047448007989526,28.515020722885808,19.327979277114196,0.026794636950247204,0.04227781290507354,0.037217189606898037,31219218.0,1.645143334686521,0.0,0.0,-1,0.0,0,19.9685352622062,-0.11401947936060557,-0.0018416206261509082,-0.16587948552702106,0.23811496490543357,0.6711394735352508,0.10623003194888181,0.2648401826484019,-0.4251337964369602,0.031046931407942346,0.0
2026-04-17,27.8,27.7,0.03730289461611009,0.020501653982978856,0.022423288328689943,-0.11831123650045897,0.003603607503298618,25.939,24.2505,23.747,4,17,4,26.146027864121812,24.845405925649924,80.52930056710775,0.9512881219462557,0.44663720845316734,28.97015420231991,19.530845797680087,0.026067263521027957,0.04108708138766073,0.03721584754928664,32181140.0,1.5041356200440572,0.0,0.0,-1,0.0,0,19.9685352622062,-0.11190575265682638,0.015523465703971109,-0.45286161943397624,0.2676721412424536,0.6522371966953254,0.09105180533751955,0.31008482563619233,0.12268804952992401,0.02967625899280573,0.0
2026-04-20,29.13,27.8,-0.014682448180062953,0.02835712317491867,0.002722571787910897,0.03687101091282277,0.04673255027475182,26.363,24.6725,23.933666666666667,0,20,4,26.6885682524633,25.121831349801543,83.12236286919831,1.1410603343471344,0.5855218336319608,29.558087288944595,19.786912711055404,0.025372790135276668,0.04064237584693758,0.03729385469379188,33179191.0,1.8247550340925043,0.0,0.0,-1,0.0,0,19.9685352622062,-0.12707037607164826,-0.002877697841726685,-0.287462116356015,0.2734467994733911,0.6451777150908897,0.1450471698113207,0.4079265345577572,-0.3301411916812495,0.05372468245794706,0.0
2026-04-21,29.39,29.13,0.047552540249082065,0.012782449286924565,0.04449116569235427,-0.018328339086443695,0.008885909459482798,26.886000000000003,25.088,24.119333333333334,1,21,4,27.179737661106333,25.397197069169184,77.70345596432553,1.2974794713068256,0.7279133611669337,30.099009353098864,20.076990646901137,0.020089193759054786,0.040691941882716576,0.037284738485221486,34159116.0,1.7170193455494531,0.0,0.0,-1,0.0,0,19.9685352622062,-0.12125861554830777,-0.002059732234809431,-0.26904587087107296,0.27474999208649603,0.645964551515769,0.1111531190926276,0.39421252371916515,0.8818003570590466,0.02330724736304861,0.0
2026-04-22,30.66,29.39,0.025807883955872503,0.03967654619604542,0.02601104891326635,0.1669986628735024,0.04230439301284203,27.424,25.5155,24.360000000000003,2,22,4,27.812512631814272,25.736732742126012,77.22095671981776,1.506554527656366,0.8836415944648203,30.901585288671562,20.129414711328437,0.019649864492058258,0.0404818349201008,0.03755598411028514,35317145.0,1.9102928098150687,0.0,0.0,-1,0.0,0,19.9685352622062,-0.13312950517105285,0.014971078598162563,0.24560790970594637,0.31665164793121797,0.6426292068849422,0.12928176795580115,0.3867028493894167,0.26314203023906946,0.03652968036529672,0.0
2026-04-23,30.91,30.66,0.025485410431677968,0.0383188643021366,0.029624399670148616,0.19002420634744982,0.008120882700356791,28.011000000000003,25.9715,24.613999999999997,3,23,4,28.375692153302584,26.07049192005337,80.43478260869566,1.673134078612204,1.041540091294297,31.569613498031647,20.37338650196835,0.017405744670302807,0.03986102030644018,0.037435453349923715,36717525.0,1.7643443641278183,0.0,0.0,-1,-0.407243,1,19.9685352622062,-0.14142565225519566,-0.0019569471624265727,0.8300412325584766,0.33842673970829945,0.6327740804168184,0.11588447653429612,0.4185406149609914,0.5930420750873608,0.046263345195729645,-0.407243
